2026-10-06 08:29:07,393 INFO o.a.j.u.JMeterUtils: Setting Locale to en_EN
2026-10-06 08:29:07,413 INFO o.a.j.JMeter: Loading user properties from: /opt/jmeter/bin/user.properties
2026-10-06 08:29:07,414 INFO o.a.j.JMeter: Loading system properties from: /opt/jmeter/bin/system.properties
2026-10-06 08:29:07,414 INFO o.a.j.JMeter: Loading additional properties from: /tests/run.properties
2026-10-06 08:29:07,414 INFO o.a.j.JMeter: Loading additional properties from: /tests/data/ranges.properties
2026-10-06 08:29:07,415 INFO o.a.j.JMeter: Setting JMeter property: host=nestjs-nginx
2026-10-06 08:29:07,415 INFO o.a.j.JMeter: Setting JMeter property: port=80
2026-10-06 08:29:07,415 INFO o.a.j.JMeter: Setting JMeter property: rampup=10
2026-10-06 08:29:07,415 INFO o.a.j.JMeter: Setting JMeter property: endpoint=EP7
2026-10-06 08:29:07,415 INFO o.a.j.JMeter: Setting JMeter property: users=500
2026-10-06 08:29:07,415 INFO o.a.j.JMeter: Setting JMeter property: duration=60
2026-10-06 08:29:07,419 INFO o.a.j.JMeter: Copyright (c) 1998-2024 The Apache Software Foundation
2026-10-06 08:29:07,419 INFO o.a.j.JMeter: Version 5.6.3
2026-10-06 08:29:07,419 INFO o.a.j.JMeter: java.version=21.0.12.1
2026-10-06 08:29:07,419 INFO o.a.j.JMeter: java.vm.name=OpenJDK 64-Bit Server VM
2026-10-06 08:29:07,420 INFO o.a.j.JMeter: os.name=Linux
2026-10-06 08:29:07,420 INFO o.a.j.JMeter: os.arch=amd64
2026-10-06 08:29:07,420 INFO o.a.j.JMeter: os.version=6.6.87.2-microsoft-standard-WSL2
2026-10-06 08:29:07,420 INFO o.a.j.JMeter: file.encoding=UTF-8
2026-10-06 08:29:07,420 INFO o.a.j.JMeter: java.awt.headless=true
2026-10-06 08:29:07,420 INFO o.a.j.JMeter: Max memory     =4294967296
2026-10-06 08:29:07,420 INFO o.a.j.JMeter: Available Processors =12
2026-10-06 08:29:07,429 INFO o.a.j.JMeter: Default Locale=English (EN)
2026-10-06 08:29:07,430 INFO o.a.j.JMeter: JMeter  Locale=English (EN)
2026-10-06 08:29:07,430 INFO o.a.j.JMeter: JMeterHome=/opt/jmeter
2026-10-06 08:29:07,430 INFO o.a.j.JMeter: user.dir  =/tests
2026-10-06 08:29:07,430 INFO o.a.j.JMeter: PWD       =/tests
2026-10-06 08:29:07,430 INFO o.a.j.JMeter: IP: 172.19.0.5 Name: dba765334add FullName: dba765334add
2026-10-06 08:29:07,440 INFO o.a.j.s.FileServer: Default base='/tests'
2026-10-06 08:29:07,441 INFO o.a.j.s.FileServer: Set new base='/tests'
2026-10-06 08:29:07,597 INFO o.a.j.s.SaveService: Testplan (JMX) version: 2.2. Testlog (JTL) version: 2.2
2026-10-06 08:29:07,620 INFO o.a.j.s.SaveService: Using SaveService properties version 5.0
2026-10-06 08:29:07,623 INFO o.a.j.s.SaveService: Using SaveService properties file encoding UTF-8
2026-10-06 08:29:07,626 INFO o.a.j.s.SaveService: Loading file: /tests/s2.jmx
2026-10-06 08:29:07,672 INFO o.a.j.p.h.s.HTTPSamplerBase: Parser for text/html is org.apache.jmeter.protocol.http.parser.LagartoBasedHtmlParser
2026-10-06 08:29:07,672 INFO o.a.j.p.h.s.HTTPSamplerBase: Parser for application/xhtml+xml is org.apache.jmeter.protocol.http.parser.LagartoBasedHtmlParser
2026-10-06 08:29:07,672 INFO o.a.j.p.h.s.HTTPSamplerBase: Parser for application/xml is org.apache.jmeter.protocol.http.parser.LagartoBasedHtmlParser
2026-10-06 08:29:07,672 INFO o.a.j.p.h.s.HTTPSamplerBase: Parser for text/xml is org.apache.jmeter.protocol.http.parser.LagartoBasedHtmlParser
2026-10-06 08:29:07,672 INFO o.a.j.p.h.s.HTTPSamplerBase: Parser for text/vnd.wap.wml is org.apache.jmeter.protocol.http.parser.RegexpHTMLParser
2026-10-06 08:29:07,672 INFO o.a.j.p.h.s.HTTPSamplerBase: Parser for text/css is org.apache.jmeter.protocol.http.parser.CssParser
2026-10-06 08:29:07,718 INFO o.a.j.JMeter: Creating summariser <summary>
2026-10-06 08:29:07,734 INFO o.a.j.e.StandardJMeterEngine: Running the test!
2026-10-06 08:29:07,735 INFO o.a.j.s.SampleEvent: List of sample_variables: []
2026-10-06 08:29:07,735 INFO o.a.j.s.SampleEvent: List of sample_variables: []
2026-10-06 08:29:07,740 INFO o.a.j.e.u.CompoundVariable: Note: Function class names must contain the string: '.functions.'
2026-10-06 08:29:07,740 INFO o.a.j.e.u.CompoundVariable: Note: Function class names must not contain the string: '.gui.'
2026-10-06 08:29:07,951 INFO o.a.j.JMeter: Running test (1791275347951)
2026-10-06 08:29:07,952 INFO o.a.j.e.StandardJMeterEngine: Starting setUp thread groups
2026-10-06 08:29:07,952 INFO o.a.j.e.StandardJMeterEngine: Starting setUp ThreadGroup: 1 : setUp - login 
2026-10-06 08:29:07,952 INFO o.a.j.e.StandardJMeterEngine: Starting 1 threads for group setUp - login.
2026-10-06 08:29:07,953 INFO o.a.j.e.StandardJMeterEngine: Test will stop abruptly on error
2026-10-06 08:29:07,953 INFO o.a.j.t.ThreadGroup: Starting thread group... number=1 threads=1 ramp-up=1 delayedStart=false
2026-10-06 08:29:07,956 INFO o.a.j.t.ThreadGroup: Started thread group number 1
2026-10-06 08:29:07,956 INFO o.a.j.e.StandardJMeterEngine: Waiting for all setup thread groups to exit
2026-10-06 08:29:07,957 INFO o.a.j.t.JMeterThread: Thread started: setUp - login 1-1
2026-10-06 08:29:07,968 INFO o.a.j.p.h.s.HTTPHCAbstractImpl: Local host = dba765334add
2026-10-06 08:29:07,972 INFO o.a.j.p.h.s.HTTPHC4Impl: HTTP request retry count = 0
2026-10-06 08:29:07,973 INFO o.a.j.s.SampleResult: Note: Sample TimeStamps are START times
2026-10-06 08:29:07,973 INFO o.a.j.s.SampleResult: sampleresult.default.encoding is set to UTF-8
2026-10-06 08:29:07,973 INFO o.a.j.s.SampleResult: sampleresult.useNanoTime=true
2026-10-06 08:29:07,974 INFO o.a.j.s.SampleResult: sampleresult.nanoThreadSleep=5000
2026-10-06 08:29:08,693 INFO o.a.j.t.JMeterThread: Thread is done: setUp - login 1-1
2026-10-06 08:29:08,693 INFO o.a.j.t.JMeterThread: Thread finished: setUp - login 1-1
2026-10-06 08:29:08,694 INFO o.a.j.e.StandardJMeterEngine: All Setup Threads have ended
2026-10-06 08:29:08,717 INFO o.a.j.e.StandardJMeterEngine: Starting ThreadGroup: 1 : S2
2026-10-06 08:29:08,717 INFO o.a.j.e.StandardJMeterEngine: Starting 500 threads for group S2.
2026-10-06 08:29:08,717 INFO o.a.j.e.StandardJMeterEngine: Thread will continue on error
2026-10-06 08:29:08,718 INFO o.a.j.t.ThreadGroup: Starting thread group... number=1 threads=500 ramp-up=10 delayedStart=false
2026-10-06 08:29:08,729 INFO o.a.j.t.JMeterThread: Thread started: S2 1-1
2026-10-06 08:29:08,730 INFO o.a.j.s.FileServer: Stored: /tests/data/available_menu_items.csv
2026-10-06 08:29:08,748 INFO o.a.j.t.JMeterThread: Thread started: S2 1-2
2026-10-06 08:29:08,767 INFO o.a.j.t.JMeterThread: Thread started: S2 1-3
2026-10-06 08:29:08,785 INFO o.a.j.t.JMeterThread: Thread started: S2 1-4
2026-10-06 08:29:08,805 INFO o.a.j.t.JMeterThread: Thread started: S2 1-5
2026-10-06 08:29:08,823 INFO o.a.j.t.JMeterThread: Thread started: S2 1-6
2026-10-06 08:29:08,842 INFO o.a.j.t.JMeterThread: Thread started: S2 1-7
2026-10-06 08:29:08,863 INFO o.a.j.t.JMeterThread: Thread started: S2 1-8
2026-10-06 08:29:08,881 INFO o.a.j.t.JMeterThread: Thread started: S2 1-9
2026-10-06 08:29:08,901 INFO o.a.j.t.JMeterThread: Thread started: S2 1-10
2026-10-06 08:29:08,920 INFO o.a.j.t.JMeterThread: Thread started: S2 1-11
2026-10-06 08:29:08,940 INFO o.a.j.t.JMeterThread: Thread started: S2 1-12
2026-10-06 08:29:08,960 INFO o.a.j.t.JMeterThread: Thread started: S2 1-13
2026-10-06 08:29:08,979 INFO o.a.j.t.JMeterThread: Thread started: S2 1-14
2026-10-06 08:29:09,000 INFO o.a.j.t.JMeterThread: Thread started: S2 1-15
2026-10-06 08:29:09,020 INFO o.a.j.t.JMeterThread: Thread started: S2 1-16
2026-10-06 08:29:09,039 INFO o.a.j.t.ThreadGroup: Started thread group number 1
2026-10-06 08:29:09,039 INFO o.a.j.e.StandardJMeterEngine: All thread groups have been started
2026-10-06 08:29:09,040 INFO o.a.j.t.JMeterThread: Thread started: S2 1-17
2026-10-06 08:29:09,059 INFO o.a.j.t.JMeterThread: Thread started: S2 1-18
2026-10-06 08:29:09,081 INFO o.a.j.t.JMeterThread: Thread started: S2 1-19
2026-10-06 08:29:09,099 INFO o.a.j.t.JMeterThread: Thread started: S2 1-20
2026-10-06 08:29:09,120 INFO o.a.j.t.JMeterThread: Thread started: S2 1-21
2026-10-06 08:29:09,139 INFO o.a.j.t.JMeterThread: Thread started: S2 1-22
2026-10-06 08:29:09,159 INFO o.a.j.t.JMeterThread: Thread started: S2 1-23
2026-10-06 08:29:09,180 INFO o.a.j.t.JMeterThread: Thread started: S2 1-24
2026-10-06 08:29:09,200 INFO o.a.j.t.JMeterThread: Thread started: S2 1-25
2026-10-06 08:29:09,219 INFO o.a.j.t.JMeterThread: Thread started: S2 1-26
2026-10-06 08:29:09,240 INFO o.a.j.t.JMeterThread: Thread started: S2 1-27
2026-10-06 08:29:09,259 INFO o.a.j.t.JMeterThread: Thread started: S2 1-28
2026-10-06 08:29:09,279 INFO o.a.j.t.JMeterThread: Thread started: S2 1-29
2026-10-06 08:29:09,299 INFO o.a.j.t.JMeterThread: Thread started: S2 1-30
2026-10-06 08:29:09,319 INFO o.a.j.t.JMeterThread: Thread started: S2 1-31
2026-10-06 08:29:09,339 INFO o.a.j.t.JMeterThread: Thread started: S2 1-32
2026-10-06 08:29:09,360 INFO o.a.j.t.JMeterThread: Thread started: S2 1-33
2026-10-06 08:29:09,379 INFO o.a.j.t.JMeterThread: Thread started: S2 1-34
2026-10-06 08:29:09,399 INFO o.a.j.t.JMeterThread: Thread started: S2 1-35
2026-10-06 08:29:09,420 INFO o.a.j.t.JMeterThread: Thread started: S2 1-36
2026-10-06 08:29:09,439 INFO o.a.j.t.JMeterThread: Thread started: S2 1-37
2026-10-06 08:29:09,459 INFO o.a.j.t.JMeterThread: Thread started: S2 1-38
2026-10-06 08:29:09,481 INFO o.a.j.t.JMeterThread: Thread started: S2 1-39
2026-10-06 08:29:09,499 INFO o.a.j.t.JMeterThread: Thread started: S2 1-40
2026-10-06 08:29:09,519 INFO o.a.j.t.JMeterThread: Thread started: S2 1-41
2026-10-06 08:29:09,539 INFO o.a.j.t.JMeterThread: Thread started: S2 1-42
2026-10-06 08:29:09,559 INFO o.a.j.t.JMeterThread: Thread started: S2 1-43
2026-10-06 08:29:09,579 INFO o.a.j.t.JMeterThread: Thread started: S2 1-44
2026-10-06 08:29:09,599 INFO o.a.j.t.JMeterThread: Thread started: S2 1-45
2026-10-06 08:29:09,619 INFO o.a.j.t.JMeterThread: Thread started: S2 1-46
2026-10-06 08:29:09,640 INFO o.a.j.t.JMeterThread: Thread started: S2 1-47
2026-10-06 08:29:09,661 INFO o.a.j.t.JMeterThread: Thread started: S2 1-48
2026-10-06 08:29:09,679 INFO o.a.j.t.JMeterThread: Thread started: S2 1-49
2026-10-06 08:29:09,699 INFO o.a.j.t.JMeterThread: Thread started: S2 1-50
2026-10-06 08:29:09,719 INFO o.a.j.t.JMeterThread: Thread started: S2 1-51
2026-10-06 08:29:09,739 INFO o.a.j.t.JMeterThread: Thread started: S2 1-52
2026-10-06 08:29:09,759 INFO o.a.j.t.JMeterThread: Thread started: S2 1-53
2026-10-06 08:29:09,779 INFO o.a.j.t.JMeterThread: Thread started: S2 1-54
2026-10-06 08:29:09,800 INFO o.a.j.t.JMeterThread: Thread started: S2 1-55
2026-10-06 08:29:09,819 INFO o.a.j.t.JMeterThread: Thread started: S2 1-56
2026-10-06 08:29:09,839 INFO o.a.j.t.JMeterThread: Thread started: S2 1-57
2026-10-06 08:29:09,859 INFO o.a.j.t.JMeterThread: Thread started: S2 1-58
2026-10-06 08:29:09,879 INFO o.a.j.t.JMeterThread: Thread started: S2 1-59
2026-10-06 08:29:09,899 INFO o.a.j.t.JMeterThread: Thread started: S2 1-60
2026-10-06 08:29:09,919 INFO o.a.j.t.JMeterThread: Thread started: S2 1-61
2026-10-06 08:29:09,939 INFO o.a.j.t.JMeterThread: Thread started: S2 1-62
2026-10-06 08:29:09,959 INFO o.a.j.t.JMeterThread: Thread started: S2 1-63
2026-10-06 08:29:09,979 INFO o.a.j.t.JMeterThread: Thread started: S2 1-64
2026-10-06 08:29:09,999 INFO o.a.j.t.JMeterThread: Thread started: S2 1-65
2026-10-06 08:29:10,019 INFO o.a.j.t.JMeterThread: Thread started: S2 1-66
2026-10-06 08:29:10,038 INFO o.a.j.t.JMeterThread: Thread started: S2 1-67
2026-10-06 08:29:10,061 INFO o.a.j.t.JMeterThread: Thread started: S2 1-68
2026-10-06 08:29:10,079 INFO o.a.j.t.JMeterThread: Thread started: S2 1-69
2026-10-06 08:29:10,116 INFO o.a.j.t.JMeterThread: Thread started: S2 1-70
2026-10-06 08:29:10,119 INFO o.a.j.t.JMeterThread: Thread started: S2 1-71
2026-10-06 08:29:10,140 INFO o.a.j.t.JMeterThread: Thread started: S2 1-72
2026-10-06 08:29:10,158 INFO o.a.j.t.JMeterThread: Thread started: S2 1-73
2026-10-06 08:29:10,180 INFO o.a.j.t.JMeterThread: Thread started: S2 1-74
2026-10-06 08:29:10,198 INFO o.a.j.t.JMeterThread: Thread started: S2 1-75
2026-10-06 08:29:10,219 INFO o.a.j.t.JMeterThread: Thread started: S2 1-76
2026-10-06 08:29:10,241 INFO o.a.j.t.JMeterThread: Thread started: S2 1-77
2026-10-06 08:29:10,259 INFO o.a.j.t.JMeterThread: Thread started: S2 1-78
2026-10-06 08:29:10,279 INFO o.a.j.t.JMeterThread: Thread started: S2 1-79
2026-10-06 08:29:10,299 INFO o.a.j.t.JMeterThread: Thread started: S2 1-80
2026-10-06 08:29:10,319 INFO o.a.j.t.JMeterThread: Thread started: S2 1-81
2026-10-06 08:29:10,339 INFO o.a.j.t.JMeterThread: Thread started: S2 1-82
2026-10-06 08:29:10,360 INFO o.a.j.t.JMeterThread: Thread started: S2 1-83
2026-10-06 08:29:10,382 INFO o.a.j.t.JMeterThread: Thread started: S2 1-84
2026-10-06 08:29:10,398 INFO o.a.j.t.JMeterThread: Thread started: S2 1-85
2026-10-06 08:29:10,419 INFO o.a.j.t.JMeterThread: Thread started: S2 1-86
2026-10-06 08:29:10,440 INFO o.a.j.t.JMeterThread: Thread started: S2 1-87
2026-10-06 08:29:10,459 INFO o.a.j.t.JMeterThread: Thread started: S2 1-88
2026-10-06 08:29:10,480 INFO o.a.j.t.JMeterThread: Thread started: S2 1-89
2026-10-06 08:29:10,499 INFO o.a.j.t.JMeterThread: Thread started: S2 1-90
2026-10-06 08:29:10,520 INFO o.a.j.t.JMeterThread: Thread started: S2 1-91
2026-10-06 08:29:10,539 INFO o.a.j.t.JMeterThread: Thread started: S2 1-92
2026-10-06 08:29:10,559 INFO o.a.j.t.JMeterThread: Thread started: S2 1-93
2026-10-06 08:29:10,579 INFO o.a.j.t.JMeterThread: Thread started: S2 1-94
2026-10-06 08:29:10,603 INFO o.a.j.t.JMeterThread: Thread started: S2 1-95
2026-10-06 08:29:10,619 INFO o.a.j.t.JMeterThread: Thread started: S2 1-96
2026-10-06 08:29:10,639 INFO o.a.j.t.JMeterThread: Thread started: S2 1-97
2026-10-06 08:29:10,658 INFO o.a.j.t.JMeterThread: Thread started: S2 1-98
2026-10-06 08:29:10,679 INFO o.a.j.t.JMeterThread: Thread started: S2 1-99
2026-10-06 08:29:10,700 INFO o.a.j.t.JMeterThread: Thread started: S2 1-100
2026-10-06 08:29:10,720 INFO o.a.j.t.JMeterThread: Thread started: S2 1-101
2026-10-06 08:29:10,739 INFO o.a.j.t.JMeterThread: Thread started: S2 1-102
2026-10-06 08:29:10,759 INFO o.a.j.t.JMeterThread: Thread started: S2 1-103
2026-10-06 08:29:10,779 INFO o.a.j.t.JMeterThread: Thread started: S2 1-104
2026-10-06 08:29:10,799 INFO o.a.j.t.JMeterThread: Thread started: S2 1-105
2026-10-06 08:29:10,819 INFO o.a.j.t.JMeterThread: Thread started: S2 1-106
2026-10-06 08:29:10,839 INFO o.a.j.t.JMeterThread: Thread started: S2 1-107
2026-10-06 08:29:10,859 INFO o.a.j.t.JMeterThread: Thread started: S2 1-108
2026-10-06 08:29:10,879 INFO o.a.j.t.JMeterThread: Thread started: S2 1-109
2026-10-06 08:29:10,899 INFO o.a.j.t.JMeterThread: Thread started: S2 1-110
2026-10-06 08:29:10,919 INFO o.a.j.t.JMeterThread: Thread started: S2 1-111
2026-10-06 08:29:10,939 INFO o.a.j.t.JMeterThread: Thread started: S2 1-112
2026-10-06 08:29:10,960 INFO o.a.j.t.JMeterThread: Thread started: S2 1-113
2026-10-06 08:29:10,978 INFO o.a.j.t.JMeterThread: Thread started: S2 1-114
2026-10-06 08:29:11,000 INFO o.a.j.t.JMeterThread: Thread started: S2 1-115
2026-10-06 08:29:11,018 INFO o.a.j.t.JMeterThread: Thread started: S2 1-116
2026-10-06 08:29:11,039 INFO o.a.j.t.JMeterThread: Thread started: S2 1-117
2026-10-06 08:29:11,058 INFO o.a.j.t.JMeterThread: Thread started: S2 1-118
2026-10-06 08:29:11,079 INFO o.a.j.t.JMeterThread: Thread started: S2 1-119
2026-10-06 08:29:11,099 INFO o.a.j.t.JMeterThread: Thread started: S2 1-120
2026-10-06 08:29:11,119 INFO o.a.j.t.JMeterThread: Thread started: S2 1-121
2026-10-06 08:29:11,139 INFO o.a.j.t.JMeterThread: Thread started: S2 1-122
2026-10-06 08:29:11,160 INFO o.a.j.t.JMeterThread: Thread started: S2 1-123
2026-10-06 08:29:11,179 INFO o.a.j.t.JMeterThread: Thread started: S2 1-124
2026-10-06 08:29:11,199 INFO o.a.j.t.JMeterThread: Thread started: S2 1-125
2026-10-06 08:29:11,220 INFO o.a.j.t.JMeterThread: Thread started: S2 1-126
2026-10-06 08:29:11,239 INFO o.a.j.t.JMeterThread: Thread started: S2 1-127
2026-10-06 08:29:11,259 INFO o.a.j.t.JMeterThread: Thread started: S2 1-128
2026-10-06 08:29:11,279 INFO o.a.j.t.JMeterThread: Thread started: S2 1-129
2026-10-06 08:29:11,299 INFO o.a.j.t.JMeterThread: Thread started: S2 1-130
2026-10-06 08:29:11,318 INFO o.a.j.t.JMeterThread: Thread started: S2 1-131
2026-10-06 08:29:11,339 INFO o.a.j.t.JMeterThread: Thread started: S2 1-132
2026-10-06 08:29:11,359 INFO o.a.j.t.JMeterThread: Thread started: S2 1-133
2026-10-06 08:29:11,380 INFO o.a.j.t.JMeterThread: Thread started: S2 1-134
2026-10-06 08:29:11,399 INFO o.a.j.t.JMeterThread: Thread started: S2 1-135
2026-10-06 08:29:11,419 INFO o.a.j.t.JMeterThread: Thread started: S2 1-136
2026-10-06 08:29:11,455 INFO o.a.j.t.JMeterThread: Thread started: S2 1-137
2026-10-06 08:29:11,459 INFO o.a.j.t.JMeterThread: Thread started: S2 1-138
2026-10-06 08:29:11,480 INFO o.a.j.t.JMeterThread: Thread started: S2 1-139
2026-10-06 08:29:11,499 INFO o.a.j.t.JMeterThread: Thread started: S2 1-140
2026-10-06 08:29:11,519 INFO o.a.j.t.JMeterThread: Thread started: S2 1-141
2026-10-06 08:29:11,539 INFO o.a.j.t.JMeterThread: Thread started: S2 1-142
2026-10-06 08:29:11,560 INFO o.a.j.t.JMeterThread: Thread started: S2 1-143
2026-10-06 08:29:11,580 INFO o.a.j.t.JMeterThread: Thread started: S2 1-144
2026-10-06 08:29:11,599 INFO o.a.j.t.JMeterThread: Thread started: S2 1-145
2026-10-06 08:29:11,619 INFO o.a.j.t.JMeterThread: Thread started: S2 1-146
2026-10-06 08:29:11,639 INFO o.a.j.t.JMeterThread: Thread started: S2 1-147
2026-10-06 08:29:11,658 INFO o.a.j.t.JMeterThread: Thread started: S2 1-148
2026-10-06 08:29:11,679 INFO o.a.j.t.JMeterThread: Thread started: S2 1-149
2026-10-06 08:29:11,699 INFO o.a.j.t.JMeterThread: Thread started: S2 1-150
2026-10-06 08:29:11,719 INFO o.a.j.t.JMeterThread: Thread started: S2 1-151
2026-10-06 08:29:11,739 INFO o.a.j.t.JMeterThread: Thread started: S2 1-152
2026-10-06 08:29:11,759 INFO o.a.j.t.JMeterThread: Thread started: S2 1-153
2026-10-06 08:29:11,779 INFO o.a.j.t.JMeterThread: Thread started: S2 1-154
2026-10-06 08:29:11,799 INFO o.a.j.t.JMeterThread: Thread started: S2 1-155
2026-10-06 08:29:11,820 INFO o.a.j.t.JMeterThread: Thread started: S2 1-156
2026-10-06 08:29:11,840 INFO o.a.j.t.JMeterThread: Thread started: S2 1-157
2026-10-06 08:29:11,859 INFO o.a.j.t.JMeterThread: Thread started: S2 1-158
2026-10-06 08:29:11,879 INFO o.a.j.t.JMeterThread: Thread started: S2 1-159
2026-10-06 08:29:11,900 INFO o.a.j.t.JMeterThread: Thread started: S2 1-160
2026-10-06 08:29:11,920 INFO o.a.j.t.JMeterThread: Thread started: S2 1-161
2026-10-06 08:29:11,939 INFO o.a.j.t.JMeterThread: Thread started: S2 1-162
2026-10-06 08:29:11,959 INFO o.a.j.t.JMeterThread: Thread started: S2 1-163
2026-10-06 08:29:11,981 INFO o.a.j.t.JMeterThread: Thread started: S2 1-164
2026-10-06 08:29:11,999 INFO o.a.j.t.JMeterThread: Thread started: S2 1-165
2026-10-06 08:29:12,019 INFO o.a.j.t.JMeterThread: Thread started: S2 1-166
2026-10-06 08:29:12,039 INFO o.a.j.t.JMeterThread: Thread started: S2 1-167
2026-10-06 08:29:12,059 INFO o.a.j.t.JMeterThread: Thread started: S2 1-168
2026-10-06 08:29:12,081 INFO o.a.j.t.JMeterThread: Thread started: S2 1-169
2026-10-06 08:29:12,100 INFO o.a.j.t.JMeterThread: Thread started: S2 1-170
2026-10-06 08:29:12,120 INFO o.a.j.t.JMeterThread: Thread started: S2 1-171
2026-10-06 08:29:12,138 INFO o.a.j.t.JMeterThread: Thread started: S2 1-172
2026-10-06 08:29:12,159 INFO o.a.j.t.JMeterThread: Thread started: S2 1-173
2026-10-06 08:29:12,180 INFO o.a.j.t.JMeterThread: Thread started: S2 1-174
2026-10-06 08:29:12,200 INFO o.a.j.t.JMeterThread: Thread started: S2 1-175
2026-10-06 08:29:12,218 INFO o.a.j.t.JMeterThread: Thread started: S2 1-176
2026-10-06 08:29:12,239 INFO o.a.j.t.JMeterThread: Thread started: S2 1-177
2026-10-06 08:29:12,258 INFO o.a.j.t.JMeterThread: Thread started: S2 1-178
2026-10-06 08:29:12,280 INFO o.a.j.t.JMeterThread: Thread started: S2 1-179
2026-10-06 08:29:12,299 INFO o.a.j.t.JMeterThread: Thread started: S2 1-180
2026-10-06 08:29:12,321 INFO o.a.j.t.JMeterThread: Thread started: S2 1-181
2026-10-06 08:29:12,339 INFO o.a.j.t.JMeterThread: Thread started: S2 1-182
2026-10-06 08:29:12,359 INFO o.a.j.t.JMeterThread: Thread started: S2 1-183
2026-10-06 08:29:12,379 INFO o.a.j.t.JMeterThread: Thread started: S2 1-184
2026-10-06 08:29:12,400 INFO o.a.j.t.JMeterThread: Thread started: S2 1-185
2026-10-06 08:29:12,420 INFO o.a.j.t.JMeterThread: Thread started: S2 1-186
2026-10-06 08:29:12,443 INFO o.a.j.t.JMeterThread: Thread started: S2 1-187
2026-10-06 08:29:12,459 INFO o.a.j.t.JMeterThread: Thread started: S2 1-188
2026-10-06 08:29:12,481 INFO o.a.j.t.JMeterThread: Thread started: S2 1-189
2026-10-06 08:29:12,499 INFO o.a.j.t.JMeterThread: Thread started: S2 1-190
2026-10-06 08:29:12,519 INFO o.a.j.t.JMeterThread: Thread started: S2 1-191
2026-10-06 08:29:12,540 INFO o.a.j.t.JMeterThread: Thread started: S2 1-192
2026-10-06 08:29:12,563 INFO o.a.j.t.JMeterThread: Thread started: S2 1-193
2026-10-06 08:29:12,579 INFO o.a.j.t.JMeterThread: Thread started: S2 1-194
2026-10-06 08:29:12,600 INFO o.a.j.t.JMeterThread: Thread started: S2 1-195
2026-10-06 08:29:12,620 INFO o.a.j.t.JMeterThread: Thread started: S2 1-196
2026-10-06 08:29:12,646 INFO o.a.j.t.JMeterThread: Thread started: S2 1-197
2026-10-06 08:29:12,666 INFO o.a.j.t.JMeterThread: Thread started: S2 1-198
2026-10-06 08:29:12,684 INFO o.a.j.t.JMeterThread: Thread started: S2 1-199
2026-10-06 08:29:12,700 INFO o.a.j.t.JMeterThread: Thread started: S2 1-200
2026-10-06 08:29:12,718 INFO o.a.j.t.JMeterThread: Thread started: S2 1-201
2026-10-06 08:29:12,740 INFO o.a.j.t.JMeterThread: Thread started: S2 1-202
2026-10-06 08:29:12,760 INFO o.a.j.t.JMeterThread: Thread started: S2 1-203
2026-10-06 08:29:12,779 INFO o.a.j.t.JMeterThread: Thread started: S2 1-204
2026-10-06 08:29:12,800 INFO o.a.j.t.JMeterThread: Thread started: S2 1-205
2026-10-06 08:29:12,821 INFO o.a.j.t.JMeterThread: Thread started: S2 1-206
2026-10-06 08:29:12,839 INFO o.a.j.t.JMeterThread: Thread started: S2 1-207
2026-10-06 08:29:12,859 INFO o.a.j.t.JMeterThread: Thread started: S2 1-208
2026-10-06 08:29:12,880 INFO o.a.j.t.JMeterThread: Thread started: S2 1-209
2026-10-06 08:29:12,898 INFO o.a.j.t.JMeterThread: Thread started: S2 1-210
2026-10-06 08:29:12,919 INFO o.a.j.t.JMeterThread: Thread started: S2 1-211
2026-10-06 08:29:12,939 INFO o.a.j.t.JMeterThread: Thread started: S2 1-212
2026-10-06 08:29:12,959 INFO o.a.j.t.JMeterThread: Thread started: S2 1-213
2026-10-06 08:29:12,979 INFO o.a.j.t.JMeterThread: Thread started: S2 1-214
2026-10-06 08:29:12,999 INFO o.a.j.t.JMeterThread: Thread started: S2 1-215
2026-10-06 08:29:13,019 INFO o.a.j.t.JMeterThread: Thread started: S2 1-216
2026-10-06 08:29:13,041 INFO o.a.j.t.JMeterThread: Thread started: S2 1-217
2026-10-06 08:29:13,059 INFO o.a.j.t.JMeterThread: Thread started: S2 1-218
2026-10-06 08:29:13,081 INFO o.a.j.t.JMeterThread: Thread started: S2 1-219
2026-10-06 08:29:13,099 INFO o.a.j.t.JMeterThread: Thread started: S2 1-220
2026-10-06 08:29:13,120 INFO o.a.j.t.JMeterThread: Thread started: S2 1-221
2026-10-06 08:29:13,139 INFO o.a.j.t.JMeterThread: Thread started: S2 1-222
2026-10-06 08:29:13,158 INFO o.a.j.t.JMeterThread: Thread started: S2 1-223
2026-10-06 08:29:13,179 INFO o.a.j.t.JMeterThread: Thread started: S2 1-224
2026-10-06 08:29:13,199 INFO o.a.j.t.JMeterThread: Thread started: S2 1-225
2026-10-06 08:29:13,219 INFO o.a.j.t.JMeterThread: Thread started: S2 1-226
2026-10-06 08:29:13,239 INFO o.a.j.t.JMeterThread: Thread started: S2 1-227
2026-10-06 08:29:13,260 INFO o.a.j.t.JMeterThread: Thread started: S2 1-228
2026-10-06 08:29:13,279 INFO o.a.j.t.JMeterThread: Thread started: S2 1-229
2026-10-06 08:29:13,299 INFO o.a.j.t.JMeterThread: Thread started: S2 1-230
2026-10-06 08:29:13,319 INFO o.a.j.t.JMeterThread: Thread started: S2 1-231
2026-10-06 08:29:13,342 INFO o.a.j.t.JMeterThread: Thread started: S2 1-232
2026-10-06 08:29:13,359 INFO o.a.j.t.JMeterThread: Thread started: S2 1-233
2026-10-06 08:29:13,381 INFO o.a.j.t.JMeterThread: Thread started: S2 1-234
2026-10-06 08:29:13,399 INFO o.a.j.t.JMeterThread: Thread started: S2 1-235
2026-10-06 08:29:13,418 INFO o.a.j.t.JMeterThread: Thread started: S2 1-236
2026-10-06 08:29:13,439 INFO o.a.j.t.JMeterThread: Thread started: S2 1-237
2026-10-06 08:29:13,459 INFO o.a.j.t.JMeterThread: Thread started: S2 1-238
2026-10-06 08:29:13,480 INFO o.a.j.t.JMeterThread: Thread started: S2 1-239
2026-10-06 08:29:13,502 INFO o.a.j.t.JMeterThread: Thread started: S2 1-240
2026-10-06 08:29:13,518 INFO o.a.j.t.JMeterThread: Thread started: S2 1-241
2026-10-06 08:29:13,539 INFO o.a.j.t.JMeterThread: Thread started: S2 1-242
2026-10-06 08:29:13,559 INFO o.a.j.t.JMeterThread: Thread started: S2 1-243
2026-10-06 08:29:13,581 INFO o.a.j.t.JMeterThread: Thread started: S2 1-244
2026-10-06 08:29:13,599 INFO o.a.j.t.JMeterThread: Thread started: S2 1-245
2026-10-06 08:29:13,619 INFO o.a.j.t.JMeterThread: Thread started: S2 1-246
2026-10-06 08:29:13,639 INFO o.a.j.t.JMeterThread: Thread started: S2 1-247
2026-10-06 08:29:13,658 INFO o.a.j.t.JMeterThread: Thread started: S2 1-248
2026-10-06 08:29:13,680 INFO o.a.j.t.JMeterThread: Thread started: S2 1-249
2026-10-06 08:29:13,699 INFO o.a.j.t.JMeterThread: Thread started: S2 1-250
2026-10-06 08:29:13,719 INFO o.a.j.t.JMeterThread: Thread started: S2 1-251
2026-10-06 08:29:13,740 INFO o.a.j.t.JMeterThread: Thread started: S2 1-252
2026-10-06 08:29:13,760 INFO o.a.j.t.JMeterThread: Thread started: S2 1-253
2026-10-06 08:29:13,779 INFO o.a.j.t.JMeterThread: Thread started: S2 1-254
2026-10-06 08:29:13,799 INFO o.a.j.t.JMeterThread: Thread started: S2 1-255
2026-10-06 08:29:13,819 INFO o.a.j.t.JMeterThread: Thread started: S2 1-256
2026-10-06 08:29:13,838 INFO o.a.j.t.JMeterThread: Thread started: S2 1-257
2026-10-06 08:29:13,860 INFO o.a.j.t.JMeterThread: Thread started: S2 1-258
2026-10-06 08:29:13,879 INFO o.a.j.t.JMeterThread: Thread started: S2 1-259
2026-10-06 08:29:13,899 INFO o.a.j.t.JMeterThread: Thread started: S2 1-260
2026-10-06 08:29:13,918 INFO o.a.j.t.JMeterThread: Thread started: S2 1-261
2026-10-06 08:29:13,940 INFO o.a.j.t.JMeterThread: Thread started: S2 1-262
2026-10-06 08:29:13,959 INFO o.a.j.t.JMeterThread: Thread started: S2 1-263
2026-10-06 08:29:13,980 INFO o.a.j.t.JMeterThread: Thread started: S2 1-264
2026-10-06 08:29:13,998 INFO o.a.j.t.JMeterThread: Thread started: S2 1-265
2026-10-06 08:29:14,019 INFO o.a.j.t.JMeterThread: Thread started: S2 1-266
2026-10-06 08:29:14,043 INFO o.a.j.t.JMeterThread: Thread started: S2 1-267
2026-10-06 08:29:14,059 INFO o.a.j.t.JMeterThread: Thread started: S2 1-268
2026-10-06 08:29:14,080 INFO o.a.j.t.JMeterThread: Thread started: S2 1-269
2026-10-06 08:29:14,100 INFO o.a.j.t.JMeterThread: Thread started: S2 1-270
2026-10-06 08:29:14,119 INFO o.a.j.t.JMeterThread: Thread started: S2 1-271
2026-10-06 08:29:14,139 INFO o.a.j.t.JMeterThread: Thread started: S2 1-272
2026-10-06 08:29:14,159 INFO o.a.j.t.JMeterThread: Thread started: S2 1-273
2026-10-06 08:29:14,178 INFO o.a.j.t.JMeterThread: Thread started: S2 1-274
2026-10-06 08:29:14,203 INFO o.a.j.t.JMeterThread: Thread started: S2 1-275
2026-10-06 08:29:14,219 INFO o.a.j.t.JMeterThread: Thread started: S2 1-276
2026-10-06 08:29:14,239 INFO o.a.j.t.JMeterThread: Thread started: S2 1-277
2026-10-06 08:29:14,259 INFO o.a.j.t.JMeterThread: Thread started: S2 1-278
2026-10-06 08:29:14,278 INFO o.a.j.t.JMeterThread: Thread started: S2 1-279
2026-10-06 08:29:14,299 INFO o.a.j.t.JMeterThread: Thread started: S2 1-280
2026-10-06 08:29:14,335 INFO o.a.j.t.JMeterThread: Thread started: S2 1-281
2026-10-06 08:29:14,340 INFO o.a.j.t.JMeterThread: Thread started: S2 1-282
2026-10-06 08:29:14,361 INFO o.a.j.t.JMeterThread: Thread started: S2 1-283
2026-10-06 08:29:14,379 INFO o.a.j.t.JMeterThread: Thread started: S2 1-284
2026-10-06 08:29:14,399 INFO o.a.j.t.JMeterThread: Thread started: S2 1-285
2026-10-06 08:29:14,420 INFO o.a.j.t.JMeterThread: Thread started: S2 1-286
2026-10-06 08:29:14,439 INFO o.a.j.t.JMeterThread: Thread started: S2 1-287
2026-10-06 08:29:14,460 INFO o.a.j.t.JMeterThread: Thread started: S2 1-288
2026-10-06 08:29:14,479 INFO o.a.j.t.JMeterThread: Thread started: S2 1-289
2026-10-06 08:29:14,498 INFO o.a.j.t.JMeterThread: Thread started: S2 1-290
2026-10-06 08:29:14,519 INFO o.a.j.t.JMeterThread: Thread started: S2 1-291
2026-10-06 08:29:14,539 INFO o.a.j.t.JMeterThread: Thread started: S2 1-292
2026-10-06 08:29:14,560 INFO o.a.j.t.JMeterThread: Thread started: S2 1-293
2026-10-06 08:29:14,579 INFO o.a.j.t.JMeterThread: Thread started: S2 1-294
2026-10-06 08:29:14,600 INFO o.a.j.t.JMeterThread: Thread started: S2 1-295
2026-10-06 08:29:14,619 INFO o.a.j.t.JMeterThread: Thread started: S2 1-296
2026-10-06 08:29:14,638 INFO o.a.j.t.JMeterThread: Thread started: S2 1-297
2026-10-06 08:29:14,660 INFO o.a.j.t.JMeterThread: Thread started: S2 1-298
2026-10-06 08:29:14,680 INFO o.a.j.t.JMeterThread: Thread started: S2 1-299
2026-10-06 08:29:14,702 INFO o.a.j.t.JMeterThread: Thread started: S2 1-300
2026-10-06 08:29:14,719 INFO o.a.j.t.JMeterThread: Thread started: S2 1-301
2026-10-06 08:29:14,740 INFO o.a.j.t.JMeterThread: Thread started: S2 1-302
2026-10-06 08:29:14,760 INFO o.a.j.t.JMeterThread: Thread started: S2 1-303
2026-10-06 08:29:14,779 INFO o.a.j.t.JMeterThread: Thread started: S2 1-304
2026-10-06 08:29:14,799 INFO o.a.j.t.JMeterThread: Thread started: S2 1-305
2026-10-06 08:29:14,822 INFO o.a.j.t.JMeterThread: Thread started: S2 1-306
2026-10-06 08:29:14,841 INFO o.a.j.t.JMeterThread: Thread started: S2 1-307
2026-10-06 08:29:14,860 INFO o.a.j.t.JMeterThread: Thread started: S2 1-308
2026-10-06 08:29:14,880 INFO o.a.j.t.JMeterThread: Thread started: S2 1-309
2026-10-06 08:29:14,904 INFO o.a.j.t.JMeterThread: Thread started: S2 1-310
2026-10-06 08:29:14,920 INFO o.a.j.t.JMeterThread: Thread started: S2 1-311
2026-10-06 08:29:14,938 INFO o.a.j.t.JMeterThread: Thread started: S2 1-312
2026-10-06 08:29:14,961 INFO o.a.j.t.JMeterThread: Thread started: S2 1-313
2026-10-06 08:29:14,979 INFO o.a.j.t.JMeterThread: Thread started: S2 1-314
2026-10-06 08:29:15,000 INFO o.a.j.t.JMeterThread: Thread started: S2 1-315
2026-10-06 08:29:15,019 INFO o.a.j.t.JMeterThread: Thread started: S2 1-316
2026-10-06 08:29:15,039 INFO o.a.j.t.JMeterThread: Thread started: S2 1-317
2026-10-06 08:29:15,059 INFO o.a.j.t.JMeterThread: Thread started: S2 1-318
2026-10-06 08:29:15,079 INFO o.a.j.t.JMeterThread: Thread started: S2 1-319
2026-10-06 08:29:15,099 INFO o.a.j.t.JMeterThread: Thread started: S2 1-320
2026-10-06 08:29:15,119 INFO o.a.j.t.JMeterThread: Thread started: S2 1-321
2026-10-06 08:29:15,143 INFO o.a.j.t.JMeterThread: Thread started: S2 1-322
2026-10-06 08:29:15,163 INFO o.a.j.t.JMeterThread: Thread started: S2 1-323
2026-10-06 08:29:15,179 INFO o.a.j.t.JMeterThread: Thread started: S2 1-324
2026-10-06 08:29:15,199 INFO o.a.j.t.JMeterThread: Thread started: S2 1-325
2026-10-06 08:29:15,218 INFO o.a.j.t.JMeterThread: Thread started: S2 1-326
2026-10-06 08:29:15,239 INFO o.a.j.t.JMeterThread: Thread started: S2 1-327
2026-10-06 08:29:15,263 INFO o.a.j.t.JMeterThread: Thread started: S2 1-328
2026-10-06 08:29:15,279 INFO o.a.j.t.JMeterThread: Thread started: S2 1-329
2026-10-06 08:29:15,300 INFO o.a.j.t.JMeterThread: Thread started: S2 1-330
2026-10-06 08:29:15,320 INFO o.a.j.t.JMeterThread: Thread started: S2 1-331
2026-10-06 08:29:15,340 INFO o.a.j.t.JMeterThread: Thread started: S2 1-332
2026-10-06 08:29:15,359 INFO o.a.j.t.JMeterThread: Thread started: S2 1-333
2026-10-06 08:29:15,379 INFO o.a.j.t.JMeterThread: Thread started: S2 1-334
2026-10-06 08:29:15,398 INFO o.a.j.t.JMeterThread: Thread started: S2 1-335
2026-10-06 08:29:15,420 INFO o.a.j.t.JMeterThread: Thread started: S2 1-336
2026-10-06 08:29:15,439 INFO o.a.j.t.JMeterThread: Thread started: S2 1-337
2026-10-06 08:29:15,458 INFO o.a.j.t.JMeterThread: Thread started: S2 1-338
2026-10-06 08:29:15,483 INFO o.a.j.t.JMeterThread: Thread started: S2 1-339
2026-10-06 08:29:15,498 INFO o.a.j.t.JMeterThread: Thread started: S2 1-340
2026-10-06 08:29:15,519 INFO o.a.j.t.JMeterThread: Thread started: S2 1-341
2026-10-06 08:29:15,539 INFO o.a.j.t.JMeterThread: Thread started: S2 1-342
2026-10-06 08:29:15,559 INFO o.a.j.t.JMeterThread: Thread started: S2 1-343
2026-10-06 08:29:15,584 INFO o.a.j.t.JMeterThread: Thread started: S2 1-344
2026-10-06 08:29:15,600 INFO o.a.j.t.JMeterThread: Thread started: S2 1-345
2026-10-06 08:29:15,619 INFO o.a.j.t.JMeterThread: Thread started: S2 1-346
2026-10-06 08:29:15,639 INFO o.a.j.t.JMeterThread: Thread started: S2 1-347
2026-10-06 08:29:15,660 INFO o.a.j.t.JMeterThread: Thread started: S2 1-348
2026-10-06 08:29:15,679 INFO o.a.j.t.JMeterThread: Thread started: S2 1-349
2026-10-06 08:29:15,699 INFO o.a.j.t.JMeterThread: Thread started: S2 1-350
2026-10-06 08:29:15,719 INFO o.a.j.t.JMeterThread: Thread started: S2 1-351
2026-10-06 08:29:15,740 INFO o.a.j.t.JMeterThread: Thread started: S2 1-352
2026-10-06 08:29:15,760 INFO o.a.j.t.JMeterThread: Thread started: S2 1-353
2026-10-06 08:29:15,782 INFO o.a.j.t.JMeterThread: Thread started: S2 1-354
2026-10-06 08:29:15,801 INFO o.a.j.t.JMeterThread: Thread started: S2 1-355
2026-10-06 08:29:15,822 INFO o.a.j.t.JMeterThread: Thread started: S2 1-356
2026-10-06 08:29:15,842 INFO o.a.j.t.JMeterThread: Thread started: S2 1-357
2026-10-06 08:29:15,860 INFO o.a.j.t.JMeterThread: Thread started: S2 1-358
2026-10-06 08:29:15,879 INFO o.a.j.t.JMeterThread: Thread started: S2 1-359
2026-10-06 08:29:15,899 INFO o.a.j.t.JMeterThread: Thread started: S2 1-360
2026-10-06 08:29:15,919 INFO o.a.j.t.JMeterThread: Thread started: S2 1-361
2026-10-06 08:29:15,939 INFO o.a.j.t.JMeterThread: Thread started: S2 1-362
2026-10-06 08:29:15,959 INFO o.a.j.t.JMeterThread: Thread started: S2 1-363
2026-10-06 08:29:15,982 INFO o.a.j.t.JMeterThread: Thread started: S2 1-364
2026-10-06 08:29:15,999 INFO o.a.j.t.JMeterThread: Thread started: S2 1-365
2026-10-06 08:29:16,018 INFO o.a.j.t.JMeterThread: Thread started: S2 1-366
2026-10-06 08:29:16,039 INFO o.a.j.t.JMeterThread: Thread started: S2 1-367
2026-10-06 08:29:16,059 INFO o.a.j.t.JMeterThread: Thread started: S2 1-368
2026-10-06 08:29:16,079 INFO o.a.j.t.JMeterThread: Thread started: S2 1-369
2026-10-06 08:29:16,100 INFO o.a.j.t.JMeterThread: Thread started: S2 1-370
2026-10-06 08:29:16,119 INFO o.a.j.t.JMeterThread: Thread started: S2 1-371
2026-10-06 08:29:16,139 INFO o.a.j.t.JMeterThread: Thread started: S2 1-372
2026-10-06 08:29:16,159 INFO o.a.j.t.JMeterThread: Thread started: S2 1-373
2026-10-06 08:29:16,179 INFO o.a.j.t.JMeterThread: Thread started: S2 1-374
2026-10-06 08:29:16,199 INFO o.a.j.t.JMeterThread: Thread started: S2 1-375
2026-10-06 08:29:16,220 INFO o.a.j.t.JMeterThread: Thread started: S2 1-376
2026-10-06 08:29:16,242 INFO o.a.j.t.JMeterThread: Thread started: S2 1-377
2026-10-06 08:29:16,260 INFO o.a.j.t.JMeterThread: Thread started: S2 1-378
2026-10-06 08:29:16,279 INFO o.a.j.t.JMeterThread: Thread started: S2 1-379
2026-10-06 08:29:16,299 INFO o.a.j.t.JMeterThread: Thread started: S2 1-380
2026-10-06 08:29:16,321 INFO o.a.j.t.JMeterThread: Thread started: S2 1-381
2026-10-06 08:29:16,339 INFO o.a.j.t.JMeterThread: Thread started: S2 1-382
2026-10-06 08:29:16,359 INFO o.a.j.t.JMeterThread: Thread started: S2 1-383
2026-10-06 08:29:16,379 INFO o.a.j.t.JMeterThread: Thread started: S2 1-384
2026-10-06 08:29:16,399 INFO o.a.j.t.JMeterThread: Thread started: S2 1-385
2026-10-06 08:29:16,419 INFO o.a.j.t.JMeterThread: Thread started: S2 1-386
2026-10-06 08:29:16,438 INFO o.a.j.t.JMeterThread: Thread started: S2 1-387
2026-10-06 08:29:16,459 INFO o.a.j.t.JMeterThread: Thread started: S2 1-388
2026-10-06 08:29:16,478 INFO o.a.j.t.JMeterThread: Thread started: S2 1-389
2026-10-06 08:29:16,499 INFO o.a.j.t.JMeterThread: Thread started: S2 1-390
2026-10-06 08:29:16,519 INFO o.a.j.t.JMeterThread: Thread started: S2 1-391
2026-10-06 08:29:16,539 INFO o.a.j.t.JMeterThread: Thread started: S2 1-392
2026-10-06 08:29:16,559 INFO o.a.j.t.JMeterThread: Thread started: S2 1-393
2026-10-06 08:29:16,579 INFO o.a.j.t.JMeterThread: Thread started: S2 1-394
2026-10-06 08:29:16,599 INFO o.a.j.t.JMeterThread: Thread started: S2 1-395
2026-10-06 08:29:16,619 INFO o.a.j.t.JMeterThread: Thread started: S2 1-396
2026-10-06 08:29:16,639 INFO o.a.j.t.JMeterThread: Thread started: S2 1-397
2026-10-06 08:29:16,658 INFO o.a.j.t.JMeterThread: Thread started: S2 1-398
2026-10-06 08:29:16,679 INFO o.a.j.t.JMeterThread: Thread started: S2 1-399
2026-10-06 08:29:16,698 INFO o.a.j.t.JMeterThread: Thread started: S2 1-400
2026-10-06 08:29:16,719 INFO o.a.j.t.JMeterThread: Thread started: S2 1-401
2026-10-06 08:29:16,739 INFO o.a.j.t.JMeterThread: Thread started: S2 1-402
2026-10-06 08:29:16,759 INFO o.a.j.t.JMeterThread: Thread started: S2 1-403
2026-10-06 08:29:16,780 INFO o.a.j.t.JMeterThread: Thread started: S2 1-404
2026-10-06 08:29:16,799 INFO o.a.j.t.JMeterThread: Thread started: S2 1-405
2026-10-06 08:29:16,820 INFO o.a.j.t.JMeterThread: Thread started: S2 1-406
2026-10-06 08:29:16,840 INFO o.a.j.t.JMeterThread: Thread started: S2 1-407
2026-10-06 08:29:16,859 INFO o.a.j.t.JMeterThread: Thread started: S2 1-408
2026-10-06 08:29:16,879 INFO o.a.j.t.JMeterThread: Thread started: S2 1-409
2026-10-06 08:29:16,899 INFO o.a.j.t.JMeterThread: Thread started: S2 1-410
2026-10-06 08:29:16,920 INFO o.a.j.t.JMeterThread: Thread started: S2 1-411
2026-10-06 08:29:16,940 INFO o.a.j.t.JMeterThread: Thread started: S2 1-412
2026-10-06 08:29:16,959 INFO o.a.j.t.JMeterThread: Thread started: S2 1-413
2026-10-06 08:29:16,979 INFO o.a.j.t.JMeterThread: Thread started: S2 1-414
2026-10-06 08:29:16,999 INFO o.a.j.t.JMeterThread: Thread started: S2 1-415
2026-10-06 08:29:17,019 INFO o.a.j.t.JMeterThread: Thread started: S2 1-416
2026-10-06 08:29:17,040 INFO o.a.j.t.JMeterThread: Thread started: S2 1-417
2026-10-06 08:29:17,059 INFO o.a.j.t.JMeterThread: Thread started: S2 1-418
2026-10-06 08:29:17,080 INFO o.a.j.t.JMeterThread: Thread started: S2 1-419
2026-10-06 08:29:17,099 INFO o.a.j.t.JMeterThread: Thread started: S2 1-420
2026-10-06 08:29:17,119 INFO o.a.j.t.JMeterThread: Thread started: S2 1-421
2026-10-06 08:29:17,139 INFO o.a.j.t.JMeterThread: Thread started: S2 1-422
2026-10-06 08:29:17,160 INFO o.a.j.t.JMeterThread: Thread started: S2 1-423
2026-10-06 08:29:17,180 INFO o.a.j.t.JMeterThread: Thread started: S2 1-424
2026-10-06 08:29:17,199 INFO o.a.j.t.JMeterThread: Thread started: S2 1-425
2026-10-06 08:29:17,219 INFO o.a.j.t.JMeterThread: Thread started: S2 1-426
2026-10-06 08:29:17,241 INFO o.a.j.t.JMeterThread: Thread started: S2 1-427
2026-10-06 08:29:17,258 INFO o.a.j.t.JMeterThread: Thread started: S2 1-428
2026-10-06 08:29:17,279 INFO o.a.j.t.JMeterThread: Thread started: S2 1-429
2026-10-06 08:29:17,299 INFO o.a.j.t.JMeterThread: Thread started: S2 1-430
2026-10-06 08:29:17,319 INFO o.a.j.t.JMeterThread: Thread started: S2 1-431
2026-10-06 08:29:17,339 INFO o.a.j.t.JMeterThread: Thread started: S2 1-432
2026-10-06 08:29:17,359 INFO o.a.j.t.JMeterThread: Thread started: S2 1-433
2026-10-06 08:29:17,380 INFO o.a.j.t.JMeterThread: Thread started: S2 1-434
2026-10-06 08:29:17,398 INFO o.a.j.t.JMeterThread: Thread started: S2 1-435
2026-10-06 08:29:17,419 INFO o.a.j.t.JMeterThread: Thread started: S2 1-436
2026-10-06 08:29:17,439 INFO o.a.j.t.JMeterThread: Thread started: S2 1-437
2026-10-06 08:29:17,460 INFO o.a.j.t.JMeterThread: Thread started: S2 1-438
2026-10-06 08:29:17,481 INFO o.a.j.t.JMeterThread: Thread started: S2 1-439
2026-10-06 08:29:17,498 INFO o.a.j.t.JMeterThread: Thread started: S2 1-440
2026-10-06 08:29:17,520 INFO o.a.j.t.JMeterThread: Thread started: S2 1-441
2026-10-06 08:29:17,542 INFO o.a.j.t.JMeterThread: Thread started: S2 1-442
2026-10-06 08:29:17,560 INFO o.a.j.t.JMeterThread: Thread started: S2 1-443
2026-10-06 08:29:17,580 INFO o.a.j.t.JMeterThread: Thread started: S2 1-444
2026-10-06 08:29:17,602 INFO o.a.j.t.JMeterThread: Thread started: S2 1-445
2026-10-06 08:29:17,620 INFO o.a.j.t.JMeterThread: Thread started: S2 1-446
2026-10-06 08:29:17,641 INFO o.a.j.t.JMeterThread: Thread started: S2 1-447
2026-10-06 08:29:17,659 INFO o.a.j.t.JMeterThread: Thread started: S2 1-448
2026-10-06 08:29:17,679 INFO o.a.j.t.JMeterThread: Thread started: S2 1-449
2026-10-06 08:29:17,699 INFO o.a.j.t.JMeterThread: Thread started: S2 1-450
2026-10-06 08:29:17,720 INFO o.a.j.t.JMeterThread: Thread started: S2 1-451
2026-10-06 08:29:17,740 INFO o.a.j.t.JMeterThread: Thread started: S2 1-452
2026-10-06 08:29:17,760 INFO o.a.j.t.JMeterThread: Thread started: S2 1-453
2026-10-06 08:29:17,780 INFO o.a.j.t.JMeterThread: Thread started: S2 1-454
2026-10-06 08:29:17,800 INFO o.a.j.t.JMeterThread: Thread started: S2 1-455
2026-10-06 08:29:17,818 INFO o.a.j.t.JMeterThread: Thread started: S2 1-456
2026-10-06 08:29:17,840 INFO o.a.j.t.JMeterThread: Thread started: S2 1-457
2026-10-06 08:29:17,859 INFO o.a.j.t.JMeterThread: Thread started: S2 1-458
2026-10-06 08:29:17,879 INFO o.a.j.t.JMeterThread: Thread started: S2 1-459
2026-10-06 08:29:17,899 INFO o.a.j.t.JMeterThread: Thread started: S2 1-460
2026-10-06 08:29:17,934 INFO o.a.j.t.JMeterThread: Thread started: S2 1-461
2026-10-06 08:29:17,940 INFO o.a.j.t.JMeterThread: Thread started: S2 1-462
2026-10-06 08:29:17,959 INFO o.a.j.t.JMeterThread: Thread started: S2 1-463
2026-10-06 08:29:17,980 INFO o.a.j.t.JMeterThread: Thread started: S2 1-464
2026-10-06 08:29:17,999 INFO o.a.j.t.JMeterThread: Thread started: S2 1-465
2026-10-06 08:29:18,019 INFO o.a.j.t.JMeterThread: Thread started: S2 1-466
2026-10-06 08:29:18,039 INFO o.a.j.t.JMeterThread: Thread started: S2 1-467
2026-10-06 08:29:18,059 INFO o.a.j.t.JMeterThread: Thread started: S2 1-468
2026-10-06 08:29:18,079 INFO o.a.j.t.JMeterThread: Thread started: S2 1-469
2026-10-06 08:29:18,100 INFO o.a.j.t.JMeterThread: Thread started: S2 1-470
2026-10-06 08:29:18,120 INFO o.a.j.t.JMeterThread: Thread started: S2 1-471
2026-10-06 08:29:18,139 INFO o.a.j.t.JMeterThread: Thread started: S2 1-472
2026-10-06 08:29:18,160 INFO o.a.j.t.JMeterThread: Thread started: S2 1-473
2026-10-06 08:29:18,179 INFO o.a.j.t.JMeterThread: Thread started: S2 1-474
2026-10-06 08:29:18,201 INFO o.a.j.t.JMeterThread: Thread started: S2 1-475
2026-10-06 08:29:18,219 INFO o.a.j.t.JMeterThread: Thread started: S2 1-476
2026-10-06 08:29:18,239 INFO o.a.j.t.JMeterThread: Thread started: S2 1-477
2026-10-06 08:29:18,259 INFO o.a.j.t.JMeterThread: Thread started: S2 1-478
2026-10-06 08:29:18,279 INFO o.a.j.t.JMeterThread: Thread started: S2 1-479
2026-10-06 08:29:18,299 INFO o.a.j.t.JMeterThread: Thread started: S2 1-480
2026-10-06 08:29:18,319 INFO o.a.j.t.JMeterThread: Thread started: S2 1-481
2026-10-06 08:29:18,339 INFO o.a.j.t.JMeterThread: Thread started: S2 1-482
2026-10-06 08:29:18,359 INFO o.a.j.t.JMeterThread: Thread started: S2 1-483
2026-10-06 08:29:18,382 INFO o.a.j.t.JMeterThread: Thread started: S2 1-484
2026-10-06 08:29:18,399 INFO o.a.j.t.JMeterThread: Thread started: S2 1-485
2026-10-06 08:29:18,420 INFO o.a.j.t.JMeterThread: Thread started: S2 1-486
2026-10-06 08:29:18,439 INFO o.a.j.t.JMeterThread: Thread started: S2 1-487
2026-10-06 08:29:18,459 INFO o.a.j.t.JMeterThread: Thread started: S2 1-488
2026-10-06 08:29:18,481 INFO o.a.j.t.JMeterThread: Thread started: S2 1-489
2026-10-06 08:29:18,500 INFO o.a.j.t.JMeterThread: Thread started: S2 1-490
2026-10-06 08:29:18,519 INFO o.a.j.t.JMeterThread: Thread started: S2 1-491
2026-10-06 08:29:18,538 INFO o.a.j.t.JMeterThread: Thread started: S2 1-492
2026-10-06 08:29:18,560 INFO o.a.j.t.JMeterThread: Thread started: S2 1-493
2026-10-06 08:29:18,578 INFO o.a.j.t.JMeterThread: Thread started: S2 1-494
2026-10-06 08:29:18,599 INFO o.a.j.t.JMeterThread: Thread started: S2 1-495
2026-10-06 08:29:18,620 INFO o.a.j.t.JMeterThread: Thread started: S2 1-496
2026-10-06 08:29:18,640 INFO o.a.j.t.JMeterThread: Thread started: S2 1-497
2026-10-06 08:29:18,660 INFO o.a.j.t.JMeterThread: Thread started: S2 1-498
2026-10-06 08:29:18,683 INFO o.a.j.t.JMeterThread: Thread started: S2 1-499
2026-10-06 08:29:18,700 INFO o.a.j.t.JMeterThread: Thread started: S2 1-500
2026-10-06 08:29:30,006 INFO o.a.j.r.Summariser: summary +  40852 in 00:00:22 = 1852.4/s Avg:   214 Min:     3 Max:   534 Err:     1 (0.00%) Active: 500 Started: 500 Finished: 0
2026-10-06 08:30:00,000 INFO o.a.j.r.Summariser: summary +  61310 in 00:00:30 = 2043.9/s Avg:   258 Min:   203 Max:   427 Err:     0 (0.00%) Active: 500 Started: 500 Finished: 0
2026-10-06 08:30:00,001 INFO o.a.j.r.Summariser: summary = 102162 in 00:00:52 = 1962.8/s Avg:   240 Min:     3 Max:   534 Err:     1 (0.00%)
2026-10-06 08:30:08,731 INFO o.a.j.t.JMeterThread: Stopping because end time detected by thread: S2 1-2
2026-10-06 08:30:08,731 INFO o.a.j.t.JMeterThread: Thread finished: S2 1-2
2026-10-06 08:30:08,745 INFO o.a.j.t.JMeterThread: Stopping because end time detected by thread: S2 1-31
2026-10-06 08:30:08,745 INFO o.a.j.t.JMeterThread: Thread finished: S2 1-31
2026-10-06 08:30:08,750 INFO o.a.j.t.JMeterThread: Stopping because end time detected by thread: S2 1-12
2026-10-06 08:30:08,750 INFO o.a.j.t.JMeterThread: Thread finished: S2 1-12
2026-10-06 08:30:08,755 INFO o.a.j.t.JMeterThread: Stopping because end time detected by thread: S2 1-30
2026-10-06 08:30:08,755 INFO o.a.j.t.JMeterThread: Thread finished: S2 1-30
2026-10-06 08:30:08,757 INFO o.a.j.t.JMeterThread: Stopping because end time detected by thread: S2 1-18
2026-10-06 08:30:08,757 INFO o.a.j.t.JMeterThread: Thread finished: S2 1-18
2026-10-06 08:30:08,759 INFO o.a.j.t.JMeterThread: Stopping because end time detected by thread: S2 1-41
2026-10-06 08:30:08,759 INFO o.a.j.t.JMeterThread: Thread finished: S2 1-41
2026-10-06 08:30:08,762 INFO o.a.j.t.JMeterThread: Stopping because end time detected by thread: S2 1-44
2026-10-06 08:30:08,762 INFO o.a.j.t.JMeterThread: Stopping because end time detected by thread: S2 1-54
2026-10-06 08:30:08,762 INFO o.a.j.t.JMeterThread: Thread finished: S2 1-44
2026-10-06 08:30:08,762 INFO o.a.j.t.JMeterThread: Thread finished: S2 1-54
2026-10-06 08:30:08,764 INFO o.a.j.t.JMeterThread: Stopping because end time detected by thread: S2 1-22
2026-10-06 08:30:08,764 INFO o.a.j.t.JMeterThread: Thread finished: S2 1-22
2026-10-06 08:30:08,765 INFO o.a.j.t.JMeterThread: Stopping because end time detected by thread: S2 1-50
2026-10-06 08:30:08,765 INFO o.a.j.t.JMeterThread: Thread finished: S2 1-50
2026-10-06 08:30:08,767 INFO o.a.j.t.JMeterThread: Stopping because end time detected by thread: S2 1-28
2026-10-06 08:30:08,767 INFO o.a.j.t.JMeterThread: Thread finished: S2 1-28
2026-10-06 08:30:08,775 INFO o.a.j.t.JMeterThread: Stopping because end time detected by thread: S2 1-42
2026-10-06 08:30:08,775 INFO o.a.j.t.JMeterThread: Thread finished: S2 1-42
2026-10-06 08:30:08,776 INFO o.a.j.t.JMeterThread: Stopping because end time detected by thread: S2 1-77
2026-10-06 08:30:08,776 INFO o.a.j.t.JMeterThread: Thread finished: S2 1-77
2026-10-06 08:30:08,777 INFO o.a.j.t.JMeterThread: Stopping because end time detected by thread: S2 1-33
2026-10-06 08:30:08,777 INFO o.a.j.t.JMeterThread: Thread finished: S2 1-33
2026-10-06 08:30:08,777 INFO o.a.j.t.JMeterThread: Stopping because end time detected by thread: S2 1-84
2026-10-06 08:30:08,777 INFO o.a.j.t.JMeterThread: Thread finished: S2 1-84
2026-10-06 08:30:08,780 INFO o.a.j.t.JMeterThread: Stopping because end time detected by thread: S2 1-96
2026-10-06 08:30:08,780 INFO o.a.j.t.JMeterThread: Thread finished: S2 1-96
2026-10-06 08:30:08,781 INFO o.a.j.t.JMeterThread: Stopping because end time detected by thread: S2 1-6
2026-10-06 08:30:08,781 INFO o.a.j.t.JMeterThread: Thread finished: S2 1-6
2026-10-06 08:30:08,783 INFO o.a.j.t.JMeterThread: Stopping because end time detected by thread: S2 1-85
2026-10-06 08:30:08,783 INFO o.a.j.t.JMeterThread: Thread finished: S2 1-85
2026-10-06 08:30:08,785 INFO o.a.j.t.JMeterThread: Stopping because end time detected by thread: S2 1-49
2026-10-06 08:30:08,785 INFO o.a.j.t.JMeterThread: Thread finished: S2 1-49
2026-10-06 08:30:08,789 INFO o.a.j.t.JMeterThread: Stopping because end time detected by thread: S2 1-60
2026-10-06 08:30:08,789 INFO o.a.j.t.JMeterThread: Thread finished: S2 1-60
2026-10-06 08:30:08,790 INFO o.a.j.t.JMeterThread: Stopping because end time detected by thread: S2 1-81
2026-10-06 08:30:08,790 INFO o.a.j.t.JMeterThread: Thread finished: S2 1-81
2026-10-06 08:30:08,792 INFO o.a.j.t.JMeterThread: Stopping because end time detected by thread: S2 1-4
2026-10-06 08:30:08,792 INFO o.a.j.t.JMeterThread: Thread finished: S2 1-4
2026-10-06 08:30:08,793 INFO o.a.j.t.JMeterThread: Stopping because end time detected by thread: S2 1-72
2026-10-06 08:30:08,793 INFO o.a.j.t.JMeterThread: Stopping because end time detected by thread: S2 1-9
2026-10-06 08:30:08,793 INFO o.a.j.t.JMeterThread: Thread finished: S2 1-72
2026-10-06 08:30:08,794 INFO o.a.j.t.JMeterThread: Thread finished: S2 1-9
2026-10-06 08:30:08,794 INFO o.a.j.t.JMeterThread: Stopping because end time detected by thread: S2 1-89
2026-10-06 08:30:08,794 INFO o.a.j.t.JMeterThread: Thread finished: S2 1-89
2026-10-06 08:30:08,797 INFO o.a.j.t.JMeterThread: Stopping because end time detected by thread: S2 1-69
2026-10-06 08:30:08,797 INFO o.a.j.t.JMeterThread: Thread finished: S2 1-69
2026-10-06 08:30:08,798 INFO o.a.j.t.JMeterThread: Stopping because end time detected by thread: S2 1-92
2026-10-06 08:30:08,798 INFO o.a.j.t.JMeterThread: Thread finished: S2 1-92
2026-10-06 08:30:08,799 INFO o.a.j.t.JMeterThread: Stopping because end time detected by thread: S2 1-55
2026-10-06 08:30:08,799 INFO o.a.j.t.JMeterThread: Thread finished: S2 1-55
2026-10-06 08:30:08,799 INFO o.a.j.t.JMeterThread: Stopping because end time detected by thread: S2 1-52
2026-10-06 08:30:08,799 INFO o.a.j.t.JMeterThread: Thread finished: S2 1-52
2026-10-06 08:30:08,802 INFO o.a.j.t.JMeterThread: Stopping because end time detected by thread: S2 1-20
2026-10-06 08:30:08,802 INFO o.a.j.t.JMeterThread: Thread finished: S2 1-20
2026-10-06 08:30:08,802 INFO o.a.j.t.JMeterThread: Stopping because end time detected by thread: S2 1-117
2026-10-06 08:30:08,802 INFO o.a.j.t.JMeterThread: Thread finished: S2 1-117
2026-10-06 08:30:08,803 INFO o.a.j.t.JMeterThread: Stopping because end time detected by thread: S2 1-62
2026-10-06 08:30:08,803 INFO o.a.j.t.JMeterThread: Thread finished: S2 1-62
2026-10-06 08:30:08,803 INFO o.a.j.t.JMeterThread: Stopping because end time detected by thread: S2 1-113
2026-10-06 08:30:08,803 INFO o.a.j.t.JMeterThread: Stopping because end time detected by thread: S2 1-101
2026-10-06 08:30:08,803 INFO o.a.j.t.JMeterThread: Thread finished: S2 1-113
2026-10-06 08:30:08,803 INFO o.a.j.t.JMeterThread: Thread finished: S2 1-101
2026-10-06 08:30:08,804 INFO o.a.j.t.JMeterThread: Stopping because end time detected by thread: S2 1-108
2026-10-06 08:30:08,804 INFO o.a.j.t.JMeterThread: Thread finished: S2 1-108
2026-10-06 08:30:08,805 INFO o.a.j.t.JMeterThread: Stopping because end time detected by thread: S2 1-66
2026-10-06 08:30:08,805 INFO o.a.j.t.JMeterThread: Thread finished: S2 1-66
2026-10-06 08:30:08,806 INFO o.a.j.t.JMeterThread: Stopping because end time detected by thread: S2 1-80
2026-10-06 08:30:08,807 INFO o.a.j.t.JMeterThread: Thread finished: S2 1-80
2026-10-06 08:30:08,809 INFO o.a.j.t.JMeterThread: Stopping because end time detected by thread: S2 1-104
2026-10-06 08:30:08,809 INFO o.a.j.t.JMeterThread: Thread finished: S2 1-104
2026-10-06 08:30:08,810 INFO o.a.j.t.JMeterThread: Stopping because end time detected by thread: S2 1-76
2026-10-06 08:30:08,810 INFO o.a.j.t.JMeterThread: Thread finished: S2 1-76
2026-10-06 08:30:08,814 INFO o.a.j.t.JMeterThread: Stopping because end time detected by thread: S2 1-35
2026-10-06 08:30:08,814 INFO o.a.j.t.JMeterThread: Thread finished: S2 1-35
2026-10-06 08:30:08,815 INFO o.a.j.t.JMeterThread: Stopping because end time detected by thread: S2 1-100
2026-10-06 08:30:08,815 INFO o.a.j.t.JMeterThread: Thread finished: S2 1-100
2026-10-06 08:30:08,817 INFO o.a.j.t.JMeterThread: Stopping because end time detected by thread: S2 1-142
2026-10-06 08:30:08,817 INFO o.a.j.t.JMeterThread: Thread finished: S2 1-142
2026-10-06 08:30:08,820 INFO o.a.j.t.JMeterThread: Stopping because end time detected by thread: S2 1-87
2026-10-06 08:30:08,821 INFO o.a.j.t.JMeterThread: Thread finished: S2 1-87
2026-10-06 08:30:08,821 INFO o.a.j.t.JMeterThread: Stopping because end time detected by thread: S2 1-7
2026-10-06 08:30:08,821 INFO o.a.j.t.JMeterThread: Thread finished: S2 1-7
2026-10-06 08:30:08,824 INFO o.a.j.t.JMeterThread: Stopping because end time detected by thread: S2 1-150
2026-10-06 08:30:08,824 INFO o.a.j.t.JMeterThread: Thread finished: S2 1-150
2026-10-06 08:30:08,830 INFO o.a.j.t.JMeterThread: Stopping because end time detected by thread: S2 1-58
2026-10-06 08:30:08,830 INFO o.a.j.t.JMeterThread: Thread finished: S2 1-58
2026-10-06 08:30:08,832 INFO o.a.j.t.JMeterThread: Stopping because end time detected by thread: S2 1-140
2026-10-06 08:30:08,832 INFO o.a.j.t.JMeterThread: Thread finished: S2 1-140
2026-10-06 08:30:08,833 INFO o.a.j.t.JMeterThread: Stopping because end time detected by thread: S2 1-78
2026-10-06 08:30:08,833 INFO o.a.j.t.JMeterThread: Thread finished: S2 1-78
2026-10-06 08:30:08,835 INFO o.a.j.t.JMeterThread: Stopping because end time detected by thread: S2 1-53
2026-10-06 08:30:08,835 INFO o.a.j.t.JMeterThread: Thread finished: S2 1-53
2026-10-06 08:30:08,835 INFO o.a.j.t.JMeterThread: Stopping because end time detected by thread: S2 1-156
2026-10-06 08:30:08,835 INFO o.a.j.t.JMeterThread: Thread finished: S2 1-156
2026-10-06 08:30:08,837 INFO o.a.j.t.JMeterThread: Stopping because end time detected by thread: S2 1-181
2026-10-06 08:30:08,837 INFO o.a.j.t.JMeterThread: Thread finished: S2 1-181
2026-10-06 08:30:08,837 INFO o.a.j.t.JMeterThread: Stopping because end time detected by thread: S2 1-38
2026-10-06 08:30:08,837 INFO o.a.j.t.JMeterThread: Thread finished: S2 1-38
2026-10-06 08:30:08,839 INFO o.a.j.t.JMeterThread: Stopping because end time detected by thread: S2 1-178
2026-10-06 08:30:08,839 INFO o.a.j.t.JMeterThread: Thread finished: S2 1-178
2026-10-06 08:30:08,841 INFO o.a.j.t.JMeterThread: Stopping because end time detected by thread: S2 1-8
2026-10-06 08:30:08,841 INFO o.a.j.t.JMeterThread: Thread finished: S2 1-8
2026-10-06 08:30:08,842 INFO o.a.j.t.JMeterThread: Stopping because end time detected by thread: S2 1-13
2026-10-06 08:30:08,842 INFO o.a.j.t.JMeterThread: Thread finished: S2 1-13
2026-10-06 08:30:08,842 INFO o.a.j.t.JMeterThread: Stopping because end time detected by thread: S2 1-122
2026-10-06 08:30:08,842 INFO o.a.j.t.JMeterThread: Thread finished: S2 1-122
2026-10-06 08:30:08,843 INFO o.a.j.t.JMeterThread: Stopping because end time detected by thread: S2 1-97
2026-10-06 08:30:08,843 INFO o.a.j.t.JMeterThread: Thread finished: S2 1-97
2026-10-06 08:30:08,844 INFO o.a.j.t.JMeterThread: Stopping because end time detected by thread: S2 1-26
2026-10-06 08:30:08,844 INFO o.a.j.t.JMeterThread: Thread finished: S2 1-26
2026-10-06 08:30:08,846 INFO o.a.j.t.JMeterThread: Stopping because end time detected by thread: S2 1-162
2026-10-06 08:30:08,846 INFO o.a.j.t.JMeterThread: Thread finished: S2 1-162
2026-10-06 08:30:08,847 INFO o.a.j.t.JMeterThread: Stopping because end time detected by thread: S2 1-151
2026-10-06 08:30:08,847 INFO o.a.j.t.JMeterThread: Thread finished: S2 1-151
2026-10-06 08:30:08,847 INFO o.a.j.t.JMeterThread: Stopping because end time detected by thread: S2 1-167
2026-10-06 08:30:08,847 INFO o.a.j.t.JMeterThread: Thread finished: S2 1-167
2026-10-06 08:30:08,851 INFO o.a.j.t.JMeterThread: Stopping because end time detected by thread: S2 1-105
2026-10-06 08:30:08,851 INFO o.a.j.t.JMeterThread: Thread finished: S2 1-105
2026-10-06 08:30:08,853 INFO o.a.j.t.JMeterThread: Stopping because end time detected by thread: S2 1-183
2026-10-06 08:30:08,853 INFO o.a.j.t.JMeterThread: Thread finished: S2 1-183
2026-10-06 08:30:08,854 INFO o.a.j.t.JMeterThread: Stopping because end time detected by thread: S2 1-136
2026-10-06 08:30:08,855 INFO o.a.j.t.JMeterThread: Thread finished: S2 1-136
2026-10-06 08:30:08,856 INFO o.a.j.t.JMeterThread: Stopping because end time detected by thread: S2 1-202
2026-10-06 08:30:08,856 INFO o.a.j.t.JMeterThread: Thread finished: S2 1-202
2026-10-06 08:30:08,856 INFO o.a.j.t.JMeterThread: Stopping because end time detected by thread: S2 1-11
2026-10-06 08:30:08,856 INFO o.a.j.t.JMeterThread: Thread finished: S2 1-11
2026-10-06 08:30:08,858 INFO o.a.j.t.JMeterThread: Stopping because end time detected by thread: S2 1-32
2026-10-06 08:30:08,858 INFO o.a.j.t.JMeterThread: Thread finished: S2 1-32
2026-10-06 08:30:08,858 INFO o.a.j.t.JMeterThread: Stopping because end time detected by thread: S2 1-180
2026-10-06 08:30:08,858 INFO o.a.j.t.JMeterThread: Stopping because end time detected by thread: S2 1-211
2026-10-06 08:30:08,858 INFO o.a.j.t.JMeterThread: Thread finished: S2 1-211
2026-10-06 08:30:08,858 INFO o.a.j.t.JMeterThread: Thread finished: S2 1-180
2026-10-06 08:30:08,859 INFO o.a.j.t.JMeterThread: Stopping because end time detected by thread: S2 1-37
2026-10-06 08:30:08,859 INFO o.a.j.t.JMeterThread: Thread finished: S2 1-37
2026-10-06 08:30:08,859 INFO o.a.j.t.JMeterThread: Stopping because end time detected by thread: S2 1-79
2026-10-06 08:30:08,859 INFO o.a.j.t.JMeterThread: Thread finished: S2 1-79
2026-10-06 08:30:08,860 INFO o.a.j.t.JMeterThread: Stopping because end time detected by thread: S2 1-16
2026-10-06 08:30:08,860 INFO o.a.j.t.JMeterThread: Thread finished: S2 1-16
2026-10-06 08:30:08,860 INFO o.a.j.t.JMeterThread: Stopping because end time detected by thread: S2 1-148
2026-10-06 08:30:08,860 INFO o.a.j.t.JMeterThread: Thread finished: S2 1-148
2026-10-06 08:30:08,860 INFO o.a.j.t.JMeterThread: Stopping because end time detected by thread: S2 1-236
2026-10-06 08:30:08,860 INFO o.a.j.t.JMeterThread: Thread finished: S2 1-236
2026-10-06 08:30:08,861 INFO o.a.j.t.JMeterThread: Stopping because end time detected by thread: S2 1-184
2026-10-06 08:30:08,861 INFO o.a.j.t.JMeterThread: Thread finished: S2 1-184
2026-10-06 08:30:08,862 INFO o.a.j.t.JMeterThread: Stopping because end time detected by thread: S2 1-201
2026-10-06 08:30:08,862 INFO o.a.j.t.JMeterThread: Thread finished: S2 1-201
2026-10-06 08:30:08,863 INFO o.a.j.t.JMeterThread: Stopping because end time detected by thread: S2 1-29
2026-10-06 08:30:08,863 INFO o.a.j.t.JMeterThread: Thread finished: S2 1-29
2026-10-06 08:30:08,863 INFO o.a.j.t.JMeterThread: Stopping because end time detected by thread: S2 1-149
2026-10-06 08:30:08,863 INFO o.a.j.t.JMeterThread: Thread finished: S2 1-149
2026-10-06 08:30:08,864 INFO o.a.j.t.JMeterThread: Stopping because end time detected by thread: S2 1-102
2026-10-06 08:30:08,864 INFO o.a.j.t.JMeterThread: Thread finished: S2 1-102
2026-10-06 08:30:08,864 INFO o.a.j.t.JMeterThread: Stopping because end time detected by thread: S2 1-48
2026-10-06 08:30:08,864 INFO o.a.j.t.JMeterThread: Thread finished: S2 1-48
2026-10-06 08:30:08,865 INFO o.a.j.t.JMeterThread: Stopping because end time detected by thread: S2 1-64
2026-10-06 08:30:08,865 INFO o.a.j.t.JMeterThread: Thread finished: S2 1-64
2026-10-06 08:30:08,865 INFO o.a.j.t.JMeterThread: Stopping because end time detected by thread: S2 1-217
2026-10-06 08:30:08,865 INFO o.a.j.t.JMeterThread: Thread finished: S2 1-217
2026-10-06 08:30:08,867 INFO o.a.j.t.JMeterThread: Stopping because end time detected by thread: S2 1-226
2026-10-06 08:30:08,867 INFO o.a.j.t.JMeterThread: Thread finished: S2 1-226
2026-10-06 08:30:08,867 INFO o.a.j.t.JMeterThread: Stopping because end time detected by thread: S2 1-195
2026-10-06 08:30:08,867 INFO o.a.j.t.JMeterThread: Thread finished: S2 1-195
2026-10-06 08:30:08,868 INFO o.a.j.t.JMeterThread: Stopping because end time detected by thread: S2 1-164
2026-10-06 08:30:08,868 INFO o.a.j.t.JMeterThread: Stopping because end time detected by thread: S2 1-134
2026-10-06 08:30:08,868 INFO o.a.j.t.JMeterThread: Thread finished: S2 1-164
2026-10-06 08:30:08,868 INFO o.a.j.t.JMeterThread: Thread finished: S2 1-134
2026-10-06 08:30:08,869 INFO o.a.j.t.JMeterThread: Stopping because end time detected by thread: S2 1-114
2026-10-06 08:30:08,869 INFO o.a.j.t.JMeterThread: Thread finished: S2 1-114
2026-10-06 08:30:08,872 INFO o.a.j.t.JMeterThread: Stopping because end time detected by thread: S2 1-14
2026-10-06 08:30:08,872 INFO o.a.j.t.JMeterThread: Thread finished: S2 1-14
2026-10-06 08:30:08,872 INFO o.a.j.t.JMeterThread: Stopping because end time detected by thread: S2 1-249
2026-10-06 08:30:08,873 INFO o.a.j.t.JMeterThread: Thread finished: S2 1-249
2026-10-06 08:30:08,874 INFO o.a.j.t.JMeterThread: Stopping because end time detected by thread: S2 1-187
2026-10-06 08:30:08,874 INFO o.a.j.t.JMeterThread: Thread finished: S2 1-187
2026-10-06 08:30:08,877 INFO o.a.j.t.JMeterThread: Stopping because end time detected by thread: S2 1-225
2026-10-06 08:30:08,877 INFO o.a.j.t.JMeterThread: Thread finished: S2 1-225
2026-10-06 08:30:08,877 INFO o.a.j.t.JMeterThread: Stopping because end time detected by thread: S2 1-239
2026-10-06 08:30:08,877 INFO o.a.j.t.JMeterThread: Thread finished: S2 1-239
2026-10-06 08:30:08,878 INFO o.a.j.t.JMeterThread: Stopping because end time detected by thread: S2 1-237
2026-10-06 08:30:08,878 INFO o.a.j.t.JMeterThread: Thread finished: S2 1-237
2026-10-06 08:30:08,879 INFO o.a.j.t.JMeterThread: Stopping because end time detected by thread: S2 1-197
2026-10-06 08:30:08,879 INFO o.a.j.t.JMeterThread: Thread finished: S2 1-197
2026-10-06 08:30:08,879 INFO o.a.j.t.JMeterThread: Stopping because end time detected by thread: S2 1-213
2026-10-06 08:30:08,879 INFO o.a.j.t.JMeterThread: Thread finished: S2 1-213
2026-10-06 08:30:08,881 INFO o.a.j.t.JMeterThread: Stopping because end time detected by thread: S2 1-206
2026-10-06 08:30:08,881 INFO o.a.j.t.JMeterThread: Thread finished: S2 1-206
2026-10-06 08:30:08,883 INFO o.a.j.t.JMeterThread: Stopping because end time detected by thread: S2 1-51
2026-10-06 08:30:08,883 INFO o.a.j.t.JMeterThread: Thread finished: S2 1-51
2026-10-06 08:30:08,883 INFO o.a.j.t.JMeterThread: Stopping because end time detected by thread: S2 1-25
2026-10-06 08:30:08,883 INFO o.a.j.t.JMeterThread: Thread finished: S2 1-25
2026-10-06 08:30:08,885 INFO o.a.j.t.JMeterThread: Stopping because end time detected by thread: S2 1-126
2026-10-06 08:30:08,885 INFO o.a.j.t.JMeterThread: Thread finished: S2 1-126
2026-10-06 08:30:08,886 INFO o.a.j.t.JMeterThread: Stopping because end time detected by thread: S2 1-188
2026-10-06 08:30:08,886 INFO o.a.j.t.JMeterThread: Thread finished: S2 1-188
2026-10-06 08:30:08,887 INFO o.a.j.t.JMeterThread: Stopping because end time detected by thread: S2 1-21
2026-10-06 08:30:08,887 INFO o.a.j.t.JMeterThread: Thread finished: S2 1-21
2026-10-06 08:30:08,888 INFO o.a.j.t.JMeterThread: Stopping because end time detected by thread: S2 1-179
2026-10-06 08:30:08,888 INFO o.a.j.t.JMeterThread: Thread finished: S2 1-179
2026-10-06 08:30:08,889 INFO o.a.j.t.JMeterThread: Stopping because end time detected by thread: S2 1-19
2026-10-06 08:30:08,889 INFO o.a.j.t.JMeterThread: Thread finished: S2 1-19
2026-10-06 08:30:08,891 INFO o.a.j.t.JMeterThread: Stopping because end time detected by thread: S2 1-27
2026-10-06 08:30:08,891 INFO o.a.j.t.JMeterThread: Thread finished: S2 1-27
2026-10-06 08:30:08,891 INFO o.a.j.t.JMeterThread: Stopping because end time detected by thread: S2 1-94
2026-10-06 08:30:08,891 INFO o.a.j.t.JMeterThread: Thread finished: S2 1-94
2026-10-06 08:30:08,896 INFO o.a.j.t.JMeterThread: Stopping because end time detected by thread: S2 1-73
2026-10-06 08:30:08,897 INFO o.a.j.t.JMeterThread: Thread finished: S2 1-73
2026-10-06 08:30:08,897 INFO o.a.j.t.JMeterThread: Stopping because end time detected by thread: S2 1-277
2026-10-06 08:30:08,897 INFO o.a.j.t.JMeterThread: Stopping because end time detected by thread: S2 1-268
2026-10-06 08:30:08,897 INFO o.a.j.t.JMeterThread: Thread finished: S2 1-277
2026-10-06 08:30:08,897 INFO o.a.j.t.JMeterThread: Thread finished: S2 1-268
2026-10-06 08:30:08,897 INFO o.a.j.t.JMeterThread: Stopping because end time detected by thread: S2 1-232
2026-10-06 08:30:08,897 INFO o.a.j.t.JMeterThread: Thread finished: S2 1-232
2026-10-06 08:30:08,898 INFO o.a.j.t.JMeterThread: Stopping because end time detected by thread: S2 1-154
2026-10-06 08:30:08,898 INFO o.a.j.t.JMeterThread: Stopping because end time detected by thread: S2 1-252
2026-10-06 08:30:08,898 INFO o.a.j.t.JMeterThread: Thread finished: S2 1-154
2026-10-06 08:30:08,898 INFO o.a.j.t.JMeterThread: Thread finished: S2 1-252
2026-10-06 08:30:08,898 INFO o.a.j.t.JMeterThread: Stopping because end time detected by thread: S2 1-138
2026-10-06 08:30:08,898 INFO o.a.j.t.JMeterThread: Thread finished: S2 1-138
2026-10-06 08:30:08,898 INFO o.a.j.t.JMeterThread: Stopping because end time detected by thread: S2 1-139
2026-10-06 08:30:08,898 INFO o.a.j.t.JMeterThread: Thread finished: S2 1-139
2026-10-06 08:30:08,899 INFO o.a.j.t.JMeterThread: Stopping because end time detected by thread: S2 1-253
2026-10-06 08:30:08,899 INFO o.a.j.t.JMeterThread: Stopping because end time detected by thread: S2 1-61
2026-10-06 08:30:08,899 INFO o.a.j.t.JMeterThread: Thread finished: S2 1-253
2026-10-06 08:30:08,899 INFO o.a.j.t.JMeterThread: Thread finished: S2 1-61
2026-10-06 08:30:08,899 INFO o.a.j.t.JMeterThread: Stopping because end time detected by thread: S2 1-189
2026-10-06 08:30:08,899 INFO o.a.j.t.JMeterThread: Stopping because end time detected by thread: S2 1-15
2026-10-06 08:30:08,899 INFO o.a.j.t.JMeterThread: Thread finished: S2 1-15
2026-10-06 08:30:08,899 INFO o.a.j.t.JMeterThread: Stopping because end time detected by thread: S2 1-147
2026-10-06 08:30:08,899 INFO o.a.j.t.JMeterThread: Thread finished: S2 1-147
2026-10-06 08:30:08,899 INFO o.a.j.t.JMeterThread: Stopping because end time detected by thread: S2 1-106
2026-10-06 08:30:08,900 INFO o.a.j.t.JMeterThread: Stopping because end time detected by thread: S2 1-306
2026-10-06 08:30:08,900 INFO o.a.j.t.JMeterThread: Thread finished: S2 1-106
2026-10-06 08:30:08,900 INFO o.a.j.t.JMeterThread: Thread finished: S2 1-306
2026-10-06 08:30:08,899 INFO o.a.j.t.JMeterThread: Thread finished: S2 1-189
2026-10-06 08:30:08,900 INFO o.a.j.t.JMeterThread: Stopping because end time detected by thread: S2 1-171
2026-10-06 08:30:08,900 INFO o.a.j.t.JMeterThread: Thread finished: S2 1-171
2026-10-06 08:30:08,900 INFO o.a.j.t.JMeterThread: Stopping because end time detected by thread: S2 1-120
2026-10-06 08:30:08,900 INFO o.a.j.t.JMeterThread: Thread finished: S2 1-120
2026-10-06 08:30:08,901 INFO o.a.j.t.JMeterThread: Stopping because end time detected by thread: S2 1-177
2026-10-06 08:30:08,901 INFO o.a.j.t.JMeterThread: Stopping because end time detected by thread: S2 1-133
2026-10-06 08:30:08,902 INFO o.a.j.t.JMeterThread: Thread finished: S2 1-177
2026-10-06 08:30:08,902 INFO o.a.j.t.JMeterThread: Thread finished: S2 1-133
2026-10-06 08:30:08,902 INFO o.a.j.t.JMeterThread: Stopping because end time detected by thread: S2 1-228
2026-10-06 08:30:08,903 INFO o.a.j.t.JMeterThread: Thread finished: S2 1-228
2026-10-06 08:30:08,903 INFO o.a.j.t.JMeterThread: Stopping because end time detected by thread: S2 1-23
2026-10-06 08:30:08,903 INFO o.a.j.t.JMeterThread: Thread finished: S2 1-23
2026-10-06 08:30:08,904 INFO o.a.j.t.JMeterThread: Stopping because end time detected by thread: S2 1-266
2026-10-06 08:30:08,904 INFO o.a.j.t.JMeterThread: Thread finished: S2 1-266
2026-10-06 08:30:08,904 INFO o.a.j.t.JMeterThread: Stopping because end time detected by thread: S2 1-208
2026-10-06 08:30:08,904 INFO o.a.j.t.JMeterThread: Thread finished: S2 1-208
2026-10-06 08:30:08,906 INFO o.a.j.t.JMeterThread: Stopping because end time detected by thread: S2 1-118
2026-10-06 08:30:08,906 INFO o.a.j.t.JMeterThread: Thread finished: S2 1-118
2026-10-06 08:30:08,907 INFO o.a.j.t.JMeterThread: Stopping because end time detected by thread: S2 1-175
2026-10-06 08:30:08,907 INFO o.a.j.t.JMeterThread: Thread finished: S2 1-175
2026-10-06 08:30:08,909 INFO o.a.j.t.JMeterThread: Stopping because end time detected by thread: S2 1-286
2026-10-06 08:30:08,909 INFO o.a.j.t.JMeterThread: Thread finished: S2 1-286
2026-10-06 08:30:08,910 INFO o.a.j.t.JMeterThread: Stopping because end time detected by thread: S2 1-74
2026-10-06 08:30:08,910 INFO o.a.j.t.JMeterThread: Thread finished: S2 1-74
2026-10-06 08:30:08,912 INFO o.a.j.t.JMeterThread: Stopping because end time detected by thread: S2 1-45
2026-10-06 08:30:08,912 INFO o.a.j.t.JMeterThread: Thread finished: S2 1-45
2026-10-06 08:30:08,912 INFO o.a.j.t.JMeterThread: Stopping because end time detected by thread: S2 1-67
2026-10-06 08:30:08,912 INFO o.a.j.t.JMeterThread: Thread finished: S2 1-67
2026-10-06 08:30:08,912 INFO o.a.j.t.JMeterThread: Stopping because end time detected by thread: S2 1-302
2026-10-06 08:30:08,912 INFO o.a.j.t.JMeterThread: Thread finished: S2 1-302
2026-10-06 08:30:08,912 INFO o.a.j.t.JMeterThread: Stopping because end time detected by thread: S2 1-98
2026-10-06 08:30:08,913 INFO o.a.j.t.JMeterThread: Thread finished: S2 1-98
2026-10-06 08:30:08,913 INFO o.a.j.t.JMeterThread: Stopping because end time detected by thread: S2 1-46
2026-10-06 08:30:08,913 INFO o.a.j.t.JMeterThread: Thread finished: S2 1-46
2026-10-06 08:30:08,914 INFO o.a.j.t.JMeterThread: Stopping because end time detected by thread: S2 1-216
2026-10-06 08:30:08,914 INFO o.a.j.t.JMeterThread: Thread finished: S2 1-216
2026-10-06 08:30:08,914 INFO o.a.j.t.JMeterThread: Stopping because end time detected by thread: S2 1-297
2026-10-06 08:30:08,914 INFO o.a.j.t.JMeterThread: Thread finished: S2 1-297
2026-10-06 08:30:08,915 INFO o.a.j.t.JMeterThread: Stopping because end time detected by thread: S2 1-200
2026-10-06 08:30:08,915 INFO o.a.j.t.JMeterThread: Stopping because end time detected by thread: S2 1-293
2026-10-06 08:30:08,915 INFO o.a.j.t.JMeterThread: Thread finished: S2 1-200
2026-10-06 08:30:08,915 INFO o.a.j.t.JMeterThread: Thread finished: S2 1-293
2026-10-06 08:30:08,915 INFO o.a.j.t.JMeterThread: Stopping because end time detected by thread: S2 1-303
2026-10-06 08:30:08,915 INFO o.a.j.t.JMeterThread: Thread finished: S2 1-303
2026-10-06 08:30:08,916 INFO o.a.j.t.JMeterThread: Stopping because end time detected by thread: S2 1-3
2026-10-06 08:30:08,916 INFO o.a.j.t.JMeterThread: Thread finished: S2 1-3
2026-10-06 08:30:08,916 INFO o.a.j.t.JMeterThread: Stopping because end time detected by thread: S2 1-56
2026-10-06 08:30:08,916 INFO o.a.j.t.JMeterThread: Thread finished: S2 1-56
2026-10-06 08:30:08,916 INFO o.a.j.t.JMeterThread: Stopping because end time detected by thread: S2 1-185
2026-10-06 08:30:08,916 INFO o.a.j.t.JMeterThread: Stopping because end time detected by thread: S2 1-82
2026-10-06 08:30:08,916 INFO o.a.j.t.JMeterThread: Thread finished: S2 1-185
2026-10-06 08:30:08,916 INFO o.a.j.t.JMeterThread: Stopping because end time detected by thread: S2 1-267
2026-10-06 08:30:08,916 INFO o.a.j.t.JMeterThread: Thread finished: S2 1-82
2026-10-06 08:30:08,916 INFO o.a.j.t.JMeterThread: Thread finished: S2 1-267
2026-10-06 08:30:08,916 INFO o.a.j.t.JMeterThread: Stopping because end time detected by thread: S2 1-70
2026-10-06 08:30:08,916 INFO o.a.j.t.JMeterThread: Thread finished: S2 1-70
2026-10-06 08:30:08,917 INFO o.a.j.t.JMeterThread: Stopping because end time detected by thread: S2 1-174
2026-10-06 08:30:08,917 INFO o.a.j.t.JMeterThread: Thread finished: S2 1-174
2026-10-06 08:30:08,917 INFO o.a.j.t.JMeterThread: Stopping because end time detected by thread: S2 1-212
2026-10-06 08:30:08,917 INFO o.a.j.t.JMeterThread: Thread finished: S2 1-212
2026-10-06 08:30:08,918 INFO o.a.j.t.JMeterThread: Stopping because end time detected by thread: S2 1-121
2026-10-06 08:30:08,918 INFO o.a.j.t.JMeterThread: Thread finished: S2 1-121
2026-10-06 08:30:08,918 INFO o.a.j.t.JMeterThread: Stopping because end time detected by thread: S2 1-229
2026-10-06 08:30:08,918 INFO o.a.j.t.JMeterThread: Thread finished: S2 1-229
2026-10-06 08:30:08,918 INFO o.a.j.t.JMeterThread: Stopping because end time detected by thread: S2 1-115
2026-10-06 08:30:08,918 INFO o.a.j.t.JMeterThread: Thread finished: S2 1-115
2026-10-06 08:30:08,919 INFO o.a.j.t.JMeterThread: Stopping because end time detected by thread: S2 1-1
2026-10-06 08:30:08,919 INFO o.a.j.t.JMeterThread: Thread finished: S2 1-1
2026-10-06 08:30:08,919 INFO o.a.j.t.JMeterThread: Stopping because end time detected by thread: S2 1-36
2026-10-06 08:30:08,919 INFO o.a.j.t.JMeterThread: Stopping because end time detected by thread: S2 1-59
2026-10-06 08:30:08,919 INFO o.a.j.t.JMeterThread: Thread finished: S2 1-59
2026-10-06 08:30:08,919 INFO o.a.j.t.JMeterThread: Thread finished: S2 1-36
2026-10-06 08:30:08,919 INFO o.a.j.t.JMeterThread: Stopping because end time detected by thread: S2 1-103
2026-10-06 08:30:08,919 INFO o.a.j.t.JMeterThread: Thread finished: S2 1-103
2026-10-06 08:30:08,920 INFO o.a.j.t.JMeterThread: Stopping because end time detected by thread: S2 1-123
2026-10-06 08:30:08,920 INFO o.a.j.t.JMeterThread: Thread finished: S2 1-123
2026-10-06 08:30:08,922 INFO o.a.j.t.JMeterThread: Stopping because end time detected by thread: S2 1-334
2026-10-06 08:30:08,922 INFO o.a.j.t.JMeterThread: Thread finished: S2 1-334
2026-10-06 08:30:08,922 INFO o.a.j.t.JMeterThread: Stopping because end time detected by thread: S2 1-258
2026-10-06 08:30:08,922 INFO o.a.j.t.JMeterThread: Thread finished: S2 1-258
2026-10-06 08:30:08,923 INFO o.a.j.t.JMeterThread: Stopping because end time detected by thread: S2 1-196
2026-10-06 08:30:08,923 INFO o.a.j.t.JMeterThread: Stopping because end time detected by thread: S2 1-132
2026-10-06 08:30:08,923 INFO o.a.j.t.JMeterThread: Thread finished: S2 1-196
2026-10-06 08:30:08,923 INFO o.a.j.t.JMeterThread: Thread finished: S2 1-132
2026-10-06 08:30:08,923 INFO o.a.j.t.JMeterThread: Stopping because end time detected by thread: S2 1-231
2026-10-06 08:30:08,923 INFO o.a.j.t.JMeterThread: Thread finished: S2 1-231
2026-10-06 08:30:08,926 INFO o.a.j.t.JMeterThread: Stopping because end time detected by thread: S2 1-300
2026-10-06 08:30:08,926 INFO o.a.j.t.JMeterThread: Stopping because end time detected by thread: S2 1-153
2026-10-06 08:30:08,926 INFO o.a.j.t.JMeterThread: Thread finished: S2 1-153
2026-10-06 08:30:08,926 INFO o.a.j.t.JMeterThread: Thread finished: S2 1-300
2026-10-06 08:30:08,927 INFO o.a.j.t.JMeterThread: Stopping because end time detected by thread: S2 1-40
2026-10-06 08:30:08,927 INFO o.a.j.t.JMeterThread: Thread finished: S2 1-40
2026-10-06 08:30:08,927 INFO o.a.j.t.JMeterThread: Stopping because end time detected by thread: S2 1-222
2026-10-06 08:30:08,927 INFO o.a.j.t.JMeterThread: Thread finished: S2 1-222
2026-10-06 08:30:08,928 INFO o.a.j.t.JMeterThread: Stopping because end time detected by thread: S2 1-24
2026-10-06 08:30:08,928 INFO o.a.j.t.JMeterThread: Thread finished: S2 1-24
2026-10-06 08:30:08,929 INFO o.a.j.t.JMeterThread: Stopping because end time detected by thread: S2 1-210
2026-10-06 08:30:08,929 INFO o.a.j.t.JMeterThread: Thread finished: S2 1-210
2026-10-06 08:30:08,930 INFO o.a.j.t.JMeterThread: Stopping because end time detected by thread: S2 1-224
2026-10-06 08:30:08,930 INFO o.a.j.t.JMeterThread: Thread finished: S2 1-224
2026-10-06 08:30:08,930 INFO o.a.j.t.JMeterThread: Stopping because end time detected by thread: S2 1-233
2026-10-06 08:30:08,930 INFO o.a.j.t.JMeterThread: Thread finished: S2 1-233
2026-10-06 08:30:08,930 INFO o.a.j.t.JMeterThread: Stopping because end time detected by thread: S2 1-143
2026-10-06 08:30:08,930 INFO o.a.j.t.JMeterThread: Thread finished: S2 1-143
2026-10-06 08:30:08,931 INFO o.a.j.t.JMeterThread: Stopping because end time detected by thread: S2 1-168
2026-10-06 08:30:08,931 INFO o.a.j.t.JMeterThread: Thread finished: S2 1-168
2026-10-06 08:30:08,931 INFO o.a.j.t.JMeterThread: Stopping because end time detected by thread: S2 1-223
2026-10-06 08:30:08,932 INFO o.a.j.t.JMeterThread: Thread finished: S2 1-223
2026-10-06 08:30:08,932 INFO o.a.j.t.JMeterThread: Stopping because end time detected by thread: S2 1-43
2026-10-06 08:30:08,932 INFO o.a.j.t.JMeterThread: Stopping because end time detected by thread: S2 1-75
2026-10-06 08:30:08,932 INFO o.a.j.t.JMeterThread: Thread finished: S2 1-43
2026-10-06 08:30:08,932 INFO o.a.j.t.JMeterThread: Thread finished: S2 1-75
2026-10-06 08:30:08,934 INFO o.a.j.t.JMeterThread: Stopping because end time detected by thread: S2 1-34
2026-10-06 08:30:08,934 INFO o.a.j.t.JMeterThread: Thread finished: S2 1-34
2026-10-06 08:30:08,934 INFO o.a.j.t.JMeterThread: Stopping because end time detected by thread: S2 1-135
2026-10-06 08:30:08,934 INFO o.a.j.t.JMeterThread: Stopping because end time detected by thread: S2 1-348
2026-10-06 08:30:08,934 INFO o.a.j.t.JMeterThread: Thread finished: S2 1-135
2026-10-06 08:30:08,934 INFO o.a.j.t.JMeterThread: Thread finished: S2 1-348
2026-10-06 08:30:08,935 INFO o.a.j.t.JMeterThread: Stopping because end time detected by thread: S2 1-278
2026-10-06 08:30:08,935 INFO o.a.j.t.JMeterThread: Thread finished: S2 1-278
2026-10-06 08:30:08,936 INFO o.a.j.t.JMeterThread: Stopping because end time detected by thread: S2 1-291
2026-10-06 08:30:08,936 INFO o.a.j.t.JMeterThread: Thread finished: S2 1-291
2026-10-06 08:30:08,936 INFO o.a.j.t.JMeterThread: Stopping because end time detected by thread: S2 1-298
2026-10-06 08:30:08,937 INFO o.a.j.t.JMeterThread: Thread finished: S2 1-298
2026-10-06 08:30:08,937 INFO o.a.j.t.JMeterThread: Stopping because end time detected by thread: S2 1-10
2026-10-06 08:30:08,937 INFO o.a.j.t.JMeterThread: Thread finished: S2 1-10
2026-10-06 08:30:08,937 INFO o.a.j.t.JMeterThread: Stopping because end time detected by thread: S2 1-131
2026-10-06 08:30:08,937 INFO o.a.j.t.JMeterThread: Thread finished: S2 1-131
2026-10-06 08:30:08,938 INFO o.a.j.t.JMeterThread: Stopping because end time detected by thread: S2 1-319
2026-10-06 08:30:08,938 INFO o.a.j.t.JMeterThread: Thread finished: S2 1-319
2026-10-06 08:30:08,938 INFO o.a.j.t.JMeterThread: Stopping because end time detected by thread: S2 1-65
2026-10-06 08:30:08,938 INFO o.a.j.t.JMeterThread: Thread finished: S2 1-65
2026-10-06 08:30:08,939 INFO o.a.j.t.JMeterThread: Stopping because end time detected by thread: S2 1-112
2026-10-06 08:30:08,939 INFO o.a.j.t.JMeterThread: Thread finished: S2 1-112
2026-10-06 08:30:08,940 INFO o.a.j.t.JMeterThread: Stopping because end time detected by thread: S2 1-5
2026-10-06 08:30:08,940 INFO o.a.j.t.JMeterThread: Thread finished: S2 1-5
2026-10-06 08:30:08,941 INFO o.a.j.t.JMeterThread: Stopping because end time detected by thread: S2 1-95
2026-10-06 08:30:08,941 INFO o.a.j.t.JMeterThread: Thread finished: S2 1-95
2026-10-06 08:30:08,942 INFO o.a.j.t.JMeterThread: Stopping because end time detected by thread: S2 1-124
2026-10-06 08:30:08,942 INFO o.a.j.t.JMeterThread: Thread finished: S2 1-124
2026-10-06 08:30:08,944 INFO o.a.j.t.JMeterThread: Stopping because end time detected by thread: S2 1-116
2026-10-06 08:30:08,944 INFO o.a.j.t.JMeterThread: Thread finished: S2 1-116
2026-10-06 08:30:08,944 INFO o.a.j.t.JMeterThread: Stopping because end time detected by thread: S2 1-325
2026-10-06 08:30:08,944 INFO o.a.j.t.JMeterThread: Thread finished: S2 1-325
2026-10-06 08:30:08,945 INFO o.a.j.t.JMeterThread: Stopping because end time detected by thread: S2 1-63
2026-10-06 08:30:08,945 INFO o.a.j.t.JMeterThread: Thread finished: S2 1-63
2026-10-06 08:30:08,946 INFO o.a.j.t.JMeterThread: Stopping because end time detected by thread: S2 1-93
2026-10-06 08:30:08,946 INFO o.a.j.t.JMeterThread: Thread finished: S2 1-93
2026-10-06 08:30:08,946 INFO o.a.j.t.JMeterThread: Stopping because end time detected by thread: S2 1-193
2026-10-06 08:30:08,946 INFO o.a.j.t.JMeterThread: Thread finished: S2 1-193
2026-10-06 08:30:08,946 INFO o.a.j.t.JMeterThread: Stopping because end time detected by thread: S2 1-39
2026-10-06 08:30:08,946 INFO o.a.j.t.JMeterThread: Thread finished: S2 1-39
2026-10-06 08:30:08,948 INFO o.a.j.t.JMeterThread: Stopping because end time detected by thread: S2 1-172
2026-10-06 08:30:08,948 INFO o.a.j.t.JMeterThread: Stopping because end time detected by thread: S2 1-169
2026-10-06 08:30:08,948 INFO o.a.j.t.JMeterThread: Thread finished: S2 1-172
2026-10-06 08:30:08,948 INFO o.a.j.t.JMeterThread: Thread finished: S2 1-169
2026-10-06 08:30:08,948 INFO o.a.j.t.JMeterThread: Stopping because end time detected by thread: S2 1-128
2026-10-06 08:30:08,948 INFO o.a.j.t.JMeterThread: Thread finished: S2 1-128
2026-10-06 08:30:08,950 INFO o.a.j.t.JMeterThread: Stopping because end time detected by thread: S2 1-263
2026-10-06 08:30:08,950 INFO o.a.j.t.JMeterThread: Thread finished: S2 1-263
2026-10-06 08:30:08,950 INFO o.a.j.t.JMeterThread: Stopping because end time detected by thread: S2 1-68
2026-10-06 08:30:08,950 INFO o.a.j.t.JMeterThread: Thread finished: S2 1-68
2026-10-06 08:30:08,951 INFO o.a.j.t.JMeterThread: Stopping because end time detected by thread: S2 1-281
2026-10-06 08:30:08,951 INFO o.a.j.t.JMeterThread: Thread finished: S2 1-281
2026-10-06 08:30:08,952 INFO o.a.j.t.JMeterThread: Stopping because end time detected by thread: S2 1-339
2026-10-06 08:30:08,952 INFO o.a.j.t.JMeterThread: Thread finished: S2 1-339
2026-10-06 08:30:08,952 INFO o.a.j.t.JMeterThread: Stopping because end time detected by thread: S2 1-110
2026-10-06 08:30:08,952 INFO o.a.j.t.JMeterThread: Thread finished: S2 1-110
2026-10-06 08:30:08,953 INFO o.a.j.t.JMeterThread: Stopping because end time detected by thread: S2 1-260
2026-10-06 08:30:08,953 INFO o.a.j.t.JMeterThread: Thread finished: S2 1-260
2026-10-06 08:30:08,953 INFO o.a.j.t.JMeterThread: Stopping because end time detected by thread: S2 1-17
2026-10-06 08:30:08,954 INFO o.a.j.t.JMeterThread: Thread finished: S2 1-17
2026-10-06 08:30:08,954 INFO o.a.j.t.JMeterThread: Stopping because end time detected by thread: S2 1-57
2026-10-06 08:30:08,954 INFO o.a.j.t.JMeterThread: Thread finished: S2 1-57
2026-10-06 08:30:08,955 INFO o.a.j.t.JMeterThread: Stopping because end time detected by thread: S2 1-207
2026-10-06 08:30:08,955 INFO o.a.j.t.JMeterThread: Thread finished: S2 1-207
2026-10-06 08:30:08,956 INFO o.a.j.t.JMeterThread: Stopping because end time detected by thread: S2 1-230
2026-10-06 08:30:08,956 INFO o.a.j.t.JMeterThread: Thread finished: S2 1-230
2026-10-06 08:30:08,956 INFO o.a.j.t.JMeterThread: Stopping because end time detected by thread: S2 1-329
2026-10-06 08:30:08,956 INFO o.a.j.t.JMeterThread: Thread finished: S2 1-329
2026-10-06 08:30:08,957 INFO o.a.j.t.JMeterThread: Stopping because end time detected by thread: S2 1-357
2026-10-06 08:30:08,957 INFO o.a.j.t.JMeterThread: Thread finished: S2 1-357
2026-10-06 08:30:08,957 INFO o.a.j.t.JMeterThread: Stopping because end time detected by thread: S2 1-71
2026-10-06 08:30:08,958 INFO o.a.j.t.JMeterThread: Thread finished: S2 1-71
2026-10-06 08:30:08,958 INFO o.a.j.t.JMeterThread: Stopping because end time detected by thread: S2 1-271
2026-10-06 08:30:08,958 INFO o.a.j.t.JMeterThread: Thread finished: S2 1-271
2026-10-06 08:30:08,959 INFO o.a.j.t.JMeterThread: Stopping because end time detected by thread: S2 1-83
2026-10-06 08:30:08,959 INFO o.a.j.t.JMeterThread: Thread finished: S2 1-83
2026-10-06 08:30:08,959 INFO o.a.j.t.JMeterThread: Stopping because end time detected by thread: S2 1-88
2026-10-06 08:30:08,959 INFO o.a.j.t.JMeterThread: Thread finished: S2 1-88
2026-10-06 08:30:08,960 INFO o.a.j.t.JMeterThread: Stopping because end time detected by thread: S2 1-125
2026-10-06 08:30:08,960 INFO o.a.j.t.JMeterThread: Thread finished: S2 1-125
2026-10-06 08:30:08,960 INFO o.a.j.t.JMeterThread: Stopping because end time detected by thread: S2 1-310
2026-10-06 08:30:08,960 INFO o.a.j.t.JMeterThread: Thread finished: S2 1-310
2026-10-06 08:30:08,961 INFO o.a.j.t.JMeterThread: Stopping because end time detected by thread: S2 1-246
2026-10-06 08:30:08,961 INFO o.a.j.t.JMeterThread: Thread finished: S2 1-246
2026-10-06 08:30:08,961 INFO o.a.j.t.JMeterThread: Stopping because end time detected by thread: S2 1-146
2026-10-06 08:30:08,961 INFO o.a.j.t.JMeterThread: Thread finished: S2 1-146
2026-10-06 08:30:08,961 INFO o.a.j.t.JMeterThread: Stopping because end time detected by thread: S2 1-219
2026-10-06 08:30:08,962 INFO o.a.j.t.JMeterThread: Thread finished: S2 1-219
2026-10-06 08:30:08,962 INFO o.a.j.t.JMeterThread: Stopping because end time detected by thread: S2 1-91
2026-10-06 08:30:08,962 INFO o.a.j.t.JMeterThread: Stopping because end time detected by thread: S2 1-47
2026-10-06 08:30:08,962 INFO o.a.j.t.JMeterThread: Thread finished: S2 1-91
2026-10-06 08:30:08,962 INFO o.a.j.t.JMeterThread: Thread finished: S2 1-47
2026-10-06 08:30:08,963 INFO o.a.j.t.JMeterThread: Stopping because end time detected by thread: S2 1-157
2026-10-06 08:30:08,963 INFO o.a.j.t.JMeterThread: Thread finished: S2 1-157
2026-10-06 08:30:08,963 INFO o.a.j.t.JMeterThread: Stopping because end time detected by thread: S2 1-159
2026-10-06 08:30:08,963 INFO o.a.j.t.JMeterThread: Thread finished: S2 1-159
2026-10-06 08:30:08,965 INFO o.a.j.t.JMeterThread: Stopping because end time detected by thread: S2 1-241
2026-10-06 08:30:08,965 INFO o.a.j.t.JMeterThread: Stopping because end time detected by thread: S2 1-243
2026-10-06 08:30:08,965 INFO o.a.j.t.JMeterThread: Thread finished: S2 1-241
2026-10-06 08:30:08,965 INFO o.a.j.t.JMeterThread: Stopping because end time detected by thread: S2 1-289
2026-10-06 08:30:08,965 INFO o.a.j.t.JMeterThread: Thread finished: S2 1-289
2026-10-06 08:30:08,965 INFO o.a.j.t.JMeterThread: Thread finished: S2 1-243
2026-10-06 08:30:08,965 INFO o.a.j.t.JMeterThread: Stopping because end time detected by thread: S2 1-145
2026-10-06 08:30:08,965 INFO o.a.j.t.JMeterThread: Thread finished: S2 1-145
2026-10-06 08:30:08,966 INFO o.a.j.t.JMeterThread: Stopping because end time detected by thread: S2 1-288
2026-10-06 08:30:08,966 INFO o.a.j.t.JMeterThread: Thread finished: S2 1-288
2026-10-06 08:30:08,966 INFO o.a.j.t.JMeterThread: Stopping because end time detected by thread: S2 1-247
2026-10-06 08:30:08,966 INFO o.a.j.t.JMeterThread: Thread finished: S2 1-247
2026-10-06 08:30:08,967 INFO o.a.j.t.JMeterThread: Stopping because end time detected by thread: S2 1-99
2026-10-06 08:30:08,967 INFO o.a.j.t.JMeterThread: Stopping because end time detected by thread: S2 1-240
2026-10-06 08:30:08,967 INFO o.a.j.t.JMeterThread: Thread finished: S2 1-99
2026-10-06 08:30:08,967 INFO o.a.j.t.JMeterThread: Thread finished: S2 1-240
2026-10-06 08:30:08,967 INFO o.a.j.t.JMeterThread: Stopping because end time detected by thread: S2 1-205
2026-10-06 08:30:08,967 INFO o.a.j.t.JMeterThread: Thread finished: S2 1-205
2026-10-06 08:30:08,967 INFO o.a.j.t.JMeterThread: Stopping because end time detected by thread: S2 1-257
2026-10-06 08:30:08,967 INFO o.a.j.t.JMeterThread: Thread finished: S2 1-257
2026-10-06 08:30:08,968 INFO o.a.j.t.JMeterThread: Stopping because end time detected by thread: S2 1-374
2026-10-06 08:30:08,968 INFO o.a.j.t.JMeterThread: Thread finished: S2 1-374
2026-10-06 08:30:08,968 INFO o.a.j.t.JMeterThread: Stopping because end time detected by thread: S2 1-376
2026-10-06 08:30:08,969 INFO o.a.j.t.JMeterThread: Thread finished: S2 1-376
2026-10-06 08:30:08,969 INFO o.a.j.t.JMeterThread: Stopping because end time detected by thread: S2 1-251
2026-10-06 08:30:08,969 INFO o.a.j.t.JMeterThread: Thread finished: S2 1-251
2026-10-06 08:30:08,969 INFO o.a.j.t.JMeterThread: Stopping because end time detected by thread: S2 1-320
2026-10-06 08:30:08,969 INFO o.a.j.t.JMeterThread: Thread finished: S2 1-320
2026-10-06 08:30:08,970 INFO o.a.j.t.JMeterThread: Stopping because end time detected by thread: S2 1-199
2026-10-06 08:30:08,970 INFO o.a.j.t.JMeterThread: Thread finished: S2 1-199
2026-10-06 08:30:08,970 INFO o.a.j.t.JMeterThread: Stopping because end time detected by thread: S2 1-393
2026-10-06 08:30:08,970 INFO o.a.j.t.JMeterThread: Thread finished: S2 1-393
2026-10-06 08:30:08,970 INFO o.a.j.t.JMeterThread: Stopping because end time detected by thread: S2 1-326
2026-10-06 08:30:08,971 INFO o.a.j.t.JMeterThread: Stopping because end time detected by thread: S2 1-107
2026-10-06 08:30:08,971 INFO o.a.j.t.JMeterThread: Thread finished: S2 1-107
2026-10-06 08:30:08,971 INFO o.a.j.t.JMeterThread: Stopping because end time detected by thread: S2 1-161
2026-10-06 08:30:08,971 INFO o.a.j.t.JMeterThread: Thread finished: S2 1-161
2026-10-06 08:30:08,971 INFO o.a.j.t.JMeterThread: Stopping because end time detected by thread: S2 1-173
2026-10-06 08:30:08,971 INFO o.a.j.t.JMeterThread: Thread finished: S2 1-173
2026-10-06 08:30:08,971 INFO o.a.j.t.JMeterThread: Thread finished: S2 1-326
2026-10-06 08:30:08,978 INFO o.a.j.t.JMeterThread: Stopping because end time detected by thread: S2 1-280
2026-10-06 08:30:08,978 INFO o.a.j.t.JMeterThread: Thread finished: S2 1-280
2026-10-06 08:30:08,979 INFO o.a.j.t.JMeterThread: Stopping because end time detected by thread: S2 1-127
2026-10-06 08:30:08,979 INFO o.a.j.t.JMeterThread: Thread finished: S2 1-127
2026-10-06 08:30:08,979 INFO o.a.j.t.JMeterThread: Stopping because end time detected by thread: S2 1-214
2026-10-06 08:30:08,979 INFO o.a.j.t.JMeterThread: Thread finished: S2 1-214
2026-10-06 08:30:08,979 INFO o.a.j.t.JMeterThread: Stopping because end time detected by thread: S2 1-90
2026-10-06 08:30:08,979 INFO o.a.j.t.JMeterThread: Thread finished: S2 1-90
2026-10-06 08:30:08,979 INFO o.a.j.t.JMeterThread: Stopping because end time detected by thread: S2 1-220
2026-10-06 08:30:08,979 INFO o.a.j.t.JMeterThread: Thread finished: S2 1-220
2026-10-06 08:30:08,979 INFO o.a.j.t.JMeterThread: Stopping because end time detected by thread: S2 1-276
2026-10-06 08:30:08,979 INFO o.a.j.t.JMeterThread: Thread finished: S2 1-276
2026-10-06 08:30:08,979 INFO o.a.j.t.JMeterThread: Stopping because end time detected by thread: S2 1-369
2026-10-06 08:30:08,980 INFO o.a.j.t.JMeterThread: Stopping because end time detected by thread: S2 1-350
2026-10-06 08:30:08,980 INFO o.a.j.t.JMeterThread: Thread finished: S2 1-350
2026-10-06 08:30:08,980 INFO o.a.j.t.JMeterThread: Stopping because end time detected by thread: S2 1-86
2026-10-06 08:30:08,980 INFO o.a.j.t.JMeterThread: Stopping because end time detected by thread: S2 1-144
2026-10-06 08:30:08,980 INFO o.a.j.t.JMeterThread: Thread finished: S2 1-86
2026-10-06 08:30:08,980 INFO o.a.j.t.JMeterThread: Thread finished: S2 1-144
2026-10-06 08:30:08,980 INFO o.a.j.t.JMeterThread: Thread finished: S2 1-369
2026-10-06 08:30:08,980 INFO o.a.j.t.JMeterThread: Stopping because end time detected by thread: S2 1-182
2026-10-06 08:30:08,980 INFO o.a.j.t.JMeterThread: Stopping because end time detected by thread: S2 1-238
2026-10-06 08:30:08,980 INFO o.a.j.t.JMeterThread: Thread finished: S2 1-182
2026-10-06 08:30:08,980 INFO o.a.j.t.JMeterThread: Stopping because end time detected by thread: S2 1-111
2026-10-06 08:30:08,980 INFO o.a.j.t.JMeterThread: Thread finished: S2 1-238
2026-10-06 08:30:08,980 INFO o.a.j.t.JMeterThread: Thread finished: S2 1-111
2026-10-06 08:30:08,981 INFO o.a.j.t.JMeterThread: Stopping because end time detected by thread: S2 1-119
2026-10-06 08:30:08,981 INFO o.a.j.t.JMeterThread: Thread finished: S2 1-119
2026-10-06 08:30:08,981 INFO o.a.j.t.JMeterThread: Stopping because end time detected by thread: S2 1-418
2026-10-06 08:30:08,981 INFO o.a.j.t.JMeterThread: Thread finished: S2 1-418
2026-10-06 08:30:08,981 INFO o.a.j.t.JMeterThread: Stopping because end time detected by thread: S2 1-382
2026-10-06 08:30:08,981 INFO o.a.j.t.JMeterThread: Thread finished: S2 1-382
2026-10-06 08:30:08,982 INFO o.a.j.t.JMeterThread: Stopping because end time detected by thread: S2 1-242
2026-10-06 08:30:08,982 INFO o.a.j.t.JMeterThread: Stopping because end time detected by thread: S2 1-235
2026-10-06 08:30:08,982 INFO o.a.j.t.JMeterThread: Thread finished: S2 1-242
2026-10-06 08:30:08,982 INFO o.a.j.t.JMeterThread: Stopping because end time detected by thread: S2 1-409
2026-10-06 08:30:08,982 INFO o.a.j.t.JMeterThread: Thread finished: S2 1-235
2026-10-06 08:30:08,982 INFO o.a.j.t.JMeterThread: Stopping because end time detected by thread: S2 1-137
2026-10-06 08:30:08,982 INFO o.a.j.t.JMeterThread: Thread finished: S2 1-137
2026-10-06 08:30:08,982 INFO o.a.j.t.JMeterThread: Stopping because end time detected by thread: S2 1-279
2026-10-06 08:30:08,982 INFO o.a.j.t.JMeterThread: Thread finished: S2 1-279
2026-10-06 08:30:08,982 INFO o.a.j.t.JMeterThread: Stopping because end time detected by thread: S2 1-314
2026-10-06 08:30:08,982 INFO o.a.j.t.JMeterThread: Thread finished: S2 1-314
2026-10-06 08:30:08,982 INFO o.a.j.t.JMeterThread: Stopping because end time detected by thread: S2 1-141
2026-10-06 08:30:08,982 INFO o.a.j.t.JMeterThread: Thread finished: S2 1-141
2026-10-06 08:30:08,982 INFO o.a.j.t.JMeterThread: Stopping because end time detected by thread: S2 1-322
2026-10-06 08:30:08,982 INFO o.a.j.t.JMeterThread: Thread finished: S2 1-322
2026-10-06 08:30:08,983 INFO o.a.j.t.JMeterThread: Stopping because end time detected by thread: S2 1-412
2026-10-06 08:30:08,983 INFO o.a.j.t.JMeterThread: Thread finished: S2 1-412
2026-10-06 08:30:08,983 INFO o.a.j.t.JMeterThread: Thread finished: S2 1-409
2026-10-06 08:30:08,983 INFO o.a.j.t.JMeterThread: Stopping because end time detected by thread: S2 1-109
2026-10-06 08:30:08,983 INFO o.a.j.t.JMeterThread: Thread finished: S2 1-109
2026-10-06 08:30:08,983 INFO o.a.j.t.JMeterThread: Stopping because end time detected by thread: S2 1-408
2026-10-06 08:30:08,983 INFO o.a.j.t.JMeterThread: Thread finished: S2 1-408
2026-10-06 08:30:08,984 INFO o.a.j.t.JMeterThread: Stopping because end time detected by thread: S2 1-221
2026-10-06 08:30:08,984 INFO o.a.j.t.JMeterThread: Thread finished: S2 1-221
2026-10-06 08:30:08,987 INFO o.a.j.t.JMeterThread: Stopping because end time detected by thread: S2 1-342
2026-10-06 08:30:08,987 INFO o.a.j.t.JMeterThread: Thread finished: S2 1-342
2026-10-06 08:30:08,987 INFO o.a.j.t.JMeterThread: Stopping because end time detected by thread: S2 1-316
2026-10-06 08:30:08,987 INFO o.a.j.t.JMeterThread: Thread finished: S2 1-316
2026-10-06 08:30:08,987 INFO o.a.j.t.JMeterThread: Stopping because end time detected by thread: S2 1-203
2026-10-06 08:30:08,987 INFO o.a.j.t.JMeterThread: Thread finished: S2 1-203
2026-10-06 08:30:08,988 INFO o.a.j.t.JMeterThread: Stopping because end time detected by thread: S2 1-355
2026-10-06 08:30:08,988 INFO o.a.j.t.JMeterThread: Thread finished: S2 1-355
2026-10-06 08:30:08,990 INFO o.a.j.t.JMeterThread: Stopping because end time detected by thread: S2 1-248
2026-10-06 08:30:08,990 INFO o.a.j.t.JMeterThread: Thread finished: S2 1-248
2026-10-06 08:30:08,990 INFO o.a.j.t.JMeterThread: Stopping because end time detected by thread: S2 1-328
2026-10-06 08:30:08,990 INFO o.a.j.t.JMeterThread: Thread finished: S2 1-328
2026-10-06 08:30:08,996 INFO o.a.j.t.JMeterThread: Stopping because end time detected by thread: S2 1-417
2026-10-06 08:30:08,996 INFO o.a.j.t.JMeterThread: Thread finished: S2 1-417
2026-10-06 08:30:08,997 INFO o.a.j.t.JMeterThread: Stopping because end time detected by thread: S2 1-129
2026-10-06 08:30:08,997 INFO o.a.j.t.JMeterThread: Thread finished: S2 1-129
2026-10-06 08:30:08,997 INFO o.a.j.t.JMeterThread: Stopping because end time detected by thread: S2 1-259
2026-10-06 08:30:08,997 INFO o.a.j.t.JMeterThread: Stopping because end time detected by thread: S2 1-372
2026-10-06 08:30:08,997 INFO o.a.j.t.JMeterThread: Thread finished: S2 1-259
2026-10-06 08:30:08,997 INFO o.a.j.t.JMeterThread: Stopping because end time detected by thread: S2 1-352
2026-10-06 08:30:08,997 INFO o.a.j.t.JMeterThread: Thread finished: S2 1-372
2026-10-06 08:30:08,998 INFO o.a.j.t.JMeterThread: Thread finished: S2 1-352
2026-10-06 08:30:08,998 INFO o.a.j.t.JMeterThread: Stopping because end time detected by thread: S2 1-294
2026-10-06 08:30:08,998 INFO o.a.j.t.JMeterThread: Thread finished: S2 1-294
2026-10-06 08:30:08,998 INFO o.a.j.t.JMeterThread: Stopping because end time detected by thread: S2 1-313
2026-10-06 08:30:08,998 INFO o.a.j.t.JMeterThread: Thread finished: S2 1-313
2026-10-06 08:30:08,998 INFO o.a.j.t.JMeterThread: Stopping because end time detected by thread: S2 1-152
2026-10-06 08:30:08,998 INFO o.a.j.t.JMeterThread: Stopping because end time detected by thread: S2 1-166
2026-10-06 08:30:08,998 INFO o.a.j.t.JMeterThread: Thread finished: S2 1-152
2026-10-06 08:30:08,998 INFO o.a.j.t.JMeterThread: Thread finished: S2 1-166
2026-10-06 08:30:08,998 INFO o.a.j.t.JMeterThread: Stopping because end time detected by thread: S2 1-265
2026-10-06 08:30:08,998 INFO o.a.j.t.JMeterThread: Thread finished: S2 1-265
2026-10-06 08:30:08,998 INFO o.a.j.t.JMeterThread: Stopping because end time detected by thread: S2 1-337
2026-10-06 08:30:08,998 INFO o.a.j.t.JMeterThread: Thread finished: S2 1-337
2026-10-06 08:30:08,998 INFO o.a.j.t.JMeterThread: Stopping because end time detected by thread: S2 1-317
2026-10-06 08:30:08,998 INFO o.a.j.t.JMeterThread: Thread finished: S2 1-317
2026-10-06 08:30:08,998 INFO o.a.j.t.JMeterThread: Stopping because end time detected by thread: S2 1-163
2026-10-06 08:30:08,998 INFO o.a.j.t.JMeterThread: Stopping because end time detected by thread: S2 1-170
2026-10-06 08:30:08,998 INFO o.a.j.t.JMeterThread: Thread finished: S2 1-163
2026-10-06 08:30:08,998 INFO o.a.j.t.JMeterThread: Thread finished: S2 1-170
2026-10-06 08:30:08,998 INFO o.a.j.t.JMeterThread: Stopping because end time detected by thread: S2 1-384
2026-10-06 08:30:08,999 INFO o.a.j.t.JMeterThread: Thread finished: S2 1-384
2026-10-06 08:30:08,999 INFO o.a.j.t.JMeterThread: Stopping because end time detected by thread: S2 1-155
2026-10-06 08:30:08,999 INFO o.a.j.t.JMeterThread: Thread finished: S2 1-155
2026-10-06 08:30:08,999 INFO o.a.j.t.JMeterThread: Stopping because end time detected by thread: S2 1-305
2026-10-06 08:30:08,999 INFO o.a.j.t.JMeterThread: Thread finished: S2 1-305
2026-10-06 08:30:09,000 INFO o.a.j.t.JMeterThread: Stopping because end time detected by thread: S2 1-227
2026-10-06 08:30:09,000 INFO o.a.j.t.JMeterThread: Thread finished: S2 1-227
2026-10-06 08:30:09,000 INFO o.a.j.t.JMeterThread: Stopping because end time detected by thread: S2 1-381
2026-10-06 08:30:09,000 INFO o.a.j.t.JMeterThread: Stopping because end time detected by thread: S2 1-380
2026-10-06 08:30:09,000 INFO o.a.j.t.JMeterThread: Thread finished: S2 1-381
2026-10-06 08:30:09,000 INFO o.a.j.t.JMeterThread: Thread finished: S2 1-380
2026-10-06 08:30:09,000 INFO o.a.j.t.JMeterThread: Stopping because end time detected by thread: S2 1-244
2026-10-06 08:30:09,000 INFO o.a.j.t.JMeterThread: Stopping because end time detected by thread: S2 1-130
2026-10-06 08:30:09,000 INFO o.a.j.t.JMeterThread: Thread finished: S2 1-244
2026-10-06 08:30:09,000 INFO o.a.j.t.JMeterThread: Thread finished: S2 1-130
2026-10-06 08:30:09,000 INFO o.a.j.t.JMeterThread: Stopping because end time detected by thread: S2 1-390
2026-10-06 08:30:09,001 INFO o.a.j.t.JMeterThread: Thread finished: S2 1-390
2026-10-06 08:30:09,001 INFO o.a.j.t.JMeterThread: Stopping because end time detected by thread: S2 1-426
2026-10-06 08:30:09,001 INFO o.a.j.t.JMeterThread: Thread finished: S2 1-426
2026-10-06 08:30:09,001 INFO o.a.j.t.JMeterThread: Stopping because end time detected by thread: S2 1-422
2026-10-06 08:30:09,001 INFO o.a.j.t.JMeterThread: Thread finished: S2 1-422
2026-10-06 08:30:09,001 INFO o.a.j.t.JMeterThread: Stopping because end time detected by thread: S2 1-245
2026-10-06 08:30:09,001 INFO o.a.j.t.JMeterThread: Thread finished: S2 1-245
2026-10-06 08:30:09,002 INFO o.a.j.t.JMeterThread: Stopping because end time detected by thread: S2 1-204
2026-10-06 08:30:09,002 INFO o.a.j.t.JMeterThread: Thread finished: S2 1-204
2026-10-06 08:30:09,002 INFO o.a.j.t.JMeterThread: Stopping because end time detected by thread: S2 1-186
2026-10-06 08:30:09,003 INFO o.a.j.t.JMeterThread: Thread finished: S2 1-186
2026-10-06 08:30:09,003 INFO o.a.j.t.JMeterThread: Stopping because end time detected by thread: S2 1-209
2026-10-06 08:30:09,003 INFO o.a.j.t.JMeterThread: Thread finished: S2 1-209
2026-10-06 08:30:09,003 INFO o.a.j.t.JMeterThread: Stopping because end time detected by thread: S2 1-250
2026-10-06 08:30:09,003 INFO o.a.j.t.JMeterThread: Thread finished: S2 1-250
2026-10-06 08:30:09,004 INFO o.a.j.t.JMeterThread: Stopping because end time detected by thread: S2 1-421
2026-10-06 08:30:09,004 INFO o.a.j.t.JMeterThread: Thread finished: S2 1-421
2026-10-06 08:30:09,004 INFO o.a.j.t.JMeterThread: Stopping because end time detected by thread: S2 1-438
2026-10-06 08:30:09,004 INFO o.a.j.t.JMeterThread: Thread finished: S2 1-438
2026-10-06 08:30:09,004 INFO o.a.j.t.JMeterThread: Stopping because end time detected by thread: S2 1-198
2026-10-06 08:30:09,005 INFO o.a.j.t.JMeterThread: Stopping because end time detected by thread: S2 1-315
2026-10-06 08:30:09,005 INFO o.a.j.t.JMeterThread: Thread finished: S2 1-315
2026-10-06 08:30:09,005 INFO o.a.j.t.JMeterThread: Stopping because end time detected by thread: S2 1-346
2026-10-06 08:30:09,004 INFO o.a.j.t.JMeterThread: Stopping because end time detected by thread: S2 1-444
2026-10-06 08:30:09,005 INFO o.a.j.t.JMeterThread: Thread finished: S2 1-346
2026-10-06 08:30:09,005 INFO o.a.j.t.JMeterThread: Thread finished: S2 1-198
2026-10-06 08:30:09,005 INFO o.a.j.t.JMeterThread: Thread finished: S2 1-444
2026-10-06 08:30:09,006 INFO o.a.j.t.JMeterThread: Stopping because end time detected by thread: S2 1-160
2026-10-06 08:30:09,006 INFO o.a.j.t.JMeterThread: Thread finished: S2 1-160
2026-10-06 08:30:09,007 INFO o.a.j.t.JMeterThread: Stopping because end time detected by thread: S2 1-420
2026-10-06 08:30:09,007 INFO o.a.j.t.JMeterThread: Thread finished: S2 1-420
2026-10-06 08:30:09,009 INFO o.a.j.t.JMeterThread: Stopping because end time detected by thread: S2 1-191
2026-10-06 08:30:09,010 INFO o.a.j.t.JMeterThread: Thread finished: S2 1-191
2026-10-06 08:30:09,011 INFO o.a.j.t.JMeterThread: Stopping because end time detected by thread: S2 1-158
2026-10-06 08:30:09,011 INFO o.a.j.t.JMeterThread: Thread finished: S2 1-158
2026-10-06 08:30:09,011 INFO o.a.j.t.JMeterThread: Stopping because end time detected by thread: S2 1-194
2026-10-06 08:30:09,011 INFO o.a.j.t.JMeterThread: Thread finished: S2 1-194
2026-10-06 08:30:09,011 INFO o.a.j.t.JMeterThread: Stopping because end time detected by thread: S2 1-269
2026-10-06 08:30:09,011 INFO o.a.j.t.JMeterThread: Thread finished: S2 1-269
2026-10-06 08:30:09,012 INFO o.a.j.t.JMeterThread: Stopping because end time detected by thread: S2 1-272
2026-10-06 08:30:09,012 INFO o.a.j.t.JMeterThread: Stopping because end time detected by thread: S2 1-343
2026-10-06 08:30:09,012 INFO o.a.j.t.JMeterThread: Thread finished: S2 1-272
2026-10-06 08:30:09,012 INFO o.a.j.t.JMeterThread: Thread finished: S2 1-343
2026-10-06 08:30:09,012 INFO o.a.j.t.JMeterThread: Stopping because end time detected by thread: S2 1-448
2026-10-06 08:30:09,012 INFO o.a.j.t.JMeterThread: Thread finished: S2 1-448
2026-10-06 08:30:09,013 INFO o.a.j.t.JMeterThread: Stopping because end time detected by thread: S2 1-296
2026-10-06 08:30:09,013 INFO o.a.j.t.JMeterThread: Thread finished: S2 1-296
2026-10-06 08:30:09,013 INFO o.a.j.t.JMeterThread: Stopping because end time detected by thread: S2 1-275
2026-10-06 08:30:09,014 INFO o.a.j.t.JMeterThread: Thread finished: S2 1-275
2026-10-06 08:30:09,016 INFO o.a.j.t.JMeterThread: Stopping because end time detected by thread: S2 1-345
2026-10-06 08:30:09,016 INFO o.a.j.t.JMeterThread: Thread finished: S2 1-345
2026-10-06 08:30:09,016 INFO o.a.j.t.JMeterThread: Stopping because end time detected by thread: S2 1-165
2026-10-06 08:30:09,016 INFO o.a.j.t.JMeterThread: Stopping because end time detected by thread: S2 1-256
2026-10-06 08:30:09,016 INFO o.a.j.t.JMeterThread: Thread finished: S2 1-165
2026-10-06 08:30:09,016 INFO o.a.j.t.JMeterThread: Thread finished: S2 1-256
2026-10-06 08:30:09,016 INFO o.a.j.t.JMeterThread: Stopping because end time detected by thread: S2 1-192
2026-10-06 08:30:09,016 INFO o.a.j.t.JMeterThread: Thread finished: S2 1-192
2026-10-06 08:30:09,017 INFO o.a.j.t.JMeterThread: Stopping because end time detected by thread: S2 1-392
2026-10-06 08:30:09,017 INFO o.a.j.t.JMeterThread: Thread finished: S2 1-392
2026-10-06 08:30:09,017 INFO o.a.j.t.JMeterThread: Stopping because end time detected by thread: S2 1-282
2026-10-06 08:30:09,017 INFO o.a.j.t.JMeterThread: Thread finished: S2 1-282
2026-10-06 08:30:09,017 INFO o.a.j.t.JMeterThread: Stopping because end time detected by thread: S2 1-176
2026-10-06 08:30:09,017 INFO o.a.j.t.JMeterThread: Stopping because end time detected by thread: S2 1-379
2026-10-06 08:30:09,017 INFO o.a.j.t.JMeterThread: Thread finished: S2 1-176
2026-10-06 08:30:09,017 INFO o.a.j.t.JMeterThread: Thread finished: S2 1-379
2026-10-06 08:30:09,018 INFO o.a.j.t.JMeterThread: Stopping because end time detected by thread: S2 1-295
2026-10-06 08:30:09,018 INFO o.a.j.t.JMeterThread: Stopping because end time detected by thread: S2 1-283
2026-10-06 08:30:09,018 INFO o.a.j.t.JMeterThread: Thread finished: S2 1-295
2026-10-06 08:30:09,018 INFO o.a.j.t.JMeterThread: Thread finished: S2 1-283
2026-10-06 08:30:09,018 INFO o.a.j.t.JMeterThread: Stopping because end time detected by thread: S2 1-190
2026-10-06 08:30:09,018 INFO o.a.j.t.JMeterThread: Thread finished: S2 1-190
2026-10-06 08:30:09,018 INFO o.a.j.t.JMeterThread: Stopping because end time detected by thread: S2 1-254
2026-10-06 08:30:09,018 INFO o.a.j.t.JMeterThread: Thread finished: S2 1-254
2026-10-06 08:30:09,018 INFO o.a.j.t.JMeterThread: Stopping because end time detected by thread: S2 1-338
2026-10-06 08:30:09,019 INFO o.a.j.t.JMeterThread: Thread finished: S2 1-338
2026-10-06 08:30:09,019 INFO o.a.j.t.JMeterThread: Stopping because end time detected by thread: S2 1-261
2026-10-06 08:30:09,019 INFO o.a.j.t.JMeterThread: Thread finished: S2 1-261
2026-10-06 08:30:09,019 INFO o.a.j.t.JMeterThread: Stopping because end time detected by thread: S2 1-218
2026-10-06 08:30:09,020 INFO o.a.j.t.JMeterThread: Thread finished: S2 1-218
2026-10-06 08:30:09,020 INFO o.a.j.t.JMeterThread: Stopping because end time detected by thread: S2 1-400
2026-10-06 08:30:09,020 INFO o.a.j.t.JMeterThread: Thread finished: S2 1-400
2026-10-06 08:30:09,021 INFO o.a.j.t.JMeterThread: Stopping because end time detected by thread: S2 1-395
2026-10-06 08:30:09,021 INFO o.a.j.t.JMeterThread: Stopping because end time detected by thread: S2 1-327
2026-10-06 08:30:09,021 INFO o.a.j.t.JMeterThread: Thread finished: S2 1-395
2026-10-06 08:30:09,021 INFO o.a.j.t.JMeterThread: Thread finished: S2 1-327
2026-10-06 08:30:09,021 INFO o.a.j.t.JMeterThread: Stopping because end time detected by thread: S2 1-215
2026-10-06 08:30:09,021 INFO o.a.j.t.JMeterThread: Thread finished: S2 1-215
2026-10-06 08:30:09,022 INFO o.a.j.t.JMeterThread: Stopping because end time detected by thread: S2 1-367
2026-10-06 08:30:09,022 INFO o.a.j.t.JMeterThread: Thread finished: S2 1-367
2026-10-06 08:30:09,023 INFO o.a.j.t.JMeterThread: Stopping because end time detected by thread: S2 1-312
2026-10-06 08:30:09,023 INFO o.a.j.t.JMeterThread: Stopping because end time detected by thread: S2 1-285
2026-10-06 08:30:09,024 INFO o.a.j.t.JMeterThread: Stopping because end time detected by thread: S2 1-262
2026-10-06 08:30:09,024 INFO o.a.j.t.JMeterThread: Thread finished: S2 1-262
2026-10-06 08:30:09,024 INFO o.a.j.t.JMeterThread: Thread finished: S2 1-312
2026-10-06 08:30:09,024 INFO o.a.j.t.JMeterThread: Thread finished: S2 1-285
2026-10-06 08:30:09,025 INFO o.a.j.t.JMeterThread: Stopping because end time detected by thread: S2 1-434
2026-10-06 08:30:09,025 INFO o.a.j.t.JMeterThread: Thread finished: S2 1-434
2026-10-06 08:30:09,024 INFO o.a.j.t.JMeterThread: Stopping because end time detected by thread: S2 1-273
2026-10-06 08:30:09,026 INFO o.a.j.t.JMeterThread: Thread finished: S2 1-273
2026-10-06 08:30:09,026 INFO o.a.j.t.JMeterThread: Stopping because end time detected by thread: S2 1-290
2026-10-06 08:30:09,026 INFO o.a.j.t.JMeterThread: Thread finished: S2 1-290
2026-10-06 08:30:09,026 INFO o.a.j.t.JMeterThread: Stopping because end time detected by thread: S2 1-446
2026-10-06 08:30:09,026 INFO o.a.j.t.JMeterThread: Thread finished: S2 1-446
2026-10-06 08:30:09,026 INFO o.a.j.t.JMeterThread: Stopping because end time detected by thread: S2 1-406
2026-10-06 08:30:09,026 INFO o.a.j.t.JMeterThread: Thread finished: S2 1-406
2026-10-06 08:30:09,026 INFO o.a.j.t.JMeterThread: Stopping because end time detected by thread: S2 1-383
2026-10-06 08:30:09,026 INFO o.a.j.t.JMeterThread: Thread finished: S2 1-383
2026-10-06 08:30:09,027 INFO o.a.j.t.JMeterThread: Stopping because end time detected by thread: S2 1-321
2026-10-06 08:30:09,027 INFO o.a.j.t.JMeterThread: Stopping because end time detected by thread: S2 1-311
2026-10-06 08:30:09,027 INFO o.a.j.t.JMeterThread: Thread finished: S2 1-321
2026-10-06 08:30:09,027 INFO o.a.j.t.JMeterThread: Thread finished: S2 1-311
2026-10-06 08:30:09,028 INFO o.a.j.t.JMeterThread: Stopping because end time detected by thread: S2 1-323
2026-10-06 08:30:09,028 INFO o.a.j.t.JMeterThread: Thread finished: S2 1-323
2026-10-06 08:30:09,028 INFO o.a.j.t.JMeterThread: Stopping because end time detected by thread: S2 1-449
2026-10-06 08:30:09,029 INFO o.a.j.t.JMeterThread: Thread finished: S2 1-449
2026-10-06 08:30:09,028 INFO o.a.j.t.JMeterThread: Stopping because end time detected by thread: S2 1-347
2026-10-06 08:30:09,029 INFO o.a.j.t.JMeterThread: Thread finished: S2 1-347
2026-10-06 08:30:09,029 INFO o.a.j.t.JMeterThread: Stopping because end time detected by thread: S2 1-264
2026-10-06 08:30:09,029 INFO o.a.j.t.JMeterThread: Thread finished: S2 1-264
2026-10-06 08:30:09,030 INFO o.a.j.t.JMeterThread: Stopping because end time detected by thread: S2 1-287
2026-10-06 08:30:09,030 INFO o.a.j.t.JMeterThread: Thread finished: S2 1-287
2026-10-06 08:30:09,030 INFO o.a.j.t.JMeterThread: Stopping because end time detected by thread: S2 1-430
2026-10-06 08:30:09,030 INFO o.a.j.t.JMeterThread: Thread finished: S2 1-430
2026-10-06 08:30:09,030 INFO o.a.j.t.JMeterThread: Stopping because end time detected by thread: S2 1-299
2026-10-06 08:30:09,030 INFO o.a.j.t.JMeterThread: Thread finished: S2 1-299
2026-10-06 08:30:09,031 INFO o.a.j.t.JMeterThread: Stopping because end time detected by thread: S2 1-340
2026-10-06 08:30:09,031 INFO o.a.j.t.JMeterThread: Thread finished: S2 1-340
2026-10-06 08:30:09,032 INFO o.a.j.t.JMeterThread: Stopping because end time detected by thread: S2 1-404
2026-10-06 08:30:09,032 INFO o.a.j.t.JMeterThread: Stopping because end time detected by thread: S2 1-457
2026-10-06 08:30:09,032 INFO o.a.j.t.JMeterThread: Thread finished: S2 1-404
2026-10-06 08:30:09,032 INFO o.a.j.t.JMeterThread: Thread finished: S2 1-457
2026-10-06 08:30:09,033 INFO o.a.j.t.JMeterThread: Stopping because end time detected by thread: S2 1-318
2026-10-06 08:30:09,033 INFO o.a.j.t.JMeterThread: Thread finished: S2 1-318
2026-10-06 08:30:09,033 INFO o.a.j.t.JMeterThread: Stopping because end time detected by thread: S2 1-341
2026-10-06 08:30:09,033 INFO o.a.j.t.JMeterThread: Stopping because end time detected by thread: S2 1-416
2026-10-06 08:30:09,033 INFO o.a.j.t.JMeterThread: Thread finished: S2 1-341
2026-10-06 08:30:09,033 INFO o.a.j.t.JMeterThread: Thread finished: S2 1-416
2026-10-06 08:30:09,033 INFO o.a.j.t.JMeterThread: Stopping because end time detected by thread: S2 1-433
2026-10-06 08:30:09,033 INFO o.a.j.t.JMeterThread: Thread finished: S2 1-433
2026-10-06 08:30:09,034 INFO o.a.j.t.JMeterThread: Stopping because end time detected by thread: S2 1-360
2026-10-06 08:30:09,034 INFO o.a.j.t.JMeterThread: Thread finished: S2 1-360
2026-10-06 08:30:09,034 INFO o.a.j.t.JMeterThread: Stopping because end time detected by thread: S2 1-284
2026-10-06 08:30:09,034 INFO o.a.j.t.JMeterThread: Thread finished: S2 1-284
2026-10-06 08:30:09,034 INFO o.a.j.t.JMeterThread: Stopping because end time detected by thread: S2 1-455
2026-10-06 08:30:09,034 INFO o.a.j.t.JMeterThread: Thread finished: S2 1-455
2026-10-06 08:30:09,036 INFO o.a.j.t.JMeterThread: Stopping because end time detected by thread: S2 1-309
2026-10-06 08:30:09,036 INFO o.a.j.t.JMeterThread: Stopping because end time detected by thread: S2 1-388
2026-10-06 08:30:09,036 INFO o.a.j.t.JMeterThread: Thread finished: S2 1-309
2026-10-06 08:30:09,036 INFO o.a.j.t.JMeterThread: Thread finished: S2 1-388
2026-10-06 08:30:09,036 INFO o.a.j.t.JMeterThread: Stopping because end time detected by thread: S2 1-359
2026-10-06 08:30:09,036 INFO o.a.j.t.JMeterThread: Thread finished: S2 1-359
2026-10-06 08:30:09,036 INFO o.a.j.t.JMeterThread: Stopping because end time detected by thread: S2 1-403
2026-10-06 08:30:09,036 INFO o.a.j.t.JMeterThread: Thread finished: S2 1-403
2026-10-06 08:30:09,036 INFO o.a.j.t.JMeterThread: Stopping because end time detected by thread: S2 1-441
2026-10-06 08:30:09,036 INFO o.a.j.t.JMeterThread: Thread finished: S2 1-441
2026-10-06 08:30:09,038 INFO o.a.j.t.JMeterThread: Stopping because end time detected by thread: S2 1-354
2026-10-06 08:30:09,038 INFO o.a.j.t.JMeterThread: Thread finished: S2 1-354
2026-10-06 08:30:09,038 INFO o.a.j.t.JMeterThread: Stopping because end time detected by thread: S2 1-396
2026-10-06 08:30:09,038 INFO o.a.j.t.JMeterThread: Thread finished: S2 1-396
2026-10-06 08:30:09,039 INFO o.a.j.t.JMeterThread: Stopping because end time detected by thread: S2 1-394
2026-10-06 08:30:09,039 INFO o.a.j.t.JMeterThread: Thread finished: S2 1-394
2026-10-06 08:30:09,039 INFO o.a.j.t.JMeterThread: Stopping because end time detected by thread: S2 1-335
2026-10-06 08:30:09,039 INFO o.a.j.t.JMeterThread: Thread finished: S2 1-335
2026-10-06 08:30:09,039 INFO o.a.j.t.JMeterThread: Stopping because end time detected by thread: S2 1-447
2026-10-06 08:30:09,039 INFO o.a.j.t.JMeterThread: Thread finished: S2 1-447
2026-10-06 08:30:09,040 INFO o.a.j.t.JMeterThread: Stopping because end time detected by thread: S2 1-344
2026-10-06 08:30:09,040 INFO o.a.j.t.JMeterThread: Thread finished: S2 1-344
2026-10-06 08:30:09,040 INFO o.a.j.t.JMeterThread: Stopping because end time detected by thread: S2 1-351
2026-10-06 08:30:09,040 INFO o.a.j.t.JMeterThread: Stopping because end time detected by thread: S2 1-481
2026-10-06 08:30:09,040 INFO o.a.j.t.JMeterThread: Thread finished: S2 1-481
2026-10-06 08:30:09,041 INFO o.a.j.t.JMeterThread: Thread finished: S2 1-351
2026-10-06 08:30:09,041 INFO o.a.j.t.JMeterThread: Stopping because end time detected by thread: S2 1-424
2026-10-06 08:30:09,041 INFO o.a.j.t.JMeterThread: Stopping because end time detected by thread: S2 1-436
2026-10-06 08:30:09,041 INFO o.a.j.t.JMeterThread: Thread finished: S2 1-424
2026-10-06 08:30:09,041 INFO o.a.j.t.JMeterThread: Stopping because end time detected by thread: S2 1-458
2026-10-06 08:30:09,041 INFO o.a.j.t.JMeterThread: Thread finished: S2 1-458
2026-10-06 08:30:09,040 INFO o.a.j.t.JMeterThread: Stopping because end time detected by thread: S2 1-442
2026-10-06 08:30:09,041 INFO o.a.j.t.JMeterThread: Thread finished: S2 1-442
2026-10-06 08:30:09,041 INFO o.a.j.t.JMeterThread: Stopping because end time detected by thread: S2 1-467
2026-10-06 08:30:09,041 INFO o.a.j.t.JMeterThread: Thread finished: S2 1-467
2026-10-06 08:30:09,041 INFO o.a.j.t.JMeterThread: Stopping because end time detected by thread: S2 1-324
2026-10-06 08:30:09,041 INFO o.a.j.t.JMeterThread: Thread finished: S2 1-324
2026-10-06 08:30:09,042 INFO o.a.j.t.JMeterThread: Stopping because end time detected by thread: S2 1-368
2026-10-06 08:30:09,042 INFO o.a.j.t.JMeterThread: Thread finished: S2 1-368
2026-10-06 08:30:09,044 INFO o.a.j.t.JMeterThread: Stopping because end time detected by thread: S2 1-365
2026-10-06 08:30:09,044 INFO o.a.j.t.JMeterThread: Stopping because end time detected by thread: S2 1-431
2026-10-06 08:30:09,044 INFO o.a.j.t.JMeterThread: Thread finished: S2 1-365
2026-10-06 08:30:09,045 INFO o.a.j.t.JMeterThread: Stopping because end time detected by thread: S2 1-435
2026-10-06 08:30:09,045 INFO o.a.j.t.JMeterThread: Thread finished: S2 1-435
2026-10-06 08:30:09,041 INFO o.a.j.t.JMeterThread: Thread finished: S2 1-436
2026-10-06 08:30:09,045 INFO o.a.j.t.JMeterThread: Stopping because end time detected by thread: S2 1-308
2026-10-06 08:30:09,045 INFO o.a.j.t.JMeterThread: Stopping because end time detected by thread: S2 1-450
2026-10-06 08:30:09,045 INFO o.a.j.t.JMeterThread: Thread finished: S2 1-450
2026-10-06 08:30:09,045 INFO o.a.j.t.JMeterThread: Thread finished: S2 1-308
2026-10-06 08:30:09,046 INFO o.a.j.t.JMeterThread: Thread finished: S2 1-431
2026-10-06 08:30:09,046 INFO o.a.j.t.JMeterThread: Stopping because end time detected by thread: S2 1-488
2026-10-06 08:30:09,046 INFO o.a.j.t.JMeterThread: Thread finished: S2 1-488
2026-10-06 08:30:09,047 INFO o.a.j.t.JMeterThread: Stopping because end time detected by thread: S2 1-478
2026-10-06 08:30:09,047 INFO o.a.j.t.JMeterThread: Thread finished: S2 1-478
2026-10-06 08:30:09,048 INFO o.a.j.t.JMeterThread: Stopping because end time detected by thread: S2 1-423
2026-10-06 08:30:09,048 INFO o.a.j.t.JMeterThread: Thread finished: S2 1-423
2026-10-06 08:30:09,048 INFO o.a.j.t.JMeterThread: Stopping because end time detected by thread: S2 1-427
2026-10-06 08:30:09,048 INFO o.a.j.t.JMeterThread: Thread finished: S2 1-427
2026-10-06 08:30:09,048 INFO o.a.j.t.JMeterThread: Stopping because end time detected by thread: S2 1-304
2026-10-06 08:30:09,048 INFO o.a.j.t.JMeterThread: Thread finished: S2 1-304
2026-10-06 08:30:09,050 INFO o.a.j.t.JMeterThread: Stopping because end time detected by thread: S2 1-331
2026-10-06 08:30:09,050 INFO o.a.j.t.JMeterThread: Thread finished: S2 1-331
2026-10-06 08:30:09,051 INFO o.a.j.t.JMeterThread: Stopping because end time detected by thread: S2 1-391
2026-10-06 08:30:09,051 INFO o.a.j.t.JMeterThread: Thread finished: S2 1-391
2026-10-06 08:30:09,051 INFO o.a.j.t.JMeterThread: Stopping because end time detected by thread: S2 1-333
2026-10-06 08:30:09,051 INFO o.a.j.t.JMeterThread: Thread finished: S2 1-333
2026-10-06 08:30:09,051 INFO o.a.j.t.JMeterThread: Stopping because end time detected by thread: S2 1-462
2026-10-06 08:30:09,055 INFO o.a.j.t.JMeterThread: Thread finished: S2 1-462
2026-10-06 08:30:09,051 INFO o.a.j.t.JMeterThread: Stopping because end time detected by thread: S2 1-452
2026-10-06 08:30:09,056 INFO o.a.j.t.JMeterThread: Thread finished: S2 1-452
2026-10-06 08:30:09,055 INFO o.a.j.t.JMeterThread: Stopping because end time detected by thread: S2 1-255
2026-10-06 08:30:09,056 INFO o.a.j.t.JMeterThread: Thread finished: S2 1-255
2026-10-06 08:30:09,054 INFO o.a.j.t.JMeterThread: Stopping because end time detected by thread: S2 1-461
2026-10-06 08:30:09,056 INFO o.a.j.t.JMeterThread: Stopping because end time detected by thread: S2 1-454
2026-10-06 08:30:09,056 INFO o.a.j.t.JMeterThread: Thread finished: S2 1-454
2026-10-06 08:30:09,054 INFO o.a.j.t.JMeterThread: Stopping because end time detected by thread: S2 1-362
2026-10-06 08:30:09,054 INFO o.a.j.t.JMeterThread: Stopping because end time detected by thread: S2 1-451
2026-10-06 08:30:09,056 INFO o.a.j.t.JMeterThread: Stopping because end time detected by thread: S2 1-415
2026-10-06 08:30:09,056 INFO o.a.j.t.JMeterThread: Thread finished: S2 1-415
2026-10-06 08:30:09,053 INFO o.a.j.t.JMeterThread: Stopping because end time detected by thread: S2 1-405
2026-10-06 08:30:09,057 INFO o.a.j.t.JMeterThread: Thread finished: S2 1-405
2026-10-06 08:30:09,057 INFO o.a.j.t.JMeterThread: Thread finished: S2 1-362
2026-10-06 08:30:09,057 INFO o.a.j.t.JMeterThread: Stopping because end time detected by thread: S2 1-482
2026-10-06 08:30:09,058 INFO o.a.j.t.JMeterThread: Stopping because end time detected by thread: S2 1-399
2026-10-06 08:30:09,053 INFO o.a.j.t.JMeterThread: Stopping because end time detected by thread: S2 1-274
2026-10-06 08:30:09,052 INFO o.a.j.t.JMeterThread: Stopping because end time detected by thread: S2 1-349
2026-10-06 08:30:09,052 INFO o.a.j.t.JMeterThread: Stopping because end time detected by thread: S2 1-370
2026-10-06 08:30:09,058 INFO o.a.j.t.JMeterThread: Stopping because end time detected by thread: S2 1-361
2026-10-06 08:30:09,058 INFO o.a.j.t.JMeterThread: Thread finished: S2 1-349
2026-10-06 08:30:09,058 INFO o.a.j.t.JMeterThread: Thread finished: S2 1-361
2026-10-06 08:30:09,052 INFO o.a.j.t.JMeterThread: Stopping because end time detected by thread: S2 1-378
2026-10-06 08:30:09,058 INFO o.a.j.t.JMeterThread: Thread finished: S2 1-378
2026-10-06 08:30:09,058 INFO o.a.j.t.JMeterThread: Thread finished: S2 1-274
2026-10-06 08:30:09,058 INFO o.a.j.t.JMeterThread: Stopping because end time detected by thread: S2 1-385
2026-10-06 08:30:09,058 INFO o.a.j.t.JMeterThread: Thread finished: S2 1-385
2026-10-06 08:30:09,058 INFO o.a.j.t.JMeterThread: Thread finished: S2 1-370
2026-10-06 08:30:09,052 INFO o.a.j.t.JMeterThread: Stopping because end time detected by thread: S2 1-363
2026-10-06 08:30:09,059 INFO o.a.j.t.JMeterThread: Thread finished: S2 1-363
2026-10-06 08:30:09,059 INFO o.a.j.t.JMeterThread: Stopping because end time detected by thread: S2 1-459
2026-10-06 08:30:09,059 INFO o.a.j.t.JMeterThread: Thread finished: S2 1-459
2026-10-06 08:30:09,058 INFO o.a.j.t.JMeterThread: Thread finished: S2 1-399
2026-10-06 08:30:09,059 INFO o.a.j.t.JMeterThread: Stopping because end time detected by thread: S2 1-332
2026-10-06 08:30:09,059 INFO o.a.j.t.JMeterThread: Stopping because end time detected by thread: S2 1-371
2026-10-06 08:30:09,059 INFO o.a.j.t.JMeterThread: Thread finished: S2 1-371
2026-10-06 08:30:09,058 INFO o.a.j.t.JMeterThread: Thread finished: S2 1-482
2026-10-06 08:30:09,058 INFO o.a.j.t.JMeterThread: Stopping because end time detected by thread: S2 1-377
2026-10-06 08:30:09,060 INFO o.a.j.t.JMeterThread: Thread finished: S2 1-377
2026-10-06 08:30:09,060 INFO o.a.j.t.JMeterThread: Stopping because end time detected by thread: S2 1-270
2026-10-06 08:30:09,056 INFO o.a.j.t.JMeterThread: Thread finished: S2 1-451
2026-10-06 08:30:09,060 INFO o.a.j.t.JMeterThread: Thread finished: S2 1-461
2026-10-06 08:30:09,060 INFO o.a.j.t.JMeterThread: Stopping because end time detected by thread: S2 1-475
2026-10-06 08:30:09,060 INFO o.a.j.t.JMeterThread: Thread finished: S2 1-475
2026-10-06 08:30:09,059 INFO o.a.j.t.JMeterThread: Stopping because end time detected by thread: S2 1-398
2026-10-06 08:30:09,060 INFO o.a.j.t.JMeterThread: Thread finished: S2 1-398
2026-10-06 08:30:09,061 INFO o.a.j.t.JMeterThread: Stopping because end time detected by thread: S2 1-387
2026-10-06 08:30:09,060 INFO o.a.j.t.JMeterThread: Thread finished: S2 1-270
2026-10-06 08:30:09,061 INFO o.a.j.t.JMeterThread: Stopping because end time detected by thread: S2 1-364
2026-10-06 08:30:09,061 INFO o.a.j.t.JMeterThread: Stopping because end time detected by thread: S2 1-336
2026-10-06 08:30:09,061 INFO o.a.j.t.JMeterThread: Thread finished: S2 1-364
2026-10-06 08:30:09,060 INFO o.a.j.t.JMeterThread: Stopping because end time detected by thread: S2 1-234
2026-10-06 08:30:09,061 INFO o.a.j.t.JMeterThread: Thread finished: S2 1-336
2026-10-06 08:30:09,059 INFO o.a.j.t.JMeterThread: Thread finished: S2 1-332
2026-10-06 08:30:09,061 INFO o.a.j.t.JMeterThread: Thread finished: S2 1-387
2026-10-06 08:30:09,061 INFO o.a.j.t.JMeterThread: Thread finished: S2 1-234
2026-10-06 08:30:09,063 INFO o.a.j.t.JMeterThread: Stopping because end time detected by thread: S2 1-476
2026-10-06 08:30:09,063 INFO o.a.j.t.JMeterThread: Thread finished: S2 1-476
2026-10-06 08:30:09,063 INFO o.a.j.t.JMeterThread: Stopping because end time detected by thread: S2 1-445
2026-10-06 08:30:09,063 INFO o.a.j.t.JMeterThread: Thread finished: S2 1-445
2026-10-06 08:30:09,064 INFO o.a.j.t.JMeterThread: Stopping because end time detected by thread: S2 1-473
2026-10-06 08:30:09,064 INFO o.a.j.t.JMeterThread: Thread finished: S2 1-473
2026-10-06 08:30:09,064 INFO o.a.j.t.JMeterThread: Stopping because end time detected by thread: S2 1-413
2026-10-06 08:30:09,064 INFO o.a.j.t.JMeterThread: Thread finished: S2 1-413
2026-10-06 08:30:09,065 INFO o.a.j.t.JMeterThread: Stopping because end time detected by thread: S2 1-485
2026-10-06 08:30:09,065 INFO o.a.j.t.JMeterThread: Thread finished: S2 1-485
2026-10-06 08:30:09,065 INFO o.a.j.t.JMeterThread: Stopping because end time detected by thread: S2 1-470
2026-10-06 08:30:09,065 INFO o.a.j.t.JMeterThread: Thread finished: S2 1-470
2026-10-06 08:30:09,066 INFO o.a.j.t.JMeterThread: Stopping because end time detected by thread: S2 1-401
2026-10-06 08:30:09,066 INFO o.a.j.t.JMeterThread: Thread finished: S2 1-401
2026-10-06 08:30:09,066 INFO o.a.j.t.JMeterThread: Stopping because end time detected by thread: S2 1-465
2026-10-06 08:30:09,066 INFO o.a.j.t.JMeterThread: Thread finished: S2 1-465
2026-10-06 08:30:09,067 INFO o.a.j.t.JMeterThread: Stopping because end time detected by thread: S2 1-440
2026-10-06 08:30:09,067 INFO o.a.j.t.JMeterThread: Thread finished: S2 1-440
2026-10-06 08:30:09,067 INFO o.a.j.t.JMeterThread: Stopping because end time detected by thread: S2 1-330
2026-10-06 08:30:09,067 INFO o.a.j.t.JMeterThread: Thread finished: S2 1-330
2026-10-06 08:30:09,067 INFO o.a.j.t.JMeterThread: Stopping because end time detected by thread: S2 1-453
2026-10-06 08:30:09,067 INFO o.a.j.t.JMeterThread: Thread finished: S2 1-453
2026-10-06 08:30:09,067 INFO o.a.j.t.JMeterThread: Stopping because end time detected by thread: S2 1-414
2026-10-06 08:30:09,067 INFO o.a.j.t.JMeterThread: Thread finished: S2 1-414
2026-10-06 08:30:09,068 INFO o.a.j.t.JMeterThread: Stopping because end time detected by thread: S2 1-410
2026-10-06 08:30:09,068 INFO o.a.j.t.JMeterThread: Stopping because end time detected by thread: S2 1-301
2026-10-06 08:30:09,068 INFO o.a.j.t.JMeterThread: Thread finished: S2 1-410
2026-10-06 08:30:09,068 INFO o.a.j.t.JMeterThread: Thread finished: S2 1-301
2026-10-06 08:30:09,068 INFO o.a.j.t.JMeterThread: Stopping because end time detected by thread: S2 1-358
2026-10-06 08:30:09,068 INFO o.a.j.t.JMeterThread: Thread finished: S2 1-358
2026-10-06 08:30:09,068 INFO o.a.j.t.JMeterThread: Stopping because end time detected by thread: S2 1-411
2026-10-06 08:30:09,068 INFO o.a.j.t.JMeterThread: Thread finished: S2 1-411
2026-10-06 08:30:09,069 INFO o.a.j.t.JMeterThread: Stopping because end time detected by thread: S2 1-499
2026-10-06 08:30:09,069 INFO o.a.j.t.JMeterThread: Thread finished: S2 1-499
2026-10-06 08:30:09,069 INFO o.a.j.t.JMeterThread: Stopping because end time detected by thread: S2 1-494
2026-10-06 08:30:09,069 INFO o.a.j.t.JMeterThread: Thread finished: S2 1-494
2026-10-06 08:30:09,069 INFO o.a.j.t.JMeterThread: Stopping because end time detected by thread: S2 1-500
2026-10-06 08:30:09,070 INFO o.a.j.t.JMeterThread: Thread finished: S2 1-500
2026-10-06 08:30:09,070 INFO o.a.j.t.JMeterThread: Stopping because end time detected by thread: S2 1-463
2026-10-06 08:30:09,070 INFO o.a.j.t.JMeterThread: Thread finished: S2 1-463
2026-10-06 08:30:09,070 INFO o.a.j.t.JMeterThread: Stopping because end time detected by thread: S2 1-407
2026-10-06 08:30:09,070 INFO o.a.j.t.JMeterThread: Thread finished: S2 1-407
2026-10-06 08:30:09,071 INFO o.a.j.t.JMeterThread: Stopping because end time detected by thread: S2 1-489
2026-10-06 08:30:09,071 INFO o.a.j.t.JMeterThread: Stopping because end time detected by thread: S2 1-483
2026-10-06 08:30:09,071 INFO o.a.j.t.JMeterThread: Thread finished: S2 1-489
2026-10-06 08:30:09,071 INFO o.a.j.t.JMeterThread: Thread finished: S2 1-483
2026-10-06 08:30:09,071 INFO o.a.j.t.JMeterThread: Stopping because end time detected by thread: S2 1-375
2026-10-06 08:30:09,071 INFO o.a.j.t.JMeterThread: Thread finished: S2 1-375
2026-10-06 08:30:09,071 INFO o.a.j.t.JMeterThread: Stopping because end time detected by thread: S2 1-456
2026-10-06 08:30:09,071 INFO o.a.j.t.JMeterThread: Thread finished: S2 1-456
2026-10-06 08:30:09,071 INFO o.a.j.t.JMeterThread: Stopping because end time detected by thread: S2 1-402
2026-10-06 08:30:09,071 INFO o.a.j.t.JMeterThread: Stopping because end time detected by thread: S2 1-397
2026-10-06 08:30:09,071 INFO o.a.j.t.JMeterThread: Thread finished: S2 1-402
2026-10-06 08:30:09,072 INFO o.a.j.t.JMeterThread: Thread finished: S2 1-397
2026-10-06 08:30:09,072 INFO o.a.j.t.JMeterThread: Stopping because end time detected by thread: S2 1-495
2026-10-06 08:30:09,072 INFO o.a.j.t.JMeterThread: Thread finished: S2 1-495
2026-10-06 08:30:09,072 INFO o.a.j.t.JMeterThread: Stopping because end time detected by thread: S2 1-492
2026-10-06 08:30:09,073 INFO o.a.j.t.JMeterThread: Thread finished: S2 1-492
2026-10-06 08:30:09,074 INFO o.a.j.t.JMeterThread: Stopping because end time detected by thread: S2 1-366
2026-10-06 08:30:09,074 INFO o.a.j.t.JMeterThread: Stopping because end time detected by thread: S2 1-292
2026-10-06 08:30:09,074 INFO o.a.j.t.JMeterThread: Thread finished: S2 1-366
2026-10-06 08:30:09,074 INFO o.a.j.t.JMeterThread: Thread finished: S2 1-292
2026-10-06 08:30:09,074 INFO o.a.j.t.JMeterThread: Stopping because end time detected by thread: S2 1-307
2026-10-06 08:30:09,074 INFO o.a.j.t.JMeterThread: Stopping because end time detected by thread: S2 1-356
2026-10-06 08:30:09,074 INFO o.a.j.t.JMeterThread: Thread finished: S2 1-307
2026-10-06 08:30:09,074 INFO o.a.j.t.JMeterThread: Thread finished: S2 1-356
2026-10-06 08:30:09,075 INFO o.a.j.t.JMeterThread: Stopping because end time detected by thread: S2 1-386
2026-10-06 08:30:09,075 INFO o.a.j.t.JMeterThread: Thread finished: S2 1-386
2026-10-06 08:30:09,076 INFO o.a.j.t.JMeterThread: Stopping because end time detected by thread: S2 1-353
2026-10-06 08:30:09,076 INFO o.a.j.t.JMeterThread: Stopping because end time detected by thread: S2 1-428
2026-10-06 08:30:09,076 INFO o.a.j.t.JMeterThread: Thread finished: S2 1-353
2026-10-06 08:30:09,076 INFO o.a.j.t.JMeterThread: Thread finished: S2 1-428
2026-10-06 08:30:09,076 INFO o.a.j.t.JMeterThread: Stopping because end time detected by thread: S2 1-432
2026-10-06 08:30:09,076 INFO o.a.j.t.JMeterThread: Thread finished: S2 1-432
2026-10-06 08:30:09,077 INFO o.a.j.t.JMeterThread: Stopping because end time detected by thread: S2 1-419
2026-10-06 08:30:09,077 INFO o.a.j.t.JMeterThread: Thread finished: S2 1-419
2026-10-06 08:30:09,078 INFO o.a.j.t.JMeterThread: Stopping because end time detected by thread: S2 1-471
2026-10-06 08:30:09,078 INFO o.a.j.t.JMeterThread: Thread finished: S2 1-471
2026-10-06 08:30:09,079 INFO o.a.j.t.JMeterThread: Stopping because end time detected by thread: S2 1-389
2026-10-06 08:30:09,079 INFO o.a.j.t.JMeterThread: Thread finished: S2 1-389
2026-10-06 08:30:09,079 INFO o.a.j.t.JMeterThread: Stopping because end time detected by thread: S2 1-486
2026-10-06 08:30:09,079 INFO o.a.j.t.JMeterThread: Thread finished: S2 1-486
2026-10-06 08:30:09,080 INFO o.a.j.t.JMeterThread: Stopping because end time detected by thread: S2 1-464
2026-10-06 08:30:09,080 INFO o.a.j.t.JMeterThread: Thread finished: S2 1-464
2026-10-06 08:30:09,080 INFO o.a.j.t.JMeterThread: Stopping because end time detected by thread: S2 1-472
2026-10-06 08:30:09,080 INFO o.a.j.t.JMeterThread: Thread finished: S2 1-472
2026-10-06 08:30:09,081 INFO o.a.j.t.JMeterThread: Stopping because end time detected by thread: S2 1-469
2026-10-06 08:30:09,081 INFO o.a.j.t.JMeterThread: Thread finished: S2 1-469
2026-10-06 08:30:09,081 INFO o.a.j.t.JMeterThread: Stopping because end time detected by thread: S2 1-429
2026-10-06 08:30:09,082 INFO o.a.j.t.JMeterThread: Thread finished: S2 1-429
2026-10-06 08:30:09,082 INFO o.a.j.t.JMeterThread: Stopping because end time detected by thread: S2 1-490
2026-10-06 08:30:09,082 INFO o.a.j.t.JMeterThread: Thread finished: S2 1-490
2026-10-06 08:30:09,082 INFO o.a.j.t.JMeterThread: Stopping because end time detected by thread: S2 1-466
2026-10-06 08:30:09,082 INFO o.a.j.t.JMeterThread: Thread finished: S2 1-466
2026-10-06 08:30:09,082 INFO o.a.j.t.JMeterThread: Stopping because end time detected by thread: S2 1-497
2026-10-06 08:30:09,082 INFO o.a.j.t.JMeterThread: Thread finished: S2 1-497
2026-10-06 08:30:09,082 INFO o.a.j.t.JMeterThread: Stopping because end time detected by thread: S2 1-493
2026-10-06 08:30:09,082 INFO o.a.j.t.JMeterThread: Thread finished: S2 1-493
2026-10-06 08:30:09,082 INFO o.a.j.t.JMeterThread: Stopping because end time detected by thread: S2 1-474
2026-10-06 08:30:09,083 INFO o.a.j.t.JMeterThread: Thread finished: S2 1-474
2026-10-06 08:30:09,083 INFO o.a.j.t.JMeterThread: Stopping because end time detected by thread: S2 1-439
2026-10-06 08:30:09,083 INFO o.a.j.t.JMeterThread: Thread finished: S2 1-439
2026-10-06 08:30:09,084 INFO o.a.j.t.JMeterThread: Stopping because end time detected by thread: S2 1-373
2026-10-06 08:30:09,084 INFO o.a.j.t.JMeterThread: Thread finished: S2 1-373
2026-10-06 08:30:09,084 INFO o.a.j.t.JMeterThread: Stopping because end time detected by thread: S2 1-496
2026-10-06 08:30:09,084 INFO o.a.j.t.JMeterThread: Thread finished: S2 1-496
2026-10-06 08:30:09,086 INFO o.a.j.t.JMeterThread: Stopping because end time detected by thread: S2 1-484
2026-10-06 08:30:09,086 INFO o.a.j.t.JMeterThread: Thread finished: S2 1-484
2026-10-06 08:30:09,086 INFO o.a.j.t.JMeterThread: Stopping because end time detected by thread: S2 1-498
2026-10-06 08:30:09,086 INFO o.a.j.t.JMeterThread: Thread finished: S2 1-498
2026-10-06 08:30:09,086 INFO o.a.j.t.JMeterThread: Stopping because end time detected by thread: S2 1-437
2026-10-06 08:30:09,087 INFO o.a.j.t.JMeterThread: Thread finished: S2 1-437
2026-10-06 08:30:09,088 INFO o.a.j.t.JMeterThread: Stopping because end time detected by thread: S2 1-479
2026-10-06 08:30:09,088 INFO o.a.j.t.JMeterThread: Thread finished: S2 1-479
2026-10-06 08:30:09,090 INFO o.a.j.t.JMeterThread: Stopping because end time detected by thread: S2 1-468
2026-10-06 08:30:09,090 INFO o.a.j.t.JMeterThread: Thread finished: S2 1-468
2026-10-06 08:30:09,091 INFO o.a.j.t.JMeterThread: Stopping because end time detected by thread: S2 1-460
2026-10-06 08:30:09,091 INFO o.a.j.t.JMeterThread: Thread finished: S2 1-460
2026-10-06 08:30:09,091 INFO o.a.j.t.JMeterThread: Stopping because end time detected by thread: S2 1-443
2026-10-06 08:30:09,092 INFO o.a.j.t.JMeterThread: Thread finished: S2 1-443
2026-10-06 08:30:09,092 INFO o.a.j.t.JMeterThread: Stopping because end time detected by thread: S2 1-477
2026-10-06 08:30:09,092 INFO o.a.j.t.JMeterThread: Thread finished: S2 1-477
2026-10-06 08:30:09,092 INFO o.a.j.t.JMeterThread: Stopping because end time detected by thread: S2 1-425
2026-10-06 08:30:09,092 INFO o.a.j.t.JMeterThread: Thread finished: S2 1-425
2026-10-06 08:30:09,093 INFO o.a.j.t.JMeterThread: Stopping because end time detected by thread: S2 1-491
2026-10-06 08:30:09,093 INFO o.a.j.t.JMeterThread: Thread finished: S2 1-491
2026-10-06 08:30:09,093 INFO o.a.j.t.JMeterThread: Stopping because end time detected by thread: S2 1-480
2026-10-06 08:30:09,093 INFO o.a.j.t.JMeterThread: Thread finished: S2 1-480
2026-10-06 08:30:09,094 INFO o.a.j.t.JMeterThread: Stopping because end time detected by thread: S2 1-487
2026-10-06 08:30:09,094 INFO o.a.j.t.JMeterThread: Thread finished: S2 1-487
2026-10-06 08:30:09,095 INFO o.a.j.e.StandardJMeterEngine: Notifying test listeners of end of test
2026-10-06 08:30:09,095 INFO o.a.j.s.FileServer: Close: /tests/data/available_menu_items.csv
2026-10-06 08:30:09,097 INFO o.a.j.r.Summariser: summary +  18787 in 00:00:09 = 2065.2/s Avg:   242 Min:    55 Max:   341 Err:     0 (0.00%) Active: 0 Started: 500 Finished: 500
2026-10-06 08:30:09,098 INFO o.a.j.r.Summariser: summary = 120949 in 00:01:01 = 1978.0/s Avg:   240 Min:     3 Max:   534 Err:     1 (0.00%)
