2026-10-06 08:28:02,012 INFO o.a.j.u.JMeterUtils: Setting Locale to en_EN
2026-10-06 08:28:02,032 INFO o.a.j.JMeter: Loading user properties from: /opt/jmeter/bin/user.properties
2026-10-06 08:28:02,033 INFO o.a.j.JMeter: Loading system properties from: /opt/jmeter/bin/system.properties
2026-10-06 08:28:02,033 INFO o.a.j.JMeter: Loading additional properties from: /tests/run.properties
2026-10-06 08:28:02,033 INFO o.a.j.JMeter: Loading additional properties from: /tests/data/ranges.properties
2026-10-06 08:28:02,033 INFO o.a.j.JMeter: Setting JMeter property: host=nestjs-nginx
2026-10-06 08:28:02,033 INFO o.a.j.JMeter: Setting JMeter property: port=80
2026-10-06 08:28:02,033 INFO o.a.j.JMeter: Setting JMeter property: rampup=10
2026-10-06 08:28:02,033 INFO o.a.j.JMeter: Setting JMeter property: endpoint=EP7
2026-10-06 08:28:02,033 INFO o.a.j.JMeter: Setting JMeter property: users=500
2026-10-06 08:28:02,033 INFO o.a.j.JMeter: Setting JMeter property: duration=60
2026-10-06 08:28:02,038 INFO o.a.j.JMeter: Copyright (c) 1998-2024 The Apache Software Foundation
2026-10-06 08:28:02,038 INFO o.a.j.JMeter: Version 5.6.3
2026-10-06 08:28:02,038 INFO o.a.j.JMeter: java.version=21.0.12.1
2026-10-06 08:28:02,038 INFO o.a.j.JMeter: java.vm.name=OpenJDK 64-Bit Server VM
2026-10-06 08:28:02,038 INFO o.a.j.JMeter: os.name=Linux
2026-10-06 08:28:02,038 INFO o.a.j.JMeter: os.arch=amd64
2026-10-06 08:28:02,038 INFO o.a.j.JMeter: os.version=6.6.87.2-microsoft-standard-WSL2
2026-10-06 08:28:02,038 INFO o.a.j.JMeter: file.encoding=UTF-8
2026-10-06 08:28:02,038 INFO o.a.j.JMeter: java.awt.headless=true
2026-10-06 08:28:02,038 INFO o.a.j.JMeter: Max memory     =4294967296
2026-10-06 08:28:02,038 INFO o.a.j.JMeter: Available Processors =12
2026-10-06 08:28:02,047 INFO o.a.j.JMeter: Default Locale=English (EN)
2026-10-06 08:28:02,047 INFO o.a.j.JMeter: JMeter  Locale=English (EN)
2026-10-06 08:28:02,047 INFO o.a.j.JMeter: JMeterHome=/opt/jmeter
2026-10-06 08:28:02,048 INFO o.a.j.JMeter: user.dir  =/tests
2026-10-06 08:28:02,048 INFO o.a.j.JMeter: PWD       =/tests
2026-10-06 08:28:02,048 INFO o.a.j.JMeter: IP: 172.19.0.5 Name: 6432644a5e54 FullName: 6432644a5e54
2026-10-06 08:28:02,057 INFO o.a.j.s.FileServer: Default base='/tests'
2026-10-06 08:28:02,059 INFO o.a.j.s.FileServer: Set new base='/tests'
2026-10-06 08:28:02,205 INFO o.a.j.s.SaveService: Testplan (JMX) version: 2.2. Testlog (JTL) version: 2.2
2026-10-06 08:28:02,227 INFO o.a.j.s.SaveService: Using SaveService properties version 5.0
2026-10-06 08:28:02,230 INFO o.a.j.s.SaveService: Using SaveService properties file encoding UTF-8
2026-10-06 08:28:02,234 INFO o.a.j.s.SaveService: Loading file: /tests/s2.jmx
2026-10-06 08:28:02,276 INFO o.a.j.p.h.s.HTTPSamplerBase: Parser for text/html is org.apache.jmeter.protocol.http.parser.LagartoBasedHtmlParser
2026-10-06 08:28:02,276 INFO o.a.j.p.h.s.HTTPSamplerBase: Parser for application/xhtml+xml is org.apache.jmeter.protocol.http.parser.LagartoBasedHtmlParser
2026-10-06 08:28:02,276 INFO o.a.j.p.h.s.HTTPSamplerBase: Parser for application/xml is org.apache.jmeter.protocol.http.parser.LagartoBasedHtmlParser
2026-10-06 08:28:02,277 INFO o.a.j.p.h.s.HTTPSamplerBase: Parser for text/xml is org.apache.jmeter.protocol.http.parser.LagartoBasedHtmlParser
2026-10-06 08:28:02,277 INFO o.a.j.p.h.s.HTTPSamplerBase: Parser for text/vnd.wap.wml is org.apache.jmeter.protocol.http.parser.RegexpHTMLParser
2026-10-06 08:28:02,277 INFO o.a.j.p.h.s.HTTPSamplerBase: Parser for text/css is org.apache.jmeter.protocol.http.parser.CssParser
2026-10-06 08:28:02,322 INFO o.a.j.JMeter: Creating summariser <summary>
2026-10-06 08:28:02,336 INFO o.a.j.e.StandardJMeterEngine: Running the test!
2026-10-06 08:28:02,337 INFO o.a.j.s.SampleEvent: List of sample_variables: []
2026-10-06 08:28:02,337 INFO o.a.j.s.SampleEvent: List of sample_variables: []
2026-10-06 08:28:02,340 INFO o.a.j.e.u.CompoundVariable: Note: Function class names must contain the string: '.functions.'
2026-10-06 08:28:02,340 INFO o.a.j.e.u.CompoundVariable: Note: Function class names must not contain the string: '.gui.'
2026-10-06 08:28:02,543 INFO o.a.j.JMeter: Running test (1791275282543)
2026-10-06 08:28:02,544 INFO o.a.j.e.StandardJMeterEngine: Starting setUp thread groups
2026-10-06 08:28:02,544 INFO o.a.j.e.StandardJMeterEngine: Starting setUp ThreadGroup: 1 : setUp - login 
2026-10-06 08:28:02,544 INFO o.a.j.e.StandardJMeterEngine: Starting 1 threads for group setUp - login.
2026-10-06 08:28:02,544 INFO o.a.j.e.StandardJMeterEngine: Test will stop abruptly on error
2026-10-06 08:28:02,544 INFO o.a.j.t.ThreadGroup: Starting thread group... number=1 threads=1 ramp-up=1 delayedStart=false
2026-10-06 08:28:02,547 INFO o.a.j.t.ThreadGroup: Started thread group number 1
2026-10-06 08:28:02,547 INFO o.a.j.e.StandardJMeterEngine: Waiting for all setup thread groups to exit
2026-10-06 08:28:02,549 INFO o.a.j.t.JMeterThread: Thread started: setUp - login 1-1
2026-10-06 08:28:02,560 INFO o.a.j.p.h.s.HTTPHCAbstractImpl: Local host = 6432644a5e54
2026-10-06 08:28:02,564 INFO o.a.j.p.h.s.HTTPHC4Impl: HTTP request retry count = 0
2026-10-06 08:28:02,565 INFO o.a.j.s.SampleResult: Note: Sample TimeStamps are START times
2026-10-06 08:28:02,565 INFO o.a.j.s.SampleResult: sampleresult.default.encoding is set to UTF-8
2026-10-06 08:28:02,565 INFO o.a.j.s.SampleResult: sampleresult.useNanoTime=true
2026-10-06 08:28:02,565 INFO o.a.j.s.SampleResult: sampleresult.nanoThreadSleep=5000
2026-10-06 08:28:03,338 INFO o.a.j.r.Summariser: summary +      1 in 00:00:01 =    1.3/s Avg:   301 Min:   301 Max:   301 Err:     0 (0.00%) Active: 1 Started: 1 Finished: 0
2026-10-06 08:28:03,339 INFO o.a.j.t.JMeterThread: Thread is done: setUp - login 1-1
2026-10-06 08:28:03,339 INFO o.a.j.t.JMeterThread: Thread finished: setUp - login 1-1
2026-10-06 08:28:03,340 INFO o.a.j.e.StandardJMeterEngine: All Setup Threads have ended
2026-10-06 08:28:03,363 INFO o.a.j.e.StandardJMeterEngine: Starting ThreadGroup: 1 : S2
2026-10-06 08:28:03,364 INFO o.a.j.e.StandardJMeterEngine: Starting 500 threads for group S2.
2026-10-06 08:28:03,364 INFO o.a.j.e.StandardJMeterEngine: Thread will continue on error
2026-10-06 08:28:03,364 INFO o.a.j.t.ThreadGroup: Starting thread group... number=1 threads=500 ramp-up=10 delayedStart=false
2026-10-06 08:28:03,375 INFO o.a.j.t.JMeterThread: Thread started: S2 1-1
2026-10-06 08:28:03,376 INFO o.a.j.s.FileServer: Stored: /tests/data/available_menu_items.csv
2026-10-06 08:28:03,394 INFO o.a.j.t.JMeterThread: Thread started: S2 1-2
2026-10-06 08:28:03,413 INFO o.a.j.t.JMeterThread: Thread started: S2 1-3
2026-10-06 08:28:03,433 INFO o.a.j.t.JMeterThread: Thread started: S2 1-4
2026-10-06 08:28:03,450 INFO o.a.j.t.JMeterThread: Thread started: S2 1-5
2026-10-06 08:28:03,471 INFO o.a.j.t.JMeterThread: Thread started: S2 1-6
2026-10-06 08:28:03,490 INFO o.a.j.t.JMeterThread: Thread started: S2 1-7
2026-10-06 08:28:03,508 INFO o.a.j.t.JMeterThread: Thread started: S2 1-8
2026-10-06 08:28:03,527 INFO o.a.j.t.JMeterThread: Thread started: S2 1-9
2026-10-06 08:28:03,552 INFO o.a.j.t.JMeterThread: Thread started: S2 1-10
2026-10-06 08:28:03,567 INFO o.a.j.t.JMeterThread: Thread started: S2 1-11
2026-10-06 08:28:03,586 INFO o.a.j.t.JMeterThread: Thread started: S2 1-12
2026-10-06 08:28:03,606 INFO o.a.j.t.JMeterThread: Thread started: S2 1-13
2026-10-06 08:28:03,626 INFO o.a.j.t.JMeterThread: Thread started: S2 1-14
2026-10-06 08:28:03,648 INFO o.a.j.t.JMeterThread: Thread started: S2 1-15
2026-10-06 08:28:03,667 INFO o.a.j.t.JMeterThread: Thread started: S2 1-16
2026-10-06 08:28:03,686 INFO o.a.j.t.JMeterThread: Thread started: S2 1-17
2026-10-06 08:28:03,705 INFO o.a.j.t.JMeterThread: Thread started: S2 1-18
2026-10-06 08:28:03,725 INFO o.a.j.t.JMeterThread: Thread started: S2 1-19
2026-10-06 08:28:03,747 INFO o.a.j.t.JMeterThread: Thread started: S2 1-20
2026-10-06 08:28:03,766 INFO o.a.j.t.JMeterThread: Thread started: S2 1-21
2026-10-06 08:28:03,774 INFO o.a.j.t.ThreadGroup: Started thread group number 1
2026-10-06 08:28:03,774 INFO o.a.j.e.StandardJMeterEngine: All thread groups have been started
2026-10-06 08:28:03,787 INFO o.a.j.t.JMeterThread: Thread started: S2 1-22
2026-10-06 08:28:03,805 INFO o.a.j.t.JMeterThread: Thread started: S2 1-23
2026-10-06 08:28:03,826 INFO o.a.j.t.JMeterThread: Thread started: S2 1-24
2026-10-06 08:28:03,846 INFO o.a.j.t.JMeterThread: Thread started: S2 1-25
2026-10-06 08:28:03,866 INFO o.a.j.t.JMeterThread: Thread started: S2 1-26
2026-10-06 08:28:03,885 INFO o.a.j.t.JMeterThread: Thread started: S2 1-27
2026-10-06 08:28:03,905 INFO o.a.j.t.JMeterThread: Thread started: S2 1-28
2026-10-06 08:28:03,927 INFO o.a.j.t.JMeterThread: Thread started: S2 1-29
2026-10-06 08:28:03,946 INFO o.a.j.t.JMeterThread: Thread started: S2 1-30
2026-10-06 08:28:03,965 INFO o.a.j.t.JMeterThread: Thread started: S2 1-31
2026-10-06 08:28:03,986 INFO o.a.j.t.JMeterThread: Thread started: S2 1-32
2026-10-06 08:28:04,005 INFO o.a.j.t.JMeterThread: Thread started: S2 1-33
2026-10-06 08:28:04,026 INFO o.a.j.t.JMeterThread: Thread started: S2 1-34
2026-10-06 08:28:04,045 INFO o.a.j.t.JMeterThread: Thread started: S2 1-35
2026-10-06 08:28:04,066 INFO o.a.j.t.JMeterThread: Thread started: S2 1-36
2026-10-06 08:28:04,085 INFO o.a.j.t.JMeterThread: Thread started: S2 1-37
2026-10-06 08:28:04,106 INFO o.a.j.t.JMeterThread: Thread started: S2 1-38
2026-10-06 08:28:04,126 INFO o.a.j.t.JMeterThread: Thread started: S2 1-39
2026-10-06 08:28:04,146 INFO o.a.j.t.JMeterThread: Thread started: S2 1-40
2026-10-06 08:28:04,168 INFO o.a.j.t.JMeterThread: Thread started: S2 1-41
2026-10-06 08:28:04,186 INFO o.a.j.t.JMeterThread: Thread started: S2 1-42
2026-10-06 08:28:04,205 INFO o.a.j.t.JMeterThread: Thread started: S2 1-43
2026-10-06 08:28:04,225 INFO o.a.j.t.JMeterThread: Thread started: S2 1-44
2026-10-06 08:28:04,245 INFO o.a.j.t.JMeterThread: Thread started: S2 1-45
2026-10-06 08:28:04,265 INFO o.a.j.t.JMeterThread: Thread started: S2 1-46
2026-10-06 08:28:04,286 INFO o.a.j.t.JMeterThread: Thread started: S2 1-47
2026-10-06 08:28:04,306 INFO o.a.j.t.JMeterThread: Thread started: S2 1-48
2026-10-06 08:28:04,326 INFO o.a.j.t.JMeterThread: Thread started: S2 1-49
2026-10-06 08:28:04,345 INFO o.a.j.t.JMeterThread: Thread started: S2 1-50
2026-10-06 08:28:04,365 INFO o.a.j.t.JMeterThread: Thread started: S2 1-51
2026-10-06 08:28:04,386 INFO o.a.j.t.JMeterThread: Thread started: S2 1-52
2026-10-06 08:28:04,405 INFO o.a.j.t.JMeterThread: Thread started: S2 1-53
2026-10-06 08:28:04,426 INFO o.a.j.t.JMeterThread: Thread started: S2 1-54
2026-10-06 08:28:04,446 INFO o.a.j.t.JMeterThread: Thread started: S2 1-55
2026-10-06 08:28:04,466 INFO o.a.j.t.JMeterThread: Thread started: S2 1-56
2026-10-06 08:28:04,486 INFO o.a.j.t.JMeterThread: Thread started: S2 1-57
2026-10-06 08:28:04,506 INFO o.a.j.t.JMeterThread: Thread started: S2 1-58
2026-10-06 08:28:04,525 INFO o.a.j.t.JMeterThread: Thread started: S2 1-59
2026-10-06 08:28:04,546 INFO o.a.j.t.JMeterThread: Thread started: S2 1-60
2026-10-06 08:28:04,565 INFO o.a.j.t.JMeterThread: Thread started: S2 1-61
2026-10-06 08:28:04,585 INFO o.a.j.t.JMeterThread: Thread started: S2 1-62
2026-10-06 08:28:04,606 INFO o.a.j.t.JMeterThread: Thread started: S2 1-63
2026-10-06 08:28:04,624 INFO o.a.j.t.JMeterThread: Thread started: S2 1-64
2026-10-06 08:28:04,646 INFO o.a.j.t.JMeterThread: Thread started: S2 1-65
2026-10-06 08:28:04,665 INFO o.a.j.t.JMeterThread: Thread started: S2 1-66
2026-10-06 08:28:04,685 INFO o.a.j.t.JMeterThread: Thread started: S2 1-67
2026-10-06 08:28:04,705 INFO o.a.j.t.JMeterThread: Thread started: S2 1-68
2026-10-06 08:28:04,726 INFO o.a.j.t.JMeterThread: Thread started: S2 1-69
2026-10-06 08:28:04,745 INFO o.a.j.t.JMeterThread: Thread started: S2 1-70
2026-10-06 08:28:04,767 INFO o.a.j.t.JMeterThread: Thread started: S2 1-71
2026-10-06 08:28:04,786 INFO o.a.j.t.JMeterThread: Thread started: S2 1-72
2026-10-06 08:28:04,805 INFO o.a.j.t.JMeterThread: Thread started: S2 1-73
2026-10-06 08:28:04,826 INFO o.a.j.t.JMeterThread: Thread started: S2 1-74
2026-10-06 08:28:04,845 INFO o.a.j.t.JMeterThread: Thread started: S2 1-75
2026-10-06 08:28:04,865 INFO o.a.j.t.JMeterThread: Thread started: S2 1-76
2026-10-06 08:28:04,885 INFO o.a.j.t.JMeterThread: Thread started: S2 1-77
2026-10-06 08:28:04,905 INFO o.a.j.t.JMeterThread: Thread started: S2 1-78
2026-10-06 08:28:04,925 INFO o.a.j.t.JMeterThread: Thread started: S2 1-79
2026-10-06 08:28:04,945 INFO o.a.j.t.JMeterThread: Thread started: S2 1-80
2026-10-06 08:28:04,966 INFO o.a.j.t.JMeterThread: Thread started: S2 1-81
2026-10-06 08:28:04,985 INFO o.a.j.t.JMeterThread: Thread started: S2 1-82
2026-10-06 08:28:05,005 INFO o.a.j.t.JMeterThread: Thread started: S2 1-83
2026-10-06 08:28:05,026 INFO o.a.j.t.JMeterThread: Thread started: S2 1-84
2026-10-06 08:28:05,046 INFO o.a.j.t.JMeterThread: Thread started: S2 1-85
2026-10-06 08:28:05,065 INFO o.a.j.t.JMeterThread: Thread started: S2 1-86
2026-10-06 08:28:05,086 INFO o.a.j.t.JMeterThread: Thread started: S2 1-87
2026-10-06 08:28:05,105 INFO o.a.j.t.JMeterThread: Thread started: S2 1-88
2026-10-06 08:28:05,126 INFO o.a.j.t.JMeterThread: Thread started: S2 1-89
2026-10-06 08:28:05,145 INFO o.a.j.t.JMeterThread: Thread started: S2 1-90
2026-10-06 08:28:05,166 INFO o.a.j.t.JMeterThread: Thread started: S2 1-91
2026-10-06 08:28:05,200 INFO o.a.j.t.JMeterThread: Thread started: S2 1-92
2026-10-06 08:28:05,205 INFO o.a.j.t.JMeterThread: Thread started: S2 1-93
2026-10-06 08:28:05,226 INFO o.a.j.t.JMeterThread: Thread started: S2 1-94
2026-10-06 08:28:05,246 INFO o.a.j.t.JMeterThread: Thread started: S2 1-95
2026-10-06 08:28:05,265 INFO o.a.j.t.JMeterThread: Thread started: S2 1-96
2026-10-06 08:28:05,286 INFO o.a.j.t.JMeterThread: Thread started: S2 1-97
2026-10-06 08:28:05,305 INFO o.a.j.t.JMeterThread: Thread started: S2 1-98
2026-10-06 08:28:05,325 INFO o.a.j.t.JMeterThread: Thread started: S2 1-99
2026-10-06 08:28:05,345 INFO o.a.j.t.JMeterThread: Thread started: S2 1-100
2026-10-06 08:28:05,367 INFO o.a.j.t.JMeterThread: Thread started: S2 1-101
2026-10-06 08:28:05,386 INFO o.a.j.t.JMeterThread: Thread started: S2 1-102
2026-10-06 08:28:05,405 INFO o.a.j.t.JMeterThread: Thread started: S2 1-103
2026-10-06 08:28:05,426 INFO o.a.j.t.JMeterThread: Thread started: S2 1-104
2026-10-06 08:28:05,446 INFO o.a.j.t.JMeterThread: Thread started: S2 1-105
2026-10-06 08:28:05,466 INFO o.a.j.t.JMeterThread: Thread started: S2 1-106
2026-10-06 08:28:05,486 INFO o.a.j.t.JMeterThread: Thread started: S2 1-107
2026-10-06 08:28:05,506 INFO o.a.j.t.JMeterThread: Thread started: S2 1-108
2026-10-06 08:28:05,526 INFO o.a.j.t.JMeterThread: Thread started: S2 1-109
2026-10-06 08:28:05,545 INFO o.a.j.t.JMeterThread: Thread started: S2 1-110
2026-10-06 08:28:05,565 INFO o.a.j.t.JMeterThread: Thread started: S2 1-111
2026-10-06 08:28:05,586 INFO o.a.j.t.JMeterThread: Thread started: S2 1-112
2026-10-06 08:28:05,606 INFO o.a.j.t.JMeterThread: Thread started: S2 1-113
2026-10-06 08:28:05,626 INFO o.a.j.t.JMeterThread: Thread started: S2 1-114
2026-10-06 08:28:05,646 INFO o.a.j.t.JMeterThread: Thread started: S2 1-115
2026-10-06 08:28:05,664 INFO o.a.j.t.JMeterThread: Thread started: S2 1-116
2026-10-06 08:28:05,685 INFO o.a.j.t.JMeterThread: Thread started: S2 1-117
2026-10-06 08:28:05,705 INFO o.a.j.t.JMeterThread: Thread started: S2 1-118
2026-10-06 08:28:05,725 INFO o.a.j.t.JMeterThread: Thread started: S2 1-119
2026-10-06 08:28:05,745 INFO o.a.j.t.JMeterThread: Thread started: S2 1-120
2026-10-06 08:28:05,766 INFO o.a.j.t.JMeterThread: Thread started: S2 1-121
2026-10-06 08:28:05,785 INFO o.a.j.t.JMeterThread: Thread started: S2 1-122
2026-10-06 08:28:05,806 INFO o.a.j.t.JMeterThread: Thread started: S2 1-123
2026-10-06 08:28:05,827 INFO o.a.j.t.JMeterThread: Thread started: S2 1-124
2026-10-06 08:28:05,848 INFO o.a.j.t.JMeterThread: Thread started: S2 1-125
2026-10-06 08:28:05,867 INFO o.a.j.t.JMeterThread: Thread started: S2 1-126
2026-10-06 08:28:05,886 INFO o.a.j.t.JMeterThread: Thread started: S2 1-127
2026-10-06 08:28:05,906 INFO o.a.j.t.JMeterThread: Thread started: S2 1-128
2026-10-06 08:28:05,928 INFO o.a.j.t.JMeterThread: Thread started: S2 1-129
2026-10-06 08:28:05,946 INFO o.a.j.t.JMeterThread: Thread started: S2 1-130
2026-10-06 08:28:05,967 INFO o.a.j.t.JMeterThread: Thread started: S2 1-131
2026-10-06 08:28:05,985 INFO o.a.j.t.JMeterThread: Thread started: S2 1-132
2026-10-06 08:28:06,006 INFO o.a.j.t.JMeterThread: Thread started: S2 1-133
2026-10-06 08:28:06,025 INFO o.a.j.t.JMeterThread: Thread started: S2 1-134
2026-10-06 08:28:06,044 INFO o.a.j.t.JMeterThread: Thread started: S2 1-135
2026-10-06 08:28:06,065 INFO o.a.j.t.JMeterThread: Thread started: S2 1-136
2026-10-06 08:28:06,084 INFO o.a.j.t.JMeterThread: Thread started: S2 1-137
2026-10-06 08:28:06,106 INFO o.a.j.t.JMeterThread: Thread started: S2 1-138
2026-10-06 08:28:06,124 INFO o.a.j.t.JMeterThread: Thread started: S2 1-139
2026-10-06 08:28:06,145 INFO o.a.j.t.JMeterThread: Thread started: S2 1-140
2026-10-06 08:28:06,166 INFO o.a.j.t.JMeterThread: Thread started: S2 1-141
2026-10-06 08:28:06,185 INFO o.a.j.t.JMeterThread: Thread started: S2 1-142
2026-10-06 08:28:06,206 INFO o.a.j.t.JMeterThread: Thread started: S2 1-143
2026-10-06 08:28:06,225 INFO o.a.j.t.JMeterThread: Thread started: S2 1-144
2026-10-06 08:28:06,246 INFO o.a.j.t.JMeterThread: Thread started: S2 1-145
2026-10-06 08:28:06,265 INFO o.a.j.t.JMeterThread: Thread started: S2 1-146
2026-10-06 08:28:06,285 INFO o.a.j.t.JMeterThread: Thread started: S2 1-147
2026-10-06 08:28:06,306 INFO o.a.j.t.JMeterThread: Thread started: S2 1-148
2026-10-06 08:28:06,328 INFO o.a.j.t.JMeterThread: Thread started: S2 1-149
2026-10-06 08:28:06,345 INFO o.a.j.t.JMeterThread: Thread started: S2 1-150
2026-10-06 08:28:06,365 INFO o.a.j.t.JMeterThread: Thread started: S2 1-151
2026-10-06 08:28:06,385 INFO o.a.j.t.JMeterThread: Thread started: S2 1-152
2026-10-06 08:28:06,405 INFO o.a.j.t.JMeterThread: Thread started: S2 1-153
2026-10-06 08:28:06,425 INFO o.a.j.t.JMeterThread: Thread started: S2 1-154
2026-10-06 08:28:06,444 INFO o.a.j.t.JMeterThread: Thread started: S2 1-155
2026-10-06 08:28:06,465 INFO o.a.j.t.JMeterThread: Thread started: S2 1-156
2026-10-06 08:28:06,485 INFO o.a.j.t.JMeterThread: Thread started: S2 1-157
2026-10-06 08:28:06,505 INFO o.a.j.t.JMeterThread: Thread started: S2 1-158
2026-10-06 08:28:06,526 INFO o.a.j.t.JMeterThread: Thread started: S2 1-159
2026-10-06 08:28:06,545 INFO o.a.j.t.JMeterThread: Thread started: S2 1-160
2026-10-06 08:28:06,566 INFO o.a.j.t.JMeterThread: Thread started: S2 1-161
2026-10-06 08:28:06,585 INFO o.a.j.t.JMeterThread: Thread started: S2 1-162
2026-10-06 08:28:06,606 INFO o.a.j.t.JMeterThread: Thread started: S2 1-163
2026-10-06 08:28:06,625 INFO o.a.j.t.JMeterThread: Thread started: S2 1-164
2026-10-06 08:28:06,646 INFO o.a.j.t.JMeterThread: Thread started: S2 1-165
2026-10-06 08:28:06,666 INFO o.a.j.t.JMeterThread: Thread started: S2 1-166
2026-10-06 08:28:06,686 INFO o.a.j.t.JMeterThread: Thread started: S2 1-167
2026-10-06 08:28:06,704 INFO o.a.j.t.JMeterThread: Thread started: S2 1-168
2026-10-06 08:28:06,726 INFO o.a.j.t.JMeterThread: Thread started: S2 1-169
2026-10-06 08:28:06,746 INFO o.a.j.t.JMeterThread: Thread started: S2 1-170
2026-10-06 08:28:06,765 INFO o.a.j.t.JMeterThread: Thread started: S2 1-171
2026-10-06 08:28:06,787 INFO o.a.j.t.JMeterThread: Thread started: S2 1-172
2026-10-06 08:28:06,805 INFO o.a.j.t.JMeterThread: Thread started: S2 1-173
2026-10-06 08:28:06,827 INFO o.a.j.t.JMeterThread: Thread started: S2 1-174
2026-10-06 08:28:06,845 INFO o.a.j.t.JMeterThread: Thread started: S2 1-175
2026-10-06 08:28:06,865 INFO o.a.j.t.JMeterThread: Thread started: S2 1-176
2026-10-06 08:28:06,886 INFO o.a.j.t.JMeterThread: Thread started: S2 1-177
2026-10-06 08:28:06,905 INFO o.a.j.t.JMeterThread: Thread started: S2 1-178
2026-10-06 08:28:06,925 INFO o.a.j.t.JMeterThread: Thread started: S2 1-179
2026-10-06 08:28:06,946 INFO o.a.j.t.JMeterThread: Thread started: S2 1-180
2026-10-06 08:28:06,965 INFO o.a.j.t.JMeterThread: Thread started: S2 1-181
2026-10-06 08:28:06,985 INFO o.a.j.t.JMeterThread: Thread started: S2 1-182
2026-10-06 08:28:07,005 INFO o.a.j.t.JMeterThread: Thread started: S2 1-183
2026-10-06 08:28:07,025 INFO o.a.j.t.JMeterThread: Thread started: S2 1-184
2026-10-06 08:28:07,045 INFO o.a.j.t.JMeterThread: Thread started: S2 1-185
2026-10-06 08:28:07,065 INFO o.a.j.t.JMeterThread: Thread started: S2 1-186
2026-10-06 08:28:07,085 INFO o.a.j.t.JMeterThread: Thread started: S2 1-187
2026-10-06 08:28:07,105 INFO o.a.j.t.JMeterThread: Thread started: S2 1-188
2026-10-06 08:28:07,126 INFO o.a.j.t.JMeterThread: Thread started: S2 1-189
2026-10-06 08:28:07,145 INFO o.a.j.t.JMeterThread: Thread started: S2 1-190
2026-10-06 08:28:07,166 INFO o.a.j.t.JMeterThread: Thread started: S2 1-191
2026-10-06 08:28:07,185 INFO o.a.j.t.JMeterThread: Thread started: S2 1-192
2026-10-06 08:28:07,205 INFO o.a.j.t.JMeterThread: Thread started: S2 1-193
2026-10-06 08:28:07,225 INFO o.a.j.t.JMeterThread: Thread started: S2 1-194
2026-10-06 08:28:07,245 INFO o.a.j.t.JMeterThread: Thread started: S2 1-195
2026-10-06 08:28:07,265 INFO o.a.j.t.JMeterThread: Thread started: S2 1-196
2026-10-06 08:28:07,286 INFO o.a.j.t.JMeterThread: Thread started: S2 1-197
2026-10-06 08:28:07,307 INFO o.a.j.t.JMeterThread: Thread started: S2 1-198
2026-10-06 08:28:07,331 INFO o.a.j.t.JMeterThread: Thread started: S2 1-199
2026-10-06 08:28:07,351 INFO o.a.j.t.JMeterThread: Thread started: S2 1-200
2026-10-06 08:28:07,370 INFO o.a.j.t.JMeterThread: Thread started: S2 1-201
2026-10-06 08:28:07,387 INFO o.a.j.t.JMeterThread: Thread started: S2 1-202
2026-10-06 08:28:07,405 INFO o.a.j.t.JMeterThread: Thread started: S2 1-203
2026-10-06 08:28:07,426 INFO o.a.j.t.JMeterThread: Thread started: S2 1-204
2026-10-06 08:28:07,445 INFO o.a.j.t.JMeterThread: Thread started: S2 1-205
2026-10-06 08:28:07,465 INFO o.a.j.t.JMeterThread: Thread started: S2 1-206
2026-10-06 08:28:07,485 INFO o.a.j.t.JMeterThread: Thread started: S2 1-207
2026-10-06 08:28:07,505 INFO o.a.j.t.JMeterThread: Thread started: S2 1-208
2026-10-06 08:28:07,525 INFO o.a.j.t.JMeterThread: Thread started: S2 1-209
2026-10-06 08:28:07,546 INFO o.a.j.t.JMeterThread: Thread started: S2 1-210
2026-10-06 08:28:07,565 INFO o.a.j.t.JMeterThread: Thread started: S2 1-211
2026-10-06 08:28:07,585 INFO o.a.j.t.JMeterThread: Thread started: S2 1-212
2026-10-06 08:28:07,604 INFO o.a.j.t.JMeterThread: Thread started: S2 1-213
2026-10-06 08:28:07,625 INFO o.a.j.t.JMeterThread: Thread started: S2 1-214
2026-10-06 08:28:07,646 INFO o.a.j.t.JMeterThread: Thread started: S2 1-215
2026-10-06 08:28:07,665 INFO o.a.j.t.JMeterThread: Thread started: S2 1-216
2026-10-06 08:28:07,685 INFO o.a.j.t.JMeterThread: Thread started: S2 1-217
2026-10-06 08:28:07,705 INFO o.a.j.t.JMeterThread: Thread started: S2 1-218
2026-10-06 08:28:07,725 INFO o.a.j.t.JMeterThread: Thread started: S2 1-219
2026-10-06 08:28:07,745 INFO o.a.j.t.JMeterThread: Thread started: S2 1-220
2026-10-06 08:28:07,766 INFO o.a.j.t.JMeterThread: Thread started: S2 1-221
2026-10-06 08:28:07,786 INFO o.a.j.t.JMeterThread: Thread started: S2 1-222
2026-10-06 08:28:07,805 INFO o.a.j.t.JMeterThread: Thread started: S2 1-223
2026-10-06 08:28:07,825 INFO o.a.j.t.JMeterThread: Thread started: S2 1-224
2026-10-06 08:28:07,845 INFO o.a.j.t.JMeterThread: Thread started: S2 1-225
2026-10-06 08:28:07,865 INFO o.a.j.t.JMeterThread: Thread started: S2 1-226
2026-10-06 08:28:07,885 INFO o.a.j.t.JMeterThread: Thread started: S2 1-227
2026-10-06 08:28:07,905 INFO o.a.j.t.JMeterThread: Thread started: S2 1-228
2026-10-06 08:28:07,927 INFO o.a.j.t.JMeterThread: Thread started: S2 1-229
2026-10-06 08:28:07,945 INFO o.a.j.t.JMeterThread: Thread started: S2 1-230
2026-10-06 08:28:07,965 INFO o.a.j.t.JMeterThread: Thread started: S2 1-231
2026-10-06 08:28:07,985 INFO o.a.j.t.JMeterThread: Thread started: S2 1-232
2026-10-06 08:28:08,006 INFO o.a.j.t.JMeterThread: Thread started: S2 1-233
2026-10-06 08:28:08,025 INFO o.a.j.t.JMeterThread: Thread started: S2 1-234
2026-10-06 08:28:08,045 INFO o.a.j.t.JMeterThread: Thread started: S2 1-235
2026-10-06 08:28:08,065 INFO o.a.j.t.JMeterThread: Thread started: S2 1-236
2026-10-06 08:28:08,086 INFO o.a.j.t.JMeterThread: Thread started: S2 1-237
2026-10-06 08:28:08,105 INFO o.a.j.t.JMeterThread: Thread started: S2 1-238
2026-10-06 08:28:08,126 INFO o.a.j.t.JMeterThread: Thread started: S2 1-239
2026-10-06 08:28:08,146 INFO o.a.j.t.JMeterThread: Thread started: S2 1-240
2026-10-06 08:28:08,166 INFO o.a.j.t.JMeterThread: Thread started: S2 1-241
2026-10-06 08:28:08,186 INFO o.a.j.t.JMeterThread: Thread started: S2 1-242
2026-10-06 08:28:08,206 INFO o.a.j.t.JMeterThread: Thread started: S2 1-243
2026-10-06 08:28:08,226 INFO o.a.j.t.JMeterThread: Thread started: S2 1-244
2026-10-06 08:28:08,246 INFO o.a.j.t.JMeterThread: Thread started: S2 1-245
2026-10-06 08:28:08,265 INFO o.a.j.t.JMeterThread: Thread started: S2 1-246
2026-10-06 08:28:08,287 INFO o.a.j.t.JMeterThread: Thread started: S2 1-247
2026-10-06 08:28:08,306 INFO o.a.j.t.JMeterThread: Thread started: S2 1-248
2026-10-06 08:28:08,325 INFO o.a.j.t.JMeterThread: Thread started: S2 1-249
2026-10-06 08:28:08,345 INFO o.a.j.t.JMeterThread: Thread started: S2 1-250
2026-10-06 08:28:08,366 INFO o.a.j.t.JMeterThread: Thread started: S2 1-251
2026-10-06 08:28:08,385 INFO o.a.j.t.JMeterThread: Thread started: S2 1-252
2026-10-06 08:28:08,406 INFO o.a.j.t.JMeterThread: Thread started: S2 1-253
2026-10-06 08:28:08,428 INFO o.a.j.t.JMeterThread: Thread started: S2 1-254
2026-10-06 08:28:08,446 INFO o.a.j.t.JMeterThread: Thread started: S2 1-255
2026-10-06 08:28:08,465 INFO o.a.j.t.JMeterThread: Thread started: S2 1-256
2026-10-06 08:28:08,485 INFO o.a.j.t.JMeterThread: Thread started: S2 1-257
2026-10-06 08:28:08,505 INFO o.a.j.t.JMeterThread: Thread started: S2 1-258
2026-10-06 08:28:08,525 INFO o.a.j.t.JMeterThread: Thread started: S2 1-259
2026-10-06 08:28:08,547 INFO o.a.j.t.JMeterThread: Thread started: S2 1-260
2026-10-06 08:28:08,565 INFO o.a.j.t.JMeterThread: Thread started: S2 1-261
2026-10-06 08:28:08,587 INFO o.a.j.t.JMeterThread: Thread started: S2 1-262
2026-10-06 08:28:08,605 INFO o.a.j.t.JMeterThread: Thread started: S2 1-263
2026-10-06 08:28:08,626 INFO o.a.j.t.JMeterThread: Thread started: S2 1-264
2026-10-06 08:28:08,645 INFO o.a.j.t.JMeterThread: Thread started: S2 1-265
2026-10-06 08:28:08,669 INFO o.a.j.t.JMeterThread: Thread started: S2 1-266
2026-10-06 08:28:08,685 INFO o.a.j.t.JMeterThread: Thread started: S2 1-267
2026-10-06 08:28:08,704 INFO o.a.j.t.JMeterThread: Thread started: S2 1-268
2026-10-06 08:28:08,726 INFO o.a.j.t.JMeterThread: Thread started: S2 1-269
2026-10-06 08:28:08,745 INFO o.a.j.t.JMeterThread: Thread started: S2 1-270
2026-10-06 08:28:08,764 INFO o.a.j.t.JMeterThread: Thread started: S2 1-271
2026-10-06 08:28:08,786 INFO o.a.j.t.JMeterThread: Thread started: S2 1-272
2026-10-06 08:28:08,805 INFO o.a.j.t.JMeterThread: Thread started: S2 1-273
2026-10-06 08:28:08,826 INFO o.a.j.t.JMeterThread: Thread started: S2 1-274
2026-10-06 08:28:08,848 INFO o.a.j.t.JMeterThread: Thread started: S2 1-275
2026-10-06 08:28:08,865 INFO o.a.j.t.JMeterThread: Thread started: S2 1-276
2026-10-06 08:28:08,886 INFO o.a.j.t.JMeterThread: Thread started: S2 1-277
2026-10-06 08:28:08,906 INFO o.a.j.t.JMeterThread: Thread started: S2 1-278
2026-10-06 08:28:08,925 INFO o.a.j.t.JMeterThread: Thread started: S2 1-279
2026-10-06 08:28:08,946 INFO o.a.j.t.JMeterThread: Thread started: S2 1-280
2026-10-06 08:28:08,966 INFO o.a.j.t.JMeterThread: Thread started: S2 1-281
2026-10-06 08:28:08,987 INFO o.a.j.t.JMeterThread: Thread started: S2 1-282
2026-10-06 08:28:09,005 INFO o.a.j.t.JMeterThread: Thread started: S2 1-283
2026-10-06 08:28:09,025 INFO o.a.j.t.JMeterThread: Thread started: S2 1-284
2026-10-06 08:28:09,045 INFO o.a.j.t.JMeterThread: Thread started: S2 1-285
2026-10-06 08:28:09,065 INFO o.a.j.t.JMeterThread: Thread started: S2 1-286
2026-10-06 08:28:09,085 INFO o.a.j.t.JMeterThread: Thread started: S2 1-287
2026-10-06 08:28:09,107 INFO o.a.j.t.JMeterThread: Thread started: S2 1-288
2026-10-06 08:28:09,125 INFO o.a.j.t.JMeterThread: Thread started: S2 1-289
2026-10-06 08:28:09,145 INFO o.a.j.t.JMeterThread: Thread started: S2 1-290
2026-10-06 08:28:09,167 INFO o.a.j.t.JMeterThread: Thread started: S2 1-291
2026-10-06 08:28:09,185 INFO o.a.j.t.JMeterThread: Thread started: S2 1-292
2026-10-06 08:28:09,208 INFO o.a.j.t.JMeterThread: Thread started: S2 1-293
2026-10-06 08:28:09,225 INFO o.a.j.t.JMeterThread: Thread started: S2 1-294
2026-10-06 08:28:09,245 INFO o.a.j.t.JMeterThread: Thread started: S2 1-295
2026-10-06 08:28:09,265 INFO o.a.j.t.JMeterThread: Thread started: S2 1-296
2026-10-06 08:28:09,286 INFO o.a.j.t.JMeterThread: Thread started: S2 1-297
2026-10-06 08:28:09,308 INFO o.a.j.t.JMeterThread: Thread started: S2 1-298
2026-10-06 08:28:09,325 INFO o.a.j.t.JMeterThread: Thread started: S2 1-299
2026-10-06 08:28:09,345 INFO o.a.j.t.JMeterThread: Thread started: S2 1-300
2026-10-06 08:28:09,365 INFO o.a.j.t.JMeterThread: Thread started: S2 1-301
2026-10-06 08:28:09,385 INFO o.a.j.t.JMeterThread: Thread started: S2 1-302
2026-10-06 08:28:09,406 INFO o.a.j.t.JMeterThread: Thread started: S2 1-303
2026-10-06 08:28:09,428 INFO o.a.j.t.JMeterThread: Thread started: S2 1-304
2026-10-06 08:28:09,446 INFO o.a.j.t.JMeterThread: Thread started: S2 1-305
2026-10-06 08:28:09,465 INFO o.a.j.t.JMeterThread: Thread started: S2 1-306
2026-10-06 08:28:09,485 INFO o.a.j.t.JMeterThread: Thread started: S2 1-307
2026-10-06 08:28:09,504 INFO o.a.j.t.JMeterThread: Thread started: S2 1-308
2026-10-06 08:28:09,526 INFO o.a.j.t.JMeterThread: Thread started: S2 1-309
2026-10-06 08:28:09,546 INFO o.a.j.t.JMeterThread: Thread started: S2 1-310
2026-10-06 08:28:09,566 INFO o.a.j.t.JMeterThread: Thread started: S2 1-311
2026-10-06 08:28:09,584 INFO o.a.j.t.JMeterThread: Thread started: S2 1-312
2026-10-06 08:28:09,606 INFO o.a.j.t.JMeterThread: Thread started: S2 1-313
2026-10-06 08:28:09,626 INFO o.a.j.t.JMeterThread: Thread started: S2 1-314
2026-10-06 08:28:09,645 INFO o.a.j.t.JMeterThread: Thread started: S2 1-315
2026-10-06 08:28:09,665 INFO o.a.j.t.JMeterThread: Thread started: S2 1-316
2026-10-06 08:28:09,685 INFO o.a.j.t.JMeterThread: Thread started: S2 1-317
2026-10-06 08:28:09,705 INFO o.a.j.t.JMeterThread: Thread started: S2 1-318
2026-10-06 08:28:09,724 INFO o.a.j.t.JMeterThread: Thread started: S2 1-319
2026-10-06 08:28:09,745 INFO o.a.j.t.JMeterThread: Thread started: S2 1-320
2026-10-06 08:28:09,766 INFO o.a.j.t.JMeterThread: Thread started: S2 1-321
2026-10-06 08:28:09,785 INFO o.a.j.t.JMeterThread: Thread started: S2 1-322
2026-10-06 08:28:09,805 INFO o.a.j.t.JMeterThread: Thread started: S2 1-323
2026-10-06 08:28:09,828 INFO o.a.j.t.JMeterThread: Thread started: S2 1-324
2026-10-06 08:28:09,845 INFO o.a.j.t.JMeterThread: Thread started: S2 1-325
2026-10-06 08:28:09,867 INFO o.a.j.t.JMeterThread: Thread started: S2 1-326
2026-10-06 08:28:09,887 INFO o.a.j.t.JMeterThread: Thread started: S2 1-327
2026-10-06 08:28:09,909 INFO o.a.j.t.JMeterThread: Thread started: S2 1-328
2026-10-06 08:28:09,925 INFO o.a.j.t.JMeterThread: Thread started: S2 1-329
2026-10-06 08:28:09,946 INFO o.a.j.t.JMeterThread: Thread started: S2 1-330
2026-10-06 08:28:09,965 INFO o.a.j.t.JMeterThread: Thread started: S2 1-331
2026-10-06 08:28:09,984 INFO o.a.j.t.JMeterThread: Thread started: S2 1-332
2026-10-06 08:28:10,007 INFO o.a.j.t.JMeterThread: Thread started: S2 1-333
2026-10-06 08:28:10,025 INFO o.a.j.t.JMeterThread: Thread started: S2 1-334
2026-10-06 08:28:10,046 INFO o.a.j.t.JMeterThread: Thread started: S2 1-335
2026-10-06 08:28:10,065 INFO o.a.j.t.JMeterThread: Thread started: S2 1-336
2026-10-06 08:28:10,088 INFO o.a.j.t.JMeterThread: Thread started: S2 1-337
2026-10-06 08:28:10,106 INFO o.a.j.t.JMeterThread: Thread started: S2 1-338
2026-10-06 08:28:10,125 INFO o.a.j.t.JMeterThread: Thread started: S2 1-339
2026-10-06 08:28:10,146 INFO o.a.j.t.JMeterThread: Thread started: S2 1-340
2026-10-06 08:28:10,166 INFO o.a.j.t.JMeterThread: Thread started: S2 1-341
2026-10-06 08:28:10,185 INFO o.a.j.t.JMeterThread: Thread started: S2 1-342
2026-10-06 08:28:10,205 INFO o.a.j.t.JMeterThread: Thread started: S2 1-343
2026-10-06 08:28:10,227 INFO o.a.j.t.JMeterThread: Thread started: S2 1-344
2026-10-06 08:28:10,245 INFO o.a.j.t.JMeterThread: Thread started: S2 1-345
2026-10-06 08:28:10,266 INFO o.a.j.t.JMeterThread: Thread started: S2 1-346
2026-10-06 08:28:10,286 INFO o.a.j.t.JMeterThread: Thread started: S2 1-347
2026-10-06 08:28:10,304 INFO o.a.j.t.JMeterThread: Thread started: S2 1-348
2026-10-06 08:28:10,328 INFO o.a.j.t.JMeterThread: Thread started: S2 1-349
2026-10-06 08:28:10,345 INFO o.a.j.t.JMeterThread: Thread started: S2 1-350
2026-10-06 08:28:10,365 INFO o.a.j.t.JMeterThread: Thread started: S2 1-351
2026-10-06 08:28:10,385 INFO o.a.j.t.JMeterThread: Thread started: S2 1-352
2026-10-06 08:28:10,405 INFO o.a.j.t.JMeterThread: Thread started: S2 1-353
2026-10-06 08:28:10,430 INFO o.a.j.t.JMeterThread: Thread started: S2 1-354
2026-10-06 08:28:10,448 INFO o.a.j.t.JMeterThread: Thread started: S2 1-355
2026-10-06 08:28:10,465 INFO o.a.j.t.JMeterThread: Thread started: S2 1-356
2026-10-06 08:28:10,488 INFO o.a.j.t.JMeterThread: Thread started: S2 1-357
2026-10-06 08:28:10,506 INFO o.a.j.t.JMeterThread: Thread started: S2 1-358
2026-10-06 08:28:10,525 INFO o.a.j.t.JMeterThread: Thread started: S2 1-359
2026-10-06 08:28:10,545 INFO o.a.j.t.JMeterThread: Thread started: S2 1-360
2026-10-06 08:28:10,565 INFO o.a.j.t.JMeterThread: Thread started: S2 1-361
2026-10-06 08:28:10,592 INFO o.a.j.t.JMeterThread: Thread started: S2 1-362
2026-10-06 08:28:10,605 INFO o.a.j.t.JMeterThread: Thread started: S2 1-363
2026-10-06 08:28:10,627 INFO o.a.j.t.JMeterThread: Thread started: S2 1-364
2026-10-06 08:28:10,645 INFO o.a.j.t.JMeterThread: Thread started: S2 1-365
2026-10-06 08:28:10,666 INFO o.a.j.t.JMeterThread: Thread started: S2 1-366
2026-10-06 08:28:10,686 INFO o.a.j.t.JMeterThread: Thread started: S2 1-367
2026-10-06 08:28:10,705 INFO o.a.j.t.JMeterThread: Thread started: S2 1-368
2026-10-06 08:28:10,726 INFO o.a.j.t.JMeterThread: Thread started: S2 1-369
2026-10-06 08:28:10,748 INFO o.a.j.t.JMeterThread: Thread started: S2 1-370
2026-10-06 08:28:10,766 INFO o.a.j.t.JMeterThread: Thread started: S2 1-371
2026-10-06 08:28:10,786 INFO o.a.j.t.JMeterThread: Thread started: S2 1-372
2026-10-06 08:28:10,804 INFO o.a.j.t.JMeterThread: Thread started: S2 1-373
2026-10-06 08:28:10,825 INFO o.a.j.t.JMeterThread: Thread started: S2 1-374
2026-10-06 08:28:10,845 INFO o.a.j.t.JMeterThread: Thread started: S2 1-375
2026-10-06 08:28:10,865 INFO o.a.j.t.JMeterThread: Thread started: S2 1-376
2026-10-06 08:28:10,887 INFO o.a.j.t.JMeterThread: Thread started: S2 1-377
2026-10-06 08:28:10,908 INFO o.a.j.t.JMeterThread: Thread started: S2 1-378
2026-10-06 08:28:10,925 INFO o.a.j.t.JMeterThread: Thread started: S2 1-379
2026-10-06 08:28:10,947 INFO o.a.j.t.JMeterThread: Thread started: S2 1-380
2026-10-06 08:28:10,967 INFO o.a.j.t.JMeterThread: Thread started: S2 1-381
2026-10-06 08:28:10,987 INFO o.a.j.t.JMeterThread: Thread started: S2 1-382
2026-10-06 08:28:11,006 INFO o.a.j.t.JMeterThread: Thread started: S2 1-383
2026-10-06 08:28:11,025 INFO o.a.j.t.JMeterThread: Thread started: S2 1-384
2026-10-06 08:28:11,046 INFO o.a.j.t.JMeterThread: Thread started: S2 1-385
2026-10-06 08:28:11,067 INFO o.a.j.t.JMeterThread: Thread started: S2 1-386
2026-10-06 08:28:11,085 INFO o.a.j.t.JMeterThread: Thread started: S2 1-387
2026-10-06 08:28:11,106 INFO o.a.j.t.JMeterThread: Thread started: S2 1-388
2026-10-06 08:28:11,125 INFO o.a.j.t.JMeterThread: Thread started: S2 1-389
2026-10-06 08:28:11,145 INFO o.a.j.t.JMeterThread: Thread started: S2 1-390
2026-10-06 08:28:11,164 INFO o.a.j.t.JMeterThread: Thread started: S2 1-391
2026-10-06 08:28:11,185 INFO o.a.j.t.JMeterThread: Thread started: S2 1-392
2026-10-06 08:28:11,206 INFO o.a.j.t.JMeterThread: Thread started: S2 1-393
2026-10-06 08:28:11,225 INFO o.a.j.t.JMeterThread: Thread started: S2 1-394
2026-10-06 08:28:11,245 INFO o.a.j.t.JMeterThread: Thread started: S2 1-395
2026-10-06 08:28:11,266 INFO o.a.j.t.JMeterThread: Thread started: S2 1-396
2026-10-06 08:28:11,286 INFO o.a.j.t.JMeterThread: Thread started: S2 1-397
2026-10-06 08:28:11,308 INFO o.a.j.t.JMeterThread: Thread started: S2 1-398
2026-10-06 08:28:11,325 INFO o.a.j.t.JMeterThread: Thread started: S2 1-399
2026-10-06 08:28:11,345 INFO o.a.j.t.JMeterThread: Thread started: S2 1-400
2026-10-06 08:28:11,365 INFO o.a.j.t.JMeterThread: Thread started: S2 1-401
2026-10-06 08:28:11,386 INFO o.a.j.t.JMeterThread: Thread started: S2 1-402
2026-10-06 08:28:11,405 INFO o.a.j.t.JMeterThread: Thread started: S2 1-403
2026-10-06 08:28:11,425 INFO o.a.j.t.JMeterThread: Thread started: S2 1-404
2026-10-06 08:28:11,446 INFO o.a.j.t.JMeterThread: Thread started: S2 1-405
2026-10-06 08:28:11,465 INFO o.a.j.t.JMeterThread: Thread started: S2 1-406
2026-10-06 08:28:11,484 INFO o.a.j.t.JMeterThread: Thread started: S2 1-407
2026-10-06 08:28:11,506 INFO o.a.j.t.JMeterThread: Thread started: S2 1-408
2026-10-06 08:28:11,525 INFO o.a.j.t.JMeterThread: Thread started: S2 1-409
2026-10-06 08:28:11,546 INFO o.a.j.t.JMeterThread: Thread started: S2 1-410
2026-10-06 08:28:11,564 INFO o.a.j.t.JMeterThread: Thread started: S2 1-411
2026-10-06 08:28:11,585 INFO o.a.j.t.JMeterThread: Thread started: S2 1-412
2026-10-06 08:28:11,605 INFO o.a.j.t.JMeterThread: Thread started: S2 1-413
2026-10-06 08:28:11,625 INFO o.a.j.t.JMeterThread: Thread started: S2 1-414
2026-10-06 08:28:11,646 INFO o.a.j.t.JMeterThread: Thread started: S2 1-415
2026-10-06 08:28:11,670 INFO o.a.j.t.JMeterThread: Thread started: S2 1-416
2026-10-06 08:28:11,687 INFO o.a.j.t.JMeterThread: Thread started: S2 1-417
2026-10-06 08:28:11,705 INFO o.a.j.t.JMeterThread: Thread started: S2 1-418
2026-10-06 08:28:11,726 INFO o.a.j.t.JMeterThread: Thread started: S2 1-419
2026-10-06 08:28:11,745 INFO o.a.j.t.JMeterThread: Thread started: S2 1-420
2026-10-06 08:28:11,765 INFO o.a.j.t.JMeterThread: Thread started: S2 1-421
2026-10-06 08:28:11,785 INFO o.a.j.t.JMeterThread: Thread started: S2 1-422
2026-10-06 08:28:11,806 INFO o.a.j.t.JMeterThread: Thread started: S2 1-423
2026-10-06 08:28:11,826 INFO o.a.j.t.JMeterThread: Thread started: S2 1-424
2026-10-06 08:28:11,846 INFO o.a.j.t.JMeterThread: Thread started: S2 1-425
2026-10-06 08:28:11,864 INFO o.a.j.t.JMeterThread: Thread started: S2 1-426
2026-10-06 08:28:11,886 INFO o.a.j.t.JMeterThread: Thread started: S2 1-427
2026-10-06 08:28:11,905 INFO o.a.j.t.JMeterThread: Thread started: S2 1-428
2026-10-06 08:28:11,925 INFO o.a.j.t.JMeterThread: Thread started: S2 1-429
2026-10-06 08:28:11,945 INFO o.a.j.t.JMeterThread: Thread started: S2 1-430
2026-10-06 08:28:11,965 INFO o.a.j.t.JMeterThread: Thread started: S2 1-431
2026-10-06 08:28:12,008 INFO o.a.j.t.JMeterThread: Thread started: S2 1-433
2026-10-06 08:28:12,010 INFO o.a.j.t.JMeterThread: Thread started: S2 1-432
2026-10-06 08:28:12,028 INFO o.a.j.t.JMeterThread: Thread started: S2 1-434
2026-10-06 08:28:12,047 INFO o.a.j.t.JMeterThread: Thread started: S2 1-435
2026-10-06 08:28:12,065 INFO o.a.j.t.JMeterThread: Thread started: S2 1-436
2026-10-06 08:28:12,085 INFO o.a.j.t.JMeterThread: Thread started: S2 1-437
2026-10-06 08:28:12,105 INFO o.a.j.t.JMeterThread: Thread started: S2 1-438
2026-10-06 08:28:12,125 INFO o.a.j.t.JMeterThread: Thread started: S2 1-439
2026-10-06 08:28:12,144 INFO o.a.j.t.JMeterThread: Thread started: S2 1-440
2026-10-06 08:28:12,165 INFO o.a.j.t.JMeterThread: Thread started: S2 1-441
2026-10-06 08:28:12,187 INFO o.a.j.t.JMeterThread: Thread started: S2 1-442
2026-10-06 08:28:12,206 INFO o.a.j.t.JMeterThread: Thread started: S2 1-443
2026-10-06 08:28:12,226 INFO o.a.j.t.JMeterThread: Thread started: S2 1-444
2026-10-06 08:28:12,246 INFO o.a.j.t.JMeterThread: Thread started: S2 1-445
2026-10-06 08:28:12,265 INFO o.a.j.t.JMeterThread: Thread started: S2 1-446
2026-10-06 08:28:12,286 INFO o.a.j.t.JMeterThread: Thread started: S2 1-447
2026-10-06 08:28:12,306 INFO o.a.j.t.JMeterThread: Thread started: S2 1-448
2026-10-06 08:28:12,327 INFO o.a.j.t.JMeterThread: Thread started: S2 1-449
2026-10-06 08:28:12,346 INFO o.a.j.t.JMeterThread: Thread started: S2 1-450
2026-10-06 08:28:12,365 INFO o.a.j.t.JMeterThread: Thread started: S2 1-451
2026-10-06 08:28:12,385 INFO o.a.j.t.JMeterThread: Thread started: S2 1-452
2026-10-06 08:28:12,407 INFO o.a.j.t.JMeterThread: Thread started: S2 1-453
2026-10-06 08:28:12,426 INFO o.a.j.t.JMeterThread: Thread started: S2 1-454
2026-10-06 08:28:12,445 INFO o.a.j.t.JMeterThread: Thread started: S2 1-455
2026-10-06 08:28:12,468 INFO o.a.j.t.JMeterThread: Thread started: S2 1-456
2026-10-06 08:28:12,485 INFO o.a.j.t.JMeterThread: Thread started: S2 1-457
2026-10-06 08:28:12,505 INFO o.a.j.t.JMeterThread: Thread started: S2 1-458
2026-10-06 08:28:12,526 INFO o.a.j.t.JMeterThread: Thread started: S2 1-459
2026-10-06 08:28:12,545 INFO o.a.j.t.JMeterThread: Thread started: S2 1-460
2026-10-06 08:28:12,566 INFO o.a.j.t.JMeterThread: Thread started: S2 1-461
2026-10-06 08:28:12,587 INFO o.a.j.t.JMeterThread: Thread started: S2 1-462
2026-10-06 08:28:12,606 INFO o.a.j.t.JMeterThread: Thread started: S2 1-463
2026-10-06 08:28:12,627 INFO o.a.j.t.JMeterThread: Thread started: S2 1-464
2026-10-06 08:28:12,645 INFO o.a.j.t.JMeterThread: Thread started: S2 1-465
2026-10-06 08:28:12,665 INFO o.a.j.t.JMeterThread: Thread started: S2 1-466
2026-10-06 08:28:12,690 INFO o.a.j.t.JMeterThread: Thread started: S2 1-467
2026-10-06 08:28:12,706 INFO o.a.j.t.JMeterThread: Thread started: S2 1-468
2026-10-06 08:28:12,728 INFO o.a.j.t.JMeterThread: Thread started: S2 1-469
2026-10-06 08:28:12,746 INFO o.a.j.t.JMeterThread: Thread started: S2 1-470
2026-10-06 08:28:12,765 INFO o.a.j.t.JMeterThread: Thread started: S2 1-471
2026-10-06 08:28:12,786 INFO o.a.j.t.JMeterThread: Thread started: S2 1-472
2026-10-06 08:28:12,804 INFO o.a.j.t.JMeterThread: Thread started: S2 1-473
2026-10-06 08:28:12,826 INFO o.a.j.t.JMeterThread: Thread started: S2 1-474
2026-10-06 08:28:12,845 INFO o.a.j.t.JMeterThread: Thread started: S2 1-475
2026-10-06 08:28:12,865 INFO o.a.j.t.JMeterThread: Thread started: S2 1-476
2026-10-06 08:28:12,885 INFO o.a.j.t.JMeterThread: Thread started: S2 1-477
2026-10-06 08:28:12,905 INFO o.a.j.t.JMeterThread: Thread started: S2 1-478
2026-10-06 08:28:12,924 INFO o.a.j.t.JMeterThread: Thread started: S2 1-479
2026-10-06 08:28:12,945 INFO o.a.j.t.JMeterThread: Thread started: S2 1-480
2026-10-06 08:28:12,965 INFO o.a.j.t.JMeterThread: Thread started: S2 1-481
2026-10-06 08:28:12,985 INFO o.a.j.t.JMeterThread: Thread started: S2 1-482
2026-10-06 08:28:13,006 INFO o.a.j.t.JMeterThread: Thread started: S2 1-483
2026-10-06 08:28:13,025 INFO o.a.j.t.JMeterThread: Thread started: S2 1-484
2026-10-06 08:28:13,045 INFO o.a.j.t.JMeterThread: Thread started: S2 1-485
2026-10-06 08:28:13,064 INFO o.a.j.t.JMeterThread: Thread started: S2 1-486
2026-10-06 08:28:13,085 INFO o.a.j.t.JMeterThread: Thread started: S2 1-487
2026-10-06 08:28:13,105 INFO o.a.j.t.JMeterThread: Thread started: S2 1-488
2026-10-06 08:28:13,125 INFO o.a.j.t.JMeterThread: Thread started: S2 1-489
2026-10-06 08:28:13,144 INFO o.a.j.t.JMeterThread: Thread started: S2 1-490
2026-10-06 08:28:13,165 INFO o.a.j.t.JMeterThread: Thread started: S2 1-491
2026-10-06 08:28:13,187 INFO o.a.j.t.JMeterThread: Thread started: S2 1-492
2026-10-06 08:28:13,204 INFO o.a.j.t.JMeterThread: Thread started: S2 1-493
2026-10-06 08:28:13,228 INFO o.a.j.t.JMeterThread: Thread started: S2 1-494
2026-10-06 08:28:13,248 INFO o.a.j.t.JMeterThread: Thread started: S2 1-495
2026-10-06 08:28:13,266 INFO o.a.j.t.JMeterThread: Thread started: S2 1-496
2026-10-06 08:28:13,284 INFO o.a.j.t.JMeterThread: Thread started: S2 1-497
2026-10-06 08:28:13,305 INFO o.a.j.t.JMeterThread: Thread started: S2 1-498
2026-10-06 08:28:13,326 INFO o.a.j.t.JMeterThread: Thread started: S2 1-499
2026-10-06 08:28:13,346 INFO o.a.j.t.JMeterThread: Thread started: S2 1-500
2026-10-06 08:28:30,000 INFO o.a.j.r.Summariser: summary +  47155 in 00:00:27 = 1768.6/s Avg:   245 Min:    10 Max:   473 Err:     0 (0.00%) Active: 500 Started: 500 Finished: 0
2026-10-06 08:28:30,002 INFO o.a.j.r.Summariser: summary =  47156 in 00:00:27 = 1717.4/s Avg:   245 Min:    10 Max:   473 Err:     0 (0.00%)
2026-10-06 08:29:00,001 INFO o.a.j.r.Summariser: summary +  64124 in 00:00:30 = 2137.5/s Avg:   246 Min:   203 Max:   372 Err:     0 (0.00%) Active: 500 Started: 500 Finished: 0
2026-10-06 08:29:00,001 INFO o.a.j.r.Summariser: summary = 111280 in 00:00:57 = 1936.8/s Avg:   246 Min:    10 Max:   473 Err:     0 (0.00%)
2026-10-06 08:29:03,367 INFO o.a.j.t.JMeterThread: Stopping because end time detected by thread: S2 1-3
2026-10-06 08:29:03,368 INFO o.a.j.t.JMeterThread: Thread finished: S2 1-3
2026-10-06 08:29:03,385 INFO o.a.j.t.JMeterThread: Stopping because end time detected by thread: S2 1-2
2026-10-06 08:29:03,386 INFO o.a.j.t.JMeterThread: Thread finished: S2 1-2
2026-10-06 08:29:03,387 INFO o.a.j.t.JMeterThread: Stopping because end time detected by thread: S2 1-17
2026-10-06 08:29:03,387 INFO o.a.j.t.JMeterThread: Thread finished: S2 1-17
2026-10-06 08:29:03,407 INFO o.a.j.t.JMeterThread: Stopping because end time detected by thread: S2 1-20
2026-10-06 08:29:03,407 INFO o.a.j.t.JMeterThread: Thread finished: S2 1-20
2026-10-06 08:29:03,407 INFO o.a.j.t.JMeterThread: Stopping because end time detected by thread: S2 1-47
2026-10-06 08:29:03,407 INFO o.a.j.t.JMeterThread: Thread finished: S2 1-47
2026-10-06 08:29:03,428 INFO o.a.j.t.JMeterThread: Stopping because end time detected by thread: S2 1-61
2026-10-06 08:29:03,428 INFO o.a.j.t.JMeterThread: Thread finished: S2 1-61
2026-10-06 08:29:03,428 INFO o.a.j.t.JMeterThread: Stopping because end time detected by thread: S2 1-53
2026-10-06 08:29:03,428 INFO o.a.j.t.JMeterThread: Thread finished: S2 1-53
2026-10-06 08:29:03,428 INFO o.a.j.t.JMeterThread: Stopping because end time detected by thread: S2 1-27
2026-10-06 08:29:03,428 INFO o.a.j.t.JMeterThread: Thread finished: S2 1-27
2026-10-06 08:29:03,431 INFO o.a.j.t.JMeterThread: Stopping because end time detected by thread: S2 1-81
2026-10-06 08:29:03,431 INFO o.a.j.t.JMeterThread: Thread finished: S2 1-81
2026-10-06 08:29:03,435 INFO o.a.j.t.JMeterThread: Stopping because end time detected by thread: S2 1-1
2026-10-06 08:29:03,435 INFO o.a.j.t.JMeterThread: Thread finished: S2 1-1
2026-10-06 08:29:03,437 INFO o.a.j.t.JMeterThread: Stopping because end time detected by thread: S2 1-95
2026-10-06 08:29:03,438 INFO o.a.j.t.JMeterThread: Thread finished: S2 1-95
2026-10-06 08:29:03,439 INFO o.a.j.t.JMeterThread: Stopping because end time detected by thread: S2 1-44
2026-10-06 08:29:03,439 INFO o.a.j.t.JMeterThread: Thread finished: S2 1-44
2026-10-06 08:29:03,444 INFO o.a.j.t.JMeterThread: Stopping because end time detected by thread: S2 1-60
2026-10-06 08:29:03,444 INFO o.a.j.t.JMeterThread: Thread finished: S2 1-60
2026-10-06 08:29:03,445 INFO o.a.j.t.JMeterThread: Stopping because end time detected by thread: S2 1-73
2026-10-06 08:29:03,445 INFO o.a.j.t.JMeterThread: Thread finished: S2 1-73
2026-10-06 08:29:03,452 INFO o.a.j.t.JMeterThread: Stopping because end time detected by thread: S2 1-64
2026-10-06 08:29:03,452 INFO o.a.j.t.JMeterThread: Thread finished: S2 1-64
2026-10-06 08:29:03,453 INFO o.a.j.t.JMeterThread: Stopping because end time detected by thread: S2 1-35
2026-10-06 08:29:03,453 INFO o.a.j.t.JMeterThread: Thread finished: S2 1-35
2026-10-06 08:29:03,456 INFO o.a.j.t.JMeterThread: Stopping because end time detected by thread: S2 1-129
2026-10-06 08:29:03,456 INFO o.a.j.t.JMeterThread: Thread finished: S2 1-129
2026-10-06 08:29:03,456 INFO o.a.j.t.JMeterThread: Stopping because end time detected by thread: S2 1-101
2026-10-06 08:29:03,456 INFO o.a.j.t.JMeterThread: Thread finished: S2 1-101
2026-10-06 08:29:03,457 INFO o.a.j.t.JMeterThread: Stopping because end time detected by thread: S2 1-78
2026-10-06 08:29:03,457 INFO o.a.j.t.JMeterThread: Thread finished: S2 1-78
2026-10-06 08:29:03,458 INFO o.a.j.t.JMeterThread: Stopping because end time detected by thread: S2 1-137
2026-10-06 08:29:03,458 INFO o.a.j.t.JMeterThread: Thread finished: S2 1-137
2026-10-06 08:29:03,460 INFO o.a.j.t.JMeterThread: Stopping because end time detected by thread: S2 1-12
2026-10-06 08:29:03,460 INFO o.a.j.t.JMeterThread: Thread finished: S2 1-12
2026-10-06 08:29:03,460 INFO o.a.j.t.JMeterThread: Stopping because end time detected by thread: S2 1-34
2026-10-06 08:29:03,460 INFO o.a.j.t.JMeterThread: Thread finished: S2 1-34
2026-10-06 08:29:03,461 INFO o.a.j.t.JMeterThread: Stopping because end time detected by thread: S2 1-84
2026-10-06 08:29:03,461 INFO o.a.j.t.JMeterThread: Thread finished: S2 1-84
2026-10-06 08:29:03,463 INFO o.a.j.t.JMeterThread: Stopping because end time detected by thread: S2 1-149
2026-10-06 08:29:03,463 INFO o.a.j.t.JMeterThread: Thread finished: S2 1-149
2026-10-06 08:29:03,463 INFO o.a.j.t.JMeterThread: Stopping because end time detected by thread: S2 1-70
2026-10-06 08:29:03,463 INFO o.a.j.t.JMeterThread: Thread finished: S2 1-70
2026-10-06 08:29:03,469 INFO o.a.j.t.JMeterThread: Stopping because end time detected by thread: S2 1-135
2026-10-06 08:29:03,469 INFO o.a.j.t.JMeterThread: Thread finished: S2 1-135
2026-10-06 08:29:03,472 INFO o.a.j.t.JMeterThread: Stopping because end time detected by thread: S2 1-45
2026-10-06 08:29:03,472 INFO o.a.j.t.JMeterThread: Thread finished: S2 1-45
2026-10-06 08:29:03,473 INFO o.a.j.t.JMeterThread: Stopping because end time detected by thread: S2 1-43
2026-10-06 08:29:03,473 INFO o.a.j.t.JMeterThread: Thread finished: S2 1-43
2026-10-06 08:29:03,478 INFO o.a.j.t.JMeterThread: Stopping because end time detected by thread: S2 1-127
2026-10-06 08:29:03,478 INFO o.a.j.t.JMeterThread: Thread finished: S2 1-127
2026-10-06 08:29:03,479 INFO o.a.j.t.JMeterThread: Stopping because end time detected by thread: S2 1-59
2026-10-06 08:29:03,479 INFO o.a.j.t.JMeterThread: Thread finished: S2 1-59
2026-10-06 08:29:03,480 INFO o.a.j.t.JMeterThread: Stopping because end time detected by thread: S2 1-98
2026-10-06 08:29:03,480 INFO o.a.j.t.JMeterThread: Thread finished: S2 1-98
2026-10-06 08:29:03,480 INFO o.a.j.t.JMeterThread: Stopping because end time detected by thread: S2 1-168
2026-10-06 08:29:03,480 INFO o.a.j.t.JMeterThread: Thread finished: S2 1-168
2026-10-06 08:29:03,481 INFO o.a.j.t.JMeterThread: Stopping because end time detected by thread: S2 1-123
2026-10-06 08:29:03,481 INFO o.a.j.t.JMeterThread: Thread finished: S2 1-123
2026-10-06 08:29:03,481 INFO o.a.j.t.JMeterThread: Stopping because end time detected by thread: S2 1-9
2026-10-06 08:29:03,481 INFO o.a.j.t.JMeterThread: Thread finished: S2 1-9
2026-10-06 08:29:03,485 INFO o.a.j.t.JMeterThread: Stopping because end time detected by thread: S2 1-156
2026-10-06 08:29:03,485 INFO o.a.j.t.JMeterThread: Thread finished: S2 1-156
2026-10-06 08:29:03,487 INFO o.a.j.t.JMeterThread: Stopping because end time detected by thread: S2 1-6
2026-10-06 08:29:03,487 INFO o.a.j.t.JMeterThread: Thread finished: S2 1-6
2026-10-06 08:29:03,492 INFO o.a.j.t.JMeterThread: Stopping because end time detected by thread: S2 1-49
2026-10-06 08:29:03,492 INFO o.a.j.t.JMeterThread: Stopping because end time detected by thread: S2 1-109
2026-10-06 08:29:03,492 INFO o.a.j.t.JMeterThread: Stopping because end time detected by thread: S2 1-148
2026-10-06 08:29:03,492 INFO o.a.j.t.JMeterThread: Thread finished: S2 1-49
2026-10-06 08:29:03,492 INFO o.a.j.t.JMeterThread: Thread finished: S2 1-148
2026-10-06 08:29:03,492 INFO o.a.j.t.JMeterThread: Thread finished: S2 1-109
2026-10-06 08:29:03,493 INFO o.a.j.t.JMeterThread: Stopping because end time detected by thread: S2 1-5
2026-10-06 08:29:03,493 INFO o.a.j.t.JMeterThread: Thread finished: S2 1-5
2026-10-06 08:29:03,498 INFO o.a.j.t.JMeterThread: Stopping because end time detected by thread: S2 1-52
2026-10-06 08:29:03,498 INFO o.a.j.t.JMeterThread: Stopping because end time detected by thread: S2 1-51
2026-10-06 08:29:03,498 INFO o.a.j.t.JMeterThread: Thread finished: S2 1-52
2026-10-06 08:29:03,498 INFO o.a.j.t.JMeterThread: Thread finished: S2 1-51
2026-10-06 08:29:03,498 INFO o.a.j.t.JMeterThread: Stopping because end time detected by thread: S2 1-166
2026-10-06 08:29:03,498 INFO o.a.j.t.JMeterThread: Thread finished: S2 1-166
2026-10-06 08:29:03,499 INFO o.a.j.t.JMeterThread: Stopping because end time detected by thread: S2 1-65
2026-10-06 08:29:03,499 INFO o.a.j.t.JMeterThread: Stopping because end time detected by thread: S2 1-22
2026-10-06 08:29:03,499 INFO o.a.j.t.JMeterThread: Thread finished: S2 1-65
2026-10-06 08:29:03,499 INFO o.a.j.t.JMeterThread: Thread finished: S2 1-22
2026-10-06 08:29:03,501 INFO o.a.j.t.JMeterThread: Stopping because end time detected by thread: S2 1-106
2026-10-06 08:29:03,501 INFO o.a.j.t.JMeterThread: Thread finished: S2 1-106
2026-10-06 08:29:03,501 INFO o.a.j.t.JMeterThread: Stopping because end time detected by thread: S2 1-66
2026-10-06 08:29:03,501 INFO o.a.j.t.JMeterThread: Thread finished: S2 1-66
2026-10-06 08:29:03,502 INFO o.a.j.t.JMeterThread: Stopping because end time detected by thread: S2 1-142
2026-10-06 08:29:03,503 INFO o.a.j.t.JMeterThread: Thread finished: S2 1-142
2026-10-06 08:29:03,503 INFO o.a.j.t.JMeterThread: Stopping because end time detected by thread: S2 1-179
2026-10-06 08:29:03,503 INFO o.a.j.t.JMeterThread: Thread finished: S2 1-179
2026-10-06 08:29:03,503 INFO o.a.j.t.JMeterThread: Stopping because end time detected by thread: S2 1-91
2026-10-06 08:29:03,503 INFO o.a.j.t.JMeterThread: Thread finished: S2 1-91
2026-10-06 08:29:03,504 INFO o.a.j.t.JMeterThread: Stopping because end time detected by thread: S2 1-4
2026-10-06 08:29:03,504 INFO o.a.j.t.JMeterThread: Thread finished: S2 1-4
2026-10-06 08:29:03,504 INFO o.a.j.t.JMeterThread: Stopping because end time detected by thread: S2 1-139
2026-10-06 08:29:03,504 INFO o.a.j.t.JMeterThread: Thread finished: S2 1-139
2026-10-06 08:29:03,504 INFO o.a.j.t.JMeterThread: Stopping because end time detected by thread: S2 1-169
2026-10-06 08:29:03,505 INFO o.a.j.t.JMeterThread: Thread finished: S2 1-169
2026-10-06 08:29:03,506 INFO o.a.j.t.JMeterThread: Stopping because end time detected by thread: S2 1-42
2026-10-06 08:29:03,506 INFO o.a.j.t.JMeterThread: Thread finished: S2 1-42
2026-10-06 08:29:03,507 INFO o.a.j.t.JMeterThread: Stopping because end time detected by thread: S2 1-67
2026-10-06 08:29:03,507 INFO o.a.j.t.JMeterThread: Thread finished: S2 1-67
2026-10-06 08:29:03,527 INFO o.a.j.t.JMeterThread: Stopping because end time detected by thread: S2 1-68
2026-10-06 08:29:03,527 INFO o.a.j.t.JMeterThread: Thread finished: S2 1-68
2026-10-06 08:29:03,531 INFO o.a.j.t.JMeterThread: Stopping because end time detected by thread: S2 1-238
2026-10-06 08:29:03,532 INFO o.a.j.t.JMeterThread: Thread finished: S2 1-238
2026-10-06 08:29:03,532 INFO o.a.j.t.JMeterThread: Stopping because end time detected by thread: S2 1-10
2026-10-06 08:29:03,532 INFO o.a.j.t.JMeterThread: Thread finished: S2 1-10
2026-10-06 08:29:03,532 INFO o.a.j.t.JMeterThread: Stopping because end time detected by thread: S2 1-114
2026-10-06 08:29:03,532 INFO o.a.j.t.JMeterThread: Thread finished: S2 1-114
2026-10-06 08:29:03,534 INFO o.a.j.t.JMeterThread: Stopping because end time detected by thread: S2 1-92
2026-10-06 08:29:03,534 INFO o.a.j.t.JMeterThread: Thread finished: S2 1-92
2026-10-06 08:29:03,538 INFO o.a.j.t.JMeterThread: Stopping because end time detected by thread: S2 1-126
2026-10-06 08:29:03,538 INFO o.a.j.t.JMeterThread: Thread finished: S2 1-126
2026-10-06 08:29:03,539 INFO o.a.j.t.JMeterThread: Stopping because end time detected by thread: S2 1-164
2026-10-06 08:29:03,540 INFO o.a.j.t.JMeterThread: Thread finished: S2 1-164
2026-10-06 08:29:03,540 INFO o.a.j.t.JMeterThread: Stopping because end time detected by thread: S2 1-112
2026-10-06 08:29:03,540 INFO o.a.j.t.JMeterThread: Thread finished: S2 1-112
2026-10-06 08:29:03,540 INFO o.a.j.t.JMeterThread: Stopping because end time detected by thread: S2 1-219
2026-10-06 08:29:03,540 INFO o.a.j.t.JMeterThread: Thread finished: S2 1-219
2026-10-06 08:29:03,542 INFO o.a.j.t.JMeterThread: Stopping because end time detected by thread: S2 1-38
2026-10-06 08:29:03,542 INFO o.a.j.t.JMeterThread: Thread finished: S2 1-38
2026-10-06 08:29:03,543 INFO o.a.j.t.JMeterThread: Stopping because end time detected by thread: S2 1-144
2026-10-06 08:29:03,543 INFO o.a.j.t.JMeterThread: Thread finished: S2 1-144
2026-10-06 08:29:03,544 INFO o.a.j.t.JMeterThread: Stopping because end time detected by thread: S2 1-183
2026-10-06 08:29:03,544 INFO o.a.j.t.JMeterThread: Thread finished: S2 1-183
2026-10-06 08:29:03,544 INFO o.a.j.t.JMeterThread: Stopping because end time detected by thread: S2 1-8
2026-10-06 08:29:03,544 INFO o.a.j.t.JMeterThread: Thread finished: S2 1-8
2026-10-06 08:29:03,544 INFO o.a.j.t.JMeterThread: Stopping because end time detected by thread: S2 1-74
2026-10-06 08:29:03,544 INFO o.a.j.t.JMeterThread: Thread finished: S2 1-74
2026-10-06 08:29:03,544 INFO o.a.j.t.JMeterThread: Stopping because end time detected by thread: S2 1-171
2026-10-06 08:29:03,544 INFO o.a.j.t.JMeterThread: Thread finished: S2 1-171
2026-10-06 08:29:03,545 INFO o.a.j.t.JMeterThread: Stopping because end time detected by thread: S2 1-231
2026-10-06 08:29:03,545 INFO o.a.j.t.JMeterThread: Thread finished: S2 1-231
2026-10-06 08:29:03,546 INFO o.a.j.t.JMeterThread: Stopping because end time detected by thread: S2 1-254
2026-10-06 08:29:03,546 INFO o.a.j.t.JMeterThread: Thread finished: S2 1-254
2026-10-06 08:29:03,547 INFO o.a.j.t.JMeterThread: Stopping because end time detected by thread: S2 1-150
2026-10-06 08:29:03,547 INFO o.a.j.t.JMeterThread: Thread finished: S2 1-150
2026-10-06 08:29:03,548 INFO o.a.j.t.JMeterThread: Stopping because end time detected by thread: S2 1-140
2026-10-06 08:29:03,548 INFO o.a.j.t.JMeterThread: Thread finished: S2 1-140
2026-10-06 08:29:03,548 INFO o.a.j.t.JMeterThread: Stopping because end time detected by thread: S2 1-21
2026-10-06 08:29:03,549 INFO o.a.j.t.JMeterThread: Thread finished: S2 1-21
2026-10-06 08:29:03,549 INFO o.a.j.t.JMeterThread: Stopping because end time detected by thread: S2 1-117
2026-10-06 08:29:03,549 INFO o.a.j.t.JMeterThread: Thread finished: S2 1-117
2026-10-06 08:29:03,551 INFO o.a.j.t.JMeterThread: Stopping because end time detected by thread: S2 1-138
2026-10-06 08:29:03,551 INFO o.a.j.t.JMeterThread: Stopping because end time detected by thread: S2 1-154
2026-10-06 08:29:03,551 INFO o.a.j.t.JMeterThread: Stopping because end time detected by thread: S2 1-236
2026-10-06 08:29:03,551 INFO o.a.j.t.JMeterThread: Thread finished: S2 1-138
2026-10-06 08:29:03,551 INFO o.a.j.t.JMeterThread: Thread finished: S2 1-154
2026-10-06 08:29:03,551 INFO o.a.j.t.JMeterThread: Thread finished: S2 1-236
2026-10-06 08:29:03,554 INFO o.a.j.t.JMeterThread: Stopping because end time detected by thread: S2 1-40
2026-10-06 08:29:03,554 INFO o.a.j.t.JMeterThread: Thread finished: S2 1-40
2026-10-06 08:29:03,555 INFO o.a.j.t.JMeterThread: Stopping because end time detected by thread: S2 1-263
2026-10-06 08:29:03,555 INFO o.a.j.t.JMeterThread: Thread finished: S2 1-263
2026-10-06 08:29:03,555 INFO o.a.j.t.JMeterThread: Stopping because end time detected by thread: S2 1-186
2026-10-06 08:29:03,556 INFO o.a.j.t.JMeterThread: Thread finished: S2 1-186
2026-10-06 08:29:03,556 INFO o.a.j.t.JMeterThread: Stopping because end time detected by thread: S2 1-212
2026-10-06 08:29:03,556 INFO o.a.j.t.JMeterThread: Thread finished: S2 1-212
2026-10-06 08:29:03,556 INFO o.a.j.t.JMeterThread: Stopping because end time detected by thread: S2 1-62
2026-10-06 08:29:03,556 INFO o.a.j.t.JMeterThread: Thread finished: S2 1-62
2026-10-06 08:29:03,556 INFO o.a.j.t.JMeterThread: Stopping because end time detected by thread: S2 1-82
2026-10-06 08:29:03,556 INFO o.a.j.t.JMeterThread: Thread finished: S2 1-82
2026-10-06 08:29:03,557 INFO o.a.j.t.JMeterThread: Stopping because end time detected by thread: S2 1-147
2026-10-06 08:29:03,557 INFO o.a.j.t.JMeterThread: Thread finished: S2 1-147
2026-10-06 08:29:03,557 INFO o.a.j.t.JMeterThread: Stopping because end time detected by thread: S2 1-258
2026-10-06 08:29:03,557 INFO o.a.j.t.JMeterThread: Thread finished: S2 1-258
2026-10-06 08:29:03,560 INFO o.a.j.t.JMeterThread: Stopping because end time detected by thread: S2 1-89
2026-10-06 08:29:03,560 INFO o.a.j.t.JMeterThread: Thread finished: S2 1-89
2026-10-06 08:29:03,560 INFO o.a.j.t.JMeterThread: Stopping because end time detected by thread: S2 1-130
2026-10-06 08:29:03,560 INFO o.a.j.t.JMeterThread: Thread finished: S2 1-130
2026-10-06 08:29:03,562 INFO o.a.j.t.JMeterThread: Stopping because end time detected by thread: S2 1-124
2026-10-06 08:29:03,562 INFO o.a.j.t.JMeterThread: Thread finished: S2 1-124
2026-10-06 08:29:03,562 INFO o.a.j.t.JMeterThread: Stopping because end time detected by thread: S2 1-198
2026-10-06 08:29:03,562 INFO o.a.j.t.JMeterThread: Thread finished: S2 1-198
2026-10-06 08:29:03,562 INFO o.a.j.t.JMeterThread: Stopping because end time detected by thread: S2 1-252
2026-10-06 08:29:03,562 INFO o.a.j.t.JMeterThread: Thread finished: S2 1-252
2026-10-06 08:29:03,562 INFO o.a.j.t.JMeterThread: Stopping because end time detected by thread: S2 1-225
2026-10-06 08:29:03,562 INFO o.a.j.t.JMeterThread: Thread finished: S2 1-225
2026-10-06 08:29:03,563 INFO o.a.j.t.JMeterThread: Stopping because end time detected by thread: S2 1-205
2026-10-06 08:29:03,563 INFO o.a.j.t.JMeterThread: Thread finished: S2 1-205
2026-10-06 08:29:03,564 INFO o.a.j.t.JMeterThread: Stopping because end time detected by thread: S2 1-195
2026-10-06 08:29:03,564 INFO o.a.j.t.JMeterThread: Stopping because end time detected by thread: S2 1-244
2026-10-06 08:29:03,564 INFO o.a.j.t.JMeterThread: Thread finished: S2 1-195
2026-10-06 08:29:03,564 INFO o.a.j.t.JMeterThread: Thread finished: S2 1-244
2026-10-06 08:29:03,565 INFO o.a.j.t.JMeterThread: Stopping because end time detected by thread: S2 1-71
2026-10-06 08:29:03,565 INFO o.a.j.t.JMeterThread: Thread finished: S2 1-71
2026-10-06 08:29:03,566 INFO o.a.j.t.JMeterThread: Stopping because end time detected by thread: S2 1-275
2026-10-06 08:29:03,566 INFO o.a.j.t.JMeterThread: Thread finished: S2 1-275
2026-10-06 08:29:03,569 INFO o.a.j.t.JMeterThread: Stopping because end time detected by thread: S2 1-100
2026-10-06 08:29:03,569 INFO o.a.j.t.JMeterThread: Thread finished: S2 1-100
2026-10-06 08:29:03,570 INFO o.a.j.t.JMeterThread: Stopping because end time detected by thread: S2 1-283
2026-10-06 08:29:03,570 INFO o.a.j.t.JMeterThread: Thread finished: S2 1-283
2026-10-06 08:29:03,570 INFO o.a.j.t.JMeterThread: Stopping because end time detected by thread: S2 1-24
2026-10-06 08:29:03,570 INFO o.a.j.t.JMeterThread: Thread finished: S2 1-24
2026-10-06 08:29:03,571 INFO o.a.j.t.JMeterThread: Stopping because end time detected by thread: S2 1-7
2026-10-06 08:29:03,571 INFO o.a.j.t.JMeterThread: Thread finished: S2 1-7
2026-10-06 08:29:03,571 INFO o.a.j.t.JMeterThread: Stopping because end time detected by thread: S2 1-145
2026-10-06 08:29:03,571 INFO o.a.j.t.JMeterThread: Thread finished: S2 1-145
2026-10-06 08:29:03,571 INFO o.a.j.t.JMeterThread: Stopping because end time detected by thread: S2 1-90
2026-10-06 08:29:03,571 INFO o.a.j.t.JMeterThread: Thread finished: S2 1-90
2026-10-06 08:29:03,573 INFO o.a.j.t.JMeterThread: Stopping because end time detected by thread: S2 1-203
2026-10-06 08:29:03,573 INFO o.a.j.t.JMeterThread: Thread finished: S2 1-203
2026-10-06 08:29:03,573 INFO o.a.j.t.JMeterThread: Stopping because end time detected by thread: S2 1-26
2026-10-06 08:29:03,573 INFO o.a.j.t.JMeterThread: Thread finished: S2 1-26
2026-10-06 08:29:03,573 INFO o.a.j.t.JMeterThread: Stopping because end time detected by thread: S2 1-132
2026-10-06 08:29:03,573 INFO o.a.j.t.JMeterThread: Thread finished: S2 1-132
2026-10-06 08:29:03,574 INFO o.a.j.t.JMeterThread: Stopping because end time detected by thread: S2 1-247
2026-10-06 08:29:03,574 INFO o.a.j.t.JMeterThread: Thread finished: S2 1-247
2026-10-06 08:29:03,574 INFO o.a.j.t.JMeterThread: Stopping because end time detected by thread: S2 1-23
2026-10-06 08:29:03,574 INFO o.a.j.t.JMeterThread: Thread finished: S2 1-23
2026-10-06 08:29:03,575 INFO o.a.j.t.JMeterThread: Stopping because end time detected by thread: S2 1-280
2026-10-06 08:29:03,575 INFO o.a.j.t.JMeterThread: Thread finished: S2 1-280
2026-10-06 08:29:03,576 INFO o.a.j.t.JMeterThread: Stopping because end time detected by thread: S2 1-99
2026-10-06 08:29:03,576 INFO o.a.j.t.JMeterThread: Thread finished: S2 1-99
2026-10-06 08:29:03,576 INFO o.a.j.t.JMeterThread: Stopping because end time detected by thread: S2 1-93
2026-10-06 08:29:03,576 INFO o.a.j.t.JMeterThread: Thread finished: S2 1-93
2026-10-06 08:29:03,577 INFO o.a.j.t.JMeterThread: Stopping because end time detected by thread: S2 1-125
2026-10-06 08:29:03,577 INFO o.a.j.t.JMeterThread: Thread finished: S2 1-125
2026-10-06 08:29:03,577 INFO o.a.j.t.JMeterThread: Stopping because end time detected by thread: S2 1-286
2026-10-06 08:29:03,577 INFO o.a.j.t.JMeterThread: Thread finished: S2 1-286
2026-10-06 08:29:03,578 INFO o.a.j.t.JMeterThread: Stopping because end time detected by thread: S2 1-57
2026-10-06 08:29:03,578 INFO o.a.j.t.JMeterThread: Thread finished: S2 1-57
2026-10-06 08:29:03,579 INFO o.a.j.t.JMeterThread: Stopping because end time detected by thread: S2 1-159
2026-10-06 08:29:03,579 INFO o.a.j.t.JMeterThread: Thread finished: S2 1-159
2026-10-06 08:29:03,579 INFO o.a.j.t.JMeterThread: Stopping because end time detected by thread: S2 1-14
2026-10-06 08:29:03,579 INFO o.a.j.t.JMeterThread: Thread finished: S2 1-14
2026-10-06 08:29:03,579 INFO o.a.j.t.JMeterThread: Stopping because end time detected by thread: S2 1-97
2026-10-06 08:29:03,579 INFO o.a.j.t.JMeterThread: Thread finished: S2 1-97
2026-10-06 08:29:03,580 INFO o.a.j.t.JMeterThread: Stopping because end time detected by thread: S2 1-37
2026-10-06 08:29:03,580 INFO o.a.j.t.JMeterThread: Thread finished: S2 1-37
2026-10-06 08:29:03,580 INFO o.a.j.t.JMeterThread: Stopping because end time detected by thread: S2 1-105
2026-10-06 08:29:03,580 INFO o.a.j.t.JMeterThread: Thread finished: S2 1-105
2026-10-06 08:29:03,581 INFO o.a.j.t.JMeterThread: Stopping because end time detected by thread: S2 1-153
2026-10-06 08:29:03,581 INFO o.a.j.t.JMeterThread: Thread finished: S2 1-153
2026-10-06 08:29:03,581 INFO o.a.j.t.JMeterThread: Stopping because end time detected by thread: S2 1-210
2026-10-06 08:29:03,581 INFO o.a.j.t.JMeterThread: Thread finished: S2 1-210
2026-10-06 08:29:03,582 INFO o.a.j.t.JMeterThread: Stopping because end time detected by thread: S2 1-190
2026-10-06 08:29:03,582 INFO o.a.j.t.JMeterThread: Thread finished: S2 1-190
2026-10-06 08:29:03,583 INFO o.a.j.t.JMeterThread: Stopping because end time detected by thread: S2 1-152
2026-10-06 08:29:03,583 INFO o.a.j.t.JMeterThread: Thread finished: S2 1-152
2026-10-06 08:29:03,583 INFO o.a.j.t.JMeterThread: Stopping because end time detected by thread: S2 1-33
2026-10-06 08:29:03,583 INFO o.a.j.t.JMeterThread: Thread finished: S2 1-33
2026-10-06 08:29:03,585 INFO o.a.j.t.JMeterThread: Stopping because end time detected by thread: S2 1-157
2026-10-06 08:29:03,585 INFO o.a.j.t.JMeterThread: Stopping because end time detected by thread: S2 1-279
2026-10-06 08:29:03,585 INFO o.a.j.t.JMeterThread: Thread finished: S2 1-157
2026-10-06 08:29:03,585 INFO o.a.j.t.JMeterThread: Thread finished: S2 1-279
2026-10-06 08:29:03,586 INFO o.a.j.t.JMeterThread: Stopping because end time detected by thread: S2 1-79
2026-10-06 08:29:03,586 INFO o.a.j.t.JMeterThread: Thread finished: S2 1-79
2026-10-06 08:29:03,587 INFO o.a.j.t.JMeterThread: Stopping because end time detected by thread: S2 1-237
2026-10-06 08:29:03,587 INFO o.a.j.t.JMeterThread: Thread finished: S2 1-237
2026-10-06 08:29:03,588 INFO o.a.j.t.JMeterThread: Stopping because end time detected by thread: S2 1-284
2026-10-06 08:29:03,588 INFO o.a.j.t.JMeterThread: Thread finished: S2 1-284
2026-10-06 08:29:03,591 INFO o.a.j.t.JMeterThread: Stopping because end time detected by thread: S2 1-302
2026-10-06 08:29:03,591 INFO o.a.j.t.JMeterThread: Thread finished: S2 1-302
2026-10-06 08:29:03,593 INFO o.a.j.t.JMeterThread: Stopping because end time detected by thread: S2 1-39
2026-10-06 08:29:03,593 INFO o.a.j.t.JMeterThread: Thread finished: S2 1-39
2026-10-06 08:29:03,593 INFO o.a.j.t.JMeterThread: Stopping because end time detected by thread: S2 1-214
2026-10-06 08:29:03,594 INFO o.a.j.t.JMeterThread: Thread finished: S2 1-214
2026-10-06 08:29:03,594 INFO o.a.j.t.JMeterThread: Stopping because end time detected by thread: S2 1-304
2026-10-06 08:29:03,594 INFO o.a.j.t.JMeterThread: Thread finished: S2 1-304
2026-10-06 08:29:03,595 INFO o.a.j.t.JMeterThread: Stopping because end time detected by thread: S2 1-160
2026-10-06 08:29:03,595 INFO o.a.j.t.JMeterThread: Thread finished: S2 1-160
2026-10-06 08:29:03,595 INFO o.a.j.t.JMeterThread: Stopping because end time detected by thread: S2 1-58
2026-10-06 08:29:03,595 INFO o.a.j.t.JMeterThread: Thread finished: S2 1-58
2026-10-06 08:29:03,596 INFO o.a.j.t.JMeterThread: Stopping because end time detected by thread: S2 1-94
2026-10-06 08:29:03,596 INFO o.a.j.t.JMeterThread: Thread finished: S2 1-94
2026-10-06 08:29:03,597 INFO o.a.j.t.JMeterThread: Stopping because end time detected by thread: S2 1-30
2026-10-06 08:29:03,597 INFO o.a.j.t.JMeterThread: Thread finished: S2 1-30
2026-10-06 08:29:03,597 INFO o.a.j.t.JMeterThread: Stopping because end time detected by thread: S2 1-13
2026-10-06 08:29:03,597 INFO o.a.j.t.JMeterThread: Thread finished: S2 1-13
2026-10-06 08:29:03,598 INFO o.a.j.t.JMeterThread: Stopping because end time detected by thread: S2 1-118
2026-10-06 08:29:03,598 INFO o.a.j.t.JMeterThread: Thread finished: S2 1-118
2026-10-06 08:29:03,598 INFO o.a.j.t.JMeterThread: Stopping because end time detected by thread: S2 1-305
2026-10-06 08:29:03,598 INFO o.a.j.t.JMeterThread: Thread finished: S2 1-305
2026-10-06 08:29:03,600 INFO o.a.j.t.JMeterThread: Stopping because end time detected by thread: S2 1-28
2026-10-06 08:29:03,600 INFO o.a.j.t.JMeterThread: Thread finished: S2 1-28
2026-10-06 08:29:03,602 INFO o.a.j.t.JMeterThread: Stopping because end time detected by thread: S2 1-131
2026-10-06 08:29:03,602 INFO o.a.j.t.JMeterThread: Thread finished: S2 1-131
2026-10-06 08:29:03,604 INFO o.a.j.t.JMeterThread: Stopping because end time detected by thread: S2 1-250
2026-10-06 08:29:03,604 INFO o.a.j.t.JMeterThread: Thread finished: S2 1-250
2026-10-06 08:29:03,605 INFO o.a.j.t.JMeterThread: Stopping because end time detected by thread: S2 1-246
2026-10-06 08:29:03,605 INFO o.a.j.t.JMeterThread: Thread finished: S2 1-246
2026-10-06 08:29:03,605 INFO o.a.j.t.JMeterThread: Stopping because end time detected by thread: S2 1-113
2026-10-06 08:29:03,605 INFO o.a.j.t.JMeterThread: Thread finished: S2 1-113
2026-10-06 08:29:03,605 INFO o.a.j.t.JMeterThread: Stopping because end time detected by thread: S2 1-16
2026-10-06 08:29:03,605 INFO o.a.j.t.JMeterThread: Thread finished: S2 1-16
2026-10-06 08:29:03,605 INFO o.a.j.t.JMeterThread: Stopping because end time detected by thread: S2 1-107
2026-10-06 08:29:03,605 INFO o.a.j.t.JMeterThread: Thread finished: S2 1-107
2026-10-06 08:29:03,607 INFO o.a.j.t.JMeterThread: Stopping because end time detected by thread: S2 1-296
2026-10-06 08:29:03,607 INFO o.a.j.t.JMeterThread: Stopping because end time detected by thread: S2 1-173
2026-10-06 08:29:03,607 INFO o.a.j.t.JMeterThread: Thread finished: S2 1-296
2026-10-06 08:29:03,607 INFO o.a.j.t.JMeterThread: Thread finished: S2 1-173
2026-10-06 08:29:03,608 INFO o.a.j.t.JMeterThread: Stopping because end time detected by thread: S2 1-56
2026-10-06 08:29:03,608 INFO o.a.j.t.JMeterThread: Thread finished: S2 1-56
2026-10-06 08:29:03,609 INFO o.a.j.t.JMeterThread: Stopping because end time detected by thread: S2 1-80
2026-10-06 08:29:03,609 INFO o.a.j.t.JMeterThread: Thread finished: S2 1-80
2026-10-06 08:29:03,610 INFO o.a.j.t.JMeterThread: Stopping because end time detected by thread: S2 1-25
2026-10-06 08:29:03,610 INFO o.a.j.t.JMeterThread: Thread finished: S2 1-25
2026-10-06 08:29:03,610 INFO o.a.j.t.JMeterThread: Stopping because end time detected by thread: S2 1-178
2026-10-06 08:29:03,610 INFO o.a.j.t.JMeterThread: Thread finished: S2 1-178
2026-10-06 08:29:03,610 INFO o.a.j.t.JMeterThread: Stopping because end time detected by thread: S2 1-19
2026-10-06 08:29:03,610 INFO o.a.j.t.JMeterThread: Thread finished: S2 1-19
2026-10-06 08:29:03,610 INFO o.a.j.t.JMeterThread: Stopping because end time detected by thread: S2 1-87
2026-10-06 08:29:03,610 INFO o.a.j.t.JMeterThread: Thread finished: S2 1-87
2026-10-06 08:29:03,611 INFO o.a.j.t.JMeterThread: Stopping because end time detected by thread: S2 1-216
2026-10-06 08:29:03,611 INFO o.a.j.t.JMeterThread: Thread finished: S2 1-216
2026-10-06 08:29:03,611 INFO o.a.j.t.JMeterThread: Stopping because end time detected by thread: S2 1-146
2026-10-06 08:29:03,611 INFO o.a.j.t.JMeterThread: Thread finished: S2 1-146
2026-10-06 08:29:03,611 INFO o.a.j.t.JMeterThread: Stopping because end time detected by thread: S2 1-41
2026-10-06 08:29:03,611 INFO o.a.j.t.JMeterThread: Thread finished: S2 1-41
2026-10-06 08:29:03,612 INFO o.a.j.t.JMeterThread: Stopping because end time detected by thread: S2 1-213
2026-10-06 08:29:03,613 INFO o.a.j.t.JMeterThread: Thread finished: S2 1-213
2026-10-06 08:29:03,613 INFO o.a.j.t.JMeterThread: Stopping because end time detected by thread: S2 1-324
2026-10-06 08:29:03,613 INFO o.a.j.t.JMeterThread: Stopping because end time detected by thread: S2 1-77
2026-10-06 08:29:03,613 INFO o.a.j.t.JMeterThread: Thread finished: S2 1-324
2026-10-06 08:29:03,613 INFO o.a.j.t.JMeterThread: Thread finished: S2 1-77
2026-10-06 08:29:03,613 INFO o.a.j.t.JMeterThread: Stopping because end time detected by thread: S2 1-196
2026-10-06 08:29:03,613 INFO o.a.j.t.JMeterThread: Thread finished: S2 1-196
2026-10-06 08:29:03,613 INFO o.a.j.t.JMeterThread: Stopping because end time detected by thread: S2 1-50
2026-10-06 08:29:03,613 INFO o.a.j.t.JMeterThread: Thread finished: S2 1-50
2026-10-06 08:29:03,614 INFO o.a.j.t.JMeterThread: Stopping because end time detected by thread: S2 1-110
2026-10-06 08:29:03,614 INFO o.a.j.t.JMeterThread: Thread finished: S2 1-110
2026-10-06 08:29:03,616 INFO o.a.j.t.JMeterThread: Stopping because end time detected by thread: S2 1-217
2026-10-06 08:29:03,616 INFO o.a.j.t.JMeterThread: Thread finished: S2 1-217
2026-10-06 08:29:03,618 INFO o.a.j.t.JMeterThread: Stopping because end time detected by thread: S2 1-143
2026-10-06 08:29:03,618 INFO o.a.j.t.JMeterThread: Thread finished: S2 1-143
2026-10-06 08:29:03,618 INFO o.a.j.t.JMeterThread: Stopping because end time detected by thread: S2 1-226
2026-10-06 08:29:03,618 INFO o.a.j.t.JMeterThread: Stopping because end time detected by thread: S2 1-102
2026-10-06 08:29:03,618 INFO o.a.j.t.JMeterThread: Thread finished: S2 1-226
2026-10-06 08:29:03,618 INFO o.a.j.t.JMeterThread: Thread finished: S2 1-102
2026-10-06 08:29:03,620 INFO o.a.j.t.JMeterThread: Stopping because end time detected by thread: S2 1-262
2026-10-06 08:29:03,620 INFO o.a.j.t.JMeterThread: Thread finished: S2 1-262
2026-10-06 08:29:03,620 INFO o.a.j.t.JMeterThread: Stopping because end time detected by thread: S2 1-292
2026-10-06 08:29:03,620 INFO o.a.j.t.JMeterThread: Thread finished: S2 1-292
2026-10-06 08:29:03,621 INFO o.a.j.t.JMeterThread: Stopping because end time detected by thread: S2 1-326
2026-10-06 08:29:03,621 INFO o.a.j.t.JMeterThread: Thread finished: S2 1-326
2026-10-06 08:29:03,622 INFO o.a.j.t.JMeterThread: Stopping because end time detected by thread: S2 1-54
2026-10-06 08:29:03,622 INFO o.a.j.t.JMeterThread: Thread finished: S2 1-54
2026-10-06 08:29:03,625 INFO o.a.j.t.JMeterThread: Stopping because end time detected by thread: S2 1-83
2026-10-06 08:29:03,625 INFO o.a.j.t.JMeterThread: Thread finished: S2 1-83
2026-10-06 08:29:03,625 INFO o.a.j.t.JMeterThread: Stopping because end time detected by thread: S2 1-69
2026-10-06 08:29:03,625 INFO o.a.j.t.JMeterThread: Stopping because end time detected by thread: S2 1-29
2026-10-06 08:29:03,625 INFO o.a.j.t.JMeterThread: Thread finished: S2 1-69
2026-10-06 08:29:03,625 INFO o.a.j.t.JMeterThread: Thread finished: S2 1-29
2026-10-06 08:29:03,625 INFO o.a.j.t.JMeterThread: Stopping because end time detected by thread: S2 1-221
2026-10-06 08:29:03,625 INFO o.a.j.t.JMeterThread: Thread finished: S2 1-221
2026-10-06 08:29:03,626 INFO o.a.j.t.JMeterThread: Stopping because end time detected by thread: S2 1-222
2026-10-06 08:29:03,626 INFO o.a.j.t.JMeterThread: Thread finished: S2 1-222
2026-10-06 08:29:03,626 INFO o.a.j.t.JMeterThread: Stopping because end time detected by thread: S2 1-206
2026-10-06 08:29:03,626 INFO o.a.j.t.JMeterThread: Thread finished: S2 1-206
2026-10-06 08:29:03,627 INFO o.a.j.t.JMeterThread: Stopping because end time detected by thread: S2 1-18
2026-10-06 08:29:03,627 INFO o.a.j.t.JMeterThread: Thread finished: S2 1-18
2026-10-06 08:29:03,627 INFO o.a.j.t.JMeterThread: Stopping because end time detected by thread: S2 1-72
2026-10-06 08:29:03,627 INFO o.a.j.t.JMeterThread: Thread finished: S2 1-72
2026-10-06 08:29:03,627 INFO o.a.j.t.JMeterThread: Stopping because end time detected by thread: S2 1-197
2026-10-06 08:29:03,628 INFO o.a.j.t.JMeterThread: Stopping because end time detected by thread: S2 1-188
2026-10-06 08:29:03,628 INFO o.a.j.t.JMeterThread: Thread finished: S2 1-188
2026-10-06 08:29:03,628 INFO o.a.j.t.JMeterThread: Thread finished: S2 1-197
2026-10-06 08:29:03,628 INFO o.a.j.t.JMeterThread: Stopping because end time detected by thread: S2 1-230
2026-10-06 08:29:03,628 INFO o.a.j.t.JMeterThread: Thread finished: S2 1-230
2026-10-06 08:29:03,629 INFO o.a.j.t.JMeterThread: Stopping because end time detected by thread: S2 1-341
2026-10-06 08:29:03,629 INFO o.a.j.t.JMeterThread: Thread finished: S2 1-341
2026-10-06 08:29:03,629 INFO o.a.j.t.JMeterThread: Stopping because end time detected by thread: S2 1-11
2026-10-06 08:29:03,630 INFO o.a.j.t.JMeterThread: Thread finished: S2 1-11
2026-10-06 08:29:03,630 INFO o.a.j.t.JMeterThread: Stopping because end time detected by thread: S2 1-322
2026-10-06 08:29:03,630 INFO o.a.j.t.JMeterThread: Thread finished: S2 1-322
2026-10-06 08:29:03,630 INFO o.a.j.t.JMeterThread: Stopping because end time detected by thread: S2 1-46
2026-10-06 08:29:03,630 INFO o.a.j.t.JMeterThread: Thread finished: S2 1-46
2026-10-06 08:29:03,630 INFO o.a.j.t.JMeterThread: Stopping because end time detected by thread: S2 1-261
2026-10-06 08:29:03,630 INFO o.a.j.t.JMeterThread: Thread finished: S2 1-261
2026-10-06 08:29:03,630 INFO o.a.j.t.JMeterThread: Stopping because end time detected by thread: S2 1-347
2026-10-06 08:29:03,630 INFO o.a.j.t.JMeterThread: Thread finished: S2 1-347
2026-10-06 08:29:03,630 INFO o.a.j.t.JMeterThread: Stopping because end time detected by thread: S2 1-122
2026-10-06 08:29:03,631 INFO o.a.j.t.JMeterThread: Thread finished: S2 1-122
2026-10-06 08:29:03,631 INFO o.a.j.t.JMeterThread: Stopping because end time detected by thread: S2 1-229
2026-10-06 08:29:03,631 INFO o.a.j.t.JMeterThread: Thread finished: S2 1-229
2026-10-06 08:29:03,632 INFO o.a.j.t.JMeterThread: Stopping because end time detected by thread: S2 1-121
2026-10-06 08:29:03,632 INFO o.a.j.t.JMeterThread: Thread finished: S2 1-121
2026-10-06 08:29:03,632 INFO o.a.j.t.JMeterThread: Stopping because end time detected by thread: S2 1-134
2026-10-06 08:29:03,632 INFO o.a.j.t.JMeterThread: Thread finished: S2 1-134
2026-10-06 08:29:03,632 INFO o.a.j.t.JMeterThread: Stopping because end time detected by thread: S2 1-281
2026-10-06 08:29:03,632 INFO o.a.j.t.JMeterThread: Thread finished: S2 1-281
2026-10-06 08:29:03,633 INFO o.a.j.t.JMeterThread: Stopping because end time detected by thread: S2 1-85
2026-10-06 08:29:03,633 INFO o.a.j.t.JMeterThread: Thread finished: S2 1-85
2026-10-06 08:29:03,635 INFO o.a.j.t.JMeterThread: Stopping because end time detected by thread: S2 1-182
2026-10-06 08:29:03,635 INFO o.a.j.t.JMeterThread: Thread finished: S2 1-182
2026-10-06 08:29:03,635 INFO o.a.j.t.JMeterThread: Stopping because end time detected by thread: S2 1-299
2026-10-06 08:29:03,635 INFO o.a.j.t.JMeterThread: Thread finished: S2 1-299
2026-10-06 08:29:03,635 INFO o.a.j.t.JMeterThread: Stopping because end time detected by thread: S2 1-327
2026-10-06 08:29:03,635 INFO o.a.j.t.JMeterThread: Thread finished: S2 1-327
2026-10-06 08:29:03,636 INFO o.a.j.t.JMeterThread: Stopping because end time detected by thread: S2 1-15
2026-10-06 08:29:03,636 INFO o.a.j.t.JMeterThread: Thread finished: S2 1-15
2026-10-06 08:29:03,637 INFO o.a.j.t.JMeterThread: Stopping because end time detected by thread: S2 1-165
2026-10-06 08:29:03,637 INFO o.a.j.t.JMeterThread: Thread finished: S2 1-165
2026-10-06 08:29:03,637 INFO o.a.j.t.JMeterThread: Stopping because end time detected by thread: S2 1-208
2026-10-06 08:29:03,637 INFO o.a.j.t.JMeterThread: Thread finished: S2 1-208
2026-10-06 08:29:03,637 INFO o.a.j.t.JMeterThread: Stopping because end time detected by thread: S2 1-220
2026-10-06 08:29:03,637 INFO o.a.j.t.JMeterThread: Stopping because end time detected by thread: S2 1-199
2026-10-06 08:29:03,637 INFO o.a.j.t.JMeterThread: Thread finished: S2 1-220
2026-10-06 08:29:03,637 INFO o.a.j.t.JMeterThread: Thread finished: S2 1-199
2026-10-06 08:29:03,638 INFO o.a.j.t.JMeterThread: Stopping because end time detected by thread: S2 1-172
2026-10-06 08:29:03,638 INFO o.a.j.t.JMeterThread: Thread finished: S2 1-172
2026-10-06 08:29:03,638 INFO o.a.j.t.JMeterThread: Stopping because end time detected by thread: S2 1-271
2026-10-06 08:29:03,639 INFO o.a.j.t.JMeterThread: Thread finished: S2 1-271
2026-10-06 08:29:03,639 INFO o.a.j.t.JMeterThread: Stopping because end time detected by thread: S2 1-346
2026-10-06 08:29:03,639 INFO o.a.j.t.JMeterThread: Thread finished: S2 1-346
2026-10-06 08:29:03,639 INFO o.a.j.t.JMeterThread: Stopping because end time detected by thread: S2 1-32
2026-10-06 08:29:03,639 INFO o.a.j.t.JMeterThread: Stopping because end time detected by thread: S2 1-36
2026-10-06 08:29:03,639 INFO o.a.j.t.JMeterThread: Thread finished: S2 1-32
2026-10-06 08:29:03,639 INFO o.a.j.t.JMeterThread: Thread finished: S2 1-36
2026-10-06 08:29:03,644 INFO o.a.j.t.JMeterThread: Stopping because end time detected by thread: S2 1-31
2026-10-06 08:29:03,644 INFO o.a.j.t.JMeterThread: Stopping because end time detected by thread: S2 1-260
2026-10-06 08:29:03,644 INFO o.a.j.t.JMeterThread: Thread finished: S2 1-260
2026-10-06 08:29:03,644 INFO o.a.j.t.JMeterThread: Thread finished: S2 1-31
2026-10-06 08:29:03,646 INFO o.a.j.t.JMeterThread: Stopping because end time detected by thread: S2 1-116
2026-10-06 08:29:03,646 INFO o.a.j.t.JMeterThread: Thread finished: S2 1-116
2026-10-06 08:29:03,646 INFO o.a.j.t.JMeterThread: Stopping because end time detected by thread: S2 1-209
2026-10-06 08:29:03,647 INFO o.a.j.t.JMeterThread: Thread finished: S2 1-209
2026-10-06 08:29:03,647 INFO o.a.j.t.JMeterThread: Stopping because end time detected by thread: S2 1-207
2026-10-06 08:29:03,647 INFO o.a.j.t.JMeterThread: Stopping because end time detected by thread: S2 1-317
2026-10-06 08:29:03,647 INFO o.a.j.t.JMeterThread: Thread finished: S2 1-207
2026-10-06 08:29:03,647 INFO o.a.j.t.JMeterThread: Thread finished: S2 1-317
2026-10-06 08:29:03,647 INFO o.a.j.t.JMeterThread: Stopping because end time detected by thread: S2 1-306
2026-10-06 08:29:03,648 INFO o.a.j.t.JMeterThread: Thread finished: S2 1-306
2026-10-06 08:29:03,648 INFO o.a.j.t.JMeterThread: Stopping because end time detected by thread: S2 1-175
2026-10-06 08:29:03,648 INFO o.a.j.t.JMeterThread: Thread finished: S2 1-175
2026-10-06 08:29:03,650 INFO o.a.j.t.JMeterThread: Stopping because end time detected by thread: S2 1-55
2026-10-06 08:29:03,650 INFO o.a.j.t.JMeterThread: Thread finished: S2 1-55
2026-10-06 08:29:03,651 INFO o.a.j.t.JMeterThread: Stopping because end time detected by thread: S2 1-187
2026-10-06 08:29:03,651 INFO o.a.j.t.JMeterThread: Thread finished: S2 1-187
2026-10-06 08:29:03,651 INFO o.a.j.t.JMeterThread: Stopping because end time detected by thread: S2 1-204
2026-10-06 08:29:03,651 INFO o.a.j.t.JMeterThread: Thread finished: S2 1-204
2026-10-06 08:29:03,652 INFO o.a.j.t.JMeterThread: Stopping because end time detected by thread: S2 1-158
2026-10-06 08:29:03,652 INFO o.a.j.t.JMeterThread: Thread finished: S2 1-158
2026-10-06 08:29:03,653 INFO o.a.j.t.JMeterThread: Stopping because end time detected by thread: S2 1-76
2026-10-06 08:29:03,653 INFO o.a.j.t.JMeterThread: Thread finished: S2 1-76
2026-10-06 08:29:03,654 INFO o.a.j.t.JMeterThread: Stopping because end time detected by thread: S2 1-235
2026-10-06 08:29:03,654 INFO o.a.j.t.JMeterThread: Thread finished: S2 1-235
2026-10-06 08:29:03,655 INFO o.a.j.t.JMeterThread: Stopping because end time detected by thread: S2 1-88
2026-10-06 08:29:03,655 INFO o.a.j.t.JMeterThread: Thread finished: S2 1-88
2026-10-06 08:29:03,656 INFO o.a.j.t.JMeterThread: Stopping because end time detected by thread: S2 1-316
2026-10-06 08:29:03,656 INFO o.a.j.t.JMeterThread: Stopping because end time detected by thread: S2 1-75
2026-10-06 08:29:03,656 INFO o.a.j.t.JMeterThread: Thread finished: S2 1-316
2026-10-06 08:29:03,656 INFO o.a.j.t.JMeterThread: Thread finished: S2 1-75
2026-10-06 08:29:03,657 INFO o.a.j.t.JMeterThread: Stopping because end time detected by thread: S2 1-224
2026-10-06 08:29:03,657 INFO o.a.j.t.JMeterThread: Thread finished: S2 1-224
2026-10-06 08:29:03,657 INFO o.a.j.t.JMeterThread: Stopping because end time detected by thread: S2 1-48
2026-10-06 08:29:03,658 INFO o.a.j.t.JMeterThread: Thread finished: S2 1-48
2026-10-06 08:29:03,658 INFO o.a.j.t.JMeterThread: Stopping because end time detected by thread: S2 1-243
2026-10-06 08:29:03,658 INFO o.a.j.t.JMeterThread: Thread finished: S2 1-243
2026-10-06 08:29:03,658 INFO o.a.j.t.JMeterThread: Stopping because end time detected by thread: S2 1-321
2026-10-06 08:29:03,658 INFO o.a.j.t.JMeterThread: Thread finished: S2 1-321
2026-10-06 08:29:03,658 INFO o.a.j.t.JMeterThread: Stopping because end time detected by thread: S2 1-268
2026-10-06 08:29:03,658 INFO o.a.j.t.JMeterThread: Thread finished: S2 1-268
2026-10-06 08:29:03,659 INFO o.a.j.t.JMeterThread: Stopping because end time detected by thread: S2 1-119
2026-10-06 08:29:03,660 INFO o.a.j.t.JMeterThread: Stopping because end time detected by thread: S2 1-63
2026-10-06 08:29:03,660 INFO o.a.j.t.JMeterThread: Stopping because end time detected by thread: S2 1-265
2026-10-06 08:29:03,660 INFO o.a.j.t.JMeterThread: Thread finished: S2 1-119
2026-10-06 08:29:03,660 INFO o.a.j.t.JMeterThread: Thread finished: S2 1-63
2026-10-06 08:29:03,660 INFO o.a.j.t.JMeterThread: Thread finished: S2 1-265
2026-10-06 08:29:03,660 INFO o.a.j.t.JMeterThread: Stopping because end time detected by thread: S2 1-323
2026-10-06 08:29:03,660 INFO o.a.j.t.JMeterThread: Thread finished: S2 1-323
2026-10-06 08:29:03,661 INFO o.a.j.t.JMeterThread: Stopping because end time detected by thread: S2 1-96
2026-10-06 08:29:03,661 INFO o.a.j.t.JMeterThread: Thread finished: S2 1-96
2026-10-06 08:29:03,661 INFO o.a.j.t.JMeterThread: Stopping because end time detected by thread: S2 1-218
2026-10-06 08:29:03,661 INFO o.a.j.t.JMeterThread: Thread finished: S2 1-218
2026-10-06 08:29:03,661 INFO o.a.j.t.JMeterThread: Stopping because end time detected by thread: S2 1-120
2026-10-06 08:29:03,661 INFO o.a.j.t.JMeterThread: Thread finished: S2 1-120
2026-10-06 08:29:03,664 INFO o.a.j.t.JMeterThread: Stopping because end time detected by thread: S2 1-361
2026-10-06 08:29:03,664 INFO o.a.j.t.JMeterThread: Thread finished: S2 1-361
2026-10-06 08:29:03,664 INFO o.a.j.t.JMeterThread: Stopping because end time detected by thread: S2 1-111
2026-10-06 08:29:03,664 INFO o.a.j.t.JMeterThread: Thread finished: S2 1-111
2026-10-06 08:29:03,665 INFO o.a.j.t.JMeterThread: Stopping because end time detected by thread: S2 1-176
2026-10-06 08:29:03,665 INFO o.a.j.t.JMeterThread: Thread finished: S2 1-176
2026-10-06 08:29:03,666 INFO o.a.j.t.JMeterThread: Stopping because end time detected by thread: S2 1-86
2026-10-06 08:29:03,666 INFO o.a.j.t.JMeterThread: Thread finished: S2 1-86
2026-10-06 08:29:03,666 INFO o.a.j.t.JMeterThread: Stopping because end time detected by thread: S2 1-228
2026-10-06 08:29:03,666 INFO o.a.j.t.JMeterThread: Thread finished: S2 1-228
2026-10-06 08:29:03,667 INFO o.a.j.t.JMeterThread: Stopping because end time detected by thread: S2 1-151
2026-10-06 08:29:03,667 INFO o.a.j.t.JMeterThread: Thread finished: S2 1-151
2026-10-06 08:29:03,667 INFO o.a.j.t.JMeterThread: Stopping because end time detected by thread: S2 1-366
2026-10-06 08:29:03,667 INFO o.a.j.t.JMeterThread: Stopping because end time detected by thread: S2 1-297
2026-10-06 08:29:03,667 INFO o.a.j.t.JMeterThread: Thread finished: S2 1-366
2026-10-06 08:29:03,667 INFO o.a.j.t.JMeterThread: Stopping because end time detected by thread: S2 1-371
2026-10-06 08:29:03,667 INFO o.a.j.t.JMeterThread: Thread finished: S2 1-297
2026-10-06 08:29:03,667 INFO o.a.j.t.JMeterThread: Thread finished: S2 1-371
2026-10-06 08:29:03,672 INFO o.a.j.t.JMeterThread: Stopping because end time detected by thread: S2 1-249
2026-10-06 08:29:03,673 INFO o.a.j.t.JMeterThread: Thread finished: S2 1-249
2026-10-06 08:29:03,673 INFO o.a.j.t.JMeterThread: Stopping because end time detected by thread: S2 1-108
2026-10-06 08:29:03,673 INFO o.a.j.t.JMeterThread: Thread finished: S2 1-108
2026-10-06 08:29:03,673 INFO o.a.j.t.JMeterThread: Stopping because end time detected by thread: S2 1-264
2026-10-06 08:29:03,673 INFO o.a.j.t.JMeterThread: Thread finished: S2 1-264
2026-10-06 08:29:03,675 INFO o.a.j.t.JMeterThread: Stopping because end time detected by thread: S2 1-245
2026-10-06 08:29:03,675 INFO o.a.j.t.JMeterThread: Thread finished: S2 1-245
2026-10-06 08:29:03,677 INFO o.a.j.t.JMeterThread: Stopping because end time detected by thread: S2 1-104
2026-10-06 08:29:03,677 INFO o.a.j.t.JMeterThread: Thread finished: S2 1-104
2026-10-06 08:29:03,677 INFO o.a.j.t.JMeterThread: Stopping because end time detected by thread: S2 1-161
2026-10-06 08:29:03,677 INFO o.a.j.t.JMeterThread: Thread finished: S2 1-161
2026-10-06 08:29:03,678 INFO o.a.j.t.JMeterThread: Stopping because end time detected by thread: S2 1-396
2026-10-06 08:29:03,678 INFO o.a.j.t.JMeterThread: Stopping because end time detected by thread: S2 1-115
2026-10-06 08:29:03,678 INFO o.a.j.t.JMeterThread: Thread finished: S2 1-396
2026-10-06 08:29:03,678 INFO o.a.j.t.JMeterThread: Thread finished: S2 1-115
2026-10-06 08:29:03,679 INFO o.a.j.t.JMeterThread: Stopping because end time detected by thread: S2 1-310
2026-10-06 08:29:03,679 INFO o.a.j.t.JMeterThread: Thread finished: S2 1-310
2026-10-06 08:29:03,679 INFO o.a.j.t.JMeterThread: Stopping because end time detected by thread: S2 1-267
2026-10-06 08:29:03,679 INFO o.a.j.t.JMeterThread: Thread finished: S2 1-267
2026-10-06 08:29:03,676 INFO o.a.j.t.JMeterThread: Stopping because end time detected by thread: S2 1-318
2026-10-06 08:29:03,679 INFO o.a.j.t.JMeterThread: Stopping because end time detected by thread: S2 1-257
2026-10-06 08:29:03,680 INFO o.a.j.t.JMeterThread: Thread finished: S2 1-257
2026-10-06 08:29:03,679 INFO o.a.j.t.JMeterThread: Stopping because end time detected by thread: S2 1-357
2026-10-06 08:29:03,680 INFO o.a.j.t.JMeterThread: Thread finished: S2 1-357
2026-10-06 08:29:03,680 INFO o.a.j.t.JMeterThread: Thread finished: S2 1-318
2026-10-06 08:29:03,680 INFO o.a.j.t.JMeterThread: Stopping because end time detected by thread: S2 1-128
2026-10-06 08:29:03,681 INFO o.a.j.t.JMeterThread: Stopping because end time detected by thread: S2 1-215
2026-10-06 08:29:03,681 INFO o.a.j.t.JMeterThread: Thread finished: S2 1-128
2026-10-06 08:29:03,681 INFO o.a.j.t.JMeterThread: Thread finished: S2 1-215
2026-10-06 08:29:03,681 INFO o.a.j.t.JMeterThread: Stopping because end time detected by thread: S2 1-162
2026-10-06 08:29:03,681 INFO o.a.j.t.JMeterThread: Thread finished: S2 1-162
2026-10-06 08:29:03,682 INFO o.a.j.t.JMeterThread: Stopping because end time detected by thread: S2 1-103
2026-10-06 08:29:03,682 INFO o.a.j.t.JMeterThread: Thread finished: S2 1-103
2026-10-06 08:29:03,683 INFO o.a.j.t.JMeterThread: Stopping because end time detected by thread: S2 1-185
2026-10-06 08:29:03,683 INFO o.a.j.t.JMeterThread: Thread finished: S2 1-185
2026-10-06 08:29:03,683 INFO o.a.j.t.JMeterThread: Stopping because end time detected by thread: S2 1-364
2026-10-06 08:29:03,683 INFO o.a.j.t.JMeterThread: Stopping because end time detected by thread: S2 1-387
2026-10-06 08:29:03,683 INFO o.a.j.t.JMeterThread: Stopping because end time detected by thread: S2 1-170
2026-10-06 08:29:03,683 INFO o.a.j.t.JMeterThread: Thread finished: S2 1-170
2026-10-06 08:29:03,683 INFO o.a.j.t.JMeterThread: Stopping because end time detected by thread: S2 1-389
2026-10-06 08:29:03,683 INFO o.a.j.t.JMeterThread: Stopping because end time detected by thread: S2 1-192
2026-10-06 08:29:03,683 INFO o.a.j.t.JMeterThread: Stopping because end time detected by thread: S2 1-384
2026-10-06 08:29:03,684 INFO o.a.j.t.JMeterThread: Thread finished: S2 1-384
2026-10-06 08:29:03,683 INFO o.a.j.t.JMeterThread: Thread finished: S2 1-364
2026-10-06 08:29:03,684 INFO o.a.j.t.JMeterThread: Thread finished: S2 1-389
2026-10-06 08:29:03,684 INFO o.a.j.t.JMeterThread: Stopping because end time detected by thread: S2 1-256
2026-10-06 08:29:03,684 INFO o.a.j.t.JMeterThread: Thread finished: S2 1-192
2026-10-06 08:29:03,684 INFO o.a.j.t.JMeterThread: Thread finished: S2 1-256
2026-10-06 08:29:03,684 INFO o.a.j.t.JMeterThread: Stopping because end time detected by thread: S2 1-181
2026-10-06 08:29:03,683 INFO o.a.j.t.JMeterThread: Thread finished: S2 1-387
2026-10-06 08:29:03,684 INFO o.a.j.t.JMeterThread: Thread finished: S2 1-181
2026-10-06 08:29:03,685 INFO o.a.j.t.JMeterThread: Stopping because end time detected by thread: S2 1-367
2026-10-06 08:29:03,685 INFO o.a.j.t.JMeterThread: Thread finished: S2 1-367
2026-10-06 08:29:03,685 INFO o.a.j.t.JMeterThread: Stopping because end time detected by thread: S2 1-141
2026-10-06 08:29:03,685 INFO o.a.j.t.JMeterThread: Thread finished: S2 1-141
2026-10-06 08:29:03,685 INFO o.a.j.t.JMeterThread: Stopping because end time detected by thread: S2 1-409
2026-10-06 08:29:03,685 INFO o.a.j.t.JMeterThread: Thread finished: S2 1-409
2026-10-06 08:29:03,688 INFO o.a.j.t.JMeterThread: Stopping because end time detected by thread: S2 1-403
2026-10-06 08:29:03,688 INFO o.a.j.t.JMeterThread: Thread finished: S2 1-403
2026-10-06 08:29:03,688 INFO o.a.j.t.JMeterThread: Stopping because end time detected by thread: S2 1-325
2026-10-06 08:29:03,688 INFO o.a.j.t.JMeterThread: Stopping because end time detected by thread: S2 1-337
2026-10-06 08:29:03,688 INFO o.a.j.t.JMeterThread: Thread finished: S2 1-325
2026-10-06 08:29:03,688 INFO o.a.j.t.JMeterThread: Thread finished: S2 1-337
2026-10-06 08:29:03,690 INFO o.a.j.t.JMeterThread: Stopping because end time detected by thread: S2 1-272
2026-10-06 08:29:03,691 INFO o.a.j.t.JMeterThread: Thread finished: S2 1-272
2026-10-06 08:29:03,691 INFO o.a.j.t.JMeterThread: Stopping because end time detected by thread: S2 1-136
2026-10-06 08:29:03,691 INFO o.a.j.t.JMeterThread: Thread finished: S2 1-136
2026-10-06 08:29:03,691 INFO o.a.j.t.JMeterThread: Stopping because end time detected by thread: S2 1-241
2026-10-06 08:29:03,691 INFO o.a.j.t.JMeterThread: Thread finished: S2 1-241
2026-10-06 08:29:03,691 INFO o.a.j.t.JMeterThread: Stopping because end time detected by thread: S2 1-400
2026-10-06 08:29:03,691 INFO o.a.j.t.JMeterThread: Thread finished: S2 1-400
2026-10-06 08:29:03,695 INFO o.a.j.t.JMeterThread: Stopping because end time detected by thread: S2 1-255
2026-10-06 08:29:03,695 INFO o.a.j.t.JMeterThread: Thread finished: S2 1-255
2026-10-06 08:29:03,696 INFO o.a.j.t.JMeterThread: Stopping because end time detected by thread: S2 1-418
2026-10-06 08:29:03,696 INFO o.a.j.t.JMeterThread: Stopping because end time detected by thread: S2 1-420
2026-10-06 08:29:03,697 INFO o.a.j.t.JMeterThread: Thread finished: S2 1-418
2026-10-06 08:29:03,697 INFO o.a.j.t.JMeterThread: Thread finished: S2 1-420
2026-10-06 08:29:03,698 INFO o.a.j.t.JMeterThread: Stopping because end time detected by thread: S2 1-189
2026-10-06 08:29:03,698 INFO o.a.j.t.JMeterThread: Thread finished: S2 1-189
2026-10-06 08:29:03,698 INFO o.a.j.t.JMeterThread: Stopping because end time detected by thread: S2 1-345
2026-10-06 08:29:03,698 INFO o.a.j.t.JMeterThread: Thread finished: S2 1-345
2026-10-06 08:29:03,699 INFO o.a.j.t.JMeterThread: Stopping because end time detected by thread: S2 1-308
2026-10-06 08:29:03,699 INFO o.a.j.t.JMeterThread: Thread finished: S2 1-308
2026-10-06 08:29:03,699 INFO o.a.j.t.JMeterThread: Stopping because end time detected by thread: S2 1-163
2026-10-06 08:29:03,699 INFO o.a.j.t.JMeterThread: Thread finished: S2 1-163
2026-10-06 08:29:03,699 INFO o.a.j.t.JMeterThread: Stopping because end time detected by thread: S2 1-193
2026-10-06 08:29:03,699 INFO o.a.j.t.JMeterThread: Thread finished: S2 1-193
2026-10-06 08:29:03,700 INFO o.a.j.t.JMeterThread: Stopping because end time detected by thread: S2 1-251
2026-10-06 08:29:03,700 INFO o.a.j.t.JMeterThread: Thread finished: S2 1-251
2026-10-06 08:29:03,701 INFO o.a.j.t.JMeterThread: Stopping because end time detected by thread: S2 1-291
2026-10-06 08:29:03,701 INFO o.a.j.t.JMeterThread: Thread finished: S2 1-291
2026-10-06 08:29:03,701 INFO o.a.j.t.JMeterThread: Stopping because end time detected by thread: S2 1-274
2026-10-06 08:29:03,702 INFO o.a.j.t.JMeterThread: Thread finished: S2 1-274
2026-10-06 08:29:03,703 INFO o.a.j.t.JMeterThread: Stopping because end time detected by thread: S2 1-278
2026-10-06 08:29:03,703 INFO o.a.j.t.JMeterThread: Thread finished: S2 1-278
2026-10-06 08:29:03,703 INFO o.a.j.t.JMeterThread: Stopping because end time detected by thread: S2 1-155
2026-10-06 08:29:03,703 INFO o.a.j.t.JMeterThread: Thread finished: S2 1-155
2026-10-06 08:29:03,703 INFO o.a.j.t.JMeterThread: Stopping because end time detected by thread: S2 1-289
2026-10-06 08:29:03,703 INFO o.a.j.t.JMeterThread: Thread finished: S2 1-289
2026-10-06 08:29:03,704 INFO o.a.j.t.JMeterThread: Stopping because end time detected by thread: S2 1-386
2026-10-06 08:29:03,704 INFO o.a.j.t.JMeterThread: Thread finished: S2 1-386
2026-10-06 08:29:03,703 INFO o.a.j.t.JMeterThread: Stopping because end time detected by thread: S2 1-433
2026-10-06 08:29:03,704 INFO o.a.j.t.JMeterThread: Thread finished: S2 1-433
2026-10-06 08:29:03,704 INFO o.a.j.t.JMeterThread: Stopping because end time detected by thread: S2 1-401
2026-10-06 08:29:03,704 INFO o.a.j.t.JMeterThread: Thread finished: S2 1-401
2026-10-06 08:29:03,704 INFO o.a.j.t.JMeterThread: Stopping because end time detected by thread: S2 1-334
2026-10-06 08:29:03,704 INFO o.a.j.t.JMeterThread: Thread finished: S2 1-334
2026-10-06 08:29:03,705 INFO o.a.j.t.JMeterThread: Stopping because end time detected by thread: S2 1-282
2026-10-06 08:29:03,706 INFO o.a.j.t.JMeterThread: Thread finished: S2 1-282
2026-10-06 08:29:03,706 INFO o.a.j.t.JMeterThread: Stopping because end time detected by thread: S2 1-240
2026-10-06 08:29:03,706 INFO o.a.j.t.JMeterThread: Thread finished: S2 1-240
2026-10-06 08:29:03,706 INFO o.a.j.t.JMeterThread: Stopping because end time detected by thread: S2 1-351
2026-10-06 08:29:03,706 INFO o.a.j.t.JMeterThread: Stopping because end time detected by thread: S2 1-390
2026-10-06 08:29:03,706 INFO o.a.j.t.JMeterThread: Thread finished: S2 1-390
2026-10-06 08:29:03,706 INFO o.a.j.t.JMeterThread: Stopping because end time detected by thread: S2 1-133
2026-10-06 08:29:03,706 INFO o.a.j.t.JMeterThread: Thread finished: S2 1-133
2026-10-06 08:29:03,706 INFO o.a.j.t.JMeterThread: Thread finished: S2 1-351
2026-10-06 08:29:03,707 INFO o.a.j.t.JMeterThread: Stopping because end time detected by thread: S2 1-266
2026-10-06 08:29:03,707 INFO o.a.j.t.JMeterThread: Thread finished: S2 1-266
2026-10-06 08:29:03,708 INFO o.a.j.t.JMeterThread: Stopping because end time detected by thread: S2 1-174
2026-10-06 08:29:03,708 INFO o.a.j.t.JMeterThread: Thread finished: S2 1-174
2026-10-06 08:29:03,708 INFO o.a.j.t.JMeterThread: Stopping because end time detected by thread: S2 1-348
2026-10-06 08:29:03,708 INFO o.a.j.t.JMeterThread: Thread finished: S2 1-348
2026-10-06 08:29:03,710 INFO o.a.j.t.JMeterThread: Stopping because end time detected by thread: S2 1-200
2026-10-06 08:29:03,710 INFO o.a.j.t.JMeterThread: Thread finished: S2 1-200
2026-10-06 08:29:03,710 INFO o.a.j.t.JMeterThread: Stopping because end time detected by thread: S2 1-436
2026-10-06 08:29:03,710 INFO o.a.j.t.JMeterThread: Thread finished: S2 1-436
2026-10-06 08:29:03,711 INFO o.a.j.t.JMeterThread: Stopping because end time detected by thread: S2 1-298
2026-10-06 08:29:03,711 INFO o.a.j.t.JMeterThread: Thread finished: S2 1-298
2026-10-06 08:29:03,712 INFO o.a.j.t.JMeterThread: Stopping because end time detected by thread: S2 1-233
2026-10-06 08:29:03,712 INFO o.a.j.t.JMeterThread: Thread finished: S2 1-233
2026-10-06 08:29:03,713 INFO o.a.j.t.JMeterThread: Stopping because end time detected by thread: S2 1-167
2026-10-06 08:29:03,713 INFO o.a.j.t.JMeterThread: Stopping because end time detected by thread: S2 1-417
2026-10-06 08:29:03,713 INFO o.a.j.t.JMeterThread: Thread finished: S2 1-417
2026-10-06 08:29:03,713 INFO o.a.j.t.JMeterThread: Stopping because end time detected by thread: S2 1-191
2026-10-06 08:29:03,713 INFO o.a.j.t.JMeterThread: Thread finished: S2 1-167
2026-10-06 08:29:03,713 INFO o.a.j.t.JMeterThread: Thread finished: S2 1-191
2026-10-06 08:29:03,714 INFO o.a.j.t.JMeterThread: Stopping because end time detected by thread: S2 1-328
2026-10-06 08:29:03,714 INFO o.a.j.t.JMeterThread: Thread finished: S2 1-328
2026-10-06 08:29:03,714 INFO o.a.j.t.JMeterThread: Stopping because end time detected by thread: S2 1-177
2026-10-06 08:29:03,715 INFO o.a.j.t.JMeterThread: Thread finished: S2 1-177
2026-10-06 08:29:03,715 INFO o.a.j.t.JMeterThread: Stopping because end time detected by thread: S2 1-311
2026-10-06 08:29:03,715 INFO o.a.j.t.JMeterThread: Thread finished: S2 1-311
2026-10-06 08:29:03,716 INFO o.a.j.t.JMeterThread: Stopping because end time detected by thread: S2 1-259
2026-10-06 08:29:03,716 INFO o.a.j.t.JMeterThread: Thread finished: S2 1-259
2026-10-06 08:29:03,717 INFO o.a.j.t.JMeterThread: Stopping because end time detected by thread: S2 1-248
2026-10-06 08:29:03,717 INFO o.a.j.t.JMeterThread: Stopping because end time detected by thread: S2 1-444
2026-10-06 08:29:03,717 INFO o.a.j.t.JMeterThread: Thread finished: S2 1-248
2026-10-06 08:29:03,717 INFO o.a.j.t.JMeterThread: Thread finished: S2 1-444
2026-10-06 08:29:03,718 INFO o.a.j.t.JMeterThread: Stopping because end time detected by thread: S2 1-293
2026-10-06 08:29:03,718 INFO o.a.j.t.JMeterThread: Thread finished: S2 1-293
2026-10-06 08:29:03,719 INFO o.a.j.t.JMeterThread: Stopping because end time detected by thread: S2 1-194
2026-10-06 08:29:03,719 INFO o.a.j.t.JMeterThread: Thread finished: S2 1-194
2026-10-06 08:29:03,719 INFO o.a.j.t.JMeterThread: Stopping because end time detected by thread: S2 1-270
2026-10-06 08:29:03,719 INFO o.a.j.t.JMeterThread: Thread finished: S2 1-270
2026-10-06 08:29:03,719 INFO o.a.j.t.JMeterThread: Stopping because end time detected by thread: S2 1-180
2026-10-06 08:29:03,719 INFO o.a.j.t.JMeterThread: Thread finished: S2 1-180
2026-10-06 08:29:03,721 INFO o.a.j.t.JMeterThread: Stopping because end time detected by thread: S2 1-223
2026-10-06 08:29:03,721 INFO o.a.j.t.JMeterThread: Stopping because end time detected by thread: S2 1-435
2026-10-06 08:29:03,721 INFO o.a.j.t.JMeterThread: Thread finished: S2 1-223
2026-10-06 08:29:03,721 INFO o.a.j.t.JMeterThread: Stopping because end time detected by thread: S2 1-201
2026-10-06 08:29:03,721 INFO o.a.j.t.JMeterThread: Thread finished: S2 1-201
2026-10-06 08:29:03,721 INFO o.a.j.t.JMeterThread: Thread finished: S2 1-435
2026-10-06 08:29:03,722 INFO o.a.j.t.JMeterThread: Stopping because end time detected by thread: S2 1-373
2026-10-06 08:29:03,722 INFO o.a.j.t.JMeterThread: Thread finished: S2 1-373
2026-10-06 08:29:03,723 INFO o.a.j.t.JMeterThread: Stopping because end time detected by thread: S2 1-411
2026-10-06 08:29:03,723 INFO o.a.j.t.JMeterThread: Thread finished: S2 1-411
2026-10-06 08:29:03,726 INFO o.a.j.t.JMeterThread: Stopping because end time detected by thread: S2 1-312
2026-10-06 08:29:03,726 INFO o.a.j.t.JMeterThread: Thread finished: S2 1-312
2026-10-06 08:29:03,726 INFO o.a.j.t.JMeterThread: Stopping because end time detected by thread: S2 1-352
2026-10-06 08:29:03,726 INFO o.a.j.t.JMeterThread: Thread finished: S2 1-352
2026-10-06 08:29:03,726 INFO o.a.j.t.JMeterThread: Stopping because end time detected by thread: S2 1-427
2026-10-06 08:29:03,727 INFO o.a.j.t.JMeterThread: Thread finished: S2 1-427
2026-10-06 08:29:03,727 INFO o.a.j.t.JMeterThread: Stopping because end time detected by thread: S2 1-269
2026-10-06 08:29:03,727 INFO o.a.j.t.JMeterThread: Stopping because end time detected by thread: S2 1-303
2026-10-06 08:29:03,727 INFO o.a.j.t.JMeterThread: Thread finished: S2 1-303
2026-10-06 08:29:03,727 INFO o.a.j.t.JMeterThread: Thread finished: S2 1-269
2026-10-06 08:29:03,727 INFO o.a.j.t.JMeterThread: Stopping because end time detected by thread: S2 1-452
2026-10-06 08:29:03,727 INFO o.a.j.t.JMeterThread: Thread finished: S2 1-452
2026-10-06 08:29:03,728 INFO o.a.j.t.JMeterThread: Stopping because end time detected by thread: S2 1-331
2026-10-06 08:29:03,728 INFO o.a.j.t.JMeterThread: Thread finished: S2 1-331
2026-10-06 08:29:03,728 INFO o.a.j.t.JMeterThread: Stopping because end time detected by thread: S2 1-234
2026-10-06 08:29:03,728 INFO o.a.j.t.JMeterThread: Thread finished: S2 1-234
2026-10-06 08:29:03,728 INFO o.a.j.t.JMeterThread: Stopping because end time detected by thread: S2 1-407
2026-10-06 08:29:03,728 INFO o.a.j.t.JMeterThread: Thread finished: S2 1-407
2026-10-06 08:29:03,729 INFO o.a.j.t.JMeterThread: Stopping because end time detected by thread: S2 1-301
2026-10-06 08:29:03,729 INFO o.a.j.t.JMeterThread: Thread finished: S2 1-301
2026-10-06 08:29:03,729 INFO o.a.j.t.JMeterThread: Stopping because end time detected by thread: S2 1-355
2026-10-06 08:29:03,729 INFO o.a.j.t.JMeterThread: Thread finished: S2 1-355
2026-10-06 08:29:03,730 INFO o.a.j.t.JMeterThread: Stopping because end time detected by thread: S2 1-350
2026-10-06 08:29:03,730 INFO o.a.j.t.JMeterThread: Thread finished: S2 1-350
2026-10-06 08:29:03,730 INFO o.a.j.t.JMeterThread: Stopping because end time detected by thread: S2 1-227
2026-10-06 08:29:03,730 INFO o.a.j.t.JMeterThread: Thread finished: S2 1-227
2026-10-06 08:29:03,734 INFO o.a.j.t.JMeterThread: Stopping because end time detected by thread: S2 1-232
2026-10-06 08:29:03,735 INFO o.a.j.t.JMeterThread: Stopping because end time detected by thread: S2 1-276
2026-10-06 08:29:03,735 INFO o.a.j.t.JMeterThread: Thread finished: S2 1-232
2026-10-06 08:29:03,735 INFO o.a.j.t.JMeterThread: Thread finished: S2 1-276
2026-10-06 08:29:03,736 INFO o.a.j.t.JMeterThread: Stopping because end time detected by thread: S2 1-202
2026-10-06 08:29:03,736 INFO o.a.j.t.JMeterThread: Stopping because end time detected by thread: S2 1-319
2026-10-06 08:29:03,736 INFO o.a.j.t.JMeterThread: Stopping because end time detected by thread: S2 1-377
2026-10-06 08:29:03,736 INFO o.a.j.t.JMeterThread: Stopping because end time detected by thread: S2 1-211
2026-10-06 08:29:03,736 INFO o.a.j.t.JMeterThread: Thread finished: S2 1-319
2026-10-06 08:29:03,736 INFO o.a.j.t.JMeterThread: Thread finished: S2 1-211
2026-10-06 08:29:03,736 INFO o.a.j.t.JMeterThread: Stopping because end time detected by thread: S2 1-362
2026-10-06 08:29:03,736 INFO o.a.j.t.JMeterThread: Thread finished: S2 1-362
2026-10-06 08:29:03,736 INFO o.a.j.t.JMeterThread: Thread finished: S2 1-202
2026-10-06 08:29:03,736 INFO o.a.j.t.JMeterThread: Thread finished: S2 1-377
2026-10-06 08:29:03,736 INFO o.a.j.t.JMeterThread: Stopping because end time detected by thread: S2 1-375
2026-10-06 08:29:03,736 INFO o.a.j.t.JMeterThread: Thread finished: S2 1-375
2026-10-06 08:29:03,737 INFO o.a.j.t.JMeterThread: Stopping because end time detected by thread: S2 1-423
2026-10-06 08:29:03,737 INFO o.a.j.t.JMeterThread: Thread finished: S2 1-423
2026-10-06 08:29:03,737 INFO o.a.j.t.JMeterThread: Stopping because end time detected by thread: S2 1-353
2026-10-06 08:29:03,737 INFO o.a.j.t.JMeterThread: Thread finished: S2 1-353
2026-10-06 08:29:03,737 INFO o.a.j.t.JMeterThread: Stopping because end time detected by thread: S2 1-336
2026-10-06 08:29:03,737 INFO o.a.j.t.JMeterThread: Thread finished: S2 1-336
2026-10-06 08:29:03,737 INFO o.a.j.t.JMeterThread: Stopping because end time detected by thread: S2 1-330
2026-10-06 08:29:03,737 INFO o.a.j.t.JMeterThread: Thread finished: S2 1-330
2026-10-06 08:29:03,738 INFO o.a.j.t.JMeterThread: Stopping because end time detected by thread: S2 1-184
2026-10-06 08:29:03,738 INFO o.a.j.t.JMeterThread: Thread finished: S2 1-184
2026-10-06 08:29:03,739 INFO o.a.j.t.JMeterThread: Stopping because end time detected by thread: S2 1-358
2026-10-06 08:29:03,739 INFO o.a.j.t.JMeterThread: Thread finished: S2 1-358
2026-10-06 08:29:03,740 INFO o.a.j.t.JMeterThread: Stopping because end time detected by thread: S2 1-295
2026-10-06 08:29:03,740 INFO o.a.j.t.JMeterThread: Thread finished: S2 1-295
2026-10-06 08:29:03,741 INFO o.a.j.t.JMeterThread: Stopping because end time detected by thread: S2 1-458
2026-10-06 08:29:03,741 INFO o.a.j.t.JMeterThread: Thread finished: S2 1-458
2026-10-06 08:29:03,741 INFO o.a.j.t.JMeterThread: Stopping because end time detected by thread: S2 1-463
2026-10-06 08:29:03,741 INFO o.a.j.t.JMeterThread: Stopping because end time detected by thread: S2 1-382
2026-10-06 08:29:03,741 INFO o.a.j.t.JMeterThread: Thread finished: S2 1-463
2026-10-06 08:29:03,741 INFO o.a.j.t.JMeterThread: Thread finished: S2 1-382
2026-10-06 08:29:03,741 INFO o.a.j.t.JMeterThread: Stopping because end time detected by thread: S2 1-242
2026-10-06 08:29:03,741 INFO o.a.j.t.JMeterThread: Thread finished: S2 1-242
2026-10-06 08:29:03,741 INFO o.a.j.t.JMeterThread: Stopping because end time detected by thread: S2 1-277
2026-10-06 08:29:03,742 INFO o.a.j.t.JMeterThread: Stopping because end time detected by thread: S2 1-406
2026-10-06 08:29:03,742 INFO o.a.j.t.JMeterThread: Thread finished: S2 1-277
2026-10-06 08:29:03,742 INFO o.a.j.t.JMeterThread: Thread finished: S2 1-406
2026-10-06 08:29:03,742 INFO o.a.j.t.JMeterThread: Stopping because end time detected by thread: S2 1-313
2026-10-06 08:29:03,742 INFO o.a.j.t.JMeterThread: Thread finished: S2 1-313
2026-10-06 08:29:03,743 INFO o.a.j.t.JMeterThread: Stopping because end time detected by thread: S2 1-372
2026-10-06 08:29:03,743 INFO o.a.j.t.JMeterThread: Thread finished: S2 1-372
2026-10-06 08:29:03,744 INFO o.a.j.t.JMeterThread: Stopping because end time detected by thread: S2 1-253
2026-10-06 08:29:03,745 INFO o.a.j.t.JMeterThread: Thread finished: S2 1-253
2026-10-06 08:29:03,745 INFO o.a.j.t.JMeterThread: Stopping because end time detected by thread: S2 1-320
2026-10-06 08:29:03,745 INFO o.a.j.t.JMeterThread: Thread finished: S2 1-320
2026-10-06 08:29:03,746 INFO o.a.j.t.JMeterThread: Stopping because end time detected by thread: S2 1-442
2026-10-06 08:29:03,746 INFO o.a.j.t.JMeterThread: Thread finished: S2 1-442
2026-10-06 08:29:03,746 INFO o.a.j.t.JMeterThread: Stopping because end time detected by thread: S2 1-290
2026-10-06 08:29:03,747 INFO o.a.j.t.JMeterThread: Thread finished: S2 1-290
2026-10-06 08:29:03,747 INFO o.a.j.t.JMeterThread: Stopping because end time detected by thread: S2 1-342
2026-10-06 08:29:03,747 INFO o.a.j.t.JMeterThread: Thread finished: S2 1-342
2026-10-06 08:29:03,748 INFO o.a.j.t.JMeterThread: Stopping because end time detected by thread: S2 1-430
2026-10-06 08:29:03,748 INFO o.a.j.t.JMeterThread: Thread finished: S2 1-430
2026-10-06 08:29:03,748 INFO o.a.j.t.JMeterThread: Stopping because end time detected by thread: S2 1-333
2026-10-06 08:29:03,748 INFO o.a.j.t.JMeterThread: Thread finished: S2 1-333
2026-10-06 08:29:03,749 INFO o.a.j.t.JMeterThread: Stopping because end time detected by thread: S2 1-424
2026-10-06 08:29:03,749 INFO o.a.j.t.JMeterThread: Thread finished: S2 1-424
2026-10-06 08:29:03,749 INFO o.a.j.t.JMeterThread: Stopping because end time detected by thread: S2 1-410
2026-10-06 08:29:03,749 INFO o.a.j.t.JMeterThread: Thread finished: S2 1-410
2026-10-06 08:29:03,749 INFO o.a.j.t.JMeterThread: Stopping because end time detected by thread: S2 1-339
2026-10-06 08:29:03,750 INFO o.a.j.t.JMeterThread: Thread finished: S2 1-339
2026-10-06 08:29:03,750 INFO o.a.j.t.JMeterThread: Stopping because end time detected by thread: S2 1-472
2026-10-06 08:29:03,750 INFO o.a.j.t.JMeterThread: Thread finished: S2 1-472
2026-10-06 08:29:03,752 INFO o.a.j.t.JMeterThread: Stopping because end time detected by thread: S2 1-338
2026-10-06 08:29:03,752 INFO o.a.j.t.JMeterThread: Thread finished: S2 1-338
2026-10-06 08:29:03,752 INFO o.a.j.t.JMeterThread: Stopping because end time detected by thread: S2 1-239
2026-10-06 08:29:03,752 INFO o.a.j.t.JMeterThread: Thread finished: S2 1-239
2026-10-06 08:29:03,753 INFO o.a.j.t.JMeterThread: Stopping because end time detected by thread: S2 1-388
2026-10-06 08:29:03,753 INFO o.a.j.t.JMeterThread: Thread finished: S2 1-388
2026-10-06 08:29:03,753 INFO o.a.j.t.JMeterThread: Stopping because end time detected by thread: S2 1-340
2026-10-06 08:29:03,753 INFO o.a.j.t.JMeterThread: Thread finished: S2 1-340
2026-10-06 08:29:03,753 INFO o.a.j.t.JMeterThread: Stopping because end time detected by thread: S2 1-426
2026-10-06 08:29:03,754 INFO o.a.j.t.JMeterThread: Thread finished: S2 1-426
2026-10-06 08:29:03,755 INFO o.a.j.t.JMeterThread: Stopping because end time detected by thread: S2 1-287
2026-10-06 08:29:03,755 INFO o.a.j.t.JMeterThread: Thread finished: S2 1-287
2026-10-06 08:29:03,755 INFO o.a.j.t.JMeterThread: Stopping because end time detected by thread: S2 1-421
2026-10-06 08:29:03,755 INFO o.a.j.t.JMeterThread: Thread finished: S2 1-421
2026-10-06 08:29:03,755 INFO o.a.j.t.JMeterThread: Stopping because end time detected by thread: S2 1-288
2026-10-06 08:29:03,755 INFO o.a.j.t.JMeterThread: Thread finished: S2 1-288
2026-10-06 08:29:03,755 INFO o.a.j.t.JMeterThread: Stopping because end time detected by thread: S2 1-455
2026-10-06 08:29:03,755 INFO o.a.j.t.JMeterThread: Thread finished: S2 1-455
2026-10-06 08:29:03,755 INFO o.a.j.t.JMeterThread: Stopping because end time detected by thread: S2 1-466
2026-10-06 08:29:03,756 INFO o.a.j.t.JMeterThread: Thread finished: S2 1-466
2026-10-06 08:29:03,756 INFO o.a.j.t.JMeterThread: Stopping because end time detected by thread: S2 1-449
2026-10-06 08:29:03,756 INFO o.a.j.t.JMeterThread: Stopping because end time detected by thread: S2 1-344
2026-10-06 08:29:03,756 INFO o.a.j.t.JMeterThread: Thread finished: S2 1-449
2026-10-06 08:29:03,756 INFO o.a.j.t.JMeterThread: Thread finished: S2 1-344
2026-10-06 08:29:03,756 INFO o.a.j.t.JMeterThread: Stopping because end time detected by thread: S2 1-483
2026-10-06 08:29:03,756 INFO o.a.j.t.JMeterThread: Thread finished: S2 1-483
2026-10-06 08:29:03,757 INFO o.a.j.t.JMeterThread: Stopping because end time detected by thread: S2 1-354
2026-10-06 08:29:03,757 INFO o.a.j.t.JMeterThread: Stopping because end time detected by thread: S2 1-285
2026-10-06 08:29:03,757 INFO o.a.j.t.JMeterThread: Thread finished: S2 1-354
2026-10-06 08:29:03,757 INFO o.a.j.t.JMeterThread: Thread finished: S2 1-285
2026-10-06 08:29:03,758 INFO o.a.j.t.JMeterThread: Stopping because end time detected by thread: S2 1-309
2026-10-06 08:29:03,758 INFO o.a.j.t.JMeterThread: Thread finished: S2 1-309
2026-10-06 08:29:03,759 INFO o.a.j.t.JMeterThread: Stopping because end time detected by thread: S2 1-379
2026-10-06 08:29:03,759 INFO o.a.j.t.JMeterThread: Thread finished: S2 1-379
2026-10-06 08:29:03,759 INFO o.a.j.t.JMeterThread: Stopping because end time detected by thread: S2 1-486
2026-10-06 08:29:03,759 INFO o.a.j.t.JMeterThread: Thread finished: S2 1-486
2026-10-06 08:29:03,760 INFO o.a.j.t.JMeterThread: Stopping because end time detected by thread: S2 1-314
2026-10-06 08:29:03,760 INFO o.a.j.t.JMeterThread: Thread finished: S2 1-314
2026-10-06 08:29:03,760 INFO o.a.j.t.JMeterThread: Stopping because end time detected by thread: S2 1-419
2026-10-06 08:29:03,761 INFO o.a.j.t.JMeterThread: Thread finished: S2 1-419
2026-10-06 08:29:03,761 INFO o.a.j.t.JMeterThread: Stopping because end time detected by thread: S2 1-393
2026-10-06 08:29:03,761 INFO o.a.j.t.JMeterThread: Thread finished: S2 1-393
2026-10-06 08:29:03,761 INFO o.a.j.t.JMeterThread: Stopping because end time detected by thread: S2 1-376
2026-10-06 08:29:03,761 INFO o.a.j.t.JMeterThread: Thread finished: S2 1-376
2026-10-06 08:29:03,761 INFO o.a.j.t.JMeterThread: Stopping because end time detected by thread: S2 1-454
2026-10-06 08:29:03,761 INFO o.a.j.t.JMeterThread: Thread finished: S2 1-454
2026-10-06 08:29:03,761 INFO o.a.j.t.JMeterThread: Stopping because end time detected by thread: S2 1-476
2026-10-06 08:29:03,762 INFO o.a.j.t.JMeterThread: Thread finished: S2 1-476
2026-10-06 08:29:03,763 INFO o.a.j.t.JMeterThread: Stopping because end time detected by thread: S2 1-412
2026-10-06 08:29:03,764 INFO o.a.j.t.JMeterThread: Thread finished: S2 1-412
2026-10-06 08:29:03,761 INFO o.a.j.t.JMeterThread: Stopping because end time detected by thread: S2 1-370
2026-10-06 08:29:03,764 INFO o.a.j.t.JMeterThread: Thread finished: S2 1-370
2026-10-06 08:29:03,761 INFO o.a.j.t.JMeterThread: Stopping because end time detected by thread: S2 1-365
2026-10-06 08:29:03,766 INFO o.a.j.t.JMeterThread: Thread finished: S2 1-365
2026-10-06 08:29:03,770 INFO o.a.j.t.JMeterThread: Stopping because end time detected by thread: S2 1-294
2026-10-06 08:29:03,770 INFO o.a.j.t.JMeterThread: Stopping because end time detected by thread: S2 1-438
2026-10-06 08:29:03,770 INFO o.a.j.t.JMeterThread: Thread finished: S2 1-294
2026-10-06 08:29:03,770 INFO o.a.j.t.JMeterThread: Thread finished: S2 1-438
2026-10-06 08:29:03,770 INFO o.a.j.t.JMeterThread: Stopping because end time detected by thread: S2 1-456
2026-10-06 08:29:03,770 INFO o.a.j.t.JMeterThread: Thread finished: S2 1-456
2026-10-06 08:29:03,770 INFO o.a.j.t.JMeterThread: Stopping because end time detected by thread: S2 1-307
2026-10-06 08:29:03,770 INFO o.a.j.t.JMeterThread: Thread finished: S2 1-307
2026-10-06 08:29:03,771 INFO o.a.j.t.JMeterThread: Stopping because end time detected by thread: S2 1-415
2026-10-06 08:29:03,771 INFO o.a.j.t.JMeterThread: Stopping because end time detected by thread: S2 1-459
2026-10-06 08:29:03,771 INFO o.a.j.t.JMeterThread: Thread finished: S2 1-415
2026-10-06 08:29:03,771 INFO o.a.j.t.JMeterThread: Thread finished: S2 1-459
2026-10-06 08:29:03,771 INFO o.a.j.t.JMeterThread: Stopping because end time detected by thread: S2 1-378
2026-10-06 08:29:03,771 INFO o.a.j.t.JMeterThread: Stopping because end time detected by thread: S2 1-405
2026-10-06 08:29:03,771 INFO o.a.j.t.JMeterThread: Thread finished: S2 1-378
2026-10-06 08:29:03,771 INFO o.a.j.t.JMeterThread: Stopping because end time detected by thread: S2 1-392
2026-10-06 08:29:03,771 INFO o.a.j.t.JMeterThread: Thread finished: S2 1-405
2026-10-06 08:29:03,771 INFO o.a.j.t.JMeterThread: Stopping because end time detected by thread: S2 1-343
2026-10-06 08:29:03,771 INFO o.a.j.t.JMeterThread: Thread finished: S2 1-392
2026-10-06 08:29:03,771 INFO o.a.j.t.JMeterThread: Stopping because end time detected by thread: S2 1-431
2026-10-06 08:29:03,771 INFO o.a.j.t.JMeterThread: Thread finished: S2 1-343
2026-10-06 08:29:03,771 INFO o.a.j.t.JMeterThread: Thread finished: S2 1-431
2026-10-06 08:29:03,771 INFO o.a.j.t.JMeterThread: Stopping because end time detected by thread: S2 1-363
2026-10-06 08:29:03,772 INFO o.a.j.t.JMeterThread: Thread finished: S2 1-363
2026-10-06 08:29:03,772 INFO o.a.j.t.JMeterThread: Stopping because end time detected by thread: S2 1-465
2026-10-06 08:29:03,772 INFO o.a.j.t.JMeterThread: Thread finished: S2 1-465
2026-10-06 08:29:03,772 INFO o.a.j.t.JMeterThread: Stopping because end time detected by thread: S2 1-475
2026-10-06 08:29:03,772 INFO o.a.j.t.JMeterThread: Thread finished: S2 1-475
2026-10-06 08:29:03,773 INFO o.a.j.t.JMeterThread: Stopping because end time detected by thread: S2 1-432
2026-10-06 08:29:03,775 INFO o.a.j.t.JMeterThread: Stopping because end time detected by thread: S2 1-369
2026-10-06 08:29:03,775 INFO o.a.j.t.JMeterThread: Stopping because end time detected by thread: S2 1-273
2026-10-06 08:29:03,776 INFO o.a.j.t.JMeterThread: Thread finished: S2 1-369
2026-10-06 08:29:03,775 INFO o.a.j.t.JMeterThread: Stopping because end time detected by thread: S2 1-391
2026-10-06 08:29:03,776 INFO o.a.j.t.JMeterThread: Thread finished: S2 1-432
2026-10-06 08:29:03,775 INFO o.a.j.t.JMeterThread: Stopping because end time detected by thread: S2 1-360
2026-10-06 08:29:03,774 INFO o.a.j.t.JMeterThread: Stopping because end time detected by thread: S2 1-414
2026-10-06 08:29:03,776 INFO o.a.j.t.JMeterThread: Thread finished: S2 1-360
2026-10-06 08:29:03,773 INFO o.a.j.t.JMeterThread: Stopping because end time detected by thread: S2 1-473
2026-10-06 08:29:03,776 INFO o.a.j.t.JMeterThread: Thread finished: S2 1-414
2026-10-06 08:29:03,776 INFO o.a.j.t.JMeterThread: Thread finished: S2 1-473
2026-10-06 08:29:03,773 INFO o.a.j.t.JMeterThread: Stopping because end time detected by thread: S2 1-491
2026-10-06 08:29:03,776 INFO o.a.j.t.JMeterThread: Stopping because end time detected by thread: S2 1-349
2026-10-06 08:29:03,776 INFO o.a.j.t.JMeterThread: Thread finished: S2 1-491
2026-10-06 08:29:03,776 INFO o.a.j.t.JMeterThread: Thread finished: S2 1-349
2026-10-06 08:29:03,777 INFO o.a.j.t.JMeterThread: Stopping because end time detected by thread: S2 1-425
2026-10-06 08:29:03,777 INFO o.a.j.t.JMeterThread: Thread finished: S2 1-425
2026-10-06 08:29:03,778 INFO o.a.j.t.JMeterThread: Stopping because end time detected by thread: S2 1-408
2026-10-06 08:29:03,778 INFO o.a.j.t.JMeterThread: Thread finished: S2 1-408
2026-10-06 08:29:03,778 INFO o.a.j.t.JMeterThread: Stopping because end time detected by thread: S2 1-374
2026-10-06 08:29:03,778 INFO o.a.j.t.JMeterThread: Thread finished: S2 1-374
2026-10-06 08:29:03,776 INFO o.a.j.t.JMeterThread: Thread finished: S2 1-273
2026-10-06 08:29:03,776 INFO o.a.j.t.JMeterThread: Thread finished: S2 1-391
2026-10-06 08:29:03,780 INFO o.a.j.t.JMeterThread: Stopping because end time detected by thread: S2 1-497
2026-10-06 08:29:03,780 INFO o.a.j.t.JMeterThread: Thread finished: S2 1-497
2026-10-06 08:29:03,780 INFO o.a.j.t.JMeterThread: Stopping because end time detected by thread: S2 1-492
2026-10-06 08:29:03,781 INFO o.a.j.t.JMeterThread: Thread finished: S2 1-492
2026-10-06 08:29:03,781 INFO o.a.j.t.JMeterThread: Stopping because end time detected by thread: S2 1-460
2026-10-06 08:29:03,781 INFO o.a.j.t.JMeterThread: Thread finished: S2 1-460
2026-10-06 08:29:03,783 INFO o.a.j.t.JMeterThread: Stopping because end time detected by thread: S2 1-380
2026-10-06 08:29:03,783 INFO o.a.j.t.JMeterThread: Thread finished: S2 1-380
2026-10-06 08:29:03,785 INFO o.a.j.t.JMeterThread: Stopping because end time detected by thread: S2 1-440
2026-10-06 08:29:03,785 INFO o.a.j.t.JMeterThread: Thread finished: S2 1-440
2026-10-06 08:29:03,785 INFO o.a.j.t.JMeterThread: Stopping because end time detected by thread: S2 1-359
2026-10-06 08:29:03,785 INFO o.a.j.t.JMeterThread: Thread finished: S2 1-359
2026-10-06 08:29:03,786 INFO o.a.j.t.JMeterThread: Stopping because end time detected by thread: S2 1-335
2026-10-06 08:29:03,786 INFO o.a.j.t.JMeterThread: Stopping because end time detected by thread: S2 1-385
2026-10-06 08:29:03,786 INFO o.a.j.t.JMeterThread: Thread finished: S2 1-335
2026-10-06 08:29:03,786 INFO o.a.j.t.JMeterThread: Thread finished: S2 1-385
2026-10-06 08:29:03,786 INFO o.a.j.t.JMeterThread: Stopping because end time detected by thread: S2 1-416
2026-10-06 08:29:03,786 INFO o.a.j.t.JMeterThread: Thread finished: S2 1-416
2026-10-06 08:29:03,787 INFO o.a.j.t.JMeterThread: Stopping because end time detected by thread: S2 1-469
2026-10-06 08:29:03,787 INFO o.a.j.t.JMeterThread: Thread finished: S2 1-469
2026-10-06 08:29:03,787 INFO o.a.j.t.JMeterThread: Stopping because end time detected by thread: S2 1-434
2026-10-06 08:29:03,787 INFO o.a.j.t.JMeterThread: Thread finished: S2 1-434
2026-10-06 08:29:03,787 INFO o.a.j.t.JMeterThread: Stopping because end time detected by thread: S2 1-493
2026-10-06 08:29:03,787 INFO o.a.j.t.JMeterThread: Thread finished: S2 1-493
2026-10-06 08:29:03,787 INFO o.a.j.t.JMeterThread: Stopping because end time detected by thread: S2 1-383
2026-10-06 08:29:03,787 INFO o.a.j.t.JMeterThread: Stopping because end time detected by thread: S2 1-402
2026-10-06 08:29:03,787 INFO o.a.j.t.JMeterThread: Thread finished: S2 1-383
2026-10-06 08:29:03,787 INFO o.a.j.t.JMeterThread: Thread finished: S2 1-402
2026-10-06 08:29:03,788 INFO o.a.j.t.JMeterThread: Stopping because end time detected by thread: S2 1-329
2026-10-06 08:29:03,788 INFO o.a.j.t.JMeterThread: Thread finished: S2 1-329
2026-10-06 08:29:03,788 INFO o.a.j.t.JMeterThread: Stopping because end time detected by thread: S2 1-381
2026-10-06 08:29:03,788 INFO o.a.j.t.JMeterThread: Thread finished: S2 1-381
2026-10-06 08:29:03,788 INFO o.a.j.t.JMeterThread: Stopping because end time detected by thread: S2 1-471
2026-10-06 08:29:03,788 INFO o.a.j.t.JMeterThread: Thread finished: S2 1-471
2026-10-06 08:29:03,789 INFO o.a.j.t.JMeterThread: Stopping because end time detected by thread: S2 1-300
2026-10-06 08:29:03,789 INFO o.a.j.t.JMeterThread: Thread finished: S2 1-300
2026-10-06 08:29:03,789 INFO o.a.j.t.JMeterThread: Stopping because end time detected by thread: S2 1-464
2026-10-06 08:29:03,789 INFO o.a.j.t.JMeterThread: Stopping because end time detected by thread: S2 1-429
2026-10-06 08:29:03,789 INFO o.a.j.t.JMeterThread: Thread finished: S2 1-464
2026-10-06 08:29:03,790 INFO o.a.j.t.JMeterThread: Thread finished: S2 1-429
2026-10-06 08:29:03,790 INFO o.a.j.t.JMeterThread: Stopping because end time detected by thread: S2 1-445
2026-10-06 08:29:03,790 INFO o.a.j.t.JMeterThread: Thread finished: S2 1-445
2026-10-06 08:29:03,790 INFO o.a.j.t.JMeterThread: Stopping because end time detected by thread: S2 1-441
2026-10-06 08:29:03,790 INFO o.a.j.t.JMeterThread: Thread finished: S2 1-441
2026-10-06 08:29:03,790 INFO o.a.j.t.JMeterThread: Stopping because end time detected by thread: S2 1-498
2026-10-06 08:29:03,790 INFO o.a.j.t.JMeterThread: Thread finished: S2 1-498
2026-10-06 08:29:03,790 INFO o.a.j.t.JMeterThread: Stopping because end time detected by thread: S2 1-451
2026-10-06 08:29:03,790 INFO o.a.j.t.JMeterThread: Thread finished: S2 1-451
2026-10-06 08:29:03,791 INFO o.a.j.t.JMeterThread: Stopping because end time detected by thread: S2 1-447
2026-10-06 08:29:03,791 INFO o.a.j.t.JMeterThread: Thread finished: S2 1-447
2026-10-06 08:29:03,791 INFO o.a.j.t.JMeterThread: Stopping because end time detected by thread: S2 1-315
2026-10-06 08:29:03,791 INFO o.a.j.t.JMeterThread: Thread finished: S2 1-315
2026-10-06 08:29:03,791 INFO o.a.j.t.JMeterThread: Stopping because end time detected by thread: S2 1-437
2026-10-06 08:29:03,791 INFO o.a.j.t.JMeterThread: Stopping because end time detected by thread: S2 1-394
2026-10-06 08:29:03,791 INFO o.a.j.t.JMeterThread: Thread finished: S2 1-394
2026-10-06 08:29:03,791 INFO o.a.j.t.JMeterThread: Thread finished: S2 1-437
2026-10-06 08:29:03,792 INFO o.a.j.t.JMeterThread: Stopping because end time detected by thread: S2 1-398
2026-10-06 08:29:03,792 INFO o.a.j.t.JMeterThread: Stopping because end time detected by thread: S2 1-482
2026-10-06 08:29:03,792 INFO o.a.j.t.JMeterThread: Thread finished: S2 1-398
2026-10-06 08:29:03,792 INFO o.a.j.t.JMeterThread: Thread finished: S2 1-482
2026-10-06 08:29:03,792 INFO o.a.j.t.JMeterThread: Stopping because end time detected by thread: S2 1-494
2026-10-06 08:29:03,792 INFO o.a.j.t.JMeterThread: Thread finished: S2 1-494
2026-10-06 08:29:03,793 INFO o.a.j.t.JMeterThread: Stopping because end time detected by thread: S2 1-487
2026-10-06 08:29:03,793 INFO o.a.j.t.JMeterThread: Thread finished: S2 1-487
2026-10-06 08:29:03,793 INFO o.a.j.t.JMeterThread: Stopping because end time detected by thread: S2 1-397
2026-10-06 08:29:03,793 INFO o.a.j.t.JMeterThread: Thread finished: S2 1-397
2026-10-06 08:29:03,795 INFO o.a.j.t.JMeterThread: Stopping because end time detected by thread: S2 1-453
2026-10-06 08:29:03,795 INFO o.a.j.t.JMeterThread: Thread finished: S2 1-453
2026-10-06 08:29:03,795 INFO o.a.j.t.JMeterThread: Stopping because end time detected by thread: S2 1-395
2026-10-06 08:29:03,795 INFO o.a.j.t.JMeterThread: Thread finished: S2 1-395
2026-10-06 08:29:03,796 INFO o.a.j.t.JMeterThread: Stopping because end time detected by thread: S2 1-368
2026-10-06 08:29:03,796 INFO o.a.j.t.JMeterThread: Thread finished: S2 1-368
2026-10-06 08:29:03,797 INFO o.a.j.t.JMeterThread: Stopping because end time detected by thread: S2 1-404
2026-10-06 08:29:03,797 INFO o.a.j.t.JMeterThread: Thread finished: S2 1-404
2026-10-06 08:29:03,797 INFO o.a.j.t.JMeterThread: Stopping because end time detected by thread: S2 1-462
2026-10-06 08:29:03,797 INFO o.a.j.t.JMeterThread: Thread finished: S2 1-462
2026-10-06 08:29:03,798 INFO o.a.j.t.JMeterThread: Stopping because end time detected by thread: S2 1-422
2026-10-06 08:29:03,798 INFO o.a.j.t.JMeterThread: Thread finished: S2 1-422
2026-10-06 08:29:03,799 INFO o.a.j.t.JMeterThread: Stopping because end time detected by thread: S2 1-448
2026-10-06 08:29:03,799 INFO o.a.j.t.JMeterThread: Thread finished: S2 1-448
2026-10-06 08:29:03,799 INFO o.a.j.t.JMeterThread: Stopping because end time detected by thread: S2 1-470
2026-10-06 08:29:03,799 INFO o.a.j.t.JMeterThread: Thread finished: S2 1-470
2026-10-06 08:29:03,800 INFO o.a.j.t.JMeterThread: Stopping because end time detected by thread: S2 1-489
2026-10-06 08:29:03,800 INFO o.a.j.t.JMeterThread: Thread finished: S2 1-489
2026-10-06 08:29:03,800 INFO o.a.j.t.JMeterThread: Stopping because end time detected by thread: S2 1-495
2026-10-06 08:29:03,800 INFO o.a.j.t.JMeterThread: Stopping because end time detected by thread: S2 1-468
2026-10-06 08:29:03,800 INFO o.a.j.t.JMeterThread: Thread finished: S2 1-495
2026-10-06 08:29:03,801 INFO o.a.j.t.JMeterThread: Thread finished: S2 1-468
2026-10-06 08:29:03,801 INFO o.a.j.t.JMeterThread: Stopping because end time detected by thread: S2 1-478
2026-10-06 08:29:03,801 INFO o.a.j.t.JMeterThread: Thread finished: S2 1-478
2026-10-06 08:29:03,801 INFO o.a.j.t.JMeterThread: Stopping because end time detected by thread: S2 1-443
2026-10-06 08:29:03,801 INFO o.a.j.t.JMeterThread: Stopping because end time detected by thread: S2 1-484
2026-10-06 08:29:03,801 INFO o.a.j.t.JMeterThread: Thread finished: S2 1-443
2026-10-06 08:29:03,801 INFO o.a.j.t.JMeterThread: Thread finished: S2 1-484
2026-10-06 08:29:03,802 INFO o.a.j.t.JMeterThread: Stopping because end time detected by thread: S2 1-474
2026-10-06 08:29:03,802 INFO o.a.j.t.JMeterThread: Thread finished: S2 1-474
2026-10-06 08:29:03,802 INFO o.a.j.t.JMeterThread: Stopping because end time detected by thread: S2 1-496
2026-10-06 08:29:03,802 INFO o.a.j.t.JMeterThread: Thread finished: S2 1-496
2026-10-06 08:29:03,803 INFO o.a.j.t.JMeterThread: Stopping because end time detected by thread: S2 1-399
2026-10-06 08:29:03,803 INFO o.a.j.t.JMeterThread: Thread finished: S2 1-399
2026-10-06 08:29:03,803 INFO o.a.j.t.JMeterThread: Stopping because end time detected by thread: S2 1-488
2026-10-06 08:29:03,803 INFO o.a.j.t.JMeterThread: Thread finished: S2 1-488
2026-10-06 08:29:03,804 INFO o.a.j.t.JMeterThread: Stopping because end time detected by thread: S2 1-499
2026-10-06 08:29:03,804 INFO o.a.j.t.JMeterThread: Thread finished: S2 1-499
2026-10-06 08:29:03,804 INFO o.a.j.t.JMeterThread: Stopping because end time detected by thread: S2 1-480
2026-10-06 08:29:03,804 INFO o.a.j.t.JMeterThread: Thread finished: S2 1-480
2026-10-06 08:29:03,804 INFO o.a.j.t.JMeterThread: Stopping because end time detected by thread: S2 1-477
2026-10-06 08:29:03,804 INFO o.a.j.t.JMeterThread: Thread finished: S2 1-477
2026-10-06 08:29:03,805 INFO o.a.j.t.JMeterThread: Stopping because end time detected by thread: S2 1-356
2026-10-06 08:29:03,805 INFO o.a.j.t.JMeterThread: Thread finished: S2 1-356
2026-10-06 08:29:03,807 INFO o.a.j.t.JMeterThread: Stopping because end time detected by thread: S2 1-479
2026-10-06 08:29:03,807 INFO o.a.j.t.JMeterThread: Thread finished: S2 1-479
2026-10-06 08:29:03,809 INFO o.a.j.t.JMeterThread: Stopping because end time detected by thread: S2 1-485
2026-10-06 08:29:03,809 INFO o.a.j.t.JMeterThread: Thread finished: S2 1-485
2026-10-06 08:29:03,809 INFO o.a.j.t.JMeterThread: Stopping because end time detected by thread: S2 1-461
2026-10-06 08:29:03,809 INFO o.a.j.t.JMeterThread: Thread finished: S2 1-461
2026-10-06 08:29:03,809 INFO o.a.j.t.JMeterThread: Stopping because end time detected by thread: S2 1-332
2026-10-06 08:29:03,809 INFO o.a.j.t.JMeterThread: Thread finished: S2 1-332
2026-10-06 08:29:03,812 INFO o.a.j.t.JMeterThread: Stopping because end time detected by thread: S2 1-439
2026-10-06 08:29:03,812 INFO o.a.j.t.JMeterThread: Thread finished: S2 1-439
2026-10-06 08:29:03,812 INFO o.a.j.t.JMeterThread: Stopping because end time detected by thread: S2 1-413
2026-10-06 08:29:03,812 INFO o.a.j.t.JMeterThread: Thread finished: S2 1-413
2026-10-06 08:29:03,816 INFO o.a.j.t.JMeterThread: Stopping because end time detected by thread: S2 1-467
2026-10-06 08:29:03,816 INFO o.a.j.t.JMeterThread: Thread finished: S2 1-467
2026-10-06 08:29:03,817 INFO o.a.j.t.JMeterThread: Stopping because end time detected by thread: S2 1-428
2026-10-06 08:29:03,817 INFO o.a.j.t.JMeterThread: Thread finished: S2 1-428
2026-10-06 08:29:03,817 INFO o.a.j.t.JMeterThread: Stopping because end time detected by thread: S2 1-457
2026-10-06 08:29:03,817 INFO o.a.j.t.JMeterThread: Thread finished: S2 1-457
2026-10-06 08:29:03,818 INFO o.a.j.t.JMeterThread: Stopping because end time detected by thread: S2 1-450
2026-10-06 08:29:03,818 INFO o.a.j.t.JMeterThread: Thread finished: S2 1-450
2026-10-06 08:29:03,818 INFO o.a.j.t.JMeterThread: Stopping because end time detected by thread: S2 1-500
2026-10-06 08:29:03,818 INFO o.a.j.t.JMeterThread: Thread finished: S2 1-500
2026-10-06 08:29:03,818 INFO o.a.j.t.JMeterThread: Stopping because end time detected by thread: S2 1-446
2026-10-06 08:29:03,819 INFO o.a.j.t.JMeterThread: Thread finished: S2 1-446
2026-10-06 08:29:03,819 INFO o.a.j.t.JMeterThread: Stopping because end time detected by thread: S2 1-490
2026-10-06 08:29:03,820 INFO o.a.j.t.JMeterThread: Thread finished: S2 1-490
2026-10-06 08:29:03,820 INFO o.a.j.t.JMeterThread: Stopping because end time detected by thread: S2 1-481
2026-10-06 08:29:03,820 INFO o.a.j.t.JMeterThread: Thread finished: S2 1-481
2026-10-06 08:29:03,820 INFO o.a.j.e.StandardJMeterEngine: Notifying test listeners of end of test
2026-10-06 08:29:03,820 INFO o.a.j.s.FileServer: Close: /tests/data/available_menu_items.csv
2026-10-06 08:29:03,824 INFO o.a.j.r.Summariser: summary +   7732 in 00:00:04 = 2022.5/s Avg:   243 Min:    56 Max:   308 Err:     0 (0.00%) Active: 0 Started: 500 Finished: 500
2026-10-06 08:29:03,824 INFO o.a.j.r.Summariser: summary = 119012 in 00:01:01 = 1942.1/s Avg:   246 Min:    10 Max:   473 Err:     0 (0.00%)
