2026-10-06 08:13:39,614 INFO o.a.j.u.JMeterUtils: Setting Locale to en_EN
2026-10-06 08:13:39,639 INFO o.a.j.JMeter: Loading user properties from: /opt/jmeter/bin/user.properties
2026-10-06 08:13:39,640 INFO o.a.j.JMeter: Loading system properties from: /opt/jmeter/bin/system.properties
2026-10-06 08:13:39,640 INFO o.a.j.JMeter: Loading additional properties from: /tests/run.properties
2026-10-06 08:13:39,640 INFO o.a.j.JMeter: Loading additional properties from: /tests/data/ranges.properties
2026-10-06 08:13:39,641 INFO o.a.j.JMeter: Setting JMeter property: host=nestjs-nginx
2026-10-06 08:13:39,641 INFO o.a.j.JMeter: Setting JMeter property: port=80
2026-10-06 08:13:39,641 INFO o.a.j.JMeter: Setting JMeter property: rampup=10
2026-10-06 08:13:39,641 INFO o.a.j.JMeter: Setting JMeter property: endpoint=EP3
2026-10-06 08:13:39,641 INFO o.a.j.JMeter: Setting JMeter property: users=500
2026-10-06 08:13:39,641 INFO o.a.j.JMeter: Setting JMeter property: duration=60
2026-10-06 08:13:39,646 INFO o.a.j.JMeter: Copyright (c) 1998-2024 The Apache Software Foundation
2026-10-06 08:13:39,646 INFO o.a.j.JMeter: Version 5.6.3
2026-10-06 08:13:39,646 INFO o.a.j.JMeter: java.version=21.0.12.1
2026-10-06 08:13:39,646 INFO o.a.j.JMeter: java.vm.name=OpenJDK 64-Bit Server VM
2026-10-06 08:13:39,646 INFO o.a.j.JMeter: os.name=Linux
2026-10-06 08:13:39,646 INFO o.a.j.JMeter: os.arch=amd64
2026-10-06 08:13:39,646 INFO o.a.j.JMeter: os.version=6.6.87.2-microsoft-standard-WSL2
2026-10-06 08:13:39,646 INFO o.a.j.JMeter: file.encoding=UTF-8
2026-10-06 08:13:39,646 INFO o.a.j.JMeter: java.awt.headless=true
2026-10-06 08:13:39,646 INFO o.a.j.JMeter: Max memory     =4294967296
2026-10-06 08:13:39,646 INFO o.a.j.JMeter: Available Processors =12
2026-10-06 08:13:39,656 INFO o.a.j.JMeter: Default Locale=English (EN)
2026-10-06 08:13:39,656 INFO o.a.j.JMeter: JMeter  Locale=English (EN)
2026-10-06 08:13:39,657 INFO o.a.j.JMeter: JMeterHome=/opt/jmeter
2026-10-06 08:13:39,657 INFO o.a.j.JMeter: user.dir  =/tests
2026-10-06 08:13:39,657 INFO o.a.j.JMeter: PWD       =/tests
2026-10-06 08:13:39,657 INFO o.a.j.JMeter: IP: 172.19.0.5 Name: 26d14fa1d02e FullName: 26d14fa1d02e
2026-10-06 08:13:39,667 INFO o.a.j.s.FileServer: Default base='/tests'
2026-10-06 08:13:39,668 INFO o.a.j.s.FileServer: Set new base='/tests'
2026-10-06 08:13:39,849 INFO o.a.j.s.SaveService: Testplan (JMX) version: 2.2. Testlog (JTL) version: 2.2
2026-10-06 08:13:39,871 INFO o.a.j.s.SaveService: Using SaveService properties version 5.0
2026-10-06 08:13:39,877 INFO o.a.j.s.SaveService: Using SaveService properties file encoding UTF-8
2026-10-06 08:13:39,881 INFO o.a.j.s.SaveService: Loading file: /tests/s2.jmx
2026-10-06 08:13:39,933 INFO o.a.j.p.h.s.HTTPSamplerBase: Parser for text/html is org.apache.jmeter.protocol.http.parser.LagartoBasedHtmlParser
2026-10-06 08:13:39,933 INFO o.a.j.p.h.s.HTTPSamplerBase: Parser for application/xhtml+xml is org.apache.jmeter.protocol.http.parser.LagartoBasedHtmlParser
2026-10-06 08:13:39,934 INFO o.a.j.p.h.s.HTTPSamplerBase: Parser for application/xml is org.apache.jmeter.protocol.http.parser.LagartoBasedHtmlParser
2026-10-06 08:13:39,934 INFO o.a.j.p.h.s.HTTPSamplerBase: Parser for text/xml is org.apache.jmeter.protocol.http.parser.LagartoBasedHtmlParser
2026-10-06 08:13:39,934 INFO o.a.j.p.h.s.HTTPSamplerBase: Parser for text/vnd.wap.wml is org.apache.jmeter.protocol.http.parser.RegexpHTMLParser
2026-10-06 08:13:39,934 INFO o.a.j.p.h.s.HTTPSamplerBase: Parser for text/css is org.apache.jmeter.protocol.http.parser.CssParser
2026-10-06 08:13:39,989 INFO o.a.j.JMeter: Creating summariser <summary>
2026-10-06 08:13:40,012 INFO o.a.j.e.StandardJMeterEngine: Running the test!
2026-10-06 08:13:40,013 INFO o.a.j.s.SampleEvent: List of sample_variables: []
2026-10-06 08:13:40,014 INFO o.a.j.s.SampleEvent: List of sample_variables: []
2026-10-06 08:13:40,017 INFO o.a.j.e.u.CompoundVariable: Note: Function class names must contain the string: '.functions.'
2026-10-06 08:13:40,018 INFO o.a.j.e.u.CompoundVariable: Note: Function class names must not contain the string: '.gui.'
2026-10-06 08:13:40,294 INFO o.a.j.JMeter: Running test (1791274420294)
2026-10-06 08:13:40,296 INFO o.a.j.e.StandardJMeterEngine: Starting setUp thread groups
2026-10-06 08:13:40,296 INFO o.a.j.e.StandardJMeterEngine: Starting setUp ThreadGroup: 1 : setUp - login 
2026-10-06 08:13:40,296 INFO o.a.j.e.StandardJMeterEngine: Starting 1 threads for group setUp - login.
2026-10-06 08:13:40,296 INFO o.a.j.e.StandardJMeterEngine: Test will stop abruptly on error
2026-10-06 08:13:40,296 INFO o.a.j.t.ThreadGroup: Starting thread group... number=1 threads=1 ramp-up=1 delayedStart=false
2026-10-06 08:13:40,299 INFO o.a.j.t.ThreadGroup: Started thread group number 1
2026-10-06 08:13:40,299 INFO o.a.j.e.StandardJMeterEngine: Waiting for all setup thread groups to exit
2026-10-06 08:13:40,300 INFO o.a.j.t.JMeterThread: Thread started: setUp - login 1-1
2026-10-06 08:13:40,312 INFO o.a.j.p.h.s.HTTPHCAbstractImpl: Local host = 26d14fa1d02e
2026-10-06 08:13:40,317 INFO o.a.j.p.h.s.HTTPHC4Impl: HTTP request retry count = 0
2026-10-06 08:13:40,318 INFO o.a.j.s.SampleResult: Note: Sample TimeStamps are START times
2026-10-06 08:13:40,318 INFO o.a.j.s.SampleResult: sampleresult.default.encoding is set to UTF-8
2026-10-06 08:13:40,318 INFO o.a.j.s.SampleResult: sampleresult.useNanoTime=true
2026-10-06 08:13:40,319 INFO o.a.j.s.SampleResult: sampleresult.nanoThreadSleep=5000
2026-10-06 08:13:41,108 INFO o.a.j.t.JMeterThread: Thread is done: setUp - login 1-1
2026-10-06 08:13:41,109 INFO o.a.j.t.JMeterThread: Thread finished: setUp - login 1-1
2026-10-06 08:13:41,110 INFO o.a.j.e.StandardJMeterEngine: All Setup Threads have ended
2026-10-06 08:13:41,132 INFO o.a.j.e.StandardJMeterEngine: Starting ThreadGroup: 1 : S2
2026-10-06 08:13:41,132 INFO o.a.j.e.StandardJMeterEngine: Starting 500 threads for group S2.
2026-10-06 08:13:41,132 INFO o.a.j.e.StandardJMeterEngine: Thread will continue on error
2026-10-06 08:13:41,132 INFO o.a.j.t.ThreadGroup: Starting thread group... number=1 threads=500 ramp-up=10 delayedStart=false
2026-10-06 08:13:41,143 INFO o.a.j.t.JMeterThread: Thread started: S2 1-1
2026-10-06 08:13:41,144 INFO o.a.j.s.FileServer: Stored: /tests/data/available_menu_items.csv
2026-10-06 08:13:41,162 INFO o.a.j.t.JMeterThread: Thread started: S2 1-2
2026-10-06 08:13:41,181 INFO o.a.j.t.JMeterThread: Thread started: S2 1-3
2026-10-06 08:13:41,201 INFO o.a.j.t.JMeterThread: Thread started: S2 1-4
2026-10-06 08:13:41,218 INFO o.a.j.t.JMeterThread: Thread started: S2 1-5
2026-10-06 08:13:41,239 INFO o.a.j.t.JMeterThread: Thread started: S2 1-6
2026-10-06 08:13:41,257 INFO o.a.j.t.JMeterThread: Thread started: S2 1-7
2026-10-06 08:13:41,277 INFO o.a.j.t.JMeterThread: Thread started: S2 1-8
2026-10-06 08:13:41,301 INFO o.a.j.t.JMeterThread: Thread started: S2 1-9
2026-10-06 08:13:41,335 INFO o.a.j.t.JMeterThread: Thread started: S2 1-11
2026-10-06 08:13:41,325 INFO o.a.j.t.JMeterThread: Thread started: S2 1-10
2026-10-06 08:13:41,362 INFO o.a.j.t.JMeterThread: Thread started: S2 1-12
2026-10-06 08:13:41,374 INFO o.a.j.t.JMeterThread: Thread started: S2 1-13
2026-10-06 08:13:41,395 INFO o.a.j.t.JMeterThread: Thread started: S2 1-14
2026-10-06 08:13:41,417 INFO o.a.j.t.JMeterThread: Thread started: S2 1-15
2026-10-06 08:13:41,433 INFO o.a.j.t.JMeterThread: Thread started: S2 1-16
2026-10-06 08:13:41,453 INFO o.a.j.t.JMeterThread: Thread started: S2 1-17
2026-10-06 08:13:41,477 INFO o.a.j.t.JMeterThread: Thread started: S2 1-18
2026-10-06 08:13:41,495 INFO o.a.j.t.JMeterThread: Thread started: S2 1-19
2026-10-06 08:13:41,519 INFO o.a.j.t.JMeterThread: Thread started: S2 1-20
2026-10-06 08:13:41,533 INFO o.a.j.t.JMeterThread: Thread started: S2 1-21
2026-10-06 08:13:41,554 INFO o.a.j.t.JMeterThread: Thread started: S2 1-22
2026-10-06 08:13:41,573 INFO o.a.j.t.JMeterThread: Thread started: S2 1-23
2026-10-06 08:13:41,602 INFO o.a.j.t.JMeterThread: Thread started: S2 1-24
2026-10-06 08:13:41,614 INFO o.a.j.t.JMeterThread: Thread started: S2 1-25
2026-10-06 08:13:41,633 INFO o.a.j.t.JMeterThread: Thread started: S2 1-26
2026-10-06 08:13:41,639 INFO o.a.j.t.ThreadGroup: Started thread group number 1
2026-10-06 08:13:41,640 INFO o.a.j.e.StandardJMeterEngine: All thread groups have been started
2026-10-06 08:13:41,653 INFO o.a.j.t.JMeterThread: Thread started: S2 1-27
2026-10-06 08:13:41,673 INFO o.a.j.t.JMeterThread: Thread started: S2 1-28
2026-10-06 08:13:41,697 INFO o.a.j.t.JMeterThread: Thread started: S2 1-29
2026-10-06 08:13:41,714 INFO o.a.j.t.JMeterThread: Thread started: S2 1-30
2026-10-06 08:13:41,734 INFO o.a.j.t.JMeterThread: Thread started: S2 1-31
2026-10-06 08:13:41,753 INFO o.a.j.t.JMeterThread: Thread started: S2 1-32
2026-10-06 08:13:41,773 INFO o.a.j.t.JMeterThread: Thread started: S2 1-33
2026-10-06 08:13:41,794 INFO o.a.j.t.JMeterThread: Thread started: S2 1-34
2026-10-06 08:13:41,813 INFO o.a.j.t.JMeterThread: Thread started: S2 1-35
2026-10-06 08:13:41,833 INFO o.a.j.t.JMeterThread: Thread started: S2 1-36
2026-10-06 08:13:41,856 INFO o.a.j.t.JMeterThread: Thread started: S2 1-37
2026-10-06 08:13:41,875 INFO o.a.j.t.JMeterThread: Thread started: S2 1-38
2026-10-06 08:13:41,894 INFO o.a.j.t.JMeterThread: Thread started: S2 1-39
2026-10-06 08:13:41,914 INFO o.a.j.t.JMeterThread: Thread started: S2 1-40
2026-10-06 08:13:41,933 INFO o.a.j.t.JMeterThread: Thread started: S2 1-41
2026-10-06 08:13:41,953 INFO o.a.j.t.JMeterThread: Thread started: S2 1-42
2026-10-06 08:13:41,974 INFO o.a.j.t.JMeterThread: Thread started: S2 1-43
2026-10-06 08:13:41,993 INFO o.a.j.t.JMeterThread: Thread started: S2 1-44
2026-10-06 08:13:42,013 INFO o.a.j.t.JMeterThread: Thread started: S2 1-45
2026-10-06 08:13:42,034 INFO o.a.j.t.JMeterThread: Thread started: S2 1-46
2026-10-06 08:13:42,053 INFO o.a.j.t.JMeterThread: Thread started: S2 1-47
2026-10-06 08:13:42,073 INFO o.a.j.t.JMeterThread: Thread started: S2 1-48
2026-10-06 08:13:42,093 INFO o.a.j.t.JMeterThread: Thread started: S2 1-49
2026-10-06 08:13:42,113 INFO o.a.j.t.JMeterThread: Thread started: S2 1-50
2026-10-06 08:13:42,133 INFO o.a.j.t.JMeterThread: Thread started: S2 1-51
2026-10-06 08:13:42,153 INFO o.a.j.t.JMeterThread: Thread started: S2 1-52
2026-10-06 08:13:42,174 INFO o.a.j.t.JMeterThread: Thread started: S2 1-53
2026-10-06 08:13:42,193 INFO o.a.j.t.JMeterThread: Thread started: S2 1-54
2026-10-06 08:13:42,213 INFO o.a.j.t.JMeterThread: Thread started: S2 1-55
2026-10-06 08:13:42,234 INFO o.a.j.t.JMeterThread: Thread started: S2 1-56
2026-10-06 08:13:42,254 INFO o.a.j.t.JMeterThread: Thread started: S2 1-57
2026-10-06 08:13:42,273 INFO o.a.j.t.JMeterThread: Thread started: S2 1-58
2026-10-06 08:13:42,293 INFO o.a.j.t.JMeterThread: Thread started: S2 1-59
2026-10-06 08:13:42,312 INFO o.a.j.t.JMeterThread: Thread started: S2 1-60
2026-10-06 08:13:42,333 INFO o.a.j.t.JMeterThread: Thread started: S2 1-61
2026-10-06 08:13:42,354 INFO o.a.j.t.JMeterThread: Thread started: S2 1-62
2026-10-06 08:13:42,376 INFO o.a.j.t.JMeterThread: Thread started: S2 1-63
2026-10-06 08:13:42,394 INFO o.a.j.t.JMeterThread: Thread started: S2 1-64
2026-10-06 08:13:42,414 INFO o.a.j.t.JMeterThread: Thread started: S2 1-65
2026-10-06 08:13:42,433 INFO o.a.j.t.JMeterThread: Thread started: S2 1-66
2026-10-06 08:13:42,454 INFO o.a.j.t.JMeterThread: Thread started: S2 1-67
2026-10-06 08:13:42,473 INFO o.a.j.t.JMeterThread: Thread started: S2 1-68
2026-10-06 08:13:42,494 INFO o.a.j.t.JMeterThread: Thread started: S2 1-69
2026-10-06 08:13:42,513 INFO o.a.j.t.JMeterThread: Thread started: S2 1-70
2026-10-06 08:13:42,533 INFO o.a.j.t.JMeterThread: Thread started: S2 1-71
2026-10-06 08:13:42,553 INFO o.a.j.t.JMeterThread: Thread started: S2 1-72
2026-10-06 08:13:42,574 INFO o.a.j.t.JMeterThread: Thread started: S2 1-73
2026-10-06 08:13:42,597 INFO o.a.j.t.JMeterThread: Thread started: S2 1-74
2026-10-06 08:13:42,613 INFO o.a.j.t.JMeterThread: Thread started: S2 1-75
2026-10-06 08:13:42,634 INFO o.a.j.t.JMeterThread: Thread started: S2 1-76
2026-10-06 08:13:42,653 INFO o.a.j.t.JMeterThread: Thread started: S2 1-77
2026-10-06 08:13:42,675 INFO o.a.j.t.JMeterThread: Thread started: S2 1-78
2026-10-06 08:13:42,692 INFO o.a.j.t.JMeterThread: Thread started: S2 1-79
2026-10-06 08:13:42,713 INFO o.a.j.t.JMeterThread: Thread started: S2 1-80
2026-10-06 08:13:42,732 INFO o.a.j.t.JMeterThread: Thread started: S2 1-81
2026-10-06 08:13:42,753 INFO o.a.j.t.JMeterThread: Thread started: S2 1-82
2026-10-06 08:13:42,779 INFO o.a.j.t.JMeterThread: Thread started: S2 1-83
2026-10-06 08:13:42,797 INFO o.a.j.t.JMeterThread: Thread started: S2 1-84
2026-10-06 08:13:42,814 INFO o.a.j.t.JMeterThread: Thread started: S2 1-85
2026-10-06 08:13:42,832 INFO o.a.j.t.JMeterThread: Thread started: S2 1-86
2026-10-06 08:13:42,853 INFO o.a.j.t.JMeterThread: Thread started: S2 1-87
2026-10-06 08:13:42,873 INFO o.a.j.t.JMeterThread: Thread started: S2 1-88
2026-10-06 08:13:42,893 INFO o.a.j.t.JMeterThread: Thread started: S2 1-89
2026-10-06 08:13:42,913 INFO o.a.j.t.JMeterThread: Thread started: S2 1-90
2026-10-06 08:13:42,933 INFO o.a.j.t.JMeterThread: Thread started: S2 1-91
2026-10-06 08:13:42,954 INFO o.a.j.t.JMeterThread: Thread started: S2 1-92
2026-10-06 08:13:42,973 INFO o.a.j.t.JMeterThread: Thread started: S2 1-93
2026-10-06 08:13:42,993 INFO o.a.j.t.JMeterThread: Thread started: S2 1-94
2026-10-06 08:13:43,013 INFO o.a.j.t.JMeterThread: Thread started: S2 1-95
2026-10-06 08:13:43,034 INFO o.a.j.t.JMeterThread: Thread started: S2 1-96
2026-10-06 08:13:43,053 INFO o.a.j.t.JMeterThread: Thread started: S2 1-97
2026-10-06 08:13:43,074 INFO o.a.j.t.JMeterThread: Thread started: S2 1-98
2026-10-06 08:13:43,093 INFO o.a.j.t.JMeterThread: Thread started: S2 1-99
2026-10-06 08:13:43,114 INFO o.a.j.t.JMeterThread: Thread started: S2 1-100
2026-10-06 08:13:43,134 INFO o.a.j.t.JMeterThread: Thread started: S2 1-101
2026-10-06 08:13:43,154 INFO o.a.j.t.JMeterThread: Thread started: S2 1-102
2026-10-06 08:13:43,173 INFO o.a.j.t.JMeterThread: Thread started: S2 1-103
2026-10-06 08:13:43,195 INFO o.a.j.t.JMeterThread: Thread started: S2 1-104
2026-10-06 08:13:43,212 INFO o.a.j.t.JMeterThread: Thread started: S2 1-105
2026-10-06 08:13:43,233 INFO o.a.j.t.JMeterThread: Thread started: S2 1-106
2026-10-06 08:13:43,253 INFO o.a.j.t.JMeterThread: Thread started: S2 1-107
2026-10-06 08:13:43,275 INFO o.a.j.t.JMeterThread: Thread started: S2 1-108
2026-10-06 08:13:43,293 INFO o.a.j.t.JMeterThread: Thread started: S2 1-109
2026-10-06 08:13:43,314 INFO o.a.j.t.JMeterThread: Thread started: S2 1-110
2026-10-06 08:13:43,333 INFO o.a.j.t.JMeterThread: Thread started: S2 1-111
2026-10-06 08:13:43,355 INFO o.a.j.t.JMeterThread: Thread started: S2 1-112
2026-10-06 08:13:43,375 INFO o.a.j.t.JMeterThread: Thread started: S2 1-113
2026-10-06 08:13:43,393 INFO o.a.j.t.JMeterThread: Thread started: S2 1-114
2026-10-06 08:13:43,414 INFO o.a.j.t.JMeterThread: Thread started: S2 1-115
2026-10-06 08:13:43,434 INFO o.a.j.t.JMeterThread: Thread started: S2 1-116
2026-10-06 08:13:43,453 INFO o.a.j.t.JMeterThread: Thread started: S2 1-117
2026-10-06 08:13:43,474 INFO o.a.j.t.JMeterThread: Thread started: S2 1-118
2026-10-06 08:13:43,493 INFO o.a.j.t.JMeterThread: Thread started: S2 1-119
2026-10-06 08:13:43,514 INFO o.a.j.t.JMeterThread: Thread started: S2 1-120
2026-10-06 08:13:43,532 INFO o.a.j.t.JMeterThread: Thread started: S2 1-121
2026-10-06 08:13:43,554 INFO o.a.j.t.JMeterThread: Thread started: S2 1-122
2026-10-06 08:13:43,578 INFO o.a.j.t.JMeterThread: Thread started: S2 1-123
2026-10-06 08:13:43,594 INFO o.a.j.t.JMeterThread: Thread started: S2 1-124
2026-10-06 08:13:43,614 INFO o.a.j.t.JMeterThread: Thread started: S2 1-125
2026-10-06 08:13:43,633 INFO o.a.j.t.JMeterThread: Thread started: S2 1-126
2026-10-06 08:13:43,654 INFO o.a.j.t.JMeterThread: Thread started: S2 1-127
2026-10-06 08:13:43,673 INFO o.a.j.t.JMeterThread: Thread started: S2 1-128
2026-10-06 08:13:43,695 INFO o.a.j.t.JMeterThread: Thread started: S2 1-129
2026-10-06 08:13:43,714 INFO o.a.j.t.JMeterThread: Thread started: S2 1-130
2026-10-06 08:13:43,735 INFO o.a.j.t.JMeterThread: Thread started: S2 1-131
2026-10-06 08:13:43,754 INFO o.a.j.t.JMeterThread: Thread started: S2 1-132
2026-10-06 08:13:43,774 INFO o.a.j.t.JMeterThread: Thread started: S2 1-133
2026-10-06 08:13:43,796 INFO o.a.j.t.JMeterThread: Thread started: S2 1-134
2026-10-06 08:13:43,814 INFO o.a.j.t.JMeterThread: Thread started: S2 1-135
2026-10-06 08:13:43,833 INFO o.a.j.t.JMeterThread: Thread started: S2 1-136
2026-10-06 08:13:43,855 INFO o.a.j.t.JMeterThread: Thread started: S2 1-137
2026-10-06 08:13:43,873 INFO o.a.j.t.JMeterThread: Thread started: S2 1-138
2026-10-06 08:13:43,893 INFO o.a.j.t.JMeterThread: Thread started: S2 1-139
2026-10-06 08:13:43,913 INFO o.a.j.t.JMeterThread: Thread started: S2 1-140
2026-10-06 08:13:43,933 INFO o.a.j.t.JMeterThread: Thread started: S2 1-141
2026-10-06 08:13:43,954 INFO o.a.j.t.JMeterThread: Thread started: S2 1-142
2026-10-06 08:13:43,973 INFO o.a.j.t.JMeterThread: Thread started: S2 1-143
2026-10-06 08:13:43,997 INFO o.a.j.t.JMeterThread: Thread started: S2 1-144
2026-10-06 08:13:44,014 INFO o.a.j.t.JMeterThread: Thread started: S2 1-145
2026-10-06 08:13:44,034 INFO o.a.j.t.JMeterThread: Thread started: S2 1-146
2026-10-06 08:13:44,054 INFO o.a.j.t.JMeterThread: Thread started: S2 1-147
2026-10-06 08:13:44,077 INFO o.a.j.t.JMeterThread: Thread started: S2 1-148
2026-10-06 08:13:44,093 INFO o.a.j.t.JMeterThread: Thread started: S2 1-149
2026-10-06 08:13:44,113 INFO o.a.j.t.JMeterThread: Thread started: S2 1-150
2026-10-06 08:13:44,134 INFO o.a.j.t.JMeterThread: Thread started: S2 1-151
2026-10-06 08:13:44,154 INFO o.a.j.t.JMeterThread: Thread started: S2 1-152
2026-10-06 08:13:44,174 INFO o.a.j.t.JMeterThread: Thread started: S2 1-153
2026-10-06 08:13:44,198 INFO o.a.j.t.JMeterThread: Thread started: S2 1-154
2026-10-06 08:13:44,213 INFO o.a.j.t.JMeterThread: Thread started: S2 1-155
2026-10-06 08:13:44,233 INFO o.a.j.t.JMeterThread: Thread started: S2 1-156
2026-10-06 08:13:44,254 INFO o.a.j.t.JMeterThread: Thread started: S2 1-157
2026-10-06 08:13:44,273 INFO o.a.j.t.JMeterThread: Thread started: S2 1-158
2026-10-06 08:13:44,293 INFO o.a.j.t.JMeterThread: Thread started: S2 1-159
2026-10-06 08:13:44,314 INFO o.a.j.t.JMeterThread: Thread started: S2 1-160
2026-10-06 08:13:44,333 INFO o.a.j.t.JMeterThread: Thread started: S2 1-161
2026-10-06 08:13:44,354 INFO o.a.j.t.JMeterThread: Thread started: S2 1-162
2026-10-06 08:13:44,376 INFO o.a.j.t.JMeterThread: Thread started: S2 1-163
2026-10-06 08:13:44,394 INFO o.a.j.t.JMeterThread: Thread started: S2 1-164
2026-10-06 08:13:44,417 INFO o.a.j.t.JMeterThread: Thread started: S2 1-165
2026-10-06 08:13:44,434 INFO o.a.j.t.JMeterThread: Thread started: S2 1-166
2026-10-06 08:13:44,455 INFO o.a.j.t.JMeterThread: Thread started: S2 1-167
2026-10-06 08:13:44,477 INFO o.a.j.t.JMeterThread: Thread started: S2 1-168
2026-10-06 08:13:44,496 INFO o.a.j.t.JMeterThread: Thread started: S2 1-169
2026-10-06 08:13:44,514 INFO o.a.j.t.JMeterThread: Thread started: S2 1-170
2026-10-06 08:13:44,535 INFO o.a.j.t.JMeterThread: Thread started: S2 1-171
2026-10-06 08:13:44,554 INFO o.a.j.t.JMeterThread: Thread started: S2 1-172
2026-10-06 08:13:44,576 INFO o.a.j.t.JMeterThread: Thread started: S2 1-173
2026-10-06 08:13:44,597 INFO o.a.j.t.JMeterThread: Thread started: S2 1-174
2026-10-06 08:13:44,614 INFO o.a.j.t.JMeterThread: Thread started: S2 1-175
2026-10-06 08:13:44,635 INFO o.a.j.t.JMeterThread: Thread started: S2 1-176
2026-10-06 08:13:44,654 INFO o.a.j.t.JMeterThread: Thread started: S2 1-177
2026-10-06 08:13:44,673 INFO o.a.j.t.JMeterThread: Thread started: S2 1-178
2026-10-06 08:13:44,695 INFO o.a.j.t.JMeterThread: Thread started: S2 1-179
2026-10-06 08:13:44,716 INFO o.a.j.t.JMeterThread: Thread started: S2 1-180
2026-10-06 08:13:44,736 INFO o.a.j.t.JMeterThread: Thread started: S2 1-181
2026-10-06 08:13:44,753 INFO o.a.j.t.JMeterThread: Thread started: S2 1-182
2026-10-06 08:13:44,773 INFO o.a.j.t.JMeterThread: Thread started: S2 1-183
2026-10-06 08:13:44,797 INFO o.a.j.t.JMeterThread: Thread started: S2 1-184
2026-10-06 08:13:44,813 INFO o.a.j.t.JMeterThread: Thread started: S2 1-185
2026-10-06 08:13:44,836 INFO o.a.j.t.JMeterThread: Thread started: S2 1-186
2026-10-06 08:13:44,865 INFO o.a.j.t.JMeterThread: Thread started: S2 1-187
2026-10-06 08:13:44,874 INFO o.a.j.t.JMeterThread: Thread started: S2 1-188
2026-10-06 08:13:44,894 INFO o.a.j.t.JMeterThread: Thread started: S2 1-189
2026-10-06 08:13:44,914 INFO o.a.j.t.JMeterThread: Thread started: S2 1-190
2026-10-06 08:13:44,935 INFO o.a.j.t.JMeterThread: Thread started: S2 1-191
2026-10-06 08:13:44,958 INFO o.a.j.t.JMeterThread: Thread started: S2 1-192
2026-10-06 08:13:44,987 INFO o.a.j.t.JMeterThread: Thread started: S2 1-193
2026-10-06 08:13:45,023 INFO o.a.j.t.JMeterThread: Thread started: S2 1-194
2026-10-06 08:13:45,039 INFO o.a.j.t.JMeterThread: Thread started: S2 1-195
2026-10-06 08:13:45,041 INFO o.a.j.t.JMeterThread: Thread started: S2 1-196
2026-10-06 08:13:45,054 INFO o.a.j.t.JMeterThread: Thread started: S2 1-197
2026-10-06 08:13:45,075 INFO o.a.j.t.JMeterThread: Thread started: S2 1-198
2026-10-06 08:13:45,097 INFO o.a.j.t.JMeterThread: Thread started: S2 1-199
2026-10-06 08:13:45,113 INFO o.a.j.t.JMeterThread: Thread started: S2 1-200
2026-10-06 08:13:45,165 INFO o.a.j.t.JMeterThread: Thread started: S2 1-201
2026-10-06 08:13:45,177 INFO o.a.j.t.JMeterThread: Thread started: S2 1-203
2026-10-06 08:13:45,185 INFO o.a.j.t.JMeterThread: Thread started: S2 1-202
2026-10-06 08:13:45,201 INFO o.a.j.t.JMeterThread: Thread started: S2 1-204
2026-10-06 08:13:45,215 INFO o.a.j.t.JMeterThread: Thread started: S2 1-205
2026-10-06 08:13:45,236 INFO o.a.j.t.JMeterThread: Thread started: S2 1-206
2026-10-06 08:13:45,253 INFO o.a.j.t.JMeterThread: Thread started: S2 1-207
2026-10-06 08:13:45,278 INFO o.a.j.t.JMeterThread: Thread started: S2 1-208
2026-10-06 08:13:45,312 INFO o.a.j.t.JMeterThread: Thread started: S2 1-209
2026-10-06 08:13:45,318 INFO o.a.j.t.JMeterThread: Thread started: S2 1-210
2026-10-06 08:13:45,335 INFO o.a.j.t.JMeterThread: Thread started: S2 1-211
2026-10-06 08:13:45,356 INFO o.a.j.t.JMeterThread: Thread started: S2 1-212
2026-10-06 08:13:45,377 INFO o.a.j.t.JMeterThread: Thread started: S2 1-213
2026-10-06 08:13:45,398 INFO o.a.j.t.JMeterThread: Thread started: S2 1-214
2026-10-06 08:13:45,415 INFO o.a.j.t.JMeterThread: Thread started: S2 1-215
2026-10-06 08:13:45,436 INFO o.a.j.t.JMeterThread: Thread started: S2 1-216
2026-10-06 08:13:45,461 INFO o.a.j.t.JMeterThread: Thread started: S2 1-217
2026-10-06 08:13:45,474 INFO o.a.j.t.JMeterThread: Thread started: S2 1-218
2026-10-06 08:13:45,493 INFO o.a.j.t.JMeterThread: Thread started: S2 1-219
2026-10-06 08:13:45,514 INFO o.a.j.t.JMeterThread: Thread started: S2 1-220
2026-10-06 08:13:45,534 INFO o.a.j.t.JMeterThread: Thread started: S2 1-221
2026-10-06 08:13:45,553 INFO o.a.j.t.JMeterThread: Thread started: S2 1-222
2026-10-06 08:13:45,573 INFO o.a.j.t.JMeterThread: Thread started: S2 1-223
2026-10-06 08:13:45,594 INFO o.a.j.t.JMeterThread: Thread started: S2 1-224
2026-10-06 08:13:45,613 INFO o.a.j.t.JMeterThread: Thread started: S2 1-225
2026-10-06 08:13:45,633 INFO o.a.j.t.JMeterThread: Thread started: S2 1-226
2026-10-06 08:13:45,654 INFO o.a.j.t.JMeterThread: Thread started: S2 1-227
2026-10-06 08:13:45,674 INFO o.a.j.t.JMeterThread: Thread started: S2 1-228
2026-10-06 08:13:45,694 INFO o.a.j.t.JMeterThread: Thread started: S2 1-229
2026-10-06 08:13:45,712 INFO o.a.j.t.JMeterThread: Thread started: S2 1-230
2026-10-06 08:13:45,733 INFO o.a.j.t.JMeterThread: Thread started: S2 1-231
2026-10-06 08:13:45,752 INFO o.a.j.t.JMeterThread: Thread started: S2 1-232
2026-10-06 08:13:45,773 INFO o.a.j.t.JMeterThread: Thread started: S2 1-233
2026-10-06 08:13:45,797 INFO o.a.j.t.JMeterThread: Thread started: S2 1-234
2026-10-06 08:13:45,814 INFO o.a.j.t.JMeterThread: Thread started: S2 1-235
2026-10-06 08:13:45,832 INFO o.a.j.t.JMeterThread: Thread started: S2 1-236
2026-10-06 08:13:45,854 INFO o.a.j.t.JMeterThread: Thread started: S2 1-237
2026-10-06 08:13:45,874 INFO o.a.j.t.JMeterThread: Thread started: S2 1-238
2026-10-06 08:13:45,900 INFO o.a.j.t.JMeterThread: Thread started: S2 1-239
2026-10-06 08:13:45,914 INFO o.a.j.t.JMeterThread: Thread started: S2 1-240
2026-10-06 08:13:45,933 INFO o.a.j.t.JMeterThread: Thread started: S2 1-241
2026-10-06 08:13:45,954 INFO o.a.j.t.JMeterThread: Thread started: S2 1-242
2026-10-06 08:13:45,975 INFO o.a.j.t.JMeterThread: Thread started: S2 1-243
2026-10-06 08:13:45,993 INFO o.a.j.t.JMeterThread: Thread started: S2 1-244
2026-10-06 08:13:46,013 INFO o.a.j.t.JMeterThread: Thread started: S2 1-245
2026-10-06 08:13:46,034 INFO o.a.j.t.JMeterThread: Thread started: S2 1-246
2026-10-06 08:13:46,053 INFO o.a.j.t.JMeterThread: Thread started: S2 1-247
2026-10-06 08:13:46,072 INFO o.a.j.t.JMeterThread: Thread started: S2 1-248
2026-10-06 08:13:46,094 INFO o.a.j.t.JMeterThread: Thread started: S2 1-249
2026-10-06 08:13:46,112 INFO o.a.j.t.JMeterThread: Thread started: S2 1-250
2026-10-06 08:13:46,133 INFO o.a.j.t.JMeterThread: Thread started: S2 1-251
2026-10-06 08:13:46,154 INFO o.a.j.t.JMeterThread: Thread started: S2 1-252
2026-10-06 08:13:46,174 INFO o.a.j.t.JMeterThread: Thread started: S2 1-253
2026-10-06 08:13:46,194 INFO o.a.j.t.JMeterThread: Thread started: S2 1-254
2026-10-06 08:13:46,213 INFO o.a.j.t.JMeterThread: Thread started: S2 1-255
2026-10-06 08:13:46,233 INFO o.a.j.t.JMeterThread: Thread started: S2 1-256
2026-10-06 08:13:46,254 INFO o.a.j.t.JMeterThread: Thread started: S2 1-257
2026-10-06 08:13:46,277 INFO o.a.j.t.JMeterThread: Thread started: S2 1-258
2026-10-06 08:13:46,312 INFO o.a.j.t.JMeterThread: Thread started: S2 1-259
2026-10-06 08:13:46,313 INFO o.a.j.t.JMeterThread: Thread started: S2 1-260
2026-10-06 08:13:46,335 INFO o.a.j.t.JMeterThread: Thread started: S2 1-261
2026-10-06 08:13:46,354 INFO o.a.j.t.JMeterThread: Thread started: S2 1-262
2026-10-06 08:13:46,373 INFO o.a.j.t.JMeterThread: Thread started: S2 1-263
2026-10-06 08:13:46,394 INFO o.a.j.t.JMeterThread: Thread started: S2 1-264
2026-10-06 08:13:46,412 INFO o.a.j.t.JMeterThread: Thread started: S2 1-265
2026-10-06 08:13:46,434 INFO o.a.j.t.JMeterThread: Thread started: S2 1-266
2026-10-06 08:13:46,452 INFO o.a.j.t.JMeterThread: Thread started: S2 1-267
2026-10-06 08:13:46,473 INFO o.a.j.t.JMeterThread: Thread started: S2 1-268
2026-10-06 08:13:46,494 INFO o.a.j.t.JMeterThread: Thread started: S2 1-269
2026-10-06 08:13:46,512 INFO o.a.j.t.JMeterThread: Thread started: S2 1-270
2026-10-06 08:13:46,533 INFO o.a.j.t.JMeterThread: Thread started: S2 1-271
2026-10-06 08:13:46,554 INFO o.a.j.t.JMeterThread: Thread started: S2 1-272
2026-10-06 08:13:46,573 INFO o.a.j.t.JMeterThread: Thread started: S2 1-273
2026-10-06 08:13:46,593 INFO o.a.j.t.JMeterThread: Thread started: S2 1-274
2026-10-06 08:13:46,613 INFO o.a.j.t.JMeterThread: Thread started: S2 1-275
2026-10-06 08:13:46,632 INFO o.a.j.t.JMeterThread: Thread started: S2 1-276
2026-10-06 08:13:46,654 INFO o.a.j.t.JMeterThread: Thread started: S2 1-277
2026-10-06 08:13:46,675 INFO o.a.j.t.JMeterThread: Thread started: S2 1-278
2026-10-06 08:13:46,694 INFO o.a.j.t.JMeterThread: Thread started: S2 1-279
2026-10-06 08:13:46,713 INFO o.a.j.t.JMeterThread: Thread started: S2 1-280
2026-10-06 08:13:46,733 INFO o.a.j.t.JMeterThread: Thread started: S2 1-281
2026-10-06 08:13:46,753 INFO o.a.j.t.JMeterThread: Thread started: S2 1-282
2026-10-06 08:13:46,772 INFO o.a.j.t.JMeterThread: Thread started: S2 1-283
2026-10-06 08:13:46,793 INFO o.a.j.t.JMeterThread: Thread started: S2 1-284
2026-10-06 08:13:46,813 INFO o.a.j.t.JMeterThread: Thread started: S2 1-285
2026-10-06 08:13:46,834 INFO o.a.j.t.JMeterThread: Thread started: S2 1-286
2026-10-06 08:13:46,853 INFO o.a.j.t.JMeterThread: Thread started: S2 1-287
2026-10-06 08:13:46,873 INFO o.a.j.t.JMeterThread: Thread started: S2 1-288
2026-10-06 08:13:46,893 INFO o.a.j.t.JMeterThread: Thread started: S2 1-289
2026-10-06 08:13:46,913 INFO o.a.j.t.JMeterThread: Thread started: S2 1-290
2026-10-06 08:13:46,934 INFO o.a.j.t.JMeterThread: Thread started: S2 1-291
2026-10-06 08:13:46,953 INFO o.a.j.t.JMeterThread: Thread started: S2 1-292
2026-10-06 08:13:46,973 INFO o.a.j.t.JMeterThread: Thread started: S2 1-293
2026-10-06 08:13:46,993 INFO o.a.j.t.JMeterThread: Thread started: S2 1-294
2026-10-06 08:13:47,013 INFO o.a.j.t.JMeterThread: Thread started: S2 1-295
2026-10-06 08:13:47,034 INFO o.a.j.t.JMeterThread: Thread started: S2 1-296
2026-10-06 08:13:47,053 INFO o.a.j.t.JMeterThread: Thread started: S2 1-297
2026-10-06 08:13:47,072 INFO o.a.j.t.JMeterThread: Thread started: S2 1-298
2026-10-06 08:13:47,096 INFO o.a.j.t.JMeterThread: Thread started: S2 1-299
2026-10-06 08:13:47,112 INFO o.a.j.t.JMeterThread: Thread started: S2 1-300
2026-10-06 08:13:47,133 INFO o.a.j.t.JMeterThread: Thread started: S2 1-301
2026-10-06 08:13:47,154 INFO o.a.j.t.JMeterThread: Thread started: S2 1-302
2026-10-06 08:13:47,174 INFO o.a.j.t.JMeterThread: Thread started: S2 1-303
2026-10-06 08:13:47,194 INFO o.a.j.t.JMeterThread: Thread started: S2 1-304
2026-10-06 08:13:47,213 INFO o.a.j.t.JMeterThread: Thread started: S2 1-305
2026-10-06 08:13:47,234 INFO o.a.j.t.JMeterThread: Thread started: S2 1-306
2026-10-06 08:13:47,253 INFO o.a.j.t.JMeterThread: Thread started: S2 1-307
2026-10-06 08:13:47,273 INFO o.a.j.t.JMeterThread: Thread started: S2 1-308
2026-10-06 08:13:47,295 INFO o.a.j.t.JMeterThread: Thread started: S2 1-309
2026-10-06 08:13:47,314 INFO o.a.j.t.JMeterThread: Thread started: S2 1-310
2026-10-06 08:13:47,342 INFO o.a.j.t.JMeterThread: Thread started: S2 1-311
2026-10-06 08:13:47,367 INFO o.a.j.t.JMeterThread: Thread started: S2 1-312
2026-10-06 08:13:47,381 INFO o.a.j.t.JMeterThread: Thread started: S2 1-313
2026-10-06 08:13:47,397 INFO o.a.j.t.JMeterThread: Thread started: S2 1-314
2026-10-06 08:13:47,417 INFO o.a.j.t.JMeterThread: Thread started: S2 1-315
2026-10-06 08:13:47,437 INFO o.a.j.t.JMeterThread: Thread started: S2 1-316
2026-10-06 08:13:47,469 INFO o.a.j.t.JMeterThread: Thread started: S2 1-317
2026-10-06 08:13:47,482 INFO o.a.j.t.JMeterThread: Thread started: S2 1-318
2026-10-06 08:13:47,500 INFO o.a.j.t.JMeterThread: Thread started: S2 1-319
2026-10-06 08:13:47,527 INFO o.a.j.t.JMeterThread: Thread started: S2 1-320
2026-10-06 08:13:47,541 INFO o.a.j.t.JMeterThread: Thread started: S2 1-321
2026-10-06 08:13:47,554 INFO o.a.j.t.JMeterThread: Thread started: S2 1-322
2026-10-06 08:13:47,573 INFO o.a.j.t.JMeterThread: Thread started: S2 1-323
2026-10-06 08:13:47,593 INFO o.a.j.t.JMeterThread: Thread started: S2 1-324
2026-10-06 08:13:47,614 INFO o.a.j.t.JMeterThread: Thread started: S2 1-325
2026-10-06 08:13:47,634 INFO o.a.j.t.JMeterThread: Thread started: S2 1-326
2026-10-06 08:13:47,654 INFO o.a.j.t.JMeterThread: Thread started: S2 1-327
2026-10-06 08:13:47,677 INFO o.a.j.t.JMeterThread: Thread started: S2 1-328
2026-10-06 08:13:47,693 INFO o.a.j.t.JMeterThread: Thread started: S2 1-329
2026-10-06 08:13:47,714 INFO o.a.j.t.JMeterThread: Thread started: S2 1-330
2026-10-06 08:13:47,732 INFO o.a.j.t.JMeterThread: Thread started: S2 1-331
2026-10-06 08:13:47,753 INFO o.a.j.t.JMeterThread: Thread started: S2 1-332
2026-10-06 08:13:47,773 INFO o.a.j.t.JMeterThread: Thread started: S2 1-333
2026-10-06 08:13:47,793 INFO o.a.j.t.JMeterThread: Thread started: S2 1-334
2026-10-06 08:13:47,813 INFO o.a.j.t.JMeterThread: Thread started: S2 1-335
2026-10-06 08:13:47,833 INFO o.a.j.t.JMeterThread: Thread started: S2 1-336
2026-10-06 08:13:47,854 INFO o.a.j.t.JMeterThread: Thread started: S2 1-337
2026-10-06 08:13:47,874 INFO o.a.j.t.JMeterThread: Thread started: S2 1-338
2026-10-06 08:13:47,894 INFO o.a.j.t.JMeterThread: Thread started: S2 1-339
2026-10-06 08:13:47,913 INFO o.a.j.t.JMeterThread: Thread started: S2 1-340
2026-10-06 08:13:47,934 INFO o.a.j.t.JMeterThread: Thread started: S2 1-341
2026-10-06 08:13:47,953 INFO o.a.j.t.JMeterThread: Thread started: S2 1-342
2026-10-06 08:13:47,973 INFO o.a.j.t.JMeterThread: Thread started: S2 1-343
2026-10-06 08:13:47,997 INFO o.a.j.t.JMeterThread: Thread started: S2 1-344
2026-10-06 08:13:48,013 INFO o.a.j.t.JMeterThread: Thread started: S2 1-345
2026-10-06 08:13:48,034 INFO o.a.j.t.JMeterThread: Thread started: S2 1-346
2026-10-06 08:13:48,053 INFO o.a.j.t.JMeterThread: Thread started: S2 1-347
2026-10-06 08:13:48,072 INFO o.a.j.t.JMeterThread: Thread started: S2 1-348
2026-10-06 08:13:48,094 INFO o.a.j.t.JMeterThread: Thread started: S2 1-349
2026-10-06 08:13:48,113 INFO o.a.j.t.JMeterThread: Thread started: S2 1-350
2026-10-06 08:13:48,133 INFO o.a.j.t.JMeterThread: Thread started: S2 1-351
2026-10-06 08:13:48,154 INFO o.a.j.t.JMeterThread: Thread started: S2 1-352
2026-10-06 08:13:48,173 INFO o.a.j.t.JMeterThread: Thread started: S2 1-353
2026-10-06 08:13:48,193 INFO o.a.j.t.JMeterThread: Thread started: S2 1-354
2026-10-06 08:13:48,213 INFO o.a.j.t.JMeterThread: Thread started: S2 1-355
2026-10-06 08:13:48,234 INFO o.a.j.t.JMeterThread: Thread started: S2 1-356
2026-10-06 08:13:48,253 INFO o.a.j.t.JMeterThread: Thread started: S2 1-357
2026-10-06 08:13:48,273 INFO o.a.j.t.JMeterThread: Thread started: S2 1-358
2026-10-06 08:13:48,293 INFO o.a.j.t.JMeterThread: Thread started: S2 1-359
2026-10-06 08:13:48,313 INFO o.a.j.t.JMeterThread: Thread started: S2 1-360
2026-10-06 08:13:48,332 INFO o.a.j.t.JMeterThread: Thread started: S2 1-361
2026-10-06 08:13:48,353 INFO o.a.j.t.JMeterThread: Thread started: S2 1-362
2026-10-06 08:13:48,372 INFO o.a.j.t.JMeterThread: Thread started: S2 1-363
2026-10-06 08:13:48,393 INFO o.a.j.t.JMeterThread: Thread started: S2 1-364
2026-10-06 08:13:48,414 INFO o.a.j.t.JMeterThread: Thread started: S2 1-365
2026-10-06 08:13:48,433 INFO o.a.j.t.JMeterThread: Thread started: S2 1-366
2026-10-06 08:13:48,453 INFO o.a.j.t.JMeterThread: Thread started: S2 1-367
2026-10-06 08:13:48,475 INFO o.a.j.t.JMeterThread: Thread started: S2 1-368
2026-10-06 08:13:48,493 INFO o.a.j.t.JMeterThread: Thread started: S2 1-369
2026-10-06 08:13:48,513 INFO o.a.j.t.JMeterThread: Thread started: S2 1-370
2026-10-06 08:13:48,533 INFO o.a.j.t.JMeterThread: Thread started: S2 1-371
2026-10-06 08:13:48,552 INFO o.a.j.t.JMeterThread: Thread started: S2 1-372
2026-10-06 08:13:48,573 INFO o.a.j.t.JMeterThread: Thread started: S2 1-373
2026-10-06 08:13:48,593 INFO o.a.j.t.JMeterThread: Thread started: S2 1-374
2026-10-06 08:13:48,612 INFO o.a.j.t.JMeterThread: Thread started: S2 1-375
2026-10-06 08:13:48,633 INFO o.a.j.t.JMeterThread: Thread started: S2 1-376
2026-10-06 08:13:48,654 INFO o.a.j.t.JMeterThread: Thread started: S2 1-377
2026-10-06 08:13:48,674 INFO o.a.j.t.JMeterThread: Thread started: S2 1-378
2026-10-06 08:13:48,693 INFO o.a.j.t.JMeterThread: Thread started: S2 1-379
2026-10-06 08:13:48,714 INFO o.a.j.t.JMeterThread: Thread started: S2 1-380
2026-10-06 08:13:48,733 INFO o.a.j.t.JMeterThread: Thread started: S2 1-381
2026-10-06 08:13:48,753 INFO o.a.j.t.JMeterThread: Thread started: S2 1-382
2026-10-06 08:13:48,775 INFO o.a.j.t.JMeterThread: Thread started: S2 1-383
2026-10-06 08:13:48,794 INFO o.a.j.t.JMeterThread: Thread started: S2 1-384
2026-10-06 08:13:48,813 INFO o.a.j.t.JMeterThread: Thread started: S2 1-385
2026-10-06 08:13:48,833 INFO o.a.j.t.JMeterThread: Thread started: S2 1-386
2026-10-06 08:13:48,853 INFO o.a.j.t.JMeterThread: Thread started: S2 1-387
2026-10-06 08:13:48,872 INFO o.a.j.t.JMeterThread: Thread started: S2 1-388
2026-10-06 08:13:48,897 INFO o.a.j.t.JMeterThread: Thread started: S2 1-389
2026-10-06 08:13:48,913 INFO o.a.j.t.JMeterThread: Thread started: S2 1-390
2026-10-06 08:13:48,933 INFO o.a.j.t.JMeterThread: Thread started: S2 1-391
2026-10-06 08:13:48,953 INFO o.a.j.t.JMeterThread: Thread started: S2 1-392
2026-10-06 08:13:48,973 INFO o.a.j.t.JMeterThread: Thread started: S2 1-393
2026-10-06 08:13:48,992 INFO o.a.j.t.JMeterThread: Thread started: S2 1-394
2026-10-06 08:13:49,014 INFO o.a.j.t.JMeterThread: Thread started: S2 1-395
2026-10-06 08:13:49,033 INFO o.a.j.t.JMeterThread: Thread started: S2 1-396
2026-10-06 08:13:49,053 INFO o.a.j.t.JMeterThread: Thread started: S2 1-397
2026-10-06 08:13:49,076 INFO o.a.j.t.JMeterThread: Thread started: S2 1-398
2026-10-06 08:13:49,092 INFO o.a.j.t.JMeterThread: Thread started: S2 1-399
2026-10-06 08:13:49,113 INFO o.a.j.t.JMeterThread: Thread started: S2 1-400
2026-10-06 08:13:49,133 INFO o.a.j.t.JMeterThread: Thread started: S2 1-401
2026-10-06 08:13:49,153 INFO o.a.j.t.JMeterThread: Thread started: S2 1-402
2026-10-06 08:13:49,174 INFO o.a.j.t.JMeterThread: Thread started: S2 1-403
2026-10-06 08:13:49,193 INFO o.a.j.t.JMeterThread: Thread started: S2 1-404
2026-10-06 08:13:49,213 INFO o.a.j.t.JMeterThread: Thread started: S2 1-405
2026-10-06 08:13:49,232 INFO o.a.j.t.JMeterThread: Thread started: S2 1-406
2026-10-06 08:13:49,254 INFO o.a.j.t.JMeterThread: Thread started: S2 1-407
2026-10-06 08:13:49,277 INFO o.a.j.t.JMeterThread: Thread started: S2 1-408
2026-10-06 08:13:49,296 INFO o.a.j.t.JMeterThread: Thread started: S2 1-409
2026-10-06 08:13:49,334 INFO o.a.j.t.JMeterThread: Thread started: S2 1-411
2026-10-06 08:13:49,348 INFO o.a.j.t.JMeterThread: Thread started: S2 1-410
2026-10-06 08:13:49,357 INFO o.a.j.t.JMeterThread: Thread started: S2 1-412
2026-10-06 08:13:49,373 INFO o.a.j.t.JMeterThread: Thread started: S2 1-413
2026-10-06 08:13:49,395 INFO o.a.j.t.JMeterThread: Thread started: S2 1-414
2026-10-06 08:13:49,412 INFO o.a.j.t.JMeterThread: Thread started: S2 1-415
2026-10-06 08:13:49,433 INFO o.a.j.t.JMeterThread: Thread started: S2 1-416
2026-10-06 08:13:49,453 INFO o.a.j.t.JMeterThread: Thread started: S2 1-417
2026-10-06 08:13:49,473 INFO o.a.j.t.JMeterThread: Thread started: S2 1-418
2026-10-06 08:13:49,493 INFO o.a.j.t.JMeterThread: Thread started: S2 1-419
2026-10-06 08:13:49,512 INFO o.a.j.t.JMeterThread: Thread started: S2 1-420
2026-10-06 08:13:49,534 INFO o.a.j.t.JMeterThread: Thread started: S2 1-421
2026-10-06 08:13:49,553 INFO o.a.j.t.JMeterThread: Thread started: S2 1-422
2026-10-06 08:13:49,573 INFO o.a.j.t.JMeterThread: Thread started: S2 1-423
2026-10-06 08:13:49,593 INFO o.a.j.t.JMeterThread: Thread started: S2 1-424
2026-10-06 08:13:49,614 INFO o.a.j.t.JMeterThread: Thread started: S2 1-425
2026-10-06 08:13:49,634 INFO o.a.j.t.JMeterThread: Thread started: S2 1-426
2026-10-06 08:13:49,654 INFO o.a.j.t.JMeterThread: Thread started: S2 1-427
2026-10-06 08:13:49,673 INFO o.a.j.t.JMeterThread: Thread started: S2 1-428
2026-10-06 08:13:49,693 INFO o.a.j.t.JMeterThread: Thread started: S2 1-429
2026-10-06 08:13:49,714 INFO o.a.j.t.JMeterThread: Thread started: S2 1-430
2026-10-06 08:13:49,734 INFO o.a.j.t.JMeterThread: Thread started: S2 1-431
2026-10-06 08:13:49,753 INFO o.a.j.t.JMeterThread: Thread started: S2 1-432
2026-10-06 08:13:49,774 INFO o.a.j.t.JMeterThread: Thread started: S2 1-433
2026-10-06 08:13:49,793 INFO o.a.j.t.JMeterThread: Thread started: S2 1-434
2026-10-06 08:13:49,813 INFO o.a.j.t.JMeterThread: Thread started: S2 1-435
2026-10-06 08:13:49,833 INFO o.a.j.t.JMeterThread: Thread started: S2 1-436
2026-10-06 08:13:49,853 INFO o.a.j.t.JMeterThread: Thread started: S2 1-437
2026-10-06 08:13:49,876 INFO o.a.j.t.JMeterThread: Thread started: S2 1-438
2026-10-06 08:13:49,893 INFO o.a.j.t.JMeterThread: Thread started: S2 1-439
2026-10-06 08:13:49,913 INFO o.a.j.t.JMeterThread: Thread started: S2 1-440
2026-10-06 08:13:49,933 INFO o.a.j.t.JMeterThread: Thread started: S2 1-441
2026-10-06 08:13:49,953 INFO o.a.j.t.JMeterThread: Thread started: S2 1-442
2026-10-06 08:13:49,973 INFO o.a.j.t.JMeterThread: Thread started: S2 1-443
2026-10-06 08:13:49,993 INFO o.a.j.t.JMeterThread: Thread started: S2 1-444
2026-10-06 08:13:50,013 INFO o.a.j.t.JMeterThread: Thread started: S2 1-445
2026-10-06 08:13:50,033 INFO o.a.j.t.JMeterThread: Thread started: S2 1-446
2026-10-06 08:13:50,054 INFO o.a.j.t.JMeterThread: Thread started: S2 1-447
2026-10-06 08:13:50,073 INFO o.a.j.t.JMeterThread: Thread started: S2 1-448
2026-10-06 08:13:50,094 INFO o.a.j.t.JMeterThread: Thread started: S2 1-449
2026-10-06 08:13:50,113 INFO o.a.j.t.JMeterThread: Thread started: S2 1-450
2026-10-06 08:13:50,133 INFO o.a.j.t.JMeterThread: Thread started: S2 1-451
2026-10-06 08:13:50,153 INFO o.a.j.t.JMeterThread: Thread started: S2 1-452
2026-10-06 08:13:50,177 INFO o.a.j.t.JMeterThread: Thread started: S2 1-453
2026-10-06 08:13:50,193 INFO o.a.j.t.JMeterThread: Thread started: S2 1-454
2026-10-06 08:13:50,213 INFO o.a.j.t.JMeterThread: Thread started: S2 1-455
2026-10-06 08:13:50,233 INFO o.a.j.t.JMeterThread: Thread started: S2 1-456
2026-10-06 08:13:50,252 INFO o.a.j.t.JMeterThread: Thread started: S2 1-457
2026-10-06 08:13:50,273 INFO o.a.j.t.JMeterThread: Thread started: S2 1-458
2026-10-06 08:13:50,292 INFO o.a.j.t.JMeterThread: Thread started: S2 1-459
2026-10-06 08:13:50,313 INFO o.a.j.t.JMeterThread: Thread started: S2 1-460
2026-10-06 08:13:50,334 INFO o.a.j.t.JMeterThread: Thread started: S2 1-461
2026-10-06 08:13:50,354 INFO o.a.j.t.JMeterThread: Thread started: S2 1-462
2026-10-06 08:13:50,372 INFO o.a.j.t.JMeterThread: Thread started: S2 1-463
2026-10-06 08:13:50,393 INFO o.a.j.t.JMeterThread: Thread started: S2 1-464
2026-10-06 08:13:50,414 INFO o.a.j.t.JMeterThread: Thread started: S2 1-465
2026-10-06 08:13:50,433 INFO o.a.j.t.JMeterThread: Thread started: S2 1-466
2026-10-06 08:13:50,453 INFO o.a.j.t.JMeterThread: Thread started: S2 1-467
2026-10-06 08:13:50,473 INFO o.a.j.t.JMeterThread: Thread started: S2 1-468
2026-10-06 08:13:50,493 INFO o.a.j.t.JMeterThread: Thread started: S2 1-469
2026-10-06 08:13:50,513 INFO o.a.j.t.JMeterThread: Thread started: S2 1-470
2026-10-06 08:13:50,533 INFO o.a.j.t.JMeterThread: Thread started: S2 1-471
2026-10-06 08:13:50,553 INFO o.a.j.t.JMeterThread: Thread started: S2 1-472
2026-10-06 08:13:50,576 INFO o.a.j.t.JMeterThread: Thread started: S2 1-473
2026-10-06 08:13:50,592 INFO o.a.j.t.JMeterThread: Thread started: S2 1-474
2026-10-06 08:13:50,613 INFO o.a.j.t.JMeterThread: Thread started: S2 1-475
2026-10-06 08:13:50,633 INFO o.a.j.t.JMeterThread: Thread started: S2 1-476
2026-10-06 08:13:50,653 INFO o.a.j.t.JMeterThread: Thread started: S2 1-477
2026-10-06 08:13:50,672 INFO o.a.j.t.JMeterThread: Thread started: S2 1-478
2026-10-06 08:13:50,694 INFO o.a.j.t.JMeterThread: Thread started: S2 1-479
2026-10-06 08:13:50,713 INFO o.a.j.t.JMeterThread: Thread started: S2 1-480
2026-10-06 08:13:50,733 INFO o.a.j.t.JMeterThread: Thread started: S2 1-481
2026-10-06 08:13:50,754 INFO o.a.j.t.JMeterThread: Thread started: S2 1-482
2026-10-06 08:13:50,776 INFO o.a.j.t.JMeterThread: Thread started: S2 1-483
2026-10-06 08:13:50,793 INFO o.a.j.t.JMeterThread: Thread started: S2 1-484
2026-10-06 08:13:50,813 INFO o.a.j.t.JMeterThread: Thread started: S2 1-485
2026-10-06 08:13:50,833 INFO o.a.j.t.JMeterThread: Thread started: S2 1-486
2026-10-06 08:13:50,853 INFO o.a.j.t.JMeterThread: Thread started: S2 1-487
2026-10-06 08:13:50,873 INFO o.a.j.t.JMeterThread: Thread started: S2 1-488
2026-10-06 08:13:50,893 INFO o.a.j.t.JMeterThread: Thread started: S2 1-489
2026-10-06 08:13:50,913 INFO o.a.j.t.JMeterThread: Thread started: S2 1-490
2026-10-06 08:13:50,934 INFO o.a.j.t.JMeterThread: Thread started: S2 1-491
2026-10-06 08:13:50,952 INFO o.a.j.t.JMeterThread: Thread started: S2 1-492
2026-10-06 08:13:50,974 INFO o.a.j.t.JMeterThread: Thread started: S2 1-493
2026-10-06 08:13:50,993 INFO o.a.j.t.JMeterThread: Thread started: S2 1-494
2026-10-06 08:13:51,012 INFO o.a.j.t.JMeterThread: Thread started: S2 1-495
2026-10-06 08:13:51,033 INFO o.a.j.t.JMeterThread: Thread started: S2 1-496
2026-10-06 08:13:51,054 INFO o.a.j.t.JMeterThread: Thread started: S2 1-497
2026-10-06 08:13:51,074 INFO o.a.j.t.JMeterThread: Thread started: S2 1-498
2026-10-06 08:13:51,094 INFO o.a.j.t.JMeterThread: Thread started: S2 1-499
2026-10-06 08:13:51,113 INFO o.a.j.t.JMeterThread: Thread started: S2 1-500
2026-10-06 08:14:00,002 INFO o.a.j.r.Summariser: summary +   2337 in 00:00:20 =  118.6/s Avg:  2551 Min:    17 Max:  4667 Err:     0 (0.00%) Active: 500 Started: 500 Finished: 0
2026-10-06 08:14:30,002 INFO o.a.j.r.Summariser: summary +   4144 in 00:00:30 =  138.1/s Avg:  3812 Min:  2673 Max:  5302 Err:     0 (0.00%) Active: 500 Started: 500 Finished: 0
2026-10-06 08:14:30,002 INFO o.a.j.r.Summariser: summary =   6481 in 00:00:50 =  130.4/s Avg:  3358 Min:    17 Max:  5302 Err:     0 (0.00%)
2026-10-06 08:14:41,215 INFO o.a.j.t.JMeterThread: Stopping because end time detected by thread: S2 1-37
2026-10-06 08:14:41,215 INFO o.a.j.t.JMeterThread: Thread finished: S2 1-37
2026-10-06 08:14:41,227 INFO o.a.j.t.JMeterThread: Stopping because end time detected by thread: S2 1-138
2026-10-06 08:14:41,228 INFO o.a.j.t.JMeterThread: Thread finished: S2 1-138
2026-10-06 08:14:41,237 INFO o.a.j.t.JMeterThread: Stopping because end time detected by thread: S2 1-16
2026-10-06 08:14:41,238 INFO o.a.j.t.JMeterThread: Thread finished: S2 1-16
2026-10-06 08:14:41,304 INFO o.a.j.t.JMeterThread: Stopping because end time detected by thread: S2 1-129
2026-10-06 08:14:41,304 INFO o.a.j.t.JMeterThread: Thread finished: S2 1-129
2026-10-06 08:14:41,314 INFO o.a.j.t.JMeterThread: Stopping because end time detected by thread: S2 1-148
2026-10-06 08:14:41,314 INFO o.a.j.t.JMeterThread: Thread finished: S2 1-148
2026-10-06 08:14:41,320 INFO o.a.j.t.JMeterThread: Stopping because end time detected by thread: S2 1-17
2026-10-06 08:14:41,320 INFO o.a.j.t.JMeterThread: Stopping because end time detected by thread: S2 1-176
2026-10-06 08:14:41,320 INFO o.a.j.t.JMeterThread: Thread finished: S2 1-176
2026-10-06 08:14:41,320 INFO o.a.j.t.JMeterThread: Thread finished: S2 1-17
2026-10-06 08:14:41,328 INFO o.a.j.t.JMeterThread: Stopping because end time detected by thread: S2 1-71
2026-10-06 08:14:41,328 INFO o.a.j.t.JMeterThread: Thread finished: S2 1-71
2026-10-06 08:14:41,335 INFO o.a.j.t.JMeterThread: Stopping because end time detected by thread: S2 1-99
2026-10-06 08:14:41,335 INFO o.a.j.t.JMeterThread: Thread finished: S2 1-99
2026-10-06 08:14:41,343 INFO o.a.j.t.JMeterThread: Stopping because end time detected by thread: S2 1-27
2026-10-06 08:14:41,343 INFO o.a.j.t.JMeterThread: Thread finished: S2 1-27
2026-10-06 08:14:41,362 INFO o.a.j.t.JMeterThread: Stopping because end time detected by thread: S2 1-45
2026-10-06 08:14:41,362 INFO o.a.j.t.JMeterThread: Thread finished: S2 1-45
2026-10-06 08:14:41,406 INFO o.a.j.t.JMeterThread: Stopping because end time detected by thread: S2 1-134
2026-10-06 08:14:41,406 INFO o.a.j.t.JMeterThread: Thread finished: S2 1-134
2026-10-06 08:14:41,411 INFO o.a.j.t.JMeterThread: Stopping because end time detected by thread: S2 1-118
2026-10-06 08:14:41,411 INFO o.a.j.t.JMeterThread: Thread finished: S2 1-118
2026-10-06 08:14:41,413 INFO o.a.j.t.JMeterThread: Stopping because end time detected by thread: S2 1-119
2026-10-06 08:14:41,413 INFO o.a.j.t.JMeterThread: Thread finished: S2 1-119
2026-10-06 08:14:41,426 INFO o.a.j.t.JMeterThread: Stopping because end time detected by thread: S2 1-54
2026-10-06 08:14:41,426 INFO o.a.j.t.JMeterThread: Thread finished: S2 1-54
2026-10-06 08:14:41,435 INFO o.a.j.t.JMeterThread: Stopping because end time detected by thread: S2 1-10
2026-10-06 08:14:41,435 INFO o.a.j.t.JMeterThread: Thread finished: S2 1-10
2026-10-06 08:14:41,439 INFO o.a.j.t.JMeterThread: Stopping because end time detected by thread: S2 1-190
2026-10-06 08:14:41,439 INFO o.a.j.t.JMeterThread: Thread finished: S2 1-190
2026-10-06 08:14:41,447 INFO o.a.j.t.JMeterThread: Stopping because end time detected by thread: S2 1-63
2026-10-06 08:14:41,447 INFO o.a.j.t.JMeterThread: Thread finished: S2 1-63
2026-10-06 08:14:41,504 INFO o.a.j.t.JMeterThread: Stopping because end time detected by thread: S2 1-113
2026-10-06 08:14:41,505 INFO o.a.j.t.JMeterThread: Thread finished: S2 1-113
2026-10-06 08:14:41,509 INFO o.a.j.t.JMeterThread: Stopping because end time detected by thread: S2 1-299
2026-10-06 08:14:41,509 INFO o.a.j.t.JMeterThread: Thread finished: S2 1-299
2026-10-06 08:14:41,518 INFO o.a.j.t.JMeterThread: Stopping because end time detected by thread: S2 1-163
2026-10-06 08:14:41,518 INFO o.a.j.t.JMeterThread: Thread finished: S2 1-163
2026-10-06 08:14:41,524 INFO o.a.j.t.JMeterThread: Stopping because end time detected by thread: S2 1-200
2026-10-06 08:14:41,524 INFO o.a.j.t.JMeterThread: Thread finished: S2 1-200
2026-10-06 08:14:41,541 INFO o.a.j.t.JMeterThread: Stopping because end time detected by thread: S2 1-294
2026-10-06 08:14:41,541 INFO o.a.j.t.JMeterThread: Thread finished: S2 1-294
2026-10-06 08:14:41,605 INFO o.a.j.t.JMeterThread: Stopping because end time detected by thread: S2 1-23
2026-10-06 08:14:41,605 INFO o.a.j.t.JMeterThread: Thread finished: S2 1-23
2026-10-06 08:14:41,607 INFO o.a.j.t.JMeterThread: Stopping because end time detected by thread: S2 1-284
2026-10-06 08:14:41,607 INFO o.a.j.t.JMeterThread: Thread finished: S2 1-284
2026-10-06 08:14:41,607 INFO o.a.j.t.JMeterThread: Stopping because end time detected by thread: S2 1-96
2026-10-06 08:14:41,607 INFO o.a.j.t.JMeterThread: Thread finished: S2 1-96
2026-10-06 08:14:41,611 INFO o.a.j.t.JMeterThread: Stopping because end time detected by thread: S2 1-319
2026-10-06 08:14:41,611 INFO o.a.j.t.JMeterThread: Thread finished: S2 1-319
2026-10-06 08:14:41,614 INFO o.a.j.t.JMeterThread: Stopping because end time detected by thread: S2 1-101
2026-10-06 08:14:41,615 INFO o.a.j.t.JMeterThread: Thread finished: S2 1-101
2026-10-06 08:14:41,618 INFO o.a.j.t.JMeterThread: Stopping because end time detected by thread: S2 1-390
2026-10-06 08:14:41,618 INFO o.a.j.t.JMeterThread: Thread finished: S2 1-390
2026-10-06 08:14:41,621 INFO o.a.j.t.JMeterThread: Stopping because end time detected by thread: S2 1-323
2026-10-06 08:14:41,621 INFO o.a.j.t.JMeterThread: Thread finished: S2 1-323
2026-10-06 08:14:41,625 INFO o.a.j.t.JMeterThread: Stopping because end time detected by thread: S2 1-264
2026-10-06 08:14:41,625 INFO o.a.j.t.JMeterThread: Thread finished: S2 1-264
2026-10-06 08:14:41,628 INFO o.a.j.t.JMeterThread: Stopping because end time detected by thread: S2 1-451
2026-10-06 08:14:41,628 INFO o.a.j.t.JMeterThread: Thread finished: S2 1-451
2026-10-06 08:14:41,630 INFO o.a.j.t.JMeterThread: Stopping because end time detected by thread: S2 1-454
2026-10-06 08:14:41,630 INFO o.a.j.t.JMeterThread: Thread finished: S2 1-454
2026-10-06 08:14:41,641 INFO o.a.j.t.JMeterThread: Stopping because end time detected by thread: S2 1-130
2026-10-06 08:14:41,641 INFO o.a.j.t.JMeterThread: Thread finished: S2 1-130
2026-10-06 08:14:41,703 INFO o.a.j.t.JMeterThread: Stopping because end time detected by thread: S2 1-355
2026-10-06 08:14:41,703 INFO o.a.j.t.JMeterThread: Thread finished: S2 1-355
2026-10-06 08:14:41,706 INFO o.a.j.t.JMeterThread: Stopping because end time detected by thread: S2 1-164
2026-10-06 08:14:41,706 INFO o.a.j.t.JMeterThread: Thread finished: S2 1-164
2026-10-06 08:14:41,708 INFO o.a.j.t.JMeterThread: Stopping because end time detected by thread: S2 1-29
2026-10-06 08:14:41,708 INFO o.a.j.t.JMeterThread: Thread finished: S2 1-29
2026-10-06 08:14:41,709 INFO o.a.j.t.JMeterThread: Stopping because end time detected by thread: S2 1-218
2026-10-06 08:14:41,710 INFO o.a.j.t.JMeterThread: Thread finished: S2 1-218
2026-10-06 08:14:41,710 INFO o.a.j.t.JMeterThread: Stopping because end time detected by thread: S2 1-368
2026-10-06 08:14:41,710 INFO o.a.j.t.JMeterThread: Thread finished: S2 1-368
2026-10-06 08:14:41,711 INFO o.a.j.t.JMeterThread: Stopping because end time detected by thread: S2 1-466
2026-10-06 08:14:41,712 INFO o.a.j.t.JMeterThread: Thread finished: S2 1-466
2026-10-06 08:14:41,712 INFO o.a.j.t.JMeterThread: Stopping because end time detected by thread: S2 1-64
2026-10-06 08:14:41,712 INFO o.a.j.t.JMeterThread: Thread finished: S2 1-64
2026-10-06 08:14:41,713 INFO o.a.j.t.JMeterThread: Stopping because end time detected by thread: S2 1-276
2026-10-06 08:14:41,714 INFO o.a.j.t.JMeterThread: Thread finished: S2 1-276
2026-10-06 08:14:41,715 INFO o.a.j.t.JMeterThread: Stopping because end time detected by thread: S2 1-18
2026-10-06 08:14:41,715 INFO o.a.j.t.JMeterThread: Thread finished: S2 1-18
2026-10-06 08:14:41,717 INFO o.a.j.t.JMeterThread: Stopping because end time detected by thread: S2 1-196
2026-10-06 08:14:41,718 INFO o.a.j.t.JMeterThread: Thread finished: S2 1-196
2026-10-06 08:14:41,718 INFO o.a.j.t.JMeterThread: Stopping because end time detected by thread: S2 1-310
2026-10-06 08:14:41,719 INFO o.a.j.t.JMeterThread: Thread finished: S2 1-310
2026-10-06 08:14:41,720 INFO o.a.j.t.JMeterThread: Stopping because end time detected by thread: S2 1-24
2026-10-06 08:14:41,720 INFO o.a.j.t.JMeterThread: Thread finished: S2 1-24
2026-10-06 08:14:41,722 INFO o.a.j.t.JMeterThread: Stopping because end time detected by thread: S2 1-31
2026-10-06 08:14:41,722 INFO o.a.j.t.JMeterThread: Thread finished: S2 1-31
2026-10-06 08:14:41,724 INFO o.a.j.t.JMeterThread: Stopping because end time detected by thread: S2 1-87
2026-10-06 08:14:41,724 INFO o.a.j.t.JMeterThread: Thread finished: S2 1-87
2026-10-06 08:14:41,730 INFO o.a.j.t.JMeterThread: Stopping because end time detected by thread: S2 1-59
2026-10-06 08:14:41,730 INFO o.a.j.t.JMeterThread: Thread finished: S2 1-59
2026-10-06 08:14:41,734 INFO o.a.j.t.JMeterThread: Stopping because end time detected by thread: S2 1-470
2026-10-06 08:14:41,734 INFO o.a.j.t.JMeterThread: Thread finished: S2 1-470
2026-10-06 08:14:41,737 INFO o.a.j.t.JMeterThread: Stopping because end time detected by thread: S2 1-242
2026-10-06 08:14:41,738 INFO o.a.j.t.JMeterThread: Thread finished: S2 1-242
2026-10-06 08:14:41,739 INFO o.a.j.t.JMeterThread: Stopping because end time detected by thread: S2 1-425
2026-10-06 08:14:41,739 INFO o.a.j.t.JMeterThread: Thread finished: S2 1-425
2026-10-06 08:14:41,744 INFO o.a.j.t.JMeterThread: Stopping because end time detected by thread: S2 1-442
2026-10-06 08:14:41,744 INFO o.a.j.t.JMeterThread: Thread finished: S2 1-442
2026-10-06 08:14:41,813 INFO o.a.j.t.JMeterThread: Stopping because end time detected by thread: S2 1-222
2026-10-06 08:14:41,813 INFO o.a.j.t.JMeterThread: Thread finished: S2 1-222
2026-10-06 08:14:41,820 INFO o.a.j.t.JMeterThread: Stopping because end time detected by thread: S2 1-493
2026-10-06 08:14:41,821 INFO o.a.j.t.JMeterThread: Thread finished: S2 1-493
2026-10-06 08:14:41,822 INFO o.a.j.t.JMeterThread: Stopping because end time detected by thread: S2 1-477
2026-10-06 08:14:41,822 INFO o.a.j.t.JMeterThread: Thread finished: S2 1-477
2026-10-06 08:14:41,827 INFO o.a.j.t.JMeterThread: Stopping because end time detected by thread: S2 1-230
2026-10-06 08:14:41,827 INFO o.a.j.t.JMeterThread: Thread finished: S2 1-230
2026-10-06 08:14:41,840 INFO o.a.j.t.JMeterThread: Stopping because end time detected by thread: S2 1-443
2026-10-06 08:14:41,840 INFO o.a.j.t.JMeterThread: Thread finished: S2 1-443
2026-10-06 08:14:41,901 INFO o.a.j.t.JMeterThread: Stopping because end time detected by thread: S2 1-357
2026-10-06 08:14:41,902 INFO o.a.j.t.JMeterThread: Thread finished: S2 1-357
2026-10-06 08:14:41,903 INFO o.a.j.t.JMeterThread: Stopping because end time detected by thread: S2 1-66
2026-10-06 08:14:41,903 INFO o.a.j.t.JMeterThread: Thread finished: S2 1-66
2026-10-06 08:14:41,904 INFO o.a.j.t.JMeterThread: Stopping because end time detected by thread: S2 1-335
2026-10-06 08:14:41,904 INFO o.a.j.t.JMeterThread: Thread finished: S2 1-335
2026-10-06 08:14:41,906 INFO o.a.j.t.JMeterThread: Stopping because end time detected by thread: S2 1-12
2026-10-06 08:14:41,906 INFO o.a.j.t.JMeterThread: Thread finished: S2 1-12
2026-10-06 08:14:41,908 INFO o.a.j.t.JMeterThread: Stopping because end time detected by thread: S2 1-280
2026-10-06 08:14:41,909 INFO o.a.j.t.JMeterThread: Thread finished: S2 1-280
2026-10-06 08:14:41,909 INFO o.a.j.t.JMeterThread: Stopping because end time detected by thread: S2 1-353
2026-10-06 08:14:41,909 INFO o.a.j.t.JMeterThread: Thread finished: S2 1-353
2026-10-06 08:14:41,910 INFO o.a.j.t.JMeterThread: Stopping because end time detected by thread: S2 1-365
2026-10-06 08:14:41,910 INFO o.a.j.t.JMeterThread: Thread finished: S2 1-365
2026-10-06 08:14:41,918 INFO o.a.j.t.JMeterThread: Stopping because end time detected by thread: S2 1-338
2026-10-06 08:14:41,918 INFO o.a.j.t.JMeterThread: Thread finished: S2 1-338
2026-10-06 08:14:41,919 INFO o.a.j.t.JMeterThread: Stopping because end time detected by thread: S2 1-396
2026-10-06 08:14:41,920 INFO o.a.j.t.JMeterThread: Thread finished: S2 1-396
2026-10-06 08:14:41,921 INFO o.a.j.t.JMeterThread: Stopping because end time detected by thread: S2 1-272
2026-10-06 08:14:41,921 INFO o.a.j.t.JMeterThread: Stopping because end time detected by thread: S2 1-351
2026-10-06 08:14:41,921 INFO o.a.j.t.JMeterThread: Thread finished: S2 1-272
2026-10-06 08:14:41,921 INFO o.a.j.t.JMeterThread: Thread finished: S2 1-351
2026-10-06 08:14:41,924 INFO o.a.j.t.JMeterThread: Stopping because end time detected by thread: S2 1-495
2026-10-06 08:14:41,924 INFO o.a.j.t.JMeterThread: Thread finished: S2 1-495
2026-10-06 08:14:41,930 INFO o.a.j.t.JMeterThread: Stopping because end time detected by thread: S2 1-144
2026-10-06 08:14:41,930 INFO o.a.j.t.JMeterThread: Thread finished: S2 1-144
2026-10-06 08:14:41,931 INFO o.a.j.t.JMeterThread: Stopping because end time detected by thread: S2 1-471
2026-10-06 08:14:41,931 INFO o.a.j.t.JMeterThread: Thread finished: S2 1-471
2026-10-06 08:14:41,931 INFO o.a.j.t.JMeterThread: Stopping because end time detected by thread: S2 1-36
2026-10-06 08:14:41,931 INFO o.a.j.t.JMeterThread: Thread finished: S2 1-36
2026-10-06 08:14:41,932 INFO o.a.j.t.JMeterThread: Stopping because end time detected by thread: S2 1-40
2026-10-06 08:14:41,932 INFO o.a.j.t.JMeterThread: Thread finished: S2 1-40
2026-10-06 08:14:41,933 INFO o.a.j.t.JMeterThread: Stopping because end time detected by thread: S2 1-98
2026-10-06 08:14:41,933 INFO o.a.j.t.JMeterThread: Thread finished: S2 1-98
2026-10-06 08:14:41,938 INFO o.a.j.t.JMeterThread: Stopping because end time detected by thread: S2 1-140
2026-10-06 08:14:41,938 INFO o.a.j.t.JMeterThread: Thread finished: S2 1-140
2026-10-06 08:14:41,939 INFO o.a.j.t.JMeterThread: Stopping because end time detected by thread: S2 1-327
2026-10-06 08:14:41,939 INFO o.a.j.t.JMeterThread: Thread finished: S2 1-327
2026-10-06 08:14:41,939 INFO o.a.j.t.JMeterThread: Stopping because end time detected by thread: S2 1-194
2026-10-06 08:14:41,939 INFO o.a.j.t.JMeterThread: Thread finished: S2 1-194
2026-10-06 08:14:41,940 INFO o.a.j.t.JMeterThread: Stopping because end time detected by thread: S2 1-146
2026-10-06 08:14:41,940 INFO o.a.j.t.JMeterThread: Thread finished: S2 1-146
2026-10-06 08:14:41,942 INFO o.a.j.t.JMeterThread: Stopping because end time detected by thread: S2 1-377
2026-10-06 08:14:41,942 INFO o.a.j.t.JMeterThread: Thread finished: S2 1-377
2026-10-06 08:14:42,007 INFO o.a.j.t.JMeterThread: Stopping because end time detected by thread: S2 1-145
2026-10-06 08:14:42,007 INFO o.a.j.t.JMeterThread: Thread finished: S2 1-145
2026-10-06 08:14:42,008 INFO o.a.j.t.JMeterThread: Stopping because end time detected by thread: S2 1-209
2026-10-06 08:14:42,008 INFO o.a.j.t.JMeterThread: Thread finished: S2 1-209
2026-10-06 08:14:42,008 INFO o.a.j.t.JMeterThread: Stopping because end time detected by thread: S2 1-412
2026-10-06 08:14:42,010 INFO o.a.j.t.JMeterThread: Thread finished: S2 1-412
2026-10-06 08:14:42,010 INFO o.a.j.t.JMeterThread: Stopping because end time detected by thread: S2 1-408
2026-10-06 08:14:42,010 INFO o.a.j.t.JMeterThread: Thread finished: S2 1-408
2026-10-06 08:14:42,013 INFO o.a.j.t.JMeterThread: Stopping because end time detected by thread: S2 1-32
2026-10-06 08:14:42,013 INFO o.a.j.t.JMeterThread: Thread finished: S2 1-32
2026-10-06 08:14:42,016 INFO o.a.j.t.JMeterThread: Stopping because end time detected by thread: S2 1-297
2026-10-06 08:14:42,017 INFO o.a.j.t.JMeterThread: Thread finished: S2 1-297
2026-10-06 08:14:42,019 INFO o.a.j.t.JMeterThread: Stopping because end time detected by thread: S2 1-197
2026-10-06 08:14:42,019 INFO o.a.j.t.JMeterThread: Thread finished: S2 1-197
2026-10-06 08:14:42,025 INFO o.a.j.t.JMeterThread: Stopping because end time detected by thread: S2 1-257
2026-10-06 08:14:42,025 INFO o.a.j.t.JMeterThread: Thread finished: S2 1-257
2026-10-06 08:14:42,026 INFO o.a.j.t.JMeterThread: Stopping because end time detected by thread: S2 1-369
2026-10-06 08:14:42,026 INFO o.a.j.t.JMeterThread: Thread finished: S2 1-369
2026-10-06 08:14:42,038 INFO o.a.j.t.JMeterThread: Stopping because end time detected by thread: S2 1-398
2026-10-06 08:14:42,038 INFO o.a.j.t.JMeterThread: Stopping because end time detected by thread: S2 1-483
2026-10-06 08:14:42,038 INFO o.a.j.t.JMeterThread: Thread finished: S2 1-398
2026-10-06 08:14:42,038 INFO o.a.j.t.JMeterThread: Thread finished: S2 1-483
2026-10-06 08:14:42,039 INFO o.a.j.t.JMeterThread: Stopping because end time detected by thread: S2 1-235
2026-10-06 08:14:42,039 INFO o.a.j.t.JMeterThread: Thread finished: S2 1-235
2026-10-06 08:14:42,042 INFO o.a.j.t.JMeterThread: Stopping because end time detected by thread: S2 1-188
2026-10-06 08:14:42,042 INFO o.a.j.t.JMeterThread: Thread finished: S2 1-188
2026-10-06 08:14:42,113 INFO o.a.j.t.JMeterThread: Stopping because end time detected by thread: S2 1-274
2026-10-06 08:14:42,113 INFO o.a.j.t.JMeterThread: Thread finished: S2 1-274
2026-10-06 08:14:42,116 INFO o.a.j.t.JMeterThread: Stopping because end time detected by thread: S2 1-8
2026-10-06 08:14:42,116 INFO o.a.j.t.JMeterThread: Thread finished: S2 1-8
2026-10-06 08:14:42,127 INFO o.a.j.t.JMeterThread: Stopping because end time detected by thread: S2 1-441
2026-10-06 08:14:42,127 INFO o.a.j.t.JMeterThread: Thread finished: S2 1-441
2026-10-06 08:14:42,128 INFO o.a.j.t.JMeterThread: Stopping because end time detected by thread: S2 1-268
2026-10-06 08:14:42,128 INFO o.a.j.t.JMeterThread: Thread finished: S2 1-268
2026-10-06 08:14:42,129 INFO o.a.j.t.JMeterThread: Stopping because end time detected by thread: S2 1-201
2026-10-06 08:14:42,129 INFO o.a.j.t.JMeterThread: Stopping because end time detected by thread: S2 1-300
2026-10-06 08:14:42,130 INFO o.a.j.t.JMeterThread: Stopping because end time detected by thread: S2 1-90
2026-10-06 08:14:42,130 INFO o.a.j.t.JMeterThread: Stopping because end time detected by thread: S2 1-60
2026-10-06 08:14:42,131 INFO o.a.j.t.JMeterThread: Thread finished: S2 1-201
2026-10-06 08:14:42,131 INFO o.a.j.t.JMeterThread: Thread finished: S2 1-300
2026-10-06 08:14:42,131 INFO o.a.j.t.JMeterThread: Thread finished: S2 1-90
2026-10-06 08:14:42,131 INFO o.a.j.t.JMeterThread: Thread finished: S2 1-60
2026-10-06 08:14:42,134 INFO o.a.j.t.JMeterThread: Stopping because end time detected by thread: S2 1-120
2026-10-06 08:14:42,134 INFO o.a.j.t.JMeterThread: Thread finished: S2 1-120
2026-10-06 08:14:42,136 INFO o.a.j.t.JMeterThread: Stopping because end time detected by thread: S2 1-447
2026-10-06 08:14:42,136 INFO o.a.j.t.JMeterThread: Thread finished: S2 1-447
2026-10-06 08:14:42,137 INFO o.a.j.t.JMeterThread: Stopping because end time detected by thread: S2 1-123
2026-10-06 08:14:42,137 INFO o.a.j.t.JMeterThread: Thread finished: S2 1-123
2026-10-06 08:14:42,138 INFO o.a.j.t.JMeterThread: Stopping because end time detected by thread: S2 1-475
2026-10-06 08:14:42,138 INFO o.a.j.t.JMeterThread: Thread finished: S2 1-475
2026-10-06 08:14:42,139 INFO o.a.j.t.JMeterThread: Stopping because end time detected by thread: S2 1-479
2026-10-06 08:14:42,139 INFO o.a.j.t.JMeterThread: Thread finished: S2 1-479
2026-10-06 08:14:42,205 INFO o.a.j.t.JMeterThread: Stopping because end time detected by thread: S2 1-88
2026-10-06 08:14:42,205 INFO o.a.j.t.JMeterThread: Thread finished: S2 1-88
2026-10-06 08:14:42,218 INFO o.a.j.t.JMeterThread: Stopping because end time detected by thread: S2 1-467
2026-10-06 08:14:42,218 INFO o.a.j.t.JMeterThread: Thread finished: S2 1-467
2026-10-06 08:14:42,221 INFO o.a.j.t.JMeterThread: Stopping because end time detected by thread: S2 1-304
2026-10-06 08:14:42,221 INFO o.a.j.t.JMeterThread: Thread finished: S2 1-304
2026-10-06 08:14:42,223 INFO o.a.j.t.JMeterThread: Stopping because end time detected by thread: S2 1-474
2026-10-06 08:14:42,223 INFO o.a.j.t.JMeterThread: Thread finished: S2 1-474
2026-10-06 08:14:42,226 INFO o.a.j.t.JMeterThread: Stopping because end time detected by thread: S2 1-171
2026-10-06 08:14:42,226 INFO o.a.j.t.JMeterThread: Thread finished: S2 1-171
2026-10-06 08:14:42,237 INFO o.a.j.t.JMeterThread: Stopping because end time detected by thread: S2 1-494
2026-10-06 08:14:42,237 INFO o.a.j.t.JMeterThread: Thread finished: S2 1-494
2026-10-06 08:14:42,239 INFO o.a.j.t.JMeterThread: Stopping because end time detected by thread: S2 1-498
2026-10-06 08:14:42,239 INFO o.a.j.t.JMeterThread: Thread finished: S2 1-498
2026-10-06 08:14:42,240 INFO o.a.j.t.JMeterThread: Stopping because end time detected by thread: S2 1-270
2026-10-06 08:14:42,240 INFO o.a.j.t.JMeterThread: Thread finished: S2 1-270
2026-10-06 08:14:42,306 INFO o.a.j.t.JMeterThread: Stopping because end time detected by thread: S2 1-58
2026-10-06 08:14:42,306 INFO o.a.j.t.JMeterThread: Thread finished: S2 1-58
2026-10-06 08:14:42,310 INFO o.a.j.t.JMeterThread: Stopping because end time detected by thread: S2 1-331
2026-10-06 08:14:42,310 INFO o.a.j.t.JMeterThread: Thread finished: S2 1-331
2026-10-06 08:14:42,317 INFO o.a.j.t.JMeterThread: Stopping because end time detected by thread: S2 1-440
2026-10-06 08:14:42,317 INFO o.a.j.t.JMeterThread: Thread finished: S2 1-440
2026-10-06 08:14:42,319 INFO o.a.j.t.JMeterThread: Stopping because end time detected by thread: S2 1-150
2026-10-06 08:14:42,319 INFO o.a.j.t.JMeterThread: Thread finished: S2 1-150
2026-10-06 08:14:42,320 INFO o.a.j.t.JMeterThread: Stopping because end time detected by thread: S2 1-149
2026-10-06 08:14:42,320 INFO o.a.j.t.JMeterThread: Thread finished: S2 1-149
2026-10-06 08:14:42,326 INFO o.a.j.t.JMeterThread: Stopping because end time detected by thread: S2 1-152
2026-10-06 08:14:42,327 INFO o.a.j.t.JMeterThread: Thread finished: S2 1-152
2026-10-06 08:14:42,329 INFO o.a.j.t.JMeterThread: Stopping because end time detected by thread: S2 1-107
2026-10-06 08:14:42,329 INFO o.a.j.t.JMeterThread: Thread finished: S2 1-107
2026-10-06 08:14:42,335 INFO o.a.j.t.JMeterThread: Stopping because end time detected by thread: S2 1-354
2026-10-06 08:14:42,335 INFO o.a.j.t.JMeterThread: Thread finished: S2 1-354
2026-10-06 08:14:42,335 INFO o.a.j.t.JMeterThread: Stopping because end time detected by thread: S2 1-179
2026-10-06 08:14:42,335 INFO o.a.j.t.JMeterThread: Thread finished: S2 1-179
2026-10-06 08:14:42,339 INFO o.a.j.t.JMeterThread: Stopping because end time detected by thread: S2 1-485
2026-10-06 08:14:42,339 INFO o.a.j.t.JMeterThread: Thread finished: S2 1-485
2026-10-06 08:14:42,339 INFO o.a.j.t.JMeterThread: Stopping because end time detected by thread: S2 1-481
2026-10-06 08:14:42,339 INFO o.a.j.t.JMeterThread: Thread finished: S2 1-481
2026-10-06 08:14:42,404 INFO o.a.j.t.JMeterThread: Stopping because end time detected by thread: S2 1-261
2026-10-06 08:14:42,404 INFO o.a.j.t.JMeterThread: Thread finished: S2 1-261
2026-10-06 08:14:42,405 INFO o.a.j.t.JMeterThread: Stopping because end time detected by thread: S2 1-75
2026-10-06 08:14:42,405 INFO o.a.j.t.JMeterThread: Thread finished: S2 1-75
2026-10-06 08:14:42,406 INFO o.a.j.t.JMeterThread: Stopping because end time detected by thread: S2 1-109
2026-10-06 08:14:42,406 INFO o.a.j.t.JMeterThread: Thread finished: S2 1-109
2026-10-06 08:14:42,407 INFO o.a.j.t.JMeterThread: Stopping because end time detected by thread: S2 1-210
2026-10-06 08:14:42,407 INFO o.a.j.t.JMeterThread: Thread finished: S2 1-210
2026-10-06 08:14:42,407 INFO o.a.j.t.JMeterThread: Stopping because end time detected by thread: S2 1-89
2026-10-06 08:14:42,407 INFO o.a.j.t.JMeterThread: Thread finished: S2 1-89
2026-10-06 08:14:42,408 INFO o.a.j.t.JMeterThread: Stopping because end time detected by thread: S2 1-11
2026-10-06 08:14:42,408 INFO o.a.j.t.JMeterThread: Thread finished: S2 1-11
2026-10-06 08:14:42,411 INFO o.a.j.t.JMeterThread: Stopping because end time detected by thread: S2 1-238
2026-10-06 08:14:42,411 INFO o.a.j.t.JMeterThread: Thread finished: S2 1-238
2026-10-06 08:14:42,420 INFO o.a.j.t.JMeterThread: Stopping because end time detected by thread: S2 1-220
2026-10-06 08:14:42,420 INFO o.a.j.t.JMeterThread: Thread finished: S2 1-220
2026-10-06 08:14:42,429 INFO o.a.j.t.JMeterThread: Stopping because end time detected by thread: S2 1-253
2026-10-06 08:14:42,430 INFO o.a.j.t.JMeterThread: Thread finished: S2 1-253
2026-10-06 08:14:42,432 INFO o.a.j.t.JMeterThread: Stopping because end time detected by thread: S2 1-193
2026-10-06 08:14:42,432 INFO o.a.j.t.JMeterThread: Thread finished: S2 1-193
2026-10-06 08:14:42,432 INFO o.a.j.t.JMeterThread: Stopping because end time detected by thread: S2 1-432
2026-10-06 08:14:42,433 INFO o.a.j.t.JMeterThread: Thread finished: S2 1-432
2026-10-06 08:14:42,436 INFO o.a.j.t.JMeterThread: Stopping because end time detected by thread: S2 1-320
2026-10-06 08:14:42,436 INFO o.a.j.t.JMeterThread: Thread finished: S2 1-320
2026-10-06 08:14:42,439 INFO o.a.j.t.JMeterThread: Stopping because end time detected by thread: S2 1-100
2026-10-06 08:14:42,440 INFO o.a.j.t.JMeterThread: Thread finished: S2 1-100
2026-10-06 08:14:42,502 INFO o.a.j.t.JMeterThread: Stopping because end time detected by thread: S2 1-53
2026-10-06 08:14:42,502 INFO o.a.j.t.JMeterThread: Thread finished: S2 1-53
2026-10-06 08:14:42,510 INFO o.a.j.t.JMeterThread: Stopping because end time detected by thread: S2 1-277
2026-10-06 08:14:42,510 INFO o.a.j.t.JMeterThread: Thread finished: S2 1-277
2026-10-06 08:14:42,520 INFO o.a.j.t.JMeterThread: Stopping because end time detected by thread: S2 1-383
2026-10-06 08:14:42,520 INFO o.a.j.t.JMeterThread: Thread finished: S2 1-383
2026-10-06 08:14:42,527 INFO o.a.j.t.JMeterThread: Stopping because end time detected by thread: S2 1-199
2026-10-06 08:14:42,527 INFO o.a.j.t.JMeterThread: Thread finished: S2 1-199
2026-10-06 08:14:42,529 INFO o.a.j.t.JMeterThread: Stopping because end time detected by thread: S2 1-389
2026-10-06 08:14:42,529 INFO o.a.j.t.JMeterThread: Thread finished: S2 1-389
2026-10-06 08:14:42,530 INFO o.a.j.t.JMeterThread: Stopping because end time detected by thread: S2 1-309
2026-10-06 08:14:42,531 INFO o.a.j.t.JMeterThread: Thread finished: S2 1-309
2026-10-06 08:14:42,531 INFO o.a.j.t.JMeterThread: Stopping because end time detected by thread: S2 1-49
2026-10-06 08:14:42,531 INFO o.a.j.t.JMeterThread: Thread finished: S2 1-49
2026-10-06 08:14:42,536 INFO o.a.j.t.JMeterThread: Stopping because end time detected by thread: S2 1-392
2026-10-06 08:14:42,537 INFO o.a.j.t.JMeterThread: Thread finished: S2 1-392
2026-10-06 08:14:42,539 INFO o.a.j.t.JMeterThread: Stopping because end time detected by thread: S2 1-438
2026-10-06 08:14:42,539 INFO o.a.j.t.JMeterThread: Thread finished: S2 1-438
2026-10-06 08:14:42,540 INFO o.a.j.t.JMeterThread: Stopping because end time detected by thread: S2 1-269
2026-10-06 08:14:42,540 INFO o.a.j.t.JMeterThread: Thread finished: S2 1-269
2026-10-06 08:14:42,545 INFO o.a.j.t.JMeterThread: Stopping because end time detected by thread: S2 1-65
2026-10-06 08:14:42,545 INFO o.a.j.t.JMeterThread: Thread finished: S2 1-65
2026-10-06 08:14:42,604 INFO o.a.j.t.JMeterThread: Stopping because end time detected by thread: S2 1-371
2026-10-06 08:14:42,604 INFO o.a.j.t.JMeterThread: Thread finished: S2 1-371
2026-10-06 08:14:42,609 INFO o.a.j.t.JMeterThread: Stopping because end time detected by thread: S2 1-122
2026-10-06 08:14:42,609 INFO o.a.j.t.JMeterThread: Thread finished: S2 1-122
2026-10-06 08:14:42,609 INFO o.a.j.t.JMeterThread: Stopping because end time detected by thread: S2 1-46
2026-10-06 08:14:42,610 INFO o.a.j.t.JMeterThread: Thread finished: S2 1-46
2026-10-06 08:14:42,611 INFO o.a.j.t.JMeterThread: Stopping because end time detected by thread: S2 1-52
2026-10-06 08:14:42,611 INFO o.a.j.t.JMeterThread: Thread finished: S2 1-52
2026-10-06 08:14:42,615 INFO o.a.j.t.JMeterThread: Stopping because end time detected by thread: S2 1-139
2026-10-06 08:14:42,615 INFO o.a.j.t.JMeterThread: Thread finished: S2 1-139
2026-10-06 08:14:42,616 INFO o.a.j.t.JMeterThread: Stopping because end time detected by thread: S2 1-487
2026-10-06 08:14:42,616 INFO o.a.j.t.JMeterThread: Thread finished: S2 1-487
2026-10-06 08:14:42,617 INFO o.a.j.t.JMeterThread: Stopping because end time detected by thread: S2 1-324
2026-10-06 08:14:42,618 INFO o.a.j.t.JMeterThread: Thread finished: S2 1-324
2026-10-06 08:14:42,620 INFO o.a.j.t.JMeterThread: Stopping because end time detected by thread: S2 1-473
2026-10-06 08:14:42,620 INFO o.a.j.t.JMeterThread: Thread finished: S2 1-473
2026-10-06 08:14:42,620 INFO o.a.j.t.JMeterThread: Stopping because end time detected by thread: S2 1-213
2026-10-06 08:14:42,620 INFO o.a.j.t.JMeterThread: Thread finished: S2 1-213
2026-10-06 08:14:42,626 INFO o.a.j.t.JMeterThread: Stopping because end time detected by thread: S2 1-231
2026-10-06 08:14:42,626 INFO o.a.j.t.JMeterThread: Thread finished: S2 1-231
2026-10-06 08:14:42,639 INFO o.a.j.t.JMeterThread: Stopping because end time detected by thread: S2 1-275
2026-10-06 08:14:42,639 INFO o.a.j.t.JMeterThread: Stopping because end time detected by thread: S2 1-243
2026-10-06 08:14:42,639 INFO o.a.j.t.JMeterThread: Thread finished: S2 1-275
2026-10-06 08:14:42,639 INFO o.a.j.t.JMeterThread: Thread finished: S2 1-243
2026-10-06 08:14:42,642 INFO o.a.j.t.JMeterThread: Stopping because end time detected by thread: S2 1-409
2026-10-06 08:14:42,642 INFO o.a.j.t.JMeterThread: Thread finished: S2 1-409
2026-10-06 08:14:42,643 INFO o.a.j.t.JMeterThread: Stopping because end time detected by thread: S2 1-271
2026-10-06 08:14:42,643 INFO o.a.j.t.JMeterThread: Thread finished: S2 1-271
2026-10-06 08:14:42,709 INFO o.a.j.t.JMeterThread: Stopping because end time detected by thread: S2 1-312
2026-10-06 08:14:42,709 INFO o.a.j.t.JMeterThread: Thread finished: S2 1-312
2026-10-06 08:14:42,711 INFO o.a.j.t.JMeterThread: Stopping because end time detected by thread: S2 1-329
2026-10-06 08:14:42,711 INFO o.a.j.t.JMeterThread: Stopping because end time detected by thread: S2 1-131
2026-10-06 08:14:42,711 INFO o.a.j.t.JMeterThread: Thread finished: S2 1-329
2026-10-06 08:14:42,711 INFO o.a.j.t.JMeterThread: Thread finished: S2 1-131
2026-10-06 08:14:42,712 INFO o.a.j.t.JMeterThread: Stopping because end time detected by thread: S2 1-223
2026-10-06 08:14:42,712 INFO o.a.j.t.JMeterThread: Thread finished: S2 1-223
2026-10-06 08:14:42,715 INFO o.a.j.t.JMeterThread: Stopping because end time detected by thread: S2 1-311
2026-10-06 08:14:42,715 INFO o.a.j.t.JMeterThread: Thread finished: S2 1-311
2026-10-06 08:14:42,717 INFO o.a.j.t.JMeterThread: Stopping because end time detected by thread: S2 1-175
2026-10-06 08:14:42,717 INFO o.a.j.t.JMeterThread: Thread finished: S2 1-175
2026-10-06 08:14:42,719 INFO o.a.j.t.JMeterThread: Stopping because end time detected by thread: S2 1-42
2026-10-06 08:14:42,719 INFO o.a.j.t.JMeterThread: Thread finished: S2 1-42
2026-10-06 08:14:42,723 INFO o.a.j.t.JMeterThread: Stopping because end time detected by thread: S2 1-349
2026-10-06 08:14:42,723 INFO o.a.j.t.JMeterThread: Thread finished: S2 1-349
2026-10-06 08:14:42,724 INFO o.a.j.t.JMeterThread: Stopping because end time detected by thread: S2 1-61
2026-10-06 08:14:42,724 INFO o.a.j.t.JMeterThread: Thread finished: S2 1-61
2026-10-06 08:14:42,732 INFO o.a.j.t.JMeterThread: Stopping because end time detected by thread: S2 1-334
2026-10-06 08:14:42,732 INFO o.a.j.t.JMeterThread: Thread finished: S2 1-334
2026-10-06 08:14:42,735 INFO o.a.j.t.JMeterThread: Stopping because end time detected by thread: S2 1-234
2026-10-06 08:14:42,735 INFO o.a.j.t.JMeterThread: Thread finished: S2 1-234
2026-10-06 08:14:42,738 INFO o.a.j.t.JMeterThread: Stopping because end time detected by thread: S2 1-424
2026-10-06 08:14:42,738 INFO o.a.j.t.JMeterThread: Thread finished: S2 1-424
2026-10-06 08:14:42,739 INFO o.a.j.t.JMeterThread: Stopping because end time detected by thread: S2 1-186
2026-10-06 08:14:42,739 INFO o.a.j.t.JMeterThread: Thread finished: S2 1-186
2026-10-06 08:14:42,739 INFO o.a.j.t.JMeterThread: Stopping because end time detected by thread: S2 1-262
2026-10-06 08:14:42,739 INFO o.a.j.t.JMeterThread: Thread finished: S2 1-262
2026-10-06 08:14:42,741 INFO o.a.j.t.JMeterThread: Stopping because end time detected by thread: S2 1-156
2026-10-06 08:14:42,741 INFO o.a.j.t.JMeterThread: Thread finished: S2 1-156
2026-10-06 08:14:42,743 INFO o.a.j.t.JMeterThread: Stopping because end time detected by thread: S2 1-41
2026-10-06 08:14:42,743 INFO o.a.j.t.JMeterThread: Thread finished: S2 1-41
2026-10-06 08:14:42,805 INFO o.a.j.t.JMeterThread: Stopping because end time detected by thread: S2 1-21
2026-10-06 08:14:42,805 INFO o.a.j.t.JMeterThread: Thread finished: S2 1-21
2026-10-06 08:14:42,806 INFO o.a.j.t.JMeterThread: Stopping because end time detected by thread: S2 1-151
2026-10-06 08:14:42,806 INFO o.a.j.t.JMeterThread: Thread finished: S2 1-151
2026-10-06 08:14:42,806 INFO o.a.j.t.JMeterThread: Stopping because end time detected by thread: S2 1-157
2026-10-06 08:14:42,806 INFO o.a.j.t.JMeterThread: Thread finished: S2 1-157
2026-10-06 08:14:42,811 INFO o.a.j.t.JMeterThread: Stopping because end time detected by thread: S2 1-363
2026-10-06 08:14:42,811 INFO o.a.j.t.JMeterThread: Thread finished: S2 1-363
2026-10-06 08:14:42,826 INFO o.a.j.t.JMeterThread: Stopping because end time detected by thread: S2 1-83
2026-10-06 08:14:42,826 INFO o.a.j.t.JMeterThread: Thread finished: S2 1-83
2026-10-06 08:14:42,827 INFO o.a.j.t.JMeterThread: Stopping because end time detected by thread: S2 1-491
2026-10-06 08:14:42,827 INFO o.a.j.t.JMeterThread: Stopping because end time detected by thread: S2 1-79
2026-10-06 08:14:42,827 INFO o.a.j.t.JMeterThread: Thread finished: S2 1-491
2026-10-06 08:14:42,827 INFO o.a.j.t.JMeterThread: Thread finished: S2 1-79
2026-10-06 08:14:42,827 INFO o.a.j.t.JMeterThread: Stopping because end time detected by thread: S2 1-248
2026-10-06 08:14:42,828 INFO o.a.j.t.JMeterThread: Thread finished: S2 1-248
2026-10-06 08:14:42,828 INFO o.a.j.t.JMeterThread: Stopping because end time detected by thread: S2 1-226
2026-10-06 08:14:42,828 INFO o.a.j.t.JMeterThread: Thread finished: S2 1-226
2026-10-06 08:14:42,831 INFO o.a.j.t.JMeterThread: Stopping because end time detected by thread: S2 1-336
2026-10-06 08:14:42,831 INFO o.a.j.t.JMeterThread: Thread finished: S2 1-336
2026-10-06 08:14:42,834 INFO o.a.j.t.JMeterThread: Stopping because end time detected by thread: S2 1-489
2026-10-06 08:14:42,834 INFO o.a.j.t.JMeterThread: Thread finished: S2 1-489
2026-10-06 08:14:42,835 INFO o.a.j.t.JMeterThread: Stopping because end time detected by thread: S2 1-25
2026-10-06 08:14:42,835 INFO o.a.j.t.JMeterThread: Thread finished: S2 1-25
2026-10-06 08:14:42,836 INFO o.a.j.t.JMeterThread: Stopping because end time detected by thread: S2 1-216
2026-10-06 08:14:42,836 INFO o.a.j.t.JMeterThread: Thread finished: S2 1-216
2026-10-06 08:14:42,838 INFO o.a.j.t.JMeterThread: Stopping because end time detected by thread: S2 1-322
2026-10-06 08:14:42,838 INFO o.a.j.t.JMeterThread: Thread finished: S2 1-322
2026-10-06 08:14:42,839 INFO o.a.j.t.JMeterThread: Stopping because end time detected by thread: S2 1-492
2026-10-06 08:14:42,840 INFO o.a.j.t.JMeterThread: Thread finished: S2 1-492
2026-10-06 08:14:42,842 INFO o.a.j.t.JMeterThread: Stopping because end time detected by thread: S2 1-423
2026-10-06 08:14:42,842 INFO o.a.j.t.JMeterThread: Thread finished: S2 1-423
2026-10-06 08:14:42,907 INFO o.a.j.t.JMeterThread: Stopping because end time detected by thread: S2 1-97
2026-10-06 08:14:42,907 INFO o.a.j.t.JMeterThread: Thread finished: S2 1-97
2026-10-06 08:14:42,912 INFO o.a.j.t.JMeterThread: Stopping because end time detected by thread: S2 1-94
2026-10-06 08:14:42,912 INFO o.a.j.t.JMeterThread: Thread finished: S2 1-94
2026-10-06 08:14:42,913 INFO o.a.j.t.JMeterThread: Stopping because end time detected by thread: S2 1-225
2026-10-06 08:14:42,913 INFO o.a.j.t.JMeterThread: Stopping because end time detected by thread: S2 1-110
2026-10-06 08:14:42,913 INFO o.a.j.t.JMeterThread: Thread finished: S2 1-110
2026-10-06 08:14:42,913 INFO o.a.j.t.JMeterThread: Thread finished: S2 1-225
2026-10-06 08:14:42,917 INFO o.a.j.t.JMeterThread: Stopping because end time detected by thread: S2 1-165
2026-10-06 08:14:42,917 INFO o.a.j.t.JMeterThread: Thread finished: S2 1-165
2026-10-06 08:14:42,917 INFO o.a.j.t.JMeterThread: Stopping because end time detected by thread: S2 1-202
2026-10-06 08:14:42,917 INFO o.a.j.t.JMeterThread: Thread finished: S2 1-202
2026-10-06 08:14:42,937 INFO o.a.j.t.JMeterThread: Stopping because end time detected by thread: S2 1-62
2026-10-06 08:14:42,937 INFO o.a.j.t.JMeterThread: Thread finished: S2 1-62
2026-10-06 08:14:42,938 INFO o.a.j.t.JMeterThread: Stopping because end time detected by thread: S2 1-289
2026-10-06 08:14:42,939 INFO o.a.j.t.JMeterThread: Thread finished: S2 1-289
2026-10-06 08:14:42,939 INFO o.a.j.t.JMeterThread: Stopping because end time detected by thread: S2 1-237
2026-10-06 08:14:42,939 INFO o.a.j.t.JMeterThread: Thread finished: S2 1-237
2026-10-06 08:14:42,943 INFO o.a.j.t.JMeterThread: Stopping because end time detected by thread: S2 1-287
2026-10-06 08:14:42,943 INFO o.a.j.t.JMeterThread: Thread finished: S2 1-287
2026-10-06 08:14:43,005 INFO o.a.j.t.JMeterThread: Stopping because end time detected by thread: S2 1-391
2026-10-06 08:14:43,005 INFO o.a.j.t.JMeterThread: Thread finished: S2 1-391
2026-10-06 08:14:43,007 INFO o.a.j.t.JMeterThread: Stopping because end time detected by thread: S2 1-6
2026-10-06 08:14:43,007 INFO o.a.j.t.JMeterThread: Stopping because end time detected by thread: S2 1-50
2026-10-06 08:14:43,008 INFO o.a.j.t.JMeterThread: Thread finished: S2 1-50
2026-10-06 08:14:43,008 INFO o.a.j.t.JMeterThread: Stopping because end time detected by thread: S2 1-430
2026-10-06 08:14:43,008 INFO o.a.j.t.JMeterThread: Thread finished: S2 1-430
2026-10-06 08:14:43,008 INFO o.a.j.t.JMeterThread: Thread finished: S2 1-6
2026-10-06 08:14:43,009 INFO o.a.j.t.JMeterThread: Stopping because end time detected by thread: S2 1-229
2026-10-06 08:14:43,009 INFO o.a.j.t.JMeterThread: Thread finished: S2 1-229
2026-10-06 08:14:43,011 INFO o.a.j.t.JMeterThread: Stopping because end time detected by thread: S2 1-393
2026-10-06 08:14:43,011 INFO o.a.j.t.JMeterThread: Thread finished: S2 1-393
2026-10-06 08:14:43,030 INFO o.a.j.t.JMeterThread: Stopping because end time detected by thread: S2 1-51
2026-10-06 08:14:43,030 INFO o.a.j.t.JMeterThread: Thread finished: S2 1-51
2026-10-06 08:14:43,031 INFO o.a.j.t.JMeterThread: Stopping because end time detected by thread: S2 1-401
2026-10-06 08:14:43,031 INFO o.a.j.t.JMeterThread: Thread finished: S2 1-401
2026-10-06 08:14:43,032 INFO o.a.j.t.JMeterThread: Stopping because end time detected by thread: S2 1-359
2026-10-06 08:14:43,032 INFO o.a.j.t.JMeterThread: Thread finished: S2 1-359
2026-10-06 08:14:43,035 INFO o.a.j.t.JMeterThread: Stopping because end time detected by thread: S2 1-67
2026-10-06 08:14:43,035 INFO o.a.j.t.JMeterThread: Thread finished: S2 1-67
2026-10-06 08:14:43,038 INFO o.a.j.t.JMeterThread: Stopping because end time detected by thread: S2 1-3
2026-10-06 08:14:43,038 INFO o.a.j.t.JMeterThread: Thread finished: S2 1-3
2026-10-06 08:14:43,042 INFO o.a.j.t.JMeterThread: Stopping because end time detected by thread: S2 1-208
2026-10-06 08:14:43,042 INFO o.a.j.t.JMeterThread: Thread finished: S2 1-208
2026-10-06 08:14:43,103 INFO o.a.j.t.JMeterThread: Stopping because end time detected by thread: S2 1-105
2026-10-06 08:14:43,103 INFO o.a.j.t.JMeterThread: Thread finished: S2 1-105
2026-10-06 08:14:43,108 INFO o.a.j.t.JMeterThread: Stopping because end time detected by thread: S2 1-370
2026-10-06 08:14:43,108 INFO o.a.j.t.JMeterThread: Thread finished: S2 1-370
2026-10-06 08:14:43,108 INFO o.a.j.t.JMeterThread: Stopping because end time detected by thread: S2 1-153
2026-10-06 08:14:43,108 INFO o.a.j.t.JMeterThread: Thread finished: S2 1-153
2026-10-06 08:14:43,113 INFO o.a.j.t.JMeterThread: Stopping because end time detected by thread: S2 1-191
2026-10-06 08:14:43,113 INFO o.a.j.t.JMeterThread: Thread finished: S2 1-191
2026-10-06 08:14:43,121 INFO o.a.j.t.JMeterThread: Stopping because end time detected by thread: S2 1-397
2026-10-06 08:14:43,121 INFO o.a.j.t.JMeterThread: Thread finished: S2 1-397
2026-10-06 08:14:43,122 INFO o.a.j.t.JMeterThread: Stopping because end time detected by thread: S2 1-358
2026-10-06 08:14:43,122 INFO o.a.j.t.JMeterThread: Thread finished: S2 1-358
2026-10-06 08:14:43,123 INFO o.a.j.t.JMeterThread: Stopping because end time detected by thread: S2 1-192
2026-10-06 08:14:43,123 INFO o.a.j.t.JMeterThread: Thread finished: S2 1-192
2026-10-06 08:14:43,123 INFO o.a.j.t.JMeterThread: Stopping because end time detected by thread: S2 1-69
2026-10-06 08:14:43,123 INFO o.a.j.t.JMeterThread: Thread finished: S2 1-69
2026-10-06 08:14:43,126 INFO o.a.j.t.JMeterThread: Stopping because end time detected by thread: S2 1-56
2026-10-06 08:14:43,126 INFO o.a.j.t.JMeterThread: Thread finished: S2 1-56
2026-10-06 08:14:43,131 INFO o.a.j.t.JMeterThread: Stopping because end time detected by thread: S2 1-258
2026-10-06 08:14:43,131 INFO o.a.j.t.JMeterThread: Thread finished: S2 1-258
2026-10-06 08:14:43,137 INFO o.a.j.t.JMeterThread: Stopping because end time detected by thread: S2 1-314
2026-10-06 08:14:43,137 INFO o.a.j.t.JMeterThread: Thread finished: S2 1-314
2026-10-06 08:14:43,142 INFO o.a.j.t.JMeterThread: Stopping because end time detected by thread: S2 1-343
2026-10-06 08:14:43,143 INFO o.a.j.t.JMeterThread: Thread finished: S2 1-343
2026-10-06 08:14:43,143 INFO o.a.j.t.JMeterThread: Stopping because end time detected by thread: S2 1-160
2026-10-06 08:14:43,143 INFO o.a.j.t.JMeterThread: Thread finished: S2 1-160
2026-10-06 08:14:43,206 INFO o.a.j.t.JMeterThread: Stopping because end time detected by thread: S2 1-195
2026-10-06 08:14:43,206 INFO o.a.j.t.JMeterThread: Thread finished: S2 1-195
2026-10-06 08:14:43,211 INFO o.a.j.t.JMeterThread: Stopping because end time detected by thread: S2 1-386
2026-10-06 08:14:43,211 INFO o.a.j.t.JMeterThread: Thread finished: S2 1-386
2026-10-06 08:14:43,211 INFO o.a.j.t.JMeterThread: Stopping because end time detected by thread: S2 1-251
2026-10-06 08:14:43,211 INFO o.a.j.t.JMeterThread: Thread finished: S2 1-251
2026-10-06 08:14:43,213 INFO o.a.j.t.JMeterThread: Stopping because end time detected by thread: S2 1-417
2026-10-06 08:14:43,213 INFO o.a.j.t.JMeterThread: Thread finished: S2 1-417
2026-10-06 08:14:43,215 INFO o.a.j.t.JMeterThread: Stopping because end time detected by thread: S2 1-35
2026-10-06 08:14:43,215 INFO o.a.j.t.JMeterThread: Thread finished: S2 1-35
2026-10-06 08:14:43,225 INFO o.a.j.t.JMeterThread: Stopping because end time detected by thread: S2 1-14
2026-10-06 08:14:43,225 INFO o.a.j.t.JMeterThread: Thread finished: S2 1-14
2026-10-06 08:14:43,226 INFO o.a.j.t.JMeterThread: Stopping because end time detected by thread: S2 1-117
2026-10-06 08:14:43,226 INFO o.a.j.t.JMeterThread: Thread finished: S2 1-117
2026-10-06 08:14:43,229 INFO o.a.j.t.JMeterThread: Stopping because end time detected by thread: S2 1-413
2026-10-06 08:14:43,229 INFO o.a.j.t.JMeterThread: Thread finished: S2 1-413
2026-10-06 08:14:43,231 INFO o.a.j.t.JMeterThread: Stopping because end time detected by thread: S2 1-147
2026-10-06 08:14:43,232 INFO o.a.j.t.JMeterThread: Stopping because end time detected by thread: S2 1-347
2026-10-06 08:14:43,232 INFO o.a.j.t.JMeterThread: Thread finished: S2 1-347
2026-10-06 08:14:43,234 INFO o.a.j.t.JMeterThread: Stopping because end time detected by thread: S2 1-78
2026-10-06 08:14:43,234 INFO o.a.j.t.JMeterThread: Thread finished: S2 1-78
2026-10-06 08:14:43,232 INFO o.a.j.t.JMeterThread: Thread finished: S2 1-147
2026-10-06 08:14:43,238 INFO o.a.j.t.JMeterThread: Stopping because end time detected by thread: S2 1-382
2026-10-06 08:14:43,238 INFO o.a.j.t.JMeterThread: Thread finished: S2 1-382
2026-10-06 08:14:43,307 INFO o.a.j.t.JMeterThread: Stopping because end time detected by thread: S2 1-172
2026-10-06 08:14:43,307 INFO o.a.j.t.JMeterThread: Thread finished: S2 1-172
2026-10-06 08:14:43,310 INFO o.a.j.t.JMeterThread: Stopping because end time detected by thread: S2 1-240
2026-10-06 08:14:43,311 INFO o.a.j.t.JMeterThread: Thread finished: S2 1-240
2026-10-06 08:14:43,311 INFO o.a.j.t.JMeterThread: Stopping because end time detected by thread: S2 1-362
2026-10-06 08:14:43,311 INFO o.a.j.t.JMeterThread: Stopping because end time detected by thread: S2 1-254
2026-10-06 08:14:43,311 INFO o.a.j.t.JMeterThread: Thread finished: S2 1-362
2026-10-06 08:14:43,311 INFO o.a.j.t.JMeterThread: Thread finished: S2 1-254
2026-10-06 08:14:43,318 INFO o.a.j.t.JMeterThread: Stopping because end time detected by thread: S2 1-115
2026-10-06 08:14:43,318 INFO o.a.j.t.JMeterThread: Thread finished: S2 1-115
2026-10-06 08:14:43,318 INFO o.a.j.t.JMeterThread: Stopping because end time detected by thread: S2 1-267
2026-10-06 08:14:43,318 INFO o.a.j.t.JMeterThread: Thread finished: S2 1-267
2026-10-06 08:14:43,323 INFO o.a.j.t.JMeterThread: Stopping because end time detected by thread: S2 1-116
2026-10-06 08:14:43,323 INFO o.a.j.t.JMeterThread: Thread finished: S2 1-116
2026-10-06 08:14:43,324 INFO o.a.j.t.JMeterThread: Stopping because end time detected by thread: S2 1-13
2026-10-06 08:14:43,324 INFO o.a.j.t.JMeterThread: Thread finished: S2 1-13
2026-10-06 08:14:43,324 INFO o.a.j.t.JMeterThread: Stopping because end time detected by thread: S2 1-340
2026-10-06 08:14:43,324 INFO o.a.j.t.JMeterThread: Thread finished: S2 1-340
2026-10-06 08:14:43,327 INFO o.a.j.t.JMeterThread: Stopping because end time detected by thread: S2 1-211
2026-10-06 08:14:43,327 INFO o.a.j.t.JMeterThread: Thread finished: S2 1-211
2026-10-06 08:14:43,328 INFO o.a.j.t.JMeterThread: Stopping because end time detected by thread: S2 1-305
2026-10-06 08:14:43,328 INFO o.a.j.t.JMeterThread: Thread finished: S2 1-305
2026-10-06 08:14:43,329 INFO o.a.j.t.JMeterThread: Stopping because end time detected by thread: S2 1-93
2026-10-06 08:14:43,329 INFO o.a.j.t.JMeterThread: Thread finished: S2 1-93
2026-10-06 08:14:43,329 INFO o.a.j.t.JMeterThread: Stopping because end time detected by thread: S2 1-352
2026-10-06 08:14:43,330 INFO o.a.j.t.JMeterThread: Thread finished: S2 1-352
2026-10-06 08:14:43,342 INFO o.a.j.t.JMeterThread: Stopping because end time detected by thread: S2 1-178
2026-10-06 08:14:43,343 INFO o.a.j.t.JMeterThread: Thread finished: S2 1-178
2026-10-06 08:14:43,343 INFO o.a.j.t.JMeterThread: Stopping because end time detected by thread: S2 1-317
2026-10-06 08:14:43,343 INFO o.a.j.t.JMeterThread: Thread finished: S2 1-317
2026-10-06 08:14:43,345 INFO o.a.j.t.JMeterThread: Stopping because end time detected by thread: S2 1-395
2026-10-06 08:14:43,345 INFO o.a.j.t.JMeterThread: Thread finished: S2 1-395
2026-10-06 08:14:43,351 INFO o.a.j.t.JMeterThread: Stopping because end time detected by thread: S2 1-332
2026-10-06 08:14:43,351 INFO o.a.j.t.JMeterThread: Thread finished: S2 1-332
2026-10-06 08:14:43,404 INFO o.a.j.t.JMeterThread: Stopping because end time detected by thread: S2 1-81
2026-10-06 08:14:43,404 INFO o.a.j.t.JMeterThread: Thread finished: S2 1-81
2026-10-06 08:14:43,411 INFO o.a.j.t.JMeterThread: Stopping because end time detected by thread: S2 1-378
2026-10-06 08:14:43,411 INFO o.a.j.t.JMeterThread: Thread finished: S2 1-378
2026-10-06 08:14:43,413 INFO o.a.j.t.JMeterThread: Stopping because end time detected by thread: S2 1-330
2026-10-06 08:14:43,413 INFO o.a.j.t.JMeterThread: Thread finished: S2 1-330
2026-10-06 08:14:43,419 INFO o.a.j.t.JMeterThread: Stopping because end time detected by thread: S2 1-44
2026-10-06 08:14:43,419 INFO o.a.j.t.JMeterThread: Stopping because end time detected by thread: S2 1-102
2026-10-06 08:14:43,419 INFO o.a.j.t.JMeterThread: Thread finished: S2 1-44
2026-10-06 08:14:43,419 INFO o.a.j.t.JMeterThread: Stopping because end time detected by thread: S2 1-228
2026-10-06 08:14:43,419 INFO o.a.j.t.JMeterThread: Thread finished: S2 1-228
2026-10-06 08:14:43,419 INFO o.a.j.t.JMeterThread: Thread finished: S2 1-102
2026-10-06 08:14:43,423 INFO o.a.j.t.JMeterThread: Stopping because end time detected by thread: S2 1-57
2026-10-06 08:14:43,423 INFO o.a.j.t.JMeterThread: Thread finished: S2 1-57
2026-10-06 08:14:43,423 INFO o.a.j.t.JMeterThread: Stopping because end time detected by thread: S2 1-366
2026-10-06 08:14:43,423 INFO o.a.j.t.JMeterThread: Thread finished: S2 1-366
2026-10-06 08:14:43,428 INFO o.a.j.t.JMeterThread: Stopping because end time detected by thread: S2 1-244
2026-10-06 08:14:43,428 INFO o.a.j.t.JMeterThread: Thread finished: S2 1-244
2026-10-06 08:14:43,429 INFO o.a.j.t.JMeterThread: Stopping because end time detected by thread: S2 1-206
2026-10-06 08:14:43,430 INFO o.a.j.t.JMeterThread: Thread finished: S2 1-206
2026-10-06 08:14:43,434 INFO o.a.j.t.JMeterThread: Stopping because end time detected by thread: S2 1-184
2026-10-06 08:14:43,434 INFO o.a.j.t.JMeterThread: Thread finished: S2 1-184
2026-10-06 08:14:43,436 INFO o.a.j.t.JMeterThread: Stopping because end time detected by thread: S2 1-374
2026-10-06 08:14:43,436 INFO o.a.j.t.JMeterThread: Thread finished: S2 1-374
2026-10-06 08:14:43,438 INFO o.a.j.t.JMeterThread: Stopping because end time detected by thread: S2 1-124
2026-10-06 08:14:43,438 INFO o.a.j.t.JMeterThread: Thread finished: S2 1-124
2026-10-06 08:14:43,441 INFO o.a.j.t.JMeterThread: Stopping because end time detected by thread: S2 1-346
2026-10-06 08:14:43,441 INFO o.a.j.t.JMeterThread: Thread finished: S2 1-346
2026-10-06 08:14:43,443 INFO o.a.j.t.JMeterThread: Stopping because end time detected by thread: S2 1-108
2026-10-06 08:14:43,443 INFO o.a.j.t.JMeterThread: Thread finished: S2 1-108
2026-10-06 08:14:43,445 INFO o.a.j.t.JMeterThread: Stopping because end time detected by thread: S2 1-273
2026-10-06 08:14:43,445 INFO o.a.j.t.JMeterThread: Thread finished: S2 1-273
2026-10-06 08:14:43,504 INFO o.a.j.t.JMeterThread: Stopping because end time detected by thread: S2 1-84
2026-10-06 08:14:43,505 INFO o.a.j.t.JMeterThread: Thread finished: S2 1-84
2026-10-06 08:14:43,511 INFO o.a.j.t.JMeterThread: Stopping because end time detected by thread: S2 1-34
2026-10-06 08:14:43,511 INFO o.a.j.t.JMeterThread: Thread finished: S2 1-34
2026-10-06 08:14:43,511 INFO o.a.j.t.JMeterThread: Stopping because end time detected by thread: S2 1-405
2026-10-06 08:14:43,511 INFO o.a.j.t.JMeterThread: Thread finished: S2 1-405
2026-10-06 08:14:43,511 INFO o.a.j.t.JMeterThread: Stopping because end time detected by thread: S2 1-307
2026-10-06 08:14:43,511 INFO o.a.j.t.JMeterThread: Thread finished: S2 1-307
2026-10-06 08:14:43,511 INFO o.a.j.t.JMeterThread: Stopping because end time detected by thread: S2 1-295
2026-10-06 08:14:43,511 INFO o.a.j.t.JMeterThread: Thread finished: S2 1-295
2026-10-06 08:14:43,513 INFO o.a.j.t.JMeterThread: Stopping because end time detected by thread: S2 1-497
2026-10-06 08:14:43,513 INFO o.a.j.t.JMeterThread: Thread finished: S2 1-497
2026-10-06 08:14:43,515 INFO o.a.j.t.JMeterThread: Stopping because end time detected by thread: S2 1-48
2026-10-06 08:14:43,515 INFO o.a.j.t.JMeterThread: Thread finished: S2 1-48
2026-10-06 08:14:43,519 INFO o.a.j.t.JMeterThread: Stopping because end time detected by thread: S2 1-143
2026-10-06 08:14:43,519 INFO o.a.j.t.JMeterThread: Thread finished: S2 1-143
2026-10-06 08:14:43,523 INFO o.a.j.t.JMeterThread: Stopping because end time detected by thread: S2 1-416
2026-10-06 08:14:43,523 INFO o.a.j.t.JMeterThread: Thread finished: S2 1-416
2026-10-06 08:14:43,524 INFO o.a.j.t.JMeterThread: Stopping because end time detected by thread: S2 1-293
2026-10-06 08:14:43,524 INFO o.a.j.t.JMeterThread: Thread finished: S2 1-293
2026-10-06 08:14:43,532 INFO o.a.j.t.JMeterThread: Stopping because end time detected by thread: S2 1-173
2026-10-06 08:14:43,532 INFO o.a.j.t.JMeterThread: Thread finished: S2 1-173
2026-10-06 08:14:43,532 INFO o.a.j.t.JMeterThread: Stopping because end time detected by thread: S2 1-180
2026-10-06 08:14:43,532 INFO o.a.j.t.JMeterThread: Thread finished: S2 1-180
2026-10-06 08:14:43,533 INFO o.a.j.t.JMeterThread: Stopping because end time detected by thread: S2 1-333
2026-10-06 08:14:43,533 INFO o.a.j.t.JMeterThread: Thread finished: S2 1-333
2026-10-06 08:14:43,540 INFO o.a.j.t.JMeterThread: Stopping because end time detected by thread: S2 1-155
2026-10-06 08:14:43,540 INFO o.a.j.t.JMeterThread: Thread finished: S2 1-155
2026-10-06 08:14:43,605 INFO o.a.j.t.JMeterThread: Stopping because end time detected by thread: S2 1-461
2026-10-06 08:14:43,605 INFO o.a.j.t.JMeterThread: Thread finished: S2 1-461
2026-10-06 08:14:43,613 INFO o.a.j.t.JMeterThread: Stopping because end time detected by thread: S2 1-4
2026-10-06 08:14:43,613 INFO o.a.j.t.JMeterThread: Thread finished: S2 1-4
2026-10-06 08:14:43,617 INFO o.a.j.t.JMeterThread: Stopping because end time detected by thread: S2 1-367
2026-10-06 08:14:43,617 INFO o.a.j.t.JMeterThread: Thread finished: S2 1-367
2026-10-06 08:14:43,620 INFO o.a.j.t.JMeterThread: Stopping because end time detected by thread: S2 1-106
2026-10-06 08:14:43,620 INFO o.a.j.t.JMeterThread: Thread finished: S2 1-106
2026-10-06 08:14:43,622 INFO o.a.j.t.JMeterThread: Stopping because end time detected by thread: S2 1-232
2026-10-06 08:14:43,622 INFO o.a.j.t.JMeterThread: Thread finished: S2 1-232
2026-10-06 08:14:43,623 INFO o.a.j.t.JMeterThread: Stopping because end time detected by thread: S2 1-316
2026-10-06 08:14:43,623 INFO o.a.j.t.JMeterThread: Thread finished: S2 1-316
2026-10-06 08:14:43,626 INFO o.a.j.t.JMeterThread: Stopping because end time detected by thread: S2 1-456
2026-10-06 08:14:43,626 INFO o.a.j.t.JMeterThread: Thread finished: S2 1-456
2026-10-06 08:14:43,626 INFO o.a.j.t.JMeterThread: Stopping because end time detected by thread: S2 1-356
2026-10-06 08:14:43,626 INFO o.a.j.t.JMeterThread: Thread finished: S2 1-356
2026-10-06 08:14:43,632 INFO o.a.j.t.JMeterThread: Stopping because end time detected by thread: S2 1-158
2026-10-06 08:14:43,632 INFO o.a.j.t.JMeterThread: Thread finished: S2 1-158
2026-10-06 08:14:43,636 INFO o.a.j.t.JMeterThread: Stopping because end time detected by thread: S2 1-114
2026-10-06 08:14:43,637 INFO o.a.j.t.JMeterThread: Thread finished: S2 1-114
2026-10-06 08:14:43,638 INFO o.a.j.t.JMeterThread: Stopping because end time detected by thread: S2 1-419
2026-10-06 08:14:43,638 INFO o.a.j.t.JMeterThread: Thread finished: S2 1-419
2026-10-06 08:14:43,639 INFO o.a.j.t.JMeterThread: Stopping because end time detected by thread: S2 1-337
2026-10-06 08:14:43,639 INFO o.a.j.t.JMeterThread: Thread finished: S2 1-337
2026-10-06 08:14:43,642 INFO o.a.j.t.JMeterThread: Stopping because end time detected by thread: S2 1-469
2026-10-06 08:14:43,642 INFO o.a.j.t.JMeterThread: Thread finished: S2 1-469
2026-10-06 08:14:43,646 INFO o.a.j.t.JMeterThread: Stopping because end time detected by thread: S2 1-141
2026-10-06 08:14:43,646 INFO o.a.j.t.JMeterThread: Thread finished: S2 1-141
2026-10-06 08:14:43,707 INFO o.a.j.t.JMeterThread: Stopping because end time detected by thread: S2 1-428
2026-10-06 08:14:43,707 INFO o.a.j.t.JMeterThread: Thread finished: S2 1-428
2026-10-06 08:14:43,708 INFO o.a.j.t.JMeterThread: Stopping because end time detected by thread: S2 1-95
2026-10-06 08:14:43,708 INFO o.a.j.t.JMeterThread: Thread finished: S2 1-95
2026-10-06 08:14:43,709 INFO o.a.j.t.JMeterThread: Stopping because end time detected by thread: S2 1-433
2026-10-06 08:14:43,709 INFO o.a.j.t.JMeterThread: Thread finished: S2 1-433
2026-10-06 08:14:43,712 INFO o.a.j.t.JMeterThread: Stopping because end time detected by thread: S2 1-255
2026-10-06 08:14:43,712 INFO o.a.j.t.JMeterThread: Thread finished: S2 1-255
2026-10-06 08:14:43,715 INFO o.a.j.t.JMeterThread: Stopping because end time detected by thread: S2 1-76
2026-10-06 08:14:43,715 INFO o.a.j.t.JMeterThread: Thread finished: S2 1-76
2026-10-06 08:14:43,718 INFO o.a.j.t.JMeterThread: Stopping because end time detected by thread: S2 1-135
2026-10-06 08:14:43,718 INFO o.a.j.t.JMeterThread: Thread finished: S2 1-135
2026-10-06 08:14:43,719 INFO o.a.j.t.JMeterThread: Stopping because end time detected by thread: S2 1-5
2026-10-06 08:14:43,719 INFO o.a.j.t.JMeterThread: Thread finished: S2 1-5
2026-10-06 08:14:43,732 INFO o.a.j.t.JMeterThread: Stopping because end time detected by thread: S2 1-142
2026-10-06 08:14:43,732 INFO o.a.j.t.JMeterThread: Thread finished: S2 1-142
2026-10-06 08:14:43,740 INFO o.a.j.t.JMeterThread: Stopping because end time detected by thread: S2 1-439
2026-10-06 08:14:43,740 INFO o.a.j.t.JMeterThread: Thread finished: S2 1-439
2026-10-06 08:14:43,741 INFO o.a.j.t.JMeterThread: Stopping because end time detected by thread: S2 1-328
2026-10-06 08:14:43,741 INFO o.a.j.t.JMeterThread: Thread finished: S2 1-328
2026-10-06 08:14:43,807 INFO o.a.j.t.JMeterThread: Stopping because end time detected by thread: S2 1-478
2026-10-06 08:14:43,808 INFO o.a.j.t.JMeterThread: Thread finished: S2 1-478
2026-10-06 08:14:43,808 INFO o.a.j.t.JMeterThread: Stopping because end time detected by thread: S2 1-246
2026-10-06 08:14:43,808 INFO o.a.j.t.JMeterThread: Thread finished: S2 1-246
2026-10-06 08:14:43,811 INFO o.a.j.t.JMeterThread: Stopping because end time detected by thread: S2 1-256
2026-10-06 08:14:43,811 INFO o.a.j.t.JMeterThread: Stopping because end time detected by thread: S2 1-444
2026-10-06 08:14:43,811 INFO o.a.j.t.JMeterThread: Thread finished: S2 1-256
2026-10-06 08:14:43,811 INFO o.a.j.t.JMeterThread: Thread finished: S2 1-444
2026-10-06 08:14:43,813 INFO o.a.j.t.JMeterThread: Stopping because end time detected by thread: S2 1-221
2026-10-06 08:14:43,813 INFO o.a.j.t.JMeterThread: Thread finished: S2 1-221
2026-10-06 08:14:43,813 INFO o.a.j.t.JMeterThread: Stopping because end time detected by thread: S2 1-39
2026-10-06 08:14:43,813 INFO o.a.j.t.JMeterThread: Thread finished: S2 1-39
2026-10-06 08:14:43,815 INFO o.a.j.t.JMeterThread: Stopping because end time detected by thread: S2 1-342
2026-10-06 08:14:43,815 INFO o.a.j.t.JMeterThread: Thread finished: S2 1-342
2026-10-06 08:14:43,828 INFO o.a.j.t.JMeterThread: Stopping because end time detected by thread: S2 1-457
2026-10-06 08:14:43,828 INFO o.a.j.t.JMeterThread: Thread finished: S2 1-457
2026-10-06 08:14:43,828 INFO o.a.j.t.JMeterThread: Stopping because end time detected by thread: S2 1-420
2026-10-06 08:14:43,828 INFO o.a.j.t.JMeterThread: Thread finished: S2 1-420
2026-10-06 08:14:43,830 INFO o.a.j.t.JMeterThread: Stopping because end time detected by thread: S2 1-499
2026-10-06 08:14:43,830 INFO o.a.j.t.JMeterThread: Thread finished: S2 1-499
2026-10-06 08:14:43,831 INFO o.a.j.t.JMeterThread: Stopping because end time detected by thread: S2 1-381
2026-10-06 08:14:43,831 INFO o.a.j.t.JMeterThread: Thread finished: S2 1-381
2026-10-06 08:14:43,833 INFO o.a.j.t.JMeterThread: Stopping because end time detected by thread: S2 1-68
2026-10-06 08:14:43,833 INFO o.a.j.t.JMeterThread: Thread finished: S2 1-68
2026-10-06 08:14:43,839 INFO o.a.j.t.JMeterThread: Stopping because end time detected by thread: S2 1-247
2026-10-06 08:14:43,839 INFO o.a.j.t.JMeterThread: Stopping because end time detected by thread: S2 1-341
2026-10-06 08:14:43,839 INFO o.a.j.t.JMeterThread: Thread finished: S2 1-247
2026-10-06 08:14:43,839 INFO o.a.j.t.JMeterThread: Thread finished: S2 1-341
2026-10-06 08:14:43,841 INFO o.a.j.t.JMeterThread: Stopping because end time detected by thread: S2 1-321
2026-10-06 08:14:43,841 INFO o.a.j.t.JMeterThread: Thread finished: S2 1-321
2026-10-06 08:14:43,841 INFO o.a.j.t.JMeterThread: Stopping because end time detected by thread: S2 1-73
2026-10-06 08:14:43,841 INFO o.a.j.t.JMeterThread: Thread finished: S2 1-73
2026-10-06 08:14:43,846 INFO o.a.j.t.JMeterThread: Stopping because end time detected by thread: S2 1-132
2026-10-06 08:14:43,846 INFO o.a.j.t.JMeterThread: Thread finished: S2 1-132
2026-10-06 08:14:43,905 INFO o.a.j.t.JMeterThread: Stopping because end time detected by thread: S2 1-7
2026-10-06 08:14:43,905 INFO o.a.j.t.JMeterThread: Thread finished: S2 1-7
2026-10-06 08:14:43,908 INFO o.a.j.t.JMeterThread: Stopping because end time detected by thread: S2 1-291
2026-10-06 08:14:43,909 INFO o.a.j.t.JMeterThread: Thread finished: S2 1-291
2026-10-06 08:14:43,909 INFO o.a.j.t.JMeterThread: Stopping because end time detected by thread: S2 1-92
2026-10-06 08:14:43,909 INFO o.a.j.t.JMeterThread: Thread finished: S2 1-92
2026-10-06 08:14:43,910 INFO o.a.j.t.JMeterThread: Stopping because end time detected by thread: S2 1-407
2026-10-06 08:14:43,910 INFO o.a.j.t.JMeterThread: Thread finished: S2 1-407
2026-10-06 08:14:43,913 INFO o.a.j.t.JMeterThread: Stopping because end time detected by thread: S2 1-70
2026-10-06 08:14:43,913 INFO o.a.j.t.JMeterThread: Thread finished: S2 1-70
2026-10-06 08:14:43,918 INFO o.a.j.t.JMeterThread: Stopping because end time detected by thread: S2 1-187
2026-10-06 08:14:43,918 INFO o.a.j.t.JMeterThread: Thread finished: S2 1-187
2026-10-06 08:14:43,925 INFO o.a.j.t.JMeterThread: Stopping because end time detected by thread: S2 1-182
2026-10-06 08:14:43,925 INFO o.a.j.t.JMeterThread: Thread finished: S2 1-182
2026-10-06 08:14:43,929 INFO o.a.j.t.JMeterThread: Stopping because end time detected by thread: S2 1-429
2026-10-06 08:14:43,929 INFO o.a.j.t.JMeterThread: Thread finished: S2 1-429
2026-10-06 08:14:43,934 INFO o.a.j.t.JMeterThread: Stopping because end time detected by thread: S2 1-104
2026-10-06 08:14:43,934 INFO o.a.j.t.JMeterThread: Thread finished: S2 1-104
2026-10-06 08:14:43,936 INFO o.a.j.t.JMeterThread: Stopping because end time detected by thread: S2 1-436
2026-10-06 08:14:43,936 INFO o.a.j.t.JMeterThread: Thread finished: S2 1-436
2026-10-06 08:14:44,005 INFO o.a.j.t.JMeterThread: Stopping because end time detected by thread: S2 1-212
2026-10-06 08:14:44,005 INFO o.a.j.t.JMeterThread: Stopping because end time detected by thread: S2 1-421
2026-10-06 08:14:44,005 INFO o.a.j.t.JMeterThread: Thread finished: S2 1-212
2026-10-06 08:14:44,008 INFO o.a.j.t.JMeterThread: Stopping because end time detected by thread: S2 1-463
2026-10-06 08:14:44,008 INFO o.a.j.t.JMeterThread: Thread finished: S2 1-463
2026-10-06 08:14:44,008 INFO o.a.j.t.JMeterThread: Stopping because end time detected by thread: S2 1-476
2026-10-06 08:14:44,008 INFO o.a.j.t.JMeterThread: Thread finished: S2 1-476
2026-10-06 08:14:44,009 INFO o.a.j.t.JMeterThread: Stopping because end time detected by thread: S2 1-445
2026-10-06 08:14:44,009 INFO o.a.j.t.JMeterThread: Thread finished: S2 1-445
2026-10-06 08:14:44,011 INFO o.a.j.t.JMeterThread: Thread finished: S2 1-421
2026-10-06 08:14:44,012 INFO o.a.j.t.JMeterThread: Stopping because end time detected by thread: S2 1-250
2026-10-06 08:14:44,012 INFO o.a.j.t.JMeterThread: Thread finished: S2 1-250
2026-10-06 08:14:44,013 INFO o.a.j.t.JMeterThread: Stopping because end time detected by thread: S2 1-303
2026-10-06 08:14:44,013 INFO o.a.j.t.JMeterThread: Thread finished: S2 1-303
2026-10-06 08:14:44,017 INFO o.a.j.t.JMeterThread: Stopping because end time detected by thread: S2 1-19
2026-10-06 08:14:44,017 INFO o.a.j.t.JMeterThread: Thread finished: S2 1-19
2026-10-06 08:14:44,017 INFO o.a.j.t.JMeterThread: Stopping because end time detected by thread: S2 1-325
2026-10-06 08:14:44,017 INFO o.a.j.t.JMeterThread: Thread finished: S2 1-325
2026-10-06 08:14:44,025 INFO o.a.j.t.JMeterThread: Stopping because end time detected by thread: S2 1-252
2026-10-06 08:14:44,025 INFO o.a.j.t.JMeterThread: Thread finished: S2 1-252
2026-10-06 08:14:44,025 INFO o.a.j.t.JMeterThread: Stopping because end time detected by thread: S2 1-166
2026-10-06 08:14:44,025 INFO o.a.j.t.JMeterThread: Thread finished: S2 1-166
2026-10-06 08:14:44,027 INFO o.a.j.t.JMeterThread: Stopping because end time detected by thread: S2 1-154
2026-10-06 08:14:44,027 INFO o.a.j.t.JMeterThread: Thread finished: S2 1-154
2026-10-06 08:14:44,031 INFO o.a.j.t.JMeterThread: Stopping because end time detected by thread: S2 1-384
2026-10-06 08:14:44,031 INFO o.a.j.t.JMeterThread: Thread finished: S2 1-384
2026-10-06 08:14:44,035 INFO o.a.j.t.JMeterThread: Stopping because end time detected by thread: S2 1-387
2026-10-06 08:14:44,035 INFO o.a.j.t.JMeterThread: Thread finished: S2 1-387
2026-10-06 08:14:44,040 INFO o.a.j.t.JMeterThread: Stopping because end time detected by thread: S2 1-286
2026-10-06 08:14:44,040 INFO o.a.j.t.JMeterThread: Thread finished: S2 1-286
2026-10-06 08:14:44,042 INFO o.a.j.t.JMeterThread: Stopping because end time detected by thread: S2 1-480
2026-10-06 08:14:44,042 INFO o.a.j.t.JMeterThread: Thread finished: S2 1-480
2026-10-06 08:14:44,107 INFO o.a.j.t.JMeterThread: Stopping because end time detected by thread: S2 1-465
2026-10-06 08:14:44,107 INFO o.a.j.t.JMeterThread: Thread finished: S2 1-465
2026-10-06 08:14:44,111 INFO o.a.j.t.JMeterThread: Stopping because end time detected by thread: S2 1-215
2026-10-06 08:14:44,111 INFO o.a.j.t.JMeterThread: Thread finished: S2 1-215
2026-10-06 08:14:44,113 INFO o.a.j.t.JMeterThread: Stopping because end time detected by thread: S2 1-183
2026-10-06 08:14:44,113 INFO o.a.j.t.JMeterThread: Stopping because end time detected by thread: S2 1-159
2026-10-06 08:14:44,114 INFO o.a.j.t.JMeterThread: Thread finished: S2 1-183
2026-10-06 08:14:44,114 INFO o.a.j.t.JMeterThread: Thread finished: S2 1-159
2026-10-06 08:14:44,114 INFO o.a.j.t.JMeterThread: Stopping because end time detected by thread: S2 1-103
2026-10-06 08:14:44,114 INFO o.a.j.t.JMeterThread: Thread finished: S2 1-103
2026-10-06 08:14:44,115 INFO o.a.j.t.JMeterThread: Stopping because end time detected by thread: S2 1-296
2026-10-06 08:14:44,115 INFO o.a.j.t.JMeterThread: Thread finished: S2 1-296
2026-10-06 08:14:44,123 INFO o.a.j.t.JMeterThread: Stopping because end time detected by thread: S2 1-136
2026-10-06 08:14:44,123 INFO o.a.j.t.JMeterThread: Thread finished: S2 1-136
2026-10-06 08:14:44,123 INFO o.a.j.t.JMeterThread: Stopping because end time detected by thread: S2 1-375
2026-10-06 08:14:44,123 INFO o.a.j.t.JMeterThread: Thread finished: S2 1-375
2026-10-06 08:14:44,125 INFO o.a.j.t.JMeterThread: Stopping because end time detected by thread: S2 1-161
2026-10-06 08:14:44,125 INFO o.a.j.t.JMeterThread: Thread finished: S2 1-161
2026-10-06 08:14:44,125 INFO o.a.j.t.JMeterThread: Stopping because end time detected by thread: S2 1-127
2026-10-06 08:14:44,125 INFO o.a.j.t.JMeterThread: Thread finished: S2 1-127
2026-10-06 08:14:44,131 INFO o.a.j.t.JMeterThread: Stopping because end time detected by thread: S2 1-181
2026-10-06 08:14:44,131 INFO o.a.j.t.JMeterThread: Thread finished: S2 1-181
2026-10-06 08:14:44,135 INFO o.a.j.t.JMeterThread: Stopping because end time detected by thread: S2 1-224
2026-10-06 08:14:44,135 INFO o.a.j.t.JMeterThread: Thread finished: S2 1-224
2026-10-06 08:14:44,137 INFO o.a.j.t.JMeterThread: Stopping because end time detected by thread: S2 1-125
2026-10-06 08:14:44,137 INFO o.a.j.t.JMeterThread: Thread finished: S2 1-125
2026-10-06 08:14:44,140 INFO o.a.j.t.JMeterThread: Stopping because end time detected by thread: S2 1-9
2026-10-06 08:14:44,140 INFO o.a.j.t.JMeterThread: Thread finished: S2 1-9
2026-10-06 08:14:44,140 INFO o.a.j.t.JMeterThread: Stopping because end time detected by thread: S2 1-364
2026-10-06 08:14:44,140 INFO o.a.j.t.JMeterThread: Thread finished: S2 1-364
2026-10-06 08:14:44,141 INFO o.a.j.t.JMeterThread: Stopping because end time detected by thread: S2 1-302
2026-10-06 08:14:44,141 INFO o.a.j.t.JMeterThread: Stopping because end time detected by thread: S2 1-496
2026-10-06 08:14:44,141 INFO o.a.j.t.JMeterThread: Thread finished: S2 1-302
2026-10-06 08:14:44,141 INFO o.a.j.t.JMeterThread: Thread finished: S2 1-496
2026-10-06 08:14:44,145 INFO o.a.j.t.JMeterThread: Stopping because end time detected by thread: S2 1-373
2026-10-06 08:14:44,145 INFO o.a.j.t.JMeterThread: Thread finished: S2 1-373
2026-10-06 08:14:44,213 INFO o.a.j.t.JMeterThread: Stopping because end time detected by thread: S2 1-167
2026-10-06 08:14:44,213 INFO o.a.j.t.JMeterThread: Thread finished: S2 1-167
2026-10-06 08:14:44,214 INFO o.a.j.t.JMeterThread: Stopping because end time detected by thread: S2 1-169
2026-10-06 08:14:44,214 INFO o.a.j.t.JMeterThread: Thread finished: S2 1-169
2026-10-06 08:14:44,220 INFO o.a.j.t.JMeterThread: Stopping because end time detected by thread: S2 1-453
2026-10-06 08:14:44,221 INFO o.a.j.t.JMeterThread: Thread finished: S2 1-453
2026-10-06 08:14:44,223 INFO o.a.j.t.JMeterThread: Stopping because end time detected by thread: S2 1-404
2026-10-06 08:14:44,223 INFO o.a.j.t.JMeterThread: Thread finished: S2 1-404
2026-10-06 08:14:44,223 INFO o.a.j.t.JMeterThread: Stopping because end time detected by thread: S2 1-437
2026-10-06 08:14:44,223 INFO o.a.j.t.JMeterThread: Thread finished: S2 1-437
2026-10-06 08:14:44,224 INFO o.a.j.t.JMeterThread: Stopping because end time detected by thread: S2 1-278
2026-10-06 08:14:44,224 INFO o.a.j.t.JMeterThread: Thread finished: S2 1-278
2026-10-06 08:14:44,225 INFO o.a.j.t.JMeterThread: Stopping because end time detected by thread: S2 1-464
2026-10-06 08:14:44,225 INFO o.a.j.t.JMeterThread: Thread finished: S2 1-464
2026-10-06 08:14:44,226 INFO o.a.j.t.JMeterThread: Stopping because end time detected by thread: S2 1-376
2026-10-06 08:14:44,226 INFO o.a.j.t.JMeterThread: Thread finished: S2 1-376
2026-10-06 08:14:44,226 INFO o.a.j.t.JMeterThread: Stopping because end time detected by thread: S2 1-47
2026-10-06 08:14:44,226 INFO o.a.j.t.JMeterThread: Thread finished: S2 1-47
2026-10-06 08:14:44,230 INFO o.a.j.t.JMeterThread: Stopping because end time detected by thread: S2 1-301
2026-10-06 08:14:44,230 INFO o.a.j.t.JMeterThread: Thread finished: S2 1-301
2026-10-06 08:14:44,234 INFO o.a.j.t.JMeterThread: Stopping because end time detected by thread: S2 1-415
2026-10-06 08:14:44,234 INFO o.a.j.t.JMeterThread: Thread finished: S2 1-415
2026-10-06 08:14:44,238 INFO o.a.j.t.JMeterThread: Stopping because end time detected by thread: S2 1-379
2026-10-06 08:14:44,238 INFO o.a.j.t.JMeterThread: Thread finished: S2 1-379
2026-10-06 08:14:44,238 INFO o.a.j.t.JMeterThread: Stopping because end time detected by thread: S2 1-233
2026-10-06 08:14:44,238 INFO o.a.j.t.JMeterThread: Thread finished: S2 1-233
2026-10-06 08:14:44,307 INFO o.a.j.t.JMeterThread: Stopping because end time detected by thread: S2 1-260
2026-10-06 08:14:44,307 INFO o.a.j.t.JMeterThread: Thread finished: S2 1-260
2026-10-06 08:14:44,310 INFO o.a.j.t.JMeterThread: Stopping because end time detected by thread: S2 1-133
2026-10-06 08:14:44,310 INFO o.a.j.t.JMeterThread: Thread finished: S2 1-133
2026-10-06 08:14:44,314 INFO o.a.j.t.JMeterThread: Stopping because end time detected by thread: S2 1-33
2026-10-06 08:14:44,314 INFO o.a.j.t.JMeterThread: Thread finished: S2 1-33
2026-10-06 08:14:44,316 INFO o.a.j.t.JMeterThread: Stopping because end time detected by thread: S2 1-22
2026-10-06 08:14:44,316 INFO o.a.j.t.JMeterThread: Thread finished: S2 1-22
2026-10-06 08:14:44,330 INFO o.a.j.t.JMeterThread: Stopping because end time detected by thread: S2 1-427
2026-10-06 08:14:44,330 INFO o.a.j.t.JMeterThread: Thread finished: S2 1-427
2026-10-06 08:14:44,331 INFO o.a.j.t.JMeterThread: Stopping because end time detected by thread: S2 1-326
2026-10-06 08:14:44,331 INFO o.a.j.t.JMeterThread: Thread finished: S2 1-326
2026-10-06 08:14:44,331 INFO o.a.j.t.JMeterThread: Stopping because end time detected by thread: S2 1-372
2026-10-06 08:14:44,331 INFO o.a.j.t.JMeterThread: Thread finished: S2 1-372
2026-10-06 08:14:44,331 INFO o.a.j.t.JMeterThread: Stopping because end time detected by thread: S2 1-162
2026-10-06 08:14:44,335 INFO o.a.j.t.JMeterThread: Thread finished: S2 1-162
2026-10-06 08:14:44,337 INFO o.a.j.t.JMeterThread: Stopping because end time detected by thread: S2 1-241
2026-10-06 08:14:44,337 INFO o.a.j.t.JMeterThread: Thread finished: S2 1-241
2026-10-06 08:14:44,338 INFO o.a.j.t.JMeterThread: Stopping because end time detected by thread: S2 1-418
2026-10-06 08:14:44,338 INFO o.a.j.t.JMeterThread: Thread finished: S2 1-418
2026-10-06 08:14:44,339 INFO o.a.j.t.JMeterThread: Stopping because end time detected by thread: S2 1-85
2026-10-06 08:14:44,339 INFO o.a.j.t.JMeterThread: Thread finished: S2 1-85
2026-10-06 08:14:44,344 INFO o.a.j.t.JMeterThread: Stopping because end time detected by thread: S2 1-72
2026-10-06 08:14:44,344 INFO o.a.j.t.JMeterThread: Thread finished: S2 1-72
2026-10-06 08:14:44,344 INFO o.a.j.t.JMeterThread: Stopping because end time detected by thread: S2 1-137
2026-10-06 08:14:44,344 INFO o.a.j.t.JMeterThread: Thread finished: S2 1-137
2026-10-06 08:14:44,406 INFO o.a.j.t.JMeterThread: Stopping because end time detected by thread: S2 1-292
2026-10-06 08:14:44,406 INFO o.a.j.t.JMeterThread: Thread finished: S2 1-292
2026-10-06 08:14:44,408 INFO o.a.j.t.JMeterThread: Stopping because end time detected by thread: S2 1-43
2026-10-06 08:14:44,408 INFO o.a.j.t.JMeterThread: Thread finished: S2 1-43
2026-10-06 08:14:44,410 INFO o.a.j.t.JMeterThread: Stopping because end time detected by thread: S2 1-74
2026-10-06 08:14:44,410 INFO o.a.j.t.JMeterThread: Thread finished: S2 1-74
2026-10-06 08:14:44,411 INFO o.a.j.t.JMeterThread: Stopping because end time detected by thread: S2 1-28
2026-10-06 08:14:44,411 INFO o.a.j.t.JMeterThread: Thread finished: S2 1-28
2026-10-06 08:14:44,425 INFO o.a.j.t.JMeterThread: Stopping because end time detected by thread: S2 1-177
2026-10-06 08:14:44,425 INFO o.a.j.t.JMeterThread: Thread finished: S2 1-177
2026-10-06 08:14:44,427 INFO o.a.j.t.JMeterThread: Stopping because end time detected by thread: S2 1-128
2026-10-06 08:14:44,427 INFO o.a.j.t.JMeterThread: Thread finished: S2 1-128
2026-10-06 08:14:44,427 INFO o.a.j.t.JMeterThread: Stopping because end time detected by thread: S2 1-468
2026-10-06 08:14:44,427 INFO o.a.j.t.JMeterThread: Thread finished: S2 1-468
2026-10-06 08:14:44,434 INFO o.a.j.t.JMeterThread: Stopping because end time detected by thread: S2 1-111
2026-10-06 08:14:44,434 INFO o.a.j.t.JMeterThread: Thread finished: S2 1-111
2026-10-06 08:14:44,436 INFO o.a.j.t.JMeterThread: Stopping because end time detected by thread: S2 1-112
2026-10-06 08:14:44,436 INFO o.a.j.t.JMeterThread: Thread finished: S2 1-112
2026-10-06 08:14:44,441 INFO o.a.j.t.JMeterThread: Stopping because end time detected by thread: S2 1-38
2026-10-06 08:14:44,442 INFO o.a.j.t.JMeterThread: Thread finished: S2 1-38
2026-10-06 08:14:44,442 INFO o.a.j.t.JMeterThread: Stopping because end time detected by thread: S2 1-459
2026-10-06 08:14:44,442 INFO o.a.j.t.JMeterThread: Thread finished: S2 1-459
2026-10-06 08:14:44,505 INFO o.a.j.t.JMeterThread: Stopping because end time detected by thread: S2 1-174
2026-10-06 08:14:44,506 INFO o.a.j.t.JMeterThread: Thread finished: S2 1-174
2026-10-06 08:14:44,511 INFO o.a.j.t.JMeterThread: Stopping because end time detected by thread: S2 1-315
2026-10-06 08:14:44,511 INFO o.a.j.t.JMeterThread: Thread finished: S2 1-315
2026-10-06 08:14:44,514 INFO o.a.j.t.JMeterThread: Stopping because end time detected by thread: S2 1-15
2026-10-06 08:14:44,514 INFO o.a.j.t.JMeterThread: Thread finished: S2 1-15
2026-10-06 08:14:44,517 INFO o.a.j.t.JMeterThread: Stopping because end time detected by thread: S2 1-77
2026-10-06 08:14:44,517 INFO o.a.j.t.JMeterThread: Thread finished: S2 1-77
2026-10-06 08:14:44,518 INFO o.a.j.t.JMeterThread: Stopping because end time detected by thread: S2 1-245
2026-10-06 08:14:44,518 INFO o.a.j.t.JMeterThread: Thread finished: S2 1-245
2026-10-06 08:14:44,519 INFO o.a.j.t.JMeterThread: Stopping because end time detected by thread: S2 1-484
2026-10-06 08:14:44,519 INFO o.a.j.t.JMeterThread: Stopping because end time detected by thread: S2 1-455
2026-10-06 08:14:44,519 INFO o.a.j.t.JMeterThread: Thread finished: S2 1-484
2026-10-06 08:14:44,519 INFO o.a.j.t.JMeterThread: Thread finished: S2 1-455
2026-10-06 08:14:44,524 INFO o.a.j.t.JMeterThread: Stopping because end time detected by thread: S2 1-448
2026-10-06 08:14:44,524 INFO o.a.j.t.JMeterThread: Thread finished: S2 1-448
2026-10-06 08:14:44,529 INFO o.a.j.t.JMeterThread: Stopping because end time detected by thread: S2 1-80
2026-10-06 08:14:44,529 INFO o.a.j.t.JMeterThread: Thread finished: S2 1-80
2026-10-06 08:14:44,531 INFO o.a.j.t.JMeterThread: Stopping because end time detected by thread: S2 1-26
2026-10-06 08:14:44,531 INFO o.a.j.t.JMeterThread: Thread finished: S2 1-26
2026-10-06 08:14:44,535 INFO o.a.j.t.JMeterThread: Stopping because end time detected by thread: S2 1-283
2026-10-06 08:14:44,536 INFO o.a.j.t.JMeterThread: Thread finished: S2 1-283
2026-10-06 08:14:44,539 INFO o.a.j.t.JMeterThread: Stopping because end time detected by thread: S2 1-55
2026-10-06 08:14:44,539 INFO o.a.j.t.JMeterThread: Thread finished: S2 1-55
2026-10-06 08:14:44,541 INFO o.a.j.t.JMeterThread: Stopping because end time detected by thread: S2 1-339
2026-10-06 08:14:44,541 INFO o.a.j.t.JMeterThread: Thread finished: S2 1-339
2026-10-06 08:14:44,543 INFO o.a.j.t.JMeterThread: Stopping because end time detected by thread: S2 1-126
2026-10-06 08:14:44,543 INFO o.a.j.t.JMeterThread: Thread finished: S2 1-126
2026-10-06 08:14:44,546 INFO o.a.j.t.JMeterThread: Stopping because end time detected by thread: S2 1-452
2026-10-06 08:14:44,546 INFO o.a.j.t.JMeterThread: Thread finished: S2 1-452
2026-10-06 08:14:44,605 INFO o.a.j.t.JMeterThread: Stopping because end time detected by thread: S2 1-236
2026-10-06 08:14:44,605 INFO o.a.j.t.JMeterThread: Thread finished: S2 1-236
2026-10-06 08:14:44,621 INFO o.a.j.t.JMeterThread: Stopping because end time detected by thread: S2 1-410
2026-10-06 08:14:44,621 INFO o.a.j.t.JMeterThread: Stopping because end time detected by thread: S2 1-219
2026-10-06 08:14:44,621 INFO o.a.j.t.JMeterThread: Thread finished: S2 1-410
2026-10-06 08:14:44,621 INFO o.a.j.t.JMeterThread: Thread finished: S2 1-219
2026-10-06 08:14:44,625 INFO o.a.j.t.JMeterThread: Stopping because end time detected by thread: S2 1-380
2026-10-06 08:14:44,625 INFO o.a.j.t.JMeterThread: Thread finished: S2 1-380
2026-10-06 08:14:44,626 INFO o.a.j.t.JMeterThread: Stopping because end time detected by thread: S2 1-360
2026-10-06 08:14:44,626 INFO o.a.j.t.JMeterThread: Thread finished: S2 1-360
2026-10-06 08:14:44,634 INFO o.a.j.t.JMeterThread: Stopping because end time detected by thread: S2 1-279
2026-10-06 08:14:44,634 INFO o.a.j.t.JMeterThread: Thread finished: S2 1-279
2026-10-06 08:14:44,635 INFO o.a.j.t.JMeterThread: Stopping because end time detected by thread: S2 1-348
2026-10-06 08:14:44,635 INFO o.a.j.t.JMeterThread: Thread finished: S2 1-348
2026-10-06 08:14:44,635 INFO o.a.j.t.JMeterThread: Stopping because end time detected by thread: S2 1-207
2026-10-06 08:14:44,636 INFO o.a.j.t.JMeterThread: Thread finished: S2 1-207
2026-10-06 08:14:44,638 INFO o.a.j.t.JMeterThread: Stopping because end time detected by thread: S2 1-434
2026-10-06 08:14:44,638 INFO o.a.j.t.JMeterThread: Thread finished: S2 1-434
2026-10-06 08:14:44,639 INFO o.a.j.t.JMeterThread: Stopping because end time detected by thread: S2 1-460
2026-10-06 08:14:44,639 INFO o.a.j.t.JMeterThread: Thread finished: S2 1-460
2026-10-06 08:14:44,640 INFO o.a.j.t.JMeterThread: Stopping because end time detected by thread: S2 1-239
2026-10-06 08:14:44,640 INFO o.a.j.t.JMeterThread: Thread finished: S2 1-239
2026-10-06 08:14:44,642 INFO o.a.j.t.JMeterThread: Stopping because end time detected by thread: S2 1-266
2026-10-06 08:14:44,642 INFO o.a.j.t.JMeterThread: Thread finished: S2 1-266
2026-10-06 08:14:44,643 INFO o.a.j.t.JMeterThread: Stopping because end time detected by thread: S2 1-486
2026-10-06 08:14:44,643 INFO o.a.j.t.JMeterThread: Thread finished: S2 1-486
2026-10-06 08:14:44,647 INFO o.a.j.t.JMeterThread: Stopping because end time detected by thread: S2 1-313
2026-10-06 08:14:44,647 INFO o.a.j.t.JMeterThread: Thread finished: S2 1-313
2026-10-06 08:14:44,648 INFO o.a.j.t.JMeterThread: Stopping because end time detected by thread: S2 1-403
2026-10-06 08:14:44,648 INFO o.a.j.t.JMeterThread: Thread finished: S2 1-403
2026-10-06 08:14:44,648 INFO o.a.j.t.JMeterThread: Stopping because end time detected by thread: S2 1-189
2026-10-06 08:14:44,648 INFO o.a.j.t.JMeterThread: Thread finished: S2 1-189
2026-10-06 08:14:44,650 INFO o.a.j.t.JMeterThread: Stopping because end time detected by thread: S2 1-345
2026-10-06 08:14:44,650 INFO o.a.j.t.JMeterThread: Thread finished: S2 1-345
2026-10-06 08:14:44,711 INFO o.a.j.t.JMeterThread: Stopping because end time detected by thread: S2 1-406
2026-10-06 08:14:44,711 INFO o.a.j.t.JMeterThread: Thread finished: S2 1-406
2026-10-06 08:14:44,715 INFO o.a.j.t.JMeterThread: Stopping because end time detected by thread: S2 1-462
2026-10-06 08:14:44,715 INFO o.a.j.t.JMeterThread: Thread finished: S2 1-462
2026-10-06 08:14:44,715 INFO o.a.j.t.JMeterThread: Stopping because end time detected by thread: S2 1-20
2026-10-06 08:14:44,715 INFO o.a.j.t.JMeterThread: Thread finished: S2 1-20
2026-10-06 08:14:44,723 INFO o.a.j.t.JMeterThread: Stopping because end time detected by thread: S2 1-394
2026-10-06 08:14:44,725 INFO o.a.j.t.JMeterThread: Stopping because end time detected by thread: S2 1-205
2026-10-06 08:14:44,724 INFO o.a.j.t.JMeterThread: Stopping because end time detected by thread: S2 1-217
2026-10-06 08:14:44,727 INFO o.a.j.t.JMeterThread: Thread finished: S2 1-205
2026-10-06 08:14:44,727 INFO o.a.j.t.JMeterThread: Thread finished: S2 1-217
2026-10-06 08:14:44,727 INFO o.a.j.t.JMeterThread: Thread finished: S2 1-394
2026-10-06 08:14:44,727 INFO o.a.j.t.JMeterThread: Stopping because end time detected by thread: S2 1-458
2026-10-06 08:14:44,727 INFO o.a.j.t.JMeterThread: Thread finished: S2 1-458
2026-10-06 08:14:44,730 INFO o.a.j.t.JMeterThread: Stopping because end time detected by thread: S2 1-288
2026-10-06 08:14:44,730 INFO o.a.j.t.JMeterThread: Thread finished: S2 1-288
2026-10-06 08:14:44,730 INFO o.a.j.t.JMeterThread: Stopping because end time detected by thread: S2 1-500
2026-10-06 08:14:44,730 INFO o.a.j.t.JMeterThread: Thread finished: S2 1-500
2026-10-06 08:14:44,743 INFO o.a.j.t.JMeterThread: Stopping because end time detected by thread: S2 1-482
2026-10-06 08:14:44,743 INFO o.a.j.t.JMeterThread: Thread finished: S2 1-482
2026-10-06 08:14:44,744 INFO o.a.j.t.JMeterThread: Stopping because end time detected by thread: S2 1-91
2026-10-06 08:14:44,744 INFO o.a.j.t.JMeterThread: Thread finished: S2 1-91
2026-10-06 08:14:44,806 INFO o.a.j.t.JMeterThread: Stopping because end time detected by thread: S2 1-361
2026-10-06 08:14:44,806 INFO o.a.j.t.JMeterThread: Thread finished: S2 1-361
2026-10-06 08:14:44,806 INFO o.a.j.t.JMeterThread: Stopping because end time detected by thread: S2 1-344
2026-10-06 08:14:44,807 INFO o.a.j.t.JMeterThread: Thread finished: S2 1-344
2026-10-06 08:14:44,807 INFO o.a.j.t.JMeterThread: Stopping because end time detected by thread: S2 1-214
2026-10-06 08:14:44,807 INFO o.a.j.t.JMeterThread: Thread finished: S2 1-214
2026-10-06 08:14:44,808 INFO o.a.j.t.JMeterThread: Stopping because end time detected by thread: S2 1-168
2026-10-06 08:14:44,808 INFO o.a.j.t.JMeterThread: Thread finished: S2 1-168
2026-10-06 08:14:44,812 INFO o.a.j.t.JMeterThread: Stopping because end time detected by thread: S2 1-431
2026-10-06 08:14:44,812 INFO o.a.j.t.JMeterThread: Thread finished: S2 1-431
2026-10-06 08:14:44,815 INFO o.a.j.t.JMeterThread: Stopping because end time detected by thread: S2 1-249
2026-10-06 08:14:44,815 INFO o.a.j.t.JMeterThread: Thread finished: S2 1-249
2026-10-06 08:14:44,823 INFO o.a.j.t.JMeterThread: Stopping because end time detected by thread: S2 1-490
2026-10-06 08:14:44,823 INFO o.a.j.t.JMeterThread: Thread finished: S2 1-490
2026-10-06 08:14:44,825 INFO o.a.j.t.JMeterThread: Stopping because end time detected by thread: S2 1-198
2026-10-06 08:14:44,825 INFO o.a.j.t.JMeterThread: Thread finished: S2 1-198
2026-10-06 08:14:44,827 INFO o.a.j.t.JMeterThread: Stopping because end time detected by thread: S2 1-411
2026-10-06 08:14:44,827 INFO o.a.j.t.JMeterThread: Thread finished: S2 1-411
2026-10-06 08:14:44,827 INFO o.a.j.t.JMeterThread: Stopping because end time detected by thread: S2 1-265
2026-10-06 08:14:44,827 INFO o.a.j.t.JMeterThread: Thread finished: S2 1-265
2026-10-06 08:14:44,827 INFO o.a.j.t.JMeterThread: Stopping because end time detected by thread: S2 1-263
2026-10-06 08:14:44,827 INFO o.a.j.t.JMeterThread: Thread finished: S2 1-263
2026-10-06 08:14:44,830 INFO o.a.j.t.JMeterThread: Stopping because end time detected by thread: S2 1-414
2026-10-06 08:14:44,830 INFO o.a.j.t.JMeterThread: Thread finished: S2 1-414
2026-10-06 08:14:44,832 INFO o.a.j.t.JMeterThread: Stopping because end time detected by thread: S2 1-449
2026-10-06 08:14:44,832 INFO o.a.j.t.JMeterThread: Thread finished: S2 1-449
2026-10-06 08:14:44,837 INFO o.a.j.t.JMeterThread: Stopping because end time detected by thread: S2 1-385
2026-10-06 08:14:44,837 INFO o.a.j.t.JMeterThread: Thread finished: S2 1-385
2026-10-06 08:14:44,838 INFO o.a.j.t.JMeterThread: Stopping because end time detected by thread: S2 1-318
2026-10-06 08:14:44,838 INFO o.a.j.t.JMeterThread: Thread finished: S2 1-318
2026-10-06 08:14:44,841 INFO o.a.j.t.JMeterThread: Stopping because end time detected by thread: S2 1-488
2026-10-06 08:14:44,841 INFO o.a.j.t.JMeterThread: Thread finished: S2 1-488
2026-10-06 08:14:44,903 INFO o.a.j.t.JMeterThread: Stopping because end time detected by thread: S2 1-422
2026-10-06 08:14:44,904 INFO o.a.j.t.JMeterThread: Thread finished: S2 1-422
2026-10-06 08:14:44,904 INFO o.a.j.t.JMeterThread: Stopping because end time detected by thread: S2 1-472
2026-10-06 08:14:44,904 INFO o.a.j.t.JMeterThread: Thread finished: S2 1-472
2026-10-06 08:14:44,904 INFO o.a.j.t.JMeterThread: Stopping because end time detected by thread: S2 1-82
2026-10-06 08:14:44,904 INFO o.a.j.t.JMeterThread: Thread finished: S2 1-82
2026-10-06 08:14:44,905 INFO o.a.j.t.JMeterThread: Stopping because end time detected by thread: S2 1-204
2026-10-06 08:14:44,905 INFO o.a.j.t.JMeterThread: Thread finished: S2 1-204
2026-10-06 08:14:44,905 INFO o.a.j.t.JMeterThread: Stopping because end time detected by thread: S2 1-426
2026-10-06 08:14:44,905 INFO o.a.j.t.JMeterThread: Thread finished: S2 1-426
2026-10-06 08:14:44,908 INFO o.a.j.t.JMeterThread: Stopping because end time detected by thread: S2 1-1
2026-10-06 08:14:44,908 INFO o.a.j.t.JMeterThread: Thread finished: S2 1-1
2026-10-06 08:14:44,909 INFO o.a.j.t.JMeterThread: Stopping because end time detected by thread: S2 1-281
2026-10-06 08:14:44,909 INFO o.a.j.t.JMeterThread: Thread finished: S2 1-281
2026-10-06 08:14:44,911 INFO o.a.j.t.JMeterThread: Stopping because end time detected by thread: S2 1-308
2026-10-06 08:14:44,911 INFO o.a.j.t.JMeterThread: Thread finished: S2 1-308
2026-10-06 08:14:44,914 INFO o.a.j.t.JMeterThread: Stopping because end time detected by thread: S2 1-399
2026-10-06 08:14:44,914 INFO o.a.j.t.JMeterThread: Thread finished: S2 1-399
2026-10-06 08:14:44,914 INFO o.a.j.t.JMeterThread: Stopping because end time detected by thread: S2 1-446
2026-10-06 08:14:44,914 INFO o.a.j.t.JMeterThread: Thread finished: S2 1-446
2026-10-06 08:14:44,920 INFO o.a.j.t.JMeterThread: Stopping because end time detected by thread: S2 1-86
2026-10-06 08:14:44,920 INFO o.a.j.t.JMeterThread: Thread finished: S2 1-86
2026-10-06 08:14:44,922 INFO o.a.j.t.JMeterThread: Stopping because end time detected by thread: S2 1-306
2026-10-06 08:14:44,922 INFO o.a.j.t.JMeterThread: Thread finished: S2 1-306
2026-10-06 08:14:44,923 INFO o.a.j.t.JMeterThread: Stopping because end time detected by thread: S2 1-185
2026-10-06 08:14:44,923 INFO o.a.j.t.JMeterThread: Thread finished: S2 1-185
2026-10-06 08:14:44,925 INFO o.a.j.t.JMeterThread: Stopping because end time detected by thread: S2 1-170
2026-10-06 08:14:44,925 INFO o.a.j.t.JMeterThread: Thread finished: S2 1-170
2026-10-06 08:14:44,927 INFO o.a.j.t.JMeterThread: Stopping because end time detected by thread: S2 1-285
2026-10-06 08:14:44,927 INFO o.a.j.t.JMeterThread: Thread finished: S2 1-285
2026-10-06 08:14:44,928 INFO o.a.j.t.JMeterThread: Stopping because end time detected by thread: S2 1-402
2026-10-06 08:14:44,928 INFO o.a.j.t.JMeterThread: Thread finished: S2 1-402
2026-10-06 08:14:44,935 INFO o.a.j.t.JMeterThread: Stopping because end time detected by thread: S2 1-350
2026-10-06 08:14:44,935 INFO o.a.j.t.JMeterThread: Thread finished: S2 1-350
2026-10-06 08:14:44,940 INFO o.a.j.t.JMeterThread: Stopping because end time detected by thread: S2 1-435
2026-10-06 08:14:44,940 INFO o.a.j.t.JMeterThread: Thread finished: S2 1-435
2026-10-06 08:14:44,943 INFO o.a.j.t.JMeterThread: Stopping because end time detected by thread: S2 1-30
2026-10-06 08:14:44,943 INFO o.a.j.t.JMeterThread: Thread finished: S2 1-30
2026-10-06 08:14:45,008 INFO o.a.j.t.JMeterThread: Stopping because end time detected by thread: S2 1-121
2026-10-06 08:14:45,008 INFO o.a.j.t.JMeterThread: Thread finished: S2 1-121
2026-10-06 08:14:45,009 INFO o.a.j.t.JMeterThread: Stopping because end time detected by thread: S2 1-290
2026-10-06 08:14:45,009 INFO o.a.j.t.JMeterThread: Thread finished: S2 1-290
2026-10-06 08:14:45,011 INFO o.a.j.t.JMeterThread: Stopping because end time detected by thread: S2 1-298
2026-10-06 08:14:45,011 INFO o.a.j.t.JMeterThread: Thread finished: S2 1-298
2026-10-06 08:14:45,013 INFO o.a.j.t.JMeterThread: Stopping because end time detected by thread: S2 1-203
2026-10-06 08:14:45,013 INFO o.a.j.t.JMeterThread: Thread finished: S2 1-203
2026-10-06 08:14:45,016 INFO o.a.j.t.JMeterThread: Stopping because end time detected by thread: S2 1-388
2026-10-06 08:14:45,016 INFO o.a.j.t.JMeterThread: Thread finished: S2 1-388
2026-10-06 08:14:45,020 INFO o.a.j.t.JMeterThread: Stopping because end time detected by thread: S2 1-282
2026-10-06 08:14:45,020 INFO o.a.j.t.JMeterThread: Thread finished: S2 1-282
2026-10-06 08:14:45,021 INFO o.a.j.t.JMeterThread: Stopping because end time detected by thread: S2 1-259
2026-10-06 08:14:45,021 INFO o.a.j.t.JMeterThread: Thread finished: S2 1-259
2026-10-06 08:14:45,022 INFO o.a.j.t.JMeterThread: Stopping because end time detected by thread: S2 1-2
2026-10-06 08:14:45,022 INFO o.a.j.t.JMeterThread: Thread finished: S2 1-2
2026-10-06 08:14:45,023 INFO o.a.j.t.JMeterThread: Stopping because end time detected by thread: S2 1-227
2026-10-06 08:14:45,023 INFO o.a.j.t.JMeterThread: Thread finished: S2 1-227
2026-10-06 08:14:45,024 INFO o.a.j.t.JMeterThread: Stopping because end time detected by thread: S2 1-450
2026-10-06 08:14:45,024 INFO o.a.j.t.JMeterThread: Thread finished: S2 1-450
2026-10-06 08:14:45,025 INFO o.a.j.t.JMeterThread: Stopping because end time detected by thread: S2 1-400
2026-10-06 08:14:45,025 INFO o.a.j.t.JMeterThread: Thread finished: S2 1-400
2026-10-06 08:14:45,026 INFO o.a.j.e.StandardJMeterEngine: Notifying test listeners of end of test
2026-10-06 08:14:45,026 INFO o.a.j.s.FileServer: Close: /tests/data/available_menu_items.csv
2026-10-06 08:14:45,028 INFO o.a.j.r.Summariser: summary +   2100 in 00:00:15 =  139.7/s Avg:  3994 Min:  2931 Max:  4999 Err:     0 (0.00%) Active: 0 Started: 500 Finished: 500
2026-10-06 08:14:45,029 INFO o.a.j.r.Summariser: summary =   8581 in 00:01:05 =  132.6/s Avg:  3513 Min:    17 Max:  5302 Err:     0 (0.00%)
