2026-10-06 08:34:07,581 INFO o.a.j.u.JMeterUtils: Setting Locale to en_EN
2026-10-06 08:34:07,600 INFO o.a.j.JMeter: Loading user properties from: /opt/jmeter/bin/user.properties
2026-10-06 08:34:07,600 INFO o.a.j.JMeter: Loading system properties from: /opt/jmeter/bin/system.properties
2026-10-06 08:34:07,601 INFO o.a.j.JMeter: Loading additional properties from: /tests/run.properties
2026-10-06 08:34:07,601 INFO o.a.j.JMeter: Loading additional properties from: /tests/data/ranges.properties
2026-10-06 08:34:07,601 INFO o.a.j.JMeter: Setting JMeter property: host=nestjs-nginx
2026-10-06 08:34:07,601 INFO o.a.j.JMeter: Setting JMeter property: port=80
2026-10-06 08:34:07,601 INFO o.a.j.JMeter: Setting JMeter property: rampup=10
2026-10-06 08:34:07,601 INFO o.a.j.JMeter: Setting JMeter property: endpoint=EP7
2026-10-06 08:34:07,601 INFO o.a.j.JMeter: Setting JMeter property: users=1000
2026-10-06 08:34:07,601 INFO o.a.j.JMeter: Setting JMeter property: duration=60
2026-10-06 08:34:07,606 INFO o.a.j.JMeter: Copyright (c) 1998-2024 The Apache Software Foundation
2026-10-06 08:34:07,606 INFO o.a.j.JMeter: Version 5.6.3
2026-10-06 08:34:07,606 INFO o.a.j.JMeter: java.version=21.0.12.1
2026-10-06 08:34:07,606 INFO o.a.j.JMeter: java.vm.name=OpenJDK 64-Bit Server VM
2026-10-06 08:34:07,606 INFO o.a.j.JMeter: os.name=Linux
2026-10-06 08:34:07,606 INFO o.a.j.JMeter: os.arch=amd64
2026-10-06 08:34:07,606 INFO o.a.j.JMeter: os.version=6.6.87.2-microsoft-standard-WSL2
2026-10-06 08:34:07,606 INFO o.a.j.JMeter: file.encoding=UTF-8
2026-10-06 08:34:07,607 INFO o.a.j.JMeter: java.awt.headless=true
2026-10-06 08:34:07,607 INFO o.a.j.JMeter: Max memory     =4294967296
2026-10-06 08:34:07,607 INFO o.a.j.JMeter: Available Processors =12
2026-10-06 08:34:07,614 INFO o.a.j.JMeter: Default Locale=English (EN)
2026-10-06 08:34:07,614 INFO o.a.j.JMeter: JMeter  Locale=English (EN)
2026-10-06 08:34:07,614 INFO o.a.j.JMeter: JMeterHome=/opt/jmeter
2026-10-06 08:34:07,614 INFO o.a.j.JMeter: user.dir  =/tests
2026-10-06 08:34:07,614 INFO o.a.j.JMeter: PWD       =/tests
2026-10-06 08:34:07,615 INFO o.a.j.JMeter: IP: 172.19.0.5 Name: c89ae97daa56 FullName: c89ae97daa56
2026-10-06 08:34:07,624 INFO o.a.j.s.FileServer: Default base='/tests'
2026-10-06 08:34:07,625 INFO o.a.j.s.FileServer: Set new base='/tests'
2026-10-06 08:34:07,780 INFO o.a.j.s.SaveService: Testplan (JMX) version: 2.2. Testlog (JTL) version: 2.2
2026-10-06 08:34:07,802 INFO o.a.j.s.SaveService: Using SaveService properties version 5.0
2026-10-06 08:34:07,805 INFO o.a.j.s.SaveService: Using SaveService properties file encoding UTF-8
2026-10-06 08:34:07,808 INFO o.a.j.s.SaveService: Loading file: /tests/s2.jmx
2026-10-06 08:34:07,850 INFO o.a.j.p.h.s.HTTPSamplerBase: Parser for text/html is org.apache.jmeter.protocol.http.parser.LagartoBasedHtmlParser
2026-10-06 08:34:07,850 INFO o.a.j.p.h.s.HTTPSamplerBase: Parser for application/xhtml+xml is org.apache.jmeter.protocol.http.parser.LagartoBasedHtmlParser
2026-10-06 08:34:07,850 INFO o.a.j.p.h.s.HTTPSamplerBase: Parser for application/xml is org.apache.jmeter.protocol.http.parser.LagartoBasedHtmlParser
2026-10-06 08:34:07,851 INFO o.a.j.p.h.s.HTTPSamplerBase: Parser for text/xml is org.apache.jmeter.protocol.http.parser.LagartoBasedHtmlParser
2026-10-06 08:34:07,851 INFO o.a.j.p.h.s.HTTPSamplerBase: Parser for text/vnd.wap.wml is org.apache.jmeter.protocol.http.parser.RegexpHTMLParser
2026-10-06 08:34:07,851 INFO o.a.j.p.h.s.HTTPSamplerBase: Parser for text/css is org.apache.jmeter.protocol.http.parser.CssParser
2026-10-06 08:34:07,892 INFO o.a.j.JMeter: Creating summariser <summary>
2026-10-06 08:34:07,907 INFO o.a.j.e.StandardJMeterEngine: Running the test!
2026-10-06 08:34:07,907 INFO o.a.j.s.SampleEvent: List of sample_variables: []
2026-10-06 08:34:07,907 INFO o.a.j.s.SampleEvent: List of sample_variables: []
2026-10-06 08:34:07,911 INFO o.a.j.e.u.CompoundVariable: Note: Function class names must contain the string: '.functions.'
2026-10-06 08:34:07,911 INFO o.a.j.e.u.CompoundVariable: Note: Function class names must not contain the string: '.gui.'
2026-10-06 08:34:08,118 INFO o.a.j.JMeter: Running test (1791275648118)
2026-10-06 08:34:08,120 INFO o.a.j.e.StandardJMeterEngine: Starting setUp thread groups
2026-10-06 08:34:08,120 INFO o.a.j.e.StandardJMeterEngine: Starting setUp ThreadGroup: 1 : setUp - login 
2026-10-06 08:34:08,120 INFO o.a.j.e.StandardJMeterEngine: Starting 1 threads for group setUp - login.
2026-10-06 08:34:08,120 INFO o.a.j.e.StandardJMeterEngine: Test will stop abruptly on error
2026-10-06 08:34:08,120 INFO o.a.j.t.ThreadGroup: Starting thread group... number=1 threads=1 ramp-up=1 delayedStart=false
2026-10-06 08:34:08,123 INFO o.a.j.t.ThreadGroup: Started thread group number 1
2026-10-06 08:34:08,123 INFO o.a.j.e.StandardJMeterEngine: Waiting for all setup thread groups to exit
2026-10-06 08:34:08,124 INFO o.a.j.t.JMeterThread: Thread started: setUp - login 1-1
2026-10-06 08:34:08,135 INFO o.a.j.p.h.s.HTTPHCAbstractImpl: Local host = c89ae97daa56
2026-10-06 08:34:08,139 INFO o.a.j.p.h.s.HTTPHC4Impl: HTTP request retry count = 0
2026-10-06 08:34:08,140 INFO o.a.j.s.SampleResult: Note: Sample TimeStamps are START times
2026-10-06 08:34:08,141 INFO o.a.j.s.SampleResult: sampleresult.default.encoding is set to UTF-8
2026-10-06 08:34:08,141 INFO o.a.j.s.SampleResult: sampleresult.useNanoTime=true
2026-10-06 08:34:08,141 INFO o.a.j.s.SampleResult: sampleresult.nanoThreadSleep=5000
2026-10-06 08:34:08,881 INFO o.a.j.t.JMeterThread: Thread is done: setUp - login 1-1
2026-10-06 08:34:08,881 INFO o.a.j.t.JMeterThread: Thread finished: setUp - login 1-1
2026-10-06 08:34:08,882 INFO o.a.j.e.StandardJMeterEngine: All Setup Threads have ended
2026-10-06 08:34:08,904 INFO o.a.j.e.StandardJMeterEngine: Starting ThreadGroup: 1 : S2
2026-10-06 08:34:08,904 INFO o.a.j.e.StandardJMeterEngine: Starting 1000 threads for group S2.
2026-10-06 08:34:08,904 INFO o.a.j.e.StandardJMeterEngine: Thread will continue on error
2026-10-06 08:34:08,905 INFO o.a.j.t.ThreadGroup: Starting thread group... number=1 threads=1000 ramp-up=10 delayedStart=false
2026-10-06 08:34:08,915 INFO o.a.j.t.JMeterThread: Thread started: S2 1-1
2026-10-06 08:34:08,916 INFO o.a.j.s.FileServer: Stored: /tests/data/available_menu_items.csv
2026-10-06 08:34:08,924 INFO o.a.j.t.JMeterThread: Thread started: S2 1-2
2026-10-06 08:34:08,933 INFO o.a.j.t.JMeterThread: Thread started: S2 1-3
2026-10-06 08:34:08,944 INFO o.a.j.t.JMeterThread: Thread started: S2 1-4
2026-10-06 08:34:08,952 INFO o.a.j.t.JMeterThread: Thread started: S2 1-5
2026-10-06 08:34:08,964 INFO o.a.j.t.JMeterThread: Thread started: S2 1-6
2026-10-06 08:34:08,969 INFO o.a.j.t.JMeterThread: Thread started: S2 1-7
2026-10-06 08:34:08,979 INFO o.a.j.t.JMeterThread: Thread started: S2 1-8
2026-10-06 08:34:08,989 INFO o.a.j.t.JMeterThread: Thread started: S2 1-9
2026-10-06 08:34:08,997 INFO o.a.j.t.JMeterThread: Thread started: S2 1-10
2026-10-06 08:34:09,008 INFO o.a.j.t.JMeterThread: Thread started: S2 1-11
2026-10-06 08:34:09,016 INFO o.a.j.t.JMeterThread: Thread started: S2 1-12
2026-10-06 08:34:09,028 INFO o.a.j.t.JMeterThread: Thread started: S2 1-13
2026-10-06 08:34:09,037 INFO o.a.j.t.JMeterThread: Thread started: S2 1-14
2026-10-06 08:34:09,046 INFO o.a.j.t.JMeterThread: Thread started: S2 1-15
2026-10-06 08:34:09,064 INFO o.a.j.t.JMeterThread: Thread started: S2 1-16
2026-10-06 08:34:09,067 INFO o.a.j.t.JMeterThread: Thread started: S2 1-17
2026-10-06 08:34:09,084 INFO o.a.j.t.JMeterThread: Thread started: S2 1-18
2026-10-06 08:34:09,086 INFO o.a.j.t.JMeterThread: Thread started: S2 1-19
2026-10-06 08:34:09,101 INFO o.a.j.t.JMeterThread: Thread started: S2 1-20
2026-10-06 08:34:09,107 INFO o.a.j.t.JMeterThread: Thread started: S2 1-21
2026-10-06 08:34:09,117 INFO o.a.j.t.JMeterThread: Thread started: S2 1-22
2026-10-06 08:34:09,126 INFO o.a.j.t.JMeterThread: Thread started: S2 1-23
2026-10-06 08:34:09,139 INFO o.a.j.t.JMeterThread: Thread started: S2 1-24
2026-10-06 08:34:09,148 INFO o.a.j.t.JMeterThread: Thread started: S2 1-25
2026-10-06 08:34:09,156 INFO o.a.j.t.JMeterThread: Thread started: S2 1-26
2026-10-06 08:34:09,166 INFO o.a.j.t.JMeterThread: Thread started: S2 1-27
2026-10-06 08:34:09,178 INFO o.a.j.t.JMeterThread: Thread started: S2 1-28
2026-10-06 08:34:09,188 INFO o.a.j.t.JMeterThread: Thread started: S2 1-29
2026-10-06 08:34:09,196 INFO o.a.j.t.JMeterThread: Thread started: S2 1-30
2026-10-06 08:34:09,206 INFO o.a.j.t.JMeterThread: Thread started: S2 1-31
2026-10-06 08:34:09,217 INFO o.a.j.t.JMeterThread: Thread started: S2 1-32
2026-10-06 08:34:09,226 INFO o.a.j.t.JMeterThread: Thread started: S2 1-33
2026-10-06 08:34:09,237 INFO o.a.j.t.JMeterThread: Thread started: S2 1-34
2026-10-06 08:34:09,246 INFO o.a.j.t.JMeterThread: Thread started: S2 1-35
2026-10-06 08:34:09,256 INFO o.a.j.t.JMeterThread: Thread started: S2 1-36
2026-10-06 08:34:09,267 INFO o.a.j.t.JMeterThread: Thread started: S2 1-37
2026-10-06 08:34:09,277 INFO o.a.j.t.JMeterThread: Thread started: S2 1-38
2026-10-06 08:34:09,286 INFO o.a.j.t.JMeterThread: Thread started: S2 1-39
2026-10-06 08:34:09,300 INFO o.a.j.t.JMeterThread: Thread started: S2 1-40
2026-10-06 08:34:09,321 INFO o.a.j.t.JMeterThread: Thread started: S2 1-41
2026-10-06 08:34:09,324 INFO o.a.j.t.JMeterThread: Thread started: S2 1-42
2026-10-06 08:34:09,327 INFO o.a.j.t.JMeterThread: Thread started: S2 1-43
2026-10-06 08:34:09,345 INFO o.a.j.t.JMeterThread: Thread started: S2 1-44
2026-10-06 08:34:09,347 INFO o.a.j.t.JMeterThread: Thread started: S2 1-45
2026-10-06 08:34:09,357 INFO o.a.j.t.JMeterThread: Thread started: S2 1-46
2026-10-06 08:34:09,366 INFO o.a.j.t.JMeterThread: Thread started: S2 1-47
2026-10-06 08:34:09,376 INFO o.a.j.t.JMeterThread: Thread started: S2 1-48
2026-10-06 08:34:09,387 INFO o.a.j.t.JMeterThread: Thread started: S2 1-49
2026-10-06 08:34:09,397 INFO o.a.j.t.JMeterThread: Thread started: S2 1-50
2026-10-06 08:34:09,407 INFO o.a.j.t.JMeterThread: Thread started: S2 1-51
2026-10-06 08:34:09,419 INFO o.a.j.t.JMeterThread: Thread started: S2 1-52
2026-10-06 08:34:09,431 INFO o.a.j.t.JMeterThread: Thread started: S2 1-53
2026-10-06 08:34:09,436 INFO o.a.j.t.JMeterThread: Thread started: S2 1-54
2026-10-06 08:34:09,447 INFO o.a.j.t.JMeterThread: Thread started: S2 1-55
2026-10-06 08:34:09,461 INFO o.a.j.t.JMeterThread: Thread started: S2 1-56
2026-10-06 08:34:09,470 INFO o.a.j.t.JMeterThread: Thread started: S2 1-57
2026-10-06 08:34:09,479 INFO o.a.j.t.JMeterThread: Thread started: S2 1-58
2026-10-06 08:34:09,486 INFO o.a.j.t.JMeterThread: Thread started: S2 1-59
2026-10-06 08:34:09,498 INFO o.a.j.t.JMeterThread: Thread started: S2 1-60
2026-10-06 08:34:09,508 INFO o.a.j.t.JMeterThread: Thread started: S2 1-61
2026-10-06 08:34:09,519 INFO o.a.j.t.JMeterThread: Thread started: S2 1-62
2026-10-06 08:34:09,527 INFO o.a.j.t.JMeterThread: Thread started: S2 1-63
2026-10-06 08:34:09,537 INFO o.a.j.t.JMeterThread: Thread started: S2 1-64
2026-10-06 08:34:09,546 INFO o.a.j.t.JMeterThread: Thread started: S2 1-65
2026-10-06 08:34:09,557 INFO o.a.j.t.JMeterThread: Thread started: S2 1-66
2026-10-06 08:34:09,566 INFO o.a.j.t.JMeterThread: Thread started: S2 1-67
2026-10-06 08:34:09,577 INFO o.a.j.t.JMeterThread: Thread started: S2 1-68
2026-10-06 08:34:09,588 INFO o.a.j.t.JMeterThread: Thread started: S2 1-69
2026-10-06 08:34:09,597 INFO o.a.j.t.JMeterThread: Thread started: S2 1-70
2026-10-06 08:34:09,607 INFO o.a.j.t.JMeterThread: Thread started: S2 1-71
2026-10-06 08:34:09,618 INFO o.a.j.t.JMeterThread: Thread started: S2 1-72
2026-10-06 08:34:09,628 INFO o.a.j.t.JMeterThread: Thread started: S2 1-73
2026-10-06 08:34:09,637 INFO o.a.j.t.JMeterThread: Thread started: S2 1-74
2026-10-06 08:34:09,646 INFO o.a.j.t.JMeterThread: Thread started: S2 1-75
2026-10-06 08:34:09,656 INFO o.a.j.t.JMeterThread: Thread started: S2 1-76
2026-10-06 08:34:09,668 INFO o.a.j.t.JMeterThread: Thread started: S2 1-77
2026-10-06 08:34:09,676 INFO o.a.j.t.JMeterThread: Thread started: S2 1-78
2026-10-06 08:34:09,708 INFO o.a.j.t.JMeterThread: Thread started: S2 1-81
2026-10-06 08:34:09,717 INFO o.a.j.t.JMeterThread: Thread started: S2 1-82
2026-10-06 08:34:09,726 INFO o.a.j.t.JMeterThread: Thread started: S2 1-83
2026-10-06 08:34:09,736 INFO o.a.j.t.JMeterThread: Thread started: S2 1-80
2026-10-06 08:34:09,735 INFO o.a.j.t.JMeterThread: Thread started: S2 1-79
2026-10-06 08:34:09,738 INFO o.a.j.t.JMeterThread: Thread started: S2 1-84
2026-10-06 08:34:09,748 INFO o.a.j.t.JMeterThread: Thread started: S2 1-85
2026-10-06 08:34:09,760 INFO o.a.j.t.JMeterThread: Thread started: S2 1-86
2026-10-06 08:34:09,767 INFO o.a.j.t.JMeterThread: Thread started: S2 1-87
2026-10-06 08:34:09,782 INFO o.a.j.t.JMeterThread: Thread started: S2 1-88
2026-10-06 08:34:09,791 INFO o.a.j.t.JMeterThread: Thread started: S2 1-89
2026-10-06 08:34:09,799 INFO o.a.j.t.JMeterThread: Thread started: S2 1-90
2026-10-06 08:34:09,807 INFO o.a.j.t.JMeterThread: Thread started: S2 1-91
2026-10-06 08:34:09,817 INFO o.a.j.t.JMeterThread: Thread started: S2 1-92
2026-10-06 08:34:09,835 INFO o.a.j.t.JMeterThread: Thread started: S2 1-93
2026-10-06 08:34:09,844 INFO o.a.j.t.JMeterThread: Thread started: S2 1-94
2026-10-06 08:34:09,851 INFO o.a.j.t.JMeterThread: Thread started: S2 1-95
2026-10-06 08:34:09,856 INFO o.a.j.t.JMeterThread: Thread started: S2 1-96
2026-10-06 08:34:09,867 INFO o.a.j.t.JMeterThread: Thread started: S2 1-97
2026-10-06 08:34:09,884 INFO o.a.j.t.JMeterThread: Thread started: S2 1-98
2026-10-06 08:34:09,886 INFO o.a.j.t.JMeterThread: Thread started: S2 1-99
2026-10-06 08:34:09,896 INFO o.a.j.t.JMeterThread: Thread started: S2 1-100
2026-10-06 08:34:09,907 INFO o.a.j.t.JMeterThread: Thread started: S2 1-101
2026-10-06 08:34:09,918 INFO o.a.j.t.JMeterThread: Thread started: S2 1-102
2026-10-06 08:34:09,926 INFO o.a.j.t.JMeterThread: Thread started: S2 1-103
2026-10-06 08:34:09,936 INFO o.a.j.t.JMeterThread: Thread started: S2 1-104
2026-10-06 08:34:09,946 INFO o.a.j.t.JMeterThread: Thread started: S2 1-105
2026-10-06 08:34:09,958 INFO o.a.j.t.JMeterThread: Thread started: S2 1-106
2026-10-06 08:34:09,966 INFO o.a.j.t.JMeterThread: Thread started: S2 1-107
2026-10-06 08:34:09,977 INFO o.a.j.t.JMeterThread: Thread started: S2 1-108
2026-10-06 08:34:09,983 INFO o.a.j.t.ThreadGroup: Started thread group number 1
2026-10-06 08:34:09,983 INFO o.a.j.e.StandardJMeterEngine: All thread groups have been started
2026-10-06 08:34:09,987 INFO o.a.j.t.JMeterThread: Thread started: S2 1-109
2026-10-06 08:34:09,998 INFO o.a.j.t.JMeterThread: Thread started: S2 1-110
2026-10-06 08:34:10,010 INFO o.a.j.t.JMeterThread: Thread started: S2 1-111
2026-10-06 08:34:10,017 INFO o.a.j.t.JMeterThread: Thread started: S2 1-112
2026-10-06 08:34:10,026 INFO o.a.j.t.JMeterThread: Thread started: S2 1-113
2026-10-06 08:34:10,037 INFO o.a.j.t.JMeterThread: Thread started: S2 1-114
2026-10-06 08:34:10,046 INFO o.a.j.t.JMeterThread: Thread started: S2 1-115
2026-10-06 08:34:10,056 INFO o.a.j.t.JMeterThread: Thread started: S2 1-116
2026-10-06 08:34:10,066 INFO o.a.j.t.JMeterThread: Thread started: S2 1-117
2026-10-06 08:34:10,077 INFO o.a.j.t.JMeterThread: Thread started: S2 1-118
2026-10-06 08:34:10,086 INFO o.a.j.t.JMeterThread: Thread started: S2 1-119
2026-10-06 08:34:10,099 INFO o.a.j.t.JMeterThread: Thread started: S2 1-120
2026-10-06 08:34:10,107 INFO o.a.j.t.JMeterThread: Thread started: S2 1-121
2026-10-06 08:34:10,115 INFO o.a.j.t.JMeterThread: Thread started: S2 1-122
2026-10-06 08:34:10,129 INFO o.a.j.t.JMeterThread: Thread started: S2 1-123
2026-10-06 08:34:10,137 INFO o.a.j.t.JMeterThread: Thread started: S2 1-124
2026-10-06 08:34:10,147 INFO o.a.j.t.JMeterThread: Thread started: S2 1-125
2026-10-06 08:34:10,158 INFO o.a.j.t.JMeterThread: Thread started: S2 1-126
2026-10-06 08:34:10,168 INFO o.a.j.t.JMeterThread: Thread started: S2 1-127
2026-10-06 08:34:10,177 INFO o.a.j.t.JMeterThread: Thread started: S2 1-128
2026-10-06 08:34:10,186 INFO o.a.j.t.JMeterThread: Thread started: S2 1-129
2026-10-06 08:34:10,197 INFO o.a.j.t.JMeterThread: Thread started: S2 1-130
2026-10-06 08:34:10,206 INFO o.a.j.t.JMeterThread: Thread started: S2 1-131
2026-10-06 08:34:10,216 INFO o.a.j.t.JMeterThread: Thread started: S2 1-132
2026-10-06 08:34:10,227 INFO o.a.j.t.JMeterThread: Thread started: S2 1-133
2026-10-06 08:34:10,237 INFO o.a.j.t.JMeterThread: Thread started: S2 1-134
2026-10-06 08:34:10,247 INFO o.a.j.t.JMeterThread: Thread started: S2 1-135
2026-10-06 08:34:10,257 INFO o.a.j.t.JMeterThread: Thread started: S2 1-136
2026-10-06 08:34:10,267 INFO o.a.j.t.JMeterThread: Thread started: S2 1-137
2026-10-06 08:34:10,276 INFO o.a.j.t.JMeterThread: Thread started: S2 1-138
2026-10-06 08:34:10,286 INFO o.a.j.t.JMeterThread: Thread started: S2 1-139
2026-10-06 08:34:10,297 INFO o.a.j.t.JMeterThread: Thread started: S2 1-140
2026-10-06 08:34:10,307 INFO o.a.j.t.JMeterThread: Thread started: S2 1-141
2026-10-06 08:34:10,317 INFO o.a.j.t.JMeterThread: Thread started: S2 1-142
2026-10-06 08:34:10,326 INFO o.a.j.t.JMeterThread: Thread started: S2 1-143
2026-10-06 08:34:10,337 INFO o.a.j.t.JMeterThread: Thread started: S2 1-144
2026-10-06 08:34:10,348 INFO o.a.j.t.JMeterThread: Thread started: S2 1-145
2026-10-06 08:34:10,357 INFO o.a.j.t.JMeterThread: Thread started: S2 1-146
2026-10-06 08:34:10,366 INFO o.a.j.t.JMeterThread: Thread started: S2 1-147
2026-10-06 08:34:10,376 INFO o.a.j.t.JMeterThread: Thread started: S2 1-148
2026-10-06 08:34:10,387 INFO o.a.j.t.JMeterThread: Thread started: S2 1-149
2026-10-06 08:34:10,398 INFO o.a.j.t.JMeterThread: Thread started: S2 1-150
2026-10-06 08:34:10,412 INFO o.a.j.t.JMeterThread: Thread started: S2 1-151
2026-10-06 08:34:10,420 INFO o.a.j.t.JMeterThread: Thread started: S2 1-152
2026-10-06 08:34:10,427 INFO o.a.j.t.JMeterThread: Thread started: S2 1-153
2026-10-06 08:34:10,437 INFO o.a.j.t.JMeterThread: Thread started: S2 1-154
2026-10-06 08:34:10,446 INFO o.a.j.t.JMeterThread: Thread started: S2 1-155
2026-10-06 08:34:10,457 INFO o.a.j.t.JMeterThread: Thread started: S2 1-156
2026-10-06 08:34:10,469 INFO o.a.j.t.JMeterThread: Thread started: S2 1-157
2026-10-06 08:34:10,476 INFO o.a.j.t.JMeterThread: Thread started: S2 1-158
2026-10-06 08:34:10,486 INFO o.a.j.t.JMeterThread: Thread started: S2 1-159
2026-10-06 08:34:10,498 INFO o.a.j.t.JMeterThread: Thread started: S2 1-160
2026-10-06 08:34:10,508 INFO o.a.j.t.JMeterThread: Thread started: S2 1-161
2026-10-06 08:34:10,516 INFO o.a.j.t.JMeterThread: Thread started: S2 1-162
2026-10-06 08:34:10,528 INFO o.a.j.t.JMeterThread: Thread started: S2 1-163
2026-10-06 08:34:10,537 INFO o.a.j.t.JMeterThread: Thread started: S2 1-164
2026-10-06 08:34:10,546 INFO o.a.j.t.JMeterThread: Thread started: S2 1-165
2026-10-06 08:34:10,557 INFO o.a.j.t.JMeterThread: Thread started: S2 1-166
2026-10-06 08:34:10,571 INFO o.a.j.t.JMeterThread: Thread started: S2 1-167
2026-10-06 08:34:10,577 INFO o.a.j.t.JMeterThread: Thread started: S2 1-168
2026-10-06 08:34:10,588 INFO o.a.j.t.JMeterThread: Thread started: S2 1-169
2026-10-06 08:34:10,597 INFO o.a.j.t.JMeterThread: Thread started: S2 1-170
2026-10-06 08:34:10,606 INFO o.a.j.t.JMeterThread: Thread started: S2 1-171
2026-10-06 08:34:10,629 INFO o.a.j.t.JMeterThread: Thread started: S2 1-172
2026-10-06 08:34:10,630 INFO o.a.j.t.JMeterThread: Thread started: S2 1-173
2026-10-06 08:34:10,640 INFO o.a.j.t.JMeterThread: Thread started: S2 1-174
2026-10-06 08:34:10,658 INFO o.a.j.t.JMeterThread: Thread started: S2 1-175
2026-10-06 08:34:10,666 INFO o.a.j.t.JMeterThread: Thread started: S2 1-177
2026-10-06 08:34:10,678 INFO o.a.j.t.JMeterThread: Thread started: S2 1-178
2026-10-06 08:34:10,679 INFO o.a.j.t.JMeterThread: Thread started: S2 1-176
2026-10-06 08:34:10,688 INFO o.a.j.t.JMeterThread: Thread started: S2 1-179
2026-10-06 08:34:10,698 INFO o.a.j.t.JMeterThread: Thread started: S2 1-180
2026-10-06 08:34:10,707 INFO o.a.j.t.JMeterThread: Thread started: S2 1-181
2026-10-06 08:34:10,717 INFO o.a.j.t.JMeterThread: Thread started: S2 1-182
2026-10-06 08:34:10,726 INFO o.a.j.t.JMeterThread: Thread started: S2 1-183
2026-10-06 08:34:10,737 INFO o.a.j.t.JMeterThread: Thread started: S2 1-184
2026-10-06 08:34:10,748 INFO o.a.j.t.JMeterThread: Thread started: S2 1-185
2026-10-06 08:34:10,761 INFO o.a.j.t.JMeterThread: Thread started: S2 1-186
2026-10-06 08:34:10,768 INFO o.a.j.t.JMeterThread: Thread started: S2 1-187
2026-10-06 08:34:10,778 INFO o.a.j.t.JMeterThread: Thread started: S2 1-188
2026-10-06 08:34:10,788 INFO o.a.j.t.JMeterThread: Thread started: S2 1-189
2026-10-06 08:34:10,800 INFO o.a.j.t.JMeterThread: Thread started: S2 1-190
2026-10-06 08:34:10,808 INFO o.a.j.t.JMeterThread: Thread started: S2 1-191
2026-10-06 08:34:10,819 INFO o.a.j.t.JMeterThread: Thread started: S2 1-192
2026-10-06 08:34:10,832 INFO o.a.j.t.JMeterThread: Thread started: S2 1-193
2026-10-06 08:34:10,838 INFO o.a.j.t.JMeterThread: Thread started: S2 1-194
2026-10-06 08:34:10,847 INFO o.a.j.t.JMeterThread: Thread started: S2 1-195
2026-10-06 08:34:10,860 INFO o.a.j.t.JMeterThread: Thread started: S2 1-196
2026-10-06 08:34:10,867 INFO o.a.j.t.JMeterThread: Thread started: S2 1-197
2026-10-06 08:34:10,879 INFO o.a.j.t.JMeterThread: Thread started: S2 1-198
2026-10-06 08:34:10,887 INFO o.a.j.t.JMeterThread: Thread started: S2 1-199
2026-10-06 08:34:10,896 INFO o.a.j.t.JMeterThread: Thread started: S2 1-200
2026-10-06 08:34:10,906 INFO o.a.j.t.JMeterThread: Thread started: S2 1-201
2026-10-06 08:34:10,916 INFO o.a.j.t.JMeterThread: Thread started: S2 1-202
2026-10-06 08:34:10,928 INFO o.a.j.t.JMeterThread: Thread started: S2 1-203
2026-10-06 08:34:10,936 INFO o.a.j.t.JMeterThread: Thread started: S2 1-204
2026-10-06 08:34:10,947 INFO o.a.j.t.JMeterThread: Thread started: S2 1-205
2026-10-06 08:34:10,957 INFO o.a.j.t.JMeterThread: Thread started: S2 1-206
2026-10-06 08:34:10,969 INFO o.a.j.t.JMeterThread: Thread started: S2 1-207
2026-10-06 08:34:10,977 INFO o.a.j.t.JMeterThread: Thread started: S2 1-208
2026-10-06 08:34:10,986 INFO o.a.j.t.JMeterThread: Thread started: S2 1-209
2026-10-06 08:34:10,997 INFO o.a.j.t.JMeterThread: Thread started: S2 1-210
2026-10-06 08:34:11,008 INFO o.a.j.t.JMeterThread: Thread started: S2 1-211
2026-10-06 08:34:11,016 INFO o.a.j.t.JMeterThread: Thread started: S2 1-212
2026-10-06 08:34:11,027 INFO o.a.j.t.JMeterThread: Thread started: S2 1-213
2026-10-06 08:34:11,037 INFO o.a.j.t.JMeterThread: Thread started: S2 1-214
2026-10-06 08:34:11,047 INFO o.a.j.t.JMeterThread: Thread started: S2 1-215
2026-10-06 08:34:11,056 INFO o.a.j.t.JMeterThread: Thread started: S2 1-216
2026-10-06 08:34:11,067 INFO o.a.j.t.JMeterThread: Thread started: S2 1-217
2026-10-06 08:34:11,077 INFO o.a.j.t.JMeterThread: Thread started: S2 1-218
2026-10-06 08:34:11,087 INFO o.a.j.t.JMeterThread: Thread started: S2 1-219
2026-10-06 08:34:11,095 INFO o.a.j.t.JMeterThread: Thread started: S2 1-220
2026-10-06 08:34:11,107 INFO o.a.j.t.JMeterThread: Thread started: S2 1-221
2026-10-06 08:34:11,116 INFO o.a.j.t.JMeterThread: Thread started: S2 1-222
2026-10-06 08:34:11,126 INFO o.a.j.t.JMeterThread: Thread started: S2 1-223
2026-10-06 08:34:11,136 INFO o.a.j.t.JMeterThread: Thread started: S2 1-224
2026-10-06 08:34:11,146 INFO o.a.j.t.JMeterThread: Thread started: S2 1-225
2026-10-06 08:34:11,157 INFO o.a.j.t.JMeterThread: Thread started: S2 1-226
2026-10-06 08:34:11,165 INFO o.a.j.t.JMeterThread: Thread started: S2 1-227
2026-10-06 08:34:11,176 INFO o.a.j.t.JMeterThread: Thread started: S2 1-228
2026-10-06 08:34:11,186 INFO o.a.j.t.JMeterThread: Thread started: S2 1-229
2026-10-06 08:34:11,196 INFO o.a.j.t.JMeterThread: Thread started: S2 1-230
2026-10-06 08:34:11,214 INFO o.a.j.t.JMeterThread: Thread started: S2 1-231
2026-10-06 08:34:11,219 INFO o.a.j.t.JMeterThread: Thread started: S2 1-232
2026-10-06 08:34:11,229 INFO o.a.j.t.JMeterThread: Thread started: S2 1-233
2026-10-06 08:34:11,236 INFO o.a.j.t.JMeterThread: Thread started: S2 1-234
2026-10-06 08:34:11,247 INFO o.a.j.t.JMeterThread: Thread started: S2 1-235
2026-10-06 08:34:11,256 INFO o.a.j.t.JMeterThread: Thread started: S2 1-236
2026-10-06 08:34:11,265 INFO o.a.j.t.JMeterThread: Thread started: S2 1-237
2026-10-06 08:34:11,277 INFO o.a.j.t.JMeterThread: Thread started: S2 1-238
2026-10-06 08:34:11,290 INFO o.a.j.t.JMeterThread: Thread started: S2 1-239
2026-10-06 08:34:11,299 INFO o.a.j.t.JMeterThread: Thread started: S2 1-240
2026-10-06 08:34:11,309 INFO o.a.j.t.JMeterThread: Thread started: S2 1-241
2026-10-06 08:34:11,317 INFO o.a.j.t.JMeterThread: Thread started: S2 1-242
2026-10-06 08:34:11,329 INFO o.a.j.t.JMeterThread: Thread started: S2 1-243
2026-10-06 08:34:11,337 INFO o.a.j.t.JMeterThread: Thread started: S2 1-244
2026-10-06 08:34:11,346 INFO o.a.j.t.JMeterThread: Thread started: S2 1-245
2026-10-06 08:34:11,356 INFO o.a.j.t.JMeterThread: Thread started: S2 1-246
2026-10-06 08:34:11,368 INFO o.a.j.t.JMeterThread: Thread started: S2 1-247
2026-10-06 08:34:11,377 INFO o.a.j.t.JMeterThread: Thread started: S2 1-248
2026-10-06 08:34:11,387 INFO o.a.j.t.JMeterThread: Thread started: S2 1-249
2026-10-06 08:34:11,396 INFO o.a.j.t.JMeterThread: Thread started: S2 1-250
2026-10-06 08:34:11,406 INFO o.a.j.t.JMeterThread: Thread started: S2 1-251
2026-10-06 08:34:11,417 INFO o.a.j.t.JMeterThread: Thread started: S2 1-252
2026-10-06 08:34:11,427 INFO o.a.j.t.JMeterThread: Thread started: S2 1-253
2026-10-06 08:34:11,437 INFO o.a.j.t.JMeterThread: Thread started: S2 1-254
2026-10-06 08:34:11,448 INFO o.a.j.t.JMeterThread: Thread started: S2 1-255
2026-10-06 08:34:11,460 INFO o.a.j.t.JMeterThread: Thread started: S2 1-256
2026-10-06 08:34:11,470 INFO o.a.j.t.JMeterThread: Thread started: S2 1-257
2026-10-06 08:34:11,476 INFO o.a.j.t.JMeterThread: Thread started: S2 1-258
2026-10-06 08:34:11,486 INFO o.a.j.t.JMeterThread: Thread started: S2 1-259
2026-10-06 08:34:11,496 INFO o.a.j.t.JMeterThread: Thread started: S2 1-260
2026-10-06 08:34:11,507 INFO o.a.j.t.JMeterThread: Thread started: S2 1-261
2026-10-06 08:34:11,517 INFO o.a.j.t.JMeterThread: Thread started: S2 1-262
2026-10-06 08:34:11,526 INFO o.a.j.t.JMeterThread: Thread started: S2 1-263
2026-10-06 08:34:11,536 INFO o.a.j.t.JMeterThread: Thread started: S2 1-264
2026-10-06 08:34:11,546 INFO o.a.j.t.JMeterThread: Thread started: S2 1-265
2026-10-06 08:34:11,557 INFO o.a.j.t.JMeterThread: Thread started: S2 1-266
2026-10-06 08:34:11,567 INFO o.a.j.t.JMeterThread: Thread started: S2 1-267
2026-10-06 08:34:11,576 INFO o.a.j.t.JMeterThread: Thread started: S2 1-268
2026-10-06 08:34:11,588 INFO o.a.j.t.JMeterThread: Thread started: S2 1-269
2026-10-06 08:34:11,597 INFO o.a.j.t.JMeterThread: Thread started: S2 1-270
2026-10-06 08:34:11,607 INFO o.a.j.t.JMeterThread: Thread started: S2 1-271
2026-10-06 08:34:11,619 INFO o.a.j.t.JMeterThread: Thread started: S2 1-272
2026-10-06 08:34:11,626 INFO o.a.j.t.JMeterThread: Thread started: S2 1-273
2026-10-06 08:34:11,640 INFO o.a.j.t.JMeterThread: Thread started: S2 1-274
2026-10-06 08:34:11,646 INFO o.a.j.t.JMeterThread: Thread started: S2 1-275
2026-10-06 08:34:11,657 INFO o.a.j.t.JMeterThread: Thread started: S2 1-276
2026-10-06 08:34:11,676 INFO o.a.j.t.JMeterThread: Thread started: S2 1-278
2026-10-06 08:34:11,679 INFO o.a.j.t.JMeterThread: Thread started: S2 1-277
2026-10-06 08:34:11,687 INFO o.a.j.t.JMeterThread: Thread started: S2 1-279
2026-10-06 08:34:11,700 INFO o.a.j.t.JMeterThread: Thread started: S2 1-280
2026-10-06 08:34:11,710 INFO o.a.j.t.JMeterThread: Thread started: S2 1-281
2026-10-06 08:34:11,724 INFO o.a.j.t.JMeterThread: Thread started: S2 1-282
2026-10-06 08:34:11,729 INFO o.a.j.t.JMeterThread: Thread started: S2 1-283
2026-10-06 08:34:11,736 INFO o.a.j.t.JMeterThread: Thread started: S2 1-284
2026-10-06 08:34:11,752 INFO o.a.j.t.JMeterThread: Thread started: S2 1-285
2026-10-06 08:34:11,756 INFO o.a.j.t.JMeterThread: Thread started: S2 1-286
2026-10-06 08:34:11,766 INFO o.a.j.t.JMeterThread: Thread started: S2 1-287
2026-10-06 08:34:11,776 INFO o.a.j.t.JMeterThread: Thread started: S2 1-288
2026-10-06 08:34:11,788 INFO o.a.j.t.JMeterThread: Thread started: S2 1-289
2026-10-06 08:34:11,796 INFO o.a.j.t.JMeterThread: Thread started: S2 1-290
2026-10-06 08:34:11,809 INFO o.a.j.t.JMeterThread: Thread started: S2 1-291
2026-10-06 08:34:11,816 INFO o.a.j.t.JMeterThread: Thread started: S2 1-292
2026-10-06 08:34:11,826 INFO o.a.j.t.JMeterThread: Thread started: S2 1-293
2026-10-06 08:34:11,837 INFO o.a.j.t.JMeterThread: Thread started: S2 1-294
2026-10-06 08:34:11,845 INFO o.a.j.t.JMeterThread: Thread started: S2 1-295
2026-10-06 08:34:11,857 INFO o.a.j.t.JMeterThread: Thread started: S2 1-296
2026-10-06 08:34:11,865 INFO o.a.j.t.JMeterThread: Thread started: S2 1-297
2026-10-06 08:34:11,879 INFO o.a.j.t.JMeterThread: Thread started: S2 1-298
2026-10-06 08:34:11,886 INFO o.a.j.t.JMeterThread: Thread started: S2 1-299
2026-10-06 08:34:11,896 INFO o.a.j.t.JMeterThread: Thread started: S2 1-300
2026-10-06 08:34:11,906 INFO o.a.j.t.JMeterThread: Thread started: S2 1-301
2026-10-06 08:34:11,916 INFO o.a.j.t.JMeterThread: Thread started: S2 1-302
2026-10-06 08:34:11,925 INFO o.a.j.t.JMeterThread: Thread started: S2 1-303
2026-10-06 08:34:11,936 INFO o.a.j.t.JMeterThread: Thread started: S2 1-304
2026-10-06 08:34:11,946 INFO o.a.j.t.JMeterThread: Thread started: S2 1-305
2026-10-06 08:34:11,956 INFO o.a.j.t.JMeterThread: Thread started: S2 1-306
2026-10-06 08:34:11,973 INFO o.a.j.t.JMeterThread: Thread started: S2 1-307
2026-10-06 08:34:11,977 INFO o.a.j.t.JMeterThread: Thread started: S2 1-308
2026-10-06 08:34:11,987 INFO o.a.j.t.JMeterThread: Thread started: S2 1-309
2026-10-06 08:34:11,996 INFO o.a.j.t.JMeterThread: Thread started: S2 1-310
2026-10-06 08:34:12,006 INFO o.a.j.t.JMeterThread: Thread started: S2 1-311
2026-10-06 08:34:12,017 INFO o.a.j.t.JMeterThread: Thread started: S2 1-312
2026-10-06 08:34:12,026 INFO o.a.j.t.JMeterThread: Thread started: S2 1-313
2026-10-06 08:34:12,036 INFO o.a.j.t.JMeterThread: Thread started: S2 1-314
2026-10-06 08:34:12,047 INFO o.a.j.t.JMeterThread: Thread started: S2 1-315
2026-10-06 08:34:12,057 INFO o.a.j.t.JMeterThread: Thread started: S2 1-316
2026-10-06 08:34:12,066 INFO o.a.j.t.JMeterThread: Thread started: S2 1-317
2026-10-06 08:34:12,076 INFO o.a.j.t.JMeterThread: Thread started: S2 1-318
2026-10-06 08:34:12,086 INFO o.a.j.t.JMeterThread: Thread started: S2 1-319
2026-10-06 08:34:12,097 INFO o.a.j.t.JMeterThread: Thread started: S2 1-320
2026-10-06 08:34:12,106 INFO o.a.j.t.JMeterThread: Thread started: S2 1-321
2026-10-06 08:34:12,117 INFO o.a.j.t.JMeterThread: Thread started: S2 1-322
2026-10-06 08:34:12,126 INFO o.a.j.t.JMeterThread: Thread started: S2 1-323
2026-10-06 08:34:12,137 INFO o.a.j.t.JMeterThread: Thread started: S2 1-324
2026-10-06 08:34:12,147 INFO o.a.j.t.JMeterThread: Thread started: S2 1-325
2026-10-06 08:34:12,156 INFO o.a.j.t.JMeterThread: Thread started: S2 1-326
2026-10-06 08:34:12,166 INFO o.a.j.t.JMeterThread: Thread started: S2 1-327
2026-10-06 08:34:12,176 INFO o.a.j.t.JMeterThread: Thread started: S2 1-328
2026-10-06 08:34:12,186 INFO o.a.j.t.JMeterThread: Thread started: S2 1-329
2026-10-06 08:34:12,195 INFO o.a.j.t.JMeterThread: Thread started: S2 1-330
2026-10-06 08:34:12,206 INFO o.a.j.t.JMeterThread: Thread started: S2 1-331
2026-10-06 08:34:12,216 INFO o.a.j.t.JMeterThread: Thread started: S2 1-332
2026-10-06 08:34:12,225 INFO o.a.j.t.JMeterThread: Thread started: S2 1-333
2026-10-06 08:34:12,236 INFO o.a.j.t.JMeterThread: Thread started: S2 1-334
2026-10-06 08:34:12,245 INFO o.a.j.t.JMeterThread: Thread started: S2 1-335
2026-10-06 08:34:12,262 INFO o.a.j.t.JMeterThread: Thread started: S2 1-336
2026-10-06 08:34:12,268 INFO o.a.j.t.JMeterThread: Thread started: S2 1-337
2026-10-06 08:34:12,282 INFO o.a.j.t.JMeterThread: Thread started: S2 1-338
2026-10-06 08:34:12,287 INFO o.a.j.t.JMeterThread: Thread started: S2 1-339
2026-10-06 08:34:12,296 INFO o.a.j.t.JMeterThread: Thread started: S2 1-340
2026-10-06 08:34:12,306 INFO o.a.j.t.JMeterThread: Thread started: S2 1-341
2026-10-06 08:34:12,317 INFO o.a.j.t.JMeterThread: Thread started: S2 1-342
2026-10-06 08:34:12,325 INFO o.a.j.t.JMeterThread: Thread started: S2 1-343
2026-10-06 08:34:12,337 INFO o.a.j.t.JMeterThread: Thread started: S2 1-344
2026-10-06 08:34:12,346 INFO o.a.j.t.JMeterThread: Thread started: S2 1-345
2026-10-06 08:34:12,357 INFO o.a.j.t.JMeterThread: Thread started: S2 1-346
2026-10-06 08:34:12,368 INFO o.a.j.t.JMeterThread: Thread started: S2 1-347
2026-10-06 08:34:12,377 INFO o.a.j.t.JMeterThread: Thread started: S2 1-348
2026-10-06 08:34:12,385 INFO o.a.j.t.JMeterThread: Thread started: S2 1-349
2026-10-06 08:34:12,396 INFO o.a.j.t.JMeterThread: Thread started: S2 1-350
2026-10-06 08:34:12,407 INFO o.a.j.t.JMeterThread: Thread started: S2 1-351
2026-10-06 08:34:12,416 INFO o.a.j.t.JMeterThread: Thread started: S2 1-352
2026-10-06 08:34:12,426 INFO o.a.j.t.JMeterThread: Thread started: S2 1-353
2026-10-06 08:34:12,436 INFO o.a.j.t.JMeterThread: Thread started: S2 1-354
2026-10-06 08:34:12,447 INFO o.a.j.t.JMeterThread: Thread started: S2 1-355
2026-10-06 08:34:12,456 INFO o.a.j.t.JMeterThread: Thread started: S2 1-356
2026-10-06 08:34:12,466 INFO o.a.j.t.JMeterThread: Thread started: S2 1-357
2026-10-06 08:34:12,475 INFO o.a.j.t.JMeterThread: Thread started: S2 1-358
2026-10-06 08:34:12,486 INFO o.a.j.t.JMeterThread: Thread started: S2 1-359
2026-10-06 08:34:12,496 INFO o.a.j.t.JMeterThread: Thread started: S2 1-360
2026-10-06 08:34:12,505 INFO o.a.j.t.JMeterThread: Thread started: S2 1-361
2026-10-06 08:34:12,516 INFO o.a.j.t.JMeterThread: Thread started: S2 1-362
2026-10-06 08:34:12,526 INFO o.a.j.t.JMeterThread: Thread started: S2 1-363
2026-10-06 08:34:12,536 INFO o.a.j.t.JMeterThread: Thread started: S2 1-364
2026-10-06 08:34:12,546 INFO o.a.j.t.JMeterThread: Thread started: S2 1-365
2026-10-06 08:34:12,557 INFO o.a.j.t.JMeterThread: Thread started: S2 1-366
2026-10-06 08:34:12,565 INFO o.a.j.t.JMeterThread: Thread started: S2 1-367
2026-10-06 08:34:12,576 INFO o.a.j.t.JMeterThread: Thread started: S2 1-368
2026-10-06 08:34:12,586 INFO o.a.j.t.JMeterThread: Thread started: S2 1-369
2026-10-06 08:34:12,596 INFO o.a.j.t.JMeterThread: Thread started: S2 1-370
2026-10-06 08:34:12,607 INFO o.a.j.t.JMeterThread: Thread started: S2 1-371
2026-10-06 08:34:12,615 INFO o.a.j.t.JMeterThread: Thread started: S2 1-372
2026-10-06 08:34:12,627 INFO o.a.j.t.JMeterThread: Thread started: S2 1-373
2026-10-06 08:34:12,636 INFO o.a.j.t.JMeterThread: Thread started: S2 1-374
2026-10-06 08:34:12,646 INFO o.a.j.t.JMeterThread: Thread started: S2 1-375
2026-10-06 08:34:12,656 INFO o.a.j.t.JMeterThread: Thread started: S2 1-376
2026-10-06 08:34:12,666 INFO o.a.j.t.JMeterThread: Thread started: S2 1-377
2026-10-06 08:34:12,675 INFO o.a.j.t.JMeterThread: Thread started: S2 1-378
2026-10-06 08:34:12,686 INFO o.a.j.t.JMeterThread: Thread started: S2 1-379
2026-10-06 08:34:12,697 INFO o.a.j.t.JMeterThread: Thread started: S2 1-380
2026-10-06 08:34:12,706 INFO o.a.j.t.JMeterThread: Thread started: S2 1-381
2026-10-06 08:34:12,716 INFO o.a.j.t.JMeterThread: Thread started: S2 1-382
2026-10-06 08:34:12,726 INFO o.a.j.t.JMeterThread: Thread started: S2 1-383
2026-10-06 08:34:12,736 INFO o.a.j.t.JMeterThread: Thread started: S2 1-384
2026-10-06 08:34:12,746 INFO o.a.j.t.JMeterThread: Thread started: S2 1-385
2026-10-06 08:34:12,756 INFO o.a.j.t.JMeterThread: Thread started: S2 1-386
2026-10-06 08:34:12,767 INFO o.a.j.t.JMeterThread: Thread started: S2 1-387
2026-10-06 08:34:12,777 INFO o.a.j.t.JMeterThread: Thread started: S2 1-388
2026-10-06 08:34:12,786 INFO o.a.j.t.JMeterThread: Thread started: S2 1-389
2026-10-06 08:34:12,800 INFO o.a.j.t.JMeterThread: Thread started: S2 1-390
2026-10-06 08:34:12,807 INFO o.a.j.t.JMeterThread: Thread started: S2 1-391
2026-10-06 08:34:12,815 INFO o.a.j.t.JMeterThread: Thread started: S2 1-392
2026-10-06 08:34:12,827 INFO o.a.j.t.JMeterThread: Thread started: S2 1-393
2026-10-06 08:34:12,835 INFO o.a.j.t.JMeterThread: Thread started: S2 1-394
2026-10-06 08:34:12,846 INFO o.a.j.t.JMeterThread: Thread started: S2 1-395
2026-10-06 08:34:12,857 INFO o.a.j.t.JMeterThread: Thread started: S2 1-396
2026-10-06 08:34:12,866 INFO o.a.j.t.JMeterThread: Thread started: S2 1-397
2026-10-06 08:34:12,876 INFO o.a.j.t.JMeterThread: Thread started: S2 1-398
2026-10-06 08:34:12,885 INFO o.a.j.t.JMeterThread: Thread started: S2 1-399
2026-10-06 08:34:12,901 INFO o.a.j.t.JMeterThread: Thread started: S2 1-400
2026-10-06 08:34:12,906 INFO o.a.j.t.JMeterThread: Thread started: S2 1-401
2026-10-06 08:34:12,915 INFO o.a.j.t.JMeterThread: Thread started: S2 1-402
2026-10-06 08:34:12,926 INFO o.a.j.t.JMeterThread: Thread started: S2 1-403
2026-10-06 08:34:12,937 INFO o.a.j.t.JMeterThread: Thread started: S2 1-404
2026-10-06 08:34:12,946 INFO o.a.j.t.JMeterThread: Thread started: S2 1-405
2026-10-06 08:34:12,957 INFO o.a.j.t.JMeterThread: Thread started: S2 1-406
2026-10-06 08:34:12,965 INFO o.a.j.t.JMeterThread: Thread started: S2 1-407
2026-10-06 08:34:12,978 INFO o.a.j.t.JMeterThread: Thread started: S2 1-408
2026-10-06 08:34:12,988 INFO o.a.j.t.JMeterThread: Thread started: S2 1-409
2026-10-06 08:34:12,996 INFO o.a.j.t.JMeterThread: Thread started: S2 1-410
2026-10-06 08:34:13,006 INFO o.a.j.t.JMeterThread: Thread started: S2 1-411
2026-10-06 08:34:13,016 INFO o.a.j.t.JMeterThread: Thread started: S2 1-412
2026-10-06 08:34:13,026 INFO o.a.j.t.JMeterThread: Thread started: S2 1-413
2026-10-06 08:34:13,036 INFO o.a.j.t.JMeterThread: Thread started: S2 1-414
2026-10-06 08:34:13,048 INFO o.a.j.t.JMeterThread: Thread started: S2 1-415
2026-10-06 08:34:13,057 INFO o.a.j.t.JMeterThread: Thread started: S2 1-416
2026-10-06 08:34:13,067 INFO o.a.j.t.JMeterThread: Thread started: S2 1-417
2026-10-06 08:34:13,077 INFO o.a.j.t.JMeterThread: Thread started: S2 1-418
2026-10-06 08:34:13,085 INFO o.a.j.t.JMeterThread: Thread started: S2 1-419
2026-10-06 08:34:13,096 INFO o.a.j.t.JMeterThread: Thread started: S2 1-420
2026-10-06 08:34:13,106 INFO o.a.j.t.JMeterThread: Thread started: S2 1-421
2026-10-06 08:34:13,115 INFO o.a.j.t.JMeterThread: Thread started: S2 1-422
2026-10-06 08:34:13,126 INFO o.a.j.t.JMeterThread: Thread started: S2 1-423
2026-10-06 08:34:13,136 INFO o.a.j.t.JMeterThread: Thread started: S2 1-424
2026-10-06 08:34:13,146 INFO o.a.j.t.JMeterThread: Thread started: S2 1-425
2026-10-06 08:34:13,158 INFO o.a.j.t.JMeterThread: Thread started: S2 1-426
2026-10-06 08:34:13,167 INFO o.a.j.t.JMeterThread: Thread started: S2 1-427
2026-10-06 08:34:13,176 INFO o.a.j.t.JMeterThread: Thread started: S2 1-428
2026-10-06 08:34:13,186 INFO o.a.j.t.JMeterThread: Thread started: S2 1-429
2026-10-06 08:34:13,195 INFO o.a.j.t.JMeterThread: Thread started: S2 1-430
2026-10-06 08:34:13,206 INFO o.a.j.t.JMeterThread: Thread started: S2 1-431
2026-10-06 08:34:13,216 INFO o.a.j.t.JMeterThread: Thread started: S2 1-432
2026-10-06 08:34:13,226 INFO o.a.j.t.JMeterThread: Thread started: S2 1-433
2026-10-06 08:34:13,238 INFO o.a.j.t.JMeterThread: Thread started: S2 1-434
2026-10-06 08:34:13,247 INFO o.a.j.t.JMeterThread: Thread started: S2 1-435
2026-10-06 08:34:13,256 INFO o.a.j.t.JMeterThread: Thread started: S2 1-436
2026-10-06 08:34:13,266 INFO o.a.j.t.JMeterThread: Thread started: S2 1-437
2026-10-06 08:34:13,275 INFO o.a.j.t.JMeterThread: Thread started: S2 1-438
2026-10-06 08:34:13,286 INFO o.a.j.t.JMeterThread: Thread started: S2 1-439
2026-10-06 08:34:13,296 INFO o.a.j.t.JMeterThread: Thread started: S2 1-440
2026-10-06 08:34:13,314 INFO o.a.j.t.JMeterThread: Thread started: S2 1-441
2026-10-06 08:34:13,318 INFO o.a.j.t.JMeterThread: Thread started: S2 1-442
2026-10-06 08:34:13,326 INFO o.a.j.t.JMeterThread: Thread started: S2 1-443
2026-10-06 08:34:13,336 INFO o.a.j.t.JMeterThread: Thread started: S2 1-444
2026-10-06 08:34:13,346 INFO o.a.j.t.JMeterThread: Thread started: S2 1-445
2026-10-06 08:34:13,357 INFO o.a.j.t.JMeterThread: Thread started: S2 1-446
2026-10-06 08:34:13,371 INFO o.a.j.t.JMeterThread: Thread started: S2 1-447
2026-10-06 08:34:13,376 INFO o.a.j.t.JMeterThread: Thread started: S2 1-448
2026-10-06 08:34:13,386 INFO o.a.j.t.JMeterThread: Thread started: S2 1-449
2026-10-06 08:34:13,395 INFO o.a.j.t.JMeterThread: Thread started: S2 1-450
2026-10-06 08:34:13,408 INFO o.a.j.t.JMeterThread: Thread started: S2 1-451
2026-10-06 08:34:13,416 INFO o.a.j.t.JMeterThread: Thread started: S2 1-452
2026-10-06 08:34:13,426 INFO o.a.j.t.JMeterThread: Thread started: S2 1-453
2026-10-06 08:34:13,436 INFO o.a.j.t.JMeterThread: Thread started: S2 1-454
2026-10-06 08:34:13,447 INFO o.a.j.t.JMeterThread: Thread started: S2 1-455
2026-10-06 08:34:13,457 INFO o.a.j.t.JMeterThread: Thread started: S2 1-456
2026-10-06 08:34:13,465 INFO o.a.j.t.JMeterThread: Thread started: S2 1-457
2026-10-06 08:34:13,476 INFO o.a.j.t.JMeterThread: Thread started: S2 1-458
2026-10-06 08:34:13,487 INFO o.a.j.t.JMeterThread: Thread started: S2 1-459
2026-10-06 08:34:13,497 INFO o.a.j.t.JMeterThread: Thread started: S2 1-460
2026-10-06 08:34:13,506 INFO o.a.j.t.JMeterThread: Thread started: S2 1-461
2026-10-06 08:34:13,517 INFO o.a.j.t.JMeterThread: Thread started: S2 1-462
2026-10-06 08:34:13,526 INFO o.a.j.t.JMeterThread: Thread started: S2 1-463
2026-10-06 08:34:13,536 INFO o.a.j.t.JMeterThread: Thread started: S2 1-464
2026-10-06 08:34:13,546 INFO o.a.j.t.JMeterThread: Thread started: S2 1-465
2026-10-06 08:34:13,555 INFO o.a.j.t.JMeterThread: Thread started: S2 1-466
2026-10-06 08:34:13,571 INFO o.a.j.t.JMeterThread: Thread started: S2 1-467
2026-10-06 08:34:13,577 INFO o.a.j.t.JMeterThread: Thread started: S2 1-468
2026-10-06 08:34:13,586 INFO o.a.j.t.JMeterThread: Thread started: S2 1-469
2026-10-06 08:34:13,597 INFO o.a.j.t.JMeterThread: Thread started: S2 1-470
2026-10-06 08:34:13,605 INFO o.a.j.t.JMeterThread: Thread started: S2 1-471
2026-10-06 08:34:13,616 INFO o.a.j.t.JMeterThread: Thread started: S2 1-472
2026-10-06 08:34:13,629 INFO o.a.j.t.JMeterThread: Thread started: S2 1-473
2026-10-06 08:34:13,640 INFO o.a.j.t.JMeterThread: Thread started: S2 1-474
2026-10-06 08:34:13,645 INFO o.a.j.t.JMeterThread: Thread started: S2 1-475
2026-10-06 08:34:13,656 INFO o.a.j.t.JMeterThread: Thread started: S2 1-476
2026-10-06 08:34:13,666 INFO o.a.j.t.JMeterThread: Thread started: S2 1-477
2026-10-06 08:34:13,679 INFO o.a.j.t.JMeterThread: Thread started: S2 1-478
2026-10-06 08:34:13,685 INFO o.a.j.t.JMeterThread: Thread started: S2 1-479
2026-10-06 08:34:13,698 INFO o.a.j.t.JMeterThread: Thread started: S2 1-480
2026-10-06 08:34:13,707 INFO o.a.j.t.JMeterThread: Thread started: S2 1-481
2026-10-06 08:34:13,720 INFO o.a.j.t.JMeterThread: Thread started: S2 1-482
2026-10-06 08:34:13,726 INFO o.a.j.t.JMeterThread: Thread started: S2 1-483
2026-10-06 08:34:13,736 INFO o.a.j.t.JMeterThread: Thread started: S2 1-484
2026-10-06 08:34:13,746 INFO o.a.j.t.JMeterThread: Thread started: S2 1-485
2026-10-06 08:34:13,757 INFO o.a.j.t.JMeterThread: Thread started: S2 1-486
2026-10-06 08:34:13,765 INFO o.a.j.t.JMeterThread: Thread started: S2 1-487
2026-10-06 08:34:13,776 INFO o.a.j.t.JMeterThread: Thread started: S2 1-488
2026-10-06 08:34:13,786 INFO o.a.j.t.JMeterThread: Thread started: S2 1-489
2026-10-06 08:34:13,800 INFO o.a.j.t.JMeterThread: Thread started: S2 1-490
2026-10-06 08:34:13,806 INFO o.a.j.t.JMeterThread: Thread started: S2 1-491
2026-10-06 08:34:13,816 INFO o.a.j.t.JMeterThread: Thread started: S2 1-492
2026-10-06 08:34:13,826 INFO o.a.j.t.JMeterThread: Thread started: S2 1-493
2026-10-06 08:34:13,836 INFO o.a.j.t.JMeterThread: Thread started: S2 1-494
2026-10-06 08:34:13,847 INFO o.a.j.t.JMeterThread: Thread started: S2 1-495
2026-10-06 08:34:13,856 INFO o.a.j.t.JMeterThread: Thread started: S2 1-496
2026-10-06 08:34:13,868 INFO o.a.j.t.JMeterThread: Thread started: S2 1-497
2026-10-06 08:34:13,877 INFO o.a.j.t.JMeterThread: Thread started: S2 1-498
2026-10-06 08:34:13,886 INFO o.a.j.t.JMeterThread: Thread started: S2 1-499
2026-10-06 08:34:13,897 INFO o.a.j.t.JMeterThread: Thread started: S2 1-500
2026-10-06 08:34:13,907 INFO o.a.j.t.JMeterThread: Thread started: S2 1-501
2026-10-06 08:34:13,916 INFO o.a.j.t.JMeterThread: Thread started: S2 1-502
2026-10-06 08:34:13,927 INFO o.a.j.t.JMeterThread: Thread started: S2 1-503
2026-10-06 08:34:13,937 INFO o.a.j.t.JMeterThread: Thread started: S2 1-504
2026-10-06 08:34:13,946 INFO o.a.j.t.JMeterThread: Thread started: S2 1-505
2026-10-06 08:34:13,957 INFO o.a.j.t.JMeterThread: Thread started: S2 1-506
2026-10-06 08:34:13,969 INFO o.a.j.t.JMeterThread: Thread started: S2 1-507
2026-10-06 08:34:13,976 INFO o.a.j.t.JMeterThread: Thread started: S2 1-508
2026-10-06 08:34:13,986 INFO o.a.j.t.JMeterThread: Thread started: S2 1-509
2026-10-06 08:34:13,996 INFO o.a.j.t.JMeterThread: Thread started: S2 1-510
2026-10-06 08:34:14,006 INFO o.a.j.t.JMeterThread: Thread started: S2 1-511
2026-10-06 08:34:14,016 INFO o.a.j.t.JMeterThread: Thread started: S2 1-512
2026-10-06 08:34:14,027 INFO o.a.j.t.JMeterThread: Thread started: S2 1-513
2026-10-06 08:34:14,037 INFO o.a.j.t.JMeterThread: Thread started: S2 1-514
2026-10-06 08:34:14,046 INFO o.a.j.t.JMeterThread: Thread started: S2 1-515
2026-10-06 08:34:14,058 INFO o.a.j.t.JMeterThread: Thread started: S2 1-516
2026-10-06 08:34:14,067 INFO o.a.j.t.JMeterThread: Thread started: S2 1-517
2026-10-06 08:34:14,077 INFO o.a.j.t.JMeterThread: Thread started: S2 1-518
2026-10-06 08:34:14,085 INFO o.a.j.t.JMeterThread: Thread started: S2 1-519
2026-10-06 08:34:14,096 INFO o.a.j.t.JMeterThread: Thread started: S2 1-520
2026-10-06 08:34:14,107 INFO o.a.j.t.JMeterThread: Thread started: S2 1-521
2026-10-06 08:34:14,116 INFO o.a.j.t.JMeterThread: Thread started: S2 1-522
2026-10-06 08:34:14,126 INFO o.a.j.t.JMeterThread: Thread started: S2 1-523
2026-10-06 08:34:14,138 INFO o.a.j.t.JMeterThread: Thread started: S2 1-524
2026-10-06 08:34:14,146 INFO o.a.j.t.JMeterThread: Thread started: S2 1-525
2026-10-06 08:34:14,157 INFO o.a.j.t.JMeterThread: Thread started: S2 1-526
2026-10-06 08:34:14,167 INFO o.a.j.t.JMeterThread: Thread started: S2 1-527
2026-10-06 08:34:14,177 INFO o.a.j.t.JMeterThread: Thread started: S2 1-528
2026-10-06 08:34:14,187 INFO o.a.j.t.JMeterThread: Thread started: S2 1-529
2026-10-06 08:34:14,196 INFO o.a.j.t.JMeterThread: Thread started: S2 1-530
2026-10-06 08:34:14,208 INFO o.a.j.t.JMeterThread: Thread started: S2 1-531
2026-10-06 08:34:14,218 INFO o.a.j.t.JMeterThread: Thread started: S2 1-532
2026-10-06 08:34:14,228 INFO o.a.j.t.JMeterThread: Thread started: S2 1-533
2026-10-06 08:34:14,236 INFO o.a.j.t.JMeterThread: Thread started: S2 1-534
2026-10-06 08:34:14,248 INFO o.a.j.t.JMeterThread: Thread started: S2 1-535
2026-10-06 08:34:14,259 INFO o.a.j.t.JMeterThread: Thread started: S2 1-536
2026-10-06 08:34:14,266 INFO o.a.j.t.JMeterThread: Thread started: S2 1-537
2026-10-06 08:34:14,277 INFO o.a.j.t.JMeterThread: Thread started: S2 1-538
2026-10-06 08:34:14,286 INFO o.a.j.t.JMeterThread: Thread started: S2 1-539
2026-10-06 08:34:14,296 INFO o.a.j.t.JMeterThread: Thread started: S2 1-540
2026-10-06 08:34:14,307 INFO o.a.j.t.JMeterThread: Thread started: S2 1-541
2026-10-06 08:34:14,316 INFO o.a.j.t.JMeterThread: Thread started: S2 1-542
2026-10-06 08:34:14,328 INFO o.a.j.t.JMeterThread: Thread started: S2 1-543
2026-10-06 08:34:14,336 INFO o.a.j.t.JMeterThread: Thread started: S2 1-544
2026-10-06 08:34:14,347 INFO o.a.j.t.JMeterThread: Thread started: S2 1-545
2026-10-06 08:34:14,357 INFO o.a.j.t.JMeterThread: Thread started: S2 1-546
2026-10-06 08:34:14,367 INFO o.a.j.t.JMeterThread: Thread started: S2 1-547
2026-10-06 08:34:14,376 INFO o.a.j.t.JMeterThread: Thread started: S2 1-548
2026-10-06 08:34:14,386 INFO o.a.j.t.JMeterThread: Thread started: S2 1-549
2026-10-06 08:34:14,396 INFO o.a.j.t.JMeterThread: Thread started: S2 1-550
2026-10-06 08:34:14,407 INFO o.a.j.t.JMeterThread: Thread started: S2 1-551
2026-10-06 08:34:14,416 INFO o.a.j.t.JMeterThread: Thread started: S2 1-552
2026-10-06 08:34:14,428 INFO o.a.j.t.JMeterThread: Thread started: S2 1-553
2026-10-06 08:34:14,437 INFO o.a.j.t.JMeterThread: Thread started: S2 1-554
2026-10-06 08:34:14,451 INFO o.a.j.t.JMeterThread: Thread started: S2 1-555
2026-10-06 08:34:14,458 INFO o.a.j.t.JMeterThread: Thread started: S2 1-556
2026-10-06 08:34:14,469 INFO o.a.j.t.JMeterThread: Thread started: S2 1-557
2026-10-06 08:34:14,479 INFO o.a.j.t.JMeterThread: Thread started: S2 1-558
2026-10-06 08:34:14,490 INFO o.a.j.t.JMeterThread: Thread started: S2 1-559
2026-10-06 08:34:14,496 INFO o.a.j.t.JMeterThread: Thread started: S2 1-560
2026-10-06 08:34:14,506 INFO o.a.j.t.JMeterThread: Thread started: S2 1-561
2026-10-06 08:34:14,518 INFO o.a.j.t.JMeterThread: Thread started: S2 1-562
2026-10-06 08:34:14,526 INFO o.a.j.t.JMeterThread: Thread started: S2 1-563
2026-10-06 08:34:14,536 INFO o.a.j.t.JMeterThread: Thread started: S2 1-564
2026-10-06 08:34:14,545 INFO o.a.j.t.JMeterThread: Thread started: S2 1-565
2026-10-06 08:34:14,557 INFO o.a.j.t.JMeterThread: Thread started: S2 1-566
2026-10-06 08:34:14,566 INFO o.a.j.t.JMeterThread: Thread started: S2 1-567
2026-10-06 08:34:14,575 INFO o.a.j.t.JMeterThread: Thread started: S2 1-568
2026-10-06 08:34:14,586 INFO o.a.j.t.JMeterThread: Thread started: S2 1-569
2026-10-06 08:34:14,597 INFO o.a.j.t.JMeterThread: Thread started: S2 1-570
2026-10-06 08:34:14,607 INFO o.a.j.t.JMeterThread: Thread started: S2 1-571
2026-10-06 08:34:14,616 INFO o.a.j.t.JMeterThread: Thread started: S2 1-572
2026-10-06 08:34:14,627 INFO o.a.j.t.JMeterThread: Thread started: S2 1-573
2026-10-06 08:34:14,641 INFO o.a.j.t.JMeterThread: Thread started: S2 1-574
2026-10-06 08:34:14,648 INFO o.a.j.t.JMeterThread: Thread started: S2 1-575
2026-10-06 08:34:14,656 INFO o.a.j.t.JMeterThread: Thread started: S2 1-576
2026-10-06 08:34:14,666 INFO o.a.j.t.JMeterThread: Thread started: S2 1-577
2026-10-06 08:34:14,677 INFO o.a.j.t.JMeterThread: Thread started: S2 1-578
2026-10-06 08:34:14,687 INFO o.a.j.t.JMeterThread: Thread started: S2 1-579
2026-10-06 08:34:14,700 INFO o.a.j.t.JMeterThread: Thread started: S2 1-580
2026-10-06 08:34:14,707 INFO o.a.j.t.JMeterThread: Thread started: S2 1-581
2026-10-06 08:34:14,715 INFO o.a.j.t.JMeterThread: Thread started: S2 1-582
2026-10-06 08:34:14,727 INFO o.a.j.t.JMeterThread: Thread started: S2 1-583
2026-10-06 08:34:14,738 INFO o.a.j.t.JMeterThread: Thread started: S2 1-584
2026-10-06 08:34:14,747 INFO o.a.j.t.JMeterThread: Thread started: S2 1-585
2026-10-06 08:34:14,758 INFO o.a.j.t.JMeterThread: Thread started: S2 1-586
2026-10-06 08:34:14,766 INFO o.a.j.t.JMeterThread: Thread started: S2 1-587
2026-10-06 08:34:14,776 INFO o.a.j.t.JMeterThread: Thread started: S2 1-588
2026-10-06 08:34:14,797 INFO o.a.j.t.JMeterThread: Thread started: S2 1-589
2026-10-06 08:34:14,797 INFO o.a.j.t.JMeterThread: Thread started: S2 1-590
2026-10-06 08:34:14,807 INFO o.a.j.t.JMeterThread: Thread started: S2 1-591
2026-10-06 08:34:14,816 INFO o.a.j.t.JMeterThread: Thread started: S2 1-592
2026-10-06 08:34:14,831 INFO o.a.j.t.JMeterThread: Thread started: S2 1-593
2026-10-06 08:34:14,836 INFO o.a.j.t.JMeterThread: Thread started: S2 1-594
2026-10-06 08:34:14,847 INFO o.a.j.t.JMeterThread: Thread started: S2 1-595
2026-10-06 08:34:14,856 INFO o.a.j.t.JMeterThread: Thread started: S2 1-596
2026-10-06 08:34:14,866 INFO o.a.j.t.JMeterThread: Thread started: S2 1-597
2026-10-06 08:34:14,876 INFO o.a.j.t.JMeterThread: Thread started: S2 1-598
2026-10-06 08:34:14,885 INFO o.a.j.t.JMeterThread: Thread started: S2 1-599
2026-10-06 08:34:14,896 INFO o.a.j.t.JMeterThread: Thread started: S2 1-600
2026-10-06 08:34:14,907 INFO o.a.j.t.JMeterThread: Thread started: S2 1-601
2026-10-06 08:34:14,917 INFO o.a.j.t.JMeterThread: Thread started: S2 1-602
2026-10-06 08:34:14,926 INFO o.a.j.t.JMeterThread: Thread started: S2 1-603
2026-10-06 08:34:14,936 INFO o.a.j.t.JMeterThread: Thread started: S2 1-604
2026-10-06 08:34:14,947 INFO o.a.j.t.JMeterThread: Thread started: S2 1-605
2026-10-06 08:34:14,957 INFO o.a.j.t.JMeterThread: Thread started: S2 1-606
2026-10-06 08:34:14,966 INFO o.a.j.t.JMeterThread: Thread started: S2 1-607
2026-10-06 08:34:14,977 INFO o.a.j.t.JMeterThread: Thread started: S2 1-608
2026-10-06 08:34:14,986 INFO o.a.j.t.JMeterThread: Thread started: S2 1-609
2026-10-06 08:34:14,997 INFO o.a.j.t.JMeterThread: Thread started: S2 1-610
2026-10-06 08:34:15,007 INFO o.a.j.t.JMeterThread: Thread started: S2 1-611
2026-10-06 08:34:15,018 INFO o.a.j.t.JMeterThread: Thread started: S2 1-612
2026-10-06 08:34:15,030 INFO o.a.j.t.JMeterThread: Thread started: S2 1-613
2026-10-06 08:34:15,037 INFO o.a.j.t.JMeterThread: Thread started: S2 1-614
2026-10-06 08:34:15,048 INFO o.a.j.t.JMeterThread: Thread started: S2 1-615
2026-10-06 08:34:15,059 INFO o.a.j.t.JMeterThread: Thread started: S2 1-616
2026-10-06 08:34:15,067 INFO o.a.j.t.JMeterThread: Thread started: S2 1-617
2026-10-06 08:34:15,076 INFO o.a.j.t.JMeterThread: Thread started: S2 1-618
2026-10-06 08:34:15,086 INFO o.a.j.t.JMeterThread: Thread started: S2 1-619
2026-10-06 08:34:15,097 INFO o.a.j.t.JMeterThread: Thread started: S2 1-620
2026-10-06 08:34:15,106 INFO o.a.j.t.JMeterThread: Thread started: S2 1-621
2026-10-06 08:34:15,121 INFO o.a.j.t.JMeterThread: Thread started: S2 1-622
2026-10-06 08:34:15,126 INFO o.a.j.t.JMeterThread: Thread started: S2 1-623
2026-10-06 08:34:15,136 INFO o.a.j.t.JMeterThread: Thread started: S2 1-624
2026-10-06 08:34:15,147 INFO o.a.j.t.JMeterThread: Thread started: S2 1-625
2026-10-06 08:34:15,156 INFO o.a.j.t.JMeterThread: Thread started: S2 1-626
2026-10-06 08:34:15,166 INFO o.a.j.t.JMeterThread: Thread started: S2 1-627
2026-10-06 08:34:15,177 INFO o.a.j.t.JMeterThread: Thread started: S2 1-628
2026-10-06 08:34:15,186 INFO o.a.j.t.JMeterThread: Thread started: S2 1-629
2026-10-06 08:34:15,196 INFO o.a.j.t.JMeterThread: Thread started: S2 1-630
2026-10-06 08:34:15,205 INFO o.a.j.t.JMeterThread: Thread started: S2 1-631
2026-10-06 08:34:15,216 INFO o.a.j.t.JMeterThread: Thread started: S2 1-632
2026-10-06 08:34:15,228 INFO o.a.j.t.JMeterThread: Thread started: S2 1-633
2026-10-06 08:34:15,239 INFO o.a.j.t.JMeterThread: Thread started: S2 1-634
2026-10-06 08:34:15,246 INFO o.a.j.t.JMeterThread: Thread started: S2 1-635
2026-10-06 08:34:15,260 INFO o.a.j.t.JMeterThread: Thread started: S2 1-636
2026-10-06 08:34:15,272 INFO o.a.j.t.JMeterThread: Thread started: S2 1-637
2026-10-06 08:34:15,277 INFO o.a.j.t.JMeterThread: Thread started: S2 1-638
2026-10-06 08:34:15,290 INFO o.a.j.t.JMeterThread: Thread started: S2 1-639
2026-10-06 08:34:15,302 INFO o.a.j.t.JMeterThread: Thread started: S2 1-640
2026-10-06 08:34:15,308 INFO o.a.j.t.JMeterThread: Thread started: S2 1-641
2026-10-06 08:34:15,318 INFO o.a.j.t.JMeterThread: Thread started: S2 1-642
2026-10-06 08:34:15,327 INFO o.a.j.t.JMeterThread: Thread started: S2 1-643
2026-10-06 08:34:15,337 INFO o.a.j.t.JMeterThread: Thread started: S2 1-644
2026-10-06 08:34:15,347 INFO o.a.j.t.JMeterThread: Thread started: S2 1-645
2026-10-06 08:34:15,357 INFO o.a.j.t.JMeterThread: Thread started: S2 1-646
2026-10-06 08:34:15,367 INFO o.a.j.t.JMeterThread: Thread started: S2 1-647
2026-10-06 08:34:15,377 INFO o.a.j.t.JMeterThread: Thread started: S2 1-648
2026-10-06 08:34:15,386 INFO o.a.j.t.JMeterThread: Thread started: S2 1-649
2026-10-06 08:34:15,399 INFO o.a.j.t.JMeterThread: Thread started: S2 1-650
2026-10-06 08:34:15,411 INFO o.a.j.t.JMeterThread: Thread started: S2 1-651
2026-10-06 08:34:15,419 INFO o.a.j.t.JMeterThread: Thread started: S2 1-652
2026-10-06 08:34:15,426 INFO o.a.j.t.JMeterThread: Thread started: S2 1-653
2026-10-06 08:34:15,436 INFO o.a.j.t.JMeterThread: Thread started: S2 1-654
2026-10-06 08:34:15,445 INFO o.a.j.t.JMeterThread: Thread started: S2 1-655
2026-10-06 08:34:15,460 INFO o.a.j.t.JMeterThread: Thread started: S2 1-656
2026-10-06 08:34:15,467 INFO o.a.j.t.JMeterThread: Thread started: S2 1-657
2026-10-06 08:34:15,478 INFO o.a.j.t.JMeterThread: Thread started: S2 1-658
2026-10-06 08:34:15,487 INFO o.a.j.t.JMeterThread: Thread started: S2 1-659
2026-10-06 08:34:15,496 INFO o.a.j.t.JMeterThread: Thread started: S2 1-660
2026-10-06 08:34:15,506 INFO o.a.j.t.JMeterThread: Thread started: S2 1-661
2026-10-06 08:34:15,516 INFO o.a.j.t.JMeterThread: Thread started: S2 1-662
2026-10-06 08:34:15,530 INFO o.a.j.t.JMeterThread: Thread started: S2 1-663
2026-10-06 08:34:15,537 INFO o.a.j.t.JMeterThread: Thread started: S2 1-664
2026-10-06 08:34:15,552 INFO o.a.j.t.JMeterThread: Thread started: S2 1-665
2026-10-06 08:34:15,556 INFO o.a.j.t.JMeterThread: Thread started: S2 1-666
2026-10-06 08:34:15,566 INFO o.a.j.t.JMeterThread: Thread started: S2 1-667
2026-10-06 08:34:15,576 INFO o.a.j.t.JMeterThread: Thread started: S2 1-668
2026-10-06 08:34:15,586 INFO o.a.j.t.JMeterThread: Thread started: S2 1-669
2026-10-06 08:34:15,599 INFO o.a.j.t.JMeterThread: Thread started: S2 1-670
2026-10-06 08:34:15,606 INFO o.a.j.t.JMeterThread: Thread started: S2 1-671
2026-10-06 08:34:15,616 INFO o.a.j.t.JMeterThread: Thread started: S2 1-672
2026-10-06 08:34:15,626 INFO o.a.j.t.JMeterThread: Thread started: S2 1-673
2026-10-06 08:34:15,636 INFO o.a.j.t.JMeterThread: Thread started: S2 1-674
2026-10-06 08:34:15,647 INFO o.a.j.t.JMeterThread: Thread started: S2 1-675
2026-10-06 08:34:15,656 INFO o.a.j.t.JMeterThread: Thread started: S2 1-676
2026-10-06 08:34:15,669 INFO o.a.j.t.JMeterThread: Thread started: S2 1-677
2026-10-06 08:34:15,679 INFO o.a.j.t.JMeterThread: Thread started: S2 1-678
2026-10-06 08:34:15,687 INFO o.a.j.t.JMeterThread: Thread started: S2 1-679
2026-10-06 08:34:15,696 INFO o.a.j.t.JMeterThread: Thread started: S2 1-680
2026-10-06 08:34:15,709 INFO o.a.j.t.JMeterThread: Thread started: S2 1-681
2026-10-06 08:34:15,718 INFO o.a.j.t.JMeterThread: Thread started: S2 1-682
2026-10-06 08:34:15,728 INFO o.a.j.t.JMeterThread: Thread started: S2 1-683
2026-10-06 08:34:15,739 INFO o.a.j.t.JMeterThread: Thread started: S2 1-684
2026-10-06 08:34:15,747 INFO o.a.j.t.JMeterThread: Thread started: S2 1-685
2026-10-06 08:34:15,762 INFO o.a.j.t.JMeterThread: Thread started: S2 1-686
2026-10-06 08:34:15,766 INFO o.a.j.t.JMeterThread: Thread started: S2 1-687
2026-10-06 08:34:15,775 INFO o.a.j.t.JMeterThread: Thread started: S2 1-688
2026-10-06 08:34:15,786 INFO o.a.j.t.JMeterThread: Thread started: S2 1-689
2026-10-06 08:34:15,796 INFO o.a.j.t.JMeterThread: Thread started: S2 1-690
2026-10-06 08:34:15,806 INFO o.a.j.t.JMeterThread: Thread started: S2 1-691
2026-10-06 08:34:15,818 INFO o.a.j.t.JMeterThread: Thread started: S2 1-692
2026-10-06 08:34:15,827 INFO o.a.j.t.JMeterThread: Thread started: S2 1-693
2026-10-06 08:34:15,839 INFO o.a.j.t.JMeterThread: Thread started: S2 1-694
2026-10-06 08:34:15,854 INFO o.a.j.t.JMeterThread: Thread started: S2 1-695
2026-10-06 08:34:15,856 INFO o.a.j.t.JMeterThread: Thread started: S2 1-696
2026-10-06 08:34:15,868 INFO o.a.j.t.JMeterThread: Thread started: S2 1-697
2026-10-06 08:34:15,876 INFO o.a.j.t.JMeterThread: Thread started: S2 1-698
2026-10-06 08:34:15,886 INFO o.a.j.t.JMeterThread: Thread started: S2 1-699
2026-10-06 08:34:15,896 INFO o.a.j.t.JMeterThread: Thread started: S2 1-700
2026-10-06 08:34:15,905 INFO o.a.j.t.JMeterThread: Thread started: S2 1-701
2026-10-06 08:34:15,920 INFO o.a.j.t.JMeterThread: Thread started: S2 1-702
2026-10-06 08:34:15,926 INFO o.a.j.t.JMeterThread: Thread started: S2 1-703
2026-10-06 08:34:15,937 INFO o.a.j.t.JMeterThread: Thread started: S2 1-704
2026-10-06 08:34:15,946 INFO o.a.j.t.JMeterThread: Thread started: S2 1-705
2026-10-06 08:34:15,956 INFO o.a.j.t.JMeterThread: Thread started: S2 1-706
2026-10-06 08:34:15,967 INFO o.a.j.t.JMeterThread: Thread started: S2 1-707
2026-10-06 08:34:15,977 INFO o.a.j.t.JMeterThread: Thread started: S2 1-708
2026-10-06 08:34:15,988 INFO o.a.j.t.JMeterThread: Thread started: S2 1-709
2026-10-06 08:34:15,996 INFO o.a.j.t.JMeterThread: Thread started: S2 1-710
2026-10-06 08:34:16,006 INFO o.a.j.t.JMeterThread: Thread started: S2 1-711
2026-10-06 08:34:16,017 INFO o.a.j.t.JMeterThread: Thread started: S2 1-712
2026-10-06 08:34:16,026 INFO o.a.j.t.JMeterThread: Thread started: S2 1-713
2026-10-06 08:34:16,035 INFO o.a.j.t.JMeterThread: Thread started: S2 1-714
2026-10-06 08:34:16,048 INFO o.a.j.t.JMeterThread: Thread started: S2 1-715
2026-10-06 08:34:16,056 INFO o.a.j.t.JMeterThread: Thread started: S2 1-716
2026-10-06 08:34:16,067 INFO o.a.j.t.JMeterThread: Thread started: S2 1-717
2026-10-06 08:34:16,076 INFO o.a.j.t.JMeterThread: Thread started: S2 1-718
2026-10-06 08:34:16,086 INFO o.a.j.t.JMeterThread: Thread started: S2 1-719
2026-10-06 08:34:16,097 INFO o.a.j.t.JMeterThread: Thread started: S2 1-720
2026-10-06 08:34:16,106 INFO o.a.j.t.JMeterThread: Thread started: S2 1-721
2026-10-06 08:34:16,117 INFO o.a.j.t.JMeterThread: Thread started: S2 1-722
2026-10-06 08:34:16,127 INFO o.a.j.t.JMeterThread: Thread started: S2 1-723
2026-10-06 08:34:16,143 INFO o.a.j.t.JMeterThread: Thread started: S2 1-724
2026-10-06 08:34:16,146 INFO o.a.j.t.JMeterThread: Thread started: S2 1-725
2026-10-06 08:34:16,156 INFO o.a.j.t.JMeterThread: Thread started: S2 1-726
2026-10-06 08:34:16,166 INFO o.a.j.t.JMeterThread: Thread started: S2 1-727
2026-10-06 08:34:16,194 INFO o.a.j.t.JMeterThread: Thread started: S2 1-729
2026-10-06 08:34:16,194 INFO o.a.j.t.JMeterThread: Thread started: S2 1-728
2026-10-06 08:34:16,196 INFO o.a.j.t.JMeterThread: Thread started: S2 1-730
2026-10-06 08:34:16,206 INFO o.a.j.t.JMeterThread: Thread started: S2 1-731
2026-10-06 08:34:16,222 INFO o.a.j.t.JMeterThread: Thread started: S2 1-732
2026-10-06 08:34:16,228 INFO o.a.j.t.JMeterThread: Thread started: S2 1-733
2026-10-06 08:34:16,238 INFO o.a.j.t.JMeterThread: Thread started: S2 1-734
2026-10-06 08:34:16,255 INFO o.a.j.t.JMeterThread: Thread started: S2 1-735
2026-10-06 08:34:16,266 INFO o.a.j.t.JMeterThread: Thread started: S2 1-737
2026-10-06 08:34:16,268 INFO o.a.j.t.JMeterThread: Thread started: S2 1-736
2026-10-06 08:34:16,276 INFO o.a.j.t.JMeterThread: Thread started: S2 1-738
2026-10-06 08:34:16,285 INFO o.a.j.t.JMeterThread: Thread started: S2 1-739
2026-10-06 08:34:16,296 INFO o.a.j.t.JMeterThread: Thread started: S2 1-740
2026-10-06 08:34:16,307 INFO o.a.j.t.JMeterThread: Thread started: S2 1-741
2026-10-06 08:34:16,316 INFO o.a.j.t.JMeterThread: Thread started: S2 1-742
2026-10-06 08:34:16,356 INFO o.a.j.t.JMeterThread: Thread started: S2 1-743
2026-10-06 08:34:16,363 INFO o.a.j.t.JMeterThread: Thread started: S2 1-744
2026-10-06 08:34:16,367 INFO o.a.j.t.JMeterThread: Thread started: S2 1-747
2026-10-06 08:34:16,370 INFO o.a.j.t.JMeterThread: Thread started: S2 1-745
2026-10-06 08:34:16,376 INFO o.a.j.t.JMeterThread: Thread started: S2 1-748
2026-10-06 08:34:16,386 INFO o.a.j.t.JMeterThread: Thread started: S2 1-746
2026-10-06 08:34:16,387 INFO o.a.j.t.JMeterThread: Thread started: S2 1-749
2026-10-06 08:34:16,400 INFO o.a.j.t.JMeterThread: Thread started: S2 1-750
2026-10-06 08:34:16,407 INFO o.a.j.t.JMeterThread: Thread started: S2 1-751
2026-10-06 08:34:16,416 INFO o.a.j.t.JMeterThread: Thread started: S2 1-752
2026-10-06 08:34:16,426 INFO o.a.j.t.JMeterThread: Thread started: S2 1-753
2026-10-06 08:34:16,439 INFO o.a.j.t.JMeterThread: Thread started: S2 1-754
2026-10-06 08:34:16,446 INFO o.a.j.t.JMeterThread: Thread started: S2 1-755
2026-10-06 08:34:16,457 INFO o.a.j.t.JMeterThread: Thread started: S2 1-756
2026-10-06 08:34:16,466 INFO o.a.j.t.JMeterThread: Thread started: S2 1-757
2026-10-06 08:34:16,479 INFO o.a.j.t.JMeterThread: Thread started: S2 1-758
2026-10-06 08:34:16,487 INFO o.a.j.t.JMeterThread: Thread started: S2 1-759
2026-10-06 08:34:16,497 INFO o.a.j.t.JMeterThread: Thread started: S2 1-760
2026-10-06 08:34:16,509 INFO o.a.j.t.JMeterThread: Thread started: S2 1-761
2026-10-06 08:34:16,516 INFO o.a.j.t.JMeterThread: Thread started: S2 1-762
2026-10-06 08:34:16,527 INFO o.a.j.t.JMeterThread: Thread started: S2 1-763
2026-10-06 08:34:16,537 INFO o.a.j.t.JMeterThread: Thread started: S2 1-764
2026-10-06 08:34:16,549 INFO o.a.j.t.JMeterThread: Thread started: S2 1-765
2026-10-06 08:34:16,556 INFO o.a.j.t.JMeterThread: Thread started: S2 1-766
2026-10-06 08:34:16,572 INFO o.a.j.t.JMeterThread: Thread started: S2 1-767
2026-10-06 08:34:16,577 INFO o.a.j.t.JMeterThread: Thread started: S2 1-768
2026-10-06 08:34:16,586 INFO o.a.j.t.JMeterThread: Thread started: S2 1-769
2026-10-06 08:34:16,598 INFO o.a.j.t.JMeterThread: Thread started: S2 1-770
2026-10-06 08:34:16,609 INFO o.a.j.t.JMeterThread: Thread started: S2 1-771
2026-10-06 08:34:16,620 INFO o.a.j.t.JMeterThread: Thread started: S2 1-772
2026-10-06 08:34:16,626 INFO o.a.j.t.JMeterThread: Thread started: S2 1-773
2026-10-06 08:34:16,636 INFO o.a.j.t.JMeterThread: Thread started: S2 1-774
2026-10-06 08:34:16,646 INFO o.a.j.t.JMeterThread: Thread started: S2 1-775
2026-10-06 08:34:16,656 INFO o.a.j.t.JMeterThread: Thread started: S2 1-776
2026-10-06 08:34:16,665 INFO o.a.j.t.JMeterThread: Thread started: S2 1-777
2026-10-06 08:34:16,676 INFO o.a.j.t.JMeterThread: Thread started: S2 1-778
2026-10-06 08:34:16,685 INFO o.a.j.t.JMeterThread: Thread started: S2 1-779
2026-10-06 08:34:16,696 INFO o.a.j.t.JMeterThread: Thread started: S2 1-780
2026-10-06 08:34:16,706 INFO o.a.j.t.JMeterThread: Thread started: S2 1-781
2026-10-06 08:34:16,716 INFO o.a.j.t.JMeterThread: Thread started: S2 1-782
2026-10-06 08:34:16,726 INFO o.a.j.t.JMeterThread: Thread started: S2 1-783
2026-10-06 08:34:16,736 INFO o.a.j.t.JMeterThread: Thread started: S2 1-784
2026-10-06 08:34:16,746 INFO o.a.j.t.JMeterThread: Thread started: S2 1-785
2026-10-06 08:34:16,760 INFO o.a.j.t.JMeterThread: Thread started: S2 1-786
2026-10-06 08:34:16,766 INFO o.a.j.t.JMeterThread: Thread started: S2 1-787
2026-10-06 08:34:16,781 INFO o.a.j.t.JMeterThread: Thread started: S2 1-788
2026-10-06 08:34:16,786 INFO o.a.j.t.JMeterThread: Thread started: S2 1-789
2026-10-06 08:34:16,796 INFO o.a.j.t.JMeterThread: Thread started: S2 1-790
2026-10-06 08:34:16,807 INFO o.a.j.t.JMeterThread: Thread started: S2 1-791
2026-10-06 08:34:16,816 INFO o.a.j.t.JMeterThread: Thread started: S2 1-792
2026-10-06 08:34:16,826 INFO o.a.j.t.JMeterThread: Thread started: S2 1-793
2026-10-06 08:34:16,836 INFO o.a.j.t.JMeterThread: Thread started: S2 1-794
2026-10-06 08:34:16,846 INFO o.a.j.t.JMeterThread: Thread started: S2 1-795
2026-10-06 08:34:16,856 INFO o.a.j.t.JMeterThread: Thread started: S2 1-796
2026-10-06 08:34:16,867 INFO o.a.j.t.JMeterThread: Thread started: S2 1-797
2026-10-06 08:34:16,878 INFO o.a.j.t.JMeterThread: Thread started: S2 1-798
2026-10-06 08:34:16,886 INFO o.a.j.t.JMeterThread: Thread started: S2 1-799
2026-10-06 08:34:16,895 INFO o.a.j.t.JMeterThread: Thread started: S2 1-800
2026-10-06 08:34:16,907 INFO o.a.j.t.JMeterThread: Thread started: S2 1-801
2026-10-06 08:34:16,916 INFO o.a.j.t.JMeterThread: Thread started: S2 1-802
2026-10-06 08:34:16,926 INFO o.a.j.t.JMeterThread: Thread started: S2 1-803
2026-10-06 08:34:16,936 INFO o.a.j.t.JMeterThread: Thread started: S2 1-804
2026-10-06 08:34:16,945 INFO o.a.j.t.JMeterThread: Thread started: S2 1-805
2026-10-06 08:34:16,956 INFO o.a.j.t.JMeterThread: Thread started: S2 1-806
2026-10-06 08:34:16,965 INFO o.a.j.t.JMeterThread: Thread started: S2 1-807
2026-10-06 08:34:16,976 INFO o.a.j.t.JMeterThread: Thread started: S2 1-808
2026-10-06 08:34:16,986 INFO o.a.j.t.JMeterThread: Thread started: S2 1-809
2026-10-06 08:34:16,996 INFO o.a.j.t.JMeterThread: Thread started: S2 1-810
2026-10-06 08:34:17,007 INFO o.a.j.t.JMeterThread: Thread started: S2 1-811
2026-10-06 08:34:17,019 INFO o.a.j.t.JMeterThread: Thread started: S2 1-812
2026-10-06 08:34:17,026 INFO o.a.j.t.JMeterThread: Thread started: S2 1-813
2026-10-06 08:34:17,036 INFO o.a.j.t.JMeterThread: Thread started: S2 1-814
2026-10-06 08:34:17,046 INFO o.a.j.t.JMeterThread: Thread started: S2 1-815
2026-10-06 08:34:17,055 INFO o.a.j.t.JMeterThread: Thread started: S2 1-816
2026-10-06 08:34:17,066 INFO o.a.j.t.JMeterThread: Thread started: S2 1-817
2026-10-06 08:34:17,076 INFO o.a.j.t.JMeterThread: Thread started: S2 1-818
2026-10-06 08:34:17,086 INFO o.a.j.t.JMeterThread: Thread started: S2 1-819
2026-10-06 08:34:17,096 INFO o.a.j.t.JMeterThread: Thread started: S2 1-820
2026-10-06 08:34:17,106 INFO o.a.j.t.JMeterThread: Thread started: S2 1-821
2026-10-06 08:34:17,116 INFO o.a.j.t.JMeterThread: Thread started: S2 1-822
2026-10-06 08:34:17,128 INFO o.a.j.t.JMeterThread: Thread started: S2 1-823
2026-10-06 08:34:17,136 INFO o.a.j.t.JMeterThread: Thread started: S2 1-824
2026-10-06 08:34:17,146 INFO o.a.j.t.JMeterThread: Thread started: S2 1-825
2026-10-06 08:34:17,156 INFO o.a.j.t.JMeterThread: Thread started: S2 1-826
2026-10-06 08:34:17,168 INFO o.a.j.t.JMeterThread: Thread started: S2 1-827
2026-10-06 08:34:17,180 INFO o.a.j.t.JMeterThread: Thread started: S2 1-828
2026-10-06 08:34:17,186 INFO o.a.j.t.JMeterThread: Thread started: S2 1-829
2026-10-06 08:34:17,195 INFO o.a.j.t.JMeterThread: Thread started: S2 1-830
2026-10-06 08:34:17,206 INFO o.a.j.t.JMeterThread: Thread started: S2 1-831
2026-10-06 08:34:17,216 INFO o.a.j.t.JMeterThread: Thread started: S2 1-832
2026-10-06 08:34:17,226 INFO o.a.j.t.JMeterThread: Thread started: S2 1-833
2026-10-06 08:34:17,236 INFO o.a.j.t.JMeterThread: Thread started: S2 1-834
2026-10-06 08:34:17,245 INFO o.a.j.t.JMeterThread: Thread started: S2 1-835
2026-10-06 08:34:17,257 INFO o.a.j.t.JMeterThread: Thread started: S2 1-836
2026-10-06 08:34:17,267 INFO o.a.j.t.JMeterThread: Thread started: S2 1-837
2026-10-06 08:34:17,275 INFO o.a.j.t.JMeterThread: Thread started: S2 1-838
2026-10-06 08:34:17,287 INFO o.a.j.t.JMeterThread: Thread started: S2 1-839
2026-10-06 08:34:17,295 INFO o.a.j.t.JMeterThread: Thread started: S2 1-840
2026-10-06 08:34:17,307 INFO o.a.j.t.JMeterThread: Thread started: S2 1-841
2026-10-06 08:34:17,316 INFO o.a.j.t.JMeterThread: Thread started: S2 1-842
2026-10-06 08:34:17,328 INFO o.a.j.t.JMeterThread: Thread started: S2 1-843
2026-10-06 08:34:17,336 INFO o.a.j.t.JMeterThread: Thread started: S2 1-844
2026-10-06 08:34:17,346 INFO o.a.j.t.JMeterThread: Thread started: S2 1-845
2026-10-06 08:34:17,356 INFO o.a.j.t.JMeterThread: Thread started: S2 1-846
2026-10-06 08:34:17,366 INFO o.a.j.t.JMeterThread: Thread started: S2 1-847
2026-10-06 08:34:17,376 INFO o.a.j.t.JMeterThread: Thread started: S2 1-848
2026-10-06 08:34:17,387 INFO o.a.j.t.JMeterThread: Thread started: S2 1-849
2026-10-06 08:34:17,396 INFO o.a.j.t.JMeterThread: Thread started: S2 1-850
2026-10-06 08:34:17,406 INFO o.a.j.t.JMeterThread: Thread started: S2 1-851
2026-10-06 08:34:17,416 INFO o.a.j.t.JMeterThread: Thread started: S2 1-852
2026-10-06 08:34:17,426 INFO o.a.j.t.JMeterThread: Thread started: S2 1-853
2026-10-06 08:34:17,436 INFO o.a.j.t.JMeterThread: Thread started: S2 1-854
2026-10-06 08:34:17,447 INFO o.a.j.t.JMeterThread: Thread started: S2 1-855
2026-10-06 08:34:17,460 INFO o.a.j.t.JMeterThread: Thread started: S2 1-856
2026-10-06 08:34:17,466 INFO o.a.j.t.JMeterThread: Thread started: S2 1-857
2026-10-06 08:34:17,475 INFO o.a.j.t.JMeterThread: Thread started: S2 1-858
2026-10-06 08:34:17,486 INFO o.a.j.t.JMeterThread: Thread started: S2 1-859
2026-10-06 08:34:17,497 INFO o.a.j.t.JMeterThread: Thread started: S2 1-860
2026-10-06 08:34:17,505 INFO o.a.j.t.JMeterThread: Thread started: S2 1-861
2026-10-06 08:34:17,516 INFO o.a.j.t.JMeterThread: Thread started: S2 1-862
2026-10-06 08:34:17,535 INFO o.a.j.t.JMeterThread: Thread started: S2 1-863
2026-10-06 08:34:17,536 INFO o.a.j.t.JMeterThread: Thread started: S2 1-864
2026-10-06 08:34:17,547 INFO o.a.j.t.JMeterThread: Thread started: S2 1-865
2026-10-06 08:34:17,555 INFO o.a.j.t.JMeterThread: Thread started: S2 1-866
2026-10-06 08:34:17,566 INFO o.a.j.t.JMeterThread: Thread started: S2 1-867
2026-10-06 08:34:17,576 INFO o.a.j.t.JMeterThread: Thread started: S2 1-868
2026-10-06 08:34:17,585 INFO o.a.j.t.JMeterThread: Thread started: S2 1-869
2026-10-06 08:34:17,596 INFO o.a.j.t.JMeterThread: Thread started: S2 1-870
2026-10-06 08:34:17,606 INFO o.a.j.t.JMeterThread: Thread started: S2 1-871
2026-10-06 08:34:17,615 INFO o.a.j.t.JMeterThread: Thread started: S2 1-872
2026-10-06 08:34:17,627 INFO o.a.j.t.JMeterThread: Thread started: S2 1-873
2026-10-06 08:34:17,635 INFO o.a.j.t.JMeterThread: Thread started: S2 1-874
2026-10-06 08:34:17,647 INFO o.a.j.t.JMeterThread: Thread started: S2 1-875
2026-10-06 08:34:17,656 INFO o.a.j.t.JMeterThread: Thread started: S2 1-876
2026-10-06 08:34:17,666 INFO o.a.j.t.JMeterThread: Thread started: S2 1-877
2026-10-06 08:34:17,678 INFO o.a.j.t.JMeterThread: Thread started: S2 1-878
2026-10-06 08:34:17,686 INFO o.a.j.t.JMeterThread: Thread started: S2 1-879
2026-10-06 08:34:17,696 INFO o.a.j.t.JMeterThread: Thread started: S2 1-880
2026-10-06 08:34:17,706 INFO o.a.j.t.JMeterThread: Thread started: S2 1-881
2026-10-06 08:34:17,717 INFO o.a.j.t.JMeterThread: Thread started: S2 1-882
2026-10-06 08:34:17,726 INFO o.a.j.t.JMeterThread: Thread started: S2 1-883
2026-10-06 08:34:17,738 INFO o.a.j.t.JMeterThread: Thread started: S2 1-884
2026-10-06 08:34:17,746 INFO o.a.j.t.JMeterThread: Thread started: S2 1-885
2026-10-06 08:34:17,757 INFO o.a.j.t.JMeterThread: Thread started: S2 1-886
2026-10-06 08:34:17,776 INFO o.a.j.t.JMeterThread: Thread started: S2 1-887
2026-10-06 08:34:17,776 INFO o.a.j.t.JMeterThread: Thread started: S2 1-888
2026-10-06 08:34:17,786 INFO o.a.j.t.JMeterThread: Thread started: S2 1-889
2026-10-06 08:34:17,796 INFO o.a.j.t.JMeterThread: Thread started: S2 1-890
2026-10-06 08:34:17,805 INFO o.a.j.t.JMeterThread: Thread started: S2 1-891
2026-10-06 08:34:17,816 INFO o.a.j.t.JMeterThread: Thread started: S2 1-892
2026-10-06 08:34:17,825 INFO o.a.j.t.JMeterThread: Thread started: S2 1-893
2026-10-06 08:34:17,836 INFO o.a.j.t.JMeterThread: Thread started: S2 1-894
2026-10-06 08:34:17,845 INFO o.a.j.t.JMeterThread: Thread started: S2 1-895
2026-10-06 08:34:17,864 INFO o.a.j.t.JMeterThread: Thread started: S2 1-896
2026-10-06 08:34:17,875 INFO o.a.j.t.JMeterThread: Thread started: S2 1-897
2026-10-06 08:34:17,878 INFO o.a.j.t.JMeterThread: Thread started: S2 1-898
2026-10-06 08:34:17,887 INFO o.a.j.t.JMeterThread: Thread started: S2 1-899
2026-10-06 08:34:17,896 INFO o.a.j.t.JMeterThread: Thread started: S2 1-900
2026-10-06 08:34:17,906 INFO o.a.j.t.JMeterThread: Thread started: S2 1-901
2026-10-06 08:34:17,916 INFO o.a.j.t.JMeterThread: Thread started: S2 1-902
2026-10-06 08:34:17,928 INFO o.a.j.t.JMeterThread: Thread started: S2 1-903
2026-10-06 08:34:17,938 INFO o.a.j.t.JMeterThread: Thread started: S2 1-904
2026-10-06 08:34:17,947 INFO o.a.j.t.JMeterThread: Thread started: S2 1-905
2026-10-06 08:34:17,959 INFO o.a.j.t.JMeterThread: Thread started: S2 1-906
2026-10-06 08:34:17,967 INFO o.a.j.t.JMeterThread: Thread started: S2 1-907
2026-10-06 08:34:17,977 INFO o.a.j.t.JMeterThread: Thread started: S2 1-908
2026-10-06 08:34:17,989 INFO o.a.j.t.JMeterThread: Thread started: S2 1-909
2026-10-06 08:34:17,996 INFO o.a.j.t.JMeterThread: Thread started: S2 1-910
2026-10-06 08:34:18,007 INFO o.a.j.t.JMeterThread: Thread started: S2 1-911
2026-10-06 08:34:18,015 INFO o.a.j.t.JMeterThread: Thread started: S2 1-912
2026-10-06 08:34:18,026 INFO o.a.j.t.JMeterThread: Thread started: S2 1-913
2026-10-06 08:34:18,036 INFO o.a.j.t.JMeterThread: Thread started: S2 1-914
2026-10-06 08:34:18,047 INFO o.a.j.t.JMeterThread: Thread started: S2 1-915
2026-10-06 08:34:18,056 INFO o.a.j.t.JMeterThread: Thread started: S2 1-916
2026-10-06 08:34:18,066 INFO o.a.j.t.JMeterThread: Thread started: S2 1-917
2026-10-06 08:34:18,075 INFO o.a.j.t.JMeterThread: Thread started: S2 1-918
2026-10-06 08:34:18,086 INFO o.a.j.t.JMeterThread: Thread started: S2 1-919
2026-10-06 08:34:18,095 INFO o.a.j.t.JMeterThread: Thread started: S2 1-920
2026-10-06 08:34:18,107 INFO o.a.j.t.JMeterThread: Thread started: S2 1-921
2026-10-06 08:34:18,116 INFO o.a.j.t.JMeterThread: Thread started: S2 1-922
2026-10-06 08:34:18,125 INFO o.a.j.t.JMeterThread: Thread started: S2 1-923
2026-10-06 08:34:18,135 INFO o.a.j.t.JMeterThread: Thread started: S2 1-924
2026-10-06 08:34:18,149 INFO o.a.j.t.JMeterThread: Thread started: S2 1-925
2026-10-06 08:34:18,156 INFO o.a.j.t.JMeterThread: Thread started: S2 1-926
2026-10-06 08:34:18,165 INFO o.a.j.t.JMeterThread: Thread started: S2 1-927
2026-10-06 08:34:18,184 INFO o.a.j.t.JMeterThread: Thread started: S2 1-928
2026-10-06 08:34:18,191 INFO o.a.j.t.JMeterThread: Thread started: S2 1-929
2026-10-06 08:34:18,196 INFO o.a.j.t.JMeterThread: Thread started: S2 1-930
2026-10-06 08:34:18,208 INFO o.a.j.t.JMeterThread: Thread started: S2 1-931
2026-10-06 08:34:18,217 INFO o.a.j.t.JMeterThread: Thread started: S2 1-932
2026-10-06 08:34:18,226 INFO o.a.j.t.JMeterThread: Thread started: S2 1-933
2026-10-06 08:34:18,236 INFO o.a.j.t.JMeterThread: Thread started: S2 1-934
2026-10-06 08:34:18,245 INFO o.a.j.t.JMeterThread: Thread started: S2 1-935
2026-10-06 08:34:18,258 INFO o.a.j.t.JMeterThread: Thread started: S2 1-936
2026-10-06 08:34:18,265 INFO o.a.j.t.JMeterThread: Thread started: S2 1-937
2026-10-06 08:34:18,276 INFO o.a.j.t.JMeterThread: Thread started: S2 1-938
2026-10-06 08:34:18,286 INFO o.a.j.t.JMeterThread: Thread started: S2 1-939
2026-10-06 08:34:18,296 INFO o.a.j.t.JMeterThread: Thread started: S2 1-940
2026-10-06 08:34:18,306 INFO o.a.j.t.JMeterThread: Thread started: S2 1-941
2026-10-06 08:34:18,316 INFO o.a.j.t.JMeterThread: Thread started: S2 1-942
2026-10-06 08:34:18,325 INFO o.a.j.t.JMeterThread: Thread started: S2 1-943
2026-10-06 08:34:18,337 INFO o.a.j.t.JMeterThread: Thread started: S2 1-944
2026-10-06 08:34:18,345 INFO o.a.j.t.JMeterThread: Thread started: S2 1-945
2026-10-06 08:34:18,356 INFO o.a.j.t.JMeterThread: Thread started: S2 1-946
2026-10-06 08:34:18,367 INFO o.a.j.t.JMeterThread: Thread started: S2 1-947
2026-10-06 08:34:18,376 INFO o.a.j.t.JMeterThread: Thread started: S2 1-948
2026-10-06 08:34:18,387 INFO o.a.j.t.JMeterThread: Thread started: S2 1-949
2026-10-06 08:34:18,396 INFO o.a.j.t.JMeterThread: Thread started: S2 1-950
2026-10-06 08:34:18,406 INFO o.a.j.t.JMeterThread: Thread started: S2 1-951
2026-10-06 08:34:18,416 INFO o.a.j.t.JMeterThread: Thread started: S2 1-952
2026-10-06 08:34:18,425 INFO o.a.j.t.JMeterThread: Thread started: S2 1-953
2026-10-06 08:34:18,437 INFO o.a.j.t.JMeterThread: Thread started: S2 1-954
2026-10-06 08:34:18,445 INFO o.a.j.t.JMeterThread: Thread started: S2 1-955
2026-10-06 08:34:18,457 INFO o.a.j.t.JMeterThread: Thread started: S2 1-956
2026-10-06 08:34:18,467 INFO o.a.j.t.JMeterThread: Thread started: S2 1-957
2026-10-06 08:34:18,480 INFO o.a.j.t.JMeterThread: Thread started: S2 1-958
2026-10-06 08:34:18,486 INFO o.a.j.t.JMeterThread: Thread started: S2 1-959
2026-10-06 08:34:18,498 INFO o.a.j.t.JMeterThread: Thread started: S2 1-960
2026-10-06 08:34:18,505 INFO o.a.j.t.JMeterThread: Thread started: S2 1-961
2026-10-06 08:34:18,518 INFO o.a.j.t.JMeterThread: Thread started: S2 1-962
2026-10-06 08:34:18,526 INFO o.a.j.t.JMeterThread: Thread started: S2 1-963
2026-10-06 08:34:18,536 INFO o.a.j.t.JMeterThread: Thread started: S2 1-964
2026-10-06 08:34:18,546 INFO o.a.j.t.JMeterThread: Thread started: S2 1-965
2026-10-06 08:34:18,556 INFO o.a.j.t.JMeterThread: Thread started: S2 1-966
2026-10-06 08:34:18,566 INFO o.a.j.t.JMeterThread: Thread started: S2 1-967
2026-10-06 08:34:18,579 INFO o.a.j.t.JMeterThread: Thread started: S2 1-968
2026-10-06 08:34:18,593 INFO o.a.j.t.JMeterThread: Thread started: S2 1-969
2026-10-06 08:34:18,596 INFO o.a.j.t.JMeterThread: Thread started: S2 1-970
2026-10-06 08:34:18,606 INFO o.a.j.t.JMeterThread: Thread started: S2 1-971
2026-10-06 08:34:18,616 INFO o.a.j.t.JMeterThread: Thread started: S2 1-972
2026-10-06 08:34:18,628 INFO o.a.j.t.JMeterThread: Thread started: S2 1-973
2026-10-06 08:34:18,637 INFO o.a.j.t.JMeterThread: Thread started: S2 1-974
2026-10-06 08:34:18,646 INFO o.a.j.t.JMeterThread: Thread started: S2 1-975
2026-10-06 08:34:18,656 INFO o.a.j.t.JMeterThread: Thread started: S2 1-976
2026-10-06 08:34:18,665 INFO o.a.j.t.JMeterThread: Thread started: S2 1-977
2026-10-06 08:34:18,677 INFO o.a.j.t.JMeterThread: Thread started: S2 1-978
2026-10-06 08:34:18,687 INFO o.a.j.t.JMeterThread: Thread started: S2 1-979
2026-10-06 08:34:18,698 INFO o.a.j.t.JMeterThread: Thread started: S2 1-980
2026-10-06 08:34:18,710 INFO o.a.j.t.JMeterThread: Thread started: S2 1-981
2026-10-06 08:34:18,717 INFO o.a.j.t.JMeterThread: Thread started: S2 1-982
2026-10-06 08:34:18,725 INFO o.a.j.t.JMeterThread: Thread started: S2 1-983
2026-10-06 08:34:18,737 INFO o.a.j.t.JMeterThread: Thread started: S2 1-984
2026-10-06 08:34:18,747 INFO o.a.j.t.JMeterThread: Thread started: S2 1-985
2026-10-06 08:34:18,759 INFO o.a.j.t.JMeterThread: Thread started: S2 1-986
2026-10-06 08:34:18,766 INFO o.a.j.t.JMeterThread: Thread started: S2 1-987
2026-10-06 08:34:18,777 INFO o.a.j.t.JMeterThread: Thread started: S2 1-988
2026-10-06 08:34:18,785 INFO o.a.j.t.JMeterThread: Thread started: S2 1-989
2026-10-06 08:34:18,799 INFO o.a.j.t.JMeterThread: Thread started: S2 1-990
2026-10-06 08:34:18,806 INFO o.a.j.t.JMeterThread: Thread started: S2 1-991
2026-10-06 08:34:18,818 INFO o.a.j.t.JMeterThread: Thread started: S2 1-992
2026-10-06 08:34:18,827 INFO o.a.j.t.JMeterThread: Thread started: S2 1-993
2026-10-06 08:34:18,837 INFO o.a.j.t.JMeterThread: Thread started: S2 1-994
2026-10-06 08:34:18,846 INFO o.a.j.t.JMeterThread: Thread started: S2 1-995
2026-10-06 08:34:18,856 INFO o.a.j.t.JMeterThread: Thread started: S2 1-996
2026-10-06 08:34:18,866 INFO o.a.j.t.JMeterThread: Thread started: S2 1-997
2026-10-06 08:34:18,875 INFO o.a.j.t.JMeterThread: Thread started: S2 1-998
2026-10-06 08:34:18,886 INFO o.a.j.t.JMeterThread: Thread started: S2 1-999
2026-10-06 08:34:18,898 INFO o.a.j.t.JMeterThread: Thread started: S2 1-1000
2026-10-06 08:34:30,001 INFO o.a.j.r.Summariser: summary +  43227 in 00:00:22 = 1975.5/s Avg:   404 Min:     6 Max:   579 Err:     0 (0.00%) Active: 1000 Started: 1000 Finished: 0
2026-10-06 08:35:00,001 INFO o.a.j.r.Summariser: summary +  63406 in 00:00:30 = 2113.5/s Avg:   499 Min:   438 Max:   621 Err:     0 (0.00%) Active: 1000 Started: 1000 Finished: 0
2026-10-06 08:35:00,001 INFO o.a.j.r.Summariser: summary = 106633 in 00:00:52 = 2055.3/s Avg:   460 Min:     6 Max:   621 Err:     0 (0.00%)
2026-10-06 08:35:08,939 INFO o.a.j.t.JMeterThread: Stopping because end time detected by thread: S2 1-37
2026-10-06 08:35:08,939 INFO o.a.j.t.JMeterThread: Thread finished: S2 1-37
2026-10-06 08:35:08,954 INFO o.a.j.t.JMeterThread: Stopping because end time detected by thread: S2 1-61
2026-10-06 08:35:08,954 INFO o.a.j.t.JMeterThread: Thread finished: S2 1-61
2026-10-06 08:35:08,961 INFO o.a.j.t.JMeterThread: Stopping because end time detected by thread: S2 1-68
2026-10-06 08:35:08,961 INFO o.a.j.t.JMeterThread: Thread finished: S2 1-68
2026-10-06 08:35:08,966 INFO o.a.j.t.JMeterThread: Stopping because end time detected by thread: S2 1-43
2026-10-06 08:35:08,966 INFO o.a.j.t.JMeterThread: Thread finished: S2 1-43
2026-10-06 08:35:08,968 INFO o.a.j.t.JMeterThread: Stopping because end time detected by thread: S2 1-33
2026-10-06 08:35:08,968 INFO o.a.j.t.JMeterThread: Thread finished: S2 1-33
2026-10-06 08:35:08,968 INFO o.a.j.t.JMeterThread: Stopping because end time detected by thread: S2 1-34
2026-10-06 08:35:08,968 INFO o.a.j.t.JMeterThread: Stopping because end time detected by thread: S2 1-57
2026-10-06 08:35:08,968 INFO o.a.j.t.JMeterThread: Thread finished: S2 1-34
2026-10-06 08:35:08,968 INFO o.a.j.t.JMeterThread: Thread finished: S2 1-57
2026-10-06 08:35:08,971 INFO o.a.j.t.JMeterThread: Stopping because end time detected by thread: S2 1-31
2026-10-06 08:35:08,972 INFO o.a.j.t.JMeterThread: Thread finished: S2 1-31
2026-10-06 08:35:08,983 INFO o.a.j.t.JMeterThread: Stopping because end time detected by thread: S2 1-101
2026-10-06 08:35:08,984 INFO o.a.j.t.JMeterThread: Thread finished: S2 1-101
2026-10-06 08:35:08,985 INFO o.a.j.t.JMeterThread: Stopping because end time detected by thread: S2 1-17
2026-10-06 08:35:08,985 INFO o.a.j.t.JMeterThread: Thread finished: S2 1-17
2026-10-06 08:35:08,985 INFO o.a.j.t.JMeterThread: Stopping because end time detected by thread: S2 1-102
2026-10-06 08:35:08,985 INFO o.a.j.t.JMeterThread: Thread finished: S2 1-102
2026-10-06 08:35:08,992 INFO o.a.j.t.JMeterThread: Stopping because end time detected by thread: S2 1-84
2026-10-06 08:35:08,992 INFO o.a.j.t.JMeterThread: Thread finished: S2 1-84
2026-10-06 08:35:09,001 INFO o.a.j.t.JMeterThread: Stopping because end time detected by thread: S2 1-119
2026-10-06 08:35:09,001 INFO o.a.j.t.JMeterThread: Thread finished: S2 1-119
2026-10-06 08:35:09,002 INFO o.a.j.t.JMeterThread: Stopping because end time detected by thread: S2 1-16
2026-10-06 08:35:09,002 INFO o.a.j.t.JMeterThread: Thread finished: S2 1-16
2026-10-06 08:35:09,003 INFO o.a.j.t.JMeterThread: Stopping because end time detected by thread: S2 1-20
2026-10-06 08:35:09,003 INFO o.a.j.t.JMeterThread: Thread finished: S2 1-20
2026-10-06 08:35:09,012 INFO o.a.j.t.JMeterThread: Stopping because end time detected by thread: S2 1-122
2026-10-06 08:35:09,012 INFO o.a.j.t.JMeterThread: Thread finished: S2 1-122
2026-10-06 08:35:09,015 INFO o.a.j.t.JMeterThread: Stopping because end time detected by thread: S2 1-104
2026-10-06 08:35:09,015 INFO o.a.j.t.JMeterThread: Thread finished: S2 1-104
2026-10-06 08:35:09,028 INFO o.a.j.t.JMeterThread: Stopping because end time detected by thread: S2 1-42
2026-10-06 08:35:09,028 INFO o.a.j.t.JMeterThread: Thread finished: S2 1-42
2026-10-06 08:35:09,028 INFO o.a.j.t.JMeterThread: Stopping because end time detected by thread: S2 1-75
2026-10-06 08:35:09,028 INFO o.a.j.t.JMeterThread: Stopping because end time detected by thread: S2 1-64
2026-10-06 08:35:09,028 INFO o.a.j.t.JMeterThread: Thread finished: S2 1-75
2026-10-06 08:35:09,028 INFO o.a.j.t.JMeterThread: Thread finished: S2 1-64
2026-10-06 08:35:09,029 INFO o.a.j.t.JMeterThread: Stopping because end time detected by thread: S2 1-25
2026-10-06 08:35:09,029 INFO o.a.j.t.JMeterThread: Thread finished: S2 1-25
2026-10-06 08:35:09,034 INFO o.a.j.t.JMeterThread: Stopping because end time detected by thread: S2 1-46
2026-10-06 08:35:09,034 INFO o.a.j.t.JMeterThread: Thread finished: S2 1-46
2026-10-06 08:35:09,034 INFO o.a.j.t.JMeterThread: Stopping because end time detected by thread: S2 1-69
2026-10-06 08:35:09,034 INFO o.a.j.t.JMeterThread: Thread finished: S2 1-69
2026-10-06 08:35:09,035 INFO o.a.j.t.JMeterThread: Stopping because end time detected by thread: S2 1-79
2026-10-06 08:35:09,035 INFO o.a.j.t.JMeterThread: Thread finished: S2 1-79
2026-10-06 08:35:09,040 INFO o.a.j.t.JMeterThread: Stopping because end time detected by thread: S2 1-105
2026-10-06 08:35:09,041 INFO o.a.j.t.JMeterThread: Thread finished: S2 1-105
2026-10-06 08:35:09,041 INFO o.a.j.t.JMeterThread: Stopping because end time detected by thread: S2 1-116
2026-10-06 08:35:09,041 INFO o.a.j.t.JMeterThread: Thread finished: S2 1-116
2026-10-06 08:35:09,042 INFO o.a.j.t.JMeterThread: Stopping because end time detected by thread: S2 1-91
2026-10-06 08:35:09,042 INFO o.a.j.t.JMeterThread: Thread finished: S2 1-91
2026-10-06 08:35:09,046 INFO o.a.j.t.JMeterThread: Stopping because end time detected by thread: S2 1-149
2026-10-06 08:35:09,046 INFO o.a.j.t.JMeterThread: Thread finished: S2 1-149
2026-10-06 08:35:09,046 INFO o.a.j.t.JMeterThread: Stopping because end time detected by thread: S2 1-32
2026-10-06 08:35:09,046 INFO o.a.j.t.JMeterThread: Thread finished: S2 1-32
2026-10-06 08:35:09,051 INFO o.a.j.t.JMeterThread: Stopping because end time detected by thread: S2 1-76
2026-10-06 08:35:09,051 INFO o.a.j.t.JMeterThread: Thread finished: S2 1-76
2026-10-06 08:35:09,052 INFO o.a.j.t.JMeterThread: Stopping because end time detected by thread: S2 1-36
2026-10-06 08:35:09,052 INFO o.a.j.t.JMeterThread: Thread finished: S2 1-36
2026-10-06 08:35:09,055 INFO o.a.j.t.JMeterThread: Stopping because end time detected by thread: S2 1-59
2026-10-06 08:35:09,055 INFO o.a.j.t.JMeterThread: Thread finished: S2 1-59
2026-10-06 08:35:09,058 INFO o.a.j.t.JMeterThread: Stopping because end time detected by thread: S2 1-95
2026-10-06 08:35:09,059 INFO o.a.j.t.JMeterThread: Thread finished: S2 1-95
2026-10-06 08:35:09,063 INFO o.a.j.t.JMeterThread: Stopping because end time detected by thread: S2 1-125
2026-10-06 08:35:09,064 INFO o.a.j.t.JMeterThread: Thread finished: S2 1-125
2026-10-06 08:35:09,068 INFO o.a.j.t.JMeterThread: Stopping because end time detected by thread: S2 1-168
2026-10-06 08:35:09,068 INFO o.a.j.t.JMeterThread: Thread finished: S2 1-168
2026-10-06 08:35:09,073 INFO o.a.j.t.JMeterThread: Stopping because end time detected by thread: S2 1-130
2026-10-06 08:35:09,073 INFO o.a.j.t.JMeterThread: Thread finished: S2 1-130
2026-10-06 08:35:09,074 INFO o.a.j.t.JMeterThread: Stopping because end time detected by thread: S2 1-56
2026-10-06 08:35:09,074 INFO o.a.j.t.JMeterThread: Thread finished: S2 1-56
2026-10-06 08:35:09,078 INFO o.a.j.t.JMeterThread: Stopping because end time detected by thread: S2 1-137
2026-10-06 08:35:09,078 INFO o.a.j.t.JMeterThread: Thread finished: S2 1-137
2026-10-06 08:35:09,081 INFO o.a.j.t.JMeterThread: Stopping because end time detected by thread: S2 1-162
2026-10-06 08:35:09,081 INFO o.a.j.t.JMeterThread: Thread finished: S2 1-162
2026-10-06 08:35:09,081 INFO o.a.j.t.JMeterThread: Stopping because end time detected by thread: S2 1-107
2026-10-06 08:35:09,081 INFO o.a.j.t.JMeterThread: Thread finished: S2 1-107
2026-10-06 08:35:09,083 INFO o.a.j.t.JMeterThread: Stopping because end time detected by thread: S2 1-112
2026-10-06 08:35:09,083 INFO o.a.j.t.JMeterThread: Thread finished: S2 1-112
2026-10-06 08:35:09,091 INFO o.a.j.t.JMeterThread: Stopping because end time detected by thread: S2 1-92
2026-10-06 08:35:09,091 INFO o.a.j.t.JMeterThread: Thread finished: S2 1-92
2026-10-06 08:35:09,093 INFO o.a.j.t.JMeterThread: Stopping because end time detected by thread: S2 1-148
2026-10-06 08:35:09,093 INFO o.a.j.t.JMeterThread: Thread finished: S2 1-148
2026-10-06 08:35:09,096 INFO o.a.j.t.JMeterThread: Stopping because end time detected by thread: S2 1-38
2026-10-06 08:35:09,096 INFO o.a.j.t.JMeterThread: Thread finished: S2 1-38
2026-10-06 08:35:09,106 INFO o.a.j.t.JMeterThread: Stopping because end time detected by thread: S2 1-111
2026-10-06 08:35:09,106 INFO o.a.j.t.JMeterThread: Stopping because end time detected by thread: S2 1-8
2026-10-06 08:35:09,106 INFO o.a.j.t.JMeterThread: Thread finished: S2 1-8
2026-10-06 08:35:09,106 INFO o.a.j.t.JMeterThread: Thread finished: S2 1-111
2026-10-06 08:35:09,106 INFO o.a.j.t.JMeterThread: Stopping because end time detected by thread: S2 1-48
2026-10-06 08:35:09,106 INFO o.a.j.t.JMeterThread: Thread finished: S2 1-48
2026-10-06 08:35:09,108 INFO o.a.j.t.JMeterThread: Stopping because end time detected by thread: S2 1-1
2026-10-06 08:35:09,108 INFO o.a.j.t.JMeterThread: Thread finished: S2 1-1
2026-10-06 08:35:09,109 INFO o.a.j.t.JMeterThread: Stopping because end time detected by thread: S2 1-100
2026-10-06 08:35:09,109 INFO o.a.j.t.JMeterThread: Thread finished: S2 1-100
2026-10-06 08:35:09,110 INFO o.a.j.t.JMeterThread: Stopping because end time detected by thread: S2 1-4
2026-10-06 08:35:09,110 INFO o.a.j.t.JMeterThread: Thread finished: S2 1-4
2026-10-06 08:35:09,111 INFO o.a.j.t.JMeterThread: Stopping because end time detected by thread: S2 1-21
2026-10-06 08:35:09,111 INFO o.a.j.t.JMeterThread: Thread finished: S2 1-21
2026-10-06 08:35:09,113 INFO o.a.j.t.JMeterThread: Stopping because end time detected by thread: S2 1-140
2026-10-06 08:35:09,113 INFO o.a.j.t.JMeterThread: Thread finished: S2 1-140
2026-10-06 08:35:09,117 INFO o.a.j.t.JMeterThread: Stopping because end time detected by thread: S2 1-71
2026-10-06 08:35:09,117 INFO o.a.j.t.JMeterThread: Thread finished: S2 1-71
2026-10-06 08:35:09,119 INFO o.a.j.t.JMeterThread: Stopping because end time detected by thread: S2 1-23
2026-10-06 08:35:09,119 INFO o.a.j.t.JMeterThread: Thread finished: S2 1-23
2026-10-06 08:35:09,123 INFO o.a.j.t.JMeterThread: Stopping because end time detected by thread: S2 1-80
2026-10-06 08:35:09,123 INFO o.a.j.t.JMeterThread: Thread finished: S2 1-80
2026-10-06 08:35:09,126 INFO o.a.j.t.JMeterThread: Stopping because end time detected by thread: S2 1-72
2026-10-06 08:35:09,126 INFO o.a.j.t.JMeterThread: Thread finished: S2 1-72
2026-10-06 08:35:09,128 INFO o.a.j.t.JMeterThread: Stopping because end time detected by thread: S2 1-135
2026-10-06 08:35:09,128 INFO o.a.j.t.JMeterThread: Thread finished: S2 1-135
2026-10-06 08:35:09,129 INFO o.a.j.t.JMeterThread: Stopping because end time detected by thread: S2 1-54
2026-10-06 08:35:09,129 INFO o.a.j.t.JMeterThread: Thread finished: S2 1-54
2026-10-06 08:35:09,129 INFO o.a.j.t.JMeterThread: Stopping because end time detected by thread: S2 1-10
2026-10-06 08:35:09,129 INFO o.a.j.t.JMeterThread: Thread finished: S2 1-10
2026-10-06 08:35:09,130 INFO o.a.j.t.JMeterThread: Stopping because end time detected by thread: S2 1-171
2026-10-06 08:35:09,130 INFO o.a.j.t.JMeterThread: Thread finished: S2 1-171
2026-10-06 08:35:09,132 INFO o.a.j.t.JMeterThread: Stopping because end time detected by thread: S2 1-213
2026-10-06 08:35:09,132 INFO o.a.j.t.JMeterThread: Thread finished: S2 1-213
2026-10-06 08:35:09,132 INFO o.a.j.t.JMeterThread: Stopping because end time detected by thread: S2 1-35
2026-10-06 08:35:09,132 INFO o.a.j.t.JMeterThread: Thread finished: S2 1-35
2026-10-06 08:35:09,134 INFO o.a.j.t.JMeterThread: Stopping because end time detected by thread: S2 1-225
2026-10-06 08:35:09,134 INFO o.a.j.t.JMeterThread: Thread finished: S2 1-225
2026-10-06 08:35:09,139 INFO o.a.j.t.JMeterThread: Stopping because end time detected by thread: S2 1-182
2026-10-06 08:35:09,139 INFO o.a.j.t.JMeterThread: Thread finished: S2 1-182
2026-10-06 08:35:09,146 INFO o.a.j.t.JMeterThread: Stopping because end time detected by thread: S2 1-47
2026-10-06 08:35:09,147 INFO o.a.j.t.JMeterThread: Thread finished: S2 1-47
2026-10-06 08:35:09,152 INFO o.a.j.t.JMeterThread: Stopping because end time detected by thread: S2 1-89
2026-10-06 08:35:09,152 INFO o.a.j.t.JMeterThread: Thread finished: S2 1-89
2026-10-06 08:35:09,153 INFO o.a.j.t.JMeterThread: Stopping because end time detected by thread: S2 1-78
2026-10-06 08:35:09,153 INFO o.a.j.t.JMeterThread: Thread finished: S2 1-78
2026-10-06 08:35:09,154 INFO o.a.j.t.JMeterThread: Stopping because end time detected by thread: S2 1-155
2026-10-06 08:35:09,154 INFO o.a.j.t.JMeterThread: Thread finished: S2 1-155
2026-10-06 08:35:09,155 INFO o.a.j.t.JMeterThread: Stopping because end time detected by thread: S2 1-196
2026-10-06 08:35:09,155 INFO o.a.j.t.JMeterThread: Thread finished: S2 1-196
2026-10-06 08:35:09,157 INFO o.a.j.t.JMeterThread: Stopping because end time detected by thread: S2 1-208
2026-10-06 08:35:09,158 INFO o.a.j.t.JMeterThread: Thread finished: S2 1-208
2026-10-06 08:35:09,164 INFO o.a.j.t.JMeterThread: Stopping because end time detected by thread: S2 1-28
2026-10-06 08:35:09,164 INFO o.a.j.t.JMeterThread: Thread finished: S2 1-28
2026-10-06 08:35:09,166 INFO o.a.j.t.JMeterThread: Stopping because end time detected by thread: S2 1-217
2026-10-06 08:35:09,166 INFO o.a.j.t.JMeterThread: Thread finished: S2 1-217
2026-10-06 08:35:09,169 INFO o.a.j.t.JMeterThread: Stopping because end time detected by thread: S2 1-199
2026-10-06 08:35:09,169 INFO o.a.j.t.JMeterThread: Stopping because end time detected by thread: S2 1-126
2026-10-06 08:35:09,169 INFO o.a.j.t.JMeterThread: Thread finished: S2 1-199
2026-10-06 08:35:09,169 INFO o.a.j.t.JMeterThread: Thread finished: S2 1-126
2026-10-06 08:35:09,169 INFO o.a.j.t.JMeterThread: Stopping because end time detected by thread: S2 1-188
2026-10-06 08:35:09,169 INFO o.a.j.t.JMeterThread: Thread finished: S2 1-188
2026-10-06 08:35:09,171 INFO o.a.j.t.JMeterThread: Stopping because end time detected by thread: S2 1-50
2026-10-06 08:35:09,171 INFO o.a.j.t.JMeterThread: Thread finished: S2 1-50
2026-10-06 08:35:09,171 INFO o.a.j.t.JMeterThread: Stopping because end time detected by thread: S2 1-163
2026-10-06 08:35:09,171 INFO o.a.j.t.JMeterThread: Thread finished: S2 1-163
2026-10-06 08:35:09,172 INFO o.a.j.t.JMeterThread: Stopping because end time detected by thread: S2 1-144
2026-10-06 08:35:09,172 INFO o.a.j.t.JMeterThread: Thread finished: S2 1-144
2026-10-06 08:35:09,172 INFO o.a.j.t.JMeterThread: Stopping because end time detected by thread: S2 1-15
2026-10-06 08:35:09,172 INFO o.a.j.t.JMeterThread: Thread finished: S2 1-15
2026-10-06 08:35:09,174 INFO o.a.j.t.JMeterThread: Stopping because end time detected by thread: S2 1-19
2026-10-06 08:35:09,174 INFO o.a.j.t.JMeterThread: Thread finished: S2 1-19
2026-10-06 08:35:09,176 INFO o.a.j.t.JMeterThread: Stopping because end time detected by thread: S2 1-87
2026-10-06 08:35:09,176 INFO o.a.j.t.JMeterThread: Thread finished: S2 1-87
2026-10-06 08:35:09,177 INFO o.a.j.t.JMeterThread: Stopping because end time detected by thread: S2 1-103
2026-10-06 08:35:09,177 INFO o.a.j.t.JMeterThread: Thread finished: S2 1-103
2026-10-06 08:35:09,180 INFO o.a.j.t.JMeterThread: Stopping because end time detected by thread: S2 1-201
2026-10-06 08:35:09,180 INFO o.a.j.t.JMeterThread: Thread finished: S2 1-201
2026-10-06 08:35:09,183 INFO o.a.j.t.JMeterThread: Stopping because end time detected by thread: S2 1-113
2026-10-06 08:35:09,183 INFO o.a.j.t.JMeterThread: Thread finished: S2 1-113
2026-10-06 08:35:09,184 INFO o.a.j.t.JMeterThread: Stopping because end time detected by thread: S2 1-177
2026-10-06 08:35:09,184 INFO o.a.j.t.JMeterThread: Thread finished: S2 1-177
2026-10-06 08:35:09,186 INFO o.a.j.t.JMeterThread: Stopping because end time detected by thread: S2 1-198
2026-10-06 08:35:09,186 INFO o.a.j.t.JMeterThread: Thread finished: S2 1-198
2026-10-06 08:35:09,187 INFO o.a.j.t.JMeterThread: Stopping because end time detected by thread: S2 1-160
2026-10-06 08:35:09,188 INFO o.a.j.t.JMeterThread: Thread finished: S2 1-160
2026-10-06 08:35:09,188 INFO o.a.j.t.JMeterThread: Stopping because end time detected by thread: S2 1-226
2026-10-06 08:35:09,188 INFO o.a.j.t.JMeterThread: Thread finished: S2 1-226
2026-10-06 08:35:09,188 INFO o.a.j.t.JMeterThread: Stopping because end time detected by thread: S2 1-65
2026-10-06 08:35:09,188 INFO o.a.j.t.JMeterThread: Thread finished: S2 1-65
2026-10-06 08:35:09,189 INFO o.a.j.t.JMeterThread: Stopping because end time detected by thread: S2 1-115
2026-10-06 08:35:09,189 INFO o.a.j.t.JMeterThread: Thread finished: S2 1-115
2026-10-06 08:35:09,190 INFO o.a.j.t.JMeterThread: Stopping because end time detected by thread: S2 1-18
2026-10-06 08:35:09,190 INFO o.a.j.t.JMeterThread: Thread finished: S2 1-18
2026-10-06 08:35:09,190 INFO o.a.j.t.JMeterThread: Stopping because end time detected by thread: S2 1-273
2026-10-06 08:35:09,190 INFO o.a.j.t.JMeterThread: Thread finished: S2 1-273
2026-10-06 08:35:09,191 INFO o.a.j.t.JMeterThread: Stopping because end time detected by thread: S2 1-55
2026-10-06 08:35:09,191 INFO o.a.j.t.JMeterThread: Thread finished: S2 1-55
2026-10-06 08:35:09,191 INFO o.a.j.t.JMeterThread: Stopping because end time detected by thread: S2 1-249
2026-10-06 08:35:09,191 INFO o.a.j.t.JMeterThread: Thread finished: S2 1-249
2026-10-06 08:35:09,193 INFO o.a.j.t.JMeterThread: Stopping because end time detected by thread: S2 1-40
2026-10-06 08:35:09,193 INFO o.a.j.t.JMeterThread: Thread finished: S2 1-40
2026-10-06 08:35:09,196 INFO o.a.j.t.JMeterThread: Stopping because end time detected by thread: S2 1-120
2026-10-06 08:35:09,196 INFO o.a.j.t.JMeterThread: Thread finished: S2 1-120
2026-10-06 08:35:09,196 INFO o.a.j.t.JMeterThread: Stopping because end time detected by thread: S2 1-96
2026-10-06 08:35:09,196 INFO o.a.j.t.JMeterThread: Thread finished: S2 1-96
2026-10-06 08:35:09,197 INFO o.a.j.t.JMeterThread: Stopping because end time detected by thread: S2 1-13
2026-10-06 08:35:09,197 INFO o.a.j.t.JMeterThread: Thread finished: S2 1-13
2026-10-06 08:35:09,198 INFO o.a.j.t.JMeterThread: Stopping because end time detected by thread: S2 1-261
2026-10-06 08:35:09,198 INFO o.a.j.t.JMeterThread: Thread finished: S2 1-261
2026-10-06 08:35:09,200 INFO o.a.j.t.JMeterThread: Stopping because end time detected by thread: S2 1-90
2026-10-06 08:35:09,200 INFO o.a.j.t.JMeterThread: Thread finished: S2 1-90
2026-10-06 08:35:09,201 INFO o.a.j.t.JMeterThread: Stopping because end time detected by thread: S2 1-142
2026-10-06 08:35:09,201 INFO o.a.j.t.JMeterThread: Thread finished: S2 1-142
2026-10-06 08:35:09,202 INFO o.a.j.t.JMeterThread: Stopping because end time detected by thread: S2 1-93
2026-10-06 08:35:09,202 INFO o.a.j.t.JMeterThread: Thread finished: S2 1-93
2026-10-06 08:35:09,202 INFO o.a.j.t.JMeterThread: Stopping because end time detected by thread: S2 1-187
2026-10-06 08:35:09,202 INFO o.a.j.t.JMeterThread: Thread finished: S2 1-187
2026-10-06 08:35:09,203 INFO o.a.j.t.JMeterThread: Stopping because end time detected by thread: S2 1-161
2026-10-06 08:35:09,203 INFO o.a.j.t.JMeterThread: Thread finished: S2 1-161
2026-10-06 08:35:09,207 INFO o.a.j.t.JMeterThread: Stopping because end time detected by thread: S2 1-108
2026-10-06 08:35:09,207 INFO o.a.j.t.JMeterThread: Thread finished: S2 1-108
2026-10-06 08:35:09,210 INFO o.a.j.t.JMeterThread: Stopping because end time detected by thread: S2 1-200
2026-10-06 08:35:09,210 INFO o.a.j.t.JMeterThread: Thread finished: S2 1-200
2026-10-06 08:35:09,210 INFO o.a.j.t.JMeterThread: Stopping because end time detected by thread: S2 1-262
2026-10-06 08:35:09,210 INFO o.a.j.t.JMeterThread: Thread finished: S2 1-262
2026-10-06 08:35:09,216 INFO o.a.j.t.JMeterThread: Stopping because end time detected by thread: S2 1-124
2026-10-06 08:35:09,216 INFO o.a.j.t.JMeterThread: Thread finished: S2 1-124
2026-10-06 08:35:09,217 INFO o.a.j.t.JMeterThread: Stopping because end time detected by thread: S2 1-174
2026-10-06 08:35:09,217 INFO o.a.j.t.JMeterThread: Thread finished: S2 1-174
2026-10-06 08:35:09,220 INFO o.a.j.t.JMeterThread: Stopping because end time detected by thread: S2 1-179
2026-10-06 08:35:09,220 INFO o.a.j.t.JMeterThread: Thread finished: S2 1-179
2026-10-06 08:35:09,220 INFO o.a.j.t.JMeterThread: Stopping because end time detected by thread: S2 1-153
2026-10-06 08:35:09,220 INFO o.a.j.t.JMeterThread: Thread finished: S2 1-153
2026-10-06 08:35:09,221 INFO o.a.j.t.JMeterThread: Stopping because end time detected by thread: S2 1-11
2026-10-06 08:35:09,221 INFO o.a.j.t.JMeterThread: Thread finished: S2 1-11
2026-10-06 08:35:09,221 INFO o.a.j.t.JMeterThread: Stopping because end time detected by thread: S2 1-131
2026-10-06 08:35:09,221 INFO o.a.j.t.JMeterThread: Thread finished: S2 1-131
2026-10-06 08:35:09,221 INFO o.a.j.t.JMeterThread: Stopping because end time detected by thread: S2 1-26
2026-10-06 08:35:09,221 INFO o.a.j.t.JMeterThread: Thread finished: S2 1-26
2026-10-06 08:35:09,222 INFO o.a.j.t.JMeterThread: Stopping because end time detected by thread: S2 1-70
2026-10-06 08:35:09,222 INFO o.a.j.t.JMeterThread: Thread finished: S2 1-70
2026-10-06 08:35:09,222 INFO o.a.j.t.JMeterThread: Stopping because end time detected by thread: S2 1-67
2026-10-06 08:35:09,222 INFO o.a.j.t.JMeterThread: Thread finished: S2 1-67
2026-10-06 08:35:09,223 INFO o.a.j.t.JMeterThread: Stopping because end time detected by thread: S2 1-293
2026-10-06 08:35:09,223 INFO o.a.j.t.JMeterThread: Thread finished: S2 1-293
2026-10-06 08:35:09,226 INFO o.a.j.t.JMeterThread: Stopping because end time detected by thread: S2 1-12
2026-10-06 08:35:09,226 INFO o.a.j.t.JMeterThread: Thread finished: S2 1-12
2026-10-06 08:35:09,226 INFO o.a.j.t.JMeterThread: Stopping because end time detected by thread: S2 1-29
2026-10-06 08:35:09,226 INFO o.a.j.t.JMeterThread: Thread finished: S2 1-29
2026-10-06 08:35:09,226 INFO o.a.j.t.JMeterThread: Stopping because end time detected by thread: S2 1-97
2026-10-06 08:35:09,226 INFO o.a.j.t.JMeterThread: Thread finished: S2 1-97
2026-10-06 08:35:09,228 INFO o.a.j.t.JMeterThread: Stopping because end time detected by thread: S2 1-73
2026-10-06 08:35:09,229 INFO o.a.j.t.JMeterThread: Thread finished: S2 1-73
2026-10-06 08:35:09,232 INFO o.a.j.t.JMeterThread: Stopping because end time detected by thread: S2 1-267
2026-10-06 08:35:09,232 INFO o.a.j.t.JMeterThread: Thread finished: S2 1-267
2026-10-06 08:35:09,232 INFO o.a.j.t.JMeterThread: Stopping because end time detected by thread: S2 1-235
2026-10-06 08:35:09,232 INFO o.a.j.t.JMeterThread: Thread finished: S2 1-235
2026-10-06 08:35:09,234 INFO o.a.j.t.JMeterThread: Stopping because end time detected by thread: S2 1-206
2026-10-06 08:35:09,235 INFO o.a.j.t.JMeterThread: Thread finished: S2 1-206
2026-10-06 08:35:09,237 INFO o.a.j.t.JMeterThread: Stopping because end time detected by thread: S2 1-166
2026-10-06 08:35:09,237 INFO o.a.j.t.JMeterThread: Thread finished: S2 1-166
2026-10-06 08:35:09,240 INFO o.a.j.t.JMeterThread: Stopping because end time detected by thread: S2 1-223
2026-10-06 08:35:09,240 INFO o.a.j.t.JMeterThread: Thread finished: S2 1-223
2026-10-06 08:35:09,241 INFO o.a.j.t.JMeterThread: Stopping because end time detected by thread: S2 1-9
2026-10-06 08:35:09,241 INFO o.a.j.t.JMeterThread: Thread finished: S2 1-9
2026-10-06 08:35:09,241 INFO o.a.j.t.JMeterThread: Stopping because end time detected by thread: S2 1-183
2026-10-06 08:35:09,242 INFO o.a.j.t.JMeterThread: Thread finished: S2 1-183
2026-10-06 08:35:09,243 INFO o.a.j.t.JMeterThread: Stopping because end time detected by thread: S2 1-136
2026-10-06 08:35:09,243 INFO o.a.j.t.JMeterThread: Thread finished: S2 1-136
2026-10-06 08:35:09,245 INFO o.a.j.t.JMeterThread: Stopping because end time detected by thread: S2 1-30
2026-10-06 08:35:09,245 INFO o.a.j.t.JMeterThread: Thread finished: S2 1-30
2026-10-06 08:35:09,247 INFO o.a.j.t.JMeterThread: Stopping because end time detected by thread: S2 1-243
2026-10-06 08:35:09,247 INFO o.a.j.t.JMeterThread: Thread finished: S2 1-243
2026-10-06 08:35:09,248 INFO o.a.j.t.JMeterThread: Stopping because end time detected by thread: S2 1-159
2026-10-06 08:35:09,249 INFO o.a.j.t.JMeterThread: Stopping because end time detected by thread: S2 1-3
2026-10-06 08:35:09,249 INFO o.a.j.t.JMeterThread: Stopping because end time detected by thread: S2 1-229
2026-10-06 08:35:09,249 INFO o.a.j.t.JMeterThread: Thread finished: S2 1-159
2026-10-06 08:35:09,249 INFO o.a.j.t.JMeterThread: Thread finished: S2 1-3
2026-10-06 08:35:09,250 INFO o.a.j.t.JMeterThread: Thread finished: S2 1-229
2026-10-06 08:35:09,256 INFO o.a.j.t.JMeterThread: Stopping because end time detected by thread: S2 1-247
2026-10-06 08:35:09,256 INFO o.a.j.t.JMeterThread: Thread finished: S2 1-247
2026-10-06 08:35:09,257 INFO o.a.j.t.JMeterThread: Stopping because end time detected by thread: S2 1-251
2026-10-06 08:35:09,257 INFO o.a.j.t.JMeterThread: Thread finished: S2 1-251
2026-10-06 08:35:09,259 INFO o.a.j.t.JMeterThread: Stopping because end time detected by thread: S2 1-7
2026-10-06 08:35:09,259 INFO o.a.j.t.JMeterThread: Stopping because end time detected by thread: S2 1-332
2026-10-06 08:35:09,259 INFO o.a.j.t.JMeterThread: Thread finished: S2 1-7
2026-10-06 08:35:09,259 INFO o.a.j.t.JMeterThread: Thread finished: S2 1-332
2026-10-06 08:35:09,261 INFO o.a.j.t.JMeterThread: Stopping because end time detected by thread: S2 1-44
2026-10-06 08:35:09,261 INFO o.a.j.t.JMeterThread: Thread finished: S2 1-44
2026-10-06 08:35:09,262 INFO o.a.j.t.JMeterThread: Stopping because end time detected by thread: S2 1-110
2026-10-06 08:35:09,262 INFO o.a.j.t.JMeterThread: Thread finished: S2 1-110
2026-10-06 08:35:09,263 INFO o.a.j.t.JMeterThread: Stopping because end time detected by thread: S2 1-211
2026-10-06 08:35:09,263 INFO o.a.j.t.JMeterThread: Thread finished: S2 1-211
2026-10-06 08:35:09,264 INFO o.a.j.t.JMeterThread: Stopping because end time detected by thread: S2 1-74
2026-10-06 08:35:09,265 INFO o.a.j.t.JMeterThread: Thread finished: S2 1-74
2026-10-06 08:35:09,265 INFO o.a.j.t.JMeterThread: Stopping because end time detected by thread: S2 1-329
2026-10-06 08:35:09,265 INFO o.a.j.t.JMeterThread: Thread finished: S2 1-329
2026-10-06 08:35:09,266 INFO o.a.j.t.JMeterThread: Stopping because end time detected by thread: S2 1-219
2026-10-06 08:35:09,266 INFO o.a.j.t.JMeterThread: Thread finished: S2 1-219
2026-10-06 08:35:09,266 INFO o.a.j.t.JMeterThread: Stopping because end time detected by thread: S2 1-314
2026-10-06 08:35:09,266 INFO o.a.j.t.JMeterThread: Thread finished: S2 1-314
2026-10-06 08:35:09,268 INFO o.a.j.t.JMeterThread: Stopping because end time detected by thread: S2 1-192
2026-10-06 08:35:09,268 INFO o.a.j.t.JMeterThread: Thread finished: S2 1-192
2026-10-06 08:35:09,274 INFO o.a.j.t.JMeterThread: Stopping because end time detected by thread: S2 1-241
2026-10-06 08:35:09,274 INFO o.a.j.t.JMeterThread: Thread finished: S2 1-241
2026-10-06 08:35:09,275 INFO o.a.j.t.JMeterThread: Stopping because end time detected by thread: S2 1-264
2026-10-06 08:35:09,276 INFO o.a.j.t.JMeterThread: Thread finished: S2 1-264
2026-10-06 08:35:09,278 INFO o.a.j.t.JMeterThread: Stopping because end time detected by thread: S2 1-158
2026-10-06 08:35:09,278 INFO o.a.j.t.JMeterThread: Thread finished: S2 1-158
2026-10-06 08:35:09,284 INFO o.a.j.t.JMeterThread: Stopping because end time detected by thread: S2 1-221
2026-10-06 08:35:09,284 INFO o.a.j.t.JMeterThread: Stopping because end time detected by thread: S2 1-236
2026-10-06 08:35:09,284 INFO o.a.j.t.JMeterThread: Thread finished: S2 1-221
2026-10-06 08:35:09,284 INFO o.a.j.t.JMeterThread: Thread finished: S2 1-236
2026-10-06 08:35:09,284 INFO o.a.j.t.JMeterThread: Stopping because end time detected by thread: S2 1-370
2026-10-06 08:35:09,284 INFO o.a.j.t.JMeterThread: Thread finished: S2 1-370
2026-10-06 08:35:09,285 INFO o.a.j.t.JMeterThread: Stopping because end time detected by thread: S2 1-106
2026-10-06 08:35:09,286 INFO o.a.j.t.JMeterThread: Thread finished: S2 1-106
2026-10-06 08:35:09,286 INFO o.a.j.t.JMeterThread: Stopping because end time detected by thread: S2 1-128
2026-10-06 08:35:09,286 INFO o.a.j.t.JMeterThread: Thread finished: S2 1-128
2026-10-06 08:35:09,286 INFO o.a.j.t.JMeterThread: Stopping because end time detected by thread: S2 1-175
2026-10-06 08:35:09,286 INFO o.a.j.t.JMeterThread: Thread finished: S2 1-175
2026-10-06 08:35:09,287 INFO o.a.j.t.JMeterThread: Stopping because end time detected by thread: S2 1-98
2026-10-06 08:35:09,287 INFO o.a.j.t.JMeterThread: Thread finished: S2 1-98
2026-10-06 08:35:09,287 INFO o.a.j.t.JMeterThread: Stopping because end time detected by thread: S2 1-5
2026-10-06 08:35:09,287 INFO o.a.j.t.JMeterThread: Thread finished: S2 1-5
2026-10-06 08:35:09,288 INFO o.a.j.t.JMeterThread: Stopping because end time detected by thread: S2 1-190
2026-10-06 08:35:09,288 INFO o.a.j.t.JMeterThread: Thread finished: S2 1-190
2026-10-06 08:35:09,289 INFO o.a.j.t.JMeterThread: Stopping because end time detected by thread: S2 1-154
2026-10-06 08:35:09,290 INFO o.a.j.t.JMeterThread: Thread finished: S2 1-154
2026-10-06 08:35:09,294 INFO o.a.j.t.JMeterThread: Stopping because end time detected by thread: S2 1-252
2026-10-06 08:35:09,294 INFO o.a.j.t.JMeterThread: Stopping because end time detected by thread: S2 1-127
2026-10-06 08:35:09,294 INFO o.a.j.t.JMeterThread: Thread finished: S2 1-252
2026-10-06 08:35:09,294 INFO o.a.j.t.JMeterThread: Thread finished: S2 1-127
2026-10-06 08:35:09,295 INFO o.a.j.t.JMeterThread: Stopping because end time detected by thread: S2 1-147
2026-10-06 08:35:09,295 INFO o.a.j.t.JMeterThread: Thread finished: S2 1-147
2026-10-06 08:35:09,300 INFO o.a.j.t.JMeterThread: Stopping because end time detected by thread: S2 1-282
2026-10-06 08:35:09,301 INFO o.a.j.t.JMeterThread: Thread finished: S2 1-282
2026-10-06 08:35:09,301 INFO o.a.j.t.JMeterThread: Stopping because end time detected by thread: S2 1-330
2026-10-06 08:35:09,302 INFO o.a.j.t.JMeterThread: Thread finished: S2 1-330
2026-10-06 08:35:09,303 INFO o.a.j.t.JMeterThread: Stopping because end time detected by thread: S2 1-307
2026-10-06 08:35:09,303 INFO o.a.j.t.JMeterThread: Thread finished: S2 1-307
2026-10-06 08:35:09,304 INFO o.a.j.t.JMeterThread: Stopping because end time detected by thread: S2 1-197
2026-10-06 08:35:09,304 INFO o.a.j.t.JMeterThread: Thread finished: S2 1-197
2026-10-06 08:35:09,304 INFO o.a.j.t.JMeterThread: Stopping because end time detected by thread: S2 1-242
2026-10-06 08:35:09,304 INFO o.a.j.t.JMeterThread: Stopping because end time detected by thread: S2 1-164
2026-10-06 08:35:09,304 INFO o.a.j.t.JMeterThread: Thread finished: S2 1-242
2026-10-06 08:35:09,304 INFO o.a.j.t.JMeterThread: Thread finished: S2 1-164
2026-10-06 08:35:09,304 INFO o.a.j.t.JMeterThread: Stopping because end time detected by thread: S2 1-216
2026-10-06 08:35:09,304 INFO o.a.j.t.JMeterThread: Thread finished: S2 1-216
2026-10-06 08:35:09,305 INFO o.a.j.t.JMeterThread: Stopping because end time detected by thread: S2 1-319
2026-10-06 08:35:09,305 INFO o.a.j.t.JMeterThread: Thread finished: S2 1-319
2026-10-06 08:35:09,305 INFO o.a.j.t.JMeterThread: Stopping because end time detected by thread: S2 1-337
2026-10-06 08:35:09,305 INFO o.a.j.t.JMeterThread: Stopping because end time detected by thread: S2 1-392
2026-10-06 08:35:09,305 INFO o.a.j.t.JMeterThread: Thread finished: S2 1-337
2026-10-06 08:35:09,305 INFO o.a.j.t.JMeterThread: Thread finished: S2 1-392
2026-10-06 08:35:09,306 INFO o.a.j.t.JMeterThread: Stopping because end time detected by thread: S2 1-138
2026-10-06 08:35:09,306 INFO o.a.j.t.JMeterThread: Thread finished: S2 1-138
2026-10-06 08:35:09,306 INFO o.a.j.t.JMeterThread: Stopping because end time detected by thread: S2 1-338
2026-10-06 08:35:09,306 INFO o.a.j.t.JMeterThread: Thread finished: S2 1-338
2026-10-06 08:35:09,306 INFO o.a.j.t.JMeterThread: Stopping because end time detected by thread: S2 1-82
2026-10-06 08:35:09,306 INFO o.a.j.t.JMeterThread: Thread finished: S2 1-82
2026-10-06 08:35:09,307 INFO o.a.j.t.JMeterThread: Stopping because end time detected by thread: S2 1-344
2026-10-06 08:35:09,308 INFO o.a.j.t.JMeterThread: Thread finished: S2 1-344
2026-10-06 08:35:09,308 INFO o.a.j.t.JMeterThread: Stopping because end time detected by thread: S2 1-287
2026-10-06 08:35:09,308 INFO o.a.j.t.JMeterThread: Thread finished: S2 1-287
2026-10-06 08:35:09,308 INFO o.a.j.t.JMeterThread: Stopping because end time detected by thread: S2 1-399
2026-10-06 08:35:09,308 INFO o.a.j.t.JMeterThread: Thread finished: S2 1-399
2026-10-06 08:35:09,310 INFO o.a.j.t.JMeterThread: Stopping because end time detected by thread: S2 1-227
2026-10-06 08:35:09,310 INFO o.a.j.t.JMeterThread: Thread finished: S2 1-227
2026-10-06 08:35:09,311 INFO o.a.j.t.JMeterThread: Stopping because end time detected by thread: S2 1-310
2026-10-06 08:35:09,311 INFO o.a.j.t.JMeterThread: Thread finished: S2 1-310
2026-10-06 08:35:09,312 INFO o.a.j.t.JMeterThread: Stopping because end time detected by thread: S2 1-403
2026-10-06 08:35:09,313 INFO o.a.j.t.JMeterThread: Stopping because end time detected by thread: S2 1-22
2026-10-06 08:35:09,313 INFO o.a.j.t.JMeterThread: Thread finished: S2 1-403
2026-10-06 08:35:09,313 INFO o.a.j.t.JMeterThread: Thread finished: S2 1-22
2026-10-06 08:35:09,313 INFO o.a.j.t.JMeterThread: Stopping because end time detected by thread: S2 1-39
2026-10-06 08:35:09,313 INFO o.a.j.t.JMeterThread: Thread finished: S2 1-39
2026-10-06 08:35:09,314 INFO o.a.j.t.JMeterThread: Stopping because end time detected by thread: S2 1-272
2026-10-06 08:35:09,314 INFO o.a.j.t.JMeterThread: Thread finished: S2 1-272
2026-10-06 08:35:09,314 INFO o.a.j.t.JMeterThread: Stopping because end time detected by thread: S2 1-386
2026-10-06 08:35:09,314 INFO o.a.j.t.JMeterThread: Thread finished: S2 1-386
2026-10-06 08:35:09,321 INFO o.a.j.t.JMeterThread: Stopping because end time detected by thread: S2 1-49
2026-10-06 08:35:09,321 INFO o.a.j.t.JMeterThread: Stopping because end time detected by thread: S2 1-66
2026-10-06 08:35:09,321 INFO o.a.j.t.JMeterThread: Thread finished: S2 1-49
2026-10-06 08:35:09,322 INFO o.a.j.t.JMeterThread: Thread finished: S2 1-66
2026-10-06 08:35:09,323 INFO o.a.j.t.JMeterThread: Stopping because end time detected by thread: S2 1-24
2026-10-06 08:35:09,323 INFO o.a.j.t.JMeterThread: Thread finished: S2 1-24
2026-10-06 08:35:09,324 INFO o.a.j.t.JMeterThread: Stopping because end time detected by thread: S2 1-348
2026-10-06 08:35:09,324 INFO o.a.j.t.JMeterThread: Thread finished: S2 1-348
2026-10-06 08:35:09,326 INFO o.a.j.t.JMeterThread: Stopping because end time detected by thread: S2 1-14
2026-10-06 08:35:09,327 INFO o.a.j.t.JMeterThread: Thread finished: S2 1-14
2026-10-06 08:35:09,327 INFO o.a.j.t.JMeterThread: Stopping because end time detected by thread: S2 1-420
2026-10-06 08:35:09,327 INFO o.a.j.t.JMeterThread: Thread finished: S2 1-420
2026-10-06 08:35:09,328 INFO o.a.j.t.JMeterThread: Stopping because end time detected by thread: S2 1-411
2026-10-06 08:35:09,328 INFO o.a.j.t.JMeterThread: Thread finished: S2 1-411
2026-10-06 08:35:09,329 INFO o.a.j.t.JMeterThread: Stopping because end time detected by thread: S2 1-234
2026-10-06 08:35:09,330 INFO o.a.j.t.JMeterThread: Thread finished: S2 1-234
2026-10-06 08:35:09,332 INFO o.a.j.t.JMeterThread: Stopping because end time detected by thread: S2 1-2
2026-10-06 08:35:09,333 INFO o.a.j.t.JMeterThread: Thread finished: S2 1-2
2026-10-06 08:35:09,333 INFO o.a.j.t.JMeterThread: Stopping because end time detected by thread: S2 1-167
2026-10-06 08:35:09,333 INFO o.a.j.t.JMeterThread: Thread finished: S2 1-167
2026-10-06 08:35:09,335 INFO o.a.j.t.JMeterThread: Stopping because end time detected by thread: S2 1-85
2026-10-06 08:35:09,336 INFO o.a.j.t.JMeterThread: Thread finished: S2 1-85
2026-10-06 08:35:09,336 INFO o.a.j.t.JMeterThread: Stopping because end time detected by thread: S2 1-279
2026-10-06 08:35:09,336 INFO o.a.j.t.JMeterThread: Thread finished: S2 1-279
2026-10-06 08:35:09,337 INFO o.a.j.t.JMeterThread: Stopping because end time detected by thread: S2 1-53
2026-10-06 08:35:09,337 INFO o.a.j.t.JMeterThread: Thread finished: S2 1-53
2026-10-06 08:35:09,338 INFO o.a.j.t.JMeterThread: Stopping because end time detected by thread: S2 1-425
2026-10-06 08:35:09,338 INFO o.a.j.t.JMeterThread: Thread finished: S2 1-425
2026-10-06 08:35:09,338 INFO o.a.j.t.JMeterThread: Stopping because end time detected by thread: S2 1-222
2026-10-06 08:35:09,338 INFO o.a.j.t.JMeterThread: Thread finished: S2 1-222
2026-10-06 08:35:09,339 INFO o.a.j.t.JMeterThread: Stopping because end time detected by thread: S2 1-114
2026-10-06 08:35:09,339 INFO o.a.j.t.JMeterThread: Stopping because end time detected by thread: S2 1-58
2026-10-06 08:35:09,339 INFO o.a.j.t.JMeterThread: Thread finished: S2 1-58
2026-10-06 08:35:09,340 INFO o.a.j.t.JMeterThread: Thread finished: S2 1-114
2026-10-06 08:35:09,343 INFO o.a.j.t.JMeterThread: Stopping because end time detected by thread: S2 1-94
2026-10-06 08:35:09,343 INFO o.a.j.t.JMeterThread: Thread finished: S2 1-94
2026-10-06 08:35:09,345 INFO o.a.j.t.JMeterThread: Stopping because end time detected by thread: S2 1-81
2026-10-06 08:35:09,345 INFO o.a.j.t.JMeterThread: Thread finished: S2 1-81
2026-10-06 08:35:09,346 INFO o.a.j.t.JMeterThread: Stopping because end time detected by thread: S2 1-45
2026-10-06 08:35:09,346 INFO o.a.j.t.JMeterThread: Thread finished: S2 1-45
2026-10-06 08:35:09,351 INFO o.a.j.t.JMeterThread: Stopping because end time detected by thread: S2 1-453
2026-10-06 08:35:09,351 INFO o.a.j.t.JMeterThread: Thread finished: S2 1-453
2026-10-06 08:35:09,351 INFO o.a.j.t.JMeterThread: Stopping because end time detected by thread: S2 1-220
2026-10-06 08:35:09,351 INFO o.a.j.t.JMeterThread: Thread finished: S2 1-220
2026-10-06 08:35:09,351 INFO o.a.j.t.JMeterThread: Stopping because end time detected by thread: S2 1-86
2026-10-06 08:35:09,352 INFO o.a.j.t.JMeterThread: Thread finished: S2 1-86
2026-10-06 08:35:09,352 INFO o.a.j.t.JMeterThread: Stopping because end time detected by thread: S2 1-368
2026-10-06 08:35:09,352 INFO o.a.j.t.JMeterThread: Thread finished: S2 1-368
2026-10-06 08:35:09,352 INFO o.a.j.t.JMeterThread: Stopping because end time detected by thread: S2 1-169
2026-10-06 08:35:09,353 INFO o.a.j.t.JMeterThread: Thread finished: S2 1-169
2026-10-06 08:35:09,354 INFO o.a.j.t.JMeterThread: Stopping because end time detected by thread: S2 1-88
2026-10-06 08:35:09,354 INFO o.a.j.t.JMeterThread: Thread finished: S2 1-88
2026-10-06 08:35:09,354 INFO o.a.j.t.JMeterThread: Stopping because end time detected by thread: S2 1-384
2026-10-06 08:35:09,354 INFO o.a.j.t.JMeterThread: Thread finished: S2 1-384
2026-10-06 08:35:09,354 INFO o.a.j.t.JMeterThread: Stopping because end time detected by thread: S2 1-280
2026-10-06 08:35:09,354 INFO o.a.j.t.JMeterThread: Thread finished: S2 1-280
2026-10-06 08:35:09,355 INFO o.a.j.t.JMeterThread: Stopping because end time detected by thread: S2 1-180
2026-10-06 08:35:09,355 INFO o.a.j.t.JMeterThread: Thread finished: S2 1-180
2026-10-06 08:35:09,357 INFO o.a.j.t.JMeterThread: Stopping because end time detected by thread: S2 1-283
2026-10-06 08:35:09,358 INFO o.a.j.t.JMeterThread: Thread finished: S2 1-283
2026-10-06 08:35:09,358 INFO o.a.j.t.JMeterThread: Stopping because end time detected by thread: S2 1-379
2026-10-06 08:35:09,358 INFO o.a.j.t.JMeterThread: Thread finished: S2 1-379
2026-10-06 08:35:09,358 INFO o.a.j.t.JMeterThread: Stopping because end time detected by thread: S2 1-240
2026-10-06 08:35:09,358 INFO o.a.j.t.JMeterThread: Thread finished: S2 1-240
2026-10-06 08:35:09,359 INFO o.a.j.t.JMeterThread: Stopping because end time detected by thread: S2 1-434
2026-10-06 08:35:09,360 INFO o.a.j.t.JMeterThread: Thread finished: S2 1-434
2026-10-06 08:35:09,361 INFO o.a.j.t.JMeterThread: Stopping because end time detected by thread: S2 1-145
2026-10-06 08:35:09,361 INFO o.a.j.t.JMeterThread: Thread finished: S2 1-145
2026-10-06 08:35:09,362 INFO o.a.j.t.JMeterThread: Stopping because end time detected by thread: S2 1-446
2026-10-06 08:35:09,362 INFO o.a.j.t.JMeterThread: Thread finished: S2 1-446
2026-10-06 08:35:09,367 INFO o.a.j.t.JMeterThread: Stopping because end time detected by thread: S2 1-170
2026-10-06 08:35:09,367 INFO o.a.j.t.JMeterThread: Stopping because end time detected by thread: S2 1-139
2026-10-06 08:35:09,367 INFO o.a.j.t.JMeterThread: Thread finished: S2 1-139
2026-10-06 08:35:09,367 INFO o.a.j.t.JMeterThread: Thread finished: S2 1-170
2026-10-06 08:35:09,368 INFO o.a.j.t.JMeterThread: Stopping because end time detected by thread: S2 1-437
2026-10-06 08:35:09,368 INFO o.a.j.t.JMeterThread: Thread finished: S2 1-437
2026-10-06 08:35:09,368 INFO o.a.j.t.JMeterThread: Stopping because end time detected by thread: S2 1-132
2026-10-06 08:35:09,369 INFO o.a.j.t.JMeterThread: Thread finished: S2 1-132
2026-10-06 08:35:09,370 INFO o.a.j.t.JMeterThread: Stopping because end time detected by thread: S2 1-408
2026-10-06 08:35:09,371 INFO o.a.j.t.JMeterThread: Thread finished: S2 1-408
2026-10-06 08:35:09,371 INFO o.a.j.t.JMeterThread: Stopping because end time detected by thread: S2 1-481
2026-10-06 08:35:09,371 INFO o.a.j.t.JMeterThread: Thread finished: S2 1-481
2026-10-06 08:35:09,374 INFO o.a.j.t.JMeterThread: Stopping because end time detected by thread: S2 1-118
2026-10-06 08:35:09,374 INFO o.a.j.t.JMeterThread: Thread finished: S2 1-118
2026-10-06 08:35:09,377 INFO o.a.j.t.JMeterThread: Stopping because end time detected by thread: S2 1-156
2026-10-06 08:35:09,377 INFO o.a.j.t.JMeterThread: Thread finished: S2 1-156
2026-10-06 08:35:09,379 INFO o.a.j.t.JMeterThread: Stopping because end time detected by thread: S2 1-172
2026-10-06 08:35:09,379 INFO o.a.j.t.JMeterThread: Thread finished: S2 1-172
2026-10-06 08:35:09,380 INFO o.a.j.t.JMeterThread: Stopping because end time detected by thread: S2 1-404
2026-10-06 08:35:09,380 INFO o.a.j.t.JMeterThread: Thread finished: S2 1-404
2026-10-06 08:35:09,380 INFO o.a.j.t.JMeterThread: Stopping because end time detected by thread: S2 1-433
2026-10-06 08:35:09,380 INFO o.a.j.t.JMeterThread: Thread finished: S2 1-433
2026-10-06 08:35:09,381 INFO o.a.j.t.JMeterThread: Stopping because end time detected by thread: S2 1-41
2026-10-06 08:35:09,381 INFO o.a.j.t.JMeterThread: Stopping because end time detected by thread: S2 1-123
2026-10-06 08:35:09,381 INFO o.a.j.t.JMeterThread: Thread finished: S2 1-41
2026-10-06 08:35:09,381 INFO o.a.j.t.JMeterThread: Thread finished: S2 1-123
2026-10-06 08:35:09,381 INFO o.a.j.t.JMeterThread: Stopping because end time detected by thread: S2 1-214
2026-10-06 08:35:09,381 INFO o.a.j.t.JMeterThread: Thread finished: S2 1-214
2026-10-06 08:35:09,382 INFO o.a.j.t.JMeterThread: Stopping because end time detected by thread: S2 1-376
2026-10-06 08:35:09,382 INFO o.a.j.t.JMeterThread: Stopping because end time detected by thread: S2 1-432
2026-10-06 08:35:09,382 INFO o.a.j.t.JMeterThread: Thread finished: S2 1-376
2026-10-06 08:35:09,382 INFO o.a.j.t.JMeterThread: Thread finished: S2 1-432
2026-10-06 08:35:09,382 INFO o.a.j.t.JMeterThread: Stopping because end time detected by thread: S2 1-60
2026-10-06 08:35:09,382 INFO o.a.j.t.JMeterThread: Thread finished: S2 1-60
2026-10-06 08:35:09,382 INFO o.a.j.t.JMeterThread: Stopping because end time detected by thread: S2 1-466
2026-10-06 08:35:09,383 INFO o.a.j.t.JMeterThread: Stopping because end time detected by thread: S2 1-488
2026-10-06 08:35:09,383 INFO o.a.j.t.JMeterThread: Thread finished: S2 1-488
2026-10-06 08:35:09,383 INFO o.a.j.t.JMeterThread: Thread finished: S2 1-466
2026-10-06 08:35:09,383 INFO o.a.j.t.JMeterThread: Stopping because end time detected by thread: S2 1-288
2026-10-06 08:35:09,383 INFO o.a.j.t.JMeterThread: Thread finished: S2 1-288
2026-10-06 08:35:09,384 INFO o.a.j.t.JMeterThread: Stopping because end time detected by thread: S2 1-185
2026-10-06 08:35:09,384 INFO o.a.j.t.JMeterThread: Thread finished: S2 1-185
2026-10-06 08:35:09,384 INFO o.a.j.t.JMeterThread: Stopping because end time detected by thread: S2 1-186
2026-10-06 08:35:09,384 INFO o.a.j.t.JMeterThread: Thread finished: S2 1-186
2026-10-06 08:35:09,384 INFO o.a.j.t.JMeterThread: Stopping because end time detected by thread: S2 1-51
2026-10-06 08:35:09,384 INFO o.a.j.t.JMeterThread: Thread finished: S2 1-51
2026-10-06 08:35:09,392 INFO o.a.j.t.JMeterThread: Stopping because end time detected by thread: S2 1-430
2026-10-06 08:35:09,392 INFO o.a.j.t.JMeterThread: Stopping because end time detected by thread: S2 1-6
2026-10-06 08:35:09,392 INFO o.a.j.t.JMeterThread: Thread finished: S2 1-430
2026-10-06 08:35:09,392 INFO o.a.j.t.JMeterThread: Thread finished: S2 1-6
2026-10-06 08:35:09,395 INFO o.a.j.t.JMeterThread: Stopping because end time detected by thread: S2 1-173
2026-10-06 08:35:09,395 INFO o.a.j.t.JMeterThread: Thread finished: S2 1-173
2026-10-06 08:35:09,396 INFO o.a.j.t.JMeterThread: Stopping because end time detected by thread: S2 1-304
2026-10-06 08:35:09,396 INFO o.a.j.t.JMeterThread: Thread finished: S2 1-304
2026-10-06 08:35:09,397 INFO o.a.j.t.JMeterThread: Stopping because end time detected by thread: S2 1-157
2026-10-06 08:35:09,397 INFO o.a.j.t.JMeterThread: Thread finished: S2 1-157
2026-10-06 08:35:09,398 INFO o.a.j.t.JMeterThread: Stopping because end time detected by thread: S2 1-62
2026-10-06 08:35:09,398 INFO o.a.j.t.JMeterThread: Thread finished: S2 1-62
2026-10-06 08:35:09,399 INFO o.a.j.t.JMeterThread: Stopping because end time detected by thread: S2 1-507
2026-10-06 08:35:09,399 INFO o.a.j.t.JMeterThread: Thread finished: S2 1-507
2026-10-06 08:35:09,400 INFO o.a.j.t.JMeterThread: Stopping because end time detected by thread: S2 1-27
2026-10-06 08:35:09,400 INFO o.a.j.t.JMeterThread: Thread finished: S2 1-27
2026-10-06 08:35:09,400 INFO o.a.j.t.JMeterThread: Stopping because end time detected by thread: S2 1-215
2026-10-06 08:35:09,400 INFO o.a.j.t.JMeterThread: Stopping because end time detected by thread: S2 1-296
2026-10-06 08:35:09,400 INFO o.a.j.t.JMeterThread: Thread finished: S2 1-215
2026-10-06 08:35:09,400 INFO o.a.j.t.JMeterThread: Thread finished: S2 1-296
2026-10-06 08:35:09,401 INFO o.a.j.t.JMeterThread: Stopping because end time detected by thread: S2 1-195
2026-10-06 08:35:09,401 INFO o.a.j.t.JMeterThread: Thread finished: S2 1-195
2026-10-06 08:35:09,401 INFO o.a.j.t.JMeterThread: Stopping because end time detected by thread: S2 1-449
2026-10-06 08:35:09,401 INFO o.a.j.t.JMeterThread: Thread finished: S2 1-449
2026-10-06 08:35:09,401 INFO o.a.j.t.JMeterThread: Stopping because end time detected by thread: S2 1-232
2026-10-06 08:35:09,403 INFO o.a.j.t.JMeterThread: Thread finished: S2 1-232
2026-10-06 08:35:09,410 INFO o.a.j.t.JMeterThread: Stopping because end time detected by thread: S2 1-333
2026-10-06 08:35:09,410 INFO o.a.j.t.JMeterThread: Stopping because end time detected by thread: S2 1-191
2026-10-06 08:35:09,410 INFO o.a.j.t.JMeterThread: Thread finished: S2 1-333
2026-10-06 08:35:09,410 INFO o.a.j.t.JMeterThread: Thread finished: S2 1-191
2026-10-06 08:35:09,411 INFO o.a.j.t.JMeterThread: Stopping because end time detected by thread: S2 1-202
2026-10-06 08:35:09,411 INFO o.a.j.t.JMeterThread: Thread finished: S2 1-202
2026-10-06 08:35:09,411 INFO o.a.j.t.JMeterThread: Stopping because end time detected by thread: S2 1-209
2026-10-06 08:35:09,411 INFO o.a.j.t.JMeterThread: Thread finished: S2 1-209
2026-10-06 08:35:09,411 INFO o.a.j.t.JMeterThread: Stopping because end time detected by thread: S2 1-260
2026-10-06 08:35:09,411 INFO o.a.j.t.JMeterThread: Thread finished: S2 1-260
2026-10-06 08:35:09,412 INFO o.a.j.t.JMeterThread: Stopping because end time detected by thread: S2 1-374
2026-10-06 08:35:09,412 INFO o.a.j.t.JMeterThread: Thread finished: S2 1-374
2026-10-06 08:35:09,413 INFO o.a.j.t.JMeterThread: Stopping because end time detected by thread: S2 1-117
2026-10-06 08:35:09,413 INFO o.a.j.t.JMeterThread: Thread finished: S2 1-117
2026-10-06 08:35:09,413 INFO o.a.j.t.JMeterThread: Stopping because end time detected by thread: S2 1-134
2026-10-06 08:35:09,413 INFO o.a.j.t.JMeterThread: Thread finished: S2 1-134
2026-10-06 08:35:09,414 INFO o.a.j.t.JMeterThread: Stopping because end time detected by thread: S2 1-233
2026-10-06 08:35:09,414 INFO o.a.j.t.JMeterThread: Thread finished: S2 1-233
2026-10-06 08:35:09,414 INFO o.a.j.t.JMeterThread: Stopping because end time detected by thread: S2 1-265
2026-10-06 08:35:09,414 INFO o.a.j.t.JMeterThread: Stopping because end time detected by thread: S2 1-389
2026-10-06 08:35:09,414 INFO o.a.j.t.JMeterThread: Thread finished: S2 1-265
2026-10-06 08:35:09,414 INFO o.a.j.t.JMeterThread: Thread finished: S2 1-389
2026-10-06 08:35:09,419 INFO o.a.j.t.JMeterThread: Stopping because end time detected by thread: S2 1-321
2026-10-06 08:35:09,419 INFO o.a.j.t.JMeterThread: Stopping because end time detected by thread: S2 1-520
2026-10-06 08:35:09,419 INFO o.a.j.t.JMeterThread: Stopping because end time detected by thread: S2 1-238
2026-10-06 08:35:09,419 INFO o.a.j.t.JMeterThread: Thread finished: S2 1-321
2026-10-06 08:35:09,419 INFO o.a.j.t.JMeterThread: Thread finished: S2 1-238
2026-10-06 08:35:09,419 INFO o.a.j.t.JMeterThread: Thread finished: S2 1-520
2026-10-06 08:35:09,421 INFO o.a.j.t.JMeterThread: Stopping because end time detected by thread: S2 1-193
2026-10-06 08:35:09,421 INFO o.a.j.t.JMeterThread: Thread finished: S2 1-193
2026-10-06 08:35:09,421 INFO o.a.j.t.JMeterThread: Stopping because end time detected by thread: S2 1-355
2026-10-06 08:35:09,422 INFO o.a.j.t.JMeterThread: Thread finished: S2 1-355
2026-10-06 08:35:09,427 INFO o.a.j.t.JMeterThread: Stopping because end time detected by thread: S2 1-479
2026-10-06 08:35:09,427 INFO o.a.j.t.JMeterThread: Thread finished: S2 1-479
2026-10-06 08:35:09,428 INFO o.a.j.t.JMeterThread: Stopping because end time detected by thread: S2 1-203
2026-10-06 08:35:09,428 INFO o.a.j.t.JMeterThread: Thread finished: S2 1-203
2026-10-06 08:35:09,428 INFO o.a.j.t.JMeterThread: Stopping because end time detected by thread: S2 1-419
2026-10-06 08:35:09,428 INFO o.a.j.t.JMeterThread: Thread finished: S2 1-419
2026-10-06 08:35:09,429 INFO o.a.j.t.JMeterThread: Stopping because end time detected by thread: S2 1-207
2026-10-06 08:35:09,429 INFO o.a.j.t.JMeterThread: Thread finished: S2 1-207
2026-10-06 08:35:09,430 INFO o.a.j.t.JMeterThread: Stopping because end time detected by thread: S2 1-388
2026-10-06 08:35:09,430 INFO o.a.j.t.JMeterThread: Thread finished: S2 1-388
2026-10-06 08:35:09,430 INFO o.a.j.t.JMeterThread: Stopping because end time detected by thread: S2 1-315
2026-10-06 08:35:09,430 INFO o.a.j.t.JMeterThread: Thread finished: S2 1-315
2026-10-06 08:35:09,431 INFO o.a.j.t.JMeterThread: Stopping because end time detected by thread: S2 1-150
2026-10-06 08:35:09,431 INFO o.a.j.t.JMeterThread: Thread finished: S2 1-150
2026-10-06 08:35:09,432 INFO o.a.j.t.JMeterThread: Stopping because end time detected by thread: S2 1-364
2026-10-06 08:35:09,432 INFO o.a.j.t.JMeterThread: Stopping because end time detected by thread: S2 1-152
2026-10-06 08:35:09,432 INFO o.a.j.t.JMeterThread: Thread finished: S2 1-152
2026-10-06 08:35:09,432 INFO o.a.j.t.JMeterThread: Thread finished: S2 1-364
2026-10-06 08:35:09,432 INFO o.a.j.t.JMeterThread: Stopping because end time detected by thread: S2 1-467
2026-10-06 08:35:09,432 INFO o.a.j.t.JMeterThread: Thread finished: S2 1-467
2026-10-06 08:35:09,433 INFO o.a.j.t.JMeterThread: Stopping because end time detected by thread: S2 1-230
2026-10-06 08:35:09,433 INFO o.a.j.t.JMeterThread: Thread finished: S2 1-230
2026-10-06 08:35:09,433 INFO o.a.j.t.JMeterThread: Stopping because end time detected by thread: S2 1-99
2026-10-06 08:35:09,433 INFO o.a.j.t.JMeterThread: Thread finished: S2 1-99
2026-10-06 08:35:09,434 INFO o.a.j.t.JMeterThread: Stopping because end time detected by thread: S2 1-350
2026-10-06 08:35:09,434 INFO o.a.j.t.JMeterThread: Thread finished: S2 1-350
2026-10-06 08:35:09,434 INFO o.a.j.t.JMeterThread: Stopping because end time detected by thread: S2 1-178
2026-10-06 08:35:09,434 INFO o.a.j.t.JMeterThread: Thread finished: S2 1-178
2026-10-06 08:35:09,435 INFO o.a.j.t.JMeterThread: Stopping because end time detected by thread: S2 1-83
2026-10-06 08:35:09,435 INFO o.a.j.t.JMeterThread: Thread finished: S2 1-83
2026-10-06 08:35:09,435 INFO o.a.j.t.JMeterThread: Stopping because end time detected by thread: S2 1-554
2026-10-06 08:35:09,435 INFO o.a.j.t.JMeterThread: Thread finished: S2 1-554
2026-10-06 08:35:09,438 INFO o.a.j.t.JMeterThread: Stopping because end time detected by thread: S2 1-474
2026-10-06 08:35:09,438 INFO o.a.j.t.JMeterThread: Thread finished: S2 1-474
2026-10-06 08:35:09,441 INFO o.a.j.t.JMeterThread: Stopping because end time detected by thread: S2 1-400
2026-10-06 08:35:09,441 INFO o.a.j.t.JMeterThread: Thread finished: S2 1-400
2026-10-06 08:35:09,442 INFO o.a.j.t.JMeterThread: Stopping because end time detected by thread: S2 1-255
2026-10-06 08:35:09,442 INFO o.a.j.t.JMeterThread: Thread finished: S2 1-255
2026-10-06 08:35:09,443 INFO o.a.j.t.JMeterThread: Stopping because end time detected by thread: S2 1-470
2026-10-06 08:35:09,443 INFO o.a.j.t.JMeterThread: Thread finished: S2 1-470
2026-10-06 08:35:09,443 INFO o.a.j.t.JMeterThread: Stopping because end time detected by thread: S2 1-372
2026-10-06 08:35:09,443 INFO o.a.j.t.JMeterThread: Thread finished: S2 1-372
2026-10-06 08:35:09,444 INFO o.a.j.t.JMeterThread: Stopping because end time detected by thread: S2 1-63
2026-10-06 08:35:09,444 INFO o.a.j.t.JMeterThread: Thread finished: S2 1-63
2026-10-06 08:35:09,445 INFO o.a.j.t.JMeterThread: Stopping because end time detected by thread: S2 1-52
2026-10-06 08:35:09,446 INFO o.a.j.t.JMeterThread: Thread finished: S2 1-52
2026-10-06 08:35:09,446 INFO o.a.j.t.JMeterThread: Stopping because end time detected by thread: S2 1-475
2026-10-06 08:35:09,446 INFO o.a.j.t.JMeterThread: Thread finished: S2 1-475
2026-10-06 08:35:09,450 INFO o.a.j.t.JMeterThread: Stopping because end time detected by thread: S2 1-146
2026-10-06 08:35:09,451 INFO o.a.j.t.JMeterThread: Thread finished: S2 1-146
2026-10-06 08:35:09,451 INFO o.a.j.t.JMeterThread: Stopping because end time detected by thread: S2 1-447
2026-10-06 08:35:09,451 INFO o.a.j.t.JMeterThread: Thread finished: S2 1-447
2026-10-06 08:35:09,452 INFO o.a.j.t.JMeterThread: Stopping because end time detected by thread: S2 1-341
2026-10-06 08:35:09,452 INFO o.a.j.t.JMeterThread: Thread finished: S2 1-341
2026-10-06 08:35:09,452 INFO o.a.j.t.JMeterThread: Stopping because end time detected by thread: S2 1-575
2026-10-06 08:35:09,452 INFO o.a.j.t.JMeterThread: Thread finished: S2 1-575
2026-10-06 08:35:09,453 INFO o.a.j.t.JMeterThread: Stopping because end time detected by thread: S2 1-390
2026-10-06 08:35:09,453 INFO o.a.j.t.JMeterThread: Thread finished: S2 1-390
2026-10-06 08:35:09,453 INFO o.a.j.t.JMeterThread: Stopping because end time detected by thread: S2 1-345
2026-10-06 08:35:09,454 INFO o.a.j.t.JMeterThread: Thread finished: S2 1-345
2026-10-06 08:35:09,454 INFO o.a.j.t.JMeterThread: Stopping because end time detected by thread: S2 1-482
2026-10-06 08:35:09,454 INFO o.a.j.t.JMeterThread: Thread finished: S2 1-482
2026-10-06 08:35:09,455 INFO o.a.j.t.JMeterThread: Stopping because end time detected by thread: S2 1-77
2026-10-06 08:35:09,455 INFO o.a.j.t.JMeterThread: Thread finished: S2 1-77
2026-10-06 08:35:09,455 INFO o.a.j.t.JMeterThread: Stopping because end time detected by thread: S2 1-578
2026-10-06 08:35:09,455 INFO o.a.j.t.JMeterThread: Thread finished: S2 1-578
2026-10-06 08:35:09,455 INFO o.a.j.t.JMeterThread: Stopping because end time detected by thread: S2 1-539
2026-10-06 08:35:09,456 INFO o.a.j.t.JMeterThread: Thread finished: S2 1-539
2026-10-06 08:35:09,458 INFO o.a.j.t.JMeterThread: Stopping because end time detected by thread: S2 1-450
2026-10-06 08:35:09,458 INFO o.a.j.t.JMeterThread: Thread finished: S2 1-450
2026-10-06 08:35:09,459 INFO o.a.j.t.JMeterThread: Stopping because end time detected by thread: S2 1-143
2026-10-06 08:35:09,459 INFO o.a.j.t.JMeterThread: Stopping because end time detected by thread: S2 1-395
2026-10-06 08:35:09,459 INFO o.a.j.t.JMeterThread: Thread finished: S2 1-143
2026-10-06 08:35:09,459 INFO o.a.j.t.JMeterThread: Thread finished: S2 1-395
2026-10-06 08:35:09,460 INFO o.a.j.t.JMeterThread: Stopping because end time detected by thread: S2 1-571
2026-10-06 08:35:09,460 INFO o.a.j.t.JMeterThread: Thread finished: S2 1-571
2026-10-06 08:35:09,460 INFO o.a.j.t.JMeterThread: Stopping because end time detected by thread: S2 1-490
2026-10-06 08:35:09,460 INFO o.a.j.t.JMeterThread: Stopping because end time detected by thread: S2 1-184
2026-10-06 08:35:09,460 INFO o.a.j.t.JMeterThread: Thread finished: S2 1-490
2026-10-06 08:35:09,460 INFO o.a.j.t.JMeterThread: Thread finished: S2 1-184
2026-10-06 08:35:09,463 INFO o.a.j.t.JMeterThread: Stopping because end time detected by thread: S2 1-424
2026-10-06 08:35:09,463 INFO o.a.j.t.JMeterThread: Thread finished: S2 1-424
2026-10-06 08:35:09,465 INFO o.a.j.t.JMeterThread: Stopping because end time detected by thread: S2 1-566
2026-10-06 08:35:09,465 INFO o.a.j.t.JMeterThread: Thread finished: S2 1-566
2026-10-06 08:35:09,467 INFO o.a.j.t.JMeterThread: Stopping because end time detected by thread: S2 1-244
2026-10-06 08:35:09,467 INFO o.a.j.t.JMeterThread: Stopping because end time detected by thread: S2 1-151
2026-10-06 08:35:09,467 INFO o.a.j.t.JMeterThread: Thread finished: S2 1-244
2026-10-06 08:35:09,467 INFO o.a.j.t.JMeterThread: Thread finished: S2 1-151
2026-10-06 08:35:09,468 INFO o.a.j.t.JMeterThread: Stopping because end time detected by thread: S2 1-351
2026-10-06 08:35:09,468 INFO o.a.j.t.JMeterThread: Thread finished: S2 1-351
2026-10-06 08:35:09,470 INFO o.a.j.t.JMeterThread: Stopping because end time detected by thread: S2 1-109
2026-10-06 08:35:09,470 INFO o.a.j.t.JMeterThread: Thread finished: S2 1-109
2026-10-06 08:35:09,471 INFO o.a.j.t.JMeterThread: Stopping because end time detected by thread: S2 1-572
2026-10-06 08:35:09,471 INFO o.a.j.t.JMeterThread: Thread finished: S2 1-572
2026-10-06 08:35:09,476 INFO o.a.j.t.JMeterThread: Stopping because end time detected by thread: S2 1-378
2026-10-06 08:35:09,476 INFO o.a.j.t.JMeterThread: Thread finished: S2 1-378
2026-10-06 08:35:09,478 INFO o.a.j.t.JMeterThread: Stopping because end time detected by thread: S2 1-328
2026-10-06 08:35:09,478 INFO o.a.j.t.JMeterThread: Stopping because end time detected by thread: S2 1-498
2026-10-06 08:35:09,478 INFO o.a.j.t.JMeterThread: Thread finished: S2 1-328
2026-10-06 08:35:09,479 INFO o.a.j.t.JMeterThread: Thread finished: S2 1-498
2026-10-06 08:35:09,479 INFO o.a.j.t.JMeterThread: Stopping because end time detected by thread: S2 1-385
2026-10-06 08:35:09,479 INFO o.a.j.t.JMeterThread: Thread finished: S2 1-385
2026-10-06 08:35:09,480 INFO o.a.j.t.JMeterThread: Stopping because end time detected by thread: S2 1-133
2026-10-06 08:35:09,480 INFO o.a.j.t.JMeterThread: Thread finished: S2 1-133
2026-10-06 08:35:09,481 INFO o.a.j.t.JMeterThread: Stopping because end time detected by thread: S2 1-443
2026-10-06 08:35:09,481 INFO o.a.j.t.JMeterThread: Stopping because end time detected by thread: S2 1-495
2026-10-06 08:35:09,481 INFO o.a.j.t.JMeterThread: Thread finished: S2 1-495
2026-10-06 08:35:09,481 INFO o.a.j.t.JMeterThread: Stopping because end time detected by thread: S2 1-487
2026-10-06 08:35:09,481 INFO o.a.j.t.JMeterThread: Thread finished: S2 1-487
2026-10-06 08:35:09,481 INFO o.a.j.t.JMeterThread: Stopping because end time detected by thread: S2 1-412
2026-10-06 08:35:09,481 INFO o.a.j.t.JMeterThread: Thread finished: S2 1-443
2026-10-06 08:35:09,481 INFO o.a.j.t.JMeterThread: Thread finished: S2 1-412
2026-10-06 08:35:09,482 INFO o.a.j.t.JMeterThread: Stopping because end time detected by thread: S2 1-245
2026-10-06 08:35:09,482 INFO o.a.j.t.JMeterThread: Thread finished: S2 1-245
2026-10-06 08:35:09,484 INFO o.a.j.t.JMeterThread: Stopping because end time detected by thread: S2 1-576
2026-10-06 08:35:09,484 INFO o.a.j.t.JMeterThread: Thread finished: S2 1-576
2026-10-06 08:35:09,484 INFO o.a.j.t.JMeterThread: Stopping because end time detected by thread: S2 1-291
2026-10-06 08:35:09,484 INFO o.a.j.t.JMeterThread: Thread finished: S2 1-291
2026-10-06 08:35:09,486 INFO o.a.j.t.JMeterThread: Stopping because end time detected by thread: S2 1-465
2026-10-06 08:35:09,486 INFO o.a.j.t.JMeterThread: Thread finished: S2 1-465
2026-10-06 08:35:09,486 INFO o.a.j.t.JMeterThread: Stopping because end time detected by thread: S2 1-331
2026-10-06 08:35:09,486 INFO o.a.j.t.JMeterThread: Thread finished: S2 1-331
2026-10-06 08:35:09,486 INFO o.a.j.t.JMeterThread: Stopping because end time detected by thread: S2 1-129
2026-10-06 08:35:09,486 INFO o.a.j.t.JMeterThread: Thread finished: S2 1-129
2026-10-06 08:35:09,486 INFO o.a.j.t.JMeterThread: Stopping because end time detected by thread: S2 1-523
2026-10-06 08:35:09,486 INFO o.a.j.t.JMeterThread: Thread finished: S2 1-523
2026-10-06 08:35:09,486 INFO o.a.j.t.JMeterThread: Stopping because end time detected by thread: S2 1-573
2026-10-06 08:35:09,486 INFO o.a.j.t.JMeterThread: Thread finished: S2 1-573
2026-10-06 08:35:09,487 INFO o.a.j.t.JMeterThread: Stopping because end time detected by thread: S2 1-286
2026-10-06 08:35:09,487 INFO o.a.j.t.JMeterThread: Thread finished: S2 1-286
2026-10-06 08:35:09,487 INFO o.a.j.t.JMeterThread: Stopping because end time detected by thread: S2 1-354
2026-10-06 08:35:09,487 INFO o.a.j.t.JMeterThread: Thread finished: S2 1-354
2026-10-06 08:35:09,489 INFO o.a.j.t.JMeterThread: Stopping because end time detected by thread: S2 1-121
2026-10-06 08:35:09,489 INFO o.a.j.t.JMeterThread: Stopping because end time detected by thread: S2 1-305
2026-10-06 08:35:09,489 INFO o.a.j.t.JMeterThread: Thread finished: S2 1-121
2026-10-06 08:35:09,489 INFO o.a.j.t.JMeterThread: Thread finished: S2 1-305
2026-10-06 08:35:09,491 INFO o.a.j.t.JMeterThread: Stopping because end time detected by thread: S2 1-603
2026-10-06 08:35:09,491 INFO o.a.j.t.JMeterThread: Thread finished: S2 1-603
2026-10-06 08:35:09,491 INFO o.a.j.t.JMeterThread: Stopping because end time detected by thread: S2 1-418
2026-10-06 08:35:09,491 INFO o.a.j.t.JMeterThread: Thread finished: S2 1-418
2026-10-06 08:35:09,491 INFO o.a.j.t.JMeterThread: Stopping because end time detected by thread: S2 1-513
2026-10-06 08:35:09,491 INFO o.a.j.t.JMeterThread: Thread finished: S2 1-513
2026-10-06 08:35:09,491 INFO o.a.j.t.JMeterThread: Stopping because end time detected by thread: S2 1-608
2026-10-06 08:35:09,491 INFO o.a.j.t.JMeterThread: Thread finished: S2 1-608
2026-10-06 08:35:09,495 INFO o.a.j.t.JMeterThread: Stopping because end time detected by thread: S2 1-393
2026-10-06 08:35:09,495 INFO o.a.j.t.JMeterThread: Thread finished: S2 1-393
2026-10-06 08:35:09,495 INFO o.a.j.t.JMeterThread: Stopping because end time detected by thread: S2 1-586
2026-10-06 08:35:09,495 INFO o.a.j.t.JMeterThread: Thread finished: S2 1-586
2026-10-06 08:35:09,496 INFO o.a.j.t.JMeterThread: Stopping because end time detected by thread: S2 1-454
2026-10-06 08:35:09,496 INFO o.a.j.t.JMeterThread: Stopping because end time detected by thread: S2 1-622
2026-10-06 08:35:09,496 INFO o.a.j.t.JMeterThread: Thread finished: S2 1-454
2026-10-06 08:35:09,496 INFO o.a.j.t.JMeterThread: Thread finished: S2 1-622
2026-10-06 08:35:09,497 INFO o.a.j.t.JMeterThread: Stopping because end time detected by thread: S2 1-141
2026-10-06 08:35:09,497 INFO o.a.j.t.JMeterThread: Thread finished: S2 1-141
2026-10-06 08:35:09,497 INFO o.a.j.t.JMeterThread: Stopping because end time detected by thread: S2 1-326
2026-10-06 08:35:09,498 INFO o.a.j.t.JMeterThread: Thread finished: S2 1-326
2026-10-06 08:35:09,498 INFO o.a.j.t.JMeterThread: Stopping because end time detected by thread: S2 1-205
2026-10-06 08:35:09,498 INFO o.a.j.t.JMeterThread: Thread finished: S2 1-205
2026-10-06 08:35:09,500 INFO o.a.j.t.JMeterThread: Stopping because end time detected by thread: S2 1-250
2026-10-06 08:35:09,500 INFO o.a.j.t.JMeterThread: Thread finished: S2 1-250
2026-10-06 08:35:09,501 INFO o.a.j.t.JMeterThread: Stopping because end time detected by thread: S2 1-606
2026-10-06 08:35:09,502 INFO o.a.j.t.JMeterThread: Thread finished: S2 1-606
2026-10-06 08:35:09,502 INFO o.a.j.t.JMeterThread: Stopping because end time detected by thread: S2 1-253
2026-10-06 08:35:09,502 INFO o.a.j.t.JMeterThread: Thread finished: S2 1-253
2026-10-06 08:35:09,502 INFO o.a.j.t.JMeterThread: Stopping because end time detected by thread: S2 1-231
2026-10-06 08:35:09,502 INFO o.a.j.t.JMeterThread: Thread finished: S2 1-231
2026-10-06 08:35:09,503 INFO o.a.j.t.JMeterThread: Stopping because end time detected by thread: S2 1-375
2026-10-06 08:35:09,503 INFO o.a.j.t.JMeterThread: Thread finished: S2 1-375
2026-10-06 08:35:09,504 INFO o.a.j.t.JMeterThread: Stopping because end time detected by thread: S2 1-383
2026-10-06 08:35:09,504 INFO o.a.j.t.JMeterThread: Thread finished: S2 1-383
2026-10-06 08:35:09,504 INFO o.a.j.t.JMeterThread: Stopping because end time detected by thread: S2 1-306
2026-10-06 08:35:09,504 INFO o.a.j.t.JMeterThread: Thread finished: S2 1-306
2026-10-06 08:35:09,505 INFO o.a.j.t.JMeterThread: Stopping because end time detected by thread: S2 1-266
2026-10-06 08:35:09,505 INFO o.a.j.t.JMeterThread: Thread finished: S2 1-266
2026-10-06 08:35:09,507 INFO o.a.j.t.JMeterThread: Stopping because end time detected by thread: S2 1-625
2026-10-06 08:35:09,507 INFO o.a.j.t.JMeterThread: Thread finished: S2 1-625
2026-10-06 08:35:09,507 INFO o.a.j.t.JMeterThread: Stopping because end time detected by thread: S2 1-176
2026-10-06 08:35:09,507 INFO o.a.j.t.JMeterThread: Thread finished: S2 1-176
2026-10-06 08:35:09,509 INFO o.a.j.t.JMeterThread: Stopping because end time detected by thread: S2 1-346
2026-10-06 08:35:09,509 INFO o.a.j.t.JMeterThread: Thread finished: S2 1-346
2026-10-06 08:35:09,510 INFO o.a.j.t.JMeterThread: Stopping because end time detected by thread: S2 1-505
2026-10-06 08:35:09,510 INFO o.a.j.t.JMeterThread: Thread finished: S2 1-505
2026-10-06 08:35:09,510 INFO o.a.j.t.JMeterThread: Stopping because end time detected by thread: S2 1-349
2026-10-06 08:35:09,511 INFO o.a.j.t.JMeterThread: Thread finished: S2 1-349
2026-10-06 08:35:09,511 INFO o.a.j.t.JMeterThread: Stopping because end time detected by thread: S2 1-516
2026-10-06 08:35:09,512 INFO o.a.j.t.JMeterThread: Thread finished: S2 1-516
2026-10-06 08:35:09,513 INFO o.a.j.t.JMeterThread: Stopping because end time detected by thread: S2 1-324
2026-10-06 08:35:09,513 INFO o.a.j.t.JMeterThread: Thread finished: S2 1-324
2026-10-06 08:35:09,514 INFO o.a.j.t.JMeterThread: Stopping because end time detected by thread: S2 1-616
2026-10-06 08:35:09,514 INFO o.a.j.t.JMeterThread: Thread finished: S2 1-616
2026-10-06 08:35:09,515 INFO o.a.j.t.JMeterThread: Stopping because end time detected by thread: S2 1-599
2026-10-06 08:35:09,515 INFO o.a.j.t.JMeterThread: Thread finished: S2 1-599
2026-10-06 08:35:09,515 INFO o.a.j.t.JMeterThread: Stopping because end time detected by thread: S2 1-440
2026-10-06 08:35:09,515 INFO o.a.j.t.JMeterThread: Stopping because end time detected by thread: S2 1-285
2026-10-06 08:35:09,515 INFO o.a.j.t.JMeterThread: Thread finished: S2 1-440
2026-10-06 08:35:09,515 INFO o.a.j.t.JMeterThread: Thread finished: S2 1-285
2026-10-06 08:35:09,515 INFO o.a.j.t.JMeterThread: Stopping because end time detected by thread: S2 1-635
2026-10-06 08:35:09,516 INFO o.a.j.t.JMeterThread: Thread finished: S2 1-635
2026-10-06 08:35:09,520 INFO o.a.j.t.JMeterThread: Stopping because end time detected by thread: S2 1-263
2026-10-06 08:35:09,520 INFO o.a.j.t.JMeterThread: Thread finished: S2 1-263
2026-10-06 08:35:09,525 INFO o.a.j.t.JMeterThread: Stopping because end time detected by thread: S2 1-340
2026-10-06 08:35:09,525 INFO o.a.j.t.JMeterThread: Stopping because end time detected by thread: S2 1-617
2026-10-06 08:35:09,525 INFO o.a.j.t.JMeterThread: Thread finished: S2 1-617
2026-10-06 08:35:09,525 INFO o.a.j.t.JMeterThread: Thread finished: S2 1-340
2026-10-06 08:35:09,527 INFO o.a.j.t.JMeterThread: Stopping because end time detected by thread: S2 1-628
2026-10-06 08:35:09,527 INFO o.a.j.t.JMeterThread: Thread finished: S2 1-628
2026-10-06 08:35:09,527 INFO o.a.j.t.JMeterThread: Stopping because end time detected by thread: S2 1-165
2026-10-06 08:35:09,527 INFO o.a.j.t.JMeterThread: Stopping because end time detected by thread: S2 1-634
2026-10-06 08:35:09,528 INFO o.a.j.t.JMeterThread: Thread finished: S2 1-165
2026-10-06 08:35:09,528 INFO o.a.j.t.JMeterThread: Thread finished: S2 1-634
2026-10-06 08:35:09,528 INFO o.a.j.t.JMeterThread: Stopping because end time detected by thread: S2 1-380
2026-10-06 08:35:09,528 INFO o.a.j.t.JMeterThread: Thread finished: S2 1-380
2026-10-06 08:35:09,528 INFO o.a.j.t.JMeterThread: Stopping because end time detected by thread: S2 1-300
2026-10-06 08:35:09,528 INFO o.a.j.t.JMeterThread: Thread finished: S2 1-300
2026-10-06 08:35:09,528 INFO o.a.j.t.JMeterThread: Stopping because end time detected by thread: S2 1-611
2026-10-06 08:35:09,528 INFO o.a.j.t.JMeterThread: Thread finished: S2 1-611
2026-10-06 08:35:09,529 INFO o.a.j.t.JMeterThread: Stopping because end time detected by thread: S2 1-441
2026-10-06 08:35:09,529 INFO o.a.j.t.JMeterThread: Thread finished: S2 1-441
2026-10-06 08:35:09,530 INFO o.a.j.t.JMeterThread: Stopping because end time detected by thread: S2 1-407
2026-10-06 08:35:09,530 INFO o.a.j.t.JMeterThread: Thread finished: S2 1-407
2026-10-06 08:35:09,531 INFO o.a.j.t.JMeterThread: Stopping because end time detected by thread: S2 1-422
2026-10-06 08:35:09,532 INFO o.a.j.t.JMeterThread: Thread finished: S2 1-422
2026-10-06 08:35:09,532 INFO o.a.j.t.JMeterThread: Stopping because end time detected by thread: S2 1-468
2026-10-06 08:35:09,532 INFO o.a.j.t.JMeterThread: Thread finished: S2 1-468
2026-10-06 08:35:09,533 INFO o.a.j.t.JMeterThread: Stopping because end time detected by thread: S2 1-429
2026-10-06 08:35:09,533 INFO o.a.j.t.JMeterThread: Thread finished: S2 1-429
2026-10-06 08:35:09,533 INFO o.a.j.t.JMeterThread: Stopping because end time detected by thread: S2 1-325
2026-10-06 08:35:09,533 INFO o.a.j.t.JMeterThread: Thread finished: S2 1-325
2026-10-06 08:35:09,534 INFO o.a.j.t.JMeterThread: Stopping because end time detected by thread: S2 1-633
2026-10-06 08:35:09,534 INFO o.a.j.t.JMeterThread: Thread finished: S2 1-633
2026-10-06 08:35:09,536 INFO o.a.j.t.JMeterThread: Stopping because end time detected by thread: S2 1-537
2026-10-06 08:35:09,536 INFO o.a.j.t.JMeterThread: Thread finished: S2 1-537
2026-10-06 08:35:09,538 INFO o.a.j.t.JMeterThread: Stopping because end time detected by thread: S2 1-518
2026-10-06 08:35:09,538 INFO o.a.j.t.JMeterThread: Thread finished: S2 1-518
2026-10-06 08:35:09,538 INFO o.a.j.t.JMeterThread: Stopping because end time detected by thread: S2 1-541
2026-10-06 08:35:09,538 INFO o.a.j.t.JMeterThread: Thread finished: S2 1-541
2026-10-06 08:35:09,539 INFO o.a.j.t.JMeterThread: Stopping because end time detected by thread: S2 1-224
2026-10-06 08:35:09,539 INFO o.a.j.t.JMeterThread: Thread finished: S2 1-224
2026-10-06 08:35:09,541 INFO o.a.j.t.JMeterThread: Stopping because end time detected by thread: S2 1-570
2026-10-06 08:35:09,541 INFO o.a.j.t.JMeterThread: Thread finished: S2 1-570
2026-10-06 08:35:09,543 INFO o.a.j.t.JMeterThread: Stopping because end time detected by thread: S2 1-567
2026-10-06 08:35:09,543 INFO o.a.j.t.JMeterThread: Thread finished: S2 1-567
2026-10-06 08:35:09,544 INFO o.a.j.t.JMeterThread: Stopping because end time detected by thread: S2 1-436
2026-10-06 08:35:09,544 INFO o.a.j.t.JMeterThread: Stopping because end time detected by thread: S2 1-493
2026-10-06 08:35:09,544 INFO o.a.j.t.JMeterThread: Thread finished: S2 1-493
2026-10-06 08:35:09,544 INFO o.a.j.t.JMeterThread: Thread finished: S2 1-436
2026-10-06 08:35:09,550 INFO o.a.j.t.JMeterThread: Stopping because end time detected by thread: S2 1-295
2026-10-06 08:35:09,550 INFO o.a.j.t.JMeterThread: Thread finished: S2 1-295
2026-10-06 08:35:09,551 INFO o.a.j.t.JMeterThread: Stopping because end time detected by thread: S2 1-438
2026-10-06 08:35:09,551 INFO o.a.j.t.JMeterThread: Thread finished: S2 1-438
2026-10-06 08:35:09,551 INFO o.a.j.t.JMeterThread: Stopping because end time detected by thread: S2 1-278
2026-10-06 08:35:09,551 INFO o.a.j.t.JMeterThread: Thread finished: S2 1-278
2026-10-06 08:35:09,552 INFO o.a.j.t.JMeterThread: Stopping because end time detected by thread: S2 1-204
2026-10-06 08:35:09,552 INFO o.a.j.t.JMeterThread: Thread finished: S2 1-204
2026-10-06 08:35:09,552 INFO o.a.j.t.JMeterThread: Stopping because end time detected by thread: S2 1-610
2026-10-06 08:35:09,552 INFO o.a.j.t.JMeterThread: Thread finished: S2 1-610
2026-10-06 08:35:09,552 INFO o.a.j.t.JMeterThread: Stopping because end time detected by thread: S2 1-623
2026-10-06 08:35:09,552 INFO o.a.j.t.JMeterThread: Thread finished: S2 1-623
2026-10-06 08:35:09,552 INFO o.a.j.t.JMeterThread: Stopping because end time detected by thread: S2 1-352
2026-10-06 08:35:09,552 INFO o.a.j.t.JMeterThread: Thread finished: S2 1-352
2026-10-06 08:35:09,553 INFO o.a.j.t.JMeterThread: Stopping because end time detected by thread: S2 1-270
2026-10-06 08:35:09,553 INFO o.a.j.t.JMeterThread: Thread finished: S2 1-270
2026-10-06 08:35:09,552 INFO o.a.j.t.JMeterThread: Stopping because end time detected by thread: S2 1-508
2026-10-06 08:35:09,553 INFO o.a.j.t.JMeterThread: Thread finished: S2 1-508
2026-10-06 08:35:09,553 INFO o.a.j.t.JMeterThread: Stopping because end time detected by thread: S2 1-218
2026-10-06 08:35:09,553 INFO o.a.j.t.JMeterThread: Thread finished: S2 1-218
2026-10-06 08:35:09,554 INFO o.a.j.t.JMeterThread: Stopping because end time detected by thread: S2 1-181
2026-10-06 08:35:09,554 INFO o.a.j.t.JMeterThread: Thread finished: S2 1-181
2026-10-06 08:35:09,554 INFO o.a.j.t.JMeterThread: Stopping because end time detected by thread: S2 1-563
2026-10-06 08:35:09,554 INFO o.a.j.t.JMeterThread: Thread finished: S2 1-563
2026-10-06 08:35:09,555 INFO o.a.j.t.JMeterThread: Stopping because end time detected by thread: S2 1-596
2026-10-06 08:35:09,555 INFO o.a.j.t.JMeterThread: Thread finished: S2 1-596
2026-10-06 08:35:09,555 INFO o.a.j.t.JMeterThread: Stopping because end time detected by thread: S2 1-521
2026-10-06 08:35:09,555 INFO o.a.j.t.JMeterThread: Thread finished: S2 1-521
2026-10-06 08:35:09,556 INFO o.a.j.t.JMeterThread: Stopping because end time detected by thread: S2 1-483
2026-10-06 08:35:09,556 INFO o.a.j.t.JMeterThread: Thread finished: S2 1-483
2026-10-06 08:35:09,556 INFO o.a.j.t.JMeterThread: Stopping because end time detected by thread: S2 1-463
2026-10-06 08:35:09,556 INFO o.a.j.t.JMeterThread: Thread finished: S2 1-463
2026-10-06 08:35:09,556 INFO o.a.j.t.JMeterThread: Stopping because end time detected by thread: S2 1-246
2026-10-06 08:35:09,556 INFO o.a.j.t.JMeterThread: Thread finished: S2 1-246
2026-10-06 08:35:09,557 INFO o.a.j.t.JMeterThread: Stopping because end time detected by thread: S2 1-194
2026-10-06 08:35:09,557 INFO o.a.j.t.JMeterThread: Thread finished: S2 1-194
2026-10-06 08:35:09,558 INFO o.a.j.t.JMeterThread: Stopping because end time detected by thread: S2 1-409
2026-10-06 08:35:09,559 INFO o.a.j.t.JMeterThread: Thread finished: S2 1-409
2026-10-06 08:35:09,567 INFO o.a.j.t.JMeterThread: Stopping because end time detected by thread: S2 1-356
2026-10-06 08:35:09,567 INFO o.a.j.t.JMeterThread: Stopping because end time detected by thread: S2 1-369
2026-10-06 08:35:09,567 INFO o.a.j.t.JMeterThread: Thread finished: S2 1-356
2026-10-06 08:35:09,568 INFO o.a.j.t.JMeterThread: Thread finished: S2 1-369
2026-10-06 08:35:09,569 INFO o.a.j.t.JMeterThread: Stopping because end time detected by thread: S2 1-353
2026-10-06 08:35:09,569 INFO o.a.j.t.JMeterThread: Thread finished: S2 1-353
2026-10-06 08:35:09,570 INFO o.a.j.t.JMeterThread: Stopping because end time detected by thread: S2 1-600
2026-10-06 08:35:09,570 INFO o.a.j.t.JMeterThread: Stopping because end time detected by thread: S2 1-528
2026-10-06 08:35:09,570 INFO o.a.j.t.JMeterThread: Thread finished: S2 1-600
2026-10-06 08:35:09,570 INFO o.a.j.t.JMeterThread: Thread finished: S2 1-528
2026-10-06 08:35:09,573 INFO o.a.j.t.JMeterThread: Stopping because end time detected by thread: S2 1-377
2026-10-06 08:35:09,573 INFO o.a.j.t.JMeterThread: Stopping because end time detected by thread: S2 1-455
2026-10-06 08:35:09,573 INFO o.a.j.t.JMeterThread: Stopping because end time detected by thread: S2 1-254
2026-10-06 08:35:09,573 INFO o.a.j.t.JMeterThread: Thread finished: S2 1-455
2026-10-06 08:35:09,573 INFO o.a.j.t.JMeterThread: Thread finished: S2 1-254
2026-10-06 08:35:09,573 INFO o.a.j.t.JMeterThread: Stopping because end time detected by thread: S2 1-397
2026-10-06 08:35:09,573 INFO o.a.j.t.JMeterThread: Thread finished: S2 1-397
2026-10-06 08:35:09,574 INFO o.a.j.t.JMeterThread: Stopping because end time detected by thread: S2 1-460
2026-10-06 08:35:09,574 INFO o.a.j.t.JMeterThread: Thread finished: S2 1-460
2026-10-06 08:35:09,574 INFO o.a.j.t.JMeterThread: Stopping because end time detected by thread: S2 1-536
2026-10-06 08:35:09,574 INFO o.a.j.t.JMeterThread: Thread finished: S2 1-536
2026-10-06 08:35:09,573 INFO o.a.j.t.JMeterThread: Thread finished: S2 1-377
2026-10-06 08:35:09,574 INFO o.a.j.t.JMeterThread: Stopping because end time detected by thread: S2 1-427
2026-10-06 08:35:09,574 INFO o.a.j.t.JMeterThread: Thread finished: S2 1-427
2026-10-06 08:35:09,574 INFO o.a.j.t.JMeterThread: Stopping because end time detected by thread: S2 1-527
2026-10-06 08:35:09,574 INFO o.a.j.t.JMeterThread: Thread finished: S2 1-527
2026-10-06 08:35:09,575 INFO o.a.j.t.JMeterThread: Stopping because end time detected by thread: S2 1-237
2026-10-06 08:35:09,575 INFO o.a.j.t.JMeterThread: Thread finished: S2 1-237
2026-10-06 08:35:09,575 INFO o.a.j.t.JMeterThread: Stopping because end time detected by thread: S2 1-210
2026-10-06 08:35:09,575 INFO o.a.j.t.JMeterThread: Thread finished: S2 1-210
2026-10-06 08:35:09,575 INFO o.a.j.t.JMeterThread: Stopping because end time detected by thread: S2 1-448
2026-10-06 08:35:09,576 INFO o.a.j.t.JMeterThread: Stopping because end time detected by thread: S2 1-538
2026-10-06 08:35:09,576 INFO o.a.j.t.JMeterThread: Thread finished: S2 1-448
2026-10-06 08:35:09,576 INFO o.a.j.t.JMeterThread: Thread finished: S2 1-538
2026-10-06 08:35:09,576 INFO o.a.j.t.JMeterThread: Stopping because end time detected by thread: S2 1-335
2026-10-06 08:35:09,576 INFO o.a.j.t.JMeterThread: Thread finished: S2 1-335
2026-10-06 08:35:09,576 INFO o.a.j.t.JMeterThread: Stopping because end time detected by thread: S2 1-290
2026-10-06 08:35:09,576 INFO o.a.j.t.JMeterThread: Thread finished: S2 1-290
2026-10-06 08:35:09,577 INFO o.a.j.t.JMeterThread: Stopping because end time detected by thread: S2 1-343
2026-10-06 08:35:09,577 INFO o.a.j.t.JMeterThread: Thread finished: S2 1-343
2026-10-06 08:35:09,577 INFO o.a.j.t.JMeterThread: Stopping because end time detected by thread: S2 1-517
2026-10-06 08:35:09,577 INFO o.a.j.t.JMeterThread: Thread finished: S2 1-517
2026-10-06 08:35:09,579 INFO o.a.j.t.JMeterThread: Stopping because end time detected by thread: S2 1-406
2026-10-06 08:35:09,579 INFO o.a.j.t.JMeterThread: Stopping because end time detected by thread: S2 1-308
2026-10-06 08:35:09,579 INFO o.a.j.t.JMeterThread: Thread finished: S2 1-308
2026-10-06 08:35:09,579 INFO o.a.j.t.JMeterThread: Thread finished: S2 1-406
2026-10-06 08:35:09,580 INFO o.a.j.t.JMeterThread: Stopping because end time detected by thread: S2 1-417
2026-10-06 08:35:09,581 INFO o.a.j.t.JMeterThread: Thread finished: S2 1-417
2026-10-06 08:35:09,582 INFO o.a.j.t.JMeterThread: Stopping because end time detected by thread: S2 1-360
2026-10-06 08:35:09,582 INFO o.a.j.t.JMeterThread: Stopping because end time detected by thread: S2 1-609
2026-10-06 08:35:09,582 INFO o.a.j.t.JMeterThread: Thread finished: S2 1-609
2026-10-06 08:35:09,582 INFO o.a.j.t.JMeterThread: Thread finished: S2 1-360
2026-10-06 08:35:09,585 INFO o.a.j.t.JMeterThread: Stopping because end time detected by thread: S2 1-444
2026-10-06 08:35:09,585 INFO o.a.j.t.JMeterThread: Thread finished: S2 1-444
2026-10-06 08:35:09,597 INFO o.a.j.t.JMeterThread: Stopping because end time detected by thread: S2 1-643
2026-10-06 08:35:09,597 INFO o.a.j.t.JMeterThread: Thread finished: S2 1-643
2026-10-06 08:35:09,598 INFO o.a.j.t.JMeterThread: Stopping because end time detected by thread: S2 1-484
2026-10-06 08:35:09,598 INFO o.a.j.t.JMeterThread: Thread finished: S2 1-484
2026-10-06 08:35:09,598 INFO o.a.j.t.JMeterThread: Stopping because end time detected by thread: S2 1-394
2026-10-06 08:35:09,598 INFO o.a.j.t.JMeterThread: Thread finished: S2 1-394
2026-10-06 08:35:09,598 INFO o.a.j.t.JMeterThread: Stopping because end time detected by thread: S2 1-583
2026-10-06 08:35:09,598 INFO o.a.j.t.JMeterThread: Thread finished: S2 1-583
2026-10-06 08:35:09,598 INFO o.a.j.t.JMeterThread: Stopping because end time detected by thread: S2 1-594
2026-10-06 08:35:09,598 INFO o.a.j.t.JMeterThread: Thread finished: S2 1-594
2026-10-06 08:35:09,599 INFO o.a.j.t.JMeterThread: Stopping because end time detected by thread: S2 1-396
2026-10-06 08:35:09,599 INFO o.a.j.t.JMeterThread: Thread finished: S2 1-396
2026-10-06 08:35:09,599 INFO o.a.j.t.JMeterThread: Stopping because end time detected by thread: S2 1-421
2026-10-06 08:35:09,599 INFO o.a.j.t.JMeterThread: Stopping because end time detected by thread: S2 1-365
2026-10-06 08:35:09,599 INFO o.a.j.t.JMeterThread: Thread finished: S2 1-421
2026-10-06 08:35:09,599 INFO o.a.j.t.JMeterThread: Thread finished: S2 1-365
2026-10-06 08:35:09,599 INFO o.a.j.t.JMeterThread: Stopping because end time detected by thread: S2 1-548
2026-10-06 08:35:09,600 INFO o.a.j.t.JMeterThread: Thread finished: S2 1-548
2026-10-06 08:35:09,600 INFO o.a.j.t.JMeterThread: Stopping because end time detected by thread: S2 1-462
2026-10-06 08:35:09,600 INFO o.a.j.t.JMeterThread: Thread finished: S2 1-462
2026-10-06 08:35:09,600 INFO o.a.j.t.JMeterThread: Stopping because end time detected by thread: S2 1-257
2026-10-06 08:35:09,600 INFO o.a.j.t.JMeterThread: Thread finished: S2 1-257
2026-10-06 08:35:09,600 INFO o.a.j.t.JMeterThread: Stopping because end time detected by thread: S2 1-248
2026-10-06 08:35:09,600 INFO o.a.j.t.JMeterThread: Thread finished: S2 1-248
2026-10-06 08:35:09,601 INFO o.a.j.t.JMeterThread: Stopping because end time detected by thread: S2 1-644
2026-10-06 08:35:09,601 INFO o.a.j.t.JMeterThread: Thread finished: S2 1-644
2026-10-06 08:35:09,602 INFO o.a.j.t.JMeterThread: Stopping because end time detected by thread: S2 1-259
2026-10-06 08:35:09,602 INFO o.a.j.t.JMeterThread: Thread finished: S2 1-259
2026-10-06 08:35:09,602 INFO o.a.j.t.JMeterThread: Stopping because end time detected by thread: S2 1-414
2026-10-06 08:35:09,602 INFO o.a.j.t.JMeterThread: Thread finished: S2 1-414
2026-10-06 08:35:09,602 INFO o.a.j.t.JMeterThread: Stopping because end time detected by thread: S2 1-303
2026-10-06 08:35:09,602 INFO o.a.j.t.JMeterThread: Thread finished: S2 1-303
2026-10-06 08:35:09,603 INFO o.a.j.t.JMeterThread: Stopping because end time detected by thread: S2 1-318
2026-10-06 08:35:09,603 INFO o.a.j.t.JMeterThread: Stopping because end time detected by thread: S2 1-311
2026-10-06 08:35:09,603 INFO o.a.j.t.JMeterThread: Stopping because end time detected by thread: S2 1-398
2026-10-06 08:35:09,603 INFO o.a.j.t.JMeterThread: Thread finished: S2 1-311
2026-10-06 08:35:09,603 INFO o.a.j.t.JMeterThread: Thread finished: S2 1-318
2026-10-06 08:35:09,603 INFO o.a.j.t.JMeterThread: Thread finished: S2 1-398
2026-10-06 08:35:09,604 INFO o.a.j.t.JMeterThread: Stopping because end time detected by thread: S2 1-361
2026-10-06 08:35:09,604 INFO o.a.j.t.JMeterThread: Stopping because end time detected by thread: S2 1-316
2026-10-06 08:35:09,604 INFO o.a.j.t.JMeterThread: Thread finished: S2 1-361
2026-10-06 08:35:09,604 INFO o.a.j.t.JMeterThread: Thread finished: S2 1-316
2026-10-06 08:35:09,605 INFO o.a.j.t.JMeterThread: Stopping because end time detected by thread: S2 1-297
2026-10-06 08:35:09,605 INFO o.a.j.t.JMeterThread: Thread finished: S2 1-297
2026-10-06 08:35:09,605 INFO o.a.j.t.JMeterThread: Stopping because end time detected by thread: S2 1-299
2026-10-06 08:35:09,605 INFO o.a.j.t.JMeterThread: Thread finished: S2 1-299
2026-10-06 08:35:09,606 INFO o.a.j.t.JMeterThread: Stopping because end time detected by thread: S2 1-591
2026-10-06 08:35:09,606 INFO o.a.j.t.JMeterThread: Thread finished: S2 1-591
2026-10-06 08:35:09,606 INFO o.a.j.t.JMeterThread: Stopping because end time detected by thread: S2 1-302
2026-10-06 08:35:09,606 INFO o.a.j.t.JMeterThread: Stopping because end time detected by thread: S2 1-545
2026-10-06 08:35:09,606 INFO o.a.j.t.JMeterThread: Thread finished: S2 1-302
2026-10-06 08:35:09,606 INFO o.a.j.t.JMeterThread: Thread finished: S2 1-545
2026-10-06 08:35:09,607 INFO o.a.j.t.JMeterThread: Stopping because end time detected by thread: S2 1-431
2026-10-06 08:35:09,607 INFO o.a.j.t.JMeterThread: Thread finished: S2 1-431
2026-10-06 08:35:09,609 INFO o.a.j.t.JMeterThread: Stopping because end time detected by thread: S2 1-497
2026-10-06 08:35:09,609 INFO o.a.j.t.JMeterThread: Thread finished: S2 1-497
2026-10-06 08:35:09,610 INFO o.a.j.t.JMeterThread: Stopping because end time detected by thread: S2 1-577
2026-10-06 08:35:09,610 INFO o.a.j.t.JMeterThread: Thread finished: S2 1-577
2026-10-06 08:35:09,612 INFO o.a.j.t.JMeterThread: Stopping because end time detected by thread: S2 1-478
2026-10-06 08:35:09,612 INFO o.a.j.t.JMeterThread: Stopping because end time detected by thread: S2 1-313
2026-10-06 08:35:09,612 INFO o.a.j.t.JMeterThread: Thread finished: S2 1-478
2026-10-06 08:35:09,612 INFO o.a.j.t.JMeterThread: Thread finished: S2 1-313
2026-10-06 08:35:09,615 INFO o.a.j.t.JMeterThread: Stopping because end time detected by thread: S2 1-629
2026-10-06 08:35:09,615 INFO o.a.j.t.JMeterThread: Thread finished: S2 1-629
2026-10-06 08:35:09,615 INFO o.a.j.t.JMeterThread: Stopping because end time detected by thread: S2 1-239
2026-10-06 08:35:09,615 INFO o.a.j.t.JMeterThread: Thread finished: S2 1-239
2026-10-06 08:35:09,616 INFO o.a.j.t.JMeterThread: Stopping because end time detected by thread: S2 1-546
2026-10-06 08:35:09,617 INFO o.a.j.t.JMeterThread: Thread finished: S2 1-546
2026-10-06 08:35:09,617 INFO o.a.j.t.JMeterThread: Stopping because end time detected by thread: S2 1-646
2026-10-06 08:35:09,617 INFO o.a.j.t.JMeterThread: Thread finished: S2 1-646
2026-10-06 08:35:09,618 INFO o.a.j.t.JMeterThread: Stopping because end time detected by thread: S2 1-476
2026-10-06 08:35:09,618 INFO o.a.j.t.JMeterThread: Thread finished: S2 1-476
2026-10-06 08:35:09,620 INFO o.a.j.t.JMeterThread: Stopping because end time detected by thread: S2 1-212
2026-10-06 08:35:09,620 INFO o.a.j.t.JMeterThread: Stopping because end time detected by thread: S2 1-558
2026-10-06 08:35:09,620 INFO o.a.j.t.JMeterThread: Thread finished: S2 1-212
2026-10-06 08:35:09,620 INFO o.a.j.t.JMeterThread: Thread finished: S2 1-558
2026-10-06 08:35:09,622 INFO o.a.j.t.JMeterThread: Stopping because end time detected by thread: S2 1-607
2026-10-06 08:35:09,622 INFO o.a.j.t.JMeterThread: Thread finished: S2 1-607
2026-10-06 08:35:09,622 INFO o.a.j.t.JMeterThread: Stopping because end time detected by thread: S2 1-494
2026-10-06 08:35:09,622 INFO o.a.j.t.JMeterThread: Thread finished: S2 1-494
2026-10-06 08:35:09,623 INFO o.a.j.t.JMeterThread: Stopping because end time detected by thread: S2 1-445
2026-10-06 08:35:09,623 INFO o.a.j.t.JMeterThread: Thread finished: S2 1-445
2026-10-06 08:35:09,623 INFO o.a.j.t.JMeterThread: Stopping because end time detected by thread: S2 1-402
2026-10-06 08:35:09,623 INFO o.a.j.t.JMeterThread: Thread finished: S2 1-402
2026-10-06 08:35:09,623 INFO o.a.j.t.JMeterThread: Stopping because end time detected by thread: S2 1-645
2026-10-06 08:35:09,623 INFO o.a.j.t.JMeterThread: Thread finished: S2 1-645
2026-10-06 08:35:09,625 INFO o.a.j.t.JMeterThread: Stopping because end time detected by thread: S2 1-456
2026-10-06 08:35:09,625 INFO o.a.j.t.JMeterThread: Thread finished: S2 1-456
2026-10-06 08:35:09,626 INFO o.a.j.t.JMeterThread: Stopping because end time detected by thread: S2 1-289
2026-10-06 08:35:09,626 INFO o.a.j.t.JMeterThread: Thread finished: S2 1-289
2026-10-06 08:35:09,626 INFO o.a.j.t.JMeterThread: Stopping because end time detected by thread: S2 1-549
2026-10-06 08:35:09,626 INFO o.a.j.t.JMeterThread: Thread finished: S2 1-549
2026-10-06 08:35:09,626 INFO o.a.j.t.JMeterThread: Stopping because end time detected by thread: S2 1-657
2026-10-06 08:35:09,626 INFO o.a.j.t.JMeterThread: Stopping because end time detected by thread: S2 1-317
2026-10-06 08:35:09,626 INFO o.a.j.t.JMeterThread: Thread finished: S2 1-317
2026-10-06 08:35:09,626 INFO o.a.j.t.JMeterThread: Thread finished: S2 1-657
2026-10-06 08:35:09,627 INFO o.a.j.t.JMeterThread: Stopping because end time detected by thread: S2 1-579
2026-10-06 08:35:09,627 INFO o.a.j.t.JMeterThread: Thread finished: S2 1-579
2026-10-06 08:35:09,628 INFO o.a.j.t.JMeterThread: Stopping because end time detected by thread: S2 1-256
2026-10-06 08:35:09,628 INFO o.a.j.t.JMeterThread: Thread finished: S2 1-256
2026-10-06 08:35:09,628 INFO o.a.j.t.JMeterThread: Stopping because end time detected by thread: S2 1-228
2026-10-06 08:35:09,628 INFO o.a.j.t.JMeterThread: Thread finished: S2 1-228
2026-10-06 08:35:09,630 INFO o.a.j.t.JMeterThread: Stopping because end time detected by thread: S2 1-565
2026-10-06 08:35:09,630 INFO o.a.j.t.JMeterThread: Thread finished: S2 1-565
2026-10-06 08:35:09,632 INFO o.a.j.t.JMeterThread: Stopping because end time detected by thread: S2 1-580
2026-10-06 08:35:09,632 INFO o.a.j.t.JMeterThread: Thread finished: S2 1-580
2026-10-06 08:35:09,632 INFO o.a.j.t.JMeterThread: Stopping because end time detected by thread: S2 1-700
2026-10-06 08:35:09,633 INFO o.a.j.t.JMeterThread: Thread finished: S2 1-700
2026-10-06 08:35:09,633 INFO o.a.j.t.JMeterThread: Stopping because end time detected by thread: S2 1-510
2026-10-06 08:35:09,633 INFO o.a.j.t.JMeterThread: Thread finished: S2 1-510
2026-10-06 08:35:09,634 INFO o.a.j.t.JMeterThread: Stopping because end time detected by thread: S2 1-391
2026-10-06 08:35:09,634 INFO o.a.j.t.JMeterThread: Thread finished: S2 1-391
2026-10-06 08:35:09,636 INFO o.a.j.t.JMeterThread: Stopping because end time detected by thread: S2 1-276
2026-10-06 08:35:09,636 INFO o.a.j.t.JMeterThread: Stopping because end time detected by thread: S2 1-415
2026-10-06 08:35:09,636 INFO o.a.j.t.JMeterThread: Thread finished: S2 1-276
2026-10-06 08:35:09,636 INFO o.a.j.t.JMeterThread: Thread finished: S2 1-415
2026-10-06 08:35:09,637 INFO o.a.j.t.JMeterThread: Stopping because end time detected by thread: S2 1-717
2026-10-06 08:35:09,637 INFO o.a.j.t.JMeterThread: Thread finished: S2 1-717
2026-10-06 08:35:09,639 INFO o.a.j.t.JMeterThread: Stopping because end time detected by thread: S2 1-189
2026-10-06 08:35:09,639 INFO o.a.j.t.JMeterThread: Thread finished: S2 1-189
2026-10-06 08:35:09,639 INFO o.a.j.t.JMeterThread: Stopping because end time detected by thread: S2 1-342
2026-10-06 08:35:09,639 INFO o.a.j.t.JMeterThread: Thread finished: S2 1-342
2026-10-06 08:35:09,639 INFO o.a.j.t.JMeterThread: Stopping because end time detected by thread: S2 1-322
2026-10-06 08:35:09,639 INFO o.a.j.t.JMeterThread: Thread finished: S2 1-322
2026-10-06 08:35:09,640 INFO o.a.j.t.JMeterThread: Stopping because end time detected by thread: S2 1-557
2026-10-06 08:35:09,640 INFO o.a.j.t.JMeterThread: Thread finished: S2 1-557
2026-10-06 08:35:09,641 INFO o.a.j.t.JMeterThread: Stopping because end time detected by thread: S2 1-269
2026-10-06 08:35:09,641 INFO o.a.j.t.JMeterThread: Thread finished: S2 1-269
2026-10-06 08:35:09,642 INFO o.a.j.t.JMeterThread: Stopping because end time detected by thread: S2 1-298
2026-10-06 08:35:09,643 INFO o.a.j.t.JMeterThread: Thread finished: S2 1-298
2026-10-06 08:35:09,643 INFO o.a.j.t.JMeterThread: Stopping because end time detected by thread: S2 1-522
2026-10-06 08:35:09,643 INFO o.a.j.t.JMeterThread: Thread finished: S2 1-522
2026-10-06 08:35:09,644 INFO o.a.j.t.JMeterThread: Stopping because end time detected by thread: S2 1-524
2026-10-06 08:35:09,644 INFO o.a.j.t.JMeterThread: Thread finished: S2 1-524
2026-10-06 08:35:09,644 INFO o.a.j.t.JMeterThread: Stopping because end time detected by thread: S2 1-312
2026-10-06 08:35:09,644 INFO o.a.j.t.JMeterThread: Thread finished: S2 1-312
2026-10-06 08:35:09,645 INFO o.a.j.t.JMeterThread: Stopping because end time detected by thread: S2 1-659
2026-10-06 08:35:09,645 INFO o.a.j.t.JMeterThread: Thread finished: S2 1-659
2026-10-06 08:35:09,646 INFO o.a.j.t.JMeterThread: Stopping because end time detected by thread: S2 1-451
2026-10-06 08:35:09,646 INFO o.a.j.t.JMeterThread: Thread finished: S2 1-451
2026-10-06 08:35:09,646 INFO o.a.j.t.JMeterThread: Stopping because end time detected by thread: S2 1-309
2026-10-06 08:35:09,646 INFO o.a.j.t.JMeterThread: Thread finished: S2 1-309
2026-10-06 08:35:09,648 INFO o.a.j.t.JMeterThread: Stopping because end time detected by thread: S2 1-416
2026-10-06 08:35:09,648 INFO o.a.j.t.JMeterThread: Thread finished: S2 1-416
2026-10-06 08:35:09,648 INFO o.a.j.t.JMeterThread: Stopping because end time detected by thread: S2 1-277
2026-10-06 08:35:09,648 INFO o.a.j.t.JMeterThread: Thread finished: S2 1-277
2026-10-06 08:35:09,650 INFO o.a.j.t.JMeterThread: Stopping because end time detected by thread: S2 1-569
2026-10-06 08:35:09,650 INFO o.a.j.t.JMeterThread: Thread finished: S2 1-569
2026-10-06 08:35:09,650 INFO o.a.j.t.JMeterThread: Stopping because end time detected by thread: S2 1-552
2026-10-06 08:35:09,650 INFO o.a.j.t.JMeterThread: Thread finished: S2 1-552
2026-10-06 08:35:09,652 INFO o.a.j.t.JMeterThread: Stopping because end time detected by thread: S2 1-271
2026-10-06 08:35:09,652 INFO o.a.j.t.JMeterThread: Thread finished: S2 1-271
2026-10-06 08:35:09,653 INFO o.a.j.t.JMeterThread: Stopping because end time detected by thread: S2 1-698
2026-10-06 08:35:09,653 INFO o.a.j.t.JMeterThread: Stopping because end time detected by thread: S2 1-519
2026-10-06 08:35:09,653 INFO o.a.j.t.JMeterThread: Thread finished: S2 1-698
2026-10-06 08:35:09,653 INFO o.a.j.t.JMeterThread: Thread finished: S2 1-519
2026-10-06 08:35:09,653 INFO o.a.j.t.JMeterThread: Stopping because end time detected by thread: S2 1-683
2026-10-06 08:35:09,653 INFO o.a.j.t.JMeterThread: Thread finished: S2 1-683
2026-10-06 08:35:09,655 INFO o.a.j.t.JMeterThread: Stopping because end time detected by thread: S2 1-587
2026-10-06 08:35:09,655 INFO o.a.j.t.JMeterThread: Thread finished: S2 1-587
2026-10-06 08:35:09,657 INFO o.a.j.t.JMeterThread: Stopping because end time detected by thread: S2 1-363
2026-10-06 08:35:09,657 INFO o.a.j.t.JMeterThread: Thread finished: S2 1-363
2026-10-06 08:35:09,658 INFO o.a.j.t.JMeterThread: Stopping because end time detected by thread: S2 1-601
2026-10-06 08:35:09,658 INFO o.a.j.t.JMeterThread: Thread finished: S2 1-601
2026-10-06 08:35:09,660 INFO o.a.j.t.JMeterThread: Stopping because end time detected by thread: S2 1-457
2026-10-06 08:35:09,660 INFO o.a.j.t.JMeterThread: Thread finished: S2 1-457
2026-10-06 08:35:09,660 INFO o.a.j.t.JMeterThread: Stopping because end time detected by thread: S2 1-464
2026-10-06 08:35:09,660 INFO o.a.j.t.JMeterThread: Thread finished: S2 1-464
2026-10-06 08:35:09,661 INFO o.a.j.t.JMeterThread: Stopping because end time detected by thread: S2 1-268
2026-10-06 08:35:09,661 INFO o.a.j.t.JMeterThread: Thread finished: S2 1-268
2026-10-06 08:35:09,661 INFO o.a.j.t.JMeterThread: Stopping because end time detected by thread: S2 1-708
2026-10-06 08:35:09,661 INFO o.a.j.t.JMeterThread: Thread finished: S2 1-708
2026-10-06 08:35:09,663 INFO o.a.j.t.JMeterThread: Stopping because end time detected by thread: S2 1-613
2026-10-06 08:35:09,663 INFO o.a.j.t.JMeterThread: Stopping because end time detected by thread: S2 1-258
2026-10-06 08:35:09,663 INFO o.a.j.t.JMeterThread: Thread finished: S2 1-613
2026-10-06 08:35:09,663 INFO o.a.j.t.JMeterThread: Thread finished: S2 1-258
2026-10-06 08:35:09,664 INFO o.a.j.t.JMeterThread: Stopping because end time detected by thread: S2 1-718
2026-10-06 08:35:09,664 INFO o.a.j.t.JMeterThread: Thread finished: S2 1-718
2026-10-06 08:35:09,665 INFO o.a.j.t.JMeterThread: Stopping because end time detected by thread: S2 1-292
2026-10-06 08:35:09,665 INFO o.a.j.t.JMeterThread: Thread finished: S2 1-292
2026-10-06 08:35:09,665 INFO o.a.j.t.JMeterThread: Stopping because end time detected by thread: S2 1-362
2026-10-06 08:35:09,665 INFO o.a.j.t.JMeterThread: Thread finished: S2 1-362
2026-10-06 08:35:09,666 INFO o.a.j.t.JMeterThread: Stopping because end time detected by thread: S2 1-544
2026-10-06 08:35:09,666 INFO o.a.j.t.JMeterThread: Thread finished: S2 1-544
2026-10-06 08:35:09,666 INFO o.a.j.t.JMeterThread: Stopping because end time detected by thread: S2 1-590
2026-10-06 08:35:09,667 INFO o.a.j.t.JMeterThread: Thread finished: S2 1-590
2026-10-06 08:35:09,667 INFO o.a.j.t.JMeterThread: Stopping because end time detected by thread: S2 1-339
2026-10-06 08:35:09,667 INFO o.a.j.t.JMeterThread: Thread finished: S2 1-339
2026-10-06 08:35:09,667 INFO o.a.j.t.JMeterThread: Stopping because end time detected by thread: S2 1-275
2026-10-06 08:35:09,668 INFO o.a.j.t.JMeterThread: Thread finished: S2 1-275
2026-10-06 08:35:09,668 INFO o.a.j.t.JMeterThread: Stopping because end time detected by thread: S2 1-651
2026-10-06 08:35:09,668 INFO o.a.j.t.JMeterThread: Thread finished: S2 1-651
2026-10-06 08:35:09,668 INFO o.a.j.t.JMeterThread: Stopping because end time detected by thread: S2 1-367
2026-10-06 08:35:09,668 INFO o.a.j.t.JMeterThread: Thread finished: S2 1-367
2026-10-06 08:35:09,668 INFO o.a.j.t.JMeterThread: Stopping because end time detected by thread: S2 1-284
2026-10-06 08:35:09,669 INFO o.a.j.t.JMeterThread: Thread finished: S2 1-284
2026-10-06 08:35:09,670 INFO o.a.j.t.JMeterThread: Stopping because end time detected by thread: S2 1-671
2026-10-06 08:35:09,670 INFO o.a.j.t.JMeterThread: Stopping because end time detected by thread: S2 1-620
2026-10-06 08:35:09,670 INFO o.a.j.t.JMeterThread: Thread finished: S2 1-671
2026-10-06 08:35:09,670 INFO o.a.j.t.JMeterThread: Thread finished: S2 1-620
2026-10-06 08:35:09,674 INFO o.a.j.t.JMeterThread: Stopping because end time detected by thread: S2 1-714
2026-10-06 08:35:09,675 INFO o.a.j.t.JMeterThread: Thread finished: S2 1-714
2026-10-06 08:35:09,676 INFO o.a.j.t.JMeterThread: Stopping because end time detected by thread: S2 1-602
2026-10-06 08:35:09,676 INFO o.a.j.t.JMeterThread: Thread finished: S2 1-602
2026-10-06 08:35:09,676 INFO o.a.j.t.JMeterThread: Stopping because end time detected by thread: S2 1-281
2026-10-06 08:35:09,676 INFO o.a.j.t.JMeterThread: Thread finished: S2 1-281
2026-10-06 08:35:09,678 INFO o.a.j.t.JMeterThread: Stopping because end time detected by thread: S2 1-713
2026-10-06 08:35:09,678 INFO o.a.j.t.JMeterThread: Thread finished: S2 1-713
2026-10-06 08:35:09,678 INFO o.a.j.t.JMeterThread: Stopping because end time detected by thread: S2 1-387
2026-10-06 08:35:09,680 INFO o.a.j.t.JMeterThread: Thread finished: S2 1-387
2026-10-06 08:35:09,680 INFO o.a.j.t.JMeterThread: Stopping because end time detected by thread: S2 1-743
2026-10-06 08:35:09,680 INFO o.a.j.t.JMeterThread: Thread finished: S2 1-743
2026-10-06 08:35:09,681 INFO o.a.j.t.JMeterThread: Stopping because end time detected by thread: S2 1-357
2026-10-06 08:35:09,681 INFO o.a.j.t.JMeterThread: Thread finished: S2 1-357
2026-10-06 08:35:09,682 INFO o.a.j.t.JMeterThread: Stopping because end time detected by thread: S2 1-661
2026-10-06 08:35:09,682 INFO o.a.j.t.JMeterThread: Thread finished: S2 1-661
2026-10-06 08:35:09,682 INFO o.a.j.t.JMeterThread: Stopping because end time detected by thread: S2 1-543
2026-10-06 08:35:09,682 INFO o.a.j.t.JMeterThread: Thread finished: S2 1-543
2026-10-06 08:35:09,682 INFO o.a.j.t.JMeterThread: Stopping because end time detected by thread: S2 1-301
2026-10-06 08:35:09,682 INFO o.a.j.t.JMeterThread: Thread finished: S2 1-301
2026-10-06 08:35:09,682 INFO o.a.j.t.JMeterThread: Stopping because end time detected by thread: S2 1-719
2026-10-06 08:35:09,682 INFO o.a.j.t.JMeterThread: Thread finished: S2 1-719
2026-10-06 08:35:09,684 INFO o.a.j.t.JMeterThread: Stopping because end time detected by thread: S2 1-727
2026-10-06 08:35:09,684 INFO o.a.j.t.JMeterThread: Stopping because end time detected by thread: S2 1-514
2026-10-06 08:35:09,684 INFO o.a.j.t.JMeterThread: Thread finished: S2 1-727
2026-10-06 08:35:09,684 INFO o.a.j.t.JMeterThread: Thread finished: S2 1-514
2026-10-06 08:35:09,684 INFO o.a.j.t.JMeterThread: Stopping because end time detected by thread: S2 1-703
2026-10-06 08:35:09,684 INFO o.a.j.t.JMeterThread: Stopping because end time detected by thread: S2 1-459
2026-10-06 08:35:09,684 INFO o.a.j.t.JMeterThread: Thread finished: S2 1-703
2026-10-06 08:35:09,684 INFO o.a.j.t.JMeterThread: Thread finished: S2 1-459
2026-10-06 08:35:09,684 INFO o.a.j.t.JMeterThread: Stopping because end time detected by thread: S2 1-320
2026-10-06 08:35:09,684 INFO o.a.j.t.JMeterThread: Thread finished: S2 1-320
2026-10-06 08:35:09,686 INFO o.a.j.t.JMeterThread: Stopping because end time detected by thread: S2 1-550
2026-10-06 08:35:09,686 INFO o.a.j.t.JMeterThread: Thread finished: S2 1-550
2026-10-06 08:35:09,687 INFO o.a.j.t.JMeterThread: Stopping because end time detected by thread: S2 1-274
2026-10-06 08:35:09,687 INFO o.a.j.t.JMeterThread: Thread finished: S2 1-274
2026-10-06 08:35:09,687 INFO o.a.j.t.JMeterThread: Stopping because end time detected by thread: S2 1-568
2026-10-06 08:35:09,687 INFO o.a.j.t.JMeterThread: Thread finished: S2 1-568
2026-10-06 08:35:09,687 INFO o.a.j.t.JMeterThread: Stopping because end time detected by thread: S2 1-499
2026-10-06 08:35:09,687 INFO o.a.j.t.JMeterThread: Thread finished: S2 1-499
2026-10-06 08:35:09,688 INFO o.a.j.t.JMeterThread: Stopping because end time detected by thread: S2 1-410
2026-10-06 08:35:09,688 INFO o.a.j.t.JMeterThread: Thread finished: S2 1-410
2026-10-06 08:35:09,689 INFO o.a.j.t.JMeterThread: Stopping because end time detected by thread: S2 1-327
2026-10-06 08:35:09,689 INFO o.a.j.t.JMeterThread: Thread finished: S2 1-327
2026-10-06 08:35:09,690 INFO o.a.j.t.JMeterThread: Stopping because end time detected by thread: S2 1-639
2026-10-06 08:35:09,690 INFO o.a.j.t.JMeterThread: Thread finished: S2 1-639
2026-10-06 08:35:09,690 INFO o.a.j.t.JMeterThread: Stopping because end time detected by thread: S2 1-564
2026-10-06 08:35:09,691 INFO o.a.j.t.JMeterThread: Thread finished: S2 1-564
2026-10-06 08:35:09,692 INFO o.a.j.t.JMeterThread: Stopping because end time detected by thread: S2 1-323
2026-10-06 08:35:09,692 INFO o.a.j.t.JMeterThread: Thread finished: S2 1-323
2026-10-06 08:35:09,693 INFO o.a.j.t.JMeterThread: Stopping because end time detected by thread: S2 1-381
2026-10-06 08:35:09,693 INFO o.a.j.t.JMeterThread: Thread finished: S2 1-381
2026-10-06 08:35:09,693 INFO o.a.j.t.JMeterThread: Stopping because end time detected by thread: S2 1-709
2026-10-06 08:35:09,693 INFO o.a.j.t.JMeterThread: Thread finished: S2 1-709
2026-10-06 08:35:09,695 INFO o.a.j.t.JMeterThread: Stopping because end time detected by thread: S2 1-638
2026-10-06 08:35:09,695 INFO o.a.j.t.JMeterThread: Thread finished: S2 1-638
2026-10-06 08:35:09,697 INFO o.a.j.t.JMeterThread: Stopping because end time detected by thread: S2 1-294
2026-10-06 08:35:09,697 INFO o.a.j.t.JMeterThread: Stopping because end time detected by thread: S2 1-636
2026-10-06 08:35:09,697 INFO o.a.j.t.JMeterThread: Thread finished: S2 1-294
2026-10-06 08:35:09,697 INFO o.a.j.t.JMeterThread: Thread finished: S2 1-636
2026-10-06 08:35:09,697 INFO o.a.j.t.JMeterThread: Stopping because end time detected by thread: S2 1-336
2026-10-06 08:35:09,697 INFO o.a.j.t.JMeterThread: Thread finished: S2 1-336
2026-10-06 08:35:09,697 INFO o.a.j.t.JMeterThread: Stopping because end time detected by thread: S2 1-656
2026-10-06 08:35:09,697 INFO o.a.j.t.JMeterThread: Thread finished: S2 1-656
2026-10-06 08:35:09,698 INFO o.a.j.t.JMeterThread: Stopping because end time detected by thread: S2 1-334
2026-10-06 08:35:09,698 INFO o.a.j.t.JMeterThread: Thread finished: S2 1-334
2026-10-06 08:35:09,700 INFO o.a.j.t.JMeterThread: Stopping because end time detected by thread: S2 1-382
2026-10-06 08:35:09,700 INFO o.a.j.t.JMeterThread: Thread finished: S2 1-382
2026-10-06 08:35:09,701 INFO o.a.j.t.JMeterThread: Stopping because end time detected by thread: S2 1-413
2026-10-06 08:35:09,701 INFO o.a.j.t.JMeterThread: Thread finished: S2 1-413
2026-10-06 08:35:09,703 INFO o.a.j.t.JMeterThread: Stopping because end time detected by thread: S2 1-660
2026-10-06 08:35:09,703 INFO o.a.j.t.JMeterThread: Thread finished: S2 1-660
2026-10-06 08:35:09,704 INFO o.a.j.t.JMeterThread: Stopping because end time detected by thread: S2 1-742
2026-10-06 08:35:09,704 INFO o.a.j.t.JMeterThread: Thread finished: S2 1-742
2026-10-06 08:35:09,705 INFO o.a.j.t.JMeterThread: Stopping because end time detected by thread: S2 1-678
2026-10-06 08:35:09,705 INFO o.a.j.t.JMeterThread: Thread finished: S2 1-678
2026-10-06 08:35:09,707 INFO o.a.j.t.JMeterThread: Stopping because end time detected by thread: S2 1-556
2026-10-06 08:35:09,707 INFO o.a.j.t.JMeterThread: Thread finished: S2 1-556
2026-10-06 08:35:09,707 INFO o.a.j.t.JMeterThread: Stopping because end time detected by thread: S2 1-485
2026-10-06 08:35:09,707 INFO o.a.j.t.JMeterThread: Thread finished: S2 1-485
2026-10-06 08:35:09,708 INFO o.a.j.t.JMeterThread: Stopping because end time detected by thread: S2 1-401
2026-10-06 08:35:09,708 INFO o.a.j.t.JMeterThread: Thread finished: S2 1-401
2026-10-06 08:35:09,708 INFO o.a.j.t.JMeterThread: Stopping because end time detected by thread: S2 1-442
2026-10-06 08:35:09,708 INFO o.a.j.t.JMeterThread: Stopping because end time detected by thread: S2 1-733
2026-10-06 08:35:09,708 INFO o.a.j.t.JMeterThread: Thread finished: S2 1-442
2026-10-06 08:35:09,708 INFO o.a.j.t.JMeterThread: Thread finished: S2 1-733
2026-10-06 08:35:09,709 INFO o.a.j.t.JMeterThread: Stopping because end time detected by thread: S2 1-562
2026-10-06 08:35:09,709 INFO o.a.j.t.JMeterThread: Thread finished: S2 1-562
2026-10-06 08:35:09,711 INFO o.a.j.t.JMeterThread: Stopping because end time detected by thread: S2 1-704
2026-10-06 08:35:09,711 INFO o.a.j.t.JMeterThread: Thread finished: S2 1-704
2026-10-06 08:35:09,711 INFO o.a.j.t.JMeterThread: Stopping because end time detected by thread: S2 1-423
2026-10-06 08:35:09,711 INFO o.a.j.t.JMeterThread: Thread finished: S2 1-423
2026-10-06 08:35:09,712 INFO o.a.j.t.JMeterThread: Stopping because end time detected by thread: S2 1-551
2026-10-06 08:35:09,712 INFO o.a.j.t.JMeterThread: Thread finished: S2 1-551
2026-10-06 08:35:09,712 INFO o.a.j.t.JMeterThread: Stopping because end time detected by thread: S2 1-741
2026-10-06 08:35:09,712 INFO o.a.j.t.JMeterThread: Thread finished: S2 1-741
2026-10-06 08:35:09,713 INFO o.a.j.t.JMeterThread: Stopping because end time detected by thread: S2 1-675
2026-10-06 08:35:09,713 INFO o.a.j.t.JMeterThread: Thread finished: S2 1-675
2026-10-06 08:35:09,713 INFO o.a.j.t.JMeterThread: Stopping because end time detected by thread: S2 1-371
2026-10-06 08:35:09,713 INFO o.a.j.t.JMeterThread: Thread finished: S2 1-371
2026-10-06 08:35:09,713 INFO o.a.j.t.JMeterThread: Stopping because end time detected by thread: S2 1-597
2026-10-06 08:35:09,713 INFO o.a.j.t.JMeterThread: Thread finished: S2 1-597
2026-10-06 08:35:09,714 INFO o.a.j.t.JMeterThread: Stopping because end time detected by thread: S2 1-471
2026-10-06 08:35:09,714 INFO o.a.j.t.JMeterThread: Thread finished: S2 1-471
2026-10-06 08:35:09,714 INFO o.a.j.t.JMeterThread: Stopping because end time detected by thread: S2 1-358
2026-10-06 08:35:09,714 INFO o.a.j.t.JMeterThread: Thread finished: S2 1-358
2026-10-06 08:35:09,714 INFO o.a.j.t.JMeterThread: Stopping because end time detected by thread: S2 1-540
2026-10-06 08:35:09,714 INFO o.a.j.t.JMeterThread: Thread finished: S2 1-540
2026-10-06 08:35:09,716 INFO o.a.j.t.JMeterThread: Stopping because end time detected by thread: S2 1-745
2026-10-06 08:35:09,717 INFO o.a.j.t.JMeterThread: Thread finished: S2 1-745
2026-10-06 08:35:09,717 INFO o.a.j.t.JMeterThread: Stopping because end time detected by thread: S2 1-542
2026-10-06 08:35:09,717 INFO o.a.j.t.JMeterThread: Thread finished: S2 1-542
2026-10-06 08:35:09,718 INFO o.a.j.t.JMeterThread: Stopping because end time detected by thread: S2 1-496
2026-10-06 08:35:09,718 INFO o.a.j.t.JMeterThread: Thread finished: S2 1-496
2026-10-06 08:35:09,718 INFO o.a.j.t.JMeterThread: Stopping because end time detected by thread: S2 1-637
2026-10-06 08:35:09,718 INFO o.a.j.t.JMeterThread: Thread finished: S2 1-637
2026-10-06 08:35:09,720 INFO o.a.j.t.JMeterThread: Stopping because end time detected by thread: S2 1-674
2026-10-06 08:35:09,720 INFO o.a.j.t.JMeterThread: Thread finished: S2 1-674
2026-10-06 08:35:09,727 INFO o.a.j.t.JMeterThread: Stopping because end time detected by thread: S2 1-582
2026-10-06 08:35:09,728 INFO o.a.j.t.JMeterThread: Thread finished: S2 1-582
2026-10-06 08:35:09,728 INFO o.a.j.t.JMeterThread: Stopping because end time detected by thread: S2 1-511
2026-10-06 08:35:09,728 INFO o.a.j.t.JMeterThread: Thread finished: S2 1-511
2026-10-06 08:35:09,728 INFO o.a.j.t.JMeterThread: Stopping because end time detected by thread: S2 1-618
2026-10-06 08:35:09,728 INFO o.a.j.t.JMeterThread: Thread finished: S2 1-618
2026-10-06 08:35:09,728 INFO o.a.j.t.JMeterThread: Stopping because end time detected by thread: S2 1-426
2026-10-06 08:35:09,729 INFO o.a.j.t.JMeterThread: Thread finished: S2 1-426
2026-10-06 08:35:09,729 INFO o.a.j.t.JMeterThread: Stopping because end time detected by thread: S2 1-486
2026-10-06 08:35:09,729 INFO o.a.j.t.JMeterThread: Thread finished: S2 1-486
2026-10-06 08:35:09,733 INFO o.a.j.t.JMeterThread: Stopping because end time detected by thread: S2 1-458
2026-10-06 08:35:09,733 INFO o.a.j.t.JMeterThread: Thread finished: S2 1-458
2026-10-06 08:35:09,734 INFO o.a.j.t.JMeterThread: Stopping because end time detected by thread: S2 1-347
2026-10-06 08:35:09,734 INFO o.a.j.t.JMeterThread: Thread finished: S2 1-347
2026-10-06 08:35:09,734 INFO o.a.j.t.JMeterThread: Stopping because end time detected by thread: S2 1-492
2026-10-06 08:35:09,734 INFO o.a.j.t.JMeterThread: Thread finished: S2 1-492
2026-10-06 08:35:09,735 INFO o.a.j.t.JMeterThread: Stopping because end time detected by thread: S2 1-690
2026-10-06 08:35:09,735 INFO o.a.j.t.JMeterThread: Thread finished: S2 1-690
2026-10-06 08:35:09,735 INFO o.a.j.t.JMeterThread: Stopping because end time detected by thread: S2 1-366
2026-10-06 08:35:09,735 INFO o.a.j.t.JMeterThread: Thread finished: S2 1-366
2026-10-06 08:35:09,735 INFO o.a.j.t.JMeterThread: Stopping because end time detected by thread: S2 1-588
2026-10-06 08:35:09,735 INFO o.a.j.t.JMeterThread: Stopping because end time detected by thread: S2 1-525
2026-10-06 08:35:09,736 INFO o.a.j.t.JMeterThread: Thread finished: S2 1-588
2026-10-06 08:35:09,736 INFO o.a.j.t.JMeterThread: Thread finished: S2 1-525
2026-10-06 08:35:09,736 INFO o.a.j.t.JMeterThread: Stopping because end time detected by thread: S2 1-439
2026-10-06 08:35:09,737 INFO o.a.j.t.JMeterThread: Thread finished: S2 1-439
2026-10-06 08:35:09,737 INFO o.a.j.t.JMeterThread: Stopping because end time detected by thread: S2 1-435
2026-10-06 08:35:09,737 INFO o.a.j.t.JMeterThread: Thread finished: S2 1-435
2026-10-06 08:35:09,739 INFO o.a.j.t.JMeterThread: Stopping because end time detected by thread: S2 1-682
2026-10-06 08:35:09,740 INFO o.a.j.t.JMeterThread: Thread finished: S2 1-682
2026-10-06 08:35:09,740 INFO o.a.j.t.JMeterThread: Stopping because end time detected by thread: S2 1-480
2026-10-06 08:35:09,740 INFO o.a.j.t.JMeterThread: Thread finished: S2 1-480
2026-10-06 08:35:09,741 INFO o.a.j.t.JMeterThread: Stopping because end time detected by thread: S2 1-721
2026-10-06 08:35:09,741 INFO o.a.j.t.JMeterThread: Thread finished: S2 1-721
2026-10-06 08:35:09,743 INFO o.a.j.t.JMeterThread: Stopping because end time detected by thread: S2 1-428
2026-10-06 08:35:09,743 INFO o.a.j.t.JMeterThread: Thread finished: S2 1-428
2026-10-06 08:35:09,754 INFO o.a.j.t.JMeterThread: Stopping because end time detected by thread: S2 1-373
2026-10-06 08:35:09,754 INFO o.a.j.t.JMeterThread: Thread finished: S2 1-373
2026-10-06 08:35:09,755 INFO o.a.j.t.JMeterThread: Stopping because end time detected by thread: S2 1-509
2026-10-06 08:35:09,755 INFO o.a.j.t.JMeterThread: Thread finished: S2 1-509
2026-10-06 08:35:09,755 INFO o.a.j.t.JMeterThread: Stopping because end time detected by thread: S2 1-491
2026-10-06 08:35:09,755 INFO o.a.j.t.JMeterThread: Thread finished: S2 1-491
2026-10-06 08:35:09,755 INFO o.a.j.t.JMeterThread: Stopping because end time detected by thread: S2 1-512
2026-10-06 08:35:09,755 INFO o.a.j.t.JMeterThread: Thread finished: S2 1-512
2026-10-06 08:35:09,755 INFO o.a.j.t.JMeterThread: Stopping because end time detected by thread: S2 1-547
2026-10-06 08:35:09,755 INFO o.a.j.t.JMeterThread: Thread finished: S2 1-547
2026-10-06 08:35:09,756 INFO o.a.j.t.JMeterThread: Stopping because end time detected by thread: S2 1-405
2026-10-06 08:35:09,756 INFO o.a.j.t.JMeterThread: Thread finished: S2 1-405
2026-10-06 08:35:09,756 INFO o.a.j.t.JMeterThread: Stopping because end time detected by thread: S2 1-696
2026-10-06 08:35:09,756 INFO o.a.j.t.JMeterThread: Stopping because end time detected by thread: S2 1-503
2026-10-06 08:35:09,756 INFO o.a.j.t.JMeterThread: Thread finished: S2 1-696
2026-10-06 08:35:09,756 INFO o.a.j.t.JMeterThread: Stopping because end time detected by thread: S2 1-359
2026-10-06 08:35:09,756 INFO o.a.j.t.JMeterThread: Thread finished: S2 1-503
2026-10-06 08:35:09,756 INFO o.a.j.t.JMeterThread: Thread finished: S2 1-359
2026-10-06 08:35:09,757 INFO o.a.j.t.JMeterThread: Stopping because end time detected by thread: S2 1-526
2026-10-06 08:35:09,757 INFO o.a.j.t.JMeterThread: Stopping because end time detected by thread: S2 1-500
2026-10-06 08:35:09,757 INFO o.a.j.t.JMeterThread: Thread finished: S2 1-500
2026-10-06 08:35:09,757 INFO o.a.j.t.JMeterThread: Thread finished: S2 1-526
2026-10-06 08:35:09,758 INFO o.a.j.t.JMeterThread: Stopping because end time detected by thread: S2 1-684
2026-10-06 08:35:09,758 INFO o.a.j.t.JMeterThread: Thread finished: S2 1-684
2026-10-06 08:35:09,759 INFO o.a.j.t.JMeterThread: Stopping because end time detected by thread: S2 1-533
2026-10-06 08:35:09,759 INFO o.a.j.t.JMeterThread: Thread finished: S2 1-533
2026-10-06 08:35:09,759 INFO o.a.j.t.JMeterThread: Stopping because end time detected by thread: S2 1-502
2026-10-06 08:35:09,759 INFO o.a.j.t.JMeterThread: Thread finished: S2 1-502
2026-10-06 08:35:09,759 INFO o.a.j.t.JMeterThread: Stopping because end time detected by thread: S2 1-477
2026-10-06 08:35:09,760 INFO o.a.j.t.JMeterThread: Thread finished: S2 1-477
2026-10-06 08:35:09,760 INFO o.a.j.t.JMeterThread: Stopping because end time detected by thread: S2 1-530
2026-10-06 08:35:09,760 INFO o.a.j.t.JMeterThread: Thread finished: S2 1-530
2026-10-06 08:35:09,760 INFO o.a.j.t.JMeterThread: Stopping because end time detected by thread: S2 1-751
2026-10-06 08:35:09,760 INFO o.a.j.t.JMeterThread: Thread finished: S2 1-751
2026-10-06 08:35:09,761 INFO o.a.j.t.JMeterThread: Stopping because end time detected by thread: S2 1-681
2026-10-06 08:35:09,761 INFO o.a.j.t.JMeterThread: Stopping because end time detected by thread: S2 1-534
2026-10-06 08:35:09,761 INFO o.a.j.t.JMeterThread: Thread finished: S2 1-681
2026-10-06 08:35:09,761 INFO o.a.j.t.JMeterThread: Thread finished: S2 1-534
2026-10-06 08:35:09,772 INFO o.a.j.t.JMeterThread: Stopping because end time detected by thread: S2 1-649
2026-10-06 08:35:09,772 INFO o.a.j.t.JMeterThread: Thread finished: S2 1-649
2026-10-06 08:35:09,773 INFO o.a.j.t.JMeterThread: Stopping because end time detected by thread: S2 1-553
2026-10-06 08:35:09,773 INFO o.a.j.t.JMeterThread: Thread finished: S2 1-553
2026-10-06 08:35:09,773 INFO o.a.j.t.JMeterThread: Stopping because end time detected by thread: S2 1-760
2026-10-06 08:35:09,773 INFO o.a.j.t.JMeterThread: Thread finished: S2 1-760
2026-10-06 08:35:09,775 INFO o.a.j.t.JMeterThread: Stopping because end time detected by thread: S2 1-615
2026-10-06 08:35:09,775 INFO o.a.j.t.JMeterThread: Thread finished: S2 1-615
2026-10-06 08:35:09,775 INFO o.a.j.t.JMeterThread: Stopping because end time detected by thread: S2 1-589
2026-10-06 08:35:09,775 INFO o.a.j.t.JMeterThread: Thread finished: S2 1-589
2026-10-06 08:35:09,775 INFO o.a.j.t.JMeterThread: Stopping because end time detected by thread: S2 1-627
2026-10-06 08:35:09,775 INFO o.a.j.t.JMeterThread: Thread finished: S2 1-627
2026-10-06 08:35:09,776 INFO o.a.j.t.JMeterThread: Stopping because end time detected by thread: S2 1-501
2026-10-06 08:35:09,776 INFO o.a.j.t.JMeterThread: Thread finished: S2 1-501
2026-10-06 08:35:09,776 INFO o.a.j.t.JMeterThread: Stopping because end time detected by thread: S2 1-619
2026-10-06 08:35:09,776 INFO o.a.j.t.JMeterThread: Thread finished: S2 1-619
2026-10-06 08:35:09,777 INFO o.a.j.t.JMeterThread: Stopping because end time detected by thread: S2 1-605
2026-10-06 08:35:09,777 INFO o.a.j.t.JMeterThread: Thread finished: S2 1-605
2026-10-06 08:35:09,777 INFO o.a.j.t.JMeterThread: Stopping because end time detected by thread: S2 1-461
2026-10-06 08:35:09,777 INFO o.a.j.t.JMeterThread: Thread finished: S2 1-461
2026-10-06 08:35:09,777 INFO o.a.j.t.JMeterThread: Stopping because end time detected by thread: S2 1-677
2026-10-06 08:35:09,777 INFO o.a.j.t.JMeterThread: Thread finished: S2 1-677
2026-10-06 08:35:09,777 INFO o.a.j.t.JMeterThread: Stopping because end time detected by thread: S2 1-584
2026-10-06 08:35:09,778 INFO o.a.j.t.JMeterThread: Thread finished: S2 1-584
2026-10-06 08:35:09,778 INFO o.a.j.t.JMeterThread: Stopping because end time detected by thread: S2 1-473
2026-10-06 08:35:09,778 INFO o.a.j.t.JMeterThread: Stopping because end time detected by thread: S2 1-535
2026-10-06 08:35:09,778 INFO o.a.j.t.JMeterThread: Thread finished: S2 1-473
2026-10-06 08:35:09,778 INFO o.a.j.t.JMeterThread: Thread finished: S2 1-535
2026-10-06 08:35:09,778 INFO o.a.j.t.JMeterThread: Stopping because end time detected by thread: S2 1-735
2026-10-06 08:35:09,778 INFO o.a.j.t.JMeterThread: Thread finished: S2 1-735
2026-10-06 08:35:09,779 INFO o.a.j.t.JMeterThread: Stopping because end time detected by thread: S2 1-740
2026-10-06 08:35:09,779 INFO o.a.j.t.JMeterThread: Thread finished: S2 1-740
2026-10-06 08:35:09,779 INFO o.a.j.t.JMeterThread: Stopping because end time detected by thread: S2 1-581
2026-10-06 08:35:09,779 INFO o.a.j.t.JMeterThread: Thread finished: S2 1-581
2026-10-06 08:35:09,780 INFO o.a.j.t.JMeterThread: Stopping because end time detected by thread: S2 1-532
2026-10-06 08:35:09,780 INFO o.a.j.t.JMeterThread: Thread finished: S2 1-532
2026-10-06 08:35:09,780 INFO o.a.j.t.JMeterThread: Stopping because end time detected by thread: S2 1-598
2026-10-06 08:35:09,780 INFO o.a.j.t.JMeterThread: Thread finished: S2 1-598
2026-10-06 08:35:09,781 INFO o.a.j.t.JMeterThread: Stopping because end time detected by thread: S2 1-731
2026-10-06 08:35:09,781 INFO o.a.j.t.JMeterThread: Stopping because end time detected by thread: S2 1-692
2026-10-06 08:35:09,781 INFO o.a.j.t.JMeterThread: Thread finished: S2 1-731
2026-10-06 08:35:09,781 INFO o.a.j.t.JMeterThread: Thread finished: S2 1-692
2026-10-06 08:35:09,781 INFO o.a.j.t.JMeterThread: Stopping because end time detected by thread: S2 1-695
2026-10-06 08:35:09,782 INFO o.a.j.t.JMeterThread: Thread finished: S2 1-695
2026-10-06 08:35:09,782 INFO o.a.j.t.JMeterThread: Stopping because end time detected by thread: S2 1-489
2026-10-06 08:35:09,782 INFO o.a.j.t.JMeterThread: Thread finished: S2 1-489
2026-10-06 08:35:09,782 INFO o.a.j.t.JMeterThread: Stopping because end time detected by thread: S2 1-515
2026-10-06 08:35:09,782 INFO o.a.j.t.JMeterThread: Thread finished: S2 1-515
2026-10-06 08:35:09,783 INFO o.a.j.t.JMeterThread: Stopping because end time detected by thread: S2 1-472
2026-10-06 08:35:09,783 INFO o.a.j.t.JMeterThread: Thread finished: S2 1-472
2026-10-06 08:35:09,784 INFO o.a.j.t.JMeterThread: Stopping because end time detected by thread: S2 1-752
2026-10-06 08:35:09,784 INFO o.a.j.t.JMeterThread: Thread finished: S2 1-752
2026-10-06 08:35:09,785 INFO o.a.j.t.JMeterThread: Stopping because end time detected by thread: S2 1-452
2026-10-06 08:35:09,785 INFO o.a.j.t.JMeterThread: Thread finished: S2 1-452
2026-10-06 08:35:09,786 INFO o.a.j.t.JMeterThread: Stopping because end time detected by thread: S2 1-642
2026-10-06 08:35:09,786 INFO o.a.j.t.JMeterThread: Thread finished: S2 1-642
2026-10-06 08:35:09,787 INFO o.a.j.t.JMeterThread: Stopping because end time detected by thread: S2 1-561
2026-10-06 08:35:09,787 INFO o.a.j.t.JMeterThread: Thread finished: S2 1-561
2026-10-06 08:35:09,793 INFO o.a.j.t.JMeterThread: Stopping because end time detected by thread: S2 1-531
2026-10-06 08:35:09,793 INFO o.a.j.t.JMeterThread: Thread finished: S2 1-531
2026-10-06 08:35:09,793 INFO o.a.j.t.JMeterThread: Stopping because end time detected by thread: S2 1-781
2026-10-06 08:35:09,794 INFO o.a.j.t.JMeterThread: Thread finished: S2 1-781
2026-10-06 08:35:09,795 INFO o.a.j.t.JMeterThread: Stopping because end time detected by thread: S2 1-730
2026-10-06 08:35:09,795 INFO o.a.j.t.JMeterThread: Thread finished: S2 1-730
2026-10-06 08:35:09,796 INFO o.a.j.t.JMeterThread: Stopping because end time detected by thread: S2 1-767
2026-10-06 08:35:09,796 INFO o.a.j.t.JMeterThread: Thread finished: S2 1-767
2026-10-06 08:35:09,796 INFO o.a.j.t.JMeterThread: Stopping because end time detected by thread: S2 1-736
2026-10-06 08:35:09,796 INFO o.a.j.t.JMeterThread: Thread finished: S2 1-736
2026-10-06 08:35:09,796 INFO o.a.j.t.JMeterThread: Stopping because end time detected by thread: S2 1-632
2026-10-06 08:35:09,796 INFO o.a.j.t.JMeterThread: Thread finished: S2 1-632
2026-10-06 08:35:09,796 INFO o.a.j.t.JMeterThread: Stopping because end time detected by thread: S2 1-668
2026-10-06 08:35:09,796 INFO o.a.j.t.JMeterThread: Thread finished: S2 1-668
2026-10-06 08:35:09,797 INFO o.a.j.t.JMeterThread: Stopping because end time detected by thread: S2 1-720
2026-10-06 08:35:09,797 INFO o.a.j.t.JMeterThread: Thread finished: S2 1-720
2026-10-06 08:35:09,800 INFO o.a.j.t.JMeterThread: Stopping because end time detected by thread: S2 1-680
2026-10-06 08:35:09,800 INFO o.a.j.t.JMeterThread: Thread finished: S2 1-680
2026-10-06 08:35:09,801 INFO o.a.j.t.JMeterThread: Stopping because end time detected by thread: S2 1-585
2026-10-06 08:35:09,801 INFO o.a.j.t.JMeterThread: Thread finished: S2 1-585
2026-10-06 08:35:09,801 INFO o.a.j.t.JMeterThread: Stopping because end time detected by thread: S2 1-777
2026-10-06 08:35:09,802 INFO o.a.j.t.JMeterThread: Thread finished: S2 1-777
2026-10-06 08:35:09,805 INFO o.a.j.t.JMeterThread: Stopping because end time detected by thread: S2 1-469
2026-10-06 08:35:09,805 INFO o.a.j.t.JMeterThread: Thread finished: S2 1-469
2026-10-06 08:35:09,806 INFO o.a.j.t.JMeterThread: Stopping because end time detected by thread: S2 1-631
2026-10-06 08:35:09,806 INFO o.a.j.t.JMeterThread: Stopping because end time detected by thread: S2 1-574
2026-10-06 08:35:09,806 INFO o.a.j.t.JMeterThread: Thread finished: S2 1-631
2026-10-06 08:35:09,807 INFO o.a.j.t.JMeterThread: Thread finished: S2 1-574
2026-10-06 08:35:09,807 INFO o.a.j.t.JMeterThread: Stopping because end time detected by thread: S2 1-701
2026-10-06 08:35:09,807 INFO o.a.j.t.JMeterThread: Thread finished: S2 1-701
2026-10-06 08:35:09,807 INFO o.a.j.t.JMeterThread: Stopping because end time detected by thread: S2 1-800
2026-10-06 08:35:09,807 INFO o.a.j.t.JMeterThread: Thread finished: S2 1-800
2026-10-06 08:35:09,808 INFO o.a.j.t.JMeterThread: Stopping because end time detected by thread: S2 1-820
2026-10-06 08:35:09,808 INFO o.a.j.t.JMeterThread: Thread finished: S2 1-820
2026-10-06 08:35:09,809 INFO o.a.j.t.JMeterThread: Stopping because end time detected by thread: S2 1-641
2026-10-06 08:35:09,810 INFO o.a.j.t.JMeterThread: Thread finished: S2 1-641
2026-10-06 08:35:09,810 INFO o.a.j.t.JMeterThread: Stopping because end time detected by thread: S2 1-630
2026-10-06 08:35:09,811 INFO o.a.j.t.JMeterThread: Stopping because end time detected by thread: S2 1-529
2026-10-06 08:35:09,811 INFO o.a.j.t.JMeterThread: Thread finished: S2 1-529
2026-10-06 08:35:09,811 INFO o.a.j.t.JMeterThread: Thread finished: S2 1-630
2026-10-06 08:35:09,811 INFO o.a.j.t.JMeterThread: Stopping because end time detected by thread: S2 1-504
2026-10-06 08:35:09,811 INFO o.a.j.t.JMeterThread: Stopping because end time detected by thread: S2 1-803
2026-10-06 08:35:09,811 INFO o.a.j.t.JMeterThread: Thread finished: S2 1-803
2026-10-06 08:35:09,812 INFO o.a.j.t.JMeterThread: Thread finished: S2 1-504
2026-10-06 08:35:09,812 INFO o.a.j.t.JMeterThread: Stopping because end time detected by thread: S2 1-710
2026-10-06 08:35:09,812 INFO o.a.j.t.JMeterThread: Thread finished: S2 1-710
2026-10-06 08:35:09,812 INFO o.a.j.t.JMeterThread: Stopping because end time detected by thread: S2 1-595
2026-10-06 08:35:09,812 INFO o.a.j.t.JMeterThread: Thread finished: S2 1-595
2026-10-06 08:35:09,813 INFO o.a.j.t.JMeterThread: Stopping because end time detected by thread: S2 1-765
2026-10-06 08:35:09,814 INFO o.a.j.t.JMeterThread: Thread finished: S2 1-765
2026-10-06 08:35:09,814 INFO o.a.j.t.JMeterThread: Stopping because end time detected by thread: S2 1-626
2026-10-06 08:35:09,814 INFO o.a.j.t.JMeterThread: Thread finished: S2 1-626
2026-10-06 08:35:09,816 INFO o.a.j.t.JMeterThread: Stopping because end time detected by thread: S2 1-771
2026-10-06 08:35:09,816 INFO o.a.j.t.JMeterThread: Thread finished: S2 1-771
2026-10-06 08:35:09,816 INFO o.a.j.t.JMeterThread: Stopping because end time detected by thread: S2 1-693
2026-10-06 08:35:09,816 INFO o.a.j.t.JMeterThread: Thread finished: S2 1-693
2026-10-06 08:35:09,818 INFO o.a.j.t.JMeterThread: Stopping because end time detected by thread: S2 1-654
2026-10-06 08:35:09,818 INFO o.a.j.t.JMeterThread: Thread finished: S2 1-654
2026-10-06 08:35:09,821 INFO o.a.j.t.JMeterThread: Stopping because end time detected by thread: S2 1-673
2026-10-06 08:35:09,821 INFO o.a.j.t.JMeterThread: Thread finished: S2 1-673
2026-10-06 08:35:09,823 INFO o.a.j.t.JMeterThread: Stopping because end time detected by thread: S2 1-560
2026-10-06 08:35:09,823 INFO o.a.j.t.JMeterThread: Thread finished: S2 1-560
2026-10-06 08:35:09,825 INFO o.a.j.t.JMeterThread: Stopping because end time detected by thread: S2 1-647
2026-10-06 08:35:09,825 INFO o.a.j.t.JMeterThread: Thread finished: S2 1-647
2026-10-06 08:35:09,825 INFO o.a.j.t.JMeterThread: Stopping because end time detected by thread: S2 1-624
2026-10-06 08:35:09,825 INFO o.a.j.t.JMeterThread: Thread finished: S2 1-624
2026-10-06 08:35:09,826 INFO o.a.j.t.JMeterThread: Stopping because end time detected by thread: S2 1-652
2026-10-06 08:35:09,826 INFO o.a.j.t.JMeterThread: Thread finished: S2 1-652
2026-10-06 08:35:09,826 INFO o.a.j.t.JMeterThread: Stopping because end time detected by thread: S2 1-699
2026-10-06 08:35:09,826 INFO o.a.j.t.JMeterThread: Thread finished: S2 1-699
2026-10-06 08:35:09,826 INFO o.a.j.t.JMeterThread: Stopping because end time detected by thread: S2 1-653
2026-10-06 08:35:09,827 INFO o.a.j.t.JMeterThread: Thread finished: S2 1-653
2026-10-06 08:35:09,829 INFO o.a.j.t.JMeterThread: Stopping because end time detected by thread: S2 1-757
2026-10-06 08:35:09,829 INFO o.a.j.t.JMeterThread: Stopping because end time detected by thread: S2 1-614
2026-10-06 08:35:09,829 INFO o.a.j.t.JMeterThread: Thread finished: S2 1-614
2026-10-06 08:35:09,829 INFO o.a.j.t.JMeterThread: Stopping because end time detected by thread: S2 1-612
2026-10-06 08:35:09,829 INFO o.a.j.t.JMeterThread: Thread finished: S2 1-612
2026-10-06 08:35:09,829 INFO o.a.j.t.JMeterThread: Thread finished: S2 1-757
2026-10-06 08:35:09,830 INFO o.a.j.t.JMeterThread: Stopping because end time detected by thread: S2 1-826
2026-10-06 08:35:09,830 INFO o.a.j.t.JMeterThread: Stopping because end time detected by thread: S2 1-715
2026-10-06 08:35:09,830 INFO o.a.j.t.JMeterThread: Thread finished: S2 1-826
2026-10-06 08:35:09,830 INFO o.a.j.t.JMeterThread: Stopping because end time detected by thread: S2 1-640
2026-10-06 08:35:09,830 INFO o.a.j.t.JMeterThread: Thread finished: S2 1-715
2026-10-06 08:35:09,830 INFO o.a.j.t.JMeterThread: Thread finished: S2 1-640
2026-10-06 08:35:09,831 INFO o.a.j.t.JMeterThread: Stopping because end time detected by thread: S2 1-506
2026-10-06 08:35:09,831 INFO o.a.j.t.JMeterThread: Thread finished: S2 1-506
2026-10-06 08:35:09,834 INFO o.a.j.t.JMeterThread: Stopping because end time detected by thread: S2 1-676
2026-10-06 08:35:09,834 INFO o.a.j.t.JMeterThread: Stopping because end time detected by thread: S2 1-842
2026-10-06 08:35:09,834 INFO o.a.j.t.JMeterThread: Thread finished: S2 1-676
2026-10-06 08:35:09,834 INFO o.a.j.t.JMeterThread: Thread finished: S2 1-842
2026-10-06 08:35:09,835 INFO o.a.j.t.JMeterThread: Stopping because end time detected by thread: S2 1-706
2026-10-06 08:35:09,835 INFO o.a.j.t.JMeterThread: Thread finished: S2 1-706
2026-10-06 08:35:09,836 INFO o.a.j.t.JMeterThread: Stopping because end time detected by thread: S2 1-593
2026-10-06 08:35:09,836 INFO o.a.j.t.JMeterThread: Thread finished: S2 1-593
2026-10-06 08:35:09,836 INFO o.a.j.t.JMeterThread: Stopping because end time detected by thread: S2 1-604
2026-10-06 08:35:09,836 INFO o.a.j.t.JMeterThread: Thread finished: S2 1-604
2026-10-06 08:35:09,837 INFO o.a.j.t.JMeterThread: Stopping because end time detected by thread: S2 1-679
2026-10-06 08:35:09,837 INFO o.a.j.t.JMeterThread: Thread finished: S2 1-679
2026-10-06 08:35:09,839 INFO o.a.j.t.JMeterThread: Stopping because end time detected by thread: S2 1-830
2026-10-06 08:35:09,839 INFO o.a.j.t.JMeterThread: Thread finished: S2 1-830
2026-10-06 08:35:09,841 INFO o.a.j.t.JMeterThread: Stopping because end time detected by thread: S2 1-785
2026-10-06 08:35:09,841 INFO o.a.j.t.JMeterThread: Thread finished: S2 1-785
2026-10-06 08:35:09,845 INFO o.a.j.t.JMeterThread: Stopping because end time detected by thread: S2 1-852
2026-10-06 08:35:09,845 INFO o.a.j.t.JMeterThread: Thread finished: S2 1-852
2026-10-06 08:35:09,845 INFO o.a.j.t.JMeterThread: Stopping because end time detected by thread: S2 1-728
2026-10-06 08:35:09,845 INFO o.a.j.t.JMeterThread: Thread finished: S2 1-728
2026-10-06 08:35:09,845 INFO o.a.j.t.JMeterThread: Stopping because end time detected by thread: S2 1-844
2026-10-06 08:35:09,845 INFO o.a.j.t.JMeterThread: Stopping because end time detected by thread: S2 1-665
2026-10-06 08:35:09,845 INFO o.a.j.t.JMeterThread: Thread finished: S2 1-665
2026-10-06 08:35:09,845 INFO o.a.j.t.JMeterThread: Thread finished: S2 1-844
2026-10-06 08:35:09,846 INFO o.a.j.t.JMeterThread: Stopping because end time detected by thread: S2 1-812
2026-10-06 08:35:09,846 INFO o.a.j.t.JMeterThread: Thread finished: S2 1-812
2026-10-06 08:35:09,846 INFO o.a.j.t.JMeterThread: Stopping because end time detected by thread: S2 1-817
2026-10-06 08:35:09,846 INFO o.a.j.t.JMeterThread: Thread finished: S2 1-817
2026-10-06 08:35:09,848 INFO o.a.j.t.JMeterThread: Stopping because end time detected by thread: S2 1-873
2026-10-06 08:35:09,848 INFO o.a.j.t.JMeterThread: Thread finished: S2 1-873
2026-10-06 08:35:09,848 INFO o.a.j.t.JMeterThread: Stopping because end time detected by thread: S2 1-840
2026-10-06 08:35:09,848 INFO o.a.j.t.JMeterThread: Thread finished: S2 1-840
2026-10-06 08:35:09,849 INFO o.a.j.t.JMeterThread: Stopping because end time detected by thread: S2 1-749
2026-10-06 08:35:09,849 INFO o.a.j.t.JMeterThread: Thread finished: S2 1-749
2026-10-06 08:35:09,850 INFO o.a.j.t.JMeterThread: Stopping because end time detected by thread: S2 1-890
2026-10-06 08:35:09,850 INFO o.a.j.t.JMeterThread: Thread finished: S2 1-890
2026-10-06 08:35:09,851 INFO o.a.j.t.JMeterThread: Stopping because end time detected by thread: S2 1-746
2026-10-06 08:35:09,851 INFO o.a.j.t.JMeterThread: Thread finished: S2 1-746
2026-10-06 08:35:09,852 INFO o.a.j.t.JMeterThread: Stopping because end time detected by thread: S2 1-891
2026-10-06 08:35:09,852 INFO o.a.j.t.JMeterThread: Thread finished: S2 1-891
2026-10-06 08:35:09,853 INFO o.a.j.t.JMeterThread: Stopping because end time detected by thread: S2 1-792
2026-10-06 08:35:09,853 INFO o.a.j.t.JMeterThread: Thread finished: S2 1-792
2026-10-06 08:35:09,854 INFO o.a.j.t.JMeterThread: Stopping because end time detected by thread: S2 1-662
2026-10-06 08:35:09,855 INFO o.a.j.t.JMeterThread: Thread finished: S2 1-662
2026-10-06 08:35:09,855 INFO o.a.j.t.JMeterThread: Stopping because end time detected by thread: S2 1-592
2026-10-06 08:35:09,855 INFO o.a.j.t.JMeterThread: Thread finished: S2 1-592
2026-10-06 08:35:09,856 INFO o.a.j.t.JMeterThread: Stopping because end time detected by thread: S2 1-884
2026-10-06 08:35:09,856 INFO o.a.j.t.JMeterThread: Stopping because end time detected by thread: S2 1-685
2026-10-06 08:35:09,856 INFO o.a.j.t.JMeterThread: Thread finished: S2 1-884
2026-10-06 08:35:09,856 INFO o.a.j.t.JMeterThread: Thread finished: S2 1-685
2026-10-06 08:35:09,859 INFO o.a.j.t.JMeterThread: Stopping because end time detected by thread: S2 1-555
2026-10-06 08:35:09,859 INFO o.a.j.t.JMeterThread: Stopping because end time detected by thread: S2 1-753
2026-10-06 08:35:09,860 INFO o.a.j.t.JMeterThread: Thread finished: S2 1-555
2026-10-06 08:35:09,860 INFO o.a.j.t.JMeterThread: Thread finished: S2 1-753
2026-10-06 08:35:09,860 INFO o.a.j.t.JMeterThread: Stopping because end time detected by thread: S2 1-712
2026-10-06 08:35:09,860 INFO o.a.j.t.JMeterThread: Thread finished: S2 1-712
2026-10-06 08:35:09,860 INFO o.a.j.t.JMeterThread: Stopping because end time detected by thread: S2 1-655
2026-10-06 08:35:09,860 INFO o.a.j.t.JMeterThread: Thread finished: S2 1-655
2026-10-06 08:35:09,861 INFO o.a.j.t.JMeterThread: Stopping because end time detected by thread: S2 1-559
2026-10-06 08:35:09,862 INFO o.a.j.t.JMeterThread: Thread finished: S2 1-559
2026-10-06 08:35:09,863 INFO o.a.j.t.JMeterThread: Stopping because end time detected by thread: S2 1-859
2026-10-06 08:35:09,863 INFO o.a.j.t.JMeterThread: Thread finished: S2 1-859
2026-10-06 08:35:09,864 INFO o.a.j.t.JMeterThread: Stopping because end time detected by thread: S2 1-841
2026-10-06 08:35:09,864 INFO o.a.j.t.JMeterThread: Thread finished: S2 1-841
2026-10-06 08:35:09,865 INFO o.a.j.t.JMeterThread: Stopping because end time detected by thread: S2 1-724
2026-10-06 08:35:09,865 INFO o.a.j.t.JMeterThread: Thread finished: S2 1-724
2026-10-06 08:35:09,866 INFO o.a.j.t.JMeterThread: Stopping because end time detected by thread: S2 1-750
2026-10-06 08:35:09,866 INFO o.a.j.t.JMeterThread: Thread finished: S2 1-750
2026-10-06 08:35:09,866 INFO o.a.j.t.JMeterThread: Stopping because end time detected by thread: S2 1-669
2026-10-06 08:35:09,866 INFO o.a.j.t.JMeterThread: Thread finished: S2 1-669
2026-10-06 08:35:09,867 INFO o.a.j.t.JMeterThread: Stopping because end time detected by thread: S2 1-748
2026-10-06 08:35:09,867 INFO o.a.j.t.JMeterThread: Thread finished: S2 1-748
2026-10-06 08:35:09,867 INFO o.a.j.t.JMeterThread: Stopping because end time detected by thread: S2 1-797
2026-10-06 08:35:09,867 INFO o.a.j.t.JMeterThread: Thread finished: S2 1-797
2026-10-06 08:35:09,868 INFO o.a.j.t.JMeterThread: Stopping because end time detected by thread: S2 1-772
2026-10-06 08:35:09,868 INFO o.a.j.t.JMeterThread: Thread finished: S2 1-772
2026-10-06 08:35:09,868 INFO o.a.j.t.JMeterThread: Stopping because end time detected by thread: S2 1-664
2026-10-06 08:35:09,868 INFO o.a.j.t.JMeterThread: Thread finished: S2 1-664
2026-10-06 08:35:09,868 INFO o.a.j.t.JMeterThread: Stopping because end time detected by thread: S2 1-689
2026-10-06 08:35:09,868 INFO o.a.j.t.JMeterThread: Thread finished: S2 1-689
2026-10-06 08:35:09,869 INFO o.a.j.t.JMeterThread: Stopping because end time detected by thread: S2 1-716
2026-10-06 08:35:09,869 INFO o.a.j.t.JMeterThread: Thread finished: S2 1-716
2026-10-06 08:35:09,869 INFO o.a.j.t.JMeterThread: Stopping because end time detected by thread: S2 1-744
2026-10-06 08:35:09,869 INFO o.a.j.t.JMeterThread: Thread finished: S2 1-744
2026-10-06 08:35:09,868 INFO o.a.j.t.JMeterThread: Stopping because end time detected by thread: S2 1-621
2026-10-06 08:35:09,869 INFO o.a.j.t.JMeterThread: Stopping because end time detected by thread: S2 1-670
2026-10-06 08:35:09,869 INFO o.a.j.t.JMeterThread: Thread finished: S2 1-621
2026-10-06 08:35:09,869 INFO o.a.j.t.JMeterThread: Thread finished: S2 1-670
2026-10-06 08:35:09,869 INFO o.a.j.t.JMeterThread: Stopping because end time detected by thread: S2 1-687
2026-10-06 08:35:09,869 INFO o.a.j.t.JMeterThread: Thread finished: S2 1-687
2026-10-06 08:35:09,871 INFO o.a.j.t.JMeterThread: Stopping because end time detected by thread: S2 1-865
2026-10-06 08:35:09,871 INFO o.a.j.t.JMeterThread: Thread finished: S2 1-865
2026-10-06 08:35:09,872 INFO o.a.j.t.JMeterThread: Stopping because end time detected by thread: S2 1-686
2026-10-06 08:35:09,872 INFO o.a.j.t.JMeterThread: Thread finished: S2 1-686
2026-10-06 08:35:09,872 INFO o.a.j.t.JMeterThread: Stopping because end time detected by thread: S2 1-831
2026-10-06 08:35:09,872 INFO o.a.j.t.JMeterThread: Thread finished: S2 1-831
2026-10-06 08:35:09,873 INFO o.a.j.t.JMeterThread: Stopping because end time detected by thread: S2 1-694
2026-10-06 08:35:09,873 INFO o.a.j.t.JMeterThread: Thread finished: S2 1-694
2026-10-06 08:35:09,874 INFO o.a.j.t.JMeterThread: Stopping because end time detected by thread: S2 1-739
2026-10-06 08:35:09,874 INFO o.a.j.t.JMeterThread: Thread finished: S2 1-739
2026-10-06 08:35:09,874 INFO o.a.j.t.JMeterThread: Stopping because end time detected by thread: S2 1-904
2026-10-06 08:35:09,874 INFO o.a.j.t.JMeterThread: Thread finished: S2 1-904
2026-10-06 08:35:09,875 INFO o.a.j.t.JMeterThread: Stopping because end time detected by thread: S2 1-732
2026-10-06 08:35:09,875 INFO o.a.j.t.JMeterThread: Thread finished: S2 1-732
2026-10-06 08:35:09,875 INFO o.a.j.t.JMeterThread: Stopping because end time detected by thread: S2 1-819
2026-10-06 08:35:09,875 INFO o.a.j.t.JMeterThread: Thread finished: S2 1-819
2026-10-06 08:35:09,876 INFO o.a.j.t.JMeterThread: Stopping because end time detected by thread: S2 1-658
2026-10-06 08:35:09,876 INFO o.a.j.t.JMeterThread: Thread finished: S2 1-658
2026-10-06 08:35:09,876 INFO o.a.j.t.JMeterThread: Stopping because end time detected by thread: S2 1-648
2026-10-06 08:35:09,876 INFO o.a.j.t.JMeterThread: Stopping because end time detected by thread: S2 1-697
2026-10-06 08:35:09,876 INFO o.a.j.t.JMeterThread: Thread finished: S2 1-648
2026-10-06 08:35:09,876 INFO o.a.j.t.JMeterThread: Thread finished: S2 1-697
2026-10-06 08:35:09,879 INFO o.a.j.t.JMeterThread: Stopping because end time detected by thread: S2 1-808
2026-10-06 08:35:09,879 INFO o.a.j.t.JMeterThread: Thread finished: S2 1-808
2026-10-06 08:35:09,879 INFO o.a.j.t.JMeterThread: Stopping because end time detected by thread: S2 1-770
2026-10-06 08:35:09,879 INFO o.a.j.t.JMeterThread: Thread finished: S2 1-770
2026-10-06 08:35:09,880 INFO o.a.j.t.JMeterThread: Stopping because end time detected by thread: S2 1-789
2026-10-06 08:35:09,880 INFO o.a.j.t.JMeterThread: Thread finished: S2 1-789
2026-10-06 08:35:09,880 INFO o.a.j.t.JMeterThread: Stopping because end time detected by thread: S2 1-773
2026-10-06 08:35:09,880 INFO o.a.j.t.JMeterThread: Thread finished: S2 1-773
2026-10-06 08:35:09,880 INFO o.a.j.t.JMeterThread: Stopping because end time detected by thread: S2 1-691
2026-10-06 08:35:09,881 INFO o.a.j.t.JMeterThread: Thread finished: S2 1-691
2026-10-06 08:35:09,882 INFO o.a.j.t.JMeterThread: Stopping because end time detected by thread: S2 1-738
2026-10-06 08:35:09,882 INFO o.a.j.t.JMeterThread: Thread finished: S2 1-738
2026-10-06 08:35:09,883 INFO o.a.j.t.JMeterThread: Stopping because end time detected by thread: S2 1-778
2026-10-06 08:35:09,883 INFO o.a.j.t.JMeterThread: Thread finished: S2 1-778
2026-10-06 08:35:09,884 INFO o.a.j.t.JMeterThread: Stopping because end time detected by thread: S2 1-809
2026-10-06 08:35:09,884 INFO o.a.j.t.JMeterThread: Thread finished: S2 1-809
2026-10-06 08:35:09,886 INFO o.a.j.t.JMeterThread: Stopping because end time detected by thread: S2 1-666
2026-10-06 08:35:09,886 INFO o.a.j.t.JMeterThread: Thread finished: S2 1-666
2026-10-06 08:35:09,887 INFO o.a.j.t.JMeterThread: Stopping because end time detected by thread: S2 1-711
2026-10-06 08:35:09,887 INFO o.a.j.t.JMeterThread: Thread finished: S2 1-711
2026-10-06 08:35:09,888 INFO o.a.j.t.JMeterThread: Stopping because end time detected by thread: S2 1-915
2026-10-06 08:35:09,888 INFO o.a.j.t.JMeterThread: Thread finished: S2 1-915
2026-10-06 08:35:09,891 INFO o.a.j.t.JMeterThread: Stopping because end time detected by thread: S2 1-702
2026-10-06 08:35:09,891 INFO o.a.j.t.JMeterThread: Thread finished: S2 1-702
2026-10-06 08:35:09,894 INFO o.a.j.t.JMeterThread: Stopping because end time detected by thread: S2 1-667
2026-10-06 08:35:09,894 INFO o.a.j.t.JMeterThread: Stopping because end time detected by thread: S2 1-784
2026-10-06 08:35:09,894 INFO o.a.j.t.JMeterThread: Thread finished: S2 1-784
2026-10-06 08:35:09,894 INFO o.a.j.t.JMeterThread: Thread finished: S2 1-667
2026-10-06 08:35:09,895 INFO o.a.j.t.JMeterThread: Stopping because end time detected by thread: S2 1-850
2026-10-06 08:35:09,895 INFO o.a.j.t.JMeterThread: Thread finished: S2 1-850
2026-10-06 08:35:09,895 INFO o.a.j.t.JMeterThread: Stopping because end time detected by thread: S2 1-908
2026-10-06 08:35:09,895 INFO o.a.j.t.JMeterThread: Thread finished: S2 1-908
2026-10-06 08:35:09,895 INFO o.a.j.t.JMeterThread: Stopping because end time detected by thread: S2 1-663
2026-10-06 08:35:09,895 INFO o.a.j.t.JMeterThread: Thread finished: S2 1-663
2026-10-06 08:35:09,896 INFO o.a.j.t.JMeterThread: Stopping because end time detected by thread: S2 1-774
2026-10-06 08:35:09,896 INFO o.a.j.t.JMeterThread: Thread finished: S2 1-774
2026-10-06 08:35:09,896 INFO o.a.j.t.JMeterThread: Stopping because end time detected by thread: S2 1-869
2026-10-06 08:35:09,896 INFO o.a.j.t.JMeterThread: Thread finished: S2 1-869
2026-10-06 08:35:09,896 INFO o.a.j.t.JMeterThread: Stopping because end time detected by thread: S2 1-650
2026-10-06 08:35:09,896 INFO o.a.j.t.JMeterThread: Stopping because end time detected by thread: S2 1-856
2026-10-06 08:35:09,897 INFO o.a.j.t.JMeterThread: Thread finished: S2 1-650
2026-10-06 08:35:09,896 INFO o.a.j.t.JMeterThread: Stopping because end time detected by thread: S2 1-899
2026-10-06 08:35:09,897 INFO o.a.j.t.JMeterThread: Stopping because end time detected by thread: S2 1-881
2026-10-06 08:35:09,897 INFO o.a.j.t.JMeterThread: Thread finished: S2 1-899
2026-10-06 08:35:09,897 INFO o.a.j.t.JMeterThread: Thread finished: S2 1-881
2026-10-06 08:35:09,897 INFO o.a.j.t.JMeterThread: Stopping because end time detected by thread: S2 1-895
2026-10-06 08:35:09,897 INFO o.a.j.t.JMeterThread: Thread finished: S2 1-895
2026-10-06 08:35:09,897 INFO o.a.j.t.JMeterThread: Stopping because end time detected by thread: S2 1-787
2026-10-06 08:35:09,897 INFO o.a.j.t.JMeterThread: Thread finished: S2 1-856
2026-10-06 08:35:09,897 INFO o.a.j.t.JMeterThread: Thread finished: S2 1-787
2026-10-06 08:35:09,897 INFO o.a.j.t.JMeterThread: Stopping because end time detected by thread: S2 1-758
2026-10-06 08:35:09,897 INFO o.a.j.t.JMeterThread: Thread finished: S2 1-758
2026-10-06 08:35:09,897 INFO o.a.j.t.JMeterThread: Stopping because end time detected by thread: S2 1-835
2026-10-06 08:35:09,897 INFO o.a.j.t.JMeterThread: Thread finished: S2 1-835
2026-10-06 08:35:09,897 INFO o.a.j.t.JMeterThread: Stopping because end time detected by thread: S2 1-845
2026-10-06 08:35:09,897 INFO o.a.j.t.JMeterThread: Stopping because end time detected by thread: S2 1-705
2026-10-06 08:35:09,898 INFO o.a.j.t.JMeterThread: Thread finished: S2 1-705
2026-10-06 08:35:09,898 INFO o.a.j.t.JMeterThread: Stopping because end time detected by thread: S2 1-768
2026-10-06 08:35:09,898 INFO o.a.j.t.JMeterThread: Thread finished: S2 1-768
2026-10-06 08:35:09,898 INFO o.a.j.t.JMeterThread: Thread finished: S2 1-845
2026-10-06 08:35:09,898 INFO o.a.j.t.JMeterThread: Stopping because end time detected by thread: S2 1-911
2026-10-06 08:35:09,899 INFO o.a.j.t.JMeterThread: Thread finished: S2 1-911
2026-10-06 08:35:09,899 INFO o.a.j.t.JMeterThread: Stopping because end time detected by thread: S2 1-707
2026-10-06 08:35:09,899 INFO o.a.j.t.JMeterThread: Thread finished: S2 1-707
2026-10-06 08:35:09,899 INFO o.a.j.t.JMeterThread: Stopping because end time detected by thread: S2 1-769
2026-10-06 08:35:09,899 INFO o.a.j.t.JMeterThread: Stopping because end time detected by thread: S2 1-723
2026-10-06 08:35:09,899 INFO o.a.j.t.JMeterThread: Thread finished: S2 1-769
2026-10-06 08:35:09,899 INFO o.a.j.t.JMeterThread: Stopping because end time detected by thread: S2 1-726
2026-10-06 08:35:09,899 INFO o.a.j.t.JMeterThread: Thread finished: S2 1-726
2026-10-06 08:35:09,899 INFO o.a.j.t.JMeterThread: Stopping because end time detected by thread: S2 1-734
2026-10-06 08:35:09,899 INFO o.a.j.t.JMeterThread: Thread finished: S2 1-723
2026-10-06 08:35:09,899 INFO o.a.j.t.JMeterThread: Stopping because end time detected by thread: S2 1-722
2026-10-06 08:35:09,899 INFO o.a.j.t.JMeterThread: Thread finished: S2 1-722
2026-10-06 08:35:09,899 INFO o.a.j.t.JMeterThread: Thread finished: S2 1-734
2026-10-06 08:35:09,900 INFO o.a.j.t.JMeterThread: Stopping because end time detected by thread: S2 1-876
2026-10-06 08:35:09,900 INFO o.a.j.t.JMeterThread: Thread finished: S2 1-876
2026-10-06 08:35:09,900 INFO o.a.j.t.JMeterThread: Stopping because end time detected by thread: S2 1-755
2026-10-06 08:35:09,900 INFO o.a.j.t.JMeterThread: Thread finished: S2 1-755
2026-10-06 08:35:09,900 INFO o.a.j.t.JMeterThread: Stopping because end time detected by thread: S2 1-880
2026-10-06 08:35:09,900 INFO o.a.j.t.JMeterThread: Thread finished: S2 1-880
2026-10-06 08:35:09,900 INFO o.a.j.t.JMeterThread: Stopping because end time detected by thread: S2 1-747
2026-10-06 08:35:09,900 INFO o.a.j.t.JMeterThread: Stopping because end time detected by thread: S2 1-916
2026-10-06 08:35:09,900 INFO o.a.j.t.JMeterThread: Thread finished: S2 1-747
2026-10-06 08:35:09,900 INFO o.a.j.t.JMeterThread: Thread finished: S2 1-916
2026-10-06 08:35:09,901 INFO o.a.j.t.JMeterThread: Stopping because end time detected by thread: S2 1-821
2026-10-06 08:35:09,901 INFO o.a.j.t.JMeterThread: Thread finished: S2 1-821
2026-10-06 08:35:09,904 INFO o.a.j.t.JMeterThread: Stopping because end time detected by thread: S2 1-754
2026-10-06 08:35:09,904 INFO o.a.j.t.JMeterThread: Thread finished: S2 1-754
2026-10-06 08:35:09,906 INFO o.a.j.t.JMeterThread: Stopping because end time detected by thread: S2 1-877
2026-10-06 08:35:09,906 INFO o.a.j.t.JMeterThread: Thread finished: S2 1-877
2026-10-06 08:35:09,907 INFO o.a.j.t.JMeterThread: Stopping because end time detected by thread: S2 1-672
2026-10-06 08:35:09,907 INFO o.a.j.t.JMeterThread: Thread finished: S2 1-672
2026-10-06 08:35:09,911 INFO o.a.j.t.JMeterThread: Stopping because end time detected by thread: S2 1-725
2026-10-06 08:35:09,911 INFO o.a.j.t.JMeterThread: Thread finished: S2 1-725
2026-10-06 08:35:09,911 INFO o.a.j.t.JMeterThread: Stopping because end time detected by thread: S2 1-864
2026-10-06 08:35:09,911 INFO o.a.j.t.JMeterThread: Thread finished: S2 1-864
2026-10-06 08:35:09,911 INFO o.a.j.t.JMeterThread: Stopping because end time detected by thread: S2 1-779
2026-10-06 08:35:09,911 INFO o.a.j.t.JMeterThread: Thread finished: S2 1-779
2026-10-06 08:35:09,911 INFO o.a.j.t.JMeterThread: Stopping because end time detected by thread: S2 1-798
2026-10-06 08:35:09,912 INFO o.a.j.t.JMeterThread: Thread finished: S2 1-798
2026-10-06 08:35:09,913 INFO o.a.j.t.JMeterThread: Stopping because end time detected by thread: S2 1-919
2026-10-06 08:35:09,913 INFO o.a.j.t.JMeterThread: Thread finished: S2 1-919
2026-10-06 08:35:09,914 INFO o.a.j.t.JMeterThread: Stopping because end time detected by thread: S2 1-729
2026-10-06 08:35:09,914 INFO o.a.j.t.JMeterThread: Thread finished: S2 1-729
2026-10-06 08:35:09,915 INFO o.a.j.t.JMeterThread: Stopping because end time detected by thread: S2 1-823
2026-10-06 08:35:09,915 INFO o.a.j.t.JMeterThread: Thread finished: S2 1-823
2026-10-06 08:35:09,915 INFO o.a.j.t.JMeterThread: Stopping because end time detected by thread: S2 1-688
2026-10-06 08:35:09,915 INFO o.a.j.t.JMeterThread: Thread finished: S2 1-688
2026-10-06 08:35:09,915 INFO o.a.j.t.JMeterThread: Stopping because end time detected by thread: S2 1-832
2026-10-06 08:35:09,915 INFO o.a.j.t.JMeterThread: Thread finished: S2 1-832
2026-10-06 08:35:09,916 INFO o.a.j.t.JMeterThread: Stopping because end time detected by thread: S2 1-762
2026-10-06 08:35:09,916 INFO o.a.j.t.JMeterThread: Stopping because end time detected by thread: S2 1-926
2026-10-06 08:35:09,916 INFO o.a.j.t.JMeterThread: Thread finished: S2 1-762
2026-10-06 08:35:09,916 INFO o.a.j.t.JMeterThread: Thread finished: S2 1-926
2026-10-06 08:35:09,916 INFO o.a.j.t.JMeterThread: Stopping because end time detected by thread: S2 1-892
2026-10-06 08:35:09,916 INFO o.a.j.t.JMeterThread: Thread finished: S2 1-892
2026-10-06 08:35:09,916 INFO o.a.j.t.JMeterThread: Stopping because end time detected by thread: S2 1-799
2026-10-06 08:35:09,916 INFO o.a.j.t.JMeterThread: Thread finished: S2 1-799
2026-10-06 08:35:09,917 INFO o.a.j.t.JMeterThread: Stopping because end time detected by thread: S2 1-854
2026-10-06 08:35:09,917 INFO o.a.j.t.JMeterThread: Thread finished: S2 1-854
2026-10-06 08:35:09,917 INFO o.a.j.t.JMeterThread: Stopping because end time detected by thread: S2 1-814
2026-10-06 08:35:09,917 INFO o.a.j.t.JMeterThread: Thread finished: S2 1-814
2026-10-06 08:35:09,917 INFO o.a.j.t.JMeterThread: Stopping because end time detected by thread: S2 1-780
2026-10-06 08:35:09,917 INFO o.a.j.t.JMeterThread: Thread finished: S2 1-780
2026-10-06 08:35:09,918 INFO o.a.j.t.JMeterThread: Stopping because end time detected by thread: S2 1-807
2026-10-06 08:35:09,918 INFO o.a.j.t.JMeterThread: Thread finished: S2 1-807
2026-10-06 08:35:09,918 INFO o.a.j.t.JMeterThread: Stopping because end time detected by thread: S2 1-776
2026-10-06 08:35:09,919 INFO o.a.j.t.JMeterThread: Thread finished: S2 1-776
2026-10-06 08:35:09,919 INFO o.a.j.t.JMeterThread: Stopping because end time detected by thread: S2 1-851
2026-10-06 08:35:09,919 INFO o.a.j.t.JMeterThread: Thread finished: S2 1-851
2026-10-06 08:35:09,920 INFO o.a.j.t.JMeterThread: Stopping because end time detected by thread: S2 1-882
2026-10-06 08:35:09,920 INFO o.a.j.t.JMeterThread: Thread finished: S2 1-882
2026-10-06 08:35:09,920 INFO o.a.j.t.JMeterThread: Stopping because end time detected by thread: S2 1-948
2026-10-06 08:35:09,920 INFO o.a.j.t.JMeterThread: Thread finished: S2 1-948
2026-10-06 08:35:09,922 INFO o.a.j.t.JMeterThread: Stopping because end time detected by thread: S2 1-761
2026-10-06 08:35:09,922 INFO o.a.j.t.JMeterThread: Stopping because end time detected by thread: S2 1-874
2026-10-06 08:35:09,922 INFO o.a.j.t.JMeterThread: Thread finished: S2 1-761
2026-10-06 08:35:09,922 INFO o.a.j.t.JMeterThread: Thread finished: S2 1-874
2026-10-06 08:35:09,922 INFO o.a.j.t.JMeterThread: Stopping because end time detected by thread: S2 1-889
2026-10-06 08:35:09,922 INFO o.a.j.t.JMeterThread: Thread finished: S2 1-889
2026-10-06 08:35:09,923 INFO o.a.j.t.JMeterThread: Stopping because end time detected by thread: S2 1-952
2026-10-06 08:35:09,923 INFO o.a.j.t.JMeterThread: Thread finished: S2 1-952
2026-10-06 08:35:09,923 INFO o.a.j.t.JMeterThread: Stopping because end time detected by thread: S2 1-791
2026-10-06 08:35:09,924 INFO o.a.j.t.JMeterThread: Thread finished: S2 1-791
2026-10-06 08:35:09,924 INFO o.a.j.t.JMeterThread: Stopping because end time detected by thread: S2 1-941
2026-10-06 08:35:09,924 INFO o.a.j.t.JMeterThread: Thread finished: S2 1-941
2026-10-06 08:35:09,925 INFO o.a.j.t.JMeterThread: Stopping because end time detected by thread: S2 1-764
2026-10-06 08:35:09,925 INFO o.a.j.t.JMeterThread: Thread finished: S2 1-764
2026-10-06 08:35:09,925 INFO o.a.j.t.JMeterThread: Stopping because end time detected by thread: S2 1-863
2026-10-06 08:35:09,926 INFO o.a.j.t.JMeterThread: Thread finished: S2 1-863
2026-10-06 08:35:09,926 INFO o.a.j.t.JMeterThread: Stopping because end time detected by thread: S2 1-928
2026-10-06 08:35:09,926 INFO o.a.j.t.JMeterThread: Thread finished: S2 1-928
2026-10-06 08:35:09,926 INFO o.a.j.t.JMeterThread: Stopping because end time detected by thread: S2 1-793
2026-10-06 08:35:09,926 INFO o.a.j.t.JMeterThread: Thread finished: S2 1-793
2026-10-06 08:35:09,927 INFO o.a.j.t.JMeterThread: Stopping because end time detected by thread: S2 1-857
2026-10-06 08:35:09,928 INFO o.a.j.t.JMeterThread: Thread finished: S2 1-857
2026-10-06 08:35:09,930 INFO o.a.j.t.JMeterThread: Stopping because end time detected by thread: S2 1-920
2026-10-06 08:35:09,930 INFO o.a.j.t.JMeterThread: Stopping because end time detected by thread: S2 1-825
2026-10-06 08:35:09,930 INFO o.a.j.t.JMeterThread: Thread finished: S2 1-920
2026-10-06 08:35:09,930 INFO o.a.j.t.JMeterThread: Thread finished: S2 1-825
2026-10-06 08:35:09,930 INFO o.a.j.t.JMeterThread: Stopping because end time detected by thread: S2 1-782
2026-10-06 08:35:09,930 INFO o.a.j.t.JMeterThread: Thread finished: S2 1-782
2026-10-06 08:35:09,932 INFO o.a.j.t.JMeterThread: Stopping because end time detected by thread: S2 1-737
2026-10-06 08:35:09,932 INFO o.a.j.t.JMeterThread: Thread finished: S2 1-737
2026-10-06 08:35:09,932 INFO o.a.j.t.JMeterThread: Stopping because end time detected by thread: S2 1-848
2026-10-06 08:35:09,932 INFO o.a.j.t.JMeterThread: Thread finished: S2 1-848
2026-10-06 08:35:09,933 INFO o.a.j.t.JMeterThread: Stopping because end time detected by thread: S2 1-929
2026-10-06 08:35:09,933 INFO o.a.j.t.JMeterThread: Thread finished: S2 1-929
2026-10-06 08:35:09,934 INFO o.a.j.t.JMeterThread: Stopping because end time detected by thread: S2 1-766
2026-10-06 08:35:09,934 INFO o.a.j.t.JMeterThread: Thread finished: S2 1-766
2026-10-06 08:35:09,935 INFO o.a.j.t.JMeterThread: Stopping because end time detected by thread: S2 1-870
2026-10-06 08:35:09,935 INFO o.a.j.t.JMeterThread: Thread finished: S2 1-870
2026-10-06 08:35:09,935 INFO o.a.j.t.JMeterThread: Stopping because end time detected by thread: S2 1-833
2026-10-06 08:35:09,935 INFO o.a.j.t.JMeterThread: Thread finished: S2 1-833
2026-10-06 08:35:09,935 INFO o.a.j.t.JMeterThread: Stopping because end time detected by thread: S2 1-949
2026-10-06 08:35:09,935 INFO o.a.j.t.JMeterThread: Thread finished: S2 1-949
2026-10-06 08:35:09,936 INFO o.a.j.t.JMeterThread: Stopping because end time detected by thread: S2 1-810
2026-10-06 08:35:09,936 INFO o.a.j.t.JMeterThread: Thread finished: S2 1-810
2026-10-06 08:35:09,936 INFO o.a.j.t.JMeterThread: Stopping because end time detected by thread: S2 1-853
2026-10-06 08:35:09,936 INFO o.a.j.t.JMeterThread: Thread finished: S2 1-853
2026-10-06 08:35:09,936 INFO o.a.j.t.JMeterThread: Stopping because end time detected by thread: S2 1-924
2026-10-06 08:35:09,936 INFO o.a.j.t.JMeterThread: Thread finished: S2 1-924
2026-10-06 08:35:09,937 INFO o.a.j.t.JMeterThread: Stopping because end time detected by thread: S2 1-917
2026-10-06 08:35:09,937 INFO o.a.j.t.JMeterThread: Thread finished: S2 1-917
2026-10-06 08:35:09,938 INFO o.a.j.t.JMeterThread: Stopping because end time detected by thread: S2 1-888
2026-10-06 08:35:09,938 INFO o.a.j.t.JMeterThread: Thread finished: S2 1-888
2026-10-06 08:35:09,938 INFO o.a.j.t.JMeterThread: Stopping because end time detected by thread: S2 1-942
2026-10-06 08:35:09,938 INFO o.a.j.t.JMeterThread: Thread finished: S2 1-942
2026-10-06 08:35:09,939 INFO o.a.j.t.JMeterThread: Stopping because end time detected by thread: S2 1-816
2026-10-06 08:35:09,939 INFO o.a.j.t.JMeterThread: Thread finished: S2 1-816
2026-10-06 08:35:09,940 INFO o.a.j.t.JMeterThread: Stopping because end time detected by thread: S2 1-756
2026-10-06 08:35:09,940 INFO o.a.j.t.JMeterThread: Thread finished: S2 1-756
2026-10-06 08:35:09,940 INFO o.a.j.t.JMeterThread: Stopping because end time detected by thread: S2 1-871
2026-10-06 08:35:09,940 INFO o.a.j.t.JMeterThread: Thread finished: S2 1-871
2026-10-06 08:35:09,941 INFO o.a.j.t.JMeterThread: Stopping because end time detected by thread: S2 1-966
2026-10-06 08:35:09,941 INFO o.a.j.t.JMeterThread: Thread finished: S2 1-966
2026-10-06 08:35:09,944 INFO o.a.j.t.JMeterThread: Stopping because end time detected by thread: S2 1-813
2026-10-06 08:35:09,944 INFO o.a.j.t.JMeterThread: Thread finished: S2 1-813
2026-10-06 08:35:09,944 INFO o.a.j.t.JMeterThread: Stopping because end time detected by thread: S2 1-804
2026-10-06 08:35:09,944 INFO o.a.j.t.JMeterThread: Thread finished: S2 1-804
2026-10-06 08:35:09,947 INFO o.a.j.t.JMeterThread: Stopping because end time detected by thread: S2 1-921
2026-10-06 08:35:09,947 INFO o.a.j.t.JMeterThread: Thread finished: S2 1-921
2026-10-06 08:35:09,947 INFO o.a.j.t.JMeterThread: Stopping because end time detected by thread: S2 1-783
2026-10-06 08:35:09,947 INFO o.a.j.t.JMeterThread: Thread finished: S2 1-783
2026-10-06 08:35:09,948 INFO o.a.j.t.JMeterThread: Stopping because end time detected by thread: S2 1-867
2026-10-06 08:35:09,948 INFO o.a.j.t.JMeterThread: Thread finished: S2 1-867
2026-10-06 08:35:09,948 INFO o.a.j.t.JMeterThread: Stopping because end time detected by thread: S2 1-788
2026-10-06 08:35:09,948 INFO o.a.j.t.JMeterThread: Stopping because end time detected by thread: S2 1-834
2026-10-06 08:35:09,948 INFO o.a.j.t.JMeterThread: Thread finished: S2 1-788
2026-10-06 08:35:09,948 INFO o.a.j.t.JMeterThread: Thread finished: S2 1-834
2026-10-06 08:35:09,948 INFO o.a.j.t.JMeterThread: Stopping because end time detected by thread: S2 1-839
2026-10-06 08:35:09,948 INFO o.a.j.t.JMeterThread: Thread finished: S2 1-839
2026-10-06 08:35:09,949 INFO o.a.j.t.JMeterThread: Stopping because end time detected by thread: S2 1-837
2026-10-06 08:35:09,949 INFO o.a.j.t.JMeterThread: Stopping because end time detected by thread: S2 1-914
2026-10-06 08:35:09,949 INFO o.a.j.t.JMeterThread: Thread finished: S2 1-837
2026-10-06 08:35:09,949 INFO o.a.j.t.JMeterThread: Thread finished: S2 1-914
2026-10-06 08:35:09,950 INFO o.a.j.t.JMeterThread: Stopping because end time detected by thread: S2 1-868
2026-10-06 08:35:09,950 INFO o.a.j.t.JMeterThread: Thread finished: S2 1-868
2026-10-06 08:35:09,951 INFO o.a.j.t.JMeterThread: Stopping because end time detected by thread: S2 1-811
2026-10-06 08:35:09,951 INFO o.a.j.t.JMeterThread: Thread finished: S2 1-811
2026-10-06 08:35:09,951 INFO o.a.j.t.JMeterThread: Stopping because end time detected by thread: S2 1-801
2026-10-06 08:35:09,951 INFO o.a.j.t.JMeterThread: Thread finished: S2 1-801
2026-10-06 08:35:09,951 INFO o.a.j.t.JMeterThread: Stopping because end time detected by thread: S2 1-795
2026-10-06 08:35:09,951 INFO o.a.j.t.JMeterThread: Thread finished: S2 1-795
2026-10-06 08:35:09,952 INFO o.a.j.t.JMeterThread: Stopping because end time detected by thread: S2 1-975
2026-10-06 08:35:09,952 INFO o.a.j.t.JMeterThread: Thread finished: S2 1-975
2026-10-06 08:35:09,952 INFO o.a.j.t.JMeterThread: Stopping because end time detected by thread: S2 1-965
2026-10-06 08:35:09,952 INFO o.a.j.t.JMeterThread: Thread finished: S2 1-965
2026-10-06 08:35:09,953 INFO o.a.j.t.JMeterThread: Stopping because end time detected by thread: S2 1-907
2026-10-06 08:35:09,953 INFO o.a.j.t.JMeterThread: Thread finished: S2 1-907
2026-10-06 08:35:09,954 INFO o.a.j.t.JMeterThread: Stopping because end time detected by thread: S2 1-972
2026-10-06 08:35:09,954 INFO o.a.j.t.JMeterThread: Thread finished: S2 1-972
2026-10-06 08:35:09,954 INFO o.a.j.t.JMeterThread: Stopping because end time detected by thread: S2 1-855
2026-10-06 08:35:09,954 INFO o.a.j.t.JMeterThread: Thread finished: S2 1-855
2026-10-06 08:35:09,955 INFO o.a.j.t.JMeterThread: Stopping because end time detected by thread: S2 1-909
2026-10-06 08:35:09,955 INFO o.a.j.t.JMeterThread: Thread finished: S2 1-909
2026-10-06 08:35:09,955 INFO o.a.j.t.JMeterThread: Stopping because end time detected by thread: S2 1-918
2026-10-06 08:35:09,955 INFO o.a.j.t.JMeterThread: Thread finished: S2 1-918
2026-10-06 08:35:09,957 INFO o.a.j.t.JMeterThread: Stopping because end time detected by thread: S2 1-818
2026-10-06 08:35:09,957 INFO o.a.j.t.JMeterThread: Thread finished: S2 1-818
2026-10-06 08:35:09,958 INFO o.a.j.t.JMeterThread: Stopping because end time detected by thread: S2 1-960
2026-10-06 08:35:09,958 INFO o.a.j.t.JMeterThread: Thread finished: S2 1-960
2026-10-06 08:35:09,958 INFO o.a.j.t.JMeterThread: Stopping because end time detected by thread: S2 1-858
2026-10-06 08:35:09,958 INFO o.a.j.t.JMeterThread: Thread finished: S2 1-858
2026-10-06 08:35:09,958 INFO o.a.j.t.JMeterThread: Stopping because end time detected by thread: S2 1-862
2026-10-06 08:35:09,958 INFO o.a.j.t.JMeterThread: Thread finished: S2 1-862
2026-10-06 08:35:09,961 INFO o.a.j.t.JMeterThread: Stopping because end time detected by thread: S2 1-794
2026-10-06 08:35:09,961 INFO o.a.j.t.JMeterThread: Thread finished: S2 1-794
2026-10-06 08:35:09,962 INFO o.a.j.t.JMeterThread: Stopping because end time detected by thread: S2 1-827
2026-10-06 08:35:09,962 INFO o.a.j.t.JMeterThread: Thread finished: S2 1-827
2026-10-06 08:35:09,963 INFO o.a.j.t.JMeterThread: Stopping because end time detected by thread: S2 1-893
2026-10-06 08:35:09,963 INFO o.a.j.t.JMeterThread: Thread finished: S2 1-893
2026-10-06 08:35:09,963 INFO o.a.j.t.JMeterThread: Stopping because end time detected by thread: S2 1-936
2026-10-06 08:35:09,963 INFO o.a.j.t.JMeterThread: Thread finished: S2 1-936
2026-10-06 08:35:09,963 INFO o.a.j.t.JMeterThread: Stopping because end time detected by thread: S2 1-822
2026-10-06 08:35:09,964 INFO o.a.j.t.JMeterThread: Thread finished: S2 1-822
2026-10-06 08:35:09,964 INFO o.a.j.t.JMeterThread: Stopping because end time detected by thread: S2 1-886
2026-10-06 08:35:09,964 INFO o.a.j.t.JMeterThread: Thread finished: S2 1-886
2026-10-06 08:35:09,964 INFO o.a.j.t.JMeterThread: Stopping because end time detected by thread: S2 1-954
2026-10-06 08:35:09,964 INFO o.a.j.t.JMeterThread: Thread finished: S2 1-954
2026-10-06 08:35:09,964 INFO o.a.j.t.JMeterThread: Stopping because end time detected by thread: S2 1-940
2026-10-06 08:35:09,964 INFO o.a.j.t.JMeterThread: Thread finished: S2 1-940
2026-10-06 08:35:09,964 INFO o.a.j.t.JMeterThread: Stopping because end time detected by thread: S2 1-790
2026-10-06 08:35:09,965 INFO o.a.j.t.JMeterThread: Thread finished: S2 1-790
2026-10-06 08:35:09,965 INFO o.a.j.t.JMeterThread: Stopping because end time detected by thread: S2 1-759
2026-10-06 08:35:09,965 INFO o.a.j.t.JMeterThread: Thread finished: S2 1-759
2026-10-06 08:35:09,965 INFO o.a.j.t.JMeterThread: Stopping because end time detected by thread: S2 1-931
2026-10-06 08:35:09,965 INFO o.a.j.t.JMeterThread: Thread finished: S2 1-931
2026-10-06 08:35:09,966 INFO o.a.j.t.JMeterThread: Stopping because end time detected by thread: S2 1-894
2026-10-06 08:35:09,966 INFO o.a.j.t.JMeterThread: Thread finished: S2 1-894
2026-10-06 08:35:09,966 INFO o.a.j.t.JMeterThread: Stopping because end time detected by thread: S2 1-829
2026-10-06 08:35:09,966 INFO o.a.j.t.JMeterThread: Thread finished: S2 1-829
2026-10-06 08:35:09,966 INFO o.a.j.t.JMeterThread: Stopping because end time detected by thread: S2 1-763
2026-10-06 08:35:09,966 INFO o.a.j.t.JMeterThread: Stopping because end time detected by thread: S2 1-872
2026-10-06 08:35:09,967 INFO o.a.j.t.JMeterThread: Thread finished: S2 1-763
2026-10-06 08:35:09,967 INFO o.a.j.t.JMeterThread: Thread finished: S2 1-872
2026-10-06 08:35:09,968 INFO o.a.j.t.JMeterThread: Stopping because end time detected by thread: S2 1-937
2026-10-06 08:35:09,968 INFO o.a.j.t.JMeterThread: Thread finished: S2 1-937
2026-10-06 08:35:09,969 INFO o.a.j.t.JMeterThread: Stopping because end time detected by thread: S2 1-901
2026-10-06 08:35:09,969 INFO o.a.j.t.JMeterThread: Thread finished: S2 1-901
2026-10-06 08:35:09,971 INFO o.a.j.t.JMeterThread: Stopping because end time detected by thread: S2 1-824
2026-10-06 08:35:09,971 INFO o.a.j.t.JMeterThread: Stopping because end time detected by thread: S2 1-878
2026-10-06 08:35:09,971 INFO o.a.j.t.JMeterThread: Thread finished: S2 1-878
2026-10-06 08:35:09,971 INFO o.a.j.t.JMeterThread: Thread finished: S2 1-824
2026-10-06 08:35:09,971 INFO o.a.j.t.JMeterThread: Stopping because end time detected by thread: S2 1-903
2026-10-06 08:35:09,971 INFO o.a.j.t.JMeterThread: Stopping because end time detected by thread: S2 1-969
2026-10-06 08:35:09,971 INFO o.a.j.t.JMeterThread: Thread finished: S2 1-903
2026-10-06 08:35:09,971 INFO o.a.j.t.JMeterThread: Thread finished: S2 1-969
2026-10-06 08:35:09,972 INFO o.a.j.t.JMeterThread: Stopping because end time detected by thread: S2 1-796
2026-10-06 08:35:09,972 INFO o.a.j.t.JMeterThread: Thread finished: S2 1-796
2026-10-06 08:35:09,972 INFO o.a.j.t.JMeterThread: Stopping because end time detected by thread: S2 1-945
2026-10-06 08:35:09,972 INFO o.a.j.t.JMeterThread: Thread finished: S2 1-945
2026-10-06 08:35:09,972 INFO o.a.j.t.JMeterThread: Stopping because end time detected by thread: S2 1-925
2026-10-06 08:35:09,972 INFO o.a.j.t.JMeterThread: Thread finished: S2 1-925
2026-10-06 08:35:09,973 INFO o.a.j.t.JMeterThread: Stopping because end time detected by thread: S2 1-923
2026-10-06 08:35:09,973 INFO o.a.j.t.JMeterThread: Thread finished: S2 1-923
2026-10-06 08:35:09,973 INFO o.a.j.t.JMeterThread: Stopping because end time detected by thread: S2 1-912
2026-10-06 08:35:09,973 INFO o.a.j.t.JMeterThread: Thread finished: S2 1-912
2026-10-06 08:35:09,975 INFO o.a.j.t.JMeterThread: Stopping because end time detected by thread: S2 1-885
2026-10-06 08:35:09,975 INFO o.a.j.t.JMeterThread: Thread finished: S2 1-885
2026-10-06 08:35:09,975 INFO o.a.j.t.JMeterThread: Stopping because end time detected by thread: S2 1-775
2026-10-06 08:35:09,975 INFO o.a.j.t.JMeterThread: Thread finished: S2 1-775
2026-10-06 08:35:09,975 INFO o.a.j.t.JMeterThread: Stopping because end time detected by thread: S2 1-828
2026-10-06 08:35:09,975 INFO o.a.j.t.JMeterThread: Thread finished: S2 1-828
2026-10-06 08:35:09,975 INFO o.a.j.t.JMeterThread: Stopping because end time detected by thread: S2 1-879
2026-10-06 08:35:09,975 INFO o.a.j.t.JMeterThread: Thread finished: S2 1-879
2026-10-06 08:35:09,976 INFO o.a.j.t.JMeterThread: Stopping because end time detected by thread: S2 1-806
2026-10-06 08:35:09,976 INFO o.a.j.t.JMeterThread: Thread finished: S2 1-806
2026-10-06 08:35:09,977 INFO o.a.j.t.JMeterThread: Stopping because end time detected by thread: S2 1-957
2026-10-06 08:35:09,977 INFO o.a.j.t.JMeterThread: Thread finished: S2 1-957
2026-10-06 08:35:09,982 INFO o.a.j.t.JMeterThread: Stopping because end time detected by thread: S2 1-861
2026-10-06 08:35:09,982 INFO o.a.j.t.JMeterThread: Stopping because end time detected by thread: S2 1-970
2026-10-06 08:35:09,982 INFO o.a.j.t.JMeterThread: Thread finished: S2 1-861
2026-10-06 08:35:09,982 INFO o.a.j.t.JMeterThread: Thread finished: S2 1-970
2026-10-06 08:35:09,983 INFO o.a.j.t.JMeterThread: Stopping because end time detected by thread: S2 1-875
2026-10-06 08:35:09,983 INFO o.a.j.t.JMeterThread: Thread finished: S2 1-875
2026-10-06 08:35:09,983 INFO o.a.j.t.JMeterThread: Stopping because end time detected by thread: S2 1-953
2026-10-06 08:35:09,983 INFO o.a.j.t.JMeterThread: Thread finished: S2 1-953
2026-10-06 08:35:09,983 INFO o.a.j.t.JMeterThread: Stopping because end time detected by thread: S2 1-887
2026-10-06 08:35:09,983 INFO o.a.j.t.JMeterThread: Thread finished: S2 1-887
2026-10-06 08:35:09,984 INFO o.a.j.t.JMeterThread: Stopping because end time detected by thread: S2 1-996
2026-10-06 08:35:09,984 INFO o.a.j.t.JMeterThread: Thread finished: S2 1-996
2026-10-06 08:35:09,984 INFO o.a.j.t.JMeterThread: Stopping because end time detected by thread: S2 1-997
2026-10-06 08:35:09,984 INFO o.a.j.t.JMeterThread: Thread finished: S2 1-997
2026-10-06 08:35:09,985 INFO o.a.j.t.JMeterThread: Stopping because end time detected by thread: S2 1-846
2026-10-06 08:35:09,985 INFO o.a.j.t.JMeterThread: Thread finished: S2 1-846
2026-10-06 08:35:09,985 INFO o.a.j.t.JMeterThread: Stopping because end time detected by thread: S2 1-983
2026-10-06 08:35:09,985 INFO o.a.j.t.JMeterThread: Thread finished: S2 1-983
2026-10-06 08:35:09,985 INFO o.a.j.t.JMeterThread: Stopping because end time detected by thread: S2 1-962
2026-10-06 08:35:09,985 INFO o.a.j.t.JMeterThread: Thread finished: S2 1-962
2026-10-06 08:35:09,985 INFO o.a.j.t.JMeterThread: Stopping because end time detected by thread: S2 1-938
2026-10-06 08:35:09,985 INFO o.a.j.t.JMeterThread: Thread finished: S2 1-938
2026-10-06 08:35:09,985 INFO o.a.j.t.JMeterThread: Stopping because end time detected by thread: S2 1-930
2026-10-06 08:35:09,985 INFO o.a.j.t.JMeterThread: Thread finished: S2 1-930
2026-10-06 08:35:09,985 INFO o.a.j.t.JMeterThread: Stopping because end time detected by thread: S2 1-958
2026-10-06 08:35:09,985 INFO o.a.j.t.JMeterThread: Stopping because end time detected by thread: S2 1-847
2026-10-06 08:35:09,985 INFO o.a.j.t.JMeterThread: Thread finished: S2 1-958
2026-10-06 08:35:09,985 INFO o.a.j.t.JMeterThread: Thread finished: S2 1-847
2026-10-06 08:35:09,986 INFO o.a.j.t.JMeterThread: Stopping because end time detected by thread: S2 1-961
2026-10-06 08:35:09,986 INFO o.a.j.t.JMeterThread: Thread finished: S2 1-961
2026-10-06 08:35:09,986 INFO o.a.j.t.JMeterThread: Stopping because end time detected by thread: S2 1-947
2026-10-06 08:35:09,986 INFO o.a.j.t.JMeterThread: Stopping because end time detected by thread: S2 1-974
2026-10-06 08:35:09,986 INFO o.a.j.t.JMeterThread: Thread finished: S2 1-947
2026-10-06 08:35:09,986 INFO o.a.j.t.JMeterThread: Thread finished: S2 1-974
2026-10-06 08:35:09,986 INFO o.a.j.t.JMeterThread: Stopping because end time detected by thread: S2 1-805
2026-10-06 08:35:09,987 INFO o.a.j.t.JMeterThread: Thread finished: S2 1-805
2026-10-06 08:35:09,987 INFO o.a.j.t.JMeterThread: Stopping because end time detected by thread: S2 1-883
2026-10-06 08:35:09,987 INFO o.a.j.t.JMeterThread: Stopping because end time detected by thread: S2 1-988
2026-10-06 08:35:09,987 INFO o.a.j.t.JMeterThread: Stopping because end time detected by thread: S2 1-843
2026-10-06 08:35:09,987 INFO o.a.j.t.JMeterThread: Thread finished: S2 1-883
2026-10-06 08:35:09,987 INFO o.a.j.t.JMeterThread: Thread finished: S2 1-988
2026-10-06 08:35:09,987 INFO o.a.j.t.JMeterThread: Thread finished: S2 1-843
2026-10-06 08:35:09,988 INFO o.a.j.t.JMeterThread: Stopping because end time detected by thread: S2 1-900
2026-10-06 08:35:09,988 INFO o.a.j.t.JMeterThread: Thread finished: S2 1-900
2026-10-06 08:35:09,988 INFO o.a.j.t.JMeterThread: Stopping because end time detected by thread: S2 1-836
2026-10-06 08:35:09,988 INFO o.a.j.t.JMeterThread: Thread finished: S2 1-836
2026-10-06 08:35:09,989 INFO o.a.j.t.JMeterThread: Stopping because end time detected by thread: S2 1-802
2026-10-06 08:35:09,989 INFO o.a.j.t.JMeterThread: Thread finished: S2 1-802
2026-10-06 08:35:09,990 INFO o.a.j.t.JMeterThread: Stopping because end time detected by thread: S2 1-913
2026-10-06 08:35:09,990 INFO o.a.j.t.JMeterThread: Thread finished: S2 1-913
2026-10-06 08:35:09,990 INFO o.a.j.t.JMeterThread: Stopping because end time detected by thread: S2 1-976
2026-10-06 08:35:09,990 INFO o.a.j.t.JMeterThread: Thread finished: S2 1-976
2026-10-06 08:35:09,991 INFO o.a.j.t.JMeterThread: Stopping because end time detected by thread: S2 1-933
2026-10-06 08:35:09,991 INFO o.a.j.t.JMeterThread: Thread finished: S2 1-933
2026-10-06 08:35:09,991 INFO o.a.j.t.JMeterThread: Stopping because end time detected by thread: S2 1-906
2026-10-06 08:35:09,991 INFO o.a.j.t.JMeterThread: Thread finished: S2 1-906
2026-10-06 08:35:09,992 INFO o.a.j.t.JMeterThread: Stopping because end time detected by thread: S2 1-815
2026-10-06 08:35:09,992 INFO o.a.j.t.JMeterThread: Thread finished: S2 1-815
2026-10-06 08:35:09,992 INFO o.a.j.t.JMeterThread: Stopping because end time detected by thread: S2 1-786
2026-10-06 08:35:09,992 INFO o.a.j.t.JMeterThread: Thread finished: S2 1-786
2026-10-06 08:35:09,992 INFO o.a.j.t.JMeterThread: Stopping because end time detected by thread: S2 1-934
2026-10-06 08:35:09,992 INFO o.a.j.t.JMeterThread: Stopping because end time detected by thread: S2 1-932
2026-10-06 08:35:09,992 INFO o.a.j.t.JMeterThread: Thread finished: S2 1-934
2026-10-06 08:35:09,992 INFO o.a.j.t.JMeterThread: Thread finished: S2 1-932
2026-10-06 08:35:09,993 INFO o.a.j.t.JMeterThread: Stopping because end time detected by thread: S2 1-980
2026-10-06 08:35:09,993 INFO o.a.j.t.JMeterThread: Thread finished: S2 1-980
2026-10-06 08:35:09,998 INFO o.a.j.t.JMeterThread: Stopping because end time detected by thread: S2 1-946
2026-10-06 08:35:09,998 INFO o.a.j.t.JMeterThread: Thread finished: S2 1-946
2026-10-06 08:35:10,000 INFO o.a.j.t.JMeterThread: Stopping because end time detected by thread: S2 1-985
2026-10-06 08:35:10,000 INFO o.a.j.t.JMeterThread: Stopping because end time detected by thread: S2 1-860
2026-10-06 08:35:10,001 INFO o.a.j.t.JMeterThread: Thread finished: S2 1-860
2026-10-06 08:35:10,001 INFO o.a.j.t.JMeterThread: Thread finished: S2 1-985
2026-10-06 08:35:10,001 INFO o.a.j.t.JMeterThread: Stopping because end time detected by thread: S2 1-838
2026-10-06 08:35:10,001 INFO o.a.j.t.JMeterThread: Stopping because end time detected by thread: S2 1-849
2026-10-06 08:35:10,001 INFO o.a.j.t.JMeterThread: Thread finished: S2 1-849
2026-10-06 08:35:10,001 INFO o.a.j.t.JMeterThread: Thread finished: S2 1-838
2026-10-06 08:35:10,002 INFO o.a.j.t.JMeterThread: Stopping because end time detected by thread: S2 1-994
2026-10-06 08:35:10,002 INFO o.a.j.t.JMeterThread: Thread finished: S2 1-994
2026-10-06 08:35:10,003 INFO o.a.j.t.JMeterThread: Stopping because end time detected by thread: S2 1-935
2026-10-06 08:35:10,003 INFO o.a.j.t.JMeterThread: Thread finished: S2 1-935
2026-10-06 08:35:10,003 INFO o.a.j.t.JMeterThread: Stopping because end time detected by thread: S2 1-968
2026-10-06 08:35:10,004 INFO o.a.j.t.JMeterThread: Thread finished: S2 1-968
2026-10-06 08:35:10,004 INFO o.a.j.t.JMeterThread: Stopping because end time detected by thread: S2 1-898
2026-10-06 08:35:10,004 INFO o.a.j.t.JMeterThread: Thread finished: S2 1-898
2026-10-06 08:35:10,004 INFO o.a.j.t.JMeterThread: Stopping because end time detected by thread: S2 1-866
2026-10-06 08:35:10,004 INFO o.a.j.t.JMeterThread: Thread finished: S2 1-866
2026-10-06 08:35:10,004 INFO o.a.j.t.JMeterThread: Stopping because end time detected by thread: S2 1-896
2026-10-06 08:35:10,004 INFO o.a.j.t.JMeterThread: Thread finished: S2 1-896
2026-10-06 08:35:10,006 INFO o.a.j.t.JMeterThread: Stopping because end time detected by thread: S2 1-977
2026-10-06 08:35:10,006 INFO o.a.j.t.JMeterThread: Thread finished: S2 1-977
2026-10-06 08:35:10,006 INFO o.a.j.t.JMeterThread: Stopping because end time detected by thread: S2 1-979
2026-10-06 08:35:10,006 INFO o.a.j.t.JMeterThread: Thread finished: S2 1-979
2026-10-06 08:35:10,006 INFO o.a.j.t.JMeterThread: Stopping because end time detected by thread: S2 1-950
2026-10-06 08:35:10,006 INFO o.a.j.t.JMeterThread: Thread finished: S2 1-950
2026-10-06 08:35:10,006 INFO o.a.j.t.JMeterThread: Stopping because end time detected by thread: S2 1-998
2026-10-06 08:35:10,006 INFO o.a.j.t.JMeterThread: Thread finished: S2 1-998
2026-10-06 08:35:10,007 INFO o.a.j.t.JMeterThread: Stopping because end time detected by thread: S2 1-982
2026-10-06 08:35:10,007 INFO o.a.j.t.JMeterThread: Thread finished: S2 1-982
2026-10-06 08:35:10,007 INFO o.a.j.t.JMeterThread: Stopping because end time detected by thread: S2 1-987
2026-10-06 08:35:10,007 INFO o.a.j.t.JMeterThread: Thread finished: S2 1-987
2026-10-06 08:35:10,007 INFO o.a.j.t.JMeterThread: Stopping because end time detected by thread: S2 1-993
2026-10-06 08:35:10,007 INFO o.a.j.t.JMeterThread: Thread finished: S2 1-993
2026-10-06 08:35:10,007 INFO o.a.j.t.JMeterThread: Stopping because end time detected by thread: S2 1-992
2026-10-06 08:35:10,008 INFO o.a.j.t.JMeterThread: Thread finished: S2 1-992
2026-10-06 08:35:10,008 INFO o.a.j.t.JMeterThread: Stopping because end time detected by thread: S2 1-897
2026-10-06 08:35:10,008 INFO o.a.j.t.JMeterThread: Stopping because end time detected by thread: S2 1-902
2026-10-06 08:35:10,008 INFO o.a.j.t.JMeterThread: Thread finished: S2 1-897
2026-10-06 08:35:10,008 INFO o.a.j.t.JMeterThread: Thread finished: S2 1-902
2026-10-06 08:35:10,008 INFO o.a.j.t.JMeterThread: Stopping because end time detected by thread: S2 1-956
2026-10-06 08:35:10,008 INFO o.a.j.t.JMeterThread: Thread finished: S2 1-956
2026-10-06 08:35:10,008 INFO o.a.j.t.JMeterThread: Stopping because end time detected by thread: S2 1-910
2026-10-06 08:35:10,008 INFO o.a.j.t.JMeterThread: Thread finished: S2 1-910
2026-10-06 08:35:10,009 INFO o.a.j.t.JMeterThread: Stopping because end time detected by thread: S2 1-989
2026-10-06 08:35:10,009 INFO o.a.j.t.JMeterThread: Thread finished: S2 1-989
2026-10-06 08:35:10,009 INFO o.a.j.t.JMeterThread: Stopping because end time detected by thread: S2 1-922
2026-10-06 08:35:10,009 INFO o.a.j.t.JMeterThread: Thread finished: S2 1-922
2026-10-06 08:35:10,009 INFO o.a.j.t.JMeterThread: Stopping because end time detected by thread: S2 1-943
2026-10-06 08:35:10,009 INFO o.a.j.t.JMeterThread: Stopping because end time detected by thread: S2 1-995
2026-10-06 08:35:10,010 INFO o.a.j.t.JMeterThread: Thread finished: S2 1-943
2026-10-06 08:35:10,010 INFO o.a.j.t.JMeterThread: Thread finished: S2 1-995
2026-10-06 08:35:10,010 INFO o.a.j.t.JMeterThread: Stopping because end time detected by thread: S2 1-905
2026-10-06 08:35:10,010 INFO o.a.j.t.JMeterThread: Thread finished: S2 1-905
2026-10-06 08:35:10,010 INFO o.a.j.t.JMeterThread: Stopping because end time detected by thread: S2 1-971
2026-10-06 08:35:10,010 INFO o.a.j.t.JMeterThread: Thread finished: S2 1-971
2026-10-06 08:35:10,010 INFO o.a.j.t.JMeterThread: Stopping because end time detected by thread: S2 1-967
2026-10-06 08:35:10,010 INFO o.a.j.t.JMeterThread: Thread finished: S2 1-967
2026-10-06 08:35:10,011 INFO o.a.j.t.JMeterThread: Stopping because end time detected by thread: S2 1-978
2026-10-06 08:35:10,011 INFO o.a.j.t.JMeterThread: Thread finished: S2 1-978
2026-10-06 08:35:10,012 INFO o.a.j.t.JMeterThread: Stopping because end time detected by thread: S2 1-1000
2026-10-06 08:35:10,012 INFO o.a.j.t.JMeterThread: Thread finished: S2 1-1000
2026-10-06 08:35:10,013 INFO o.a.j.t.JMeterThread: Stopping because end time detected by thread: S2 1-955
2026-10-06 08:35:10,013 INFO o.a.j.t.JMeterThread: Thread finished: S2 1-955
2026-10-06 08:35:10,013 INFO o.a.j.t.JMeterThread: Stopping because end time detected by thread: S2 1-963
2026-10-06 08:35:10,014 INFO o.a.j.t.JMeterThread: Thread finished: S2 1-963
2026-10-06 08:35:10,014 INFO o.a.j.t.JMeterThread: Stopping because end time detected by thread: S2 1-984
2026-10-06 08:35:10,015 INFO o.a.j.t.JMeterThread: Thread finished: S2 1-984
2026-10-06 08:35:10,016 INFO o.a.j.t.JMeterThread: Stopping because end time detected by thread: S2 1-991
2026-10-06 08:35:10,016 INFO o.a.j.t.JMeterThread: Thread finished: S2 1-991
2026-10-06 08:35:10,016 INFO o.a.j.t.JMeterThread: Stopping because end time detected by thread: S2 1-981
2026-10-06 08:35:10,016 INFO o.a.j.t.JMeterThread: Thread finished: S2 1-981
2026-10-06 08:35:10,017 INFO o.a.j.t.JMeterThread: Stopping because end time detected by thread: S2 1-990
2026-10-06 08:35:10,017 INFO o.a.j.t.JMeterThread: Thread finished: S2 1-990
2026-10-06 08:35:10,019 INFO o.a.j.t.JMeterThread: Stopping because end time detected by thread: S2 1-939
2026-10-06 08:35:10,019 INFO o.a.j.t.JMeterThread: Thread finished: S2 1-939
2026-10-06 08:35:10,020 INFO o.a.j.t.JMeterThread: Stopping because end time detected by thread: S2 1-927
2026-10-06 08:35:10,021 INFO o.a.j.t.JMeterThread: Thread finished: S2 1-927
2026-10-06 08:35:10,022 INFO o.a.j.t.JMeterThread: Stopping because end time detected by thread: S2 1-951
2026-10-06 08:35:10,022 INFO o.a.j.t.JMeterThread: Thread finished: S2 1-951
2026-10-06 08:35:10,022 INFO o.a.j.t.JMeterThread: Stopping because end time detected by thread: S2 1-986
2026-10-06 08:35:10,022 INFO o.a.j.t.JMeterThread: Thread finished: S2 1-986
2026-10-06 08:35:10,023 INFO o.a.j.t.JMeterThread: Stopping because end time detected by thread: S2 1-999
2026-10-06 08:35:10,023 INFO o.a.j.t.JMeterThread: Stopping because end time detected by thread: S2 1-944
2026-10-06 08:35:10,023 INFO o.a.j.t.JMeterThread: Stopping because end time detected by thread: S2 1-964
2026-10-06 08:35:10,023 INFO o.a.j.t.JMeterThread: Thread finished: S2 1-944
2026-10-06 08:35:10,023 INFO o.a.j.t.JMeterThread: Thread finished: S2 1-999
2026-10-06 08:35:10,023 INFO o.a.j.t.JMeterThread: Thread finished: S2 1-964
2026-10-06 08:35:10,023 INFO o.a.j.t.JMeterThread: Stopping because end time detected by thread: S2 1-959
2026-10-06 08:35:10,024 INFO o.a.j.t.JMeterThread: Thread finished: S2 1-959
2026-10-06 08:35:10,024 INFO o.a.j.t.JMeterThread: Stopping because end time detected by thread: S2 1-973
2026-10-06 08:35:10,024 INFO o.a.j.t.JMeterThread: Thread finished: S2 1-973
2026-10-06 08:35:10,024 INFO o.a.j.e.StandardJMeterEngine: Notifying test listeners of end of test
2026-10-06 08:35:10,024 INFO o.a.j.s.FileServer: Close: /tests/data/available_menu_items.csv
2026-10-06 08:35:10,028 INFO o.a.j.r.Summariser: summary +  20008 in 00:00:10 = 1995.4/s Avg:   491 Min:    45 Max:   605 Err:     0 (0.00%) Active: 0 Started: 1000 Finished: 1000
2026-10-06 08:35:10,028 INFO o.a.j.r.Summariser: summary = 126641 in 00:01:02 = 2045.6/s Avg:   465 Min:     6 Max:   621 Err:     0 (0.00%)
