2026-10-03 17:16:32,448 INFO o.a.j.u.JMeterUtils: Setting Locale to en_EN
2026-10-03 17:16:32,469 INFO o.a.j.JMeter: Loading user properties from: /opt/jmeter/bin/user.properties
2026-10-03 17:16:32,469 INFO o.a.j.JMeter: Loading system properties from: /opt/jmeter/bin/system.properties
2026-10-03 17:16:32,469 INFO o.a.j.JMeter: Loading additional properties from: /tests/run.properties
2026-10-03 17:16:32,469 INFO o.a.j.JMeter: Loading additional properties from: /tests/data/ranges.properties
2026-10-03 17:16:32,470 INFO o.a.j.JMeter: Setting JMeter property: host=laravel-nginx
2026-10-03 17:16:32,470 INFO o.a.j.JMeter: Setting JMeter property: port=80
2026-10-03 17:16:32,470 INFO o.a.j.JMeter: Setting JMeter property: rampup=10
2026-10-03 17:16:32,470 INFO o.a.j.JMeter: Setting JMeter property: endpoint=EP3
2026-10-03 17:16:32,470 INFO o.a.j.JMeter: Setting JMeter property: users=500
2026-10-03 17:16:32,470 INFO o.a.j.JMeter: Setting JMeter property: duration=60
2026-10-03 17:16:32,470 INFO o.a.j.JMeter: Setting JMeter property: ep9.start=2026-10-21
2026-10-03 17:16:32,470 INFO o.a.j.JMeter: Setting JMeter property: ep9.offset=100000000
2026-10-03 17:16:32,474 INFO o.a.j.JMeter: Copyright (c) 1998-2024 The Apache Software Foundation
2026-10-03 17:16:32,474 INFO o.a.j.JMeter: Version 5.6.3
2026-10-03 17:16:32,475 INFO o.a.j.JMeter: java.version=21.0.12.1
2026-10-03 17:16:32,475 INFO o.a.j.JMeter: java.vm.name=OpenJDK 64-Bit Server VM
2026-10-03 17:16:32,475 INFO o.a.j.JMeter: os.name=Linux
2026-10-03 17:16:32,475 INFO o.a.j.JMeter: os.arch=amd64
2026-10-03 17:16:32,475 INFO o.a.j.JMeter: os.version=6.6.87.2-microsoft-standard-WSL2
2026-10-03 17:16:32,475 INFO o.a.j.JMeter: file.encoding=UTF-8
2026-10-03 17:16:32,475 INFO o.a.j.JMeter: java.awt.headless=true
2026-10-03 17:16:32,475 INFO o.a.j.JMeter: Max memory     =4294967296
2026-10-03 17:16:32,475 INFO o.a.j.JMeter: Available Processors =12
2026-10-03 17:16:32,482 INFO o.a.j.JMeter: Default Locale=English (EN)
2026-10-03 17:16:32,482 INFO o.a.j.JMeter: JMeter  Locale=English (EN)
2026-10-03 17:16:32,482 INFO o.a.j.JMeter: JMeterHome=/opt/jmeter
2026-10-03 17:16:32,482 INFO o.a.j.JMeter: user.dir  =/tests
2026-10-03 17:16:32,482 INFO o.a.j.JMeter: PWD       =/tests
2026-10-03 17:16:32,483 INFO o.a.j.JMeter: IP: 172.19.0.4 Name: 69c3b189168c FullName: 69c3b189168c
2026-10-03 17:16:32,493 INFO o.a.j.s.FileServer: Default base='/tests'
2026-10-03 17:16:32,494 INFO o.a.j.s.FileServer: Set new base='/tests'
2026-10-03 17:16:32,625 INFO o.a.j.s.SaveService: Testplan (JMX) version: 2.2. Testlog (JTL) version: 2.2
2026-10-03 17:16:32,645 INFO o.a.j.s.SaveService: Using SaveService properties version 5.0
2026-10-03 17:16:32,647 INFO o.a.j.s.SaveService: Using SaveService properties file encoding UTF-8
2026-10-03 17:16:32,650 INFO o.a.j.s.SaveService: Loading file: /tests/s2.jmx
2026-10-03 17:16:32,691 INFO o.a.j.p.h.s.HTTPSamplerBase: Parser for text/html is org.apache.jmeter.protocol.http.parser.LagartoBasedHtmlParser
2026-10-03 17:16:32,691 INFO o.a.j.p.h.s.HTTPSamplerBase: Parser for application/xhtml+xml is org.apache.jmeter.protocol.http.parser.LagartoBasedHtmlParser
2026-10-03 17:16:32,691 INFO o.a.j.p.h.s.HTTPSamplerBase: Parser for application/xml is org.apache.jmeter.protocol.http.parser.LagartoBasedHtmlParser
2026-10-03 17:16:32,691 INFO o.a.j.p.h.s.HTTPSamplerBase: Parser for text/xml is org.apache.jmeter.protocol.http.parser.LagartoBasedHtmlParser
2026-10-03 17:16:32,691 INFO o.a.j.p.h.s.HTTPSamplerBase: Parser for text/vnd.wap.wml is org.apache.jmeter.protocol.http.parser.RegexpHTMLParser
2026-10-03 17:16:32,691 INFO o.a.j.p.h.s.HTTPSamplerBase: Parser for text/css is org.apache.jmeter.protocol.http.parser.CssParser
2026-10-03 17:16:32,729 INFO o.a.j.JMeter: Creating summariser <summary>
2026-10-03 17:16:32,742 INFO o.a.j.e.StandardJMeterEngine: Running the test!
2026-10-03 17:16:32,742 INFO o.a.j.s.SampleEvent: List of sample_variables: []
2026-10-03 17:16:32,742 INFO o.a.j.s.SampleEvent: List of sample_variables: []
2026-10-03 17:16:32,746 INFO o.a.j.e.u.CompoundVariable: Note: Function class names must contain the string: '.functions.'
2026-10-03 17:16:32,746 INFO o.a.j.e.u.CompoundVariable: Note: Function class names must not contain the string: '.gui.'
2026-10-03 17:16:32,933 INFO o.a.j.JMeter: Running test (1791047792933)
2026-10-03 17:16:32,934 INFO o.a.j.e.StandardJMeterEngine: Starting setUp thread groups
2026-10-03 17:16:32,934 INFO o.a.j.e.StandardJMeterEngine: Starting setUp ThreadGroup: 1 : setUp - login 
2026-10-03 17:16:32,934 INFO o.a.j.e.StandardJMeterEngine: Starting 1 threads for group setUp - login.
2026-10-03 17:16:32,934 INFO o.a.j.e.StandardJMeterEngine: Test will stop abruptly on error
2026-10-03 17:16:32,934 INFO o.a.j.t.ThreadGroup: Starting thread group... number=1 threads=1 ramp-up=1 delayedStart=false
2026-10-03 17:16:32,937 INFO o.a.j.t.ThreadGroup: Started thread group number 1
2026-10-03 17:16:32,937 INFO o.a.j.e.StandardJMeterEngine: Waiting for all setup thread groups to exit
2026-10-03 17:16:32,938 INFO o.a.j.t.JMeterThread: Thread started: setUp - login 1-1
2026-10-03 17:16:32,948 INFO o.a.j.p.h.s.HTTPHCAbstractImpl: Local host = 69c3b189168c
2026-10-03 17:16:32,951 INFO o.a.j.p.h.s.HTTPHC4Impl: HTTP request retry count = 0
2026-10-03 17:16:32,952 INFO o.a.j.s.SampleResult: Note: Sample TimeStamps are START times
2026-10-03 17:16:32,952 INFO o.a.j.s.SampleResult: sampleresult.default.encoding is set to UTF-8
2026-10-03 17:16:32,953 INFO o.a.j.s.SampleResult: sampleresult.useNanoTime=true
2026-10-03 17:16:32,953 INFO o.a.j.s.SampleResult: sampleresult.nanoThreadSleep=5000
2026-10-03 17:16:33,580 INFO o.a.j.r.Summariser: summary +      1 in 00:00:01 =    1.5/s Avg:   204 Min:   204 Max:   204 Err:     0 (0.00%) Active: 1 Started: 1 Finished: 0
2026-10-03 17:16:33,580 INFO o.a.j.t.JMeterThread: Thread is done: setUp - login 1-1
2026-10-03 17:16:33,580 INFO o.a.j.t.JMeterThread: Thread finished: setUp - login 1-1
2026-10-03 17:16:33,581 INFO o.a.j.e.StandardJMeterEngine: All Setup Threads have ended
2026-10-03 17:16:33,603 INFO o.a.j.e.StandardJMeterEngine: Starting ThreadGroup: 1 : S2
2026-10-03 17:16:33,603 INFO o.a.j.e.StandardJMeterEngine: Starting 500 threads for group S2.
2026-10-03 17:16:33,604 INFO o.a.j.e.StandardJMeterEngine: Thread will continue on error
2026-10-03 17:16:33,604 INFO o.a.j.t.ThreadGroup: Starting thread group... number=1 threads=500 ramp-up=10 delayedStart=false
2026-10-03 17:16:33,614 INFO o.a.j.t.JMeterThread: Thread started: S2 1-1
2026-10-03 17:16:33,614 INFO o.a.j.s.FileServer: Stored: /tests/data/available_menu_items.csv
2026-10-03 17:16:33,633 INFO o.a.j.t.JMeterThread: Thread started: S2 1-2
2026-10-03 17:16:33,652 INFO o.a.j.t.JMeterThread: Thread started: S2 1-3
2026-10-03 17:16:33,671 INFO o.a.j.t.JMeterThread: Thread started: S2 1-4
2026-10-03 17:16:33,690 INFO o.a.j.t.JMeterThread: Thread started: S2 1-5
2026-10-03 17:16:33,716 INFO o.a.j.t.JMeterThread: Thread started: S2 1-6
2026-10-03 17:16:33,728 INFO o.a.j.t.JMeterThread: Thread started: S2 1-7
2026-10-03 17:16:33,748 INFO o.a.j.t.JMeterThread: Thread started: S2 1-8
2026-10-03 17:16:33,767 INFO o.a.j.t.JMeterThread: Thread started: S2 1-9
2026-10-03 17:16:33,786 INFO o.a.j.t.JMeterThread: Thread started: S2 1-10
2026-10-03 17:16:33,806 INFO o.a.j.t.JMeterThread: Thread started: S2 1-11
2026-10-03 17:16:33,825 INFO o.a.j.t.JMeterThread: Thread started: S2 1-12
2026-10-03 17:16:33,845 INFO o.a.j.t.JMeterThread: Thread started: S2 1-13
2026-10-03 17:16:33,862 INFO o.a.j.t.ThreadGroup: Started thread group number 1
2026-10-03 17:16:33,863 INFO o.a.j.e.StandardJMeterEngine: All thread groups have been started
2026-10-03 17:16:33,867 INFO o.a.j.t.JMeterThread: Thread started: S2 1-14
2026-10-03 17:16:33,885 INFO o.a.j.t.JMeterThread: Thread started: S2 1-15
2026-10-03 17:16:33,906 INFO o.a.j.t.JMeterThread: Thread started: S2 1-16
2026-10-03 17:16:33,925 INFO o.a.j.t.JMeterThread: Thread started: S2 1-17
2026-10-03 17:16:33,945 INFO o.a.j.t.JMeterThread: Thread started: S2 1-18
2026-10-03 17:16:33,966 INFO o.a.j.t.JMeterThread: Thread started: S2 1-19
2026-10-03 17:16:33,985 INFO o.a.j.t.JMeterThread: Thread started: S2 1-20
2026-10-03 17:16:34,005 INFO o.a.j.t.JMeterThread: Thread started: S2 1-21
2026-10-03 17:16:34,026 INFO o.a.j.t.JMeterThread: Thread started: S2 1-22
2026-10-03 17:16:34,045 INFO o.a.j.t.JMeterThread: Thread started: S2 1-23
2026-10-03 17:16:34,066 INFO o.a.j.t.JMeterThread: Thread started: S2 1-24
2026-10-03 17:16:34,085 INFO o.a.j.t.JMeterThread: Thread started: S2 1-25
2026-10-03 17:16:34,105 INFO o.a.j.t.JMeterThread: Thread started: S2 1-26
2026-10-03 17:16:34,126 INFO o.a.j.t.JMeterThread: Thread started: S2 1-27
2026-10-03 17:16:34,145 INFO o.a.j.t.JMeterThread: Thread started: S2 1-28
2026-10-03 17:16:34,165 INFO o.a.j.t.JMeterThread: Thread started: S2 1-29
2026-10-03 17:16:34,185 INFO o.a.j.t.JMeterThread: Thread started: S2 1-30
2026-10-03 17:16:34,205 INFO o.a.j.t.JMeterThread: Thread started: S2 1-31
2026-10-03 17:16:34,225 INFO o.a.j.t.JMeterThread: Thread started: S2 1-32
2026-10-03 17:16:34,245 INFO o.a.j.t.JMeterThread: Thread started: S2 1-33
2026-10-03 17:16:34,265 INFO o.a.j.t.JMeterThread: Thread started: S2 1-34
2026-10-03 17:16:34,285 INFO o.a.j.t.JMeterThread: Thread started: S2 1-35
2026-10-03 17:16:34,305 INFO o.a.j.t.JMeterThread: Thread started: S2 1-36
2026-10-03 17:16:34,325 INFO o.a.j.t.JMeterThread: Thread started: S2 1-37
2026-10-03 17:16:34,345 INFO o.a.j.t.JMeterThread: Thread started: S2 1-38
2026-10-03 17:16:34,366 INFO o.a.j.t.JMeterThread: Thread started: S2 1-39
2026-10-03 17:16:34,385 INFO o.a.j.t.JMeterThread: Thread started: S2 1-40
2026-10-03 17:16:34,405 INFO o.a.j.t.JMeterThread: Thread started: S2 1-41
2026-10-03 17:16:34,425 INFO o.a.j.t.JMeterThread: Thread started: S2 1-42
2026-10-03 17:16:34,445 INFO o.a.j.t.JMeterThread: Thread started: S2 1-43
2026-10-03 17:16:34,465 INFO o.a.j.t.JMeterThread: Thread started: S2 1-44
2026-10-03 17:16:34,485 INFO o.a.j.t.JMeterThread: Thread started: S2 1-45
2026-10-03 17:16:34,505 INFO o.a.j.t.JMeterThread: Thread started: S2 1-46
2026-10-03 17:16:34,525 INFO o.a.j.t.JMeterThread: Thread started: S2 1-47
2026-10-03 17:16:34,545 INFO o.a.j.t.JMeterThread: Thread started: S2 1-48
2026-10-03 17:16:34,565 INFO o.a.j.t.JMeterThread: Thread started: S2 1-49
2026-10-03 17:16:34,585 INFO o.a.j.t.JMeterThread: Thread started: S2 1-50
2026-10-03 17:16:34,605 INFO o.a.j.t.JMeterThread: Thread started: S2 1-51
2026-10-03 17:16:34,624 INFO o.a.j.t.JMeterThread: Thread started: S2 1-52
2026-10-03 17:16:34,645 INFO o.a.j.t.JMeterThread: Thread started: S2 1-53
2026-10-03 17:16:34,666 INFO o.a.j.t.JMeterThread: Thread started: S2 1-54
2026-10-03 17:16:34,685 INFO o.a.j.t.JMeterThread: Thread started: S2 1-55
2026-10-03 17:16:34,705 INFO o.a.j.t.JMeterThread: Thread started: S2 1-56
2026-10-03 17:16:34,725 INFO o.a.j.t.JMeterThread: Thread started: S2 1-57
2026-10-03 17:16:34,746 INFO o.a.j.t.JMeterThread: Thread started: S2 1-58
2026-10-03 17:16:34,765 INFO o.a.j.t.JMeterThread: Thread started: S2 1-59
2026-10-03 17:16:34,786 INFO o.a.j.t.JMeterThread: Thread started: S2 1-60
2026-10-03 17:16:34,805 INFO o.a.j.t.JMeterThread: Thread started: S2 1-61
2026-10-03 17:16:34,826 INFO o.a.j.t.JMeterThread: Thread started: S2 1-62
2026-10-03 17:16:34,845 INFO o.a.j.t.JMeterThread: Thread started: S2 1-63
2026-10-03 17:16:34,866 INFO o.a.j.t.JMeterThread: Thread started: S2 1-64
2026-10-03 17:16:34,885 INFO o.a.j.t.JMeterThread: Thread started: S2 1-65
2026-10-03 17:16:34,905 INFO o.a.j.t.JMeterThread: Thread started: S2 1-66
2026-10-03 17:16:34,924 INFO o.a.j.t.JMeterThread: Thread started: S2 1-67
2026-10-03 17:16:34,945 INFO o.a.j.t.JMeterThread: Thread started: S2 1-68
2026-10-03 17:16:34,964 INFO o.a.j.t.JMeterThread: Thread started: S2 1-69
2026-10-03 17:16:34,985 INFO o.a.j.t.JMeterThread: Thread started: S2 1-70
2026-10-03 17:16:35,005 INFO o.a.j.t.JMeterThread: Thread started: S2 1-71
2026-10-03 17:16:35,025 INFO o.a.j.t.JMeterThread: Thread started: S2 1-72
2026-10-03 17:16:35,045 INFO o.a.j.t.JMeterThread: Thread started: S2 1-73
2026-10-03 17:16:35,065 INFO o.a.j.t.JMeterThread: Thread started: S2 1-74
2026-10-03 17:16:35,085 INFO o.a.j.t.JMeterThread: Thread started: S2 1-75
2026-10-03 17:16:35,104 INFO o.a.j.t.JMeterThread: Thread started: S2 1-76
2026-10-03 17:16:35,125 INFO o.a.j.t.JMeterThread: Thread started: S2 1-77
2026-10-03 17:16:35,145 INFO o.a.j.t.JMeterThread: Thread started: S2 1-78
2026-10-03 17:16:35,165 INFO o.a.j.t.JMeterThread: Thread started: S2 1-79
2026-10-03 17:16:35,185 INFO o.a.j.t.JMeterThread: Thread started: S2 1-80
2026-10-03 17:16:35,205 INFO o.a.j.t.JMeterThread: Thread started: S2 1-81
2026-10-03 17:16:35,225 INFO o.a.j.t.JMeterThread: Thread started: S2 1-82
2026-10-03 17:16:35,245 INFO o.a.j.t.JMeterThread: Thread started: S2 1-83
2026-10-03 17:16:35,265 INFO o.a.j.t.JMeterThread: Thread started: S2 1-84
2026-10-03 17:16:35,285 INFO o.a.j.t.JMeterThread: Thread started: S2 1-85
2026-10-03 17:16:35,305 INFO o.a.j.t.JMeterThread: Thread started: S2 1-86
2026-10-03 17:16:35,324 INFO o.a.j.t.JMeterThread: Thread started: S2 1-87
2026-10-03 17:16:35,346 INFO o.a.j.t.JMeterThread: Thread started: S2 1-88
2026-10-03 17:16:35,365 INFO o.a.j.t.JMeterThread: Thread started: S2 1-89
2026-10-03 17:16:35,385 INFO o.a.j.t.JMeterThread: Thread started: S2 1-90
2026-10-03 17:16:35,405 INFO o.a.j.t.JMeterThread: Thread started: S2 1-91
2026-10-03 17:16:35,425 INFO o.a.j.t.JMeterThread: Thread started: S2 1-92
2026-10-03 17:16:35,445 INFO o.a.j.t.JMeterThread: Thread started: S2 1-93
2026-10-03 17:16:35,464 INFO o.a.j.t.JMeterThread: Thread started: S2 1-94
2026-10-03 17:16:35,485 INFO o.a.j.t.JMeterThread: Thread started: S2 1-95
2026-10-03 17:16:35,505 INFO o.a.j.t.JMeterThread: Thread started: S2 1-96
2026-10-03 17:16:35,525 INFO o.a.j.t.JMeterThread: Thread started: S2 1-97
2026-10-03 17:16:35,545 INFO o.a.j.t.JMeterThread: Thread started: S2 1-98
2026-10-03 17:16:35,565 INFO o.a.j.t.JMeterThread: Thread started: S2 1-99
2026-10-03 17:16:35,585 INFO o.a.j.t.JMeterThread: Thread started: S2 1-100
2026-10-03 17:16:35,605 INFO o.a.j.t.JMeterThread: Thread started: S2 1-101
2026-10-03 17:16:35,625 INFO o.a.j.t.JMeterThread: Thread started: S2 1-102
2026-10-03 17:16:35,645 INFO o.a.j.t.JMeterThread: Thread started: S2 1-103
2026-10-03 17:16:35,665 INFO o.a.j.t.JMeterThread: Thread started: S2 1-104
2026-10-03 17:16:35,684 INFO o.a.j.t.JMeterThread: Thread started: S2 1-105
2026-10-03 17:16:35,705 INFO o.a.j.t.JMeterThread: Thread started: S2 1-106
2026-10-03 17:16:35,725 INFO o.a.j.t.JMeterThread: Thread started: S2 1-107
2026-10-03 17:16:35,745 INFO o.a.j.t.JMeterThread: Thread started: S2 1-108
2026-10-03 17:16:35,765 INFO o.a.j.t.JMeterThread: Thread started: S2 1-109
2026-10-03 17:16:35,784 INFO o.a.j.t.JMeterThread: Thread started: S2 1-110
2026-10-03 17:16:35,805 INFO o.a.j.t.JMeterThread: Thread started: S2 1-111
2026-10-03 17:16:35,825 INFO o.a.j.t.JMeterThread: Thread started: S2 1-112
2026-10-03 17:16:35,844 INFO o.a.j.t.JMeterThread: Thread started: S2 1-113
2026-10-03 17:16:35,865 INFO o.a.j.t.JMeterThread: Thread started: S2 1-114
2026-10-03 17:16:35,885 INFO o.a.j.t.JMeterThread: Thread started: S2 1-115
2026-10-03 17:16:35,905 INFO o.a.j.t.JMeterThread: Thread started: S2 1-116
2026-10-03 17:16:35,925 INFO o.a.j.t.JMeterThread: Thread started: S2 1-117
2026-10-03 17:16:35,944 INFO o.a.j.t.JMeterThread: Thread started: S2 1-118
2026-10-03 17:16:35,965 INFO o.a.j.t.JMeterThread: Thread started: S2 1-119
2026-10-03 17:16:35,985 INFO o.a.j.t.JMeterThread: Thread started: S2 1-120
2026-10-03 17:16:36,004 INFO o.a.j.t.JMeterThread: Thread started: S2 1-121
2026-10-03 17:16:36,025 INFO o.a.j.t.JMeterThread: Thread started: S2 1-122
2026-10-03 17:16:36,045 INFO o.a.j.t.JMeterThread: Thread started: S2 1-123
2026-10-03 17:16:36,066 INFO o.a.j.t.JMeterThread: Thread started: S2 1-124
2026-10-03 17:16:36,085 INFO o.a.j.t.JMeterThread: Thread started: S2 1-125
2026-10-03 17:16:36,106 INFO o.a.j.t.JMeterThread: Thread started: S2 1-126
2026-10-03 17:16:36,125 INFO o.a.j.t.JMeterThread: Thread started: S2 1-127
2026-10-03 17:16:36,145 INFO o.a.j.t.JMeterThread: Thread started: S2 1-128
2026-10-03 17:16:36,165 INFO o.a.j.t.JMeterThread: Thread started: S2 1-129
2026-10-03 17:16:36,186 INFO o.a.j.t.JMeterThread: Thread started: S2 1-130
2026-10-03 17:16:36,206 INFO o.a.j.t.JMeterThread: Thread started: S2 1-131
2026-10-03 17:16:36,225 INFO o.a.j.t.JMeterThread: Thread started: S2 1-132
2026-10-03 17:16:36,245 INFO o.a.j.t.JMeterThread: Thread started: S2 1-133
2026-10-03 17:16:36,265 INFO o.a.j.t.JMeterThread: Thread started: S2 1-134
2026-10-03 17:16:36,285 INFO o.a.j.t.JMeterThread: Thread started: S2 1-135
2026-10-03 17:16:36,305 INFO o.a.j.t.JMeterThread: Thread started: S2 1-136
2026-10-03 17:16:36,324 INFO o.a.j.t.JMeterThread: Thread started: S2 1-137
2026-10-03 17:16:36,345 INFO o.a.j.t.JMeterThread: Thread started: S2 1-138
2026-10-03 17:16:36,364 INFO o.a.j.t.JMeterThread: Thread started: S2 1-139
2026-10-03 17:16:36,385 INFO o.a.j.t.JMeterThread: Thread started: S2 1-140
2026-10-03 17:16:36,404 INFO o.a.j.t.JMeterThread: Thread started: S2 1-141
2026-10-03 17:16:36,425 INFO o.a.j.t.JMeterThread: Thread started: S2 1-142
2026-10-03 17:16:36,445 INFO o.a.j.t.JMeterThread: Thread started: S2 1-143
2026-10-03 17:16:36,465 INFO o.a.j.t.JMeterThread: Thread started: S2 1-144
2026-10-03 17:16:36,485 INFO o.a.j.t.JMeterThread: Thread started: S2 1-145
2026-10-03 17:16:36,504 INFO o.a.j.t.JMeterThread: Thread started: S2 1-146
2026-10-03 17:16:36,525 INFO o.a.j.t.JMeterThread: Thread started: S2 1-147
2026-10-03 17:16:36,544 INFO o.a.j.t.JMeterThread: Thread started: S2 1-148
2026-10-03 17:16:36,565 INFO o.a.j.t.JMeterThread: Thread started: S2 1-149
2026-10-03 17:16:36,585 INFO o.a.j.t.JMeterThread: Thread started: S2 1-150
2026-10-03 17:16:36,604 INFO o.a.j.t.JMeterThread: Thread started: S2 1-151
2026-10-03 17:16:36,625 INFO o.a.j.t.JMeterThread: Thread started: S2 1-152
2026-10-03 17:16:36,645 INFO o.a.j.t.JMeterThread: Thread started: S2 1-153
2026-10-03 17:16:36,665 INFO o.a.j.t.JMeterThread: Thread started: S2 1-154
2026-10-03 17:16:36,685 INFO o.a.j.t.JMeterThread: Thread started: S2 1-155
2026-10-03 17:16:36,704 INFO o.a.j.t.JMeterThread: Thread started: S2 1-156
2026-10-03 17:16:36,725 INFO o.a.j.t.JMeterThread: Thread started: S2 1-157
2026-10-03 17:16:36,745 INFO o.a.j.t.JMeterThread: Thread started: S2 1-158
2026-10-03 17:16:36,764 INFO o.a.j.t.JMeterThread: Thread started: S2 1-159
2026-10-03 17:16:36,785 INFO o.a.j.t.JMeterThread: Thread started: S2 1-160
2026-10-03 17:16:36,805 INFO o.a.j.t.JMeterThread: Thread started: S2 1-161
2026-10-03 17:16:36,824 INFO o.a.j.t.JMeterThread: Thread started: S2 1-162
2026-10-03 17:16:36,845 INFO o.a.j.t.JMeterThread: Thread started: S2 1-163
2026-10-03 17:16:36,864 INFO o.a.j.t.JMeterThread: Thread started: S2 1-164
2026-10-03 17:16:36,885 INFO o.a.j.t.JMeterThread: Thread started: S2 1-165
2026-10-03 17:16:36,905 INFO o.a.j.t.JMeterThread: Thread started: S2 1-166
2026-10-03 17:16:36,924 INFO o.a.j.t.JMeterThread: Thread started: S2 1-167
2026-10-03 17:16:36,945 INFO o.a.j.t.JMeterThread: Thread started: S2 1-168
2026-10-03 17:16:36,966 INFO o.a.j.t.JMeterThread: Thread started: S2 1-169
2026-10-03 17:16:36,984 INFO o.a.j.t.JMeterThread: Thread started: S2 1-170
2026-10-03 17:16:37,005 INFO o.a.j.t.JMeterThread: Thread started: S2 1-171
2026-10-03 17:16:37,024 INFO o.a.j.t.JMeterThread: Thread started: S2 1-172
2026-10-03 17:16:37,045 INFO o.a.j.t.JMeterThread: Thread started: S2 1-173
2026-10-03 17:16:37,064 INFO o.a.j.t.JMeterThread: Thread started: S2 1-174
2026-10-03 17:16:37,085 INFO o.a.j.t.JMeterThread: Thread started: S2 1-175
2026-10-03 17:16:37,105 INFO o.a.j.t.JMeterThread: Thread started: S2 1-176
2026-10-03 17:16:37,125 INFO o.a.j.t.JMeterThread: Thread started: S2 1-177
2026-10-03 17:16:37,144 INFO o.a.j.t.JMeterThread: Thread started: S2 1-178
2026-10-03 17:16:37,176 INFO o.a.j.t.JMeterThread: Thread started: S2 1-179
2026-10-03 17:16:37,184 INFO o.a.j.t.JMeterThread: Thread started: S2 1-180
2026-10-03 17:16:37,205 INFO o.a.j.t.JMeterThread: Thread started: S2 1-181
2026-10-03 17:16:37,224 INFO o.a.j.t.JMeterThread: Thread started: S2 1-182
2026-10-03 17:16:37,246 INFO o.a.j.t.JMeterThread: Thread started: S2 1-183
2026-10-03 17:16:37,265 INFO o.a.j.t.JMeterThread: Thread started: S2 1-184
2026-10-03 17:16:37,285 INFO o.a.j.t.JMeterThread: Thread started: S2 1-185
2026-10-03 17:16:37,305 INFO o.a.j.t.JMeterThread: Thread started: S2 1-186
2026-10-03 17:16:37,325 INFO o.a.j.t.JMeterThread: Thread started: S2 1-187
2026-10-03 17:16:37,346 INFO o.a.j.t.JMeterThread: Thread started: S2 1-188
2026-10-03 17:16:37,365 INFO o.a.j.t.JMeterThread: Thread started: S2 1-189
2026-10-03 17:16:37,385 INFO o.a.j.t.JMeterThread: Thread started: S2 1-190
2026-10-03 17:16:37,405 INFO o.a.j.t.JMeterThread: Thread started: S2 1-191
2026-10-03 17:16:37,425 INFO o.a.j.t.JMeterThread: Thread started: S2 1-192
2026-10-03 17:16:37,446 INFO o.a.j.t.JMeterThread: Thread started: S2 1-193
2026-10-03 17:16:37,465 INFO o.a.j.t.JMeterThread: Thread started: S2 1-194
2026-10-03 17:16:37,485 INFO o.a.j.t.JMeterThread: Thread started: S2 1-195
2026-10-03 17:16:37,505 INFO o.a.j.t.JMeterThread: Thread started: S2 1-196
2026-10-03 17:16:37,525 INFO o.a.j.t.JMeterThread: Thread started: S2 1-197
2026-10-03 17:16:37,546 INFO o.a.j.t.JMeterThread: Thread started: S2 1-198
2026-10-03 17:16:37,565 INFO o.a.j.t.JMeterThread: Thread started: S2 1-199
2026-10-03 17:16:37,594 INFO o.a.j.t.JMeterThread: Thread started: S2 1-200
2026-10-03 17:16:37,613 INFO o.a.j.t.JMeterThread: Thread started: S2 1-201
2026-10-03 17:16:37,625 INFO o.a.j.t.JMeterThread: Thread started: S2 1-202
2026-10-03 17:16:37,645 INFO o.a.j.t.JMeterThread: Thread started: S2 1-203
2026-10-03 17:16:37,665 INFO o.a.j.t.JMeterThread: Thread started: S2 1-204
2026-10-03 17:16:37,686 INFO o.a.j.t.JMeterThread: Thread started: S2 1-205
2026-10-03 17:16:37,705 INFO o.a.j.t.JMeterThread: Thread started: S2 1-206
2026-10-03 17:16:37,726 INFO o.a.j.t.JMeterThread: Thread started: S2 1-207
2026-10-03 17:16:37,745 INFO o.a.j.t.JMeterThread: Thread started: S2 1-208
2026-10-03 17:16:37,766 INFO o.a.j.t.JMeterThread: Thread started: S2 1-209
2026-10-03 17:16:37,784 INFO o.a.j.t.JMeterThread: Thread started: S2 1-210
2026-10-03 17:16:37,805 INFO o.a.j.t.JMeterThread: Thread started: S2 1-211
2026-10-03 17:16:37,824 INFO o.a.j.t.JMeterThread: Thread started: S2 1-212
2026-10-03 17:16:37,845 INFO o.a.j.t.JMeterThread: Thread started: S2 1-213
2026-10-03 17:16:37,864 INFO o.a.j.t.JMeterThread: Thread started: S2 1-214
2026-10-03 17:16:37,886 INFO o.a.j.t.JMeterThread: Thread started: S2 1-215
2026-10-03 17:16:37,904 INFO o.a.j.t.JMeterThread: Thread started: S2 1-216
2026-10-03 17:16:37,925 INFO o.a.j.t.JMeterThread: Thread started: S2 1-217
2026-10-03 17:16:37,945 INFO o.a.j.t.JMeterThread: Thread started: S2 1-218
2026-10-03 17:16:37,965 INFO o.a.j.t.JMeterThread: Thread started: S2 1-219
2026-10-03 17:16:37,985 INFO o.a.j.t.JMeterThread: Thread started: S2 1-220
2026-10-03 17:16:38,005 INFO o.a.j.t.JMeterThread: Thread started: S2 1-221
2026-10-03 17:16:38,026 INFO o.a.j.t.JMeterThread: Thread started: S2 1-222
2026-10-03 17:16:38,045 INFO o.a.j.t.JMeterThread: Thread started: S2 1-223
2026-10-03 17:16:38,066 INFO o.a.j.t.JMeterThread: Thread started: S2 1-224
2026-10-03 17:16:38,085 INFO o.a.j.t.JMeterThread: Thread started: S2 1-225
2026-10-03 17:16:38,105 INFO o.a.j.t.JMeterThread: Thread started: S2 1-226
2026-10-03 17:16:38,125 INFO o.a.j.t.JMeterThread: Thread started: S2 1-227
2026-10-03 17:16:38,146 INFO o.a.j.t.JMeterThread: Thread started: S2 1-228
2026-10-03 17:16:38,166 INFO o.a.j.t.JMeterThread: Thread started: S2 1-229
2026-10-03 17:16:38,186 INFO o.a.j.t.JMeterThread: Thread started: S2 1-230
2026-10-03 17:16:38,205 INFO o.a.j.t.JMeterThread: Thread started: S2 1-231
2026-10-03 17:16:38,226 INFO o.a.j.t.JMeterThread: Thread started: S2 1-232
2026-10-03 17:16:38,246 INFO o.a.j.t.JMeterThread: Thread started: S2 1-233
2026-10-03 17:16:38,264 INFO o.a.j.t.JMeterThread: Thread started: S2 1-234
2026-10-03 17:16:38,286 INFO o.a.j.t.JMeterThread: Thread started: S2 1-235
2026-10-03 17:16:38,305 INFO o.a.j.t.JMeterThread: Thread started: S2 1-236
2026-10-03 17:16:38,325 INFO o.a.j.t.JMeterThread: Thread started: S2 1-237
2026-10-03 17:16:38,346 INFO o.a.j.t.JMeterThread: Thread started: S2 1-238
2026-10-03 17:16:38,364 INFO o.a.j.t.JMeterThread: Thread started: S2 1-239
2026-10-03 17:16:38,385 INFO o.a.j.t.JMeterThread: Thread started: S2 1-240
2026-10-03 17:16:38,404 INFO o.a.j.t.JMeterThread: Thread started: S2 1-241
2026-10-03 17:16:38,426 INFO o.a.j.t.JMeterThread: Thread started: S2 1-242
2026-10-03 17:16:38,444 INFO o.a.j.t.JMeterThread: Thread started: S2 1-243
2026-10-03 17:16:38,466 INFO o.a.j.t.JMeterThread: Thread started: S2 1-244
2026-10-03 17:16:38,484 INFO o.a.j.t.JMeterThread: Thread started: S2 1-245
2026-10-03 17:16:38,505 INFO o.a.j.t.JMeterThread: Thread started: S2 1-246
2026-10-03 17:16:38,524 INFO o.a.j.t.JMeterThread: Thread started: S2 1-247
2026-10-03 17:16:38,545 INFO o.a.j.t.JMeterThread: Thread started: S2 1-248
2026-10-03 17:16:38,564 INFO o.a.j.t.JMeterThread: Thread started: S2 1-249
2026-10-03 17:16:38,585 INFO o.a.j.t.JMeterThread: Thread started: S2 1-250
2026-10-03 17:16:38,604 INFO o.a.j.t.JMeterThread: Thread started: S2 1-251
2026-10-03 17:16:38,628 INFO o.a.j.t.JMeterThread: Thread started: S2 1-252
2026-10-03 17:16:38,645 INFO o.a.j.t.JMeterThread: Thread started: S2 1-253
2026-10-03 17:16:38,666 INFO o.a.j.t.JMeterThread: Thread started: S2 1-254
2026-10-03 17:16:38,685 INFO o.a.j.t.JMeterThread: Thread started: S2 1-255
2026-10-03 17:16:38,705 INFO o.a.j.t.JMeterThread: Thread started: S2 1-256
2026-10-03 17:16:38,724 INFO o.a.j.t.JMeterThread: Thread started: S2 1-257
2026-10-03 17:16:38,745 INFO o.a.j.t.JMeterThread: Thread started: S2 1-258
2026-10-03 17:16:38,764 INFO o.a.j.t.JMeterThread: Thread started: S2 1-259
2026-10-03 17:16:38,786 INFO o.a.j.t.JMeterThread: Thread started: S2 1-260
2026-10-03 17:16:38,804 INFO o.a.j.t.JMeterThread: Thread started: S2 1-261
2026-10-03 17:16:38,826 INFO o.a.j.t.JMeterThread: Thread started: S2 1-262
2026-10-03 17:16:38,844 INFO o.a.j.t.JMeterThread: Thread started: S2 1-263
2026-10-03 17:16:38,866 INFO o.a.j.t.JMeterThread: Thread started: S2 1-264
2026-10-03 17:16:38,885 INFO o.a.j.t.JMeterThread: Thread started: S2 1-265
2026-10-03 17:16:38,905 INFO o.a.j.t.JMeterThread: Thread started: S2 1-266
2026-10-03 17:16:38,925 INFO o.a.j.t.JMeterThread: Thread started: S2 1-267
2026-10-03 17:16:38,945 INFO o.a.j.t.JMeterThread: Thread started: S2 1-268
2026-10-03 17:16:38,964 INFO o.a.j.t.JMeterThread: Thread started: S2 1-269
2026-10-03 17:16:38,986 INFO o.a.j.t.JMeterThread: Thread started: S2 1-270
2026-10-03 17:16:39,004 INFO o.a.j.t.JMeterThread: Thread started: S2 1-271
2026-10-03 17:16:39,025 INFO o.a.j.t.JMeterThread: Thread started: S2 1-272
2026-10-03 17:16:39,044 INFO o.a.j.t.JMeterThread: Thread started: S2 1-273
2026-10-03 17:16:39,066 INFO o.a.j.t.JMeterThread: Thread started: S2 1-274
2026-10-03 17:16:39,084 INFO o.a.j.t.JMeterThread: Thread started: S2 1-275
2026-10-03 17:16:39,106 INFO o.a.j.t.JMeterThread: Thread started: S2 1-276
2026-10-03 17:16:39,124 INFO o.a.j.t.JMeterThread: Thread started: S2 1-277
2026-10-03 17:16:39,145 INFO o.a.j.t.JMeterThread: Thread started: S2 1-278
2026-10-03 17:16:39,164 INFO o.a.j.t.JMeterThread: Thread started: S2 1-279
2026-10-03 17:16:39,185 INFO o.a.j.t.JMeterThread: Thread started: S2 1-280
2026-10-03 17:16:39,206 INFO o.a.j.t.JMeterThread: Thread started: S2 1-281
2026-10-03 17:16:39,224 INFO o.a.j.t.JMeterThread: Thread started: S2 1-282
2026-10-03 17:16:39,245 INFO o.a.j.t.JMeterThread: Thread started: S2 1-283
2026-10-03 17:16:39,264 INFO o.a.j.t.JMeterThread: Thread started: S2 1-284
2026-10-03 17:16:39,285 INFO o.a.j.t.JMeterThread: Thread started: S2 1-285
2026-10-03 17:16:39,305 INFO o.a.j.t.JMeterThread: Thread started: S2 1-286
2026-10-03 17:16:39,325 INFO o.a.j.t.JMeterThread: Thread started: S2 1-287
2026-10-03 17:16:39,345 INFO o.a.j.t.JMeterThread: Thread started: S2 1-288
2026-10-03 17:16:39,364 INFO o.a.j.t.JMeterThread: Thread started: S2 1-289
2026-10-03 17:16:39,385 INFO o.a.j.t.JMeterThread: Thread started: S2 1-290
2026-10-03 17:16:39,404 INFO o.a.j.t.JMeterThread: Thread started: S2 1-291
2026-10-03 17:16:39,426 INFO o.a.j.t.JMeterThread: Thread started: S2 1-292
2026-10-03 17:16:39,444 INFO o.a.j.t.JMeterThread: Thread started: S2 1-293
2026-10-03 17:16:39,465 INFO o.a.j.t.JMeterThread: Thread started: S2 1-294
2026-10-03 17:16:39,485 INFO o.a.j.t.JMeterThread: Thread started: S2 1-295
2026-10-03 17:16:39,506 INFO o.a.j.t.JMeterThread: Thread started: S2 1-296
2026-10-03 17:16:39,524 INFO o.a.j.t.JMeterThread: Thread started: S2 1-297
2026-10-03 17:16:39,545 INFO o.a.j.t.JMeterThread: Thread started: S2 1-298
2026-10-03 17:16:39,564 INFO o.a.j.t.JMeterThread: Thread started: S2 1-299
2026-10-03 17:16:39,585 INFO o.a.j.t.JMeterThread: Thread started: S2 1-300
2026-10-03 17:16:39,605 INFO o.a.j.t.JMeterThread: Thread started: S2 1-301
2026-10-03 17:16:39,624 INFO o.a.j.t.JMeterThread: Thread started: S2 1-302
2026-10-03 17:16:39,645 INFO o.a.j.t.JMeterThread: Thread started: S2 1-303
2026-10-03 17:16:39,664 INFO o.a.j.t.JMeterThread: Thread started: S2 1-304
2026-10-03 17:16:39,686 INFO o.a.j.t.JMeterThread: Thread started: S2 1-305
2026-10-03 17:16:39,704 INFO o.a.j.t.JMeterThread: Thread started: S2 1-306
2026-10-03 17:16:39,726 INFO o.a.j.t.JMeterThread: Thread started: S2 1-307
2026-10-03 17:16:39,744 INFO o.a.j.t.JMeterThread: Thread started: S2 1-308
2026-10-03 17:16:39,764 INFO o.a.j.t.JMeterThread: Thread started: S2 1-309
2026-10-03 17:16:39,786 INFO o.a.j.t.JMeterThread: Thread started: S2 1-310
2026-10-03 17:16:39,804 INFO o.a.j.t.JMeterThread: Thread started: S2 1-311
2026-10-03 17:16:39,825 INFO o.a.j.t.JMeterThread: Thread started: S2 1-312
2026-10-03 17:16:39,845 INFO o.a.j.t.JMeterThread: Thread started: S2 1-313
2026-10-03 17:16:39,865 INFO o.a.j.t.JMeterThread: Thread started: S2 1-314
2026-10-03 17:16:39,885 INFO o.a.j.t.JMeterThread: Thread started: S2 1-315
2026-10-03 17:16:39,906 INFO o.a.j.t.JMeterThread: Thread started: S2 1-316
2026-10-03 17:16:39,925 INFO o.a.j.t.JMeterThread: Thread started: S2 1-317
2026-10-03 17:16:39,944 INFO o.a.j.t.JMeterThread: Thread started: S2 1-318
2026-10-03 17:16:39,966 INFO o.a.j.t.JMeterThread: Thread started: S2 1-319
2026-10-03 17:16:39,985 INFO o.a.j.t.JMeterThread: Thread started: S2 1-320
2026-10-03 17:16:40,006 INFO o.a.j.t.JMeterThread: Thread started: S2 1-321
2026-10-03 17:16:40,026 INFO o.a.j.t.JMeterThread: Thread started: S2 1-322
2026-10-03 17:16:40,045 INFO o.a.j.t.JMeterThread: Thread started: S2 1-323
2026-10-03 17:16:40,068 INFO o.a.j.t.JMeterThread: Thread started: S2 1-324
2026-10-03 17:16:40,085 INFO o.a.j.t.JMeterThread: Thread started: S2 1-325
2026-10-03 17:16:40,106 INFO o.a.j.t.JMeterThread: Thread started: S2 1-326
2026-10-03 17:16:40,126 INFO o.a.j.t.JMeterThread: Thread started: S2 1-327
2026-10-03 17:16:40,145 INFO o.a.j.t.JMeterThread: Thread started: S2 1-328
2026-10-03 17:16:40,164 INFO o.a.j.t.JMeterThread: Thread started: S2 1-329
2026-10-03 17:16:40,185 INFO o.a.j.t.JMeterThread: Thread started: S2 1-330
2026-10-03 17:16:40,204 INFO o.a.j.t.JMeterThread: Thread started: S2 1-331
2026-10-03 17:16:40,225 INFO o.a.j.t.JMeterThread: Thread started: S2 1-332
2026-10-03 17:16:40,245 INFO o.a.j.t.JMeterThread: Thread started: S2 1-333
2026-10-03 17:16:40,264 INFO o.a.j.t.JMeterThread: Thread started: S2 1-334
2026-10-03 17:16:40,286 INFO o.a.j.t.JMeterThread: Thread started: S2 1-335
2026-10-03 17:16:40,305 INFO o.a.j.t.JMeterThread: Thread started: S2 1-336
2026-10-03 17:16:40,328 INFO o.a.j.t.JMeterThread: Thread started: S2 1-337
2026-10-03 17:16:40,348 INFO o.a.j.t.JMeterThread: Thread started: S2 1-338
2026-10-03 17:16:40,366 INFO o.a.j.t.JMeterThread: Thread started: S2 1-339
2026-10-03 17:16:40,385 INFO o.a.j.t.JMeterThread: Thread started: S2 1-340
2026-10-03 17:16:40,405 INFO o.a.j.t.JMeterThread: Thread started: S2 1-341
2026-10-03 17:16:40,425 INFO o.a.j.t.JMeterThread: Thread started: S2 1-342
2026-10-03 17:16:40,444 INFO o.a.j.t.JMeterThread: Thread started: S2 1-343
2026-10-03 17:16:40,466 INFO o.a.j.t.JMeterThread: Thread started: S2 1-344
2026-10-03 17:16:40,484 INFO o.a.j.t.JMeterThread: Thread started: S2 1-345
2026-10-03 17:16:40,505 INFO o.a.j.t.JMeterThread: Thread started: S2 1-346
2026-10-03 17:16:40,525 INFO o.a.j.t.JMeterThread: Thread started: S2 1-347
2026-10-03 17:16:40,544 INFO o.a.j.t.JMeterThread: Thread started: S2 1-348
2026-10-03 17:16:40,566 INFO o.a.j.t.JMeterThread: Thread started: S2 1-349
2026-10-03 17:16:40,584 INFO o.a.j.t.JMeterThread: Thread started: S2 1-350
2026-10-03 17:16:40,605 INFO o.a.j.t.JMeterThread: Thread started: S2 1-351
2026-10-03 17:16:40,625 INFO o.a.j.t.JMeterThread: Thread started: S2 1-352
2026-10-03 17:16:40,646 INFO o.a.j.t.JMeterThread: Thread started: S2 1-353
2026-10-03 17:16:40,664 INFO o.a.j.t.JMeterThread: Thread started: S2 1-354
2026-10-03 17:16:40,685 INFO o.a.j.t.JMeterThread: Thread started: S2 1-355
2026-10-03 17:16:40,706 INFO o.a.j.t.JMeterThread: Thread started: S2 1-356
2026-10-03 17:16:40,724 INFO o.a.j.t.JMeterThread: Thread started: S2 1-357
2026-10-03 17:16:40,745 INFO o.a.j.t.JMeterThread: Thread started: S2 1-358
2026-10-03 17:16:40,765 INFO o.a.j.t.JMeterThread: Thread started: S2 1-359
2026-10-03 17:16:40,784 INFO o.a.j.t.JMeterThread: Thread started: S2 1-360
2026-10-03 17:16:40,805 INFO o.a.j.t.JMeterThread: Thread started: S2 1-361
2026-10-03 17:16:40,824 INFO o.a.j.t.JMeterThread: Thread started: S2 1-362
2026-10-03 17:16:40,845 INFO o.a.j.t.JMeterThread: Thread started: S2 1-363
2026-10-03 17:16:40,865 INFO o.a.j.t.JMeterThread: Thread started: S2 1-364
2026-10-03 17:16:40,884 INFO o.a.j.t.JMeterThread: Thread started: S2 1-365
2026-10-03 17:16:40,906 INFO o.a.j.t.JMeterThread: Thread started: S2 1-366
2026-10-03 17:16:40,928 INFO o.a.j.t.JMeterThread: Thread started: S2 1-367
2026-10-03 17:16:40,945 INFO o.a.j.t.JMeterThread: Thread started: S2 1-368
2026-10-03 17:16:40,964 INFO o.a.j.t.JMeterThread: Thread started: S2 1-369
2026-10-03 17:16:40,985 INFO o.a.j.t.JMeterThread: Thread started: S2 1-370
2026-10-03 17:16:41,005 INFO o.a.j.t.JMeterThread: Thread started: S2 1-371
2026-10-03 17:16:41,024 INFO o.a.j.t.JMeterThread: Thread started: S2 1-372
2026-10-03 17:16:41,044 INFO o.a.j.t.JMeterThread: Thread started: S2 1-373
2026-10-03 17:16:41,065 INFO o.a.j.t.JMeterThread: Thread started: S2 1-374
2026-10-03 17:16:41,084 INFO o.a.j.t.JMeterThread: Thread started: S2 1-375
2026-10-03 17:16:41,104 INFO o.a.j.t.JMeterThread: Thread started: S2 1-376
2026-10-03 17:16:41,126 INFO o.a.j.t.JMeterThread: Thread started: S2 1-377
2026-10-03 17:16:41,144 INFO o.a.j.t.JMeterThread: Thread started: S2 1-378
2026-10-03 17:16:41,165 INFO o.a.j.t.JMeterThread: Thread started: S2 1-379
2026-10-03 17:16:41,185 INFO o.a.j.t.JMeterThread: Thread started: S2 1-380
2026-10-03 17:16:41,204 INFO o.a.j.t.JMeterThread: Thread started: S2 1-381
2026-10-03 17:16:41,226 INFO o.a.j.t.JMeterThread: Thread started: S2 1-382
2026-10-03 17:16:41,244 INFO o.a.j.t.JMeterThread: Thread started: S2 1-383
2026-10-03 17:16:41,266 INFO o.a.j.t.JMeterThread: Thread started: S2 1-384
2026-10-03 17:16:41,284 INFO o.a.j.t.JMeterThread: Thread started: S2 1-385
2026-10-03 17:16:41,305 INFO o.a.j.t.JMeterThread: Thread started: S2 1-386
2026-10-03 17:16:41,325 INFO o.a.j.t.JMeterThread: Thread started: S2 1-387
2026-10-03 17:16:41,345 INFO o.a.j.t.JMeterThread: Thread started: S2 1-388
2026-10-03 17:16:41,365 INFO o.a.j.t.JMeterThread: Thread started: S2 1-389
2026-10-03 17:16:41,384 INFO o.a.j.t.JMeterThread: Thread started: S2 1-390
2026-10-03 17:16:41,405 INFO o.a.j.t.JMeterThread: Thread started: S2 1-391
2026-10-03 17:16:41,424 INFO o.a.j.t.JMeterThread: Thread started: S2 1-392
2026-10-03 17:16:41,444 INFO o.a.j.t.JMeterThread: Thread started: S2 1-393
2026-10-03 17:16:41,465 INFO o.a.j.t.JMeterThread: Thread started: S2 1-394
2026-10-03 17:16:41,484 INFO o.a.j.t.JMeterThread: Thread started: S2 1-395
2026-10-03 17:16:41,506 INFO o.a.j.t.JMeterThread: Thread started: S2 1-396
2026-10-03 17:16:41,525 INFO o.a.j.t.JMeterThread: Thread started: S2 1-397
2026-10-03 17:16:41,544 INFO o.a.j.t.JMeterThread: Thread started: S2 1-398
2026-10-03 17:16:41,565 INFO o.a.j.t.JMeterThread: Thread started: S2 1-399
2026-10-03 17:16:41,584 INFO o.a.j.t.JMeterThread: Thread started: S2 1-400
2026-10-03 17:16:41,605 INFO o.a.j.t.JMeterThread: Thread started: S2 1-401
2026-10-03 17:16:41,625 INFO o.a.j.t.JMeterThread: Thread started: S2 1-402
2026-10-03 17:16:41,644 INFO o.a.j.t.JMeterThread: Thread started: S2 1-403
2026-10-03 17:16:41,665 INFO o.a.j.t.JMeterThread: Thread started: S2 1-404
2026-10-03 17:16:41,684 INFO o.a.j.t.JMeterThread: Thread started: S2 1-405
2026-10-03 17:16:41,705 INFO o.a.j.t.JMeterThread: Thread started: S2 1-406
2026-10-03 17:16:41,726 INFO o.a.j.t.JMeterThread: Thread started: S2 1-407
2026-10-03 17:16:41,744 INFO o.a.j.t.JMeterThread: Thread started: S2 1-408
2026-10-03 17:16:41,765 INFO o.a.j.t.JMeterThread: Thread started: S2 1-409
2026-10-03 17:16:41,785 INFO o.a.j.t.JMeterThread: Thread started: S2 1-410
2026-10-03 17:16:41,805 INFO o.a.j.t.JMeterThread: Thread started: S2 1-411
2026-10-03 17:16:41,825 INFO o.a.j.t.JMeterThread: Thread started: S2 1-412
2026-10-03 17:16:41,844 INFO o.a.j.t.JMeterThread: Thread started: S2 1-413
2026-10-03 17:16:41,865 INFO o.a.j.t.JMeterThread: Thread started: S2 1-414
2026-10-03 17:16:41,885 INFO o.a.j.t.JMeterThread: Thread started: S2 1-415
2026-10-03 17:16:41,904 INFO o.a.j.t.JMeterThread: Thread started: S2 1-416
2026-10-03 17:16:41,925 INFO o.a.j.t.JMeterThread: Thread started: S2 1-417
2026-10-03 17:16:41,945 INFO o.a.j.t.JMeterThread: Thread started: S2 1-418
2026-10-03 17:16:41,964 INFO o.a.j.t.JMeterThread: Thread started: S2 1-419
2026-10-03 17:16:41,985 INFO o.a.j.t.JMeterThread: Thread started: S2 1-420
2026-10-03 17:16:42,005 INFO o.a.j.t.JMeterThread: Thread started: S2 1-421
2026-10-03 17:16:42,024 INFO o.a.j.t.JMeterThread: Thread started: S2 1-422
2026-10-03 17:16:42,045 INFO o.a.j.t.JMeterThread: Thread started: S2 1-423
2026-10-03 17:16:42,065 INFO o.a.j.t.JMeterThread: Thread started: S2 1-424
2026-10-03 17:16:42,084 INFO o.a.j.t.JMeterThread: Thread started: S2 1-425
2026-10-03 17:16:42,105 INFO o.a.j.t.JMeterThread: Thread started: S2 1-426
2026-10-03 17:16:42,124 INFO o.a.j.t.JMeterThread: Thread started: S2 1-427
2026-10-03 17:16:42,145 INFO o.a.j.t.JMeterThread: Thread started: S2 1-428
2026-10-03 17:16:42,165 INFO o.a.j.t.JMeterThread: Thread started: S2 1-429
2026-10-03 17:16:42,184 INFO o.a.j.t.JMeterThread: Thread started: S2 1-430
2026-10-03 17:16:42,205 INFO o.a.j.t.JMeterThread: Thread started: S2 1-431
2026-10-03 17:16:42,224 INFO o.a.j.t.JMeterThread: Thread started: S2 1-432
2026-10-03 17:16:42,244 INFO o.a.j.t.JMeterThread: Thread started: S2 1-433
2026-10-03 17:16:42,265 INFO o.a.j.t.JMeterThread: Thread started: S2 1-434
2026-10-03 17:16:42,285 INFO o.a.j.t.JMeterThread: Thread started: S2 1-435
2026-10-03 17:16:42,304 INFO o.a.j.t.JMeterThread: Thread started: S2 1-436
2026-10-03 17:16:42,325 INFO o.a.j.t.JMeterThread: Thread started: S2 1-437
2026-10-03 17:16:42,346 INFO o.a.j.t.JMeterThread: Thread started: S2 1-438
2026-10-03 17:16:42,364 INFO o.a.j.t.JMeterThread: Thread started: S2 1-439
2026-10-03 17:16:42,385 INFO o.a.j.t.JMeterThread: Thread started: S2 1-440
2026-10-03 17:16:42,405 INFO o.a.j.t.JMeterThread: Thread started: S2 1-441
2026-10-03 17:16:42,424 INFO o.a.j.t.JMeterThread: Thread started: S2 1-442
2026-10-03 17:16:42,445 INFO o.a.j.t.JMeterThread: Thread started: S2 1-443
2026-10-03 17:16:42,465 INFO o.a.j.t.JMeterThread: Thread started: S2 1-444
2026-10-03 17:16:42,484 INFO o.a.j.t.JMeterThread: Thread started: S2 1-445
2026-10-03 17:16:42,505 INFO o.a.j.t.JMeterThread: Thread started: S2 1-446
2026-10-03 17:16:42,524 INFO o.a.j.t.JMeterThread: Thread started: S2 1-447
2026-10-03 17:16:42,544 INFO o.a.j.t.JMeterThread: Thread started: S2 1-448
2026-10-03 17:16:42,565 INFO o.a.j.t.JMeterThread: Thread started: S2 1-449
2026-10-03 17:16:42,584 INFO o.a.j.t.JMeterThread: Thread started: S2 1-450
2026-10-03 17:16:42,605 INFO o.a.j.t.JMeterThread: Thread started: S2 1-451
2026-10-03 17:16:42,625 INFO o.a.j.t.JMeterThread: Thread started: S2 1-452
2026-10-03 17:16:42,644 INFO o.a.j.t.JMeterThread: Thread started: S2 1-453
2026-10-03 17:16:42,667 INFO o.a.j.t.JMeterThread: Thread started: S2 1-454
2026-10-03 17:16:42,685 INFO o.a.j.t.JMeterThread: Thread started: S2 1-455
2026-10-03 17:16:42,704 INFO o.a.j.t.JMeterThread: Thread started: S2 1-456
2026-10-03 17:16:42,724 INFO o.a.j.t.JMeterThread: Thread started: S2 1-457
2026-10-03 17:16:42,745 INFO o.a.j.t.JMeterThread: Thread started: S2 1-458
2026-10-03 17:16:42,764 INFO o.a.j.t.JMeterThread: Thread started: S2 1-459
2026-10-03 17:16:42,784 INFO o.a.j.t.JMeterThread: Thread started: S2 1-460
2026-10-03 17:16:42,805 INFO o.a.j.t.JMeterThread: Thread started: S2 1-461
2026-10-03 17:16:42,826 INFO o.a.j.t.JMeterThread: Thread started: S2 1-462
2026-10-03 17:16:42,844 INFO o.a.j.t.JMeterThread: Thread started: S2 1-463
2026-10-03 17:16:42,865 INFO o.a.j.t.JMeterThread: Thread started: S2 1-464
2026-10-03 17:16:42,885 INFO o.a.j.t.JMeterThread: Thread started: S2 1-465
2026-10-03 17:16:42,904 INFO o.a.j.t.JMeterThread: Thread started: S2 1-466
2026-10-03 17:16:42,925 INFO o.a.j.t.JMeterThread: Thread started: S2 1-467
2026-10-03 17:16:42,944 INFO o.a.j.t.JMeterThread: Thread started: S2 1-468
2026-10-03 17:16:42,964 INFO o.a.j.t.JMeterThread: Thread started: S2 1-469
2026-10-03 17:16:42,985 INFO o.a.j.t.JMeterThread: Thread started: S2 1-470
2026-10-03 17:16:43,004 INFO o.a.j.t.JMeterThread: Thread started: S2 1-471
2026-10-03 17:16:43,024 INFO o.a.j.t.JMeterThread: Thread started: S2 1-472
2026-10-03 17:16:43,045 INFO o.a.j.t.JMeterThread: Thread started: S2 1-473
2026-10-03 17:16:43,066 INFO o.a.j.t.JMeterThread: Thread started: S2 1-474
2026-10-03 17:16:43,084 INFO o.a.j.t.JMeterThread: Thread started: S2 1-475
2026-10-03 17:16:43,104 INFO o.a.j.t.JMeterThread: Thread started: S2 1-476
2026-10-03 17:16:43,125 INFO o.a.j.t.JMeterThread: Thread started: S2 1-477
2026-10-03 17:16:43,144 INFO o.a.j.t.JMeterThread: Thread started: S2 1-478
2026-10-03 17:16:43,164 INFO o.a.j.t.JMeterThread: Thread started: S2 1-479
2026-10-03 17:16:43,185 INFO o.a.j.t.JMeterThread: Thread started: S2 1-480
2026-10-03 17:16:43,206 INFO o.a.j.t.JMeterThread: Thread started: S2 1-481
2026-10-03 17:16:43,224 INFO o.a.j.t.JMeterThread: Thread started: S2 1-482
2026-10-03 17:16:43,245 INFO o.a.j.t.JMeterThread: Thread started: S2 1-483
2026-10-03 17:16:43,265 INFO o.a.j.t.JMeterThread: Thread started: S2 1-484
2026-10-03 17:16:43,284 INFO o.a.j.t.JMeterThread: Thread started: S2 1-485
2026-10-03 17:16:43,304 INFO o.a.j.t.JMeterThread: Thread started: S2 1-486
2026-10-03 17:16:43,325 INFO o.a.j.t.JMeterThread: Thread started: S2 1-487
2026-10-03 17:16:43,345 INFO o.a.j.t.JMeterThread: Thread started: S2 1-488
2026-10-03 17:16:43,365 INFO o.a.j.t.JMeterThread: Thread started: S2 1-489
2026-10-03 17:16:43,385 INFO o.a.j.t.JMeterThread: Thread started: S2 1-490
2026-10-03 17:16:43,404 INFO o.a.j.t.JMeterThread: Thread started: S2 1-491
2026-10-03 17:16:43,424 INFO o.a.j.t.JMeterThread: Thread started: S2 1-492
2026-10-03 17:16:43,445 INFO o.a.j.t.JMeterThread: Thread started: S2 1-493
2026-10-03 17:16:43,465 INFO o.a.j.t.JMeterThread: Thread started: S2 1-494
2026-10-03 17:16:43,484 INFO o.a.j.t.JMeterThread: Thread started: S2 1-495
2026-10-03 17:16:43,504 INFO o.a.j.t.JMeterThread: Thread started: S2 1-496
2026-10-03 17:16:43,525 INFO o.a.j.t.JMeterThread: Thread started: S2 1-497
2026-10-03 17:16:43,545 INFO o.a.j.t.JMeterThread: Thread started: S2 1-498
2026-10-03 17:16:43,564 INFO o.a.j.t.JMeterThread: Thread started: S2 1-499
2026-10-03 17:16:43,584 INFO o.a.j.t.JMeterThread: Thread started: S2 1-500
2026-10-03 17:17:00,008 INFO o.a.j.r.Summariser: summary +   3370 in 00:00:26 =  127.5/s Avg:  2907 Min:    33 Max:  4340 Err:     0 (0.00%) Active: 500 Started: 500 Finished: 0
2026-10-03 17:17:00,008 INFO o.a.j.r.Summariser: summary =   3371 in 00:00:27 =  124.5/s Avg:  2906 Min:    33 Max:  4340 Err:     0 (0.00%)
2026-10-03 17:17:30,008 INFO o.a.j.r.Summariser: summary +   3647 in 00:00:30 =  121.6/s Avg:  4109 Min:  3574 Max:  4500 Err:     0 (0.00%) Active: 500 Started: 500 Finished: 0
2026-10-03 17:17:30,009 INFO o.a.j.r.Summariser: summary =   7018 in 00:00:57 =  123.0/s Avg:  3531 Min:    33 Max:  4500 Err:     0 (0.00%)
2026-10-03 17:17:33,641 INFO o.a.j.t.JMeterThread: Stopping because end time detected by thread: S2 1-13
2026-10-03 17:17:33,641 INFO o.a.j.t.JMeterThread: Thread finished: S2 1-13
2026-10-03 17:17:33,676 INFO o.a.j.t.JMeterThread: Stopping because end time detected by thread: S2 1-55
2026-10-03 17:17:33,676 INFO o.a.j.t.JMeterThread: Thread finished: S2 1-55
2026-10-03 17:17:33,699 INFO o.a.j.t.JMeterThread: Stopping because end time detected by thread: S2 1-106
2026-10-03 17:17:33,699 INFO o.a.j.t.JMeterThread: Thread finished: S2 1-106
2026-10-03 17:17:33,733 INFO o.a.j.t.JMeterThread: Stopping because end time detected by thread: S2 1-149
2026-10-03 17:17:33,733 INFO o.a.j.t.JMeterThread: Thread finished: S2 1-149
2026-10-03 17:17:33,737 INFO o.a.j.t.JMeterThread: Stopping because end time detected by thread: S2 1-56
2026-10-03 17:17:33,737 INFO o.a.j.t.JMeterThread: Thread finished: S2 1-56
2026-10-03 17:17:33,757 INFO o.a.j.t.JMeterThread: Stopping because end time detected by thread: S2 1-150
2026-10-03 17:17:33,757 INFO o.a.j.t.JMeterThread: Thread finished: S2 1-150
2026-10-03 17:17:33,768 INFO o.a.j.t.JMeterThread: Stopping because end time detected by thread: S2 1-8
2026-10-03 17:17:33,768 INFO o.a.j.t.JMeterThread: Thread finished: S2 1-8
2026-10-03 17:17:33,775 INFO o.a.j.t.JMeterThread: Stopping because end time detected by thread: S2 1-207
2026-10-03 17:17:33,775 INFO o.a.j.t.JMeterThread: Thread finished: S2 1-207
2026-10-03 17:17:33,785 INFO o.a.j.t.JMeterThread: Stopping because end time detected by thread: S2 1-151
2026-10-03 17:17:33,785 INFO o.a.j.t.JMeterThread: Thread finished: S2 1-151
2026-10-03 17:17:33,790 INFO o.a.j.t.JMeterThread: Stopping because end time detected by thread: S2 1-303
2026-10-03 17:17:33,790 INFO o.a.j.t.JMeterThread: Thread finished: S2 1-303
2026-10-03 17:17:33,793 INFO o.a.j.t.JMeterThread: Stopping because end time detected by thread: S2 1-301
2026-10-03 17:17:33,793 INFO o.a.j.t.JMeterThread: Thread finished: S2 1-301
2026-10-03 17:17:33,802 INFO o.a.j.t.JMeterThread: Stopping because end time detected by thread: S2 1-41
2026-10-03 17:17:33,802 INFO o.a.j.t.JMeterThread: Thread finished: S2 1-41
2026-10-03 17:17:33,816 INFO o.a.j.t.JMeterThread: Stopping because end time detected by thread: S2 1-302
2026-10-03 17:17:33,816 INFO o.a.j.t.JMeterThread: Thread finished: S2 1-302
2026-10-03 17:17:33,827 INFO o.a.j.t.JMeterThread: Stopping because end time detected by thread: S2 1-107
2026-10-03 17:17:33,827 INFO o.a.j.t.JMeterThread: Thread finished: S2 1-107
2026-10-03 17:17:33,828 INFO o.a.j.t.JMeterThread: Stopping because end time detected by thread: S2 1-208
2026-10-03 17:17:33,829 INFO o.a.j.t.JMeterThread: Thread finished: S2 1-208
2026-10-03 17:17:33,837 INFO o.a.j.t.JMeterThread: Stopping because end time detected by thread: S2 1-418
2026-10-03 17:17:33,837 INFO o.a.j.t.JMeterThread: Thread finished: S2 1-418
2026-10-03 17:17:33,850 INFO o.a.j.t.JMeterThread: Stopping because end time detected by thread: S2 1-304
2026-10-03 17:17:33,850 INFO o.a.j.t.JMeterThread: Thread finished: S2 1-304
2026-10-03 17:17:33,858 INFO o.a.j.t.JMeterThread: Stopping because end time detected by thread: S2 1-211
2026-10-03 17:17:33,858 INFO o.a.j.t.JMeterThread: Thread finished: S2 1-211
2026-10-03 17:17:33,861 INFO o.a.j.t.JMeterThread: Stopping because end time detected by thread: S2 1-20
2026-10-03 17:17:33,861 INFO o.a.j.t.JMeterThread: Thread finished: S2 1-20
2026-10-03 17:17:33,864 INFO o.a.j.t.JMeterThread: Stopping because end time detected by thread: S2 1-108
2026-10-03 17:17:33,864 INFO o.a.j.t.JMeterThread: Thread finished: S2 1-108
2026-10-03 17:17:33,886 INFO o.a.j.t.JMeterThread: Stopping because end time detected by thread: S2 1-419
2026-10-03 17:17:33,886 INFO o.a.j.t.JMeterThread: Thread finished: S2 1-419
2026-10-03 17:17:33,890 INFO o.a.j.t.JMeterThread: Stopping because end time detected by thread: S2 1-77
2026-10-03 17:17:33,890 INFO o.a.j.t.JMeterThread: Thread finished: S2 1-77
2026-10-03 17:17:33,894 INFO o.a.j.t.JMeterThread: Stopping because end time detected by thread: S2 1-209
2026-10-03 17:17:33,894 INFO o.a.j.t.JMeterThread: Thread finished: S2 1-209
2026-10-03 17:17:33,896 INFO o.a.j.t.JMeterThread: Stopping because end time detected by thread: S2 1-305
2026-10-03 17:17:33,896 INFO o.a.j.t.JMeterThread: Thread finished: S2 1-305
2026-10-03 17:17:33,916 INFO o.a.j.t.JMeterThread: Stopping because end time detected by thread: S2 1-420
2026-10-03 17:17:33,917 INFO o.a.j.t.JMeterThread: Thread finished: S2 1-420
2026-10-03 17:17:33,919 INFO o.a.j.t.JMeterThread: Stopping because end time detected by thread: S2 1-78
2026-10-03 17:17:33,919 INFO o.a.j.t.JMeterThread: Thread finished: S2 1-78
2026-10-03 17:17:33,920 INFO o.a.j.t.JMeterThread: Stopping because end time detected by thread: S2 1-152
2026-10-03 17:17:33,920 INFO o.a.j.t.JMeterThread: Thread finished: S2 1-152
2026-10-03 17:17:33,928 INFO o.a.j.t.JMeterThread: Stopping because end time detected by thread: S2 1-421
2026-10-03 17:17:33,928 INFO o.a.j.t.JMeterThread: Thread finished: S2 1-421
2026-10-03 17:17:33,952 INFO o.a.j.t.JMeterThread: Stopping because end time detected by thread: S2 1-309
2026-10-03 17:17:33,952 INFO o.a.j.t.JMeterThread: Thread finished: S2 1-309
2026-10-03 17:17:33,955 INFO o.a.j.t.JMeterThread: Stopping because end time detected by thread: S2 1-306
2026-10-03 17:17:33,955 INFO o.a.j.t.JMeterThread: Thread finished: S2 1-306
2026-10-03 17:17:33,959 INFO o.a.j.t.JMeterThread: Stopping because end time detected by thread: S2 1-19
2026-10-03 17:17:33,959 INFO o.a.j.t.JMeterThread: Thread finished: S2 1-19
2026-10-03 17:17:33,963 INFO o.a.j.t.JMeterThread: Stopping because end time detected by thread: S2 1-210
2026-10-03 17:17:33,963 INFO o.a.j.t.JMeterThread: Thread finished: S2 1-210
2026-10-03 17:17:33,977 INFO o.a.j.t.JMeterThread: Stopping because end time detected by thread: S2 1-423
2026-10-03 17:17:33,977 INFO o.a.j.t.JMeterThread: Thread finished: S2 1-423
2026-10-03 17:17:33,984 INFO o.a.j.t.JMeterThread: Stopping because end time detected by thread: S2 1-307
2026-10-03 17:17:33,984 INFO o.a.j.t.JMeterThread: Thread finished: S2 1-307
2026-10-03 17:17:33,994 INFO o.a.j.t.JMeterThread: Stopping because end time detected by thread: S2 1-153
2026-10-03 17:17:33,995 INFO o.a.j.t.JMeterThread: Thread finished: S2 1-153
2026-10-03 17:17:34,002 INFO o.a.j.t.JMeterThread: Stopping because end time detected by thread: S2 1-308
2026-10-03 17:17:34,002 INFO o.a.j.t.JMeterThread: Thread finished: S2 1-308
2026-10-03 17:17:34,030 INFO o.a.j.t.JMeterThread: Stopping because end time detected by thread: S2 1-57
2026-10-03 17:17:34,030 INFO o.a.j.t.JMeterThread: Thread finished: S2 1-57
2026-10-03 17:17:34,041 INFO o.a.j.t.JMeterThread: Stopping because end time detected by thread: S2 1-212
2026-10-03 17:17:34,041 INFO o.a.j.t.JMeterThread: Thread finished: S2 1-212
2026-10-03 17:17:34,042 INFO o.a.j.t.JMeterThread: Stopping because end time detected by thread: S2 1-422
2026-10-03 17:17:34,042 INFO o.a.j.t.JMeterThread: Thread finished: S2 1-422
2026-10-03 17:17:34,056 INFO o.a.j.t.JMeterThread: Stopping because end time detected by thread: S2 1-154
2026-10-03 17:17:34,056 INFO o.a.j.t.JMeterThread: Thread finished: S2 1-154
2026-10-03 17:17:34,071 INFO o.a.j.t.JMeterThread: Stopping because end time detected by thread: S2 1-156
2026-10-03 17:17:34,071 INFO o.a.j.t.JMeterThread: Thread finished: S2 1-156
2026-10-03 17:17:34,079 INFO o.a.j.t.JMeterThread: Stopping because end time detected by thread: S2 1-311
2026-10-03 17:17:34,080 INFO o.a.j.t.JMeterThread: Thread finished: S2 1-311
2026-10-03 17:17:34,112 INFO o.a.j.t.JMeterThread: Stopping because end time detected by thread: S2 1-213
2026-10-03 17:17:34,112 INFO o.a.j.t.JMeterThread: Thread finished: S2 1-213
2026-10-03 17:17:34,112 INFO o.a.j.t.JMeterThread: Stopping because end time detected by thread: S2 1-424
2026-10-03 17:17:34,112 INFO o.a.j.t.JMeterThread: Thread finished: S2 1-424
2026-10-03 17:17:34,122 INFO o.a.j.t.JMeterThread: Stopping because end time detected by thread: S2 1-155
2026-10-03 17:17:34,122 INFO o.a.j.t.JMeterThread: Thread finished: S2 1-155
2026-10-03 17:17:34,133 INFO o.a.j.t.JMeterThread: Stopping because end time detected by thread: S2 1-214
2026-10-03 17:17:34,133 INFO o.a.j.t.JMeterThread: Thread finished: S2 1-214
2026-10-03 17:17:34,161 INFO o.a.j.t.JMeterThread: Stopping because end time detected by thread: S2 1-109
2026-10-03 17:17:34,161 INFO o.a.j.t.JMeterThread: Stopping because end time detected by thread: S2 1-31
2026-10-03 17:17:34,161 INFO o.a.j.t.JMeterThread: Thread finished: S2 1-109
2026-10-03 17:17:34,161 INFO o.a.j.t.JMeterThread: Thread finished: S2 1-31
2026-10-03 17:17:34,164 INFO o.a.j.t.JMeterThread: Stopping because end time detected by thread: S2 1-58
2026-10-03 17:17:34,164 INFO o.a.j.t.JMeterThread: Thread finished: S2 1-58
2026-10-03 17:17:34,169 INFO o.a.j.t.JMeterThread: Stopping because end time detected by thread: S2 1-310
2026-10-03 17:17:34,170 INFO o.a.j.t.JMeterThread: Thread finished: S2 1-310
2026-10-03 17:17:34,183 INFO o.a.j.t.JMeterThread: Stopping because end time detected by thread: S2 1-79
2026-10-03 17:17:34,183 INFO o.a.j.t.JMeterThread: Thread finished: S2 1-79
2026-10-03 17:17:34,211 INFO o.a.j.t.JMeterThread: Stopping because end time detected by thread: S2 1-216
2026-10-03 17:17:34,211 INFO o.a.j.t.JMeterThread: Thread finished: S2 1-216
2026-10-03 17:17:34,214 INFO o.a.j.t.JMeterThread: Stopping because end time detected by thread: S2 1-215
2026-10-03 17:17:34,214 INFO o.a.j.t.JMeterThread: Thread finished: S2 1-215
2026-10-03 17:17:34,214 INFO o.a.j.t.JMeterThread: Stopping because end time detected by thread: S2 1-425
2026-10-03 17:17:34,215 INFO o.a.j.t.JMeterThread: Thread finished: S2 1-425
2026-10-03 17:17:34,215 INFO o.a.j.t.JMeterThread: Stopping because end time detected by thread: S2 1-312
2026-10-03 17:17:34,215 INFO o.a.j.t.JMeterThread: Thread finished: S2 1-312
2026-10-03 17:17:34,244 INFO o.a.j.t.JMeterThread: Stopping because end time detected by thread: S2 1-111
2026-10-03 17:17:34,244 INFO o.a.j.t.JMeterThread: Thread finished: S2 1-111
2026-10-03 17:17:34,245 INFO o.a.j.t.JMeterThread: Stopping because end time detected by thread: S2 1-426
2026-10-03 17:17:34,245 INFO o.a.j.t.JMeterThread: Thread finished: S2 1-426
2026-10-03 17:17:34,246 INFO o.a.j.t.JMeterThread: Stopping because end time detected by thread: S2 1-428
2026-10-03 17:17:34,246 INFO o.a.j.t.JMeterThread: Thread finished: S2 1-428
2026-10-03 17:17:34,247 INFO o.a.j.t.JMeterThread: Stopping because end time detected by thread: S2 1-110
2026-10-03 17:17:34,247 INFO o.a.j.t.JMeterThread: Thread finished: S2 1-110
2026-10-03 17:17:34,268 INFO o.a.j.t.JMeterThread: Stopping because end time detected by thread: S2 1-313
2026-10-03 17:17:34,268 INFO o.a.j.t.JMeterThread: Thread finished: S2 1-313
2026-10-03 17:17:34,268 INFO o.a.j.t.JMeterThread: Stopping because end time detected by thread: S2 1-427
2026-10-03 17:17:34,268 INFO o.a.j.t.JMeterThread: Thread finished: S2 1-427
2026-10-03 17:17:34,283 INFO o.a.j.t.JMeterThread: Stopping because end time detected by thread: S2 1-217
2026-10-03 17:17:34,283 INFO o.a.j.t.JMeterThread: Thread finished: S2 1-217
2026-10-03 17:17:34,285 INFO o.a.j.t.JMeterThread: Stopping because end time detected by thread: S2 1-1
2026-10-03 17:17:34,285 INFO o.a.j.t.JMeterThread: Stopping because end time detected by thread: S2 1-43
2026-10-03 17:17:34,285 INFO o.a.j.t.JMeterThread: Thread finished: S2 1-1
2026-10-03 17:17:34,285 INFO o.a.j.t.JMeterThread: Thread finished: S2 1-43
2026-10-03 17:17:34,302 INFO o.a.j.t.JMeterThread: Stopping because end time detected by thread: S2 1-157
2026-10-03 17:17:34,302 INFO o.a.j.t.JMeterThread: Thread finished: S2 1-157
2026-10-03 17:17:34,302 INFO o.a.j.t.JMeterThread: Stopping because end time detected by thread: S2 1-314
2026-10-03 17:17:34,302 INFO o.a.j.t.JMeterThread: Thread finished: S2 1-314
2026-10-03 17:17:34,309 INFO o.a.j.t.JMeterThread: Stopping because end time detected by thread: S2 1-315
2026-10-03 17:17:34,309 INFO o.a.j.t.JMeterThread: Thread finished: S2 1-315
2026-10-03 17:17:34,328 INFO o.a.j.t.JMeterThread: Stopping because end time detected by thread: S2 1-218
2026-10-03 17:17:34,328 INFO o.a.j.t.JMeterThread: Thread finished: S2 1-218
2026-10-03 17:17:34,329 INFO o.a.j.t.JMeterThread: Stopping because end time detected by thread: S2 1-219
2026-10-03 17:17:34,329 INFO o.a.j.t.JMeterThread: Thread finished: S2 1-219
2026-10-03 17:17:34,335 INFO o.a.j.t.JMeterThread: Stopping because end time detected by thread: S2 1-42
2026-10-03 17:17:34,335 INFO o.a.j.t.JMeterThread: Thread finished: S2 1-42
2026-10-03 17:17:34,345 INFO o.a.j.t.JMeterThread: Stopping because end time detected by thread: S2 1-430
2026-10-03 17:17:34,345 INFO o.a.j.t.JMeterThread: Thread finished: S2 1-430
2026-10-03 17:17:34,360 INFO o.a.j.t.JMeterThread: Stopping because end time detected by thread: S2 1-9
2026-10-03 17:17:34,360 INFO o.a.j.t.JMeterThread: Thread finished: S2 1-9
2026-10-03 17:17:34,367 INFO o.a.j.t.JMeterThread: Stopping because end time detected by thread: S2 1-80
2026-10-03 17:17:34,367 INFO o.a.j.t.JMeterThread: Thread finished: S2 1-80
2026-10-03 17:17:34,373 INFO o.a.j.t.JMeterThread: Stopping because end time detected by thread: S2 1-431
2026-10-03 17:17:34,374 INFO o.a.j.t.JMeterThread: Thread finished: S2 1-431
2026-10-03 17:17:34,386 INFO o.a.j.t.JMeterThread: Stopping because end time detected by thread: S2 1-429
2026-10-03 17:17:34,386 INFO o.a.j.t.JMeterThread: Thread finished: S2 1-429
2026-10-03 17:17:34,399 INFO o.a.j.t.JMeterThread: Stopping because end time detected by thread: S2 1-159
2026-10-03 17:17:34,399 INFO o.a.j.t.JMeterThread: Thread finished: S2 1-159
2026-10-03 17:17:34,401 INFO o.a.j.t.JMeterThread: Stopping because end time detected by thread: S2 1-317
2026-10-03 17:17:34,402 INFO o.a.j.t.JMeterThread: Thread finished: S2 1-317
2026-10-03 17:17:34,409 INFO o.a.j.t.JMeterThread: Stopping because end time detected by thread: S2 1-5
2026-10-03 17:17:34,409 INFO o.a.j.t.JMeterThread: Thread finished: S2 1-5
2026-10-03 17:17:34,424 INFO o.a.j.t.JMeterThread: Stopping because end time detected by thread: S2 1-319
2026-10-03 17:17:34,424 INFO o.a.j.t.JMeterThread: Thread finished: S2 1-319
2026-10-03 17:17:34,425 INFO o.a.j.t.JMeterThread: Stopping because end time detected by thread: S2 1-432
2026-10-03 17:17:34,425 INFO o.a.j.t.JMeterThread: Thread finished: S2 1-432
2026-10-03 17:17:34,438 INFO o.a.j.t.JMeterThread: Stopping because end time detected by thread: S2 1-316
2026-10-03 17:17:34,438 INFO o.a.j.t.JMeterThread: Stopping because end time detected by thread: S2 1-158
2026-10-03 17:17:34,438 INFO o.a.j.t.JMeterThread: Thread finished: S2 1-316
2026-10-03 17:17:34,438 INFO o.a.j.t.JMeterThread: Thread finished: S2 1-158
2026-10-03 17:17:34,445 INFO o.a.j.t.JMeterThread: Stopping because end time detected by thread: S2 1-220
2026-10-03 17:17:34,445 INFO o.a.j.t.JMeterThread: Thread finished: S2 1-220
2026-10-03 17:17:34,459 INFO o.a.j.t.JMeterThread: Stopping because end time detected by thread: S2 1-434
2026-10-03 17:17:34,459 INFO o.a.j.t.JMeterThread: Thread finished: S2 1-434
2026-10-03 17:17:34,459 INFO o.a.j.t.JMeterThread: Stopping because end time detected by thread: S2 1-112
2026-10-03 17:17:34,460 INFO o.a.j.t.JMeterThread: Thread finished: S2 1-112
2026-10-03 17:17:34,465 INFO o.a.j.t.JMeterThread: Stopping because end time detected by thread: S2 1-433
2026-10-03 17:17:34,465 INFO o.a.j.t.JMeterThread: Thread finished: S2 1-433
2026-10-03 17:17:34,478 INFO o.a.j.t.JMeterThread: Stopping because end time detected by thread: S2 1-318
2026-10-03 17:17:34,478 INFO o.a.j.t.JMeterThread: Thread finished: S2 1-318
2026-10-03 17:17:34,478 INFO o.a.j.t.JMeterThread: Stopping because end time detected by thread: S2 1-320
2026-10-03 17:17:34,478 INFO o.a.j.t.JMeterThread: Thread finished: S2 1-320
2026-10-03 17:17:34,494 INFO o.a.j.t.JMeterThread: Stopping because end time detected by thread: S2 1-222
2026-10-03 17:17:34,494 INFO o.a.j.t.JMeterThread: Thread finished: S2 1-222
2026-10-03 17:17:34,504 INFO o.a.j.t.JMeterThread: Stopping because end time detected by thread: S2 1-435
2026-10-03 17:17:34,505 INFO o.a.j.t.JMeterThread: Thread finished: S2 1-435
2026-10-03 17:17:34,506 INFO o.a.j.t.JMeterThread: Stopping because end time detected by thread: S2 1-221
2026-10-03 17:17:34,507 INFO o.a.j.t.JMeterThread: Thread finished: S2 1-221
2026-10-03 17:17:34,516 INFO o.a.j.t.JMeterThread: Stopping because end time detected by thread: S2 1-114
2026-10-03 17:17:34,516 INFO o.a.j.t.JMeterThread: Thread finished: S2 1-114
2026-10-03 17:17:34,517 INFO o.a.j.t.JMeterThread: Stopping because end time detected by thread: S2 1-113
2026-10-03 17:17:34,518 INFO o.a.j.t.JMeterThread: Thread finished: S2 1-113
2026-10-03 17:17:34,524 INFO o.a.j.t.JMeterThread: Stopping because end time detected by thread: S2 1-437
2026-10-03 17:17:34,524 INFO o.a.j.t.JMeterThread: Thread finished: S2 1-437
2026-10-03 17:17:34,542 INFO o.a.j.t.JMeterThread: Stopping because end time detected by thread: S2 1-436
2026-10-03 17:17:34,542 INFO o.a.j.t.JMeterThread: Thread finished: S2 1-436
2026-10-03 17:17:34,543 INFO o.a.j.t.JMeterThread: Stopping because end time detected by thread: S2 1-439
2026-10-03 17:17:34,543 INFO o.a.j.t.JMeterThread: Stopping because end time detected by thread: S2 1-160
2026-10-03 17:17:34,543 INFO o.a.j.t.JMeterThread: Thread finished: S2 1-439
2026-10-03 17:17:34,543 INFO o.a.j.t.JMeterThread: Thread finished: S2 1-160
2026-10-03 17:17:34,550 INFO o.a.j.t.JMeterThread: Stopping because end time detected by thread: S2 1-321
2026-10-03 17:17:34,550 INFO o.a.j.t.JMeterThread: Thread finished: S2 1-321
2026-10-03 17:17:34,560 INFO o.a.j.t.JMeterThread: Stopping because end time detected by thread: S2 1-438
2026-10-03 17:17:34,560 INFO o.a.j.t.JMeterThread: Thread finished: S2 1-438
2026-10-03 17:17:34,570 INFO o.a.j.t.JMeterThread: Stopping because end time detected by thread: S2 1-32
2026-10-03 17:17:34,570 INFO o.a.j.t.JMeterThread: Thread finished: S2 1-32
2026-10-03 17:17:34,574 INFO o.a.j.t.JMeterThread: Stopping because end time detected by thread: S2 1-223
2026-10-03 17:17:34,574 INFO o.a.j.t.JMeterThread: Thread finished: S2 1-223
2026-10-03 17:17:34,580 INFO o.a.j.t.JMeterThread: Stopping because end time detected by thread: S2 1-81
2026-10-03 17:17:34,580 INFO o.a.j.t.JMeterThread: Thread finished: S2 1-81
2026-10-03 17:17:34,584 INFO o.a.j.t.JMeterThread: Stopping because end time detected by thread: S2 1-225
2026-10-03 17:17:34,585 INFO o.a.j.t.JMeterThread: Thread finished: S2 1-225
2026-10-03 17:17:34,596 INFO o.a.j.t.JMeterThread: Stopping because end time detected by thread: S2 1-323
2026-10-03 17:17:34,596 INFO o.a.j.t.JMeterThread: Thread finished: S2 1-323
2026-10-03 17:17:34,606 INFO o.a.j.t.JMeterThread: Stopping because end time detected by thread: S2 1-161
2026-10-03 17:17:34,606 INFO o.a.j.t.JMeterThread: Thread finished: S2 1-161
2026-10-03 17:17:34,609 INFO o.a.j.t.JMeterThread: Stopping because end time detected by thread: S2 1-322
2026-10-03 17:17:34,610 INFO o.a.j.t.JMeterThread: Thread finished: S2 1-322
2026-10-03 17:17:34,616 INFO o.a.j.t.JMeterThread: Stopping because end time detected by thread: S2 1-224
2026-10-03 17:17:34,616 INFO o.a.j.t.JMeterThread: Thread finished: S2 1-224
2026-10-03 17:17:34,636 INFO o.a.j.t.JMeterThread: Stopping because end time detected by thread: S2 1-59
2026-10-03 17:17:34,636 INFO o.a.j.t.JMeterThread: Thread finished: S2 1-59
2026-10-03 17:17:34,636 INFO o.a.j.t.JMeterThread: Stopping because end time detected by thread: S2 1-14
2026-10-03 17:17:34,636 INFO o.a.j.t.JMeterThread: Thread finished: S2 1-14
2026-10-03 17:17:34,642 INFO o.a.j.t.JMeterThread: Stopping because end time detected by thread: S2 1-440
2026-10-03 17:17:34,642 INFO o.a.j.t.JMeterThread: Thread finished: S2 1-440
2026-10-03 17:17:34,652 INFO o.a.j.t.JMeterThread: Stopping because end time detected by thread: S2 1-324
2026-10-03 17:17:34,652 INFO o.a.j.t.JMeterThread: Thread finished: S2 1-324
2026-10-03 17:17:34,653 INFO o.a.j.t.JMeterThread: Stopping because end time detected by thread: S2 1-82
2026-10-03 17:17:34,654 INFO o.a.j.t.JMeterThread: Thread finished: S2 1-82
2026-10-03 17:17:34,655 INFO o.a.j.t.JMeterThread: Stopping because end time detected by thread: S2 1-441
2026-10-03 17:17:34,655 INFO o.a.j.t.JMeterThread: Thread finished: S2 1-441
2026-10-03 17:17:34,659 INFO o.a.j.t.JMeterThread: Stopping because end time detected by thread: S2 1-326
2026-10-03 17:17:34,660 INFO o.a.j.t.JMeterThread: Thread finished: S2 1-326
2026-10-03 17:17:34,682 INFO o.a.j.t.JMeterThread: Stopping because end time detected by thread: S2 1-162
2026-10-03 17:17:34,682 INFO o.a.j.t.JMeterThread: Thread finished: S2 1-162
2026-10-03 17:17:34,690 INFO o.a.j.t.JMeterThread: Stopping because end time detected by thread: S2 1-442
2026-10-03 17:17:34,690 INFO o.a.j.t.JMeterThread: Thread finished: S2 1-442
2026-10-03 17:17:34,690 INFO o.a.j.t.JMeterThread: Stopping because end time detected by thread: S2 1-115
2026-10-03 17:17:34,690 INFO o.a.j.t.JMeterThread: Thread finished: S2 1-115
2026-10-03 17:17:34,696 INFO o.a.j.t.JMeterThread: Stopping because end time detected by thread: S2 1-445
2026-10-03 17:17:34,696 INFO o.a.j.t.JMeterThread: Thread finished: S2 1-445
2026-10-03 17:17:34,707 INFO o.a.j.t.JMeterThread: Stopping because end time detected by thread: S2 1-443
2026-10-03 17:17:34,708 INFO o.a.j.t.JMeterThread: Thread finished: S2 1-443
2026-10-03 17:17:34,709 INFO o.a.j.t.JMeterThread: Stopping because end time detected by thread: S2 1-444
2026-10-03 17:17:34,710 INFO o.a.j.t.JMeterThread: Thread finished: S2 1-444
2026-10-03 17:17:34,715 INFO o.a.j.t.JMeterThread: Stopping because end time detected by thread: S2 1-116
2026-10-03 17:17:34,715 INFO o.a.j.t.JMeterThread: Thread finished: S2 1-116
2026-10-03 17:17:34,733 INFO o.a.j.t.JMeterThread: Stopping because end time detected by thread: S2 1-226
2026-10-03 17:17:34,733 INFO o.a.j.t.JMeterThread: Thread finished: S2 1-226
2026-10-03 17:17:34,734 INFO o.a.j.t.JMeterThread: Stopping because end time detected by thread: S2 1-325
2026-10-03 17:17:34,734 INFO o.a.j.t.JMeterThread: Thread finished: S2 1-325
2026-10-03 17:17:34,737 INFO o.a.j.t.JMeterThread: Stopping because end time detected by thread: S2 1-163
2026-10-03 17:17:34,737 INFO o.a.j.t.JMeterThread: Thread finished: S2 1-163
2026-10-03 17:17:34,742 INFO o.a.j.t.JMeterThread: Stopping because end time detected by thread: S2 1-44
2026-10-03 17:17:34,742 INFO o.a.j.t.JMeterThread: Thread finished: S2 1-44
2026-10-03 17:17:34,754 INFO o.a.j.t.JMeterThread: Stopping because end time detected by thread: S2 1-327
2026-10-03 17:17:34,754 INFO o.a.j.t.JMeterThread: Thread finished: S2 1-327
2026-10-03 17:17:34,754 INFO o.a.j.t.JMeterThread: Stopping because end time detected by thread: S2 1-328
2026-10-03 17:17:34,754 INFO o.a.j.t.JMeterThread: Thread finished: S2 1-328
2026-10-03 17:17:34,757 INFO o.a.j.t.JMeterThread: Stopping because end time detected by thread: S2 1-83
2026-10-03 17:17:34,757 INFO o.a.j.t.JMeterThread: Thread finished: S2 1-83
2026-10-03 17:17:34,763 INFO o.a.j.t.JMeterThread: Stopping because end time detected by thread: S2 1-21
2026-10-03 17:17:34,763 INFO o.a.j.t.JMeterThread: Thread finished: S2 1-21
2026-10-03 17:17:34,782 INFO o.a.j.t.JMeterThread: Stopping because end time detected by thread: S2 1-446
2026-10-03 17:17:34,783 INFO o.a.j.t.JMeterThread: Thread finished: S2 1-446
2026-10-03 17:17:34,787 INFO o.a.j.t.JMeterThread: Stopping because end time detected by thread: S2 1-227
2026-10-03 17:17:34,788 INFO o.a.j.t.JMeterThread: Thread finished: S2 1-227
2026-10-03 17:17:34,788 INFO o.a.j.t.JMeterThread: Stopping because end time detected by thread: S2 1-447
2026-10-03 17:17:34,788 INFO o.a.j.t.JMeterThread: Thread finished: S2 1-447
2026-10-03 17:17:34,800 INFO o.a.j.t.JMeterThread: Stopping because end time detected by thread: S2 1-60
2026-10-03 17:17:34,800 INFO o.a.j.t.JMeterThread: Thread finished: S2 1-60
2026-10-03 17:17:34,801 INFO o.a.j.t.JMeterThread: Stopping because end time detected by thread: S2 1-329
2026-10-03 17:17:34,801 INFO o.a.j.t.JMeterThread: Thread finished: S2 1-329
2026-10-03 17:17:34,812 INFO o.a.j.t.JMeterThread: Stopping because end time detected by thread: S2 1-45
2026-10-03 17:17:34,812 INFO o.a.j.t.JMeterThread: Thread finished: S2 1-45
2026-10-03 17:17:34,817 INFO o.a.j.t.JMeterThread: Stopping because end time detected by thread: S2 1-330
2026-10-03 17:17:34,818 INFO o.a.j.t.JMeterThread: Thread finished: S2 1-330
2026-10-03 17:17:34,822 INFO o.a.j.t.JMeterThread: Stopping because end time detected by thread: S2 1-229
2026-10-03 17:17:34,822 INFO o.a.j.t.JMeterThread: Thread finished: S2 1-229
2026-10-03 17:17:34,835 INFO o.a.j.t.JMeterThread: Stopping because end time detected by thread: S2 1-228
2026-10-03 17:17:34,835 INFO o.a.j.t.JMeterThread: Stopping because end time detected by thread: S2 1-164
2026-10-03 17:17:34,835 INFO o.a.j.t.JMeterThread: Thread finished: S2 1-164
2026-10-03 17:17:34,835 INFO o.a.j.t.JMeterThread: Thread finished: S2 1-228
2026-10-03 17:17:34,851 INFO o.a.j.t.JMeterThread: Stopping because end time detected by thread: S2 1-4
2026-10-03 17:17:34,851 INFO o.a.j.t.JMeterThread: Thread finished: S2 1-4
2026-10-03 17:17:34,852 INFO o.a.j.t.JMeterThread: Stopping because end time detected by thread: S2 1-449
2026-10-03 17:17:34,852 INFO o.a.j.t.JMeterThread: Thread finished: S2 1-449
2026-10-03 17:17:34,858 INFO o.a.j.t.JMeterThread: Stopping because end time detected by thread: S2 1-331
2026-10-03 17:17:34,858 INFO o.a.j.t.JMeterThread: Thread finished: S2 1-331
2026-10-03 17:17:34,874 INFO o.a.j.t.JMeterThread: Stopping because end time detected by thread: S2 1-448
2026-10-03 17:17:34,874 INFO o.a.j.t.JMeterThread: Thread finished: S2 1-448
2026-10-03 17:17:34,882 INFO o.a.j.t.JMeterThread: Stopping because end time detected by thread: S2 1-451
2026-10-03 17:17:34,882 INFO o.a.j.t.JMeterThread: Thread finished: S2 1-451
2026-10-03 17:17:34,884 INFO o.a.j.t.JMeterThread: Stopping because end time detected by thread: S2 1-165
2026-10-03 17:17:34,884 INFO o.a.j.t.JMeterThread: Thread finished: S2 1-165
2026-10-03 17:17:34,894 INFO o.a.j.t.JMeterThread: Stopping because end time detected by thread: S2 1-450
2026-10-03 17:17:34,894 INFO o.a.j.t.JMeterThread: Thread finished: S2 1-450
2026-10-03 17:17:34,902 INFO o.a.j.t.JMeterThread: Stopping because end time detected by thread: S2 1-230
2026-10-03 17:17:34,902 INFO o.a.j.t.JMeterThread: Thread finished: S2 1-230
2026-10-03 17:17:34,903 INFO o.a.j.t.JMeterThread: Stopping because end time detected by thread: S2 1-117
2026-10-03 17:17:34,903 INFO o.a.j.t.JMeterThread: Thread finished: S2 1-117
2026-10-03 17:17:34,915 INFO o.a.j.t.JMeterThread: Stopping because end time detected by thread: S2 1-333
2026-10-03 17:17:34,915 INFO o.a.j.t.JMeterThread: Thread finished: S2 1-333
2026-10-03 17:17:34,918 INFO o.a.j.t.JMeterThread: Stopping because end time detected by thread: S2 1-231
2026-10-03 17:17:34,918 INFO o.a.j.t.JMeterThread: Thread finished: S2 1-231
2026-10-03 17:17:34,925 INFO o.a.j.t.JMeterThread: Stopping because end time detected by thread: S2 1-332
2026-10-03 17:17:34,925 INFO o.a.j.t.JMeterThread: Stopping because end time detected by thread: S2 1-84
2026-10-03 17:17:34,925 INFO o.a.j.t.JMeterThread: Thread finished: S2 1-332
2026-10-03 17:17:34,925 INFO o.a.j.t.JMeterThread: Thread finished: S2 1-84
2026-10-03 17:17:34,933 INFO o.a.j.t.JMeterThread: Stopping because end time detected by thread: S2 1-452
2026-10-03 17:17:34,933 INFO o.a.j.t.JMeterThread: Thread finished: S2 1-452
2026-10-03 17:17:34,944 INFO o.a.j.t.JMeterThread: Stopping because end time detected by thread: S2 1-453
2026-10-03 17:17:34,944 INFO o.a.j.t.JMeterThread: Thread finished: S2 1-453
2026-10-03 17:17:34,960 INFO o.a.j.t.JMeterThread: Stopping because end time detected by thread: S2 1-62
2026-10-03 17:17:34,960 INFO o.a.j.t.JMeterThread: Thread finished: S2 1-62
2026-10-03 17:17:34,962 INFO o.a.j.t.JMeterThread: Stopping because end time detected by thread: S2 1-23
2026-10-03 17:17:34,962 INFO o.a.j.t.JMeterThread: Thread finished: S2 1-23
2026-10-03 17:17:34,967 INFO o.a.j.t.JMeterThread: Stopping because end time detected by thread: S2 1-118
2026-10-03 17:17:34,967 INFO o.a.j.t.JMeterThread: Thread finished: S2 1-118
2026-10-03 17:17:34,974 INFO o.a.j.t.JMeterThread: Stopping because end time detected by thread: S2 1-166
2026-10-03 17:17:34,974 INFO o.a.j.t.JMeterThread: Thread finished: S2 1-166
2026-10-03 17:17:34,980 INFO o.a.j.t.JMeterThread: Stopping because end time detected by thread: S2 1-167
2026-10-03 17:17:34,980 INFO o.a.j.t.JMeterThread: Thread finished: S2 1-167
2026-10-03 17:17:34,986 INFO o.a.j.t.JMeterThread: Stopping because end time detected by thread: S2 1-454
2026-10-03 17:17:34,986 INFO o.a.j.t.JMeterThread: Thread finished: S2 1-454
2026-10-03 17:17:35,001 INFO o.a.j.t.JMeterThread: Stopping because end time detected by thread: S2 1-119
2026-10-03 17:17:35,001 INFO o.a.j.t.JMeterThread: Thread finished: S2 1-119
2026-10-03 17:17:35,008 INFO o.a.j.t.JMeterThread: Stopping because end time detected by thread: S2 1-334
2026-10-03 17:17:35,008 INFO o.a.j.t.JMeterThread: Thread finished: S2 1-334
2026-10-03 17:17:35,012 INFO o.a.j.t.JMeterThread: Stopping because end time detected by thread: S2 1-456
2026-10-03 17:17:35,012 INFO o.a.j.t.JMeterThread: Thread finished: S2 1-456
2026-10-03 17:17:35,018 INFO o.a.j.t.JMeterThread: Stopping because end time detected by thread: S2 1-85
2026-10-03 17:17:35,018 INFO o.a.j.t.JMeterThread: Thread finished: S2 1-85
2026-10-03 17:17:35,027 INFO o.a.j.t.JMeterThread: Stopping because end time detected by thread: S2 1-335
2026-10-03 17:17:35,027 INFO o.a.j.t.JMeterThread: Thread finished: S2 1-335
2026-10-03 17:17:35,029 INFO o.a.j.t.JMeterThread: Stopping because end time detected by thread: S2 1-232
2026-10-03 17:17:35,029 INFO o.a.j.t.JMeterThread: Thread finished: S2 1-232
2026-10-03 17:17:35,034 INFO o.a.j.t.JMeterThread: Stopping because end time detected by thread: S2 1-457
2026-10-03 17:17:35,034 INFO o.a.j.t.JMeterThread: Thread finished: S2 1-457
2026-10-03 17:17:35,051 INFO o.a.j.t.JMeterThread: Stopping because end time detected by thread: S2 1-459
2026-10-03 17:17:35,051 INFO o.a.j.t.JMeterThread: Thread finished: S2 1-459
2026-10-03 17:17:35,052 INFO o.a.j.t.JMeterThread: Stopping because end time detected by thread: S2 1-233
2026-10-03 17:17:35,052 INFO o.a.j.t.JMeterThread: Thread finished: S2 1-233
2026-10-03 17:17:35,056 INFO o.a.j.t.JMeterThread: Stopping because end time detected by thread: S2 1-336
2026-10-03 17:17:35,056 INFO o.a.j.t.JMeterThread: Thread finished: S2 1-336
2026-10-03 17:17:35,067 INFO o.a.j.t.JMeterThread: Stopping because end time detected by thread: S2 1-455
2026-10-03 17:17:35,067 INFO o.a.j.t.JMeterThread: Thread finished: S2 1-455
2026-10-03 17:17:35,075 INFO o.a.j.t.JMeterThread: Stopping because end time detected by thread: S2 1-234
2026-10-03 17:17:35,075 INFO o.a.j.t.JMeterThread: Thread finished: S2 1-234
2026-10-03 17:17:35,078 INFO o.a.j.t.JMeterThread: Stopping because end time detected by thread: S2 1-61
2026-10-03 17:17:35,078 INFO o.a.j.t.JMeterThread: Thread finished: S2 1-61
2026-10-03 17:17:35,086 INFO o.a.j.t.JMeterThread: Stopping because end time detected by thread: S2 1-120
2026-10-03 17:17:35,086 INFO o.a.j.t.JMeterThread: Thread finished: S2 1-120
2026-10-03 17:17:35,100 INFO o.a.j.t.JMeterThread: Stopping because end time detected by thread: S2 1-458
2026-10-03 17:17:35,100 INFO o.a.j.t.JMeterThread: Thread finished: S2 1-458
2026-10-03 17:17:35,101 INFO o.a.j.t.JMeterThread: Stopping because end time detected by thread: S2 1-168
2026-10-03 17:17:35,101 INFO o.a.j.t.JMeterThread: Thread finished: S2 1-168
2026-10-03 17:17:35,109 INFO o.a.j.t.JMeterThread: Stopping because end time detected by thread: S2 1-235
2026-10-03 17:17:35,109 INFO o.a.j.t.JMeterThread: Thread finished: S2 1-235
2026-10-03 17:17:35,127 INFO o.a.j.t.JMeterThread: Stopping because end time detected by thread: S2 1-87
2026-10-03 17:17:35,127 INFO o.a.j.t.JMeterThread: Thread finished: S2 1-87
2026-10-03 17:17:35,129 INFO o.a.j.t.JMeterThread: Stopping because end time detected by thread: S2 1-121
2026-10-03 17:17:35,129 INFO o.a.j.t.JMeterThread: Thread finished: S2 1-121
2026-10-03 17:17:35,130 INFO o.a.j.t.JMeterThread: Stopping because end time detected by thread: S2 1-461
2026-10-03 17:17:35,130 INFO o.a.j.t.JMeterThread: Thread finished: S2 1-461
2026-10-03 17:17:35,131 INFO o.a.j.t.JMeterThread: Stopping because end time detected by thread: S2 1-86
2026-10-03 17:17:35,131 INFO o.a.j.t.JMeterThread: Thread finished: S2 1-86
2026-10-03 17:17:35,146 INFO o.a.j.t.JMeterThread: Stopping because end time detected by thread: S2 1-460
2026-10-03 17:17:35,146 INFO o.a.j.t.JMeterThread: Stopping because end time detected by thread: S2 1-337
2026-10-03 17:17:35,147 INFO o.a.j.t.JMeterThread: Thread finished: S2 1-460
2026-10-03 17:17:35,147 INFO o.a.j.t.JMeterThread: Thread finished: S2 1-337
2026-10-03 17:17:35,159 INFO o.a.j.t.JMeterThread: Stopping because end time detected by thread: S2 1-169
2026-10-03 17:17:35,159 INFO o.a.j.t.JMeterThread: Thread finished: S2 1-169
2026-10-03 17:17:35,160 INFO o.a.j.t.JMeterThread: Stopping because end time detected by thread: S2 1-236
2026-10-03 17:17:35,160 INFO o.a.j.t.JMeterThread: Thread finished: S2 1-236
2026-10-03 17:17:35,185 INFO o.a.j.t.JMeterThread: Stopping because end time detected by thread: S2 1-239
2026-10-03 17:17:35,185 INFO o.a.j.t.JMeterThread: Stopping because end time detected by thread: S2 1-340
2026-10-03 17:17:35,185 INFO o.a.j.t.JMeterThread: Thread finished: S2 1-239
2026-10-03 17:17:35,185 INFO o.a.j.t.JMeterThread: Thread finished: S2 1-340
2026-10-03 17:17:35,185 INFO o.a.j.t.JMeterThread: Stopping because end time detected by thread: S2 1-339
2026-10-03 17:17:35,186 INFO o.a.j.t.JMeterThread: Thread finished: S2 1-339
2026-10-03 17:17:35,186 INFO o.a.j.t.JMeterThread: Stopping because end time detected by thread: S2 1-338
2026-10-03 17:17:35,186 INFO o.a.j.t.JMeterThread: Thread finished: S2 1-338
2026-10-03 17:17:35,221 INFO o.a.j.t.JMeterThread: Stopping because end time detected by thread: S2 1-170
2026-10-03 17:17:35,221 INFO o.a.j.t.JMeterThread: Thread finished: S2 1-170
2026-10-03 17:17:35,224 INFO o.a.j.t.JMeterThread: Stopping because end time detected by thread: S2 1-3
2026-10-03 17:17:35,224 INFO o.a.j.t.JMeterThread: Thread finished: S2 1-3
2026-10-03 17:17:35,225 INFO o.a.j.t.JMeterThread: Stopping because end time detected by thread: S2 1-238
2026-10-03 17:17:35,225 INFO o.a.j.t.JMeterThread: Thread finished: S2 1-238
2026-10-03 17:17:35,232 INFO o.a.j.t.JMeterThread: Stopping because end time detected by thread: S2 1-237
2026-10-03 17:17:35,232 INFO o.a.j.t.JMeterThread: Thread finished: S2 1-237
2026-10-03 17:17:35,246 INFO o.a.j.t.JMeterThread: Stopping because end time detected by thread: S2 1-342
2026-10-03 17:17:35,246 INFO o.a.j.t.JMeterThread: Thread finished: S2 1-342
2026-10-03 17:17:35,258 INFO o.a.j.t.JMeterThread: Stopping because end time detected by thread: S2 1-122
2026-10-03 17:17:35,258 INFO o.a.j.t.JMeterThread: Thread finished: S2 1-122
2026-10-03 17:17:35,258 INFO o.a.j.t.JMeterThread: Stopping because end time detected by thread: S2 1-462
2026-10-03 17:17:35,258 INFO o.a.j.t.JMeterThread: Thread finished: S2 1-462
2026-10-03 17:17:35,263 INFO o.a.j.t.JMeterThread: Stopping because end time detected by thread: S2 1-341
2026-10-03 17:17:35,263 INFO o.a.j.t.JMeterThread: Thread finished: S2 1-341
2026-10-03 17:17:35,284 INFO o.a.j.t.JMeterThread: Stopping because end time detected by thread: S2 1-63
2026-10-03 17:17:35,284 INFO o.a.j.t.JMeterThread: Thread finished: S2 1-63
2026-10-03 17:17:35,290 INFO o.a.j.t.JMeterThread: Stopping because end time detected by thread: S2 1-343
2026-10-03 17:17:35,290 INFO o.a.j.t.JMeterThread: Thread finished: S2 1-343
2026-10-03 17:17:35,292 INFO o.a.j.t.JMeterThread: Stopping because end time detected by thread: S2 1-464
2026-10-03 17:17:35,292 INFO o.a.j.t.JMeterThread: Thread finished: S2 1-464
2026-10-03 17:17:35,294 INFO o.a.j.t.JMeterThread: Stopping because end time detected by thread: S2 1-33
2026-10-03 17:17:35,294 INFO o.a.j.t.JMeterThread: Thread finished: S2 1-33
2026-10-03 17:17:35,316 INFO o.a.j.t.JMeterThread: Stopping because end time detected by thread: S2 1-34
2026-10-03 17:17:35,316 INFO o.a.j.t.JMeterThread: Thread finished: S2 1-34
2026-10-03 17:17:35,324 INFO o.a.j.t.JMeterThread: Stopping because end time detected by thread: S2 1-466
2026-10-03 17:17:35,324 INFO o.a.j.t.JMeterThread: Thread finished: S2 1-466
2026-10-03 17:17:35,325 INFO o.a.j.t.JMeterThread: Stopping because end time detected by thread: S2 1-171
2026-10-03 17:17:35,325 INFO o.a.j.t.JMeterThread: Thread finished: S2 1-171
2026-10-03 17:17:35,326 INFO o.a.j.t.JMeterThread: Stopping because end time detected by thread: S2 1-463
2026-10-03 17:17:35,326 INFO o.a.j.t.JMeterThread: Thread finished: S2 1-463
2026-10-03 17:17:35,350 INFO o.a.j.t.JMeterThread: Stopping because end time detected by thread: S2 1-241
2026-10-03 17:17:35,350 INFO o.a.j.t.JMeterThread: Thread finished: S2 1-241
2026-10-03 17:17:35,350 INFO o.a.j.t.JMeterThread: Stopping because end time detected by thread: S2 1-46
2026-10-03 17:17:35,350 INFO o.a.j.t.JMeterThread: Thread finished: S2 1-46
2026-10-03 17:17:35,355 INFO o.a.j.t.JMeterThread: Stopping because end time detected by thread: S2 1-465
2026-10-03 17:17:35,355 INFO o.a.j.t.JMeterThread: Thread finished: S2 1-465
2026-10-03 17:17:35,362 INFO o.a.j.t.JMeterThread: Stopping because end time detected by thread: S2 1-240
2026-10-03 17:17:35,362 INFO o.a.j.t.JMeterThread: Thread finished: S2 1-240
2026-10-03 17:17:35,374 INFO o.a.j.t.JMeterThread: Stopping because end time detected by thread: S2 1-345
2026-10-03 17:17:35,375 INFO o.a.j.t.JMeterThread: Thread finished: S2 1-345
2026-10-03 17:17:35,377 INFO o.a.j.t.JMeterThread: Stopping because end time detected by thread: S2 1-172
2026-10-03 17:17:35,377 INFO o.a.j.t.JMeterThread: Thread finished: S2 1-172
2026-10-03 17:17:35,385 INFO o.a.j.t.JMeterThread: Stopping because end time detected by thread: S2 1-64
2026-10-03 17:17:35,385 INFO o.a.j.t.JMeterThread: Thread finished: S2 1-64
2026-10-03 17:17:35,397 INFO o.a.j.t.JMeterThread: Stopping because end time detected by thread: S2 1-467
2026-10-03 17:17:35,397 INFO o.a.j.t.JMeterThread: Thread finished: S2 1-467
2026-10-03 17:17:35,403 INFO o.a.j.t.JMeterThread: Stopping because end time detected by thread: S2 1-344
2026-10-03 17:17:35,403 INFO o.a.j.t.JMeterThread: Thread finished: S2 1-344
2026-10-03 17:17:35,403 INFO o.a.j.t.JMeterThread: Stopping because end time detected by thread: S2 1-468
2026-10-03 17:17:35,403 INFO o.a.j.t.JMeterThread: Thread finished: S2 1-468
2026-10-03 17:17:35,408 INFO o.a.j.t.JMeterThread: Stopping because end time detected by thread: S2 1-243
2026-10-03 17:17:35,408 INFO o.a.j.t.JMeterThread: Thread finished: S2 1-243
2026-10-03 17:17:35,421 INFO o.a.j.t.JMeterThread: Stopping because end time detected by thread: S2 1-242
2026-10-03 17:17:35,421 INFO o.a.j.t.JMeterThread: Thread finished: S2 1-242
2026-10-03 17:17:35,425 INFO o.a.j.t.JMeterThread: Stopping because end time detected by thread: S2 1-469
2026-10-03 17:17:35,425 INFO o.a.j.t.JMeterThread: Thread finished: S2 1-469
2026-10-03 17:17:35,430 INFO o.a.j.t.JMeterThread: Stopping because end time detected by thread: S2 1-346
2026-10-03 17:17:35,430 INFO o.a.j.t.JMeterThread: Thread finished: S2 1-346
2026-10-03 17:17:35,437 INFO o.a.j.t.JMeterThread: Stopping because end time detected by thread: S2 1-123
2026-10-03 17:17:35,437 INFO o.a.j.t.JMeterThread: Thread finished: S2 1-123
2026-10-03 17:17:35,454 INFO o.a.j.t.JMeterThread: Stopping because end time detected by thread: S2 1-347
2026-10-03 17:17:35,454 INFO o.a.j.t.JMeterThread: Thread finished: S2 1-347
2026-10-03 17:17:35,456 INFO o.a.j.t.JMeterThread: Stopping because end time detected by thread: S2 1-470
2026-10-03 17:17:35,456 INFO o.a.j.t.JMeterThread: Thread finished: S2 1-470
2026-10-03 17:17:35,457 INFO o.a.j.t.JMeterThread: Stopping because end time detected by thread: S2 1-173
2026-10-03 17:17:35,457 INFO o.a.j.t.JMeterThread: Thread finished: S2 1-173
2026-10-03 17:17:35,468 INFO o.a.j.t.JMeterThread: Stopping because end time detected by thread: S2 1-124
2026-10-03 17:17:35,468 INFO o.a.j.t.JMeterThread: Thread finished: S2 1-124
2026-10-03 17:17:35,476 INFO o.a.j.t.JMeterThread: Stopping because end time detected by thread: S2 1-349
2026-10-03 17:17:35,477 INFO o.a.j.t.JMeterThread: Thread finished: S2 1-349
2026-10-03 17:17:35,484 INFO o.a.j.t.JMeterThread: Stopping because end time detected by thread: S2 1-245
2026-10-03 17:17:35,484 INFO o.a.j.t.JMeterThread: Thread finished: S2 1-245
2026-10-03 17:17:35,490 INFO o.a.j.t.JMeterThread: Stopping because end time detected by thread: S2 1-244
2026-10-03 17:17:35,490 INFO o.a.j.t.JMeterThread: Thread finished: S2 1-244
2026-10-03 17:17:35,497 INFO o.a.j.t.JMeterThread: Stopping because end time detected by thread: S2 1-473
2026-10-03 17:17:35,497 INFO o.a.j.t.JMeterThread: Thread finished: S2 1-473
2026-10-03 17:17:35,505 INFO o.a.j.t.JMeterThread: Stopping because end time detected by thread: S2 1-22
2026-10-03 17:17:35,505 INFO o.a.j.t.JMeterThread: Thread finished: S2 1-22
2026-10-03 17:17:35,512 INFO o.a.j.t.JMeterThread: Stopping because end time detected by thread: S2 1-24
2026-10-03 17:17:35,513 INFO o.a.j.t.JMeterThread: Thread finished: S2 1-24
2026-10-03 17:17:35,513 INFO o.a.j.t.JMeterThread: Stopping because end time detected by thread: S2 1-472
2026-10-03 17:17:35,513 INFO o.a.j.t.JMeterThread: Thread finished: S2 1-472
2026-10-03 17:17:35,533 INFO o.a.j.t.JMeterThread: Stopping because end time detected by thread: S2 1-476
2026-10-03 17:17:35,533 INFO o.a.j.t.JMeterThread: Thread finished: S2 1-476
2026-10-03 17:17:35,534 INFO o.a.j.t.JMeterThread: Stopping because end time detected by thread: S2 1-246
2026-10-03 17:17:35,535 INFO o.a.j.t.JMeterThread: Thread finished: S2 1-246
2026-10-03 17:17:35,542 INFO o.a.j.t.JMeterThread: Stopping because end time detected by thread: S2 1-348
2026-10-03 17:17:35,542 INFO o.a.j.t.JMeterThread: Thread finished: S2 1-348
2026-10-03 17:17:35,550 INFO o.a.j.t.JMeterThread: Stopping because end time detected by thread: S2 1-471
2026-10-03 17:17:35,550 INFO o.a.j.t.JMeterThread: Thread finished: S2 1-471
2026-10-03 17:17:35,556 INFO o.a.j.t.JMeterThread: Stopping because end time detected by thread: S2 1-474
2026-10-03 17:17:35,556 INFO o.a.j.t.JMeterThread: Thread finished: S2 1-474
2026-10-03 17:17:35,568 INFO o.a.j.t.JMeterThread: Stopping because end time detected by thread: S2 1-174
2026-10-03 17:17:35,569 INFO o.a.j.t.JMeterThread: Thread finished: S2 1-174
2026-10-03 17:17:35,576 INFO o.a.j.t.JMeterThread: Stopping because end time detected by thread: S2 1-47
2026-10-03 17:17:35,576 INFO o.a.j.t.JMeterThread: Thread finished: S2 1-47
2026-10-03 17:17:35,577 INFO o.a.j.t.JMeterThread: Stopping because end time detected by thread: S2 1-248
2026-10-03 17:17:35,577 INFO o.a.j.t.JMeterThread: Thread finished: S2 1-248
2026-10-03 17:17:35,587 INFO o.a.j.t.JMeterThread: Stopping because end time detected by thread: S2 1-350
2026-10-03 17:17:35,588 INFO o.a.j.t.JMeterThread: Thread finished: S2 1-350
2026-10-03 17:17:35,601 INFO o.a.j.t.JMeterThread: Stopping because end time detected by thread: S2 1-475
2026-10-03 17:17:35,601 INFO o.a.j.t.JMeterThread: Thread finished: S2 1-475
2026-10-03 17:17:35,606 INFO o.a.j.t.JMeterThread: Stopping because end time detected by thread: S2 1-125
2026-10-03 17:17:35,607 INFO o.a.j.t.JMeterThread: Thread finished: S2 1-125
2026-10-03 17:17:35,609 INFO o.a.j.t.JMeterThread: Stopping because end time detected by thread: S2 1-247
2026-10-03 17:17:35,609 INFO o.a.j.t.JMeterThread: Thread finished: S2 1-247
2026-10-03 17:17:35,622 INFO o.a.j.t.JMeterThread: Stopping because end time detected by thread: S2 1-89
2026-10-03 17:17:35,622 INFO o.a.j.t.JMeterThread: Thread finished: S2 1-89
2026-10-03 17:17:35,631 INFO o.a.j.t.JMeterThread: Stopping because end time detected by thread: S2 1-126
2026-10-03 17:17:35,631 INFO o.a.j.t.JMeterThread: Thread finished: S2 1-126
2026-10-03 17:17:35,635 INFO o.a.j.t.JMeterThread: Stopping because end time detected by thread: S2 1-175
2026-10-03 17:17:35,636 INFO o.a.j.t.JMeterThread: Thread finished: S2 1-175
2026-10-03 17:17:35,642 INFO o.a.j.t.JMeterThread: Stopping because end time detected by thread: S2 1-351
2026-10-03 17:17:35,642 INFO o.a.j.t.JMeterThread: Thread finished: S2 1-351
2026-10-03 17:17:35,645 INFO o.a.j.t.JMeterThread: Stopping because end time detected by thread: S2 1-352
2026-10-03 17:17:35,645 INFO o.a.j.t.JMeterThread: Thread finished: S2 1-352
2026-10-03 17:17:35,663 INFO o.a.j.t.JMeterThread: Stopping because end time detected by thread: S2 1-176
2026-10-03 17:17:35,664 INFO o.a.j.t.JMeterThread: Thread finished: S2 1-176
2026-10-03 17:17:35,665 INFO o.a.j.t.JMeterThread: Stopping because end time detected by thread: S2 1-477
2026-10-03 17:17:35,665 INFO o.a.j.t.JMeterThread: Thread finished: S2 1-477
2026-10-03 17:17:35,671 INFO o.a.j.t.JMeterThread: Stopping because end time detected by thread: S2 1-478
2026-10-03 17:17:35,671 INFO o.a.j.t.JMeterThread: Thread finished: S2 1-478
2026-10-03 17:17:35,680 INFO o.a.j.t.JMeterThread: Stopping because end time detected by thread: S2 1-250
2026-10-03 17:17:35,680 INFO o.a.j.t.JMeterThread: Thread finished: S2 1-250
2026-10-03 17:17:35,697 INFO o.a.j.t.JMeterThread: Stopping because end time detected by thread: S2 1-353
2026-10-03 17:17:35,697 INFO o.a.j.t.JMeterThread: Thread finished: S2 1-353
2026-10-03 17:17:35,697 INFO o.a.j.t.JMeterThread: Stopping because end time detected by thread: S2 1-16
2026-10-03 17:17:35,697 INFO o.a.j.t.JMeterThread: Thread finished: S2 1-16
2026-10-03 17:17:35,701 INFO o.a.j.t.JMeterThread: Stopping because end time detected by thread: S2 1-354
2026-10-03 17:17:35,701 INFO o.a.j.t.JMeterThread: Thread finished: S2 1-354
2026-10-03 17:17:35,703 INFO o.a.j.t.JMeterThread: Stopping because end time detected by thread: S2 1-88
2026-10-03 17:17:35,703 INFO o.a.j.t.JMeterThread: Thread finished: S2 1-88
2026-10-03 17:17:35,717 INFO o.a.j.t.JMeterThread: Stopping because end time detected by thread: S2 1-479
2026-10-03 17:17:35,717 INFO o.a.j.t.JMeterThread: Thread finished: S2 1-479
2026-10-03 17:17:35,724 INFO o.a.j.t.JMeterThread: Stopping because end time detected by thread: S2 1-482
2026-10-03 17:17:35,724 INFO o.a.j.t.JMeterThread: Thread finished: S2 1-482
2026-10-03 17:17:35,732 INFO o.a.j.t.JMeterThread: Stopping because end time detected by thread: S2 1-249
2026-10-03 17:17:35,732 INFO o.a.j.t.JMeterThread: Thread finished: S2 1-249
2026-10-03 17:17:35,747 INFO o.a.j.t.JMeterThread: Stopping because end time detected by thread: S2 1-128
2026-10-03 17:17:35,747 INFO o.a.j.t.JMeterThread: Thread finished: S2 1-128
2026-10-03 17:17:35,747 INFO o.a.j.t.JMeterThread: Stopping because end time detected by thread: S2 1-480
2026-10-03 17:17:35,747 INFO o.a.j.t.JMeterThread: Thread finished: S2 1-480
2026-10-03 17:17:35,752 INFO o.a.j.t.JMeterThread: Stopping because end time detected by thread: S2 1-65
2026-10-03 17:17:35,752 INFO o.a.j.t.JMeterThread: Thread finished: S2 1-65
2026-10-03 17:17:35,767 INFO o.a.j.t.JMeterThread: Stopping because end time detected by thread: S2 1-355
2026-10-03 17:17:35,767 INFO o.a.j.t.JMeterThread: Thread finished: S2 1-355
2026-10-03 17:17:35,773 INFO o.a.j.t.JMeterThread: Stopping because end time detected by thread: S2 1-2
2026-10-03 17:17:35,773 INFO o.a.j.t.JMeterThread: Thread finished: S2 1-2
2026-10-03 17:17:35,781 INFO o.a.j.t.JMeterThread: Stopping because end time detected by thread: S2 1-90
2026-10-03 17:17:35,781 INFO o.a.j.t.JMeterThread: Thread finished: S2 1-90
2026-10-03 17:17:35,787 INFO o.a.j.t.JMeterThread: Stopping because end time detected by thread: S2 1-251
2026-10-03 17:17:35,787 INFO o.a.j.t.JMeterThread: Thread finished: S2 1-251
2026-10-03 17:17:35,799 INFO o.a.j.t.JMeterThread: Stopping because end time detected by thread: S2 1-253
2026-10-03 17:17:35,799 INFO o.a.j.t.JMeterThread: Thread finished: S2 1-253
2026-10-03 17:17:35,801 INFO o.a.j.t.JMeterThread: Stopping because end time detected by thread: S2 1-252
2026-10-03 17:17:35,801 INFO o.a.j.t.JMeterThread: Thread finished: S2 1-252
2026-10-03 17:17:35,820 INFO o.a.j.t.JMeterThread: Stopping because end time detected by thread: S2 1-127
2026-10-03 17:17:35,820 INFO o.a.j.t.JMeterThread: Thread finished: S2 1-127
2026-10-03 17:17:35,826 INFO o.a.j.t.JMeterThread: Stopping because end time detected by thread: S2 1-254
2026-10-03 17:17:35,826 INFO o.a.j.t.JMeterThread: Thread finished: S2 1-254
2026-10-03 17:17:35,831 INFO o.a.j.t.JMeterThread: Stopping because end time detected by thread: S2 1-481
2026-10-03 17:17:35,831 INFO o.a.j.t.JMeterThread: Thread finished: S2 1-481
2026-10-03 17:17:35,838 INFO o.a.j.t.JMeterThread: Stopping because end time detected by thread: S2 1-357
2026-10-03 17:17:35,838 INFO o.a.j.t.JMeterThread: Thread finished: S2 1-357
2026-10-03 17:17:35,856 INFO o.a.j.t.JMeterThread: Stopping because end time detected by thread: S2 1-358
2026-10-03 17:17:35,856 INFO o.a.j.t.JMeterThread: Thread finished: S2 1-358
2026-10-03 17:17:35,862 INFO o.a.j.t.JMeterThread: Stopping because end time detected by thread: S2 1-483
2026-10-03 17:17:35,862 INFO o.a.j.t.JMeterThread: Thread finished: S2 1-483
2026-10-03 17:17:35,867 INFO o.a.j.t.JMeterThread: Stopping because end time detected by thread: S2 1-356
2026-10-03 17:17:35,867 INFO o.a.j.t.JMeterThread: Thread finished: S2 1-356
2026-10-03 17:17:35,876 INFO o.a.j.t.JMeterThread: Stopping because end time detected by thread: S2 1-67
2026-10-03 17:17:35,876 INFO o.a.j.t.JMeterThread: Thread finished: S2 1-67
2026-10-03 17:17:35,881 INFO o.a.j.t.JMeterThread: Stopping because end time detected by thread: S2 1-177
2026-10-03 17:17:35,881 INFO o.a.j.t.JMeterThread: Thread finished: S2 1-177
2026-10-03 17:17:35,899 INFO o.a.j.t.JMeterThread: Stopping because end time detected by thread: S2 1-360
2026-10-03 17:17:35,899 INFO o.a.j.t.JMeterThread: Thread finished: S2 1-360
2026-10-03 17:17:35,914 INFO o.a.j.t.JMeterThread: Stopping because end time detected by thread: S2 1-178
2026-10-03 17:17:35,914 INFO o.a.j.t.JMeterThread: Thread finished: S2 1-178
2026-10-03 17:17:35,914 INFO o.a.j.t.JMeterThread: Stopping because end time detected by thread: S2 1-15
2026-10-03 17:17:35,914 INFO o.a.j.t.JMeterThread: Thread finished: S2 1-15
2026-10-03 17:17:35,921 INFO o.a.j.t.JMeterThread: Stopping because end time detected by thread: S2 1-35
2026-10-03 17:17:35,921 INFO o.a.j.t.JMeterThread: Thread finished: S2 1-35
2026-10-03 17:17:35,926 INFO o.a.j.t.JMeterThread: Stopping because end time detected by thread: S2 1-179
2026-10-03 17:17:35,926 INFO o.a.j.t.JMeterThread: Thread finished: S2 1-179
2026-10-03 17:17:35,939 INFO o.a.j.t.JMeterThread: Stopping because end time detected by thread: S2 1-485
2026-10-03 17:17:35,939 INFO o.a.j.t.JMeterThread: Thread finished: S2 1-485
2026-10-03 17:17:35,945 INFO o.a.j.t.JMeterThread: Stopping because end time detected by thread: S2 1-487
2026-10-03 17:17:35,945 INFO o.a.j.t.JMeterThread: Thread finished: S2 1-487
2026-10-03 17:17:35,945 INFO o.a.j.t.JMeterThread: Stopping because end time detected by thread: S2 1-484
2026-10-03 17:17:35,946 INFO o.a.j.t.JMeterThread: Thread finished: S2 1-484
2026-10-03 17:17:35,949 INFO o.a.j.t.JMeterThread: Stopping because end time detected by thread: S2 1-129
2026-10-03 17:17:35,949 INFO o.a.j.t.JMeterThread: Thread finished: S2 1-129
2026-10-03 17:17:35,967 INFO o.a.j.t.JMeterThread: Stopping because end time detected by thread: S2 1-486
2026-10-03 17:17:35,967 INFO o.a.j.t.JMeterThread: Thread finished: S2 1-486
2026-10-03 17:17:35,971 INFO o.a.j.t.JMeterThread: Stopping because end time detected by thread: S2 1-255
2026-10-03 17:17:35,971 INFO o.a.j.t.JMeterThread: Thread finished: S2 1-255
2026-10-03 17:17:35,976 INFO o.a.j.t.JMeterThread: Stopping because end time detected by thread: S2 1-359
2026-10-03 17:17:35,976 INFO o.a.j.t.JMeterThread: Thread finished: S2 1-359
2026-10-03 17:17:35,982 INFO o.a.j.t.JMeterThread: Stopping because end time detected by thread: S2 1-257
2026-10-03 17:17:35,982 INFO o.a.j.t.JMeterThread: Thread finished: S2 1-257
2026-10-03 17:17:35,995 INFO o.a.j.t.JMeterThread: Stopping because end time detected by thread: S2 1-256
2026-10-03 17:17:35,996 INFO o.a.j.t.JMeterThread: Thread finished: S2 1-256
2026-10-03 17:17:35,998 INFO o.a.j.t.JMeterThread: Stopping because end time detected by thread: S2 1-91
2026-10-03 17:17:35,998 INFO o.a.j.t.JMeterThread: Thread finished: S2 1-91
2026-10-03 17:17:35,998 INFO o.a.j.t.JMeterThread: Stopping because end time detected by thread: S2 1-361
2026-10-03 17:17:35,998 INFO o.a.j.t.JMeterThread: Thread finished: S2 1-361
2026-10-03 17:17:36,005 INFO o.a.j.t.JMeterThread: Stopping because end time detected by thread: S2 1-488
2026-10-03 17:17:36,005 INFO o.a.j.t.JMeterThread: Thread finished: S2 1-488
2026-10-03 17:17:36,014 INFO o.a.j.t.JMeterThread: Stopping because end time detected by thread: S2 1-180
2026-10-03 17:17:36,014 INFO o.a.j.t.JMeterThread: Thread finished: S2 1-180
2026-10-03 17:17:36,030 INFO o.a.j.t.JMeterThread: Stopping because end time detected by thread: S2 1-490
2026-10-03 17:17:36,030 INFO o.a.j.t.JMeterThread: Thread finished: S2 1-490
2026-10-03 17:17:36,038 INFO o.a.j.t.JMeterThread: Stopping because end time detected by thread: S2 1-493
2026-10-03 17:17:36,038 INFO o.a.j.t.JMeterThread: Thread finished: S2 1-493
2026-10-03 17:17:36,040 INFO o.a.j.t.JMeterThread: Stopping because end time detected by thread: S2 1-93
2026-10-03 17:17:36,040 INFO o.a.j.t.JMeterThread: Thread finished: S2 1-93
2026-10-03 17:17:36,043 INFO o.a.j.t.JMeterThread: Stopping because end time detected by thread: S2 1-489
2026-10-03 17:17:36,044 INFO o.a.j.t.JMeterThread: Thread finished: S2 1-489
2026-10-03 17:17:36,057 INFO o.a.j.t.JMeterThread: Stopping because end time detected by thread: S2 1-491
2026-10-03 17:17:36,057 INFO o.a.j.t.JMeterThread: Thread finished: S2 1-491
2026-10-03 17:17:36,070 INFO o.a.j.t.JMeterThread: Stopping because end time detected by thread: S2 1-362
2026-10-03 17:17:36,070 INFO o.a.j.t.JMeterThread: Thread finished: S2 1-362
2026-10-03 17:17:36,071 INFO o.a.j.t.JMeterThread: Stopping because end time detected by thread: S2 1-181
2026-10-03 17:17:36,071 INFO o.a.j.t.JMeterThread: Thread finished: S2 1-181
2026-10-03 17:17:36,074 INFO o.a.j.t.JMeterThread: Stopping because end time detected by thread: S2 1-92
2026-10-03 17:17:36,074 INFO o.a.j.t.JMeterThread: Thread finished: S2 1-92
2026-10-03 17:17:36,087 INFO o.a.j.t.JMeterThread: Stopping because end time detected by thread: S2 1-10
2026-10-03 17:17:36,087 INFO o.a.j.t.JMeterThread: Thread finished: S2 1-10
2026-10-03 17:17:36,094 INFO o.a.j.t.JMeterThread: Stopping because end time detected by thread: S2 1-130
2026-10-03 17:17:36,094 INFO o.a.j.t.JMeterThread: Thread finished: S2 1-130
2026-10-03 17:17:36,095 INFO o.a.j.t.JMeterThread: Stopping because end time detected by thread: S2 1-258
2026-10-03 17:17:36,095 INFO o.a.j.t.JMeterThread: Thread finished: S2 1-258
2026-10-03 17:17:36,102 INFO o.a.j.t.JMeterThread: Stopping because end time detected by thread: S2 1-363
2026-10-03 17:17:36,102 INFO o.a.j.t.JMeterThread: Thread finished: S2 1-363
2026-10-03 17:17:36,118 INFO o.a.j.t.JMeterThread: Stopping because end time detected by thread: S2 1-66
2026-10-03 17:17:36,118 INFO o.a.j.t.JMeterThread: Thread finished: S2 1-66
2026-10-03 17:17:36,118 INFO o.a.j.t.JMeterThread: Stopping because end time detected by thread: S2 1-259
2026-10-03 17:17:36,118 INFO o.a.j.t.JMeterThread: Thread finished: S2 1-259
2026-10-03 17:17:36,119 INFO o.a.j.t.JMeterThread: Stopping because end time detected by thread: S2 1-492
2026-10-03 17:17:36,119 INFO o.a.j.t.JMeterThread: Thread finished: S2 1-492
2026-10-03 17:17:36,124 INFO o.a.j.t.JMeterThread: Stopping because end time detected by thread: S2 1-364
2026-10-03 17:17:36,124 INFO o.a.j.t.JMeterThread: Thread finished: S2 1-364
2026-10-03 17:17:36,150 INFO o.a.j.t.JMeterThread: Stopping because end time detected by thread: S2 1-366
2026-10-03 17:17:36,151 INFO o.a.j.t.JMeterThread: Thread finished: S2 1-366
2026-10-03 17:17:36,151 INFO o.a.j.t.JMeterThread: Stopping because end time detected by thread: S2 1-182
2026-10-03 17:17:36,151 INFO o.a.j.t.JMeterThread: Thread finished: S2 1-182
2026-10-03 17:17:36,160 INFO o.a.j.t.JMeterThread: Stopping because end time detected by thread: S2 1-494
2026-10-03 17:17:36,160 INFO o.a.j.t.JMeterThread: Thread finished: S2 1-494
2026-10-03 17:17:36,170 INFO o.a.j.t.JMeterThread: Stopping because end time detected by thread: S2 1-495
2026-10-03 17:17:36,170 INFO o.a.j.t.JMeterThread: Thread finished: S2 1-495
2026-10-03 17:17:36,178 INFO o.a.j.t.JMeterThread: Stopping because end time detected by thread: S2 1-365
2026-10-03 17:17:36,178 INFO o.a.j.t.JMeterThread: Thread finished: S2 1-365
2026-10-03 17:17:36,185 INFO o.a.j.t.JMeterThread: Stopping because end time detected by thread: S2 1-261
2026-10-03 17:17:36,186 INFO o.a.j.t.JMeterThread: Thread finished: S2 1-261
2026-10-03 17:17:36,192 INFO o.a.j.t.JMeterThread: Stopping because end time detected by thread: S2 1-94
2026-10-03 17:17:36,192 INFO o.a.j.t.JMeterThread: Thread finished: S2 1-94
2026-10-03 17:17:36,196 INFO o.a.j.t.JMeterThread: Stopping because end time detected by thread: S2 1-368
2026-10-03 17:17:36,196 INFO o.a.j.t.JMeterThread: Thread finished: S2 1-368
2026-10-03 17:17:36,213 INFO o.a.j.t.JMeterThread: Stopping because end time detected by thread: S2 1-36
2026-10-03 17:17:36,213 INFO o.a.j.t.JMeterThread: Thread finished: S2 1-36
2026-10-03 17:17:36,215 INFO o.a.j.t.JMeterThread: Stopping because end time detected by thread: S2 1-260
2026-10-03 17:17:36,215 INFO o.a.j.t.JMeterThread: Thread finished: S2 1-260
2026-10-03 17:17:36,218 INFO o.a.j.t.JMeterThread: Stopping because end time detected by thread: S2 1-498
2026-10-03 17:17:36,218 INFO o.a.j.t.JMeterThread: Thread finished: S2 1-498
2026-10-03 17:17:36,218 INFO o.a.j.t.JMeterThread: Stopping because end time detected by thread: S2 1-367
2026-10-03 17:17:36,218 INFO o.a.j.t.JMeterThread: Thread finished: S2 1-367
2026-10-03 17:17:36,240 INFO o.a.j.t.JMeterThread: Stopping because end time detected by thread: S2 1-497
2026-10-03 17:17:36,240 INFO o.a.j.t.JMeterThread: Thread finished: S2 1-497
2026-10-03 17:17:36,240 INFO o.a.j.t.JMeterThread: Stopping because end time detected by thread: S2 1-131
2026-10-03 17:17:36,240 INFO o.a.j.t.JMeterThread: Thread finished: S2 1-131
2026-10-03 17:17:36,254 INFO o.a.j.t.JMeterThread: Stopping because end time detected by thread: S2 1-496
2026-10-03 17:17:36,254 INFO o.a.j.t.JMeterThread: Thread finished: S2 1-496
2026-10-03 17:17:36,260 INFO o.a.j.t.JMeterThread: Stopping because end time detected by thread: S2 1-369
2026-10-03 17:17:36,260 INFO o.a.j.t.JMeterThread: Thread finished: S2 1-369
2026-10-03 17:17:36,273 INFO o.a.j.t.JMeterThread: Stopping because end time detected by thread: S2 1-499
2026-10-03 17:17:36,273 INFO o.a.j.t.JMeterThread: Thread finished: S2 1-499
2026-10-03 17:17:36,277 INFO o.a.j.t.JMeterThread: Stopping because end time detected by thread: S2 1-500
2026-10-03 17:17:36,277 INFO o.a.j.t.JMeterThread: Thread finished: S2 1-500
2026-10-03 17:17:36,285 INFO o.a.j.t.JMeterThread: Stopping because end time detected by thread: S2 1-183
2026-10-03 17:17:36,285 INFO o.a.j.t.JMeterThread: Thread finished: S2 1-183
2026-10-03 17:17:36,299 INFO o.a.j.t.JMeterThread: Stopping because end time detected by thread: S2 1-370
2026-10-03 17:17:36,299 INFO o.a.j.t.JMeterThread: Thread finished: S2 1-370
2026-10-03 17:17:36,307 INFO o.a.j.t.JMeterThread: Stopping because end time detected by thread: S2 1-48
2026-10-03 17:17:36,307 INFO o.a.j.t.JMeterThread: Thread finished: S2 1-48
2026-10-03 17:17:36,310 INFO o.a.j.t.JMeterThread: Stopping because end time detected by thread: S2 1-262
2026-10-03 17:17:36,310 INFO o.a.j.t.JMeterThread: Thread finished: S2 1-262
2026-10-03 17:17:36,322 INFO o.a.j.t.JMeterThread: Stopping because end time detected by thread: S2 1-264
2026-10-03 17:17:36,323 INFO o.a.j.t.JMeterThread: Thread finished: S2 1-264
2026-10-03 17:17:36,323 INFO o.a.j.t.JMeterThread: Stopping because end time detected by thread: S2 1-132
2026-10-03 17:17:36,323 INFO o.a.j.t.JMeterThread: Thread finished: S2 1-132
2026-10-03 17:17:36,326 INFO o.a.j.t.JMeterThread: Stopping because end time detected by thread: S2 1-69
2026-10-03 17:17:36,326 INFO o.a.j.t.JMeterThread: Thread finished: S2 1-69
2026-10-03 17:17:36,344 INFO o.a.j.t.JMeterThread: Stopping because end time detected by thread: S2 1-184
2026-10-03 17:17:36,344 INFO o.a.j.t.JMeterThread: Stopping because end time detected by thread: S2 1-371
2026-10-03 17:17:36,344 INFO o.a.j.t.JMeterThread: Thread finished: S2 1-371
2026-10-03 17:17:36,344 INFO o.a.j.t.JMeterThread: Thread finished: S2 1-184
2026-10-03 17:17:36,346 INFO o.a.j.t.JMeterThread: Stopping because end time detected by thread: S2 1-263
2026-10-03 17:17:36,346 INFO o.a.j.t.JMeterThread: Thread finished: S2 1-263
2026-10-03 17:17:36,352 INFO o.a.j.t.JMeterThread: Stopping because end time detected by thread: S2 1-25
2026-10-03 17:17:36,353 INFO o.a.j.t.JMeterThread: Thread finished: S2 1-25
2026-10-03 17:17:36,372 INFO o.a.j.t.JMeterThread: Stopping because end time detected by thread: S2 1-186
2026-10-03 17:17:36,372 INFO o.a.j.t.JMeterThread: Thread finished: S2 1-186
2026-10-03 17:17:36,391 INFO o.a.j.t.JMeterThread: Stopping because end time detected by thread: S2 1-68
2026-10-03 17:17:36,392 INFO o.a.j.t.JMeterThread: Thread finished: S2 1-68
2026-10-03 17:17:36,394 INFO o.a.j.t.JMeterThread: Stopping because end time detected by thread: S2 1-373
2026-10-03 17:17:36,394 INFO o.a.j.t.JMeterThread: Thread finished: S2 1-373
2026-10-03 17:17:36,396 INFO o.a.j.t.JMeterThread: Stopping because end time detected by thread: S2 1-185
2026-10-03 17:17:36,396 INFO o.a.j.t.JMeterThread: Thread finished: S2 1-185
2026-10-03 17:17:36,398 INFO o.a.j.t.JMeterThread: Stopping because end time detected by thread: S2 1-266
2026-10-03 17:17:36,398 INFO o.a.j.t.JMeterThread: Thread finished: S2 1-266
2026-10-03 17:17:36,413 INFO o.a.j.t.JMeterThread: Stopping because end time detected by thread: S2 1-267
2026-10-03 17:17:36,414 INFO o.a.j.t.JMeterThread: Thread finished: S2 1-267
2026-10-03 17:17:36,415 INFO o.a.j.t.JMeterThread: Stopping because end time detected by thread: S2 1-133
2026-10-03 17:17:36,415 INFO o.a.j.t.JMeterThread: Thread finished: S2 1-133
2026-10-03 17:17:36,416 INFO o.a.j.t.JMeterThread: Stopping because end time detected by thread: S2 1-372
2026-10-03 17:17:36,416 INFO o.a.j.t.JMeterThread: Thread finished: S2 1-372
2026-10-03 17:17:36,440 INFO o.a.j.t.JMeterThread: Stopping because end time detected by thread: S2 1-18
2026-10-03 17:17:36,440 INFO o.a.j.t.JMeterThread: Thread finished: S2 1-18
2026-10-03 17:17:36,443 INFO o.a.j.t.JMeterThread: Stopping because end time detected by thread: S2 1-95
2026-10-03 17:17:36,443 INFO o.a.j.t.JMeterThread: Thread finished: S2 1-95
2026-10-03 17:17:36,447 INFO o.a.j.t.JMeterThread: Stopping because end time detected by thread: S2 1-374
2026-10-03 17:17:36,448 INFO o.a.j.t.JMeterThread: Thread finished: S2 1-374
2026-10-03 17:17:36,452 INFO o.a.j.t.JMeterThread: Stopping because end time detected by thread: S2 1-265
2026-10-03 17:17:36,452 INFO o.a.j.t.JMeterThread: Thread finished: S2 1-265
2026-10-03 17:17:36,467 INFO o.a.j.t.JMeterThread: Stopping because end time detected by thread: S2 1-375
2026-10-03 17:17:36,467 INFO o.a.j.t.JMeterThread: Thread finished: S2 1-375
2026-10-03 17:17:36,477 INFO o.a.j.t.JMeterThread: Stopping because end time detected by thread: S2 1-268
2026-10-03 17:17:36,477 INFO o.a.j.t.JMeterThread: Thread finished: S2 1-268
2026-10-03 17:17:36,478 INFO o.a.j.t.JMeterThread: Stopping because end time detected by thread: S2 1-376
2026-10-03 17:17:36,478 INFO o.a.j.t.JMeterThread: Thread finished: S2 1-376
2026-10-03 17:17:36,478 INFO o.a.j.t.JMeterThread: Stopping because end time detected by thread: S2 1-49
2026-10-03 17:17:36,478 INFO o.a.j.t.JMeterThread: Thread finished: S2 1-49
2026-10-03 17:17:36,495 INFO o.a.j.t.JMeterThread: Stopping because end time detected by thread: S2 1-17
2026-10-03 17:17:36,495 INFO o.a.j.t.JMeterThread: Thread finished: S2 1-17
2026-10-03 17:17:36,505 INFO o.a.j.t.JMeterThread: Stopping because end time detected by thread: S2 1-96
2026-10-03 17:17:36,505 INFO o.a.j.t.JMeterThread: Thread finished: S2 1-96
2026-10-03 17:17:36,508 INFO o.a.j.t.JMeterThread: Stopping because end time detected by thread: S2 1-26
2026-10-03 17:17:36,508 INFO o.a.j.t.JMeterThread: Thread finished: S2 1-26
2026-10-03 17:17:36,509 INFO o.a.j.t.JMeterThread: Stopping because end time detected by thread: S2 1-135
2026-10-03 17:17:36,509 INFO o.a.j.t.JMeterThread: Thread finished: S2 1-135
2026-10-03 17:17:36,513 INFO o.a.j.t.JMeterThread: Stopping because end time detected by thread: S2 1-134
2026-10-03 17:17:36,513 INFO o.a.j.t.JMeterThread: Thread finished: S2 1-134
2026-10-03 17:17:36,529 INFO o.a.j.t.JMeterThread: Stopping because end time detected by thread: S2 1-377
2026-10-03 17:17:36,529 INFO o.a.j.t.JMeterThread: Thread finished: S2 1-377
2026-10-03 17:17:36,531 INFO o.a.j.t.JMeterThread: Stopping because end time detected by thread: S2 1-187
2026-10-03 17:17:36,532 INFO o.a.j.t.JMeterThread: Thread finished: S2 1-187
2026-10-03 17:17:36,532 INFO o.a.j.t.JMeterThread: Stopping because end time detected by thread: S2 1-269
2026-10-03 17:17:36,532 INFO o.a.j.t.JMeterThread: Thread finished: S2 1-269
2026-10-03 17:17:36,543 INFO o.a.j.t.JMeterThread: Stopping because end time detected by thread: S2 1-378
2026-10-03 17:17:36,543 INFO o.a.j.t.JMeterThread: Thread finished: S2 1-378
2026-10-03 17:17:36,562 INFO o.a.j.t.JMeterThread: Stopping because end time detected by thread: S2 1-270
2026-10-03 17:17:36,562 INFO o.a.j.t.JMeterThread: Stopping because end time detected by thread: S2 1-188
2026-10-03 17:17:36,563 INFO o.a.j.t.JMeterThread: Thread finished: S2 1-270
2026-10-03 17:17:36,563 INFO o.a.j.t.JMeterThread: Thread finished: S2 1-188
2026-10-03 17:17:36,565 INFO o.a.j.t.JMeterThread: Stopping because end time detected by thread: S2 1-37
2026-10-03 17:17:36,565 INFO o.a.j.t.JMeterThread: Thread finished: S2 1-37
2026-10-03 17:17:36,568 INFO o.a.j.t.JMeterThread: Stopping because end time detected by thread: S2 1-189
2026-10-03 17:17:36,568 INFO o.a.j.t.JMeterThread: Thread finished: S2 1-189
2026-10-03 17:17:36,586 INFO o.a.j.t.JMeterThread: Stopping because end time detected by thread: S2 1-97
2026-10-03 17:17:36,586 INFO o.a.j.t.JMeterThread: Thread finished: S2 1-97
2026-10-03 17:17:36,588 INFO o.a.j.t.JMeterThread: Stopping because end time detected by thread: S2 1-136
2026-10-03 17:17:36,588 INFO o.a.j.t.JMeterThread: Thread finished: S2 1-136
2026-10-03 17:17:36,594 INFO o.a.j.t.JMeterThread: Stopping because end time detected by thread: S2 1-379
2026-10-03 17:17:36,594 INFO o.a.j.t.JMeterThread: Thread finished: S2 1-379
2026-10-03 17:17:36,594 INFO o.a.j.t.JMeterThread: Stopping because end time detected by thread: S2 1-272
2026-10-03 17:17:36,594 INFO o.a.j.t.JMeterThread: Thread finished: S2 1-272
2026-10-03 17:17:36,613 INFO o.a.j.t.JMeterThread: Stopping because end time detected by thread: S2 1-382
2026-10-03 17:17:36,613 INFO o.a.j.t.JMeterThread: Thread finished: S2 1-382
2026-10-03 17:17:36,622 INFO o.a.j.t.JMeterThread: Stopping because end time detected by thread: S2 1-11
2026-10-03 17:17:36,622 INFO o.a.j.t.JMeterThread: Thread finished: S2 1-11
2026-10-03 17:17:36,626 INFO o.a.j.t.JMeterThread: Stopping because end time detected by thread: S2 1-380
2026-10-03 17:17:36,626 INFO o.a.j.t.JMeterThread: Thread finished: S2 1-380
2026-10-03 17:17:36,631 INFO o.a.j.t.JMeterThread: Stopping because end time detected by thread: S2 1-271
2026-10-03 17:17:36,631 INFO o.a.j.t.JMeterThread: Thread finished: S2 1-271
2026-10-03 17:17:36,647 INFO o.a.j.t.JMeterThread: Stopping because end time detected by thread: S2 1-273
2026-10-03 17:17:36,647 INFO o.a.j.t.JMeterThread: Thread finished: S2 1-273
2026-10-03 17:17:36,649 INFO o.a.j.t.JMeterThread: Stopping because end time detected by thread: S2 1-275
2026-10-03 17:17:36,650 INFO o.a.j.t.JMeterThread: Thread finished: S2 1-275
2026-10-03 17:17:36,658 INFO o.a.j.t.JMeterThread: Stopping because end time detected by thread: S2 1-70
2026-10-03 17:17:36,658 INFO o.a.j.t.JMeterThread: Thread finished: S2 1-70
2026-10-03 17:17:36,658 INFO o.a.j.t.JMeterThread: Stopping because end time detected by thread: S2 1-98
2026-10-03 17:17:36,658 INFO o.a.j.t.JMeterThread: Thread finished: S2 1-98
2026-10-03 17:17:36,667 INFO o.a.j.t.JMeterThread: Stopping because end time detected by thread: S2 1-383
2026-10-03 17:17:36,667 INFO o.a.j.t.JMeterThread: Thread finished: S2 1-383
2026-10-03 17:17:36,677 INFO o.a.j.t.JMeterThread: Stopping because end time detected by thread: S2 1-381
2026-10-03 17:17:36,678 INFO o.a.j.t.JMeterThread: Thread finished: S2 1-381
2026-10-03 17:17:36,680 INFO o.a.j.t.JMeterThread: Stopping because end time detected by thread: S2 1-191
2026-10-03 17:17:36,680 INFO o.a.j.t.JMeterThread: Thread finished: S2 1-191
2026-10-03 17:17:36,696 INFO o.a.j.t.JMeterThread: Stopping because end time detected by thread: S2 1-190
2026-10-03 17:17:36,696 INFO o.a.j.t.JMeterThread: Thread finished: S2 1-190
2026-10-03 17:17:36,698 INFO o.a.j.t.JMeterThread: Stopping because end time detected by thread: S2 1-50
2026-10-03 17:17:36,698 INFO o.a.j.t.JMeterThread: Thread finished: S2 1-50
2026-10-03 17:17:36,712 INFO o.a.j.t.JMeterThread: Stopping because end time detected by thread: S2 1-384
2026-10-03 17:17:36,712 INFO o.a.j.t.JMeterThread: Thread finished: S2 1-384
2026-10-03 17:17:36,716 INFO o.a.j.t.JMeterThread: Stopping because end time detected by thread: S2 1-274
2026-10-03 17:17:36,716 INFO o.a.j.t.JMeterThread: Thread finished: S2 1-274
2026-10-03 17:17:36,733 INFO o.a.j.t.JMeterThread: Stopping because end time detected by thread: S2 1-51
2026-10-03 17:17:36,733 INFO o.a.j.t.JMeterThread: Stopping because end time detected by thread: S2 1-276
2026-10-03 17:17:36,733 INFO o.a.j.t.JMeterThread: Thread finished: S2 1-276
2026-10-03 17:17:36,733 INFO o.a.j.t.JMeterThread: Thread finished: S2 1-51
2026-10-03 17:17:36,737 INFO o.a.j.t.JMeterThread: Stopping because end time detected by thread: S2 1-71
2026-10-03 17:17:36,737 INFO o.a.j.t.JMeterThread: Thread finished: S2 1-71
2026-10-03 17:17:36,751 INFO o.a.j.t.JMeterThread: Stopping because end time detected by thread: S2 1-386
2026-10-03 17:17:36,751 INFO o.a.j.t.JMeterThread: Stopping because end time detected by thread: S2 1-278
2026-10-03 17:17:36,751 INFO o.a.j.t.JMeterThread: Thread finished: S2 1-386
2026-10-03 17:17:36,751 INFO o.a.j.t.JMeterThread: Thread finished: S2 1-278
2026-10-03 17:17:36,752 INFO o.a.j.t.JMeterThread: Stopping because end time detected by thread: S2 1-385
2026-10-03 17:17:36,752 INFO o.a.j.t.JMeterThread: Thread finished: S2 1-385
2026-10-03 17:17:36,753 INFO o.a.j.t.JMeterThread: Stopping because end time detected by thread: S2 1-137
2026-10-03 17:17:36,753 INFO o.a.j.t.JMeterThread: Thread finished: S2 1-137
2026-10-03 17:17:36,769 INFO o.a.j.t.JMeterThread: Stopping because end time detected by thread: S2 1-387
2026-10-03 17:17:36,769 INFO o.a.j.t.JMeterThread: Thread finished: S2 1-387
2026-10-03 17:17:36,775 INFO o.a.j.t.JMeterThread: Stopping because end time detected by thread: S2 1-277
2026-10-03 17:17:36,775 INFO o.a.j.t.JMeterThread: Thread finished: S2 1-277
2026-10-03 17:17:36,777 INFO o.a.j.t.JMeterThread: Stopping because end time detected by thread: S2 1-192
2026-10-03 17:17:36,777 INFO o.a.j.t.JMeterThread: Thread finished: S2 1-192
2026-10-03 17:17:36,778 INFO o.a.j.t.JMeterThread: Stopping because end time detected by thread: S2 1-99
2026-10-03 17:17:36,778 INFO o.a.j.t.JMeterThread: Thread finished: S2 1-99
2026-10-03 17:17:36,790 INFO o.a.j.t.JMeterThread: Stopping because end time detected by thread: S2 1-193
2026-10-03 17:17:36,790 INFO o.a.j.t.JMeterThread: Thread finished: S2 1-193
2026-10-03 17:17:36,795 INFO o.a.j.t.JMeterThread: Stopping because end time detected by thread: S2 1-280
2026-10-03 17:17:36,795 INFO o.a.j.t.JMeterThread: Thread finished: S2 1-280
2026-10-03 17:17:36,801 INFO o.a.j.t.JMeterThread: Stopping because end time detected by thread: S2 1-389
2026-10-03 17:17:36,801 INFO o.a.j.t.JMeterThread: Thread finished: S2 1-389
2026-10-03 17:17:36,806 INFO o.a.j.t.JMeterThread: Stopping because end time detected by thread: S2 1-388
2026-10-03 17:17:36,807 INFO o.a.j.t.JMeterThread: Thread finished: S2 1-388
2026-10-03 17:17:36,819 INFO o.a.j.t.JMeterThread: Stopping because end time detected by thread: S2 1-12
2026-10-03 17:17:36,819 INFO o.a.j.t.JMeterThread: Thread finished: S2 1-12
2026-10-03 17:17:36,824 INFO o.a.j.t.JMeterThread: Stopping because end time detected by thread: S2 1-281
2026-10-03 17:17:36,824 INFO o.a.j.t.JMeterThread: Thread finished: S2 1-281
2026-10-03 17:17:36,825 INFO o.a.j.t.JMeterThread: Stopping because end time detected by thread: S2 1-138
2026-10-03 17:17:36,825 INFO o.a.j.t.JMeterThread: Thread finished: S2 1-138
2026-10-03 17:17:36,840 INFO o.a.j.t.JMeterThread: Stopping because end time detected by thread: S2 1-194
2026-10-03 17:17:36,840 INFO o.a.j.t.JMeterThread: Thread finished: S2 1-194
2026-10-03 17:17:36,843 INFO o.a.j.t.JMeterThread: Stopping because end time detected by thread: S2 1-279
2026-10-03 17:17:36,843 INFO o.a.j.t.JMeterThread: Thread finished: S2 1-279
2026-10-03 17:17:36,844 INFO o.a.j.t.JMeterThread: Stopping because end time detected by thread: S2 1-391
2026-10-03 17:17:36,844 INFO o.a.j.t.JMeterThread: Thread finished: S2 1-391
2026-10-03 17:17:36,845 INFO o.a.j.t.JMeterThread: Stopping because end time detected by thread: S2 1-38
2026-10-03 17:17:36,845 INFO o.a.j.t.JMeterThread: Thread finished: S2 1-38
2026-10-03 17:17:36,877 INFO o.a.j.t.JMeterThread: Stopping because end time detected by thread: S2 1-52
2026-10-03 17:17:36,877 INFO o.a.j.t.JMeterThread: Stopping because end time detected by thread: S2 1-390
2026-10-03 17:17:36,877 INFO o.a.j.t.JMeterThread: Thread finished: S2 1-52
2026-10-03 17:17:36,877 INFO o.a.j.t.JMeterThread: Stopping because end time detected by thread: S2 1-6
2026-10-03 17:17:36,877 INFO o.a.j.t.JMeterThread: Thread finished: S2 1-390
2026-10-03 17:17:36,877 INFO o.a.j.t.JMeterThread: Thread finished: S2 1-6
2026-10-03 17:17:36,883 INFO o.a.j.t.JMeterThread: Stopping because end time detected by thread: S2 1-282
2026-10-03 17:17:36,883 INFO o.a.j.t.JMeterThread: Thread finished: S2 1-282
2026-10-03 17:17:36,897 INFO o.a.j.t.JMeterThread: Stopping because end time detected by thread: S2 1-195
2026-10-03 17:17:36,897 INFO o.a.j.t.JMeterThread: Thread finished: S2 1-195
2026-10-03 17:17:36,906 INFO o.a.j.t.JMeterThread: Stopping because end time detected by thread: S2 1-100
2026-10-03 17:17:36,907 INFO o.a.j.t.JMeterThread: Thread finished: S2 1-100
2026-10-03 17:17:36,910 INFO o.a.j.t.JMeterThread: Stopping because end time detected by thread: S2 1-101
2026-10-03 17:17:36,910 INFO o.a.j.t.JMeterThread: Thread finished: S2 1-101
2026-10-03 17:17:36,914 INFO o.a.j.t.JMeterThread: Stopping because end time detected by thread: S2 1-139
2026-10-03 17:17:36,914 INFO o.a.j.t.JMeterThread: Thread finished: S2 1-139
2026-10-03 17:17:36,934 INFO o.a.j.t.JMeterThread: Stopping because end time detected by thread: S2 1-196
2026-10-03 17:17:36,934 INFO o.a.j.t.JMeterThread: Thread finished: S2 1-196
2026-10-03 17:17:36,935 INFO o.a.j.t.JMeterThread: Stopping because end time detected by thread: S2 1-392
2026-10-03 17:17:36,935 INFO o.a.j.t.JMeterThread: Thread finished: S2 1-392
2026-10-03 17:17:36,943 INFO o.a.j.t.JMeterThread: Stopping because end time detected by thread: S2 1-395
2026-10-03 17:17:36,943 INFO o.a.j.t.JMeterThread: Thread finished: S2 1-395
2026-10-03 17:17:36,949 INFO o.a.j.t.JMeterThread: Stopping because end time detected by thread: S2 1-393
2026-10-03 17:17:36,949 INFO o.a.j.t.JMeterThread: Thread finished: S2 1-393
2026-10-03 17:17:36,952 INFO o.a.j.t.JMeterThread: Stopping because end time detected by thread: S2 1-283
2026-10-03 17:17:36,952 INFO o.a.j.t.JMeterThread: Thread finished: S2 1-283
2026-10-03 17:17:36,963 INFO o.a.j.t.JMeterThread: Stopping because end time detected by thread: S2 1-142
2026-10-03 17:17:36,963 INFO o.a.j.t.JMeterThread: Thread finished: S2 1-142
2026-10-03 17:17:36,970 INFO o.a.j.t.JMeterThread: Stopping because end time detected by thread: S2 1-140
2026-10-03 17:17:36,970 INFO o.a.j.t.JMeterThread: Thread finished: S2 1-140
2026-10-03 17:17:36,973 INFO o.a.j.t.JMeterThread: Stopping because end time detected by thread: S2 1-197
2026-10-03 17:17:36,973 INFO o.a.j.t.JMeterThread: Thread finished: S2 1-197
2026-10-03 17:17:36,982 INFO o.a.j.t.JMeterThread: Stopping because end time detected by thread: S2 1-27
2026-10-03 17:17:36,982 INFO o.a.j.t.JMeterThread: Thread finished: S2 1-27
2026-10-03 17:17:36,987 INFO o.a.j.t.JMeterThread: Stopping because end time detected by thread: S2 1-396
2026-10-03 17:17:36,987 INFO o.a.j.t.JMeterThread: Thread finished: S2 1-396
2026-10-03 17:17:36,997 INFO o.a.j.t.JMeterThread: Stopping because end time detected by thread: S2 1-72
2026-10-03 17:17:36,998 INFO o.a.j.t.JMeterThread: Thread finished: S2 1-72
2026-10-03 17:17:36,999 INFO o.a.j.t.JMeterThread: Stopping because end time detected by thread: S2 1-285
2026-10-03 17:17:36,999 INFO o.a.j.t.JMeterThread: Thread finished: S2 1-285
2026-10-03 17:17:37,006 INFO o.a.j.t.JMeterThread: Stopping because end time detected by thread: S2 1-284
2026-10-03 17:17:37,007 INFO o.a.j.t.JMeterThread: Thread finished: S2 1-284
2026-10-03 17:17:37,021 INFO o.a.j.t.JMeterThread: Stopping because end time detected by thread: S2 1-102
2026-10-03 17:17:37,021 INFO o.a.j.t.JMeterThread: Thread finished: S2 1-102
2026-10-03 17:17:37,025 INFO o.a.j.t.JMeterThread: Stopping because end time detected by thread: S2 1-394
2026-10-03 17:17:37,025 INFO o.a.j.t.JMeterThread: Thread finished: S2 1-394
2026-10-03 17:17:37,030 INFO o.a.j.t.JMeterThread: Stopping because end time detected by thread: S2 1-398
2026-10-03 17:17:37,030 INFO o.a.j.t.JMeterThread: Thread finished: S2 1-398
2026-10-03 17:17:37,031 INFO o.a.j.t.JMeterThread: Stopping because end time detected by thread: S2 1-53
2026-10-03 17:17:37,031 INFO o.a.j.t.JMeterThread: Thread finished: S2 1-53
2026-10-03 17:17:37,047 INFO o.a.j.t.JMeterThread: Stopping because end time detected by thread: S2 1-286
2026-10-03 17:17:37,047 INFO o.a.j.t.JMeterThread: Thread finished: S2 1-286
2026-10-03 17:17:37,053 INFO o.a.j.t.JMeterThread: Stopping because end time detected by thread: S2 1-397
2026-10-03 17:17:37,053 INFO o.a.j.t.JMeterThread: Thread finished: S2 1-397
2026-10-03 17:17:37,058 INFO o.a.j.t.JMeterThread: Stopping because end time detected by thread: S2 1-141
2026-10-03 17:17:37,058 INFO o.a.j.t.JMeterThread: Thread finished: S2 1-141
2026-10-03 17:17:37,063 INFO o.a.j.t.JMeterThread: Stopping because end time detected by thread: S2 1-399
2026-10-03 17:17:37,063 INFO o.a.j.t.JMeterThread: Thread finished: S2 1-399
2026-10-03 17:17:37,067 INFO o.a.j.t.JMeterThread: Stopping because end time detected by thread: S2 1-198
2026-10-03 17:17:37,068 INFO o.a.j.t.JMeterThread: Thread finished: S2 1-198
2026-10-03 17:17:37,069 INFO o.a.j.t.JMeterThread: Stopping because end time detected by thread: S2 1-39
2026-10-03 17:17:37,069 INFO o.a.j.t.JMeterThread: Thread finished: S2 1-39
2026-10-03 17:17:37,079 INFO o.a.j.t.JMeterThread: Stopping because end time detected by thread: S2 1-287
2026-10-03 17:17:37,079 INFO o.a.j.t.JMeterThread: Thread finished: S2 1-287
2026-10-03 17:17:37,090 INFO o.a.j.t.JMeterThread: Stopping because end time detected by thread: S2 1-73
2026-10-03 17:17:37,090 INFO o.a.j.t.JMeterThread: Stopping because end time detected by thread: S2 1-143
2026-10-03 17:17:37,090 INFO o.a.j.t.JMeterThread: Thread finished: S2 1-73
2026-10-03 17:17:37,090 INFO o.a.j.t.JMeterThread: Thread finished: S2 1-143
2026-10-03 17:17:37,104 INFO o.a.j.t.JMeterThread: Stopping because end time detected by thread: S2 1-199
2026-10-03 17:17:37,104 INFO o.a.j.t.JMeterThread: Thread finished: S2 1-199
2026-10-03 17:17:37,112 INFO o.a.j.t.JMeterThread: Stopping because end time detected by thread: S2 1-401
2026-10-03 17:17:37,112 INFO o.a.j.t.JMeterThread: Thread finished: S2 1-401
2026-10-03 17:17:37,116 INFO o.a.j.t.JMeterThread: Stopping because end time detected by thread: S2 1-103
2026-10-03 17:17:37,116 INFO o.a.j.t.JMeterThread: Thread finished: S2 1-103
2026-10-03 17:17:37,125 INFO o.a.j.t.JMeterThread: Stopping because end time detected by thread: S2 1-400
2026-10-03 17:17:37,125 INFO o.a.j.t.JMeterThread: Thread finished: S2 1-400
2026-10-03 17:17:37,141 INFO o.a.j.t.JMeterThread: Stopping because end time detected by thread: S2 1-402
2026-10-03 17:17:37,141 INFO o.a.j.t.JMeterThread: Thread finished: S2 1-402
2026-10-03 17:17:37,149 INFO o.a.j.t.JMeterThread: Stopping because end time detected by thread: S2 1-200
2026-10-03 17:17:37,149 INFO o.a.j.t.JMeterThread: Thread finished: S2 1-200
2026-10-03 17:17:37,149 INFO o.a.j.t.JMeterThread: Stopping because end time detected by thread: S2 1-54
2026-10-03 17:17:37,149 INFO o.a.j.t.JMeterThread: Thread finished: S2 1-54
2026-10-03 17:17:37,151 INFO o.a.j.t.JMeterThread: Stopping because end time detected by thread: S2 1-29
2026-10-03 17:17:37,151 INFO o.a.j.t.JMeterThread: Thread finished: S2 1-29
2026-10-03 17:17:37,172 INFO o.a.j.t.JMeterThread: Stopping because end time detected by thread: S2 1-201
2026-10-03 17:17:37,172 INFO o.a.j.t.JMeterThread: Thread finished: S2 1-201
2026-10-03 17:17:37,178 INFO o.a.j.t.JMeterThread: Stopping because end time detected by thread: S2 1-290
2026-10-03 17:17:37,178 INFO o.a.j.t.JMeterThread: Thread finished: S2 1-290
2026-10-03 17:17:37,180 INFO o.a.j.t.JMeterThread: Stopping because end time detected by thread: S2 1-403
2026-10-03 17:17:37,180 INFO o.a.j.t.JMeterThread: Thread finished: S2 1-403
2026-10-03 17:17:37,183 INFO o.a.j.t.JMeterThread: Stopping because end time detected by thread: S2 1-202
2026-10-03 17:17:37,184 INFO o.a.j.t.JMeterThread: Thread finished: S2 1-202
2026-10-03 17:17:37,198 INFO o.a.j.t.JMeterThread: Stopping because end time detected by thread: S2 1-288
2026-10-03 17:17:37,198 INFO o.a.j.t.JMeterThread: Thread finished: S2 1-288
2026-10-03 17:17:37,200 INFO o.a.j.t.JMeterThread: Stopping because end time detected by thread: S2 1-145
2026-10-03 17:17:37,200 INFO o.a.j.t.JMeterThread: Thread finished: S2 1-145
2026-10-03 17:17:37,211 INFO o.a.j.t.JMeterThread: Stopping because end time detected by thread: S2 1-144
2026-10-03 17:17:37,211 INFO o.a.j.t.JMeterThread: Thread finished: S2 1-144
2026-10-03 17:17:37,212 INFO o.a.j.t.JMeterThread: Stopping because end time detected by thread: S2 1-104
2026-10-03 17:17:37,212 INFO o.a.j.t.JMeterThread: Thread finished: S2 1-104
2026-10-03 17:17:37,217 INFO o.a.j.t.JMeterThread: Stopping because end time detected by thread: S2 1-406
2026-10-03 17:17:37,217 INFO o.a.j.t.JMeterThread: Thread finished: S2 1-406
2026-10-03 17:17:37,229 INFO o.a.j.t.JMeterThread: Stopping because end time detected by thread: S2 1-291
2026-10-03 17:17:37,229 INFO o.a.j.t.JMeterThread: Thread finished: S2 1-291
2026-10-03 17:17:37,235 INFO o.a.j.t.JMeterThread: Stopping because end time detected by thread: S2 1-405
2026-10-03 17:17:37,235 INFO o.a.j.t.JMeterThread: Thread finished: S2 1-405
2026-10-03 17:17:37,238 INFO o.a.j.t.JMeterThread: Stopping because end time detected by thread: S2 1-404
2026-10-03 17:17:37,238 INFO o.a.j.t.JMeterThread: Thread finished: S2 1-404
2026-10-03 17:17:37,241 INFO o.a.j.t.JMeterThread: Stopping because end time detected by thread: S2 1-292
2026-10-03 17:17:37,241 INFO o.a.j.t.JMeterThread: Thread finished: S2 1-292
2026-10-03 17:17:37,258 INFO o.a.j.t.JMeterThread: Stopping because end time detected by thread: S2 1-293
2026-10-03 17:17:37,259 INFO o.a.j.t.JMeterThread: Thread finished: S2 1-293
2026-10-03 17:17:37,265 INFO o.a.j.t.JMeterThread: Stopping because end time detected by thread: S2 1-289
2026-10-03 17:17:37,265 INFO o.a.j.t.JMeterThread: Thread finished: S2 1-289
2026-10-03 17:17:37,268 INFO o.a.j.t.JMeterThread: Stopping because end time detected by thread: S2 1-74
2026-10-03 17:17:37,268 INFO o.a.j.t.JMeterThread: Thread finished: S2 1-74
2026-10-03 17:17:37,271 INFO o.a.j.t.JMeterThread: Stopping because end time detected by thread: S2 1-28
2026-10-03 17:17:37,271 INFO o.a.j.t.JMeterThread: Thread finished: S2 1-28
2026-10-03 17:17:37,286 INFO o.a.j.t.JMeterThread: Stopping because end time detected by thread: S2 1-408
2026-10-03 17:17:37,286 INFO o.a.j.t.JMeterThread: Thread finished: S2 1-408
2026-10-03 17:17:37,293 INFO o.a.j.t.JMeterThread: Stopping because end time detected by thread: S2 1-203
2026-10-03 17:17:37,293 INFO o.a.j.t.JMeterThread: Thread finished: S2 1-203
2026-10-03 17:17:37,299 INFO o.a.j.t.JMeterThread: Stopping because end time detected by thread: S2 1-7
2026-10-03 17:17:37,299 INFO o.a.j.t.JMeterThread: Thread finished: S2 1-7
2026-10-03 17:17:37,302 INFO o.a.j.t.JMeterThread: Stopping because end time detected by thread: S2 1-146
2026-10-03 17:17:37,303 INFO o.a.j.t.JMeterThread: Thread finished: S2 1-146
2026-10-03 17:17:37,313 INFO o.a.j.t.JMeterThread: Stopping because end time detected by thread: S2 1-407
2026-10-03 17:17:37,314 INFO o.a.j.t.JMeterThread: Thread finished: S2 1-407
2026-10-03 17:17:37,318 INFO o.a.j.t.JMeterThread: Stopping because end time detected by thread: S2 1-409
2026-10-03 17:17:37,318 INFO o.a.j.t.JMeterThread: Thread finished: S2 1-409
2026-10-03 17:17:37,323 INFO o.a.j.t.JMeterThread: Stopping because end time detected by thread: S2 1-40
2026-10-03 17:17:37,323 INFO o.a.j.t.JMeterThread: Thread finished: S2 1-40
2026-10-03 17:17:37,325 INFO o.a.j.t.JMeterThread: Stopping because end time detected by thread: S2 1-294
2026-10-03 17:17:37,325 INFO o.a.j.t.JMeterThread: Thread finished: S2 1-294
2026-10-03 17:17:37,342 INFO o.a.j.t.JMeterThread: Stopping because end time detected by thread: S2 1-75
2026-10-03 17:17:37,342 INFO o.a.j.t.JMeterThread: Thread finished: S2 1-75
2026-10-03 17:17:37,342 INFO o.a.j.t.JMeterThread: Stopping because end time detected by thread: S2 1-295
2026-10-03 17:17:37,342 INFO o.a.j.t.JMeterThread: Thread finished: S2 1-295
2026-10-03 17:17:37,353 INFO o.a.j.t.JMeterThread: Stopping because end time detected by thread: S2 1-204
2026-10-03 17:17:37,353 INFO o.a.j.t.JMeterThread: Thread finished: S2 1-204
2026-10-03 17:17:37,360 INFO o.a.j.t.JMeterThread: Stopping because end time detected by thread: S2 1-30
2026-10-03 17:17:37,360 INFO o.a.j.t.JMeterThread: Stopping because end time detected by thread: S2 1-297
2026-10-03 17:17:37,360 INFO o.a.j.t.JMeterThread: Thread finished: S2 1-297
2026-10-03 17:17:37,360 INFO o.a.j.t.JMeterThread: Thread finished: S2 1-30
2026-10-03 17:17:37,368 INFO o.a.j.t.JMeterThread: Stopping because end time detected by thread: S2 1-205
2026-10-03 17:17:37,368 INFO o.a.j.t.JMeterThread: Thread finished: S2 1-205
2026-10-03 17:17:37,379 INFO o.a.j.t.JMeterThread: Stopping because end time detected by thread: S2 1-411
2026-10-03 17:17:37,379 INFO o.a.j.t.JMeterThread: Thread finished: S2 1-411
2026-10-03 17:17:37,384 INFO o.a.j.t.JMeterThread: Stopping because end time detected by thread: S2 1-410
2026-10-03 17:17:37,385 INFO o.a.j.t.JMeterThread: Thread finished: S2 1-410
2026-10-03 17:17:37,387 INFO o.a.j.t.JMeterThread: Stopping because end time detected by thread: S2 1-76
2026-10-03 17:17:37,387 INFO o.a.j.t.JMeterThread: Thread finished: S2 1-76
2026-10-03 17:17:37,400 INFO o.a.j.t.JMeterThread: Stopping because end time detected by thread: S2 1-147
2026-10-03 17:17:37,401 INFO o.a.j.t.JMeterThread: Thread finished: S2 1-147
2026-10-03 17:17:37,402 INFO o.a.j.t.JMeterThread: Stopping because end time detected by thread: S2 1-148
2026-10-03 17:17:37,403 INFO o.a.j.t.JMeterThread: Thread finished: S2 1-148
2026-10-03 17:17:37,403 INFO o.a.j.t.JMeterThread: Stopping because end time detected by thread: S2 1-296
2026-10-03 17:17:37,403 INFO o.a.j.t.JMeterThread: Thread finished: S2 1-296
2026-10-03 17:17:37,404 INFO o.a.j.t.JMeterThread: Stopping because end time detected by thread: S2 1-105
2026-10-03 17:17:37,404 INFO o.a.j.t.JMeterThread: Thread finished: S2 1-105
2026-10-03 17:17:37,420 INFO o.a.j.t.JMeterThread: Stopping because end time detected by thread: S2 1-412
2026-10-03 17:17:37,420 INFO o.a.j.t.JMeterThread: Thread finished: S2 1-412
2026-10-03 17:17:37,422 INFO o.a.j.t.JMeterThread: Stopping because end time detected by thread: S2 1-298
2026-10-03 17:17:37,422 INFO o.a.j.t.JMeterThread: Thread finished: S2 1-298
2026-10-03 17:17:37,432 INFO o.a.j.t.JMeterThread: Stopping because end time detected by thread: S2 1-206
2026-10-03 17:17:37,432 INFO o.a.j.t.JMeterThread: Thread finished: S2 1-206
2026-10-03 17:17:37,436 INFO o.a.j.t.JMeterThread: Stopping because end time detected by thread: S2 1-413
2026-10-03 17:17:37,436 INFO o.a.j.t.JMeterThread: Thread finished: S2 1-413
2026-10-03 17:17:37,445 INFO o.a.j.t.JMeterThread: Stopping because end time detected by thread: S2 1-415
2026-10-03 17:17:37,445 INFO o.a.j.t.JMeterThread: Thread finished: S2 1-415
2026-10-03 17:17:37,461 INFO o.a.j.t.JMeterThread: Stopping because end time detected by thread: S2 1-414
2026-10-03 17:17:37,462 INFO o.a.j.t.JMeterThread: Thread finished: S2 1-414
2026-10-03 17:17:37,466 INFO o.a.j.t.JMeterThread: Stopping because end time detected by thread: S2 1-299
2026-10-03 17:17:37,466 INFO o.a.j.t.JMeterThread: Thread finished: S2 1-299
2026-10-03 17:17:37,474 INFO o.a.j.t.JMeterThread: Stopping because end time detected by thread: S2 1-417
2026-10-03 17:17:37,474 INFO o.a.j.t.JMeterThread: Thread finished: S2 1-417
2026-10-03 17:17:37,476 INFO o.a.j.t.JMeterThread: Stopping because end time detected by thread: S2 1-300
2026-10-03 17:17:37,476 INFO o.a.j.t.JMeterThread: Thread finished: S2 1-300
2026-10-03 17:17:37,482 INFO o.a.j.t.JMeterThread: Stopping because end time detected by thread: S2 1-416
2026-10-03 17:17:37,482 INFO o.a.j.t.JMeterThread: Thread finished: S2 1-416
2026-10-03 17:17:37,483 INFO o.a.j.e.StandardJMeterEngine: Notifying test listeners of end of test
2026-10-03 17:17:37,483 INFO o.a.j.s.FileServer: Close: /tests/data/available_menu_items.csv
2026-10-03 17:17:37,485 INFO o.a.j.r.Summariser: summary +    902 in 00:00:07 =  120.6/s Avg:  4262 Min:  3653 Max:  4685 Err:     0 (0.00%) Active: 0 Started: 500 Finished: 500
2026-10-03 17:17:37,485 INFO o.a.j.r.Summariser: summary =   7920 in 00:01:05 =  122.7/s Avg:  3615 Min:    33 Max:  4685 Err:     0 (0.00%)
