2026-10-03 17:15:23,307 INFO o.a.j.u.JMeterUtils: Setting Locale to en_EN
2026-10-03 17:15:23,325 INFO o.a.j.JMeter: Loading user properties from: /opt/jmeter/bin/user.properties
2026-10-03 17:15:23,326 INFO o.a.j.JMeter: Loading system properties from: /opt/jmeter/bin/system.properties
2026-10-03 17:15:23,326 INFO o.a.j.JMeter: Loading additional properties from: /tests/run.properties
2026-10-03 17:15:23,326 INFO o.a.j.JMeter: Loading additional properties from: /tests/data/ranges.properties
2026-10-03 17:15:23,326 INFO o.a.j.JMeter: Setting JMeter property: host=laravel-nginx
2026-10-03 17:15:23,326 INFO o.a.j.JMeter: Setting JMeter property: port=80
2026-10-03 17:15:23,326 INFO o.a.j.JMeter: Setting JMeter property: rampup=10
2026-10-03 17:15:23,326 INFO o.a.j.JMeter: Setting JMeter property: endpoint=EP3
2026-10-03 17:15:23,326 INFO o.a.j.JMeter: Setting JMeter property: users=500
2026-10-03 17:15:23,327 INFO o.a.j.JMeter: Setting JMeter property: duration=60
2026-10-03 17:15:23,327 INFO o.a.j.JMeter: Setting JMeter property: ep9.start=2026-10-21
2026-10-03 17:15:23,327 INFO o.a.j.JMeter: Setting JMeter property: ep9.offset=0
2026-10-03 17:15:23,332 INFO o.a.j.JMeter: Copyright (c) 1998-2024 The Apache Software Foundation
2026-10-03 17:15:23,332 INFO o.a.j.JMeter: Version 5.6.3
2026-10-03 17:15:23,332 INFO o.a.j.JMeter: java.version=21.0.12.1
2026-10-03 17:15:23,332 INFO o.a.j.JMeter: java.vm.name=OpenJDK 64-Bit Server VM
2026-10-03 17:15:23,332 INFO o.a.j.JMeter: os.name=Linux
2026-10-03 17:15:23,332 INFO o.a.j.JMeter: os.arch=amd64
2026-10-03 17:15:23,332 INFO o.a.j.JMeter: os.version=6.6.87.2-microsoft-standard-WSL2
2026-10-03 17:15:23,332 INFO o.a.j.JMeter: file.encoding=UTF-8
2026-10-03 17:15:23,333 INFO o.a.j.JMeter: java.awt.headless=true
2026-10-03 17:15:23,333 INFO o.a.j.JMeter: Max memory     =4294967296
2026-10-03 17:15:23,333 INFO o.a.j.JMeter: Available Processors =12
2026-10-03 17:15:23,339 INFO o.a.j.JMeter: Default Locale=English (EN)
2026-10-03 17:15:23,339 INFO o.a.j.JMeter: JMeter  Locale=English (EN)
2026-10-03 17:15:23,340 INFO o.a.j.JMeter: JMeterHome=/opt/jmeter
2026-10-03 17:15:23,340 INFO o.a.j.JMeter: user.dir  =/tests
2026-10-03 17:15:23,340 INFO o.a.j.JMeter: PWD       =/tests
2026-10-03 17:15:23,340 INFO o.a.j.JMeter: IP: 172.19.0.4 Name: a65e3af50b77 FullName: a65e3af50b77
2026-10-03 17:15:23,349 INFO o.a.j.s.FileServer: Default base='/tests'
2026-10-03 17:15:23,350 INFO o.a.j.s.FileServer: Set new base='/tests'
2026-10-03 17:15:23,494 INFO o.a.j.s.SaveService: Testplan (JMX) version: 2.2. Testlog (JTL) version: 2.2
2026-10-03 17:15:23,517 INFO o.a.j.s.SaveService: Using SaveService properties version 5.0
2026-10-03 17:15:23,520 INFO o.a.j.s.SaveService: Using SaveService properties file encoding UTF-8
2026-10-03 17:15:23,524 INFO o.a.j.s.SaveService: Loading file: /tests/s2.jmx
2026-10-03 17:15:23,577 INFO o.a.j.p.h.s.HTTPSamplerBase: Parser for text/html is org.apache.jmeter.protocol.http.parser.LagartoBasedHtmlParser
2026-10-03 17:15:23,577 INFO o.a.j.p.h.s.HTTPSamplerBase: Parser for application/xhtml+xml is org.apache.jmeter.protocol.http.parser.LagartoBasedHtmlParser
2026-10-03 17:15:23,577 INFO o.a.j.p.h.s.HTTPSamplerBase: Parser for application/xml is org.apache.jmeter.protocol.http.parser.LagartoBasedHtmlParser
2026-10-03 17:15:23,578 INFO o.a.j.p.h.s.HTTPSamplerBase: Parser for text/xml is org.apache.jmeter.protocol.http.parser.LagartoBasedHtmlParser
2026-10-03 17:15:23,578 INFO o.a.j.p.h.s.HTTPSamplerBase: Parser for text/vnd.wap.wml is org.apache.jmeter.protocol.http.parser.RegexpHTMLParser
2026-10-03 17:15:23,578 INFO o.a.j.p.h.s.HTTPSamplerBase: Parser for text/css is org.apache.jmeter.protocol.http.parser.CssParser
2026-10-03 17:15:23,620 INFO o.a.j.JMeter: Creating summariser <summary>
2026-10-03 17:15:23,630 INFO o.a.j.e.StandardJMeterEngine: Running the test!
2026-10-03 17:15:23,630 INFO o.a.j.s.SampleEvent: List of sample_variables: []
2026-10-03 17:15:23,631 INFO o.a.j.s.SampleEvent: List of sample_variables: []
2026-10-03 17:15:23,634 INFO o.a.j.e.u.CompoundVariable: Note: Function class names must contain the string: '.functions.'
2026-10-03 17:15:23,634 INFO o.a.j.e.u.CompoundVariable: Note: Function class names must not contain the string: '.gui.'
2026-10-03 17:15:23,822 INFO o.a.j.JMeter: Running test (1791047723822)
2026-10-03 17:15:23,823 INFO o.a.j.e.StandardJMeterEngine: Starting setUp thread groups
2026-10-03 17:15:23,823 INFO o.a.j.e.StandardJMeterEngine: Starting setUp ThreadGroup: 1 : setUp - login 
2026-10-03 17:15:23,824 INFO o.a.j.e.StandardJMeterEngine: Starting 1 threads for group setUp - login.
2026-10-03 17:15:23,824 INFO o.a.j.e.StandardJMeterEngine: Test will stop abruptly on error
2026-10-03 17:15:23,824 INFO o.a.j.t.ThreadGroup: Starting thread group... number=1 threads=1 ramp-up=1 delayedStart=false
2026-10-03 17:15:23,827 INFO o.a.j.t.ThreadGroup: Started thread group number 1
2026-10-03 17:15:23,828 INFO o.a.j.e.StandardJMeterEngine: Waiting for all setup thread groups to exit
2026-10-03 17:15:23,829 INFO o.a.j.t.JMeterThread: Thread started: setUp - login 1-1
2026-10-03 17:15:23,840 INFO o.a.j.p.h.s.HTTPHCAbstractImpl: Local host = a65e3af50b77
2026-10-03 17:15:23,845 INFO o.a.j.p.h.s.HTTPHC4Impl: HTTP request retry count = 0
2026-10-03 17:15:23,846 INFO o.a.j.s.SampleResult: Note: Sample TimeStamps are START times
2026-10-03 17:15:23,846 INFO o.a.j.s.SampleResult: sampleresult.default.encoding is set to UTF-8
2026-10-03 17:15:23,846 INFO o.a.j.s.SampleResult: sampleresult.useNanoTime=true
2026-10-03 17:15:23,847 INFO o.a.j.s.SampleResult: sampleresult.nanoThreadSleep=5000
2026-10-03 17:15:24,600 INFO o.a.j.t.JMeterThread: Thread is done: setUp - login 1-1
2026-10-03 17:15:24,601 INFO o.a.j.t.JMeterThread: Thread finished: setUp - login 1-1
2026-10-03 17:15:24,601 INFO o.a.j.e.StandardJMeterEngine: All Setup Threads have ended
2026-10-03 17:15:24,620 INFO o.a.j.e.StandardJMeterEngine: Starting ThreadGroup: 1 : S2
2026-10-03 17:15:24,621 INFO o.a.j.e.StandardJMeterEngine: Starting 500 threads for group S2.
2026-10-03 17:15:24,621 INFO o.a.j.e.StandardJMeterEngine: Thread will continue on error
2026-10-03 17:15:24,621 INFO o.a.j.t.ThreadGroup: Starting thread group... number=1 threads=500 ramp-up=10 delayedStart=false
2026-10-03 17:15:24,630 INFO o.a.j.t.JMeterThread: Thread started: S2 1-1
2026-10-03 17:15:24,631 INFO o.a.j.s.FileServer: Stored: /tests/data/available_menu_items.csv
2026-10-03 17:15:24,649 INFO o.a.j.t.JMeterThread: Thread started: S2 1-2
2026-10-03 17:15:24,669 INFO o.a.j.t.JMeterThread: Thread started: S2 1-3
2026-10-03 17:15:24,689 INFO o.a.j.t.JMeterThread: Thread started: S2 1-4
2026-10-03 17:15:24,707 INFO o.a.j.t.JMeterThread: Thread started: S2 1-5
2026-10-03 17:15:24,726 INFO o.a.j.t.JMeterThread: Thread started: S2 1-6
2026-10-03 17:15:24,746 INFO o.a.j.t.JMeterThread: Thread started: S2 1-7
2026-10-03 17:15:24,765 INFO o.a.j.t.JMeterThread: Thread started: S2 1-8
2026-10-03 17:15:24,783 INFO o.a.j.t.JMeterThread: Thread started: S2 1-9
2026-10-03 17:15:24,803 INFO o.a.j.t.JMeterThread: Thread started: S2 1-10
2026-10-03 17:15:24,822 INFO o.a.j.t.JMeterThread: Thread started: S2 1-11
2026-10-03 17:15:24,837 INFO o.a.j.t.ThreadGroup: Started thread group number 1
2026-10-03 17:15:24,837 INFO o.a.j.e.StandardJMeterEngine: All thread groups have been started
2026-10-03 17:15:24,843 INFO o.a.j.t.JMeterThread: Thread started: S2 1-12
2026-10-03 17:15:24,862 INFO o.a.j.t.JMeterThread: Thread started: S2 1-13
2026-10-03 17:15:24,883 INFO o.a.j.t.JMeterThread: Thread started: S2 1-14
2026-10-03 17:15:24,903 INFO o.a.j.t.JMeterThread: Thread started: S2 1-15
2026-10-03 17:15:24,922 INFO o.a.j.t.JMeterThread: Thread started: S2 1-16
2026-10-03 17:15:24,943 INFO o.a.j.t.JMeterThread: Thread started: S2 1-17
2026-10-03 17:15:24,962 INFO o.a.j.t.JMeterThread: Thread started: S2 1-18
2026-10-03 17:15:24,982 INFO o.a.j.t.JMeterThread: Thread started: S2 1-19
2026-10-03 17:15:25,003 INFO o.a.j.t.JMeterThread: Thread started: S2 1-20
2026-10-03 17:15:25,022 INFO o.a.j.t.JMeterThread: Thread started: S2 1-21
2026-10-03 17:15:25,042 INFO o.a.j.t.JMeterThread: Thread started: S2 1-22
2026-10-03 17:15:25,062 INFO o.a.j.t.JMeterThread: Thread started: S2 1-23
2026-10-03 17:15:25,082 INFO o.a.j.t.JMeterThread: Thread started: S2 1-24
2026-10-03 17:15:25,102 INFO o.a.j.t.JMeterThread: Thread started: S2 1-25
2026-10-03 17:15:25,122 INFO o.a.j.t.JMeterThread: Thread started: S2 1-26
2026-10-03 17:15:25,142 INFO o.a.j.t.JMeterThread: Thread started: S2 1-27
2026-10-03 17:15:25,162 INFO o.a.j.t.JMeterThread: Thread started: S2 1-28
2026-10-03 17:15:25,182 INFO o.a.j.t.JMeterThread: Thread started: S2 1-29
2026-10-03 17:15:25,202 INFO o.a.j.t.JMeterThread: Thread started: S2 1-30
2026-10-03 17:15:25,222 INFO o.a.j.t.JMeterThread: Thread started: S2 1-31
2026-10-03 17:15:25,241 INFO o.a.j.t.JMeterThread: Thread started: S2 1-32
2026-10-03 17:15:25,262 INFO o.a.j.t.JMeterThread: Thread started: S2 1-33
2026-10-03 17:15:25,282 INFO o.a.j.t.JMeterThread: Thread started: S2 1-34
2026-10-03 17:15:25,302 INFO o.a.j.t.JMeterThread: Thread started: S2 1-35
2026-10-03 17:15:25,322 INFO o.a.j.t.JMeterThread: Thread started: S2 1-36
2026-10-03 17:15:25,342 INFO o.a.j.t.JMeterThread: Thread started: S2 1-37
2026-10-03 17:15:25,362 INFO o.a.j.t.JMeterThread: Thread started: S2 1-38
2026-10-03 17:15:25,382 INFO o.a.j.t.JMeterThread: Thread started: S2 1-39
2026-10-03 17:15:25,402 INFO o.a.j.t.JMeterThread: Thread started: S2 1-40
2026-10-03 17:15:25,422 INFO o.a.j.t.JMeterThread: Thread started: S2 1-41
2026-10-03 17:15:25,441 INFO o.a.j.t.JMeterThread: Thread started: S2 1-42
2026-10-03 17:15:25,462 INFO o.a.j.t.JMeterThread: Thread started: S2 1-43
2026-10-03 17:15:25,482 INFO o.a.j.t.JMeterThread: Thread started: S2 1-44
2026-10-03 17:15:25,502 INFO o.a.j.t.JMeterThread: Thread started: S2 1-45
2026-10-03 17:15:25,522 INFO o.a.j.t.JMeterThread: Thread started: S2 1-46
2026-10-03 17:15:25,542 INFO o.a.j.t.JMeterThread: Thread started: S2 1-47
2026-10-03 17:15:25,562 INFO o.a.j.t.JMeterThread: Thread started: S2 1-48
2026-10-03 17:15:25,582 INFO o.a.j.t.JMeterThread: Thread started: S2 1-49
2026-10-03 17:15:25,603 INFO o.a.j.t.JMeterThread: Thread started: S2 1-50
2026-10-03 17:15:25,622 INFO o.a.j.t.JMeterThread: Thread started: S2 1-51
2026-10-03 17:15:25,642 INFO o.a.j.t.JMeterThread: Thread started: S2 1-52
2026-10-03 17:15:25,662 INFO o.a.j.t.JMeterThread: Thread started: S2 1-53
2026-10-03 17:15:25,681 INFO o.a.j.t.JMeterThread: Thread started: S2 1-54
2026-10-03 17:15:25,702 INFO o.a.j.t.JMeterThread: Thread started: S2 1-55
2026-10-03 17:15:25,722 INFO o.a.j.t.JMeterThread: Thread started: S2 1-56
2026-10-03 17:15:25,742 INFO o.a.j.t.JMeterThread: Thread started: S2 1-57
2026-10-03 17:15:25,762 INFO o.a.j.t.JMeterThread: Thread started: S2 1-58
2026-10-03 17:15:25,782 INFO o.a.j.t.JMeterThread: Thread started: S2 1-59
2026-10-03 17:15:25,802 INFO o.a.j.t.JMeterThread: Thread started: S2 1-60
2026-10-03 17:15:25,822 INFO o.a.j.t.JMeterThread: Thread started: S2 1-61
2026-10-03 17:15:25,842 INFO o.a.j.t.JMeterThread: Thread started: S2 1-62
2026-10-03 17:15:25,862 INFO o.a.j.t.JMeterThread: Thread started: S2 1-63
2026-10-03 17:15:25,882 INFO o.a.j.t.JMeterThread: Thread started: S2 1-64
2026-10-03 17:15:25,903 INFO o.a.j.t.JMeterThread: Thread started: S2 1-65
2026-10-03 17:15:25,922 INFO o.a.j.t.JMeterThread: Thread started: S2 1-66
2026-10-03 17:15:25,942 INFO o.a.j.t.JMeterThread: Thread started: S2 1-67
2026-10-03 17:15:25,962 INFO o.a.j.t.JMeterThread: Thread started: S2 1-68
2026-10-03 17:15:25,982 INFO o.a.j.t.JMeterThread: Thread started: S2 1-69
2026-10-03 17:15:26,002 INFO o.a.j.t.JMeterThread: Thread started: S2 1-70
2026-10-03 17:15:26,022 INFO o.a.j.t.JMeterThread: Thread started: S2 1-71
2026-10-03 17:15:26,042 INFO o.a.j.t.JMeterThread: Thread started: S2 1-72
2026-10-03 17:15:26,062 INFO o.a.j.t.JMeterThread: Thread started: S2 1-73
2026-10-03 17:15:26,081 INFO o.a.j.t.JMeterThread: Thread started: S2 1-74
2026-10-03 17:15:26,102 INFO o.a.j.t.JMeterThread: Thread started: S2 1-75
2026-10-03 17:15:26,122 INFO o.a.j.t.JMeterThread: Thread started: S2 1-76
2026-10-03 17:15:26,142 INFO o.a.j.t.JMeterThread: Thread started: S2 1-77
2026-10-03 17:15:26,162 INFO o.a.j.t.JMeterThread: Thread started: S2 1-78
2026-10-03 17:15:26,181 INFO o.a.j.t.JMeterThread: Thread started: S2 1-79
2026-10-03 17:15:26,202 INFO o.a.j.t.JMeterThread: Thread started: S2 1-80
2026-10-03 17:15:26,222 INFO o.a.j.t.JMeterThread: Thread started: S2 1-81
2026-10-03 17:15:26,242 INFO o.a.j.t.JMeterThread: Thread started: S2 1-82
2026-10-03 17:15:26,262 INFO o.a.j.t.JMeterThread: Thread started: S2 1-83
2026-10-03 17:15:26,282 INFO o.a.j.t.JMeterThread: Thread started: S2 1-84
2026-10-03 17:15:26,301 INFO o.a.j.t.JMeterThread: Thread started: S2 1-85
2026-10-03 17:15:26,322 INFO o.a.j.t.JMeterThread: Thread started: S2 1-86
2026-10-03 17:15:26,342 INFO o.a.j.t.JMeterThread: Thread started: S2 1-87
2026-10-03 17:15:26,362 INFO o.a.j.t.JMeterThread: Thread started: S2 1-88
2026-10-03 17:15:26,382 INFO o.a.j.t.JMeterThread: Thread started: S2 1-89
2026-10-03 17:15:26,402 INFO o.a.j.t.JMeterThread: Thread started: S2 1-90
2026-10-03 17:15:26,422 INFO o.a.j.t.JMeterThread: Thread started: S2 1-91
2026-10-03 17:15:26,441 INFO o.a.j.t.JMeterThread: Thread started: S2 1-92
2026-10-03 17:15:26,462 INFO o.a.j.t.JMeterThread: Thread started: S2 1-93
2026-10-03 17:15:26,481 INFO o.a.j.t.JMeterThread: Thread started: S2 1-94
2026-10-03 17:15:26,502 INFO o.a.j.t.JMeterThread: Thread started: S2 1-95
2026-10-03 17:15:26,522 INFO o.a.j.t.JMeterThread: Thread started: S2 1-96
2026-10-03 17:15:26,542 INFO o.a.j.t.JMeterThread: Thread started: S2 1-97
2026-10-03 17:15:26,562 INFO o.a.j.t.JMeterThread: Thread started: S2 1-98
2026-10-03 17:15:26,582 INFO o.a.j.t.JMeterThread: Thread started: S2 1-99
2026-10-03 17:15:26,602 INFO o.a.j.t.JMeterThread: Thread started: S2 1-100
2026-10-03 17:15:26,622 INFO o.a.j.t.JMeterThread: Thread started: S2 1-101
2026-10-03 17:15:26,642 INFO o.a.j.t.JMeterThread: Thread started: S2 1-102
2026-10-03 17:15:26,662 INFO o.a.j.t.JMeterThread: Thread started: S2 1-103
2026-10-03 17:15:26,681 INFO o.a.j.t.JMeterThread: Thread started: S2 1-104
2026-10-03 17:15:26,702 INFO o.a.j.t.JMeterThread: Thread started: S2 1-105
2026-10-03 17:15:26,722 INFO o.a.j.t.JMeterThread: Thread started: S2 1-106
2026-10-03 17:15:26,741 INFO o.a.j.t.JMeterThread: Thread started: S2 1-107
2026-10-03 17:15:26,762 INFO o.a.j.t.JMeterThread: Thread started: S2 1-108
2026-10-03 17:15:26,782 INFO o.a.j.t.JMeterThread: Thread started: S2 1-109
2026-10-03 17:15:26,802 INFO o.a.j.t.JMeterThread: Thread started: S2 1-110
2026-10-03 17:15:26,822 INFO o.a.j.t.JMeterThread: Thread started: S2 1-111
2026-10-03 17:15:26,842 INFO o.a.j.t.JMeterThread: Thread started: S2 1-112
2026-10-03 17:15:26,862 INFO o.a.j.t.JMeterThread: Thread started: S2 1-113
2026-10-03 17:15:26,882 INFO o.a.j.t.JMeterThread: Thread started: S2 1-114
2026-10-03 17:15:26,902 INFO o.a.j.t.JMeterThread: Thread started: S2 1-115
2026-10-03 17:15:26,922 INFO o.a.j.t.JMeterThread: Thread started: S2 1-116
2026-10-03 17:15:26,942 INFO o.a.j.t.JMeterThread: Thread started: S2 1-117
2026-10-03 17:15:26,963 INFO o.a.j.t.JMeterThread: Thread started: S2 1-118
2026-10-03 17:15:26,983 INFO o.a.j.t.JMeterThread: Thread started: S2 1-119
2026-10-03 17:15:27,002 INFO o.a.j.t.JMeterThread: Thread started: S2 1-120
2026-10-03 17:15:27,022 INFO o.a.j.t.JMeterThread: Thread started: S2 1-121
2026-10-03 17:15:27,042 INFO o.a.j.t.JMeterThread: Thread started: S2 1-122
2026-10-03 17:15:27,062 INFO o.a.j.t.JMeterThread: Thread started: S2 1-123
2026-10-03 17:15:27,081 INFO o.a.j.t.JMeterThread: Thread started: S2 1-124
2026-10-03 17:15:27,102 INFO o.a.j.t.JMeterThread: Thread started: S2 1-125
2026-10-03 17:15:27,122 INFO o.a.j.t.JMeterThread: Thread started: S2 1-126
2026-10-03 17:15:27,143 INFO o.a.j.t.JMeterThread: Thread started: S2 1-127
2026-10-03 17:15:27,162 INFO o.a.j.t.JMeterThread: Thread started: S2 1-128
2026-10-03 17:15:27,183 INFO o.a.j.t.JMeterThread: Thread started: S2 1-129
2026-10-03 17:15:27,202 INFO o.a.j.t.JMeterThread: Thread started: S2 1-130
2026-10-03 17:15:27,223 INFO o.a.j.t.JMeterThread: Thread started: S2 1-131
2026-10-03 17:15:27,242 INFO o.a.j.t.JMeterThread: Thread started: S2 1-132
2026-10-03 17:15:27,262 INFO o.a.j.t.JMeterThread: Thread started: S2 1-133
2026-10-03 17:15:27,282 INFO o.a.j.t.JMeterThread: Thread started: S2 1-134
2026-10-03 17:15:27,301 INFO o.a.j.t.JMeterThread: Thread started: S2 1-135
2026-10-03 17:15:27,322 INFO o.a.j.t.JMeterThread: Thread started: S2 1-136
2026-10-03 17:15:27,342 INFO o.a.j.t.JMeterThread: Thread started: S2 1-137
2026-10-03 17:15:27,362 INFO o.a.j.t.JMeterThread: Thread started: S2 1-138
2026-10-03 17:15:27,382 INFO o.a.j.t.JMeterThread: Thread started: S2 1-139
2026-10-03 17:15:27,402 INFO o.a.j.t.JMeterThread: Thread started: S2 1-140
2026-10-03 17:15:27,422 INFO o.a.j.t.JMeterThread: Thread started: S2 1-141
2026-10-03 17:15:27,441 INFO o.a.j.t.JMeterThread: Thread started: S2 1-142
2026-10-03 17:15:27,462 INFO o.a.j.t.JMeterThread: Thread started: S2 1-143
2026-10-03 17:15:27,481 INFO o.a.j.t.JMeterThread: Thread started: S2 1-144
2026-10-03 17:15:27,502 INFO o.a.j.t.JMeterThread: Thread started: S2 1-145
2026-10-03 17:15:27,522 INFO o.a.j.t.JMeterThread: Thread started: S2 1-146
2026-10-03 17:15:27,541 INFO o.a.j.t.JMeterThread: Thread started: S2 1-147
2026-10-03 17:15:27,562 INFO o.a.j.t.JMeterThread: Thread started: S2 1-148
2026-10-03 17:15:27,582 INFO o.a.j.t.JMeterThread: Thread started: S2 1-149
2026-10-03 17:15:27,601 INFO o.a.j.t.JMeterThread: Thread started: S2 1-150
2026-10-03 17:15:27,622 INFO o.a.j.t.JMeterThread: Thread started: S2 1-151
2026-10-03 17:15:27,642 INFO o.a.j.t.JMeterThread: Thread started: S2 1-152
2026-10-03 17:15:27,662 INFO o.a.j.t.JMeterThread: Thread started: S2 1-153
2026-10-03 17:15:27,683 INFO o.a.j.t.JMeterThread: Thread started: S2 1-154
2026-10-03 17:15:27,702 INFO o.a.j.t.JMeterThread: Thread started: S2 1-155
2026-10-03 17:15:27,723 INFO o.a.j.t.JMeterThread: Thread started: S2 1-156
2026-10-03 17:15:27,742 INFO o.a.j.t.JMeterThread: Thread started: S2 1-157
2026-10-03 17:15:27,761 INFO o.a.j.t.JMeterThread: Thread started: S2 1-158
2026-10-03 17:15:27,782 INFO o.a.j.t.JMeterThread: Thread started: S2 1-159
2026-10-03 17:15:27,802 INFO o.a.j.t.JMeterThread: Thread started: S2 1-160
2026-10-03 17:15:27,821 INFO o.a.j.t.JMeterThread: Thread started: S2 1-161
2026-10-03 17:15:27,842 INFO o.a.j.t.JMeterThread: Thread started: S2 1-162
2026-10-03 17:15:27,861 INFO o.a.j.t.JMeterThread: Thread started: S2 1-163
2026-10-03 17:15:27,882 INFO o.a.j.t.JMeterThread: Thread started: S2 1-164
2026-10-03 17:15:27,903 INFO o.a.j.t.JMeterThread: Thread started: S2 1-165
2026-10-03 17:15:27,921 INFO o.a.j.t.JMeterThread: Thread started: S2 1-166
2026-10-03 17:15:27,942 INFO o.a.j.t.JMeterThread: Thread started: S2 1-167
2026-10-03 17:15:27,961 INFO o.a.j.t.JMeterThread: Thread started: S2 1-168
2026-10-03 17:15:27,982 INFO o.a.j.t.JMeterThread: Thread started: S2 1-169
2026-10-03 17:15:28,002 INFO o.a.j.t.JMeterThread: Thread started: S2 1-170
2026-10-03 17:15:28,021 INFO o.a.j.t.JMeterThread: Thread started: S2 1-171
2026-10-03 17:15:28,042 INFO o.a.j.t.JMeterThread: Thread started: S2 1-172
2026-10-03 17:15:28,062 INFO o.a.j.t.JMeterThread: Thread started: S2 1-173
2026-10-03 17:15:28,081 INFO o.a.j.t.JMeterThread: Thread started: S2 1-174
2026-10-03 17:15:28,103 INFO o.a.j.t.JMeterThread: Thread started: S2 1-175
2026-10-03 17:15:28,121 INFO o.a.j.t.JMeterThread: Thread started: S2 1-176
2026-10-03 17:15:28,142 INFO o.a.j.t.JMeterThread: Thread started: S2 1-177
2026-10-03 17:15:28,162 INFO o.a.j.t.JMeterThread: Thread started: S2 1-178
2026-10-03 17:15:28,194 INFO o.a.j.t.JMeterThread: Thread started: S2 1-179
2026-10-03 17:15:28,202 INFO o.a.j.t.JMeterThread: Thread started: S2 1-180
2026-10-03 17:15:28,222 INFO o.a.j.t.JMeterThread: Thread started: S2 1-181
2026-10-03 17:15:28,242 INFO o.a.j.t.JMeterThread: Thread started: S2 1-182
2026-10-03 17:15:28,262 INFO o.a.j.t.JMeterThread: Thread started: S2 1-183
2026-10-03 17:15:28,281 INFO o.a.j.t.JMeterThread: Thread started: S2 1-184
2026-10-03 17:15:28,302 INFO o.a.j.t.JMeterThread: Thread started: S2 1-185
2026-10-03 17:15:28,321 INFO o.a.j.t.JMeterThread: Thread started: S2 1-186
2026-10-03 17:15:28,342 INFO o.a.j.t.JMeterThread: Thread started: S2 1-187
2026-10-03 17:15:28,361 INFO o.a.j.t.JMeterThread: Thread started: S2 1-188
2026-10-03 17:15:28,382 INFO o.a.j.t.JMeterThread: Thread started: S2 1-189
2026-10-03 17:15:28,401 INFO o.a.j.t.JMeterThread: Thread started: S2 1-190
2026-10-03 17:15:28,422 INFO o.a.j.t.JMeterThread: Thread started: S2 1-191
2026-10-03 17:15:28,442 INFO o.a.j.t.JMeterThread: Thread started: S2 1-192
2026-10-03 17:15:28,462 INFO o.a.j.t.JMeterThread: Thread started: S2 1-193
2026-10-03 17:15:28,481 INFO o.a.j.t.JMeterThread: Thread started: S2 1-194
2026-10-03 17:15:28,502 INFO o.a.j.t.JMeterThread: Thread started: S2 1-195
2026-10-03 17:15:28,521 INFO o.a.j.t.JMeterThread: Thread started: S2 1-196
2026-10-03 17:15:28,542 INFO o.a.j.t.JMeterThread: Thread started: S2 1-197
2026-10-03 17:15:28,563 INFO o.a.j.t.JMeterThread: Thread started: S2 1-198
2026-10-03 17:15:28,582 INFO o.a.j.t.JMeterThread: Thread started: S2 1-199
2026-10-03 17:15:28,607 INFO o.a.j.t.JMeterThread: Thread started: S2 1-200
2026-10-03 17:15:28,627 INFO o.a.j.t.JMeterThread: Thread started: S2 1-201
2026-10-03 17:15:28,642 INFO o.a.j.t.JMeterThread: Thread started: S2 1-202
2026-10-03 17:15:28,663 INFO o.a.j.t.JMeterThread: Thread started: S2 1-203
2026-10-03 17:15:28,683 INFO o.a.j.t.JMeterThread: Thread started: S2 1-204
2026-10-03 17:15:28,702 INFO o.a.j.t.JMeterThread: Thread started: S2 1-205
2026-10-03 17:15:28,723 INFO o.a.j.t.JMeterThread: Thread started: S2 1-206
2026-10-03 17:15:28,741 INFO o.a.j.t.JMeterThread: Thread started: S2 1-207
2026-10-03 17:15:28,762 INFO o.a.j.t.JMeterThread: Thread started: S2 1-208
2026-10-03 17:15:28,781 INFO o.a.j.t.JMeterThread: Thread started: S2 1-209
2026-10-03 17:15:28,802 INFO o.a.j.t.JMeterThread: Thread started: S2 1-210
2026-10-03 17:15:28,821 INFO o.a.j.t.JMeterThread: Thread started: S2 1-211
2026-10-03 17:15:28,841 INFO o.a.j.t.JMeterThread: Thread started: S2 1-212
2026-10-03 17:15:28,862 INFO o.a.j.t.JMeterThread: Thread started: S2 1-213
2026-10-03 17:15:28,881 INFO o.a.j.t.JMeterThread: Thread started: S2 1-214
2026-10-03 17:15:28,902 INFO o.a.j.t.JMeterThread: Thread started: S2 1-215
2026-10-03 17:15:28,922 INFO o.a.j.t.JMeterThread: Thread started: S2 1-216
2026-10-03 17:15:28,941 INFO o.a.j.t.JMeterThread: Thread started: S2 1-217
2026-10-03 17:15:28,962 INFO o.a.j.t.JMeterThread: Thread started: S2 1-218
2026-10-03 17:15:28,982 INFO o.a.j.t.JMeterThread: Thread started: S2 1-219
2026-10-03 17:15:29,001 INFO o.a.j.t.JMeterThread: Thread started: S2 1-220
2026-10-03 17:15:29,022 INFO o.a.j.t.JMeterThread: Thread started: S2 1-221
2026-10-03 17:15:29,042 INFO o.a.j.t.JMeterThread: Thread started: S2 1-222
2026-10-03 17:15:29,061 INFO o.a.j.t.JMeterThread: Thread started: S2 1-223
2026-10-03 17:15:29,082 INFO o.a.j.t.JMeterThread: Thread started: S2 1-224
2026-10-03 17:15:29,102 INFO o.a.j.t.JMeterThread: Thread started: S2 1-225
2026-10-03 17:15:29,121 INFO o.a.j.t.JMeterThread: Thread started: S2 1-226
2026-10-03 17:15:29,142 INFO o.a.j.t.JMeterThread: Thread started: S2 1-227
2026-10-03 17:15:29,162 INFO o.a.j.t.JMeterThread: Thread started: S2 1-228
2026-10-03 17:15:29,181 INFO o.a.j.t.JMeterThread: Thread started: S2 1-229
2026-10-03 17:15:29,203 INFO o.a.j.t.JMeterThread: Thread started: S2 1-230
2026-10-03 17:15:29,221 INFO o.a.j.t.JMeterThread: Thread started: S2 1-231
2026-10-03 17:15:29,242 INFO o.a.j.t.JMeterThread: Thread started: S2 1-232
2026-10-03 17:15:29,263 INFO o.a.j.t.JMeterThread: Thread started: S2 1-233
2026-10-03 17:15:29,282 INFO o.a.j.t.JMeterThread: Thread started: S2 1-234
2026-10-03 17:15:29,302 INFO o.a.j.t.JMeterThread: Thread started: S2 1-235
2026-10-03 17:15:29,321 INFO o.a.j.t.JMeterThread: Thread started: S2 1-236
2026-10-03 17:15:29,342 INFO o.a.j.t.JMeterThread: Thread started: S2 1-237
2026-10-03 17:15:29,362 INFO o.a.j.t.JMeterThread: Thread started: S2 1-238
2026-10-03 17:15:29,381 INFO o.a.j.t.JMeterThread: Thread started: S2 1-239
2026-10-03 17:15:29,402 INFO o.a.j.t.JMeterThread: Thread started: S2 1-240
2026-10-03 17:15:29,422 INFO o.a.j.t.JMeterThread: Thread started: S2 1-241
2026-10-03 17:15:29,441 INFO o.a.j.t.JMeterThread: Thread started: S2 1-242
2026-10-03 17:15:29,462 INFO o.a.j.t.JMeterThread: Thread started: S2 1-243
2026-10-03 17:15:29,481 INFO o.a.j.t.JMeterThread: Thread started: S2 1-244
2026-10-03 17:15:29,502 INFO o.a.j.t.JMeterThread: Thread started: S2 1-245
2026-10-03 17:15:29,523 INFO o.a.j.t.JMeterThread: Thread started: S2 1-246
2026-10-03 17:15:29,541 INFO o.a.j.t.JMeterThread: Thread started: S2 1-247
2026-10-03 17:15:29,562 INFO o.a.j.t.JMeterThread: Thread started: S2 1-248
2026-10-03 17:15:29,583 INFO o.a.j.t.JMeterThread: Thread started: S2 1-249
2026-10-03 17:15:29,601 INFO o.a.j.t.JMeterThread: Thread started: S2 1-250
2026-10-03 17:15:29,622 INFO o.a.j.t.JMeterThread: Thread started: S2 1-251
2026-10-03 17:15:29,643 INFO o.a.j.t.JMeterThread: Thread started: S2 1-252
2026-10-03 17:15:29,661 INFO o.a.j.t.JMeterThread: Thread started: S2 1-253
2026-10-03 17:15:29,682 INFO o.a.j.t.JMeterThread: Thread started: S2 1-254
2026-10-03 17:15:29,701 INFO o.a.j.t.JMeterThread: Thread started: S2 1-255
2026-10-03 17:15:29,721 INFO o.a.j.t.JMeterThread: Thread started: S2 1-256
2026-10-03 17:15:29,743 INFO o.a.j.t.JMeterThread: Thread started: S2 1-257
2026-10-03 17:15:29,761 INFO o.a.j.t.JMeterThread: Thread started: S2 1-258
2026-10-03 17:15:29,782 INFO o.a.j.t.JMeterThread: Thread started: S2 1-259
2026-10-03 17:15:29,802 INFO o.a.j.t.JMeterThread: Thread started: S2 1-260
2026-10-03 17:15:29,821 INFO o.a.j.t.JMeterThread: Thread started: S2 1-261
2026-10-03 17:15:29,843 INFO o.a.j.t.JMeterThread: Thread started: S2 1-262
2026-10-03 17:15:29,861 INFO o.a.j.t.JMeterThread: Thread started: S2 1-263
2026-10-03 17:15:29,882 INFO o.a.j.t.JMeterThread: Thread started: S2 1-264
2026-10-03 17:15:29,903 INFO o.a.j.t.JMeterThread: Thread started: S2 1-265
2026-10-03 17:15:29,921 INFO o.a.j.t.JMeterThread: Thread started: S2 1-266
2026-10-03 17:15:29,942 INFO o.a.j.t.JMeterThread: Thread started: S2 1-267
2026-10-03 17:15:29,963 INFO o.a.j.t.JMeterThread: Thread started: S2 1-268
2026-10-03 17:15:29,981 INFO o.a.j.t.JMeterThread: Thread started: S2 1-269
2026-10-03 17:15:30,001 INFO o.a.j.t.JMeterThread: Thread started: S2 1-270
2026-10-03 17:15:30,008 INFO o.a.j.r.Summariser: summary +    673 in 00:00:06 =  108.8/s Avg:   776 Min:    57 Max:  1499 Err:     0 (0.00%) Active: 270 Started: 270 Finished: 0
2026-10-03 17:15:30,022 INFO o.a.j.t.JMeterThread: Thread started: S2 1-271
2026-10-03 17:15:30,041 INFO o.a.j.t.JMeterThread: Thread started: S2 1-272
2026-10-03 17:15:30,061 INFO o.a.j.t.JMeterThread: Thread started: S2 1-273
2026-10-03 17:15:30,083 INFO o.a.j.t.JMeterThread: Thread started: S2 1-274
2026-10-03 17:15:30,103 INFO o.a.j.t.JMeterThread: Thread started: S2 1-275
2026-10-03 17:15:30,121 INFO o.a.j.t.JMeterThread: Thread started: S2 1-276
2026-10-03 17:15:30,142 INFO o.a.j.t.JMeterThread: Thread started: S2 1-277
2026-10-03 17:15:30,161 INFO o.a.j.t.JMeterThread: Thread started: S2 1-278
2026-10-03 17:15:30,182 INFO o.a.j.t.JMeterThread: Thread started: S2 1-279
2026-10-03 17:15:30,202 INFO o.a.j.t.JMeterThread: Thread started: S2 1-280
2026-10-03 17:15:30,222 INFO o.a.j.t.JMeterThread: Thread started: S2 1-281
2026-10-03 17:15:30,242 INFO o.a.j.t.JMeterThread: Thread started: S2 1-282
2026-10-03 17:15:30,262 INFO o.a.j.t.JMeterThread: Thread started: S2 1-283
2026-10-03 17:15:30,283 INFO o.a.j.t.JMeterThread: Thread started: S2 1-284
2026-10-03 17:15:30,301 INFO o.a.j.t.JMeterThread: Thread started: S2 1-285
2026-10-03 17:15:30,321 INFO o.a.j.t.JMeterThread: Thread started: S2 1-286
2026-10-03 17:15:30,342 INFO o.a.j.t.JMeterThread: Thread started: S2 1-287
2026-10-03 17:15:30,361 INFO o.a.j.t.JMeterThread: Thread started: S2 1-288
2026-10-03 17:15:30,381 INFO o.a.j.t.JMeterThread: Thread started: S2 1-289
2026-10-03 17:15:30,402 INFO o.a.j.t.JMeterThread: Thread started: S2 1-290
2026-10-03 17:15:30,421 INFO o.a.j.t.JMeterThread: Thread started: S2 1-291
2026-10-03 17:15:30,442 INFO o.a.j.t.JMeterThread: Thread started: S2 1-292
2026-10-03 17:15:30,462 INFO o.a.j.t.JMeterThread: Thread started: S2 1-293
2026-10-03 17:15:30,482 INFO o.a.j.t.JMeterThread: Thread started: S2 1-294
2026-10-03 17:15:30,503 INFO o.a.j.t.JMeterThread: Thread started: S2 1-295
2026-10-03 17:15:30,521 INFO o.a.j.t.JMeterThread: Thread started: S2 1-296
2026-10-03 17:15:30,542 INFO o.a.j.t.JMeterThread: Thread started: S2 1-297
2026-10-03 17:15:30,563 INFO o.a.j.t.JMeterThread: Thread started: S2 1-298
2026-10-03 17:15:30,581 INFO o.a.j.t.JMeterThread: Thread started: S2 1-299
2026-10-03 17:15:30,602 INFO o.a.j.t.JMeterThread: Thread started: S2 1-300
2026-10-03 17:15:30,623 INFO o.a.j.t.JMeterThread: Thread started: S2 1-301
2026-10-03 17:15:30,641 INFO o.a.j.t.JMeterThread: Thread started: S2 1-302
2026-10-03 17:15:30,662 INFO o.a.j.t.JMeterThread: Thread started: S2 1-303
2026-10-03 17:15:30,682 INFO o.a.j.t.JMeterThread: Thread started: S2 1-304
2026-10-03 17:15:30,701 INFO o.a.j.t.JMeterThread: Thread started: S2 1-305
2026-10-03 17:15:30,721 INFO o.a.j.t.JMeterThread: Thread started: S2 1-306
2026-10-03 17:15:30,742 INFO o.a.j.t.JMeterThread: Thread started: S2 1-307
2026-10-03 17:15:30,763 INFO o.a.j.t.JMeterThread: Thread started: S2 1-308
2026-10-03 17:15:30,781 INFO o.a.j.t.JMeterThread: Thread started: S2 1-309
2026-10-03 17:15:30,803 INFO o.a.j.t.JMeterThread: Thread started: S2 1-310
2026-10-03 17:15:30,821 INFO o.a.j.t.JMeterThread: Thread started: S2 1-311
2026-10-03 17:15:30,843 INFO o.a.j.t.JMeterThread: Thread started: S2 1-312
2026-10-03 17:15:30,862 INFO o.a.j.t.JMeterThread: Thread started: S2 1-313
2026-10-03 17:15:30,881 INFO o.a.j.t.JMeterThread: Thread started: S2 1-314
2026-10-03 17:15:30,902 INFO o.a.j.t.JMeterThread: Thread started: S2 1-315
2026-10-03 17:15:30,922 INFO o.a.j.t.JMeterThread: Thread started: S2 1-316
2026-10-03 17:15:30,942 INFO o.a.j.t.JMeterThread: Thread started: S2 1-317
2026-10-03 17:15:30,962 INFO o.a.j.t.JMeterThread: Thread started: S2 1-318
2026-10-03 17:15:30,981 INFO o.a.j.t.JMeterThread: Thread started: S2 1-319
2026-10-03 17:15:31,003 INFO o.a.j.t.JMeterThread: Thread started: S2 1-320
2026-10-03 17:15:31,021 INFO o.a.j.t.JMeterThread: Thread started: S2 1-321
2026-10-03 17:15:31,042 INFO o.a.j.t.JMeterThread: Thread started: S2 1-322
2026-10-03 17:15:31,063 INFO o.a.j.t.JMeterThread: Thread started: S2 1-323
2026-10-03 17:15:31,081 INFO o.a.j.t.JMeterThread: Thread started: S2 1-324
2026-10-03 17:15:31,102 INFO o.a.j.t.JMeterThread: Thread started: S2 1-325
2026-10-03 17:15:31,121 INFO o.a.j.t.JMeterThread: Thread started: S2 1-326
2026-10-03 17:15:31,142 INFO o.a.j.t.JMeterThread: Thread started: S2 1-327
2026-10-03 17:15:31,162 INFO o.a.j.t.JMeterThread: Thread started: S2 1-328
2026-10-03 17:15:31,181 INFO o.a.j.t.JMeterThread: Thread started: S2 1-329
2026-10-03 17:15:31,203 INFO o.a.j.t.JMeterThread: Thread started: S2 1-330
2026-10-03 17:15:31,221 INFO o.a.j.t.JMeterThread: Thread started: S2 1-331
2026-10-03 17:15:31,242 INFO o.a.j.t.JMeterThread: Thread started: S2 1-332
2026-10-03 17:15:31,261 INFO o.a.j.t.JMeterThread: Thread started: S2 1-333
2026-10-03 17:15:31,281 INFO o.a.j.t.JMeterThread: Thread started: S2 1-334
2026-10-03 17:15:31,302 INFO o.a.j.t.JMeterThread: Thread started: S2 1-335
2026-10-03 17:15:31,321 INFO o.a.j.t.JMeterThread: Thread started: S2 1-336
2026-10-03 17:15:31,341 INFO o.a.j.t.JMeterThread: Thread started: S2 1-337
2026-10-03 17:15:31,362 INFO o.a.j.t.JMeterThread: Thread started: S2 1-338
2026-10-03 17:15:31,383 INFO o.a.j.t.JMeterThread: Thread started: S2 1-339
2026-10-03 17:15:31,401 INFO o.a.j.t.JMeterThread: Thread started: S2 1-340
2026-10-03 17:15:31,422 INFO o.a.j.t.JMeterThread: Thread started: S2 1-341
2026-10-03 17:15:31,443 INFO o.a.j.t.JMeterThread: Thread started: S2 1-342
2026-10-03 17:15:31,461 INFO o.a.j.t.JMeterThread: Thread started: S2 1-343
2026-10-03 17:15:31,481 INFO o.a.j.t.JMeterThread: Thread started: S2 1-344
2026-10-03 17:15:31,502 INFO o.a.j.t.JMeterThread: Thread started: S2 1-345
2026-10-03 17:15:31,521 INFO o.a.j.t.JMeterThread: Thread started: S2 1-346
2026-10-03 17:15:31,542 INFO o.a.j.t.JMeterThread: Thread started: S2 1-347
2026-10-03 17:15:31,562 INFO o.a.j.t.JMeterThread: Thread started: S2 1-348
2026-10-03 17:15:31,581 INFO o.a.j.t.JMeterThread: Thread started: S2 1-349
2026-10-03 17:15:31,603 INFO o.a.j.t.JMeterThread: Thread started: S2 1-350
2026-10-03 17:15:31,621 INFO o.a.j.t.JMeterThread: Thread started: S2 1-351
2026-10-03 17:15:31,642 INFO o.a.j.t.JMeterThread: Thread started: S2 1-352
2026-10-03 17:15:31,662 INFO o.a.j.t.JMeterThread: Thread started: S2 1-353
2026-10-03 17:15:31,681 INFO o.a.j.t.JMeterThread: Thread started: S2 1-354
2026-10-03 17:15:31,703 INFO o.a.j.t.JMeterThread: Thread started: S2 1-355
2026-10-03 17:15:31,721 INFO o.a.j.t.JMeterThread: Thread started: S2 1-356
2026-10-03 17:15:31,741 INFO o.a.j.t.JMeterThread: Thread started: S2 1-357
2026-10-03 17:15:31,762 INFO o.a.j.t.JMeterThread: Thread started: S2 1-358
2026-10-03 17:15:31,781 INFO o.a.j.t.JMeterThread: Thread started: S2 1-359
2026-10-03 17:15:31,802 INFO o.a.j.t.JMeterThread: Thread started: S2 1-360
2026-10-03 17:15:31,822 INFO o.a.j.t.JMeterThread: Thread started: S2 1-361
2026-10-03 17:15:31,841 INFO o.a.j.t.JMeterThread: Thread started: S2 1-362
2026-10-03 17:15:31,863 INFO o.a.j.t.JMeterThread: Thread started: S2 1-363
2026-10-03 17:15:31,882 INFO o.a.j.t.JMeterThread: Thread started: S2 1-364
2026-10-03 17:15:31,901 INFO o.a.j.t.JMeterThread: Thread started: S2 1-365
2026-10-03 17:15:31,922 INFO o.a.j.t.JMeterThread: Thread started: S2 1-366
2026-10-03 17:15:31,941 INFO o.a.j.t.JMeterThread: Thread started: S2 1-367
2026-10-03 17:15:31,963 INFO o.a.j.t.JMeterThread: Thread started: S2 1-368
2026-10-03 17:15:31,981 INFO o.a.j.t.JMeterThread: Thread started: S2 1-369
2026-10-03 17:15:32,002 INFO o.a.j.t.JMeterThread: Thread started: S2 1-370
2026-10-03 17:15:32,022 INFO o.a.j.t.JMeterThread: Thread started: S2 1-371
2026-10-03 17:15:32,041 INFO o.a.j.t.JMeterThread: Thread started: S2 1-372
2026-10-03 17:15:32,061 INFO o.a.j.t.JMeterThread: Thread started: S2 1-373
2026-10-03 17:15:32,083 INFO o.a.j.t.JMeterThread: Thread started: S2 1-374
2026-10-03 17:15:32,101 INFO o.a.j.t.JMeterThread: Thread started: S2 1-375
2026-10-03 17:15:32,121 INFO o.a.j.t.JMeterThread: Thread started: S2 1-376
2026-10-03 17:15:32,143 INFO o.a.j.t.JMeterThread: Thread started: S2 1-377
2026-10-03 17:15:32,162 INFO o.a.j.t.JMeterThread: Thread started: S2 1-378
2026-10-03 17:15:32,181 INFO o.a.j.t.JMeterThread: Thread started: S2 1-379
2026-10-03 17:15:32,202 INFO o.a.j.t.JMeterThread: Thread started: S2 1-380
2026-10-03 17:15:32,222 INFO o.a.j.t.JMeterThread: Thread started: S2 1-381
2026-10-03 17:15:32,241 INFO o.a.j.t.JMeterThread: Thread started: S2 1-382
2026-10-03 17:15:32,263 INFO o.a.j.t.JMeterThread: Thread started: S2 1-383
2026-10-03 17:15:32,281 INFO o.a.j.t.JMeterThread: Thread started: S2 1-384
2026-10-03 17:15:32,302 INFO o.a.j.t.JMeterThread: Thread started: S2 1-385
2026-10-03 17:15:32,322 INFO o.a.j.t.JMeterThread: Thread started: S2 1-386
2026-10-03 17:15:32,341 INFO o.a.j.t.JMeterThread: Thread started: S2 1-387
2026-10-03 17:15:32,363 INFO o.a.j.t.JMeterThread: Thread started: S2 1-388
2026-10-03 17:15:32,381 INFO o.a.j.t.JMeterThread: Thread started: S2 1-389
2026-10-03 17:15:32,401 INFO o.a.j.t.JMeterThread: Thread started: S2 1-390
2026-10-03 17:15:32,422 INFO o.a.j.t.JMeterThread: Thread started: S2 1-391
2026-10-03 17:15:32,441 INFO o.a.j.t.JMeterThread: Thread started: S2 1-392
2026-10-03 17:15:32,462 INFO o.a.j.t.JMeterThread: Thread started: S2 1-393
2026-10-03 17:15:32,482 INFO o.a.j.t.JMeterThread: Thread started: S2 1-394
2026-10-03 17:15:32,501 INFO o.a.j.t.JMeterThread: Thread started: S2 1-395
2026-10-03 17:15:32,522 INFO o.a.j.t.JMeterThread: Thread started: S2 1-396
2026-10-03 17:15:32,542 INFO o.a.j.t.JMeterThread: Thread started: S2 1-397
2026-10-03 17:15:32,561 INFO o.a.j.t.JMeterThread: Thread started: S2 1-398
2026-10-03 17:15:32,582 INFO o.a.j.t.JMeterThread: Thread started: S2 1-399
2026-10-03 17:15:32,601 INFO o.a.j.t.JMeterThread: Thread started: S2 1-400
2026-10-03 17:15:32,621 INFO o.a.j.t.JMeterThread: Thread started: S2 1-401
2026-10-03 17:15:32,643 INFO o.a.j.t.JMeterThread: Thread started: S2 1-402
2026-10-03 17:15:32,661 INFO o.a.j.t.JMeterThread: Thread started: S2 1-403
2026-10-03 17:15:32,681 INFO o.a.j.t.JMeterThread: Thread started: S2 1-404
2026-10-03 17:15:32,702 INFO o.a.j.t.JMeterThread: Thread started: S2 1-405
2026-10-03 17:15:32,721 INFO o.a.j.t.JMeterThread: Thread started: S2 1-406
2026-10-03 17:15:32,742 INFO o.a.j.t.JMeterThread: Thread started: S2 1-407
2026-10-03 17:15:32,762 INFO o.a.j.t.JMeterThread: Thread started: S2 1-408
2026-10-03 17:15:32,781 INFO o.a.j.t.JMeterThread: Thread started: S2 1-409
2026-10-03 17:15:32,803 INFO o.a.j.t.JMeterThread: Thread started: S2 1-410
2026-10-03 17:15:32,822 INFO o.a.j.t.JMeterThread: Thread started: S2 1-411
2026-10-03 17:15:32,843 INFO o.a.j.t.JMeterThread: Thread started: S2 1-412
2026-10-03 17:15:32,862 INFO o.a.j.t.JMeterThread: Thread started: S2 1-413
2026-10-03 17:15:32,881 INFO o.a.j.t.JMeterThread: Thread started: S2 1-414
2026-10-03 17:15:32,902 INFO o.a.j.t.JMeterThread: Thread started: S2 1-415
2026-10-03 17:15:32,921 INFO o.a.j.t.JMeterThread: Thread started: S2 1-416
2026-10-03 17:15:32,943 INFO o.a.j.t.JMeterThread: Thread started: S2 1-417
2026-10-03 17:15:32,962 INFO o.a.j.t.JMeterThread: Thread started: S2 1-418
2026-10-03 17:15:32,981 INFO o.a.j.t.JMeterThread: Thread started: S2 1-419
2026-10-03 17:15:33,003 INFO o.a.j.t.JMeterThread: Thread started: S2 1-420
2026-10-03 17:15:33,022 INFO o.a.j.t.JMeterThread: Thread started: S2 1-421
2026-10-03 17:15:33,041 INFO o.a.j.t.JMeterThread: Thread started: S2 1-422
2026-10-03 17:15:33,063 INFO o.a.j.t.JMeterThread: Thread started: S2 1-423
2026-10-03 17:15:33,081 INFO o.a.j.t.JMeterThread: Thread started: S2 1-424
2026-10-03 17:15:33,102 INFO o.a.j.t.JMeterThread: Thread started: S2 1-425
2026-10-03 17:15:33,122 INFO o.a.j.t.JMeterThread: Thread started: S2 1-426
2026-10-03 17:15:33,141 INFO o.a.j.t.JMeterThread: Thread started: S2 1-427
2026-10-03 17:15:33,163 INFO o.a.j.t.JMeterThread: Thread started: S2 1-428
2026-10-03 17:15:33,182 INFO o.a.j.t.JMeterThread: Thread started: S2 1-429
2026-10-03 17:15:33,201 INFO o.a.j.t.JMeterThread: Thread started: S2 1-430
2026-10-03 17:15:33,222 INFO o.a.j.t.JMeterThread: Thread started: S2 1-431
2026-10-03 17:15:33,242 INFO o.a.j.t.JMeterThread: Thread started: S2 1-432
2026-10-03 17:15:33,261 INFO o.a.j.t.JMeterThread: Thread started: S2 1-433
2026-10-03 17:15:33,282 INFO o.a.j.t.JMeterThread: Thread started: S2 1-434
2026-10-03 17:15:33,302 INFO o.a.j.t.JMeterThread: Thread started: S2 1-435
2026-10-03 17:15:33,321 INFO o.a.j.t.JMeterThread: Thread started: S2 1-436
2026-10-03 17:15:33,352 INFO o.a.j.t.JMeterThread: Thread started: S2 1-437
2026-10-03 17:15:33,362 INFO o.a.j.t.JMeterThread: Thread started: S2 1-438
2026-10-03 17:15:33,383 INFO o.a.j.t.JMeterThread: Thread started: S2 1-439
2026-10-03 17:15:33,402 INFO o.a.j.t.JMeterThread: Thread started: S2 1-440
2026-10-03 17:15:33,421 INFO o.a.j.t.JMeterThread: Thread started: S2 1-441
2026-10-03 17:15:33,441 INFO o.a.j.t.JMeterThread: Thread started: S2 1-442
2026-10-03 17:15:33,463 INFO o.a.j.t.JMeterThread: Thread started: S2 1-443
2026-10-03 17:15:33,482 INFO o.a.j.t.JMeterThread: Thread started: S2 1-444
2026-10-03 17:15:33,501 INFO o.a.j.t.JMeterThread: Thread started: S2 1-445
2026-10-03 17:15:33,522 INFO o.a.j.t.JMeterThread: Thread started: S2 1-446
2026-10-03 17:15:33,543 INFO o.a.j.t.JMeterThread: Thread started: S2 1-447
2026-10-03 17:15:33,562 INFO o.a.j.t.JMeterThread: Thread started: S2 1-448
2026-10-03 17:15:33,581 INFO o.a.j.t.JMeterThread: Thread started: S2 1-449
2026-10-03 17:15:33,602 INFO o.a.j.t.JMeterThread: Thread started: S2 1-450
2026-10-03 17:15:33,621 INFO o.a.j.t.JMeterThread: Thread started: S2 1-451
2026-10-03 17:15:33,642 INFO o.a.j.t.JMeterThread: Thread started: S2 1-452
2026-10-03 17:15:33,662 INFO o.a.j.t.JMeterThread: Thread started: S2 1-453
2026-10-03 17:15:33,681 INFO o.a.j.t.JMeterThread: Thread started: S2 1-454
2026-10-03 17:15:33,702 INFO o.a.j.t.JMeterThread: Thread started: S2 1-455
2026-10-03 17:15:33,721 INFO o.a.j.t.JMeterThread: Thread started: S2 1-456
2026-10-03 17:15:33,742 INFO o.a.j.t.JMeterThread: Thread started: S2 1-457
2026-10-03 17:15:33,762 INFO o.a.j.t.JMeterThread: Thread started: S2 1-458
2026-10-03 17:15:33,781 INFO o.a.j.t.JMeterThread: Thread started: S2 1-459
2026-10-03 17:15:33,803 INFO o.a.j.t.JMeterThread: Thread started: S2 1-460
2026-10-03 17:15:33,821 INFO o.a.j.t.JMeterThread: Thread started: S2 1-461
2026-10-03 17:15:33,842 INFO o.a.j.t.JMeterThread: Thread started: S2 1-462
2026-10-03 17:15:33,862 INFO o.a.j.t.JMeterThread: Thread started: S2 1-463
2026-10-03 17:15:33,881 INFO o.a.j.t.JMeterThread: Thread started: S2 1-464
2026-10-03 17:15:33,902 INFO o.a.j.t.JMeterThread: Thread started: S2 1-465
2026-10-03 17:15:33,921 INFO o.a.j.t.JMeterThread: Thread started: S2 1-466
2026-10-03 17:15:33,943 INFO o.a.j.t.JMeterThread: Thread started: S2 1-467
2026-10-03 17:15:33,962 INFO o.a.j.t.JMeterThread: Thread started: S2 1-468
2026-10-03 17:15:33,981 INFO o.a.j.t.JMeterThread: Thread started: S2 1-469
2026-10-03 17:15:34,003 INFO o.a.j.t.JMeterThread: Thread started: S2 1-470
2026-10-03 17:15:34,023 INFO o.a.j.t.JMeterThread: Thread started: S2 1-471
2026-10-03 17:15:34,041 INFO o.a.j.t.JMeterThread: Thread started: S2 1-472
2026-10-03 17:15:34,061 INFO o.a.j.t.JMeterThread: Thread started: S2 1-473
2026-10-03 17:15:34,082 INFO o.a.j.t.JMeterThread: Thread started: S2 1-474
2026-10-03 17:15:34,101 INFO o.a.j.t.JMeterThread: Thread started: S2 1-475
2026-10-03 17:15:34,123 INFO o.a.j.t.JMeterThread: Thread started: S2 1-476
2026-10-03 17:15:34,142 INFO o.a.j.t.JMeterThread: Thread started: S2 1-477
2026-10-03 17:15:34,161 INFO o.a.j.t.JMeterThread: Thread started: S2 1-478
2026-10-03 17:15:34,182 INFO o.a.j.t.JMeterThread: Thread started: S2 1-479
2026-10-03 17:15:34,201 INFO o.a.j.t.JMeterThread: Thread started: S2 1-480
2026-10-03 17:15:34,221 INFO o.a.j.t.JMeterThread: Thread started: S2 1-481
2026-10-03 17:15:34,242 INFO o.a.j.t.JMeterThread: Thread started: S2 1-482
2026-10-03 17:15:34,261 INFO o.a.j.t.JMeterThread: Thread started: S2 1-483
2026-10-03 17:15:34,283 INFO o.a.j.t.JMeterThread: Thread started: S2 1-484
2026-10-03 17:15:34,302 INFO o.a.j.t.JMeterThread: Thread started: S2 1-485
2026-10-03 17:15:34,322 INFO o.a.j.t.JMeterThread: Thread started: S2 1-486
2026-10-03 17:15:34,342 INFO o.a.j.t.JMeterThread: Thread started: S2 1-487
2026-10-03 17:15:34,361 INFO o.a.j.t.JMeterThread: Thread started: S2 1-488
2026-10-03 17:15:34,381 INFO o.a.j.t.JMeterThread: Thread started: S2 1-489
2026-10-03 17:15:34,402 INFO o.a.j.t.JMeterThread: Thread started: S2 1-490
2026-10-03 17:15:34,421 INFO o.a.j.t.JMeterThread: Thread started: S2 1-491
2026-10-03 17:15:34,441 INFO o.a.j.t.JMeterThread: Thread started: S2 1-492
2026-10-03 17:15:34,463 INFO o.a.j.t.JMeterThread: Thread started: S2 1-493
2026-10-03 17:15:34,482 INFO o.a.j.t.JMeterThread: Thread started: S2 1-494
2026-10-03 17:15:34,501 INFO o.a.j.t.JMeterThread: Thread started: S2 1-495
2026-10-03 17:15:34,522 INFO o.a.j.t.JMeterThread: Thread started: S2 1-496
2026-10-03 17:15:34,542 INFO o.a.j.t.JMeterThread: Thread started: S2 1-497
2026-10-03 17:15:34,561 INFO o.a.j.t.JMeterThread: Thread started: S2 1-498
2026-10-03 17:15:34,582 INFO o.a.j.t.JMeterThread: Thread started: S2 1-499
2026-10-03 17:15:34,601 INFO o.a.j.t.JMeterThread: Thread started: S2 1-500
2026-10-03 17:16:00,006 INFO o.a.j.r.Summariser: summary +   4054 in 00:00:30 =  135.1/s Avg:  3391 Min:  1493 Max:  4019 Err:     0 (0.00%) Active: 500 Started: 500 Finished: 0
2026-10-03 17:16:00,006 INFO o.a.j.r.Summariser: summary =   4727 in 00:00:36 =  130.6/s Avg:  3019 Min:    57 Max:  4019 Err:     0 (0.00%)
2026-10-03 17:16:24,691 INFO o.a.j.t.JMeterThread: Stopping because end time detected by thread: S2 1-42
2026-10-03 17:16:24,691 INFO o.a.j.t.JMeterThread: Thread finished: S2 1-42
2026-10-03 17:16:24,728 INFO o.a.j.t.JMeterThread: Stopping because end time detected by thread: S2 1-112
2026-10-03 17:16:24,729 INFO o.a.j.t.JMeterThread: Thread finished: S2 1-112
2026-10-03 17:16:24,742 INFO o.a.j.t.JMeterThread: Stopping because end time detected by thread: S2 1-111
2026-10-03 17:16:24,742 INFO o.a.j.t.JMeterThread: Thread finished: S2 1-111
2026-10-03 17:16:24,743 INFO o.a.j.t.JMeterThread: Stopping because end time detected by thread: S2 1-152
2026-10-03 17:16:24,743 INFO o.a.j.t.JMeterThread: Thread finished: S2 1-152
2026-10-03 17:16:24,771 INFO o.a.j.t.JMeterThread: Stopping because end time detected by thread: S2 1-207
2026-10-03 17:16:24,771 INFO o.a.j.t.JMeterThread: Thread finished: S2 1-207
2026-10-03 17:16:24,771 INFO o.a.j.t.JMeterThread: Stopping because end time detected by thread: S2 1-151
2026-10-03 17:16:24,772 INFO o.a.j.t.JMeterThread: Thread finished: S2 1-151
2026-10-03 17:16:24,776 INFO o.a.j.t.JMeterThread: Stopping because end time detected by thread: S2 1-285
2026-10-03 17:16:24,776 INFO o.a.j.t.JMeterThread: Thread finished: S2 1-285
2026-10-03 17:16:24,794 INFO o.a.j.t.JMeterThread: Stopping because end time detected by thread: S2 1-57
2026-10-03 17:16:24,794 INFO o.a.j.t.JMeterThread: Thread finished: S2 1-57
2026-10-03 17:16:24,810 INFO o.a.j.t.JMeterThread: Stopping because end time detected by thread: S2 1-288
2026-10-03 17:16:24,810 INFO o.a.j.t.JMeterThread: Stopping because end time detected by thread: S2 1-395
2026-10-03 17:16:24,810 INFO o.a.j.t.JMeterThread: Thread finished: S2 1-288
2026-10-03 17:16:24,810 INFO o.a.j.t.JMeterThread: Thread finished: S2 1-395
2026-10-03 17:16:24,825 INFO o.a.j.t.JMeterThread: Stopping because end time detected by thread: S2 1-390
2026-10-03 17:16:24,825 INFO o.a.j.t.JMeterThread: Thread finished: S2 1-390
2026-10-03 17:16:24,826 INFO o.a.j.t.JMeterThread: Stopping because end time detected by thread: S2 1-394
2026-10-03 17:16:24,826 INFO o.a.j.t.JMeterThread: Thread finished: S2 1-394
2026-10-03 17:16:24,828 INFO o.a.j.t.JMeterThread: Stopping because end time detected by thread: S2 1-393
2026-10-03 17:16:24,828 INFO o.a.j.t.JMeterThread: Thread finished: S2 1-393
2026-10-03 17:16:24,844 INFO o.a.j.t.JMeterThread: Stopping because end time detected by thread: S2 1-56
2026-10-03 17:16:24,844 INFO o.a.j.t.JMeterThread: Thread finished: S2 1-56
2026-10-03 17:16:24,849 INFO o.a.j.t.JMeterThread: Stopping because end time detected by thread: S2 1-8
2026-10-03 17:16:24,849 INFO o.a.j.t.JMeterThread: Stopping because end time detected by thread: S2 1-208
2026-10-03 17:16:24,849 INFO o.a.j.t.JMeterThread: Thread finished: S2 1-8
2026-10-03 17:16:24,849 INFO o.a.j.t.JMeterThread: Thread finished: S2 1-208
2026-10-03 17:16:24,853 INFO o.a.j.t.JMeterThread: Stopping because end time detected by thread: S2 1-79
2026-10-03 17:16:24,853 INFO o.a.j.t.JMeterThread: Thread finished: S2 1-79
2026-10-03 17:16:24,872 INFO o.a.j.t.JMeterThread: Stopping because end time detected by thread: S2 1-80
2026-10-03 17:16:24,872 INFO o.a.j.t.JMeterThread: Thread finished: S2 1-80
2026-10-03 17:16:24,873 INFO o.a.j.t.JMeterThread: Stopping because end time detected by thread: S2 1-153
2026-10-03 17:16:24,873 INFO o.a.j.t.JMeterThread: Thread finished: S2 1-153
2026-10-03 17:16:24,887 INFO o.a.j.t.JMeterThread: Stopping because end time detected by thread: S2 1-396
2026-10-03 17:16:24,887 INFO o.a.j.t.JMeterThread: Thread finished: S2 1-396
2026-10-03 17:16:24,890 INFO o.a.j.t.JMeterThread: Stopping because end time detected by thread: S2 1-211
2026-10-03 17:16:24,890 INFO o.a.j.t.JMeterThread: Thread finished: S2 1-211
2026-10-03 17:16:24,903 INFO o.a.j.t.JMeterThread: Stopping because end time detected by thread: S2 1-289
2026-10-03 17:16:24,903 INFO o.a.j.t.JMeterThread: Thread finished: S2 1-289
2026-10-03 17:16:24,908 INFO o.a.j.t.JMeterThread: Stopping because end time detected by thread: S2 1-397
2026-10-03 17:16:24,908 INFO o.a.j.t.JMeterThread: Thread finished: S2 1-397
2026-10-03 17:16:24,914 INFO o.a.j.t.JMeterThread: Stopping because end time detected by thread: S2 1-209
2026-10-03 17:16:24,915 INFO o.a.j.t.JMeterThread: Thread finished: S2 1-209
2026-10-03 17:16:24,934 INFO o.a.j.t.JMeterThread: Stopping because end time detected by thread: S2 1-210
2026-10-03 17:16:24,934 INFO o.a.j.t.JMeterThread: Stopping because end time detected by thread: S2 1-113
2026-10-03 17:16:24,934 INFO o.a.j.t.JMeterThread: Thread finished: S2 1-210
2026-10-03 17:16:24,934 INFO o.a.j.t.JMeterThread: Thread finished: S2 1-113
2026-10-03 17:16:24,942 INFO o.a.j.t.JMeterThread: Stopping because end time detected by thread: S2 1-291
2026-10-03 17:16:24,942 INFO o.a.j.t.JMeterThread: Thread finished: S2 1-291
2026-10-03 17:16:24,943 INFO o.a.j.t.JMeterThread: Stopping because end time detected by thread: S2 1-398
2026-10-03 17:16:24,943 INFO o.a.j.t.JMeterThread: Thread finished: S2 1-398
2026-10-03 17:16:24,953 INFO o.a.j.t.JMeterThread: Stopping because end time detected by thread: S2 1-154
2026-10-03 17:16:24,953 INFO o.a.j.t.JMeterThread: Thread finished: S2 1-154
2026-10-03 17:16:24,966 INFO o.a.j.t.JMeterThread: Stopping because end time detected by thread: S2 1-290
2026-10-03 17:16:24,966 INFO o.a.j.t.JMeterThread: Thread finished: S2 1-290
2026-10-03 17:16:24,976 INFO o.a.j.t.JMeterThread: Stopping because end time detected by thread: S2 1-58
2026-10-03 17:16:24,976 INFO o.a.j.t.JMeterThread: Thread finished: S2 1-58
2026-10-03 17:16:24,977 INFO o.a.j.t.JMeterThread: Stopping because end time detected by thread: S2 1-81
2026-10-03 17:16:24,977 INFO o.a.j.t.JMeterThread: Thread finished: S2 1-81
2026-10-03 17:16:24,984 INFO o.a.j.t.JMeterThread: Stopping because end time detected by thread: S2 1-399
2026-10-03 17:16:24,985 INFO o.a.j.t.JMeterThread: Thread finished: S2 1-399
2026-10-03 17:16:25,007 INFO o.a.j.t.JMeterThread: Stopping because end time detected by thread: S2 1-82
2026-10-03 17:16:25,007 INFO o.a.j.t.JMeterThread: Thread finished: S2 1-82
2026-10-03 17:16:25,015 INFO o.a.j.t.JMeterThread: Stopping because end time detected by thread: S2 1-12
2026-10-03 17:16:25,016 INFO o.a.j.t.JMeterThread: Thread finished: S2 1-12
2026-10-03 17:16:25,017 INFO o.a.j.t.JMeterThread: Stopping because end time detected by thread: S2 1-293
2026-10-03 17:16:25,017 INFO o.a.j.t.JMeterThread: Thread finished: S2 1-293
2026-10-03 17:16:25,021 INFO o.a.j.t.JMeterThread: Stopping because end time detected by thread: S2 1-292
2026-10-03 17:16:25,021 INFO o.a.j.t.JMeterThread: Thread finished: S2 1-292
2026-10-03 17:16:25,037 INFO o.a.j.t.JMeterThread: Stopping because end time detected by thread: S2 1-212
2026-10-03 17:16:25,038 INFO o.a.j.t.JMeterThread: Thread finished: S2 1-212
2026-10-03 17:16:25,038 INFO o.a.j.t.JMeterThread: Stopping because end time detected by thread: S2 1-156
2026-10-03 17:16:25,038 INFO o.a.j.t.JMeterThread: Thread finished: S2 1-156
2026-10-03 17:16:25,047 INFO o.a.j.t.JMeterThread: Stopping because end time detected by thread: S2 1-400
2026-10-03 17:16:25,047 INFO o.a.j.t.JMeterThread: Thread finished: S2 1-400
2026-10-03 17:16:25,055 INFO o.a.j.t.JMeterThread: Stopping because end time detected by thread: S2 1-213
2026-10-03 17:16:25,055 INFO o.a.j.t.JMeterThread: Thread finished: S2 1-213
2026-10-03 17:16:25,060 INFO o.a.j.t.JMeterThread: Stopping because end time detected by thread: S2 1-155
2026-10-03 17:16:25,060 INFO o.a.j.t.JMeterThread: Thread finished: S2 1-155
2026-10-03 17:16:25,070 INFO o.a.j.t.JMeterThread: Stopping because end time detected by thread: S2 1-294
2026-10-03 17:16:25,070 INFO o.a.j.t.JMeterThread: Thread finished: S2 1-294
2026-10-03 17:16:25,081 INFO o.a.j.t.JMeterThread: Stopping because end time detected by thread: S2 1-401
2026-10-03 17:16:25,081 INFO o.a.j.t.JMeterThread: Stopping because end time detected by thread: S2 1-114
2026-10-03 17:16:25,081 INFO o.a.j.t.JMeterThread: Thread finished: S2 1-401
2026-10-03 17:16:25,081 INFO o.a.j.t.JMeterThread: Thread finished: S2 1-114
2026-10-03 17:16:25,097 INFO o.a.j.t.JMeterThread: Stopping because end time detected by thread: S2 1-296
2026-10-03 17:16:25,097 INFO o.a.j.t.JMeterThread: Thread finished: S2 1-296
2026-10-03 17:16:25,099 INFO o.a.j.t.JMeterThread: Stopping because end time detected by thread: S2 1-31
2026-10-03 17:16:25,099 INFO o.a.j.t.JMeterThread: Thread finished: S2 1-31
2026-10-03 17:16:25,104 INFO o.a.j.t.JMeterThread: Stopping because end time detected by thread: S2 1-295
2026-10-03 17:16:25,104 INFO o.a.j.t.JMeterThread: Thread finished: S2 1-295
2026-10-03 17:16:25,105 INFO o.a.j.t.JMeterThread: Stopping because end time detected by thread: S2 1-404
2026-10-03 17:16:25,105 INFO o.a.j.t.JMeterThread: Thread finished: S2 1-404
2026-10-03 17:16:25,117 INFO o.a.j.t.JMeterThread: Stopping because end time detected by thread: S2 1-402
2026-10-03 17:16:25,117 INFO o.a.j.t.JMeterThread: Thread finished: S2 1-402
2026-10-03 17:16:25,133 INFO o.a.j.t.JMeterThread: Stopping because end time detected by thread: S2 1-403
2026-10-03 17:16:25,134 INFO o.a.j.t.JMeterThread: Thread finished: S2 1-403
2026-10-03 17:16:25,135 INFO o.a.j.t.JMeterThread: Stopping because end time detected by thread: S2 1-214
2026-10-03 17:16:25,135 INFO o.a.j.t.JMeterThread: Thread finished: S2 1-214
2026-10-03 17:16:25,141 INFO o.a.j.t.JMeterThread: Stopping because end time detected by thread: S2 1-83
2026-10-03 17:16:25,141 INFO o.a.j.t.JMeterThread: Thread finished: S2 1-83
2026-10-03 17:16:25,146 INFO o.a.j.t.JMeterThread: Stopping because end time detected by thread: S2 1-41
2026-10-03 17:16:25,146 INFO o.a.j.t.JMeterThread: Thread finished: S2 1-41
2026-10-03 17:16:25,159 INFO o.a.j.t.JMeterThread: Stopping because end time detected by thread: S2 1-32
2026-10-03 17:16:25,159 INFO o.a.j.t.JMeterThread: Thread finished: S2 1-32
2026-10-03 17:16:25,172 INFO o.a.j.t.JMeterThread: Stopping because end time detected by thread: S2 1-157
2026-10-03 17:16:25,172 INFO o.a.j.t.JMeterThread: Thread finished: S2 1-157
2026-10-03 17:16:25,174 INFO o.a.j.t.JMeterThread: Stopping because end time detected by thread: S2 1-59
2026-10-03 17:16:25,174 INFO o.a.j.t.JMeterThread: Thread finished: S2 1-59
2026-10-03 17:16:25,183 INFO o.a.j.t.JMeterThread: Stopping because end time detected by thread: S2 1-297
2026-10-03 17:16:25,183 INFO o.a.j.t.JMeterThread: Thread finished: S2 1-297
2026-10-03 17:16:25,185 INFO o.a.j.t.JMeterThread: Stopping because end time detected by thread: S2 1-405
2026-10-03 17:16:25,185 INFO o.a.j.t.JMeterThread: Thread finished: S2 1-405
2026-10-03 17:16:25,201 INFO o.a.j.t.JMeterThread: Stopping because end time detected by thread: S2 1-158
2026-10-03 17:16:25,201 INFO o.a.j.t.JMeterThread: Thread finished: S2 1-158
2026-10-03 17:16:25,203 INFO o.a.j.t.JMeterThread: Stopping because end time detected by thread: S2 1-406
2026-10-03 17:16:25,203 INFO o.a.j.t.JMeterThread: Thread finished: S2 1-406
2026-10-03 17:16:25,211 INFO o.a.j.t.JMeterThread: Stopping because end time detected by thread: S2 1-43
2026-10-03 17:16:25,211 INFO o.a.j.t.JMeterThread: Thread finished: S2 1-43
2026-10-03 17:16:25,220 INFO o.a.j.t.JMeterThread: Stopping because end time detected by thread: S2 1-215
2026-10-03 17:16:25,220 INFO o.a.j.t.JMeterThread: Thread finished: S2 1-215
2026-10-03 17:16:25,244 INFO o.a.j.t.JMeterThread: Stopping because end time detected by thread: S2 1-408
2026-10-03 17:16:25,245 INFO o.a.j.t.JMeterThread: Thread finished: S2 1-408
2026-10-03 17:16:25,249 INFO o.a.j.t.JMeterThread: Stopping because end time detected by thread: S2 1-84
2026-10-03 17:16:25,249 INFO o.a.j.t.JMeterThread: Thread finished: S2 1-84
2026-10-03 17:16:25,253 INFO o.a.j.t.JMeterThread: Stopping because end time detected by thread: S2 1-407
2026-10-03 17:16:25,253 INFO o.a.j.t.JMeterThread: Thread finished: S2 1-407
2026-10-03 17:16:25,261 INFO o.a.j.t.JMeterThread: Stopping because end time detected by thread: S2 1-115
2026-10-03 17:16:25,261 INFO o.a.j.t.JMeterThread: Thread finished: S2 1-115
2026-10-03 17:16:25,269 INFO o.a.j.t.JMeterThread: Stopping because end time detected by thread: S2 1-410
2026-10-03 17:16:25,269 INFO o.a.j.t.JMeterThread: Thread finished: S2 1-410
2026-10-03 17:16:25,279 INFO o.a.j.t.JMeterThread: Stopping because end time detected by thread: S2 1-159
2026-10-03 17:16:25,279 INFO o.a.j.t.JMeterThread: Thread finished: S2 1-159
2026-10-03 17:16:25,289 INFO o.a.j.t.JMeterThread: Stopping because end time detected by thread: S2 1-216
2026-10-03 17:16:25,289 INFO o.a.j.t.JMeterThread: Thread finished: S2 1-216
2026-10-03 17:16:25,290 INFO o.a.j.t.JMeterThread: Stopping because end time detected by thread: S2 1-116
2026-10-03 17:16:25,290 INFO o.a.j.t.JMeterThread: Thread finished: S2 1-116
2026-10-03 17:16:25,309 INFO o.a.j.t.JMeterThread: Stopping because end time detected by thread: S2 1-298
2026-10-03 17:16:25,310 INFO o.a.j.t.JMeterThread: Thread finished: S2 1-298
2026-10-03 17:16:25,320 INFO o.a.j.t.JMeterThread: Stopping because end time detected by thread: S2 1-409
2026-10-03 17:16:25,321 INFO o.a.j.t.JMeterThread: Thread finished: S2 1-409
2026-10-03 17:16:25,321 INFO o.a.j.t.JMeterThread: Stopping because end time detected by thread: S2 1-299
2026-10-03 17:16:25,321 INFO o.a.j.t.JMeterThread: Thread finished: S2 1-299
2026-10-03 17:16:25,336 INFO o.a.j.t.JMeterThread: Stopping because end time detected by thread: S2 1-60
2026-10-03 17:16:25,336 INFO o.a.j.t.JMeterThread: Thread finished: S2 1-60
2026-10-03 17:16:25,341 INFO o.a.j.t.JMeterThread: Stopping because end time detected by thread: S2 1-300
2026-10-03 17:16:25,341 INFO o.a.j.t.JMeterThread: Thread finished: S2 1-300
2026-10-03 17:16:25,360 INFO o.a.j.t.JMeterThread: Stopping because end time detected by thread: S2 1-411
2026-10-03 17:16:25,361 INFO o.a.j.t.JMeterThread: Thread finished: S2 1-411
2026-10-03 17:16:25,363 INFO o.a.j.t.JMeterThread: Stopping because end time detected by thread: S2 1-217
2026-10-03 17:16:25,363 INFO o.a.j.t.JMeterThread: Thread finished: S2 1-217
2026-10-03 17:16:25,376 INFO o.a.j.t.JMeterThread: Stopping because end time detected by thread: S2 1-301
2026-10-03 17:16:25,377 INFO o.a.j.t.JMeterThread: Thread finished: S2 1-301
2026-10-03 17:16:25,381 INFO o.a.j.t.JMeterThread: Stopping because end time detected by thread: S2 1-412
2026-10-03 17:16:25,381 INFO o.a.j.t.JMeterThread: Thread finished: S2 1-412
2026-10-03 17:16:25,383 INFO o.a.j.t.JMeterThread: Stopping because end time detected by thread: S2 1-160
2026-10-03 17:16:25,383 INFO o.a.j.t.JMeterThread: Thread finished: S2 1-160
2026-10-03 17:16:25,397 INFO o.a.j.t.JMeterThread: Stopping because end time detected by thread: S2 1-117
2026-10-03 17:16:25,398 INFO o.a.j.t.JMeterThread: Thread finished: S2 1-117
2026-10-03 17:16:25,398 INFO o.a.j.t.JMeterThread: Stopping because end time detected by thread: S2 1-414
2026-10-03 17:16:25,399 INFO o.a.j.t.JMeterThread: Thread finished: S2 1-414
2026-10-03 17:16:25,399 INFO o.a.j.t.JMeterThread: Stopping because end time detected by thread: S2 1-218
2026-10-03 17:16:25,399 INFO o.a.j.t.JMeterThread: Thread finished: S2 1-218
2026-10-03 17:16:25,419 INFO o.a.j.t.JMeterThread: Stopping because end time detected by thread: S2 1-21
2026-10-03 17:16:25,420 INFO o.a.j.t.JMeterThread: Thread finished: S2 1-21
2026-10-03 17:16:25,422 INFO o.a.j.t.JMeterThread: Stopping because end time detected by thread: S2 1-219
2026-10-03 17:16:25,422 INFO o.a.j.t.JMeterThread: Thread finished: S2 1-219
2026-10-03 17:16:25,437 INFO o.a.j.t.JMeterThread: Stopping because end time detected by thread: S2 1-161
2026-10-03 17:16:25,438 INFO o.a.j.t.JMeterThread: Thread finished: S2 1-161
2026-10-03 17:16:25,439 INFO o.a.j.t.JMeterThread: Stopping because end time detected by thread: S2 1-118
2026-10-03 17:16:25,439 INFO o.a.j.t.JMeterThread: Thread finished: S2 1-118
2026-10-03 17:16:25,453 INFO o.a.j.t.JMeterThread: Stopping because end time detected by thread: S2 1-302
2026-10-03 17:16:25,453 INFO o.a.j.t.JMeterThread: Thread finished: S2 1-302
2026-10-03 17:16:25,455 INFO o.a.j.t.JMeterThread: Stopping because end time detected by thread: S2 1-415
2026-10-03 17:16:25,455 INFO o.a.j.t.JMeterThread: Thread finished: S2 1-415
2026-10-03 17:16:25,473 INFO o.a.j.t.JMeterThread: Stopping because end time detected by thread: S2 1-85
2026-10-03 17:16:25,473 INFO o.a.j.t.JMeterThread: Thread finished: S2 1-85
2026-10-03 17:16:25,475 INFO o.a.j.t.JMeterThread: Stopping because end time detected by thread: S2 1-413
2026-10-03 17:16:25,475 INFO o.a.j.t.JMeterThread: Thread finished: S2 1-413
2026-10-03 17:16:25,480 INFO o.a.j.t.JMeterThread: Stopping because end time detected by thread: S2 1-304
2026-10-03 17:16:25,480 INFO o.a.j.t.JMeterThread: Thread finished: S2 1-304
2026-10-03 17:16:25,485 INFO o.a.j.t.JMeterThread: Stopping because end time detected by thread: S2 1-44
2026-10-03 17:16:25,485 INFO o.a.j.t.JMeterThread: Thread finished: S2 1-44
2026-10-03 17:16:25,506 INFO o.a.j.t.JMeterThread: Stopping because end time detected by thread: S2 1-417
2026-10-03 17:16:25,506 INFO o.a.j.t.JMeterThread: Thread finished: S2 1-417
2026-10-03 17:16:25,506 INFO o.a.j.t.JMeterThread: Stopping because end time detected by thread: S2 1-416
2026-10-03 17:16:25,506 INFO o.a.j.t.JMeterThread: Thread finished: S2 1-416
2026-10-03 17:16:25,508 INFO o.a.j.t.JMeterThread: Stopping because end time detected by thread: S2 1-303
2026-10-03 17:16:25,508 INFO o.a.j.t.JMeterThread: Thread finished: S2 1-303
2026-10-03 17:16:25,521 INFO o.a.j.t.JMeterThread: Stopping because end time detected by thread: S2 1-4
2026-10-03 17:16:25,522 INFO o.a.j.t.JMeterThread: Thread finished: S2 1-4
2026-10-03 17:16:25,525 INFO o.a.j.t.JMeterThread: Stopping because end time detected by thread: S2 1-220
2026-10-03 17:16:25,525 INFO o.a.j.t.JMeterThread: Thread finished: S2 1-220
2026-10-03 17:16:25,530 INFO o.a.j.t.JMeterThread: Stopping because end time detected by thread: S2 1-163
2026-10-03 17:16:25,530 INFO o.a.j.t.JMeterThread: Thread finished: S2 1-163
2026-10-03 17:16:25,531 INFO o.a.j.t.JMeterThread: Stopping because end time detected by thread: S2 1-162
2026-10-03 17:16:25,531 INFO o.a.j.t.JMeterThread: Thread finished: S2 1-162
2026-10-03 17:16:25,546 INFO o.a.j.t.JMeterThread: Stopping because end time detected by thread: S2 1-33
2026-10-03 17:16:25,546 INFO o.a.j.t.JMeterThread: Thread finished: S2 1-33
2026-10-03 17:16:25,562 INFO o.a.j.t.JMeterThread: Stopping because end time detected by thread: S2 1-419
2026-10-03 17:16:25,562 INFO o.a.j.t.JMeterThread: Thread finished: S2 1-419
2026-10-03 17:16:25,562 INFO o.a.j.t.JMeterThread: Stopping because end time detected by thread: S2 1-418
2026-10-03 17:16:25,562 INFO o.a.j.t.JMeterThread: Thread finished: S2 1-418
2026-10-03 17:16:25,565 INFO o.a.j.t.JMeterThread: Stopping because end time detected by thread: S2 1-221
2026-10-03 17:16:25,565 INFO o.a.j.t.JMeterThread: Thread finished: S2 1-221
2026-10-03 17:16:25,583 INFO o.a.j.t.JMeterThread: Stopping because end time detected by thread: S2 1-305
2026-10-03 17:16:25,583 INFO o.a.j.t.JMeterThread: Thread finished: S2 1-305
2026-10-03 17:16:25,586 INFO o.a.j.t.JMeterThread: Stopping because end time detected by thread: S2 1-61
2026-10-03 17:16:25,586 INFO o.a.j.t.JMeterThread: Thread finished: S2 1-61
2026-10-03 17:16:25,597 INFO o.a.j.t.JMeterThread: Stopping because end time detected by thread: S2 1-119
2026-10-03 17:16:25,597 INFO o.a.j.t.JMeterThread: Thread finished: S2 1-119
2026-10-03 17:16:25,600 INFO o.a.j.t.JMeterThread: Stopping because end time detected by thread: S2 1-306
2026-10-03 17:16:25,600 INFO o.a.j.t.JMeterThread: Thread finished: S2 1-306
2026-10-03 17:16:25,604 INFO o.a.j.t.JMeterThread: Stopping because end time detected by thread: S2 1-222
2026-10-03 17:16:25,604 INFO o.a.j.t.JMeterThread: Thread finished: S2 1-222
2026-10-03 17:16:25,618 INFO o.a.j.t.JMeterThread: Stopping because end time detected by thread: S2 1-224
2026-10-03 17:16:25,618 INFO o.a.j.t.JMeterThread: Thread finished: S2 1-224
2026-10-03 17:16:25,621 INFO o.a.j.t.JMeterThread: Stopping because end time detected by thread: S2 1-223
2026-10-03 17:16:25,621 INFO o.a.j.t.JMeterThread: Thread finished: S2 1-223
2026-10-03 17:16:25,631 INFO o.a.j.t.JMeterThread: Stopping because end time detected by thread: S2 1-420
2026-10-03 17:16:25,631 INFO o.a.j.t.JMeterThread: Thread finished: S2 1-420
2026-10-03 17:16:25,640 INFO o.a.j.t.JMeterThread: Stopping because end time detected by thread: S2 1-421
2026-10-03 17:16:25,640 INFO o.a.j.t.JMeterThread: Thread finished: S2 1-421
2026-10-03 17:16:25,644 INFO o.a.j.t.JMeterThread: Stopping because end time detected by thread: S2 1-22
2026-10-03 17:16:25,644 INFO o.a.j.t.JMeterThread: Thread finished: S2 1-22
2026-10-03 17:16:25,650 INFO o.a.j.t.JMeterThread: Stopping because end time detected by thread: S2 1-86
2026-10-03 17:16:25,650 INFO o.a.j.t.JMeterThread: Thread finished: S2 1-86
2026-10-03 17:16:25,666 INFO o.a.j.t.JMeterThread: Stopping because end time detected by thread: S2 1-164
2026-10-03 17:16:25,666 INFO o.a.j.t.JMeterThread: Thread finished: S2 1-164
2026-10-03 17:16:25,667 INFO o.a.j.t.JMeterThread: Stopping because end time detected by thread: S2 1-309
2026-10-03 17:16:25,667 INFO o.a.j.t.JMeterThread: Thread finished: S2 1-309
2026-10-03 17:16:25,676 INFO o.a.j.t.JMeterThread: Stopping because end time detected by thread: S2 1-307
2026-10-03 17:16:25,676 INFO o.a.j.t.JMeterThread: Thread finished: S2 1-307
2026-10-03 17:16:25,679 INFO o.a.j.t.JMeterThread: Stopping because end time detected by thread: S2 1-62
2026-10-03 17:16:25,679 INFO o.a.j.t.JMeterThread: Thread finished: S2 1-62
2026-10-03 17:16:25,683 INFO o.a.j.t.JMeterThread: Stopping because end time detected by thread: S2 1-423
2026-10-03 17:16:25,683 INFO o.a.j.t.JMeterThread: Thread finished: S2 1-423
2026-10-03 17:16:25,688 INFO o.a.j.t.JMeterThread: Stopping because end time detected by thread: S2 1-422
2026-10-03 17:16:25,688 INFO o.a.j.t.JMeterThread: Thread finished: S2 1-422
2026-10-03 17:16:25,704 INFO o.a.j.t.JMeterThread: Stopping because end time detected by thread: S2 1-310
2026-10-03 17:16:25,704 INFO o.a.j.t.JMeterThread: Stopping because end time detected by thread: S2 1-10
2026-10-03 17:16:25,704 INFO o.a.j.t.JMeterThread: Thread finished: S2 1-310
2026-10-03 17:16:25,704 INFO o.a.j.t.JMeterThread: Thread finished: S2 1-10
2026-10-03 17:16:25,712 INFO o.a.j.t.JMeterThread: Stopping because end time detected by thread: S2 1-45
2026-10-03 17:16:25,712 INFO o.a.j.t.JMeterThread: Thread finished: S2 1-45
2026-10-03 17:16:25,718 INFO o.a.j.t.JMeterThread: Stopping because end time detected by thread: S2 1-308
2026-10-03 17:16:25,718 INFO o.a.j.t.JMeterThread: Thread finished: S2 1-308
2026-10-03 17:16:25,729 INFO o.a.j.t.JMeterThread: Stopping because end time detected by thread: S2 1-165
2026-10-03 17:16:25,729 INFO o.a.j.t.JMeterThread: Thread finished: S2 1-165
2026-10-03 17:16:25,735 INFO o.a.j.t.JMeterThread: Stopping because end time detected by thread: S2 1-424
2026-10-03 17:16:25,735 INFO o.a.j.t.JMeterThread: Thread finished: S2 1-424
2026-10-03 17:16:25,735 INFO o.a.j.t.JMeterThread: Stopping because end time detected by thread: S2 1-425
2026-10-03 17:16:25,735 INFO o.a.j.t.JMeterThread: Thread finished: S2 1-425
2026-10-03 17:16:25,735 INFO o.a.j.t.JMeterThread: Stopping because end time detected by thread: S2 1-120
2026-10-03 17:16:25,735 INFO o.a.j.t.JMeterThread: Thread finished: S2 1-120
2026-10-03 17:16:25,751 INFO o.a.j.t.JMeterThread: Stopping because end time detected by thread: S2 1-426
2026-10-03 17:16:25,751 INFO o.a.j.t.JMeterThread: Thread finished: S2 1-426
2026-10-03 17:16:25,766 INFO o.a.j.t.JMeterThread: Stopping because end time detected by thread: S2 1-122
2026-10-03 17:16:25,766 INFO o.a.j.t.JMeterThread: Thread finished: S2 1-122
2026-10-03 17:16:25,770 INFO o.a.j.t.JMeterThread: Stopping because end time detected by thread: S2 1-225
2026-10-03 17:16:25,770 INFO o.a.j.t.JMeterThread: Thread finished: S2 1-225
2026-10-03 17:16:25,772 INFO o.a.j.t.JMeterThread: Stopping because end time detected by thread: S2 1-312
2026-10-03 17:16:25,772 INFO o.a.j.t.JMeterThread: Thread finished: S2 1-312
2026-10-03 17:16:25,775 INFO o.a.j.t.JMeterThread: Stopping because end time detected by thread: S2 1-311
2026-10-03 17:16:25,775 INFO o.a.j.t.JMeterThread: Thread finished: S2 1-311
2026-10-03 17:16:25,795 INFO o.a.j.t.JMeterThread: Stopping because end time detected by thread: S2 1-226
2026-10-03 17:16:25,795 INFO o.a.j.t.JMeterThread: Thread finished: S2 1-226
2026-10-03 17:16:25,805 INFO o.a.j.t.JMeterThread: Stopping because end time detected by thread: S2 1-87
2026-10-03 17:16:25,805 INFO o.a.j.t.JMeterThread: Thread finished: S2 1-87
2026-10-03 17:16:25,806 INFO o.a.j.t.JMeterThread: Stopping because end time detected by thread: S2 1-428
2026-10-03 17:16:25,806 INFO o.a.j.t.JMeterThread: Thread finished: S2 1-428
2026-10-03 17:16:25,809 INFO o.a.j.t.JMeterThread: Stopping because end time detected by thread: S2 1-121
2026-10-03 17:16:25,809 INFO o.a.j.t.JMeterThread: Thread finished: S2 1-121
2026-10-03 17:16:25,821 INFO o.a.j.t.JMeterThread: Stopping because end time detected by thread: S2 1-314
2026-10-03 17:16:25,821 INFO o.a.j.t.JMeterThread: Thread finished: S2 1-314
2026-10-03 17:16:25,831 INFO o.a.j.t.JMeterThread: Stopping because end time detected by thread: S2 1-429
2026-10-03 17:16:25,831 INFO o.a.j.t.JMeterThread: Thread finished: S2 1-429
2026-10-03 17:16:25,839 INFO o.a.j.t.JMeterThread: Stopping because end time detected by thread: S2 1-227
2026-10-03 17:16:25,840 INFO o.a.j.t.JMeterThread: Thread finished: S2 1-227
2026-10-03 17:16:25,843 INFO o.a.j.t.JMeterThread: Stopping because end time detected by thread: S2 1-313
2026-10-03 17:16:25,843 INFO o.a.j.t.JMeterThread: Thread finished: S2 1-313
2026-10-03 17:16:25,851 INFO o.a.j.t.JMeterThread: Stopping because end time detected by thread: S2 1-427
2026-10-03 17:16:25,852 INFO o.a.j.t.JMeterThread: Thread finished: S2 1-427
2026-10-03 17:16:25,874 INFO o.a.j.t.JMeterThread: Stopping because end time detected by thread: S2 1-228
2026-10-03 17:16:25,874 INFO o.a.j.t.JMeterThread: Thread finished: S2 1-228
2026-10-03 17:16:25,882 INFO o.a.j.t.JMeterThread: Stopping because end time detected by thread: S2 1-23
2026-10-03 17:16:25,882 INFO o.a.j.t.JMeterThread: Thread finished: S2 1-23
2026-10-03 17:16:25,883 INFO o.a.j.t.JMeterThread: Stopping because end time detected by thread: S2 1-88
2026-10-03 17:16:25,883 INFO o.a.j.t.JMeterThread: Thread finished: S2 1-88
2026-10-03 17:16:25,883 INFO o.a.j.t.JMeterThread: Stopping because end time detected by thread: S2 1-430
2026-10-03 17:16:25,883 INFO o.a.j.t.JMeterThread: Thread finished: S2 1-430
2026-10-03 17:16:25,906 INFO o.a.j.t.JMeterThread: Stopping because end time detected by thread: S2 1-167
2026-10-03 17:16:25,906 INFO o.a.j.t.JMeterThread: Thread finished: S2 1-167
2026-10-03 17:16:25,918 INFO o.a.j.t.JMeterThread: Stopping because end time detected by thread: S2 1-46
2026-10-03 17:16:25,918 INFO o.a.j.t.JMeterThread: Thread finished: S2 1-46
2026-10-03 17:16:25,919 INFO o.a.j.t.JMeterThread: Stopping because end time detected by thread: S2 1-166
2026-10-03 17:16:25,919 INFO o.a.j.t.JMeterThread: Thread finished: S2 1-166
2026-10-03 17:16:25,923 INFO o.a.j.t.JMeterThread: Stopping because end time detected by thread: S2 1-315
2026-10-03 17:16:25,923 INFO o.a.j.t.JMeterThread: Thread finished: S2 1-315
2026-10-03 17:16:25,927 INFO o.a.j.t.JMeterThread: Stopping because end time detected by thread: S2 1-123
2026-10-03 17:16:25,927 INFO o.a.j.t.JMeterThread: Thread finished: S2 1-123
2026-10-03 17:16:25,939 INFO o.a.j.t.JMeterThread: Stopping because end time detected by thread: S2 1-432
2026-10-03 17:16:25,939 INFO o.a.j.t.JMeterThread: Thread finished: S2 1-432
2026-10-03 17:16:25,950 INFO o.a.j.t.JMeterThread: Stopping because end time detected by thread: S2 1-431
2026-10-03 17:16:25,950 INFO o.a.j.t.JMeterThread: Thread finished: S2 1-431
2026-10-03 17:16:25,958 INFO o.a.j.t.JMeterThread: Stopping because end time detected by thread: S2 1-168
2026-10-03 17:16:25,958 INFO o.a.j.t.JMeterThread: Thread finished: S2 1-168
2026-10-03 17:16:25,970 INFO o.a.j.t.JMeterThread: Stopping because end time detected by thread: S2 1-433
2026-10-03 17:16:25,971 INFO o.a.j.t.JMeterThread: Thread finished: S2 1-433
2026-10-03 17:16:25,971 INFO o.a.j.t.JMeterThread: Stopping because end time detected by thread: S2 1-230
2026-10-03 17:16:25,971 INFO o.a.j.t.JMeterThread: Thread finished: S2 1-230
2026-10-03 17:16:25,991 INFO o.a.j.t.JMeterThread: Stopping because end time detected by thread: S2 1-436
2026-10-03 17:16:25,991 INFO o.a.j.t.JMeterThread: Stopping because end time detected by thread: S2 1-434
2026-10-03 17:16:25,991 INFO o.a.j.t.JMeterThread: Thread finished: S2 1-436
2026-10-03 17:16:25,991 INFO o.a.j.t.JMeterThread: Thread finished: S2 1-434
2026-10-03 17:16:25,995 INFO o.a.j.t.JMeterThread: Stopping because end time detected by thread: S2 1-229
2026-10-03 17:16:25,995 INFO o.a.j.t.JMeterThread: Thread finished: S2 1-229
2026-10-03 17:16:26,002 INFO o.a.j.t.JMeterThread: Stopping because end time detected by thread: S2 1-435
2026-10-03 17:16:26,002 INFO o.a.j.t.JMeterThread: Thread finished: S2 1-435
2026-10-03 17:16:26,012 INFO o.a.j.t.JMeterThread: Stopping because end time detected by thread: S2 1-24
2026-10-03 17:16:26,012 INFO o.a.j.t.JMeterThread: Thread finished: S2 1-24
2026-10-03 17:16:26,020 INFO o.a.j.t.JMeterThread: Stopping because end time detected by thread: S2 1-14
2026-10-03 17:16:26,020 INFO o.a.j.t.JMeterThread: Thread finished: S2 1-14
2026-10-03 17:16:26,026 INFO o.a.j.t.JMeterThread: Stopping because end time detected by thread: S2 1-169
2026-10-03 17:16:26,026 INFO o.a.j.t.JMeterThread: Thread finished: S2 1-169
2026-10-03 17:16:26,030 INFO o.a.j.t.JMeterThread: Stopping because end time detected by thread: S2 1-316
2026-10-03 17:16:26,030 INFO o.a.j.t.JMeterThread: Thread finished: S2 1-316
2026-10-03 17:16:26,034 INFO o.a.j.t.JMeterThread: Stopping because end time detected by thread: S2 1-63
2026-10-03 17:16:26,034 INFO o.a.j.t.JMeterThread: Thread finished: S2 1-63
2026-10-03 17:16:26,047 INFO o.a.j.t.JMeterThread: Stopping because end time detected by thread: S2 1-231
2026-10-03 17:16:26,047 INFO o.a.j.t.JMeterThread: Thread finished: S2 1-231
2026-10-03 17:16:26,055 INFO o.a.j.t.JMeterThread: Stopping because end time detected by thread: S2 1-318
2026-10-03 17:16:26,055 INFO o.a.j.t.JMeterThread: Thread finished: S2 1-318
2026-10-03 17:16:26,065 INFO o.a.j.t.JMeterThread: Stopping because end time detected by thread: S2 1-125
2026-10-03 17:16:26,065 INFO o.a.j.t.JMeterThread: Thread finished: S2 1-125
2026-10-03 17:16:26,079 INFO o.a.j.t.JMeterThread: Stopping because end time detected by thread: S2 1-124
2026-10-03 17:16:26,079 INFO o.a.j.t.JMeterThread: Thread finished: S2 1-124
2026-10-03 17:16:26,087 INFO o.a.j.t.JMeterThread: Stopping because end time detected by thread: S2 1-170
2026-10-03 17:16:26,087 INFO o.a.j.t.JMeterThread: Thread finished: S2 1-170
2026-10-03 17:16:26,089 INFO o.a.j.t.JMeterThread: Stopping because end time detected by thread: S2 1-319
2026-10-03 17:16:26,089 INFO o.a.j.t.JMeterThread: Thread finished: S2 1-319
2026-10-03 17:16:26,091 INFO o.a.j.t.JMeterThread: Stopping because end time detected by thread: S2 1-317
2026-10-03 17:16:26,091 INFO o.a.j.t.JMeterThread: Thread finished: S2 1-317
2026-10-03 17:16:26,116 INFO o.a.j.t.JMeterThread: Stopping because end time detected by thread: S2 1-439
2026-10-03 17:16:26,116 INFO o.a.j.t.JMeterThread: Thread finished: S2 1-439
2026-10-03 17:16:26,116 INFO o.a.j.t.JMeterThread: Stopping because end time detected by thread: S2 1-438
2026-10-03 17:16:26,116 INFO o.a.j.t.JMeterThread: Thread finished: S2 1-438
2026-10-03 17:16:26,118 INFO o.a.j.t.JMeterThread: Stopping because end time detected by thread: S2 1-232
2026-10-03 17:16:26,118 INFO o.a.j.t.JMeterThread: Thread finished: S2 1-232
2026-10-03 17:16:26,123 INFO o.a.j.t.JMeterThread: Stopping because end time detected by thread: S2 1-440
2026-10-03 17:16:26,123 INFO o.a.j.t.JMeterThread: Thread finished: S2 1-440
2026-10-03 17:16:26,139 INFO o.a.j.t.JMeterThread: Stopping because end time detected by thread: S2 1-233
2026-10-03 17:16:26,139 INFO o.a.j.t.JMeterThread: Thread finished: S2 1-233
2026-10-03 17:16:26,149 INFO o.a.j.t.JMeterThread: Stopping because end time detected by thread: S2 1-320
2026-10-03 17:16:26,149 INFO o.a.j.t.JMeterThread: Thread finished: S2 1-320
2026-10-03 17:16:26,153 INFO o.a.j.t.JMeterThread: Stopping because end time detected by thread: S2 1-437
2026-10-03 17:16:26,153 INFO o.a.j.t.JMeterThread: Thread finished: S2 1-437
2026-10-03 17:16:26,166 INFO o.a.j.t.JMeterThread: Stopping because end time detected by thread: S2 1-321
2026-10-03 17:16:26,166 INFO o.a.j.t.JMeterThread: Stopping because end time detected by thread: S2 1-171
2026-10-03 17:16:26,166 INFO o.a.j.t.JMeterThread: Thread finished: S2 1-321
2026-10-03 17:16:26,167 INFO o.a.j.t.JMeterThread: Thread finished: S2 1-171
2026-10-03 17:16:26,175 INFO o.a.j.t.JMeterThread: Stopping because end time detected by thread: S2 1-34
2026-10-03 17:16:26,175 INFO o.a.j.t.JMeterThread: Thread finished: S2 1-34
2026-10-03 17:16:26,187 INFO o.a.j.t.JMeterThread: Stopping because end time detected by thread: S2 1-35
2026-10-03 17:16:26,187 INFO o.a.j.t.JMeterThread: Thread finished: S2 1-35
2026-10-03 17:16:26,200 INFO o.a.j.t.JMeterThread: Stopping because end time detected by thread: S2 1-90
2026-10-03 17:16:26,200 INFO o.a.j.t.JMeterThread: Thread finished: S2 1-90
2026-10-03 17:16:26,206 INFO o.a.j.t.JMeterThread: Stopping because end time detected by thread: S2 1-89
2026-10-03 17:16:26,206 INFO o.a.j.t.JMeterThread: Thread finished: S2 1-89
2026-10-03 17:16:26,207 INFO o.a.j.t.JMeterThread: Stopping because end time detected by thread: S2 1-126
2026-10-03 17:16:26,207 INFO o.a.j.t.JMeterThread: Thread finished: S2 1-126
2026-10-03 17:16:26,219 INFO o.a.j.t.JMeterThread: Stopping because end time detected by thread: S2 1-64
2026-10-03 17:16:26,219 INFO o.a.j.t.JMeterThread: Thread finished: S2 1-64
2026-10-03 17:16:26,220 INFO o.a.j.t.JMeterThread: Stopping because end time detected by thread: S2 1-441
2026-10-03 17:16:26,220 INFO o.a.j.t.JMeterThread: Thread finished: S2 1-441
2026-10-03 17:16:26,231 INFO o.a.j.t.JMeterThread: Stopping because end time detected by thread: S2 1-443
2026-10-03 17:16:26,231 INFO o.a.j.t.JMeterThread: Thread finished: S2 1-443
2026-10-03 17:16:26,238 INFO o.a.j.t.JMeterThread: Stopping because end time detected by thread: S2 1-9
2026-10-03 17:16:26,238 INFO o.a.j.t.JMeterThread: Thread finished: S2 1-9
2026-10-03 17:16:26,239 INFO o.a.j.t.JMeterThread: Stopping because end time detected by thread: S2 1-127
2026-10-03 17:16:26,239 INFO o.a.j.t.JMeterThread: Thread finished: S2 1-127
2026-10-03 17:16:26,256 INFO o.a.j.t.JMeterThread: Stopping because end time detected by thread: S2 1-444
2026-10-03 17:16:26,256 INFO o.a.j.t.JMeterThread: Stopping because end time detected by thread: S2 1-322
2026-10-03 17:16:26,256 INFO o.a.j.t.JMeterThread: Thread finished: S2 1-444
2026-10-03 17:16:26,256 INFO o.a.j.t.JMeterThread: Thread finished: S2 1-322
2026-10-03 17:16:26,262 INFO o.a.j.t.JMeterThread: Stopping because end time detected by thread: S2 1-234
2026-10-03 17:16:26,262 INFO o.a.j.t.JMeterThread: Thread finished: S2 1-234
2026-10-03 17:16:26,263 INFO o.a.j.t.JMeterThread: Stopping because end time detected by thread: S2 1-442
2026-10-03 17:16:26,263 INFO o.a.j.t.JMeterThread: Thread finished: S2 1-442
2026-10-03 17:16:26,290 INFO o.a.j.t.JMeterThread: Stopping because end time detected by thread: S2 1-172
2026-10-03 17:16:26,290 INFO o.a.j.t.JMeterThread: Stopping because end time detected by thread: S2 1-235
2026-10-03 17:16:26,291 INFO o.a.j.t.JMeterThread: Thread finished: S2 1-172
2026-10-03 17:16:26,291 INFO o.a.j.t.JMeterThread: Thread finished: S2 1-235
2026-10-03 17:16:26,291 INFO o.a.j.t.JMeterThread: Stopping because end time detected by thread: S2 1-445
2026-10-03 17:16:26,291 INFO o.a.j.t.JMeterThread: Thread finished: S2 1-445
2026-10-03 17:16:26,295 INFO o.a.j.t.JMeterThread: Stopping because end time detected by thread: S2 1-236
2026-10-03 17:16:26,295 INFO o.a.j.t.JMeterThread: Thread finished: S2 1-236
2026-10-03 17:16:26,312 INFO o.a.j.t.JMeterThread: Stopping because end time detected by thread: S2 1-325
2026-10-03 17:16:26,312 INFO o.a.j.t.JMeterThread: Thread finished: S2 1-325
2026-10-03 17:16:26,314 INFO o.a.j.t.JMeterThread: Stopping because end time detected by thread: S2 1-446
2026-10-03 17:16:26,314 INFO o.a.j.t.JMeterThread: Thread finished: S2 1-446
2026-10-03 17:16:26,332 INFO o.a.j.t.JMeterThread: Stopping because end time detected by thread: S2 1-65
2026-10-03 17:16:26,332 INFO o.a.j.t.JMeterThread: Thread finished: S2 1-65
2026-10-03 17:16:26,336 INFO o.a.j.t.JMeterThread: Stopping because end time detected by thread: S2 1-173
2026-10-03 17:16:26,336 INFO o.a.j.t.JMeterThread: Thread finished: S2 1-173
2026-10-03 17:16:26,346 INFO o.a.j.t.JMeterThread: Stopping because end time detected by thread: S2 1-1
2026-10-03 17:16:26,346 INFO o.a.j.t.JMeterThread: Thread finished: S2 1-1
2026-10-03 17:16:26,350 INFO o.a.j.t.JMeterThread: Stopping because end time detected by thread: S2 1-323
2026-10-03 17:16:26,350 INFO o.a.j.t.JMeterThread: Thread finished: S2 1-323
2026-10-03 17:16:26,359 INFO o.a.j.t.JMeterThread: Stopping because end time detected by thread: S2 1-15
2026-10-03 17:16:26,359 INFO o.a.j.t.JMeterThread: Thread finished: S2 1-15
2026-10-03 17:16:26,373 INFO o.a.j.t.JMeterThread: Stopping because end time detected by thread: S2 1-47
2026-10-03 17:16:26,373 INFO o.a.j.t.JMeterThread: Thread finished: S2 1-47
2026-10-03 17:16:26,380 INFO o.a.j.t.JMeterThread: Stopping because end time detected by thread: S2 1-237
2026-10-03 17:16:26,380 INFO o.a.j.t.JMeterThread: Thread finished: S2 1-237
2026-10-03 17:16:26,386 INFO o.a.j.t.JMeterThread: Stopping because end time detected by thread: S2 1-448
2026-10-03 17:16:26,386 INFO o.a.j.t.JMeterThread: Thread finished: S2 1-448
2026-10-03 17:16:26,390 INFO o.a.j.t.JMeterThread: Stopping because end time detected by thread: S2 1-447
2026-10-03 17:16:26,390 INFO o.a.j.t.JMeterThread: Thread finished: S2 1-447
2026-10-03 17:16:26,399 INFO o.a.j.t.JMeterThread: Stopping because end time detected by thread: S2 1-324
2026-10-03 17:16:26,399 INFO o.a.j.t.JMeterThread: Thread finished: S2 1-324
2026-10-03 17:16:26,408 INFO o.a.j.t.JMeterThread: Stopping because end time detected by thread: S2 1-174
2026-10-03 17:16:26,408 INFO o.a.j.t.JMeterThread: Thread finished: S2 1-174
2026-10-03 17:16:26,415 INFO o.a.j.t.JMeterThread: Stopping because end time detected by thread: S2 1-450
2026-10-03 17:16:26,415 INFO o.a.j.t.JMeterThread: Thread finished: S2 1-450
2026-10-03 17:16:26,428 INFO o.a.j.t.JMeterThread: Stopping because end time detected by thread: S2 1-449
2026-10-03 17:16:26,429 INFO o.a.j.t.JMeterThread: Thread finished: S2 1-449
2026-10-03 17:16:26,429 INFO o.a.j.t.JMeterThread: Stopping because end time detected by thread: S2 1-328
2026-10-03 17:16:26,429 INFO o.a.j.t.JMeterThread: Thread finished: S2 1-328
2026-10-03 17:16:26,433 INFO o.a.j.t.JMeterThread: Stopping because end time detected by thread: S2 1-91
2026-10-03 17:16:26,433 INFO o.a.j.t.JMeterThread: Thread finished: S2 1-91
2026-10-03 17:16:26,435 INFO o.a.j.t.JMeterThread: Stopping because end time detected by thread: S2 1-238
2026-10-03 17:16:26,435 INFO o.a.j.t.JMeterThread: Thread finished: S2 1-238
2026-10-03 17:16:26,449 INFO o.a.j.t.JMeterThread: Stopping because end time detected by thread: S2 1-451
2026-10-03 17:16:26,449 INFO o.a.j.t.JMeterThread: Stopping because end time detected by thread: S2 1-326
2026-10-03 17:16:26,449 INFO o.a.j.t.JMeterThread: Thread finished: S2 1-451
2026-10-03 17:16:26,449 INFO o.a.j.t.JMeterThread: Thread finished: S2 1-326
2026-10-03 17:16:26,457 INFO o.a.j.t.JMeterThread: Stopping because end time detected by thread: S2 1-128
2026-10-03 17:16:26,457 INFO o.a.j.t.JMeterThread: Thread finished: S2 1-128
2026-10-03 17:16:26,479 INFO o.a.j.t.JMeterThread: Stopping because end time detected by thread: S2 1-93
2026-10-03 17:16:26,479 INFO o.a.j.t.JMeterThread: Thread finished: S2 1-93
2026-10-03 17:16:26,482 INFO o.a.j.t.JMeterThread: Stopping because end time detected by thread: S2 1-327
2026-10-03 17:16:26,482 INFO o.a.j.t.JMeterThread: Thread finished: S2 1-327
2026-10-03 17:16:26,484 INFO o.a.j.t.JMeterThread: Stopping because end time detected by thread: S2 1-239
2026-10-03 17:16:26,484 INFO o.a.j.t.JMeterThread: Thread finished: S2 1-239
2026-10-03 17:16:26,510 INFO o.a.j.t.JMeterThread: Stopping because end time detected by thread: S2 1-241
2026-10-03 17:16:26,510 INFO o.a.j.t.JMeterThread: Thread finished: S2 1-241
2026-10-03 17:16:26,510 INFO o.a.j.t.JMeterThread: Stopping because end time detected by thread: S2 1-452
2026-10-03 17:16:26,510 INFO o.a.j.t.JMeterThread: Thread finished: S2 1-452
2026-10-03 17:16:26,534 INFO o.a.j.t.JMeterThread: Stopping because end time detected by thread: S2 1-329
2026-10-03 17:16:26,534 INFO o.a.j.t.JMeterThread: Thread finished: S2 1-329
2026-10-03 17:16:26,535 INFO o.a.j.t.JMeterThread: Stopping because end time detected by thread: S2 1-240
2026-10-03 17:16:26,535 INFO o.a.j.t.JMeterThread: Thread finished: S2 1-240
2026-10-03 17:16:26,539 INFO o.a.j.t.JMeterThread: Stopping because end time detected by thread: S2 1-66
2026-10-03 17:16:26,539 INFO o.a.j.t.JMeterThread: Thread finished: S2 1-66
2026-10-03 17:16:26,548 INFO o.a.j.t.JMeterThread: Stopping because end time detected by thread: S2 1-454
2026-10-03 17:16:26,548 INFO o.a.j.t.JMeterThread: Thread finished: S2 1-454
2026-10-03 17:16:26,558 INFO o.a.j.t.JMeterThread: Stopping because end time detected by thread: S2 1-129
2026-10-03 17:16:26,558 INFO o.a.j.t.JMeterThread: Stopping because end time detected by thread: S2 1-175
2026-10-03 17:16:26,558 INFO o.a.j.t.JMeterThread: Thread finished: S2 1-129
2026-10-03 17:16:26,558 INFO o.a.j.t.JMeterThread: Thread finished: S2 1-175
2026-10-03 17:16:26,575 INFO o.a.j.t.JMeterThread: Stopping because end time detected by thread: S2 1-5
2026-10-03 17:16:26,575 INFO o.a.j.t.JMeterThread: Thread finished: S2 1-5
2026-10-03 17:16:26,577 INFO o.a.j.t.JMeterThread: Stopping because end time detected by thread: S2 1-453
2026-10-03 17:16:26,577 INFO o.a.j.t.JMeterThread: Thread finished: S2 1-453
2026-10-03 17:16:26,598 INFO o.a.j.t.JMeterThread: Stopping because end time detected by thread: S2 1-455
2026-10-03 17:16:26,598 INFO o.a.j.t.JMeterThread: Thread finished: S2 1-455
2026-10-03 17:16:26,600 INFO o.a.j.t.JMeterThread: Stopping because end time detected by thread: S2 1-330
2026-10-03 17:16:26,600 INFO o.a.j.t.JMeterThread: Thread finished: S2 1-330
2026-10-03 17:16:26,626 INFO o.a.j.t.JMeterThread: Stopping because end time detected by thread: S2 1-92
2026-10-03 17:16:26,626 INFO o.a.j.t.JMeterThread: Thread finished: S2 1-92
2026-10-03 17:16:26,627 INFO o.a.j.t.JMeterThread: Stopping because end time detected by thread: S2 1-332
2026-10-03 17:16:26,627 INFO o.a.j.t.JMeterThread: Thread finished: S2 1-332
2026-10-03 17:16:26,629 INFO o.a.j.t.JMeterThread: Stopping because end time detected by thread: S2 1-176
2026-10-03 17:16:26,629 INFO o.a.j.t.JMeterThread: Thread finished: S2 1-176
2026-10-03 17:16:26,629 INFO o.a.j.t.JMeterThread: Stopping because end time detected by thread: S2 1-94
2026-10-03 17:16:26,629 INFO o.a.j.t.JMeterThread: Thread finished: S2 1-94
2026-10-03 17:16:26,658 INFO o.a.j.t.JMeterThread: Stopping because end time detected by thread: S2 1-458
2026-10-03 17:16:26,658 INFO o.a.j.t.JMeterThread: Thread finished: S2 1-458
2026-10-03 17:16:26,670 INFO o.a.j.t.JMeterThread: Stopping because end time detected by thread: S2 1-331
2026-10-03 17:16:26,670 INFO o.a.j.t.JMeterThread: Thread finished: S2 1-331
2026-10-03 17:16:26,671 INFO o.a.j.t.JMeterThread: Stopping because end time detected by thread: S2 1-177
2026-10-03 17:16:26,671 INFO o.a.j.t.JMeterThread: Thread finished: S2 1-177
2026-10-03 17:16:26,672 INFO o.a.j.t.JMeterThread: Stopping because end time detected by thread: S2 1-130
2026-10-03 17:16:26,672 INFO o.a.j.t.JMeterThread: Thread finished: S2 1-130
2026-10-03 17:16:26,694 INFO o.a.j.t.JMeterThread: Stopping because end time detected by thread: S2 1-242
2026-10-03 17:16:26,694 INFO o.a.j.t.JMeterThread: Thread finished: S2 1-242
2026-10-03 17:16:26,699 INFO o.a.j.t.JMeterThread: Stopping because end time detected by thread: S2 1-48
2026-10-03 17:16:26,699 INFO o.a.j.t.JMeterThread: Thread finished: S2 1-48
2026-10-03 17:16:26,719 INFO o.a.j.t.JMeterThread: Stopping because end time detected by thread: S2 1-243
2026-10-03 17:16:26,719 INFO o.a.j.t.JMeterThread: Thread finished: S2 1-243
2026-10-03 17:16:26,720 INFO o.a.j.t.JMeterThread: Stopping because end time detected by thread: S2 1-457
2026-10-03 17:16:26,720 INFO o.a.j.t.JMeterThread: Thread finished: S2 1-457
2026-10-03 17:16:26,744 INFO o.a.j.t.JMeterThread: Stopping because end time detected by thread: S2 1-456
2026-10-03 17:16:26,744 INFO o.a.j.t.JMeterThread: Thread finished: S2 1-456
2026-10-03 17:16:26,745 INFO o.a.j.t.JMeterThread: Stopping because end time detected by thread: S2 1-459
2026-10-03 17:16:26,745 INFO o.a.j.t.JMeterThread: Thread finished: S2 1-459
2026-10-03 17:16:26,751 INFO o.a.j.t.JMeterThread: Stopping because end time detected by thread: S2 1-178
2026-10-03 17:16:26,751 INFO o.a.j.t.JMeterThread: Thread finished: S2 1-178
2026-10-03 17:16:26,755 INFO o.a.j.t.JMeterThread: Stopping because end time detected by thread: S2 1-25
2026-10-03 17:16:26,755 INFO o.a.j.t.JMeterThread: Thread finished: S2 1-25
2026-10-03 17:16:26,768 INFO o.a.j.t.JMeterThread: Stopping because end time detected by thread: S2 1-335
2026-10-03 17:16:26,768 INFO o.a.j.t.JMeterThread: Thread finished: S2 1-335
2026-10-03 17:16:26,789 INFO o.a.j.t.JMeterThread: Stopping because end time detected by thread: S2 1-333
2026-10-03 17:16:26,789 INFO o.a.j.t.JMeterThread: Thread finished: S2 1-333
2026-10-03 17:16:26,794 INFO o.a.j.t.JMeterThread: Stopping because end time detected by thread: S2 1-461
2026-10-03 17:16:26,794 INFO o.a.j.t.JMeterThread: Thread finished: S2 1-461
2026-10-03 17:16:26,794 INFO o.a.j.t.JMeterThread: Stopping because end time detected by thread: S2 1-244
2026-10-03 17:16:26,794 INFO o.a.j.t.JMeterThread: Thread finished: S2 1-244
2026-10-03 17:16:26,799 INFO o.a.j.t.JMeterThread: Stopping because end time detected by thread: S2 1-334
2026-10-03 17:16:26,799 INFO o.a.j.t.JMeterThread: Thread finished: S2 1-334
2026-10-03 17:16:26,815 INFO o.a.j.t.JMeterThread: Stopping because end time detected by thread: S2 1-245
2026-10-03 17:16:26,815 INFO o.a.j.t.JMeterThread: Thread finished: S2 1-245
2026-10-03 17:16:26,829 INFO o.a.j.t.JMeterThread: Stopping because end time detected by thread: S2 1-131
2026-10-03 17:16:26,829 INFO o.a.j.t.JMeterThread: Thread finished: S2 1-131
2026-10-03 17:16:26,831 INFO o.a.j.t.JMeterThread: Stopping because end time detected by thread: S2 1-67
2026-10-03 17:16:26,831 INFO o.a.j.t.JMeterThread: Thread finished: S2 1-67
2026-10-03 17:16:26,835 INFO o.a.j.t.JMeterThread: Stopping because end time detected by thread: S2 1-95
2026-10-03 17:16:26,835 INFO o.a.j.t.JMeterThread: Stopping because end time detected by thread: S2 1-460
2026-10-03 17:16:26,835 INFO o.a.j.t.JMeterThread: Thread finished: S2 1-460
2026-10-03 17:16:26,835 INFO o.a.j.t.JMeterThread: Thread finished: S2 1-95
2026-10-03 17:16:26,853 INFO o.a.j.t.JMeterThread: Stopping because end time detected by thread: S2 1-462
2026-10-03 17:16:26,853 INFO o.a.j.t.JMeterThread: Thread finished: S2 1-462
2026-10-03 17:16:26,856 INFO o.a.j.t.JMeterThread: Stopping because end time detected by thread: S2 1-336
2026-10-03 17:16:26,856 INFO o.a.j.t.JMeterThread: Thread finished: S2 1-336
2026-10-03 17:16:26,861 INFO o.a.j.t.JMeterThread: Stopping because end time detected by thread: S2 1-16
2026-10-03 17:16:26,861 INFO o.a.j.t.JMeterThread: Thread finished: S2 1-16
2026-10-03 17:16:26,872 INFO o.a.j.t.JMeterThread: Stopping because end time detected by thread: S2 1-36
2026-10-03 17:16:26,872 INFO o.a.j.t.JMeterThread: Thread finished: S2 1-36
2026-10-03 17:16:26,876 INFO o.a.j.t.JMeterThread: Stopping because end time detected by thread: S2 1-463
2026-10-03 17:16:26,877 INFO o.a.j.t.JMeterThread: Thread finished: S2 1-463
2026-10-03 17:16:26,884 INFO o.a.j.t.JMeterThread: Stopping because end time detected by thread: S2 1-464
2026-10-03 17:16:26,884 INFO o.a.j.t.JMeterThread: Thread finished: S2 1-464
2026-10-03 17:16:26,890 INFO o.a.j.t.JMeterThread: Stopping because end time detected by thread: S2 1-179
2026-10-03 17:16:26,890 INFO o.a.j.t.JMeterThread: Thread finished: S2 1-179
2026-10-03 17:16:26,890 INFO o.a.j.t.JMeterThread: Stopping because end time detected by thread: S2 1-180
2026-10-03 17:16:26,890 INFO o.a.j.t.JMeterThread: Thread finished: S2 1-180
2026-10-03 17:16:26,914 INFO o.a.j.t.JMeterThread: Stopping because end time detected by thread: S2 1-246
2026-10-03 17:16:26,914 INFO o.a.j.t.JMeterThread: Thread finished: S2 1-246
2026-10-03 17:16:26,915 INFO o.a.j.t.JMeterThread: Stopping because end time detected by thread: S2 1-465
2026-10-03 17:16:26,915 INFO o.a.j.t.JMeterThread: Thread finished: S2 1-465
2026-10-03 17:16:26,925 INFO o.a.j.t.JMeterThread: Stopping because end time detected by thread: S2 1-247
2026-10-03 17:16:26,925 INFO o.a.j.t.JMeterThread: Thread finished: S2 1-247
2026-10-03 17:16:26,928 INFO o.a.j.t.JMeterThread: Stopping because end time detected by thread: S2 1-337
2026-10-03 17:16:26,928 INFO o.a.j.t.JMeterThread: Thread finished: S2 1-337
2026-10-03 17:16:26,946 INFO o.a.j.t.JMeterThread: Stopping because end time detected by thread: S2 1-181
2026-10-03 17:16:26,946 INFO o.a.j.t.JMeterThread: Thread finished: S2 1-181
2026-10-03 17:16:26,952 INFO o.a.j.t.JMeterThread: Stopping because end time detected by thread: S2 1-466
2026-10-03 17:16:26,952 INFO o.a.j.t.JMeterThread: Thread finished: S2 1-466
2026-10-03 17:16:26,953 INFO o.a.j.t.JMeterThread: Stopping because end time detected by thread: S2 1-96
2026-10-03 17:16:26,953 INFO o.a.j.t.JMeterThread: Thread finished: S2 1-96
2026-10-03 17:16:26,963 INFO o.a.j.t.JMeterThread: Stopping because end time detected by thread: S2 1-467
2026-10-03 17:16:26,963 INFO o.a.j.t.JMeterThread: Thread finished: S2 1-467
2026-10-03 17:16:26,974 INFO o.a.j.t.JMeterThread: Stopping because end time detected by thread: S2 1-469
2026-10-03 17:16:26,974 INFO o.a.j.t.JMeterThread: Thread finished: S2 1-469
2026-10-03 17:16:26,979 INFO o.a.j.t.JMeterThread: Stopping because end time detected by thread: S2 1-132
2026-10-03 17:16:26,979 INFO o.a.j.t.JMeterThread: Thread finished: S2 1-132
2026-10-03 17:16:26,994 INFO o.a.j.t.JMeterThread: Stopping because end time detected by thread: S2 1-341
2026-10-03 17:16:26,994 INFO o.a.j.t.JMeterThread: Thread finished: S2 1-341
2026-10-03 17:16:26,996 INFO o.a.j.t.JMeterThread: Stopping because end time detected by thread: S2 1-468
2026-10-03 17:16:26,996 INFO o.a.j.t.JMeterThread: Thread finished: S2 1-468
2026-10-03 17:16:27,012 INFO o.a.j.t.JMeterThread: Stopping because end time detected by thread: S2 1-339
2026-10-03 17:16:27,012 INFO o.a.j.t.JMeterThread: Thread finished: S2 1-339
2026-10-03 17:16:27,012 INFO o.a.j.t.JMeterThread: Stopping because end time detected by thread: S2 1-49
2026-10-03 17:16:27,012 INFO o.a.j.t.JMeterThread: Thread finished: S2 1-49
2026-10-03 17:16:27,033 INFO o.a.j.t.JMeterThread: Stopping because end time detected by thread: S2 1-133
2026-10-03 17:16:27,033 INFO o.a.j.t.JMeterThread: Thread finished: S2 1-133
2026-10-03 17:16:27,037 INFO o.a.j.t.JMeterThread: Stopping because end time detected by thread: S2 1-340
2026-10-03 17:16:27,037 INFO o.a.j.t.JMeterThread: Thread finished: S2 1-340
2026-10-03 17:16:27,039 INFO o.a.j.t.JMeterThread: Stopping because end time detected by thread: S2 1-471
2026-10-03 17:16:27,039 INFO o.a.j.t.JMeterThread: Thread finished: S2 1-471
2026-10-03 17:16:27,049 INFO o.a.j.t.JMeterThread: Stopping because end time detected by thread: S2 1-338
2026-10-03 17:16:27,049 INFO o.a.j.t.JMeterThread: Thread finished: S2 1-338
2026-10-03 17:16:27,054 INFO o.a.j.t.JMeterThread: Stopping because end time detected by thread: S2 1-475
2026-10-03 17:16:27,054 INFO o.a.j.t.JMeterThread: Thread finished: S2 1-475
2026-10-03 17:16:27,055 INFO o.a.j.t.JMeterThread: Stopping because end time detected by thread: S2 1-472
2026-10-03 17:16:27,055 INFO o.a.j.t.JMeterThread: Thread finished: S2 1-472
2026-10-03 17:16:27,075 INFO o.a.j.t.JMeterThread: Stopping because end time detected by thread: S2 1-474
2026-10-03 17:16:27,075 INFO o.a.j.t.JMeterThread: Thread finished: S2 1-474
2026-10-03 17:16:27,085 INFO o.a.j.t.JMeterThread: Stopping because end time detected by thread: S2 1-473
2026-10-03 17:16:27,085 INFO o.a.j.t.JMeterThread: Thread finished: S2 1-473
2026-10-03 17:16:27,086 INFO o.a.j.t.JMeterThread: Stopping because end time detected by thread: S2 1-249
2026-10-03 17:16:27,086 INFO o.a.j.t.JMeterThread: Thread finished: S2 1-249
2026-10-03 17:16:27,087 INFO o.a.j.t.JMeterThread: Stopping because end time detected by thread: S2 1-248
2026-10-03 17:16:27,087 INFO o.a.j.t.JMeterThread: Thread finished: S2 1-248
2026-10-03 17:16:27,111 INFO o.a.j.t.JMeterThread: Stopping because end time detected by thread: S2 1-343
2026-10-03 17:16:27,111 INFO o.a.j.t.JMeterThread: Thread finished: S2 1-343
2026-10-03 17:16:27,117 INFO o.a.j.t.JMeterThread: Stopping because end time detected by thread: S2 1-134
2026-10-03 17:16:27,117 INFO o.a.j.t.JMeterThread: Thread finished: S2 1-134
2026-10-03 17:16:27,122 INFO o.a.j.t.JMeterThread: Stopping because end time detected by thread: S2 1-476
2026-10-03 17:16:27,122 INFO o.a.j.t.JMeterThread: Thread finished: S2 1-476
2026-10-03 17:16:27,125 INFO o.a.j.t.JMeterThread: Stopping because end time detected by thread: S2 1-470
2026-10-03 17:16:27,125 INFO o.a.j.t.JMeterThread: Thread finished: S2 1-470
2026-10-03 17:16:27,135 INFO o.a.j.t.JMeterThread: Stopping because end time detected by thread: S2 1-6
2026-10-03 17:16:27,135 INFO o.a.j.t.JMeterThread: Thread finished: S2 1-6
2026-10-03 17:16:27,140 INFO o.a.j.t.JMeterThread: Stopping because end time detected by thread: S2 1-50
2026-10-03 17:16:27,140 INFO o.a.j.t.JMeterThread: Thread finished: S2 1-50
2026-10-03 17:16:27,157 INFO o.a.j.t.JMeterThread: Stopping because end time detected by thread: S2 1-68
2026-10-03 17:16:27,157 INFO o.a.j.t.JMeterThread: Thread finished: S2 1-68
2026-10-03 17:16:27,168 INFO o.a.j.t.JMeterThread: Stopping because end time detected by thread: S2 1-342
2026-10-03 17:16:27,168 INFO o.a.j.t.JMeterThread: Thread finished: S2 1-342
2026-10-03 17:16:27,169 INFO o.a.j.t.JMeterThread: Stopping because end time detected by thread: S2 1-477
2026-10-03 17:16:27,169 INFO o.a.j.t.JMeterThread: Thread finished: S2 1-477
2026-10-03 17:16:27,172 INFO o.a.j.t.JMeterThread: Stopping because end time detected by thread: S2 1-182
2026-10-03 17:16:27,173 INFO o.a.j.t.JMeterThread: Thread finished: S2 1-182
2026-10-03 17:16:27,184 INFO o.a.j.t.JMeterThread: Stopping because end time detected by thread: S2 1-344
2026-10-03 17:16:27,184 INFO o.a.j.t.JMeterThread: Thread finished: S2 1-344
2026-10-03 17:16:27,192 INFO o.a.j.t.JMeterThread: Stopping because end time detected by thread: S2 1-97
2026-10-03 17:16:27,192 INFO o.a.j.t.JMeterThread: Thread finished: S2 1-97
2026-10-03 17:16:27,195 INFO o.a.j.t.JMeterThread: Stopping because end time detected by thread: S2 1-37
2026-10-03 17:16:27,195 INFO o.a.j.t.JMeterThread: Thread finished: S2 1-37
2026-10-03 17:16:27,210 INFO o.a.j.t.JMeterThread: Stopping because end time detected by thread: S2 1-346
2026-10-03 17:16:27,210 INFO o.a.j.t.JMeterThread: Thread finished: S2 1-346
2026-10-03 17:16:27,211 INFO o.a.j.t.JMeterThread: Stopping because end time detected by thread: S2 1-26
2026-10-03 17:16:27,211 INFO o.a.j.t.JMeterThread: Thread finished: S2 1-26
2026-10-03 17:16:27,222 INFO o.a.j.t.JMeterThread: Stopping because end time detected by thread: S2 1-480
2026-10-03 17:16:27,222 INFO o.a.j.t.JMeterThread: Thread finished: S2 1-480
2026-10-03 17:16:27,222 INFO o.a.j.t.JMeterThread: Stopping because end time detected by thread: S2 1-250
2026-10-03 17:16:27,223 INFO o.a.j.t.JMeterThread: Thread finished: S2 1-250
2026-10-03 17:16:27,247 INFO o.a.j.t.JMeterThread: Stopping because end time detected by thread: S2 1-479
2026-10-03 17:16:27,247 INFO o.a.j.t.JMeterThread: Thread finished: S2 1-479
2026-10-03 17:16:27,251 INFO o.a.j.t.JMeterThread: Stopping because end time detected by thread: S2 1-478
2026-10-03 17:16:27,251 INFO o.a.j.t.JMeterThread: Thread finished: S2 1-478
2026-10-03 17:16:27,254 INFO o.a.j.t.JMeterThread: Stopping because end time detected by thread: S2 1-183
2026-10-03 17:16:27,255 INFO o.a.j.t.JMeterThread: Thread finished: S2 1-183
2026-10-03 17:16:27,266 INFO o.a.j.t.JMeterThread: Stopping because end time detected by thread: S2 1-345
2026-10-03 17:16:27,266 INFO o.a.j.t.JMeterThread: Thread finished: S2 1-345
2026-10-03 17:16:27,272 INFO o.a.j.t.JMeterThread: Stopping because end time detected by thread: S2 1-184
2026-10-03 17:16:27,272 INFO o.a.j.t.JMeterThread: Thread finished: S2 1-184
2026-10-03 17:16:27,275 INFO o.a.j.t.JMeterThread: Stopping because end time detected by thread: S2 1-252
2026-10-03 17:16:27,275 INFO o.a.j.t.JMeterThread: Thread finished: S2 1-252
2026-10-03 17:16:27,288 INFO o.a.j.t.JMeterThread: Stopping because end time detected by thread: S2 1-253
2026-10-03 17:16:27,288 INFO o.a.j.t.JMeterThread: Thread finished: S2 1-253
2026-10-03 17:16:27,295 INFO o.a.j.t.JMeterThread: Stopping because end time detected by thread: S2 1-136
2026-10-03 17:16:27,295 INFO o.a.j.t.JMeterThread: Thread finished: S2 1-136
2026-10-03 17:16:27,297 INFO o.a.j.t.JMeterThread: Stopping because end time detected by thread: S2 1-251
2026-10-03 17:16:27,297 INFO o.a.j.t.JMeterThread: Thread finished: S2 1-251
2026-10-03 17:16:27,314 INFO o.a.j.t.JMeterThread: Stopping because end time detected by thread: S2 1-27
2026-10-03 17:16:27,314 INFO o.a.j.t.JMeterThread: Thread finished: S2 1-27
2026-10-03 17:16:27,316 INFO o.a.j.t.JMeterThread: Stopping because end time detected by thread: S2 1-481
2026-10-03 17:16:27,316 INFO o.a.j.t.JMeterThread: Thread finished: S2 1-481
2026-10-03 17:16:27,324 INFO o.a.j.t.JMeterThread: Stopping because end time detected by thread: S2 1-347
2026-10-03 17:16:27,324 INFO o.a.j.t.JMeterThread: Thread finished: S2 1-347
2026-10-03 17:16:27,332 INFO o.a.j.t.JMeterThread: Stopping because end time detected by thread: S2 1-135
2026-10-03 17:16:27,332 INFO o.a.j.t.JMeterThread: Thread finished: S2 1-135
2026-10-03 17:16:27,347 INFO o.a.j.t.JMeterThread: Stopping because end time detected by thread: S2 1-483
2026-10-03 17:16:27,347 INFO o.a.j.t.JMeterThread: Thread finished: S2 1-483
2026-10-03 17:16:27,352 INFO o.a.j.t.JMeterThread: Stopping because end time detected by thread: S2 1-99
2026-10-03 17:16:27,353 INFO o.a.j.t.JMeterThread: Thread finished: S2 1-99
2026-10-03 17:16:27,361 INFO o.a.j.t.JMeterThread: Stopping because end time detected by thread: S2 1-185
2026-10-03 17:16:27,362 INFO o.a.j.t.JMeterThread: Thread finished: S2 1-185
2026-10-03 17:16:27,362 INFO o.a.j.t.JMeterThread: Stopping because end time detected by thread: S2 1-348
2026-10-03 17:16:27,362 INFO o.a.j.t.JMeterThread: Thread finished: S2 1-348
2026-10-03 17:16:27,382 INFO o.a.j.t.JMeterThread: Stopping because end time detected by thread: S2 1-349
2026-10-03 17:16:27,382 INFO o.a.j.t.JMeterThread: Thread finished: S2 1-349
2026-10-03 17:16:27,382 INFO o.a.j.t.JMeterThread: Stopping because end time detected by thread: S2 1-482
2026-10-03 17:16:27,382 INFO o.a.j.t.JMeterThread: Thread finished: S2 1-482
2026-10-03 17:16:27,383 INFO o.a.j.t.JMeterThread: Stopping because end time detected by thread: S2 1-186
2026-10-03 17:16:27,383 INFO o.a.j.t.JMeterThread: Thread finished: S2 1-186
2026-10-03 17:16:27,397 INFO o.a.j.t.JMeterThread: Stopping because end time detected by thread: S2 1-255
2026-10-03 17:16:27,397 INFO o.a.j.t.JMeterThread: Thread finished: S2 1-255
2026-10-03 17:16:27,409 INFO o.a.j.t.JMeterThread: Stopping because end time detected by thread: S2 1-254
2026-10-03 17:16:27,410 INFO o.a.j.t.JMeterThread: Thread finished: S2 1-254
2026-10-03 17:16:27,425 INFO o.a.j.t.JMeterThread: Stopping because end time detected by thread: S2 1-486
2026-10-03 17:16:27,425 INFO o.a.j.t.JMeterThread: Thread finished: S2 1-486
2026-10-03 17:16:27,430 INFO o.a.j.t.JMeterThread: Stopping because end time detected by thread: S2 1-350
2026-10-03 17:16:27,430 INFO o.a.j.t.JMeterThread: Thread finished: S2 1-350
2026-10-03 17:16:27,435 INFO o.a.j.t.JMeterThread: Stopping because end time detected by thread: S2 1-69
2026-10-03 17:16:27,435 INFO o.a.j.t.JMeterThread: Thread finished: S2 1-69
2026-10-03 17:16:27,440 INFO o.a.j.t.JMeterThread: Stopping because end time detected by thread: S2 1-484
2026-10-03 17:16:27,440 INFO o.a.j.t.JMeterThread: Thread finished: S2 1-484
2026-10-03 17:16:27,458 INFO o.a.j.t.JMeterThread: Stopping because end time detected by thread: S2 1-485
2026-10-03 17:16:27,458 INFO o.a.j.t.JMeterThread: Thread finished: S2 1-485
2026-10-03 17:16:27,458 INFO o.a.j.t.JMeterThread: Stopping because end time detected by thread: S2 1-351
2026-10-03 17:16:27,459 INFO o.a.j.t.JMeterThread: Thread finished: S2 1-351
2026-10-03 17:16:27,463 INFO o.a.j.t.JMeterThread: Stopping because end time detected by thread: S2 1-98
2026-10-03 17:16:27,463 INFO o.a.j.t.JMeterThread: Thread finished: S2 1-98
2026-10-03 17:16:27,466 INFO o.a.j.t.JMeterThread: Stopping because end time detected by thread: S2 1-70
2026-10-03 17:16:27,466 INFO o.a.j.t.JMeterThread: Thread finished: S2 1-70
2026-10-03 17:16:27,486 INFO o.a.j.t.JMeterThread: Stopping because end time detected by thread: S2 1-352
2026-10-03 17:16:27,486 INFO o.a.j.t.JMeterThread: Thread finished: S2 1-352
2026-10-03 17:16:27,488 INFO o.a.j.t.JMeterThread: Stopping because end time detected by thread: S2 1-187
2026-10-03 17:16:27,488 INFO o.a.j.t.JMeterThread: Thread finished: S2 1-187
2026-10-03 17:16:27,494 INFO o.a.j.t.JMeterThread: Stopping because end time detected by thread: S2 1-17
2026-10-03 17:16:27,494 INFO o.a.j.t.JMeterThread: Thread finished: S2 1-17
2026-10-03 17:16:27,506 INFO o.a.j.t.JMeterThread: Stopping because end time detected by thread: S2 1-256
2026-10-03 17:16:27,506 INFO o.a.j.t.JMeterThread: Thread finished: S2 1-256
2026-10-03 17:16:27,513 INFO o.a.j.t.JMeterThread: Stopping because end time detected by thread: S2 1-353
2026-10-03 17:16:27,513 INFO o.a.j.t.JMeterThread: Thread finished: S2 1-353
2026-10-03 17:16:27,524 INFO o.a.j.t.JMeterThread: Stopping because end time detected by thread: S2 1-138
2026-10-03 17:16:27,524 INFO o.a.j.t.JMeterThread: Thread finished: S2 1-138
2026-10-03 17:16:27,532 INFO o.a.j.t.JMeterThread: Stopping because end time detected by thread: S2 1-489
2026-10-03 17:16:27,532 INFO o.a.j.t.JMeterThread: Thread finished: S2 1-489
2026-10-03 17:16:27,539 INFO o.a.j.t.JMeterThread: Stopping because end time detected by thread: S2 1-487
2026-10-03 17:16:27,539 INFO o.a.j.t.JMeterThread: Thread finished: S2 1-487
2026-10-03 17:16:27,553 INFO o.a.j.t.JMeterThread: Stopping because end time detected by thread: S2 1-488
2026-10-03 17:16:27,553 INFO o.a.j.t.JMeterThread: Stopping because end time detected by thread: S2 1-257
2026-10-03 17:16:27,553 INFO o.a.j.t.JMeterThread: Stopping because end time detected by thread: S2 1-491
2026-10-03 17:16:27,553 INFO o.a.j.t.JMeterThread: Thread finished: S2 1-257
2026-10-03 17:16:27,553 INFO o.a.j.t.JMeterThread: Thread finished: S2 1-491
2026-10-03 17:16:27,553 INFO o.a.j.t.JMeterThread: Thread finished: S2 1-488
2026-10-03 17:16:27,582 INFO o.a.j.t.JMeterThread: Stopping because end time detected by thread: S2 1-18
2026-10-03 17:16:27,582 INFO o.a.j.t.JMeterThread: Thread finished: S2 1-18
2026-10-03 17:16:27,585 INFO o.a.j.t.JMeterThread: Stopping because end time detected by thread: S2 1-258
2026-10-03 17:16:27,585 INFO o.a.j.t.JMeterThread: Thread finished: S2 1-258
2026-10-03 17:16:27,594 INFO o.a.j.t.JMeterThread: Stopping because end time detected by thread: S2 1-356
2026-10-03 17:16:27,594 INFO o.a.j.t.JMeterThread: Thread finished: S2 1-356
2026-10-03 17:16:27,596 INFO o.a.j.t.JMeterThread: Stopping because end time detected by thread: S2 1-490
2026-10-03 17:16:27,596 INFO o.a.j.t.JMeterThread: Thread finished: S2 1-490
2026-10-03 17:16:27,600 INFO o.a.j.t.JMeterThread: Stopping because end time detected by thread: S2 1-354
2026-10-03 17:16:27,600 INFO o.a.j.t.JMeterThread: Thread finished: S2 1-354
2026-10-03 17:16:27,613 INFO o.a.j.t.JMeterThread: Stopping because end time detected by thread: S2 1-137
2026-10-03 17:16:27,613 INFO o.a.j.t.JMeterThread: Thread finished: S2 1-137
2026-10-03 17:16:27,615 INFO o.a.j.t.JMeterThread: Stopping because end time detected by thread: S2 1-188
2026-10-03 17:16:27,615 INFO o.a.j.t.JMeterThread: Thread finished: S2 1-188
2026-10-03 17:16:27,620 INFO o.a.j.t.JMeterThread: Stopping because end time detected by thread: S2 1-493
2026-10-03 17:16:27,620 INFO o.a.j.t.JMeterThread: Thread finished: S2 1-493
2026-10-03 17:16:27,628 INFO o.a.j.t.JMeterThread: Stopping because end time detected by thread: S2 1-492
2026-10-03 17:16:27,628 INFO o.a.j.t.JMeterThread: Thread finished: S2 1-492
2026-10-03 17:16:27,643 INFO o.a.j.t.JMeterThread: Stopping because end time detected by thread: S2 1-261
2026-10-03 17:16:27,643 INFO o.a.j.t.JMeterThread: Thread finished: S2 1-261
2026-10-03 17:16:27,645 INFO o.a.j.t.JMeterThread: Stopping because end time detected by thread: S2 1-139
2026-10-03 17:16:27,645 INFO o.a.j.t.JMeterThread: Thread finished: S2 1-139
2026-10-03 17:16:27,648 INFO o.a.j.t.JMeterThread: Stopping because end time detected by thread: S2 1-260
2026-10-03 17:16:27,648 INFO o.a.j.t.JMeterThread: Thread finished: S2 1-260
2026-10-03 17:16:27,662 INFO o.a.j.t.JMeterThread: Stopping because end time detected by thread: S2 1-259
2026-10-03 17:16:27,662 INFO o.a.j.t.JMeterThread: Thread finished: S2 1-259
2026-10-03 17:16:27,664 INFO o.a.j.t.JMeterThread: Stopping because end time detected by thread: S2 1-355
2026-10-03 17:16:27,664 INFO o.a.j.t.JMeterThread: Thread finished: S2 1-355
2026-10-03 17:16:27,667 INFO o.a.j.t.JMeterThread: Stopping because end time detected by thread: S2 1-100
2026-10-03 17:16:27,667 INFO o.a.j.t.JMeterThread: Thread finished: S2 1-100
2026-10-03 17:16:27,682 INFO o.a.j.t.JMeterThread: Stopping because end time detected by thread: S2 1-189
2026-10-03 17:16:27,682 INFO o.a.j.t.JMeterThread: Thread finished: S2 1-189
2026-10-03 17:16:27,685 INFO o.a.j.t.JMeterThread: Stopping because end time detected by thread: S2 1-495
2026-10-03 17:16:27,685 INFO o.a.j.t.JMeterThread: Thread finished: S2 1-495
2026-10-03 17:16:27,686 INFO o.a.j.t.JMeterThread: Stopping because end time detected by thread: S2 1-71
2026-10-03 17:16:27,686 INFO o.a.j.t.JMeterThread: Thread finished: S2 1-71
2026-10-03 17:16:27,687 INFO o.a.j.t.JMeterThread: Stopping because end time detected by thread: S2 1-52
2026-10-03 17:16:27,687 INFO o.a.j.t.JMeterThread: Thread finished: S2 1-52
2026-10-03 17:16:27,701 INFO o.a.j.t.JMeterThread: Stopping because end time detected by thread: S2 1-101
2026-10-03 17:16:27,701 INFO o.a.j.t.JMeterThread: Thread finished: S2 1-101
2026-10-03 17:16:27,710 INFO o.a.j.t.JMeterThread: Stopping because end time detected by thread: S2 1-357
2026-10-03 17:16:27,710 INFO o.a.j.t.JMeterThread: Thread finished: S2 1-357
2026-10-03 17:16:27,712 INFO o.a.j.t.JMeterThread: Stopping because end time detected by thread: S2 1-494
2026-10-03 17:16:27,712 INFO o.a.j.t.JMeterThread: Thread finished: S2 1-494
2026-10-03 17:16:27,716 INFO o.a.j.t.JMeterThread: Stopping because end time detected by thread: S2 1-262
2026-10-03 17:16:27,716 INFO o.a.j.t.JMeterThread: Thread finished: S2 1-262
2026-10-03 17:16:27,736 INFO o.a.j.t.JMeterThread: Stopping because end time detected by thread: S2 1-497
2026-10-03 17:16:27,736 INFO o.a.j.t.JMeterThread: Thread finished: S2 1-497
2026-10-03 17:16:27,737 INFO o.a.j.t.JMeterThread: Stopping because end time detected by thread: S2 1-263
2026-10-03 17:16:27,737 INFO o.a.j.t.JMeterThread: Thread finished: S2 1-263
2026-10-03 17:16:27,742 INFO o.a.j.t.JMeterThread: Stopping because end time detected by thread: S2 1-190
2026-10-03 17:16:27,742 INFO o.a.j.t.JMeterThread: Thread finished: S2 1-190
2026-10-03 17:16:27,756 INFO o.a.j.t.JMeterThread: Stopping because end time detected by thread: S2 1-496
2026-10-03 17:16:27,756 INFO o.a.j.t.JMeterThread: Stopping because end time detected by thread: S2 1-19
2026-10-03 17:16:27,757 INFO o.a.j.t.JMeterThread: Thread finished: S2 1-496
2026-10-03 17:16:27,757 INFO o.a.j.t.JMeterThread: Thread finished: S2 1-19
2026-10-03 17:16:27,757 INFO o.a.j.t.JMeterThread: Stopping because end time detected by thread: S2 1-191
2026-10-03 17:16:27,757 INFO o.a.j.t.JMeterThread: Thread finished: S2 1-191
2026-10-03 17:16:27,774 INFO o.a.j.t.JMeterThread: Stopping because end time detected by thread: S2 1-358
2026-10-03 17:16:27,775 INFO o.a.j.t.JMeterThread: Thread finished: S2 1-358
2026-10-03 17:16:27,780 INFO o.a.j.t.JMeterThread: Stopping because end time detected by thread: S2 1-360
2026-10-03 17:16:27,780 INFO o.a.j.t.JMeterThread: Thread finished: S2 1-360
2026-10-03 17:16:27,785 INFO o.a.j.t.JMeterThread: Stopping because end time detected by thread: S2 1-498
2026-10-03 17:16:27,785 INFO o.a.j.t.JMeterThread: Thread finished: S2 1-498
2026-10-03 17:16:27,792 INFO o.a.j.t.JMeterThread: Stopping because end time detected by thread: S2 1-359
2026-10-03 17:16:27,792 INFO o.a.j.t.JMeterThread: Thread finished: S2 1-359
2026-10-03 17:16:27,805 INFO o.a.j.t.JMeterThread: Stopping because end time detected by thread: S2 1-140
2026-10-03 17:16:27,805 INFO o.a.j.t.JMeterThread: Thread finished: S2 1-140
2026-10-03 17:16:27,808 INFO o.a.j.t.JMeterThread: Stopping because end time detected by thread: S2 1-102
2026-10-03 17:16:27,808 INFO o.a.j.t.JMeterThread: Thread finished: S2 1-102
2026-10-03 17:16:27,819 INFO o.a.j.t.JMeterThread: Stopping because end time detected by thread: S2 1-265
2026-10-03 17:16:27,819 INFO o.a.j.t.JMeterThread: Thread finished: S2 1-265
2026-10-03 17:16:27,824 INFO o.a.j.t.JMeterThread: Stopping because end time detected by thread: S2 1-499
2026-10-03 17:16:27,824 INFO o.a.j.t.JMeterThread: Thread finished: S2 1-499
2026-10-03 17:16:27,843 INFO o.a.j.t.JMeterThread: Stopping because end time detected by thread: S2 1-141
2026-10-03 17:16:27,843 INFO o.a.j.t.JMeterThread: Thread finished: S2 1-141
2026-10-03 17:16:27,846 INFO o.a.j.t.JMeterThread: Stopping because end time detected by thread: S2 1-51
2026-10-03 17:16:27,846 INFO o.a.j.t.JMeterThread: Thread finished: S2 1-51
2026-10-03 17:16:27,851 INFO o.a.j.t.JMeterThread: Stopping because end time detected by thread: S2 1-267
2026-10-03 17:16:27,851 INFO o.a.j.t.JMeterThread: Thread finished: S2 1-267
2026-10-03 17:16:27,861 INFO o.a.j.t.JMeterThread: Stopping because end time detected by thread: S2 1-3
2026-10-03 17:16:27,861 INFO o.a.j.t.JMeterThread: Thread finished: S2 1-3
2026-10-03 17:16:27,884 INFO o.a.j.t.JMeterThread: Stopping because end time detected by thread: S2 1-264
2026-10-03 17:16:27,884 INFO o.a.j.t.JMeterThread: Thread finished: S2 1-264
2026-10-03 17:16:27,885 INFO o.a.j.t.JMeterThread: Stopping because end time detected by thread: S2 1-500
2026-10-03 17:16:27,885 INFO o.a.j.t.JMeterThread: Thread finished: S2 1-500
2026-10-03 17:16:27,886 INFO o.a.j.t.JMeterThread: Stopping because end time detected by thread: S2 1-103
2026-10-03 17:16:27,887 INFO o.a.j.t.JMeterThread: Thread finished: S2 1-103
2026-10-03 17:16:27,890 INFO o.a.j.t.JMeterThread: Stopping because end time detected by thread: S2 1-192
2026-10-03 17:16:27,890 INFO o.a.j.t.JMeterThread: Thread finished: S2 1-192
2026-10-03 17:16:27,905 INFO o.a.j.t.JMeterThread: Stopping because end time detected by thread: S2 1-266
2026-10-03 17:16:27,905 INFO o.a.j.t.JMeterThread: Thread finished: S2 1-266
2026-10-03 17:16:27,921 INFO o.a.j.t.JMeterThread: Stopping because end time detected by thread: S2 1-72
2026-10-03 17:16:27,921 INFO o.a.j.t.JMeterThread: Thread finished: S2 1-72
2026-10-03 17:16:27,923 INFO o.a.j.t.JMeterThread: Stopping because end time detected by thread: S2 1-361
2026-10-03 17:16:27,923 INFO o.a.j.t.JMeterThread: Thread finished: S2 1-361
2026-10-03 17:16:27,927 INFO o.a.j.t.JMeterThread: Stopping because end time detected by thread: S2 1-363
2026-10-03 17:16:27,927 INFO o.a.j.t.JMeterThread: Thread finished: S2 1-363
2026-10-03 17:16:27,942 INFO o.a.j.t.JMeterThread: Stopping because end time detected by thread: S2 1-73
2026-10-03 17:16:27,942 INFO o.a.j.t.JMeterThread: Thread finished: S2 1-73
2026-10-03 17:16:27,944 INFO o.a.j.t.JMeterThread: Stopping because end time detected by thread: S2 1-362
2026-10-03 17:16:27,944 INFO o.a.j.t.JMeterThread: Thread finished: S2 1-362
2026-10-03 17:16:27,945 INFO o.a.j.t.JMeterThread: Stopping because end time detected by thread: S2 1-268
2026-10-03 17:16:27,945 INFO o.a.j.t.JMeterThread: Thread finished: S2 1-268
2026-10-03 17:16:27,961 INFO o.a.j.t.JMeterThread: Stopping because end time detected by thread: S2 1-366
2026-10-03 17:16:27,961 INFO o.a.j.t.JMeterThread: Thread finished: S2 1-366
2026-10-03 17:16:27,962 INFO o.a.j.t.JMeterThread: Stopping because end time detected by thread: S2 1-364
2026-10-03 17:16:27,962 INFO o.a.j.t.JMeterThread: Thread finished: S2 1-364
2026-10-03 17:16:27,970 INFO o.a.j.t.JMeterThread: Stopping because end time detected by thread: S2 1-365
2026-10-03 17:16:27,970 INFO o.a.j.t.JMeterThread: Thread finished: S2 1-365
2026-10-03 17:16:27,971 INFO o.a.j.t.JMeterThread: Stopping because end time detected by thread: S2 1-367
2026-10-03 17:16:27,971 INFO o.a.j.t.JMeterThread: Thread finished: S2 1-367
2026-10-03 17:16:27,996 INFO o.a.j.t.JMeterThread: Stopping because end time detected by thread: S2 1-38
2026-10-03 17:16:27,996 INFO o.a.j.t.JMeterThread: Thread finished: S2 1-38
2026-10-03 17:16:27,997 INFO o.a.j.t.JMeterThread: Stopping because end time detected by thread: S2 1-143
2026-10-03 17:16:27,997 INFO o.a.j.t.JMeterThread: Thread finished: S2 1-143
2026-10-03 17:16:28,003 INFO o.a.j.t.JMeterThread: Stopping because end time detected by thread: S2 1-142
2026-10-03 17:16:28,003 INFO o.a.j.t.JMeterThread: Thread finished: S2 1-142
2026-10-03 17:16:28,008 INFO o.a.j.t.JMeterThread: Stopping because end time detected by thread: S2 1-270
2026-10-03 17:16:28,008 INFO o.a.j.t.JMeterThread: Thread finished: S2 1-270
2026-10-03 17:16:28,018 INFO o.a.j.t.JMeterThread: Stopping because end time detected by thread: S2 1-194
2026-10-03 17:16:28,018 INFO o.a.j.t.JMeterThread: Thread finished: S2 1-194
2026-10-03 17:16:28,031 INFO o.a.j.t.JMeterThread: Stopping because end time detected by thread: S2 1-74
2026-10-03 17:16:28,031 INFO o.a.j.t.JMeterThread: Thread finished: S2 1-74
2026-10-03 17:16:28,037 INFO o.a.j.t.JMeterThread: Stopping because end time detected by thread: S2 1-195
2026-10-03 17:16:28,037 INFO o.a.j.t.JMeterThread: Thread finished: S2 1-195
2026-10-03 17:16:28,043 INFO o.a.j.t.JMeterThread: Stopping because end time detected by thread: S2 1-193
2026-10-03 17:16:28,043 INFO o.a.j.t.JMeterThread: Thread finished: S2 1-193
2026-10-03 17:16:28,045 INFO o.a.j.t.JMeterThread: Stopping because end time detected by thread: S2 1-53
2026-10-03 17:16:28,045 INFO o.a.j.t.JMeterThread: Thread finished: S2 1-53
2026-10-03 17:16:28,059 INFO o.a.j.t.JMeterThread: Stopping because end time detected by thread: S2 1-269
2026-10-03 17:16:28,059 INFO o.a.j.t.JMeterThread: Thread finished: S2 1-269
2026-10-03 17:16:28,063 INFO o.a.j.t.JMeterThread: Stopping because end time detected by thread: S2 1-104
2026-10-03 17:16:28,063 INFO o.a.j.t.JMeterThread: Thread finished: S2 1-104
2026-10-03 17:16:28,073 INFO o.a.j.t.JMeterThread: Stopping because end time detected by thread: S2 1-11
2026-10-03 17:16:28,074 INFO o.a.j.t.JMeterThread: Thread finished: S2 1-11
2026-10-03 17:16:28,081 INFO o.a.j.t.JMeterThread: Stopping because end time detected by thread: S2 1-369
2026-10-03 17:16:28,082 INFO o.a.j.t.JMeterThread: Thread finished: S2 1-369
2026-10-03 17:16:28,084 INFO o.a.j.t.JMeterThread: Stopping because end time detected by thread: S2 1-271
2026-10-03 17:16:28,084 INFO o.a.j.t.JMeterThread: Thread finished: S2 1-271
2026-10-03 17:16:28,090 INFO o.a.j.t.JMeterThread: Stopping because end time detected by thread: S2 1-144
2026-10-03 17:16:28,090 INFO o.a.j.t.JMeterThread: Thread finished: S2 1-144
2026-10-03 17:16:28,096 INFO o.a.j.t.JMeterThread: Stopping because end time detected by thread: S2 1-7
2026-10-03 17:16:28,096 INFO o.a.j.t.JMeterThread: Thread finished: S2 1-7
2026-10-03 17:16:28,115 INFO o.a.j.t.JMeterThread: Stopping because end time detected by thread: S2 1-196
2026-10-03 17:16:28,116 INFO o.a.j.t.JMeterThread: Thread finished: S2 1-196
2026-10-03 17:16:28,118 INFO o.a.j.t.JMeterThread: Stopping because end time detected by thread: S2 1-370
2026-10-03 17:16:28,118 INFO o.a.j.t.JMeterThread: Thread finished: S2 1-370
2026-10-03 17:16:28,124 INFO o.a.j.t.JMeterThread: Stopping because end time detected by thread: S2 1-197
2026-10-03 17:16:28,124 INFO o.a.j.t.JMeterThread: Thread finished: S2 1-197
2026-10-03 17:16:28,135 INFO o.a.j.t.JMeterThread: Stopping because end time detected by thread: S2 1-371
2026-10-03 17:16:28,136 INFO o.a.j.t.JMeterThread: Thread finished: S2 1-371
2026-10-03 17:16:28,143 INFO o.a.j.t.JMeterThread: Stopping because end time detected by thread: S2 1-368
2026-10-03 17:16:28,143 INFO o.a.j.t.JMeterThread: Thread finished: S2 1-368
2026-10-03 17:16:28,144 INFO o.a.j.t.JMeterThread: Stopping because end time detected by thread: S2 1-145
2026-10-03 17:16:28,144 INFO o.a.j.t.JMeterThread: Thread finished: S2 1-145
2026-10-03 17:16:28,148 INFO o.a.j.t.JMeterThread: Stopping because end time detected by thread: S2 1-373
2026-10-03 17:16:28,148 INFO o.a.j.t.JMeterThread: Thread finished: S2 1-373
2026-10-03 17:16:28,162 INFO o.a.j.t.JMeterThread: Stopping because end time detected by thread: S2 1-372
2026-10-03 17:16:28,162 INFO o.a.j.t.JMeterThread: Thread finished: S2 1-372
2026-10-03 17:16:28,166 INFO o.a.j.t.JMeterThread: Stopping because end time detected by thread: S2 1-107
2026-10-03 17:16:28,166 INFO o.a.j.t.JMeterThread: Thread finished: S2 1-107
2026-10-03 17:16:28,171 INFO o.a.j.t.JMeterThread: Stopping because end time detected by thread: S2 1-105
2026-10-03 17:16:28,171 INFO o.a.j.t.JMeterThread: Thread finished: S2 1-105
2026-10-03 17:16:28,185 INFO o.a.j.t.JMeterThread: Stopping because end time detected by thread: S2 1-75
2026-10-03 17:16:28,185 INFO o.a.j.t.JMeterThread: Thread finished: S2 1-75
2026-10-03 17:16:28,188 INFO o.a.j.t.JMeterThread: Stopping because end time detected by thread: S2 1-30
2026-10-03 17:16:28,188 INFO o.a.j.t.JMeterThread: Thread finished: S2 1-30
2026-10-03 17:16:28,189 INFO o.a.j.t.JMeterThread: Stopping because end time detected by thread: S2 1-28
2026-10-03 17:16:28,189 INFO o.a.j.t.JMeterThread: Thread finished: S2 1-28
2026-10-03 17:16:28,204 INFO o.a.j.t.JMeterThread: Stopping because end time detected by thread: S2 1-272
2026-10-03 17:16:28,204 INFO o.a.j.t.JMeterThread: Thread finished: S2 1-272
2026-10-03 17:16:28,206 INFO o.a.j.t.JMeterThread: Stopping because end time detected by thread: S2 1-199
2026-10-03 17:16:28,206 INFO o.a.j.t.JMeterThread: Thread finished: S2 1-199
2026-10-03 17:16:28,207 INFO o.a.j.t.JMeterThread: Stopping because end time detected by thread: S2 1-198
2026-10-03 17:16:28,207 INFO o.a.j.t.JMeterThread: Thread finished: S2 1-198
2026-10-03 17:16:28,225 INFO o.a.j.t.JMeterThread: Stopping because end time detected by thread: S2 1-273
2026-10-03 17:16:28,225 INFO o.a.j.t.JMeterThread: Thread finished: S2 1-273
2026-10-03 17:16:28,236 INFO o.a.j.t.JMeterThread: Stopping because end time detected by thread: S2 1-375
2026-10-03 17:16:28,236 INFO o.a.j.t.JMeterThread: Thread finished: S2 1-375
2026-10-03 17:16:28,237 INFO o.a.j.t.JMeterThread: Stopping because end time detected by thread: S2 1-274
2026-10-03 17:16:28,237 INFO o.a.j.t.JMeterThread: Thread finished: S2 1-274
2026-10-03 17:16:28,242 INFO o.a.j.t.JMeterThread: Stopping because end time detected by thread: S2 1-146
2026-10-03 17:16:28,242 INFO o.a.j.t.JMeterThread: Thread finished: S2 1-146
2026-10-03 17:16:28,251 INFO o.a.j.t.JMeterThread: Stopping because end time detected by thread: S2 1-39
2026-10-03 17:16:28,251 INFO o.a.j.t.JMeterThread: Thread finished: S2 1-39
2026-10-03 17:16:28,261 INFO o.a.j.t.JMeterThread: Stopping because end time detected by thread: S2 1-106
2026-10-03 17:16:28,262 INFO o.a.j.t.JMeterThread: Thread finished: S2 1-106
2026-10-03 17:16:28,268 INFO o.a.j.t.JMeterThread: Stopping because end time detected by thread: S2 1-276
2026-10-03 17:16:28,268 INFO o.a.j.t.JMeterThread: Thread finished: S2 1-276
2026-10-03 17:16:28,280 INFO o.a.j.t.JMeterThread: Stopping because end time detected by thread: S2 1-147
2026-10-03 17:16:28,281 INFO o.a.j.t.JMeterThread: Thread finished: S2 1-147
2026-10-03 17:16:28,282 INFO o.a.j.t.JMeterThread: Stopping because end time detected by thread: S2 1-374
2026-10-03 17:16:28,282 INFO o.a.j.t.JMeterThread: Thread finished: S2 1-374
2026-10-03 17:16:28,285 INFO o.a.j.t.JMeterThread: Stopping because end time detected by thread: S2 1-377
2026-10-03 17:16:28,285 INFO o.a.j.t.JMeterThread: Thread finished: S2 1-377
2026-10-03 17:16:28,288 INFO o.a.j.t.JMeterThread: Stopping because end time detected by thread: S2 1-77
2026-10-03 17:16:28,288 INFO o.a.j.t.JMeterThread: Thread finished: S2 1-77
2026-10-03 17:16:28,299 INFO o.a.j.t.JMeterThread: Stopping because end time detected by thread: S2 1-200
2026-10-03 17:16:28,299 INFO o.a.j.t.JMeterThread: Thread finished: S2 1-200
2026-10-03 17:16:28,304 INFO o.a.j.t.JMeterThread: Stopping because end time detected by thread: S2 1-108
2026-10-03 17:16:28,304 INFO o.a.j.t.JMeterThread: Thread finished: S2 1-108
2026-10-03 17:16:28,315 INFO o.a.j.t.JMeterThread: Stopping because end time detected by thread: S2 1-275
2026-10-03 17:16:28,316 INFO o.a.j.t.JMeterThread: Thread finished: S2 1-275
2026-10-03 17:16:28,322 INFO o.a.j.t.JMeterThread: Stopping because end time detected by thread: S2 1-201
2026-10-03 17:16:28,322 INFO o.a.j.t.JMeterThread: Thread finished: S2 1-201
2026-10-03 17:16:28,324 INFO o.a.j.t.JMeterThread: Stopping because end time detected by thread: S2 1-376
2026-10-03 17:16:28,324 INFO o.a.j.t.JMeterThread: Thread finished: S2 1-376
2026-10-03 17:16:28,325 INFO o.a.j.t.JMeterThread: Stopping because end time detected by thread: S2 1-278
2026-10-03 17:16:28,325 INFO o.a.j.t.JMeterThread: Thread finished: S2 1-278
2026-10-03 17:16:28,340 INFO o.a.j.t.JMeterThread: Stopping because end time detected by thread: S2 1-277
2026-10-03 17:16:28,340 INFO o.a.j.t.JMeterThread: Thread finished: S2 1-277
2026-10-03 17:16:28,350 INFO o.a.j.t.JMeterThread: Stopping because end time detected by thread: S2 1-378
2026-10-03 17:16:28,350 INFO o.a.j.t.JMeterThread: Thread finished: S2 1-378
2026-10-03 17:16:28,352 INFO o.a.j.t.JMeterThread: Stopping because end time detected by thread: S2 1-148
2026-10-03 17:16:28,352 INFO o.a.j.t.JMeterThread: Thread finished: S2 1-148
2026-10-03 17:16:28,352 INFO o.a.j.t.JMeterThread: Stopping because end time detected by thread: S2 1-202
2026-10-03 17:16:28,352 INFO o.a.j.t.JMeterThread: Thread finished: S2 1-202
2026-10-03 17:16:28,363 INFO o.a.j.t.JMeterThread: Stopping because end time detected by thread: S2 1-280
2026-10-03 17:16:28,363 INFO o.a.j.t.JMeterThread: Thread finished: S2 1-280
2026-10-03 17:16:28,371 INFO o.a.j.t.JMeterThread: Stopping because end time detected by thread: S2 1-279
2026-10-03 17:16:28,371 INFO o.a.j.t.JMeterThread: Thread finished: S2 1-279
2026-10-03 17:16:28,381 INFO o.a.j.t.JMeterThread: Stopping because end time detected by thread: S2 1-379
2026-10-03 17:16:28,381 INFO o.a.j.t.JMeterThread: Thread finished: S2 1-379
2026-10-03 17:16:28,391 INFO o.a.j.t.JMeterThread: Stopping because end time detected by thread: S2 1-149
2026-10-03 17:16:28,391 INFO o.a.j.t.JMeterThread: Thread finished: S2 1-149
2026-10-03 17:16:28,393 INFO o.a.j.t.JMeterThread: Stopping because end time detected by thread: S2 1-29
2026-10-03 17:16:28,393 INFO o.a.j.t.JMeterThread: Thread finished: S2 1-29
2026-10-03 17:16:28,395 INFO o.a.j.t.JMeterThread: Stopping because end time detected by thread: S2 1-76
2026-10-03 17:16:28,395 INFO o.a.j.t.JMeterThread: Thread finished: S2 1-76
2026-10-03 17:16:28,400 INFO o.a.j.t.JMeterThread: Stopping because end time detected by thread: S2 1-54
2026-10-03 17:16:28,400 INFO o.a.j.t.JMeterThread: Thread finished: S2 1-54
2026-10-03 17:16:28,422 INFO o.a.j.t.JMeterThread: Stopping because end time detected by thread: S2 1-382
2026-10-03 17:16:28,422 INFO o.a.j.t.JMeterThread: Thread finished: S2 1-382
2026-10-03 17:16:28,423 INFO o.a.j.t.JMeterThread: Stopping because end time detected by thread: S2 1-380
2026-10-03 17:16:28,423 INFO o.a.j.t.JMeterThread: Thread finished: S2 1-380
2026-10-03 17:16:28,427 INFO o.a.j.t.JMeterThread: Stopping because end time detected by thread: S2 1-40
2026-10-03 17:16:28,427 INFO o.a.j.t.JMeterThread: Thread finished: S2 1-40
2026-10-03 17:16:28,428 INFO o.a.j.t.JMeterThread: Stopping because end time detected by thread: S2 1-381
2026-10-03 17:16:28,428 INFO o.a.j.t.JMeterThread: Thread finished: S2 1-381
2026-10-03 17:16:28,449 INFO o.a.j.t.JMeterThread: Stopping because end time detected by thread: S2 1-55
2026-10-03 17:16:28,449 INFO o.a.j.t.JMeterThread: Thread finished: S2 1-55
2026-10-03 17:16:28,451 INFO o.a.j.t.JMeterThread: Stopping because end time detected by thread: S2 1-383
2026-10-03 17:16:28,451 INFO o.a.j.t.JMeterThread: Thread finished: S2 1-383
2026-10-03 17:16:28,463 INFO o.a.j.t.JMeterThread: Stopping because end time detected by thread: S2 1-384
2026-10-03 17:16:28,463 INFO o.a.j.t.JMeterThread: Thread finished: S2 1-384
2026-10-03 17:16:28,463 INFO o.a.j.t.JMeterThread: Stopping because end time detected by thread: S2 1-2
2026-10-03 17:16:28,463 INFO o.a.j.t.JMeterThread: Thread finished: S2 1-2
2026-10-03 17:16:28,472 INFO o.a.j.t.JMeterThread: Stopping because end time detected by thread: S2 1-281
2026-10-03 17:16:28,472 INFO o.a.j.t.JMeterThread: Thread finished: S2 1-281
2026-10-03 17:16:28,478 INFO o.a.j.t.JMeterThread: Stopping because end time detected by thread: S2 1-204
2026-10-03 17:16:28,478 INFO o.a.j.t.JMeterThread: Thread finished: S2 1-204
2026-10-03 17:16:28,486 INFO o.a.j.t.JMeterThread: Stopping because end time detected by thread: S2 1-109
2026-10-03 17:16:28,487 INFO o.a.j.t.JMeterThread: Thread finished: S2 1-109
2026-10-03 17:16:28,488 INFO o.a.j.t.JMeterThread: Stopping because end time detected by thread: S2 1-203
2026-10-03 17:16:28,488 INFO o.a.j.t.JMeterThread: Thread finished: S2 1-203
2026-10-03 17:16:28,490 INFO o.a.j.t.JMeterThread: Stopping because end time detected by thread: S2 1-282
2026-10-03 17:16:28,490 INFO o.a.j.t.JMeterThread: Thread finished: S2 1-282
2026-10-03 17:16:28,507 INFO o.a.j.t.JMeterThread: Stopping because end time detected by thread: S2 1-13
2026-10-03 17:16:28,507 INFO o.a.j.t.JMeterThread: Thread finished: S2 1-13
2026-10-03 17:16:28,513 INFO o.a.j.t.JMeterThread: Stopping because end time detected by thread: S2 1-78
2026-10-03 17:16:28,513 INFO o.a.j.t.JMeterThread: Thread finished: S2 1-78
2026-10-03 17:16:28,521 INFO o.a.j.t.JMeterThread: Stopping because end time detected by thread: S2 1-20
2026-10-03 17:16:28,521 INFO o.a.j.t.JMeterThread: Thread finished: S2 1-20
2026-10-03 17:16:28,527 INFO o.a.j.t.JMeterThread: Stopping because end time detected by thread: S2 1-205
2026-10-03 17:16:28,527 INFO o.a.j.t.JMeterThread: Thread finished: S2 1-205
2026-10-03 17:16:28,537 INFO o.a.j.t.JMeterThread: Stopping because end time detected by thread: S2 1-150
2026-10-03 17:16:28,537 INFO o.a.j.t.JMeterThread: Thread finished: S2 1-150
2026-10-03 17:16:28,540 INFO o.a.j.t.JMeterThread: Stopping because end time detected by thread: S2 1-385
2026-10-03 17:16:28,541 INFO o.a.j.t.JMeterThread: Thread finished: S2 1-385
2026-10-03 17:16:28,558 INFO o.a.j.t.JMeterThread: Stopping because end time detected by thread: S2 1-388
2026-10-03 17:16:28,558 INFO o.a.j.t.JMeterThread: Thread finished: S2 1-388
2026-10-03 17:16:28,573 INFO o.a.j.t.JMeterThread: Stopping because end time detected by thread: S2 1-283
2026-10-03 17:16:28,573 INFO o.a.j.t.JMeterThread: Stopping because end time detected by thread: S2 1-284
2026-10-03 17:16:28,573 INFO o.a.j.t.JMeterThread: Thread finished: S2 1-284
2026-10-03 17:16:28,573 INFO o.a.j.t.JMeterThread: Thread finished: S2 1-283
2026-10-03 17:16:28,577 INFO o.a.j.t.JMeterThread: Stopping because end time detected by thread: S2 1-110
2026-10-03 17:16:28,577 INFO o.a.j.t.JMeterThread: Thread finished: S2 1-110
2026-10-03 17:16:28,586 INFO o.a.j.t.JMeterThread: Stopping because end time detected by thread: S2 1-286
2026-10-03 17:16:28,586 INFO o.a.j.t.JMeterThread: Thread finished: S2 1-286
2026-10-03 17:16:28,595 INFO o.a.j.t.JMeterThread: Stopping because end time detected by thread: S2 1-389
2026-10-03 17:16:28,595 INFO o.a.j.t.JMeterThread: Thread finished: S2 1-389
2026-10-03 17:16:28,604 INFO o.a.j.t.JMeterThread: Stopping because end time detected by thread: S2 1-206
2026-10-03 17:16:28,604 INFO o.a.j.t.JMeterThread: Thread finished: S2 1-206
2026-10-03 17:16:28,611 INFO o.a.j.t.JMeterThread: Stopping because end time detected by thread: S2 1-387
2026-10-03 17:16:28,611 INFO o.a.j.t.JMeterThread: Thread finished: S2 1-387
2026-10-03 17:16:28,611 INFO o.a.j.t.JMeterThread: Stopping because end time detected by thread: S2 1-386
2026-10-03 17:16:28,611 INFO o.a.j.t.JMeterThread: Thread finished: S2 1-386
2026-10-03 17:16:28,622 INFO o.a.j.t.JMeterThread: Stopping because end time detected by thread: S2 1-391
2026-10-03 17:16:28,622 INFO o.a.j.t.JMeterThread: Thread finished: S2 1-391
2026-10-03 17:16:28,625 INFO o.a.j.t.JMeterThread: Stopping because end time detected by thread: S2 1-287
2026-10-03 17:16:28,625 INFO o.a.j.t.JMeterThread: Thread finished: S2 1-287
2026-10-03 17:16:28,636 INFO o.a.j.t.JMeterThread: Stopping because end time detected by thread: S2 1-392
2026-10-03 17:16:28,636 INFO o.a.j.t.JMeterThread: Thread finished: S2 1-392
2026-10-03 17:16:28,637 INFO o.a.j.e.StandardJMeterEngine: Notifying test listeners of end of test
2026-10-03 17:16:28,637 INFO o.a.j.s.FileServer: Close: /tests/data/available_menu_items.csv
2026-10-03 17:16:28,639 INFO o.a.j.r.Summariser: summary +   3662 in 00:00:29 =  127.9/s Avg:  3926 Min:  3643 Max:  4413 Err:     0 (0.00%) Active: 0 Started: 500 Finished: 500
2026-10-03 17:16:28,639 INFO o.a.j.r.Summariser: summary =   8389 in 00:01:05 =  129.4/s Avg:  3415 Min:    57 Max:  4413 Err:     0 (0.00%)
