2026-10-03 17:19:11,739 INFO o.a.j.u.JMeterUtils: Setting Locale to en_EN
2026-10-03 17:19:11,762 INFO o.a.j.JMeter: Loading user properties from: /opt/jmeter/bin/user.properties
2026-10-03 17:19:11,763 INFO o.a.j.JMeter: Loading system properties from: /opt/jmeter/bin/system.properties
2026-10-03 17:19:11,763 INFO o.a.j.JMeter: Loading additional properties from: /tests/run.properties
2026-10-03 17:19:11,763 INFO o.a.j.JMeter: Loading additional properties from: /tests/data/ranges.properties
2026-10-03 17:19:11,764 INFO o.a.j.JMeter: Setting JMeter property: host=nestjs-nginx
2026-10-03 17:19:11,764 INFO o.a.j.JMeter: Setting JMeter property: port=80
2026-10-03 17:19:11,764 INFO o.a.j.JMeter: Setting JMeter property: rampup=10
2026-10-03 17:19:11,764 INFO o.a.j.JMeter: Setting JMeter property: endpoint=EP3
2026-10-03 17:19:11,764 INFO o.a.j.JMeter: Setting JMeter property: users=1000
2026-10-03 17:19:11,764 INFO o.a.j.JMeter: Setting JMeter property: duration=60
2026-10-03 17:19:11,764 INFO o.a.j.JMeter: Setting JMeter property: ep9.start=2026-10-21
2026-10-03 17:19:11,764 INFO o.a.j.JMeter: Setting JMeter property: ep9.offset=100000000
2026-10-03 17:19:11,770 INFO o.a.j.JMeter: Copyright (c) 1998-2024 The Apache Software Foundation
2026-10-03 17:19:11,770 INFO o.a.j.JMeter: Version 5.6.3
2026-10-03 17:19:11,770 INFO o.a.j.JMeter: java.version=21.0.12.1
2026-10-03 17:19:11,770 INFO o.a.j.JMeter: java.vm.name=OpenJDK 64-Bit Server VM
2026-10-03 17:19:11,770 INFO o.a.j.JMeter: os.name=Linux
2026-10-03 17:19:11,770 INFO o.a.j.JMeter: os.arch=amd64
2026-10-03 17:19:11,770 INFO o.a.j.JMeter: os.version=6.6.87.2-microsoft-standard-WSL2
2026-10-03 17:19:11,771 INFO o.a.j.JMeter: file.encoding=UTF-8
2026-10-03 17:19:11,771 INFO o.a.j.JMeter: java.awt.headless=true
2026-10-03 17:19:11,771 INFO o.a.j.JMeter: Max memory     =4294967296
2026-10-03 17:19:11,771 INFO o.a.j.JMeter: Available Processors =12
2026-10-03 17:19:11,781 INFO o.a.j.JMeter: Default Locale=English (EN)
2026-10-03 17:19:11,781 INFO o.a.j.JMeter: JMeter  Locale=English (EN)
2026-10-03 17:19:11,781 INFO o.a.j.JMeter: JMeterHome=/opt/jmeter
2026-10-03 17:19:11,781 INFO o.a.j.JMeter: user.dir  =/tests
2026-10-03 17:19:11,781 INFO o.a.j.JMeter: PWD       =/tests
2026-10-03 17:19:11,782 INFO o.a.j.JMeter: IP: 172.19.0.4 Name: 3780f55ac25e FullName: 3780f55ac25e
2026-10-03 17:19:11,792 INFO o.a.j.s.FileServer: Default base='/tests'
2026-10-03 17:19:11,794 INFO o.a.j.s.FileServer: Set new base='/tests'
2026-10-03 17:19:11,944 INFO o.a.j.s.SaveService: Testplan (JMX) version: 2.2. Testlog (JTL) version: 2.2
2026-10-03 17:19:11,965 INFO o.a.j.s.SaveService: Using SaveService properties version 5.0
2026-10-03 17:19:11,968 INFO o.a.j.s.SaveService: Using SaveService properties file encoding UTF-8
2026-10-03 17:19:11,970 INFO o.a.j.s.SaveService: Loading file: /tests/s2.jmx
2026-10-03 17:19:12,012 INFO o.a.j.p.h.s.HTTPSamplerBase: Parser for text/html is org.apache.jmeter.protocol.http.parser.LagartoBasedHtmlParser
2026-10-03 17:19:12,012 INFO o.a.j.p.h.s.HTTPSamplerBase: Parser for application/xhtml+xml is org.apache.jmeter.protocol.http.parser.LagartoBasedHtmlParser
2026-10-03 17:19:12,012 INFO o.a.j.p.h.s.HTTPSamplerBase: Parser for application/xml is org.apache.jmeter.protocol.http.parser.LagartoBasedHtmlParser
2026-10-03 17:19:12,012 INFO o.a.j.p.h.s.HTTPSamplerBase: Parser for text/xml is org.apache.jmeter.protocol.http.parser.LagartoBasedHtmlParser
2026-10-03 17:19:12,012 INFO o.a.j.p.h.s.HTTPSamplerBase: Parser for text/vnd.wap.wml is org.apache.jmeter.protocol.http.parser.RegexpHTMLParser
2026-10-03 17:19:12,012 INFO o.a.j.p.h.s.HTTPSamplerBase: Parser for text/css is org.apache.jmeter.protocol.http.parser.CssParser
2026-10-03 17:19:12,050 INFO o.a.j.JMeter: Creating summariser <summary>
2026-10-03 17:19:12,063 INFO o.a.j.e.StandardJMeterEngine: Running the test!
2026-10-03 17:19:12,064 INFO o.a.j.s.SampleEvent: List of sample_variables: []
2026-10-03 17:19:12,064 INFO o.a.j.s.SampleEvent: List of sample_variables: []
2026-10-03 17:19:12,067 INFO o.a.j.e.u.CompoundVariable: Note: Function class names must contain the string: '.functions.'
2026-10-03 17:19:12,067 INFO o.a.j.e.u.CompoundVariable: Note: Function class names must not contain the string: '.gui.'
2026-10-03 17:19:12,272 INFO o.a.j.JMeter: Running test (1791047952272)
2026-10-03 17:19:12,273 INFO o.a.j.e.StandardJMeterEngine: Starting setUp thread groups
2026-10-03 17:19:12,273 INFO o.a.j.e.StandardJMeterEngine: Starting setUp ThreadGroup: 1 : setUp - login 
2026-10-03 17:19:12,273 INFO o.a.j.e.StandardJMeterEngine: Starting 1 threads for group setUp - login.
2026-10-03 17:19:12,274 INFO o.a.j.e.StandardJMeterEngine: Test will stop abruptly on error
2026-10-03 17:19:12,274 INFO o.a.j.t.ThreadGroup: Starting thread group... number=1 threads=1 ramp-up=1 delayedStart=false
2026-10-03 17:19:12,277 INFO o.a.j.t.ThreadGroup: Started thread group number 1
2026-10-03 17:19:12,277 INFO o.a.j.e.StandardJMeterEngine: Waiting for all setup thread groups to exit
2026-10-03 17:19:12,278 INFO o.a.j.t.JMeterThread: Thread started: setUp - login 1-1
2026-10-03 17:19:12,289 INFO o.a.j.p.h.s.HTTPHCAbstractImpl: Local host = 3780f55ac25e
2026-10-03 17:19:12,293 INFO o.a.j.p.h.s.HTTPHC4Impl: HTTP request retry count = 0
2026-10-03 17:19:12,293 INFO o.a.j.s.SampleResult: Note: Sample TimeStamps are START times
2026-10-03 17:19:12,294 INFO o.a.j.s.SampleResult: sampleresult.default.encoding is set to UTF-8
2026-10-03 17:19:12,294 INFO o.a.j.s.SampleResult: sampleresult.useNanoTime=true
2026-10-03 17:19:12,294 INFO o.a.j.s.SampleResult: sampleresult.nanoThreadSleep=5000
2026-10-03 17:19:13,056 INFO o.a.j.t.JMeterThread: Thread is done: setUp - login 1-1
2026-10-03 17:19:13,056 INFO o.a.j.t.JMeterThread: Thread finished: setUp - login 1-1
2026-10-03 17:19:13,057 INFO o.a.j.e.StandardJMeterEngine: All Setup Threads have ended
2026-10-03 17:19:13,081 INFO o.a.j.e.StandardJMeterEngine: Starting ThreadGroup: 1 : S2
2026-10-03 17:19:13,081 INFO o.a.j.e.StandardJMeterEngine: Starting 1000 threads for group S2.
2026-10-03 17:19:13,082 INFO o.a.j.e.StandardJMeterEngine: Thread will continue on error
2026-10-03 17:19:13,082 INFO o.a.j.t.ThreadGroup: Starting thread group... number=1 threads=1000 ramp-up=10 delayedStart=false
2026-10-03 17:19:13,093 INFO o.a.j.t.JMeterThread: Thread started: S2 1-1
2026-10-03 17:19:13,094 INFO o.a.j.s.FileServer: Stored: /tests/data/available_menu_items.csv
2026-10-03 17:19:13,101 INFO o.a.j.t.JMeterThread: Thread started: S2 1-2
2026-10-03 17:19:13,110 INFO o.a.j.t.JMeterThread: Thread started: S2 1-3
2026-10-03 17:19:13,120 INFO o.a.j.t.JMeterThread: Thread started: S2 1-4
2026-10-03 17:19:13,130 INFO o.a.j.t.JMeterThread: Thread started: S2 1-5
2026-10-03 17:19:13,141 INFO o.a.j.t.JMeterThread: Thread started: S2 1-6
2026-10-03 17:19:13,150 INFO o.a.j.t.JMeterThread: Thread started: S2 1-7
2026-10-03 17:19:13,158 INFO o.a.j.t.JMeterThread: Thread started: S2 1-8
2026-10-03 17:19:13,170 INFO o.a.j.t.JMeterThread: Thread started: S2 1-9
2026-10-03 17:19:13,180 INFO o.a.j.t.JMeterThread: Thread started: S2 1-10
2026-10-03 17:19:13,190 INFO o.a.j.t.JMeterThread: Thread started: S2 1-11
2026-10-03 17:19:13,196 INFO o.a.j.t.JMeterThread: Thread started: S2 1-12
2026-10-03 17:19:13,204 INFO o.a.j.t.JMeterThread: Thread started: S2 1-13
2026-10-03 17:19:13,215 INFO o.a.j.t.JMeterThread: Thread started: S2 1-14
2026-10-03 17:19:13,231 INFO o.a.j.t.JMeterThread: Thread started: S2 1-15
2026-10-03 17:19:13,242 INFO o.a.j.t.JMeterThread: Thread started: S2 1-16
2026-10-03 17:19:13,251 INFO o.a.j.t.JMeterThread: Thread started: S2 1-17
2026-10-03 17:19:13,260 INFO o.a.j.t.JMeterThread: Thread started: S2 1-18
2026-10-03 17:19:13,266 INFO o.a.j.t.JMeterThread: Thread started: S2 1-19
2026-10-03 17:19:13,273 INFO o.a.j.t.JMeterThread: Thread started: S2 1-20
2026-10-03 17:19:13,283 INFO o.a.j.t.JMeterThread: Thread started: S2 1-21
2026-10-03 17:19:13,293 INFO o.a.j.t.JMeterThread: Thread started: S2 1-22
2026-10-03 17:19:13,304 INFO o.a.j.t.JMeterThread: Thread started: S2 1-23
2026-10-03 17:19:13,355 INFO o.a.j.t.JMeterThread: Thread started: S2 1-24
2026-10-03 17:19:13,355 INFO o.a.j.t.JMeterThread: Thread started: S2 1-28
2026-10-03 17:19:13,356 INFO o.a.j.t.JMeterThread: Thread started: S2 1-25
2026-10-03 17:19:13,357 INFO o.a.j.t.JMeterThread: Thread started: S2 1-26
2026-10-03 17:19:13,357 INFO o.a.j.t.JMeterThread: Thread started: S2 1-27
2026-10-03 17:19:13,364 INFO o.a.j.t.JMeterThread: Thread started: S2 1-29
2026-10-03 17:19:13,374 INFO o.a.j.t.JMeterThread: Thread started: S2 1-30
2026-10-03 17:19:13,383 INFO o.a.j.t.JMeterThread: Thread started: S2 1-31
2026-10-03 17:19:13,393 INFO o.a.j.t.JMeterThread: Thread started: S2 1-32
2026-10-03 17:19:13,403 INFO o.a.j.t.JMeterThread: Thread started: S2 1-33
2026-10-03 17:19:13,418 INFO o.a.j.t.JMeterThread: Thread started: S2 1-34
2026-10-03 17:19:13,424 INFO o.a.j.t.JMeterThread: Thread started: S2 1-35
2026-10-03 17:19:13,442 INFO o.a.j.t.JMeterThread: Thread started: S2 1-36
2026-10-03 17:19:13,451 INFO o.a.j.t.JMeterThread: Thread started: S2 1-37
2026-10-03 17:19:13,454 INFO o.a.j.t.JMeterThread: Thread started: S2 1-38
2026-10-03 17:19:13,477 INFO o.a.j.t.JMeterThread: Thread started: S2 1-39
2026-10-03 17:19:13,477 INFO o.a.j.t.JMeterThread: Thread started: S2 1-40
2026-10-03 17:19:13,487 INFO o.a.j.t.JMeterThread: Thread started: S2 1-41
2026-10-03 17:19:13,504 INFO o.a.j.t.JMeterThread: Thread started: S2 1-43
2026-10-03 17:19:13,506 INFO o.a.j.t.JMeterThread: Thread started: S2 1-42
2026-10-03 17:19:13,524 INFO o.a.j.t.JMeterThread: Thread started: S2 1-44
2026-10-03 17:19:13,534 INFO o.a.j.t.JMeterThread: Thread started: S2 1-46
2026-10-03 17:19:13,553 INFO o.a.j.t.JMeterThread: Thread started: S2 1-47
2026-10-03 17:19:13,558 INFO o.a.j.t.JMeterThread: Thread started: S2 1-48
2026-10-03 17:19:13,558 INFO o.a.j.t.JMeterThread: Thread started: S2 1-45
2026-10-03 17:19:13,573 INFO o.a.j.t.JMeterThread: Thread started: S2 1-49
2026-10-03 17:19:13,574 INFO o.a.j.t.JMeterThread: Thread started: S2 1-50
2026-10-03 17:19:13,596 INFO o.a.j.t.JMeterThread: Thread started: S2 1-52
2026-10-03 17:19:13,598 INFO o.a.j.t.JMeterThread: Thread started: S2 1-51
2026-10-03 17:19:13,605 INFO o.a.j.t.JMeterThread: Thread started: S2 1-53
2026-10-03 17:19:13,622 INFO o.a.j.t.JMeterThread: Thread started: S2 1-54
2026-10-03 17:19:13,623 INFO o.a.j.t.JMeterThread: Thread started: S2 1-55
2026-10-03 17:19:13,638 INFO o.a.j.t.JMeterThread: Thread started: S2 1-56
2026-10-03 17:19:13,643 INFO o.a.j.t.JMeterThread: Thread started: S2 1-57
2026-10-03 17:19:13,654 INFO o.a.j.t.JMeterThread: Thread started: S2 1-58
2026-10-03 17:19:13,663 INFO o.a.j.t.JMeterThread: Thread started: S2 1-59
2026-10-03 17:19:13,673 INFO o.a.j.t.JMeterThread: Thread started: S2 1-60
2026-10-03 17:19:13,684 INFO o.a.j.t.JMeterThread: Thread started: S2 1-61
2026-10-03 17:19:13,693 INFO o.a.j.t.JMeterThread: Thread started: S2 1-62
2026-10-03 17:19:13,703 INFO o.a.j.t.JMeterThread: Thread started: S2 1-63
2026-10-03 17:19:13,714 INFO o.a.j.t.JMeterThread: Thread started: S2 1-64
2026-10-03 17:19:13,726 INFO o.a.j.t.JMeterThread: Thread started: S2 1-65
2026-10-03 17:19:13,753 INFO o.a.j.t.JMeterThread: Thread started: S2 1-68
2026-10-03 17:19:13,754 INFO o.a.j.t.JMeterThread: Thread started: S2 1-67
2026-10-03 17:19:13,754 INFO o.a.j.t.JMeterThread: Thread started: S2 1-66
2026-10-03 17:19:13,764 INFO o.a.j.t.JMeterThread: Thread started: S2 1-69
2026-10-03 17:19:13,773 INFO o.a.j.t.JMeterThread: Thread started: S2 1-70
2026-10-03 17:19:13,783 INFO o.a.j.t.ThreadGroup: Started thread group number 1
2026-10-03 17:19:13,783 INFO o.a.j.e.StandardJMeterEngine: All thread groups have been started
2026-10-03 17:19:13,783 INFO o.a.j.t.JMeterThread: Thread started: S2 1-71
2026-10-03 17:19:13,793 INFO o.a.j.t.JMeterThread: Thread started: S2 1-72
2026-10-03 17:19:13,803 INFO o.a.j.t.JMeterThread: Thread started: S2 1-73
2026-10-03 17:19:13,865 INFO o.a.j.t.JMeterThread: Thread started: S2 1-77
2026-10-03 17:19:13,865 INFO o.a.j.t.JMeterThread: Thread started: S2 1-75
2026-10-03 17:19:13,866 INFO o.a.j.t.JMeterThread: Thread started: S2 1-76
2026-10-03 17:19:13,866 INFO o.a.j.t.JMeterThread: Thread started: S2 1-74
2026-10-03 17:19:13,867 INFO o.a.j.t.JMeterThread: Thread started: S2 1-79
2026-10-03 17:19:13,867 INFO o.a.j.t.JMeterThread: Thread started: S2 1-78
2026-10-03 17:19:13,872 INFO o.a.j.t.JMeterThread: Thread started: S2 1-80
2026-10-03 17:19:13,898 INFO o.a.j.t.JMeterThread: Thread started: S2 1-82
2026-10-03 17:19:13,900 INFO o.a.j.t.JMeterThread: Thread started: S2 1-81
2026-10-03 17:19:13,918 INFO o.a.j.t.JMeterThread: Thread started: S2 1-84
2026-10-03 17:19:13,918 INFO o.a.j.t.JMeterThread: Thread started: S2 1-83
2026-10-03 17:19:13,927 INFO o.a.j.t.JMeterThread: Thread started: S2 1-85
2026-10-03 17:19:13,940 INFO o.a.j.t.JMeterThread: Thread started: S2 1-86
2026-10-03 17:19:13,948 INFO o.a.j.t.JMeterThread: Thread started: S2 1-87
2026-10-03 17:19:13,953 INFO o.a.j.t.JMeterThread: Thread started: S2 1-88
2026-10-03 17:19:13,963 INFO o.a.j.t.JMeterThread: Thread started: S2 1-89
2026-10-03 17:19:13,974 INFO o.a.j.t.JMeterThread: Thread started: S2 1-90
2026-10-03 17:19:13,983 INFO o.a.j.t.JMeterThread: Thread started: S2 1-91
2026-10-03 17:19:13,998 INFO o.a.j.t.JMeterThread: Thread started: S2 1-92
2026-10-03 17:19:14,004 INFO o.a.j.t.JMeterThread: Thread started: S2 1-93
2026-10-03 17:19:14,022 INFO o.a.j.t.JMeterThread: Thread started: S2 1-94
2026-10-03 17:19:14,023 INFO o.a.j.t.JMeterThread: Thread started: S2 1-95
2026-10-03 17:19:14,037 INFO o.a.j.t.JMeterThread: Thread started: S2 1-96
2026-10-03 17:19:14,046 INFO o.a.j.t.JMeterThread: Thread started: S2 1-97
2026-10-03 17:19:14,058 INFO o.a.j.t.JMeterThread: Thread started: S2 1-98
2026-10-03 17:19:14,064 INFO o.a.j.t.JMeterThread: Thread started: S2 1-99
2026-10-03 17:19:14,073 INFO o.a.j.t.JMeterThread: Thread started: S2 1-100
2026-10-03 17:19:14,083 INFO o.a.j.t.JMeterThread: Thread started: S2 1-101
2026-10-03 17:19:14,092 INFO o.a.j.t.JMeterThread: Thread started: S2 1-102
2026-10-03 17:19:14,103 INFO o.a.j.t.JMeterThread: Thread started: S2 1-103
2026-10-03 17:19:14,123 INFO o.a.j.t.JMeterThread: Thread started: S2 1-104
2026-10-03 17:19:14,124 INFO o.a.j.t.JMeterThread: Thread started: S2 1-105
2026-10-03 17:19:14,133 INFO o.a.j.t.JMeterThread: Thread started: S2 1-106
2026-10-03 17:19:14,143 INFO o.a.j.t.JMeterThread: Thread started: S2 1-107
2026-10-03 17:19:14,153 INFO o.a.j.t.JMeterThread: Thread started: S2 1-108
2026-10-03 17:19:14,163 INFO o.a.j.t.JMeterThread: Thread started: S2 1-109
2026-10-03 17:19:14,173 INFO o.a.j.t.JMeterThread: Thread started: S2 1-110
2026-10-03 17:19:14,183 INFO o.a.j.t.JMeterThread: Thread started: S2 1-111
2026-10-03 17:19:14,193 INFO o.a.j.t.JMeterThread: Thread started: S2 1-112
2026-10-03 17:19:14,202 INFO o.a.j.t.JMeterThread: Thread started: S2 1-113
2026-10-03 17:19:14,214 INFO o.a.j.t.JMeterThread: Thread started: S2 1-114
2026-10-03 17:19:14,228 INFO o.a.j.t.JMeterThread: Thread started: S2 1-115
2026-10-03 17:19:14,233 INFO o.a.j.t.JMeterThread: Thread started: S2 1-116
2026-10-03 17:19:14,246 INFO o.a.j.t.JMeterThread: Thread started: S2 1-117
2026-10-03 17:19:14,252 INFO o.a.j.t.JMeterThread: Thread started: S2 1-118
2026-10-03 17:19:14,263 INFO o.a.j.t.JMeterThread: Thread started: S2 1-119
2026-10-03 17:19:14,274 INFO o.a.j.t.JMeterThread: Thread started: S2 1-120
2026-10-03 17:19:14,283 INFO o.a.j.t.JMeterThread: Thread started: S2 1-121
2026-10-03 17:19:14,293 INFO o.a.j.t.JMeterThread: Thread started: S2 1-122
2026-10-03 17:19:14,303 INFO o.a.j.t.JMeterThread: Thread started: S2 1-123
2026-10-03 17:19:14,312 INFO o.a.j.t.JMeterThread: Thread started: S2 1-124
2026-10-03 17:19:14,323 INFO o.a.j.t.JMeterThread: Thread started: S2 1-125
2026-10-03 17:19:14,334 INFO o.a.j.t.JMeterThread: Thread started: S2 1-126
2026-10-03 17:19:14,350 INFO o.a.j.t.JMeterThread: Thread started: S2 1-127
2026-10-03 17:19:14,354 INFO o.a.j.t.JMeterThread: Thread started: S2 1-128
2026-10-03 17:19:14,362 INFO o.a.j.t.JMeterThread: Thread started: S2 1-129
2026-10-03 17:19:14,373 INFO o.a.j.t.JMeterThread: Thread started: S2 1-130
2026-10-03 17:19:14,383 INFO o.a.j.t.JMeterThread: Thread started: S2 1-131
2026-10-03 17:19:14,393 INFO o.a.j.t.JMeterThread: Thread started: S2 1-132
2026-10-03 17:19:14,403 INFO o.a.j.t.JMeterThread: Thread started: S2 1-133
2026-10-03 17:19:14,415 INFO o.a.j.t.JMeterThread: Thread started: S2 1-134
2026-10-03 17:19:14,422 INFO o.a.j.t.JMeterThread: Thread started: S2 1-135
2026-10-03 17:19:14,432 INFO o.a.j.t.JMeterThread: Thread started: S2 1-136
2026-10-03 17:19:14,443 INFO o.a.j.t.JMeterThread: Thread started: S2 1-137
2026-10-03 17:19:14,452 INFO o.a.j.t.JMeterThread: Thread started: S2 1-138
2026-10-03 17:19:14,463 INFO o.a.j.t.JMeterThread: Thread started: S2 1-139
2026-10-03 17:19:14,473 INFO o.a.j.t.JMeterThread: Thread started: S2 1-140
2026-10-03 17:19:14,483 INFO o.a.j.t.JMeterThread: Thread started: S2 1-141
2026-10-03 17:19:14,493 INFO o.a.j.t.JMeterThread: Thread started: S2 1-142
2026-10-03 17:19:14,503 INFO o.a.j.t.JMeterThread: Thread started: S2 1-143
2026-10-03 17:19:14,512 INFO o.a.j.t.JMeterThread: Thread started: S2 1-144
2026-10-03 17:19:14,523 INFO o.a.j.t.JMeterThread: Thread started: S2 1-145
2026-10-03 17:19:14,532 INFO o.a.j.t.JMeterThread: Thread started: S2 1-146
2026-10-03 17:19:14,543 INFO o.a.j.t.JMeterThread: Thread started: S2 1-147
2026-10-03 17:19:14,553 INFO o.a.j.t.JMeterThread: Thread started: S2 1-148
2026-10-03 17:19:14,562 INFO o.a.j.t.JMeterThread: Thread started: S2 1-149
2026-10-03 17:19:14,573 INFO o.a.j.t.JMeterThread: Thread started: S2 1-150
2026-10-03 17:19:14,583 INFO o.a.j.t.JMeterThread: Thread started: S2 1-151
2026-10-03 17:19:14,592 INFO o.a.j.t.JMeterThread: Thread started: S2 1-152
2026-10-03 17:19:14,603 INFO o.a.j.t.JMeterThread: Thread started: S2 1-153
2026-10-03 17:19:14,615 INFO o.a.j.t.JMeterThread: Thread started: S2 1-154
2026-10-03 17:19:14,623 INFO o.a.j.t.JMeterThread: Thread started: S2 1-155
2026-10-03 17:19:14,633 INFO o.a.j.t.JMeterThread: Thread started: S2 1-156
2026-10-03 17:19:14,643 INFO o.a.j.t.JMeterThread: Thread started: S2 1-157
2026-10-03 17:19:14,653 INFO o.a.j.t.JMeterThread: Thread started: S2 1-158
2026-10-03 17:19:14,662 INFO o.a.j.t.JMeterThread: Thread started: S2 1-159
2026-10-03 17:19:14,673 INFO o.a.j.t.JMeterThread: Thread started: S2 1-160
2026-10-03 17:19:14,683 INFO o.a.j.t.JMeterThread: Thread started: S2 1-161
2026-10-03 17:19:14,693 INFO o.a.j.t.JMeterThread: Thread started: S2 1-162
2026-10-03 17:19:14,703 INFO o.a.j.t.JMeterThread: Thread started: S2 1-163
2026-10-03 17:19:14,712 INFO o.a.j.t.JMeterThread: Thread started: S2 1-164
2026-10-03 17:19:14,723 INFO o.a.j.t.JMeterThread: Thread started: S2 1-165
2026-10-03 17:19:14,733 INFO o.a.j.t.JMeterThread: Thread started: S2 1-166
2026-10-03 17:19:14,742 INFO o.a.j.t.JMeterThread: Thread started: S2 1-167
2026-10-03 17:19:14,753 INFO o.a.j.t.JMeterThread: Thread started: S2 1-168
2026-10-03 17:19:14,763 INFO o.a.j.t.JMeterThread: Thread started: S2 1-169
2026-10-03 17:19:14,773 INFO o.a.j.t.JMeterThread: Thread started: S2 1-170
2026-10-03 17:19:14,783 INFO o.a.j.t.JMeterThread: Thread started: S2 1-171
2026-10-03 17:19:14,793 INFO o.a.j.t.JMeterThread: Thread started: S2 1-172
2026-10-03 17:19:14,802 INFO o.a.j.t.JMeterThread: Thread started: S2 1-173
2026-10-03 17:19:14,812 INFO o.a.j.t.JMeterThread: Thread started: S2 1-174
2026-10-03 17:19:14,826 INFO o.a.j.t.JMeterThread: Thread started: S2 1-175
2026-10-03 17:19:14,832 INFO o.a.j.t.JMeterThread: Thread started: S2 1-176
2026-10-03 17:19:14,843 INFO o.a.j.t.JMeterThread: Thread started: S2 1-177
2026-10-03 17:19:14,853 INFO o.a.j.t.JMeterThread: Thread started: S2 1-178
2026-10-03 17:19:14,862 INFO o.a.j.t.JMeterThread: Thread started: S2 1-179
2026-10-03 17:19:14,873 INFO o.a.j.t.JMeterThread: Thread started: S2 1-180
2026-10-03 17:19:14,882 INFO o.a.j.t.JMeterThread: Thread started: S2 1-181
2026-10-03 17:19:14,893 INFO o.a.j.t.JMeterThread: Thread started: S2 1-182
2026-10-03 17:19:14,903 INFO o.a.j.t.JMeterThread: Thread started: S2 1-183
2026-10-03 17:19:14,914 INFO o.a.j.t.JMeterThread: Thread started: S2 1-184
2026-10-03 17:19:14,924 INFO o.a.j.t.JMeterThread: Thread started: S2 1-185
2026-10-03 17:19:14,933 INFO o.a.j.t.JMeterThread: Thread started: S2 1-186
2026-10-03 17:19:14,945 INFO o.a.j.t.JMeterThread: Thread started: S2 1-187
2026-10-03 17:19:14,954 INFO o.a.j.t.JMeterThread: Thread started: S2 1-188
2026-10-03 17:19:14,963 INFO o.a.j.t.JMeterThread: Thread started: S2 1-189
2026-10-03 17:19:14,973 INFO o.a.j.t.JMeterThread: Thread started: S2 1-190
2026-10-03 17:19:14,982 INFO o.a.j.t.JMeterThread: Thread started: S2 1-191
2026-10-03 17:19:14,993 INFO o.a.j.t.JMeterThread: Thread started: S2 1-192
2026-10-03 17:19:15,003 INFO o.a.j.t.JMeterThread: Thread started: S2 1-193
2026-10-03 17:19:15,015 INFO o.a.j.t.JMeterThread: Thread started: S2 1-194
2026-10-03 17:19:15,023 INFO o.a.j.t.JMeterThread: Thread started: S2 1-195
2026-10-03 17:19:15,033 INFO o.a.j.t.JMeterThread: Thread started: S2 1-196
2026-10-03 17:19:15,043 INFO o.a.j.t.JMeterThread: Thread started: S2 1-197
2026-10-03 17:19:15,073 INFO o.a.j.t.JMeterThread: Thread started: S2 1-200
2026-10-03 17:19:15,083 INFO o.a.j.t.JMeterThread: Thread started: S2 1-201
2026-10-03 17:19:15,094 INFO o.a.j.t.JMeterThread: Thread started: S2 1-202
2026-10-03 17:19:15,099 INFO o.a.j.t.JMeterThread: Thread started: S2 1-198
2026-10-03 17:19:15,104 INFO o.a.j.t.JMeterThread: Thread started: S2 1-203
2026-10-03 17:19:15,110 INFO o.a.j.t.JMeterThread: Thread started: S2 1-199
2026-10-03 17:19:15,116 INFO o.a.j.t.JMeterThread: Thread started: S2 1-204
2026-10-03 17:19:15,123 INFO o.a.j.t.JMeterThread: Thread started: S2 1-205
2026-10-03 17:19:15,133 INFO o.a.j.t.JMeterThread: Thread started: S2 1-206
2026-10-03 17:19:15,143 INFO o.a.j.t.JMeterThread: Thread started: S2 1-207
2026-10-03 17:19:15,152 INFO o.a.j.t.JMeterThread: Thread started: S2 1-208
2026-10-03 17:19:15,163 INFO o.a.j.t.JMeterThread: Thread started: S2 1-209
2026-10-03 17:19:15,172 INFO o.a.j.t.JMeterThread: Thread started: S2 1-210
2026-10-03 17:19:15,182 INFO o.a.j.t.JMeterThread: Thread started: S2 1-211
2026-10-03 17:19:15,193 INFO o.a.j.t.JMeterThread: Thread started: S2 1-212
2026-10-03 17:19:15,202 INFO o.a.j.t.JMeterThread: Thread started: S2 1-213
2026-10-03 17:19:15,215 INFO o.a.j.t.JMeterThread: Thread started: S2 1-214
2026-10-03 17:19:15,223 INFO o.a.j.t.JMeterThread: Thread started: S2 1-215
2026-10-03 17:19:15,234 INFO o.a.j.t.JMeterThread: Thread started: S2 1-216
2026-10-03 17:19:15,245 INFO o.a.j.t.JMeterThread: Thread started: S2 1-217
2026-10-03 17:19:15,253 INFO o.a.j.t.JMeterThread: Thread started: S2 1-218
2026-10-03 17:19:15,263 INFO o.a.j.t.JMeterThread: Thread started: S2 1-219
2026-10-03 17:19:15,273 INFO o.a.j.t.JMeterThread: Thread started: S2 1-220
2026-10-03 17:19:15,282 INFO o.a.j.t.JMeterThread: Thread started: S2 1-221
2026-10-03 17:19:15,293 INFO o.a.j.t.JMeterThread: Thread started: S2 1-222
2026-10-03 17:19:15,303 INFO o.a.j.t.JMeterThread: Thread started: S2 1-223
2026-10-03 17:19:15,316 INFO o.a.j.t.JMeterThread: Thread started: S2 1-224
2026-10-03 17:19:15,323 INFO o.a.j.t.JMeterThread: Thread started: S2 1-225
2026-10-03 17:19:15,332 INFO o.a.j.t.JMeterThread: Thread started: S2 1-226
2026-10-03 17:19:15,345 INFO o.a.j.t.JMeterThread: Thread started: S2 1-227
2026-10-03 17:19:15,354 INFO o.a.j.t.JMeterThread: Thread started: S2 1-228
2026-10-03 17:19:15,363 INFO o.a.j.t.JMeterThread: Thread started: S2 1-229
2026-10-03 17:19:15,373 INFO o.a.j.t.JMeterThread: Thread started: S2 1-230
2026-10-03 17:19:15,383 INFO o.a.j.t.JMeterThread: Thread started: S2 1-231
2026-10-03 17:19:15,392 INFO o.a.j.t.JMeterThread: Thread started: S2 1-232
2026-10-03 17:19:15,403 INFO o.a.j.t.JMeterThread: Thread started: S2 1-233
2026-10-03 17:19:15,413 INFO o.a.j.t.JMeterThread: Thread started: S2 1-234
2026-10-03 17:19:15,424 INFO o.a.j.t.JMeterThread: Thread started: S2 1-235
2026-10-03 17:19:15,435 INFO o.a.j.t.JMeterThread: Thread started: S2 1-236
2026-10-03 17:19:15,443 INFO o.a.j.t.JMeterThread: Thread started: S2 1-237
2026-10-03 17:19:15,453 INFO o.a.j.t.JMeterThread: Thread started: S2 1-238
2026-10-03 17:19:15,463 INFO o.a.j.t.JMeterThread: Thread started: S2 1-239
2026-10-03 17:19:15,473 INFO o.a.j.t.JMeterThread: Thread started: S2 1-240
2026-10-03 17:19:15,484 INFO o.a.j.t.JMeterThread: Thread started: S2 1-241
2026-10-03 17:19:15,493 INFO o.a.j.t.JMeterThread: Thread started: S2 1-242
2026-10-03 17:19:15,503 INFO o.a.j.t.JMeterThread: Thread started: S2 1-243
2026-10-03 17:19:15,518 INFO o.a.j.t.JMeterThread: Thread started: S2 1-244
2026-10-03 17:19:15,523 INFO o.a.j.t.JMeterThread: Thread started: S2 1-245
2026-10-03 17:19:15,537 INFO o.a.j.t.JMeterThread: Thread started: S2 1-246
2026-10-03 17:19:15,546 INFO o.a.j.t.JMeterThread: Thread started: S2 1-247
2026-10-03 17:19:15,552 INFO o.a.j.t.JMeterThread: Thread started: S2 1-248
2026-10-03 17:19:15,563 INFO o.a.j.t.JMeterThread: Thread started: S2 1-249
2026-10-03 17:19:15,573 INFO o.a.j.t.JMeterThread: Thread started: S2 1-250
2026-10-03 17:19:15,583 INFO o.a.j.t.JMeterThread: Thread started: S2 1-251
2026-10-03 17:19:15,593 INFO o.a.j.t.JMeterThread: Thread started: S2 1-252
2026-10-03 17:19:15,602 INFO o.a.j.t.JMeterThread: Thread started: S2 1-253
2026-10-03 17:19:15,614 INFO o.a.j.t.JMeterThread: Thread started: S2 1-254
2026-10-03 17:19:15,623 INFO o.a.j.t.JMeterThread: Thread started: S2 1-255
2026-10-03 17:19:15,632 INFO o.a.j.t.JMeterThread: Thread started: S2 1-256
2026-10-03 17:19:15,643 INFO o.a.j.t.JMeterThread: Thread started: S2 1-257
2026-10-03 17:19:15,653 INFO o.a.j.t.JMeterThread: Thread started: S2 1-258
2026-10-03 17:19:15,663 INFO o.a.j.t.JMeterThread: Thread started: S2 1-259
2026-10-03 17:19:15,673 INFO o.a.j.t.JMeterThread: Thread started: S2 1-260
2026-10-03 17:19:15,683 INFO o.a.j.t.JMeterThread: Thread started: S2 1-261
2026-10-03 17:19:15,693 INFO o.a.j.t.JMeterThread: Thread started: S2 1-262
2026-10-03 17:19:15,702 INFO o.a.j.t.JMeterThread: Thread started: S2 1-263
2026-10-03 17:19:15,714 INFO o.a.j.t.JMeterThread: Thread started: S2 1-264
2026-10-03 17:19:15,722 INFO o.a.j.t.JMeterThread: Thread started: S2 1-265
2026-10-03 17:19:15,732 INFO o.a.j.t.JMeterThread: Thread started: S2 1-266
2026-10-03 17:19:15,743 INFO o.a.j.t.JMeterThread: Thread started: S2 1-267
2026-10-03 17:19:15,752 INFO o.a.j.t.JMeterThread: Thread started: S2 1-268
2026-10-03 17:19:15,763 INFO o.a.j.t.JMeterThread: Thread started: S2 1-269
2026-10-03 17:19:15,772 INFO o.a.j.t.JMeterThread: Thread started: S2 1-270
2026-10-03 17:19:15,782 INFO o.a.j.t.JMeterThread: Thread started: S2 1-271
2026-10-03 17:19:15,793 INFO o.a.j.t.JMeterThread: Thread started: S2 1-272
2026-10-03 17:19:15,802 INFO o.a.j.t.JMeterThread: Thread started: S2 1-273
2026-10-03 17:19:15,818 INFO o.a.j.t.JMeterThread: Thread started: S2 1-274
2026-10-03 17:19:15,826 INFO o.a.j.t.JMeterThread: Thread started: S2 1-275
2026-10-03 17:19:15,832 INFO o.a.j.t.JMeterThread: Thread started: S2 1-276
2026-10-03 17:19:15,843 INFO o.a.j.t.JMeterThread: Thread started: S2 1-277
2026-10-03 17:19:15,853 INFO o.a.j.t.JMeterThread: Thread started: S2 1-278
2026-10-03 17:19:15,862 INFO o.a.j.t.JMeterThread: Thread started: S2 1-279
2026-10-03 17:19:15,873 INFO o.a.j.t.JMeterThread: Thread started: S2 1-280
2026-10-03 17:19:15,883 INFO o.a.j.t.JMeterThread: Thread started: S2 1-281
2026-10-03 17:19:15,893 INFO o.a.j.t.JMeterThread: Thread started: S2 1-282
2026-10-03 17:19:15,903 INFO o.a.j.t.JMeterThread: Thread started: S2 1-283
2026-10-03 17:19:15,913 INFO o.a.j.t.JMeterThread: Thread started: S2 1-284
2026-10-03 17:19:15,923 INFO o.a.j.t.JMeterThread: Thread started: S2 1-285
2026-10-03 17:19:15,933 INFO o.a.j.t.JMeterThread: Thread started: S2 1-286
2026-10-03 17:19:15,943 INFO o.a.j.t.JMeterThread: Thread started: S2 1-287
2026-10-03 17:19:15,953 INFO o.a.j.t.JMeterThread: Thread started: S2 1-288
2026-10-03 17:19:15,963 INFO o.a.j.t.JMeterThread: Thread started: S2 1-289
2026-10-03 17:19:15,973 INFO o.a.j.t.JMeterThread: Thread started: S2 1-290
2026-10-03 17:19:15,983 INFO o.a.j.t.JMeterThread: Thread started: S2 1-291
2026-10-03 17:19:15,993 INFO o.a.j.t.JMeterThread: Thread started: S2 1-292
2026-10-03 17:19:16,003 INFO o.a.j.t.JMeterThread: Thread started: S2 1-293
2026-10-03 17:19:16,018 INFO o.a.j.t.JMeterThread: Thread started: S2 1-294
2026-10-03 17:19:16,024 INFO o.a.j.t.JMeterThread: Thread started: S2 1-295
2026-10-03 17:19:16,040 INFO o.a.j.t.JMeterThread: Thread started: S2 1-296
2026-10-03 17:19:16,043 INFO o.a.j.t.JMeterThread: Thread started: S2 1-297
2026-10-03 17:19:16,053 INFO o.a.j.t.JMeterThread: Thread started: S2 1-298
2026-10-03 17:19:16,062 INFO o.a.j.t.JMeterThread: Thread started: S2 1-299
2026-10-03 17:19:16,072 INFO o.a.j.t.JMeterThread: Thread started: S2 1-300
2026-10-03 17:19:16,083 INFO o.a.j.t.JMeterThread: Thread started: S2 1-301
2026-10-03 17:19:16,092 INFO o.a.j.t.JMeterThread: Thread started: S2 1-302
2026-10-03 17:19:16,103 INFO o.a.j.t.JMeterThread: Thread started: S2 1-303
2026-10-03 17:19:16,113 INFO o.a.j.t.JMeterThread: Thread started: S2 1-304
2026-10-03 17:19:16,124 INFO o.a.j.t.JMeterThread: Thread started: S2 1-305
2026-10-03 17:19:16,132 INFO o.a.j.t.JMeterThread: Thread started: S2 1-306
2026-10-03 17:19:16,143 INFO o.a.j.t.JMeterThread: Thread started: S2 1-307
2026-10-03 17:19:16,154 INFO o.a.j.t.JMeterThread: Thread started: S2 1-308
2026-10-03 17:19:16,163 INFO o.a.j.t.JMeterThread: Thread started: S2 1-309
2026-10-03 17:19:16,173 INFO o.a.j.t.JMeterThread: Thread started: S2 1-310
2026-10-03 17:19:16,183 INFO o.a.j.t.JMeterThread: Thread started: S2 1-311
2026-10-03 17:19:16,193 INFO o.a.j.t.JMeterThread: Thread started: S2 1-312
2026-10-03 17:19:16,203 INFO o.a.j.t.JMeterThread: Thread started: S2 1-313
2026-10-03 17:19:16,217 INFO o.a.j.t.JMeterThread: Thread started: S2 1-314
2026-10-03 17:19:16,223 INFO o.a.j.t.JMeterThread: Thread started: S2 1-315
2026-10-03 17:19:16,233 INFO o.a.j.t.JMeterThread: Thread started: S2 1-316
2026-10-03 17:19:16,243 INFO o.a.j.t.JMeterThread: Thread started: S2 1-317
2026-10-03 17:19:16,253 INFO o.a.j.t.JMeterThread: Thread started: S2 1-318
2026-10-03 17:19:16,263 INFO o.a.j.t.JMeterThread: Thread started: S2 1-319
2026-10-03 17:19:16,273 INFO o.a.j.t.JMeterThread: Thread started: S2 1-320
2026-10-03 17:19:16,282 INFO o.a.j.t.JMeterThread: Thread started: S2 1-321
2026-10-03 17:19:16,292 INFO o.a.j.t.JMeterThread: Thread started: S2 1-322
2026-10-03 17:19:16,303 INFO o.a.j.t.JMeterThread: Thread started: S2 1-323
2026-10-03 17:19:16,317 INFO o.a.j.t.JMeterThread: Thread started: S2 1-324
2026-10-03 17:19:16,324 INFO o.a.j.t.JMeterThread: Thread started: S2 1-325
2026-10-03 17:19:16,337 INFO o.a.j.t.JMeterThread: Thread started: S2 1-326
2026-10-03 17:19:16,346 INFO o.a.j.t.JMeterThread: Thread started: S2 1-327
2026-10-03 17:19:16,353 INFO o.a.j.t.JMeterThread: Thread started: S2 1-328
2026-10-03 17:19:16,363 INFO o.a.j.t.JMeterThread: Thread started: S2 1-329
2026-10-03 17:19:16,373 INFO o.a.j.t.JMeterThread: Thread started: S2 1-330
2026-10-03 17:19:16,396 INFO o.a.j.t.JMeterThread: Thread started: S2 1-331
2026-10-03 17:19:16,397 INFO o.a.j.t.JMeterThread: Thread started: S2 1-332
2026-10-03 17:19:16,424 INFO o.a.j.t.JMeterThread: Thread started: S2 1-333
2026-10-03 17:19:16,424 INFO o.a.j.t.JMeterThread: Thread started: S2 1-335
2026-10-03 17:19:16,427 INFO o.a.j.t.JMeterThread: Thread started: S2 1-334
2026-10-03 17:19:16,432 INFO o.a.j.t.JMeterThread: Thread started: S2 1-336
2026-10-03 17:19:16,444 INFO o.a.j.t.JMeterThread: Thread started: S2 1-337
2026-10-03 17:19:16,452 INFO o.a.j.t.JMeterThread: Thread started: S2 1-338
2026-10-03 17:19:16,463 INFO o.a.j.t.JMeterThread: Thread started: S2 1-339
2026-10-03 17:19:16,473 INFO o.a.j.t.JMeterThread: Thread started: S2 1-340
2026-10-03 17:19:16,483 INFO o.a.j.t.JMeterThread: Thread started: S2 1-341
2026-10-03 17:19:16,492 INFO o.a.j.t.JMeterThread: Thread started: S2 1-342
2026-10-03 17:19:16,503 INFO o.a.j.t.JMeterThread: Thread started: S2 1-343
2026-10-03 17:19:16,515 INFO o.a.j.t.JMeterThread: Thread started: S2 1-344
2026-10-03 17:19:16,522 INFO o.a.j.t.JMeterThread: Thread started: S2 1-345
2026-10-03 17:19:16,533 INFO o.a.j.t.JMeterThread: Thread started: S2 1-346
2026-10-03 17:19:16,543 INFO o.a.j.t.JMeterThread: Thread started: S2 1-347
2026-10-03 17:19:16,553 INFO o.a.j.t.JMeterThread: Thread started: S2 1-348
2026-10-03 17:19:16,562 INFO o.a.j.t.JMeterThread: Thread started: S2 1-349
2026-10-03 17:19:16,573 INFO o.a.j.t.JMeterThread: Thread started: S2 1-350
2026-10-03 17:19:16,582 INFO o.a.j.t.JMeterThread: Thread started: S2 1-351
2026-10-03 17:19:16,592 INFO o.a.j.t.JMeterThread: Thread started: S2 1-352
2026-10-03 17:19:16,603 INFO o.a.j.t.JMeterThread: Thread started: S2 1-353
2026-10-03 17:19:16,615 INFO o.a.j.t.JMeterThread: Thread started: S2 1-354
2026-10-03 17:19:16,627 INFO o.a.j.t.JMeterThread: Thread started: S2 1-355
2026-10-03 17:19:16,632 INFO o.a.j.t.JMeterThread: Thread started: S2 1-356
2026-10-03 17:19:16,643 INFO o.a.j.t.JMeterThread: Thread started: S2 1-357
2026-10-03 17:19:16,652 INFO o.a.j.t.JMeterThread: Thread started: S2 1-358
2026-10-03 17:19:16,662 INFO o.a.j.t.JMeterThread: Thread started: S2 1-359
2026-10-03 17:19:16,673 INFO o.a.j.t.JMeterThread: Thread started: S2 1-360
2026-10-03 17:19:16,683 INFO o.a.j.t.JMeterThread: Thread started: S2 1-361
2026-10-03 17:19:16,693 INFO o.a.j.t.JMeterThread: Thread started: S2 1-362
2026-10-03 17:19:16,703 INFO o.a.j.t.JMeterThread: Thread started: S2 1-363
2026-10-03 17:19:16,713 INFO o.a.j.t.JMeterThread: Thread started: S2 1-364
2026-10-03 17:19:16,722 INFO o.a.j.t.JMeterThread: Thread started: S2 1-365
2026-10-03 17:19:16,733 INFO o.a.j.t.JMeterThread: Thread started: S2 1-366
2026-10-03 17:19:16,745 INFO o.a.j.t.JMeterThread: Thread started: S2 1-367
2026-10-03 17:19:16,753 INFO o.a.j.t.JMeterThread: Thread started: S2 1-368
2026-10-03 17:19:16,762 INFO o.a.j.t.JMeterThread: Thread started: S2 1-369
2026-10-03 17:19:16,773 INFO o.a.j.t.JMeterThread: Thread started: S2 1-370
2026-10-03 17:19:16,782 INFO o.a.j.t.JMeterThread: Thread started: S2 1-371
2026-10-03 17:19:16,792 INFO o.a.j.t.JMeterThread: Thread started: S2 1-372
2026-10-03 17:19:16,803 INFO o.a.j.t.JMeterThread: Thread started: S2 1-373
2026-10-03 17:19:16,819 INFO o.a.j.t.JMeterThread: Thread started: S2 1-374
2026-10-03 17:19:16,823 INFO o.a.j.t.JMeterThread: Thread started: S2 1-375
2026-10-03 17:19:16,833 INFO o.a.j.t.JMeterThread: Thread started: S2 1-376
2026-10-03 17:19:16,844 INFO o.a.j.t.JMeterThread: Thread started: S2 1-377
2026-10-03 17:19:16,852 INFO o.a.j.t.JMeterThread: Thread started: S2 1-378
2026-10-03 17:19:16,863 INFO o.a.j.t.JMeterThread: Thread started: S2 1-379
2026-10-03 17:19:16,873 INFO o.a.j.t.JMeterThread: Thread started: S2 1-380
2026-10-03 17:19:16,882 INFO o.a.j.t.JMeterThread: Thread started: S2 1-381
2026-10-03 17:19:16,893 INFO o.a.j.t.JMeterThread: Thread started: S2 1-382
2026-10-03 17:19:16,902 INFO o.a.j.t.JMeterThread: Thread started: S2 1-383
2026-10-03 17:19:16,918 INFO o.a.j.t.JMeterThread: Thread started: S2 1-384
2026-10-03 17:19:16,923 INFO o.a.j.t.JMeterThread: Thread started: S2 1-385
2026-10-03 17:19:16,933 INFO o.a.j.t.JMeterThread: Thread started: S2 1-386
2026-10-03 17:19:16,943 INFO o.a.j.t.JMeterThread: Thread started: S2 1-387
2026-10-03 17:19:16,953 INFO o.a.j.t.JMeterThread: Thread started: S2 1-388
2026-10-03 17:19:16,962 INFO o.a.j.t.JMeterThread: Thread started: S2 1-389
2026-10-03 17:19:16,974 INFO o.a.j.t.JMeterThread: Thread started: S2 1-390
2026-10-03 17:19:16,983 INFO o.a.j.t.JMeterThread: Thread started: S2 1-391
2026-10-03 17:19:16,993 INFO o.a.j.t.JMeterThread: Thread started: S2 1-392
2026-10-03 17:19:17,003 INFO o.a.j.t.JMeterThread: Thread started: S2 1-393
2026-10-03 17:19:17,013 INFO o.a.j.t.JMeterThread: Thread started: S2 1-394
2026-10-03 17:19:17,024 INFO o.a.j.t.JMeterThread: Thread started: S2 1-395
2026-10-03 17:19:17,033 INFO o.a.j.t.JMeterThread: Thread started: S2 1-396
2026-10-03 17:19:17,043 INFO o.a.j.t.JMeterThread: Thread started: S2 1-397
2026-10-03 17:19:17,052 INFO o.a.j.t.JMeterThread: Thread started: S2 1-398
2026-10-03 17:19:17,063 INFO o.a.j.t.JMeterThread: Thread started: S2 1-399
2026-10-03 17:19:17,073 INFO o.a.j.t.JMeterThread: Thread started: S2 1-400
2026-10-03 17:19:17,083 INFO o.a.j.t.JMeterThread: Thread started: S2 1-401
2026-10-03 17:19:17,093 INFO o.a.j.t.JMeterThread: Thread started: S2 1-402
2026-10-03 17:19:17,102 INFO o.a.j.t.JMeterThread: Thread started: S2 1-403
2026-10-03 17:19:17,112 INFO o.a.j.t.JMeterThread: Thread started: S2 1-404
2026-10-03 17:19:17,123 INFO o.a.j.t.JMeterThread: Thread started: S2 1-405
2026-10-03 17:19:17,136 INFO o.a.j.t.JMeterThread: Thread started: S2 1-406
2026-10-03 17:19:17,143 INFO o.a.j.t.JMeterThread: Thread started: S2 1-407
2026-10-03 17:19:17,153 INFO o.a.j.t.JMeterThread: Thread started: S2 1-408
2026-10-03 17:19:17,162 INFO o.a.j.t.JMeterThread: Thread started: S2 1-409
2026-10-03 17:19:17,172 INFO o.a.j.t.JMeterThread: Thread started: S2 1-410
2026-10-03 17:19:17,183 INFO o.a.j.t.JMeterThread: Thread started: S2 1-411
2026-10-03 17:19:17,192 INFO o.a.j.t.JMeterThread: Thread started: S2 1-412
2026-10-03 17:19:17,202 INFO o.a.j.t.JMeterThread: Thread started: S2 1-413
2026-10-03 17:19:17,218 INFO o.a.j.t.JMeterThread: Thread started: S2 1-414
2026-10-03 17:19:17,223 INFO o.a.j.t.JMeterThread: Thread started: S2 1-415
2026-10-03 17:19:17,232 INFO o.a.j.t.JMeterThread: Thread started: S2 1-416
2026-10-03 17:19:17,242 INFO o.a.j.t.JMeterThread: Thread started: S2 1-417
2026-10-03 17:19:17,253 INFO o.a.j.t.JMeterThread: Thread started: S2 1-418
2026-10-03 17:19:17,263 INFO o.a.j.t.JMeterThread: Thread started: S2 1-419
2026-10-03 17:19:17,272 INFO o.a.j.t.JMeterThread: Thread started: S2 1-420
2026-10-03 17:19:17,283 INFO o.a.j.t.JMeterThread: Thread started: S2 1-421
2026-10-03 17:19:17,292 INFO o.a.j.t.JMeterThread: Thread started: S2 1-422
2026-10-03 17:19:17,302 INFO o.a.j.t.JMeterThread: Thread started: S2 1-423
2026-10-03 17:19:17,314 INFO o.a.j.t.JMeterThread: Thread started: S2 1-424
2026-10-03 17:19:17,323 INFO o.a.j.t.JMeterThread: Thread started: S2 1-425
2026-10-03 17:19:17,333 INFO o.a.j.t.JMeterThread: Thread started: S2 1-426
2026-10-03 17:19:17,343 INFO o.a.j.t.JMeterThread: Thread started: S2 1-427
2026-10-03 17:19:17,352 INFO o.a.j.t.JMeterThread: Thread started: S2 1-428
2026-10-03 17:19:17,363 INFO o.a.j.t.JMeterThread: Thread started: S2 1-429
2026-10-03 17:19:17,373 INFO o.a.j.t.JMeterThread: Thread started: S2 1-430
2026-10-03 17:19:17,383 INFO o.a.j.t.JMeterThread: Thread started: S2 1-431
2026-10-03 17:19:17,393 INFO o.a.j.t.JMeterThread: Thread started: S2 1-432
2026-10-03 17:19:17,402 INFO o.a.j.t.JMeterThread: Thread started: S2 1-433
2026-10-03 17:19:17,413 INFO o.a.j.t.JMeterThread: Thread started: S2 1-434
2026-10-03 17:19:17,423 INFO o.a.j.t.JMeterThread: Thread started: S2 1-435
2026-10-03 17:19:17,433 INFO o.a.j.t.JMeterThread: Thread started: S2 1-436
2026-10-03 17:19:17,443 INFO o.a.j.t.JMeterThread: Thread started: S2 1-437
2026-10-03 17:19:17,453 INFO o.a.j.t.JMeterThread: Thread started: S2 1-438
2026-10-03 17:19:17,462 INFO o.a.j.t.JMeterThread: Thread started: S2 1-439
2026-10-03 17:19:17,473 INFO o.a.j.t.JMeterThread: Thread started: S2 1-440
2026-10-03 17:19:17,483 INFO o.a.j.t.JMeterThread: Thread started: S2 1-441
2026-10-03 17:19:17,492 INFO o.a.j.t.JMeterThread: Thread started: S2 1-442
2026-10-03 17:19:17,503 INFO o.a.j.t.JMeterThread: Thread started: S2 1-443
2026-10-03 17:19:17,518 INFO o.a.j.t.JMeterThread: Thread started: S2 1-444
2026-10-03 17:19:17,524 INFO o.a.j.t.JMeterThread: Thread started: S2 1-445
2026-10-03 17:19:17,537 INFO o.a.j.t.JMeterThread: Thread started: S2 1-446
2026-10-03 17:19:17,543 INFO o.a.j.t.JMeterThread: Thread started: S2 1-447
2026-10-03 17:19:17,553 INFO o.a.j.t.JMeterThread: Thread started: S2 1-448
2026-10-03 17:19:17,562 INFO o.a.j.t.JMeterThread: Thread started: S2 1-449
2026-10-03 17:19:17,573 INFO o.a.j.t.JMeterThread: Thread started: S2 1-450
2026-10-03 17:19:17,583 INFO o.a.j.t.JMeterThread: Thread started: S2 1-451
2026-10-03 17:19:17,592 INFO o.a.j.t.JMeterThread: Thread started: S2 1-452
2026-10-03 17:19:17,603 INFO o.a.j.t.JMeterThread: Thread started: S2 1-453
2026-10-03 17:19:17,618 INFO o.a.j.t.JMeterThread: Thread started: S2 1-454
2026-10-03 17:19:17,624 INFO o.a.j.t.JMeterThread: Thread started: S2 1-455
2026-10-03 17:19:17,633 INFO o.a.j.t.JMeterThread: Thread started: S2 1-456
2026-10-03 17:19:17,646 INFO o.a.j.t.JMeterThread: Thread started: S2 1-457
2026-10-03 17:19:17,652 INFO o.a.j.t.JMeterThread: Thread started: S2 1-458
2026-10-03 17:19:17,663 INFO o.a.j.t.JMeterThread: Thread started: S2 1-459
2026-10-03 17:19:17,672 INFO o.a.j.t.JMeterThread: Thread started: S2 1-460
2026-10-03 17:19:17,682 INFO o.a.j.t.JMeterThread: Thread started: S2 1-461
2026-10-03 17:19:17,693 INFO o.a.j.t.JMeterThread: Thread started: S2 1-462
2026-10-03 17:19:17,703 INFO o.a.j.t.JMeterThread: Thread started: S2 1-463
2026-10-03 17:19:17,712 INFO o.a.j.t.JMeterThread: Thread started: S2 1-464
2026-10-03 17:19:17,725 INFO o.a.j.t.JMeterThread: Thread started: S2 1-465
2026-10-03 17:19:17,733 INFO o.a.j.t.JMeterThread: Thread started: S2 1-466
2026-10-03 17:19:17,743 INFO o.a.j.t.JMeterThread: Thread started: S2 1-467
2026-10-03 17:19:17,753 INFO o.a.j.t.JMeterThread: Thread started: S2 1-468
2026-10-03 17:19:17,763 INFO o.a.j.t.JMeterThread: Thread started: S2 1-469
2026-10-03 17:19:17,773 INFO o.a.j.t.JMeterThread: Thread started: S2 1-470
2026-10-03 17:19:17,783 INFO o.a.j.t.JMeterThread: Thread started: S2 1-471
2026-10-03 17:19:17,793 INFO o.a.j.t.JMeterThread: Thread started: S2 1-472
2026-10-03 17:19:17,803 INFO o.a.j.t.JMeterThread: Thread started: S2 1-473
2026-10-03 17:19:17,818 INFO o.a.j.t.JMeterThread: Thread started: S2 1-474
2026-10-03 17:19:17,822 INFO o.a.j.t.JMeterThread: Thread started: S2 1-475
2026-10-03 17:19:17,833 INFO o.a.j.t.JMeterThread: Thread started: S2 1-476
2026-10-03 17:19:17,844 INFO o.a.j.t.JMeterThread: Thread started: S2 1-477
2026-10-03 17:19:17,852 INFO o.a.j.t.JMeterThread: Thread started: S2 1-478
2026-10-03 17:19:17,863 INFO o.a.j.t.JMeterThread: Thread started: S2 1-479
2026-10-03 17:19:17,872 INFO o.a.j.t.JMeterThread: Thread started: S2 1-480
2026-10-03 17:19:17,897 INFO o.a.j.t.JMeterThread: Thread started: S2 1-481
2026-10-03 17:19:17,903 INFO o.a.j.t.JMeterThread: Thread started: S2 1-482
2026-10-03 17:19:17,908 INFO o.a.j.t.JMeterThread: Thread started: S2 1-483
2026-10-03 17:19:17,917 INFO o.a.j.t.JMeterThread: Thread started: S2 1-484
2026-10-03 17:19:17,933 INFO o.a.j.t.JMeterThread: Thread started: S2 1-485
2026-10-03 17:19:17,944 INFO o.a.j.t.JMeterThread: Thread started: S2 1-487
2026-10-03 17:19:17,949 INFO o.a.j.t.JMeterThread: Thread started: S2 1-486
2026-10-03 17:19:17,956 INFO o.a.j.t.JMeterThread: Thread started: S2 1-488
2026-10-03 17:19:17,963 INFO o.a.j.t.JMeterThread: Thread started: S2 1-489
2026-10-03 17:19:17,973 INFO o.a.j.t.JMeterThread: Thread started: S2 1-490
2026-10-03 17:19:17,984 INFO o.a.j.t.JMeterThread: Thread started: S2 1-491
2026-10-03 17:19:17,992 INFO o.a.j.t.JMeterThread: Thread started: S2 1-492
2026-10-03 17:19:18,003 INFO o.a.j.t.JMeterThread: Thread started: S2 1-493
2026-10-03 17:19:18,012 INFO o.a.j.t.JMeterThread: Thread started: S2 1-494
2026-10-03 17:19:18,023 INFO o.a.j.t.JMeterThread: Thread started: S2 1-495
2026-10-03 17:19:18,033 INFO o.a.j.t.JMeterThread: Thread started: S2 1-496
2026-10-03 17:19:18,043 INFO o.a.j.t.JMeterThread: Thread started: S2 1-497
2026-10-03 17:19:18,052 INFO o.a.j.t.JMeterThread: Thread started: S2 1-498
2026-10-03 17:19:18,063 INFO o.a.j.t.JMeterThread: Thread started: S2 1-499
2026-10-03 17:19:18,072 INFO o.a.j.t.JMeterThread: Thread started: S2 1-500
2026-10-03 17:19:18,082 INFO o.a.j.t.JMeterThread: Thread started: S2 1-501
2026-10-03 17:19:18,093 INFO o.a.j.t.JMeterThread: Thread started: S2 1-502
2026-10-03 17:19:18,102 INFO o.a.j.t.JMeterThread: Thread started: S2 1-503
2026-10-03 17:19:18,112 INFO o.a.j.t.JMeterThread: Thread started: S2 1-504
2026-10-03 17:19:18,123 INFO o.a.j.t.JMeterThread: Thread started: S2 1-505
2026-10-03 17:19:18,134 INFO o.a.j.t.JMeterThread: Thread started: S2 1-506
2026-10-03 17:19:18,142 INFO o.a.j.t.JMeterThread: Thread started: S2 1-507
2026-10-03 17:19:18,153 INFO o.a.j.t.JMeterThread: Thread started: S2 1-508
2026-10-03 17:19:18,164 INFO o.a.j.t.JMeterThread: Thread started: S2 1-509
2026-10-03 17:19:18,173 INFO o.a.j.t.JMeterThread: Thread started: S2 1-510
2026-10-03 17:19:18,183 INFO o.a.j.t.JMeterThread: Thread started: S2 1-511
2026-10-03 17:19:18,193 INFO o.a.j.t.JMeterThread: Thread started: S2 1-512
2026-10-03 17:19:18,202 INFO o.a.j.t.JMeterThread: Thread started: S2 1-513
2026-10-03 17:19:18,214 INFO o.a.j.t.JMeterThread: Thread started: S2 1-514
2026-10-03 17:19:18,222 INFO o.a.j.t.JMeterThread: Thread started: S2 1-515
2026-10-03 17:19:18,234 INFO o.a.j.t.JMeterThread: Thread started: S2 1-516
2026-10-03 17:19:18,242 INFO o.a.j.t.JMeterThread: Thread started: S2 1-517
2026-10-03 17:19:18,254 INFO o.a.j.t.JMeterThread: Thread started: S2 1-518
2026-10-03 17:19:18,263 INFO o.a.j.t.JMeterThread: Thread started: S2 1-519
2026-10-03 17:19:18,272 INFO o.a.j.t.JMeterThread: Thread started: S2 1-520
2026-10-03 17:19:18,285 INFO o.a.j.t.JMeterThread: Thread started: S2 1-521
2026-10-03 17:19:18,293 INFO o.a.j.t.JMeterThread: Thread started: S2 1-522
2026-10-03 17:19:18,302 INFO o.a.j.t.JMeterThread: Thread started: S2 1-523
2026-10-03 17:19:18,319 INFO o.a.j.t.JMeterThread: Thread started: S2 1-524
2026-10-03 17:19:18,323 INFO o.a.j.t.JMeterThread: Thread started: S2 1-525
2026-10-03 17:19:18,332 INFO o.a.j.t.JMeterThread: Thread started: S2 1-526
2026-10-03 17:19:18,343 INFO o.a.j.t.JMeterThread: Thread started: S2 1-527
2026-10-03 17:19:18,354 INFO o.a.j.t.JMeterThread: Thread started: S2 1-528
2026-10-03 17:19:18,363 INFO o.a.j.t.JMeterThread: Thread started: S2 1-529
2026-10-03 17:19:18,372 INFO o.a.j.t.JMeterThread: Thread started: S2 1-530
2026-10-03 17:19:18,383 INFO o.a.j.t.JMeterThread: Thread started: S2 1-531
2026-10-03 17:19:18,393 INFO o.a.j.t.JMeterThread: Thread started: S2 1-532
2026-10-03 17:19:18,403 INFO o.a.j.t.JMeterThread: Thread started: S2 1-533
2026-10-03 17:19:18,412 INFO o.a.j.t.JMeterThread: Thread started: S2 1-534
2026-10-03 17:19:18,423 INFO o.a.j.t.JMeterThread: Thread started: S2 1-535
2026-10-03 17:19:18,434 INFO o.a.j.t.JMeterThread: Thread started: S2 1-536
2026-10-03 17:19:18,445 INFO o.a.j.t.JMeterThread: Thread started: S2 1-537
2026-10-03 17:19:18,452 INFO o.a.j.t.JMeterThread: Thread started: S2 1-538
2026-10-03 17:19:18,462 INFO o.a.j.t.JMeterThread: Thread started: S2 1-539
2026-10-03 17:19:18,473 INFO o.a.j.t.JMeterThread: Thread started: S2 1-540
2026-10-03 17:19:18,482 INFO o.a.j.t.JMeterThread: Thread started: S2 1-541
2026-10-03 17:19:18,492 INFO o.a.j.t.JMeterThread: Thread started: S2 1-542
2026-10-03 17:19:18,502 INFO o.a.j.t.JMeterThread: Thread started: S2 1-543
2026-10-03 17:19:18,514 INFO o.a.j.t.JMeterThread: Thread started: S2 1-544
2026-10-03 17:19:18,522 INFO o.a.j.t.JMeterThread: Thread started: S2 1-545
2026-10-03 17:19:18,533 INFO o.a.j.t.JMeterThread: Thread started: S2 1-546
2026-10-03 17:19:18,542 INFO o.a.j.t.JMeterThread: Thread started: S2 1-547
2026-10-03 17:19:18,553 INFO o.a.j.t.JMeterThread: Thread started: S2 1-548
2026-10-03 17:19:18,563 INFO o.a.j.t.JMeterThread: Thread started: S2 1-549
2026-10-03 17:19:18,573 INFO o.a.j.t.JMeterThread: Thread started: S2 1-550
2026-10-03 17:19:18,582 INFO o.a.j.t.JMeterThread: Thread started: S2 1-551
2026-10-03 17:19:18,593 INFO o.a.j.t.JMeterThread: Thread started: S2 1-552
2026-10-03 17:19:18,602 INFO o.a.j.t.JMeterThread: Thread started: S2 1-553
2026-10-03 17:19:18,612 INFO o.a.j.t.JMeterThread: Thread started: S2 1-554
2026-10-03 17:19:18,622 INFO o.a.j.t.JMeterThread: Thread started: S2 1-555
2026-10-03 17:19:18,634 INFO o.a.j.t.JMeterThread: Thread started: S2 1-556
2026-10-03 17:19:18,648 INFO o.a.j.t.JMeterThread: Thread started: S2 1-557
2026-10-03 17:19:18,652 INFO o.a.j.t.JMeterThread: Thread started: S2 1-558
2026-10-03 17:19:18,662 INFO o.a.j.t.JMeterThread: Thread started: S2 1-559
2026-10-03 17:19:18,673 INFO o.a.j.t.JMeterThread: Thread started: S2 1-560
2026-10-03 17:19:18,682 INFO o.a.j.t.JMeterThread: Thread started: S2 1-561
2026-10-03 17:19:18,692 INFO o.a.j.t.JMeterThread: Thread started: S2 1-562
2026-10-03 17:19:18,702 INFO o.a.j.t.JMeterThread: Thread started: S2 1-563
2026-10-03 17:19:18,717 INFO o.a.j.t.JMeterThread: Thread started: S2 1-564
2026-10-03 17:19:18,724 INFO o.a.j.t.JMeterThread: Thread started: S2 1-565
2026-10-03 17:19:18,732 INFO o.a.j.t.JMeterThread: Thread started: S2 1-566
2026-10-03 17:19:18,742 INFO o.a.j.t.JMeterThread: Thread started: S2 1-567
2026-10-03 17:19:18,753 INFO o.a.j.t.JMeterThread: Thread started: S2 1-568
2026-10-03 17:19:18,763 INFO o.a.j.t.JMeterThread: Thread started: S2 1-569
2026-10-03 17:19:18,772 INFO o.a.j.t.JMeterThread: Thread started: S2 1-570
2026-10-03 17:19:18,783 INFO o.a.j.t.JMeterThread: Thread started: S2 1-571
2026-10-03 17:19:18,793 INFO o.a.j.t.JMeterThread: Thread started: S2 1-572
2026-10-03 17:19:18,803 INFO o.a.j.t.JMeterThread: Thread started: S2 1-573
2026-10-03 17:19:18,812 INFO o.a.j.t.JMeterThread: Thread started: S2 1-574
2026-10-03 17:19:18,824 INFO o.a.j.t.JMeterThread: Thread started: S2 1-575
2026-10-03 17:19:18,833 INFO o.a.j.t.JMeterThread: Thread started: S2 1-576
2026-10-03 17:19:18,842 INFO o.a.j.t.JMeterThread: Thread started: S2 1-577
2026-10-03 17:19:18,852 INFO o.a.j.t.JMeterThread: Thread started: S2 1-578
2026-10-03 17:19:18,863 INFO o.a.j.t.JMeterThread: Thread started: S2 1-579
2026-10-03 17:19:18,873 INFO o.a.j.t.JMeterThread: Thread started: S2 1-580
2026-10-03 17:19:18,882 INFO o.a.j.t.JMeterThread: Thread started: S2 1-581
2026-10-03 17:19:18,893 INFO o.a.j.t.JMeterThread: Thread started: S2 1-582
2026-10-03 17:19:18,903 INFO o.a.j.t.JMeterThread: Thread started: S2 1-583
2026-10-03 17:19:18,912 INFO o.a.j.t.JMeterThread: Thread started: S2 1-584
2026-10-03 17:19:18,922 INFO o.a.j.t.JMeterThread: Thread started: S2 1-585
2026-10-03 17:19:18,933 INFO o.a.j.t.JMeterThread: Thread started: S2 1-586
2026-10-03 17:19:18,943 INFO o.a.j.t.JMeterThread: Thread started: S2 1-587
2026-10-03 17:19:18,953 INFO o.a.j.t.JMeterThread: Thread started: S2 1-588
2026-10-03 17:19:18,962 INFO o.a.j.t.JMeterThread: Thread started: S2 1-589
2026-10-03 17:19:18,973 INFO o.a.j.t.JMeterThread: Thread started: S2 1-590
2026-10-03 17:19:18,983 INFO o.a.j.t.JMeterThread: Thread started: S2 1-591
2026-10-03 17:19:18,993 INFO o.a.j.t.JMeterThread: Thread started: S2 1-592
2026-10-03 17:19:19,002 INFO o.a.j.t.JMeterThread: Thread started: S2 1-593
2026-10-03 17:19:19,012 INFO o.a.j.t.JMeterThread: Thread started: S2 1-594
2026-10-03 17:19:19,024 INFO o.a.j.t.JMeterThread: Thread started: S2 1-595
2026-10-03 17:19:19,034 INFO o.a.j.t.JMeterThread: Thread started: S2 1-596
2026-10-03 17:19:19,042 INFO o.a.j.t.JMeterThread: Thread started: S2 1-597
2026-10-03 17:19:19,053 INFO o.a.j.t.JMeterThread: Thread started: S2 1-598
2026-10-03 17:19:19,063 INFO o.a.j.t.JMeterThread: Thread started: S2 1-599
2026-10-03 17:19:19,072 INFO o.a.j.t.JMeterThread: Thread started: S2 1-600
2026-10-03 17:19:19,082 INFO o.a.j.t.JMeterThread: Thread started: S2 1-601
2026-10-03 17:19:19,093 INFO o.a.j.t.JMeterThread: Thread started: S2 1-602
2026-10-03 17:19:19,103 INFO o.a.j.t.JMeterThread: Thread started: S2 1-603
2026-10-03 17:19:19,112 INFO o.a.j.t.JMeterThread: Thread started: S2 1-604
2026-10-03 17:19:19,123 INFO o.a.j.t.JMeterThread: Thread started: S2 1-605
2026-10-03 17:19:19,138 INFO o.a.j.t.JMeterThread: Thread started: S2 1-606
2026-10-03 17:19:19,142 INFO o.a.j.t.JMeterThread: Thread started: S2 1-607
2026-10-03 17:19:19,167 INFO o.a.j.t.JMeterThread: Thread started: S2 1-608
2026-10-03 17:19:19,167 INFO o.a.j.t.JMeterThread: Thread started: S2 1-609
2026-10-03 17:19:19,172 INFO o.a.j.t.JMeterThread: Thread started: S2 1-610
2026-10-03 17:19:19,183 INFO o.a.j.t.JMeterThread: Thread started: S2 1-611
2026-10-03 17:19:19,193 INFO o.a.j.t.JMeterThread: Thread started: S2 1-612
2026-10-03 17:19:19,202 INFO o.a.j.t.JMeterThread: Thread started: S2 1-613
2026-10-03 17:19:19,212 INFO o.a.j.t.JMeterThread: Thread started: S2 1-614
2026-10-03 17:19:19,223 INFO o.a.j.t.JMeterThread: Thread started: S2 1-615
2026-10-03 17:19:19,235 INFO o.a.j.t.JMeterThread: Thread started: S2 1-616
2026-10-03 17:19:19,242 INFO o.a.j.t.JMeterThread: Thread started: S2 1-617
2026-10-03 17:19:19,253 INFO o.a.j.t.JMeterThread: Thread started: S2 1-618
2026-10-03 17:19:19,263 INFO o.a.j.t.JMeterThread: Thread started: S2 1-619
2026-10-03 17:19:19,272 INFO o.a.j.t.JMeterThread: Thread started: S2 1-620
2026-10-03 17:19:19,282 INFO o.a.j.t.JMeterThread: Thread started: S2 1-621
2026-10-03 17:19:19,293 INFO o.a.j.t.JMeterThread: Thread started: S2 1-622
2026-10-03 17:19:19,303 INFO o.a.j.t.JMeterThread: Thread started: S2 1-623
2026-10-03 17:19:19,314 INFO o.a.j.t.JMeterThread: Thread started: S2 1-624
2026-10-03 17:19:19,322 INFO o.a.j.t.JMeterThread: Thread started: S2 1-625
2026-10-03 17:19:19,333 INFO o.a.j.t.JMeterThread: Thread started: S2 1-626
2026-10-03 17:19:19,343 INFO o.a.j.t.JMeterThread: Thread started: S2 1-627
2026-10-03 17:19:19,353 INFO o.a.j.t.JMeterThread: Thread started: S2 1-628
2026-10-03 17:19:19,362 INFO o.a.j.t.JMeterThread: Thread started: S2 1-629
2026-10-03 17:19:19,372 INFO o.a.j.t.JMeterThread: Thread started: S2 1-630
2026-10-03 17:19:19,383 INFO o.a.j.t.JMeterThread: Thread started: S2 1-631
2026-10-03 17:19:19,393 INFO o.a.j.t.JMeterThread: Thread started: S2 1-632
2026-10-03 17:19:19,402 INFO o.a.j.t.JMeterThread: Thread started: S2 1-633
2026-10-03 17:19:19,412 INFO o.a.j.t.JMeterThread: Thread started: S2 1-634
2026-10-03 17:19:19,424 INFO o.a.j.t.JMeterThread: Thread started: S2 1-635
2026-10-03 17:19:19,434 INFO o.a.j.t.JMeterThread: Thread started: S2 1-636
2026-10-03 17:19:19,443 INFO o.a.j.t.JMeterThread: Thread started: S2 1-637
2026-10-03 17:19:19,452 INFO o.a.j.t.JMeterThread: Thread started: S2 1-638
2026-10-03 17:19:19,462 INFO o.a.j.t.JMeterThread: Thread started: S2 1-639
2026-10-03 17:19:19,473 INFO o.a.j.t.JMeterThread: Thread started: S2 1-640
2026-10-03 17:19:19,482 INFO o.a.j.t.JMeterThread: Thread started: S2 1-641
2026-10-03 17:19:19,492 INFO o.a.j.t.JMeterThread: Thread started: S2 1-642
2026-10-03 17:19:19,503 INFO o.a.j.t.JMeterThread: Thread started: S2 1-643
2026-10-03 17:19:19,516 INFO o.a.j.t.JMeterThread: Thread started: S2 1-644
2026-10-03 17:19:19,522 INFO o.a.j.t.JMeterThread: Thread started: S2 1-645
2026-10-03 17:19:19,532 INFO o.a.j.t.JMeterThread: Thread started: S2 1-646
2026-10-03 17:19:19,544 INFO o.a.j.t.JMeterThread: Thread started: S2 1-647
2026-10-03 17:19:19,552 INFO o.a.j.t.JMeterThread: Thread started: S2 1-648
2026-10-03 17:19:19,562 INFO o.a.j.t.JMeterThread: Thread started: S2 1-649
2026-10-03 17:19:19,572 INFO o.a.j.t.JMeterThread: Thread started: S2 1-650
2026-10-03 17:19:19,583 INFO o.a.j.t.JMeterThread: Thread started: S2 1-651
2026-10-03 17:19:19,593 INFO o.a.j.t.JMeterThread: Thread started: S2 1-652
2026-10-03 17:19:19,602 INFO o.a.j.t.JMeterThread: Thread started: S2 1-653
2026-10-03 17:19:19,612 INFO o.a.j.t.JMeterThread: Thread started: S2 1-654
2026-10-03 17:19:19,624 INFO o.a.j.t.JMeterThread: Thread started: S2 1-655
2026-10-03 17:19:19,633 INFO o.a.j.t.JMeterThread: Thread started: S2 1-656
2026-10-03 17:19:19,646 INFO o.a.j.t.JMeterThread: Thread started: S2 1-657
2026-10-03 17:19:19,653 INFO o.a.j.t.JMeterThread: Thread started: S2 1-658
2026-10-03 17:19:19,663 INFO o.a.j.t.JMeterThread: Thread started: S2 1-659
2026-10-03 17:19:19,680 INFO o.a.j.t.JMeterThread: Thread started: S2 1-660
2026-10-03 17:19:19,685 INFO o.a.j.t.JMeterThread: Thread started: S2 1-661
2026-10-03 17:19:19,694 INFO o.a.j.t.JMeterThread: Thread started: S2 1-662
2026-10-03 17:19:19,717 INFO o.a.j.t.JMeterThread: Thread started: S2 1-663
2026-10-03 17:19:19,726 INFO o.a.j.t.JMeterThread: Thread started: S2 1-664
2026-10-03 17:19:19,726 INFO o.a.j.t.JMeterThread: Thread started: S2 1-665
2026-10-03 17:19:19,732 INFO o.a.j.t.JMeterThread: Thread started: S2 1-666
2026-10-03 17:19:19,742 INFO o.a.j.t.JMeterThread: Thread started: S2 1-667
2026-10-03 17:19:19,756 INFO o.a.j.t.JMeterThread: Thread started: S2 1-668
2026-10-03 17:19:19,762 INFO o.a.j.t.JMeterThread: Thread started: S2 1-669
2026-10-03 17:19:19,772 INFO o.a.j.t.JMeterThread: Thread started: S2 1-670
2026-10-03 17:19:19,783 INFO o.a.j.t.JMeterThread: Thread started: S2 1-671
2026-10-03 17:19:19,793 INFO o.a.j.t.JMeterThread: Thread started: S2 1-672
2026-10-03 17:19:19,802 INFO o.a.j.t.JMeterThread: Thread started: S2 1-673
2026-10-03 17:19:19,812 INFO o.a.j.t.JMeterThread: Thread started: S2 1-674
2026-10-03 17:19:19,823 INFO o.a.j.t.JMeterThread: Thread started: S2 1-675
2026-10-03 17:19:19,834 INFO o.a.j.t.JMeterThread: Thread started: S2 1-676
2026-10-03 17:19:19,842 INFO o.a.j.t.JMeterThread: Thread started: S2 1-677
2026-10-03 17:19:19,853 INFO o.a.j.t.JMeterThread: Thread started: S2 1-678
2026-10-03 17:19:19,864 INFO o.a.j.t.JMeterThread: Thread started: S2 1-679
2026-10-03 17:19:19,872 INFO o.a.j.t.JMeterThread: Thread started: S2 1-680
2026-10-03 17:19:19,882 INFO o.a.j.t.JMeterThread: Thread started: S2 1-681
2026-10-03 17:19:19,893 INFO o.a.j.t.JMeterThread: Thread started: S2 1-682
2026-10-03 17:19:19,902 INFO o.a.j.t.JMeterThread: Thread started: S2 1-683
2026-10-03 17:19:19,912 INFO o.a.j.t.JMeterThread: Thread started: S2 1-684
2026-10-03 17:19:19,922 INFO o.a.j.t.JMeterThread: Thread started: S2 1-685
2026-10-03 17:19:19,934 INFO o.a.j.t.JMeterThread: Thread started: S2 1-686
2026-10-03 17:19:19,942 INFO o.a.j.t.JMeterThread: Thread started: S2 1-687
2026-10-03 17:19:19,952 INFO o.a.j.t.JMeterThread: Thread started: S2 1-688
2026-10-03 17:19:19,963 INFO o.a.j.t.JMeterThread: Thread started: S2 1-689
2026-10-03 17:19:19,973 INFO o.a.j.t.JMeterThread: Thread started: S2 1-690
2026-10-03 17:19:19,982 INFO o.a.j.t.JMeterThread: Thread started: S2 1-691
2026-10-03 17:19:19,992 INFO o.a.j.t.JMeterThread: Thread started: S2 1-692
2026-10-03 17:19:20,003 INFO o.a.j.t.JMeterThread: Thread started: S2 1-693
2026-10-03 17:19:20,013 INFO o.a.j.t.JMeterThread: Thread started: S2 1-694
2026-10-03 17:19:20,022 INFO o.a.j.t.JMeterThread: Thread started: S2 1-695
2026-10-03 17:19:20,032 INFO o.a.j.t.JMeterThread: Thread started: S2 1-696
2026-10-03 17:19:20,043 INFO o.a.j.t.JMeterThread: Thread started: S2 1-697
2026-10-03 17:19:20,053 INFO o.a.j.t.JMeterThread: Thread started: S2 1-698
2026-10-03 17:19:20,062 INFO o.a.j.t.JMeterThread: Thread started: S2 1-699
2026-10-03 17:19:20,072 INFO o.a.j.t.JMeterThread: Thread started: S2 1-700
2026-10-03 17:19:20,083 INFO o.a.j.t.JMeterThread: Thread started: S2 1-701
2026-10-03 17:19:20,093 INFO o.a.j.t.JMeterThread: Thread started: S2 1-702
2026-10-03 17:19:20,102 INFO o.a.j.t.JMeterThread: Thread started: S2 1-703
2026-10-03 17:19:20,112 INFO o.a.j.t.JMeterThread: Thread started: S2 1-704
2026-10-03 17:19:20,123 INFO o.a.j.t.JMeterThread: Thread started: S2 1-705
2026-10-03 17:19:20,134 INFO o.a.j.t.JMeterThread: Thread started: S2 1-706
2026-10-03 17:19:20,142 INFO o.a.j.t.JMeterThread: Thread started: S2 1-707
2026-10-03 17:19:20,152 INFO o.a.j.t.JMeterThread: Thread started: S2 1-708
2026-10-03 17:19:20,163 INFO o.a.j.t.JMeterThread: Thread started: S2 1-709
2026-10-03 17:19:20,172 INFO o.a.j.t.JMeterThread: Thread started: S2 1-710
2026-10-03 17:19:20,182 INFO o.a.j.t.JMeterThread: Thread started: S2 1-711
2026-10-03 17:19:20,192 INFO o.a.j.t.JMeterThread: Thread started: S2 1-712
2026-10-03 17:19:20,203 INFO o.a.j.t.JMeterThread: Thread started: S2 1-713
2026-10-03 17:19:20,217 INFO o.a.j.t.JMeterThread: Thread started: S2 1-714
2026-10-03 17:19:20,223 INFO o.a.j.t.JMeterThread: Thread started: S2 1-715
2026-10-03 17:19:20,232 INFO o.a.j.t.JMeterThread: Thread started: S2 1-716
2026-10-03 17:19:20,242 INFO o.a.j.t.JMeterThread: Thread started: S2 1-717
2026-10-03 17:19:20,253 INFO o.a.j.t.JMeterThread: Thread started: S2 1-718
2026-10-03 17:19:20,263 INFO o.a.j.t.JMeterThread: Thread started: S2 1-719
2026-10-03 17:19:20,272 INFO o.a.j.t.JMeterThread: Thread started: S2 1-720
2026-10-03 17:19:20,282 INFO o.a.j.t.JMeterThread: Thread started: S2 1-721
2026-10-03 17:19:20,293 INFO o.a.j.t.JMeterThread: Thread started: S2 1-722
2026-10-03 17:19:20,303 INFO o.a.j.t.JMeterThread: Thread started: S2 1-723
2026-10-03 17:19:20,313 INFO o.a.j.t.JMeterThread: Thread started: S2 1-724
2026-10-03 17:19:20,327 INFO o.a.j.t.JMeterThread: Thread started: S2 1-725
2026-10-03 17:19:20,332 INFO o.a.j.t.JMeterThread: Thread started: S2 1-726
2026-10-03 17:19:20,344 INFO o.a.j.t.JMeterThread: Thread started: S2 1-727
2026-10-03 17:19:20,352 INFO o.a.j.t.JMeterThread: Thread started: S2 1-728
2026-10-03 17:19:20,362 INFO o.a.j.t.JMeterThread: Thread started: S2 1-729
2026-10-03 17:19:20,372 INFO o.a.j.t.JMeterThread: Thread started: S2 1-730
2026-10-03 17:19:20,383 INFO o.a.j.t.JMeterThread: Thread started: S2 1-731
2026-10-03 17:19:20,394 INFO o.a.j.t.JMeterThread: Thread started: S2 1-732
2026-10-03 17:19:20,402 INFO o.a.j.t.JMeterThread: Thread started: S2 1-733
2026-10-03 17:19:20,412 INFO o.a.j.t.JMeterThread: Thread started: S2 1-734
2026-10-03 17:19:20,426 INFO o.a.j.t.JMeterThread: Thread started: S2 1-735
2026-10-03 17:19:20,434 INFO o.a.j.t.JMeterThread: Thread started: S2 1-736
2026-10-03 17:19:20,443 INFO o.a.j.t.JMeterThread: Thread started: S2 1-737
2026-10-03 17:19:20,452 INFO o.a.j.t.JMeterThread: Thread started: S2 1-738
2026-10-03 17:19:20,463 INFO o.a.j.t.JMeterThread: Thread started: S2 1-739
2026-10-03 17:19:20,473 INFO o.a.j.t.JMeterThread: Thread started: S2 1-740
2026-10-03 17:19:20,482 INFO o.a.j.t.JMeterThread: Thread started: S2 1-741
2026-10-03 17:19:20,492 INFO o.a.j.t.JMeterThread: Thread started: S2 1-742
2026-10-03 17:19:20,503 INFO o.a.j.t.JMeterThread: Thread started: S2 1-743
2026-10-03 17:19:20,518 INFO o.a.j.t.JMeterThread: Thread started: S2 1-744
2026-10-03 17:19:20,522 INFO o.a.j.t.JMeterThread: Thread started: S2 1-745
2026-10-03 17:19:20,533 INFO o.a.j.t.JMeterThread: Thread started: S2 1-746
2026-10-03 17:19:20,543 INFO o.a.j.t.JMeterThread: Thread started: S2 1-747
2026-10-03 17:19:20,554 INFO o.a.j.t.JMeterThread: Thread started: S2 1-748
2026-10-03 17:19:20,562 INFO o.a.j.t.JMeterThread: Thread started: S2 1-749
2026-10-03 17:19:20,572 INFO o.a.j.t.JMeterThread: Thread started: S2 1-750
2026-10-03 17:19:20,583 INFO o.a.j.t.JMeterThread: Thread started: S2 1-751
2026-10-03 17:19:20,593 INFO o.a.j.t.JMeterThread: Thread started: S2 1-752
2026-10-03 17:19:20,603 INFO o.a.j.t.JMeterThread: Thread started: S2 1-753
2026-10-03 17:19:20,612 INFO o.a.j.t.JMeterThread: Thread started: S2 1-754
2026-10-03 17:19:20,622 INFO o.a.j.t.JMeterThread: Thread started: S2 1-755
2026-10-03 17:19:20,633 INFO o.a.j.t.JMeterThread: Thread started: S2 1-756
2026-10-03 17:19:20,642 INFO o.a.j.t.JMeterThread: Thread started: S2 1-757
2026-10-03 17:19:20,652 INFO o.a.j.t.JMeterThread: Thread started: S2 1-758
2026-10-03 17:19:20,662 INFO o.a.j.t.JMeterThread: Thread started: S2 1-759
2026-10-03 17:19:20,673 INFO o.a.j.t.JMeterThread: Thread started: S2 1-760
2026-10-03 17:19:20,684 INFO o.a.j.t.JMeterThread: Thread started: S2 1-761
2026-10-03 17:19:20,692 INFO o.a.j.t.JMeterThread: Thread started: S2 1-762
2026-10-03 17:19:20,702 INFO o.a.j.t.JMeterThread: Thread started: S2 1-763
2026-10-03 17:19:20,712 INFO o.a.j.t.JMeterThread: Thread started: S2 1-764
2026-10-03 17:19:20,724 INFO o.a.j.t.JMeterThread: Thread started: S2 1-765
2026-10-03 17:19:20,736 INFO o.a.j.t.JMeterThread: Thread started: S2 1-766
2026-10-03 17:19:20,745 INFO o.a.j.t.JMeterThread: Thread started: S2 1-767
2026-10-03 17:19:20,752 INFO o.a.j.t.JMeterThread: Thread started: S2 1-768
2026-10-03 17:19:20,763 INFO o.a.j.t.JMeterThread: Thread started: S2 1-769
2026-10-03 17:19:20,773 INFO o.a.j.t.JMeterThread: Thread started: S2 1-770
2026-10-03 17:19:20,782 INFO o.a.j.t.JMeterThread: Thread started: S2 1-771
2026-10-03 17:19:20,792 INFO o.a.j.t.JMeterThread: Thread started: S2 1-772
2026-10-03 17:19:20,803 INFO o.a.j.t.JMeterThread: Thread started: S2 1-773
2026-10-03 17:19:20,814 INFO o.a.j.t.JMeterThread: Thread started: S2 1-774
2026-10-03 17:19:20,826 INFO o.a.j.t.JMeterThread: Thread started: S2 1-775
2026-10-03 17:19:20,832 INFO o.a.j.t.JMeterThread: Thread started: S2 1-776
2026-10-03 17:19:20,842 INFO o.a.j.t.JMeterThread: Thread started: S2 1-777
2026-10-03 17:19:20,853 INFO o.a.j.t.JMeterThread: Thread started: S2 1-778
2026-10-03 17:19:20,863 INFO o.a.j.t.JMeterThread: Thread started: S2 1-779
2026-10-03 17:19:20,872 INFO o.a.j.t.JMeterThread: Thread started: S2 1-780
2026-10-03 17:19:20,882 INFO o.a.j.t.JMeterThread: Thread started: S2 1-781
2026-10-03 17:19:20,893 INFO o.a.j.t.JMeterThread: Thread started: S2 1-782
2026-10-03 17:19:20,904 INFO o.a.j.t.JMeterThread: Thread started: S2 1-783
2026-10-03 17:19:20,912 INFO o.a.j.t.JMeterThread: Thread started: S2 1-784
2026-10-03 17:19:20,924 INFO o.a.j.t.JMeterThread: Thread started: S2 1-785
2026-10-03 17:19:20,932 INFO o.a.j.t.JMeterThread: Thread started: S2 1-786
2026-10-03 17:19:20,943 INFO o.a.j.t.JMeterThread: Thread started: S2 1-787
2026-10-03 17:19:20,952 INFO o.a.j.t.JMeterThread: Thread started: S2 1-788
2026-10-03 17:19:20,962 INFO o.a.j.t.JMeterThread: Thread started: S2 1-789
2026-10-03 17:19:20,972 INFO o.a.j.t.JMeterThread: Thread started: S2 1-790
2026-10-03 17:19:20,983 INFO o.a.j.t.JMeterThread: Thread started: S2 1-791
2026-10-03 17:19:20,992 INFO o.a.j.t.JMeterThread: Thread started: S2 1-792
2026-10-03 17:19:21,002 INFO o.a.j.t.JMeterThread: Thread started: S2 1-793
2026-10-03 17:19:21,012 INFO o.a.j.t.JMeterThread: Thread started: S2 1-794
2026-10-03 17:19:21,023 INFO o.a.j.t.JMeterThread: Thread started: S2 1-795
2026-10-03 17:19:21,033 INFO o.a.j.t.JMeterThread: Thread started: S2 1-796
2026-10-03 17:19:21,046 INFO o.a.j.t.JMeterThread: Thread started: S2 1-797
2026-10-03 17:19:21,052 INFO o.a.j.t.JMeterThread: Thread started: S2 1-798
2026-10-03 17:19:21,062 INFO o.a.j.t.JMeterThread: Thread started: S2 1-799
2026-10-03 17:19:21,073 INFO o.a.j.t.JMeterThread: Thread started: S2 1-800
2026-10-03 17:19:21,083 INFO o.a.j.t.JMeterThread: Thread started: S2 1-801
2026-10-03 17:19:21,092 INFO o.a.j.t.JMeterThread: Thread started: S2 1-802
2026-10-03 17:19:21,102 INFO o.a.j.t.JMeterThread: Thread started: S2 1-803
2026-10-03 17:19:21,112 INFO o.a.j.t.JMeterThread: Thread started: S2 1-804
2026-10-03 17:19:21,126 INFO o.a.j.t.JMeterThread: Thread started: S2 1-805
2026-10-03 17:19:21,133 INFO o.a.j.t.JMeterThread: Thread started: S2 1-806
2026-10-03 17:19:21,142 INFO o.a.j.t.JMeterThread: Thread started: S2 1-807
2026-10-03 17:19:21,152 INFO o.a.j.t.JMeterThread: Thread started: S2 1-808
2026-10-03 17:19:21,163 INFO o.a.j.t.JMeterThread: Thread started: S2 1-809
2026-10-03 17:19:21,173 INFO o.a.j.t.JMeterThread: Thread started: S2 1-810
2026-10-03 17:19:21,183 INFO o.a.j.t.JMeterThread: Thread started: S2 1-811
2026-10-03 17:19:21,192 INFO o.a.j.t.JMeterThread: Thread started: S2 1-812
2026-10-03 17:19:21,202 INFO o.a.j.t.JMeterThread: Thread started: S2 1-813
2026-10-03 17:19:21,214 INFO o.a.j.t.JMeterThread: Thread started: S2 1-814
2026-10-03 17:19:21,223 INFO o.a.j.t.JMeterThread: Thread started: S2 1-815
2026-10-03 17:19:21,232 INFO o.a.j.t.JMeterThread: Thread started: S2 1-816
2026-10-03 17:19:21,242 INFO o.a.j.t.JMeterThread: Thread started: S2 1-817
2026-10-03 17:19:21,254 INFO o.a.j.t.JMeterThread: Thread started: S2 1-818
2026-10-03 17:19:21,263 INFO o.a.j.t.JMeterThread: Thread started: S2 1-819
2026-10-03 17:19:21,273 INFO o.a.j.t.JMeterThread: Thread started: S2 1-820
2026-10-03 17:19:21,282 INFO o.a.j.t.JMeterThread: Thread started: S2 1-821
2026-10-03 17:19:21,292 INFO o.a.j.t.JMeterThread: Thread started: S2 1-822
2026-10-03 17:19:21,303 INFO o.a.j.t.JMeterThread: Thread started: S2 1-823
2026-10-03 17:19:21,313 INFO o.a.j.t.JMeterThread: Thread started: S2 1-824
2026-10-03 17:19:21,322 INFO o.a.j.t.JMeterThread: Thread started: S2 1-825
2026-10-03 17:19:21,334 INFO o.a.j.t.JMeterThread: Thread started: S2 1-826
2026-10-03 17:19:21,342 INFO o.a.j.t.JMeterThread: Thread started: S2 1-827
2026-10-03 17:19:21,353 INFO o.a.j.t.JMeterThread: Thread started: S2 1-828
2026-10-03 17:19:21,363 INFO o.a.j.t.JMeterThread: Thread started: S2 1-829
2026-10-03 17:19:21,372 INFO o.a.j.t.JMeterThread: Thread started: S2 1-830
2026-10-03 17:19:21,382 INFO o.a.j.t.JMeterThread: Thread started: S2 1-831
2026-10-03 17:19:21,393 INFO o.a.j.t.JMeterThread: Thread started: S2 1-832
2026-10-03 17:19:21,402 INFO o.a.j.t.JMeterThread: Thread started: S2 1-833
2026-10-03 17:19:21,412 INFO o.a.j.t.JMeterThread: Thread started: S2 1-834
2026-10-03 17:19:21,422 INFO o.a.j.t.JMeterThread: Thread started: S2 1-835
2026-10-03 17:19:21,434 INFO o.a.j.t.JMeterThread: Thread started: S2 1-836
2026-10-03 17:19:21,443 INFO o.a.j.t.JMeterThread: Thread started: S2 1-837
2026-10-03 17:19:21,453 INFO o.a.j.t.JMeterThread: Thread started: S2 1-838
2026-10-03 17:19:21,462 INFO o.a.j.t.JMeterThread: Thread started: S2 1-839
2026-10-03 17:19:21,472 INFO o.a.j.t.JMeterThread: Thread started: S2 1-840
2026-10-03 17:19:21,483 INFO o.a.j.t.JMeterThread: Thread started: S2 1-841
2026-10-03 17:19:21,493 INFO o.a.j.t.JMeterThread: Thread started: S2 1-842
2026-10-03 17:19:21,502 INFO o.a.j.t.JMeterThread: Thread started: S2 1-843
2026-10-03 17:19:21,512 INFO o.a.j.t.JMeterThread: Thread started: S2 1-844
2026-10-03 17:19:21,526 INFO o.a.j.t.JMeterThread: Thread started: S2 1-845
2026-10-03 17:19:21,533 INFO o.a.j.t.JMeterThread: Thread started: S2 1-846
2026-10-03 17:19:21,543 INFO o.a.j.t.JMeterThread: Thread started: S2 1-847
2026-10-03 17:19:21,552 INFO o.a.j.t.JMeterThread: Thread started: S2 1-848
2026-10-03 17:19:21,562 INFO o.a.j.t.JMeterThread: Thread started: S2 1-849
2026-10-03 17:19:21,573 INFO o.a.j.t.JMeterThread: Thread started: S2 1-850
2026-10-03 17:19:21,583 INFO o.a.j.t.JMeterThread: Thread started: S2 1-851
2026-10-03 17:19:21,592 INFO o.a.j.t.JMeterThread: Thread started: S2 1-852
2026-10-03 17:19:21,602 INFO o.a.j.t.JMeterThread: Thread started: S2 1-853
2026-10-03 17:19:21,612 INFO o.a.j.t.JMeterThread: Thread started: S2 1-854
2026-10-03 17:19:21,624 INFO o.a.j.t.JMeterThread: Thread started: S2 1-855
2026-10-03 17:19:21,633 INFO o.a.j.t.JMeterThread: Thread started: S2 1-856
2026-10-03 17:19:21,644 INFO o.a.j.t.JMeterThread: Thread started: S2 1-857
2026-10-03 17:19:21,652 INFO o.a.j.t.JMeterThread: Thread started: S2 1-858
2026-10-03 17:19:21,663 INFO o.a.j.t.JMeterThread: Thread started: S2 1-859
2026-10-03 17:19:21,673 INFO o.a.j.t.JMeterThread: Thread started: S2 1-860
2026-10-03 17:19:21,683 INFO o.a.j.t.JMeterThread: Thread started: S2 1-861
2026-10-03 17:19:21,692 INFO o.a.j.t.JMeterThread: Thread started: S2 1-862
2026-10-03 17:19:21,702 INFO o.a.j.t.JMeterThread: Thread started: S2 1-863
2026-10-03 17:19:21,718 INFO o.a.j.t.JMeterThread: Thread started: S2 1-864
2026-10-03 17:19:21,722 INFO o.a.j.t.JMeterThread: Thread started: S2 1-865
2026-10-03 17:19:21,732 INFO o.a.j.t.JMeterThread: Thread started: S2 1-866
2026-10-03 17:19:21,742 INFO o.a.j.t.JMeterThread: Thread started: S2 1-867
2026-10-03 17:19:21,753 INFO o.a.j.t.JMeterThread: Thread started: S2 1-868
2026-10-03 17:19:21,764 INFO o.a.j.t.JMeterThread: Thread started: S2 1-869
2026-10-03 17:19:21,772 INFO o.a.j.t.JMeterThread: Thread started: S2 1-870
2026-10-03 17:19:21,782 INFO o.a.j.t.JMeterThread: Thread started: S2 1-871
2026-10-03 17:19:21,792 INFO o.a.j.t.JMeterThread: Thread started: S2 1-872
2026-10-03 17:19:21,803 INFO o.a.j.t.JMeterThread: Thread started: S2 1-873
2026-10-03 17:19:21,814 INFO o.a.j.t.JMeterThread: Thread started: S2 1-874
2026-10-03 17:19:21,822 INFO o.a.j.t.JMeterThread: Thread started: S2 1-875
2026-10-03 17:19:21,832 INFO o.a.j.t.JMeterThread: Thread started: S2 1-876
2026-10-03 17:19:21,842 INFO o.a.j.t.JMeterThread: Thread started: S2 1-877
2026-10-03 17:19:21,853 INFO o.a.j.t.JMeterThread: Thread started: S2 1-878
2026-10-03 17:19:21,863 INFO o.a.j.t.JMeterThread: Thread started: S2 1-879
2026-10-03 17:19:21,872 INFO o.a.j.t.JMeterThread: Thread started: S2 1-880
2026-10-03 17:19:21,882 INFO o.a.j.t.JMeterThread: Thread started: S2 1-881
2026-10-03 17:19:21,893 INFO o.a.j.t.JMeterThread: Thread started: S2 1-882
2026-10-03 17:19:21,904 INFO o.a.j.t.JMeterThread: Thread started: S2 1-883
2026-10-03 17:19:21,912 INFO o.a.j.t.JMeterThread: Thread started: S2 1-884
2026-10-03 17:19:21,922 INFO o.a.j.t.JMeterThread: Thread started: S2 1-885
2026-10-03 17:19:21,932 INFO o.a.j.t.JMeterThread: Thread started: S2 1-886
2026-10-03 17:19:21,944 INFO o.a.j.t.JMeterThread: Thread started: S2 1-887
2026-10-03 17:19:21,953 INFO o.a.j.t.JMeterThread: Thread started: S2 1-888
2026-10-03 17:19:21,962 INFO o.a.j.t.JMeterThread: Thread started: S2 1-889
2026-10-03 17:19:21,973 INFO o.a.j.t.JMeterThread: Thread started: S2 1-890
2026-10-03 17:19:21,984 INFO o.a.j.t.JMeterThread: Thread started: S2 1-891
2026-10-03 17:19:21,992 INFO o.a.j.t.JMeterThread: Thread started: S2 1-892
2026-10-03 17:19:22,002 INFO o.a.j.t.JMeterThread: Thread started: S2 1-893
2026-10-03 17:19:22,012 INFO o.a.j.t.JMeterThread: Thread started: S2 1-894
2026-10-03 17:19:22,023 INFO o.a.j.t.JMeterThread: Thread started: S2 1-895
2026-10-03 17:19:22,032 INFO o.a.j.t.JMeterThread: Thread started: S2 1-896
2026-10-03 17:19:22,042 INFO o.a.j.t.JMeterThread: Thread started: S2 1-897
2026-10-03 17:19:22,054 INFO o.a.j.t.JMeterThread: Thread started: S2 1-898
2026-10-03 17:19:22,062 INFO o.a.j.t.JMeterThread: Thread started: S2 1-899
2026-10-03 17:19:22,072 INFO o.a.j.t.JMeterThread: Thread started: S2 1-900
2026-10-03 17:19:22,084 INFO o.a.j.t.JMeterThread: Thread started: S2 1-901
2026-10-03 17:19:22,093 INFO o.a.j.t.JMeterThread: Thread started: S2 1-902
2026-10-03 17:19:22,114 INFO o.a.j.t.JMeterThread: Thread started: S2 1-904
2026-10-03 17:19:22,123 INFO o.a.j.t.JMeterThread: Thread started: S2 1-905
2026-10-03 17:19:22,124 INFO o.a.j.t.JMeterThread: Thread started: S2 1-903
2026-10-03 17:19:22,132 INFO o.a.j.t.JMeterThread: Thread started: S2 1-906
2026-10-03 17:19:22,159 INFO o.a.j.t.JMeterThread: Thread started: S2 1-907
2026-10-03 17:19:22,164 INFO o.a.j.t.JMeterThread: Thread started: S2 1-908
2026-10-03 17:19:22,173 INFO o.a.j.t.JMeterThread: Thread started: S2 1-909
2026-10-03 17:19:22,183 INFO o.a.j.t.JMeterThread: Thread started: S2 1-910
2026-10-03 17:19:22,183 INFO o.a.j.t.JMeterThread: Thread started: S2 1-911
2026-10-03 17:19:22,192 INFO o.a.j.t.JMeterThread: Thread started: S2 1-912
2026-10-03 17:19:22,203 INFO o.a.j.t.JMeterThread: Thread started: S2 1-913
2026-10-03 17:19:22,212 INFO o.a.j.t.JMeterThread: Thread started: S2 1-914
2026-10-03 17:19:22,223 INFO o.a.j.t.JMeterThread: Thread started: S2 1-915
2026-10-03 17:19:22,232 INFO o.a.j.t.JMeterThread: Thread started: S2 1-916
2026-10-03 17:19:22,243 INFO o.a.j.t.JMeterThread: Thread started: S2 1-917
2026-10-03 17:19:22,252 INFO o.a.j.t.JMeterThread: Thread started: S2 1-918
2026-10-03 17:19:22,262 INFO o.a.j.t.JMeterThread: Thread started: S2 1-919
2026-10-03 17:19:22,272 INFO o.a.j.t.JMeterThread: Thread started: S2 1-920
2026-10-03 17:19:22,283 INFO o.a.j.t.JMeterThread: Thread started: S2 1-921
2026-10-03 17:19:22,293 INFO o.a.j.t.JMeterThread: Thread started: S2 1-922
2026-10-03 17:19:22,302 INFO o.a.j.t.JMeterThread: Thread started: S2 1-923
2026-10-03 17:19:22,317 INFO o.a.j.t.JMeterThread: Thread started: S2 1-924
2026-10-03 17:19:22,323 INFO o.a.j.t.JMeterThread: Thread started: S2 1-925
2026-10-03 17:19:22,334 INFO o.a.j.t.JMeterThread: Thread started: S2 1-926
2026-10-03 17:19:22,342 INFO o.a.j.t.JMeterThread: Thread started: S2 1-927
2026-10-03 17:19:22,353 INFO o.a.j.t.JMeterThread: Thread started: S2 1-928
2026-10-03 17:19:22,362 INFO o.a.j.t.JMeterThread: Thread started: S2 1-929
2026-10-03 17:19:22,372 INFO o.a.j.t.JMeterThread: Thread started: S2 1-930
2026-10-03 17:19:22,382 INFO o.a.j.t.JMeterThread: Thread started: S2 1-931
2026-10-03 17:19:22,393 INFO o.a.j.t.JMeterThread: Thread started: S2 1-932
2026-10-03 17:19:22,404 INFO o.a.j.t.JMeterThread: Thread started: S2 1-933
2026-10-03 17:19:22,412 INFO o.a.j.t.JMeterThread: Thread started: S2 1-934
2026-10-03 17:19:22,422 INFO o.a.j.t.JMeterThread: Thread started: S2 1-935
2026-10-03 17:19:22,432 INFO o.a.j.t.JMeterThread: Thread started: S2 1-936
2026-10-03 17:19:22,444 INFO o.a.j.t.JMeterThread: Thread started: S2 1-937
2026-10-03 17:19:22,452 INFO o.a.j.t.JMeterThread: Thread started: S2 1-938
2026-10-03 17:19:22,462 INFO o.a.j.t.JMeterThread: Thread started: S2 1-939
2026-10-03 17:19:22,472 INFO o.a.j.t.JMeterThread: Thread started: S2 1-940
2026-10-03 17:19:22,484 INFO o.a.j.t.JMeterThread: Thread started: S2 1-941
2026-10-03 17:19:22,492 INFO o.a.j.t.JMeterThread: Thread started: S2 1-942
2026-10-03 17:19:22,502 INFO o.a.j.t.JMeterThread: Thread started: S2 1-943
2026-10-03 17:19:22,512 INFO o.a.j.t.JMeterThread: Thread started: S2 1-944
2026-10-03 17:19:22,524 INFO o.a.j.t.JMeterThread: Thread started: S2 1-945
2026-10-03 17:19:22,532 INFO o.a.j.t.JMeterThread: Thread started: S2 1-946
2026-10-03 17:19:22,542 INFO o.a.j.t.JMeterThread: Thread started: S2 1-947
2026-10-03 17:19:22,553 INFO o.a.j.t.JMeterThread: Thread started: S2 1-948
2026-10-03 17:19:22,564 INFO o.a.j.t.JMeterThread: Thread started: S2 1-949
2026-10-03 17:19:22,572 INFO o.a.j.t.JMeterThread: Thread started: S2 1-950
2026-10-03 17:19:22,582 INFO o.a.j.t.JMeterThread: Thread started: S2 1-951
2026-10-03 17:19:22,594 INFO o.a.j.t.JMeterThread: Thread started: S2 1-952
2026-10-03 17:19:22,602 INFO o.a.j.t.JMeterThread: Thread started: S2 1-953
2026-10-03 17:19:22,612 INFO o.a.j.t.JMeterThread: Thread started: S2 1-954
2026-10-03 17:19:22,623 INFO o.a.j.t.JMeterThread: Thread started: S2 1-955
2026-10-03 17:19:22,634 INFO o.a.j.t.JMeterThread: Thread started: S2 1-956
2026-10-03 17:19:22,642 INFO o.a.j.t.JMeterThread: Thread started: S2 1-957
2026-10-03 17:19:22,652 INFO o.a.j.t.JMeterThread: Thread started: S2 1-958
2026-10-03 17:19:22,663 INFO o.a.j.t.JMeterThread: Thread started: S2 1-959
2026-10-03 17:19:22,673 INFO o.a.j.t.JMeterThread: Thread started: S2 1-960
2026-10-03 17:19:22,682 INFO o.a.j.t.JMeterThread: Thread started: S2 1-961
2026-10-03 17:19:22,692 INFO o.a.j.t.JMeterThread: Thread started: S2 1-962
2026-10-03 17:19:22,704 INFO o.a.j.t.JMeterThread: Thread started: S2 1-963
2026-10-03 17:19:22,712 INFO o.a.j.t.JMeterThread: Thread started: S2 1-964
2026-10-03 17:19:22,722 INFO o.a.j.t.JMeterThread: Thread started: S2 1-965
2026-10-03 17:19:22,733 INFO o.a.j.t.JMeterThread: Thread started: S2 1-966
2026-10-03 17:19:22,743 INFO o.a.j.t.JMeterThread: Thread started: S2 1-967
2026-10-03 17:19:22,753 INFO o.a.j.t.JMeterThread: Thread started: S2 1-968
2026-10-03 17:19:22,762 INFO o.a.j.t.JMeterThread: Thread started: S2 1-969
2026-10-03 17:19:22,772 INFO o.a.j.t.JMeterThread: Thread started: S2 1-970
2026-10-03 17:19:22,784 INFO o.a.j.t.JMeterThread: Thread started: S2 1-971
2026-10-03 17:19:22,793 INFO o.a.j.t.JMeterThread: Thread started: S2 1-972
2026-10-03 17:19:22,802 INFO o.a.j.t.JMeterThread: Thread started: S2 1-973
2026-10-03 17:19:22,818 INFO o.a.j.t.JMeterThread: Thread started: S2 1-974
2026-10-03 17:19:22,822 INFO o.a.j.t.JMeterThread: Thread started: S2 1-975
2026-10-03 17:19:22,838 INFO o.a.j.t.JMeterThread: Thread started: S2 1-976
2026-10-03 17:19:22,843 INFO o.a.j.t.JMeterThread: Thread started: S2 1-977
2026-10-03 17:19:22,852 INFO o.a.j.t.JMeterThread: Thread started: S2 1-978
2026-10-03 17:19:22,862 INFO o.a.j.t.JMeterThread: Thread started: S2 1-979
2026-10-03 17:19:22,873 INFO o.a.j.t.JMeterThread: Thread started: S2 1-980
2026-10-03 17:19:22,882 INFO o.a.j.t.JMeterThread: Thread started: S2 1-981
2026-10-03 17:19:22,892 INFO o.a.j.t.JMeterThread: Thread started: S2 1-982
2026-10-03 17:19:22,902 INFO o.a.j.t.JMeterThread: Thread started: S2 1-983
2026-10-03 17:19:22,918 INFO o.a.j.t.JMeterThread: Thread started: S2 1-984
2026-10-03 17:19:22,922 INFO o.a.j.t.JMeterThread: Thread started: S2 1-985
2026-10-03 17:19:22,932 INFO o.a.j.t.JMeterThread: Thread started: S2 1-986
2026-10-03 17:19:22,942 INFO o.a.j.t.JMeterThread: Thread started: S2 1-987
2026-10-03 17:19:22,953 INFO o.a.j.t.JMeterThread: Thread started: S2 1-988
2026-10-03 17:19:22,963 INFO o.a.j.t.JMeterThread: Thread started: S2 1-989
2026-10-03 17:19:22,972 INFO o.a.j.t.JMeterThread: Thread started: S2 1-990
2026-10-03 17:19:22,982 INFO o.a.j.t.JMeterThread: Thread started: S2 1-991
2026-10-03 17:19:22,994 INFO o.a.j.t.JMeterThread: Thread started: S2 1-992
2026-10-03 17:19:23,002 INFO o.a.j.t.JMeterThread: Thread started: S2 1-993
2026-10-03 17:19:23,012 INFO o.a.j.t.JMeterThread: Thread started: S2 1-994
2026-10-03 17:19:23,026 INFO o.a.j.t.JMeterThread: Thread started: S2 1-995
2026-10-03 17:19:23,033 INFO o.a.j.t.JMeterThread: Thread started: S2 1-996
2026-10-03 17:19:23,042 INFO o.a.j.t.JMeterThread: Thread started: S2 1-997
2026-10-03 17:19:23,052 INFO o.a.j.t.JMeterThread: Thread started: S2 1-998
2026-10-03 17:19:23,064 INFO o.a.j.t.JMeterThread: Thread started: S2 1-999
2026-10-03 17:19:23,072 INFO o.a.j.t.JMeterThread: Thread started: S2 1-1000
2026-10-03 17:19:30,020 INFO o.a.j.r.Summariser: summary +   2089 in 00:00:18 =  117.7/s Avg:  3797 Min:    51 Max:  7722 Err:     0 (0.00%) Active: 1000 Started: 1000 Finished: 0
2026-10-03 17:20:00,027 INFO o.a.j.r.Summariser: summary +   4057 in 00:00:30 =  135.2/s Avg:  7512 Min:  5922 Max:  9130 Err:     0 (0.00%) Active: 1000 Started: 1000 Finished: 0
2026-10-03 17:20:00,028 INFO o.a.j.r.Summariser: summary =   6146 in 00:00:48 =  128.7/s Avg:  6249 Min:    51 Max:  9130 Err:     0 (0.00%)
2026-10-03 17:20:13,268 INFO o.a.j.t.JMeterThread: Stopping because end time detected by thread: S2 1-27
2026-10-03 17:20:13,268 INFO o.a.j.t.JMeterThread: Thread finished: S2 1-27
2026-10-03 17:20:13,337 INFO o.a.j.t.JMeterThread: Stopping because end time detected by thread: S2 1-171
2026-10-03 17:20:13,337 INFO o.a.j.t.JMeterThread: Thread finished: S2 1-171
2026-10-03 17:20:13,342 INFO o.a.j.t.JMeterThread: Stopping because end time detected by thread: S2 1-95
2026-10-03 17:20:13,342 INFO o.a.j.t.JMeterThread: Thread finished: S2 1-95
2026-10-03 17:20:13,345 INFO o.a.j.t.JMeterThread: Stopping because end time detected by thread: S2 1-128
2026-10-03 17:20:13,345 INFO o.a.j.t.JMeterThread: Thread finished: S2 1-128
2026-10-03 17:20:13,366 INFO o.a.j.t.JMeterThread: Stopping because end time detected by thread: S2 1-197
2026-10-03 17:20:13,366 INFO o.a.j.t.JMeterThread: Thread finished: S2 1-197
2026-10-03 17:20:13,366 INFO o.a.j.t.JMeterThread: Stopping because end time detected by thread: S2 1-17
2026-10-03 17:20:13,367 INFO o.a.j.t.JMeterThread: Thread finished: S2 1-17
2026-10-03 17:20:13,437 INFO o.a.j.t.JMeterThread: Stopping because end time detected by thread: S2 1-77
2026-10-03 17:20:13,437 INFO o.a.j.t.JMeterThread: Thread finished: S2 1-77
2026-10-03 17:20:13,438 INFO o.a.j.t.JMeterThread: Stopping because end time detected by thread: S2 1-272
2026-10-03 17:20:13,438 INFO o.a.j.t.JMeterThread: Thread finished: S2 1-272
2026-10-03 17:20:13,441 INFO o.a.j.t.JMeterThread: Stopping because end time detected by thread: S2 1-56
2026-10-03 17:20:13,441 INFO o.a.j.t.JMeterThread: Thread finished: S2 1-56
2026-10-03 17:20:13,451 INFO o.a.j.t.JMeterThread: Stopping because end time detected by thread: S2 1-184
2026-10-03 17:20:13,452 INFO o.a.j.t.JMeterThread: Thread finished: S2 1-184
2026-10-03 17:20:13,456 INFO o.a.j.t.JMeterThread: Stopping because end time detected by thread: S2 1-181
2026-10-03 17:20:13,456 INFO o.a.j.t.JMeterThread: Thread finished: S2 1-181
2026-10-03 17:20:13,460 INFO o.a.j.t.JMeterThread: Stopping because end time detected by thread: S2 1-75
2026-10-03 17:20:13,460 INFO o.a.j.t.JMeterThread: Thread finished: S2 1-75
2026-10-03 17:20:13,461 INFO o.a.j.t.JMeterThread: Stopping because end time detected by thread: S2 1-286
2026-10-03 17:20:13,461 INFO o.a.j.t.JMeterThread: Thread finished: S2 1-286
2026-10-03 17:20:13,467 INFO o.a.j.t.JMeterThread: Stopping because end time detected by thread: S2 1-125
2026-10-03 17:20:13,467 INFO o.a.j.t.JMeterThread: Thread finished: S2 1-125
2026-10-03 17:20:13,549 INFO o.a.j.t.JMeterThread: Stopping because end time detected by thread: S2 1-441
2026-10-03 17:20:13,549 INFO o.a.j.t.JMeterThread: Thread finished: S2 1-441
2026-10-03 17:20:13,551 INFO o.a.j.t.JMeterThread: Stopping because end time detected by thread: S2 1-140
2026-10-03 17:20:13,551 INFO o.a.j.t.JMeterThread: Thread finished: S2 1-140
2026-10-03 17:20:13,552 INFO o.a.j.t.JMeterThread: Stopping because end time detected by thread: S2 1-299
2026-10-03 17:20:13,553 INFO o.a.j.t.JMeterThread: Thread finished: S2 1-299
2026-10-03 17:20:13,562 INFO o.a.j.t.JMeterThread: Stopping because end time detected by thread: S2 1-3
2026-10-03 17:20:13,562 INFO o.a.j.t.JMeterThread: Thread finished: S2 1-3
2026-10-03 17:20:13,568 INFO o.a.j.t.JMeterThread: Stopping because end time detected by thread: S2 1-151
2026-10-03 17:20:13,568 INFO o.a.j.t.JMeterThread: Thread finished: S2 1-151
2026-10-03 17:20:13,633 INFO o.a.j.t.JMeterThread: Stopping because end time detected by thread: S2 1-275
2026-10-03 17:20:13,633 INFO o.a.j.t.JMeterThread: Thread finished: S2 1-275
2026-10-03 17:20:13,642 INFO o.a.j.t.JMeterThread: Stopping because end time detected by thread: S2 1-233
2026-10-03 17:20:13,642 INFO o.a.j.t.JMeterThread: Thread finished: S2 1-233
2026-10-03 17:20:13,734 INFO o.a.j.t.JMeterThread: Stopping because end time detected by thread: S2 1-270
2026-10-03 17:20:13,734 INFO o.a.j.t.JMeterThread: Thread finished: S2 1-270
2026-10-03 17:20:13,736 INFO o.a.j.t.JMeterThread: Stopping because end time detected by thread: S2 1-594
2026-10-03 17:20:13,736 INFO o.a.j.t.JMeterThread: Thread finished: S2 1-594
2026-10-03 17:20:13,737 INFO o.a.j.t.JMeterThread: Stopping because end time detected by thread: S2 1-70
2026-10-03 17:20:13,737 INFO o.a.j.t.JMeterThread: Thread finished: S2 1-70
2026-10-03 17:20:13,742 INFO o.a.j.t.JMeterThread: Stopping because end time detected by thread: S2 1-481
2026-10-03 17:20:13,743 INFO o.a.j.t.JMeterThread: Thread finished: S2 1-481
2026-10-03 17:20:13,746 INFO o.a.j.t.JMeterThread: Stopping because end time detected by thread: S2 1-355
2026-10-03 17:20:13,746 INFO o.a.j.t.JMeterThread: Thread finished: S2 1-355
2026-10-03 17:20:13,749 INFO o.a.j.t.JMeterThread: Stopping because end time detected by thread: S2 1-808
2026-10-03 17:20:13,750 INFO o.a.j.t.JMeterThread: Thread finished: S2 1-808
2026-10-03 17:20:13,750 INFO o.a.j.t.JMeterThread: Stopping because end time detected by thread: S2 1-30
2026-10-03 17:20:13,750 INFO o.a.j.t.JMeterThread: Thread finished: S2 1-30
2026-10-03 17:20:13,750 INFO o.a.j.t.JMeterThread: Stopping because end time detected by thread: S2 1-457
2026-10-03 17:20:13,750 INFO o.a.j.t.JMeterThread: Thread finished: S2 1-457
2026-10-03 17:20:13,752 INFO o.a.j.t.JMeterThread: Stopping because end time detected by thread: S2 1-555
2026-10-03 17:20:13,752 INFO o.a.j.t.JMeterThread: Thread finished: S2 1-555
2026-10-03 17:20:13,752 INFO o.a.j.t.JMeterThread: Stopping because end time detected by thread: S2 1-246
2026-10-03 17:20:13,752 INFO o.a.j.t.JMeterThread: Thread finished: S2 1-246
2026-10-03 17:20:13,754 INFO o.a.j.t.JMeterThread: Stopping because end time detected by thread: S2 1-266
2026-10-03 17:20:13,754 INFO o.a.j.t.JMeterThread: Thread finished: S2 1-266
2026-10-03 17:20:13,755 INFO o.a.j.t.JMeterThread: Stopping because end time detected by thread: S2 1-807
2026-10-03 17:20:13,756 INFO o.a.j.t.JMeterThread: Thread finished: S2 1-807
2026-10-03 17:20:13,756 INFO o.a.j.t.JMeterThread: Stopping because end time detected by thread: S2 1-359
2026-10-03 17:20:13,756 INFO o.a.j.t.JMeterThread: Thread finished: S2 1-359
2026-10-03 17:20:13,761 INFO o.a.j.t.JMeterThread: Stopping because end time detected by thread: S2 1-363
2026-10-03 17:20:13,761 INFO o.a.j.t.JMeterThread: Thread finished: S2 1-363
2026-10-03 17:20:13,764 INFO o.a.j.t.JMeterThread: Stopping because end time detected by thread: S2 1-349
2026-10-03 17:20:13,764 INFO o.a.j.t.JMeterThread: Thread finished: S2 1-349
2026-10-03 17:20:13,764 INFO o.a.j.t.JMeterThread: Stopping because end time detected by thread: S2 1-595
2026-10-03 17:20:13,764 INFO o.a.j.t.JMeterThread: Thread finished: S2 1-595
2026-10-03 17:20:13,834 INFO o.a.j.t.JMeterThread: Stopping because end time detected by thread: S2 1-519
2026-10-03 17:20:13,834 INFO o.a.j.t.JMeterThread: Thread finished: S2 1-519
2026-10-03 17:20:13,844 INFO o.a.j.t.JMeterThread: Stopping because end time detected by thread: S2 1-83
2026-10-03 17:20:13,844 INFO o.a.j.t.JMeterThread: Thread finished: S2 1-83
2026-10-03 17:20:13,848 INFO o.a.j.t.JMeterThread: Stopping because end time detected by thread: S2 1-587
2026-10-03 17:20:13,848 INFO o.a.j.t.JMeterThread: Thread finished: S2 1-587
2026-10-03 17:20:13,852 INFO o.a.j.t.JMeterThread: Stopping because end time detected by thread: S2 1-176
2026-10-03 17:20:13,852 INFO o.a.j.t.JMeterThread: Thread finished: S2 1-176
2026-10-03 17:20:13,855 INFO o.a.j.t.JMeterThread: Stopping because end time detected by thread: S2 1-551
2026-10-03 17:20:13,856 INFO o.a.j.t.JMeterThread: Thread finished: S2 1-551
2026-10-03 17:20:13,858 INFO o.a.j.t.JMeterThread: Stopping because end time detected by thread: S2 1-877
2026-10-03 17:20:13,858 INFO o.a.j.t.JMeterThread: Thread finished: S2 1-877
2026-10-03 17:20:13,859 INFO o.a.j.t.JMeterThread: Stopping because end time detected by thread: S2 1-101
2026-10-03 17:20:13,859 INFO o.a.j.t.JMeterThread: Thread finished: S2 1-101
2026-10-03 17:20:13,862 INFO o.a.j.t.JMeterThread: Stopping because end time detected by thread: S2 1-965
2026-10-03 17:20:13,862 INFO o.a.j.t.JMeterThread: Thread finished: S2 1-965
2026-10-03 17:20:13,864 INFO o.a.j.t.JMeterThread: Stopping because end time detected by thread: S2 1-277
2026-10-03 17:20:13,864 INFO o.a.j.t.JMeterThread: Thread finished: S2 1-277
2026-10-03 17:20:13,864 INFO o.a.j.t.JMeterThread: Stopping because end time detected by thread: S2 1-72
2026-10-03 17:20:13,864 INFO o.a.j.t.JMeterThread: Thread finished: S2 1-72
2026-10-03 17:20:13,867 INFO o.a.j.t.JMeterThread: Stopping because end time detected by thread: S2 1-578
2026-10-03 17:20:13,867 INFO o.a.j.t.JMeterThread: Thread finished: S2 1-578
2026-10-03 17:20:13,867 INFO o.a.j.t.JMeterThread: Stopping because end time detected by thread: S2 1-209
2026-10-03 17:20:13,867 INFO o.a.j.t.JMeterThread: Thread finished: S2 1-209
2026-10-03 17:20:13,873 INFO o.a.j.t.JMeterThread: Stopping because end time detected by thread: S2 1-752
2026-10-03 17:20:13,873 INFO o.a.j.t.JMeterThread: Thread finished: S2 1-752
2026-10-03 17:20:13,935 INFO o.a.j.t.JMeterThread: Stopping because end time detected by thread: S2 1-477
2026-10-03 17:20:13,935 INFO o.a.j.t.JMeterThread: Thread finished: S2 1-477
2026-10-03 17:20:13,937 INFO o.a.j.t.JMeterThread: Stopping because end time detected by thread: S2 1-63
2026-10-03 17:20:13,937 INFO o.a.j.t.JMeterThread: Thread finished: S2 1-63
2026-10-03 17:20:13,938 INFO o.a.j.t.JMeterThread: Stopping because end time detected by thread: S2 1-283
2026-10-03 17:20:13,938 INFO o.a.j.t.JMeterThread: Thread finished: S2 1-283
2026-10-03 17:20:13,938 INFO o.a.j.t.JMeterThread: Stopping because end time detected by thread: S2 1-598
2026-10-03 17:20:13,938 INFO o.a.j.t.JMeterThread: Thread finished: S2 1-598
2026-10-03 17:20:13,940 INFO o.a.j.t.JMeterThread: Stopping because end time detected by thread: S2 1-504
2026-10-03 17:20:13,941 INFO o.a.j.t.JMeterThread: Thread finished: S2 1-504
2026-10-03 17:20:13,942 INFO o.a.j.t.JMeterThread: Stopping because end time detected by thread: S2 1-889
2026-10-03 17:20:13,942 INFO o.a.j.t.JMeterThread: Thread finished: S2 1-889
2026-10-03 17:20:13,942 INFO o.a.j.t.JMeterThread: Stopping because end time detected by thread: S2 1-159
2026-10-03 17:20:13,942 INFO o.a.j.t.JMeterThread: Thread finished: S2 1-159
2026-10-03 17:20:13,943 INFO o.a.j.t.JMeterThread: Stopping because end time detected by thread: S2 1-941
2026-10-03 17:20:13,943 INFO o.a.j.t.JMeterThread: Thread finished: S2 1-941
2026-10-03 17:20:13,947 INFO o.a.j.t.JMeterThread: Stopping because end time detected by thread: S2 1-839
2026-10-03 17:20:13,947 INFO o.a.j.t.JMeterThread: Thread finished: S2 1-839
2026-10-03 17:20:13,957 INFO o.a.j.t.JMeterThread: Stopping because end time detected by thread: S2 1-591
2026-10-03 17:20:13,957 INFO o.a.j.t.JMeterThread: Thread finished: S2 1-591
2026-10-03 17:20:13,958 INFO o.a.j.t.JMeterThread: Stopping because end time detected by thread: S2 1-367
2026-10-03 17:20:13,958 INFO o.a.j.t.JMeterThread: Thread finished: S2 1-367
2026-10-03 17:20:13,958 INFO o.a.j.t.JMeterThread: Stopping because end time detected by thread: S2 1-607
2026-10-03 17:20:13,958 INFO o.a.j.t.JMeterThread: Thread finished: S2 1-607
2026-10-03 17:20:13,960 INFO o.a.j.t.JMeterThread: Stopping because end time detected by thread: S2 1-893
2026-10-03 17:20:13,960 INFO o.a.j.t.JMeterThread: Thread finished: S2 1-893
2026-10-03 17:20:13,961 INFO o.a.j.t.JMeterThread: Stopping because end time detected by thread: S2 1-973
2026-10-03 17:20:13,961 INFO o.a.j.t.JMeterThread: Thread finished: S2 1-973
2026-10-03 17:20:13,965 INFO o.a.j.t.JMeterThread: Stopping because end time detected by thread: S2 1-169
2026-10-03 17:20:13,965 INFO o.a.j.t.JMeterThread: Thread finished: S2 1-169
2026-10-03 17:20:13,967 INFO o.a.j.t.JMeterThread: Stopping because end time detected by thread: S2 1-37
2026-10-03 17:20:13,967 INFO o.a.j.t.JMeterThread: Thread finished: S2 1-37
2026-10-03 17:20:13,967 INFO o.a.j.t.JMeterThread: Stopping because end time detected by thread: S2 1-579
2026-10-03 17:20:13,967 INFO o.a.j.t.JMeterThread: Thread finished: S2 1-579
2026-10-03 17:20:14,034 INFO o.a.j.t.JMeterThread: Stopping because end time detected by thread: S2 1-189
2026-10-03 17:20:14,034 INFO o.a.j.t.JMeterThread: Thread finished: S2 1-189
2026-10-03 17:20:14,037 INFO o.a.j.t.JMeterThread: Stopping because end time detected by thread: S2 1-913
2026-10-03 17:20:14,037 INFO o.a.j.t.JMeterThread: Thread finished: S2 1-913
2026-10-03 17:20:14,037 INFO o.a.j.t.JMeterThread: Stopping because end time detected by thread: S2 1-571
2026-10-03 17:20:14,037 INFO o.a.j.t.JMeterThread: Thread finished: S2 1-571
2026-10-03 17:20:14,038 INFO o.a.j.t.JMeterThread: Stopping because end time detected by thread: S2 1-469
2026-10-03 17:20:14,038 INFO o.a.j.t.JMeterThread: Thread finished: S2 1-469
2026-10-03 17:20:14,045 INFO o.a.j.t.JMeterThread: Stopping because end time detected by thread: S2 1-430
2026-10-03 17:20:14,045 INFO o.a.j.t.JMeterThread: Thread finished: S2 1-430
2026-10-03 17:20:14,046 INFO o.a.j.t.JMeterThread: Stopping because end time detected by thread: S2 1-574
2026-10-03 17:20:14,046 INFO o.a.j.t.JMeterThread: Thread finished: S2 1-574
2026-10-03 17:20:14,059 INFO o.a.j.t.JMeterThread: Stopping because end time detected by thread: S2 1-297
2026-10-03 17:20:14,059 INFO o.a.j.t.JMeterThread: Thread finished: S2 1-297
2026-10-03 17:20:14,067 INFO o.a.j.t.JMeterThread: Stopping because end time detected by thread: S2 1-969
2026-10-03 17:20:14,067 INFO o.a.j.t.JMeterThread: Stopping because end time detected by thread: S2 1-998
2026-10-03 17:20:14,067 INFO o.a.j.t.JMeterThread: Thread finished: S2 1-969
2026-10-03 17:20:14,067 INFO o.a.j.t.JMeterThread: Thread finished: S2 1-998
2026-10-03 17:20:14,068 INFO o.a.j.t.JMeterThread: Stopping because end time detected by thread: S2 1-444
2026-10-03 17:20:14,069 INFO o.a.j.t.JMeterThread: Thread finished: S2 1-444
2026-10-03 17:20:14,137 INFO o.a.j.t.JMeterThread: Stopping because end time detected by thread: S2 1-634
2026-10-03 17:20:14,137 INFO o.a.j.t.JMeterThread: Thread finished: S2 1-634
2026-10-03 17:20:14,138 INFO o.a.j.t.JMeterThread: Stopping because end time detected by thread: S2 1-921
2026-10-03 17:20:14,138 INFO o.a.j.t.JMeterThread: Thread finished: S2 1-921
2026-10-03 17:20:14,139 INFO o.a.j.t.JMeterThread: Stopping because end time detected by thread: S2 1-512
2026-10-03 17:20:14,139 INFO o.a.j.t.JMeterThread: Thread finished: S2 1-512
2026-10-03 17:20:14,140 INFO o.a.j.t.JMeterThread: Stopping because end time detected by thread: S2 1-949
2026-10-03 17:20:14,140 INFO o.a.j.t.JMeterThread: Thread finished: S2 1-949
2026-10-03 17:20:14,140 INFO o.a.j.t.JMeterThread: Stopping because end time detected by thread: S2 1-933
2026-10-03 17:20:14,140 INFO o.a.j.t.JMeterThread: Thread finished: S2 1-933
2026-10-03 17:20:14,141 INFO o.a.j.t.JMeterThread: Stopping because end time detected by thread: S2 1-49
2026-10-03 17:20:14,141 INFO o.a.j.t.JMeterThread: Thread finished: S2 1-49
2026-10-03 17:20:14,142 INFO o.a.j.t.JMeterThread: Stopping because end time detected by thread: S2 1-994
2026-10-03 17:20:14,142 INFO o.a.j.t.JMeterThread: Thread finished: S2 1-994
2026-10-03 17:20:14,144 INFO o.a.j.t.JMeterThread: Stopping because end time detected by thread: S2 1-152
2026-10-03 17:20:14,148 INFO o.a.j.t.JMeterThread: Thread finished: S2 1-152
2026-10-03 17:20:14,151 INFO o.a.j.t.JMeterThread: Stopping because end time detected by thread: S2 1-618
2026-10-03 17:20:14,151 INFO o.a.j.t.JMeterThread: Thread finished: S2 1-618
2026-10-03 17:20:14,164 INFO o.a.j.t.JMeterThread: Stopping because end time detected by thread: S2 1-180
2026-10-03 17:20:14,165 INFO o.a.j.t.JMeterThread: Thread finished: S2 1-180
2026-10-03 17:20:14,165 INFO o.a.j.t.JMeterThread: Stopping because end time detected by thread: S2 1-164
2026-10-03 17:20:14,165 INFO o.a.j.t.JMeterThread: Thread finished: S2 1-164
2026-10-03 17:20:14,168 INFO o.a.j.t.JMeterThread: Stopping because end time detected by thread: S2 1-864
2026-10-03 17:20:14,168 INFO o.a.j.t.JMeterThread: Thread finished: S2 1-864
2026-10-03 17:20:14,169 INFO o.a.j.t.JMeterThread: Stopping because end time detected by thread: S2 1-824
2026-10-03 17:20:14,169 INFO o.a.j.t.JMeterThread: Thread finished: S2 1-824
2026-10-03 17:20:14,173 INFO o.a.j.t.JMeterThread: Stopping because end time detected by thread: S2 1-865
2026-10-03 17:20:14,173 INFO o.a.j.t.JMeterThread: Thread finished: S2 1-865
2026-10-03 17:20:14,237 INFO o.a.j.t.JMeterThread: Stopping because end time detected by thread: S2 1-516
2026-10-03 17:20:14,237 INFO o.a.j.t.JMeterThread: Stopping because end time detected by thread: S2 1-909
2026-10-03 17:20:14,237 INFO o.a.j.t.JMeterThread: Thread finished: S2 1-516
2026-10-03 17:20:14,237 INFO o.a.j.t.JMeterThread: Thread finished: S2 1-909
2026-10-03 17:20:14,243 INFO o.a.j.t.JMeterThread: Stopping because end time detected by thread: S2 1-135
2026-10-03 17:20:14,243 INFO o.a.j.t.JMeterThread: Thread finished: S2 1-135
2026-10-03 17:20:14,247 INFO o.a.j.t.JMeterThread: Stopping because end time detected by thread: S2 1-860
2026-10-03 17:20:14,247 INFO o.a.j.t.JMeterThread: Thread finished: S2 1-860
2026-10-03 17:20:14,248 INFO o.a.j.t.JMeterThread: Stopping because end time detected by thread: S2 1-492
2026-10-03 17:20:14,248 INFO o.a.j.t.JMeterThread: Thread finished: S2 1-492
2026-10-03 17:20:14,260 INFO o.a.j.t.JMeterThread: Stopping because end time detected by thread: S2 1-559
2026-10-03 17:20:14,260 INFO o.a.j.t.JMeterThread: Thread finished: S2 1-559
2026-10-03 17:20:14,268 INFO o.a.j.t.JMeterThread: Stopping because end time detected by thread: S2 1-543
2026-10-03 17:20:14,268 INFO o.a.j.t.JMeterThread: Thread finished: S2 1-543
2026-10-03 17:20:14,271 INFO o.a.j.t.JMeterThread: Stopping because end time detected by thread: S2 1-104
2026-10-03 17:20:14,271 INFO o.a.j.t.JMeterThread: Thread finished: S2 1-104
2026-10-03 17:20:14,274 INFO o.a.j.t.JMeterThread: Stopping because end time detected by thread: S2 1-7
2026-10-03 17:20:14,274 INFO o.a.j.t.JMeterThread: Thread finished: S2 1-7
2026-10-03 17:20:14,336 INFO o.a.j.t.JMeterThread: Stopping because end time detected by thread: S2 1-15
2026-10-03 17:20:14,336 INFO o.a.j.t.JMeterThread: Thread finished: S2 1-15
2026-10-03 17:20:14,341 INFO o.a.j.t.JMeterThread: Stopping because end time detected by thread: S2 1-784
2026-10-03 17:20:14,341 INFO o.a.j.t.JMeterThread: Thread finished: S2 1-784
2026-10-03 17:20:14,343 INFO o.a.j.t.JMeterThread: Stopping because end time detected by thread: S2 1-129
2026-10-03 17:20:14,343 INFO o.a.j.t.JMeterThread: Thread finished: S2 1-129
2026-10-03 17:20:14,344 INFO o.a.j.t.JMeterThread: Stopping because end time detected by thread: S2 1-599
2026-10-03 17:20:14,345 INFO o.a.j.t.JMeterThread: Thread finished: S2 1-599
2026-10-03 17:20:14,345 INFO o.a.j.t.JMeterThread: Stopping because end time detected by thread: S2 1-655
2026-10-03 17:20:14,345 INFO o.a.j.t.JMeterThread: Thread finished: S2 1-655
2026-10-03 17:20:14,345 INFO o.a.j.t.JMeterThread: Stopping because end time detected by thread: S2 1-901
2026-10-03 17:20:14,346 INFO o.a.j.t.JMeterThread: Thread finished: S2 1-901
2026-10-03 17:20:14,348 INFO o.a.j.t.JMeterThread: Stopping because end time detected by thread: S2 1-872
2026-10-03 17:20:14,348 INFO o.a.j.t.JMeterThread: Thread finished: S2 1-872
2026-10-03 17:20:14,355 INFO o.a.j.t.JMeterThread: Stopping because end time detected by thread: S2 1-201
2026-10-03 17:20:14,355 INFO o.a.j.t.JMeterThread: Thread finished: S2 1-201
2026-10-03 17:20:14,355 INFO o.a.j.t.JMeterThread: Stopping because end time detected by thread: S2 1-147
2026-10-03 17:20:14,355 INFO o.a.j.t.JMeterThread: Thread finished: S2 1-147
2026-10-03 17:20:14,356 INFO o.a.j.t.JMeterThread: Stopping because end time detected by thread: S2 1-610
2026-10-03 17:20:14,356 INFO o.a.j.t.JMeterThread: Thread finished: S2 1-610
2026-10-03 17:20:14,364 INFO o.a.j.t.JMeterThread: Stopping because end time detected by thread: S2 1-491
2026-10-03 17:20:14,364 INFO o.a.j.t.JMeterThread: Thread finished: S2 1-491
2026-10-03 17:20:14,367 INFO o.a.j.t.JMeterThread: Stopping because end time detected by thread: S2 1-287
2026-10-03 17:20:14,367 INFO o.a.j.t.JMeterThread: Thread finished: S2 1-287
2026-10-03 17:20:14,369 INFO o.a.j.t.JMeterThread: Stopping because end time detected by thread: S2 1-606
2026-10-03 17:20:14,369 INFO o.a.j.t.JMeterThread: Thread finished: S2 1-606
2026-10-03 17:20:14,369 INFO o.a.j.t.JMeterThread: Stopping because end time detected by thread: S2 1-829
2026-10-03 17:20:14,369 INFO o.a.j.t.JMeterThread: Stopping because end time detected by thread: S2 1-566
2026-10-03 17:20:14,369 INFO o.a.j.t.JMeterThread: Thread finished: S2 1-829
2026-10-03 17:20:14,369 INFO o.a.j.t.JMeterThread: Thread finished: S2 1-566
2026-10-03 17:20:14,436 INFO o.a.j.t.JMeterThread: Stopping because end time detected by thread: S2 1-961
2026-10-03 17:20:14,436 INFO o.a.j.t.JMeterThread: Thread finished: S2 1-961
2026-10-03 17:20:14,444 INFO o.a.j.t.JMeterThread: Stopping because end time detected by thread: S2 1-532
2026-10-03 17:20:14,445 INFO o.a.j.t.JMeterThread: Thread finished: S2 1-532
2026-10-03 17:20:14,451 INFO o.a.j.t.JMeterThread: Stopping because end time detected by thread: S2 1-305
2026-10-03 17:20:14,452 INFO o.a.j.t.JMeterThread: Thread finished: S2 1-305
2026-10-03 17:20:14,468 INFO o.a.j.t.JMeterThread: Stopping because end time detected by thread: S2 1-624
2026-10-03 17:20:14,468 INFO o.a.j.t.JMeterThread: Thread finished: S2 1-624
2026-10-03 17:20:14,475 INFO o.a.j.t.JMeterThread: Stopping because end time detected by thread: S2 1-626
2026-10-03 17:20:14,475 INFO o.a.j.t.JMeterThread: Thread finished: S2 1-626
2026-10-03 17:20:14,476 INFO o.a.j.t.JMeterThread: Stopping because end time detected by thread: S2 1-630
2026-10-03 17:20:14,476 INFO o.a.j.t.JMeterThread: Thread finished: S2 1-630
2026-10-03 17:20:14,477 INFO o.a.j.t.JMeterThread: Stopping because end time detected by thread: S2 1-856
2026-10-03 17:20:14,478 INFO o.a.j.t.JMeterThread: Thread finished: S2 1-856
2026-10-03 17:20:14,479 INFO o.a.j.t.JMeterThread: Stopping because end time detected by thread: S2 1-948
2026-10-03 17:20:14,479 INFO o.a.j.t.JMeterThread: Thread finished: S2 1-948
2026-10-03 17:20:14,536 INFO o.a.j.t.JMeterThread: Stopping because end time detected by thread: S2 1-213
2026-10-03 17:20:14,537 INFO o.a.j.t.JMeterThread: Thread finished: S2 1-213
2026-10-03 17:20:14,538 INFO o.a.j.t.JMeterThread: Stopping because end time detected by thread: S2 1-274
2026-10-03 17:20:14,538 INFO o.a.j.t.JMeterThread: Thread finished: S2 1-274
2026-10-03 17:20:14,538 INFO o.a.j.t.JMeterThread: Stopping because end time detected by thread: S2 1-540
2026-10-03 17:20:14,538 INFO o.a.j.t.JMeterThread: Thread finished: S2 1-540
2026-10-03 17:20:14,543 INFO o.a.j.t.JMeterThread: Stopping because end time detected by thread: S2 1-836
2026-10-03 17:20:14,544 INFO o.a.j.t.JMeterThread: Thread finished: S2 1-836
2026-10-03 17:20:14,544 INFO o.a.j.t.JMeterThread: Stopping because end time detected by thread: S2 1-369
2026-10-03 17:20:14,544 INFO o.a.j.t.JMeterThread: Thread finished: S2 1-369
2026-10-03 17:20:14,553 INFO o.a.j.t.JMeterThread: Stopping because end time detected by thread: S2 1-567
2026-10-03 17:20:14,553 INFO o.a.j.t.JMeterThread: Thread finished: S2 1-567
2026-10-03 17:20:14,555 INFO o.a.j.t.JMeterThread: Stopping because end time detected by thread: S2 1-892
2026-10-03 17:20:14,555 INFO o.a.j.t.JMeterThread: Thread finished: S2 1-892
2026-10-03 17:20:14,561 INFO o.a.j.t.JMeterThread: Stopping because end time detected by thread: S2 1-371
2026-10-03 17:20:14,561 INFO o.a.j.t.JMeterThread: Thread finished: S2 1-371
2026-10-03 17:20:14,564 INFO o.a.j.t.JMeterThread: Stopping because end time detected by thread: S2 1-132
2026-10-03 17:20:14,564 INFO o.a.j.t.JMeterThread: Thread finished: S2 1-132
2026-10-03 17:20:14,566 INFO o.a.j.t.JMeterThread: Stopping because end time detected by thread: S2 1-642
2026-10-03 17:20:14,566 INFO o.a.j.t.JMeterThread: Thread finished: S2 1-642
2026-10-03 17:20:14,568 INFO o.a.j.t.JMeterThread: Stopping because end time detected by thread: S2 1-387
2026-10-03 17:20:14,569 INFO o.a.j.t.JMeterThread: Thread finished: S2 1-387
2026-10-03 17:20:14,572 INFO o.a.j.t.JMeterThread: Stopping because end time detected by thread: S2 1-497
2026-10-03 17:20:14,572 INFO o.a.j.t.JMeterThread: Thread finished: S2 1-497
2026-10-03 17:20:14,632 INFO o.a.j.t.JMeterThread: Stopping because end time detected by thread: S2 1-852
2026-10-03 17:20:14,633 INFO o.a.j.t.JMeterThread: Thread finished: S2 1-852
2026-10-03 17:20:14,633 INFO o.a.j.t.JMeterThread: Stopping because end time detected by thread: S2 1-485
2026-10-03 17:20:14,634 INFO o.a.j.t.JMeterThread: Thread finished: S2 1-485
2026-10-03 17:20:14,635 INFO o.a.j.t.JMeterThread: Stopping because end time detected by thread: S2 1-289
2026-10-03 17:20:14,635 INFO o.a.j.t.JMeterThread: Thread finished: S2 1-289
2026-10-03 17:20:14,635 INFO o.a.j.t.JMeterThread: Stopping because end time detected by thread: S2 1-937
2026-10-03 17:20:14,635 INFO o.a.j.t.JMeterThread: Thread finished: S2 1-937
2026-10-03 17:20:14,636 INFO o.a.j.t.JMeterThread: Stopping because end time detected by thread: S2 1-464
2026-10-03 17:20:14,636 INFO o.a.j.t.JMeterThread: Thread finished: S2 1-464
2026-10-03 17:20:14,638 INFO o.a.j.t.JMeterThread: Stopping because end time detected by thread: S2 1-113
2026-10-03 17:20:14,639 INFO o.a.j.t.JMeterThread: Thread finished: S2 1-113
2026-10-03 17:20:14,642 INFO o.a.j.t.JMeterThread: Stopping because end time detected by thread: S2 1-11
2026-10-03 17:20:14,642 INFO o.a.j.t.JMeterThread: Thread finished: S2 1-11
2026-10-03 17:20:14,643 INFO o.a.j.t.JMeterThread: Stopping because end time detected by thread: S2 1-895
2026-10-03 17:20:14,643 INFO o.a.j.t.JMeterThread: Thread finished: S2 1-895
2026-10-03 17:20:14,643 INFO o.a.j.t.JMeterThread: Stopping because end time detected by thread: S2 1-981
2026-10-03 17:20:14,643 INFO o.a.j.t.JMeterThread: Thread finished: S2 1-981
2026-10-03 17:20:14,646 INFO o.a.j.t.JMeterThread: Stopping because end time detected by thread: S2 1-217
2026-10-03 17:20:14,646 INFO o.a.j.t.JMeterThread: Thread finished: S2 1-217
2026-10-03 17:20:14,647 INFO o.a.j.t.JMeterThread: Stopping because end time detected by thread: S2 1-537
2026-10-03 17:20:14,647 INFO o.a.j.t.JMeterThread: Thread finished: S2 1-537
2026-10-03 17:20:14,648 INFO o.a.j.t.JMeterThread: Stopping because end time detected by thread: S2 1-48
2026-10-03 17:20:14,648 INFO o.a.j.t.JMeterThread: Thread finished: S2 1-48
2026-10-03 17:20:14,653 INFO o.a.j.t.JMeterThread: Stopping because end time detected by thread: S2 1-880
2026-10-03 17:20:14,653 INFO o.a.j.t.JMeterThread: Thread finished: S2 1-880
2026-10-03 17:20:14,654 INFO o.a.j.t.JMeterThread: Stopping because end time detected by thread: S2 1-131
2026-10-03 17:20:14,654 INFO o.a.j.t.JMeterThread: Thread finished: S2 1-131
2026-10-03 17:20:14,663 INFO o.a.j.t.JMeterThread: Stopping because end time detected by thread: S2 1-658
2026-10-03 17:20:14,663 INFO o.a.j.t.JMeterThread: Thread finished: S2 1-658
2026-10-03 17:20:14,666 INFO o.a.j.t.JMeterThread: Stopping because end time detected by thread: S2 1-383
2026-10-03 17:20:14,666 INFO o.a.j.t.JMeterThread: Thread finished: S2 1-383
2026-10-03 17:20:14,736 INFO o.a.j.t.JMeterThread: Stopping because end time detected by thread: S2 1-71
2026-10-03 17:20:14,736 INFO o.a.j.t.JMeterThread: Thread finished: S2 1-71
2026-10-03 17:20:14,736 INFO o.a.j.t.JMeterThread: Stopping because end time detected by thread: S2 1-546
2026-10-03 17:20:14,737 INFO o.a.j.t.JMeterThread: Thread finished: S2 1-546
2026-10-03 17:20:14,737 INFO o.a.j.t.JMeterThread: Stopping because end time detected by thread: S2 1-94
2026-10-03 17:20:14,737 INFO o.a.j.t.JMeterThread: Thread finished: S2 1-94
2026-10-03 17:20:14,738 INFO o.a.j.t.JMeterThread: Stopping because end time detected by thread: S2 1-993
2026-10-03 17:20:14,738 INFO o.a.j.t.JMeterThread: Thread finished: S2 1-993
2026-10-03 17:20:14,741 INFO o.a.j.t.JMeterThread: Stopping because end time detected by thread: S2 1-53
2026-10-03 17:20:14,741 INFO o.a.j.t.JMeterThread: Thread finished: S2 1-53
2026-10-03 17:20:14,744 INFO o.a.j.t.JMeterThread: Stopping because end time detected by thread: S2 1-468
2026-10-03 17:20:14,745 INFO o.a.j.t.JMeterThread: Thread finished: S2 1-468
2026-10-03 17:20:14,750 INFO o.a.j.t.JMeterThread: Stopping because end time detected by thread: S2 1-868
2026-10-03 17:20:14,750 INFO o.a.j.t.JMeterThread: Thread finished: S2 1-868
2026-10-03 17:20:14,761 INFO o.a.j.t.JMeterThread: Stopping because end time detected by thread: S2 1-225
2026-10-03 17:20:14,761 INFO o.a.j.t.JMeterThread: Thread finished: S2 1-225
2026-10-03 17:20:14,762 INFO o.a.j.t.JMeterThread: Stopping because end time detected by thread: S2 1-156
2026-10-03 17:20:14,762 INFO o.a.j.t.JMeterThread: Thread finished: S2 1-156
2026-10-03 17:20:14,764 INFO o.a.j.t.JMeterThread: Stopping because end time detected by thread: S2 1-295
2026-10-03 17:20:14,764 INFO o.a.j.t.JMeterThread: Stopping because end time detected by thread: S2 1-306
2026-10-03 17:20:14,764 INFO o.a.j.t.JMeterThread: Thread finished: S2 1-295
2026-10-03 17:20:14,764 INFO o.a.j.t.JMeterThread: Thread finished: S2 1-306
2026-10-03 17:20:14,765 INFO o.a.j.t.JMeterThread: Stopping because end time detected by thread: S2 1-986
2026-10-03 17:20:14,765 INFO o.a.j.t.JMeterThread: Thread finished: S2 1-986
2026-10-03 17:20:14,768 INFO o.a.j.t.JMeterThread: Stopping because end time detected by thread: S2 1-309
2026-10-03 17:20:14,768 INFO o.a.j.t.JMeterThread: Thread finished: S2 1-309
2026-10-03 17:20:14,773 INFO o.a.j.t.JMeterThread: Stopping because end time detected by thread: S2 1-888
2026-10-03 17:20:14,773 INFO o.a.j.t.JMeterThread: Thread finished: S2 1-888
2026-10-03 17:20:14,836 INFO o.a.j.t.JMeterThread: Stopping because end time detected by thread: S2 1-884
2026-10-03 17:20:14,836 INFO o.a.j.t.JMeterThread: Thread finished: S2 1-884
2026-10-03 17:20:14,837 INFO o.a.j.t.JMeterThread: Stopping because end time detected by thread: S2 1-917
2026-10-03 17:20:14,837 INFO o.a.j.t.JMeterThread: Thread finished: S2 1-917
2026-10-03 17:20:14,837 INFO o.a.j.t.JMeterThread: Stopping because end time detected by thread: S2 1-102
2026-10-03 17:20:14,837 INFO o.a.j.t.JMeterThread: Thread finished: S2 1-102
2026-10-03 17:20:14,838 INFO o.a.j.t.JMeterThread: Stopping because end time detected by thread: S2 1-953
2026-10-03 17:20:14,838 INFO o.a.j.t.JMeterThread: Thread finished: S2 1-953
2026-10-03 17:20:14,841 INFO o.a.j.t.JMeterThread: Stopping because end time detected by thread: S2 1-202
2026-10-03 17:20:14,841 INFO o.a.j.t.JMeterThread: Thread finished: S2 1-202
2026-10-03 17:20:14,849 INFO o.a.j.t.JMeterThread: Stopping because end time detected by thread: S2 1-379
2026-10-03 17:20:14,849 INFO o.a.j.t.JMeterThread: Thread finished: S2 1-379
2026-10-03 17:20:14,852 INFO o.a.j.t.JMeterThread: Stopping because end time detected by thread: S2 1-912
2026-10-03 17:20:14,852 INFO o.a.j.t.JMeterThread: Thread finished: S2 1-912
2026-10-03 17:20:14,856 INFO o.a.j.t.JMeterThread: Stopping because end time detected by thread: S2 1-513
2026-10-03 17:20:14,856 INFO o.a.j.t.JMeterThread: Thread finished: S2 1-513
2026-10-03 17:20:14,857 INFO o.a.j.t.JMeterThread: Stopping because end time detected by thread: S2 1-85
2026-10-03 17:20:14,857 INFO o.a.j.t.JMeterThread: Thread finished: S2 1-85
2026-10-03 17:20:14,860 INFO o.a.j.t.JMeterThread: Stopping because end time detected by thread: S2 1-985
2026-10-03 17:20:14,860 INFO o.a.j.t.JMeterThread: Thread finished: S2 1-985
2026-10-03 17:20:14,861 INFO o.a.j.t.JMeterThread: Stopping because end time detected by thread: S2 1-957
2026-10-03 17:20:14,861 INFO o.a.j.t.JMeterThread: Thread finished: S2 1-957
2026-10-03 17:20:14,862 INFO o.a.j.t.JMeterThread: Stopping because end time detected by thread: S2 1-602
2026-10-03 17:20:14,862 INFO o.a.j.t.JMeterThread: Thread finished: S2 1-602
2026-10-03 17:20:14,863 INFO o.a.j.t.JMeterThread: Stopping because end time detected by thread: S2 1-654
2026-10-03 17:20:14,863 INFO o.a.j.t.JMeterThread: Thread finished: S2 1-654
2026-10-03 17:20:14,863 INFO o.a.j.t.JMeterThread: Stopping because end time detected by thread: S2 1-303
2026-10-03 17:20:14,863 INFO o.a.j.t.JMeterThread: Thread finished: S2 1-303
2026-10-03 17:20:14,869 INFO o.a.j.t.JMeterThread: Stopping because end time detected by thread: S2 1-876
2026-10-03 17:20:14,869 INFO o.a.j.t.JMeterThread: Thread finished: S2 1-876
2026-10-03 17:20:14,871 INFO o.a.j.t.JMeterThread: Stopping because end time detected by thread: S2 1-544
2026-10-03 17:20:14,871 INFO o.a.j.t.JMeterThread: Thread finished: S2 1-544
2026-10-03 17:20:14,872 INFO o.a.j.t.JMeterThread: Stopping because end time detected by thread: S2 1-321
2026-10-03 17:20:14,872 INFO o.a.j.t.JMeterThread: Thread finished: S2 1-321
2026-10-03 17:20:14,935 INFO o.a.j.t.JMeterThread: Stopping because end time detected by thread: S2 1-536
2026-10-03 17:20:14,935 INFO o.a.j.t.JMeterThread: Thread finished: S2 1-536
2026-10-03 17:20:14,936 INFO o.a.j.t.JMeterThread: Stopping because end time detected by thread: S2 1-92
2026-10-03 17:20:14,936 INFO o.a.j.t.JMeterThread: Thread finished: S2 1-92
2026-10-03 17:20:14,939 INFO o.a.j.t.JMeterThread: Stopping because end time detected by thread: S2 1-650
2026-10-03 17:20:14,939 INFO o.a.j.t.JMeterThread: Thread finished: S2 1-650
2026-10-03 17:20:14,941 INFO o.a.j.t.JMeterThread: Stopping because end time detected by thread: S2 1-290
2026-10-03 17:20:14,941 INFO o.a.j.t.JMeterThread: Thread finished: S2 1-290
2026-10-03 17:20:14,947 INFO o.a.j.t.JMeterThread: Stopping because end time detected by thread: S2 1-952
2026-10-03 17:20:14,947 INFO o.a.j.t.JMeterThread: Thread finished: S2 1-952
2026-10-03 17:20:14,951 INFO o.a.j.t.JMeterThread: Stopping because end time detected by thread: S2 1-575
2026-10-03 17:20:14,951 INFO o.a.j.t.JMeterThread: Thread finished: S2 1-575
2026-10-03 17:20:14,951 INFO o.a.j.t.JMeterThread: Stopping because end time detected by thread: S2 1-614
2026-10-03 17:20:14,951 INFO o.a.j.t.JMeterThread: Thread finished: S2 1-614
2026-10-03 17:20:14,953 INFO o.a.j.t.JMeterThread: Stopping because end time detected by thread: S2 1-520
2026-10-03 17:20:14,953 INFO o.a.j.t.JMeterThread: Thread finished: S2 1-520
2026-10-03 17:20:14,956 INFO o.a.j.t.JMeterThread: Stopping because end time detected by thread: S2 1-552
2026-10-03 17:20:14,957 INFO o.a.j.t.JMeterThread: Thread finished: S2 1-552
2026-10-03 17:20:14,964 INFO o.a.j.t.JMeterThread: Stopping because end time detected by thread: S2 1-293
2026-10-03 17:20:14,964 INFO o.a.j.t.JMeterThread: Thread finished: S2 1-293
2026-10-03 17:20:15,032 INFO o.a.j.t.JMeterThread: Stopping because end time detected by thread: S2 1-403
2026-10-03 17:20:15,032 INFO o.a.j.t.JMeterThread: Thread finished: S2 1-403
2026-10-03 17:20:15,033 INFO o.a.j.t.JMeterThread: Stopping because end time detected by thread: S2 1-160
2026-10-03 17:20:15,033 INFO o.a.j.t.JMeterThread: Thread finished: S2 1-160
2026-10-03 17:20:15,035 INFO o.a.j.t.JMeterThread: Stopping because end time detected by thread: S2 1-317
2026-10-03 17:20:15,035 INFO o.a.j.t.JMeterThread: Thread finished: S2 1-317
2026-10-03 17:20:15,035 INFO o.a.j.t.JMeterThread: Stopping because end time detected by thread: S2 1-166
2026-10-03 17:20:15,035 INFO o.a.j.t.JMeterThread: Thread finished: S2 1-166
2026-10-03 17:20:15,036 INFO o.a.j.t.JMeterThread: Stopping because end time detected by thread: S2 1-248
2026-10-03 17:20:15,036 INFO o.a.j.t.JMeterThread: Thread finished: S2 1-248
2026-10-03 17:20:15,046 INFO o.a.j.t.JMeterThread: Stopping because end time detected by thread: S2 1-183
2026-10-03 17:20:15,046 INFO o.a.j.t.JMeterThread: Thread finished: S2 1-183
2026-10-03 17:20:15,053 INFO o.a.j.t.JMeterThread: Stopping because end time detected by thread: S2 1-221
2026-10-03 17:20:15,053 INFO o.a.j.t.JMeterThread: Thread finished: S2 1-221
2026-10-03 17:20:15,058 INFO o.a.j.t.JMeterThread: Stopping because end time detected by thread: S2 1-638
2026-10-03 17:20:15,058 INFO o.a.j.t.JMeterThread: Thread finished: S2 1-638
2026-10-03 17:20:15,059 INFO o.a.j.t.JMeterThread: Stopping because end time detected by thread: S2 1-318
2026-10-03 17:20:15,059 INFO o.a.j.t.JMeterThread: Thread finished: S2 1-318
2026-10-03 17:20:15,062 INFO o.a.j.t.JMeterThread: Stopping because end time detected by thread: S2 1-662
2026-10-03 17:20:15,062 INFO o.a.j.t.JMeterThread: Thread finished: S2 1-662
2026-10-03 17:20:15,062 INFO o.a.j.t.JMeterThread: Stopping because end time detected by thread: S2 1-533
2026-10-03 17:20:15,062 INFO o.a.j.t.JMeterThread: Thread finished: S2 1-533
2026-10-03 17:20:15,064 INFO o.a.j.t.JMeterThread: Stopping because end time detected by thread: S2 1-47
2026-10-03 17:20:15,064 INFO o.a.j.t.JMeterThread: Thread finished: S2 1-47
2026-10-03 17:20:15,064 INFO o.a.j.t.JMeterThread: Stopping because end time detected by thread: S2 1-64
2026-10-03 17:20:15,065 INFO o.a.j.t.JMeterThread: Thread finished: S2 1-64
2026-10-03 17:20:15,065 INFO o.a.j.t.JMeterThread: Stopping because end time detected by thread: S2 1-325
2026-10-03 17:20:15,065 INFO o.a.j.t.JMeterThread: Thread finished: S2 1-325
2026-10-03 17:20:15,072 INFO o.a.j.t.JMeterThread: Stopping because end time detected by thread: S2 1-564
2026-10-03 17:20:15,072 INFO o.a.j.t.JMeterThread: Thread finished: S2 1-564
2026-10-03 17:20:15,137 INFO o.a.j.t.JMeterThread: Stopping because end time detected by thread: S2 1-517
2026-10-03 17:20:15,137 INFO o.a.j.t.JMeterThread: Thread finished: S2 1-517
2026-10-03 17:20:15,147 INFO o.a.j.t.JMeterThread: Stopping because end time detected by thread: S2 1-282
2026-10-03 17:20:15,147 INFO o.a.j.t.JMeterThread: Thread finished: S2 1-282
2026-10-03 17:20:15,148 INFO o.a.j.t.JMeterThread: Stopping because end time detected by thread: S2 1-646
2026-10-03 17:20:15,148 INFO o.a.j.t.JMeterThread: Thread finished: S2 1-646
2026-10-03 17:20:15,157 INFO o.a.j.t.JMeterThread: Stopping because end time detected by thread: S2 1-175
2026-10-03 17:20:15,157 INFO o.a.j.t.JMeterThread: Thread finished: S2 1-175
2026-10-03 17:20:15,158 INFO o.a.j.t.JMeterThread: Stopping because end time detected by thread: S2 1-395
2026-10-03 17:20:15,158 INFO o.a.j.t.JMeterThread: Stopping because end time detected by thread: S2 1-518
2026-10-03 17:20:15,158 INFO o.a.j.t.JMeterThread: Thread finished: S2 1-395
2026-10-03 17:20:15,158 INFO o.a.j.t.JMeterThread: Thread finished: S2 1-518
2026-10-03 17:20:15,159 INFO o.a.j.t.JMeterThread: Stopping because end time detected by thread: S2 1-314
2026-10-03 17:20:15,159 INFO o.a.j.t.JMeterThread: Thread finished: S2 1-314
2026-10-03 17:20:15,163 INFO o.a.j.t.JMeterThread: Stopping because end time detected by thread: S2 1-429
2026-10-03 17:20:15,163 INFO o.a.j.t.JMeterThread: Thread finished: S2 1-429
2026-10-03 17:20:15,164 INFO o.a.j.t.JMeterThread: Stopping because end time detected by thread: S2 1-997
2026-10-03 17:20:15,165 INFO o.a.j.t.JMeterThread: Thread finished: S2 1-997
2026-10-03 17:20:15,172 INFO o.a.j.t.JMeterThread: Stopping because end time detected by thread: S2 1-572
2026-10-03 17:20:15,172 INFO o.a.j.t.JMeterThread: Thread finished: S2 1-572
2026-10-03 17:20:15,235 INFO o.a.j.t.JMeterThread: Stopping because end time detected by thread: S2 1-908
2026-10-03 17:20:15,235 INFO o.a.j.t.JMeterThread: Thread finished: S2 1-908
2026-10-03 17:20:15,236 INFO o.a.j.t.JMeterThread: Stopping because end time detected by thread: S2 1-35
2026-10-03 17:20:15,237 INFO o.a.j.t.JMeterThread: Thread finished: S2 1-35
2026-10-03 17:20:15,241 INFO o.a.j.t.JMeterThread: Stopping because end time detected by thread: S2 1-167
2026-10-03 17:20:15,241 INFO o.a.j.t.JMeterThread: Thread finished: S2 1-167
2026-10-03 17:20:15,247 INFO o.a.j.t.JMeterThread: Stopping because end time detected by thread: S2 1-294
2026-10-03 17:20:15,247 INFO o.a.j.t.JMeterThread: Thread finished: S2 1-294
2026-10-03 17:20:15,252 INFO o.a.j.t.JMeterThread: Stopping because end time detected by thread: S2 1-501
2026-10-03 17:20:15,252 INFO o.a.j.t.JMeterThread: Thread finished: S2 1-501
2026-10-03 17:20:15,258 INFO o.a.j.t.JMeterThread: Stopping because end time detected by thread: S2 1-694
2026-10-03 17:20:15,258 INFO o.a.j.t.JMeterThread: Thread finished: S2 1-694
2026-10-03 17:20:15,260 INFO o.a.j.t.JMeterThread: Stopping because end time detected by thread: S2 1-603
2026-10-03 17:20:15,260 INFO o.a.j.t.JMeterThread: Thread finished: S2 1-603
2026-10-03 17:20:15,260 INFO o.a.j.t.JMeterThread: Stopping because end time detected by thread: S2 1-29
2026-10-03 17:20:15,260 INFO o.a.j.t.JMeterThread: Thread finished: S2 1-29
2026-10-03 17:20:15,260 INFO o.a.j.t.JMeterThread: Stopping because end time detected by thread: S2 1-375
2026-10-03 17:20:15,260 INFO o.a.j.t.JMeterThread: Thread finished: S2 1-375
2026-10-03 17:20:15,260 INFO o.a.j.t.JMeterThread: Stopping because end time detected by thread: S2 1-670
2026-10-03 17:20:15,260 INFO o.a.j.t.JMeterThread: Thread finished: S2 1-670
2026-10-03 17:20:15,265 INFO o.a.j.t.JMeterThread: Stopping because end time detected by thread: S2 1-242
2026-10-03 17:20:15,265 INFO o.a.j.t.JMeterThread: Thread finished: S2 1-242
2026-10-03 17:20:15,271 INFO o.a.j.t.JMeterThread: Stopping because end time detected by thread: S2 1-493
2026-10-03 17:20:15,271 INFO o.a.j.t.JMeterThread: Thread finished: S2 1-493
2026-10-03 17:20:15,335 INFO o.a.j.t.JMeterThread: Stopping because end time detected by thread: S2 1-547
2026-10-03 17:20:15,335 INFO o.a.j.t.JMeterThread: Stopping because end time detected by thread: S2 1-192
2026-10-03 17:20:15,335 INFO o.a.j.t.JMeterThread: Thread finished: S2 1-547
2026-10-03 17:20:15,335 INFO o.a.j.t.JMeterThread: Thread finished: S2 1-192
2026-10-03 17:20:15,336 INFO o.a.j.t.JMeterThread: Stopping because end time detected by thread: S2 1-134
2026-10-03 17:20:15,336 INFO o.a.j.t.JMeterThread: Thread finished: S2 1-134
2026-10-03 17:20:15,336 INFO o.a.j.t.JMeterThread: Stopping because end time detected by thread: S2 1-680
2026-10-03 17:20:15,336 INFO o.a.j.t.JMeterThread: Thread finished: S2 1-680
2026-10-03 17:20:15,340 INFO o.a.j.t.JMeterThread: Stopping because end time detected by thread: S2 1-647
2026-10-03 17:20:15,340 INFO o.a.j.t.JMeterThread: Thread finished: S2 1-647
2026-10-03 17:20:15,341 INFO o.a.j.t.JMeterThread: Stopping because end time detected by thread: S2 1-828
2026-10-03 17:20:15,342 INFO o.a.j.t.JMeterThread: Thread finished: S2 1-828
2026-10-03 17:20:15,346 INFO o.a.j.t.JMeterThread: Stopping because end time detected by thread: S2 1-918
2026-10-03 17:20:15,346 INFO o.a.j.t.JMeterThread: Thread finished: S2 1-918
2026-10-03 17:20:15,361 INFO o.a.j.t.JMeterThread: Stopping because end time detected by thread: S2 1-291
2026-10-03 17:20:15,361 INFO o.a.j.t.JMeterThread: Thread finished: S2 1-291
2026-10-03 17:20:15,362 INFO o.a.j.t.JMeterThread: Stopping because end time detected by thread: S2 1-631
2026-10-03 17:20:15,362 INFO o.a.j.t.JMeterThread: Thread finished: S2 1-631
2026-10-03 17:20:15,363 INFO o.a.j.t.JMeterThread: Stopping because end time detected by thread: S2 1-110
2026-10-03 17:20:15,363 INFO o.a.j.t.JMeterThread: Thread finished: S2 1-110
2026-10-03 17:20:15,366 INFO o.a.j.t.JMeterThread: Stopping because end time detected by thread: S2 1-19
2026-10-03 17:20:15,366 INFO o.a.j.t.JMeterThread: Thread finished: S2 1-19
2026-10-03 17:20:15,366 INFO o.a.j.t.JMeterThread: Stopping because end time detected by thread: S2 1-686
2026-10-03 17:20:15,366 INFO o.a.j.t.JMeterThread: Thread finished: S2 1-686
2026-10-03 17:20:15,367 INFO o.a.j.t.JMeterThread: Stopping because end time detected by thread: S2 1-505
2026-10-03 17:20:15,367 INFO o.a.j.t.JMeterThread: Thread finished: S2 1-505
2026-10-03 17:20:15,433 INFO o.a.j.t.JMeterThread: Stopping because end time detected by thread: S2 1-229
2026-10-03 17:20:15,433 INFO o.a.j.t.JMeterThread: Thread finished: S2 1-229
2026-10-03 17:20:15,436 INFO o.a.j.t.JMeterThread: Stopping because end time detected by thread: S2 1-639
2026-10-03 17:20:15,436 INFO o.a.j.t.JMeterThread: Thread finished: S2 1-639
2026-10-03 17:20:15,436 INFO o.a.j.t.JMeterThread: Stopping because end time detected by thread: S2 1-989
2026-10-03 17:20:15,436 INFO o.a.j.t.JMeterThread: Stopping because end time detected by thread: S2 1-40
2026-10-03 17:20:15,437 INFO o.a.j.t.JMeterThread: Thread finished: S2 1-40
2026-10-03 17:20:15,437 INFO o.a.j.t.JMeterThread: Thread finished: S2 1-989
2026-10-03 17:20:15,443 INFO o.a.j.t.JMeterThread: Stopping because end time detected by thread: S2 1-123
2026-10-03 17:20:15,443 INFO o.a.j.t.JMeterThread: Stopping because end time detected by thread: S2 1-313
2026-10-03 17:20:15,443 INFO o.a.j.t.JMeterThread: Thread finished: S2 1-123
2026-10-03 17:20:15,443 INFO o.a.j.t.JMeterThread: Thread finished: S2 1-313
2026-10-03 17:20:15,443 INFO o.a.j.t.JMeterThread: Stopping because end time detected by thread: S2 1-900
2026-10-03 17:20:15,444 INFO o.a.j.t.JMeterThread: Thread finished: S2 1-900
2026-10-03 17:20:15,463 INFO o.a.j.t.JMeterThread: Stopping because end time detected by thread: S2 1-244
2026-10-03 17:20:15,464 INFO o.a.j.t.JMeterThread: Thread finished: S2 1-244
2026-10-03 17:20:15,468 INFO o.a.j.t.JMeterThread: Stopping because end time detected by thread: S2 1-333
2026-10-03 17:20:15,468 INFO o.a.j.t.JMeterThread: Thread finished: S2 1-333
2026-10-03 17:20:15,534 INFO o.a.j.t.JMeterThread: Stopping because end time detected by thread: S2 1-560
2026-10-03 17:20:15,535 INFO o.a.j.t.JMeterThread: Thread finished: S2 1-560
2026-10-03 17:20:15,535 INFO o.a.j.t.JMeterThread: Stopping because end time detected by thread: S2 1-38
2026-10-03 17:20:15,535 INFO o.a.j.t.JMeterThread: Thread finished: S2 1-38
2026-10-03 17:20:15,535 INFO o.a.j.t.JMeterThread: Stopping because end time detected by thread: S2 1-932
2026-10-03 17:20:15,535 INFO o.a.j.t.JMeterThread: Thread finished: S2 1-932
2026-10-03 17:20:15,536 INFO o.a.j.t.JMeterThread: Stopping because end time detected by thread: S2 1-666
2026-10-03 17:20:15,536 INFO o.a.j.t.JMeterThread: Thread finished: S2 1-666
2026-10-03 17:20:15,541 INFO o.a.j.t.JMeterThread: Stopping because end time detected by thread: S2 1-199
2026-10-03 17:20:15,541 INFO o.a.j.t.JMeterThread: Thread finished: S2 1-199
2026-10-03 17:20:15,542 INFO o.a.j.t.JMeterThread: Stopping because end time detected by thread: S2 1-14
2026-10-03 17:20:15,542 INFO o.a.j.t.JMeterThread: Thread finished: S2 1-14
2026-10-03 17:20:15,544 INFO o.a.j.t.JMeterThread: Stopping because end time detected by thread: S2 1-623
2026-10-03 17:20:15,544 INFO o.a.j.t.JMeterThread: Thread finished: S2 1-623
2026-10-03 17:20:15,546 INFO o.a.j.t.JMeterThread: Stopping because end time detected by thread: S2 1-916
2026-10-03 17:20:15,546 INFO o.a.j.t.JMeterThread: Thread finished: S2 1-916
2026-10-03 17:20:15,553 INFO o.a.j.t.JMeterThread: Stopping because end time detected by thread: S2 1-584
2026-10-03 17:20:15,553 INFO o.a.j.t.JMeterThread: Thread finished: S2 1-584
2026-10-03 17:20:15,554 INFO o.a.j.t.JMeterThread: Stopping because end time detected by thread: S2 1-307
2026-10-03 17:20:15,554 INFO o.a.j.t.JMeterThread: Thread finished: S2 1-307
2026-10-03 17:20:15,555 INFO o.a.j.t.JMeterThread: Stopping because end time detected by thread: S2 1-260
2026-10-03 17:20:15,556 INFO o.a.j.t.JMeterThread: Thread finished: S2 1-260
2026-10-03 17:20:15,556 INFO o.a.j.t.JMeterThread: Stopping because end time detected by thread: S2 1-334
2026-10-03 17:20:15,556 INFO o.a.j.t.JMeterThread: Thread finished: S2 1-334
2026-10-03 17:20:15,556 INFO o.a.j.t.JMeterThread: Stopping because end time detected by thread: S2 1-580
2026-10-03 17:20:15,556 INFO o.a.j.t.JMeterThread: Thread finished: S2 1-580
2026-10-03 17:20:15,556 INFO o.a.j.t.JMeterThread: Stopping because end time detected by thread: S2 1-117
2026-10-03 17:20:15,557 INFO o.a.j.t.JMeterThread: Thread finished: S2 1-117
2026-10-03 17:20:15,562 INFO o.a.j.t.JMeterThread: Stopping because end time detected by thread: S2 1-674
2026-10-03 17:20:15,562 INFO o.a.j.t.JMeterThread: Thread finished: S2 1-674
2026-10-03 17:20:15,566 INFO o.a.j.t.JMeterThread: Stopping because end time detected by thread: S2 1-327
2026-10-03 17:20:15,566 INFO o.a.j.t.JMeterThread: Thread finished: S2 1-327
2026-10-03 17:20:15,568 INFO o.a.j.t.JMeterThread: Stopping because end time detected by thread: S2 1-619
2026-10-03 17:20:15,568 INFO o.a.j.t.JMeterThread: Thread finished: S2 1-619
2026-10-03 17:20:15,639 INFO o.a.j.t.JMeterThread: Stopping because end time detected by thread: S2 1-42
2026-10-03 17:20:15,639 INFO o.a.j.t.JMeterThread: Thread finished: S2 1-42
2026-10-03 17:20:15,640 INFO o.a.j.t.JMeterThread: Stopping because end time detected by thread: S2 1-407
2026-10-03 17:20:15,640 INFO o.a.j.t.JMeterThread: Thread finished: S2 1-407
2026-10-03 17:20:15,641 INFO o.a.j.t.JMeterThread: Stopping because end time detected by thread: S2 1-399
2026-10-03 17:20:15,641 INFO o.a.j.t.JMeterThread: Thread finished: S2 1-399
2026-10-03 17:20:15,644 INFO o.a.j.t.JMeterThread: Stopping because end time detected by thread: S2 1-193
2026-10-03 17:20:15,644 INFO o.a.j.t.JMeterThread: Thread finished: S2 1-193
2026-10-03 17:20:15,649 INFO o.a.j.t.JMeterThread: Stopping because end time detected by thread: S2 1-279
2026-10-03 17:20:15,649 INFO o.a.j.t.JMeterThread: Thread finished: S2 1-279
2026-10-03 17:20:15,651 INFO o.a.j.t.JMeterThread: Stopping because end time detected by thread: S2 1-940
2026-10-03 17:20:15,651 INFO o.a.j.t.JMeterThread: Thread finished: S2 1-940
2026-10-03 17:20:15,652 INFO o.a.j.t.JMeterThread: Stopping because end time detected by thread: S2 1-529
2026-10-03 17:20:15,652 INFO o.a.j.t.JMeterThread: Thread finished: S2 1-529
2026-10-03 17:20:15,652 INFO o.a.j.t.JMeterThread: Stopping because end time detected by thread: S2 1-258
2026-10-03 17:20:15,652 INFO o.a.j.t.JMeterThread: Thread finished: S2 1-258
2026-10-03 17:20:15,653 INFO o.a.j.t.JMeterThread: Stopping because end time detected by thread: S2 1-419
2026-10-03 17:20:15,653 INFO o.a.j.t.JMeterThread: Thread finished: S2 1-419
2026-10-03 17:20:15,654 INFO o.a.j.t.JMeterThread: Stopping because end time detected by thread: S2 1-174
2026-10-03 17:20:15,654 INFO o.a.j.t.JMeterThread: Thread finished: S2 1-174
2026-10-03 17:20:15,658 INFO o.a.j.t.JMeterThread: Stopping because end time detected by thread: S2 1-964
2026-10-03 17:20:15,658 INFO o.a.j.t.JMeterThread: Thread finished: S2 1-964
2026-10-03 17:20:15,663 INFO o.a.j.t.JMeterThread: Stopping because end time detected by thread: S2 1-615
2026-10-03 17:20:15,663 INFO o.a.j.t.JMeterThread: Thread finished: S2 1-615
2026-10-03 17:20:15,672 INFO o.a.j.t.JMeterThread: Stopping because end time detected by thread: S2 1-320
2026-10-03 17:20:15,672 INFO o.a.j.t.JMeterThread: Thread finished: S2 1-320
2026-10-03 17:20:15,739 INFO o.a.j.t.JMeterThread: Stopping because end time detected by thread: S2 1-58
2026-10-03 17:20:15,739 INFO o.a.j.t.JMeterThread: Stopping because end time detected by thread: S2 1-6
2026-10-03 17:20:15,739 INFO o.a.j.t.JMeterThread: Thread finished: S2 1-6
2026-10-03 17:20:15,739 INFO o.a.j.t.JMeterThread: Thread finished: S2 1-58
2026-10-03 17:20:15,740 INFO o.a.j.t.JMeterThread: Stopping because end time detected by thread: S2 1-268
2026-10-03 17:20:15,740 INFO o.a.j.t.JMeterThread: Thread finished: S2 1-268
2026-10-03 17:20:15,742 INFO o.a.j.t.JMeterThread: Stopping because end time detected by thread: S2 1-98
2026-10-03 17:20:15,742 INFO o.a.j.t.JMeterThread: Thread finished: S2 1-98
2026-10-03 17:20:15,743 INFO o.a.j.t.JMeterThread: Stopping because end time detected by thread: S2 1-82
2026-10-03 17:20:15,743 INFO o.a.j.t.JMeterThread: Thread finished: S2 1-82
2026-10-03 17:20:15,755 INFO o.a.j.t.JMeterThread: Stopping because end time detected by thread: S2 1-524
2026-10-03 17:20:15,755 INFO o.a.j.t.JMeterThread: Thread finished: S2 1-524
2026-10-03 17:20:15,760 INFO o.a.j.t.JMeterThread: Stopping because end time detected by thread: S2 1-139
2026-10-03 17:20:15,760 INFO o.a.j.t.JMeterThread: Thread finished: S2 1-139
2026-10-03 17:20:15,760 INFO o.a.j.t.JMeterThread: Stopping because end time detected by thread: S2 1-715
2026-10-03 17:20:15,760 INFO o.a.j.t.JMeterThread: Thread finished: S2 1-715
2026-10-03 17:20:15,761 INFO o.a.j.t.JMeterThread: Stopping because end time detected by thread: S2 1-36
2026-10-03 17:20:15,761 INFO o.a.j.t.JMeterThread: Thread finished: S2 1-36
2026-10-03 17:20:15,762 INFO o.a.j.t.JMeterThread: Stopping because end time detected by thread: S2 1-936
2026-10-03 17:20:15,762 INFO o.a.j.t.JMeterThread: Thread finished: S2 1-936
2026-10-03 17:20:15,764 INFO o.a.j.t.JMeterThread: Stopping because end time detected by thread: S2 1-977
2026-10-03 17:20:15,764 INFO o.a.j.t.JMeterThread: Thread finished: S2 1-977
2026-10-03 17:20:15,764 INFO o.a.j.t.JMeterThread: Stopping because end time detected by thread: S2 1-947
2026-10-03 17:20:15,765 INFO o.a.j.t.JMeterThread: Thread finished: S2 1-947
2026-10-03 17:20:15,834 INFO o.a.j.t.JMeterThread: Stopping because end time detected by thread: S2 1-237
2026-10-03 17:20:15,834 INFO o.a.j.t.JMeterThread: Thread finished: S2 1-237
2026-10-03 17:20:15,835 INFO o.a.j.t.JMeterThread: Stopping because end time detected by thread: S2 1-204
2026-10-03 17:20:15,835 INFO o.a.j.t.JMeterThread: Thread finished: S2 1-204
2026-10-03 17:20:15,835 INFO o.a.j.t.JMeterThread: Stopping because end time detected by thread: S2 1-137
2026-10-03 17:20:15,835 INFO o.a.j.t.JMeterThread: Thread finished: S2 1-137
2026-10-03 17:20:15,839 INFO o.a.j.t.JMeterThread: Stopping because end time detected by thread: S2 1-21
2026-10-03 17:20:15,839 INFO o.a.j.t.JMeterThread: Thread finished: S2 1-21
2026-10-03 17:20:15,848 INFO o.a.j.t.JMeterThread: Stopping because end time detected by thread: S2 1-191
2026-10-03 17:20:15,848 INFO o.a.j.t.JMeterThread: Thread finished: S2 1-191
2026-10-03 17:20:15,852 INFO o.a.j.t.JMeterThread: Stopping because end time detected by thread: S2 1-763
2026-10-03 17:20:15,852 INFO o.a.j.t.JMeterThread: Thread finished: S2 1-763
2026-10-03 17:20:15,853 INFO o.a.j.t.JMeterThread: Stopping because end time detected by thread: S2 1-337
2026-10-03 17:20:15,853 INFO o.a.j.t.JMeterThread: Thread finished: S2 1-337
2026-10-03 17:20:15,855 INFO o.a.j.t.JMeterThread: Stopping because end time detected by thread: S2 1-335
2026-10-03 17:20:15,856 INFO o.a.j.t.JMeterThread: Thread finished: S2 1-335
2026-10-03 17:20:15,858 INFO o.a.j.t.JMeterThread: Stopping because end time detected by thread: S2 1-968
2026-10-03 17:20:15,858 INFO o.a.j.t.JMeterThread: Thread finished: S2 1-968
2026-10-03 17:20:15,860 INFO o.a.j.t.JMeterThread: Stopping because end time detected by thread: S2 1-269
2026-10-03 17:20:15,860 INFO o.a.j.t.JMeterThread: Thread finished: S2 1-269
2026-10-03 17:20:15,864 INFO o.a.j.t.JMeterThread: Stopping because end time detected by thread: S2 1-178
2026-10-03 17:20:15,864 INFO o.a.j.t.JMeterThread: Thread finished: S2 1-178
2026-10-03 17:20:15,865 INFO o.a.j.t.JMeterThread: Stopping because end time detected by thread: S2 1-348
2026-10-03 17:20:15,865 INFO o.a.j.t.JMeterThread: Thread finished: S2 1-348
2026-10-03 17:20:15,869 INFO o.a.j.t.JMeterThread: Stopping because end time detected by thread: S2 1-702
2026-10-03 17:20:15,869 INFO o.a.j.t.JMeterThread: Thread finished: S2 1-702
2026-10-03 17:20:15,870 INFO o.a.j.t.JMeterThread: Stopping because end time detected by thread: S2 1-698
2026-10-03 17:20:15,870 INFO o.a.j.t.JMeterThread: Thread finished: S2 1-698
2026-10-03 17:20:15,870 INFO o.a.j.t.JMeterThread: Stopping because end time detected by thread: S2 1-556
2026-10-03 17:20:15,870 INFO o.a.j.t.JMeterThread: Thread finished: S2 1-556
2026-10-03 17:20:15,871 INFO o.a.j.t.JMeterThread: Stopping because end time detected by thread: S2 1-411
2026-10-03 17:20:15,871 INFO o.a.j.t.JMeterThread: Thread finished: S2 1-411
2026-10-03 17:20:15,936 INFO o.a.j.t.JMeterThread: Stopping because end time detected by thread: S2 1-635
2026-10-03 17:20:15,936 INFO o.a.j.t.JMeterThread: Thread finished: S2 1-635
2026-10-03 17:20:15,938 INFO o.a.j.t.JMeterThread: Stopping because end time detected by thread: S2 1-196
2026-10-03 17:20:15,938 INFO o.a.j.t.JMeterThread: Thread finished: S2 1-196
2026-10-03 17:20:15,942 INFO o.a.j.t.JMeterThread: Stopping because end time detected by thread: S2 1-149
2026-10-03 17:20:15,942 INFO o.a.j.t.JMeterThread: Thread finished: S2 1-149
2026-10-03 17:20:15,943 INFO o.a.j.t.JMeterThread: Stopping because end time detected by thread: S2 1-187
2026-10-03 17:20:15,943 INFO o.a.j.t.JMeterThread: Thread finished: S2 1-187
2026-10-03 17:20:15,944 INFO o.a.j.t.JMeterThread: Stopping because end time detected by thread: S2 1-322
2026-10-03 17:20:15,945 INFO o.a.j.t.JMeterThread: Thread finished: S2 1-322
2026-10-03 17:20:15,949 INFO o.a.j.t.JMeterThread: Stopping because end time detected by thread: S2 1-215
2026-10-03 17:20:15,949 INFO o.a.j.t.JMeterThread: Thread finished: S2 1-215
2026-10-03 17:20:15,953 INFO o.a.j.t.JMeterThread: Stopping because end time detected by thread: S2 1-565
2026-10-03 17:20:15,953 INFO o.a.j.t.JMeterThread: Thread finished: S2 1-565
2026-10-03 17:20:15,956 INFO o.a.j.t.JMeterThread: Stopping because end time detected by thread: S2 1-87
2026-10-03 17:20:15,956 INFO o.a.j.t.JMeterThread: Thread finished: S2 1-87
2026-10-03 17:20:15,960 INFO o.a.j.t.JMeterThread: Stopping because end time detected by thread: S2 1-105
2026-10-03 17:20:15,960 INFO o.a.j.t.JMeterThread: Thread finished: S2 1-105
2026-10-03 17:20:15,961 INFO o.a.j.t.JMeterThread: Stopping because end time detected by thread: S2 1-326
2026-10-03 17:20:15,961 INFO o.a.j.t.JMeterThread: Thread finished: S2 1-326
2026-10-03 17:20:15,965 INFO o.a.j.t.JMeterThread: Stopping because end time detected by thread: S2 1-319
2026-10-03 17:20:15,965 INFO o.a.j.t.JMeterThread: Thread finished: S2 1-319
2026-10-03 17:20:15,965 INFO o.a.j.t.JMeterThread: Stopping because end time detected by thread: S2 1-179
2026-10-03 17:20:15,965 INFO o.a.j.t.JMeterThread: Thread finished: S2 1-179
2026-10-03 17:20:15,968 INFO o.a.j.t.JMeterThread: Stopping because end time detected by thread: S2 1-315
2026-10-03 17:20:15,968 INFO o.a.j.t.JMeterThread: Thread finished: S2 1-315
2026-10-03 17:20:15,969 INFO o.a.j.t.JMeterThread: Stopping because end time detected by thread: S2 1-896
2026-10-03 17:20:15,969 INFO o.a.j.t.JMeterThread: Thread finished: S2 1-896
2026-10-03 17:20:16,037 INFO o.a.j.t.JMeterThread: Stopping because end time detected by thread: S2 1-588
2026-10-03 17:20:16,037 INFO o.a.j.t.JMeterThread: Thread finished: S2 1-588
2026-10-03 17:20:16,041 INFO o.a.j.t.JMeterThread: Stopping because end time detected by thread: S2 1-719
2026-10-03 17:20:16,041 INFO o.a.j.t.JMeterThread: Thread finished: S2 1-719
2026-10-03 17:20:16,048 INFO o.a.j.t.JMeterThread: Stopping because end time detected by thread: S2 1-323
2026-10-03 17:20:16,048 INFO o.a.j.t.JMeterThread: Thread finished: S2 1-323
2026-10-03 17:20:16,049 INFO o.a.j.t.JMeterThread: Stopping because end time detected by thread: S2 1-550
2026-10-03 17:20:16,049 INFO o.a.j.t.JMeterThread: Thread finished: S2 1-550
2026-10-03 17:20:16,053 INFO o.a.j.t.JMeterThread: Stopping because end time detected by thread: S2 1-262
2026-10-03 17:20:16,053 INFO o.a.j.t.JMeterThread: Stopping because end time detected by thread: S2 1-945
2026-10-03 17:20:16,054 INFO o.a.j.t.JMeterThread: Thread finished: S2 1-945
2026-10-03 17:20:16,054 INFO o.a.j.t.JMeterThread: Thread finished: S2 1-262
2026-10-03 17:20:16,064 INFO o.a.j.t.JMeterThread: Stopping because end time detected by thread: S2 1-996
2026-10-03 17:20:16,064 INFO o.a.j.t.JMeterThread: Thread finished: S2 1-996
2026-10-03 17:20:16,065 INFO o.a.j.t.JMeterThread: Stopping because end time detected by thread: S2 1-240
2026-10-03 17:20:16,065 INFO o.a.j.t.JMeterThread: Thread finished: S2 1-240
2026-10-03 17:20:16,136 INFO o.a.j.t.JMeterThread: Stopping because end time detected by thread: S2 1-710
2026-10-03 17:20:16,136 INFO o.a.j.t.JMeterThread: Thread finished: S2 1-710
2026-10-03 17:20:16,138 INFO o.a.j.t.JMeterThread: Stopping because end time detected by thread: S2 1-310
2026-10-03 17:20:16,138 INFO o.a.j.t.JMeterThread: Thread finished: S2 1-310
2026-10-03 17:20:16,139 INFO o.a.j.t.JMeterThread: Stopping because end time detected by thread: S2 1-557
2026-10-03 17:20:16,139 INFO o.a.j.t.JMeterThread: Thread finished: S2 1-557
2026-10-03 17:20:16,145 INFO o.a.j.t.JMeterThread: Stopping because end time detected by thread: S2 1-330
2026-10-03 17:20:16,145 INFO o.a.j.t.JMeterThread: Thread finished: S2 1-330
2026-10-03 17:20:16,149 INFO o.a.j.t.JMeterThread: Stopping because end time detected by thread: S2 1-26
2026-10-03 17:20:16,149 INFO o.a.j.t.JMeterThread: Thread finished: S2 1-26
2026-10-03 17:20:16,149 INFO o.a.j.t.JMeterThread: Stopping because end time detected by thread: S2 1-976
2026-10-03 17:20:16,149 INFO o.a.j.t.JMeterThread: Thread finished: S2 1-976
2026-10-03 17:20:16,154 INFO o.a.j.t.JMeterThread: Stopping because end time detected by thread: S2 1-722
2026-10-03 17:20:16,154 INFO o.a.j.t.JMeterThread: Thread finished: S2 1-722
2026-10-03 17:20:16,155 INFO o.a.j.t.JMeterThread: Stopping because end time detected by thread: S2 1-592
2026-10-03 17:20:16,155 INFO o.a.j.t.JMeterThread: Thread finished: S2 1-592
2026-10-03 17:20:16,160 INFO o.a.j.t.JMeterThread: Stopping because end time detected by thread: S2 1-627
2026-10-03 17:20:16,160 INFO o.a.j.t.JMeterThread: Thread finished: S2 1-627
2026-10-03 17:20:16,162 INFO o.a.j.t.JMeterThread: Stopping because end time detected by thread: S2 1-157
2026-10-03 17:20:16,162 INFO o.a.j.t.JMeterThread: Thread finished: S2 1-157
2026-10-03 17:20:16,166 INFO o.a.j.t.JMeterThread: Stopping because end time detected by thread: S2 1-329
2026-10-03 17:20:16,166 INFO o.a.j.t.JMeterThread: Thread finished: S2 1-329
2026-10-03 17:20:16,173 INFO o.a.j.t.JMeterThread: Stopping because end time detected by thread: S2 1-352
2026-10-03 17:20:16,173 INFO o.a.j.t.JMeterThread: Thread finished: S2 1-352
2026-10-03 17:20:16,234 INFO o.a.j.t.JMeterThread: Stopping because end time detected by thread: S2 1-755
2026-10-03 17:20:16,234 INFO o.a.j.t.JMeterThread: Thread finished: S2 1-755
2026-10-03 17:20:16,234 INFO o.a.j.t.JMeterThread: Stopping because end time detected by thread: S2 1-984
2026-10-03 17:20:16,234 INFO o.a.j.t.JMeterThread: Thread finished: S2 1-984
2026-10-03 17:20:16,234 INFO o.a.j.t.JMeterThread: Stopping because end time detected by thread: S2 1-690
2026-10-03 17:20:16,240 INFO o.a.j.t.JMeterThread: Stopping because end time detected by thread: S2 1-439
2026-10-03 17:20:16,238 INFO o.a.j.t.JMeterThread: Stopping because end time detected by thread: S2 1-357
2026-10-03 17:20:16,236 INFO o.a.j.t.JMeterThread: Stopping because end time detected by thread: S2 1-944
2026-10-03 17:20:16,240 INFO o.a.j.t.JMeterThread: Thread finished: S2 1-439
2026-10-03 17:20:16,240 INFO o.a.j.t.JMeterThread: Thread finished: S2 1-690
2026-10-03 17:20:16,241 INFO o.a.j.t.JMeterThread: Thread finished: S2 1-357
2026-10-03 17:20:16,241 INFO o.a.j.t.JMeterThread: Thread finished: S2 1-944
2026-10-03 17:20:16,244 INFO o.a.j.t.JMeterThread: Stopping because end time detected by thread: S2 1-423
2026-10-03 17:20:16,244 INFO o.a.j.t.JMeterThread: Thread finished: S2 1-423
2026-10-03 17:20:16,252 INFO o.a.j.t.JMeterThread: Stopping because end time detected by thread: S2 1-980
2026-10-03 17:20:16,252 INFO o.a.j.t.JMeterThread: Thread finished: S2 1-980
2026-10-03 17:20:16,252 INFO o.a.j.t.JMeterThread: Stopping because end time detected by thread: S2 1-10
2026-10-03 17:20:16,252 INFO o.a.j.t.JMeterThread: Thread finished: S2 1-10
2026-10-03 17:20:16,255 INFO o.a.j.t.JMeterThread: Stopping because end time detected by thread: S2 1-608
2026-10-03 17:20:16,255 INFO o.a.j.t.JMeterThread: Thread finished: S2 1-608
2026-10-03 17:20:16,259 INFO o.a.j.t.JMeterThread: Stopping because end time detected by thread: S2 1-541
2026-10-03 17:20:16,259 INFO o.a.j.t.JMeterThread: Thread finished: S2 1-541
2026-10-03 17:20:16,263 INFO o.a.j.t.JMeterThread: Stopping because end time detected by thread: S2 1-18
2026-10-03 17:20:16,263 INFO o.a.j.t.JMeterThread: Thread finished: S2 1-18
2026-10-03 17:20:16,264 INFO o.a.j.t.JMeterThread: Stopping because end time detected by thread: S2 1-730
2026-10-03 17:20:16,265 INFO o.a.j.t.JMeterThread: Thread finished: S2 1-730
2026-10-03 17:20:16,265 INFO o.a.j.t.JMeterThread: Stopping because end time detected by thread: S2 1-545
2026-10-03 17:20:16,265 INFO o.a.j.t.JMeterThread: Thread finished: S2 1-545
2026-10-03 17:20:16,267 INFO o.a.j.t.JMeterThread: Stopping because end time detected by thread: S2 1-278
2026-10-03 17:20:16,267 INFO o.a.j.t.JMeterThread: Thread finished: S2 1-278
2026-10-03 17:20:16,334 INFO o.a.j.t.JMeterThread: Stopping because end time detected by thread: S2 1-568
2026-10-03 17:20:16,334 INFO o.a.j.t.JMeterThread: Thread finished: S2 1-568
2026-10-03 17:20:16,334 INFO o.a.j.t.JMeterThread: Stopping because end time detected by thread: S2 1-331
2026-10-03 17:20:16,334 INFO o.a.j.t.JMeterThread: Thread finished: S2 1-331
2026-10-03 17:20:16,339 INFO o.a.j.t.JMeterThread: Stopping because end time detected by thread: S2 1-126
2026-10-03 17:20:16,339 INFO o.a.j.t.JMeterThread: Thread finished: S2 1-126
2026-10-03 17:20:16,340 INFO o.a.j.t.JMeterThread: Stopping because end time detected by thread: S2 1-759
2026-10-03 17:20:16,340 INFO o.a.j.t.JMeterThread: Thread finished: S2 1-759
2026-10-03 17:20:16,345 INFO o.a.j.t.JMeterThread: Stopping because end time detected by thread: S2 1-569
2026-10-03 17:20:16,345 INFO o.a.j.t.JMeterThread: Thread finished: S2 1-569
2026-10-03 17:20:16,357 INFO o.a.j.t.JMeterThread: Stopping because end time detected by thread: S2 1-920
2026-10-03 17:20:16,360 INFO o.a.j.t.JMeterThread: Stopping because end time detected by thread: S2 1-67
2026-10-03 17:20:16,360 INFO o.a.j.t.JMeterThread: Stopping because end time detected by thread: S2 1-44
2026-10-03 17:20:16,360 INFO o.a.j.t.JMeterThread: Thread finished: S2 1-67
2026-10-03 17:20:16,360 INFO o.a.j.t.JMeterThread: Thread finished: S2 1-44
2026-10-03 17:20:16,361 INFO o.a.j.t.JMeterThread: Thread finished: S2 1-920
2026-10-03 17:20:16,364 INFO o.a.j.t.JMeterThread: Stopping because end time detected by thread: S2 1-596
2026-10-03 17:20:16,364 INFO o.a.j.t.JMeterThread: Thread finished: S2 1-596
2026-10-03 17:20:16,364 INFO o.a.j.t.JMeterThread: Stopping because end time detected by thread: S2 1-252
2026-10-03 17:20:16,364 INFO o.a.j.t.JMeterThread: Thread finished: S2 1-252
2026-10-03 17:20:16,365 INFO o.a.j.t.JMeterThread: Stopping because end time detected by thread: S2 1-661
2026-10-03 17:20:16,365 INFO o.a.j.t.JMeterThread: Thread finished: S2 1-661
2026-10-03 17:20:16,368 INFO o.a.j.t.JMeterThread: Stopping because end time detected by thread: S2 1-643
2026-10-03 17:20:16,368 INFO o.a.j.t.JMeterThread: Thread finished: S2 1-643
2026-10-03 17:20:16,369 INFO o.a.j.t.JMeterThread: Stopping because end time detected by thread: S2 1-24
2026-10-03 17:20:16,369 INFO o.a.j.t.JMeterThread: Thread finished: S2 1-24
2026-10-03 17:20:16,371 INFO o.a.j.t.JMeterThread: Stopping because end time detected by thread: S2 1-739
2026-10-03 17:20:16,371 INFO o.a.j.t.JMeterThread: Thread finished: S2 1-739
2026-10-03 17:20:16,433 INFO o.a.j.t.JMeterThread: Stopping because end time detected by thread: S2 1-956
2026-10-03 17:20:16,433 INFO o.a.j.t.JMeterThread: Thread finished: S2 1-956
2026-10-03 17:20:16,436 INFO o.a.j.t.JMeterThread: Stopping because end time detected by thread: S2 1-264
2026-10-03 17:20:16,436 INFO o.a.j.t.JMeterThread: Thread finished: S2 1-264
2026-10-03 17:20:16,437 INFO o.a.j.t.JMeterThread: Stopping because end time detected by thread: S2 1-576
2026-10-03 17:20:16,437 INFO o.a.j.t.JMeterThread: Thread finished: S2 1-576
2026-10-03 17:20:16,438 INFO o.a.j.t.JMeterThread: Stopping because end time detected by thread: S2 1-427
2026-10-03 17:20:16,438 INFO o.a.j.t.JMeterThread: Thread finished: S2 1-427
2026-10-03 17:20:16,440 INFO o.a.j.t.JMeterThread: Stopping because end time detected by thread: S2 1-577
2026-10-03 17:20:16,441 INFO o.a.j.t.JMeterThread: Thread finished: S2 1-577
2026-10-03 17:20:16,441 INFO o.a.j.t.JMeterThread: Stopping because end time detected by thread: S2 1-671
2026-10-03 17:20:16,441 INFO o.a.j.t.JMeterThread: Thread finished: S2 1-671
2026-10-03 17:20:16,441 INFO o.a.j.t.JMeterThread: Stopping because end time detected by thread: S2 1-663
2026-10-03 17:20:16,441 INFO o.a.j.t.JMeterThread: Thread finished: S2 1-663
2026-10-03 17:20:16,442 INFO o.a.j.t.JMeterThread: Stopping because end time detected by thread: S2 1-960
2026-10-03 17:20:16,442 INFO o.a.j.t.JMeterThread: Thread finished: S2 1-960
2026-10-03 17:20:16,462 INFO o.a.j.t.JMeterThread: Stopping because end time detected by thread: S2 1-80
2026-10-03 17:20:16,462 INFO o.a.j.t.JMeterThread: Thread finished: S2 1-80
2026-10-03 17:20:16,465 INFO o.a.j.t.JMeterThread: Stopping because end time detected by thread: S2 1-988
2026-10-03 17:20:16,465 INFO o.a.j.t.JMeterThread: Thread finished: S2 1-988
2026-10-03 17:20:16,472 INFO o.a.j.t.JMeterThread: Stopping because end time detected by thread: S2 1-585
2026-10-03 17:20:16,472 INFO o.a.j.t.JMeterThread: Thread finished: S2 1-585
2026-10-03 17:20:16,534 INFO o.a.j.t.JMeterThread: Stopping because end time detected by thread: S2 1-992
2026-10-03 17:20:16,534 INFO o.a.j.t.JMeterThread: Thread finished: S2 1-992
2026-10-03 17:20:16,535 INFO o.a.j.t.JMeterThread: Stopping because end time detected by thread: S2 1-723
2026-10-03 17:20:16,535 INFO o.a.j.t.JMeterThread: Thread finished: S2 1-723
2026-10-03 17:20:16,535 INFO o.a.j.t.JMeterThread: Stopping because end time detected by thread: S2 1-1
2026-10-03 17:20:16,535 INFO o.a.j.t.JMeterThread: Thread finished: S2 1-1
2026-10-03 17:20:16,536 INFO o.a.j.t.JMeterThread: Stopping because end time detected by thread: S2 1-141
2026-10-03 17:20:16,537 INFO o.a.j.t.JMeterThread: Thread finished: S2 1-141
2026-10-03 17:20:16,545 INFO o.a.j.t.JMeterThread: Stopping because end time detected by thread: S2 1-263
2026-10-03 17:20:16,545 INFO o.a.j.t.JMeterThread: Thread finished: S2 1-263
2026-10-03 17:20:16,546 INFO o.a.j.t.JMeterThread: Stopping because end time detected by thread: S2 1-23
2026-10-03 17:20:16,546 INFO o.a.j.t.JMeterThread: Thread finished: S2 1-23
2026-10-03 17:20:16,546 INFO o.a.j.t.JMeterThread: Stopping because end time detected by thread: S2 1-600
2026-10-03 17:20:16,546 INFO o.a.j.t.JMeterThread: Thread finished: S2 1-600
2026-10-03 17:20:16,549 INFO o.a.j.t.JMeterThread: Stopping because end time detected by thread: S2 1-803
2026-10-03 17:20:16,549 INFO o.a.j.t.JMeterThread: Thread finished: S2 1-803
2026-10-03 17:20:16,550 INFO o.a.j.t.JMeterThread: Stopping because end time detected by thread: S2 1-688
2026-10-03 17:20:16,551 INFO o.a.j.t.JMeterThread: Thread finished: S2 1-688
2026-10-03 17:20:16,551 INFO o.a.j.t.JMeterThread: Stopping because end time detected by thread: S2 1-651
2026-10-03 17:20:16,551 INFO o.a.j.t.JMeterThread: Thread finished: S2 1-651
2026-10-03 17:20:16,551 INFO o.a.j.t.JMeterThread: Stopping because end time detected by thread: S2 1-644
2026-10-03 17:20:16,551 INFO o.a.j.t.JMeterThread: Thread finished: S2 1-644
2026-10-03 17:20:16,553 INFO o.a.j.t.JMeterThread: Stopping because end time detected by thread: S2 1-155
2026-10-03 17:20:16,553 INFO o.a.j.t.JMeterThread: Thread finished: S2 1-155
2026-10-03 17:20:16,558 INFO o.a.j.t.JMeterThread: Stopping because end time detected by thread: S2 1-611
2026-10-03 17:20:16,558 INFO o.a.j.t.JMeterThread: Thread finished: S2 1-611
2026-10-03 17:20:16,559 INFO o.a.j.t.JMeterThread: Stopping because end time detected by thread: S2 1-667
2026-10-03 17:20:16,559 INFO o.a.j.t.JMeterThread: Stopping because end time detected by thread: S2 1-573
2026-10-03 17:20:16,559 INFO o.a.j.t.JMeterThread: Thread finished: S2 1-667
2026-10-03 17:20:16,559 INFO o.a.j.t.JMeterThread: Thread finished: S2 1-573
2026-10-03 17:20:16,561 INFO o.a.j.t.JMeterThread: Stopping because end time detected by thread: S2 1-62
2026-10-03 17:20:16,561 INFO o.a.j.t.JMeterThread: Thread finished: S2 1-62
2026-10-03 17:20:16,562 INFO o.a.j.t.JMeterThread: Stopping because end time detected by thread: S2 1-974
2026-10-03 17:20:16,562 INFO o.a.j.t.JMeterThread: Thread finished: S2 1-974
2026-10-03 17:20:16,635 INFO o.a.j.t.JMeterThread: Stopping because end time detected by thread: S2 1-747
2026-10-03 17:20:16,635 INFO o.a.j.t.JMeterThread: Thread finished: S2 1-747
2026-10-03 17:20:16,640 INFO o.a.j.t.JMeterThread: Stopping because end time detected by thread: S2 1-415
2026-10-03 17:20:16,640 INFO o.a.j.t.JMeterThread: Thread finished: S2 1-415
2026-10-03 17:20:16,643 INFO o.a.j.t.JMeterThread: Stopping because end time detected by thread: S2 1-612
2026-10-03 17:20:16,643 INFO o.a.j.t.JMeterThread: Thread finished: S2 1-612
2026-10-03 17:20:16,645 INFO o.a.j.t.JMeterThread: Stopping because end time detected by thread: S2 1-604
2026-10-03 17:20:16,645 INFO o.a.j.t.JMeterThread: Thread finished: S2 1-604
2026-10-03 17:20:16,654 INFO o.a.j.t.JMeterThread: Stopping because end time detected by thread: S2 1-435
2026-10-03 17:20:16,654 INFO o.a.j.t.JMeterThread: Thread finished: S2 1-435
2026-10-03 17:20:16,659 INFO o.a.j.t.JMeterThread: Stopping because end time detected by thread: S2 1-743
2026-10-03 17:20:16,659 INFO o.a.j.t.JMeterThread: Thread finished: S2 1-743
2026-10-03 17:20:16,666 INFO o.a.j.t.JMeterThread: Stopping because end time detected by thread: S2 1-461
2026-10-03 17:20:16,666 INFO o.a.j.t.JMeterThread: Thread finished: S2 1-461
2026-10-03 17:20:16,669 INFO o.a.j.t.JMeterThread: Stopping because end time detected by thread: S2 1-212
2026-10-03 17:20:16,669 INFO o.a.j.t.JMeterThread: Thread finished: S2 1-212
2026-10-03 17:20:16,671 INFO o.a.j.t.JMeterThread: Stopping because end time detected by thread: S2 1-96
2026-10-03 17:20:16,671 INFO o.a.j.t.JMeterThread: Thread finished: S2 1-96
2026-10-03 17:20:16,739 INFO o.a.j.t.JMeterThread: Stopping because end time detected by thread: S2 1-640
2026-10-03 17:20:16,739 INFO o.a.j.t.JMeterThread: Thread finished: S2 1-640
2026-10-03 17:20:16,741 INFO o.a.j.t.JMeterThread: Stopping because end time detected by thread: S2 1-561
2026-10-03 17:20:16,741 INFO o.a.j.t.JMeterThread: Thread finished: S2 1-561
2026-10-03 17:20:16,741 INFO o.a.j.t.JMeterThread: Stopping because end time detected by thread: S2 1-68
2026-10-03 17:20:16,741 INFO o.a.j.t.JMeterThread: Thread finished: S2 1-68
2026-10-03 17:20:16,742 INFO o.a.j.t.JMeterThread: Stopping because end time detected by thread: S2 1-9
2026-10-03 17:20:16,742 INFO o.a.j.t.JMeterThread: Thread finished: S2 1-9
2026-10-03 17:20:16,743 INFO o.a.j.t.JMeterThread: Stopping because end time detected by thread: S2 1-775
2026-10-03 17:20:16,743 INFO o.a.j.t.JMeterThread: Thread finished: S2 1-775
2026-10-03 17:20:16,747 INFO o.a.j.t.JMeterThread: Stopping because end time detected by thread: S2 1-620
2026-10-03 17:20:16,747 INFO o.a.j.t.JMeterThread: Thread finished: S2 1-620
2026-10-03 17:20:16,747 INFO o.a.j.t.JMeterThread: Stopping because end time detected by thread: S2 1-668
2026-10-03 17:20:16,747 INFO o.a.j.t.JMeterThread: Thread finished: S2 1-668
2026-10-03 17:20:16,751 INFO o.a.j.t.JMeterThread: Stopping because end time detected by thread: S2 1-601
2026-10-03 17:20:16,751 INFO o.a.j.t.JMeterThread: Thread finished: S2 1-601
2026-10-03 17:20:16,756 INFO o.a.j.t.JMeterThread: Stopping because end time detected by thread: S2 1-581
2026-10-03 17:20:16,756 INFO o.a.j.t.JMeterThread: Thread finished: S2 1-581
2026-10-03 17:20:16,758 INFO o.a.j.t.JMeterThread: Stopping because end time detected by thread: S2 1-616
2026-10-03 17:20:16,758 INFO o.a.j.t.JMeterThread: Thread finished: S2 1-616
2026-10-03 17:20:16,761 INFO o.a.j.t.JMeterThread: Stopping because end time detected by thread: S2 1-447
2026-10-03 17:20:16,761 INFO o.a.j.t.JMeterThread: Thread finished: S2 1-447
2026-10-03 17:20:16,763 INFO o.a.j.t.JMeterThread: Stopping because end time detected by thread: S2 1-345
2026-10-03 17:20:16,763 INFO o.a.j.t.JMeterThread: Thread finished: S2 1-345
2026-10-03 17:20:16,835 INFO o.a.j.t.JMeterThread: Stopping because end time detected by thread: S2 1-589
2026-10-03 17:20:16,835 INFO o.a.j.t.JMeterThread: Thread finished: S2 1-589
2026-10-03 17:20:16,836 INFO o.a.j.t.JMeterThread: Stopping because end time detected by thread: S2 1-632
2026-10-03 17:20:16,836 INFO o.a.j.t.JMeterThread: Thread finished: S2 1-632
2026-10-03 17:20:16,839 INFO o.a.j.t.JMeterThread: Stopping because end time detected by thread: S2 1-340
2026-10-03 17:20:16,839 INFO o.a.j.t.JMeterThread: Thread finished: S2 1-340
2026-10-03 17:20:16,840 INFO o.a.j.t.JMeterThread: Stopping because end time detected by thread: S2 1-812
2026-10-03 17:20:16,840 INFO o.a.j.t.JMeterThread: Thread finished: S2 1-812
2026-10-03 17:20:16,842 INFO o.a.j.t.JMeterThread: Stopping because end time detected by thread: S2 1-593
2026-10-03 17:20:16,842 INFO o.a.j.t.JMeterThread: Thread finished: S2 1-593
2026-10-03 17:20:16,842 INFO o.a.j.t.JMeterThread: Stopping because end time detected by thread: S2 1-186
2026-10-03 17:20:16,842 INFO o.a.j.t.JMeterThread: Thread finished: S2 1-186
2026-10-03 17:20:16,842 INFO o.a.j.t.JMeterThread: Stopping because end time detected by thread: S2 1-738
2026-10-03 17:20:16,842 INFO o.a.j.t.JMeterThread: Thread finished: S2 1-738
2026-10-03 17:20:16,845 INFO o.a.j.t.JMeterThread: Stopping because end time detected by thread: S2 1-687
2026-10-03 17:20:16,845 INFO o.a.j.t.JMeterThread: Thread finished: S2 1-687
2026-10-03 17:20:16,846 INFO o.a.j.t.JMeterThread: Stopping because end time detected by thread: S2 1-73
2026-10-03 17:20:16,846 INFO o.a.j.t.JMeterThread: Thread finished: S2 1-73
2026-10-03 17:20:16,846 INFO o.a.j.t.JMeterThread: Stopping because end time detected by thread: S2 1-365
2026-10-03 17:20:16,846 INFO o.a.j.t.JMeterThread: Thread finished: S2 1-365
2026-10-03 17:20:16,848 INFO o.a.j.t.JMeterThread: Stopping because end time detected by thread: S2 1-659
2026-10-03 17:20:16,848 INFO o.a.j.t.JMeterThread: Thread finished: S2 1-659
2026-10-03 17:20:16,862 INFO o.a.j.t.JMeterThread: Stopping because end time detected by thread: S2 1-158
2026-10-03 17:20:16,862 INFO o.a.j.t.JMeterThread: Thread finished: S2 1-158
2026-10-03 17:20:16,865 INFO o.a.j.t.JMeterThread: Stopping because end time detected by thread: S2 1-118
2026-10-03 17:20:16,865 INFO o.a.j.t.JMeterThread: Stopping because end time detected by thread: S2 1-783
2026-10-03 17:20:16,868 INFO o.a.j.t.JMeterThread: Thread finished: S2 1-783
2026-10-03 17:20:16,868 INFO o.a.j.t.JMeterThread: Thread finished: S2 1-118
2026-10-03 17:20:16,869 INFO o.a.j.t.JMeterThread: Stopping because end time detected by thread: S2 1-609
2026-10-03 17:20:16,869 INFO o.a.j.t.JMeterThread: Thread finished: S2 1-609
2026-10-03 17:20:16,870 INFO o.a.j.t.JMeterThread: Stopping because end time detected by thread: S2 1-276
2026-10-03 17:20:16,870 INFO o.a.j.t.JMeterThread: Thread finished: S2 1-276
2026-10-03 17:20:16,871 INFO o.a.j.t.JMeterThread: Stopping because end time detected by thread: S2 1-364
2026-10-03 17:20:16,871 INFO o.a.j.t.JMeterThread: Thread finished: S2 1-364
2026-10-03 17:20:16,873 INFO o.a.j.t.JMeterThread: Stopping because end time detected by thread: S2 1-220
2026-10-03 17:20:16,873 INFO o.a.j.t.JMeterThread: Thread finished: S2 1-220
2026-10-03 17:20:16,937 INFO o.a.j.t.JMeterThread: Stopping because end time detected by thread: S2 1-5
2026-10-03 17:20:16,937 INFO o.a.j.t.JMeterThread: Thread finished: S2 1-5
2026-10-03 17:20:16,940 INFO o.a.j.t.JMeterThread: Stopping because end time detected by thread: S2 1-656
2026-10-03 17:20:16,940 INFO o.a.j.t.JMeterThread: Thread finished: S2 1-656
2026-10-03 17:20:16,941 INFO o.a.j.t.JMeterThread: Stopping because end time detected by thread: S2 1-353
2026-10-03 17:20:16,941 INFO o.a.j.t.JMeterThread: Thread finished: S2 1-353
2026-10-03 17:20:16,945 INFO o.a.j.t.JMeterThread: Stopping because end time detected by thread: S2 1-298
2026-10-03 17:20:16,945 INFO o.a.j.t.JMeterThread: Thread finished: S2 1-298
2026-10-03 17:20:16,946 INFO o.a.j.t.JMeterThread: Stopping because end time detected by thread: S2 1-553
2026-10-03 17:20:16,946 INFO o.a.j.t.JMeterThread: Thread finished: S2 1-553
2026-10-03 17:20:16,948 INFO o.a.j.t.JMeterThread: Stopping because end time detected by thread: S2 1-660
2026-10-03 17:20:16,948 INFO o.a.j.t.JMeterThread: Thread finished: S2 1-660
2026-10-03 17:20:16,952 INFO o.a.j.t.JMeterThread: Stopping because end time detected by thread: S2 1-443
2026-10-03 17:20:16,952 INFO o.a.j.t.JMeterThread: Thread finished: S2 1-443
2026-10-03 17:20:16,957 INFO o.a.j.t.JMeterThread: Stopping because end time detected by thread: S2 1-459
2026-10-03 17:20:16,957 INFO o.a.j.t.JMeterThread: Thread finished: S2 1-459
2026-10-03 17:20:16,959 INFO o.a.j.t.JMeterThread: Stopping because end time detected by thread: S2 1-779
2026-10-03 17:20:16,959 INFO o.a.j.t.JMeterThread: Thread finished: S2 1-779
2026-10-03 17:20:16,959 INFO o.a.j.t.JMeterThread: Stopping because end time detected by thread: S2 1-706
2026-10-03 17:20:16,959 INFO o.a.j.t.JMeterThread: Thread finished: S2 1-706
2026-10-03 17:20:16,966 INFO o.a.j.t.JMeterThread: Stopping because end time detected by thread: S2 1-302
2026-10-03 17:20:16,967 INFO o.a.j.t.JMeterThread: Thread finished: S2 1-302
2026-10-03 17:20:16,967 INFO o.a.j.t.JMeterThread: Stopping because end time detected by thread: S2 1-1000
2026-10-03 17:20:16,967 INFO o.a.j.t.JMeterThread: Thread finished: S2 1-1000
2026-10-03 17:20:16,968 INFO o.a.j.t.JMeterThread: Stopping because end time detected by thread: S2 1-33
2026-10-03 17:20:16,968 INFO o.a.j.t.JMeterThread: Thread finished: S2 1-33
2026-10-03 17:20:17,035 INFO o.a.j.t.JMeterThread: Stopping because end time detected by thread: S2 1-703
2026-10-03 17:20:17,035 INFO o.a.j.t.JMeterThread: Thread finished: S2 1-703
2026-10-03 17:20:17,036 INFO o.a.j.t.JMeterThread: Stopping because end time detected by thread: S2 1-43
2026-10-03 17:20:17,036 INFO o.a.j.t.JMeterThread: Thread finished: S2 1-43
2026-10-03 17:20:17,038 INFO o.a.j.t.JMeterThread: Stopping because end time detected by thread: S2 1-787
2026-10-03 17:20:17,038 INFO o.a.j.t.JMeterThread: Thread finished: S2 1-787
2026-10-03 17:20:17,044 INFO o.a.j.t.JMeterThread: Stopping because end time detected by thread: S2 1-675
2026-10-03 17:20:17,044 INFO o.a.j.t.JMeterThread: Thread finished: S2 1-675
2026-10-03 17:20:17,049 INFO o.a.j.t.JMeterThread: Stopping because end time detected by thread: S2 1-830
2026-10-03 17:20:17,049 INFO o.a.j.t.JMeterThread: Thread finished: S2 1-830
2026-10-03 17:20:17,052 INFO o.a.j.t.JMeterThread: Stopping because end time detected by thread: S2 1-451
2026-10-03 17:20:17,052 INFO o.a.j.t.JMeterThread: Thread finished: S2 1-451
2026-10-03 17:20:17,053 INFO o.a.j.t.JMeterThread: Stopping because end time detected by thread: S2 1-190
2026-10-03 17:20:17,053 INFO o.a.j.t.JMeterThread: Thread finished: S2 1-190
2026-10-03 17:20:17,055 INFO o.a.j.t.JMeterThread: Stopping because end time detected by thread: S2 1-198
2026-10-03 17:20:17,055 INFO o.a.j.t.JMeterThread: Thread finished: S2 1-198
2026-10-03 17:20:17,058 INFO o.a.j.t.JMeterThread: Stopping because end time detected by thread: S2 1-721
2026-10-03 17:20:17,059 INFO o.a.j.t.JMeterThread: Thread finished: S2 1-721
2026-10-03 17:20:17,064 INFO o.a.j.t.JMeterThread: Stopping because end time detected by thread: S2 1-16
2026-10-03 17:20:17,064 INFO o.a.j.t.JMeterThread: Thread finished: S2 1-16
2026-10-03 17:20:17,065 INFO o.a.j.t.JMeterThread: Stopping because end time detected by thread: S2 1-361
2026-10-03 17:20:17,065 INFO o.a.j.t.JMeterThread: Thread finished: S2 1-361
2026-10-03 17:20:17,068 INFO o.a.j.t.JMeterThread: Stopping because end time detected by thread: S2 1-679
2026-10-03 17:20:17,068 INFO o.a.j.t.JMeterThread: Thread finished: S2 1-679
2026-10-03 17:20:17,068 INFO o.a.j.t.JMeterThread: Stopping because end time detected by thread: S2 1-346
2026-10-03 17:20:17,068 INFO o.a.j.t.JMeterThread: Thread finished: S2 1-346
2026-10-03 17:20:17,138 INFO o.a.j.t.JMeterThread: Stopping because end time detected by thread: S2 1-145
2026-10-03 17:20:17,138 INFO o.a.j.t.JMeterThread: Thread finished: S2 1-145
2026-10-03 17:20:17,139 INFO o.a.j.t.JMeterThread: Stopping because end time detected by thread: S2 1-162
2026-10-03 17:20:17,139 INFO o.a.j.t.JMeterThread: Thread finished: S2 1-162
2026-10-03 17:20:17,141 INFO o.a.j.t.JMeterThread: Stopping because end time detected by thread: S2 1-344
2026-10-03 17:20:17,141 INFO o.a.j.t.JMeterThread: Thread finished: S2 1-344
2026-10-03 17:20:17,142 INFO o.a.j.t.JMeterThread: Stopping because end time detected by thread: S2 1-351
2026-10-03 17:20:17,142 INFO o.a.j.t.JMeterThread: Thread finished: S2 1-351
2026-10-03 17:20:17,143 INFO o.a.j.t.JMeterThread: Stopping because end time detected by thread: S2 1-691
2026-10-03 17:20:17,143 INFO o.a.j.t.JMeterThread: Thread finished: S2 1-691
2026-10-03 17:20:17,150 INFO o.a.j.t.JMeterThread: Stopping because end time detected by thread: S2 1-621
2026-10-03 17:20:17,150 INFO o.a.j.t.JMeterThread: Thread finished: S2 1-621
2026-10-03 17:20:17,157 INFO o.a.j.t.JMeterThread: Stopping because end time detected by thread: S2 1-61
2026-10-03 17:20:17,157 INFO o.a.j.t.JMeterThread: Thread finished: S2 1-61
2026-10-03 17:20:17,163 INFO o.a.j.t.JMeterThread: Stopping because end time detected by thread: S2 1-636
2026-10-03 17:20:17,163 INFO o.a.j.t.JMeterThread: Thread finished: S2 1-636
2026-10-03 17:20:17,164 INFO o.a.j.t.JMeterThread: Stopping because end time detected by thread: S2 1-368
2026-10-03 17:20:17,165 INFO o.a.j.t.JMeterThread: Thread finished: S2 1-368
2026-10-03 17:20:17,165 INFO o.a.j.t.JMeterThread: Stopping because end time detected by thread: S2 1-106
2026-10-03 17:20:17,165 INFO o.a.j.t.JMeterThread: Stopping because end time detected by thread: S2 1-4
2026-10-03 17:20:17,165 INFO o.a.j.t.JMeterThread: Thread finished: S2 1-4
2026-10-03 17:20:17,165 INFO o.a.j.t.JMeterThread: Thread finished: S2 1-106
2026-10-03 17:20:17,170 INFO o.a.j.t.JMeterThread: Stopping because end time detected by thread: S2 1-350
2026-10-03 17:20:17,170 INFO o.a.j.t.JMeterThread: Thread finished: S2 1-350
2026-10-03 17:20:17,235 INFO o.a.j.t.JMeterThread: Stopping because end time detected by thread: S2 1-288
2026-10-03 17:20:17,235 INFO o.a.j.t.JMeterThread: Thread finished: S2 1-288
2026-10-03 17:20:17,238 INFO o.a.j.t.JMeterThread: Stopping because end time detected by thread: S2 1-385
2026-10-03 17:20:17,238 INFO o.a.j.t.JMeterThread: Thread finished: S2 1-385
2026-10-03 17:20:17,245 INFO o.a.j.t.JMeterThread: Stopping because end time detected by thread: S2 1-195
2026-10-03 17:20:17,245 INFO o.a.j.t.JMeterThread: Stopping because end time detected by thread: S2 1-737
2026-10-03 17:20:17,245 INFO o.a.j.t.JMeterThread: Thread finished: S2 1-737
2026-10-03 17:20:17,245 INFO o.a.j.t.JMeterThread: Thread finished: S2 1-195
2026-10-03 17:20:17,246 INFO o.a.j.t.JMeterThread: Stopping because end time detected by thread: S2 1-795
2026-10-03 17:20:17,246 INFO o.a.j.t.JMeterThread: Thread finished: S2 1-795
2026-10-03 17:20:17,247 INFO o.a.j.t.JMeterThread: Stopping because end time detected by thread: S2 1-380
2026-10-03 17:20:17,247 INFO o.a.j.t.JMeterThread: Thread finished: S2 1-380
2026-10-03 17:20:17,247 INFO o.a.j.t.JMeterThread: Stopping because end time detected by thread: S2 1-376
2026-10-03 17:20:17,247 INFO o.a.j.t.JMeterThread: Thread finished: S2 1-376
2026-10-03 17:20:17,248 INFO o.a.j.t.JMeterThread: Stopping because end time detected by thread: S2 1-311
2026-10-03 17:20:17,249 INFO o.a.j.t.JMeterThread: Thread finished: S2 1-311
2026-10-03 17:20:17,253 INFO o.a.j.t.JMeterThread: Stopping because end time detected by thread: S2 1-597
2026-10-03 17:20:17,253 INFO o.a.j.t.JMeterThread: Thread finished: S2 1-597
2026-10-03 17:20:17,257 INFO o.a.j.t.JMeterThread: Stopping because end time detected by thread: S2 1-168
2026-10-03 17:20:17,257 INFO o.a.j.t.JMeterThread: Thread finished: S2 1-168
2026-10-03 17:20:17,259 INFO o.a.j.t.JMeterThread: Stopping because end time detected by thread: S2 1-52
2026-10-03 17:20:17,259 INFO o.a.j.t.JMeterThread: Thread finished: S2 1-52
2026-10-03 17:20:17,334 INFO o.a.j.t.JMeterThread: Stopping because end time detected by thread: S2 1-165
2026-10-03 17:20:17,334 INFO o.a.j.t.JMeterThread: Stopping because end time detected by thread: S2 1-256
2026-10-03 17:20:17,335 INFO o.a.j.t.JMeterThread: Thread finished: S2 1-256
2026-10-03 17:20:17,335 INFO o.a.j.t.JMeterThread: Thread finished: S2 1-165
2026-10-03 17:20:17,336 INFO o.a.j.t.JMeterThread: Stopping because end time detected by thread: S2 1-463
2026-10-03 17:20:17,336 INFO o.a.j.t.JMeterThread: Thread finished: S2 1-463
2026-10-03 17:20:17,341 INFO o.a.j.t.JMeterThread: Stopping because end time detected by thread: S2 1-756
2026-10-03 17:20:17,341 INFO o.a.j.t.JMeterThread: Thread finished: S2 1-756
2026-10-03 17:20:17,344 INFO o.a.j.t.JMeterThread: Stopping because end time detected by thread: S2 1-700
2026-10-03 17:20:17,344 INFO o.a.j.t.JMeterThread: Thread finished: S2 1-700
2026-10-03 17:20:17,344 INFO o.a.j.t.JMeterThread: Stopping because end time detected by thread: S2 1-714
2026-10-03 17:20:17,344 INFO o.a.j.t.JMeterThread: Thread finished: S2 1-714
2026-10-03 17:20:17,353 INFO o.a.j.t.JMeterThread: Stopping because end time detected by thread: S2 1-341
2026-10-03 17:20:17,353 INFO o.a.j.t.JMeterThread: Thread finished: S2 1-341
2026-10-03 17:20:17,359 INFO o.a.j.t.JMeterThread: Stopping because end time detected by thread: S2 1-701
2026-10-03 17:20:17,359 INFO o.a.j.t.JMeterThread: Thread finished: S2 1-701
2026-10-03 17:20:17,361 INFO o.a.j.t.JMeterThread: Stopping because end time detected by thread: S2 1-695
2026-10-03 17:20:17,361 INFO o.a.j.t.JMeterThread: Stopping because end time detected by thread: S2 1-208
2026-10-03 17:20:17,361 INFO o.a.j.t.JMeterThread: Thread finished: S2 1-695
2026-10-03 17:20:17,361 INFO o.a.j.t.JMeterThread: Thread finished: S2 1-208
2026-10-03 17:20:17,365 INFO o.a.j.t.JMeterThread: Stopping because end time detected by thread: S2 1-718
2026-10-03 17:20:17,365 INFO o.a.j.t.JMeterThread: Thread finished: S2 1-718
2026-10-03 17:20:17,369 INFO o.a.j.t.JMeterThread: Stopping because end time detected by thread: S2 1-771
2026-10-03 17:20:17,369 INFO o.a.j.t.JMeterThread: Thread finished: S2 1-771
2026-10-03 17:20:17,370 INFO o.a.j.t.JMeterThread: Stopping because end time detected by thread: S2 1-170
2026-10-03 17:20:17,371 INFO o.a.j.t.JMeterThread: Thread finished: S2 1-170
2026-10-03 17:20:17,373 INFO o.a.j.t.JMeterThread: Stopping because end time detected by thread: S2 1-366
2026-10-03 17:20:17,373 INFO o.a.j.t.JMeterThread: Thread finished: S2 1-366
2026-10-03 17:20:17,437 INFO o.a.j.t.JMeterThread: Stopping because end time detected by thread: S2 1-475
2026-10-03 17:20:17,437 INFO o.a.j.t.JMeterThread: Thread finished: S2 1-475
2026-10-03 17:20:17,439 INFO o.a.j.t.JMeterThread: Stopping because end time detected by thread: S2 1-207
2026-10-03 17:20:17,439 INFO o.a.j.t.JMeterThread: Thread finished: S2 1-207
2026-10-03 17:20:17,440 INFO o.a.j.t.JMeterThread: Stopping because end time detected by thread: S2 1-89
2026-10-03 17:20:17,440 INFO o.a.j.t.JMeterThread: Thread finished: S2 1-89
2026-10-03 17:20:17,441 INFO o.a.j.t.JMeterThread: Stopping because end time detected by thread: S2 1-767
2026-10-03 17:20:17,441 INFO o.a.j.t.JMeterThread: Thread finished: S2 1-767
2026-10-03 17:20:17,445 INFO o.a.j.t.JMeterThread: Stopping because end time detected by thread: S2 1-605
2026-10-03 17:20:17,446 INFO o.a.j.t.JMeterThread: Thread finished: S2 1-605
2026-10-03 17:20:17,446 INFO o.a.j.t.JMeterThread: Stopping because end time detected by thread: S2 1-692
2026-10-03 17:20:17,446 INFO o.a.j.t.JMeterThread: Thread finished: S2 1-692
2026-10-03 17:20:17,447 INFO o.a.j.t.JMeterThread: Stopping because end time detected by thread: S2 1-360
2026-10-03 17:20:17,447 INFO o.a.j.t.JMeterThread: Thread finished: S2 1-360
2026-10-03 17:20:17,448 INFO o.a.j.t.JMeterThread: Stopping because end time detected by thread: S2 1-130
2026-10-03 17:20:17,448 INFO o.a.j.t.JMeterThread: Thread finished: S2 1-130
2026-10-03 17:20:17,449 INFO o.a.j.t.JMeterThread: Stopping because end time detected by thread: S2 1-211
2026-10-03 17:20:17,449 INFO o.a.j.t.JMeterThread: Thread finished: S2 1-211
2026-10-03 17:20:17,452 INFO o.a.j.t.JMeterThread: Stopping because end time detected by thread: S2 1-65
2026-10-03 17:20:17,453 INFO o.a.j.t.JMeterThread: Thread finished: S2 1-65
2026-10-03 17:20:17,457 INFO o.a.j.t.JMeterThread: Stopping because end time detected by thread: S2 1-370
2026-10-03 17:20:17,458 INFO o.a.j.t.JMeterThread: Thread finished: S2 1-370
2026-10-03 17:20:17,459 INFO o.a.j.t.JMeterThread: Stopping because end time detected by thread: S2 1-79
2026-10-03 17:20:17,459 INFO o.a.j.t.JMeterThread: Thread finished: S2 1-79
2026-10-03 17:20:17,469 INFO o.a.j.t.JMeterThread: Stopping because end time detected by thread: S2 1-342
2026-10-03 17:20:17,469 INFO o.a.j.t.JMeterThread: Thread finished: S2 1-342
2026-10-03 17:20:17,471 INFO o.a.j.t.JMeterThread: Stopping because end time detected by thread: S2 1-245
2026-10-03 17:20:17,471 INFO o.a.j.t.JMeterThread: Thread finished: S2 1-245
2026-10-03 17:20:17,535 INFO o.a.j.t.JMeterThread: Stopping because end time detected by thread: S2 1-391
2026-10-03 17:20:17,535 INFO o.a.j.t.JMeterThread: Thread finished: S2 1-391
2026-10-03 17:20:17,535 INFO o.a.j.t.JMeterThread: Stopping because end time detected by thread: S2 1-112
2026-10-03 17:20:17,535 INFO o.a.j.t.JMeterThread: Thread finished: S2 1-112
2026-10-03 17:20:17,538 INFO o.a.j.t.JMeterThread: Stopping because end time detected by thread: S2 1-284
2026-10-03 17:20:17,538 INFO o.a.j.t.JMeterThread: Thread finished: S2 1-284
2026-10-03 17:20:17,540 INFO o.a.j.t.JMeterThread: Stopping because end time detected by thread: S2 1-116
2026-10-03 17:20:17,540 INFO o.a.j.t.JMeterThread: Thread finished: S2 1-116
2026-10-03 17:20:17,541 INFO o.a.j.t.JMeterThread: Stopping because end time detected by thread: S2 1-304
2026-10-03 17:20:17,541 INFO o.a.j.t.JMeterThread: Thread finished: S2 1-304
2026-10-03 17:20:17,543 INFO o.a.j.t.JMeterThread: Stopping because end time detected by thread: S2 1-338
2026-10-03 17:20:17,543 INFO o.a.j.t.JMeterThread: Thread finished: S2 1-338
2026-10-03 17:20:17,550 INFO o.a.j.t.JMeterThread: Stopping because end time detected by thread: S2 1-727
2026-10-03 17:20:17,550 INFO o.a.j.t.JMeterThread: Thread finished: S2 1-727
2026-10-03 17:20:17,559 INFO o.a.j.t.JMeterThread: Stopping because end time detected by thread: S2 1-815
2026-10-03 17:20:17,559 INFO o.a.j.t.JMeterThread: Thread finished: S2 1-815
2026-10-03 17:20:17,562 INFO o.a.j.t.JMeterThread: Stopping because end time detected by thread: S2 1-358
2026-10-03 17:20:17,562 INFO o.a.j.t.JMeterThread: Thread finished: S2 1-358
2026-10-03 17:20:17,562 INFO o.a.j.t.JMeterThread: Stopping because end time detected by thread: S2 1-758
2026-10-03 17:20:17,562 INFO o.a.j.t.JMeterThread: Thread finished: S2 1-758
2026-10-03 17:20:17,565 INFO o.a.j.t.JMeterThread: Stopping because end time detected by thread: S2 1-8
2026-10-03 17:20:17,566 INFO o.a.j.t.JMeterThread: Thread finished: S2 1-8
2026-10-03 17:20:17,567 INFO o.a.j.t.JMeterThread: Stopping because end time detected by thread: S2 1-711
2026-10-03 17:20:17,567 INFO o.a.j.t.JMeterThread: Thread finished: S2 1-711
2026-10-03 17:20:17,567 INFO o.a.j.t.JMeterThread: Stopping because end time detected by thread: S2 1-404
2026-10-03 17:20:17,567 INFO o.a.j.t.JMeterThread: Stopping because end time detected by thread: S2 1-153
2026-10-03 17:20:17,567 INFO o.a.j.t.JMeterThread: Thread finished: S2 1-153
2026-10-03 17:20:17,567 INFO o.a.j.t.JMeterThread: Thread finished: S2 1-404
2026-10-03 17:20:17,568 INFO o.a.j.t.JMeterThread: Stopping because end time detected by thread: S2 1-791
2026-10-03 17:20:17,568 INFO o.a.j.t.JMeterThread: Thread finished: S2 1-791
2026-10-03 17:20:17,635 INFO o.a.j.t.JMeterThread: Stopping because end time detected by thread: S2 1-682
2026-10-03 17:20:17,635 INFO o.a.j.t.JMeterThread: Thread finished: S2 1-682
2026-10-03 17:20:17,636 INFO o.a.j.t.JMeterThread: Stopping because end time detected by thread: S2 1-629
2026-10-03 17:20:17,636 INFO o.a.j.t.JMeterThread: Thread finished: S2 1-629
2026-10-03 17:20:17,638 INFO o.a.j.t.JMeterThread: Stopping because end time detected by thread: S2 1-731
2026-10-03 17:20:17,638 INFO o.a.j.t.JMeterThread: Thread finished: S2 1-731
2026-10-03 17:20:17,643 INFO o.a.j.t.JMeterThread: Stopping because end time detected by thread: S2 1-617
2026-10-03 17:20:17,643 INFO o.a.j.t.JMeterThread: Thread finished: S2 1-617
2026-10-03 17:20:17,653 INFO o.a.j.t.JMeterThread: Stopping because end time detected by thread: S2 1-108
2026-10-03 17:20:17,653 INFO o.a.j.t.JMeterThread: Thread finished: S2 1-108
2026-10-03 17:20:17,654 INFO o.a.j.t.JMeterThread: Stopping because end time detected by thread: S2 1-928
2026-10-03 17:20:17,654 INFO o.a.j.t.JMeterThread: Thread finished: S2 1-928
2026-10-03 17:20:17,666 INFO o.a.j.t.JMeterThread: Stopping because end time detected by thread: S2 1-86
2026-10-03 17:20:17,666 INFO o.a.j.t.JMeterThread: Thread finished: S2 1-86
2026-10-03 17:20:17,668 INFO o.a.j.t.JMeterThread: Stopping because end time detected by thread: S2 1-844
2026-10-03 17:20:17,668 INFO o.a.j.t.JMeterThread: Thread finished: S2 1-844
2026-10-03 17:20:17,733 INFO o.a.j.t.JMeterThread: Stopping because end time detected by thread: S2 1-228
2026-10-03 17:20:17,733 INFO o.a.j.t.JMeterThread: Thread finished: S2 1-228
2026-10-03 17:20:17,736 INFO o.a.j.t.JMeterThread: Stopping because end time detected by thread: S2 1-676
2026-10-03 17:20:17,737 INFO o.a.j.t.JMeterThread: Stopping because end time detected by thread: S2 1-665
2026-10-03 17:20:17,737 INFO o.a.j.t.JMeterThread: Thread finished: S2 1-676
2026-10-03 17:20:17,737 INFO o.a.j.t.JMeterThread: Thread finished: S2 1-665
2026-10-03 17:20:17,739 INFO o.a.j.t.JMeterThread: Stopping because end time detected by thread: S2 1-232
2026-10-03 17:20:17,739 INFO o.a.j.t.JMeterThread: Thread finished: S2 1-232
2026-10-03 17:20:17,742 INFO o.a.j.t.JMeterThread: Stopping because end time detected by thread: S2 1-143
2026-10-03 17:20:17,742 INFO o.a.j.t.JMeterThread: Thread finished: S2 1-143
2026-10-03 17:20:17,744 INFO o.a.j.t.JMeterThread: Stopping because end time detected by thread: S2 1-742
2026-10-03 17:20:17,744 INFO o.a.j.t.JMeterThread: Thread finished: S2 1-742
2026-10-03 17:20:17,754 INFO o.a.j.t.JMeterThread: Stopping because end time detected by thread: S2 1-750
2026-10-03 17:20:17,754 INFO o.a.j.t.JMeterThread: Thread finished: S2 1-750
2026-10-03 17:20:17,755 INFO o.a.j.t.JMeterThread: Stopping because end time detected by thread: S2 1-823
2026-10-03 17:20:17,755 INFO o.a.j.t.JMeterThread: Stopping because end time detected by thread: S2 1-613
2026-10-03 17:20:17,755 INFO o.a.j.t.JMeterThread: Thread finished: S2 1-823
2026-10-03 17:20:17,755 INFO o.a.j.t.JMeterThread: Thread finished: S2 1-613
2026-10-03 17:20:17,757 INFO o.a.j.t.JMeterThread: Stopping because end time detected by thread: S2 1-726
2026-10-03 17:20:17,758 INFO o.a.j.t.JMeterThread: Thread finished: S2 1-726
2026-10-03 17:20:17,760 INFO o.a.j.t.JMeterThread: Stopping because end time detected by thread: S2 1-216
2026-10-03 17:20:17,760 INFO o.a.j.t.JMeterThread: Thread finished: S2 1-216
2026-10-03 17:20:17,762 INFO o.a.j.t.JMeterThread: Stopping because end time detected by thread: S2 1-652
2026-10-03 17:20:17,763 INFO o.a.j.t.JMeterThread: Thread finished: S2 1-652
2026-10-03 17:20:17,765 INFO o.a.j.t.JMeterThread: Stopping because end time detected by thread: S2 1-774
2026-10-03 17:20:17,765 INFO o.a.j.t.JMeterThread: Thread finished: S2 1-774
2026-10-03 17:20:17,766 INFO o.a.j.t.JMeterThread: Stopping because end time detected by thread: S2 1-362
2026-10-03 17:20:17,767 INFO o.a.j.t.JMeterThread: Thread finished: S2 1-362
2026-10-03 17:20:17,835 INFO o.a.j.t.JMeterThread: Stopping because end time detected by thread: S2 1-39
2026-10-03 17:20:17,835 INFO o.a.j.t.JMeterThread: Thread finished: S2 1-39
2026-10-03 17:20:17,839 INFO o.a.j.t.JMeterThread: Stopping because end time detected by thread: S2 1-194
2026-10-03 17:20:17,839 INFO o.a.j.t.JMeterThread: Thread finished: S2 1-194
2026-10-03 17:20:17,841 INFO o.a.j.t.JMeterThread: Stopping because end time detected by thread: S2 1-200
2026-10-03 17:20:17,841 INFO o.a.j.t.JMeterThread: Thread finished: S2 1-200
2026-10-03 17:20:17,843 INFO o.a.j.t.JMeterThread: Stopping because end time detected by thread: S2 1-28
2026-10-03 17:20:17,843 INFO o.a.j.t.JMeterThread: Thread finished: S2 1-28
2026-10-03 17:20:17,843 INFO o.a.j.t.JMeterThread: Stopping because end time detected by thread: S2 1-133
2026-10-03 17:20:17,843 INFO o.a.j.t.JMeterThread: Thread finished: S2 1-133
2026-10-03 17:20:17,847 INFO o.a.j.t.JMeterThread: Stopping because end time detected by thread: S2 1-69
2026-10-03 17:20:17,847 INFO o.a.j.t.JMeterThread: Thread finished: S2 1-69
2026-10-03 17:20:17,848 INFO o.a.j.t.JMeterThread: Stopping because end time detected by thread: S2 1-280
2026-10-03 17:20:17,848 INFO o.a.j.t.JMeterThread: Thread finished: S2 1-280
2026-10-03 17:20:17,849 INFO o.a.j.t.JMeterThread: Stopping because end time detected by thread: S2 1-672
2026-10-03 17:20:17,849 INFO o.a.j.t.JMeterThread: Thread finished: S2 1-672
2026-10-03 17:20:17,851 INFO o.a.j.t.JMeterThread: Stopping because end time detected by thread: S2 1-678
2026-10-03 17:20:17,851 INFO o.a.j.t.JMeterThread: Thread finished: S2 1-678
2026-10-03 17:20:17,852 INFO o.a.j.t.JMeterThread: Stopping because end time detected by thread: S2 1-34
2026-10-03 17:20:17,852 INFO o.a.j.t.JMeterThread: Thread finished: S2 1-34
2026-10-03 17:20:17,854 INFO o.a.j.t.JMeterThread: Stopping because end time detected by thread: S2 1-54
2026-10-03 17:20:17,854 INFO o.a.j.t.JMeterThread: Thread finished: S2 1-54
2026-10-03 17:20:17,856 INFO o.a.j.t.JMeterThread: Stopping because end time detected by thread: S2 1-628
2026-10-03 17:20:17,856 INFO o.a.j.t.JMeterThread: Thread finished: S2 1-628
2026-10-03 17:20:17,858 INFO o.a.j.t.JMeterThread: Stopping because end time detected by thread: S2 1-2
2026-10-03 17:20:17,858 INFO o.a.j.t.JMeterThread: Thread finished: S2 1-2
2026-10-03 17:20:17,858 INFO o.a.j.t.JMeterThread: Stopping because end time detected by thread: S2 1-683
2026-10-03 17:20:17,858 INFO o.a.j.t.JMeterThread: Thread finished: S2 1-683
2026-10-03 17:20:17,862 INFO o.a.j.t.JMeterThread: Stopping because end time detected by thread: S2 1-185
2026-10-03 17:20:17,862 INFO o.a.j.t.JMeterThread: Thread finished: S2 1-185
2026-10-03 17:20:17,869 INFO o.a.j.t.JMeterThread: Stopping because end time detected by thread: S2 1-653
2026-10-03 17:20:17,869 INFO o.a.j.t.JMeterThread: Thread finished: S2 1-653
2026-10-03 17:20:17,869 INFO o.a.j.t.JMeterThread: Stopping because end time detected by thread: S2 1-405
2026-10-03 17:20:17,870 INFO o.a.j.t.JMeterThread: Thread finished: S2 1-405
2026-10-03 17:20:17,873 INFO o.a.j.t.JMeterThread: Stopping because end time detected by thread: S2 1-637
2026-10-03 17:20:17,873 INFO o.a.j.t.JMeterThread: Thread finished: S2 1-637
2026-10-03 17:20:17,933 INFO o.a.j.t.JMeterThread: Stopping because end time detected by thread: S2 1-398
2026-10-03 17:20:17,933 INFO o.a.j.t.JMeterThread: Thread finished: S2 1-398
2026-10-03 17:20:17,933 INFO o.a.j.t.JMeterThread: Stopping because end time detected by thread: S2 1-431
2026-10-03 17:20:17,933 INFO o.a.j.t.JMeterThread: Thread finished: S2 1-431
2026-10-03 17:20:17,935 INFO o.a.j.t.JMeterThread: Stopping because end time detected by thread: S2 1-394
2026-10-03 17:20:17,935 INFO o.a.j.t.JMeterThread: Thread finished: S2 1-394
2026-10-03 17:20:17,938 INFO o.a.j.t.JMeterThread: Stopping because end time detected by thread: S2 1-381
2026-10-03 17:20:17,938 INFO o.a.j.t.JMeterThread: Thread finished: S2 1-381
2026-10-03 17:20:17,938 INFO o.a.j.t.JMeterThread: Stopping because end time detected by thread: S2 1-467
2026-10-03 17:20:17,938 INFO o.a.j.t.JMeterThread: Thread finished: S2 1-467
2026-10-03 17:20:17,942 INFO o.a.j.t.JMeterThread: Stopping because end time detected by thread: S2 1-799
2026-10-03 17:20:17,942 INFO o.a.j.t.JMeterThread: Thread finished: S2 1-799
2026-10-03 17:20:17,947 INFO o.a.j.t.JMeterThread: Stopping because end time detected by thread: S2 1-708
2026-10-03 17:20:17,947 INFO o.a.j.t.JMeterThread: Thread finished: S2 1-708
2026-10-03 17:20:17,950 INFO o.a.j.t.JMeterThread: Stopping because end time detected by thread: S2 1-124
2026-10-03 17:20:17,950 INFO o.a.j.t.JMeterThread: Stopping because end time detected by thread: S2 1-482
2026-10-03 17:20:17,950 INFO o.a.j.t.JMeterThread: Thread finished: S2 1-124
2026-10-03 17:20:17,950 INFO o.a.j.t.JMeterThread: Thread finished: S2 1-482
2026-10-03 17:20:17,950 INFO o.a.j.t.JMeterThread: Stopping because end time detected by thread: S2 1-292
2026-10-03 17:20:17,950 INFO o.a.j.t.JMeterThread: Thread finished: S2 1-292
2026-10-03 17:20:17,959 INFO o.a.j.t.JMeterThread: Stopping because end time detected by thread: S2 1-867
2026-10-03 17:20:17,959 INFO o.a.j.t.JMeterThread: Thread finished: S2 1-867
2026-10-03 17:20:17,964 INFO o.a.j.t.JMeterThread: Stopping because end time detected by thread: S2 1-633
2026-10-03 17:20:17,964 INFO o.a.j.t.JMeterThread: Thread finished: S2 1-633
2026-10-03 17:20:17,968 INFO o.a.j.t.JMeterThread: Stopping because end time detected by thread: S2 1-754
2026-10-03 17:20:17,968 INFO o.a.j.t.JMeterThread: Thread finished: S2 1-754
2026-10-03 17:20:18,038 INFO o.a.j.t.JMeterThread: Stopping because end time detected by thread: S2 1-136
2026-10-03 17:20:18,038 INFO o.a.j.t.JMeterThread: Thread finished: S2 1-136
2026-10-03 17:20:18,038 INFO o.a.j.t.JMeterThread: Stopping because end time detected by thread: S2 1-859
2026-10-03 17:20:18,038 INFO o.a.j.t.JMeterThread: Thread finished: S2 1-859
2026-10-03 17:20:18,040 INFO o.a.j.t.JMeterThread: Stopping because end time detected by thread: S2 1-91
2026-10-03 17:20:18,040 INFO o.a.j.t.JMeterThread: Thread finished: S2 1-91
2026-10-03 17:20:18,040 INFO o.a.j.t.JMeterThread: Stopping because end time detected by thread: S2 1-356
2026-10-03 17:20:18,040 INFO o.a.j.t.JMeterThread: Thread finished: S2 1-356
2026-10-03 17:20:18,041 INFO o.a.j.t.JMeterThread: Stopping because end time detected by thread: S2 1-386
2026-10-03 17:20:18,041 INFO o.a.j.t.JMeterThread: Thread finished: S2 1-386
2026-10-03 17:20:18,041 INFO o.a.j.t.JMeterThread: Stopping because end time detected by thread: S2 1-354
2026-10-03 17:20:18,041 INFO o.a.j.t.JMeterThread: Thread finished: S2 1-354
2026-10-03 17:20:18,043 INFO o.a.j.t.JMeterThread: Stopping because end time detected by thread: S2 1-641
2026-10-03 17:20:18,044 INFO o.a.j.t.JMeterThread: Thread finished: S2 1-641
2026-10-03 17:20:18,054 INFO o.a.j.t.JMeterThread: Stopping because end time detected by thread: S2 1-509
2026-10-03 17:20:18,054 INFO o.a.j.t.JMeterThread: Thread finished: S2 1-509
2026-10-03 17:20:18,059 INFO o.a.j.t.JMeterThread: Stopping because end time detected by thread: S2 1-60
2026-10-03 17:20:18,059 INFO o.a.j.t.JMeterThread: Thread finished: S2 1-60
2026-10-03 17:20:18,062 INFO o.a.j.t.JMeterThread: Stopping because end time detected by thread: S2 1-393
2026-10-03 17:20:18,062 INFO o.a.j.t.JMeterThread: Thread finished: S2 1-393
2026-10-03 17:20:18,064 INFO o.a.j.t.JMeterThread: Stopping because end time detected by thread: S2 1-12
2026-10-03 17:20:18,064 INFO o.a.j.t.JMeterThread: Thread finished: S2 1-12
2026-10-03 17:20:18,064 INFO o.a.j.t.JMeterThread: Stopping because end time detected by thread: S2 1-729
2026-10-03 17:20:18,064 INFO o.a.j.t.JMeterThread: Thread finished: S2 1-729
2026-10-03 17:20:18,065 INFO o.a.j.t.JMeterThread: Stopping because end time detected by thread: S2 1-300
2026-10-03 17:20:18,065 INFO o.a.j.t.JMeterThread: Thread finished: S2 1-300
2026-10-03 17:20:18,067 INFO o.a.j.t.JMeterThread: Stopping because end time detected by thread: S2 1-227
2026-10-03 17:20:18,067 INFO o.a.j.t.JMeterThread: Thread finished: S2 1-227
2026-10-03 17:20:18,068 INFO o.a.j.t.JMeterThread: Stopping because end time detected by thread: S2 1-392
2026-10-03 17:20:18,068 INFO o.a.j.t.JMeterThread: Thread finished: S2 1-392
2026-10-03 17:20:18,072 INFO o.a.j.t.JMeterThread: Stopping because end time detected by thread: S2 1-396
2026-10-03 17:20:18,072 INFO o.a.j.t.JMeterThread: Thread finished: S2 1-396
2026-10-03 17:20:18,139 INFO o.a.j.t.JMeterThread: Stopping because end time detected by thread: S2 1-855
2026-10-03 17:20:18,139 INFO o.a.j.t.JMeterThread: Thread finished: S2 1-855
2026-10-03 17:20:18,140 INFO o.a.j.t.JMeterThread: Stopping because end time detected by thread: S2 1-704
2026-10-03 17:20:18,140 INFO o.a.j.t.JMeterThread: Stopping because end time detected by thread: S2 1-897
2026-10-03 17:20:18,140 INFO o.a.j.t.JMeterThread: Thread finished: S2 1-704
2026-10-03 17:20:18,140 INFO o.a.j.t.JMeterThread: Thread finished: S2 1-897
2026-10-03 17:20:18,140 INFO o.a.j.t.JMeterThread: Stopping because end time detected by thread: S2 1-107
2026-10-03 17:20:18,141 INFO o.a.j.t.JMeterThread: Thread finished: S2 1-107
2026-10-03 17:20:18,143 INFO o.a.j.t.JMeterThread: Stopping because end time detected by thread: S2 1-13
2026-10-03 17:20:18,143 INFO o.a.j.t.JMeterThread: Stopping because end time detected by thread: S2 1-819
2026-10-03 17:20:18,143 INFO o.a.j.t.JMeterThread: Thread finished: S2 1-13
2026-10-03 17:20:18,143 INFO o.a.j.t.JMeterThread: Thread finished: S2 1-819
2026-10-03 17:20:18,148 INFO o.a.j.t.JMeterThread: Stopping because end time detected by thread: S2 1-478
2026-10-03 17:20:18,148 INFO o.a.j.t.JMeterThread: Thread finished: S2 1-478
2026-10-03 17:20:18,149 INFO o.a.j.t.JMeterThread: Stopping because end time detected by thread: S2 1-471
2026-10-03 17:20:18,149 INFO o.a.j.t.JMeterThread: Thread finished: S2 1-471
2026-10-03 17:20:18,153 INFO o.a.j.t.JMeterThread: Stopping because end time detected by thread: S2 1-127
2026-10-03 17:20:18,153 INFO o.a.j.t.JMeterThread: Thread finished: S2 1-127
2026-10-03 17:20:18,153 INFO o.a.j.t.JMeterThread: Stopping because end time detected by thread: S2 1-408
2026-10-03 17:20:18,153 INFO o.a.j.t.JMeterThread: Thread finished: S2 1-408
2026-10-03 17:20:18,156 INFO o.a.j.t.JMeterThread: Stopping because end time detected by thread: S2 1-863
2026-10-03 17:20:18,157 INFO o.a.j.t.JMeterThread: Thread finished: S2 1-863
2026-10-03 17:20:18,166 INFO o.a.j.t.JMeterThread: Stopping because end time detected by thread: S2 1-770
2026-10-03 17:20:18,166 INFO o.a.j.t.JMeterThread: Thread finished: S2 1-770
2026-10-03 17:20:18,168 INFO o.a.j.t.JMeterThread: Stopping because end time detected by thread: S2 1-500
2026-10-03 17:20:18,168 INFO o.a.j.t.JMeterThread: Thread finished: S2 1-500
2026-10-03 17:20:18,238 INFO o.a.j.t.JMeterThread: Stopping because end time detected by thread: S2 1-296
2026-10-03 17:20:18,238 INFO o.a.j.t.JMeterThread: Thread finished: S2 1-296
2026-10-03 17:20:18,248 INFO o.a.j.t.JMeterThread: Stopping because end time detected by thread: S2 1-879
2026-10-03 17:20:18,248 INFO o.a.j.t.JMeterThread: Thread finished: S2 1-879
2026-10-03 17:20:18,248 INFO o.a.j.t.JMeterThread: Stopping because end time detected by thread: S2 1-696
2026-10-03 17:20:18,249 INFO o.a.j.t.JMeterThread: Thread finished: S2 1-696
2026-10-03 17:20:18,252 INFO o.a.j.t.JMeterThread: Stopping because end time detected by thread: S2 1-835
2026-10-03 17:20:18,252 INFO o.a.j.t.JMeterThread: Thread finished: S2 1-835
2026-10-03 17:20:18,261 INFO o.a.j.t.JMeterThread: Stopping because end time detected by thread: S2 1-753
2026-10-03 17:20:18,261 INFO o.a.j.t.JMeterThread: Thread finished: S2 1-753
2026-10-03 17:20:18,262 INFO o.a.j.t.JMeterThread: Stopping because end time detected by thread: S2 1-234
2026-10-03 17:20:18,262 INFO o.a.j.t.JMeterThread: Thread finished: S2 1-234
2026-10-03 17:20:18,265 INFO o.a.j.t.JMeterThread: Stopping because end time detected by thread: S2 1-384
2026-10-03 17:20:18,265 INFO o.a.j.t.JMeterThread: Thread finished: S2 1-384
2026-10-03 17:20:18,269 INFO o.a.j.t.JMeterThread: Stopping because end time detected by thread: S2 1-372
2026-10-03 17:20:18,269 INFO o.a.j.t.JMeterThread: Thread finished: S2 1-372
2026-10-03 17:20:18,270 INFO o.a.j.t.JMeterThread: Stopping because end time detected by thread: S2 1-397
2026-10-03 17:20:18,270 INFO o.a.j.t.JMeterThread: Thread finished: S2 1-397
2026-10-03 17:20:18,333 INFO o.a.j.t.JMeterThread: Stopping because end time detected by thread: S2 1-119
2026-10-03 17:20:18,333 INFO o.a.j.t.JMeterThread: Thread finished: S2 1-119
2026-10-03 17:20:18,336 INFO o.a.j.t.JMeterThread: Stopping because end time detected by thread: S2 1-514
2026-10-03 17:20:18,336 INFO o.a.j.t.JMeterThread: Thread finished: S2 1-514
2026-10-03 17:20:18,339 INFO o.a.j.t.JMeterThread: Stopping because end time detected by thread: S2 1-741
2026-10-03 17:20:18,339 INFO o.a.j.t.JMeterThread: Thread finished: S2 1-741
2026-10-03 17:20:18,340 INFO o.a.j.t.JMeterThread: Stopping because end time detected by thread: S2 1-236
2026-10-03 17:20:18,340 INFO o.a.j.t.JMeterThread: Stopping because end time detected by thread: S2 1-32
2026-10-03 17:20:18,340 INFO o.a.j.t.JMeterThread: Thread finished: S2 1-236
2026-10-03 17:20:18,341 INFO o.a.j.t.JMeterThread: Thread finished: S2 1-32
2026-10-03 17:20:18,341 INFO o.a.j.t.JMeterThread: Stopping because end time detected by thread: S2 1-413
2026-10-03 17:20:18,342 INFO o.a.j.t.JMeterThread: Thread finished: S2 1-413
2026-10-03 17:20:18,346 INFO o.a.j.t.JMeterThread: Stopping because end time detected by thread: S2 1-794
2026-10-03 17:20:18,346 INFO o.a.j.t.JMeterThread: Thread finished: S2 1-794
2026-10-03 17:20:18,350 INFO o.a.j.t.JMeterThread: Stopping because end time detected by thread: S2 1-373
2026-10-03 17:20:18,351 INFO o.a.j.t.JMeterThread: Thread finished: S2 1-373
2026-10-03 17:20:18,352 INFO o.a.j.t.JMeterThread: Stopping because end time detected by thread: S2 1-425
2026-10-03 17:20:18,353 INFO o.a.j.t.JMeterThread: Thread finished: S2 1-425
2026-10-03 17:20:18,353 INFO o.a.j.t.JMeterThread: Stopping because end time detected by thread: S2 1-716
2026-10-03 17:20:18,353 INFO o.a.j.t.JMeterThread: Thread finished: S2 1-716
2026-10-03 17:20:18,355 INFO o.a.j.t.JMeterThread: Stopping because end time detected by thread: S2 1-689
2026-10-03 17:20:18,355 INFO o.a.j.t.JMeterThread: Thread finished: S2 1-689
2026-10-03 17:20:18,356 INFO o.a.j.t.JMeterThread: Stopping because end time detected by thread: S2 1-772
2026-10-03 17:20:18,356 INFO o.a.j.t.JMeterThread: Thread finished: S2 1-772
2026-10-03 17:20:18,362 INFO o.a.j.t.JMeterThread: Stopping because end time detected by thread: S2 1-831
2026-10-03 17:20:18,362 INFO o.a.j.t.JMeterThread: Stopping because end time detected by thread: S2 1-766
2026-10-03 17:20:18,362 INFO o.a.j.t.JMeterThread: Thread finished: S2 1-831
2026-10-03 17:20:18,362 INFO o.a.j.t.JMeterThread: Thread finished: S2 1-766
2026-10-03 17:20:18,366 INFO o.a.j.t.JMeterThread: Stopping because end time detected by thread: S2 1-749
2026-10-03 17:20:18,366 INFO o.a.j.t.JMeterThread: Thread finished: S2 1-749
2026-10-03 17:20:18,369 INFO o.a.j.t.JMeterThread: Stopping because end time detected by thread: S2 1-684
2026-10-03 17:20:18,369 INFO o.a.j.t.JMeterThread: Thread finished: S2 1-684
2026-10-03 17:20:18,371 INFO o.a.j.t.JMeterThread: Stopping because end time detected by thread: S2 1-99
2026-10-03 17:20:18,371 INFO o.a.j.t.JMeterThread: Thread finished: S2 1-99
2026-10-03 17:20:18,372 INFO o.a.j.t.JMeterThread: Stopping because end time detected by thread: S2 1-57
2026-10-03 17:20:18,372 INFO o.a.j.t.JMeterThread: Thread finished: S2 1-57
2026-10-03 17:20:18,381 INFO o.a.j.t.JMeterThread: Stopping because end time detected by thread: S2 1-746
2026-10-03 17:20:18,382 INFO o.a.j.t.JMeterThread: Thread finished: S2 1-746
2026-10-03 17:20:18,434 INFO o.a.j.t.JMeterThread: Stopping because end time detected by thread: S2 1-712
2026-10-03 17:20:18,434 INFO o.a.j.t.JMeterThread: Thread finished: S2 1-712
2026-10-03 17:20:18,436 INFO o.a.j.t.JMeterThread: Stopping because end time detected by thread: S2 1-382
2026-10-03 17:20:18,436 INFO o.a.j.t.JMeterThread: Thread finished: S2 1-382
2026-10-03 17:20:18,436 INFO o.a.j.t.JMeterThread: Stopping because end time detected by thread: S2 1-745
2026-10-03 17:20:18,436 INFO o.a.j.t.JMeterThread: Thread finished: S2 1-745
2026-10-03 17:20:18,438 INFO o.a.j.t.JMeterThread: Stopping because end time detected by thread: S2 1-122
2026-10-03 17:20:18,439 INFO o.a.j.t.JMeterThread: Thread finished: S2 1-122
2026-10-03 17:20:18,442 INFO o.a.j.t.JMeterThread: Stopping because end time detected by thread: S2 1-751
2026-10-03 17:20:18,442 INFO o.a.j.t.JMeterThread: Thread finished: S2 1-751
2026-10-03 17:20:18,449 INFO o.a.j.t.JMeterThread: Stopping because end time detected by thread: S2 1-664
2026-10-03 17:20:18,449 INFO o.a.j.t.JMeterThread: Thread finished: S2 1-664
2026-10-03 17:20:18,451 INFO o.a.j.t.JMeterThread: Stopping because end time detected by thread: S2 1-412
2026-10-03 17:20:18,451 INFO o.a.j.t.JMeterThread: Thread finished: S2 1-412
2026-10-03 17:20:18,456 INFO o.a.j.t.JMeterThread: Stopping because end time detected by thread: S2 1-84
2026-10-03 17:20:18,456 INFO o.a.j.t.JMeterThread: Thread finished: S2 1-84
2026-10-03 17:20:18,459 INFO o.a.j.t.JMeterThread: Stopping because end time detected by thread: S2 1-735
2026-10-03 17:20:18,459 INFO o.a.j.t.JMeterThread: Thread finished: S2 1-735
2026-10-03 17:20:18,459 INFO o.a.j.t.JMeterThread: Stopping because end time detected by thread: S2 1-487
2026-10-03 17:20:18,459 INFO o.a.j.t.JMeterThread: Thread finished: S2 1-487
2026-10-03 17:20:18,461 INFO o.a.j.t.JMeterThread: Stopping because end time detected by thread: S2 1-377
2026-10-03 17:20:18,461 INFO o.a.j.t.JMeterThread: Thread finished: S2 1-377
2026-10-03 17:20:18,467 INFO o.a.j.t.JMeterThread: Stopping because end time detected by thread: S2 1-253
2026-10-03 17:20:18,467 INFO o.a.j.t.JMeterThread: Thread finished: S2 1-253
2026-10-03 17:20:18,467 INFO o.a.j.t.JMeterThread: Stopping because end time detected by thread: S2 1-811
2026-10-03 17:20:18,467 INFO o.a.j.t.JMeterThread: Thread finished: S2 1-811
2026-10-03 17:20:18,469 INFO o.a.j.t.JMeterThread: Stopping because end time detected by thread: S2 1-625
2026-10-03 17:20:18,469 INFO o.a.j.t.JMeterThread: Thread finished: S2 1-625
2026-10-03 17:20:18,469 INFO o.a.j.t.JMeterThread: Stopping because end time detected by thread: S2 1-778
2026-10-03 17:20:18,469 INFO o.a.j.t.JMeterThread: Thread finished: S2 1-778
2026-10-03 17:20:18,471 INFO o.a.j.t.JMeterThread: Stopping because end time detected by thread: S2 1-182
2026-10-03 17:20:18,471 INFO o.a.j.t.JMeterThread: Thread finished: S2 1-182
2026-10-03 17:20:18,534 INFO o.a.j.t.JMeterThread: Stopping because end time detected by thread: S2 1-76
2026-10-03 17:20:18,534 INFO o.a.j.t.JMeterThread: Thread finished: S2 1-76
2026-10-03 17:20:18,535 INFO o.a.j.t.JMeterThread: Stopping because end time detected by thread: S2 1-219
2026-10-03 17:20:18,535 INFO o.a.j.t.JMeterThread: Thread finished: S2 1-219
2026-10-03 17:20:18,536 INFO o.a.j.t.JMeterThread: Stopping because end time detected by thread: S2 1-762
2026-10-03 17:20:18,536 INFO o.a.j.t.JMeterThread: Thread finished: S2 1-762
2026-10-03 17:20:18,537 INFO o.a.j.t.JMeterThread: Stopping because end time detected by thread: S2 1-206
2026-10-03 17:20:18,537 INFO o.a.j.t.JMeterThread: Thread finished: S2 1-206
2026-10-03 17:20:18,538 INFO o.a.j.t.JMeterThread: Stopping because end time detected by thread: S2 1-769
2026-10-03 17:20:18,538 INFO o.a.j.t.JMeterThread: Thread finished: S2 1-769
2026-10-03 17:20:18,540 INFO o.a.j.t.JMeterThread: Stopping because end time detected by thread: S2 1-657
2026-10-03 17:20:18,541 INFO o.a.j.t.JMeterThread: Thread finished: S2 1-657
2026-10-03 17:20:18,541 INFO o.a.j.t.JMeterThread: Stopping because end time detected by thread: S2 1-243
2026-10-03 17:20:18,541 INFO o.a.j.t.JMeterThread: Thread finished: S2 1-243
2026-10-03 17:20:18,542 INFO o.a.j.t.JMeterThread: Stopping because end time detected by thread: S2 1-88
2026-10-03 17:20:18,542 INFO o.a.j.t.JMeterThread: Thread finished: S2 1-88
2026-10-03 17:20:18,548 INFO o.a.j.t.JMeterThread: Stopping because end time detected by thread: S2 1-440
2026-10-03 17:20:18,548 INFO o.a.j.t.JMeterThread: Thread finished: S2 1-440
2026-10-03 17:20:18,550 INFO o.a.j.t.JMeterThread: Stopping because end time detected by thread: S2 1-773
2026-10-03 17:20:18,551 INFO o.a.j.t.JMeterThread: Thread finished: S2 1-773
2026-10-03 17:20:18,555 INFO o.a.j.t.JMeterThread: Stopping because end time detected by thread: S2 1-455
2026-10-03 17:20:18,555 INFO o.a.j.t.JMeterThread: Thread finished: S2 1-455
2026-10-03 17:20:18,559 INFO o.a.j.t.JMeterThread: Stopping because end time detected by thread: S2 1-673
2026-10-03 17:20:18,559 INFO o.a.j.t.JMeterThread: Thread finished: S2 1-673
2026-10-03 17:20:18,562 INFO o.a.j.t.JMeterThread: Stopping because end time detected by thread: S2 1-777
2026-10-03 17:20:18,562 INFO o.a.j.t.JMeterThread: Thread finished: S2 1-777
2026-10-03 17:20:18,564 INFO o.a.j.t.JMeterThread: Stopping because end time detected by thread: S2 1-138
2026-10-03 17:20:18,565 INFO o.a.j.t.JMeterThread: Thread finished: S2 1-138
2026-10-03 17:20:18,641 INFO o.a.j.t.JMeterThread: Stopping because end time detected by thread: S2 1-806
2026-10-03 17:20:18,641 INFO o.a.j.t.JMeterThread: Thread finished: S2 1-806
2026-10-03 17:20:18,642 INFO o.a.j.t.JMeterThread: Stopping because end time detected by thread: S2 1-765
2026-10-03 17:20:18,642 INFO o.a.j.t.JMeterThread: Thread finished: S2 1-765
2026-10-03 17:20:18,643 INFO o.a.j.t.JMeterThread: Stopping because end time detected by thread: S2 1-257
2026-10-03 17:20:18,643 INFO o.a.j.t.JMeterThread: Thread finished: S2 1-257
2026-10-03 17:20:18,645 INFO o.a.j.t.JMeterThread: Stopping because end time detected by thread: S2 1-494
2026-10-03 17:20:18,645 INFO o.a.j.t.JMeterThread: Thread finished: S2 1-494
2026-10-03 17:20:18,652 INFO o.a.j.t.JMeterThread: Stopping because end time detected by thread: S2 1-120
2026-10-03 17:20:18,652 INFO o.a.j.t.JMeterThread: Thread finished: S2 1-120
2026-10-03 17:20:18,655 INFO o.a.j.t.JMeterThread: Stopping because end time detected by thread: S2 1-93
2026-10-03 17:20:18,655 INFO o.a.j.t.JMeterThread: Thread finished: S2 1-93
2026-10-03 17:20:18,655 INFO o.a.j.t.JMeterThread: Stopping because end time detected by thread: S2 1-420
2026-10-03 17:20:18,655 INFO o.a.j.t.JMeterThread: Thread finished: S2 1-420
2026-10-03 17:20:18,658 INFO o.a.j.t.JMeterThread: Stopping because end time detected by thread: S2 1-223
2026-10-03 17:20:18,658 INFO o.a.j.t.JMeterThread: Thread finished: S2 1-223
2026-10-03 17:20:18,658 INFO o.a.j.t.JMeterThread: Stopping because end time detected by thread: S2 1-847
2026-10-03 17:20:18,658 INFO o.a.j.t.JMeterThread: Thread finished: S2 1-847
2026-10-03 17:20:18,664 INFO o.a.j.t.JMeterThread: Stopping because end time detected by thread: S2 1-911
2026-10-03 17:20:18,665 INFO o.a.j.t.JMeterThread: Thread finished: S2 1-911
2026-10-03 17:20:18,734 INFO o.a.j.t.JMeterThread: Stopping because end time detected by thread: S2 1-316
2026-10-03 17:20:18,734 INFO o.a.j.t.JMeterThread: Thread finished: S2 1-316
2026-10-03 17:20:18,738 INFO o.a.j.t.JMeterThread: Stopping because end time detected by thread: S2 1-834
2026-10-03 17:20:18,738 INFO o.a.j.t.JMeterThread: Thread finished: S2 1-834
2026-10-03 17:20:18,739 INFO o.a.j.t.JMeterThread: Stopping because end time detected by thread: S2 1-875
2026-10-03 17:20:18,739 INFO o.a.j.t.JMeterThread: Thread finished: S2 1-875
2026-10-03 17:20:18,740 INFO o.a.j.t.JMeterThread: Stopping because end time detected by thread: S2 1-374
2026-10-03 17:20:18,740 INFO o.a.j.t.JMeterThread: Thread finished: S2 1-374
2026-10-03 17:20:18,740 INFO o.a.j.t.JMeterThread: Stopping because end time detected by thread: S2 1-677
2026-10-03 17:20:18,741 INFO o.a.j.t.JMeterThread: Thread finished: S2 1-677
2026-10-03 17:20:18,741 INFO o.a.j.t.JMeterThread: Stopping because end time detected by thread: S2 1-669
2026-10-03 17:20:18,741 INFO o.a.j.t.JMeterThread: Thread finished: S2 1-669
2026-10-03 17:20:18,742 INFO o.a.j.t.JMeterThread: Stopping because end time detected by thread: S2 1-163
2026-10-03 17:20:18,742 INFO o.a.j.t.JMeterThread: Thread finished: S2 1-163
2026-10-03 17:20:18,744 INFO o.a.j.t.JMeterThread: Stopping because end time detected by thread: S2 1-814
2026-10-03 17:20:18,745 INFO o.a.j.t.JMeterThread: Thread finished: S2 1-814
2026-10-03 17:20:18,755 INFO o.a.j.t.JMeterThread: Stopping because end time detected by thread: S2 1-502
2026-10-03 17:20:18,755 INFO o.a.j.t.JMeterThread: Thread finished: S2 1-502
2026-10-03 17:20:18,760 INFO o.a.j.t.JMeterThread: Stopping because end time detected by thread: S2 1-414
2026-10-03 17:20:18,760 INFO o.a.j.t.JMeterThread: Thread finished: S2 1-414
2026-10-03 17:20:18,764 INFO o.a.j.t.JMeterThread: Stopping because end time detected by thread: S2 1-871
2026-10-03 17:20:18,764 INFO o.a.j.t.JMeterThread: Stopping because end time detected by thread: S2 1-761
2026-10-03 17:20:18,764 INFO o.a.j.t.JMeterThread: Thread finished: S2 1-871
2026-10-03 17:20:18,764 INFO o.a.j.t.JMeterThread: Thread finished: S2 1-761
2026-10-03 17:20:18,768 INFO o.a.j.t.JMeterThread: Stopping because end time detected by thread: S2 1-801
2026-10-03 17:20:18,768 INFO o.a.j.t.JMeterThread: Thread finished: S2 1-801
2026-10-03 17:20:18,835 INFO o.a.j.t.JMeterThread: Stopping because end time detected by thread: S2 1-786
2026-10-03 17:20:18,835 INFO o.a.j.t.JMeterThread: Thread finished: S2 1-786
2026-10-03 17:20:18,835 INFO o.a.j.t.JMeterThread: Stopping because end time detected by thread: S2 1-416
2026-10-03 17:20:18,835 INFO o.a.j.t.JMeterThread: Thread finished: S2 1-416
2026-10-03 17:20:18,837 INFO o.a.j.t.JMeterThread: Stopping because end time detected by thread: S2 1-498
2026-10-03 17:20:18,837 INFO o.a.j.t.JMeterThread: Thread finished: S2 1-498
2026-10-03 17:20:18,838 INFO o.a.j.t.JMeterThread: Stopping because end time detected by thread: S2 1-757
2026-10-03 17:20:18,838 INFO o.a.j.t.JMeterThread: Thread finished: S2 1-757
2026-10-03 17:20:18,839 INFO o.a.j.t.JMeterThread: Stopping because end time detected by thread: S2 1-785
2026-10-03 17:20:18,839 INFO o.a.j.t.JMeterThread: Thread finished: S2 1-785
2026-10-03 17:20:18,839 INFO o.a.j.t.JMeterThread: Stopping because end time detected by thread: S2 1-720
2026-10-03 17:20:18,839 INFO o.a.j.t.JMeterThread: Thread finished: S2 1-720
2026-10-03 17:20:18,848 INFO o.a.j.t.JMeterThread: Stopping because end time detected by thread: S2 1-790
2026-10-03 17:20:18,848 INFO o.a.j.t.JMeterThread: Thread finished: S2 1-790
2026-10-03 17:20:18,849 INFO o.a.j.t.JMeterThread: Stopping because end time detected by thread: S2 1-388
2026-10-03 17:20:18,849 INFO o.a.j.t.JMeterThread: Thread finished: S2 1-388
2026-10-03 17:20:18,850 INFO o.a.j.t.JMeterThread: Stopping because end time detected by thread: S2 1-707
2026-10-03 17:20:18,850 INFO o.a.j.t.JMeterThread: Thread finished: S2 1-707
2026-10-03 17:20:18,854 INFO o.a.j.t.JMeterThread: Stopping because end time detected by thread: S2 1-821
2026-10-03 17:20:18,854 INFO o.a.j.t.JMeterThread: Thread finished: S2 1-821
2026-10-03 17:20:18,855 INFO o.a.j.t.JMeterThread: Stopping because end time detected by thread: S2 1-782
2026-10-03 17:20:18,855 INFO o.a.j.t.JMeterThread: Thread finished: S2 1-782
2026-10-03 17:20:18,855 INFO o.a.j.t.JMeterThread: Stopping because end time detected by thread: S2 1-406
2026-10-03 17:20:18,856 INFO o.a.j.t.JMeterThread: Thread finished: S2 1-406
2026-10-03 17:20:18,856 INFO o.a.j.t.JMeterThread: Stopping because end time detected by thread: S2 1-907
2026-10-03 17:20:18,856 INFO o.a.j.t.JMeterThread: Thread finished: S2 1-907
2026-10-03 17:20:18,856 INFO o.a.j.t.JMeterThread: Stopping because end time detected by thread: S2 1-649
2026-10-03 17:20:18,856 INFO o.a.j.t.JMeterThread: Thread finished: S2 1-649
2026-10-03 17:20:18,863 INFO o.a.j.t.JMeterThread: Stopping because end time detected by thread: S2 1-308
2026-10-03 17:20:18,863 INFO o.a.j.t.JMeterThread: Thread finished: S2 1-308
2026-10-03 17:20:18,864 INFO o.a.j.t.JMeterThread: Stopping because end time detected by thread: S2 1-409
2026-10-03 17:20:18,864 INFO o.a.j.t.JMeterThread: Thread finished: S2 1-409
2026-10-03 17:20:18,865 INFO o.a.j.t.JMeterThread: Stopping because end time detected by thread: S2 1-421
2026-10-03 17:20:18,865 INFO o.a.j.t.JMeterThread: Thread finished: S2 1-421
2026-10-03 17:20:18,866 INFO o.a.j.t.JMeterThread: Stopping because end time detected by thread: S2 1-97
2026-10-03 17:20:18,866 INFO o.a.j.t.JMeterThread: Thread finished: S2 1-97
2026-10-03 17:20:18,867 INFO o.a.j.t.JMeterThread: Stopping because end time detected by thread: S2 1-798
2026-10-03 17:20:18,867 INFO o.a.j.t.JMeterThread: Thread finished: S2 1-798
2026-10-03 17:20:18,869 INFO o.a.j.t.JMeterThread: Stopping because end time detected by thread: S2 1-733
2026-10-03 17:20:18,870 INFO o.a.j.t.JMeterThread: Thread finished: S2 1-733
2026-10-03 17:20:18,932 INFO o.a.j.t.JMeterThread: Stopping because end time detected by thread: S2 1-115
2026-10-03 17:20:18,932 INFO o.a.j.t.JMeterThread: Thread finished: S2 1-115
2026-10-03 17:20:18,935 INFO o.a.j.t.JMeterThread: Stopping because end time detected by thread: S2 1-410
2026-10-03 17:20:18,935 INFO o.a.j.t.JMeterThread: Thread finished: S2 1-410
2026-10-03 17:20:18,937 INFO o.a.j.t.JMeterThread: Stopping because end time detected by thread: S2 1-148
2026-10-03 17:20:18,937 INFO o.a.j.t.JMeterThread: Thread finished: S2 1-148
2026-10-03 17:20:18,938 INFO o.a.j.t.JMeterThread: Stopping because end time detected by thread: S2 1-915
2026-10-03 17:20:18,938 INFO o.a.j.t.JMeterThread: Thread finished: S2 1-915
2026-10-03 17:20:18,940 INFO o.a.j.t.JMeterThread: Stopping because end time detected by thread: S2 1-781
2026-10-03 17:20:18,940 INFO o.a.j.t.JMeterThread: Thread finished: S2 1-781
2026-10-03 17:20:18,942 INFO o.a.j.t.JMeterThread: Stopping because end time detected by thread: S2 1-389
2026-10-03 17:20:18,942 INFO o.a.j.t.JMeterThread: Thread finished: S2 1-389
2026-10-03 17:20:18,944 INFO o.a.j.t.JMeterThread: Stopping because end time detected by thread: S2 1-923
2026-10-03 17:20:18,945 INFO o.a.j.t.JMeterThread: Thread finished: S2 1-923
2026-10-03 17:20:18,956 INFO o.a.j.t.JMeterThread: Stopping because end time detected by thread: S2 1-899
2026-10-03 17:20:18,956 INFO o.a.j.t.JMeterThread: Thread finished: S2 1-899
2026-10-03 17:20:18,956 INFO o.a.j.t.JMeterThread: Stopping because end time detected by thread: S2 1-259
2026-10-03 17:20:18,956 INFO o.a.j.t.JMeterThread: Thread finished: S2 1-259
2026-10-03 17:20:18,961 INFO o.a.j.t.JMeterThread: Stopping because end time detected by thread: S2 1-332
2026-10-03 17:20:18,961 INFO o.a.j.t.JMeterThread: Thread finished: S2 1-332
2026-10-03 17:20:18,963 INFO o.a.j.t.JMeterThread: Stopping because end time detected by thread: S2 1-456
2026-10-03 17:20:18,963 INFO o.a.j.t.JMeterThread: Thread finished: S2 1-456
2026-10-03 17:20:18,964 INFO o.a.j.t.JMeterThread: Stopping because end time detected by thread: S2 1-883
2026-10-03 17:20:18,964 INFO o.a.j.t.JMeterThread: Thread finished: S2 1-883
2026-10-03 17:20:18,967 INFO o.a.j.t.JMeterThread: Stopping because end time detected by thread: S2 1-490
2026-10-03 17:20:18,967 INFO o.a.j.t.JMeterThread: Thread finished: S2 1-490
2026-10-03 17:20:18,969 INFO o.a.j.t.JMeterThread: Stopping because end time detected by thread: S2 1-805
2026-10-03 17:20:18,969 INFO o.a.j.t.JMeterThread: Thread finished: S2 1-805
2026-10-03 17:20:19,037 INFO o.a.j.t.JMeterThread: Stopping because end time detected by thread: S2 1-401
2026-10-03 17:20:19,037 INFO o.a.j.t.JMeterThread: Thread finished: S2 1-401
2026-10-03 17:20:19,038 INFO o.a.j.t.JMeterThread: Stopping because end time detected by thread: S2 1-400
2026-10-03 17:20:19,038 INFO o.a.j.t.JMeterThread: Thread finished: S2 1-400
2026-10-03 17:20:19,039 INFO o.a.j.t.JMeterThread: Stopping because end time detected by thread: S2 1-793
2026-10-03 17:20:19,039 INFO o.a.j.t.JMeterThread: Thread finished: S2 1-793
2026-10-03 17:20:19,040 INFO o.a.j.t.JMeterThread: Stopping because end time detected by thread: S2 1-417
2026-10-03 17:20:19,040 INFO o.a.j.t.JMeterThread: Thread finished: S2 1-417
2026-10-03 17:20:19,044 INFO o.a.j.t.JMeterThread: Stopping because end time detected by thread: S2 1-822
2026-10-03 17:20:19,044 INFO o.a.j.t.JMeterThread: Thread finished: S2 1-822
2026-10-03 17:20:19,044 INFO o.a.j.t.JMeterThread: Stopping because end time detected by thread: S2 1-448
2026-10-03 17:20:19,045 INFO o.a.j.t.JMeterThread: Thread finished: S2 1-448
2026-10-03 17:20:19,045 INFO o.a.j.t.JMeterThread: Stopping because end time detected by thread: S2 1-851
2026-10-03 17:20:19,045 INFO o.a.j.t.JMeterThread: Thread finished: S2 1-851
2026-10-03 17:20:19,047 INFO o.a.j.t.JMeterThread: Stopping because end time detected by thread: S2 1-817
2026-10-03 17:20:19,048 INFO o.a.j.t.JMeterThread: Thread finished: S2 1-817
2026-10-03 17:20:19,050 INFO o.a.j.t.JMeterThread: Stopping because end time detected by thread: S2 1-699
2026-10-03 17:20:19,050 INFO o.a.j.t.JMeterThread: Thread finished: S2 1-699
2026-10-03 17:20:19,052 INFO o.a.j.t.JMeterThread: Stopping because end time detected by thread: S2 1-740
2026-10-03 17:20:19,052 INFO o.a.j.t.JMeterThread: Thread finished: S2 1-740
2026-10-03 17:20:19,056 INFO o.a.j.t.JMeterThread: Stopping because end time detected by thread: S2 1-697
2026-10-03 17:20:19,056 INFO o.a.j.t.JMeterThread: Thread finished: S2 1-697
2026-10-03 17:20:19,057 INFO o.a.j.t.JMeterThread: Stopping because end time detected by thread: S2 1-538
2026-10-03 17:20:19,057 INFO o.a.j.t.JMeterThread: Thread finished: S2 1-538
2026-10-03 17:20:19,065 INFO o.a.j.t.JMeterThread: Stopping because end time detected by thread: S2 1-802
2026-10-03 17:20:19,065 INFO o.a.j.t.JMeterThread: Thread finished: S2 1-802
2026-10-03 17:20:19,066 INFO o.a.j.t.JMeterThread: Stopping because end time detected by thread: S2 1-66
2026-10-03 17:20:19,066 INFO o.a.j.t.JMeterThread: Thread finished: S2 1-66
2026-10-03 17:20:19,067 INFO o.a.j.t.JMeterThread: Stopping because end time detected by thread: S2 1-424
2026-10-03 17:20:19,067 INFO o.a.j.t.JMeterThread: Thread finished: S2 1-424
2026-10-03 17:20:19,135 INFO o.a.j.t.JMeterThread: Stopping because end time detected by thread: S2 1-432
2026-10-03 17:20:19,136 INFO o.a.j.t.JMeterThread: Thread finished: S2 1-432
2026-10-03 17:20:19,141 INFO o.a.j.t.JMeterThread: Stopping because end time detected by thread: S2 1-645
2026-10-03 17:20:19,141 INFO o.a.j.t.JMeterThread: Thread finished: S2 1-645
2026-10-03 17:20:19,146 INFO o.a.j.t.JMeterThread: Stopping because end time detected by thread: S2 1-324
2026-10-03 17:20:19,146 INFO o.a.j.t.JMeterThread: Thread finished: S2 1-324
2026-10-03 17:20:19,148 INFO o.a.j.t.JMeterThread: Stopping because end time detected by thread: S2 1-818
2026-10-03 17:20:19,149 INFO o.a.j.t.JMeterThread: Thread finished: S2 1-818
2026-10-03 17:20:19,149 INFO o.a.j.t.JMeterThread: Stopping because end time detected by thread: S2 1-81
2026-10-03 17:20:19,149 INFO o.a.j.t.JMeterThread: Thread finished: S2 1-81
2026-10-03 17:20:19,154 INFO o.a.j.t.JMeterThread: Stopping because end time detected by thread: S2 1-41
2026-10-03 17:20:19,154 INFO o.a.j.t.JMeterThread: Thread finished: S2 1-41
2026-10-03 17:20:19,159 INFO o.a.j.t.JMeterThread: Stopping because end time detected by thread: S2 1-422
2026-10-03 17:20:19,159 INFO o.a.j.t.JMeterThread: Thread finished: S2 1-422
2026-10-03 17:20:19,161 INFO o.a.j.t.JMeterThread: Stopping because end time detected by thread: S2 1-51
2026-10-03 17:20:19,161 INFO o.a.j.t.JMeterThread: Thread finished: S2 1-51
2026-10-03 17:20:19,162 INFO o.a.j.t.JMeterThread: Stopping because end time detected by thread: S2 1-161
2026-10-03 17:20:19,162 INFO o.a.j.t.JMeterThread: Thread finished: S2 1-161
2026-10-03 17:20:19,170 INFO o.a.j.t.JMeterThread: Stopping because end time detected by thread: S2 1-693
2026-10-03 17:20:19,170 INFO o.a.j.t.JMeterThread: Thread finished: S2 1-693
2026-10-03 17:20:19,238 INFO o.a.j.t.JMeterThread: Stopping because end time detected by thread: S2 1-717
2026-10-03 17:20:19,238 INFO o.a.j.t.JMeterThread: Stopping because end time detected by thread: S2 1-506
2026-10-03 17:20:19,238 INFO o.a.j.t.JMeterThread: Thread finished: S2 1-717
2026-10-03 17:20:19,238 INFO o.a.j.t.JMeterThread: Thread finished: S2 1-506
2026-10-03 17:20:19,242 INFO o.a.j.t.JMeterThread: Stopping because end time detected by thread: S2 1-685
2026-10-03 17:20:19,242 INFO o.a.j.t.JMeterThread: Thread finished: S2 1-685
2026-10-03 17:20:19,242 INFO o.a.j.t.JMeterThread: Stopping because end time detected by thread: S2 1-390
2026-10-03 17:20:19,243 INFO o.a.j.t.JMeterThread: Thread finished: S2 1-390
2026-10-03 17:20:19,246 INFO o.a.j.t.JMeterThread: Stopping because end time detected by thread: S2 1-90
2026-10-03 17:20:19,246 INFO o.a.j.t.JMeterThread: Thread finished: S2 1-90
2026-10-03 17:20:19,251 INFO o.a.j.t.JMeterThread: Stopping because end time detected by thread: S2 1-534
2026-10-03 17:20:19,251 INFO o.a.j.t.JMeterThread: Thread finished: S2 1-534
2026-10-03 17:20:19,252 INFO o.a.j.t.JMeterThread: Stopping because end time detected by thread: S2 1-905
2026-10-03 17:20:19,253 INFO o.a.j.t.JMeterThread: Thread finished: S2 1-905
2026-10-03 17:20:19,256 INFO o.a.j.t.JMeterThread: Stopping because end time detected by thread: S2 1-891
2026-10-03 17:20:19,256 INFO o.a.j.t.JMeterThread: Thread finished: S2 1-891
2026-10-03 17:20:19,260 INFO o.a.j.t.JMeterThread: Stopping because end time detected by thread: S2 1-255
2026-10-03 17:20:19,260 INFO o.a.j.t.JMeterThread: Thread finished: S2 1-255
2026-10-03 17:20:19,265 INFO o.a.j.t.JMeterThread: Stopping because end time detected by thread: S2 1-832
2026-10-03 17:20:19,265 INFO o.a.j.t.JMeterThread: Thread finished: S2 1-832
2026-10-03 17:20:19,265 INFO o.a.j.t.JMeterThread: Stopping because end time detected by thread: S2 1-858
2026-10-03 17:20:19,265 INFO o.a.j.t.JMeterThread: Thread finished: S2 1-858
2026-10-03 17:20:19,266 INFO o.a.j.t.JMeterThread: Stopping because end time detected by thread: S2 1-436
2026-10-03 17:20:19,266 INFO o.a.j.t.JMeterThread: Thread finished: S2 1-436
2026-10-03 17:20:19,267 INFO o.a.j.t.JMeterThread: Stopping because end time detected by thread: S2 1-241
2026-10-03 17:20:19,267 INFO o.a.j.t.JMeterThread: Thread finished: S2 1-241
2026-10-03 17:20:19,334 INFO o.a.j.t.JMeterThread: Stopping because end time detected by thread: S2 1-898
2026-10-03 17:20:19,334 INFO o.a.j.t.JMeterThread: Thread finished: S2 1-898
2026-10-03 17:20:19,335 INFO o.a.j.t.JMeterThread: Stopping because end time detected by thread: S2 1-437
2026-10-03 17:20:19,335 INFO o.a.j.t.JMeterThread: Thread finished: S2 1-437
2026-10-03 17:20:19,337 INFO o.a.j.t.JMeterThread: Stopping because end time detected by thread: S2 1-789
2026-10-03 17:20:19,337 INFO o.a.j.t.JMeterThread: Thread finished: S2 1-789
2026-10-03 17:20:19,339 INFO o.a.j.t.JMeterThread: Stopping because end time detected by thread: S2 1-452
2026-10-03 17:20:19,339 INFO o.a.j.t.JMeterThread: Thread finished: S2 1-452
2026-10-03 17:20:19,340 INFO o.a.j.t.JMeterThread: Stopping because end time detected by thread: S2 1-251
2026-10-03 17:20:19,340 INFO o.a.j.t.JMeterThread: Thread finished: S2 1-251
2026-10-03 17:20:19,342 INFO o.a.j.t.JMeterThread: Stopping because end time detected by thread: S2 1-154
2026-10-03 17:20:19,342 INFO o.a.j.t.JMeterThread: Thread finished: S2 1-154
2026-10-03 17:20:19,343 INFO o.a.j.t.JMeterThread: Stopping because end time detected by thread: S2 1-261
2026-10-03 17:20:19,343 INFO o.a.j.t.JMeterThread: Thread finished: S2 1-261
2026-10-03 17:20:19,349 INFO o.a.j.t.JMeterThread: Stopping because end time detected by thread: S2 1-548
2026-10-03 17:20:19,349 INFO o.a.j.t.JMeterThread: Thread finished: S2 1-548
2026-10-03 17:20:19,350 INFO o.a.j.t.JMeterThread: Stopping because end time detected by thread: S2 1-433
2026-10-03 17:20:19,350 INFO o.a.j.t.JMeterThread: Thread finished: S2 1-433
2026-10-03 17:20:19,354 INFO o.a.j.t.JMeterThread: Stopping because end time detected by thread: S2 1-45
2026-10-03 17:20:19,355 INFO o.a.j.t.JMeterThread: Thread finished: S2 1-45
2026-10-03 17:20:19,355 INFO o.a.j.t.JMeterThread: Stopping because end time detected by thread: S2 1-810
2026-10-03 17:20:19,355 INFO o.a.j.t.JMeterThread: Thread finished: S2 1-810
2026-10-03 17:20:19,358 INFO o.a.j.t.JMeterThread: Stopping because end time detected by thread: S2 1-724
2026-10-03 17:20:19,358 INFO o.a.j.t.JMeterThread: Thread finished: S2 1-724
2026-10-03 17:20:19,358 INFO o.a.j.t.JMeterThread: Stopping because end time detected by thread: S2 1-271
2026-10-03 17:20:19,358 INFO o.a.j.t.JMeterThread: Thread finished: S2 1-271
2026-10-03 17:20:19,362 INFO o.a.j.t.JMeterThread: Stopping because end time detected by thread: S2 1-681
2026-10-03 17:20:19,362 INFO o.a.j.t.JMeterThread: Thread finished: S2 1-681
2026-10-03 17:20:19,364 INFO o.a.j.t.JMeterThread: Stopping because end time detected by thread: S2 1-31
2026-10-03 17:20:19,365 INFO o.a.j.t.JMeterThread: Thread finished: S2 1-31
2026-10-03 17:20:19,368 INFO o.a.j.t.JMeterThread: Stopping because end time detected by thread: S2 1-55
2026-10-03 17:20:19,368 INFO o.a.j.t.JMeterThread: Thread finished: S2 1-55
2026-10-03 17:20:19,369 INFO o.a.j.t.JMeterThread: Stopping because end time detected by thread: S2 1-146
2026-10-03 17:20:19,369 INFO o.a.j.t.JMeterThread: Thread finished: S2 1-146
2026-10-03 17:20:19,369 INFO o.a.j.t.JMeterThread: Stopping because end time detected by thread: S2 1-843
2026-10-03 17:20:19,369 INFO o.a.j.t.JMeterThread: Thread finished: S2 1-843
2026-10-03 17:20:19,434 INFO o.a.j.t.JMeterThread: Stopping because end time detected by thread: S2 1-150
2026-10-03 17:20:19,434 INFO o.a.j.t.JMeterThread: Thread finished: S2 1-150
2026-10-03 17:20:19,434 INFO o.a.j.t.JMeterThread: Stopping because end time detected by thread: S2 1-887
2026-10-03 17:20:19,434 INFO o.a.j.t.JMeterThread: Thread finished: S2 1-887
2026-10-03 17:20:19,436 INFO o.a.j.t.JMeterThread: Stopping because end time detected by thread: S2 1-919
2026-10-03 17:20:19,436 INFO o.a.j.t.JMeterThread: Thread finished: S2 1-919
2026-10-03 17:20:19,436 INFO o.a.j.t.JMeterThread: Stopping because end time detected by thread: S2 1-247
2026-10-03 17:20:19,437 INFO o.a.j.t.JMeterThread: Thread finished: S2 1-247
2026-10-03 17:20:19,437 INFO o.a.j.t.JMeterThread: Stopping because end time detected by thread: S2 1-826
2026-10-03 17:20:19,437 INFO o.a.j.t.JMeterThread: Thread finished: S2 1-826
2026-10-03 17:20:19,437 INFO o.a.j.t.JMeterThread: Stopping because end time detected by thread: S2 1-709
2026-10-03 17:20:19,438 INFO o.a.j.t.JMeterThread: Thread finished: S2 1-709
2026-10-03 17:20:19,442 INFO o.a.j.t.JMeterThread: Stopping because end time detected by thread: S2 1-231
2026-10-03 17:20:19,442 INFO o.a.j.t.JMeterThread: Thread finished: S2 1-231
2026-10-03 17:20:19,453 INFO o.a.j.t.JMeterThread: Stopping because end time detected by thread: S2 1-418
2026-10-03 17:20:19,453 INFO o.a.j.t.JMeterThread: Thread finished: S2 1-418
2026-10-03 17:20:19,456 INFO o.a.j.t.JMeterThread: Stopping because end time detected by thread: S2 1-825
2026-10-03 17:20:19,456 INFO o.a.j.t.JMeterThread: Thread finished: S2 1-825
2026-10-03 17:20:19,461 INFO o.a.j.t.JMeterThread: Stopping because end time detected by thread: S2 1-904
2026-10-03 17:20:19,461 INFO o.a.j.t.JMeterThread: Thread finished: S2 1-904
2026-10-03 17:20:19,462 INFO o.a.j.t.JMeterThread: Stopping because end time detected by thread: S2 1-109
2026-10-03 17:20:19,462 INFO o.a.j.t.JMeterThread: Thread finished: S2 1-109
2026-10-03 17:20:19,462 INFO o.a.j.t.JMeterThread: Stopping because end time detected by thread: S2 1-230
2026-10-03 17:20:19,464 INFO o.a.j.t.JMeterThread: Thread finished: S2 1-230
2026-10-03 17:20:19,465 INFO o.a.j.t.JMeterThread: Stopping because end time detected by thread: S2 1-530
2026-10-03 17:20:19,465 INFO o.a.j.t.JMeterThread: Thread finished: S2 1-530
2026-10-03 17:20:19,466 INFO o.a.j.t.JMeterThread: Stopping because end time detected by thread: S2 1-725
2026-10-03 17:20:19,466 INFO o.a.j.t.JMeterThread: Thread finished: S2 1-725
2026-10-03 17:20:19,467 INFO o.a.j.t.JMeterThread: Stopping because end time detected by thread: S2 1-927
2026-10-03 17:20:19,467 INFO o.a.j.t.JMeterThread: Thread finished: S2 1-927
2026-10-03 17:20:19,467 INFO o.a.j.t.JMeterThread: Stopping because end time detected by thread: S2 1-780
2026-10-03 17:20:19,467 INFO o.a.j.t.JMeterThread: Thread finished: S2 1-780
2026-10-03 17:20:19,468 INFO o.a.j.t.JMeterThread: Stopping because end time detected by thread: S2 1-931
2026-10-03 17:20:19,468 INFO o.a.j.t.JMeterThread: Thread finished: S2 1-931
2026-10-03 17:20:19,468 INFO o.a.j.t.JMeterThread: Stopping because end time detected by thread: S2 1-820
2026-10-03 17:20:19,468 INFO o.a.j.t.JMeterThread: Thread finished: S2 1-820
2026-10-03 17:20:19,469 INFO o.a.j.t.JMeterThread: Stopping because end time detected by thread: S2 1-522
2026-10-03 17:20:19,469 INFO o.a.j.t.JMeterThread: Thread finished: S2 1-522
2026-10-03 17:20:19,535 INFO o.a.j.t.JMeterThread: Stopping because end time detected by thread: S2 1-454
2026-10-03 17:20:19,535 INFO o.a.j.t.JMeterThread: Thread finished: S2 1-454
2026-10-03 17:20:19,536 INFO o.a.j.t.JMeterThread: Stopping because end time detected by thread: S2 1-648
2026-10-03 17:20:19,536 INFO o.a.j.t.JMeterThread: Thread finished: S2 1-648
2026-10-03 17:20:19,553 INFO o.a.j.t.JMeterThread: Stopping because end time detected by thread: S2 1-265
2026-10-03 17:20:19,553 INFO o.a.j.t.JMeterThread: Thread finished: S2 1-265
2026-10-03 17:20:19,553 INFO o.a.j.t.JMeterThread: Stopping because end time detected by thread: S2 1-971
2026-10-03 17:20:19,553 INFO o.a.j.t.JMeterThread: Thread finished: S2 1-971
2026-10-03 17:20:19,561 INFO o.a.j.t.JMeterThread: Stopping because end time detected by thread: S2 1-188
2026-10-03 17:20:19,561 INFO o.a.j.t.JMeterThread: Thread finished: S2 1-188
2026-10-03 17:20:19,562 INFO o.a.j.t.JMeterThread: Stopping because end time detected by thread: S2 1-760
2026-10-03 17:20:19,562 INFO o.a.j.t.JMeterThread: Thread finished: S2 1-760
2026-10-03 17:20:19,562 INFO o.a.j.t.JMeterThread: Stopping because end time detected by thread: S2 1-963
2026-10-03 17:20:19,563 INFO o.a.j.t.JMeterThread: Thread finished: S2 1-963
2026-10-03 17:20:19,564 INFO o.a.j.t.JMeterThread: Stopping because end time detected by thread: S2 1-496
2026-10-03 17:20:19,564 INFO o.a.j.t.JMeterThread: Thread finished: S2 1-496
2026-10-03 17:20:19,572 INFO o.a.j.t.JMeterThread: Stopping because end time detected by thread: S2 1-943
2026-10-03 17:20:19,572 INFO o.a.j.t.JMeterThread: Thread finished: S2 1-943
2026-10-03 17:20:19,632 INFO o.a.j.t.JMeterThread: Stopping because end time detected by thread: S2 1-862
2026-10-03 17:20:19,632 INFO o.a.j.t.JMeterThread: Thread finished: S2 1-862
2026-10-03 17:20:19,636 INFO o.a.j.t.JMeterThread: Stopping because end time detected by thread: S2 1-975
2026-10-03 17:20:19,636 INFO o.a.j.t.JMeterThread: Thread finished: S2 1-975
2026-10-03 17:20:19,638 INFO o.a.j.t.JMeterThread: Stopping because end time detected by thread: S2 1-845
2026-10-03 17:20:19,638 INFO o.a.j.t.JMeterThread: Thread finished: S2 1-845
2026-10-03 17:20:19,640 INFO o.a.j.t.JMeterThread: Stopping because end time detected by thread: S2 1-861
2026-10-03 17:20:19,640 INFO o.a.j.t.JMeterThread: Thread finished: S2 1-861
2026-10-03 17:20:19,641 INFO o.a.j.t.JMeterThread: Stopping because end time detected by thread: S2 1-446
2026-10-03 17:20:19,641 INFO o.a.j.t.JMeterThread: Stopping because end time detected by thread: S2 1-736
2026-10-03 17:20:19,641 INFO o.a.j.t.JMeterThread: Thread finished: S2 1-736
2026-10-03 17:20:19,641 INFO o.a.j.t.JMeterThread: Thread finished: S2 1-446
2026-10-03 17:20:19,643 INFO o.a.j.t.JMeterThread: Stopping because end time detected by thread: S2 1-480
2026-10-03 17:20:19,643 INFO o.a.j.t.JMeterThread: Thread finished: S2 1-480
2026-10-03 17:20:19,653 INFO o.a.j.t.JMeterThread: Stopping because end time detected by thread: S2 1-728
2026-10-03 17:20:19,654 INFO o.a.j.t.JMeterThread: Thread finished: S2 1-728
2026-10-03 17:20:19,659 INFO o.a.j.t.JMeterThread: Stopping because end time detected by thread: S2 1-273
2026-10-03 17:20:19,659 INFO o.a.j.t.JMeterThread: Thread finished: S2 1-273
2026-10-03 17:20:19,663 INFO o.a.j.t.JMeterThread: Stopping because end time detected by thread: S2 1-955
2026-10-03 17:20:19,663 INFO o.a.j.t.JMeterThread: Thread finished: S2 1-955
2026-10-03 17:20:19,663 INFO o.a.j.t.JMeterThread: Stopping because end time detected by thread: S2 1-402
2026-10-03 17:20:19,663 INFO o.a.j.t.JMeterThread: Thread finished: S2 1-402
2026-10-03 17:20:19,664 INFO o.a.j.t.JMeterThread: Stopping because end time detected by thread: S2 1-78
2026-10-03 17:20:19,664 INFO o.a.j.t.JMeterThread: Thread finished: S2 1-78
2026-10-03 17:20:19,664 INFO o.a.j.t.JMeterThread: Stopping because end time detected by thread: S2 1-510
2026-10-03 17:20:19,664 INFO o.a.j.t.JMeterThread: Thread finished: S2 1-510
2026-10-03 17:20:19,669 INFO o.a.j.t.JMeterThread: Stopping because end time detected by thread: S2 1-850
2026-10-03 17:20:19,669 INFO o.a.j.t.JMeterThread: Stopping because end time detected by thread: S2 1-744
2026-10-03 17:20:19,669 INFO o.a.j.t.JMeterThread: Thread finished: S2 1-850
2026-10-03 17:20:19,669 INFO o.a.j.t.JMeterThread: Thread finished: S2 1-744
2026-10-03 17:20:19,671 INFO o.a.j.t.JMeterThread: Stopping because end time detected by thread: S2 1-222
2026-10-03 17:20:19,671 INFO o.a.j.t.JMeterThread: Thread finished: S2 1-222
2026-10-03 17:20:19,673 INFO o.a.j.t.JMeterThread: Stopping because end time detected by thread: S2 1-328
2026-10-03 17:20:19,673 INFO o.a.j.t.JMeterThread: Thread finished: S2 1-328
2026-10-03 17:20:19,733 INFO o.a.j.t.JMeterThread: Stopping because end time detected by thread: S2 1-866
2026-10-03 17:20:19,733 INFO o.a.j.t.JMeterThread: Thread finished: S2 1-866
2026-10-03 17:20:19,734 INFO o.a.j.t.JMeterThread: Stopping because end time detected by thread: S2 1-813
2026-10-03 17:20:19,734 INFO o.a.j.t.JMeterThread: Thread finished: S2 1-813
2026-10-03 17:20:19,737 INFO o.a.j.t.JMeterThread: Stopping because end time detected by thread: S2 1-857
2026-10-03 17:20:19,737 INFO o.a.j.t.JMeterThread: Thread finished: S2 1-857
2026-10-03 17:20:19,741 INFO o.a.j.t.JMeterThread: Stopping because end time detected by thread: S2 1-833
2026-10-03 17:20:19,741 INFO o.a.j.t.JMeterThread: Thread finished: S2 1-833
2026-10-03 17:20:19,743 INFO o.a.j.t.JMeterThread: Stopping because end time detected by thread: S2 1-210
2026-10-03 17:20:19,743 INFO o.a.j.t.JMeterThread: Thread finished: S2 1-210
2026-10-03 17:20:19,749 INFO o.a.j.t.JMeterThread: Stopping because end time detected by thread: S2 1-705
2026-10-03 17:20:19,749 INFO o.a.j.t.JMeterThread: Thread finished: S2 1-705
2026-10-03 17:20:19,749 INFO o.a.j.t.JMeterThread: Stopping because end time detected by thread: S2 1-951
2026-10-03 17:20:19,749 INFO o.a.j.t.JMeterThread: Thread finished: S2 1-951
2026-10-03 17:20:19,752 INFO o.a.j.t.JMeterThread: Stopping because end time detected by thread: S2 1-488
2026-10-03 17:20:19,753 INFO o.a.j.t.JMeterThread: Thread finished: S2 1-488
2026-10-03 17:20:19,753 INFO o.a.j.t.JMeterThread: Stopping because end time detected by thread: S2 1-846
2026-10-03 17:20:19,753 INFO o.a.j.t.JMeterThread: Thread finished: S2 1-846
2026-10-03 17:20:19,756 INFO o.a.j.t.JMeterThread: Stopping because end time detected by thread: S2 1-838
2026-10-03 17:20:19,757 INFO o.a.j.t.JMeterThread: Thread finished: S2 1-838
2026-10-03 17:20:19,759 INFO o.a.j.t.JMeterThread: Stopping because end time detected by thread: S2 1-426
2026-10-03 17:20:19,759 INFO o.a.j.t.JMeterThread: Thread finished: S2 1-426
2026-10-03 17:20:19,760 INFO o.a.j.t.JMeterThread: Stopping because end time detected by thread: S2 1-142
2026-10-03 17:20:19,760 INFO o.a.j.t.JMeterThread: Thread finished: S2 1-142
2026-10-03 17:20:19,760 INFO o.a.j.t.JMeterThread: Stopping because end time detected by thread: S2 1-336
2026-10-03 17:20:19,760 INFO o.a.j.t.JMeterThread: Thread finished: S2 1-336
2026-10-03 17:20:19,764 INFO o.a.j.t.JMeterThread: Stopping because end time detected by thread: S2 1-983
2026-10-03 17:20:19,764 INFO o.a.j.t.JMeterThread: Thread finished: S2 1-983
2026-10-03 17:20:19,769 INFO o.a.j.t.JMeterThread: Stopping because end time detected by thread: S2 1-841
2026-10-03 17:20:19,769 INFO o.a.j.t.JMeterThread: Thread finished: S2 1-841
2026-10-03 17:20:19,769 INFO o.a.j.t.JMeterThread: Stopping because end time detected by thread: S2 1-20
2026-10-03 17:20:19,769 INFO o.a.j.t.JMeterThread: Thread finished: S2 1-20
2026-10-03 17:20:19,773 INFO o.a.j.t.JMeterThread: Stopping because end time detected by thread: S2 1-776
2026-10-03 17:20:19,773 INFO o.a.j.t.JMeterThread: Thread finished: S2 1-776
2026-10-03 17:20:19,832 INFO o.a.j.t.JMeterThread: Stopping because end time detected by thread: S2 1-885
2026-10-03 17:20:19,832 INFO o.a.j.t.JMeterThread: Thread finished: S2 1-885
2026-10-03 17:20:19,836 INFO o.a.j.t.JMeterThread: Stopping because end time detected by thread: S2 1-797
2026-10-03 17:20:19,836 INFO o.a.j.t.JMeterThread: Thread finished: S2 1-797
2026-10-03 17:20:19,838 INFO o.a.j.t.JMeterThread: Stopping because end time detected by thread: S2 1-249
2026-10-03 17:20:19,838 INFO o.a.j.t.JMeterThread: Thread finished: S2 1-249
2026-10-03 17:20:19,844 INFO o.a.j.t.JMeterThread: Stopping because end time detected by thread: S2 1-713
2026-10-03 17:20:19,844 INFO o.a.j.t.JMeterThread: Thread finished: S2 1-713
2026-10-03 17:20:19,850 INFO o.a.j.t.JMeterThread: Stopping because end time detected by thread: S2 1-445
2026-10-03 17:20:19,850 INFO o.a.j.t.JMeterThread: Thread finished: S2 1-445
2026-10-03 17:20:19,850 INFO o.a.j.t.JMeterThread: Stopping because end time detected by thread: S2 1-991
2026-10-03 17:20:19,850 INFO o.a.j.t.JMeterThread: Thread finished: S2 1-991
2026-10-03 17:20:19,851 INFO o.a.j.t.JMeterThread: Stopping because end time detected by thread: S2 1-495
2026-10-03 17:20:19,851 INFO o.a.j.t.JMeterThread: Thread finished: S2 1-495
2026-10-03 17:20:19,853 INFO o.a.j.t.JMeterThread: Stopping because end time detected by thread: S2 1-788
2026-10-03 17:20:19,853 INFO o.a.j.t.JMeterThread: Thread finished: S2 1-788
2026-10-03 17:20:19,854 INFO o.a.j.t.JMeterThread: Stopping because end time detected by thread: S2 1-378
2026-10-03 17:20:19,854 INFO o.a.j.t.JMeterThread: Thread finished: S2 1-378
2026-10-03 17:20:19,854 INFO o.a.j.t.JMeterThread: Stopping because end time detected by thread: S2 1-144
2026-10-03 17:20:19,854 INFO o.a.j.t.JMeterThread: Thread finished: S2 1-144
2026-10-03 17:20:19,856 INFO o.a.j.t.JMeterThread: Stopping because end time detected by thread: S2 1-484
2026-10-03 17:20:19,856 INFO o.a.j.t.JMeterThread: Thread finished: S2 1-484
2026-10-03 17:20:19,865 INFO o.a.j.t.JMeterThread: Stopping because end time detected by thread: S2 1-979
2026-10-03 17:20:19,865 INFO o.a.j.t.JMeterThread: Thread finished: S2 1-979
2026-10-03 17:20:19,865 INFO o.a.j.t.JMeterThread: Stopping because end time detected by thread: S2 1-869
2026-10-03 17:20:19,865 INFO o.a.j.t.JMeterThread: Thread finished: S2 1-869
2026-10-03 17:20:19,869 INFO o.a.j.t.JMeterThread: Stopping because end time detected by thread: S2 1-343
2026-10-03 17:20:19,869 INFO o.a.j.t.JMeterThread: Thread finished: S2 1-343
2026-10-03 17:20:19,869 INFO o.a.j.t.JMeterThread: Stopping because end time detected by thread: S2 1-476
2026-10-03 17:20:19,869 INFO o.a.j.t.JMeterThread: Thread finished: S2 1-476
2026-10-03 17:20:19,872 INFO o.a.j.t.JMeterThread: Stopping because end time detected by thread: S2 1-74
2026-10-03 17:20:19,872 INFO o.a.j.t.JMeterThread: Thread finished: S2 1-74
2026-10-03 17:20:19,937 INFO o.a.j.t.JMeterThread: Stopping because end time detected by thread: S2 1-474
2026-10-03 17:20:19,937 INFO o.a.j.t.JMeterThread: Thread finished: S2 1-474
2026-10-03 17:20:19,941 INFO o.a.j.t.JMeterThread: Stopping because end time detected by thread: S2 1-267
2026-10-03 17:20:19,941 INFO o.a.j.t.JMeterThread: Thread finished: S2 1-267
2026-10-03 17:20:19,942 INFO o.a.j.t.JMeterThread: Stopping because end time detected by thread: S2 1-22
2026-10-03 17:20:19,942 INFO o.a.j.t.JMeterThread: Thread finished: S2 1-22
2026-10-03 17:20:19,944 INFO o.a.j.t.JMeterThread: Stopping because end time detected by thread: S2 1-458
2026-10-03 17:20:19,944 INFO o.a.j.t.JMeterThread: Thread finished: S2 1-458
2026-10-03 17:20:19,946 INFO o.a.j.t.JMeterThread: Stopping because end time detected by thread: S2 1-312
2026-10-03 17:20:19,946 INFO o.a.j.t.JMeterThread: Thread finished: S2 1-312
2026-10-03 17:20:19,947 INFO o.a.j.t.JMeterThread: Stopping because end time detected by thread: S2 1-301
2026-10-03 17:20:19,947 INFO o.a.j.t.JMeterThread: Thread finished: S2 1-301
2026-10-03 17:20:19,948 INFO o.a.j.t.JMeterThread: Stopping because end time detected by thread: S2 1-472
2026-10-03 17:20:19,949 INFO o.a.j.t.JMeterThread: Thread finished: S2 1-472
2026-10-03 17:20:19,958 INFO o.a.j.t.JMeterThread: Stopping because end time detected by thread: S2 1-809
2026-10-03 17:20:19,958 INFO o.a.j.t.JMeterThread: Thread finished: S2 1-809
2026-10-03 17:20:19,960 INFO o.a.j.t.JMeterThread: Stopping because end time detected by thread: S2 1-827
2026-10-03 17:20:19,961 INFO o.a.j.t.JMeterThread: Thread finished: S2 1-827
2026-10-03 17:20:19,964 INFO o.a.j.t.JMeterThread: Stopping because end time detected by thread: S2 1-460
2026-10-03 17:20:19,965 INFO o.a.j.t.JMeterThread: Thread finished: S2 1-460
2026-10-03 17:20:20,036 INFO o.a.j.t.JMeterThread: Stopping because end time detected by thread: S2 1-967
2026-10-03 17:20:20,036 INFO o.a.j.t.JMeterThread: Thread finished: S2 1-967
2026-10-03 17:20:20,038 INFO o.a.j.t.JMeterThread: Stopping because end time detected by thread: S2 1-214
2026-10-03 17:20:20,038 INFO o.a.j.t.JMeterThread: Thread finished: S2 1-214
2026-10-03 17:20:20,038 INFO o.a.j.t.JMeterThread: Stopping because end time detected by thread: S2 1-837
2026-10-03 17:20:20,038 INFO o.a.j.t.JMeterThread: Thread finished: S2 1-837
2026-10-03 17:20:20,038 INFO o.a.j.t.JMeterThread: Stopping because end time detected by thread: S2 1-281
2026-10-03 17:20:20,038 INFO o.a.j.t.JMeterThread: Thread finished: S2 1-281
2026-10-03 17:20:20,039 INFO o.a.j.t.JMeterThread: Stopping because end time detected by thread: S2 1-854
2026-10-03 17:20:20,039 INFO o.a.j.t.JMeterThread: Thread finished: S2 1-854
2026-10-03 17:20:20,046 INFO o.a.j.t.JMeterThread: Stopping because end time detected by thread: S2 1-466
2026-10-03 17:20:20,047 INFO o.a.j.t.JMeterThread: Thread finished: S2 1-466
2026-10-03 17:20:20,049 INFO o.a.j.t.JMeterThread: Stopping because end time detected by thread: S2 1-586
2026-10-03 17:20:20,049 INFO o.a.j.t.JMeterThread: Thread finished: S2 1-586
2026-10-03 17:20:20,050 INFO o.a.j.t.JMeterThread: Stopping because end time detected by thread: S2 1-873
2026-10-03 17:20:20,050 INFO o.a.j.t.JMeterThread: Thread finished: S2 1-873
2026-10-03 17:20:20,051 INFO o.a.j.t.JMeterThread: Stopping because end time detected by thread: S2 1-768
2026-10-03 17:20:20,051 INFO o.a.j.t.JMeterThread: Thread finished: S2 1-768
2026-10-03 17:20:20,058 INFO o.a.j.t.JMeterThread: Stopping because end time detected by thread: S2 1-462
2026-10-03 17:20:20,058 INFO o.a.j.t.JMeterThread: Thread finished: S2 1-462
2026-10-03 17:20:20,061 INFO o.a.j.t.JMeterThread: Stopping because end time detected by thread: S2 1-339
2026-10-03 17:20:20,061 INFO o.a.j.t.JMeterThread: Thread finished: S2 1-339
2026-10-03 17:20:20,064 INFO o.a.j.t.JMeterThread: Stopping because end time detected by thread: S2 1-848
2026-10-03 17:20:20,064 INFO o.a.j.t.JMeterThread: Thread finished: S2 1-848
2026-10-03 17:20:20,134 INFO o.a.j.t.JMeterThread: Stopping because end time detected by thread: S2 1-172
2026-10-03 17:20:20,134 INFO o.a.j.t.JMeterThread: Thread finished: S2 1-172
2026-10-03 17:20:20,137 INFO o.a.j.t.JMeterThread: Stopping because end time detected by thread: S2 1-558
2026-10-03 17:20:20,137 INFO o.a.j.t.JMeterThread: Thread finished: S2 1-558
2026-10-03 17:20:20,138 INFO o.a.j.t.JMeterThread: Stopping because end time detected by thread: S2 1-528
2026-10-03 17:20:20,139 INFO o.a.j.t.JMeterThread: Thread finished: S2 1-528
2026-10-03 17:20:20,140 INFO o.a.j.t.JMeterThread: Stopping because end time detected by thread: S2 1-853
2026-10-03 17:20:20,140 INFO o.a.j.t.JMeterThread: Thread finished: S2 1-853
2026-10-03 17:20:20,141 INFO o.a.j.t.JMeterThread: Stopping because end time detected by thread: S2 1-173
2026-10-03 17:20:20,141 INFO o.a.j.t.JMeterThread: Thread finished: S2 1-173
2026-10-03 17:20:20,142 INFO o.a.j.t.JMeterThread: Stopping because end time detected by thread: S2 1-882
2026-10-03 17:20:20,142 INFO o.a.j.t.JMeterThread: Thread finished: S2 1-882
2026-10-03 17:20:20,149 INFO o.a.j.t.JMeterThread: Stopping because end time detected by thread: S2 1-177
2026-10-03 17:20:20,149 INFO o.a.j.t.JMeterThread: Thread finished: S2 1-177
2026-10-03 17:20:20,149 INFO o.a.j.t.JMeterThread: Stopping because end time detected by thread: S2 1-434
2026-10-03 17:20:20,149 INFO o.a.j.t.JMeterThread: Thread finished: S2 1-434
2026-10-03 17:20:20,151 INFO o.a.j.t.JMeterThread: Stopping because end time detected by thread: S2 1-881
2026-10-03 17:20:20,151 INFO o.a.j.t.JMeterThread: Thread finished: S2 1-881
2026-10-03 17:20:20,153 INFO o.a.j.t.JMeterThread: Stopping because end time detected by thread: S2 1-100
2026-10-03 17:20:20,153 INFO o.a.j.t.JMeterThread: Thread finished: S2 1-100
2026-10-03 17:20:20,154 INFO o.a.j.t.JMeterThread: Stopping because end time detected by thread: S2 1-925
2026-10-03 17:20:20,154 INFO o.a.j.t.JMeterThread: Thread finished: S2 1-925
2026-10-03 17:20:20,159 INFO o.a.j.t.JMeterThread: Stopping because end time detected by thread: S2 1-890
2026-10-03 17:20:20,159 INFO o.a.j.t.JMeterThread: Thread finished: S2 1-890
2026-10-03 17:20:20,164 INFO o.a.j.t.JMeterThread: Stopping because end time detected by thread: S2 1-25
2026-10-03 17:20:20,164 INFO o.a.j.t.JMeterThread: Thread finished: S2 1-25
2026-10-03 17:20:20,164 INFO o.a.j.t.JMeterThread: Stopping because end time detected by thread: S2 1-285
2026-10-03 17:20:20,165 INFO o.a.j.t.JMeterThread: Thread finished: S2 1-285
2026-10-03 17:20:20,165 INFO o.a.j.t.JMeterThread: Stopping because end time detected by thread: S2 1-849
2026-10-03 17:20:20,165 INFO o.a.j.t.JMeterThread: Thread finished: S2 1-849
2026-10-03 17:20:20,166 INFO o.a.j.t.JMeterThread: Stopping because end time detected by thread: S2 1-449
2026-10-03 17:20:20,166 INFO o.a.j.t.JMeterThread: Thread finished: S2 1-449
2026-10-03 17:20:20,166 INFO o.a.j.t.JMeterThread: Stopping because end time detected by thread: S2 1-453
2026-10-03 17:20:20,166 INFO o.a.j.t.JMeterThread: Thread finished: S2 1-453
2026-10-03 17:20:20,166 INFO o.a.j.t.JMeterThread: Stopping because end time detected by thread: S2 1-542
2026-10-03 17:20:20,167 INFO o.a.j.t.JMeterThread: Thread finished: S2 1-542
2026-10-03 17:20:20,171 INFO o.a.j.t.JMeterThread: Stopping because end time detected by thread: S2 1-508
2026-10-03 17:20:20,171 INFO o.a.j.t.JMeterThread: Stopping because end time detected by thread: S2 1-562
2026-10-03 17:20:20,171 INFO o.a.j.t.JMeterThread: Thread finished: S2 1-508
2026-10-03 17:20:20,171 INFO o.a.j.t.JMeterThread: Thread finished: S2 1-562
2026-10-03 17:20:20,173 INFO o.a.j.t.JMeterThread: Stopping because end time detected by thread: S2 1-450
2026-10-03 17:20:20,173 INFO o.a.j.t.JMeterThread: Thread finished: S2 1-450
2026-10-03 17:20:20,234 INFO o.a.j.t.JMeterThread: Stopping because end time detected by thread: S2 1-800
2026-10-03 17:20:20,234 INFO o.a.j.t.JMeterThread: Thread finished: S2 1-800
2026-10-03 17:20:20,235 INFO o.a.j.t.JMeterThread: Stopping because end time detected by thread: S2 1-987
2026-10-03 17:20:20,235 INFO o.a.j.t.JMeterThread: Thread finished: S2 1-987
2026-10-03 17:20:20,237 INFO o.a.j.t.JMeterThread: Stopping because end time detected by thread: S2 1-734
2026-10-03 17:20:20,237 INFO o.a.j.t.JMeterThread: Thread finished: S2 1-734
2026-10-03 17:20:20,238 INFO o.a.j.t.JMeterThread: Stopping because end time detected by thread: S2 1-732
2026-10-03 17:20:20,238 INFO o.a.j.t.JMeterThread: Thread finished: S2 1-732
2026-10-03 17:20:20,241 INFO o.a.j.t.JMeterThread: Stopping because end time detected by thread: S2 1-804
2026-10-03 17:20:20,241 INFO o.a.j.t.JMeterThread: Thread finished: S2 1-804
2026-10-03 17:20:20,241 INFO o.a.j.t.JMeterThread: Stopping because end time detected by thread: S2 1-203
2026-10-03 17:20:20,244 INFO o.a.j.t.JMeterThread: Thread finished: S2 1-203
2026-10-03 17:20:20,245 INFO o.a.j.t.JMeterThread: Stopping because end time detected by thread: S2 1-929
2026-10-03 17:20:20,245 INFO o.a.j.t.JMeterThread: Thread finished: S2 1-929
2026-10-03 17:20:20,246 INFO o.a.j.t.JMeterThread: Stopping because end time detected by thread: S2 1-939
2026-10-03 17:20:20,246 INFO o.a.j.t.JMeterThread: Thread finished: S2 1-939
2026-10-03 17:20:20,258 INFO o.a.j.t.JMeterThread: Stopping because end time detected by thread: S2 1-554
2026-10-03 17:20:20,258 INFO o.a.j.t.JMeterThread: Thread finished: S2 1-554
2026-10-03 17:20:20,261 INFO o.a.j.t.JMeterThread: Stopping because end time detected by thread: S2 1-549
2026-10-03 17:20:20,261 INFO o.a.j.t.JMeterThread: Thread finished: S2 1-549
2026-10-03 17:20:20,268 INFO o.a.j.t.JMeterThread: Stopping because end time detected by thread: S2 1-935
2026-10-03 17:20:20,268 INFO o.a.j.t.JMeterThread: Thread finished: S2 1-935
2026-10-03 17:20:20,269 INFO o.a.j.t.JMeterThread: Stopping because end time detected by thread: S2 1-978
2026-10-03 17:20:20,269 INFO o.a.j.t.JMeterThread: Thread finished: S2 1-978
2026-10-03 17:20:20,271 INFO o.a.j.t.JMeterThread: Stopping because end time detected by thread: S2 1-473
2026-10-03 17:20:20,271 INFO o.a.j.t.JMeterThread: Thread finished: S2 1-473
2026-10-03 17:20:20,334 INFO o.a.j.t.JMeterThread: Stopping because end time detected by thread: S2 1-796
2026-10-03 17:20:20,334 INFO o.a.j.t.JMeterThread: Thread finished: S2 1-796
2026-10-03 17:20:20,338 INFO o.a.j.t.JMeterThread: Stopping because end time detected by thread: S2 1-465
2026-10-03 17:20:20,339 INFO o.a.j.t.JMeterThread: Thread finished: S2 1-465
2026-10-03 17:20:20,339 INFO o.a.j.t.JMeterThread: Stopping because end time detected by thread: S2 1-748
2026-10-03 17:20:20,339 INFO o.a.j.t.JMeterThread: Thread finished: S2 1-748
2026-10-03 17:20:20,344 INFO o.a.j.t.JMeterThread: Stopping because end time detected by thread: S2 1-239
2026-10-03 17:20:20,344 INFO o.a.j.t.JMeterThread: Thread finished: S2 1-239
2026-10-03 17:20:20,346 INFO o.a.j.t.JMeterThread: Stopping because end time detected by thread: S2 1-999
2026-10-03 17:20:20,346 INFO o.a.j.t.JMeterThread: Thread finished: S2 1-999
2026-10-03 17:20:20,348 INFO o.a.j.t.JMeterThread: Stopping because end time detected by thread: S2 1-114
2026-10-03 17:20:20,348 INFO o.a.j.t.JMeterThread: Thread finished: S2 1-114
2026-10-03 17:20:20,350 INFO o.a.j.t.JMeterThread: Stopping because end time detected by thread: S2 1-590
2026-10-03 17:20:20,350 INFO o.a.j.t.JMeterThread: Thread finished: S2 1-590
2026-10-03 17:20:20,350 INFO o.a.j.t.JMeterThread: Stopping because end time detected by thread: S2 1-959
2026-10-03 17:20:20,350 INFO o.a.j.t.JMeterThread: Thread finished: S2 1-959
2026-10-03 17:20:20,355 INFO o.a.j.t.JMeterThread: Stopping because end time detected by thread: S2 1-525
2026-10-03 17:20:20,355 INFO o.a.j.t.JMeterThread: Thread finished: S2 1-525
2026-10-03 17:20:20,355 INFO o.a.j.t.JMeterThread: Stopping because end time detected by thread: S2 1-582
2026-10-03 17:20:20,355 INFO o.a.j.t.JMeterThread: Thread finished: S2 1-582
2026-10-03 17:20:20,356 INFO o.a.j.t.JMeterThread: Stopping because end time detected by thread: S2 1-816
2026-10-03 17:20:20,356 INFO o.a.j.t.JMeterThread: Thread finished: S2 1-816
2026-10-03 17:20:20,358 INFO o.a.j.t.JMeterThread: Stopping because end time detected by thread: S2 1-840
2026-10-03 17:20:20,358 INFO o.a.j.t.JMeterThread: Thread finished: S2 1-840
2026-10-03 17:20:20,360 INFO o.a.j.t.JMeterThread: Stopping because end time detected by thread: S2 1-764
2026-10-03 17:20:20,361 INFO o.a.j.t.JMeterThread: Thread finished: S2 1-764
2026-10-03 17:20:20,361 INFO o.a.j.t.JMeterThread: Stopping because end time detected by thread: S2 1-59
2026-10-03 17:20:20,361 INFO o.a.j.t.JMeterThread: Thread finished: S2 1-59
2026-10-03 17:20:20,361 INFO o.a.j.t.JMeterThread: Stopping because end time detected by thread: S2 1-103
2026-10-03 17:20:20,361 INFO o.a.j.t.JMeterThread: Thread finished: S2 1-103
2026-10-03 17:20:20,363 INFO o.a.j.t.JMeterThread: Stopping because end time detected by thread: S2 1-570
2026-10-03 17:20:20,363 INFO o.a.j.t.JMeterThread: Thread finished: S2 1-570
2026-10-03 17:20:20,366 INFO o.a.j.t.JMeterThread: Stopping because end time detected by thread: S2 1-442
2026-10-03 17:20:20,367 INFO o.a.j.t.JMeterThread: Thread finished: S2 1-442
2026-10-03 17:20:20,367 INFO o.a.j.t.JMeterThread: Stopping because end time detected by thread: S2 1-903
2026-10-03 17:20:20,367 INFO o.a.j.t.JMeterThread: Thread finished: S2 1-903
2026-10-03 17:20:20,367 INFO o.a.j.t.JMeterThread: Stopping because end time detected by thread: S2 1-583
2026-10-03 17:20:20,367 INFO o.a.j.t.JMeterThread: Thread finished: S2 1-583
2026-10-03 17:20:20,433 INFO o.a.j.t.JMeterThread: Stopping because end time detected by thread: S2 1-894
2026-10-03 17:20:20,433 INFO o.a.j.t.JMeterThread: Thread finished: S2 1-894
2026-10-03 17:20:20,433 INFO o.a.j.t.JMeterThread: Stopping because end time detected by thread: S2 1-111
2026-10-03 17:20:20,433 INFO o.a.j.t.JMeterThread: Thread finished: S2 1-111
2026-10-03 17:20:20,434 INFO o.a.j.t.JMeterThread: Stopping because end time detected by thread: S2 1-995
2026-10-03 17:20:20,434 INFO o.a.j.t.JMeterThread: Thread finished: S2 1-995
2026-10-03 17:20:20,435 INFO o.a.j.t.JMeterThread: Stopping because end time detected by thread: S2 1-874
2026-10-03 17:20:20,435 INFO o.a.j.t.JMeterThread: Thread finished: S2 1-874
2026-10-03 17:20:20,437 INFO o.a.j.t.JMeterThread: Stopping because end time detected by thread: S2 1-842
2026-10-03 17:20:20,437 INFO o.a.j.t.JMeterThread: Thread finished: S2 1-842
2026-10-03 17:20:20,440 INFO o.a.j.t.JMeterThread: Stopping because end time detected by thread: S2 1-870
2026-10-03 17:20:20,440 INFO o.a.j.t.JMeterThread: Thread finished: S2 1-870
2026-10-03 17:20:20,446 INFO o.a.j.t.JMeterThread: Stopping because end time detected by thread: S2 1-878
2026-10-03 17:20:20,446 INFO o.a.j.t.JMeterThread: Thread finished: S2 1-878
2026-10-03 17:20:20,448 INFO o.a.j.t.JMeterThread: Stopping because end time detected by thread: S2 1-224
2026-10-03 17:20:20,448 INFO o.a.j.t.JMeterThread: Thread finished: S2 1-224
2026-10-03 17:20:20,452 INFO o.a.j.t.JMeterThread: Stopping because end time detected by thread: S2 1-470
2026-10-03 17:20:20,452 INFO o.a.j.t.JMeterThread: Thread finished: S2 1-470
2026-10-03 17:20:20,455 INFO o.a.j.t.JMeterThread: Stopping because end time detected by thread: S2 1-46
2026-10-03 17:20:20,455 INFO o.a.j.t.JMeterThread: Thread finished: S2 1-46
2026-10-03 17:20:20,456 INFO o.a.j.t.JMeterThread: Stopping because end time detected by thread: S2 1-235
2026-10-03 17:20:20,457 INFO o.a.j.t.JMeterThread: Thread finished: S2 1-235
2026-10-03 17:20:20,464 INFO o.a.j.t.JMeterThread: Stopping because end time detected by thread: S2 1-526
2026-10-03 17:20:20,464 INFO o.a.j.t.JMeterThread: Thread finished: S2 1-526
2026-10-03 17:20:20,466 INFO o.a.j.t.JMeterThread: Stopping because end time detected by thread: S2 1-438
2026-10-03 17:20:20,466 INFO o.a.j.t.JMeterThread: Thread finished: S2 1-438
2026-10-03 17:20:20,467 INFO o.a.j.t.JMeterThread: Stopping because end time detected by thread: S2 1-930
2026-10-03 17:20:20,467 INFO o.a.j.t.JMeterThread: Thread finished: S2 1-930
2026-10-03 17:20:20,470 INFO o.a.j.t.JMeterThread: Stopping because end time detected by thread: S2 1-479
2026-10-03 17:20:20,470 INFO o.a.j.t.JMeterThread: Thread finished: S2 1-479
2026-10-03 17:20:20,472 INFO o.a.j.t.JMeterThread: Stopping because end time detected by thread: S2 1-489
2026-10-03 17:20:20,472 INFO o.a.j.t.JMeterThread: Thread finished: S2 1-489
2026-10-03 17:20:20,474 INFO o.a.j.t.JMeterThread: Stopping because end time detected by thread: S2 1-922
2026-10-03 17:20:20,474 INFO o.a.j.t.JMeterThread: Thread finished: S2 1-922
2026-10-03 17:20:20,478 INFO o.a.j.t.JMeterThread: Stopping because end time detected by thread: S2 1-238
2026-10-03 17:20:20,478 INFO o.a.j.t.JMeterThread: Thread finished: S2 1-238
2026-10-03 17:20:20,532 INFO o.a.j.t.JMeterThread: Stopping because end time detected by thread: S2 1-507
2026-10-03 17:20:20,532 INFO o.a.j.t.JMeterThread: Thread finished: S2 1-507
2026-10-03 17:20:20,535 INFO o.a.j.t.JMeterThread: Stopping because end time detected by thread: S2 1-902
2026-10-03 17:20:20,535 INFO o.a.j.t.JMeterThread: Thread finished: S2 1-902
2026-10-03 17:20:20,536 INFO o.a.j.t.JMeterThread: Stopping because end time detected by thread: S2 1-483
2026-10-03 17:20:20,536 INFO o.a.j.t.JMeterThread: Thread finished: S2 1-483
2026-10-03 17:20:20,548 INFO o.a.j.t.JMeterThread: Stopping because end time detected by thread: S2 1-914
2026-10-03 17:20:20,548 INFO o.a.j.t.JMeterThread: Thread finished: S2 1-914
2026-10-03 17:20:20,551 INFO o.a.j.t.JMeterThread: Stopping because end time detected by thread: S2 1-428
2026-10-03 17:20:20,551 INFO o.a.j.t.JMeterThread: Thread finished: S2 1-428
2026-10-03 17:20:20,560 INFO o.a.j.t.JMeterThread: Stopping because end time detected by thread: S2 1-934
2026-10-03 17:20:20,560 INFO o.a.j.t.JMeterThread: Thread finished: S2 1-934
2026-10-03 17:20:20,563 INFO o.a.j.t.JMeterThread: Stopping because end time detected by thread: S2 1-499
2026-10-03 17:20:20,563 INFO o.a.j.t.JMeterThread: Thread finished: S2 1-499
2026-10-03 17:20:20,565 INFO o.a.j.t.JMeterThread: Stopping because end time detected by thread: S2 1-950
2026-10-03 17:20:20,565 INFO o.a.j.t.JMeterThread: Thread finished: S2 1-950
2026-10-03 17:20:20,569 INFO o.a.j.t.JMeterThread: Stopping because end time detected by thread: S2 1-886
2026-10-03 17:20:20,569 INFO o.a.j.t.JMeterThread: Thread finished: S2 1-886
2026-10-03 17:20:20,570 INFO o.a.j.t.JMeterThread: Stopping because end time detected by thread: S2 1-926
2026-10-03 17:20:20,570 INFO o.a.j.t.JMeterThread: Thread finished: S2 1-926
2026-10-03 17:20:20,572 INFO o.a.j.t.JMeterThread: Stopping because end time detected by thread: S2 1-511
2026-10-03 17:20:20,572 INFO o.a.j.t.JMeterThread: Thread finished: S2 1-511
2026-10-03 17:20:20,577 INFO o.a.j.t.JMeterThread: Stopping because end time detected by thread: S2 1-954
2026-10-03 17:20:20,578 INFO o.a.j.t.JMeterThread: Thread finished: S2 1-954
2026-10-03 17:20:20,580 INFO o.a.j.t.JMeterThread: Stopping because end time detected by thread: S2 1-486
2026-10-03 17:20:20,580 INFO o.a.j.t.JMeterThread: Thread finished: S2 1-486
2026-10-03 17:20:20,634 INFO o.a.j.t.JMeterThread: Stopping because end time detected by thread: S2 1-503
2026-10-03 17:20:20,634 INFO o.a.j.t.JMeterThread: Thread finished: S2 1-503
2026-10-03 17:20:20,638 INFO o.a.j.t.JMeterThread: Stopping because end time detected by thread: S2 1-938
2026-10-03 17:20:20,638 INFO o.a.j.t.JMeterThread: Thread finished: S2 1-938
2026-10-03 17:20:20,638 INFO o.a.j.t.JMeterThread: Stopping because end time detected by thread: S2 1-972
2026-10-03 17:20:20,638 INFO o.a.j.t.JMeterThread: Thread finished: S2 1-972
2026-10-03 17:20:20,639 INFO o.a.j.t.JMeterThread: Stopping because end time detected by thread: S2 1-523
2026-10-03 17:20:20,639 INFO o.a.j.t.JMeterThread: Thread finished: S2 1-523
2026-10-03 17:20:20,639 INFO o.a.j.t.JMeterThread: Stopping because end time detected by thread: S2 1-527
2026-10-03 17:20:20,639 INFO o.a.j.t.JMeterThread: Thread finished: S2 1-527
2026-10-03 17:20:20,641 INFO o.a.j.t.JMeterThread: Stopping because end time detected by thread: S2 1-347
2026-10-03 17:20:20,641 INFO o.a.j.t.JMeterThread: Thread finished: S2 1-347
2026-10-03 17:20:20,653 INFO o.a.j.t.JMeterThread: Stopping because end time detected by thread: S2 1-906
2026-10-03 17:20:20,653 INFO o.a.j.t.JMeterThread: Thread finished: S2 1-906
2026-10-03 17:20:20,659 INFO o.a.j.t.JMeterThread: Stopping because end time detected by thread: S2 1-924
2026-10-03 17:20:20,659 INFO o.a.j.t.JMeterThread: Thread finished: S2 1-924
2026-10-03 17:20:20,660 INFO o.a.j.t.JMeterThread: Stopping because end time detected by thread: S2 1-50
2026-10-03 17:20:20,660 INFO o.a.j.t.JMeterThread: Thread finished: S2 1-50
2026-10-03 17:20:20,661 INFO o.a.j.t.JMeterThread: Stopping because end time detected by thread: S2 1-970
2026-10-03 17:20:20,661 INFO o.a.j.t.JMeterThread: Thread finished: S2 1-970
2026-10-03 17:20:20,669 INFO o.a.j.t.JMeterThread: Stopping because end time detected by thread: S2 1-910
2026-10-03 17:20:20,669 INFO o.a.j.t.JMeterThread: Thread finished: S2 1-910
2026-10-03 17:20:20,672 INFO o.a.j.t.JMeterThread: Stopping because end time detected by thread: S2 1-531
2026-10-03 17:20:20,672 INFO o.a.j.t.JMeterThread: Thread finished: S2 1-531
2026-10-03 17:20:20,674 INFO o.a.j.t.JMeterThread: Stopping because end time detected by thread: S2 1-966
2026-10-03 17:20:20,674 INFO o.a.j.t.JMeterThread: Thread finished: S2 1-966
2026-10-03 17:20:20,675 INFO o.a.j.t.JMeterThread: Stopping because end time detected by thread: S2 1-792
2026-10-03 17:20:20,675 INFO o.a.j.t.JMeterThread: Thread finished: S2 1-792
2026-10-03 17:20:20,676 INFO o.a.j.t.JMeterThread: Stopping because end time detected by thread: S2 1-226
2026-10-03 17:20:20,676 INFO o.a.j.t.JMeterThread: Thread finished: S2 1-226
2026-10-03 17:20:20,678 INFO o.a.j.t.JMeterThread: Stopping because end time detected by thread: S2 1-205
2026-10-03 17:20:20,678 INFO o.a.j.t.JMeterThread: Thread finished: S2 1-205
2026-10-03 17:20:20,735 INFO o.a.j.t.JMeterThread: Stopping because end time detected by thread: S2 1-121
2026-10-03 17:20:20,735 INFO o.a.j.t.JMeterThread: Thread finished: S2 1-121
2026-10-03 17:20:20,741 INFO o.a.j.t.JMeterThread: Stopping because end time detected by thread: S2 1-539
2026-10-03 17:20:20,741 INFO o.a.j.t.JMeterThread: Thread finished: S2 1-539
2026-10-03 17:20:20,742 INFO o.a.j.t.JMeterThread: Stopping because end time detected by thread: S2 1-521
2026-10-03 17:20:20,742 INFO o.a.j.t.JMeterThread: Thread finished: S2 1-521
2026-10-03 17:20:20,747 INFO o.a.j.t.JMeterThread: Stopping because end time detected by thread: S2 1-254
2026-10-03 17:20:20,747 INFO o.a.j.t.JMeterThread: Thread finished: S2 1-254
2026-10-03 17:20:20,749 INFO o.a.j.t.JMeterThread: Stopping because end time detected by thread: S2 1-218
2026-10-03 17:20:20,750 INFO o.a.j.t.JMeterThread: Thread finished: S2 1-218
2026-10-03 17:20:20,752 INFO o.a.j.t.JMeterThread: Stopping because end time detected by thread: S2 1-535
2026-10-03 17:20:20,752 INFO o.a.j.t.JMeterThread: Thread finished: S2 1-535
2026-10-03 17:20:20,753 INFO o.a.j.t.JMeterThread: Stopping because end time detected by thread: S2 1-515
2026-10-03 17:20:20,753 INFO o.a.j.t.JMeterThread: Thread finished: S2 1-515
2026-10-03 17:20:20,755 INFO o.a.j.t.JMeterThread: Stopping because end time detected by thread: S2 1-942
2026-10-03 17:20:20,755 INFO o.a.j.t.JMeterThread: Thread finished: S2 1-942
2026-10-03 17:20:20,758 INFO o.a.j.t.JMeterThread: Stopping because end time detected by thread: S2 1-563
2026-10-03 17:20:20,758 INFO o.a.j.t.JMeterThread: Thread finished: S2 1-563
2026-10-03 17:20:20,762 INFO o.a.j.t.JMeterThread: Stopping because end time detected by thread: S2 1-958
2026-10-03 17:20:20,762 INFO o.a.j.t.JMeterThread: Thread finished: S2 1-958
2026-10-03 17:20:20,762 INFO o.a.j.t.JMeterThread: Stopping because end time detected by thread: S2 1-982
2026-10-03 17:20:20,762 INFO o.a.j.t.JMeterThread: Thread finished: S2 1-982
2026-10-03 17:20:20,767 INFO o.a.j.t.JMeterThread: Stopping because end time detected by thread: S2 1-990
2026-10-03 17:20:20,767 INFO o.a.j.t.JMeterThread: Thread finished: S2 1-990
2026-10-03 17:20:20,770 INFO o.a.j.t.JMeterThread: Stopping because end time detected by thread: S2 1-250
2026-10-03 17:20:20,770 INFO o.a.j.t.JMeterThread: Thread finished: S2 1-250
2026-10-03 17:20:20,771 INFO o.a.j.t.JMeterThread: Stopping because end time detected by thread: S2 1-946
2026-10-03 17:20:20,771 INFO o.a.j.t.JMeterThread: Thread finished: S2 1-946
2026-10-03 17:20:20,773 INFO o.a.j.t.JMeterThread: Stopping because end time detected by thread: S2 1-622
2026-10-03 17:20:20,773 INFO o.a.j.t.JMeterThread: Thread finished: S2 1-622
2026-10-03 17:20:20,776 INFO o.a.j.t.JMeterThread: Stopping because end time detected by thread: S2 1-962
2026-10-03 17:20:20,776 INFO o.a.j.t.JMeterThread: Thread finished: S2 1-962
2026-10-03 17:20:20,777 INFO o.a.j.e.StandardJMeterEngine: Notifying test listeners of end of test
2026-10-03 17:20:20,777 INFO o.a.j.s.FileServer: Close: /tests/data/available_menu_items.csv
2026-10-03 17:20:20,779 INFO o.a.j.r.Summariser: summary +   2887 in 00:00:21 =  139.1/s Avg:  7270 Min:  6125 Max:  9089 Err:     0 (0.00%) Active: 0 Started: 1000 Finished: 1000
2026-10-03 17:20:20,779 INFO o.a.j.r.Summariser: summary =   9033 in 00:01:09 =  131.9/s Avg:  6575 Min:    51 Max:  9130 Err:     0 (0.00%)
