2026-10-03 17:17:59,277 INFO o.a.j.u.JMeterUtils: Setting Locale to en_EN
2026-10-03 17:17:59,296 INFO o.a.j.JMeter: Loading user properties from: /opt/jmeter/bin/user.properties
2026-10-03 17:17:59,296 INFO o.a.j.JMeter: Loading system properties from: /opt/jmeter/bin/system.properties
2026-10-03 17:17:59,296 INFO o.a.j.JMeter: Loading additional properties from: /tests/run.properties
2026-10-03 17:17:59,296 INFO o.a.j.JMeter: Loading additional properties from: /tests/data/ranges.properties
2026-10-03 17:17:59,296 INFO o.a.j.JMeter: Setting JMeter property: host=nestjs-nginx
2026-10-03 17:17:59,297 INFO o.a.j.JMeter: Setting JMeter property: port=80
2026-10-03 17:17:59,297 INFO o.a.j.JMeter: Setting JMeter property: rampup=10
2026-10-03 17:17:59,297 INFO o.a.j.JMeter: Setting JMeter property: endpoint=EP3
2026-10-03 17:17:59,297 INFO o.a.j.JMeter: Setting JMeter property: users=1000
2026-10-03 17:17:59,297 INFO o.a.j.JMeter: Setting JMeter property: duration=60
2026-10-03 17:17:59,297 INFO o.a.j.JMeter: Setting JMeter property: ep9.start=2026-10-21
2026-10-03 17:17:59,297 INFO o.a.j.JMeter: Setting JMeter property: ep9.offset=0
2026-10-03 17:17:59,301 INFO o.a.j.JMeter: Copyright (c) 1998-2024 The Apache Software Foundation
2026-10-03 17:17:59,301 INFO o.a.j.JMeter: Version 5.6.3
2026-10-03 17:17:59,301 INFO o.a.j.JMeter: java.version=21.0.12.1
2026-10-03 17:17:59,302 INFO o.a.j.JMeter: java.vm.name=OpenJDK 64-Bit Server VM
2026-10-03 17:17:59,302 INFO o.a.j.JMeter: os.name=Linux
2026-10-03 17:17:59,302 INFO o.a.j.JMeter: os.arch=amd64
2026-10-03 17:17:59,302 INFO o.a.j.JMeter: os.version=6.6.87.2-microsoft-standard-WSL2
2026-10-03 17:17:59,302 INFO o.a.j.JMeter: file.encoding=UTF-8
2026-10-03 17:17:59,302 INFO o.a.j.JMeter: java.awt.headless=true
2026-10-03 17:17:59,302 INFO o.a.j.JMeter: Max memory     =4294967296
2026-10-03 17:17:59,302 INFO o.a.j.JMeter: Available Processors =12
2026-10-03 17:17:59,309 INFO o.a.j.JMeter: Default Locale=English (EN)
2026-10-03 17:17:59,309 INFO o.a.j.JMeter: JMeter  Locale=English (EN)
2026-10-03 17:17:59,309 INFO o.a.j.JMeter: JMeterHome=/opt/jmeter
2026-10-03 17:17:59,309 INFO o.a.j.JMeter: user.dir  =/tests
2026-10-03 17:17:59,309 INFO o.a.j.JMeter: PWD       =/tests
2026-10-03 17:17:59,310 INFO o.a.j.JMeter: IP: 172.19.0.4 Name: 0e99acaea119 FullName: 0e99acaea119
2026-10-03 17:17:59,319 INFO o.a.j.s.FileServer: Default base='/tests'
2026-10-03 17:17:59,320 INFO o.a.j.s.FileServer: Set new base='/tests'
2026-10-03 17:17:59,474 INFO o.a.j.s.SaveService: Testplan (JMX) version: 2.2. Testlog (JTL) version: 2.2
2026-10-03 17:17:59,497 INFO o.a.j.s.SaveService: Using SaveService properties version 5.0
2026-10-03 17:17:59,499 INFO o.a.j.s.SaveService: Using SaveService properties file encoding UTF-8
2026-10-03 17:17:59,503 INFO o.a.j.s.SaveService: Loading file: /tests/s2.jmx
2026-10-03 17:17:59,546 INFO o.a.j.p.h.s.HTTPSamplerBase: Parser for text/html is org.apache.jmeter.protocol.http.parser.LagartoBasedHtmlParser
2026-10-03 17:17:59,546 INFO o.a.j.p.h.s.HTTPSamplerBase: Parser for application/xhtml+xml is org.apache.jmeter.protocol.http.parser.LagartoBasedHtmlParser
2026-10-03 17:17:59,546 INFO o.a.j.p.h.s.HTTPSamplerBase: Parser for application/xml is org.apache.jmeter.protocol.http.parser.LagartoBasedHtmlParser
2026-10-03 17:17:59,546 INFO o.a.j.p.h.s.HTTPSamplerBase: Parser for text/xml is org.apache.jmeter.protocol.http.parser.LagartoBasedHtmlParser
2026-10-03 17:17:59,546 INFO o.a.j.p.h.s.HTTPSamplerBase: Parser for text/vnd.wap.wml is org.apache.jmeter.protocol.http.parser.RegexpHTMLParser
2026-10-03 17:17:59,546 INFO o.a.j.p.h.s.HTTPSamplerBase: Parser for text/css is org.apache.jmeter.protocol.http.parser.CssParser
2026-10-03 17:17:59,588 INFO o.a.j.JMeter: Creating summariser <summary>
2026-10-03 17:17:59,598 INFO o.a.j.e.StandardJMeterEngine: Running the test!
2026-10-03 17:17:59,598 INFO o.a.j.s.SampleEvent: List of sample_variables: []
2026-10-03 17:17:59,598 INFO o.a.j.s.SampleEvent: List of sample_variables: []
2026-10-03 17:17:59,602 INFO o.a.j.e.u.CompoundVariable: Note: Function class names must contain the string: '.functions.'
2026-10-03 17:17:59,602 INFO o.a.j.e.u.CompoundVariable: Note: Function class names must not contain the string: '.gui.'
2026-10-03 17:17:59,789 INFO o.a.j.JMeter: Running test (1791047879789)
2026-10-03 17:17:59,791 INFO o.a.j.e.StandardJMeterEngine: Starting setUp thread groups
2026-10-03 17:17:59,791 INFO o.a.j.e.StandardJMeterEngine: Starting setUp ThreadGroup: 1 : setUp - login 
2026-10-03 17:17:59,791 INFO o.a.j.e.StandardJMeterEngine: Starting 1 threads for group setUp - login.
2026-10-03 17:17:59,791 INFO o.a.j.e.StandardJMeterEngine: Test will stop abruptly on error
2026-10-03 17:17:59,791 INFO o.a.j.t.ThreadGroup: Starting thread group... number=1 threads=1 ramp-up=1 delayedStart=false
2026-10-03 17:17:59,794 INFO o.a.j.t.ThreadGroup: Started thread group number 1
2026-10-03 17:17:59,794 INFO o.a.j.e.StandardJMeterEngine: Waiting for all setup thread groups to exit
2026-10-03 17:17:59,795 INFO o.a.j.t.JMeterThread: Thread started: setUp - login 1-1
2026-10-03 17:17:59,805 INFO o.a.j.p.h.s.HTTPHCAbstractImpl: Local host = 0e99acaea119
2026-10-03 17:17:59,809 INFO o.a.j.p.h.s.HTTPHC4Impl: HTTP request retry count = 0
2026-10-03 17:17:59,810 INFO o.a.j.s.SampleResult: Note: Sample TimeStamps are START times
2026-10-03 17:17:59,810 INFO o.a.j.s.SampleResult: sampleresult.default.encoding is set to UTF-8
2026-10-03 17:17:59,810 INFO o.a.j.s.SampleResult: sampleresult.useNanoTime=true
2026-10-03 17:17:59,811 INFO o.a.j.s.SampleResult: sampleresult.nanoThreadSleep=5000
2026-10-03 17:18:00,503 INFO o.a.j.r.Summariser: summary +      1 in 00:00:01 =    1.4/s Avg:   290 Min:   290 Max:   290 Err:     0 (0.00%) Active: 1 Started: 1 Finished: 0
2026-10-03 17:18:00,504 INFO o.a.j.t.JMeterThread: Thread is done: setUp - login 1-1
2026-10-03 17:18:00,504 INFO o.a.j.t.JMeterThread: Thread finished: setUp - login 1-1
2026-10-03 17:18:00,505 INFO o.a.j.e.StandardJMeterEngine: All Setup Threads have ended
2026-10-03 17:18:00,525 INFO o.a.j.e.StandardJMeterEngine: Starting ThreadGroup: 1 : S2
2026-10-03 17:18:00,525 INFO o.a.j.e.StandardJMeterEngine: Starting 1000 threads for group S2.
2026-10-03 17:18:00,525 INFO o.a.j.e.StandardJMeterEngine: Thread will continue on error
2026-10-03 17:18:00,525 INFO o.a.j.t.ThreadGroup: Starting thread group... number=1 threads=1000 ramp-up=10 delayedStart=false
2026-10-03 17:18:00,535 INFO o.a.j.t.JMeterThread: Thread started: S2 1-1
2026-10-03 17:18:00,536 INFO o.a.j.s.FileServer: Stored: /tests/data/available_menu_items.csv
2026-10-03 17:18:00,543 INFO o.a.j.t.JMeterThread: Thread started: S2 1-2
2026-10-03 17:18:00,552 INFO o.a.j.t.JMeterThread: Thread started: S2 1-3
2026-10-03 17:18:00,561 INFO o.a.j.t.JMeterThread: Thread started: S2 1-4
2026-10-03 17:18:00,570 INFO o.a.j.t.JMeterThread: Thread started: S2 1-5
2026-10-03 17:18:00,579 INFO o.a.j.t.JMeterThread: Thread started: S2 1-6
2026-10-03 17:18:00,589 INFO o.a.j.t.JMeterThread: Thread started: S2 1-7
2026-10-03 17:18:00,598 INFO o.a.j.t.JMeterThread: Thread started: S2 1-8
2026-10-03 17:18:00,606 INFO o.a.j.t.JMeterThread: Thread started: S2 1-9
2026-10-03 17:18:00,617 INFO o.a.j.t.JMeterThread: Thread started: S2 1-10
2026-10-03 17:18:00,628 INFO o.a.j.t.JMeterThread: Thread started: S2 1-11
2026-10-03 17:18:00,637 INFO o.a.j.t.JMeterThread: Thread started: S2 1-12
2026-10-03 17:18:00,646 INFO o.a.j.t.JMeterThread: Thread started: S2 1-13
2026-10-03 17:18:00,657 INFO o.a.j.t.JMeterThread: Thread started: S2 1-14
2026-10-03 17:18:00,666 INFO o.a.j.t.JMeterThread: Thread started: S2 1-15
2026-10-03 17:18:00,686 INFO o.a.j.t.JMeterThread: Thread started: S2 1-16
2026-10-03 17:18:00,687 INFO o.a.j.t.JMeterThread: Thread started: S2 1-17
2026-10-03 17:18:00,696 INFO o.a.j.t.JMeterThread: Thread started: S2 1-18
2026-10-03 17:18:00,707 INFO o.a.j.t.JMeterThread: Thread started: S2 1-19
2026-10-03 17:18:00,716 INFO o.a.j.t.JMeterThread: Thread started: S2 1-20
2026-10-03 17:18:00,729 INFO o.a.j.t.JMeterThread: Thread started: S2 1-21
2026-10-03 17:18:00,737 INFO o.a.j.t.JMeterThread: Thread started: S2 1-22
2026-10-03 17:18:00,748 INFO o.a.j.t.JMeterThread: Thread started: S2 1-23
2026-10-03 17:18:00,759 INFO o.a.j.t.JMeterThread: Thread started: S2 1-24
2026-10-03 17:18:00,769 INFO o.a.j.t.JMeterThread: Thread started: S2 1-25
2026-10-03 17:18:00,776 INFO o.a.j.t.JMeterThread: Thread started: S2 1-26
2026-10-03 17:18:00,786 INFO o.a.j.t.JMeterThread: Thread started: S2 1-27
2026-10-03 17:18:00,796 INFO o.a.j.t.JMeterThread: Thread started: S2 1-28
2026-10-03 17:18:00,806 INFO o.a.j.t.JMeterThread: Thread started: S2 1-29
2026-10-03 17:18:00,816 INFO o.a.j.t.JMeterThread: Thread started: S2 1-30
2026-10-03 17:18:00,827 INFO o.a.j.t.JMeterThread: Thread started: S2 1-31
2026-10-03 17:18:00,842 INFO o.a.j.t.JMeterThread: Thread started: S2 1-32
2026-10-03 17:18:00,851 INFO o.a.j.t.JMeterThread: Thread started: S2 1-33
2026-10-03 17:18:00,856 INFO o.a.j.t.JMeterThread: Thread started: S2 1-34
2026-10-03 17:18:00,867 INFO o.a.j.t.JMeterThread: Thread started: S2 1-35
2026-10-03 17:18:00,876 INFO o.a.j.t.JMeterThread: Thread started: S2 1-36
2026-10-03 17:18:00,888 INFO o.a.j.t.JMeterThread: Thread started: S2 1-37
2026-10-03 17:18:00,896 INFO o.a.j.t.JMeterThread: Thread started: S2 1-38
2026-10-03 17:18:00,906 INFO o.a.j.t.JMeterThread: Thread started: S2 1-39
2026-10-03 17:18:00,917 INFO o.a.j.t.JMeterThread: Thread started: S2 1-40
2026-10-03 17:18:00,928 INFO o.a.j.t.JMeterThread: Thread started: S2 1-41
2026-10-03 17:18:00,956 INFO o.a.j.t.JMeterThread: Thread started: S2 1-43
2026-10-03 17:18:00,955 INFO o.a.j.t.JMeterThread: Thread started: S2 1-42
2026-10-03 17:18:00,963 INFO o.a.j.t.JMeterThread: Thread started: S2 1-44
2026-10-03 17:18:00,967 INFO o.a.j.t.JMeterThread: Thread started: S2 1-45
2026-10-03 17:18:00,976 INFO o.a.j.t.JMeterThread: Thread started: S2 1-46
2026-10-03 17:18:00,986 INFO o.a.j.t.JMeterThread: Thread started: S2 1-47
2026-10-03 17:18:00,996 INFO o.a.j.t.JMeterThread: Thread started: S2 1-48
2026-10-03 17:18:01,006 INFO o.a.j.t.JMeterThread: Thread started: S2 1-49
2026-10-03 17:18:01,016 INFO o.a.j.t.JMeterThread: Thread started: S2 1-50
2026-10-03 17:18:01,027 INFO o.a.j.t.JMeterThread: Thread started: S2 1-51
2026-10-03 17:18:01,039 INFO o.a.j.t.JMeterThread: Thread started: S2 1-52
2026-10-03 17:18:01,051 INFO o.a.j.t.JMeterThread: Thread started: S2 1-53
2026-10-03 17:18:01,062 INFO o.a.j.t.JMeterThread: Thread started: S2 1-54
2026-10-03 17:18:01,066 INFO o.a.j.t.JMeterThread: Thread started: S2 1-55
2026-10-03 17:18:01,076 INFO o.a.j.t.JMeterThread: Thread started: S2 1-56
2026-10-03 17:18:01,086 INFO o.a.j.t.JMeterThread: Thread started: S2 1-57
2026-10-03 17:18:01,096 INFO o.a.j.t.JMeterThread: Thread started: S2 1-58
2026-10-03 17:18:01,107 INFO o.a.j.t.JMeterThread: Thread started: S2 1-59
2026-10-03 17:18:01,116 INFO o.a.j.t.JMeterThread: Thread started: S2 1-60
2026-10-03 17:18:01,127 INFO o.a.j.t.JMeterThread: Thread started: S2 1-61
2026-10-03 17:18:01,137 INFO o.a.j.t.JMeterThread: Thread started: S2 1-62
2026-10-03 17:18:01,152 INFO o.a.j.t.JMeterThread: Thread started: S2 1-63
2026-10-03 17:18:01,156 INFO o.a.j.t.JMeterThread: Thread started: S2 1-64
2026-10-03 17:18:01,167 INFO o.a.j.t.JMeterThread: Thread started: S2 1-65
2026-10-03 17:18:01,176 INFO o.a.j.t.JMeterThread: Thread started: S2 1-66
2026-10-03 17:18:01,185 INFO o.a.j.t.JMeterThread: Thread started: S2 1-67
2026-10-03 17:18:01,194 INFO o.a.j.t.ThreadGroup: Started thread group number 1
2026-10-03 17:18:01,194 INFO o.a.j.e.StandardJMeterEngine: All thread groups have been started
2026-10-03 17:18:01,196 INFO o.a.j.t.JMeterThread: Thread started: S2 1-68
2026-10-03 17:18:01,206 INFO o.a.j.t.JMeterThread: Thread started: S2 1-69
2026-10-03 17:18:01,216 INFO o.a.j.t.JMeterThread: Thread started: S2 1-70
2026-10-03 17:18:01,227 INFO o.a.j.t.JMeterThread: Thread started: S2 1-71
2026-10-03 17:18:01,239 INFO o.a.j.t.JMeterThread: Thread started: S2 1-72
2026-10-03 17:18:01,253 INFO o.a.j.t.JMeterThread: Thread started: S2 1-73
2026-10-03 17:18:01,280 INFO o.a.j.t.JMeterThread: Thread started: S2 1-76
2026-10-03 17:18:01,280 INFO o.a.j.t.JMeterThread: Thread started: S2 1-74
2026-10-03 17:18:01,280 INFO o.a.j.t.JMeterThread: Thread started: S2 1-75
2026-10-03 17:18:01,286 INFO o.a.j.t.JMeterThread: Thread started: S2 1-77
2026-10-03 17:18:01,297 INFO o.a.j.t.JMeterThread: Thread started: S2 1-78
2026-10-03 17:18:01,306 INFO o.a.j.t.JMeterThread: Thread started: S2 1-79
2026-10-03 17:18:01,316 INFO o.a.j.t.JMeterThread: Thread started: S2 1-80
2026-10-03 17:18:01,334 INFO o.a.j.t.JMeterThread: Thread started: S2 1-81
2026-10-03 17:18:01,336 INFO o.a.j.t.JMeterThread: Thread started: S2 1-82
2026-10-03 17:18:01,346 INFO o.a.j.t.JMeterThread: Thread started: S2 1-83
2026-10-03 17:18:01,357 INFO o.a.j.t.JMeterThread: Thread started: S2 1-84
2026-10-03 17:18:01,367 INFO o.a.j.t.JMeterThread: Thread started: S2 1-85
2026-10-03 17:18:01,376 INFO o.a.j.t.JMeterThread: Thread started: S2 1-86
2026-10-03 17:18:01,386 INFO o.a.j.t.JMeterThread: Thread started: S2 1-87
2026-10-03 17:18:01,396 INFO o.a.j.t.JMeterThread: Thread started: S2 1-88
2026-10-03 17:18:01,406 INFO o.a.j.t.JMeterThread: Thread started: S2 1-89
2026-10-03 17:18:01,416 INFO o.a.j.t.JMeterThread: Thread started: S2 1-90
2026-10-03 17:18:01,427 INFO o.a.j.t.JMeterThread: Thread started: S2 1-91
2026-10-03 17:18:01,443 INFO o.a.j.t.JMeterThread: Thread started: S2 1-92
2026-10-03 17:18:01,451 INFO o.a.j.t.JMeterThread: Thread started: S2 1-93
2026-10-03 17:18:01,457 INFO o.a.j.t.JMeterThread: Thread started: S2 1-94
2026-10-03 17:18:01,468 INFO o.a.j.t.JMeterThread: Thread started: S2 1-95
2026-10-03 17:18:01,477 INFO o.a.j.t.JMeterThread: Thread started: S2 1-96
2026-10-03 17:18:01,486 INFO o.a.j.t.JMeterThread: Thread started: S2 1-97
2026-10-03 17:18:01,496 INFO o.a.j.t.JMeterThread: Thread started: S2 1-98
2026-10-03 17:18:01,507 INFO o.a.j.t.JMeterThread: Thread started: S2 1-99
2026-10-03 17:18:01,516 INFO o.a.j.t.JMeterThread: Thread started: S2 1-100
2026-10-03 17:18:01,526 INFO o.a.j.t.JMeterThread: Thread started: S2 1-101
2026-10-03 17:18:01,543 INFO o.a.j.t.JMeterThread: Thread started: S2 1-102
2026-10-03 17:18:01,556 INFO o.a.j.t.JMeterThread: Thread started: S2 1-104
2026-10-03 17:18:01,558 INFO o.a.j.t.JMeterThread: Thread started: S2 1-103
2026-10-03 17:18:01,567 INFO o.a.j.t.JMeterThread: Thread started: S2 1-105
2026-10-03 17:18:01,576 INFO o.a.j.t.JMeterThread: Thread started: S2 1-106
2026-10-03 17:18:01,587 INFO o.a.j.t.JMeterThread: Thread started: S2 1-107
2026-10-03 17:18:01,596 INFO o.a.j.t.JMeterThread: Thread started: S2 1-108
2026-10-03 17:18:01,607 INFO o.a.j.t.JMeterThread: Thread started: S2 1-109
2026-10-03 17:18:01,616 INFO o.a.j.t.JMeterThread: Thread started: S2 1-110
2026-10-03 17:18:01,626 INFO o.a.j.t.JMeterThread: Thread started: S2 1-111
2026-10-03 17:18:01,639 INFO o.a.j.t.JMeterThread: Thread started: S2 1-112
2026-10-03 17:18:01,646 INFO o.a.j.t.JMeterThread: Thread started: S2 1-113
2026-10-03 17:18:01,659 INFO o.a.j.t.JMeterThread: Thread started: S2 1-114
2026-10-03 17:18:01,667 INFO o.a.j.t.JMeterThread: Thread started: S2 1-115
2026-10-03 17:18:01,676 INFO o.a.j.t.JMeterThread: Thread started: S2 1-116
2026-10-03 17:18:01,687 INFO o.a.j.t.JMeterThread: Thread started: S2 1-117
2026-10-03 17:18:01,697 INFO o.a.j.t.JMeterThread: Thread started: S2 1-118
2026-10-03 17:18:01,707 INFO o.a.j.t.JMeterThread: Thread started: S2 1-119
2026-10-03 17:18:01,717 INFO o.a.j.t.JMeterThread: Thread started: S2 1-120
2026-10-03 17:18:01,731 INFO o.a.j.t.JMeterThread: Thread started: S2 1-121
2026-10-03 17:18:01,737 INFO o.a.j.t.JMeterThread: Thread started: S2 1-122
2026-10-03 17:18:01,749 INFO o.a.j.t.JMeterThread: Thread started: S2 1-123
2026-10-03 17:18:01,758 INFO o.a.j.t.JMeterThread: Thread started: S2 1-124
2026-10-03 17:18:01,767 INFO o.a.j.t.JMeterThread: Thread started: S2 1-125
2026-10-03 17:18:01,778 INFO o.a.j.t.JMeterThread: Thread started: S2 1-126
2026-10-03 17:18:01,791 INFO o.a.j.t.JMeterThread: Thread started: S2 1-127
2026-10-03 17:18:01,797 INFO o.a.j.t.JMeterThread: Thread started: S2 1-128
2026-10-03 17:18:01,806 INFO o.a.j.t.JMeterThread: Thread started: S2 1-129
2026-10-03 17:18:01,816 INFO o.a.j.t.JMeterThread: Thread started: S2 1-130
2026-10-03 17:18:01,827 INFO o.a.j.t.JMeterThread: Thread started: S2 1-131
2026-10-03 17:18:01,839 INFO o.a.j.t.JMeterThread: Thread started: S2 1-132
2026-10-03 17:18:01,849 INFO o.a.j.t.JMeterThread: Thread started: S2 1-133
2026-10-03 17:18:01,859 INFO o.a.j.t.JMeterThread: Thread started: S2 1-134
2026-10-03 17:18:01,867 INFO o.a.j.t.JMeterThread: Thread started: S2 1-135
2026-10-03 17:18:01,880 INFO o.a.j.t.JMeterThread: Thread started: S2 1-136
2026-10-03 17:18:01,886 INFO o.a.j.t.JMeterThread: Thread started: S2 1-137
2026-10-03 17:18:01,896 INFO o.a.j.t.JMeterThread: Thread started: S2 1-138
2026-10-03 17:18:01,906 INFO o.a.j.t.JMeterThread: Thread started: S2 1-139
2026-10-03 17:18:01,917 INFO o.a.j.t.JMeterThread: Thread started: S2 1-140
2026-10-03 17:18:01,927 INFO o.a.j.t.JMeterThread: Thread started: S2 1-141
2026-10-03 17:18:01,937 INFO o.a.j.t.JMeterThread: Thread started: S2 1-142
2026-10-03 17:18:01,946 INFO o.a.j.t.JMeterThread: Thread started: S2 1-143
2026-10-03 17:18:01,956 INFO o.a.j.t.JMeterThread: Thread started: S2 1-144
2026-10-03 17:18:01,968 INFO o.a.j.t.JMeterThread: Thread started: S2 1-145
2026-10-03 17:18:01,976 INFO o.a.j.t.JMeterThread: Thread started: S2 1-146
2026-10-03 17:18:01,986 INFO o.a.j.t.JMeterThread: Thread started: S2 1-147
2026-10-03 17:18:01,996 INFO o.a.j.t.JMeterThread: Thread started: S2 1-148
2026-10-03 17:18:02,007 INFO o.a.j.t.JMeterThread: Thread started: S2 1-149
2026-10-03 17:18:02,016 INFO o.a.j.t.JMeterThread: Thread started: S2 1-150
2026-10-03 17:18:02,027 INFO o.a.j.t.JMeterThread: Thread started: S2 1-151
2026-10-03 17:18:02,039 INFO o.a.j.t.JMeterThread: Thread started: S2 1-152
2026-10-03 17:18:02,052 INFO o.a.j.t.JMeterThread: Thread started: S2 1-153
2026-10-03 17:18:02,057 INFO o.a.j.t.JMeterThread: Thread started: S2 1-154
2026-10-03 17:18:02,069 INFO o.a.j.t.JMeterThread: Thread started: S2 1-155
2026-10-03 17:18:02,076 INFO o.a.j.t.JMeterThread: Thread started: S2 1-156
2026-10-03 17:18:02,088 INFO o.a.j.t.JMeterThread: Thread started: S2 1-157
2026-10-03 17:18:02,098 INFO o.a.j.t.JMeterThread: Thread started: S2 1-158
2026-10-03 17:18:02,113 INFO o.a.j.t.JMeterThread: Thread started: S2 1-159
2026-10-03 17:18:02,122 INFO o.a.j.t.JMeterThread: Thread started: S2 1-160
2026-10-03 17:18:02,129 INFO o.a.j.t.JMeterThread: Thread started: S2 1-161
2026-10-03 17:18:02,142 INFO o.a.j.t.JMeterThread: Thread started: S2 1-162
2026-10-03 17:18:02,149 INFO o.a.j.t.JMeterThread: Thread started: S2 1-163
2026-10-03 17:18:02,160 INFO o.a.j.t.JMeterThread: Thread started: S2 1-164
2026-10-03 17:18:02,167 INFO o.a.j.t.JMeterThread: Thread started: S2 1-165
2026-10-03 17:18:02,176 INFO o.a.j.t.JMeterThread: Thread started: S2 1-166
2026-10-03 17:18:02,187 INFO o.a.j.t.JMeterThread: Thread started: S2 1-167
2026-10-03 17:18:02,197 INFO o.a.j.t.JMeterThread: Thread started: S2 1-168
2026-10-03 17:18:02,206 INFO o.a.j.t.JMeterThread: Thread started: S2 1-169
2026-10-03 17:18:02,216 INFO o.a.j.t.JMeterThread: Thread started: S2 1-170
2026-10-03 17:18:02,227 INFO o.a.j.t.JMeterThread: Thread started: S2 1-171
2026-10-03 17:18:02,237 INFO o.a.j.t.JMeterThread: Thread started: S2 1-172
2026-10-03 17:18:02,249 INFO o.a.j.t.JMeterThread: Thread started: S2 1-173
2026-10-03 17:18:02,256 INFO o.a.j.t.JMeterThread: Thread started: S2 1-174
2026-10-03 17:18:02,266 INFO o.a.j.t.JMeterThread: Thread started: S2 1-175
2026-10-03 17:18:02,276 INFO o.a.j.t.JMeterThread: Thread started: S2 1-176
2026-10-03 17:18:02,286 INFO o.a.j.t.JMeterThread: Thread started: S2 1-177
2026-10-03 17:18:02,296 INFO o.a.j.t.JMeterThread: Thread started: S2 1-178
2026-10-03 17:18:02,306 INFO o.a.j.t.JMeterThread: Thread started: S2 1-179
2026-10-03 17:18:02,316 INFO o.a.j.t.JMeterThread: Thread started: S2 1-180
2026-10-03 17:18:02,326 INFO o.a.j.t.JMeterThread: Thread started: S2 1-181
2026-10-03 17:18:02,336 INFO o.a.j.t.JMeterThread: Thread started: S2 1-182
2026-10-03 17:18:02,346 INFO o.a.j.t.JMeterThread: Thread started: S2 1-183
2026-10-03 17:18:02,357 INFO o.a.j.t.JMeterThread: Thread started: S2 1-184
2026-10-03 17:18:02,366 INFO o.a.j.t.JMeterThread: Thread started: S2 1-185
2026-10-03 17:18:02,375 INFO o.a.j.t.JMeterThread: Thread started: S2 1-186
2026-10-03 17:18:02,386 INFO o.a.j.t.JMeterThread: Thread started: S2 1-187
2026-10-03 17:18:02,396 INFO o.a.j.t.JMeterThread: Thread started: S2 1-188
2026-10-03 17:18:02,405 INFO o.a.j.t.JMeterThread: Thread started: S2 1-189
2026-10-03 17:18:02,416 INFO o.a.j.t.JMeterThread: Thread started: S2 1-190
2026-10-03 17:18:02,426 INFO o.a.j.t.JMeterThread: Thread started: S2 1-191
2026-10-03 17:18:02,439 INFO o.a.j.t.JMeterThread: Thread started: S2 1-192
2026-10-03 17:18:02,446 INFO o.a.j.t.JMeterThread: Thread started: S2 1-193
2026-10-03 17:18:02,456 INFO o.a.j.t.JMeterThread: Thread started: S2 1-194
2026-10-03 17:18:02,465 INFO o.a.j.t.JMeterThread: Thread started: S2 1-195
2026-10-03 17:18:02,476 INFO o.a.j.t.JMeterThread: Thread started: S2 1-196
2026-10-03 17:18:02,486 INFO o.a.j.t.JMeterThread: Thread started: S2 1-197
2026-10-03 17:18:02,495 INFO o.a.j.t.JMeterThread: Thread started: S2 1-198
2026-10-03 17:18:02,506 INFO o.a.j.t.JMeterThread: Thread started: S2 1-199
2026-10-03 17:18:02,521 INFO o.a.j.t.JMeterThread: Thread started: S2 1-200
2026-10-03 17:18:02,531 INFO o.a.j.t.JMeterThread: Thread started: S2 1-201
2026-10-03 17:18:02,539 INFO o.a.j.t.JMeterThread: Thread started: S2 1-202
2026-10-03 17:18:02,546 INFO o.a.j.t.JMeterThread: Thread started: S2 1-203
2026-10-03 17:18:02,555 INFO o.a.j.t.JMeterThread: Thread started: S2 1-204
2026-10-03 17:18:02,565 INFO o.a.j.t.JMeterThread: Thread started: S2 1-205
2026-10-03 17:18:02,576 INFO o.a.j.t.JMeterThread: Thread started: S2 1-206
2026-10-03 17:18:02,585 INFO o.a.j.t.JMeterThread: Thread started: S2 1-207
2026-10-03 17:18:02,596 INFO o.a.j.t.JMeterThread: Thread started: S2 1-208
2026-10-03 17:18:02,606 INFO o.a.j.t.JMeterThread: Thread started: S2 1-209
2026-10-03 17:18:02,616 INFO o.a.j.t.JMeterThread: Thread started: S2 1-210
2026-10-03 17:18:02,627 INFO o.a.j.t.JMeterThread: Thread started: S2 1-211
2026-10-03 17:18:02,635 INFO o.a.j.t.JMeterThread: Thread started: S2 1-212
2026-10-03 17:18:02,650 INFO o.a.j.t.JMeterThread: Thread started: S2 1-213
2026-10-03 17:18:02,665 INFO o.a.j.t.JMeterThread: Thread started: S2 1-214
2026-10-03 17:18:02,676 INFO o.a.j.t.JMeterThread: Thread started: S2 1-215
2026-10-03 17:18:02,678 INFO o.a.j.t.JMeterThread: Thread started: S2 1-216
2026-10-03 17:18:02,694 INFO o.a.j.t.JMeterThread: Thread started: S2 1-217
2026-10-03 17:18:02,697 INFO o.a.j.t.JMeterThread: Thread started: S2 1-218
2026-10-03 17:18:02,707 INFO o.a.j.t.JMeterThread: Thread started: S2 1-219
2026-10-03 17:18:02,717 INFO o.a.j.t.JMeterThread: Thread started: S2 1-220
2026-10-03 17:18:02,726 INFO o.a.j.t.JMeterThread: Thread started: S2 1-221
2026-10-03 17:18:02,736 INFO o.a.j.t.JMeterThread: Thread started: S2 1-222
2026-10-03 17:18:02,752 INFO o.a.j.t.JMeterThread: Thread started: S2 1-223
2026-10-03 17:18:02,757 INFO o.a.j.t.JMeterThread: Thread started: S2 1-224
2026-10-03 17:18:02,767 INFO o.a.j.t.JMeterThread: Thread started: S2 1-225
2026-10-03 17:18:02,787 INFO o.a.j.t.JMeterThread: Thread started: S2 1-226
2026-10-03 17:18:02,787 INFO o.a.j.t.JMeterThread: Thread started: S2 1-227
2026-10-03 17:18:02,797 INFO o.a.j.t.JMeterThread: Thread started: S2 1-228
2026-10-03 17:18:02,806 INFO o.a.j.t.JMeterThread: Thread started: S2 1-229
2026-10-03 17:18:02,816 INFO o.a.j.t.JMeterThread: Thread started: S2 1-230
2026-10-03 17:18:02,826 INFO o.a.j.t.JMeterThread: Thread started: S2 1-231
2026-10-03 17:18:02,836 INFO o.a.j.t.JMeterThread: Thread started: S2 1-232
2026-10-03 17:18:02,846 INFO o.a.j.t.JMeterThread: Thread started: S2 1-233
2026-10-03 17:18:02,856 INFO o.a.j.t.JMeterThread: Thread started: S2 1-234
2026-10-03 17:18:02,866 INFO o.a.j.t.JMeterThread: Thread started: S2 1-235
2026-10-03 17:18:02,876 INFO o.a.j.t.JMeterThread: Thread started: S2 1-236
2026-10-03 17:18:02,886 INFO o.a.j.t.JMeterThread: Thread started: S2 1-237
2026-10-03 17:18:02,895 INFO o.a.j.t.JMeterThread: Thread started: S2 1-238
2026-10-03 17:18:02,906 INFO o.a.j.t.JMeterThread: Thread started: S2 1-239
2026-10-03 17:18:02,915 INFO o.a.j.t.JMeterThread: Thread started: S2 1-240
2026-10-03 17:18:02,925 INFO o.a.j.t.JMeterThread: Thread started: S2 1-241
2026-10-03 17:18:02,936 INFO o.a.j.t.JMeterThread: Thread started: S2 1-242
2026-10-03 17:18:02,955 INFO o.a.j.t.JMeterThread: Thread started: S2 1-243
2026-10-03 17:18:02,957 INFO o.a.j.t.JMeterThread: Thread started: S2 1-244
2026-10-03 17:18:02,966 INFO o.a.j.t.JMeterThread: Thread started: S2 1-245
2026-10-03 17:18:02,975 INFO o.a.j.t.JMeterThread: Thread started: S2 1-246
2026-10-03 17:18:02,985 INFO o.a.j.t.JMeterThread: Thread started: S2 1-247
2026-10-03 17:18:02,996 INFO o.a.j.t.JMeterThread: Thread started: S2 1-248
2026-10-03 17:18:03,005 INFO o.a.j.t.JMeterThread: Thread started: S2 1-249
2026-10-03 17:18:03,015 INFO o.a.j.t.JMeterThread: Thread started: S2 1-250
2026-10-03 17:18:03,026 INFO o.a.j.t.JMeterThread: Thread started: S2 1-251
2026-10-03 17:18:03,036 INFO o.a.j.t.JMeterThread: Thread started: S2 1-252
2026-10-03 17:18:03,045 INFO o.a.j.t.JMeterThread: Thread started: S2 1-253
2026-10-03 17:18:03,056 INFO o.a.j.t.JMeterThread: Thread started: S2 1-254
2026-10-03 17:18:03,065 INFO o.a.j.t.JMeterThread: Thread started: S2 1-255
2026-10-03 17:18:03,076 INFO o.a.j.t.JMeterThread: Thread started: S2 1-256
2026-10-03 17:18:03,086 INFO o.a.j.t.JMeterThread: Thread started: S2 1-257
2026-10-03 17:18:03,095 INFO o.a.j.t.JMeterThread: Thread started: S2 1-258
2026-10-03 17:18:03,106 INFO o.a.j.t.JMeterThread: Thread started: S2 1-259
2026-10-03 17:18:03,116 INFO o.a.j.t.JMeterThread: Thread started: S2 1-260
2026-10-03 17:18:03,126 INFO o.a.j.t.JMeterThread: Thread started: S2 1-261
2026-10-03 17:18:03,136 INFO o.a.j.t.JMeterThread: Thread started: S2 1-262
2026-10-03 17:18:03,147 INFO o.a.j.t.JMeterThread: Thread started: S2 1-263
2026-10-03 17:18:03,156 INFO o.a.j.t.JMeterThread: Thread started: S2 1-264
2026-10-03 17:18:03,165 INFO o.a.j.t.JMeterThread: Thread started: S2 1-265
2026-10-03 17:18:03,176 INFO o.a.j.t.JMeterThread: Thread started: S2 1-266
2026-10-03 17:18:03,186 INFO o.a.j.t.JMeterThread: Thread started: S2 1-267
2026-10-03 17:18:03,195 INFO o.a.j.t.JMeterThread: Thread started: S2 1-268
2026-10-03 17:18:03,206 INFO o.a.j.t.JMeterThread: Thread started: S2 1-269
2026-10-03 17:18:03,216 INFO o.a.j.t.JMeterThread: Thread started: S2 1-270
2026-10-03 17:18:03,225 INFO o.a.j.t.JMeterThread: Thread started: S2 1-271
2026-10-03 17:18:03,236 INFO o.a.j.t.JMeterThread: Thread started: S2 1-272
2026-10-03 17:18:03,245 INFO o.a.j.t.JMeterThread: Thread started: S2 1-273
2026-10-03 17:18:03,256 INFO o.a.j.t.JMeterThread: Thread started: S2 1-274
2026-10-03 17:18:03,266 INFO o.a.j.t.JMeterThread: Thread started: S2 1-275
2026-10-03 17:18:03,276 INFO o.a.j.t.JMeterThread: Thread started: S2 1-276
2026-10-03 17:18:03,286 INFO o.a.j.t.JMeterThread: Thread started: S2 1-277
2026-10-03 17:18:03,296 INFO o.a.j.t.JMeterThread: Thread started: S2 1-278
2026-10-03 17:18:03,305 INFO o.a.j.t.JMeterThread: Thread started: S2 1-279
2026-10-03 17:18:03,316 INFO o.a.j.t.JMeterThread: Thread started: S2 1-280
2026-10-03 17:18:03,326 INFO o.a.j.t.JMeterThread: Thread started: S2 1-281
2026-10-03 17:18:03,336 INFO o.a.j.t.JMeterThread: Thread started: S2 1-282
2026-10-03 17:18:03,348 INFO o.a.j.t.JMeterThread: Thread started: S2 1-283
2026-10-03 17:18:03,356 INFO o.a.j.t.JMeterThread: Thread started: S2 1-284
2026-10-03 17:18:03,366 INFO o.a.j.t.JMeterThread: Thread started: S2 1-285
2026-10-03 17:18:03,376 INFO o.a.j.t.JMeterThread: Thread started: S2 1-286
2026-10-03 17:18:03,385 INFO o.a.j.t.JMeterThread: Thread started: S2 1-287
2026-10-03 17:18:03,395 INFO o.a.j.t.JMeterThread: Thread started: S2 1-288
2026-10-03 17:18:03,406 INFO o.a.j.t.JMeterThread: Thread started: S2 1-289
2026-10-03 17:18:03,415 INFO o.a.j.t.JMeterThread: Thread started: S2 1-290
2026-10-03 17:18:03,426 INFO o.a.j.t.JMeterThread: Thread started: S2 1-291
2026-10-03 17:18:03,439 INFO o.a.j.t.JMeterThread: Thread started: S2 1-292
2026-10-03 17:18:03,446 INFO o.a.j.t.JMeterThread: Thread started: S2 1-293
2026-10-03 17:18:03,455 INFO o.a.j.t.JMeterThread: Thread started: S2 1-294
2026-10-03 17:18:03,465 INFO o.a.j.t.JMeterThread: Thread started: S2 1-295
2026-10-03 17:18:03,476 INFO o.a.j.t.JMeterThread: Thread started: S2 1-296
2026-10-03 17:18:03,486 INFO o.a.j.t.JMeterThread: Thread started: S2 1-297
2026-10-03 17:18:03,496 INFO o.a.j.t.JMeterThread: Thread started: S2 1-298
2026-10-03 17:18:03,506 INFO o.a.j.t.JMeterThread: Thread started: S2 1-299
2026-10-03 17:18:03,516 INFO o.a.j.t.JMeterThread: Thread started: S2 1-300
2026-10-03 17:18:03,526 INFO o.a.j.t.JMeterThread: Thread started: S2 1-301
2026-10-03 17:18:03,535 INFO o.a.j.t.JMeterThread: Thread started: S2 1-302
2026-10-03 17:18:03,546 INFO o.a.j.t.JMeterThread: Thread started: S2 1-303
2026-10-03 17:18:03,555 INFO o.a.j.t.JMeterThread: Thread started: S2 1-304
2026-10-03 17:18:03,566 INFO o.a.j.t.JMeterThread: Thread started: S2 1-305
2026-10-03 17:18:03,576 INFO o.a.j.t.JMeterThread: Thread started: S2 1-306
2026-10-03 17:18:03,585 INFO o.a.j.t.JMeterThread: Thread started: S2 1-307
2026-10-03 17:18:03,595 INFO o.a.j.t.JMeterThread: Thread started: S2 1-308
2026-10-03 17:18:03,606 INFO o.a.j.t.JMeterThread: Thread started: S2 1-309
2026-10-03 17:18:03,615 INFO o.a.j.t.JMeterThread: Thread started: S2 1-310
2026-10-03 17:18:03,626 INFO o.a.j.t.JMeterThread: Thread started: S2 1-311
2026-10-03 17:18:03,635 INFO o.a.j.t.JMeterThread: Thread started: S2 1-312
2026-10-03 17:18:03,646 INFO o.a.j.t.JMeterThread: Thread started: S2 1-313
2026-10-03 17:18:03,655 INFO o.a.j.t.JMeterThread: Thread started: S2 1-314
2026-10-03 17:18:03,666 INFO o.a.j.t.JMeterThread: Thread started: S2 1-315
2026-10-03 17:18:03,676 INFO o.a.j.t.JMeterThread: Thread started: S2 1-316
2026-10-03 17:18:03,686 INFO o.a.j.t.JMeterThread: Thread started: S2 1-317
2026-10-03 17:18:03,695 INFO o.a.j.t.JMeterThread: Thread started: S2 1-318
2026-10-03 17:18:03,706 INFO o.a.j.t.JMeterThread: Thread started: S2 1-319
2026-10-03 17:18:03,716 INFO o.a.j.t.JMeterThread: Thread started: S2 1-320
2026-10-03 17:18:03,727 INFO o.a.j.t.JMeterThread: Thread started: S2 1-321
2026-10-03 17:18:03,735 INFO o.a.j.t.JMeterThread: Thread started: S2 1-322
2026-10-03 17:18:03,745 INFO o.a.j.t.JMeterThread: Thread started: S2 1-323
2026-10-03 17:18:03,756 INFO o.a.j.t.JMeterThread: Thread started: S2 1-324
2026-10-03 17:18:03,766 INFO o.a.j.t.JMeterThread: Thread started: S2 1-325
2026-10-03 17:18:03,775 INFO o.a.j.t.JMeterThread: Thread started: S2 1-326
2026-10-03 17:18:03,785 INFO o.a.j.t.JMeterThread: Thread started: S2 1-327
2026-10-03 17:18:03,796 INFO o.a.j.t.JMeterThread: Thread started: S2 1-328
2026-10-03 17:18:03,805 INFO o.a.j.t.JMeterThread: Thread started: S2 1-329
2026-10-03 17:18:03,815 INFO o.a.j.t.JMeterThread: Thread started: S2 1-330
2026-10-03 17:18:03,827 INFO o.a.j.t.JMeterThread: Thread started: S2 1-331
2026-10-03 17:18:03,836 INFO o.a.j.t.JMeterThread: Thread started: S2 1-332
2026-10-03 17:18:03,845 INFO o.a.j.t.JMeterThread: Thread started: S2 1-333
2026-10-03 17:18:03,858 INFO o.a.j.t.JMeterThread: Thread started: S2 1-334
2026-10-03 17:18:03,867 INFO o.a.j.t.JMeterThread: Thread started: S2 1-335
2026-10-03 17:18:03,876 INFO o.a.j.t.JMeterThread: Thread started: S2 1-336
2026-10-03 17:18:03,886 INFO o.a.j.t.JMeterThread: Thread started: S2 1-337
2026-10-03 17:18:03,896 INFO o.a.j.t.JMeterThread: Thread started: S2 1-338
2026-10-03 17:18:03,905 INFO o.a.j.t.JMeterThread: Thread started: S2 1-339
2026-10-03 17:18:03,915 INFO o.a.j.t.JMeterThread: Thread started: S2 1-340
2026-10-03 17:18:03,926 INFO o.a.j.t.JMeterThread: Thread started: S2 1-341
2026-10-03 17:18:03,935 INFO o.a.j.t.JMeterThread: Thread started: S2 1-342
2026-10-03 17:18:03,945 INFO o.a.j.t.JMeterThread: Thread started: S2 1-343
2026-10-03 17:18:03,956 INFO o.a.j.t.JMeterThread: Thread started: S2 1-344
2026-10-03 17:18:03,965 INFO o.a.j.t.JMeterThread: Thread started: S2 1-345
2026-10-03 17:18:03,975 INFO o.a.j.t.JMeterThread: Thread started: S2 1-346
2026-10-03 17:18:03,986 INFO o.a.j.t.JMeterThread: Thread started: S2 1-347
2026-10-03 17:18:03,996 INFO o.a.j.t.JMeterThread: Thread started: S2 1-348
2026-10-03 17:18:04,005 INFO o.a.j.t.JMeterThread: Thread started: S2 1-349
2026-10-03 17:18:04,015 INFO o.a.j.t.JMeterThread: Thread started: S2 1-350
2026-10-03 17:18:04,027 INFO o.a.j.t.JMeterThread: Thread started: S2 1-351
2026-10-03 17:18:04,039 INFO o.a.j.t.JMeterThread: Thread started: S2 1-352
2026-10-03 17:18:04,045 INFO o.a.j.t.JMeterThread: Thread started: S2 1-353
2026-10-03 17:18:04,059 INFO o.a.j.t.JMeterThread: Thread started: S2 1-354
2026-10-03 17:18:04,066 INFO o.a.j.t.JMeterThread: Thread started: S2 1-355
2026-10-03 17:18:04,076 INFO o.a.j.t.JMeterThread: Thread started: S2 1-356
2026-10-03 17:18:04,085 INFO o.a.j.t.JMeterThread: Thread started: S2 1-357
2026-10-03 17:18:04,096 INFO o.a.j.t.JMeterThread: Thread started: S2 1-358
2026-10-03 17:18:04,106 INFO o.a.j.t.JMeterThread: Thread started: S2 1-359
2026-10-03 17:18:04,116 INFO o.a.j.t.JMeterThread: Thread started: S2 1-360
2026-10-03 17:18:04,127 INFO o.a.j.t.JMeterThread: Thread started: S2 1-361
2026-10-03 17:18:04,137 INFO o.a.j.t.JMeterThread: Thread started: S2 1-362
2026-10-03 17:18:04,146 INFO o.a.j.t.JMeterThread: Thread started: S2 1-363
2026-10-03 17:18:04,155 INFO o.a.j.t.JMeterThread: Thread started: S2 1-364
2026-10-03 17:18:04,168 INFO o.a.j.t.JMeterThread: Thread started: S2 1-365
2026-10-03 17:18:04,181 INFO o.a.j.t.JMeterThread: Thread started: S2 1-366
2026-10-03 17:18:04,186 INFO o.a.j.t.JMeterThread: Thread started: S2 1-367
2026-10-03 17:18:04,198 INFO o.a.j.t.JMeterThread: Thread started: S2 1-368
2026-10-03 17:18:04,207 INFO o.a.j.t.JMeterThread: Thread started: S2 1-369
2026-10-03 17:18:04,215 INFO o.a.j.t.JMeterThread: Thread started: S2 1-370
2026-10-03 17:18:04,226 INFO o.a.j.t.JMeterThread: Thread started: S2 1-371
2026-10-03 17:18:04,239 INFO o.a.j.t.JMeterThread: Thread started: S2 1-372
2026-10-03 17:18:04,246 INFO o.a.j.t.JMeterThread: Thread started: S2 1-373
2026-10-03 17:18:04,257 INFO o.a.j.t.JMeterThread: Thread started: S2 1-374
2026-10-03 17:18:04,266 INFO o.a.j.t.JMeterThread: Thread started: S2 1-375
2026-10-03 17:18:04,276 INFO o.a.j.t.JMeterThread: Thread started: S2 1-376
2026-10-03 17:18:04,287 INFO o.a.j.t.JMeterThread: Thread started: S2 1-377
2026-10-03 17:18:04,297 INFO o.a.j.t.JMeterThread: Thread started: S2 1-378
2026-10-03 17:18:04,306 INFO o.a.j.t.JMeterThread: Thread started: S2 1-379
2026-10-03 17:18:04,316 INFO o.a.j.t.JMeterThread: Thread started: S2 1-380
2026-10-03 17:18:04,327 INFO o.a.j.t.JMeterThread: Thread started: S2 1-381
2026-10-03 17:18:04,337 INFO o.a.j.t.JMeterThread: Thread started: S2 1-382
2026-10-03 17:18:04,364 INFO o.a.j.t.JMeterThread: Thread started: S2 1-384
2026-10-03 17:18:04,367 INFO o.a.j.t.JMeterThread: Thread started: S2 1-385
2026-10-03 17:18:04,373 INFO o.a.j.t.JMeterThread: Thread started: S2 1-383
2026-10-03 17:18:04,377 INFO o.a.j.t.JMeterThread: Thread started: S2 1-386
2026-10-03 17:18:04,388 INFO o.a.j.t.JMeterThread: Thread started: S2 1-387
2026-10-03 17:18:04,396 INFO o.a.j.t.JMeterThread: Thread started: S2 1-388
2026-10-03 17:18:04,406 INFO o.a.j.t.JMeterThread: Thread started: S2 1-389
2026-10-03 17:18:04,415 INFO o.a.j.t.JMeterThread: Thread started: S2 1-390
2026-10-03 17:18:04,428 INFO o.a.j.t.JMeterThread: Thread started: S2 1-391
2026-10-03 17:18:04,436 INFO o.a.j.t.JMeterThread: Thread started: S2 1-392
2026-10-03 17:18:04,446 INFO o.a.j.t.JMeterThread: Thread started: S2 1-393
2026-10-03 17:18:04,457 INFO o.a.j.t.JMeterThread: Thread started: S2 1-394
2026-10-03 17:18:04,466 INFO o.a.j.t.JMeterThread: Thread started: S2 1-395
2026-10-03 17:18:04,475 INFO o.a.j.t.JMeterThread: Thread started: S2 1-396
2026-10-03 17:18:04,485 INFO o.a.j.t.JMeterThread: Thread started: S2 1-397
2026-10-03 17:18:04,496 INFO o.a.j.t.JMeterThread: Thread started: S2 1-398
2026-10-03 17:18:04,505 INFO o.a.j.t.JMeterThread: Thread started: S2 1-399
2026-10-03 17:18:04,515 INFO o.a.j.t.JMeterThread: Thread started: S2 1-400
2026-10-03 17:18:04,527 INFO o.a.j.t.JMeterThread: Thread started: S2 1-401
2026-10-03 17:18:04,539 INFO o.a.j.t.JMeterThread: Thread started: S2 1-402
2026-10-03 17:18:04,545 INFO o.a.j.t.JMeterThread: Thread started: S2 1-403
2026-10-03 17:18:04,556 INFO o.a.j.t.JMeterThread: Thread started: S2 1-404
2026-10-03 17:18:04,566 INFO o.a.j.t.JMeterThread: Thread started: S2 1-405
2026-10-03 17:18:04,575 INFO o.a.j.t.JMeterThread: Thread started: S2 1-406
2026-10-03 17:18:04,586 INFO o.a.j.t.JMeterThread: Thread started: S2 1-407
2026-10-03 17:18:04,595 INFO o.a.j.t.JMeterThread: Thread started: S2 1-408
2026-10-03 17:18:04,605 INFO o.a.j.t.JMeterThread: Thread started: S2 1-409
2026-10-03 17:18:04,616 INFO o.a.j.t.JMeterThread: Thread started: S2 1-410
2026-10-03 17:18:04,628 INFO o.a.j.t.JMeterThread: Thread started: S2 1-411
2026-10-03 17:18:04,636 INFO o.a.j.t.JMeterThread: Thread started: S2 1-412
2026-10-03 17:18:04,647 INFO o.a.j.t.JMeterThread: Thread started: S2 1-413
2026-10-03 17:18:04,656 INFO o.a.j.t.JMeterThread: Thread started: S2 1-414
2026-10-03 17:18:04,666 INFO o.a.j.t.JMeterThread: Thread started: S2 1-415
2026-10-03 17:18:04,675 INFO o.a.j.t.JMeterThread: Thread started: S2 1-416
2026-10-03 17:18:04,686 INFO o.a.j.t.JMeterThread: Thread started: S2 1-417
2026-10-03 17:18:04,696 INFO o.a.j.t.JMeterThread: Thread started: S2 1-418
2026-10-03 17:18:04,705 INFO o.a.j.t.JMeterThread: Thread started: S2 1-419
2026-10-03 17:18:04,716 INFO o.a.j.t.JMeterThread: Thread started: S2 1-420
2026-10-03 17:18:04,726 INFO o.a.j.t.JMeterThread: Thread started: S2 1-421
2026-10-03 17:18:04,735 INFO o.a.j.t.JMeterThread: Thread started: S2 1-422
2026-10-03 17:18:04,746 INFO o.a.j.t.JMeterThread: Thread started: S2 1-423
2026-10-03 17:18:04,756 INFO o.a.j.t.JMeterThread: Thread started: S2 1-424
2026-10-03 17:18:04,765 INFO o.a.j.t.JMeterThread: Thread started: S2 1-425
2026-10-03 17:18:04,776 INFO o.a.j.t.JMeterThread: Thread started: S2 1-426
2026-10-03 17:18:04,785 INFO o.a.j.t.JMeterThread: Thread started: S2 1-427
2026-10-03 17:18:04,795 INFO o.a.j.t.JMeterThread: Thread started: S2 1-428
2026-10-03 17:18:04,805 INFO o.a.j.t.JMeterThread: Thread started: S2 1-429
2026-10-03 17:18:04,816 INFO o.a.j.t.JMeterThread: Thread started: S2 1-430
2026-10-03 17:18:04,827 INFO o.a.j.t.JMeterThread: Thread started: S2 1-431
2026-10-03 17:18:04,835 INFO o.a.j.t.JMeterThread: Thread started: S2 1-432
2026-10-03 17:18:04,846 INFO o.a.j.t.JMeterThread: Thread started: S2 1-433
2026-10-03 17:18:04,856 INFO o.a.j.t.JMeterThread: Thread started: S2 1-434
2026-10-03 17:18:04,866 INFO o.a.j.t.JMeterThread: Thread started: S2 1-435
2026-10-03 17:18:04,875 INFO o.a.j.t.JMeterThread: Thread started: S2 1-436
2026-10-03 17:18:04,886 INFO o.a.j.t.JMeterThread: Thread started: S2 1-437
2026-10-03 17:18:04,896 INFO o.a.j.t.JMeterThread: Thread started: S2 1-438
2026-10-03 17:18:04,905 INFO o.a.j.t.JMeterThread: Thread started: S2 1-439
2026-10-03 17:18:04,915 INFO o.a.j.t.JMeterThread: Thread started: S2 1-440
2026-10-03 17:18:04,927 INFO o.a.j.t.JMeterThread: Thread started: S2 1-441
2026-10-03 17:18:04,939 INFO o.a.j.t.JMeterThread: Thread started: S2 1-442
2026-10-03 17:18:04,945 INFO o.a.j.t.JMeterThread: Thread started: S2 1-443
2026-10-03 17:18:04,956 INFO o.a.j.t.JMeterThread: Thread started: S2 1-444
2026-10-03 17:18:04,965 INFO o.a.j.t.JMeterThread: Thread started: S2 1-445
2026-10-03 17:18:04,975 INFO o.a.j.t.JMeterThread: Thread started: S2 1-446
2026-10-03 17:18:04,986 INFO o.a.j.t.JMeterThread: Thread started: S2 1-447
2026-10-03 17:18:04,996 INFO o.a.j.t.JMeterThread: Thread started: S2 1-448
2026-10-03 17:18:05,005 INFO o.a.j.t.JMeterThread: Thread started: S2 1-449
2026-10-03 17:18:05,016 INFO o.a.j.t.JMeterThread: Thread started: S2 1-450
2026-10-03 17:18:05,028 INFO o.a.j.t.JMeterThread: Thread started: S2 1-451
2026-10-03 17:18:05,036 INFO o.a.j.t.JMeterThread: Thread started: S2 1-452
2026-10-03 17:18:05,045 INFO o.a.j.t.JMeterThread: Thread started: S2 1-453
2026-10-03 17:18:05,056 INFO o.a.j.t.JMeterThread: Thread started: S2 1-454
2026-10-03 17:18:05,065 INFO o.a.j.t.JMeterThread: Thread started: S2 1-455
2026-10-03 17:18:05,076 INFO o.a.j.t.JMeterThread: Thread started: S2 1-456
2026-10-03 17:18:05,085 INFO o.a.j.t.JMeterThread: Thread started: S2 1-457
2026-10-03 17:18:05,096 INFO o.a.j.t.JMeterThread: Thread started: S2 1-458
2026-10-03 17:18:05,106 INFO o.a.j.t.JMeterThread: Thread started: S2 1-459
2026-10-03 17:18:05,115 INFO o.a.j.t.JMeterThread: Thread started: S2 1-460
2026-10-03 17:18:05,126 INFO o.a.j.t.JMeterThread: Thread started: S2 1-461
2026-10-03 17:18:05,136 INFO o.a.j.t.JMeterThread: Thread started: S2 1-462
2026-10-03 17:18:05,146 INFO o.a.j.t.JMeterThread: Thread started: S2 1-463
2026-10-03 17:18:05,155 INFO o.a.j.t.JMeterThread: Thread started: S2 1-464
2026-10-03 17:18:05,166 INFO o.a.j.t.JMeterThread: Thread started: S2 1-465
2026-10-03 17:18:05,176 INFO o.a.j.t.JMeterThread: Thread started: S2 1-466
2026-10-03 17:18:05,185 INFO o.a.j.t.JMeterThread: Thread started: S2 1-467
2026-10-03 17:18:05,196 INFO o.a.j.t.JMeterThread: Thread started: S2 1-468
2026-10-03 17:18:05,206 INFO o.a.j.t.JMeterThread: Thread started: S2 1-469
2026-10-03 17:18:05,215 INFO o.a.j.t.JMeterThread: Thread started: S2 1-470
2026-10-03 17:18:05,225 INFO o.a.j.t.JMeterThread: Thread started: S2 1-471
2026-10-03 17:18:05,240 INFO o.a.j.t.JMeterThread: Thread started: S2 1-472
2026-10-03 17:18:05,248 INFO o.a.j.t.JMeterThread: Thread started: S2 1-473
2026-10-03 17:18:05,255 INFO o.a.j.t.JMeterThread: Thread started: S2 1-474
2026-10-03 17:18:05,266 INFO o.a.j.t.JMeterThread: Thread started: S2 1-475
2026-10-03 17:18:05,277 INFO o.a.j.t.JMeterThread: Thread started: S2 1-476
2026-10-03 17:18:05,285 INFO o.a.j.t.JMeterThread: Thread started: S2 1-477
2026-10-03 17:18:05,296 INFO o.a.j.t.JMeterThread: Thread started: S2 1-478
2026-10-03 17:18:05,306 INFO o.a.j.t.JMeterThread: Thread started: S2 1-479
2026-10-03 17:18:05,316 INFO o.a.j.t.JMeterThread: Thread started: S2 1-480
2026-10-03 17:18:05,327 INFO o.a.j.t.JMeterThread: Thread started: S2 1-481
2026-10-03 17:18:05,336 INFO o.a.j.t.JMeterThread: Thread started: S2 1-482
2026-10-03 17:18:05,346 INFO o.a.j.t.JMeterThread: Thread started: S2 1-483
2026-10-03 17:18:05,356 INFO o.a.j.t.JMeterThread: Thread started: S2 1-484
2026-10-03 17:18:05,365 INFO o.a.j.t.JMeterThread: Thread started: S2 1-485
2026-10-03 17:18:05,376 INFO o.a.j.t.JMeterThread: Thread started: S2 1-486
2026-10-03 17:18:05,385 INFO o.a.j.t.JMeterThread: Thread started: S2 1-487
2026-10-03 17:18:05,395 INFO o.a.j.t.JMeterThread: Thread started: S2 1-488
2026-10-03 17:18:05,406 INFO o.a.j.t.JMeterThread: Thread started: S2 1-489
2026-10-03 17:18:05,416 INFO o.a.j.t.JMeterThread: Thread started: S2 1-490
2026-10-03 17:18:05,426 INFO o.a.j.t.JMeterThread: Thread started: S2 1-491
2026-10-03 17:18:05,435 INFO o.a.j.t.JMeterThread: Thread started: S2 1-492
2026-10-03 17:18:05,446 INFO o.a.j.t.JMeterThread: Thread started: S2 1-493
2026-10-03 17:18:05,455 INFO o.a.j.t.JMeterThread: Thread started: S2 1-494
2026-10-03 17:18:05,465 INFO o.a.j.t.JMeterThread: Thread started: S2 1-495
2026-10-03 17:18:05,475 INFO o.a.j.t.JMeterThread: Thread started: S2 1-496
2026-10-03 17:18:05,486 INFO o.a.j.t.JMeterThread: Thread started: S2 1-497
2026-10-03 17:18:05,496 INFO o.a.j.t.JMeterThread: Thread started: S2 1-498
2026-10-03 17:18:05,505 INFO o.a.j.t.JMeterThread: Thread started: S2 1-499
2026-10-03 17:18:05,516 INFO o.a.j.t.JMeterThread: Thread started: S2 1-500
2026-10-03 17:18:05,527 INFO o.a.j.t.JMeterThread: Thread started: S2 1-501
2026-10-03 17:18:05,540 INFO o.a.j.t.JMeterThread: Thread started: S2 1-502
2026-10-03 17:18:05,545 INFO o.a.j.t.JMeterThread: Thread started: S2 1-503
2026-10-03 17:18:05,556 INFO o.a.j.t.JMeterThread: Thread started: S2 1-504
2026-10-03 17:18:05,566 INFO o.a.j.t.JMeterThread: Thread started: S2 1-505
2026-10-03 17:18:05,575 INFO o.a.j.t.JMeterThread: Thread started: S2 1-506
2026-10-03 17:18:05,585 INFO o.a.j.t.JMeterThread: Thread started: S2 1-507
2026-10-03 17:18:05,596 INFO o.a.j.t.JMeterThread: Thread started: S2 1-508
2026-10-03 17:18:05,606 INFO o.a.j.t.JMeterThread: Thread started: S2 1-509
2026-10-03 17:18:05,638 INFO o.a.j.t.JMeterThread: Thread started: S2 1-511
2026-10-03 17:18:05,643 INFO o.a.j.t.JMeterThread: Thread started: S2 1-512
2026-10-03 17:18:05,649 INFO o.a.j.t.JMeterThread: Thread started: S2 1-513
2026-10-03 17:18:05,654 INFO o.a.j.t.JMeterThread: Thread started: S2 1-510
2026-10-03 17:18:05,656 INFO o.a.j.t.JMeterThread: Thread started: S2 1-514
2026-10-03 17:18:05,666 INFO o.a.j.t.JMeterThread: Thread started: S2 1-515
2026-10-03 17:18:05,676 INFO o.a.j.t.JMeterThread: Thread started: S2 1-516
2026-10-03 17:18:05,687 INFO o.a.j.t.JMeterThread: Thread started: S2 1-517
2026-10-03 17:18:05,698 INFO o.a.j.t.JMeterThread: Thread started: S2 1-518
2026-10-03 17:18:05,706 INFO o.a.j.t.JMeterThread: Thread started: S2 1-519
2026-10-03 17:18:05,716 INFO o.a.j.t.JMeterThread: Thread started: S2 1-520
2026-10-03 17:18:05,725 INFO o.a.j.t.JMeterThread: Thread started: S2 1-521
2026-10-03 17:18:05,735 INFO o.a.j.t.JMeterThread: Thread started: S2 1-522
2026-10-03 17:18:05,746 INFO o.a.j.t.JMeterThread: Thread started: S2 1-523
2026-10-03 17:18:05,756 INFO o.a.j.t.JMeterThread: Thread started: S2 1-524
2026-10-03 17:18:05,766 INFO o.a.j.t.JMeterThread: Thread started: S2 1-525
2026-10-03 17:18:05,776 INFO o.a.j.t.JMeterThread: Thread started: S2 1-526
2026-10-03 17:18:05,785 INFO o.a.j.t.JMeterThread: Thread started: S2 1-527
2026-10-03 17:18:05,796 INFO o.a.j.t.JMeterThread: Thread started: S2 1-528
2026-10-03 17:18:05,805 INFO o.a.j.t.JMeterThread: Thread started: S2 1-529
2026-10-03 17:18:05,816 INFO o.a.j.t.JMeterThread: Thread started: S2 1-530
2026-10-03 17:18:05,827 INFO o.a.j.t.JMeterThread: Thread started: S2 1-531
2026-10-03 17:18:05,838 INFO o.a.j.t.JMeterThread: Thread started: S2 1-532
2026-10-03 17:18:05,846 INFO o.a.j.t.JMeterThread: Thread started: S2 1-533
2026-10-03 17:18:05,855 INFO o.a.j.t.JMeterThread: Thread started: S2 1-534
2026-10-03 17:18:05,866 INFO o.a.j.t.JMeterThread: Thread started: S2 1-535
2026-10-03 17:18:05,877 INFO o.a.j.t.JMeterThread: Thread started: S2 1-536
2026-10-03 17:18:05,885 INFO o.a.j.t.JMeterThread: Thread started: S2 1-537
2026-10-03 17:18:05,896 INFO o.a.j.t.JMeterThread: Thread started: S2 1-538
2026-10-03 17:18:05,907 INFO o.a.j.t.JMeterThread: Thread started: S2 1-539
2026-10-03 17:18:05,915 INFO o.a.j.t.JMeterThread: Thread started: S2 1-540
2026-10-03 17:18:05,930 INFO o.a.j.t.JMeterThread: Thread started: S2 1-541
2026-10-03 17:18:05,936 INFO o.a.j.t.JMeterThread: Thread started: S2 1-542
2026-10-03 17:18:05,947 INFO o.a.j.t.JMeterThread: Thread started: S2 1-543
2026-10-03 17:18:05,955 INFO o.a.j.t.JMeterThread: Thread started: S2 1-544
2026-10-03 17:18:05,966 INFO o.a.j.t.JMeterThread: Thread started: S2 1-545
2026-10-03 17:18:05,976 INFO o.a.j.t.JMeterThread: Thread started: S2 1-546
2026-10-03 17:18:05,985 INFO o.a.j.t.JMeterThread: Thread started: S2 1-547
2026-10-03 17:18:05,996 INFO o.a.j.t.JMeterThread: Thread started: S2 1-548
2026-10-03 17:18:06,005 INFO o.a.j.t.JMeterThread: Thread started: S2 1-549
2026-10-03 17:18:06,015 INFO o.a.j.t.JMeterThread: Thread started: S2 1-550
2026-10-03 17:18:06,026 INFO o.a.j.t.JMeterThread: Thread started: S2 1-551
2026-10-03 17:18:06,039 INFO o.a.j.t.JMeterThread: Thread started: S2 1-552
2026-10-03 17:18:06,045 INFO o.a.j.t.JMeterThread: Thread started: S2 1-553
2026-10-03 17:18:06,055 INFO o.a.j.t.JMeterThread: Thread started: S2 1-554
2026-10-03 17:18:06,066 INFO o.a.j.t.JMeterThread: Thread started: S2 1-555
2026-10-03 17:18:06,075 INFO o.a.j.t.JMeterThread: Thread started: S2 1-556
2026-10-03 17:18:06,085 INFO o.a.j.t.JMeterThread: Thread started: S2 1-557
2026-10-03 17:18:06,096 INFO o.a.j.t.JMeterThread: Thread started: S2 1-558
2026-10-03 17:18:06,106 INFO o.a.j.t.JMeterThread: Thread started: S2 1-559
2026-10-03 17:18:06,115 INFO o.a.j.t.JMeterThread: Thread started: S2 1-560
2026-10-03 17:18:06,127 INFO o.a.j.t.JMeterThread: Thread started: S2 1-561
2026-10-03 17:18:06,137 INFO o.a.j.t.JMeterThread: Thread started: S2 1-562
2026-10-03 17:18:06,147 INFO o.a.j.t.JMeterThread: Thread started: S2 1-563
2026-10-03 17:18:06,155 INFO o.a.j.t.JMeterThread: Thread started: S2 1-564
2026-10-03 17:18:06,166 INFO o.a.j.t.JMeterThread: Thread started: S2 1-565
2026-10-03 17:18:06,176 INFO o.a.j.t.JMeterThread: Thread started: S2 1-566
2026-10-03 17:18:06,185 INFO o.a.j.t.JMeterThread: Thread started: S2 1-567
2026-10-03 17:18:06,195 INFO o.a.j.t.JMeterThread: Thread started: S2 1-568
2026-10-03 17:18:06,206 INFO o.a.j.t.JMeterThread: Thread started: S2 1-569
2026-10-03 17:18:06,216 INFO o.a.j.t.JMeterThread: Thread started: S2 1-570
2026-10-03 17:18:06,225 INFO o.a.j.t.JMeterThread: Thread started: S2 1-571
2026-10-03 17:18:06,238 INFO o.a.j.t.JMeterThread: Thread started: S2 1-572
2026-10-03 17:18:06,246 INFO o.a.j.t.JMeterThread: Thread started: S2 1-573
2026-10-03 17:18:06,256 INFO o.a.j.t.JMeterThread: Thread started: S2 1-574
2026-10-03 17:18:06,265 INFO o.a.j.t.JMeterThread: Thread started: S2 1-575
2026-10-03 17:18:06,276 INFO o.a.j.t.JMeterThread: Thread started: S2 1-576
2026-10-03 17:18:06,285 INFO o.a.j.t.JMeterThread: Thread started: S2 1-577
2026-10-03 17:18:06,295 INFO o.a.j.t.JMeterThread: Thread started: S2 1-578
2026-10-03 17:18:06,306 INFO o.a.j.t.JMeterThread: Thread started: S2 1-579
2026-10-03 17:18:06,316 INFO o.a.j.t.JMeterThread: Thread started: S2 1-580
2026-10-03 17:18:06,325 INFO o.a.j.t.JMeterThread: Thread started: S2 1-581
2026-10-03 17:18:06,335 INFO o.a.j.t.JMeterThread: Thread started: S2 1-582
2026-10-03 17:18:06,347 INFO o.a.j.t.JMeterThread: Thread started: S2 1-583
2026-10-03 17:18:06,355 INFO o.a.j.t.JMeterThread: Thread started: S2 1-584
2026-10-03 17:18:06,365 INFO o.a.j.t.JMeterThread: Thread started: S2 1-585
2026-10-03 17:18:06,376 INFO o.a.j.t.JMeterThread: Thread started: S2 1-586
2026-10-03 17:18:06,386 INFO o.a.j.t.JMeterThread: Thread started: S2 1-587
2026-10-03 17:18:06,395 INFO o.a.j.t.JMeterThread: Thread started: S2 1-588
2026-10-03 17:18:06,406 INFO o.a.j.t.JMeterThread: Thread started: S2 1-589
2026-10-03 17:18:06,416 INFO o.a.j.t.JMeterThread: Thread started: S2 1-590
2026-10-03 17:18:06,426 INFO o.a.j.t.JMeterThread: Thread started: S2 1-591
2026-10-03 17:18:06,435 INFO o.a.j.t.JMeterThread: Thread started: S2 1-592
2026-10-03 17:18:06,447 INFO o.a.j.t.JMeterThread: Thread started: S2 1-593
2026-10-03 17:18:06,456 INFO o.a.j.t.JMeterThread: Thread started: S2 1-594
2026-10-03 17:18:06,465 INFO o.a.j.t.JMeterThread: Thread started: S2 1-595
2026-10-03 17:18:06,476 INFO o.a.j.t.JMeterThread: Thread started: S2 1-596
2026-10-03 17:18:06,486 INFO o.a.j.t.JMeterThread: Thread started: S2 1-597
2026-10-03 17:18:06,495 INFO o.a.j.t.JMeterThread: Thread started: S2 1-598
2026-10-03 17:18:06,505 INFO o.a.j.t.JMeterThread: Thread started: S2 1-599
2026-10-03 17:18:06,516 INFO o.a.j.t.JMeterThread: Thread started: S2 1-600
2026-10-03 17:18:06,527 INFO o.a.j.t.JMeterThread: Thread started: S2 1-601
2026-10-03 17:18:06,559 INFO o.a.j.t.JMeterThread: Thread started: S2 1-604
2026-10-03 17:18:06,560 INFO o.a.j.t.JMeterThread: Thread started: S2 1-602
2026-10-03 17:18:06,561 INFO o.a.j.t.JMeterThread: Thread started: S2 1-603
2026-10-03 17:18:06,566 INFO o.a.j.t.JMeterThread: Thread started: S2 1-605
2026-10-03 17:18:06,575 INFO o.a.j.t.JMeterThread: Thread started: S2 1-606
2026-10-03 17:18:06,586 INFO o.a.j.t.JMeterThread: Thread started: S2 1-607
2026-10-03 17:18:06,596 INFO o.a.j.t.JMeterThread: Thread started: S2 1-608
2026-10-03 17:18:06,605 INFO o.a.j.t.JMeterThread: Thread started: S2 1-609
2026-10-03 17:18:06,616 INFO o.a.j.t.JMeterThread: Thread started: S2 1-610
2026-10-03 17:18:06,628 INFO o.a.j.t.JMeterThread: Thread started: S2 1-611
2026-10-03 17:18:06,642 INFO o.a.j.t.JMeterThread: Thread started: S2 1-612
2026-10-03 17:18:06,645 INFO o.a.j.t.JMeterThread: Thread started: S2 1-613
2026-10-03 17:18:06,656 INFO o.a.j.t.JMeterThread: Thread started: S2 1-614
2026-10-03 17:18:06,666 INFO o.a.j.t.JMeterThread: Thread started: S2 1-615
2026-10-03 17:18:06,675 INFO o.a.j.t.JMeterThread: Thread started: S2 1-616
2026-10-03 17:18:06,686 INFO o.a.j.t.JMeterThread: Thread started: S2 1-617
2026-10-03 17:18:06,696 INFO o.a.j.t.JMeterThread: Thread started: S2 1-618
2026-10-03 17:18:06,705 INFO o.a.j.t.JMeterThread: Thread started: S2 1-619
2026-10-03 17:18:06,715 INFO o.a.j.t.JMeterThread: Thread started: S2 1-620
2026-10-03 17:18:06,728 INFO o.a.j.t.JMeterThread: Thread started: S2 1-621
2026-10-03 17:18:06,736 INFO o.a.j.t.JMeterThread: Thread started: S2 1-622
2026-10-03 17:18:06,745 INFO o.a.j.t.JMeterThread: Thread started: S2 1-623
2026-10-03 17:18:06,759 INFO o.a.j.t.JMeterThread: Thread started: S2 1-624
2026-10-03 17:18:06,766 INFO o.a.j.t.JMeterThread: Thread started: S2 1-625
2026-10-03 17:18:06,775 INFO o.a.j.t.JMeterThread: Thread started: S2 1-626
2026-10-03 17:18:06,785 INFO o.a.j.t.JMeterThread: Thread started: S2 1-627
2026-10-03 17:18:06,796 INFO o.a.j.t.JMeterThread: Thread started: S2 1-628
2026-10-03 17:18:06,806 INFO o.a.j.t.JMeterThread: Thread started: S2 1-629
2026-10-03 17:18:06,815 INFO o.a.j.t.JMeterThread: Thread started: S2 1-630
2026-10-03 17:18:06,830 INFO o.a.j.t.JMeterThread: Thread started: S2 1-631
2026-10-03 17:18:06,836 INFO o.a.j.t.JMeterThread: Thread started: S2 1-632
2026-10-03 17:18:06,845 INFO o.a.j.t.JMeterThread: Thread started: S2 1-633
2026-10-03 17:18:06,855 INFO o.a.j.t.JMeterThread: Thread started: S2 1-634
2026-10-03 17:18:06,865 INFO o.a.j.t.JMeterThread: Thread started: S2 1-635
2026-10-03 17:18:06,876 INFO o.a.j.t.JMeterThread: Thread started: S2 1-636
2026-10-03 17:18:06,886 INFO o.a.j.t.JMeterThread: Thread started: S2 1-637
2026-10-03 17:18:06,895 INFO o.a.j.t.JMeterThread: Thread started: S2 1-638
2026-10-03 17:18:06,906 INFO o.a.j.t.JMeterThread: Thread started: S2 1-639
2026-10-03 17:18:06,916 INFO o.a.j.t.JMeterThread: Thread started: S2 1-640
2026-10-03 17:18:06,925 INFO o.a.j.t.JMeterThread: Thread started: S2 1-641
2026-10-03 17:18:06,935 INFO o.a.j.t.JMeterThread: Thread started: S2 1-642
2026-10-03 17:18:06,956 INFO o.a.j.t.JMeterThread: Thread started: S2 1-643
2026-10-03 17:18:06,957 INFO o.a.j.t.JMeterThread: Thread started: S2 1-644
2026-10-03 17:18:06,966 INFO o.a.j.t.JMeterThread: Thread started: S2 1-645
2026-10-03 17:18:06,976 INFO o.a.j.t.JMeterThread: Thread started: S2 1-646
2026-10-03 17:18:06,986 INFO o.a.j.t.JMeterThread: Thread started: S2 1-647
2026-10-03 17:18:06,995 INFO o.a.j.t.JMeterThread: Thread started: S2 1-648
2026-10-03 17:18:07,005 INFO o.a.j.t.JMeterThread: Thread started: S2 1-649
2026-10-03 17:18:07,016 INFO o.a.j.t.JMeterThread: Thread started: S2 1-650
2026-10-03 17:18:07,027 INFO o.a.j.t.JMeterThread: Thread started: S2 1-651
2026-10-03 17:18:07,035 INFO o.a.j.t.JMeterThread: Thread started: S2 1-652
2026-10-03 17:18:07,045 INFO o.a.j.t.JMeterThread: Thread started: S2 1-653
2026-10-03 17:18:07,057 INFO o.a.j.t.JMeterThread: Thread started: S2 1-654
2026-10-03 17:18:07,066 INFO o.a.j.t.JMeterThread: Thread started: S2 1-655
2026-10-03 17:18:07,075 INFO o.a.j.t.JMeterThread: Thread started: S2 1-656
2026-10-03 17:18:07,085 INFO o.a.j.t.JMeterThread: Thread started: S2 1-657
2026-10-03 17:18:07,096 INFO o.a.j.t.JMeterThread: Thread started: S2 1-658
2026-10-03 17:18:07,105 INFO o.a.j.t.JMeterThread: Thread started: S2 1-659
2026-10-03 17:18:07,115 INFO o.a.j.t.JMeterThread: Thread started: S2 1-660
2026-10-03 17:18:07,127 INFO o.a.j.t.JMeterThread: Thread started: S2 1-661
2026-10-03 17:18:07,136 INFO o.a.j.t.JMeterThread: Thread started: S2 1-662
2026-10-03 17:18:07,145 INFO o.a.j.t.JMeterThread: Thread started: S2 1-663
2026-10-03 17:18:07,155 INFO o.a.j.t.JMeterThread: Thread started: S2 1-664
2026-10-03 17:18:07,167 INFO o.a.j.t.JMeterThread: Thread started: S2 1-665
2026-10-03 17:18:07,175 INFO o.a.j.t.JMeterThread: Thread started: S2 1-666
2026-10-03 17:18:07,185 INFO o.a.j.t.JMeterThread: Thread started: S2 1-667
2026-10-03 17:18:07,196 INFO o.a.j.t.JMeterThread: Thread started: S2 1-668
2026-10-03 17:18:07,206 INFO o.a.j.t.JMeterThread: Thread started: S2 1-669
2026-10-03 17:18:07,215 INFO o.a.j.t.JMeterThread: Thread started: S2 1-670
2026-10-03 17:18:07,226 INFO o.a.j.t.JMeterThread: Thread started: S2 1-671
2026-10-03 17:18:07,245 INFO o.a.j.t.JMeterThread: Thread started: S2 1-672
2026-10-03 17:18:07,246 INFO o.a.j.t.JMeterThread: Thread started: S2 1-673
2026-10-03 17:18:07,255 INFO o.a.j.t.JMeterThread: Thread started: S2 1-674
2026-10-03 17:18:07,266 INFO o.a.j.t.JMeterThread: Thread started: S2 1-675
2026-10-03 17:18:07,277 INFO o.a.j.t.JMeterThread: Thread started: S2 1-676
2026-10-03 17:18:07,285 INFO o.a.j.t.JMeterThread: Thread started: S2 1-677
2026-10-03 17:18:07,295 INFO o.a.j.t.JMeterThread: Thread started: S2 1-678
2026-10-03 17:18:07,306 INFO o.a.j.t.JMeterThread: Thread started: S2 1-679
2026-10-03 17:18:07,317 INFO o.a.j.t.JMeterThread: Thread started: S2 1-680
2026-10-03 17:18:07,329 INFO o.a.j.t.JMeterThread: Thread started: S2 1-681
2026-10-03 17:18:07,336 INFO o.a.j.t.JMeterThread: Thread started: S2 1-682
2026-10-03 17:18:07,347 INFO o.a.j.t.JMeterThread: Thread started: S2 1-683
2026-10-03 17:18:07,356 INFO o.a.j.t.JMeterThread: Thread started: S2 1-684
2026-10-03 17:18:07,366 INFO o.a.j.t.JMeterThread: Thread started: S2 1-685
2026-10-03 17:18:07,387 INFO o.a.j.t.JMeterThread: Thread started: S2 1-687
2026-10-03 17:18:07,391 INFO o.a.j.t.JMeterThread: Thread started: S2 1-686
2026-10-03 17:18:07,398 INFO o.a.j.t.JMeterThread: Thread started: S2 1-688
2026-10-03 17:18:07,407 INFO o.a.j.t.JMeterThread: Thread started: S2 1-689
2026-10-03 17:18:07,417 INFO o.a.j.t.JMeterThread: Thread started: S2 1-690
2026-10-03 17:18:07,440 INFO o.a.j.t.JMeterThread: Thread started: S2 1-691
2026-10-03 17:18:07,452 INFO o.a.j.t.JMeterThread: Thread started: S2 1-692
2026-10-03 17:18:07,459 INFO o.a.j.t.JMeterThread: Thread started: S2 1-693
2026-10-03 17:18:07,460 INFO o.a.j.t.JMeterThread: Thread started: S2 1-694
2026-10-03 17:18:07,470 INFO o.a.j.t.JMeterThread: Thread started: S2 1-695
2026-10-03 17:18:07,476 INFO o.a.j.t.JMeterThread: Thread started: S2 1-696
2026-10-03 17:18:07,485 INFO o.a.j.t.JMeterThread: Thread started: S2 1-697
2026-10-03 17:18:07,496 INFO o.a.j.t.JMeterThread: Thread started: S2 1-698
2026-10-03 17:18:07,506 INFO o.a.j.t.JMeterThread: Thread started: S2 1-699
2026-10-03 17:18:07,516 INFO o.a.j.t.JMeterThread: Thread started: S2 1-700
2026-10-03 17:18:07,527 INFO o.a.j.t.JMeterThread: Thread started: S2 1-701
2026-10-03 17:18:07,538 INFO o.a.j.t.JMeterThread: Thread started: S2 1-702
2026-10-03 17:18:07,546 INFO o.a.j.t.JMeterThread: Thread started: S2 1-703
2026-10-03 17:18:07,556 INFO o.a.j.t.JMeterThread: Thread started: S2 1-704
2026-10-03 17:18:07,565 INFO o.a.j.t.JMeterThread: Thread started: S2 1-705
2026-10-03 17:18:07,575 INFO o.a.j.t.JMeterThread: Thread started: S2 1-706
2026-10-03 17:18:07,587 INFO o.a.j.t.JMeterThread: Thread started: S2 1-707
2026-10-03 17:18:07,595 INFO o.a.j.t.JMeterThread: Thread started: S2 1-708
2026-10-03 17:18:07,605 INFO o.a.j.t.JMeterThread: Thread started: S2 1-709
2026-10-03 17:18:07,616 INFO o.a.j.t.JMeterThread: Thread started: S2 1-710
2026-10-03 17:18:07,625 INFO o.a.j.t.JMeterThread: Thread started: S2 1-711
2026-10-03 17:18:07,635 INFO o.a.j.t.JMeterThread: Thread started: S2 1-712
2026-10-03 17:18:07,646 INFO o.a.j.t.JMeterThread: Thread started: S2 1-713
2026-10-03 17:18:07,655 INFO o.a.j.t.JMeterThread: Thread started: S2 1-714
2026-10-03 17:18:07,665 INFO o.a.j.t.JMeterThread: Thread started: S2 1-715
2026-10-03 17:18:07,676 INFO o.a.j.t.JMeterThread: Thread started: S2 1-716
2026-10-03 17:18:07,687 INFO o.a.j.t.JMeterThread: Thread started: S2 1-717
2026-10-03 17:18:07,695 INFO o.a.j.t.JMeterThread: Thread started: S2 1-718
2026-10-03 17:18:07,705 INFO o.a.j.t.JMeterThread: Thread started: S2 1-719
2026-10-03 17:18:07,716 INFO o.a.j.t.JMeterThread: Thread started: S2 1-720
2026-10-03 17:18:07,729 INFO o.a.j.t.JMeterThread: Thread started: S2 1-721
2026-10-03 17:18:07,737 INFO o.a.j.t.JMeterThread: Thread started: S2 1-722
2026-10-03 17:18:07,745 INFO o.a.j.t.JMeterThread: Thread started: S2 1-723
2026-10-03 17:18:07,758 INFO o.a.j.t.JMeterThread: Thread started: S2 1-724
2026-10-03 17:18:07,766 INFO o.a.j.t.JMeterThread: Thread started: S2 1-725
2026-10-03 17:18:07,775 INFO o.a.j.t.JMeterThread: Thread started: S2 1-726
2026-10-03 17:18:07,785 INFO o.a.j.t.JMeterThread: Thread started: S2 1-727
2026-10-03 17:18:07,796 INFO o.a.j.t.JMeterThread: Thread started: S2 1-728
2026-10-03 17:18:07,806 INFO o.a.j.t.JMeterThread: Thread started: S2 1-729
2026-10-03 17:18:07,815 INFO o.a.j.t.JMeterThread: Thread started: S2 1-730
2026-10-03 17:18:07,826 INFO o.a.j.t.JMeterThread: Thread started: S2 1-731
2026-10-03 17:18:07,836 INFO o.a.j.t.JMeterThread: Thread started: S2 1-732
2026-10-03 17:18:07,846 INFO o.a.j.t.JMeterThread: Thread started: S2 1-733
2026-10-03 17:18:07,855 INFO o.a.j.t.JMeterThread: Thread started: S2 1-734
2026-10-03 17:18:07,865 INFO o.a.j.t.JMeterThread: Thread started: S2 1-735
2026-10-03 17:18:07,876 INFO o.a.j.t.JMeterThread: Thread started: S2 1-736
2026-10-03 17:18:07,886 INFO o.a.j.t.JMeterThread: Thread started: S2 1-737
2026-10-03 17:18:07,895 INFO o.a.j.t.JMeterThread: Thread started: S2 1-738
2026-10-03 17:18:07,905 INFO o.a.j.t.JMeterThread: Thread started: S2 1-739
2026-10-03 17:18:07,917 INFO o.a.j.t.JMeterThread: Thread started: S2 1-740
2026-10-03 17:18:07,928 INFO o.a.j.t.JMeterThread: Thread started: S2 1-741
2026-10-03 17:18:07,935 INFO o.a.j.t.JMeterThread: Thread started: S2 1-742
2026-10-03 17:18:07,947 INFO o.a.j.t.JMeterThread: Thread started: S2 1-743
2026-10-03 17:18:07,957 INFO o.a.j.t.JMeterThread: Thread started: S2 1-744
2026-10-03 17:18:07,965 INFO o.a.j.t.JMeterThread: Thread started: S2 1-745
2026-10-03 17:18:07,975 INFO o.a.j.t.JMeterThread: Thread started: S2 1-746
2026-10-03 17:18:07,986 INFO o.a.j.t.JMeterThread: Thread started: S2 1-747
2026-10-03 17:18:07,996 INFO o.a.j.t.JMeterThread: Thread started: S2 1-748
2026-10-03 17:18:08,005 INFO o.a.j.t.JMeterThread: Thread started: S2 1-749
2026-10-03 17:18:08,016 INFO o.a.j.t.JMeterThread: Thread started: S2 1-750
2026-10-03 17:18:08,027 INFO o.a.j.t.JMeterThread: Thread started: S2 1-751
2026-10-03 17:18:08,039 INFO o.a.j.t.JMeterThread: Thread started: S2 1-752
2026-10-03 17:18:08,045 INFO o.a.j.t.JMeterThread: Thread started: S2 1-753
2026-10-03 17:18:08,057 INFO o.a.j.t.JMeterThread: Thread started: S2 1-754
2026-10-03 17:18:08,065 INFO o.a.j.t.JMeterThread: Thread started: S2 1-755
2026-10-03 17:18:08,075 INFO o.a.j.t.JMeterThread: Thread started: S2 1-756
2026-10-03 17:18:08,086 INFO o.a.j.t.JMeterThread: Thread started: S2 1-757
2026-10-03 17:18:08,096 INFO o.a.j.t.JMeterThread: Thread started: S2 1-758
2026-10-03 17:18:08,105 INFO o.a.j.t.JMeterThread: Thread started: S2 1-759
2026-10-03 17:18:08,116 INFO o.a.j.t.JMeterThread: Thread started: S2 1-760
2026-10-03 17:18:08,127 INFO o.a.j.t.JMeterThread: Thread started: S2 1-761
2026-10-03 17:18:08,135 INFO o.a.j.t.JMeterThread: Thread started: S2 1-762
2026-10-03 17:18:08,145 INFO o.a.j.t.JMeterThread: Thread started: S2 1-763
2026-10-03 17:18:08,159 INFO o.a.j.t.JMeterThread: Thread started: S2 1-764
2026-10-03 17:18:08,167 INFO o.a.j.t.JMeterThread: Thread started: S2 1-765
2026-10-03 17:18:08,175 INFO o.a.j.t.JMeterThread: Thread started: S2 1-766
2026-10-03 17:18:08,185 INFO o.a.j.t.JMeterThread: Thread started: S2 1-767
2026-10-03 17:18:08,197 INFO o.a.j.t.JMeterThread: Thread started: S2 1-768
2026-10-03 17:18:08,205 INFO o.a.j.t.JMeterThread: Thread started: S2 1-769
2026-10-03 17:18:08,215 INFO o.a.j.t.JMeterThread: Thread started: S2 1-770
2026-10-03 17:18:08,226 INFO o.a.j.t.JMeterThread: Thread started: S2 1-771
2026-10-03 17:18:08,237 INFO o.a.j.t.JMeterThread: Thread started: S2 1-772
2026-10-03 17:18:08,246 INFO o.a.j.t.JMeterThread: Thread started: S2 1-773
2026-10-03 17:18:08,255 INFO o.a.j.t.JMeterThread: Thread started: S2 1-774
2026-10-03 17:18:08,266 INFO o.a.j.t.JMeterThread: Thread started: S2 1-775
2026-10-03 17:18:08,277 INFO o.a.j.t.JMeterThread: Thread started: S2 1-776
2026-10-03 17:18:08,285 INFO o.a.j.t.JMeterThread: Thread started: S2 1-777
2026-10-03 17:18:08,295 INFO o.a.j.t.JMeterThread: Thread started: S2 1-778
2026-10-03 17:18:08,305 INFO o.a.j.t.JMeterThread: Thread started: S2 1-779
2026-10-03 17:18:08,316 INFO o.a.j.t.JMeterThread: Thread started: S2 1-780
2026-10-03 17:18:08,325 INFO o.a.j.t.JMeterThread: Thread started: S2 1-781
2026-10-03 17:18:08,335 INFO o.a.j.t.JMeterThread: Thread started: S2 1-782
2026-10-03 17:18:08,347 INFO o.a.j.t.JMeterThread: Thread started: S2 1-783
2026-10-03 17:18:08,356 INFO o.a.j.t.JMeterThread: Thread started: S2 1-784
2026-10-03 17:18:08,366 INFO o.a.j.t.JMeterThread: Thread started: S2 1-785
2026-10-03 17:18:08,375 INFO o.a.j.t.JMeterThread: Thread started: S2 1-786
2026-10-03 17:18:08,385 INFO o.a.j.t.JMeterThread: Thread started: S2 1-787
2026-10-03 17:18:08,396 INFO o.a.j.t.JMeterThread: Thread started: S2 1-788
2026-10-03 17:18:08,405 INFO o.a.j.t.JMeterThread: Thread started: S2 1-789
2026-10-03 17:18:08,415 INFO o.a.j.t.JMeterThread: Thread started: S2 1-790
2026-10-03 17:18:08,425 INFO o.a.j.t.JMeterThread: Thread started: S2 1-791
2026-10-03 17:18:08,436 INFO o.a.j.t.JMeterThread: Thread started: S2 1-792
2026-10-03 17:18:08,445 INFO o.a.j.t.JMeterThread: Thread started: S2 1-793
2026-10-03 17:18:08,455 INFO o.a.j.t.JMeterThread: Thread started: S2 1-794
2026-10-03 17:18:08,465 INFO o.a.j.t.JMeterThread: Thread started: S2 1-795
2026-10-03 17:18:08,476 INFO o.a.j.t.JMeterThread: Thread started: S2 1-796
2026-10-03 17:18:08,486 INFO o.a.j.t.JMeterThread: Thread started: S2 1-797
2026-10-03 17:18:08,495 INFO o.a.j.t.JMeterThread: Thread started: S2 1-798
2026-10-03 17:18:08,505 INFO o.a.j.t.JMeterThread: Thread started: S2 1-799
2026-10-03 17:18:08,516 INFO o.a.j.t.JMeterThread: Thread started: S2 1-800
2026-10-03 17:18:08,527 INFO o.a.j.t.JMeterThread: Thread started: S2 1-801
2026-10-03 17:18:08,535 INFO o.a.j.t.JMeterThread: Thread started: S2 1-802
2026-10-03 17:18:08,547 INFO o.a.j.t.JMeterThread: Thread started: S2 1-803
2026-10-03 17:18:08,557 INFO o.a.j.t.JMeterThread: Thread started: S2 1-804
2026-10-03 17:18:08,565 INFO o.a.j.t.JMeterThread: Thread started: S2 1-805
2026-10-03 17:18:08,575 INFO o.a.j.t.JMeterThread: Thread started: S2 1-806
2026-10-03 17:18:08,586 INFO o.a.j.t.JMeterThread: Thread started: S2 1-807
2026-10-03 17:18:08,597 INFO o.a.j.t.JMeterThread: Thread started: S2 1-808
2026-10-03 17:18:08,605 INFO o.a.j.t.JMeterThread: Thread started: S2 1-809
2026-10-03 17:18:08,615 INFO o.a.j.t.JMeterThread: Thread started: S2 1-810
2026-10-03 17:18:08,627 INFO o.a.j.t.JMeterThread: Thread started: S2 1-811
2026-10-03 17:18:08,639 INFO o.a.j.t.JMeterThread: Thread started: S2 1-812
2026-10-03 17:18:08,645 INFO o.a.j.t.JMeterThread: Thread started: S2 1-813
2026-10-03 17:18:08,655 INFO o.a.j.t.JMeterThread: Thread started: S2 1-814
2026-10-03 17:18:08,665 INFO o.a.j.t.JMeterThread: Thread started: S2 1-815
2026-10-03 17:18:08,676 INFO o.a.j.t.JMeterThread: Thread started: S2 1-816
2026-10-03 17:18:08,685 INFO o.a.j.t.JMeterThread: Thread started: S2 1-817
2026-10-03 17:18:08,695 INFO o.a.j.t.JMeterThread: Thread started: S2 1-818
2026-10-03 17:18:08,705 INFO o.a.j.t.JMeterThread: Thread started: S2 1-819
2026-10-03 17:18:08,716 INFO o.a.j.t.JMeterThread: Thread started: S2 1-820
2026-10-03 17:18:08,727 INFO o.a.j.t.JMeterThread: Thread started: S2 1-821
2026-10-03 17:18:08,735 INFO o.a.j.t.JMeterThread: Thread started: S2 1-822
2026-10-03 17:18:08,747 INFO o.a.j.t.JMeterThread: Thread started: S2 1-823
2026-10-03 17:18:08,756 INFO o.a.j.t.JMeterThread: Thread started: S2 1-824
2026-10-03 17:18:08,766 INFO o.a.j.t.JMeterThread: Thread started: S2 1-825
2026-10-03 17:18:08,775 INFO o.a.j.t.JMeterThread: Thread started: S2 1-826
2026-10-03 17:18:08,785 INFO o.a.j.t.JMeterThread: Thread started: S2 1-827
2026-10-03 17:18:08,795 INFO o.a.j.t.JMeterThread: Thread started: S2 1-828
2026-10-03 17:18:08,806 INFO o.a.j.t.JMeterThread: Thread started: S2 1-829
2026-10-03 17:18:08,815 INFO o.a.j.t.JMeterThread: Thread started: S2 1-830
2026-10-03 17:18:08,825 INFO o.a.j.t.JMeterThread: Thread started: S2 1-831
2026-10-03 17:18:08,835 INFO o.a.j.t.JMeterThread: Thread started: S2 1-832
2026-10-03 17:18:08,847 INFO o.a.j.t.JMeterThread: Thread started: S2 1-833
2026-10-03 17:18:08,855 INFO o.a.j.t.JMeterThread: Thread started: S2 1-834
2026-10-03 17:18:08,865 INFO o.a.j.t.JMeterThread: Thread started: S2 1-835
2026-10-03 17:18:08,875 INFO o.a.j.t.JMeterThread: Thread started: S2 1-836
2026-10-03 17:18:08,887 INFO o.a.j.t.JMeterThread: Thread started: S2 1-837
2026-10-03 17:18:08,895 INFO o.a.j.t.JMeterThread: Thread started: S2 1-838
2026-10-03 17:18:08,905 INFO o.a.j.t.JMeterThread: Thread started: S2 1-839
2026-10-03 17:18:08,915 INFO o.a.j.t.JMeterThread: Thread started: S2 1-840
2026-10-03 17:18:08,927 INFO o.a.j.t.JMeterThread: Thread started: S2 1-841
2026-10-03 17:18:08,935 INFO o.a.j.t.JMeterThread: Thread started: S2 1-842
2026-10-03 17:18:08,945 INFO o.a.j.t.JMeterThread: Thread started: S2 1-843
2026-10-03 17:18:08,956 INFO o.a.j.t.JMeterThread: Thread started: S2 1-844
2026-10-03 17:18:08,966 INFO o.a.j.t.JMeterThread: Thread started: S2 1-845
2026-10-03 17:18:08,975 INFO o.a.j.t.JMeterThread: Thread started: S2 1-846
2026-10-03 17:18:08,985 INFO o.a.j.t.JMeterThread: Thread started: S2 1-847
2026-10-03 17:18:08,996 INFO o.a.j.t.JMeterThread: Thread started: S2 1-848
2026-10-03 17:18:09,007 INFO o.a.j.t.JMeterThread: Thread started: S2 1-849
2026-10-03 17:18:09,015 INFO o.a.j.t.JMeterThread: Thread started: S2 1-850
2026-10-03 17:18:09,025 INFO o.a.j.t.JMeterThread: Thread started: S2 1-851
2026-10-03 17:18:09,036 INFO o.a.j.t.JMeterThread: Thread started: S2 1-852
2026-10-03 17:18:09,047 INFO o.a.j.t.JMeterThread: Thread started: S2 1-853
2026-10-03 17:18:09,055 INFO o.a.j.t.JMeterThread: Thread started: S2 1-854
2026-10-03 17:18:09,065 INFO o.a.j.t.JMeterThread: Thread started: S2 1-855
2026-10-03 17:18:09,076 INFO o.a.j.t.JMeterThread: Thread started: S2 1-856
2026-10-03 17:18:09,086 INFO o.a.j.t.JMeterThread: Thread started: S2 1-857
2026-10-03 17:18:09,095 INFO o.a.j.t.JMeterThread: Thread started: S2 1-858
2026-10-03 17:18:09,105 INFO o.a.j.t.JMeterThread: Thread started: S2 1-859
2026-10-03 17:18:09,116 INFO o.a.j.t.JMeterThread: Thread started: S2 1-860
2026-10-03 17:18:09,125 INFO o.a.j.t.JMeterThread: Thread started: S2 1-861
2026-10-03 17:18:09,135 INFO o.a.j.t.JMeterThread: Thread started: S2 1-862
2026-10-03 17:18:09,147 INFO o.a.j.t.JMeterThread: Thread started: S2 1-863
2026-10-03 17:18:09,156 INFO o.a.j.t.JMeterThread: Thread started: S2 1-864
2026-10-03 17:18:09,166 INFO o.a.j.t.JMeterThread: Thread started: S2 1-865
2026-10-03 17:18:09,175 INFO o.a.j.t.JMeterThread: Thread started: S2 1-866
2026-10-03 17:18:09,185 INFO o.a.j.t.JMeterThread: Thread started: S2 1-867
2026-10-03 17:18:09,196 INFO o.a.j.t.JMeterThread: Thread started: S2 1-868
2026-10-03 17:18:09,206 INFO o.a.j.t.JMeterThread: Thread started: S2 1-869
2026-10-03 17:18:09,215 INFO o.a.j.t.JMeterThread: Thread started: S2 1-870
2026-10-03 17:18:09,225 INFO o.a.j.t.JMeterThread: Thread started: S2 1-871
2026-10-03 17:18:09,236 INFO o.a.j.t.JMeterThread: Thread started: S2 1-872
2026-10-03 17:18:09,245 INFO o.a.j.t.JMeterThread: Thread started: S2 1-873
2026-10-03 17:18:09,255 INFO o.a.j.t.JMeterThread: Thread started: S2 1-874
2026-10-03 17:18:09,265 INFO o.a.j.t.JMeterThread: Thread started: S2 1-875
2026-10-03 17:18:09,276 INFO o.a.j.t.JMeterThread: Thread started: S2 1-876
2026-10-03 17:18:09,285 INFO o.a.j.t.JMeterThread: Thread started: S2 1-877
2026-10-03 17:18:09,295 INFO o.a.j.t.JMeterThread: Thread started: S2 1-878
2026-10-03 17:18:09,315 INFO o.a.j.t.JMeterThread: Thread started: S2 1-879
2026-10-03 17:18:09,321 INFO o.a.j.t.JMeterThread: Thread started: S2 1-880
2026-10-03 17:18:09,331 INFO o.a.j.t.JMeterThread: Thread started: S2 1-881
2026-10-03 17:18:09,343 INFO o.a.j.t.JMeterThread: Thread started: S2 1-882
2026-10-03 17:18:09,349 INFO o.a.j.t.JMeterThread: Thread started: S2 1-883
2026-10-03 17:18:09,355 INFO o.a.j.t.JMeterThread: Thread started: S2 1-884
2026-10-03 17:18:09,367 INFO o.a.j.t.JMeterThread: Thread started: S2 1-885
2026-10-03 17:18:09,375 INFO o.a.j.t.JMeterThread: Thread started: S2 1-886
2026-10-03 17:18:09,388 INFO o.a.j.t.JMeterThread: Thread started: S2 1-887
2026-10-03 17:18:09,398 INFO o.a.j.t.JMeterThread: Thread started: S2 1-888
2026-10-03 17:18:09,407 INFO o.a.j.t.JMeterThread: Thread started: S2 1-889
2026-10-03 17:18:09,417 INFO o.a.j.t.JMeterThread: Thread started: S2 1-890
2026-10-03 17:18:09,435 INFO o.a.j.t.JMeterThread: Thread started: S2 1-891
2026-10-03 17:18:09,436 INFO o.a.j.t.JMeterThread: Thread started: S2 1-892
2026-10-03 17:18:09,445 INFO o.a.j.t.JMeterThread: Thread started: S2 1-893
2026-10-03 17:18:09,456 INFO o.a.j.t.JMeterThread: Thread started: S2 1-894
2026-10-03 17:18:09,467 INFO o.a.j.t.JMeterThread: Thread started: S2 1-895
2026-10-03 17:18:09,477 INFO o.a.j.t.JMeterThread: Thread started: S2 1-896
2026-10-03 17:18:09,493 INFO o.a.j.t.JMeterThread: Thread started: S2 1-897
2026-10-03 17:18:09,496 INFO o.a.j.t.JMeterThread: Thread started: S2 1-898
2026-10-03 17:18:09,505 INFO o.a.j.t.JMeterThread: Thread started: S2 1-899
2026-10-03 17:18:09,516 INFO o.a.j.t.JMeterThread: Thread started: S2 1-900
2026-10-03 17:18:09,526 INFO o.a.j.t.JMeterThread: Thread started: S2 1-901
2026-10-03 17:18:09,536 INFO o.a.j.t.JMeterThread: Thread started: S2 1-902
2026-10-03 17:18:09,545 INFO o.a.j.t.JMeterThread: Thread started: S2 1-903
2026-10-03 17:18:09,556 INFO o.a.j.t.JMeterThread: Thread started: S2 1-904
2026-10-03 17:18:09,566 INFO o.a.j.t.JMeterThread: Thread started: S2 1-905
2026-10-03 17:18:09,575 INFO o.a.j.t.JMeterThread: Thread started: S2 1-906
2026-10-03 17:18:09,585 INFO o.a.j.t.JMeterThread: Thread started: S2 1-907
2026-10-03 17:18:09,597 INFO o.a.j.t.JMeterThread: Thread started: S2 1-908
2026-10-03 17:18:09,606 INFO o.a.j.t.JMeterThread: Thread started: S2 1-909
2026-10-03 17:18:09,615 INFO o.a.j.t.JMeterThread: Thread started: S2 1-910
2026-10-03 17:18:09,625 INFO o.a.j.t.JMeterThread: Thread started: S2 1-911
2026-10-03 17:18:09,636 INFO o.a.j.t.JMeterThread: Thread started: S2 1-912
2026-10-03 17:18:09,645 INFO o.a.j.t.JMeterThread: Thread started: S2 1-913
2026-10-03 17:18:09,655 INFO o.a.j.t.JMeterThread: Thread started: S2 1-914
2026-10-03 17:18:09,666 INFO o.a.j.t.JMeterThread: Thread started: S2 1-915
2026-10-03 17:18:09,676 INFO o.a.j.t.JMeterThread: Thread started: S2 1-916
2026-10-03 17:18:09,685 INFO o.a.j.t.JMeterThread: Thread started: S2 1-917
2026-10-03 17:18:09,695 INFO o.a.j.t.JMeterThread: Thread started: S2 1-918
2026-10-03 17:18:09,706 INFO o.a.j.t.JMeterThread: Thread started: S2 1-919
2026-10-03 17:18:09,715 INFO o.a.j.t.JMeterThread: Thread started: S2 1-920
2026-10-03 17:18:09,725 INFO o.a.j.t.JMeterThread: Thread started: S2 1-921
2026-10-03 17:18:09,739 INFO o.a.j.t.JMeterThread: Thread started: S2 1-922
2026-10-03 17:18:09,748 INFO o.a.j.t.JMeterThread: Thread started: S2 1-923
2026-10-03 17:18:09,755 INFO o.a.j.t.JMeterThread: Thread started: S2 1-924
2026-10-03 17:18:09,765 INFO o.a.j.t.JMeterThread: Thread started: S2 1-925
2026-10-03 17:18:09,777 INFO o.a.j.t.JMeterThread: Thread started: S2 1-926
2026-10-03 17:18:09,785 INFO o.a.j.t.JMeterThread: Thread started: S2 1-927
2026-10-03 17:18:09,795 INFO o.a.j.t.JMeterThread: Thread started: S2 1-928
2026-10-03 17:18:09,805 INFO o.a.j.t.JMeterThread: Thread started: S2 1-929
2026-10-03 17:18:09,816 INFO o.a.j.t.JMeterThread: Thread started: S2 1-930
2026-10-03 17:18:09,827 INFO o.a.j.t.JMeterThread: Thread started: S2 1-931
2026-10-03 17:18:09,835 INFO o.a.j.t.JMeterThread: Thread started: S2 1-932
2026-10-03 17:18:09,845 INFO o.a.j.t.JMeterThread: Thread started: S2 1-933
2026-10-03 17:18:09,857 INFO o.a.j.t.JMeterThread: Thread started: S2 1-934
2026-10-03 17:18:09,865 INFO o.a.j.t.JMeterThread: Thread started: S2 1-935
2026-10-03 17:18:09,875 INFO o.a.j.t.JMeterThread: Thread started: S2 1-936
2026-10-03 17:18:09,887 INFO o.a.j.t.JMeterThread: Thread started: S2 1-937
2026-10-03 17:18:09,896 INFO o.a.j.t.JMeterThread: Thread started: S2 1-938
2026-10-03 17:18:09,905 INFO o.a.j.t.JMeterThread: Thread started: S2 1-939
2026-10-03 17:18:09,915 INFO o.a.j.t.JMeterThread: Thread started: S2 1-940
2026-10-03 17:18:09,934 INFO o.a.j.t.JMeterThread: Thread started: S2 1-941
2026-10-03 17:18:09,936 INFO o.a.j.t.JMeterThread: Thread started: S2 1-942
2026-10-03 17:18:09,947 INFO o.a.j.t.JMeterThread: Thread started: S2 1-943
2026-10-03 17:18:09,955 INFO o.a.j.t.JMeterThread: Thread started: S2 1-944
2026-10-03 17:18:09,965 INFO o.a.j.t.JMeterThread: Thread started: S2 1-945
2026-10-03 17:18:09,976 INFO o.a.j.t.JMeterThread: Thread started: S2 1-946
2026-10-03 17:18:09,985 INFO o.a.j.t.JMeterThread: Thread started: S2 1-947
2026-10-03 17:18:09,995 INFO o.a.j.t.JMeterThread: Thread started: S2 1-948
2026-10-03 17:18:10,005 INFO o.a.j.t.JMeterThread: Thread started: S2 1-949
2026-10-03 17:18:10,016 INFO o.a.j.t.JMeterThread: Thread started: S2 1-950
2026-10-03 17:18:10,028 INFO o.a.j.t.JMeterThread: Thread started: S2 1-951
2026-10-03 17:18:10,035 INFO o.a.j.t.JMeterThread: Thread started: S2 1-952
2026-10-03 17:18:10,045 INFO o.a.j.t.JMeterThread: Thread started: S2 1-953
2026-10-03 17:18:10,057 INFO o.a.j.t.JMeterThread: Thread started: S2 1-954
2026-10-03 17:18:10,065 INFO o.a.j.t.JMeterThread: Thread started: S2 1-955
2026-10-03 17:18:10,075 INFO o.a.j.t.JMeterThread: Thread started: S2 1-956
2026-10-03 17:18:10,085 INFO o.a.j.t.JMeterThread: Thread started: S2 1-957
2026-10-03 17:18:10,097 INFO o.a.j.t.JMeterThread: Thread started: S2 1-958
2026-10-03 17:18:10,105 INFO o.a.j.t.JMeterThread: Thread started: S2 1-959
2026-10-03 17:18:10,115 INFO o.a.j.t.JMeterThread: Thread started: S2 1-960
2026-10-03 17:18:10,127 INFO o.a.j.t.JMeterThread: Thread started: S2 1-961
2026-10-03 17:18:10,136 INFO o.a.j.t.JMeterThread: Thread started: S2 1-962
2026-10-03 17:18:10,145 INFO o.a.j.t.JMeterThread: Thread started: S2 1-963
2026-10-03 17:18:10,155 INFO o.a.j.t.JMeterThread: Thread started: S2 1-964
2026-10-03 17:18:10,165 INFO o.a.j.t.JMeterThread: Thread started: S2 1-965
2026-10-03 17:18:10,176 INFO o.a.j.t.JMeterThread: Thread started: S2 1-966
2026-10-03 17:18:10,185 INFO o.a.j.t.JMeterThread: Thread started: S2 1-967
2026-10-03 17:18:10,195 INFO o.a.j.t.JMeterThread: Thread started: S2 1-968
2026-10-03 17:18:10,205 INFO o.a.j.t.JMeterThread: Thread started: S2 1-969
2026-10-03 17:18:10,217 INFO o.a.j.t.JMeterThread: Thread started: S2 1-970
2026-10-03 17:18:10,226 INFO o.a.j.t.JMeterThread: Thread started: S2 1-971
2026-10-03 17:18:10,236 INFO o.a.j.t.JMeterThread: Thread started: S2 1-972
2026-10-03 17:18:10,249 INFO o.a.j.t.JMeterThread: Thread started: S2 1-973
2026-10-03 17:18:10,256 INFO o.a.j.t.JMeterThread: Thread started: S2 1-974
2026-10-03 17:18:10,265 INFO o.a.j.t.JMeterThread: Thread started: S2 1-975
2026-10-03 17:18:10,275 INFO o.a.j.t.JMeterThread: Thread started: S2 1-976
2026-10-03 17:18:10,285 INFO o.a.j.t.JMeterThread: Thread started: S2 1-977
2026-10-03 17:18:10,297 INFO o.a.j.t.JMeterThread: Thread started: S2 1-978
2026-10-03 17:18:10,306 INFO o.a.j.t.JMeterThread: Thread started: S2 1-979
2026-10-03 17:18:10,315 INFO o.a.j.t.JMeterThread: Thread started: S2 1-980
2026-10-03 17:18:10,325 INFO o.a.j.t.JMeterThread: Thread started: S2 1-981
2026-10-03 17:18:10,335 INFO o.a.j.t.JMeterThread: Thread started: S2 1-982
2026-10-03 17:18:10,346 INFO o.a.j.t.JMeterThread: Thread started: S2 1-983
2026-10-03 17:18:10,355 INFO o.a.j.t.JMeterThread: Thread started: S2 1-984
2026-10-03 17:18:10,365 INFO o.a.j.t.JMeterThread: Thread started: S2 1-985
2026-10-03 17:18:10,376 INFO o.a.j.t.JMeterThread: Thread started: S2 1-986
2026-10-03 17:18:10,387 INFO o.a.j.t.JMeterThread: Thread started: S2 1-987
2026-10-03 17:18:10,395 INFO o.a.j.t.JMeterThread: Thread started: S2 1-988
2026-10-03 17:18:10,405 INFO o.a.j.t.JMeterThread: Thread started: S2 1-989
2026-10-03 17:18:10,415 INFO o.a.j.t.JMeterThread: Thread started: S2 1-990
2026-10-03 17:18:10,427 INFO o.a.j.t.JMeterThread: Thread started: S2 1-991
2026-10-03 17:18:10,435 INFO o.a.j.t.JMeterThread: Thread started: S2 1-992
2026-10-03 17:18:10,445 INFO o.a.j.t.JMeterThread: Thread started: S2 1-993
2026-10-03 17:18:10,455 INFO o.a.j.t.JMeterThread: Thread started: S2 1-994
2026-10-03 17:18:10,466 INFO o.a.j.t.JMeterThread: Thread started: S2 1-995
2026-10-03 17:18:10,476 INFO o.a.j.t.JMeterThread: Thread started: S2 1-996
2026-10-03 17:18:10,485 INFO o.a.j.t.JMeterThread: Thread started: S2 1-997
2026-10-03 17:18:10,495 INFO o.a.j.t.JMeterThread: Thread started: S2 1-998
2026-10-03 17:18:10,505 INFO o.a.j.t.JMeterThread: Thread started: S2 1-999
2026-10-03 17:18:10,517 INFO o.a.j.t.JMeterThread: Thread started: S2 1-1000
2026-10-03 17:18:30,029 INFO o.a.j.r.Summariser: summary +   3995 in 00:00:30 =  135.3/s Avg:  5247 Min:    32 Max:  8927 Err:     0 (0.00%) Active: 1000 Started: 1000 Finished: 0
2026-10-03 17:18:30,030 INFO o.a.j.r.Summariser: summary =   3996 in 00:00:30 =  132.1/s Avg:  5246 Min:    32 Max:  8927 Err:     0 (0.00%)
2026-10-03 17:19:00,020 INFO o.a.j.r.Summariser: summary +   4245 in 00:00:30 =  141.5/s Avg:  7105 Min:  5795 Max:  8909 Err:     0 (0.00%) Active: 1000 Started: 1000 Finished: 0
2026-10-03 17:19:00,020 INFO o.a.j.r.Summariser: summary =   8241 in 00:01:00 =  136.8/s Avg:  6203 Min:    32 Max:  8927 Err:     0 (0.00%)
2026-10-03 17:19:00,547 INFO o.a.j.t.JMeterThread: Stopping because end time detected by thread: S2 1-5
2026-10-03 17:19:00,547 INFO o.a.j.t.JMeterThread: Thread finished: S2 1-5
2026-10-03 17:19:00,736 INFO o.a.j.t.JMeterThread: Stopping because end time detected by thread: S2 1-96
2026-10-03 17:19:00,737 INFO o.a.j.t.JMeterThread: Thread finished: S2 1-96
2026-10-03 17:19:00,750 INFO o.a.j.t.JMeterThread: Stopping because end time detected by thread: S2 1-211
2026-10-03 17:19:00,750 INFO o.a.j.t.JMeterThread: Thread finished: S2 1-211
2026-10-03 17:19:00,754 INFO o.a.j.t.JMeterThread: Stopping because end time detected by thread: S2 1-125
2026-10-03 17:19:00,754 INFO o.a.j.t.JMeterThread: Thread finished: S2 1-125
2026-10-03 17:19:00,820 INFO o.a.j.t.JMeterThread: Stopping because end time detected by thread: S2 1-197
2026-10-03 17:19:00,820 INFO o.a.j.t.JMeterThread: Thread finished: S2 1-197
2026-10-03 17:19:00,823 INFO o.a.j.t.JMeterThread: Stopping because end time detected by thread: S2 1-364
2026-10-03 17:19:00,823 INFO o.a.j.t.JMeterThread: Thread finished: S2 1-364
2026-10-03 17:19:00,839 INFO o.a.j.t.JMeterThread: Stopping because end time detected by thread: S2 1-207
2026-10-03 17:19:00,839 INFO o.a.j.t.JMeterThread: Thread finished: S2 1-207
2026-10-03 17:19:00,844 INFO o.a.j.t.JMeterThread: Stopping because end time detected by thread: S2 1-291
2026-10-03 17:19:00,845 INFO o.a.j.t.JMeterThread: Thread finished: S2 1-291
2026-10-03 17:19:00,847 INFO o.a.j.t.JMeterThread: Stopping because end time detected by thread: S2 1-149
2026-10-03 17:19:00,847 INFO o.a.j.t.JMeterThread: Thread finished: S2 1-149
2026-10-03 17:19:00,854 INFO o.a.j.t.JMeterThread: Stopping because end time detected by thread: S2 1-65
2026-10-03 17:19:00,855 INFO o.a.j.t.JMeterThread: Thread finished: S2 1-65
2026-10-03 17:19:00,923 INFO o.a.j.t.JMeterThread: Stopping because end time detected by thread: S2 1-233
2026-10-03 17:19:00,923 INFO o.a.j.t.JMeterThread: Thread finished: S2 1-233
2026-10-03 17:19:00,925 INFO o.a.j.t.JMeterThread: Stopping because end time detected by thread: S2 1-7
2026-10-03 17:19:00,925 INFO o.a.j.t.JMeterThread: Thread finished: S2 1-7
2026-10-03 17:19:00,927 INFO o.a.j.t.JMeterThread: Stopping because end time detected by thread: S2 1-141
2026-10-03 17:19:00,927 INFO o.a.j.t.JMeterThread: Thread finished: S2 1-141
2026-10-03 17:19:00,929 INFO o.a.j.t.JMeterThread: Stopping because end time detected by thread: S2 1-336
2026-10-03 17:19:00,929 INFO o.a.j.t.JMeterThread: Thread finished: S2 1-336
2026-10-03 17:19:00,938 INFO o.a.j.t.JMeterThread: Stopping because end time detected by thread: S2 1-299
2026-10-03 17:19:00,938 INFO o.a.j.t.JMeterThread: Thread finished: S2 1-299
2026-10-03 17:19:00,940 INFO o.a.j.t.JMeterThread: Stopping because end time detected by thread: S2 1-338
2026-10-03 17:19:00,940 INFO o.a.j.t.JMeterThread: Thread finished: S2 1-338
2026-10-03 17:19:00,943 INFO o.a.j.t.JMeterThread: Stopping because end time detected by thread: S2 1-365
2026-10-03 17:19:00,943 INFO o.a.j.t.JMeterThread: Thread finished: S2 1-365
2026-10-03 17:19:00,946 INFO o.a.j.t.JMeterThread: Stopping because end time detected by thread: S2 1-28
2026-10-03 17:19:00,946 INFO o.a.j.t.JMeterThread: Stopping because end time detected by thread: S2 1-123
2026-10-03 17:19:00,946 INFO o.a.j.t.JMeterThread: Thread finished: S2 1-28
2026-10-03 17:19:00,946 INFO o.a.j.t.JMeterThread: Thread finished: S2 1-123
2026-10-03 17:19:00,959 INFO o.a.j.t.JMeterThread: Stopping because end time detected by thread: S2 1-85
2026-10-03 17:19:00,959 INFO o.a.j.t.JMeterThread: Thread finished: S2 1-85
2026-10-03 17:19:01,021 INFO o.a.j.t.JMeterThread: Stopping because end time detected by thread: S2 1-25
2026-10-03 17:19:01,021 INFO o.a.j.t.JMeterThread: Thread finished: S2 1-25
2026-10-03 17:19:01,027 INFO o.a.j.t.JMeterThread: Stopping because end time detected by thread: S2 1-128
2026-10-03 17:19:01,027 INFO o.a.j.t.JMeterThread: Thread finished: S2 1-128
2026-10-03 17:19:01,031 INFO o.a.j.t.JMeterThread: Stopping because end time detected by thread: S2 1-510
2026-10-03 17:19:01,031 INFO o.a.j.t.JMeterThread: Thread finished: S2 1-510
2026-10-03 17:19:01,031 INFO o.a.j.t.JMeterThread: Stopping because end time detected by thread: S2 1-652
2026-10-03 17:19:01,031 INFO o.a.j.t.JMeterThread: Thread finished: S2 1-652
2026-10-03 17:19:01,037 INFO o.a.j.t.JMeterThread: Stopping because end time detected by thread: S2 1-517
2026-10-03 17:19:01,037 INFO o.a.j.t.JMeterThread: Thread finished: S2 1-517
2026-10-03 17:19:01,038 INFO o.a.j.t.JMeterThread: Stopping because end time detected by thread: S2 1-594
2026-10-03 17:19:01,038 INFO o.a.j.t.JMeterThread: Thread finished: S2 1-594
2026-10-03 17:19:01,039 INFO o.a.j.t.JMeterThread: Stopping because end time detected by thread: S2 1-664
2026-10-03 17:19:01,039 INFO o.a.j.t.JMeterThread: Thread finished: S2 1-664
2026-10-03 17:19:01,041 INFO o.a.j.t.JMeterThread: Stopping because end time detected by thread: S2 1-70
2026-10-03 17:19:01,041 INFO o.a.j.t.JMeterThread: Thread finished: S2 1-70
2026-10-03 17:19:01,046 INFO o.a.j.t.JMeterThread: Stopping because end time detected by thread: S2 1-576
2026-10-03 17:19:01,046 INFO o.a.j.t.JMeterThread: Thread finished: S2 1-576
2026-10-03 17:19:01,048 INFO o.a.j.t.JMeterThread: Stopping because end time detected by thread: S2 1-219
2026-10-03 17:19:01,048 INFO o.a.j.t.JMeterThread: Thread finished: S2 1-219
2026-10-03 17:19:01,048 INFO o.a.j.t.JMeterThread: Stopping because end time detected by thread: S2 1-131
2026-10-03 17:19:01,048 INFO o.a.j.t.JMeterThread: Thread finished: S2 1-131
2026-10-03 17:19:01,049 INFO o.a.j.t.JMeterThread: Stopping because end time detected by thread: S2 1-352
2026-10-03 17:19:01,049 INFO o.a.j.t.JMeterThread: Thread finished: S2 1-352
2026-10-03 17:19:01,055 INFO o.a.j.t.JMeterThread: Stopping because end time detected by thread: S2 1-615
2026-10-03 17:19:01,055 INFO o.a.j.t.JMeterThread: Thread finished: S2 1-615
2026-10-03 17:19:01,058 INFO o.a.j.t.JMeterThread: Stopping because end time detected by thread: S2 1-77
2026-10-03 17:19:01,058 INFO o.a.j.t.JMeterThread: Thread finished: S2 1-77
2026-10-03 17:19:01,059 INFO o.a.j.t.JMeterThread: Stopping because end time detected by thread: S2 1-76
2026-10-03 17:19:01,059 INFO o.a.j.t.JMeterThread: Thread finished: S2 1-76
2026-10-03 17:19:01,126 INFO o.a.j.t.JMeterThread: Stopping because end time detected by thread: S2 1-287
2026-10-03 17:19:01,127 INFO o.a.j.t.JMeterThread: Thread finished: S2 1-287
2026-10-03 17:19:01,127 INFO o.a.j.t.JMeterThread: Stopping because end time detected by thread: S2 1-544
2026-10-03 17:19:01,127 INFO o.a.j.t.JMeterThread: Thread finished: S2 1-544
2026-10-03 17:19:01,138 INFO o.a.j.t.JMeterThread: Stopping because end time detected by thread: S2 1-692
2026-10-03 17:19:01,138 INFO o.a.j.t.JMeterThread: Thread finished: S2 1-692
2026-10-03 17:19:01,143 INFO o.a.j.t.JMeterThread: Stopping because end time detected by thread: S2 1-395
2026-10-03 17:19:01,143 INFO o.a.j.t.JMeterThread: Thread finished: S2 1-395
2026-10-03 17:19:01,149 INFO o.a.j.t.JMeterThread: Stopping because end time detected by thread: S2 1-358
2026-10-03 17:19:01,149 INFO o.a.j.t.JMeterThread: Thread finished: S2 1-358
2026-10-03 17:19:01,150 INFO o.a.j.t.JMeterThread: Stopping because end time detected by thread: S2 1-569
2026-10-03 17:19:01,150 INFO o.a.j.t.JMeterThread: Thread finished: S2 1-569
2026-10-03 17:19:01,150 INFO o.a.j.t.JMeterThread: Stopping because end time detected by thread: S2 1-708
2026-10-03 17:19:01,150 INFO o.a.j.t.JMeterThread: Thread finished: S2 1-708
2026-10-03 17:19:01,155 INFO o.a.j.t.JMeterThread: Stopping because end time detected by thread: S2 1-678
2026-10-03 17:19:01,156 INFO o.a.j.t.JMeterThread: Thread finished: S2 1-678
2026-10-03 17:19:01,156 INFO o.a.j.t.JMeterThread: Stopping because end time detected by thread: S2 1-808
2026-10-03 17:19:01,156 INFO o.a.j.t.JMeterThread: Thread finished: S2 1-808
2026-10-03 17:19:01,159 INFO o.a.j.t.JMeterThread: Stopping because end time detected by thread: S2 1-565
2026-10-03 17:19:01,159 INFO o.a.j.t.JMeterThread: Thread finished: S2 1-565
2026-10-03 17:19:01,221 INFO o.a.j.t.JMeterThread: Stopping because end time detected by thread: S2 1-311
2026-10-03 17:19:01,221 INFO o.a.j.t.JMeterThread: Thread finished: S2 1-311
2026-10-03 17:19:01,222 INFO o.a.j.t.JMeterThread: Stopping because end time detected by thread: S2 1-985
2026-10-03 17:19:01,222 INFO o.a.j.t.JMeterThread: Thread finished: S2 1-985
2026-10-03 17:19:01,225 INFO o.a.j.t.JMeterThread: Stopping because end time detected by thread: S2 1-383
2026-10-03 17:19:01,225 INFO o.a.j.t.JMeterThread: Thread finished: S2 1-383
2026-10-03 17:19:01,228 INFO o.a.j.t.JMeterThread: Stopping because end time detected by thread: S2 1-342
2026-10-03 17:19:01,228 INFO o.a.j.t.JMeterThread: Stopping because end time detected by thread: S2 1-957
2026-10-03 17:19:01,228 INFO o.a.j.t.JMeterThread: Thread finished: S2 1-342
2026-10-03 17:19:01,228 INFO o.a.j.t.JMeterThread: Thread finished: S2 1-957
2026-10-03 17:19:01,229 INFO o.a.j.t.JMeterThread: Stopping because end time detected by thread: S2 1-68
2026-10-03 17:19:01,229 INFO o.a.j.t.JMeterThread: Thread finished: S2 1-68
2026-10-03 17:19:01,229 INFO o.a.j.t.JMeterThread: Stopping because end time detected by thread: S2 1-581
2026-10-03 17:19:01,229 INFO o.a.j.t.JMeterThread: Thread finished: S2 1-581
2026-10-03 17:19:01,246 INFO o.a.j.t.JMeterThread: Stopping because end time detected by thread: S2 1-72
2026-10-03 17:19:01,246 INFO o.a.j.t.JMeterThread: Thread finished: S2 1-72
2026-10-03 17:19:01,247 INFO o.a.j.t.JMeterThread: Stopping because end time detected by thread: S2 1-687
2026-10-03 17:19:01,247 INFO o.a.j.t.JMeterThread: Thread finished: S2 1-687
2026-10-03 17:19:01,247 INFO o.a.j.t.JMeterThread: Stopping because end time detected by thread: S2 1-548
2026-10-03 17:19:01,247 INFO o.a.j.t.JMeterThread: Thread finished: S2 1-548
2026-10-03 17:19:01,252 INFO o.a.j.t.JMeterThread: Stopping because end time detected by thread: S2 1-716
2026-10-03 17:19:01,252 INFO o.a.j.t.JMeterThread: Thread finished: S2 1-716
2026-10-03 17:19:01,253 INFO o.a.j.t.JMeterThread: Stopping because end time detected by thread: S2 1-718
2026-10-03 17:19:01,253 INFO o.a.j.t.JMeterThread: Thread finished: S2 1-718
2026-10-03 17:19:01,255 INFO o.a.j.t.JMeterThread: Stopping because end time detected by thread: S2 1-195
2026-10-03 17:19:01,255 INFO o.a.j.t.JMeterThread: Thread finished: S2 1-195
2026-10-03 17:19:01,256 INFO o.a.j.t.JMeterThread: Stopping because end time detected by thread: S2 1-910
2026-10-03 17:19:01,256 INFO o.a.j.t.JMeterThread: Thread finished: S2 1-910
2026-10-03 17:19:01,258 INFO o.a.j.t.JMeterThread: Stopping because end time detected by thread: S2 1-635
2026-10-03 17:19:01,258 INFO o.a.j.t.JMeterThread: Thread finished: S2 1-635
2026-10-03 17:19:01,323 INFO o.a.j.t.JMeterThread: Stopping because end time detected by thread: S2 1-360
2026-10-03 17:19:01,323 INFO o.a.j.t.JMeterThread: Thread finished: S2 1-360
2026-10-03 17:19:01,326 INFO o.a.j.t.JMeterThread: Stopping because end time detected by thread: S2 1-198
2026-10-03 17:19:01,326 INFO o.a.j.t.JMeterThread: Thread finished: S2 1-198
2026-10-03 17:19:01,327 INFO o.a.j.t.JMeterThread: Stopping because end time detected by thread: S2 1-4
2026-10-03 17:19:01,327 INFO o.a.j.t.JMeterThread: Thread finished: S2 1-4
2026-10-03 17:19:01,336 INFO o.a.j.t.JMeterThread: Stopping because end time detected by thread: S2 1-344
2026-10-03 17:19:01,336 INFO o.a.j.t.JMeterThread: Thread finished: S2 1-344
2026-10-03 17:19:01,339 INFO o.a.j.t.JMeterThread: Stopping because end time detected by thread: S2 1-673
2026-10-03 17:19:01,339 INFO o.a.j.t.JMeterThread: Thread finished: S2 1-673
2026-10-03 17:19:01,339 INFO o.a.j.t.JMeterThread: Stopping because end time detected by thread: S2 1-409
2026-10-03 17:19:01,339 INFO o.a.j.t.JMeterThread: Stopping because end time detected by thread: S2 1-702
2026-10-03 17:19:01,339 INFO o.a.j.t.JMeterThread: Thread finished: S2 1-409
2026-10-03 17:19:01,339 INFO o.a.j.t.JMeterThread: Thread finished: S2 1-702
2026-10-03 17:19:01,341 INFO o.a.j.t.JMeterThread: Stopping because end time detected by thread: S2 1-193
2026-10-03 17:19:01,341 INFO o.a.j.t.JMeterThread: Thread finished: S2 1-193
2026-10-03 17:19:01,341 INFO o.a.j.t.JMeterThread: Stopping because end time detected by thread: S2 1-623
2026-10-03 17:19:01,341 INFO o.a.j.t.JMeterThread: Thread finished: S2 1-623
2026-10-03 17:19:01,346 INFO o.a.j.t.JMeterThread: Stopping because end time detected by thread: S2 1-680
2026-10-03 17:19:01,346 INFO o.a.j.t.JMeterThread: Thread finished: S2 1-680
2026-10-03 17:19:01,354 INFO o.a.j.t.JMeterThread: Stopping because end time detected by thread: S2 1-199
2026-10-03 17:19:01,354 INFO o.a.j.t.JMeterThread: Thread finished: S2 1-199
2026-10-03 17:19:01,355 INFO o.a.j.t.JMeterThread: Stopping because end time detected by thread: S2 1-961
2026-10-03 17:19:01,355 INFO o.a.j.t.JMeterThread: Thread finished: S2 1-961
2026-10-03 17:19:01,356 INFO o.a.j.t.JMeterThread: Stopping because end time detected by thread: S2 1-740
2026-10-03 17:19:01,356 INFO o.a.j.t.JMeterThread: Thread finished: S2 1-740
2026-10-03 17:19:01,420 INFO o.a.j.t.JMeterThread: Stopping because end time detected by thread: S2 1-309
2026-10-03 17:19:01,420 INFO o.a.j.t.JMeterThread: Thread finished: S2 1-309
2026-10-03 17:19:01,433 INFO o.a.j.t.JMeterThread: Stopping because end time detected by thread: S2 1-221
2026-10-03 17:19:01,433 INFO o.a.j.t.JMeterThread: Thread finished: S2 1-221
2026-10-03 17:19:01,443 INFO o.a.j.t.JMeterThread: Stopping because end time detected by thread: S2 1-75
2026-10-03 17:19:01,443 INFO o.a.j.t.JMeterThread: Stopping because end time detected by thread: S2 1-182
2026-10-03 17:19:01,443 INFO o.a.j.t.JMeterThread: Thread finished: S2 1-75
2026-10-03 17:19:01,443 INFO o.a.j.t.JMeterThread: Thread finished: S2 1-182
2026-10-03 17:19:01,451 INFO o.a.j.t.JMeterThread: Stopping because end time detected by thread: S2 1-64
2026-10-03 17:19:01,451 INFO o.a.j.t.JMeterThread: Thread finished: S2 1-64
2026-10-03 17:19:01,452 INFO o.a.j.t.JMeterThread: Stopping because end time detected by thread: S2 1-712
2026-10-03 17:19:01,452 INFO o.a.j.t.JMeterThread: Thread finished: S2 1-712
2026-10-03 17:19:01,453 INFO o.a.j.t.JMeterThread: Stopping because end time detected by thread: S2 1-413
2026-10-03 17:19:01,453 INFO o.a.j.t.JMeterThread: Thread finished: S2 1-413
2026-10-03 17:19:01,453 INFO o.a.j.t.JMeterThread: Stopping because end time detected by thread: S2 1-279
2026-10-03 17:19:01,453 INFO o.a.j.t.JMeterThread: Thread finished: S2 1-279
2026-10-03 17:19:01,459 INFO o.a.j.t.JMeterThread: Stopping because end time detected by thread: S2 1-34
2026-10-03 17:19:01,459 INFO o.a.j.t.JMeterThread: Thread finished: S2 1-34
2026-10-03 17:19:01,522 INFO o.a.j.t.JMeterThread: Stopping because end time detected by thread: S2 1-295
2026-10-03 17:19:01,522 INFO o.a.j.t.JMeterThread: Thread finished: S2 1-295
2026-10-03 17:19:01,524 INFO o.a.j.t.JMeterThread: Stopping because end time detected by thread: S2 1-730
2026-10-03 17:19:01,524 INFO o.a.j.t.JMeterThread: Thread finished: S2 1-730
2026-10-03 17:19:01,527 INFO o.a.j.t.JMeterThread: Stopping because end time detected by thread: S2 1-732
2026-10-03 17:19:01,527 INFO o.a.j.t.JMeterThread: Thread finished: S2 1-732
2026-10-03 17:19:01,527 INFO o.a.j.t.JMeterThread: Stopping because end time detected by thread: S2 1-619
2026-10-03 17:19:01,527 INFO o.a.j.t.JMeterThread: Thread finished: S2 1-619
2026-10-03 17:19:01,531 INFO o.a.j.t.JMeterThread: Stopping because end time detected by thread: S2 1-368
2026-10-03 17:19:01,531 INFO o.a.j.t.JMeterThread: Thread finished: S2 1-368
2026-10-03 17:19:01,532 INFO o.a.j.t.JMeterThread: Stopping because end time detected by thread: S2 1-698
2026-10-03 17:19:01,532 INFO o.a.j.t.JMeterThread: Thread finished: S2 1-698
2026-10-03 17:19:01,547 INFO o.a.j.t.JMeterThread: Stopping because end time detected by thread: S2 1-204
2026-10-03 17:19:01,547 INFO o.a.j.t.JMeterThread: Stopping because end time detected by thread: S2 1-399
2026-10-03 17:19:01,547 INFO o.a.j.t.JMeterThread: Thread finished: S2 1-204
2026-10-03 17:19:01,550 INFO o.a.j.t.JMeterThread: Thread finished: S2 1-399
2026-10-03 17:19:01,553 INFO o.a.j.t.JMeterThread: Stopping because end time detected by thread: S2 1-238
2026-10-03 17:19:01,554 INFO o.a.j.t.JMeterThread: Thread finished: S2 1-238
2026-10-03 17:19:01,558 INFO o.a.j.t.JMeterThread: Stopping because end time detected by thread: S2 1-135
2026-10-03 17:19:01,558 INFO o.a.j.t.JMeterThread: Stopping because end time detected by thread: S2 1-564
2026-10-03 17:19:01,558 INFO o.a.j.t.JMeterThread: Thread finished: S2 1-135
2026-10-03 17:19:01,558 INFO o.a.j.t.JMeterThread: Thread finished: S2 1-564
2026-10-03 17:19:01,558 INFO o.a.j.t.JMeterThread: Stopping because end time detected by thread: S2 1-734
2026-10-03 17:19:01,558 INFO o.a.j.t.JMeterThread: Thread finished: S2 1-734
2026-10-03 17:19:01,620 INFO o.a.j.t.JMeterThread: Stopping because end time detected by thread: S2 1-373
2026-10-03 17:19:01,620 INFO o.a.j.t.JMeterThread: Thread finished: S2 1-373
2026-10-03 17:19:01,623 INFO o.a.j.t.JMeterThread: Stopping because end time detected by thread: S2 1-27
2026-10-03 17:19:01,623 INFO o.a.j.t.JMeterThread: Thread finished: S2 1-27
2026-10-03 17:19:01,624 INFO o.a.j.t.JMeterThread: Stopping because end time detected by thread: S2 1-124
2026-10-03 17:19:01,624 INFO o.a.j.t.JMeterThread: Thread finished: S2 1-124
2026-10-03 17:19:01,624 INFO o.a.j.t.JMeterThread: Stopping because end time detected by thread: S2 1-180
2026-10-03 17:19:01,624 INFO o.a.j.t.JMeterThread: Thread finished: S2 1-180
2026-10-03 17:19:01,624 INFO o.a.j.t.JMeterThread: Stopping because end time detected by thread: S2 1-348
2026-10-03 17:19:01,624 INFO o.a.j.t.JMeterThread: Thread finished: S2 1-348
2026-10-03 17:19:01,625 INFO o.a.j.t.JMeterThread: Stopping because end time detected by thread: S2 1-242
2026-10-03 17:19:01,625 INFO o.a.j.t.JMeterThread: Thread finished: S2 1-242
2026-10-03 17:19:01,625 INFO o.a.j.t.JMeterThread: Stopping because end time detected by thread: S2 1-540
2026-10-03 17:19:01,625 INFO o.a.j.t.JMeterThread: Thread finished: S2 1-540
2026-10-03 17:19:01,625 INFO o.a.j.t.JMeterThread: Stopping because end time detected by thread: S2 1-981
2026-10-03 17:19:01,625 INFO o.a.j.t.JMeterThread: Thread finished: S2 1-981
2026-10-03 17:19:01,629 INFO o.a.j.t.JMeterThread: Stopping because end time detected by thread: S2 1-651
2026-10-03 17:19:01,629 INFO o.a.j.t.JMeterThread: Thread finished: S2 1-651
2026-10-03 17:19:01,629 INFO o.a.j.t.JMeterThread: Stopping because end time detected by thread: S2 1-682
2026-10-03 17:19:01,629 INFO o.a.j.t.JMeterThread: Thread finished: S2 1-682
2026-10-03 17:19:01,636 INFO o.a.j.t.JMeterThread: Stopping because end time detected by thread: S2 1-140
2026-10-03 17:19:01,636 INFO o.a.j.t.JMeterThread: Thread finished: S2 1-140
2026-10-03 17:19:01,637 INFO o.a.j.t.JMeterThread: Stopping because end time detected by thread: S2 1-246
2026-10-03 17:19:01,637 INFO o.a.j.t.JMeterThread: Thread finished: S2 1-246
2026-10-03 17:19:01,640 INFO o.a.j.t.JMeterThread: Stopping because end time detected by thread: S2 1-529
2026-10-03 17:19:01,640 INFO o.a.j.t.JMeterThread: Thread finished: S2 1-529
2026-10-03 17:19:01,642 INFO o.a.j.t.JMeterThread: Stopping because end time detected by thread: S2 1-996
2026-10-03 17:19:01,642 INFO o.a.j.t.JMeterThread: Thread finished: S2 1-996
2026-10-03 17:19:01,644 INFO o.a.j.t.JMeterThread: Stopping because end time detected by thread: S2 1-746
2026-10-03 17:19:01,644 INFO o.a.j.t.JMeterThread: Thread finished: S2 1-746
2026-10-03 17:19:01,651 INFO o.a.j.t.JMeterThread: Stopping because end time detected by thread: S2 1-236
2026-10-03 17:19:01,652 INFO o.a.j.t.JMeterThread: Thread finished: S2 1-236
2026-10-03 17:19:01,659 INFO o.a.j.t.JMeterThread: Stopping because end time detected by thread: S2 1-742
2026-10-03 17:19:01,660 INFO o.a.j.t.JMeterThread: Thread finished: S2 1-742
2026-10-03 17:19:01,726 INFO o.a.j.t.JMeterThread: Stopping because end time detected by thread: S2 1-47
2026-10-03 17:19:01,726 INFO o.a.j.t.JMeterThread: Thread finished: S2 1-47
2026-10-03 17:19:01,727 INFO o.a.j.t.JMeterThread: Stopping because end time detected by thread: S2 1-744
2026-10-03 17:19:01,727 INFO o.a.j.t.JMeterThread: Thread finished: S2 1-744
2026-10-03 17:19:01,730 INFO o.a.j.t.JMeterThread: Stopping because end time detected by thread: S2 1-583
2026-10-03 17:19:01,730 INFO o.a.j.t.JMeterThread: Thread finished: S2 1-583
2026-10-03 17:19:01,731 INFO o.a.j.t.JMeterThread: Stopping because end time detected by thread: S2 1-666
2026-10-03 17:19:01,731 INFO o.a.j.t.JMeterThread: Thread finished: S2 1-666
2026-10-03 17:19:01,731 INFO o.a.j.t.JMeterThread: Stopping because end time detected by thread: S2 1-977
2026-10-03 17:19:01,731 INFO o.a.j.t.JMeterThread: Stopping because end time detected by thread: S2 1-598
2026-10-03 17:19:01,731 INFO o.a.j.t.JMeterThread: Thread finished: S2 1-977
2026-10-03 17:19:01,731 INFO o.a.j.t.JMeterThread: Thread finished: S2 1-598
2026-10-03 17:19:01,734 INFO o.a.j.t.JMeterThread: Stopping because end time detected by thread: S2 1-683
2026-10-03 17:19:01,734 INFO o.a.j.t.JMeterThread: Stopping because end time detected by thread: S2 1-240
2026-10-03 17:19:01,734 INFO o.a.j.t.JMeterThread: Thread finished: S2 1-683
2026-10-03 17:19:01,734 INFO o.a.j.t.JMeterThread: Thread finished: S2 1-240
2026-10-03 17:19:01,734 INFO o.a.j.t.JMeterThread: Stopping because end time detected by thread: S2 1-172
2026-10-03 17:19:01,734 INFO o.a.j.t.JMeterThread: Thread finished: S2 1-172
2026-10-03 17:19:01,743 INFO o.a.j.t.JMeterThread: Stopping because end time detected by thread: S2 1-6
2026-10-03 17:19:01,743 INFO o.a.j.t.JMeterThread: Thread finished: S2 1-6
2026-10-03 17:19:01,748 INFO o.a.j.t.JMeterThread: Stopping because end time detected by thread: S2 1-334
2026-10-03 17:19:01,748 INFO o.a.j.t.JMeterThread: Thread finished: S2 1-334
2026-10-03 17:19:01,753 INFO o.a.j.t.JMeterThread: Stopping because end time detected by thread: S2 1-607
2026-10-03 17:19:01,753 INFO o.a.j.t.JMeterThread: Thread finished: S2 1-607
2026-10-03 17:19:01,753 INFO o.a.j.t.JMeterThread: Stopping because end time detected by thread: S2 1-800
2026-10-03 17:19:01,753 INFO o.a.j.t.JMeterThread: Thread finished: S2 1-800
2026-10-03 17:19:01,823 INFO o.a.j.t.JMeterThread: Stopping because end time detected by thread: S2 1-367
2026-10-03 17:19:01,823 INFO o.a.j.t.JMeterThread: Thread finished: S2 1-367
2026-10-03 17:19:01,825 INFO o.a.j.t.JMeterThread: Stopping because end time detected by thread: S2 1-750
2026-10-03 17:19:01,825 INFO o.a.j.t.JMeterThread: Thread finished: S2 1-750
2026-10-03 17:19:01,827 INFO o.a.j.t.JMeterThread: Stopping because end time detected by thread: S2 1-145
2026-10-03 17:19:01,827 INFO o.a.j.t.JMeterThread: Thread finished: S2 1-145
2026-10-03 17:19:01,830 INFO o.a.j.t.JMeterThread: Stopping because end time detected by thread: S2 1-772
2026-10-03 17:19:01,830 INFO o.a.j.t.JMeterThread: Thread finished: S2 1-772
2026-10-03 17:19:01,831 INFO o.a.j.t.JMeterThread: Stopping because end time detected by thread: S2 1-326
2026-10-03 17:19:01,831 INFO o.a.j.t.JMeterThread: Thread finished: S2 1-326
2026-10-03 17:19:01,835 INFO o.a.j.t.JMeterThread: Stopping because end time detected by thread: S2 1-337
2026-10-03 17:19:01,835 INFO o.a.j.t.JMeterThread: Thread finished: S2 1-337
2026-10-03 17:19:01,836 INFO o.a.j.t.JMeterThread: Stopping because end time detected by thread: S2 1-223
2026-10-03 17:19:01,836 INFO o.a.j.t.JMeterThread: Thread finished: S2 1-223
2026-10-03 17:19:01,838 INFO o.a.j.t.JMeterThread: Stopping because end time detected by thread: S2 1-202
2026-10-03 17:19:01,838 INFO o.a.j.t.JMeterThread: Thread finished: S2 1-202
2026-10-03 17:19:01,840 INFO o.a.j.t.JMeterThread: Stopping because end time detected by thread: S2 1-625
2026-10-03 17:19:01,840 INFO o.a.j.t.JMeterThread: Thread finished: S2 1-625
2026-10-03 17:19:01,845 INFO o.a.j.t.JMeterThread: Stopping because end time detected by thread: S2 1-393
2026-10-03 17:19:01,845 INFO o.a.j.t.JMeterThread: Thread finished: S2 1-393
2026-10-03 17:19:01,846 INFO o.a.j.t.JMeterThread: Stopping because end time detected by thread: S2 1-693
2026-10-03 17:19:01,846 INFO o.a.j.t.JMeterThread: Thread finished: S2 1-693
2026-10-03 17:19:01,852 INFO o.a.j.t.JMeterThread: Stopping because end time detected by thread: S2 1-153
2026-10-03 17:19:01,852 INFO o.a.j.t.JMeterThread: Thread finished: S2 1-153
2026-10-03 17:19:01,853 INFO o.a.j.t.JMeterThread: Stopping because end time detected by thread: S2 1-157
2026-10-03 17:19:01,853 INFO o.a.j.t.JMeterThread: Thread finished: S2 1-157
2026-10-03 17:19:01,854 INFO o.a.j.t.JMeterThread: Stopping because end time detected by thread: S2 1-969
2026-10-03 17:19:01,854 INFO o.a.j.t.JMeterThread: Thread finished: S2 1-969
2026-10-03 17:19:01,857 INFO o.a.j.t.JMeterThread: Stopping because end time detected by thread: S2 1-560
2026-10-03 17:19:01,858 INFO o.a.j.t.JMeterThread: Thread finished: S2 1-560
2026-10-03 17:19:01,920 INFO o.a.j.t.JMeterThread: Stopping because end time detected by thread: S2 1-631
2026-10-03 17:19:01,920 INFO o.a.j.t.JMeterThread: Thread finished: S2 1-631
2026-10-03 17:19:01,929 INFO o.a.j.t.JMeterThread: Stopping because end time detected by thread: S2 1-748
2026-10-03 17:19:01,929 INFO o.a.j.t.JMeterThread: Thread finished: S2 1-748
2026-10-03 17:19:01,929 INFO o.a.j.t.JMeterThread: Stopping because end time detected by thread: S2 1-686
2026-10-03 17:19:01,930 INFO o.a.j.t.JMeterThread: Thread finished: S2 1-686
2026-10-03 17:19:01,929 INFO o.a.j.t.JMeterThread: Stopping because end time detected by thread: S2 1-993
2026-10-03 17:19:01,931 INFO o.a.j.t.JMeterThread: Thread finished: S2 1-993
2026-10-03 17:19:01,932 INFO o.a.j.t.JMeterThread: Stopping because end time detected by thread: S2 1-978
2026-10-03 17:19:01,932 INFO o.a.j.t.JMeterThread: Thread finished: S2 1-978
2026-10-03 17:19:01,949 INFO o.a.j.t.JMeterThread: Stopping because end time detected by thread: S2 1-194
2026-10-03 17:19:01,949 INFO o.a.j.t.JMeterThread: Thread finished: S2 1-194
2026-10-03 17:19:01,949 INFO o.a.j.t.JMeterThread: Stopping because end time detected by thread: S2 1-44
2026-10-03 17:19:01,949 INFO o.a.j.t.JMeterThread: Thread finished: S2 1-44
2026-10-03 17:19:01,950 INFO o.a.j.t.JMeterThread: Stopping because end time detected by thread: S2 1-24
2026-10-03 17:19:01,950 INFO o.a.j.t.JMeterThread: Thread finished: S2 1-24
2026-10-03 17:19:01,953 INFO o.a.j.t.JMeterThread: Stopping because end time detected by thread: S2 1-788
2026-10-03 17:19:01,953 INFO o.a.j.t.JMeterThread: Thread finished: S2 1-788
2026-10-03 17:19:01,954 INFO o.a.j.t.JMeterThread: Stopping because end time detected by thread: S2 1-707
2026-10-03 17:19:01,954 INFO o.a.j.t.JMeterThread: Thread finished: S2 1-707
2026-10-03 17:19:01,955 INFO o.a.j.t.JMeterThread: Stopping because end time detected by thread: S2 1-608
2026-10-03 17:19:01,955 INFO o.a.j.t.JMeterThread: Stopping because end time detected by thread: S2 1-298
2026-10-03 17:19:01,955 INFO o.a.j.t.JMeterThread: Thread finished: S2 1-608
2026-10-03 17:19:01,955 INFO o.a.j.t.JMeterThread: Thread finished: S2 1-298
2026-10-03 17:19:02,024 INFO o.a.j.t.JMeterThread: Stopping because end time detected by thread: S2 1-417
2026-10-03 17:19:02,025 INFO o.a.j.t.JMeterThread: Thread finished: S2 1-417
2026-10-03 17:19:02,025 INFO o.a.j.t.JMeterThread: Stopping because end time detected by thread: S2 1-253
2026-10-03 17:19:02,025 INFO o.a.j.t.JMeterThread: Thread finished: S2 1-253
2026-10-03 17:19:02,025 INFO o.a.j.t.JMeterThread: Stopping because end time detected by thread: S2 1-376
2026-10-03 17:19:02,025 INFO o.a.j.t.JMeterThread: Thread finished: S2 1-376
2026-10-03 17:19:02,027 INFO o.a.j.t.JMeterThread: Stopping because end time detected by thread: S2 1-134
2026-10-03 17:19:02,027 INFO o.a.j.t.JMeterThread: Thread finished: S2 1-134
2026-10-03 17:19:02,028 INFO o.a.j.t.JMeterThread: Stopping because end time detected by thread: S2 1-33
2026-10-03 17:19:02,028 INFO o.a.j.t.JMeterThread: Thread finished: S2 1-33
2026-10-03 17:19:02,031 INFO o.a.j.t.JMeterThread: Stopping because end time detected by thread: S2 1-113
2026-10-03 17:19:02,032 INFO o.a.j.t.JMeterThread: Thread finished: S2 1-113
2026-10-03 17:19:02,033 INFO o.a.j.t.JMeterThread: Stopping because end time detected by thread: S2 1-823
2026-10-03 17:19:02,033 INFO o.a.j.t.JMeterThread: Thread finished: S2 1-823
2026-10-03 17:19:02,034 INFO o.a.j.t.JMeterThread: Stopping because end time detected by thread: S2 1-107
2026-10-03 17:19:02,034 INFO o.a.j.t.JMeterThread: Thread finished: S2 1-107
2026-10-03 17:19:02,043 INFO o.a.j.t.JMeterThread: Stopping because end time detected by thread: S2 1-362
2026-10-03 17:19:02,043 INFO o.a.j.t.JMeterThread: Thread finished: S2 1-362
2026-10-03 17:19:02,044 INFO o.a.j.t.JMeterThread: Stopping because end time detected by thread: S2 1-97
2026-10-03 17:19:02,044 INFO o.a.j.t.JMeterThread: Thread finished: S2 1-97
2026-10-03 17:19:02,045 INFO o.a.j.t.JMeterThread: Stopping because end time detected by thread: S2 1-80
2026-10-03 17:19:02,045 INFO o.a.j.t.JMeterThread: Thread finished: S2 1-80
2026-10-03 17:19:02,048 INFO o.a.j.t.JMeterThread: Stopping because end time detected by thread: S2 1-736
2026-10-03 17:19:02,048 INFO o.a.j.t.JMeterThread: Stopping because end time detected by thread: S2 1-190
2026-10-03 17:19:02,048 INFO o.a.j.t.JMeterThread: Thread finished: S2 1-736
2026-10-03 17:19:02,048 INFO o.a.j.t.JMeterThread: Thread finished: S2 1-190
2026-10-03 17:19:02,049 INFO o.a.j.t.JMeterThread: Stopping because end time detected by thread: S2 1-160
2026-10-03 17:19:02,049 INFO o.a.j.t.JMeterThread: Thread finished: S2 1-160
2026-10-03 17:19:02,051 INFO o.a.j.t.JMeterThread: Stopping because end time detected by thread: S2 1-121
2026-10-03 17:19:02,051 INFO o.a.j.t.JMeterThread: Thread finished: S2 1-121
2026-10-03 17:19:02,051 INFO o.a.j.t.JMeterThread: Stopping because end time detected by thread: S2 1-150
2026-10-03 17:19:02,051 INFO o.a.j.t.JMeterThread: Thread finished: S2 1-150
2026-10-03 17:19:02,053 INFO o.a.j.t.JMeterThread: Stopping because end time detected by thread: S2 1-372
2026-10-03 17:19:02,054 INFO o.a.j.t.JMeterThread: Thread finished: S2 1-372
2026-10-03 17:19:02,055 INFO o.a.j.t.JMeterThread: Stopping because end time detected by thread: S2 1-98
2026-10-03 17:19:02,055 INFO o.a.j.t.JMeterThread: Thread finished: S2 1-98
2026-10-03 17:19:02,058 INFO o.a.j.t.JMeterThread: Stopping because end time detected by thread: S2 1-350
2026-10-03 17:19:02,058 INFO o.a.j.t.JMeterThread: Thread finished: S2 1-350
2026-10-03 17:19:02,120 INFO o.a.j.t.JMeterThread: Stopping because end time detected by thread: S2 1-178
2026-10-03 17:19:02,120 INFO o.a.j.t.JMeterThread: Thread finished: S2 1-178
2026-10-03 17:19:02,123 INFO o.a.j.t.JMeterThread: Stopping because end time detected by thread: S2 1-770
2026-10-03 17:19:02,124 INFO o.a.j.t.JMeterThread: Thread finished: S2 1-770
2026-10-03 17:19:02,126 INFO o.a.j.t.JMeterThread: Stopping because end time detected by thread: S2 1-999
2026-10-03 17:19:02,126 INFO o.a.j.t.JMeterThread: Thread finished: S2 1-999
2026-10-03 17:19:02,131 INFO o.a.j.t.JMeterThread: Stopping because end time detected by thread: S2 1-49
2026-10-03 17:19:02,131 INFO o.a.j.t.JMeterThread: Thread finished: S2 1-49
2026-10-03 17:19:02,140 INFO o.a.j.t.JMeterThread: Stopping because end time detected by thread: S2 1-764
2026-10-03 17:19:02,140 INFO o.a.j.t.JMeterThread: Thread finished: S2 1-764
2026-10-03 17:19:02,141 INFO o.a.j.t.JMeterThread: Stopping because end time detected by thread: S2 1-836
2026-10-03 17:19:02,141 INFO o.a.j.t.JMeterThread: Thread finished: S2 1-836
2026-10-03 17:19:02,142 INFO o.a.j.t.JMeterThread: Stopping because end time detected by thread: S2 1-552
2026-10-03 17:19:02,142 INFO o.a.j.t.JMeterThread: Thread finished: S2 1-552
2026-10-03 17:19:02,144 INFO o.a.j.t.JMeterThread: Stopping because end time detected by thread: S2 1-796
2026-10-03 17:19:02,144 INFO o.a.j.t.JMeterThread: Thread finished: S2 1-796
2026-10-03 17:19:02,145 INFO o.a.j.t.JMeterThread: Stopping because end time detected by thread: S2 1-760
2026-10-03 17:19:02,145 INFO o.a.j.t.JMeterThread: Thread finished: S2 1-760
2026-10-03 17:19:02,147 INFO o.a.j.t.JMeterThread: Stopping because end time detected by thread: S2 1-93
2026-10-03 17:19:02,147 INFO o.a.j.t.JMeterThread: Thread finished: S2 1-93
2026-10-03 17:19:02,149 INFO o.a.j.t.JMeterThread: Stopping because end time detected by thread: S2 1-319
2026-10-03 17:19:02,149 INFO o.a.j.t.JMeterThread: Thread finished: S2 1-319
2026-10-03 17:19:02,149 INFO o.a.j.t.JMeterThread: Stopping because end time detected by thread: S2 1-784
2026-10-03 17:19:02,149 INFO o.a.j.t.JMeterThread: Thread finished: S2 1-784
2026-10-03 17:19:02,152 INFO o.a.j.t.JMeterThread: Stopping because end time detected by thread: S2 1-572
2026-10-03 17:19:02,152 INFO o.a.j.t.JMeterThread: Thread finished: S2 1-572
2026-10-03 17:19:02,154 INFO o.a.j.t.JMeterThread: Stopping because end time detected by thread: S2 1-747
2026-10-03 17:19:02,154 INFO o.a.j.t.JMeterThread: Thread finished: S2 1-747
2026-10-03 17:19:02,223 INFO o.a.j.t.JMeterThread: Stopping because end time detected by thread: S2 1-396
2026-10-03 17:19:02,227 INFO o.a.j.t.JMeterThread: Thread finished: S2 1-396
2026-10-03 17:19:02,225 INFO o.a.j.t.JMeterThread: Stopping because end time detected by thread: S2 1-804
2026-10-03 17:19:02,224 INFO o.a.j.t.JMeterThread: Stopping because end time detected by thread: S2 1-1000
2026-10-03 17:19:02,227 INFO o.a.j.t.JMeterThread: Thread finished: S2 1-804
2026-10-03 17:19:02,227 INFO o.a.j.t.JMeterThread: Thread finished: S2 1-1000
2026-10-03 17:19:02,229 INFO o.a.j.t.JMeterThread: Stopping because end time detected by thread: S2 1-655
2026-10-03 17:19:02,229 INFO o.a.j.t.JMeterThread: Thread finished: S2 1-655
2026-10-03 17:19:02,231 INFO o.a.j.t.JMeterThread: Stopping because end time detected by thread: S2 1-66
2026-10-03 17:19:02,231 INFO o.a.j.t.JMeterThread: Thread finished: S2 1-66
2026-10-03 17:19:02,232 INFO o.a.j.t.JMeterThread: Stopping because end time detected by thread: S2 1-16
2026-10-03 17:19:02,232 INFO o.a.j.t.JMeterThread: Thread finished: S2 1-16
2026-10-03 17:19:02,233 INFO o.a.j.t.JMeterThread: Stopping because end time detected by thread: S2 1-243
2026-10-03 17:19:02,233 INFO o.a.j.t.JMeterThread: Thread finished: S2 1-243
2026-10-03 17:19:02,235 INFO o.a.j.t.JMeterThread: Stopping because end time detected by thread: S2 1-639
2026-10-03 17:19:02,235 INFO o.a.j.t.JMeterThread: Thread finished: S2 1-639
2026-10-03 17:19:02,242 INFO o.a.j.t.JMeterThread: Stopping because end time detected by thread: S2 1-55
2026-10-03 17:19:02,243 INFO o.a.j.t.JMeterThread: Thread finished: S2 1-55
2026-10-03 17:19:02,247 INFO o.a.j.t.JMeterThread: Stopping because end time detected by thread: S2 1-675
2026-10-03 17:19:02,247 INFO o.a.j.t.JMeterThread: Thread finished: S2 1-675
2026-10-03 17:19:02,255 INFO o.a.j.t.JMeterThread: Stopping because end time detected by thread: S2 1-210
2026-10-03 17:19:02,255 INFO o.a.j.t.JMeterThread: Thread finished: S2 1-210
2026-10-03 17:19:02,256 INFO o.a.j.t.JMeterThread: Stopping because end time detected by thread: S2 1-973
2026-10-03 17:19:02,256 INFO o.a.j.t.JMeterThread: Thread finished: S2 1-973
2026-10-03 17:19:02,323 INFO o.a.j.t.JMeterThread: Stopping because end time detected by thread: S2 1-235
2026-10-03 17:19:02,323 INFO o.a.j.t.JMeterThread: Thread finished: S2 1-235
2026-10-03 17:19:02,324 INFO o.a.j.t.JMeterThread: Stopping because end time detected by thread: S2 1-354
2026-10-03 17:19:02,324 INFO o.a.j.t.JMeterThread: Thread finished: S2 1-354
2026-10-03 17:19:02,325 INFO o.a.j.t.JMeterThread: Stopping because end time detected by thread: S2 1-331
2026-10-03 17:19:02,325 INFO o.a.j.t.JMeterThread: Thread finished: S2 1-331
2026-10-03 17:19:02,327 INFO o.a.j.t.JMeterThread: Stopping because end time detected by thread: S2 1-371
2026-10-03 17:19:02,327 INFO o.a.j.t.JMeterThread: Thread finished: S2 1-371
2026-10-03 17:19:02,328 INFO o.a.j.t.JMeterThread: Stopping because end time detected by thread: S2 1-782
2026-10-03 17:19:02,328 INFO o.a.j.t.JMeterThread: Thread finished: S2 1-782
2026-10-03 17:19:02,329 INFO o.a.j.t.JMeterThread: Stopping because end time detected by thread: S2 1-378
2026-10-03 17:19:02,329 INFO o.a.j.t.JMeterThread: Thread finished: S2 1-378
2026-10-03 17:19:02,329 INFO o.a.j.t.JMeterThread: Stopping because end time detected by thread: S2 1-379
2026-10-03 17:19:02,329 INFO o.a.j.t.JMeterThread: Thread finished: S2 1-379
2026-10-03 17:19:02,339 INFO o.a.j.t.JMeterThread: Stopping because end time detected by thread: S2 1-18
2026-10-03 17:19:02,339 INFO o.a.j.t.JMeterThread: Stopping because end time detected by thread: S2 1-222
2026-10-03 17:19:02,339 INFO o.a.j.t.JMeterThread: Thread finished: S2 1-18
2026-10-03 17:19:02,339 INFO o.a.j.t.JMeterThread: Thread finished: S2 1-222
2026-10-03 17:19:02,342 INFO o.a.j.t.JMeterThread: Stopping because end time detected by thread: S2 1-418
2026-10-03 17:19:02,343 INFO o.a.j.t.JMeterThread: Thread finished: S2 1-418
2026-10-03 17:19:02,346 INFO o.a.j.t.JMeterThread: Stopping because end time detected by thread: S2 1-370
2026-10-03 17:19:02,346 INFO o.a.j.t.JMeterThread: Thread finished: S2 1-370
2026-10-03 17:19:02,347 INFO o.a.j.t.JMeterThread: Stopping because end time detected by thread: S2 1-139
2026-10-03 17:19:02,347 INFO o.a.j.t.JMeterThread: Thread finished: S2 1-139
2026-10-03 17:19:02,348 INFO o.a.j.t.JMeterThread: Stopping because end time detected by thread: S2 1-633
2026-10-03 17:19:02,348 INFO o.a.j.t.JMeterThread: Thread finished: S2 1-633
2026-10-03 17:19:02,351 INFO o.a.j.t.JMeterThread: Stopping because end time detected by thread: S2 1-318
2026-10-03 17:19:02,351 INFO o.a.j.t.JMeterThread: Thread finished: S2 1-318
2026-10-03 17:19:02,352 INFO o.a.j.t.JMeterThread: Stopping because end time detected by thread: S2 1-711
2026-10-03 17:19:02,352 INFO o.a.j.t.JMeterThread: Thread finished: S2 1-711
2026-10-03 17:19:02,355 INFO o.a.j.t.JMeterThread: Stopping because end time detected by thread: S2 1-580
2026-10-03 17:19:02,355 INFO o.a.j.t.JMeterThread: Thread finished: S2 1-580
2026-10-03 17:19:02,356 INFO o.a.j.t.JMeterThread: Stopping because end time detected by thread: S2 1-184
2026-10-03 17:19:02,356 INFO o.a.j.t.JMeterThread: Thread finished: S2 1-184
2026-10-03 17:19:02,425 INFO o.a.j.t.JMeterThread: Stopping because end time detected by thread: S2 1-250
2026-10-03 17:19:02,425 INFO o.a.j.t.JMeterThread: Thread finished: S2 1-250
2026-10-03 17:19:02,426 INFO o.a.j.t.JMeterThread: Stopping because end time detected by thread: S2 1-679
2026-10-03 17:19:02,426 INFO o.a.j.t.JMeterThread: Thread finished: S2 1-679
2026-10-03 17:19:02,428 INFO o.a.j.t.JMeterThread: Stopping because end time detected by thread: S2 1-165
2026-10-03 17:19:02,428 INFO o.a.j.t.JMeterThread: Thread finished: S2 1-165
2026-10-03 17:19:02,434 INFO o.a.j.t.JMeterThread: Stopping because end time detected by thread: S2 1-435
2026-10-03 17:19:02,434 INFO o.a.j.t.JMeterThread: Thread finished: S2 1-435
2026-10-03 17:19:02,440 INFO o.a.j.t.JMeterThread: Stopping because end time detected by thread: S2 1-84
2026-10-03 17:19:02,440 INFO o.a.j.t.JMeterThread: Thread finished: S2 1-84
2026-10-03 17:19:02,446 INFO o.a.j.t.JMeterThread: Stopping because end time detected by thread: S2 1-173
2026-10-03 17:19:02,447 INFO o.a.j.t.JMeterThread: Thread finished: S2 1-173
2026-10-03 17:19:02,447 INFO o.a.j.t.JMeterThread: Stopping because end time detected by thread: S2 1-723
2026-10-03 17:19:02,447 INFO o.a.j.t.JMeterThread: Thread finished: S2 1-723
2026-10-03 17:19:02,453 INFO o.a.j.t.JMeterThread: Stopping because end time detected by thread: S2 1-556
2026-10-03 17:19:02,453 INFO o.a.j.t.JMeterThread: Thread finished: S2 1-556
2026-10-03 17:19:02,457 INFO o.a.j.t.JMeterThread: Stopping because end time detected by thread: S2 1-568
2026-10-03 17:19:02,457 INFO o.a.j.t.JMeterThread: Thread finished: S2 1-568
2026-10-03 17:19:02,522 INFO o.a.j.t.JMeterThread: Stopping because end time detected by thread: S2 1-239
2026-10-03 17:19:02,522 INFO o.a.j.t.JMeterThread: Thread finished: S2 1-239
2026-10-03 17:19:02,523 INFO o.a.j.t.JMeterThread: Stopping because end time detected by thread: S2 1-214
2026-10-03 17:19:02,523 INFO o.a.j.t.JMeterThread: Thread finished: S2 1-214
2026-10-03 17:19:02,523 INFO o.a.j.t.JMeterThread: Stopping because end time detected by thread: S2 1-820
2026-10-03 17:19:02,523 INFO o.a.j.t.JMeterThread: Thread finished: S2 1-820
2026-10-03 17:19:02,527 INFO o.a.j.t.JMeterThread: Stopping because end time detected by thread: S2 1-706
2026-10-03 17:19:02,531 INFO o.a.j.t.JMeterThread: Thread finished: S2 1-706
2026-10-03 17:19:02,531 INFO o.a.j.t.JMeterThread: Stopping because end time detected by thread: S2 1-136
2026-10-03 17:19:02,531 INFO o.a.j.t.JMeterThread: Thread finished: S2 1-136
2026-10-03 17:19:02,532 INFO o.a.j.t.JMeterThread: Stopping because end time detected by thread: S2 1-647
2026-10-03 17:19:02,532 INFO o.a.j.t.JMeterThread: Thread finished: S2 1-647
2026-10-03 17:19:02,532 INFO o.a.j.t.JMeterThread: Stopping because end time detected by thread: S2 1-622
2026-10-03 17:19:02,532 INFO o.a.j.t.JMeterThread: Thread finished: S2 1-622
2026-10-03 17:19:02,539 INFO o.a.j.t.JMeterThread: Stopping because end time detected by thread: S2 1-776
2026-10-03 17:19:02,540 INFO o.a.j.t.JMeterThread: Thread finished: S2 1-776
2026-10-03 17:19:02,543 INFO o.a.j.t.JMeterThread: Stopping because end time detected by thread: S2 1-774
2026-10-03 17:19:02,543 INFO o.a.j.t.JMeterThread: Thread finished: S2 1-774
2026-10-03 17:19:02,545 INFO o.a.j.t.JMeterThread: Stopping because end time detected by thread: S2 1-323
2026-10-03 17:19:02,545 INFO o.a.j.t.JMeterThread: Thread finished: S2 1-323
2026-10-03 17:19:02,548 INFO o.a.j.t.JMeterThread: Stopping because end time detected by thread: S2 1-356
2026-10-03 17:19:02,548 INFO o.a.j.t.JMeterThread: Thread finished: S2 1-356
2026-10-03 17:19:02,549 INFO o.a.j.t.JMeterThread: Stopping because end time detected by thread: S2 1-644
2026-10-03 17:19:02,549 INFO o.a.j.t.JMeterThread: Thread finished: S2 1-644
2026-10-03 17:19:02,552 INFO o.a.j.t.JMeterThread: Stopping because end time detected by thread: S2 1-596
2026-10-03 17:19:02,552 INFO o.a.j.t.JMeterThread: Thread finished: S2 1-596
2026-10-03 17:19:02,553 INFO o.a.j.t.JMeterThread: Stopping because end time detected by thread: S2 1-754
2026-10-03 17:19:02,553 INFO o.a.j.t.JMeterThread: Thread finished: S2 1-754
2026-10-03 17:19:02,554 INFO o.a.j.t.JMeterThread: Stopping because end time detected by thread: S2 1-425
2026-10-03 17:19:02,554 INFO o.a.j.t.JMeterThread: Stopping because end time detected by thread: S2 1-92
2026-10-03 17:19:02,554 INFO o.a.j.t.JMeterThread: Thread finished: S2 1-425
2026-10-03 17:19:02,554 INFO o.a.j.t.JMeterThread: Thread finished: S2 1-92
2026-10-03 17:19:02,555 INFO o.a.j.t.JMeterThread: Stopping because end time detected by thread: S2 1-161
2026-10-03 17:19:02,555 INFO o.a.j.t.JMeterThread: Thread finished: S2 1-161
2026-10-03 17:19:02,557 INFO o.a.j.t.JMeterThread: Stopping because end time detected by thread: S2 1-374
2026-10-03 17:19:02,557 INFO o.a.j.t.JMeterThread: Thread finished: S2 1-374
2026-10-03 17:19:02,557 INFO o.a.j.t.JMeterThread: Stopping because end time detected by thread: S2 1-781
2026-10-03 17:19:02,557 INFO o.a.j.t.JMeterThread: Thread finished: S2 1-781
2026-10-03 17:19:02,627 INFO o.a.j.t.JMeterThread: Stopping because end time detected by thread: S2 1-89
2026-10-03 17:19:02,627 INFO o.a.j.t.JMeterThread: Stopping because end time detected by thread: S2 1-778
2026-10-03 17:19:02,627 INFO o.a.j.t.JMeterThread: Thread finished: S2 1-89
2026-10-03 17:19:02,628 INFO o.a.j.t.JMeterThread: Thread finished: S2 1-778
2026-10-03 17:19:02,628 INFO o.a.j.t.JMeterThread: Stopping because end time detected by thread: S2 1-303
2026-10-03 17:19:02,628 INFO o.a.j.t.JMeterThread: Thread finished: S2 1-303
2026-10-03 17:19:02,635 INFO o.a.j.t.JMeterThread: Stopping because end time detected by thread: S2 1-659
2026-10-03 17:19:02,635 INFO o.a.j.t.JMeterThread: Thread finished: S2 1-659
2026-10-03 17:19:02,635 INFO o.a.j.t.JMeterThread: Stopping because end time detected by thread: S2 1-663
2026-10-03 17:19:02,635 INFO o.a.j.t.JMeterThread: Thread finished: S2 1-663
2026-10-03 17:19:02,636 INFO o.a.j.t.JMeterThread: Stopping because end time detected by thread: S2 1-159
2026-10-03 17:19:02,636 INFO o.a.j.t.JMeterThread: Thread finished: S2 1-159
2026-10-03 17:19:02,637 INFO o.a.j.t.JMeterThread: Stopping because end time detected by thread: S2 1-9
2026-10-03 17:19:02,637 INFO o.a.j.t.JMeterThread: Thread finished: S2 1-9
2026-10-03 17:19:02,639 INFO o.a.j.t.JMeterThread: Stopping because end time detected by thread: S2 1-738
2026-10-03 17:19:02,639 INFO o.a.j.t.JMeterThread: Thread finished: S2 1-738
2026-10-03 17:19:02,642 INFO o.a.j.t.JMeterThread: Stopping because end time detected by thread: S2 1-406
2026-10-03 17:19:02,642 INFO o.a.j.t.JMeterThread: Thread finished: S2 1-406
2026-10-03 17:19:02,651 INFO o.a.j.t.JMeterThread: Stopping because end time detected by thread: S2 1-414
2026-10-03 17:19:02,652 INFO o.a.j.t.JMeterThread: Thread finished: S2 1-414
2026-10-03 17:19:02,652 INFO o.a.j.t.JMeterThread: Stopping because end time detected by thread: S2 1-88
2026-10-03 17:19:02,652 INFO o.a.j.t.JMeterThread: Thread finished: S2 1-88
2026-10-03 17:19:02,655 INFO o.a.j.t.JMeterThread: Stopping because end time detected by thread: S2 1-203
2026-10-03 17:19:02,655 INFO o.a.j.t.JMeterThread: Thread finished: S2 1-203
2026-10-03 17:19:02,657 INFO o.a.j.t.JMeterThread: Stopping because end time detected by thread: S2 1-715
2026-10-03 17:19:02,657 INFO o.a.j.t.JMeterThread: Thread finished: S2 1-715
2026-10-03 17:19:02,719 INFO o.a.j.t.JMeterThread: Stopping because end time detected by thread: S2 1-218
2026-10-03 17:19:02,719 INFO o.a.j.t.JMeterThread: Thread finished: S2 1-218
2026-10-03 17:19:02,722 INFO o.a.j.t.JMeterThread: Stopping because end time detected by thread: S2 1-449
2026-10-03 17:19:02,722 INFO o.a.j.t.JMeterThread: Thread finished: S2 1-449
2026-10-03 17:19:02,724 INFO o.a.j.t.JMeterThread: Stopping because end time detected by thread: S2 1-461
2026-10-03 17:19:02,724 INFO o.a.j.t.JMeterThread: Thread finished: S2 1-461
2026-10-03 17:19:02,724 INFO o.a.j.t.JMeterThread: Stopping because end time detected by thread: S2 1-828
2026-10-03 17:19:02,724 INFO o.a.j.t.JMeterThread: Thread finished: S2 1-828
2026-10-03 17:19:02,727 INFO o.a.j.t.JMeterThread: Stopping because end time detected by thread: S2 1-225
2026-10-03 17:19:02,727 INFO o.a.j.t.JMeterThread: Thread finished: S2 1-225
2026-10-03 17:19:02,730 INFO o.a.j.t.JMeterThread: Stopping because end time detected by thread: S2 1-445
2026-10-03 17:19:02,730 INFO o.a.j.t.JMeterThread: Thread finished: S2 1-445
2026-10-03 17:19:02,734 INFO o.a.j.t.JMeterThread: Stopping because end time detected by thread: S2 1-398
2026-10-03 17:19:02,734 INFO o.a.j.t.JMeterThread: Thread finished: S2 1-398
2026-10-03 17:19:02,742 INFO o.a.j.t.JMeterThread: Stopping because end time detected by thread: S2 1-766
2026-10-03 17:19:02,742 INFO o.a.j.t.JMeterThread: Thread finished: S2 1-766
2026-10-03 17:19:02,751 INFO o.a.j.t.JMeterThread: Stopping because end time detected by thread: S2 1-375
2026-10-03 17:19:02,751 INFO o.a.j.t.JMeterThread: Thread finished: S2 1-375
2026-10-03 17:19:02,752 INFO o.a.j.t.JMeterThread: Stopping because end time detected by thread: S2 1-151
2026-10-03 17:19:02,752 INFO o.a.j.t.JMeterThread: Thread finished: S2 1-151
2026-10-03 17:19:02,754 INFO o.a.j.t.JMeterThread: Stopping because end time detected by thread: S2 1-719
2026-10-03 17:19:02,754 INFO o.a.j.t.JMeterThread: Thread finished: S2 1-719
2026-10-03 17:19:02,758 INFO o.a.j.t.JMeterThread: Stopping because end time detected by thread: S2 1-443
2026-10-03 17:19:02,758 INFO o.a.j.t.JMeterThread: Thread finished: S2 1-443
2026-10-03 17:19:02,767 INFO o.a.j.t.JMeterThread: Stopping because end time detected by thread: S2 1-437
2026-10-03 17:19:02,767 INFO o.a.j.t.JMeterThread: Thread finished: S2 1-437
2026-10-03 17:19:02,819 INFO o.a.j.t.JMeterThread: Stopping because end time detected by thread: S2 1-446
2026-10-03 17:19:02,819 INFO o.a.j.t.JMeterThread: Thread finished: S2 1-446
2026-10-03 17:19:02,822 INFO o.a.j.t.JMeterThread: Stopping because end time detected by thread: S2 1-657
2026-10-03 17:19:02,822 INFO o.a.j.t.JMeterThread: Thread finished: S2 1-657
2026-10-03 17:19:02,827 INFO o.a.j.t.JMeterThread: Stopping because end time detected by thread: S2 1-637
2026-10-03 17:19:02,827 INFO o.a.j.t.JMeterThread: Thread finished: S2 1-637
2026-10-03 17:19:02,828 INFO o.a.j.t.JMeterThread: Stopping because end time detected by thread: S2 1-231
2026-10-03 17:19:02,828 INFO o.a.j.t.JMeterThread: Thread finished: S2 1-231
2026-10-03 17:19:02,829 INFO o.a.j.t.JMeterThread: Stopping because end time detected by thread: S2 1-30
2026-10-03 17:19:02,829 INFO o.a.j.t.JMeterThread: Thread finished: S2 1-30
2026-10-03 17:19:02,843 INFO o.a.j.t.JMeterThread: Stopping because end time detected by thread: S2 1-756
2026-10-03 17:19:02,843 INFO o.a.j.t.JMeterThread: Thread finished: S2 1-756
2026-10-03 17:19:02,847 INFO o.a.j.t.JMeterThread: Stopping because end time detected by thread: S2 1-860
2026-10-03 17:19:02,847 INFO o.a.j.t.JMeterThread: Thread finished: S2 1-860
2026-10-03 17:19:02,847 INFO o.a.j.t.JMeterThread: Stopping because end time detected by thread: S2 1-798
2026-10-03 17:19:02,847 INFO o.a.j.t.JMeterThread: Thread finished: S2 1-798
2026-10-03 17:19:02,852 INFO o.a.j.t.JMeterThread: Stopping because end time detected by thread: S2 1-327
2026-10-03 17:19:02,852 INFO o.a.j.t.JMeterThread: Thread finished: S2 1-327
2026-10-03 17:19:02,852 INFO o.a.j.t.JMeterThread: Stopping because end time detected by thread: S2 1-457
2026-10-03 17:19:02,853 INFO o.a.j.t.JMeterThread: Thread finished: S2 1-457
2026-10-03 17:19:02,854 INFO o.a.j.t.JMeterThread: Stopping because end time detected by thread: S2 1-790
2026-10-03 17:19:02,854 INFO o.a.j.t.JMeterThread: Thread finished: S2 1-790
2026-10-03 17:19:02,855 INFO o.a.j.t.JMeterThread: Stopping because end time detected by thread: S2 1-380
2026-10-03 17:19:02,855 INFO o.a.j.t.JMeterThread: Thread finished: S2 1-380
2026-10-03 17:19:02,856 INFO o.a.j.t.JMeterThread: Stopping because end time detected by thread: S2 1-101
2026-10-03 17:19:02,856 INFO o.a.j.t.JMeterThread: Thread finished: S2 1-101
2026-10-03 17:19:02,859 INFO o.a.j.t.JMeterThread: Stopping because end time detected by thread: S2 1-441
2026-10-03 17:19:02,859 INFO o.a.j.t.JMeterThread: Thread finished: S2 1-441
2026-10-03 17:19:02,927 INFO o.a.j.t.JMeterThread: Stopping because end time detected by thread: S2 1-212
2026-10-03 17:19:02,927 INFO o.a.j.t.JMeterThread: Thread finished: S2 1-212
2026-10-03 17:19:02,933 INFO o.a.j.t.JMeterThread: Stopping because end time detected by thread: S2 1-266
2026-10-03 17:19:02,933 INFO o.a.j.t.JMeterThread: Thread finished: S2 1-266
2026-10-03 17:19:02,933 INFO o.a.j.t.JMeterThread: Stopping because end time detected by thread: S2 1-315
2026-10-03 17:19:02,933 INFO o.a.j.t.JMeterThread: Thread finished: S2 1-315
2026-10-03 17:19:02,937 INFO o.a.j.t.JMeterThread: Stopping because end time detected by thread: S2 1-394
2026-10-03 17:19:02,937 INFO o.a.j.t.JMeterThread: Thread finished: S2 1-394
2026-10-03 17:19:02,944 INFO o.a.j.t.JMeterThread: Stopping because end time detected by thread: S2 1-627
2026-10-03 17:19:02,944 INFO o.a.j.t.JMeterThread: Thread finished: S2 1-627
2026-10-03 17:19:02,949 INFO o.a.j.t.JMeterThread: Stopping because end time detected by thread: S2 1-722
2026-10-03 17:19:02,949 INFO o.a.j.t.JMeterThread: Thread finished: S2 1-722
2026-10-03 17:19:02,951 INFO o.a.j.t.JMeterThread: Stopping because end time detected by thread: S2 1-13
2026-10-03 17:19:02,951 INFO o.a.j.t.JMeterThread: Thread finished: S2 1-13
2026-10-03 17:19:02,959 INFO o.a.j.t.JMeterThread: Stopping because end time detected by thread: S2 1-691
2026-10-03 17:19:02,959 INFO o.a.j.t.JMeterThread: Thread finished: S2 1-691
2026-10-03 17:19:03,019 INFO o.a.j.t.JMeterThread: Stopping because end time detected by thread: S2 1-67
2026-10-03 17:19:03,019 INFO o.a.j.t.JMeterThread: Thread finished: S2 1-67
2026-10-03 17:19:03,022 INFO o.a.j.t.JMeterThread: Stopping because end time detected by thread: S2 1-466
2026-10-03 17:19:03,022 INFO o.a.j.t.JMeterThread: Thread finished: S2 1-466
2026-10-03 17:19:03,025 INFO o.a.j.t.JMeterThread: Stopping because end time detected by thread: S2 1-727
2026-10-03 17:19:03,025 INFO o.a.j.t.JMeterThread: Thread finished: S2 1-727
2026-10-03 17:19:03,025 INFO o.a.j.t.JMeterThread: Stopping because end time detected by thread: S2 1-422
2026-10-03 17:19:03,025 INFO o.a.j.t.JMeterThread: Thread finished: S2 1-422
2026-10-03 17:19:03,029 INFO o.a.j.t.JMeterThread: Stopping because end time detected by thread: S2 1-227
2026-10-03 17:19:03,029 INFO o.a.j.t.JMeterThread: Stopping because end time detected by thread: S2 1-848
2026-10-03 17:19:03,029 INFO o.a.j.t.JMeterThread: Thread finished: S2 1-848
2026-10-03 17:19:03,032 INFO o.a.j.t.JMeterThread: Thread finished: S2 1-227
2026-10-03 17:19:03,036 INFO o.a.j.t.JMeterThread: Stopping because end time detected by thread: S2 1-138
2026-10-03 17:19:03,036 INFO o.a.j.t.JMeterThread: Thread finished: S2 1-138
2026-10-03 17:19:03,040 INFO o.a.j.t.JMeterThread: Stopping because end time detected by thread: S2 1-802
2026-10-03 17:19:03,040 INFO o.a.j.t.JMeterThread: Thread finished: S2 1-802
2026-10-03 17:19:03,043 INFO o.a.j.t.JMeterThread: Stopping because end time detected by thread: S2 1-603
2026-10-03 17:19:03,043 INFO o.a.j.t.JMeterThread: Thread finished: S2 1-603
2026-10-03 17:19:03,047 INFO o.a.j.t.JMeterThread: Stopping because end time detected by thread: S2 1-176
2026-10-03 17:19:03,047 INFO o.a.j.t.JMeterThread: Thread finished: S2 1-176
2026-10-03 17:19:03,048 INFO o.a.j.t.JMeterThread: Stopping because end time detected by thread: S2 1-710
2026-10-03 17:19:03,048 INFO o.a.j.t.JMeterThread: Thread finished: S2 1-710
2026-10-03 17:19:03,054 INFO o.a.j.t.JMeterThread: Stopping because end time detected by thread: S2 1-628
2026-10-03 17:19:03,055 INFO o.a.j.t.JMeterThread: Thread finished: S2 1-628
2026-10-03 17:19:03,055 INFO o.a.j.t.JMeterThread: Stopping because end time detected by thread: S2 1-206
2026-10-03 17:19:03,055 INFO o.a.j.t.JMeterThread: Thread finished: S2 1-206
2026-10-03 17:19:03,059 INFO o.a.j.t.JMeterThread: Stopping because end time detected by thread: S2 1-256
2026-10-03 17:19:03,059 INFO o.a.j.t.JMeterThread: Thread finished: S2 1-256
2026-10-03 17:19:03,060 INFO o.a.j.t.JMeterThread: Stopping because end time detected by thread: S2 1-587
2026-10-03 17:19:03,060 INFO o.a.j.t.JMeterThread: Thread finished: S2 1-587
2026-10-03 17:19:03,120 INFO o.a.j.t.JMeterThread: Stopping because end time detected by thread: S2 1-234
2026-10-03 17:19:03,120 INFO o.a.j.t.JMeterThread: Thread finished: S2 1-234
2026-10-03 17:19:03,131 INFO o.a.j.t.JMeterThread: Stopping because end time detected by thread: S2 1-845
2026-10-03 17:19:03,131 INFO o.a.j.t.JMeterThread: Thread finished: S2 1-845
2026-10-03 17:19:03,132 INFO o.a.j.t.JMeterThread: Stopping because end time detected by thread: S2 1-671
2026-10-03 17:19:03,132 INFO o.a.j.t.JMeterThread: Thread finished: S2 1-671
2026-10-03 17:19:03,135 INFO o.a.j.t.JMeterThread: Stopping because end time detected by thread: S2 1-339
2026-10-03 17:19:03,135 INFO o.a.j.t.JMeterThread: Thread finished: S2 1-339
2026-10-03 17:19:03,136 INFO o.a.j.t.JMeterThread: Stopping because end time detected by thread: S2 1-450
2026-10-03 17:19:03,136 INFO o.a.j.t.JMeterThread: Thread finished: S2 1-450
2026-10-03 17:19:03,138 INFO o.a.j.t.JMeterThread: Stopping because end time detected by thread: S2 1-762
2026-10-03 17:19:03,138 INFO o.a.j.t.JMeterThread: Thread finished: S2 1-762
2026-10-03 17:19:03,139 INFO o.a.j.t.JMeterThread: Stopping because end time detected by thread: S2 1-262
2026-10-03 17:19:03,139 INFO o.a.j.t.JMeterThread: Thread finished: S2 1-262
2026-10-03 17:19:03,140 INFO o.a.j.t.JMeterThread: Stopping because end time detected by thread: S2 1-473
2026-10-03 17:19:03,140 INFO o.a.j.t.JMeterThread: Thread finished: S2 1-473
2026-10-03 17:19:03,141 INFO o.a.j.t.JMeterThread: Stopping because end time detected by thread: S2 1-230
2026-10-03 17:19:03,141 INFO o.a.j.t.JMeterThread: Thread finished: S2 1-230
2026-10-03 17:19:03,144 INFO o.a.j.t.JMeterThread: Stopping because end time detected by thread: S2 1-844
2026-10-03 17:19:03,144 INFO o.a.j.t.JMeterThread: Thread finished: S2 1-844
2026-10-03 17:19:03,148 INFO o.a.j.t.JMeterThread: Stopping because end time detected by thread: S2 1-714
2026-10-03 17:19:03,148 INFO o.a.j.t.JMeterThread: Thread finished: S2 1-714
2026-10-03 17:19:03,149 INFO o.a.j.t.JMeterThread: Stopping because end time detected by thread: S2 1-667
2026-10-03 17:19:03,149 INFO o.a.j.t.JMeterThread: Thread finished: S2 1-667
2026-10-03 17:19:03,152 INFO o.a.j.t.JMeterThread: Stopping because end time detected by thread: S2 1-786
2026-10-03 17:19:03,152 INFO o.a.j.t.JMeterThread: Thread finished: S2 1-786
2026-10-03 17:19:03,152 INFO o.a.j.t.JMeterThread: Stopping because end time detected by thread: S2 1-674
2026-10-03 17:19:03,152 INFO o.a.j.t.JMeterThread: Thread finished: S2 1-674
2026-10-03 17:19:03,219 INFO o.a.j.t.JMeterThread: Stopping because end time detected by thread: S2 1-260
2026-10-03 17:19:03,219 INFO o.a.j.t.JMeterThread: Thread finished: S2 1-260
2026-10-03 17:19:03,221 INFO o.a.j.t.JMeterThread: Stopping because end time detected by thread: S2 1-830
2026-10-03 17:19:03,221 INFO o.a.j.t.JMeterThread: Thread finished: S2 1-830
2026-10-03 17:19:03,222 INFO o.a.j.t.JMeterThread: Stopping because end time detected by thread: S2 1-78
2026-10-03 17:19:03,222 INFO o.a.j.t.JMeterThread: Thread finished: S2 1-78
2026-10-03 17:19:03,239 INFO o.a.j.t.JMeterThread: Stopping because end time detected by thread: S2 1-147
2026-10-03 17:19:03,239 INFO o.a.j.t.JMeterThread: Thread finished: S2 1-147
2026-10-03 17:19:03,243 INFO o.a.j.t.JMeterThread: Stopping because end time detected by thread: S2 1-832
2026-10-03 17:19:03,243 INFO o.a.j.t.JMeterThread: Thread finished: S2 1-832
2026-10-03 17:19:03,246 INFO o.a.j.t.JMeterThread: Stopping because end time detected by thread: S2 1-388
2026-10-03 17:19:03,246 INFO o.a.j.t.JMeterThread: Thread finished: S2 1-388
2026-10-03 17:19:03,252 INFO o.a.j.t.JMeterThread: Stopping because end time detected by thread: S2 1-410
2026-10-03 17:19:03,252 INFO o.a.j.t.JMeterThread: Thread finished: S2 1-410
2026-10-03 17:19:03,257 INFO o.a.j.t.JMeterThread: Stopping because end time detected by thread: S2 1-208
2026-10-03 17:19:03,257 INFO o.a.j.t.JMeterThread: Thread finished: S2 1-208
2026-10-03 17:19:03,260 INFO o.a.j.t.JMeterThread: Stopping because end time detected by thread: S2 1-822
2026-10-03 17:19:03,260 INFO o.a.j.t.JMeterThread: Thread finished: S2 1-822
2026-10-03 17:19:03,327 INFO o.a.j.t.JMeterThread: Stopping because end time detected by thread: S2 1-695
2026-10-03 17:19:03,327 INFO o.a.j.t.JMeterThread: Stopping because end time detected by thread: S2 1-735
2026-10-03 17:19:03,327 INFO o.a.j.t.JMeterThread: Thread finished: S2 1-695
2026-10-03 17:19:03,327 INFO o.a.j.t.JMeterThread: Thread finished: S2 1-735
2026-10-03 17:19:03,330 INFO o.a.j.t.JMeterThread: Stopping because end time detected by thread: S2 1-620
2026-10-03 17:19:03,331 INFO o.a.j.t.JMeterThread: Thread finished: S2 1-620
2026-10-03 17:19:03,331 INFO o.a.j.t.JMeterThread: Stopping because end time detected by thread: S2 1-307
2026-10-03 17:19:03,331 INFO o.a.j.t.JMeterThread: Thread finished: S2 1-307
2026-10-03 17:19:03,333 INFO o.a.j.t.JMeterThread: Stopping because end time detected by thread: S2 1-824
2026-10-03 17:19:03,333 INFO o.a.j.t.JMeterThread: Thread finished: S2 1-824
2026-10-03 17:19:03,334 INFO o.a.j.t.JMeterThread: Stopping because end time detected by thread: S2 1-188
2026-10-03 17:19:03,334 INFO o.a.j.t.JMeterThread: Thread finished: S2 1-188
2026-10-03 17:19:03,334 INFO o.a.j.t.JMeterThread: Stopping because end time detected by thread: S2 1-726
2026-10-03 17:19:03,334 INFO o.a.j.t.JMeterThread: Thread finished: S2 1-726
2026-10-03 17:19:03,335 INFO o.a.j.t.JMeterThread: Stopping because end time detected by thread: S2 1-840
2026-10-03 17:19:03,335 INFO o.a.j.t.JMeterThread: Thread finished: S2 1-840
2026-10-03 17:19:03,335 INFO o.a.j.t.JMeterThread: Stopping because end time detected by thread: S2 1-876
2026-10-03 17:19:03,335 INFO o.a.j.t.JMeterThread: Thread finished: S2 1-876
2026-10-03 17:19:03,337 INFO o.a.j.t.JMeterThread: Stopping because end time detected by thread: S2 1-438
2026-10-03 17:19:03,337 INFO o.a.j.t.JMeterThread: Thread finished: S2 1-438
2026-10-03 17:19:03,341 INFO o.a.j.t.JMeterThread: Stopping because end time detected by thread: S2 1-703
2026-10-03 17:19:03,341 INFO o.a.j.t.JMeterThread: Thread finished: S2 1-703
2026-10-03 17:19:03,345 INFO o.a.j.t.JMeterThread: Stopping because end time detected by thread: S2 1-617
2026-10-03 17:19:03,345 INFO o.a.j.t.JMeterThread: Thread finished: S2 1-617
2026-10-03 17:19:03,355 INFO o.a.j.t.JMeterThread: Stopping because end time detected by thread: S2 1-658
2026-10-03 17:19:03,355 INFO o.a.j.t.JMeterThread: Thread finished: S2 1-658
2026-10-03 17:19:03,419 INFO o.a.j.t.JMeterThread: Stopping because end time detected by thread: S2 1-465
2026-10-03 17:19:03,419 INFO o.a.j.t.JMeterThread: Thread finished: S2 1-465
2026-10-03 17:19:03,421 INFO o.a.j.t.JMeterThread: Stopping because end time detected by thread: S2 1-767
2026-10-03 17:19:03,422 INFO o.a.j.t.JMeterThread: Thread finished: S2 1-767
2026-10-03 17:19:03,422 INFO o.a.j.t.JMeterThread: Stopping because end time detected by thread: S2 1-641
2026-10-03 17:19:03,422 INFO o.a.j.t.JMeterThread: Thread finished: S2 1-641
2026-10-03 17:19:03,426 INFO o.a.j.t.JMeterThread: Stopping because end time detected by thread: S2 1-665
2026-10-03 17:19:03,426 INFO o.a.j.t.JMeterThread: Thread finished: S2 1-665
2026-10-03 17:19:03,426 INFO o.a.j.t.JMeterThread: Stopping because end time detected by thread: S2 1-142
2026-10-03 17:19:03,426 INFO o.a.j.t.JMeterThread: Thread finished: S2 1-142
2026-10-03 17:19:03,426 INFO o.a.j.t.JMeterThread: Stopping because end time detected by thread: S2 1-814
2026-10-03 17:19:03,426 INFO o.a.j.t.JMeterThread: Thread finished: S2 1-814
2026-10-03 17:19:03,430 INFO o.a.j.t.JMeterThread: Stopping because end time detected by thread: S2 1-355
2026-10-03 17:19:03,430 INFO o.a.j.t.JMeterThread: Thread finished: S2 1-355
2026-10-03 17:19:03,433 INFO o.a.j.t.JMeterThread: Stopping because end time detected by thread: S2 1-646
2026-10-03 17:19:03,433 INFO o.a.j.t.JMeterThread: Thread finished: S2 1-646
2026-10-03 17:19:03,430 INFO o.a.j.t.JMeterThread: Stopping because end time detected by thread: S2 1-407
2026-10-03 17:19:03,435 INFO o.a.j.t.JMeterThread: Thread finished: S2 1-407
2026-10-03 17:19:03,441 INFO o.a.j.t.JMeterThread: Stopping because end time detected by thread: S2 1-739
2026-10-03 17:19:03,441 INFO o.a.j.t.JMeterThread: Thread finished: S2 1-739
2026-10-03 17:19:03,443 INFO o.a.j.t.JMeterThread: Stopping because end time detected by thread: S2 1-345
2026-10-03 17:19:03,443 INFO o.a.j.t.JMeterThread: Thread finished: S2 1-345
2026-10-03 17:19:03,445 INFO o.a.j.t.JMeterThread: Stopping because end time detected by thread: S2 1-485
2026-10-03 17:19:03,445 INFO o.a.j.t.JMeterThread: Thread finished: S2 1-485
2026-10-03 17:19:03,450 INFO o.a.j.t.JMeterThread: Stopping because end time detected by thread: S2 1-794
2026-10-03 17:19:03,450 INFO o.a.j.t.JMeterThread: Thread finished: S2 1-794
2026-10-03 17:19:03,454 INFO o.a.j.t.JMeterThread: Stopping because end time detected by thread: S2 1-19
2026-10-03 17:19:03,454 INFO o.a.j.t.JMeterThread: Thread finished: S2 1-19
2026-10-03 17:19:03,455 INFO o.a.j.t.JMeterThread: Stopping because end time detected by thread: S2 1-343
2026-10-03 17:19:03,455 INFO o.a.j.t.JMeterThread: Thread finished: S2 1-343
2026-10-03 17:19:03,455 INFO o.a.j.t.JMeterThread: Stopping because end time detected by thread: S2 1-852
2026-10-03 17:19:03,455 INFO o.a.j.t.JMeterThread: Thread finished: S2 1-852
2026-10-03 17:19:03,458 INFO o.a.j.t.JMeterThread: Stopping because end time detected by thread: S2 1-71
2026-10-03 17:19:03,458 INFO o.a.j.t.JMeterThread: Thread finished: S2 1-71
2026-10-03 17:19:03,463 INFO o.a.j.t.JMeterThread: Stopping because end time detected by thread: S2 1-248
2026-10-03 17:19:03,463 INFO o.a.j.t.JMeterThread: Thread finished: S2 1-248
2026-10-03 17:19:03,522 INFO o.a.j.t.JMeterThread: Stopping because end time detected by thread: S2 1-82
2026-10-03 17:19:03,522 INFO o.a.j.t.JMeterThread: Stopping because end time detected by thread: S2 1-763
2026-10-03 17:19:03,522 INFO o.a.j.t.JMeterThread: Thread finished: S2 1-82
2026-10-03 17:19:03,522 INFO o.a.j.t.JMeterThread: Thread finished: S2 1-763
2026-10-03 17:19:03,524 INFO o.a.j.t.JMeterThread: Stopping because end time detected by thread: S2 1-818
2026-10-03 17:19:03,524 INFO o.a.j.t.JMeterThread: Thread finished: S2 1-818
2026-10-03 17:19:03,527 INFO o.a.j.t.JMeterThread: Stopping because end time detected by thread: S2 1-258
2026-10-03 17:19:03,527 INFO o.a.j.t.JMeterThread: Thread finished: S2 1-258
2026-10-03 17:19:03,529 INFO o.a.j.t.JMeterThread: Stopping because end time detected by thread: S2 1-453
2026-10-03 17:19:03,529 INFO o.a.j.t.JMeterThread: Thread finished: S2 1-453
2026-10-03 17:19:03,531 INFO o.a.j.t.JMeterThread: Stopping because end time detected by thread: S2 1-254
2026-10-03 17:19:03,531 INFO o.a.j.t.JMeterThread: Thread finished: S2 1-254
2026-10-03 17:19:03,536 INFO o.a.j.t.JMeterThread: Stopping because end time detected by thread: S2 1-498
2026-10-03 17:19:03,536 INFO o.a.j.t.JMeterThread: Thread finished: S2 1-498
2026-10-03 17:19:03,537 INFO o.a.j.t.JMeterThread: Stopping because end time detected by thread: S2 1-864
2026-10-03 17:19:03,537 INFO o.a.j.t.JMeterThread: Thread finished: S2 1-864
2026-10-03 17:19:03,543 INFO o.a.j.t.JMeterThread: Stopping because end time detected by thread: S2 1-454
2026-10-03 17:19:03,543 INFO o.a.j.t.JMeterThread: Thread finished: S2 1-454
2026-10-03 17:19:03,548 INFO o.a.j.t.JMeterThread: Stopping because end time detected by thread: S2 1-689
2026-10-03 17:19:03,548 INFO o.a.j.t.JMeterThread: Thread finished: S2 1-689
2026-10-03 17:19:03,551 INFO o.a.j.t.JMeterThread: Stopping because end time detected by thread: S2 1-743
2026-10-03 17:19:03,551 INFO o.a.j.t.JMeterThread: Thread finished: S2 1-743
2026-10-03 17:19:03,551 INFO o.a.j.t.JMeterThread: Stopping because end time detected by thread: S2 1-472
2026-10-03 17:19:03,552 INFO o.a.j.t.JMeterThread: Thread finished: S2 1-472
2026-10-03 17:19:03,554 INFO o.a.j.t.JMeterThread: Stopping because end time detected by thread: S2 1-891
2026-10-03 17:19:03,554 INFO o.a.j.t.JMeterThread: Thread finished: S2 1-891
2026-10-03 17:19:03,555 INFO o.a.j.t.JMeterThread: Stopping because end time detected by thread: S2 1-806
2026-10-03 17:19:03,555 INFO o.a.j.t.JMeterThread: Thread finished: S2 1-806
2026-10-03 17:19:03,556 INFO o.a.j.t.JMeterThread: Stopping because end time detected by thread: S2 1-119
2026-10-03 17:19:03,556 INFO o.a.j.t.JMeterThread: Thread finished: S2 1-119
2026-10-03 17:19:03,559 INFO o.a.j.t.JMeterThread: Stopping because end time detected by thread: S2 1-434
2026-10-03 17:19:03,559 INFO o.a.j.t.JMeterThread: Thread finished: S2 1-434
2026-10-03 17:19:03,622 INFO o.a.j.t.JMeterThread: Stopping because end time detected by thread: S2 1-122
2026-10-03 17:19:03,622 INFO o.a.j.t.JMeterThread: Thread finished: S2 1-122
2026-10-03 17:19:03,625 INFO o.a.j.t.JMeterThread: Stopping because end time detected by thread: S2 1-181
2026-10-03 17:19:03,626 INFO o.a.j.t.JMeterThread: Thread finished: S2 1-181
2026-10-03 17:19:03,627 INFO o.a.j.t.JMeterThread: Stopping because end time detected by thread: S2 1-755
2026-10-03 17:19:03,627 INFO o.a.j.t.JMeterThread: Thread finished: S2 1-755
2026-10-03 17:19:03,631 INFO o.a.j.t.JMeterThread: Stopping because end time detected by thread: S2 1-874
2026-10-03 17:19:03,631 INFO o.a.j.t.JMeterThread: Thread finished: S2 1-874
2026-10-03 17:19:03,632 INFO o.a.j.t.JMeterThread: Stopping because end time detected by thread: S2 1-868
2026-10-03 17:19:03,632 INFO o.a.j.t.JMeterThread: Thread finished: S2 1-868
2026-10-03 17:19:03,639 INFO o.a.j.t.JMeterThread: Stopping because end time detected by thread: S2 1-252
2026-10-03 17:19:03,639 INFO o.a.j.t.JMeterThread: Thread finished: S2 1-252
2026-10-03 17:19:03,644 INFO o.a.j.t.JMeterThread: Stopping because end time detected by thread: S2 1-351
2026-10-03 17:19:03,645 INFO o.a.j.t.JMeterThread: Thread finished: S2 1-351
2026-10-03 17:19:03,648 INFO o.a.j.t.JMeterThread: Stopping because end time detected by thread: S2 1-662
2026-10-03 17:19:03,648 INFO o.a.j.t.JMeterThread: Thread finished: S2 1-662
2026-10-03 17:19:03,650 INFO o.a.j.t.JMeterThread: Stopping because end time detected by thread: S2 1-661
2026-10-03 17:19:03,650 INFO o.a.j.t.JMeterThread: Thread finished: S2 1-661
2026-10-03 17:19:03,651 INFO o.a.j.t.JMeterThread: Stopping because end time detected by thread: S2 1-403
2026-10-03 17:19:03,651 INFO o.a.j.t.JMeterThread: Thread finished: S2 1-403
2026-10-03 17:19:03,652 INFO o.a.j.t.JMeterThread: Stopping because end time detected by thread: S2 1-382
2026-10-03 17:19:03,652 INFO o.a.j.t.JMeterThread: Thread finished: S2 1-382
2026-10-03 17:19:03,652 INFO o.a.j.t.JMeterThread: Stopping because end time detected by thread: S2 1-264
2026-10-03 17:19:03,653 INFO o.a.j.t.JMeterThread: Thread finished: S2 1-264
2026-10-03 17:19:03,654 INFO o.a.j.t.JMeterThread: Stopping because end time detected by thread: S2 1-842
2026-10-03 17:19:03,654 INFO o.a.j.t.JMeterThread: Thread finished: S2 1-842
2026-10-03 17:19:03,655 INFO o.a.j.t.JMeterThread: Stopping because end time detected by thread: S2 1-51
2026-10-03 17:19:03,655 INFO o.a.j.t.JMeterThread: Thread finished: S2 1-51
2026-10-03 17:19:03,658 INFO o.a.j.t.JMeterThread: Stopping because end time detected by thread: S2 1-167
2026-10-03 17:19:03,658 INFO o.a.j.t.JMeterThread: Thread finished: S2 1-167
2026-10-03 17:19:03,661 INFO o.a.j.t.JMeterThread: Stopping because end time detected by thread: S2 1-854
2026-10-03 17:19:03,661 INFO o.a.j.t.JMeterThread: Thread finished: S2 1-854
2026-10-03 17:19:03,728 INFO o.a.j.t.JMeterThread: Stopping because end time detected by thread: S2 1-137
2026-10-03 17:19:03,728 INFO o.a.j.t.JMeterThread: Thread finished: S2 1-137
2026-10-03 17:19:03,731 INFO o.a.j.t.JMeterThread: Stopping because end time detected by thread: S2 1-758
2026-10-03 17:19:03,731 INFO o.a.j.t.JMeterThread: Thread finished: S2 1-758
2026-10-03 17:19:03,731 INFO o.a.j.t.JMeterThread: Stopping because end time detected by thread: S2 1-792
2026-10-03 17:19:03,731 INFO o.a.j.t.JMeterThread: Thread finished: S2 1-792
2026-10-03 17:19:03,733 INFO o.a.j.t.JMeterThread: Stopping because end time detected by thread: S2 1-489
2026-10-03 17:19:03,733 INFO o.a.j.t.JMeterThread: Thread finished: S2 1-489
2026-10-03 17:19:03,738 INFO o.a.j.t.JMeterThread: Stopping because end time detected by thread: S2 1-481
2026-10-03 17:19:03,738 INFO o.a.j.t.JMeterThread: Thread finished: S2 1-481
2026-10-03 17:19:03,750 INFO o.a.j.t.JMeterThread: Stopping because end time detected by thread: S2 1-677
2026-10-03 17:19:03,750 INFO o.a.j.t.JMeterThread: Thread finished: S2 1-677
2026-10-03 17:19:03,751 INFO o.a.j.t.JMeterThread: Stopping because end time detected by thread: S2 1-759
2026-10-03 17:19:03,751 INFO o.a.j.t.JMeterThread: Thread finished: S2 1-759
2026-10-03 17:19:03,751 INFO o.a.j.t.JMeterThread: Stopping because end time detected by thread: S2 1-58
2026-10-03 17:19:03,751 INFO o.a.j.t.JMeterThread: Thread finished: S2 1-58
2026-10-03 17:19:03,753 INFO o.a.j.t.JMeterThread: Stopping because end time detected by thread: S2 1-486
2026-10-03 17:19:03,753 INFO o.a.j.t.JMeterThread: Thread finished: S2 1-486
2026-10-03 17:19:03,760 INFO o.a.j.t.JMeterThread: Stopping because end time detected by thread: S2 1-21
2026-10-03 17:19:03,760 INFO o.a.j.t.JMeterThread: Thread finished: S2 1-21
2026-10-03 17:19:03,821 INFO o.a.j.t.JMeterThread: Stopping because end time detected by thread: S2 1-856
2026-10-03 17:19:03,821 INFO o.a.j.t.JMeterThread: Thread finished: S2 1-856
2026-10-03 17:19:03,826 INFO o.a.j.t.JMeterThread: Stopping because end time detected by thread: S2 1-386
2026-10-03 17:19:03,826 INFO o.a.j.t.JMeterThread: Thread finished: S2 1-386
2026-10-03 17:19:03,828 INFO o.a.j.t.JMeterThread: Stopping because end time detected by thread: S2 1-751
2026-10-03 17:19:03,828 INFO o.a.j.t.JMeterThread: Thread finished: S2 1-751
2026-10-03 17:19:03,831 INFO o.a.j.t.JMeterThread: Stopping because end time detected by thread: S2 1-884
2026-10-03 17:19:03,831 INFO o.a.j.t.JMeterThread: Thread finished: S2 1-884
2026-10-03 17:19:03,834 INFO o.a.j.t.JMeterThread: Stopping because end time detected by thread: S2 1-474
2026-10-03 17:19:03,834 INFO o.a.j.t.JMeterThread: Thread finished: S2 1-474
2026-10-03 17:19:03,838 INFO o.a.j.t.JMeterThread: Stopping because end time detected by thread: S2 1-389
2026-10-03 17:19:03,838 INFO o.a.j.t.JMeterThread: Thread finished: S2 1-389
2026-10-03 17:19:03,844 INFO o.a.j.t.JMeterThread: Stopping because end time detected by thread: S2 1-402
2026-10-03 17:19:03,844 INFO o.a.j.t.JMeterThread: Thread finished: S2 1-402
2026-10-03 17:19:03,847 INFO o.a.j.t.JMeterThread: Stopping because end time detected by thread: S2 1-862
2026-10-03 17:19:03,847 INFO o.a.j.t.JMeterThread: Thread finished: S2 1-862
2026-10-03 17:19:03,847 INFO o.a.j.t.JMeterThread: Stopping because end time detected by thread: S2 1-470
2026-10-03 17:19:03,847 INFO o.a.j.t.JMeterThread: Thread finished: S2 1-470
2026-10-03 17:19:03,847 INFO o.a.j.t.JMeterThread: Stopping because end time detected by thread: S2 1-458
2026-10-03 17:19:03,847 INFO o.a.j.t.JMeterThread: Thread finished: S2 1-458
2026-10-03 17:19:03,854 INFO o.a.j.t.JMeterThread: Stopping because end time detected by thread: S2 1-878
2026-10-03 17:19:03,854 INFO o.a.j.t.JMeterThread: Thread finished: S2 1-878
2026-10-03 17:19:03,854 INFO o.a.j.t.JMeterThread: Stopping because end time detected by thread: S2 1-415
2026-10-03 17:19:03,854 INFO o.a.j.t.JMeterThread: Thread finished: S2 1-415
2026-10-03 17:19:03,854 INFO o.a.j.t.JMeterThread: Stopping because end time detected by thread: S2 1-506
2026-10-03 17:19:03,854 INFO o.a.j.t.JMeterThread: Thread finished: S2 1-506
2026-10-03 17:19:03,857 INFO o.a.j.t.JMeterThread: Stopping because end time detected by thread: S2 1-895
2026-10-03 17:19:03,857 INFO o.a.j.t.JMeterThread: Thread finished: S2 1-895
2026-10-03 17:19:03,927 INFO o.a.j.t.JMeterThread: Stopping because end time detected by thread: S2 1-699
2026-10-03 17:19:03,927 INFO o.a.j.t.JMeterThread: Thread finished: S2 1-699
2026-10-03 17:19:03,929 INFO o.a.j.t.JMeterThread: Stopping because end time detected by thread: S2 1-880
2026-10-03 17:19:03,929 INFO o.a.j.t.JMeterThread: Thread finished: S2 1-880
2026-10-03 17:19:03,930 INFO o.a.j.t.JMeterThread: Stopping because end time detected by thread: S2 1-41
2026-10-03 17:19:03,930 INFO o.a.j.t.JMeterThread: Thread finished: S2 1-41
2026-10-03 17:19:03,932 INFO o.a.j.t.JMeterThread: Stopping because end time detected by thread: S2 1-775
2026-10-03 17:19:03,932 INFO o.a.j.t.JMeterThread: Thread finished: S2 1-775
2026-10-03 17:19:03,934 INFO o.a.j.t.JMeterThread: Stopping because end time detected by thread: S2 1-906
2026-10-03 17:19:03,934 INFO o.a.j.t.JMeterThread: Thread finished: S2 1-906
2026-10-03 17:19:03,937 INFO o.a.j.t.JMeterThread: Stopping because end time detected by thread: S2 1-363
2026-10-03 17:19:03,939 INFO o.a.j.t.JMeterThread: Stopping because end time detected by thread: S2 1-200
2026-10-03 17:19:03,939 INFO o.a.j.t.JMeterThread: Thread finished: S2 1-200
2026-10-03 17:19:03,939 INFO o.a.j.t.JMeterThread: Thread finished: S2 1-363
2026-10-03 17:19:03,947 INFO o.a.j.t.JMeterThread: Stopping because end time detected by thread: S2 1-63
2026-10-03 17:19:03,947 INFO o.a.j.t.JMeterThread: Thread finished: S2 1-63
2026-10-03 17:19:03,954 INFO o.a.j.t.JMeterThread: Stopping because end time detected by thread: S2 1-809
2026-10-03 17:19:03,953 INFO o.a.j.t.JMeterThread: Stopping because end time detected by thread: S2 1-452
2026-10-03 17:19:03,954 INFO o.a.j.t.JMeterThread: Thread finished: S2 1-809
2026-10-03 17:19:03,954 INFO o.a.j.t.JMeterThread: Thread finished: S2 1-452
2026-10-03 17:19:03,955 INFO o.a.j.t.JMeterThread: Stopping because end time detected by thread: S2 1-493
2026-10-03 17:19:03,955 INFO o.a.j.t.JMeterThread: Thread finished: S2 1-493
2026-10-03 17:19:03,955 INFO o.a.j.t.JMeterThread: Stopping because end time detected by thread: S2 1-810
2026-10-03 17:19:03,955 INFO o.a.j.t.JMeterThread: Thread finished: S2 1-810
2026-10-03 17:19:03,962 INFO o.a.j.t.JMeterThread: Stopping because end time detected by thread: S2 1-43
2026-10-03 17:19:03,962 INFO o.a.j.t.JMeterThread: Thread finished: S2 1-43
2026-10-03 17:19:04,026 INFO o.a.j.t.JMeterThread: Stopping because end time detected by thread: S2 1-850
2026-10-03 17:19:04,026 INFO o.a.j.t.JMeterThread: Thread finished: S2 1-850
2026-10-03 17:19:04,027 INFO o.a.j.t.JMeterThread: Stopping because end time detected by thread: S2 1-471
2026-10-03 17:19:04,027 INFO o.a.j.t.JMeterThread: Thread finished: S2 1-471
2026-10-03 17:19:04,034 INFO o.a.j.t.JMeterThread: Stopping because end time detected by thread: S2 1-669
2026-10-03 17:19:04,034 INFO o.a.j.t.JMeterThread: Thread finished: S2 1-669
2026-10-03 17:19:04,034 INFO o.a.j.t.JMeterThread: Stopping because end time detected by thread: S2 1-192
2026-10-03 17:19:04,034 INFO o.a.j.t.JMeterThread: Thread finished: S2 1-192
2026-10-03 17:19:04,047 INFO o.a.j.t.JMeterThread: Stopping because end time detected by thread: S2 1-779
2026-10-03 17:19:04,047 INFO o.a.j.t.JMeterThread: Thread finished: S2 1-779
2026-10-03 17:19:04,048 INFO o.a.j.t.JMeterThread: Stopping because end time detected by thread: S2 1-477
2026-10-03 17:19:04,048 INFO o.a.j.t.JMeterThread: Thread finished: S2 1-477
2026-10-03 17:19:04,049 INFO o.a.j.t.JMeterThread: Stopping because end time detected by thread: S2 1-215
2026-10-03 17:19:04,049 INFO o.a.j.t.JMeterThread: Thread finished: S2 1-215
2026-10-03 17:19:04,052 INFO o.a.j.t.JMeterThread: Stopping because end time detected by thread: S2 1-701
2026-10-03 17:19:04,052 INFO o.a.j.t.JMeterThread: Thread finished: S2 1-701
2026-10-03 17:19:04,055 INFO o.a.j.t.JMeterThread: Stopping because end time detected by thread: S2 1-816
2026-10-03 17:19:04,055 INFO o.a.j.t.JMeterThread: Thread finished: S2 1-816
2026-10-03 17:19:04,122 INFO o.a.j.t.JMeterThread: Stopping because end time detected by thread: S2 1-282
2026-10-03 17:19:04,123 INFO o.a.j.t.JMeterThread: Thread finished: S2 1-282
2026-10-03 17:19:04,127 INFO o.a.j.t.JMeterThread: Stopping because end time detected by thread: S2 1-888
2026-10-03 17:19:04,127 INFO o.a.j.t.JMeterThread: Thread finished: S2 1-888
2026-10-03 17:19:04,128 INFO o.a.j.t.JMeterThread: Stopping because end time detected by thread: S2 1-787
2026-10-03 17:19:04,128 INFO o.a.j.t.JMeterThread: Thread finished: S2 1-787
2026-10-03 17:19:04,132 INFO o.a.j.t.JMeterThread: Stopping because end time detected by thread: S2 1-158
2026-10-03 17:19:04,133 INFO o.a.j.t.JMeterThread: Thread finished: S2 1-158
2026-10-03 17:19:04,134 INFO o.a.j.t.JMeterThread: Stopping because end time detected by thread: S2 1-163
2026-10-03 17:19:04,134 INFO o.a.j.t.JMeterThread: Thread finished: S2 1-163
2026-10-03 17:19:04,138 INFO o.a.j.t.JMeterThread: Stopping because end time detected by thread: S2 1-426
2026-10-03 17:19:04,138 INFO o.a.j.t.JMeterThread: Thread finished: S2 1-426
2026-10-03 17:19:04,138 INFO o.a.j.t.JMeterThread: Stopping because end time detected by thread: S2 1-366
2026-10-03 17:19:04,138 INFO o.a.j.t.JMeterThread: Thread finished: S2 1-366
2026-10-03 17:19:04,139 INFO o.a.j.t.JMeterThread: Stopping because end time detected by thread: S2 1-226
2026-10-03 17:19:04,139 INFO o.a.j.t.JMeterThread: Thread finished: S2 1-226
2026-10-03 17:19:04,140 INFO o.a.j.t.JMeterThread: Stopping because end time detected by thread: S2 1-903
2026-10-03 17:19:04,140 INFO o.a.j.t.JMeterThread: Thread finished: S2 1-903
2026-10-03 17:19:04,147 INFO o.a.j.t.JMeterThread: Stopping because end time detected by thread: S2 1-482
2026-10-03 17:19:04,147 INFO o.a.j.t.JMeterThread: Stopping because end time detected by thread: S2 1-495
2026-10-03 17:19:04,147 INFO o.a.j.t.JMeterThread: Thread finished: S2 1-482
2026-10-03 17:19:04,147 INFO o.a.j.t.JMeterThread: Thread finished: S2 1-495
2026-10-03 17:19:04,149 INFO o.a.j.t.JMeterThread: Stopping because end time detected by thread: S2 1-490
2026-10-03 17:19:04,150 INFO o.a.j.t.JMeterThread: Thread finished: S2 1-490
2026-10-03 17:19:04,155 INFO o.a.j.t.JMeterThread: Stopping because end time detected by thread: S2 1-104
2026-10-03 17:19:04,155 INFO o.a.j.t.JMeterThread: Thread finished: S2 1-104
2026-10-03 17:19:04,155 INFO o.a.j.t.JMeterThread: Stopping because end time detected by thread: S2 1-430
2026-10-03 17:19:04,155 INFO o.a.j.t.JMeterThread: Thread finished: S2 1-430
2026-10-03 17:19:04,156 INFO o.a.j.t.JMeterThread: Stopping because end time detected by thread: S2 1-267
2026-10-03 17:19:04,156 INFO o.a.j.t.JMeterThread: Thread finished: S2 1-267
2026-10-03 17:19:04,165 INFO o.a.j.t.JMeterThread: Stopping because end time detected by thread: S2 1-803
2026-10-03 17:19:04,165 INFO o.a.j.t.JMeterThread: Thread finished: S2 1-803
2026-10-03 17:19:04,225 INFO o.a.j.t.JMeterThread: Stopping because end time detected by thread: S2 1-427
2026-10-03 17:19:04,225 INFO o.a.j.t.JMeterThread: Thread finished: S2 1-427
2026-10-03 17:19:04,226 INFO o.a.j.t.JMeterThread: Stopping because end time detected by thread: S2 1-503
2026-10-03 17:19:04,226 INFO o.a.j.t.JMeterThread: Thread finished: S2 1-503
2026-10-03 17:19:04,233 INFO o.a.j.t.JMeterThread: Stopping because end time detected by thread: S2 1-882
2026-10-03 17:19:04,233 INFO o.a.j.t.JMeterThread: Thread finished: S2 1-882
2026-10-03 17:19:04,239 INFO o.a.j.t.JMeterThread: Stopping because end time detected by thread: S2 1-387
2026-10-03 17:19:04,239 INFO o.a.j.t.JMeterThread: Thread finished: S2 1-387
2026-10-03 17:19:04,239 INFO o.a.j.t.JMeterThread: Stopping because end time detected by thread: S2 1-511
2026-10-03 17:19:04,239 INFO o.a.j.t.JMeterThread: Thread finished: S2 1-511
2026-10-03 17:19:04,250 INFO o.a.j.t.JMeterThread: Stopping because end time detected by thread: S2 1-507
2026-10-03 17:19:04,251 INFO o.a.j.t.JMeterThread: Thread finished: S2 1-507
2026-10-03 17:19:04,251 INFO o.a.j.t.JMeterThread: Stopping because end time detected by thread: S2 1-745
2026-10-03 17:19:04,251 INFO o.a.j.t.JMeterThread: Thread finished: S2 1-745
2026-10-03 17:19:04,253 INFO o.a.j.t.JMeterThread: Stopping because end time detected by thread: S2 1-838
2026-10-03 17:19:04,253 INFO o.a.j.t.JMeterThread: Thread finished: S2 1-838
2026-10-03 17:19:04,253 INFO o.a.j.t.JMeterThread: Stopping because end time detected by thread: S2 1-515
2026-10-03 17:19:04,253 INFO o.a.j.t.JMeterThread: Thread finished: S2 1-515
2026-10-03 17:19:04,262 INFO o.a.j.t.JMeterThread: Stopping because end time detected by thread: S2 1-685
2026-10-03 17:19:04,262 INFO o.a.j.t.JMeterThread: Thread finished: S2 1-685
2026-10-03 17:19:04,320 INFO o.a.j.t.JMeterThread: Stopping because end time detected by thread: S2 1-143
2026-10-03 17:19:04,320 INFO o.a.j.t.JMeterThread: Thread finished: S2 1-143
2026-10-03 17:19:04,320 INFO o.a.j.t.JMeterThread: Stopping because end time detected by thread: S2 1-278
2026-10-03 17:19:04,320 INFO o.a.j.t.JMeterThread: Thread finished: S2 1-278
2026-10-03 17:19:04,323 INFO o.a.j.t.JMeterThread: Stopping because end time detected by thread: S2 1-717
2026-10-03 17:19:04,323 INFO o.a.j.t.JMeterThread: Thread finished: S2 1-717
2026-10-03 17:19:04,330 INFO o.a.j.t.JMeterThread: Stopping because end time detected by thread: S2 1-522
2026-10-03 17:19:04,330 INFO o.a.j.t.JMeterThread: Thread finished: S2 1-522
2026-10-03 17:19:04,330 INFO o.a.j.t.JMeterThread: Stopping because end time detected by thread: S2 1-729
2026-10-03 17:19:04,330 INFO o.a.j.t.JMeterThread: Thread finished: S2 1-729
2026-10-03 17:19:04,335 INFO o.a.j.t.JMeterThread: Stopping because end time detected by thread: S2 1-103
2026-10-03 17:19:04,335 INFO o.a.j.t.JMeterThread: Thread finished: S2 1-103
2026-10-03 17:19:04,336 INFO o.a.j.t.JMeterThread: Stopping because end time detected by thread: S2 1-419
2026-10-03 17:19:04,336 INFO o.a.j.t.JMeterThread: Thread finished: S2 1-419
2026-10-03 17:19:04,337 INFO o.a.j.t.JMeterThread: Stopping because end time detected by thread: S2 1-286
2026-10-03 17:19:04,337 INFO o.a.j.t.JMeterThread: Thread finished: S2 1-286
2026-10-03 17:19:04,338 INFO o.a.j.t.JMeterThread: Stopping because end time detected by thread: S2 1-908
2026-10-03 17:19:04,338 INFO o.a.j.t.JMeterThread: Thread finished: S2 1-908
2026-10-03 17:19:04,339 INFO o.a.j.t.JMeterThread: Stopping because end time detected by thread: S2 1-512
2026-10-03 17:19:04,339 INFO o.a.j.t.JMeterThread: Thread finished: S2 1-512
2026-10-03 17:19:04,342 INFO o.a.j.t.JMeterThread: Stopping because end time detected by thread: S2 1-424
2026-10-03 17:19:04,342 INFO o.a.j.t.JMeterThread: Thread finished: S2 1-424
2026-10-03 17:19:04,343 INFO o.a.j.t.JMeterThread: Stopping because end time detected by thread: S2 1-411
2026-10-03 17:19:04,343 INFO o.a.j.t.JMeterThread: Thread finished: S2 1-411
2026-10-03 17:19:04,344 INFO o.a.j.t.JMeterThread: Stopping because end time detected by thread: S2 1-899
2026-10-03 17:19:04,344 INFO o.a.j.t.JMeterThread: Thread finished: S2 1-899
2026-10-03 17:19:04,423 INFO o.a.j.t.JMeterThread: Stopping because end time detected by thread: S2 1-276
2026-10-03 17:19:04,423 INFO o.a.j.t.JMeterThread: Thread finished: S2 1-276
2026-10-03 17:19:04,424 INFO o.a.j.t.JMeterThread: Stopping because end time detected by thread: S2 1-858
2026-10-03 17:19:04,424 INFO o.a.j.t.JMeterThread: Thread finished: S2 1-858
2026-10-03 17:19:04,426 INFO o.a.j.t.JMeterThread: Stopping because end time detected by thread: S2 1-423
2026-10-03 17:19:04,426 INFO o.a.j.t.JMeterThread: Thread finished: S2 1-423
2026-10-03 17:19:04,426 INFO o.a.j.t.JMeterThread: Stopping because end time detected by thread: S2 1-241
2026-10-03 17:19:04,426 INFO o.a.j.t.JMeterThread: Thread finished: S2 1-241
2026-10-03 17:19:04,431 INFO o.a.j.t.JMeterThread: Stopping because end time detected by thread: S2 1-289
2026-10-03 17:19:04,431 INFO o.a.j.t.JMeterThread: Stopping because end time detected by thread: S2 1-62
2026-10-03 17:19:04,432 INFO o.a.j.t.JMeterThread: Thread finished: S2 1-289
2026-10-03 17:19:04,432 INFO o.a.j.t.JMeterThread: Thread finished: S2 1-62
2026-10-03 17:19:04,437 INFO o.a.j.t.JMeterThread: Stopping because end time detected by thread: S2 1-923
2026-10-03 17:19:04,438 INFO o.a.j.t.JMeterThread: Thread finished: S2 1-923
2026-10-03 17:19:04,439 INFO o.a.j.t.JMeterThread: Stopping because end time detected by thread: S2 1-15
2026-10-03 17:19:04,439 INFO o.a.j.t.JMeterThread: Thread finished: S2 1-15
2026-10-03 17:19:04,442 INFO o.a.j.t.JMeterThread: Stopping because end time detected by thread: S2 1-220
2026-10-03 17:19:04,442 INFO o.a.j.t.JMeterThread: Thread finished: S2 1-220
2026-10-03 17:19:04,443 INFO o.a.j.t.JMeterThread: Stopping because end time detected by thread: S2 1-681
2026-10-03 17:19:04,443 INFO o.a.j.t.JMeterThread: Thread finished: S2 1-681
2026-10-03 17:19:04,443 INFO o.a.j.t.JMeterThread: Stopping because end time detected by thread: S2 1-731
2026-10-03 17:19:04,443 INFO o.a.j.t.JMeterThread: Thread finished: S2 1-731
2026-10-03 17:19:04,448 INFO o.a.j.t.JMeterThread: Stopping because end time detected by thread: S2 1-518
2026-10-03 17:19:04,448 INFO o.a.j.t.JMeterThread: Thread finished: S2 1-518
2026-10-03 17:19:04,453 INFO o.a.j.t.JMeterThread: Stopping because end time detected by thread: S2 1-846
2026-10-03 17:19:04,453 INFO o.a.j.t.JMeterThread: Thread finished: S2 1-846
2026-10-03 17:19:04,458 INFO o.a.j.t.JMeterThread: Stopping because end time detected by thread: S2 1-36
2026-10-03 17:19:04,458 INFO o.a.j.t.JMeterThread: Thread finished: S2 1-36
2026-10-03 17:19:04,521 INFO o.a.j.t.JMeterThread: Stopping because end time detected by thread: S2 1-940
2026-10-03 17:19:04,521 INFO o.a.j.t.JMeterThread: Thread finished: S2 1-940
2026-10-03 17:19:04,522 INFO o.a.j.t.JMeterThread: Stopping because end time detected by thread: S2 1-464
2026-10-03 17:19:04,522 INFO o.a.j.t.JMeterThread: Thread finished: S2 1-464
2026-10-03 17:19:04,523 INFO o.a.j.t.JMeterThread: Stopping because end time detected by thread: S2 1-912
2026-10-03 17:19:04,523 INFO o.a.j.t.JMeterThread: Thread finished: S2 1-912
2026-10-03 17:19:04,525 INFO o.a.j.t.JMeterThread: Stopping because end time detected by thread: S2 1-478
2026-10-03 17:19:04,525 INFO o.a.j.t.JMeterThread: Thread finished: S2 1-478
2026-10-03 17:19:04,528 INFO o.a.j.t.JMeterThread: Stopping because end time detected by thread: S2 1-532
2026-10-03 17:19:04,529 INFO o.a.j.t.JMeterThread: Thread finished: S2 1-532
2026-10-03 17:19:04,530 INFO o.a.j.t.JMeterThread: Stopping because end time detected by thread: S2 1-771
2026-10-03 17:19:04,530 INFO o.a.j.t.JMeterThread: Thread finished: S2 1-771
2026-10-03 17:19:04,530 INFO o.a.j.t.JMeterThread: Stopping because end time detected by thread: S2 1-765
2026-10-03 17:19:04,530 INFO o.a.j.t.JMeterThread: Thread finished: S2 1-765
2026-10-03 17:19:04,536 INFO o.a.j.t.JMeterThread: Stopping because end time detected by thread: S2 1-11
2026-10-03 17:19:04,536 INFO o.a.j.t.JMeterThread: Thread finished: S2 1-11
2026-10-03 17:19:04,549 INFO o.a.j.t.JMeterThread: Stopping because end time detected by thread: S2 1-91
2026-10-03 17:19:04,549 INFO o.a.j.t.JMeterThread: Thread finished: S2 1-91
2026-10-03 17:19:04,551 INFO o.a.j.t.JMeterThread: Stopping because end time detected by thread: S2 1-749
2026-10-03 17:19:04,551 INFO o.a.j.t.JMeterThread: Thread finished: S2 1-749
2026-10-03 17:19:04,621 INFO o.a.j.t.JMeterThread: Stopping because end time detected by thread: S2 1-835
2026-10-03 17:19:04,622 INFO o.a.j.t.JMeterThread: Stopping because end time detected by thread: S2 1-791
2026-10-03 17:19:04,623 INFO o.a.j.t.JMeterThread: Thread finished: S2 1-835
2026-10-03 17:19:04,623 INFO o.a.j.t.JMeterThread: Thread finished: S2 1-791
2026-10-03 17:19:04,624 INFO o.a.j.t.JMeterThread: Stopping because end time detected by thread: S2 1-916
2026-10-03 17:19:04,624 INFO o.a.j.t.JMeterThread: Thread finished: S2 1-916
2026-10-03 17:19:04,634 INFO o.a.j.t.JMeterThread: Stopping because end time detected by thread: S2 1-721
2026-10-03 17:19:04,634 INFO o.a.j.t.JMeterThread: Thread finished: S2 1-721
2026-10-03 17:19:04,636 INFO o.a.j.t.JMeterThread: Stopping because end time detected by thread: S2 1-100
2026-10-03 17:19:04,636 INFO o.a.j.t.JMeterThread: Thread finished: S2 1-100
2026-10-03 17:19:04,637 INFO o.a.j.t.JMeterThread: Stopping because end time detected by thread: S2 1-271
2026-10-03 17:19:04,637 INFO o.a.j.t.JMeterThread: Thread finished: S2 1-271
2026-10-03 17:19:04,639 INFO o.a.j.t.JMeterThread: Stopping because end time detected by thread: S2 1-514
2026-10-03 17:19:04,639 INFO o.a.j.t.JMeterThread: Thread finished: S2 1-514
2026-10-03 17:19:04,642 INFO o.a.j.t.JMeterThread: Stopping because end time detected by thread: S2 1-827
2026-10-03 17:19:04,642 INFO o.a.j.t.JMeterThread: Thread finished: S2 1-827
2026-10-03 17:19:04,643 INFO o.a.j.t.JMeterThread: Stopping because end time detected by thread: S2 1-290
2026-10-03 17:19:04,643 INFO o.a.j.t.JMeterThread: Thread finished: S2 1-290
2026-10-03 17:19:04,644 INFO o.a.j.t.JMeterThread: Stopping because end time detected by thread: S2 1-118
2026-10-03 17:19:04,644 INFO o.a.j.t.JMeterThread: Thread finished: S2 1-118
2026-10-03 17:19:04,646 INFO o.a.j.t.JMeterThread: Stopping because end time detected by thread: S2 1-245
2026-10-03 17:19:04,646 INFO o.a.j.t.JMeterThread: Thread finished: S2 1-245
2026-10-03 17:19:04,650 INFO o.a.j.t.JMeterThread: Stopping because end time detected by thread: S2 1-384
2026-10-03 17:19:04,650 INFO o.a.j.t.JMeterThread: Thread finished: S2 1-384
2026-10-03 17:19:04,652 INFO o.a.j.t.JMeterThread: Stopping because end time detected by thread: S2 1-272
2026-10-03 17:19:04,652 INFO o.a.j.t.JMeterThread: Thread finished: S2 1-272
2026-10-03 17:19:04,660 INFO o.a.j.t.JMeterThread: Stopping because end time detected by thread: S2 1-861
2026-10-03 17:19:04,660 INFO o.a.j.t.JMeterThread: Thread finished: S2 1-861
2026-10-03 17:19:04,723 INFO o.a.j.t.JMeterThread: Stopping because end time detected by thread: S2 1-391
2026-10-03 17:19:04,723 INFO o.a.j.t.JMeterThread: Thread finished: S2 1-391
2026-10-03 17:19:04,731 INFO o.a.j.t.JMeterThread: Stopping because end time detected by thread: S2 1-948
2026-10-03 17:19:04,731 INFO o.a.j.t.JMeterThread: Thread finished: S2 1-948
2026-10-03 17:19:04,733 INFO o.a.j.t.JMeterThread: Stopping because end time detected by thread: S2 1-886
2026-10-03 17:19:04,733 INFO o.a.j.t.JMeterThread: Thread finished: S2 1-886
2026-10-03 17:19:04,737 INFO o.a.j.t.JMeterThread: Stopping because end time detected by thread: S2 1-32
2026-10-03 17:19:04,737 INFO o.a.j.t.JMeterThread: Thread finished: S2 1-32
2026-10-03 17:19:04,748 INFO o.a.j.t.JMeterThread: Stopping because end time detected by thread: S2 1-752
2026-10-03 17:19:04,748 INFO o.a.j.t.JMeterThread: Thread finished: S2 1-752
2026-10-03 17:19:04,751 INFO o.a.j.t.JMeterThread: Stopping because end time detected by thread: S2 1-705
2026-10-03 17:19:04,751 INFO o.a.j.t.JMeterThread: Thread finished: S2 1-705
2026-10-03 17:19:04,753 INFO o.a.j.t.JMeterThread: Stopping because end time detected by thread: S2 1-939
2026-10-03 17:19:04,753 INFO o.a.j.t.JMeterThread: Thread finished: S2 1-939
2026-10-03 17:19:04,756 INFO o.a.j.t.JMeterThread: Stopping because end time detected by thread: S2 1-866
2026-10-03 17:19:04,757 INFO o.a.j.t.JMeterThread: Thread finished: S2 1-866
2026-10-03 17:19:04,820 INFO o.a.j.t.JMeterThread: Stopping because end time detected by thread: S2 1-733
2026-10-03 17:19:04,820 INFO o.a.j.t.JMeterThread: Thread finished: S2 1-733
2026-10-03 17:19:04,821 INFO o.a.j.t.JMeterThread: Stopping because end time detected by thread: S2 1-112
2026-10-03 17:19:04,822 INFO o.a.j.t.JMeterThread: Stopping because end time detected by thread: S2 1-447
2026-10-03 17:19:04,823 INFO o.a.j.t.JMeterThread: Thread finished: S2 1-112
2026-10-03 17:19:04,823 INFO o.a.j.t.JMeterThread: Thread finished: S2 1-447
2026-10-03 17:19:04,823 INFO o.a.j.t.JMeterThread: Stopping because end time detected by thread: S2 1-22
2026-10-03 17:19:04,823 INFO o.a.j.t.JMeterThread: Thread finished: S2 1-22
2026-10-03 17:19:04,825 INFO o.a.j.t.JMeterThread: Stopping because end time detected by thread: S2 1-216
2026-10-03 17:19:04,825 INFO o.a.j.t.JMeterThread: Thread finished: S2 1-216
2026-10-03 17:19:04,828 INFO o.a.j.t.JMeterThread: Stopping because end time detected by thread: S2 1-280
2026-10-03 17:19:04,828 INFO o.a.j.t.JMeterThread: Stopping because end time detected by thread: S2 1-795
2026-10-03 17:19:04,828 INFO o.a.j.t.JMeterThread: Thread finished: S2 1-280
2026-10-03 17:19:04,828 INFO o.a.j.t.JMeterThread: Thread finished: S2 1-795
2026-10-03 17:19:04,830 INFO o.a.j.t.JMeterThread: Stopping because end time detected by thread: S2 1-154
2026-10-03 17:19:04,831 INFO o.a.j.t.JMeterThread: Thread finished: S2 1-154
2026-10-03 17:19:04,837 INFO o.a.j.t.JMeterThread: Stopping because end time detected by thread: S2 1-872
2026-10-03 17:19:04,837 INFO o.a.j.t.JMeterThread: Thread finished: S2 1-872
2026-10-03 17:19:04,839 INFO o.a.j.t.JMeterThread: Stopping because end time detected by thread: S2 1-144
2026-10-03 17:19:04,839 INFO o.a.j.t.JMeterThread: Thread finished: S2 1-144
2026-10-03 17:19:04,842 INFO o.a.j.t.JMeterThread: Stopping because end time detected by thread: S2 1-799
2026-10-03 17:19:04,842 INFO o.a.j.t.JMeterThread: Thread finished: S2 1-799
2026-10-03 17:19:04,846 INFO o.a.j.t.JMeterThread: Stopping because end time detected by thread: S2 1-56
2026-10-03 17:19:04,846 INFO o.a.j.t.JMeterThread: Thread finished: S2 1-56
2026-10-03 17:19:04,853 INFO o.a.j.t.JMeterThread: Stopping because end time detected by thread: S2 1-83
2026-10-03 17:19:04,853 INFO o.a.j.t.JMeterThread: Thread finished: S2 1-83
2026-10-03 17:19:04,855 INFO o.a.j.t.JMeterThread: Stopping because end time detected by thread: S2 1-911
2026-10-03 17:19:04,856 INFO o.a.j.t.JMeterThread: Thread finished: S2 1-911
2026-10-03 17:19:04,858 INFO o.a.j.t.JMeterThread: Stopping because end time detected by thread: S2 1-359
2026-10-03 17:19:04,858 INFO o.a.j.t.JMeterThread: Thread finished: S2 1-359
2026-10-03 17:19:04,921 INFO o.a.j.t.JMeterThread: Stopping because end time detected by thread: S2 1-69
2026-10-03 17:19:04,921 INFO o.a.j.t.JMeterThread: Thread finished: S2 1-69
2026-10-03 17:19:04,927 INFO o.a.j.t.JMeterThread: Stopping because end time detected by thread: S2 1-924
2026-10-03 17:19:04,927 INFO o.a.j.t.JMeterThread: Thread finished: S2 1-924
2026-10-03 17:19:04,929 INFO o.a.j.t.JMeterThread: Stopping because end time detected by thread: S2 1-952
2026-10-03 17:19:04,929 INFO o.a.j.t.JMeterThread: Thread finished: S2 1-952
2026-10-03 17:19:04,930 INFO o.a.j.t.JMeterThread: Stopping because end time detected by thread: S2 1-843
2026-10-03 17:19:04,930 INFO o.a.j.t.JMeterThread: Thread finished: S2 1-843
2026-10-03 17:19:04,930 INFO o.a.j.t.JMeterThread: Stopping because end time detected by thread: S2 1-831
2026-10-03 17:19:04,930 INFO o.a.j.t.JMeterThread: Thread finished: S2 1-831
2026-10-03 17:19:04,930 INFO o.a.j.t.JMeterThread: Stopping because end time detected by thread: S2 1-519
2026-10-03 17:19:04,930 INFO o.a.j.t.JMeterThread: Thread finished: S2 1-519
2026-10-03 17:19:04,937 INFO o.a.j.t.JMeterThread: Stopping because end time detected by thread: S2 1-737
2026-10-03 17:19:04,937 INFO o.a.j.t.JMeterThread: Thread finished: S2 1-737
2026-10-03 17:19:04,939 INFO o.a.j.t.JMeterThread: Stopping because end time detected by thread: S2 1-694
2026-10-03 17:19:04,939 INFO o.a.j.t.JMeterThread: Thread finished: S2 1-694
2026-10-03 17:19:04,942 INFO o.a.j.t.JMeterThread: Stopping because end time detected by thread: S2 1-23
2026-10-03 17:19:04,942 INFO o.a.j.t.JMeterThread: Thread finished: S2 1-23
2026-10-03 17:19:04,944 INFO o.a.j.t.JMeterThread: Stopping because end time detected by thread: S2 1-812
2026-10-03 17:19:04,944 INFO o.a.j.t.JMeterThread: Thread finished: S2 1-812
2026-10-03 17:19:04,947 INFO o.a.j.t.JMeterThread: Stopping because end time detected by thread: S2 1-543
2026-10-03 17:19:04,947 INFO o.a.j.t.JMeterThread: Thread finished: S2 1-543
2026-10-03 17:19:04,953 INFO o.a.j.t.JMeterThread: Stopping because end time detected by thread: S2 1-539
2026-10-03 17:19:04,953 INFO o.a.j.t.JMeterThread: Thread finished: S2 1-539
2026-10-03 17:19:04,955 INFO o.a.j.t.JMeterThread: Stopping because end time detected by thread: S2 1-301
2026-10-03 17:19:04,955 INFO o.a.j.t.JMeterThread: Thread finished: S2 1-301
2026-10-03 17:19:04,956 INFO o.a.j.t.JMeterThread: Stopping because end time detected by thread: S2 1-932
2026-10-03 17:19:04,956 INFO o.a.j.t.JMeterThread: Thread finished: S2 1-932
2026-10-03 17:19:04,958 INFO o.a.j.t.JMeterThread: Stopping because end time detected by thread: S2 1-741
2026-10-03 17:19:04,958 INFO o.a.j.t.JMeterThread: Thread finished: S2 1-741
2026-10-03 17:19:05,022 INFO o.a.j.t.JMeterThread: Stopping because end time detected by thread: S2 1-807
2026-10-03 17:19:05,022 INFO o.a.j.t.JMeterThread: Thread finished: S2 1-807
2026-10-03 17:19:05,022 INFO o.a.j.t.JMeterThread: Stopping because end time detected by thread: S2 1-870
2026-10-03 17:19:05,022 INFO o.a.j.t.JMeterThread: Thread finished: S2 1-870
2026-10-03 17:19:05,024 INFO o.a.j.t.JMeterThread: Stopping because end time detected by thread: S2 1-897
2026-10-03 17:19:05,024 INFO o.a.j.t.JMeterThread: Thread finished: S2 1-897
2026-10-03 17:19:05,025 INFO o.a.j.t.JMeterThread: Stopping because end time detected by thread: S2 1-900
2026-10-03 17:19:05,025 INFO o.a.j.t.JMeterThread: Thread finished: S2 1-900
2026-10-03 17:19:05,030 INFO o.a.j.t.JMeterThread: Stopping because end time detected by thread: S2 1-909
2026-10-03 17:19:05,030 INFO o.a.j.t.JMeterThread: Thread finished: S2 1-909
2026-10-03 17:19:05,030 INFO o.a.j.t.JMeterThread: Stopping because end time detected by thread: S2 1-761
2026-10-03 17:19:05,030 INFO o.a.j.t.JMeterThread: Thread finished: S2 1-761
2026-10-03 17:19:05,033 INFO o.a.j.t.JMeterThread: Stopping because end time detected by thread: S2 1-964
2026-10-03 17:19:05,033 INFO o.a.j.t.JMeterThread: Thread finished: S2 1-964
2026-10-03 17:19:05,035 INFO o.a.j.t.JMeterThread: Stopping because end time detected by thread: S2 1-283
2026-10-03 17:19:05,035 INFO o.a.j.t.JMeterThread: Thread finished: S2 1-283
2026-10-03 17:19:05,039 INFO o.a.j.t.JMeterThread: Stopping because end time detected by thread: S2 1-38
2026-10-03 17:19:05,039 INFO o.a.j.t.JMeterThread: Thread finished: S2 1-38
2026-10-03 17:19:05,040 INFO o.a.j.t.JMeterThread: Stopping because end time detected by thread: S2 1-480
2026-10-03 17:19:05,040 INFO o.a.j.t.JMeterThread: Thread finished: S2 1-480
2026-10-03 17:19:05,043 INFO o.a.j.t.JMeterThread: Stopping because end time detected by thread: S2 1-547
2026-10-03 17:19:05,043 INFO o.a.j.t.JMeterThread: Thread finished: S2 1-547
2026-10-03 17:19:05,046 INFO o.a.j.t.JMeterThread: Stopping because end time detected by thread: S2 1-155
2026-10-03 17:19:05,046 INFO o.a.j.t.JMeterThread: Thread finished: S2 1-155
2026-10-03 17:19:05,049 INFO o.a.j.t.JMeterThread: Stopping because end time detected by thread: S2 1-555
2026-10-03 17:19:05,049 INFO o.a.j.t.JMeterThread: Thread finished: S2 1-555
2026-10-03 17:19:05,052 INFO o.a.j.t.JMeterThread: Stopping because end time detected by thread: S2 1-867
2026-10-03 17:19:05,052 INFO o.a.j.t.JMeterThread: Thread finished: S2 1-867
2026-10-03 17:19:05,054 INFO o.a.j.t.JMeterThread: Stopping because end time detected by thread: S2 1-90
2026-10-03 17:19:05,054 INFO o.a.j.t.JMeterThread: Thread finished: S2 1-90
2026-10-03 17:19:05,125 INFO o.a.j.t.JMeterThread: Stopping because end time detected by thread: S2 1-390
2026-10-03 17:19:05,125 INFO o.a.j.t.JMeterThread: Thread finished: S2 1-390
2026-10-03 17:19:05,128 INFO o.a.j.t.JMeterThread: Stopping because end time detected by thread: S2 1-919
2026-10-03 17:19:05,128 INFO o.a.j.t.JMeterThread: Thread finished: S2 1-919
2026-10-03 17:19:05,129 INFO o.a.j.t.JMeterThread: Stopping because end time detected by thread: S2 1-317
2026-10-03 17:19:05,129 INFO o.a.j.t.JMeterThread: Thread finished: S2 1-317
2026-10-03 17:19:05,133 INFO o.a.j.t.JMeterThread: Stopping because end time detected by thread: S2 1-488
2026-10-03 17:19:05,133 INFO o.a.j.t.JMeterThread: Thread finished: S2 1-488
2026-10-03 17:19:05,135 INFO o.a.j.t.JMeterThread: Stopping because end time detected by thread: S2 1-1
2026-10-03 17:19:05,135 INFO o.a.j.t.JMeterThread: Thread finished: S2 1-1
2026-10-03 17:19:05,137 INFO o.a.j.t.JMeterThread: Stopping because end time detected by thread: S2 1-542
2026-10-03 17:19:05,137 INFO o.a.j.t.JMeterThread: Thread finished: S2 1-542
2026-10-03 17:19:05,142 INFO o.a.j.t.JMeterThread: Stopping because end time detected by thread: S2 1-697
2026-10-03 17:19:05,142 INFO o.a.j.t.JMeterThread: Thread finished: S2 1-697
2026-10-03 17:19:05,143 INFO o.a.j.t.JMeterThread: Stopping because end time detected by thread: S2 1-943
2026-10-03 17:19:05,143 INFO o.a.j.t.JMeterThread: Thread finished: S2 1-943
2026-10-03 17:19:05,144 INFO o.a.j.t.JMeterThread: Stopping because end time detected by thread: S2 1-811
2026-10-03 17:19:05,144 INFO o.a.j.t.JMeterThread: Thread finished: S2 1-811
2026-10-03 17:19:05,151 INFO o.a.j.t.JMeterThread: Stopping because end time detected by thread: S2 1-448
2026-10-03 17:19:05,151 INFO o.a.j.t.JMeterThread: Thread finished: S2 1-448
2026-10-03 17:19:05,151 INFO o.a.j.t.JMeterThread: Stopping because end time detected by thread: S2 1-228
2026-10-03 17:19:05,152 INFO o.a.j.t.JMeterThread: Thread finished: S2 1-228
2026-10-03 17:19:05,152 INFO o.a.j.t.JMeterThread: Stopping because end time detected by thread: S2 1-249
2026-10-03 17:19:05,152 INFO o.a.j.t.JMeterThread: Thread finished: S2 1-249
2026-10-03 17:19:05,154 INFO o.a.j.t.JMeterThread: Stopping because end time detected by thread: S2 1-8
2026-10-03 17:19:05,154 INFO o.a.j.t.JMeterThread: Thread finished: S2 1-8
2026-10-03 17:19:05,155 INFO o.a.j.t.JMeterThread: Stopping because end time detected by thread: S2 1-819
2026-10-03 17:19:05,155 INFO o.a.j.t.JMeterThread: Thread finished: S2 1-819
2026-10-03 17:19:05,156 INFO o.a.j.t.JMeterThread: Stopping because end time detected by thread: S2 1-559
2026-10-03 17:19:05,156 INFO o.a.j.t.JMeterThread: Thread finished: S2 1-559
2026-10-03 17:19:05,157 INFO o.a.j.t.JMeterThread: Stopping because end time detected by thread: S2 1-967
2026-10-03 17:19:05,157 INFO o.a.j.t.JMeterThread: Thread finished: S2 1-967
2026-10-03 17:19:05,220 INFO o.a.j.t.JMeterThread: Stopping because end time detected by thread: S2 1-551
2026-10-03 17:19:05,220 INFO o.a.j.t.JMeterThread: Thread finished: S2 1-551
2026-10-03 17:19:05,223 INFO o.a.j.t.JMeterThread: Stopping because end time detected by thread: S2 1-538
2026-10-03 17:19:05,223 INFO o.a.j.t.JMeterThread: Thread finished: S2 1-538
2026-10-03 17:19:05,225 INFO o.a.j.t.JMeterThread: Stopping because end time detected by thread: S2 1-412
2026-10-03 17:19:05,225 INFO o.a.j.t.JMeterThread: Thread finished: S2 1-412
2026-10-03 17:19:05,229 INFO o.a.j.t.JMeterThread: Stopping because end time detected by thread: S2 1-523
2026-10-03 17:19:05,229 INFO o.a.j.t.JMeterThread: Thread finished: S2 1-523
2026-10-03 17:19:05,232 INFO o.a.j.t.JMeterThread: Stopping because end time detected by thread: S2 1-894
2026-10-03 17:19:05,232 INFO o.a.j.t.JMeterThread: Thread finished: S2 1-894
2026-10-03 17:19:05,236 INFO o.a.j.t.JMeterThread: Stopping because end time detected by thread: S2 1-709
2026-10-03 17:19:05,236 INFO o.a.j.t.JMeterThread: Thread finished: S2 1-709
2026-10-03 17:19:05,248 INFO o.a.j.t.JMeterThread: Stopping because end time detected by thread: S2 1-463
2026-10-03 17:19:05,248 INFO o.a.j.t.JMeterThread: Thread finished: S2 1-463
2026-10-03 17:19:05,252 INFO o.a.j.t.JMeterThread: Stopping because end time detected by thread: S2 1-914
2026-10-03 17:19:05,252 INFO o.a.j.t.JMeterThread: Thread finished: S2 1-914
2026-10-03 17:19:05,254 INFO o.a.j.t.JMeterThread: Stopping because end time detected by thread: S2 1-146
2026-10-03 17:19:05,254 INFO o.a.j.t.JMeterThread: Thread finished: S2 1-146
2026-10-03 17:19:05,255 INFO o.a.j.t.JMeterThread: Stopping because end time detected by thread: S2 1-12
2026-10-03 17:19:05,255 INFO o.a.j.t.JMeterThread: Thread finished: S2 1-12
2026-10-03 17:19:05,325 INFO o.a.j.t.JMeterThread: Stopping because end time detected by thread: S2 1-31
2026-10-03 17:19:05,325 INFO o.a.j.t.JMeterThread: Thread finished: S2 1-31
2026-10-03 17:19:05,336 INFO o.a.j.t.JMeterThread: Stopping because end time detected by thread: S2 1-294
2026-10-03 17:19:05,336 INFO o.a.j.t.JMeterThread: Thread finished: S2 1-294
2026-10-03 17:19:05,337 INFO o.a.j.t.JMeterThread: Stopping because end time detected by thread: S2 1-928
2026-10-03 17:19:05,337 INFO o.a.j.t.JMeterThread: Thread finished: S2 1-928
2026-10-03 17:19:05,337 INFO o.a.j.t.JMeterThread: Stopping because end time detected by thread: S2 1-397
2026-10-03 17:19:05,337 INFO o.a.j.t.JMeterThread: Thread finished: S2 1-397
2026-10-03 17:19:05,343 INFO o.a.j.t.JMeterThread: Stopping because end time detected by thread: S2 1-171
2026-10-03 17:19:05,343 INFO o.a.j.t.JMeterThread: Thread finished: S2 1-171
2026-10-03 17:19:05,345 INFO o.a.j.t.JMeterThread: Stopping because end time detected by thread: S2 1-110
2026-10-03 17:19:05,345 INFO o.a.j.t.JMeterThread: Thread finished: S2 1-110
2026-10-03 17:19:05,347 INFO o.a.j.t.JMeterThread: Stopping because end time detected by thread: S2 1-950
2026-10-03 17:19:05,347 INFO o.a.j.t.JMeterThread: Thread finished: S2 1-950
2026-10-03 17:19:05,347 INFO o.a.j.t.JMeterThread: Stopping because end time detected by thread: S2 1-951
2026-10-03 17:19:05,347 INFO o.a.j.t.JMeterThread: Thread finished: S2 1-951
2026-10-03 17:19:05,347 INFO o.a.j.t.JMeterThread: Stopping because end time detected by thread: S2 1-525
2026-10-03 17:19:05,347 INFO o.a.j.t.JMeterThread: Thread finished: S2 1-525
2026-10-03 17:19:05,349 INFO o.a.j.t.JMeterThread: Stopping because end time detected by thread: S2 1-944
2026-10-03 17:19:05,350 INFO o.a.j.t.JMeterThread: Thread finished: S2 1-944
2026-10-03 17:19:05,351 INFO o.a.j.t.JMeterThread: Stopping because end time detected by thread: S2 1-935
2026-10-03 17:19:05,352 INFO o.a.j.t.JMeterThread: Thread finished: S2 1-935
2026-10-03 17:19:05,352 INFO o.a.j.t.JMeterThread: Stopping because end time detected by thread: S2 1-922
2026-10-03 17:19:05,352 INFO o.a.j.t.JMeterThread: Thread finished: S2 1-922
2026-10-03 17:19:05,353 INFO o.a.j.t.JMeterThread: Stopping because end time detected by thread: S2 1-851
2026-10-03 17:19:05,353 INFO o.a.j.t.JMeterThread: Thread finished: S2 1-851
2026-10-03 17:19:05,357 INFO o.a.j.t.JMeterThread: Stopping because end time detected by thread: S2 1-558
2026-10-03 17:19:05,357 INFO o.a.j.t.JMeterThread: Thread finished: S2 1-558
2026-10-03 17:19:05,422 INFO o.a.j.t.JMeterThread: Stopping because end time detected by thread: S2 1-839
2026-10-03 17:19:05,422 INFO o.a.j.t.JMeterThread: Thread finished: S2 1-839
2026-10-03 17:19:05,423 INFO o.a.j.t.JMeterThread: Stopping because end time detected by thread: S2 1-257
2026-10-03 17:19:05,423 INFO o.a.j.t.JMeterThread: Stopping because end time detected by thread: S2 1-297
2026-10-03 17:19:05,423 INFO o.a.j.t.JMeterThread: Thread finished: S2 1-257
2026-10-03 17:19:05,423 INFO o.a.j.t.JMeterThread: Thread finished: S2 1-297
2026-10-03 17:19:05,423 INFO o.a.j.t.JMeterThread: Stopping because end time detected by thread: S2 1-955
2026-10-03 17:19:05,425 INFO o.a.j.t.JMeterThread: Thread finished: S2 1-955
2026-10-03 17:19:05,423 INFO o.a.j.t.JMeterThread: Stopping because end time detected by thread: S2 1-785
2026-10-03 17:19:05,425 INFO o.a.j.t.JMeterThread: Thread finished: S2 1-785
2026-10-03 17:19:05,426 INFO o.a.j.t.JMeterThread: Stopping because end time detected by thread: S2 1-400
2026-10-03 17:19:05,426 INFO o.a.j.t.JMeterThread: Thread finished: S2 1-400
2026-10-03 17:19:05,427 INFO o.a.j.t.JMeterThread: Stopping because end time detected by thread: S2 1-527
2026-10-03 17:19:05,427 INFO o.a.j.t.JMeterThread: Stopping because end time detected by thread: S2 1-980
2026-10-03 17:19:05,427 INFO o.a.j.t.JMeterThread: Thread finished: S2 1-527
2026-10-03 17:19:05,427 INFO o.a.j.t.JMeterThread: Thread finished: S2 1-980
2026-10-03 17:19:05,431 INFO o.a.j.t.JMeterThread: Stopping because end time detected by thread: S2 1-847
2026-10-03 17:19:05,431 INFO o.a.j.t.JMeterThread: Thread finished: S2 1-847
2026-10-03 17:19:05,433 INFO o.a.j.t.JMeterThread: Stopping because end time detected by thread: S2 1-927
2026-10-03 17:19:05,433 INFO o.a.j.t.JMeterThread: Thread finished: S2 1-927
2026-10-03 17:19:05,437 INFO o.a.j.t.JMeterThread: Stopping because end time detected by thread: S2 1-263
2026-10-03 17:19:05,437 INFO o.a.j.t.JMeterThread: Thread finished: S2 1-263
2026-10-03 17:19:05,439 INFO o.a.j.t.JMeterThread: Stopping because end time detected by thread: S2 1-534
2026-10-03 17:19:05,439 INFO o.a.j.t.JMeterThread: Thread finished: S2 1-534
2026-10-03 17:19:05,440 INFO o.a.j.t.JMeterThread: Stopping because end time detected by thread: S2 1-753
2026-10-03 17:19:05,440 INFO o.a.j.t.JMeterThread: Thread finished: S2 1-753
2026-10-03 17:19:05,451 INFO o.a.j.t.JMeterThread: Stopping because end time detected by thread: S2 1-554
2026-10-03 17:19:05,452 INFO o.a.j.t.JMeterThread: Thread finished: S2 1-554
2026-10-03 17:19:05,456 INFO o.a.j.t.JMeterThread: Stopping because end time detected by thread: S2 1-3
2026-10-03 17:19:05,456 INFO o.a.j.t.JMeterThread: Thread finished: S2 1-3
2026-10-03 17:19:05,459 INFO o.a.j.t.JMeterThread: Stopping because end time detected by thread: S2 1-857
2026-10-03 17:19:05,459 INFO o.a.j.t.JMeterThread: Thread finished: S2 1-857
2026-10-03 17:19:05,521 INFO o.a.j.t.JMeterThread: Stopping because end time detected by thread: S2 1-460
2026-10-03 17:19:05,521 INFO o.a.j.t.JMeterThread: Thread finished: S2 1-460
2026-10-03 17:19:05,524 INFO o.a.j.t.JMeterThread: Stopping because end time detected by thread: S2 1-162
2026-10-03 17:19:05,525 INFO o.a.j.t.JMeterThread: Thread finished: S2 1-162
2026-10-03 17:19:05,531 INFO o.a.j.t.JMeterThread: Stopping because end time detected by thread: S2 1-169
2026-10-03 17:19:05,531 INFO o.a.j.t.JMeterThread: Thread finished: S2 1-169
2026-10-03 17:19:05,533 INFO o.a.j.t.JMeterThread: Stopping because end time detected by thread: S2 1-114
2026-10-03 17:19:05,533 INFO o.a.j.t.JMeterThread: Thread finished: S2 1-114
2026-10-03 17:19:05,533 INFO o.a.j.t.JMeterThread: Stopping because end time detected by thread: S2 1-431
2026-10-03 17:19:05,533 INFO o.a.j.t.JMeterThread: Thread finished: S2 1-431
2026-10-03 17:19:05,533 INFO o.a.j.t.JMeterThread: Stopping because end time detected by thread: S2 1-989
2026-10-03 17:19:05,533 INFO o.a.j.t.JMeterThread: Thread finished: S2 1-989
2026-10-03 17:19:05,534 INFO o.a.j.t.JMeterThread: Stopping because end time detected by thread: S2 1-956
2026-10-03 17:19:05,534 INFO o.a.j.t.JMeterThread: Thread finished: S2 1-956
2026-10-03 17:19:05,534 INFO o.a.j.t.JMeterThread: Stopping because end time detected by thread: S2 1-273
2026-10-03 17:19:05,535 INFO o.a.j.t.JMeterThread: Thread finished: S2 1-273
2026-10-03 17:19:05,535 INFO o.a.j.t.JMeterThread: Stopping because end time detected by thread: S2 1-306
2026-10-03 17:19:05,535 INFO o.a.j.t.JMeterThread: Thread finished: S2 1-306
2026-10-03 17:19:05,538 INFO o.a.j.t.JMeterThread: Stopping because end time detected by thread: S2 1-936
2026-10-03 17:19:05,538 INFO o.a.j.t.JMeterThread: Stopping because end time detected by thread: S2 1-773
2026-10-03 17:19:05,538 INFO o.a.j.t.JMeterThread: Thread finished: S2 1-936
2026-10-03 17:19:05,538 INFO o.a.j.t.JMeterThread: Thread finished: S2 1-773
2026-10-03 17:19:05,539 INFO o.a.j.t.JMeterThread: Stopping because end time detected by thread: S2 1-526
2026-10-03 17:19:05,539 INFO o.a.j.t.JMeterThread: Thread finished: S2 1-526
2026-10-03 17:19:05,543 INFO o.a.j.t.JMeterThread: Stopping because end time detected by thread: S2 1-972
2026-10-03 17:19:05,543 INFO o.a.j.t.JMeterThread: Thread finished: S2 1-972
2026-10-03 17:19:05,546 INFO o.a.j.t.JMeterThread: Stopping because end time detected by thread: S2 1-321
2026-10-03 17:19:05,546 INFO o.a.j.t.JMeterThread: Thread finished: S2 1-321
2026-10-03 17:19:05,549 INFO o.a.j.t.JMeterThread: Stopping because end time detected by thread: S2 1-50
2026-10-03 17:19:05,549 INFO o.a.j.t.JMeterThread: Thread finished: S2 1-50
2026-10-03 17:19:05,551 INFO o.a.j.t.JMeterThread: Stopping because end time detected by thread: S2 1-871
2026-10-03 17:19:05,551 INFO o.a.j.t.JMeterThread: Thread finished: S2 1-871
2026-10-03 17:19:05,552 INFO o.a.j.t.JMeterThread: Stopping because end time detected by thread: S2 1-416
2026-10-03 17:19:05,552 INFO o.a.j.t.JMeterThread: Thread finished: S2 1-416
2026-10-03 17:19:05,554 INFO o.a.j.t.JMeterThread: Stopping because end time detected by thread: S2 1-769
2026-10-03 17:19:05,554 INFO o.a.j.t.JMeterThread: Thread finished: S2 1-769
2026-10-03 17:19:05,631 INFO o.a.j.t.JMeterThread: Stopping because end time detected by thread: S2 1-979
2026-10-03 17:19:05,631 INFO o.a.j.t.JMeterThread: Thread finished: S2 1-979
2026-10-03 17:19:05,635 INFO o.a.j.t.JMeterThread: Stopping because end time detected by thread: S2 1-777
2026-10-03 17:19:05,635 INFO o.a.j.t.JMeterThread: Thread finished: S2 1-777
2026-10-03 17:19:05,641 INFO o.a.j.t.JMeterThread: Stopping because end time detected by thread: S2 1-960
2026-10-03 17:19:05,641 INFO o.a.j.t.JMeterThread: Thread finished: S2 1-960
2026-10-03 17:19:05,641 INFO o.a.j.t.JMeterThread: Stopping because end time detected by thread: S2 1-562
2026-10-03 17:19:05,641 INFO o.a.j.t.JMeterThread: Thread finished: S2 1-562
2026-10-03 17:19:05,646 INFO o.a.j.t.JMeterThread: Stopping because end time detected by thread: S2 1-433
2026-10-03 17:19:05,646 INFO o.a.j.t.JMeterThread: Thread finished: S2 1-433
2026-10-03 17:19:05,648 INFO o.a.j.t.JMeterThread: Stopping because end time detected by thread: S2 1-408
2026-10-03 17:19:05,648 INFO o.a.j.t.JMeterThread: Thread finished: S2 1-408
2026-10-03 17:19:05,648 INFO o.a.j.t.JMeterThread: Stopping because end time detected by thread: S2 1-947
2026-10-03 17:19:05,648 INFO o.a.j.t.JMeterThread: Thread finished: S2 1-947
2026-10-03 17:19:05,652 INFO o.a.j.t.JMeterThread: Stopping because end time detected by thread: S2 1-302
2026-10-03 17:19:05,652 INFO o.a.j.t.JMeterThread: Thread finished: S2 1-302
2026-10-03 17:19:05,721 INFO o.a.j.t.JMeterThread: Stopping because end time detected by thread: S2 1-432
2026-10-03 17:19:05,721 INFO o.a.j.t.JMeterThread: Thread finished: S2 1-432
2026-10-03 17:19:05,722 INFO o.a.j.t.JMeterThread: Stopping because end time detected by thread: S2 1-968
2026-10-03 17:19:05,723 INFO o.a.j.t.JMeterThread: Thread finished: S2 1-968
2026-10-03 17:19:05,724 INFO o.a.j.t.JMeterThread: Stopping because end time detected by thread: S2 1-905
2026-10-03 17:19:05,724 INFO o.a.j.t.JMeterThread: Thread finished: S2 1-905
2026-10-03 17:19:05,735 INFO o.a.j.t.JMeterThread: Stopping because end time detected by thread: S2 1-451
2026-10-03 17:19:05,735 INFO o.a.j.t.JMeterThread: Thread finished: S2 1-451
2026-10-03 17:19:05,739 INFO o.a.j.t.JMeterThread: Stopping because end time detected by thread: S2 1-959
2026-10-03 17:19:05,739 INFO o.a.j.t.JMeterThread: Thread finished: S2 1-959
2026-10-03 17:19:05,743 INFO o.a.j.t.JMeterThread: Stopping because end time detected by thread: S2 1-863
2026-10-03 17:19:05,743 INFO o.a.j.t.JMeterThread: Thread finished: S2 1-863
2026-10-03 17:19:05,745 INFO o.a.j.t.JMeterThread: Stopping because end time detected by thread: S2 1-931
2026-10-03 17:19:05,745 INFO o.a.j.t.JMeterThread: Thread finished: S2 1-931
2026-10-03 17:19:05,745 INFO o.a.j.t.JMeterThread: Stopping because end time detected by thread: S2 1-61
2026-10-03 17:19:05,745 INFO o.a.j.t.JMeterThread: Thread finished: S2 1-61
2026-10-03 17:19:05,746 INFO o.a.j.t.JMeterThread: Stopping because end time detected by thread: S2 1-94
2026-10-03 17:19:05,746 INFO o.a.j.t.JMeterThread: Thread finished: S2 1-94
2026-10-03 17:19:05,747 INFO o.a.j.t.JMeterThread: Stopping because end time detected by thread: S2 1-599
2026-10-03 17:19:05,747 INFO o.a.j.t.JMeterThread: Thread finished: S2 1-599
2026-10-03 17:19:05,752 INFO o.a.j.t.JMeterThread: Stopping because end time detected by thread: S2 1-133
2026-10-03 17:19:05,752 INFO o.a.j.t.JMeterThread: Thread finished: S2 1-133
2026-10-03 17:19:05,754 INFO o.a.j.t.JMeterThread: Stopping because end time detected by thread: S2 1-983
2026-10-03 17:19:05,754 INFO o.a.j.t.JMeterThread: Thread finished: S2 1-983
2026-10-03 17:19:05,756 INFO o.a.j.t.JMeterThread: Stopping because end time detected by thread: S2 1-971
2026-10-03 17:19:05,756 INFO o.a.j.t.JMeterThread: Thread finished: S2 1-971
2026-10-03 17:19:05,756 INFO o.a.j.t.JMeterThread: Stopping because end time detected by thread: S2 1-887
2026-10-03 17:19:05,756 INFO o.a.j.t.JMeterThread: Thread finished: S2 1-887
2026-10-03 17:19:05,762 INFO o.a.j.t.JMeterThread: Stopping because end time detected by thread: S2 1-251
2026-10-03 17:19:05,763 INFO o.a.j.t.JMeterThread: Thread finished: S2 1-251
2026-10-03 17:19:05,826 INFO o.a.j.t.JMeterThread: Stopping because end time detected by thread: S2 1-713
2026-10-03 17:19:05,826 INFO o.a.j.t.JMeterThread: Thread finished: S2 1-713
2026-10-03 17:19:05,826 INFO o.a.j.t.JMeterThread: Stopping because end time detected by thread: S2 1-17
2026-10-03 17:19:05,826 INFO o.a.j.t.JMeterThread: Thread finished: S2 1-17
2026-10-03 17:19:05,826 INFO o.a.j.t.JMeterThread: Stopping because end time detected by thread: S2 1-42
2026-10-03 17:19:05,826 INFO o.a.j.t.JMeterThread: Thread finished: S2 1-42
2026-10-03 17:19:05,827 INFO o.a.j.t.JMeterThread: Stopping because end time detected by thread: S2 1-801
2026-10-03 17:19:05,827 INFO o.a.j.t.JMeterThread: Thread finished: S2 1-801
2026-10-03 17:19:05,831 INFO o.a.j.t.JMeterThread: Stopping because end time detected by thread: S2 1-274
2026-10-03 17:19:05,831 INFO o.a.j.t.JMeterThread: Thread finished: S2 1-274
2026-10-03 17:19:05,840 INFO o.a.j.t.JMeterThread: Stopping because end time detected by thread: S2 1-997
2026-10-03 17:19:05,840 INFO o.a.j.t.JMeterThread: Thread finished: S2 1-997
2026-10-03 17:19:05,842 INFO o.a.j.t.JMeterThread: Stopping because end time detected by thread: S2 1-992
2026-10-03 17:19:05,842 INFO o.a.j.t.JMeterThread: Thread finished: S2 1-992
2026-10-03 17:19:05,848 INFO o.a.j.t.JMeterThread: Stopping because end time detected by thread: S2 1-821
2026-10-03 17:19:05,849 INFO o.a.j.t.JMeterThread: Thread finished: S2 1-821
2026-10-03 17:19:05,849 INFO o.a.j.t.JMeterThread: Stopping because end time detected by thread: S2 1-976
2026-10-03 17:19:05,849 INFO o.a.j.t.JMeterThread: Thread finished: S2 1-976
2026-10-03 17:19:05,851 INFO o.a.j.t.JMeterThread: Stopping because end time detected by thread: S2 1-725
2026-10-03 17:19:05,851 INFO o.a.j.t.JMeterThread: Thread finished: S2 1-725
2026-10-03 17:19:05,853 INFO o.a.j.t.JMeterThread: Stopping because end time detected by thread: S2 1-567
2026-10-03 17:19:05,853 INFO o.a.j.t.JMeterThread: Thread finished: S2 1-567
2026-10-03 17:19:05,854 INFO o.a.j.t.JMeterThread: Stopping because end time detected by thread: S2 1-789
2026-10-03 17:19:05,854 INFO o.a.j.t.JMeterThread: Thread finished: S2 1-789
2026-10-03 17:19:05,858 INFO o.a.j.t.JMeterThread: Stopping because end time detected by thread: S2 1-205
2026-10-03 17:19:05,858 INFO o.a.j.t.JMeterThread: Thread finished: S2 1-205
2026-10-03 17:19:05,921 INFO o.a.j.t.JMeterThread: Stopping because end time detected by thread: S2 1-561
2026-10-03 17:19:05,922 INFO o.a.j.t.JMeterThread: Thread finished: S2 1-561
2026-10-03 17:19:05,922 INFO o.a.j.t.JMeterThread: Stopping because end time detected by thread: S2 1-105
2026-10-03 17:19:05,922 INFO o.a.j.t.JMeterThread: Thread finished: S2 1-105
2026-10-03 17:19:05,923 INFO o.a.j.t.JMeterThread: Stopping because end time detected by thread: S2 1-48
2026-10-03 17:19:05,923 INFO o.a.j.t.JMeterThread: Thread finished: S2 1-48
2026-10-03 17:19:05,927 INFO o.a.j.t.JMeterThread: Stopping because end time detected by thread: S2 1-875
2026-10-03 17:19:05,927 INFO o.a.j.t.JMeterThread: Stopping because end time detected by thread: S2 1-255
2026-10-03 17:19:05,927 INFO o.a.j.t.JMeterThread: Thread finished: S2 1-875
2026-10-03 17:19:05,927 INFO o.a.j.t.JMeterThread: Thread finished: S2 1-255
2026-10-03 17:19:05,932 INFO o.a.j.t.JMeterThread: Stopping because end time detected by thread: S2 1-855
2026-10-03 17:19:05,933 INFO o.a.j.t.JMeterThread: Thread finished: S2 1-855
2026-10-03 17:19:05,933 INFO o.a.j.t.JMeterThread: Stopping because end time detected by thread: S2 1-757
2026-10-03 17:19:05,933 INFO o.a.j.t.JMeterThread: Thread finished: S2 1-757
2026-10-03 17:19:05,950 INFO o.a.j.t.JMeterThread: Stopping because end time detected by thread: S2 1-575
2026-10-03 17:19:05,950 INFO o.a.j.t.JMeterThread: Stopping because end time detected by thread: S2 1-261
2026-10-03 17:19:05,950 INFO o.a.j.t.JMeterThread: Thread finished: S2 1-261
2026-10-03 17:19:05,950 INFO o.a.j.t.JMeterThread: Thread finished: S2 1-575
2026-10-03 17:19:05,953 INFO o.a.j.t.JMeterThread: Stopping because end time detected by thread: S2 1-73
2026-10-03 17:19:05,953 INFO o.a.j.t.JMeterThread: Stopping because end time detected by thread: S2 1-126
2026-10-03 17:19:05,953 INFO o.a.j.t.JMeterThread: Thread finished: S2 1-73
2026-10-03 17:19:05,953 INFO o.a.j.t.JMeterThread: Thread finished: S2 1-126
2026-10-03 17:19:05,954 INFO o.a.j.t.JMeterThread: Stopping because end time detected by thread: S2 1-963
2026-10-03 17:19:05,954 INFO o.a.j.t.JMeterThread: Thread finished: S2 1-963
2026-10-03 17:19:05,959 INFO o.a.j.t.JMeterThread: Stopping because end time detected by thread: S2 1-546
2026-10-03 17:19:05,959 INFO o.a.j.t.JMeterThread: Thread finished: S2 1-546
2026-10-03 17:19:06,022 INFO o.a.j.t.JMeterThread: Stopping because end time detected by thread: S2 1-920
2026-10-03 17:19:06,022 INFO o.a.j.t.JMeterThread: Thread finished: S2 1-920
2026-10-03 17:19:06,023 INFO o.a.j.t.JMeterThread: Stopping because end time detected by thread: S2 1-60
2026-10-03 17:19:06,023 INFO o.a.j.t.JMeterThread: Thread finished: S2 1-60
2026-10-03 17:19:06,027 INFO o.a.j.t.JMeterThread: Stopping because end time detected by thread: S2 1-570
2026-10-03 17:19:06,027 INFO o.a.j.t.JMeterThread: Thread finished: S2 1-570
2026-10-03 17:19:06,028 INFO o.a.j.t.JMeterThread: Stopping because end time detected by thread: S2 1-892
2026-10-03 17:19:06,028 INFO o.a.j.t.JMeterThread: Stopping because end time detected by thread: S2 1-571
2026-10-03 17:19:06,028 INFO o.a.j.t.JMeterThread: Thread finished: S2 1-892
2026-10-03 17:19:06,028 INFO o.a.j.t.JMeterThread: Thread finished: S2 1-571
2026-10-03 17:19:06,031 INFO o.a.j.t.JMeterThread: Stopping because end time detected by thread: S2 1-186
2026-10-03 17:19:06,031 INFO o.a.j.t.JMeterThread: Thread finished: S2 1-186
2026-10-03 17:19:06,037 INFO o.a.j.t.JMeterThread: Stopping because end time detected by thread: S2 1-270
2026-10-03 17:19:06,037 INFO o.a.j.t.JMeterThread: Thread finished: S2 1-270
2026-10-03 17:19:06,038 INFO o.a.j.t.JMeterThread: Stopping because end time detected by thread: S2 1-232
2026-10-03 17:19:06,038 INFO o.a.j.t.JMeterThread: Thread finished: S2 1-232
2026-10-03 17:19:06,044 INFO o.a.j.t.JMeterThread: Stopping because end time detected by thread: S2 1-300
2026-10-03 17:19:06,044 INFO o.a.j.t.JMeterThread: Thread finished: S2 1-300
2026-10-03 17:19:06,046 INFO o.a.j.t.JMeterThread: Stopping because end time detected by thread: S2 1-57
2026-10-03 17:19:06,046 INFO o.a.j.t.JMeterThread: Thread finished: S2 1-57
2026-10-03 17:19:06,048 INFO o.a.j.t.JMeterThread: Stopping because end time detected by thread: S2 1-793
2026-10-03 17:19:06,048 INFO o.a.j.t.JMeterThread: Thread finished: S2 1-793
2026-10-03 17:19:06,048 INFO o.a.j.t.JMeterThread: Stopping because end time detected by thread: S2 1-780
2026-10-03 17:19:06,048 INFO o.a.j.t.JMeterThread: Thread finished: S2 1-780
2026-10-03 17:19:06,051 INFO o.a.j.t.JMeterThread: Stopping because end time detected by thread: S2 1-902
2026-10-03 17:19:06,051 INFO o.a.j.t.JMeterThread: Thread finished: S2 1-902
2026-10-03 17:19:06,051 INFO o.a.j.t.JMeterThread: Stopping because end time detected by thread: S2 1-459
2026-10-03 17:19:06,051 INFO o.a.j.t.JMeterThread: Thread finished: S2 1-459
2026-10-03 17:19:06,054 INFO o.a.j.t.JMeterThread: Stopping because end time detected by thread: S2 1-585
2026-10-03 17:19:06,054 INFO o.a.j.t.JMeterThread: Thread finished: S2 1-585
2026-10-03 17:19:06,058 INFO o.a.j.t.JMeterThread: Stopping because end time detected by thread: S2 1-404
2026-10-03 17:19:06,058 INFO o.a.j.t.JMeterThread: Thread finished: S2 1-404
2026-10-03 17:19:06,125 INFO o.a.j.t.JMeterThread: Stopping because end time detected by thread: S2 1-499
2026-10-03 17:19:06,125 INFO o.a.j.t.JMeterThread: Thread finished: S2 1-499
2026-10-03 17:19:06,128 INFO o.a.j.t.JMeterThread: Stopping because end time detected by thread: S2 1-284
2026-10-03 17:19:06,128 INFO o.a.j.t.JMeterThread: Thread finished: S2 1-284
2026-10-03 17:19:06,133 INFO o.a.j.t.JMeterThread: Stopping because end time detected by thread: S2 1-563
2026-10-03 17:19:06,133 INFO o.a.j.t.JMeterThread: Thread finished: S2 1-563
2026-10-03 17:19:06,133 INFO o.a.j.t.JMeterThread: Stopping because end time detected by thread: S2 1-588
2026-10-03 17:19:06,133 INFO o.a.j.t.JMeterThread: Thread finished: S2 1-588
2026-10-03 17:19:06,135 INFO o.a.j.t.JMeterThread: Stopping because end time detected by thread: S2 1-592
2026-10-03 17:19:06,135 INFO o.a.j.t.JMeterThread: Thread finished: S2 1-592
2026-10-03 17:19:06,136 INFO o.a.j.t.JMeterThread: Stopping because end time detected by thread: S2 1-988
2026-10-03 17:19:06,136 INFO o.a.j.t.JMeterThread: Thread finished: S2 1-988
2026-10-03 17:19:06,137 INFO o.a.j.t.JMeterThread: Stopping because end time detected by thread: S2 1-984
2026-10-03 17:19:06,137 INFO o.a.j.t.JMeterThread: Thread finished: S2 1-984
2026-10-03 17:19:06,138 INFO o.a.j.t.JMeterThread: Stopping because end time detected by thread: S2 1-314
2026-10-03 17:19:06,138 INFO o.a.j.t.JMeterThread: Thread finished: S2 1-314
2026-10-03 17:19:06,139 INFO o.a.j.t.JMeterThread: Stopping because end time detected by thread: S2 1-606
2026-10-03 17:19:06,139 INFO o.a.j.t.JMeterThread: Thread finished: S2 1-606
2026-10-03 17:19:06,149 INFO o.a.j.t.JMeterThread: Stopping because end time detected by thread: S2 1-442
2026-10-03 17:19:06,149 INFO o.a.j.t.JMeterThread: Stopping because end time detected by thread: S2 1-491
2026-10-03 17:19:06,149 INFO o.a.j.t.JMeterThread: Thread finished: S2 1-442
2026-10-03 17:19:06,149 INFO o.a.j.t.JMeterThread: Thread finished: S2 1-491
2026-10-03 17:19:06,154 INFO o.a.j.t.JMeterThread: Stopping because end time detected by thread: S2 1-797
2026-10-03 17:19:06,154 INFO o.a.j.t.JMeterThread: Thread finished: S2 1-797
2026-10-03 17:19:06,155 INFO o.a.j.t.JMeterThread: Stopping because end time detected by thread: S2 1-595
2026-10-03 17:19:06,155 INFO o.a.j.t.JMeterThread: Thread finished: S2 1-595
2026-10-03 17:19:06,157 INFO o.a.j.t.JMeterThread: Stopping because end time detected by thread: S2 1-991
2026-10-03 17:19:06,157 INFO o.a.j.t.JMeterThread: Thread finished: S2 1-991
2026-10-03 17:19:06,157 INFO o.a.j.t.JMeterThread: Stopping because end time detected by thread: S2 1-247
2026-10-03 17:19:06,157 INFO o.a.j.t.JMeterThread: Thread finished: S2 1-247
2026-10-03 17:19:06,158 INFO o.a.j.t.JMeterThread: Stopping because end time detected by thread: S2 1-783
2026-10-03 17:19:06,159 INFO o.a.j.t.JMeterThread: Thread finished: S2 1-783
2026-10-03 17:19:06,159 INFO o.a.j.t.JMeterThread: Stopping because end time detected by thread: S2 1-244
2026-10-03 17:19:06,159 INFO o.a.j.t.JMeterThread: Thread finished: S2 1-244
2026-10-03 17:19:06,223 INFO o.a.j.t.JMeterThread: Stopping because end time detected by thread: S2 1-987
2026-10-03 17:19:06,223 INFO o.a.j.t.JMeterThread: Stopping because end time detected by thread: S2 1-934
2026-10-03 17:19:06,223 INFO o.a.j.t.JMeterThread: Thread finished: S2 1-987
2026-10-03 17:19:06,223 INFO o.a.j.t.JMeterThread: Thread finished: S2 1-934
2026-10-03 17:19:06,226 INFO o.a.j.t.JMeterThread: Stopping because end time detected by thread: S2 1-476
2026-10-03 17:19:06,226 INFO o.a.j.t.JMeterThread: Thread finished: S2 1-476
2026-10-03 17:19:06,227 INFO o.a.j.t.JMeterThread: Stopping because end time detected by thread: S2 1-420
2026-10-03 17:19:06,227 INFO o.a.j.t.JMeterThread: Thread finished: S2 1-420
2026-10-03 17:19:06,231 INFO o.a.j.t.JMeterThread: Stopping because end time detected by thread: S2 1-201
2026-10-03 17:19:06,231 INFO o.a.j.t.JMeterThread: Thread finished: S2 1-201
2026-10-03 17:19:06,231 INFO o.a.j.t.JMeterThread: Stopping because end time detected by thread: S2 1-2
2026-10-03 17:19:06,231 INFO o.a.j.t.JMeterThread: Thread finished: S2 1-2
2026-10-03 17:19:06,231 INFO o.a.j.t.JMeterThread: Stopping because end time detected by thread: S2 1-530
2026-10-03 17:19:06,231 INFO o.a.j.t.JMeterThread: Thread finished: S2 1-530
2026-10-03 17:19:06,240 INFO o.a.j.t.JMeterThread: Stopping because end time detected by thread: S2 1-177
2026-10-03 17:19:06,240 INFO o.a.j.t.JMeterThread: Thread finished: S2 1-177
2026-10-03 17:19:06,250 INFO o.a.j.t.JMeterThread: Stopping because end time detected by thread: S2 1-296
2026-10-03 17:19:06,250 INFO o.a.j.t.JMeterThread: Thread finished: S2 1-296
2026-10-03 17:19:06,323 INFO o.a.j.t.JMeterThread: Stopping because end time detected by thread: S2 1-630
2026-10-03 17:19:06,323 INFO o.a.j.t.JMeterThread: Stopping because end time detected by thread: S2 1-496
2026-10-03 17:19:06,323 INFO o.a.j.t.JMeterThread: Thread finished: S2 1-630
2026-10-03 17:19:06,324 INFO o.a.j.t.JMeterThread: Thread finished: S2 1-496
2026-10-03 17:19:06,324 INFO o.a.j.t.JMeterThread: Stopping because end time detected by thread: S2 1-614
2026-10-03 17:19:06,324 INFO o.a.j.t.JMeterThread: Thread finished: S2 1-614
2026-10-03 17:19:06,327 INFO o.a.j.t.JMeterThread: Stopping because end time detected by thread: S2 1-591
2026-10-03 17:19:06,327 INFO o.a.j.t.JMeterThread: Thread finished: S2 1-591
2026-10-03 17:19:06,330 INFO o.a.j.t.JMeterThread: Stopping because end time detected by thread: S2 1-574
2026-10-03 17:19:06,330 INFO o.a.j.t.JMeterThread: Stopping because end time detected by thread: S2 1-805
2026-10-03 17:19:06,330 INFO o.a.j.t.JMeterThread: Thread finished: S2 1-574
2026-10-03 17:19:06,330 INFO o.a.j.t.JMeterThread: Thread finished: S2 1-805
2026-10-03 17:19:06,331 INFO o.a.j.t.JMeterThread: Stopping because end time detected by thread: S2 1-175
2026-10-03 17:19:06,331 INFO o.a.j.t.JMeterThread: Thread finished: S2 1-175
2026-10-03 17:19:06,336 INFO o.a.j.t.JMeterThread: Stopping because end time detected by thread: S2 1-813
2026-10-03 17:19:06,336 INFO o.a.j.t.JMeterThread: Thread finished: S2 1-813
2026-10-03 17:19:06,338 INFO o.a.j.t.JMeterThread: Stopping because end time detected by thread: S2 1-428
2026-10-03 17:19:06,338 INFO o.a.j.t.JMeterThread: Thread finished: S2 1-428
2026-10-03 17:19:06,340 INFO o.a.j.t.JMeterThread: Stopping because end time detected by thread: S2 1-982
2026-10-03 17:19:06,340 INFO o.a.j.t.JMeterThread: Thread finished: S2 1-982
2026-10-03 17:19:06,345 INFO o.a.j.t.JMeterThread: Stopping because end time detected by thread: S2 1-841
2026-10-03 17:19:06,345 INFO o.a.j.t.JMeterThread: Thread finished: S2 1-841
2026-10-03 17:19:06,346 INFO o.a.j.t.JMeterThread: Stopping because end time detected by thread: S2 1-229
2026-10-03 17:19:06,346 INFO o.a.j.t.JMeterThread: Thread finished: S2 1-229
2026-10-03 17:19:06,348 INFO o.a.j.t.JMeterThread: Stopping because end time detected by thread: S2 1-52
2026-10-03 17:19:06,351 INFO o.a.j.t.JMeterThread: Thread finished: S2 1-52
2026-10-03 17:19:06,429 INFO o.a.j.t.JMeterThread: Stopping because end time detected by thread: S2 1-849
2026-10-03 17:19:06,429 INFO o.a.j.t.JMeterThread: Thread finished: S2 1-849
2026-10-03 17:19:06,430 INFO o.a.j.t.JMeterThread: Stopping because end time detected by thread: S2 1-333
2026-10-03 17:19:06,430 INFO o.a.j.t.JMeterThread: Thread finished: S2 1-333
2026-10-03 17:19:06,430 INFO o.a.j.t.JMeterThread: Stopping because end time detected by thread: S2 1-604
2026-10-03 17:19:06,431 INFO o.a.j.t.JMeterThread: Thread finished: S2 1-604
2026-10-03 17:19:06,432 INFO o.a.j.t.JMeterThread: Stopping because end time detected by thread: S2 1-312
2026-10-03 17:19:06,432 INFO o.a.j.t.JMeterThread: Thread finished: S2 1-312
2026-10-03 17:19:06,437 INFO o.a.j.t.JMeterThread: Stopping because end time detected by thread: S2 1-156
2026-10-03 17:19:06,437 INFO o.a.j.t.JMeterThread: Thread finished: S2 1-156
2026-10-03 17:19:06,444 INFO o.a.j.t.JMeterThread: Stopping because end time detected by thread: S2 1-87
2026-10-03 17:19:06,444 INFO o.a.j.t.JMeterThread: Thread finished: S2 1-87
2026-10-03 17:19:06,449 INFO o.a.j.t.JMeterThread: Stopping because end time detected by thread: S2 1-81
2026-10-03 17:19:06,449 INFO o.a.j.t.JMeterThread: Thread finished: S2 1-81
2026-10-03 17:19:06,458 INFO o.a.j.t.JMeterThread: Stopping because end time detected by thread: S2 1-584
2026-10-03 17:19:06,458 INFO o.a.j.t.JMeterThread: Thread finished: S2 1-584
2026-10-03 17:19:06,520 INFO o.a.j.t.JMeterThread: Stopping because end time detected by thread: S2 1-304
2026-10-03 17:19:06,520 INFO o.a.j.t.JMeterThread: Thread finished: S2 1-304
2026-10-03 17:19:06,520 INFO o.a.j.t.JMeterThread: Stopping because end time detected by thread: S2 1-589
2026-10-03 17:19:06,521 INFO o.a.j.t.JMeterThread: Thread finished: S2 1-589
2026-10-03 17:19:06,527 INFO o.a.j.t.JMeterThread: Stopping because end time detected by thread: S2 1-281
2026-10-03 17:19:06,527 INFO o.a.j.t.JMeterThread: Thread finished: S2 1-281
2026-10-03 17:19:06,528 INFO o.a.j.t.JMeterThread: Stopping because end time detected by thread: S2 1-455
2026-10-03 17:19:06,528 INFO o.a.j.t.JMeterThread: Thread finished: S2 1-455
2026-10-03 17:19:06,530 INFO o.a.j.t.JMeterThread: Stopping because end time detected by thread: S2 1-179
2026-10-03 17:19:06,530 INFO o.a.j.t.JMeterThread: Thread finished: S2 1-179
2026-10-03 17:19:06,530 INFO o.a.j.t.JMeterThread: Stopping because end time detected by thread: S2 1-901
2026-10-03 17:19:06,530 INFO o.a.j.t.JMeterThread: Thread finished: S2 1-901
2026-10-03 17:19:06,532 INFO o.a.j.t.JMeterThread: Stopping because end time detected by thread: S2 1-164
2026-10-03 17:19:06,532 INFO o.a.j.t.JMeterThread: Thread finished: S2 1-164
2026-10-03 17:19:06,533 INFO o.a.j.t.JMeterThread: Stopping because end time detected by thread: S2 1-879
2026-10-03 17:19:06,533 INFO o.a.j.t.JMeterThread: Stopping because end time detected by thread: S2 1-579
2026-10-03 17:19:06,533 INFO o.a.j.t.JMeterThread: Thread finished: S2 1-879
2026-10-03 17:19:06,533 INFO o.a.j.t.JMeterThread: Thread finished: S2 1-579
2026-10-03 17:19:06,533 INFO o.a.j.t.JMeterThread: Stopping because end time detected by thread: S2 1-833
2026-10-03 17:19:06,534 INFO o.a.j.t.JMeterThread: Stopping because end time detected by thread: S2 1-183
2026-10-03 17:19:06,534 INFO o.a.j.t.JMeterThread: Thread finished: S2 1-833
2026-10-03 17:19:06,534 INFO o.a.j.t.JMeterThread: Thread finished: S2 1-183
2026-10-03 17:19:06,534 INFO o.a.j.t.JMeterThread: Stopping because end time detected by thread: S2 1-288
2026-10-03 17:19:06,534 INFO o.a.j.t.JMeterThread: Thread finished: S2 1-288
2026-10-03 17:19:06,536 INFO o.a.j.t.JMeterThread: Stopping because end time detected by thread: S2 1-237
2026-10-03 17:19:06,536 INFO o.a.j.t.JMeterThread: Thread finished: S2 1-237
2026-10-03 17:19:06,546 INFO o.a.j.t.JMeterThread: Stopping because end time detected by thread: S2 1-316
2026-10-03 17:19:06,546 INFO o.a.j.t.JMeterThread: Thread finished: S2 1-316
2026-10-03 17:19:06,548 INFO o.a.j.t.JMeterThread: Stopping because end time detected by thread: S2 1-626
2026-10-03 17:19:06,548 INFO o.a.j.t.JMeterThread: Thread finished: S2 1-626
2026-10-03 17:19:06,548 INFO o.a.j.t.JMeterThread: Stopping because end time detected by thread: S2 1-826
2026-10-03 17:19:06,549 INFO o.a.j.t.JMeterThread: Thread finished: S2 1-826
2026-10-03 17:19:06,553 INFO o.a.j.t.JMeterThread: Stopping because end time detected by thread: S2 1-456
2026-10-03 17:19:06,553 INFO o.a.j.t.JMeterThread: Thread finished: S2 1-456
2026-10-03 17:19:06,555 INFO o.a.j.t.JMeterThread: Stopping because end time detected by thread: S2 1-995
2026-10-03 17:19:06,555 INFO o.a.j.t.JMeterThread: Thread finished: S2 1-995
2026-10-03 17:19:06,555 INFO o.a.j.t.JMeterThread: Stopping because end time detected by thread: S2 1-612
2026-10-03 17:19:06,555 INFO o.a.j.t.JMeterThread: Thread finished: S2 1-612
2026-10-03 17:19:06,556 INFO o.a.j.t.JMeterThread: Stopping because end time detected by thread: S2 1-439
2026-10-03 17:19:06,556 INFO o.a.j.t.JMeterThread: Thread finished: S2 1-439
2026-10-03 17:19:06,621 INFO o.a.j.t.JMeterThread: Stopping because end time detected by thread: S2 1-817
2026-10-03 17:19:06,625 INFO o.a.j.t.JMeterThread: Stopping because end time detected by thread: S2 1-825
2026-10-03 17:19:06,622 INFO o.a.j.t.JMeterThread: Stopping because end time detected by thread: S2 1-108
2026-10-03 17:19:06,628 INFO o.a.j.t.JMeterThread: Thread finished: S2 1-825
2026-10-03 17:19:06,627 INFO o.a.j.t.JMeterThread: Thread finished: S2 1-817
2026-10-03 17:19:06,628 INFO o.a.j.t.JMeterThread: Thread finished: S2 1-108
2026-10-03 17:19:06,630 INFO o.a.j.t.JMeterThread: Stopping because end time detected by thread: S2 1-369
2026-10-03 17:19:06,630 INFO o.a.j.t.JMeterThread: Thread finished: S2 1-369
2026-10-03 17:19:06,635 INFO o.a.j.t.JMeterThread: Stopping because end time detected by thread: S2 1-132
2026-10-03 17:19:06,636 INFO o.a.j.t.JMeterThread: Thread finished: S2 1-132
2026-10-03 17:19:06,643 INFO o.a.j.t.JMeterThread: Stopping because end time detected by thread: S2 1-269
2026-10-03 17:19:06,643 INFO o.a.j.t.JMeterThread: Thread finished: S2 1-269
2026-10-03 17:19:06,643 INFO o.a.j.t.JMeterThread: Stopping because end time detected by thread: S2 1-915
2026-10-03 17:19:06,647 INFO o.a.j.t.JMeterThread: Thread finished: S2 1-915
2026-10-03 17:19:06,647 INFO o.a.j.t.JMeterThread: Stopping because end time detected by thread: S2 1-468
2026-10-03 17:19:06,647 INFO o.a.j.t.JMeterThread: Thread finished: S2 1-468
2026-10-03 17:19:06,647 INFO o.a.j.t.JMeterThread: Stopping because end time detected by thread: S2 1-573
2026-10-03 17:19:06,647 INFO o.a.j.t.JMeterThread: Thread finished: S2 1-573
2026-10-03 17:19:06,651 INFO o.a.j.t.JMeterThread: Stopping because end time detected by thread: S2 1-353
2026-10-03 17:19:06,652 INFO o.a.j.t.JMeterThread: Thread finished: S2 1-353
2026-10-03 17:19:06,651 INFO o.a.j.t.JMeterThread: Stopping because end time detected by thread: S2 1-483
2026-10-03 17:19:06,652 INFO o.a.j.t.JMeterThread: Thread finished: S2 1-483
2026-10-03 17:19:06,655 INFO o.a.j.t.JMeterThread: Stopping because end time detected by thread: S2 1-898
2026-10-03 17:19:06,655 INFO o.a.j.t.JMeterThread: Thread finished: S2 1-898
2026-10-03 17:19:06,722 INFO o.a.j.t.JMeterThread: Stopping because end time detected by thread: S2 1-26
2026-10-03 17:19:06,722 INFO o.a.j.t.JMeterThread: Thread finished: S2 1-26
2026-10-03 17:19:06,730 INFO o.a.j.t.JMeterThread: Stopping because end time detected by thread: S2 1-611
2026-10-03 17:19:06,730 INFO o.a.j.t.JMeterThread: Thread finished: S2 1-611
2026-10-03 17:19:06,742 INFO o.a.j.t.JMeterThread: Stopping because end time detected by thread: S2 1-904
2026-10-03 17:19:06,742 INFO o.a.j.t.JMeterThread: Thread finished: S2 1-904
2026-10-03 17:19:06,743 INFO o.a.j.t.JMeterThread: Stopping because end time detected by thread: S2 1-834
2026-10-03 17:19:06,743 INFO o.a.j.t.JMeterThread: Thread finished: S2 1-834
2026-10-03 17:19:06,746 INFO o.a.j.t.JMeterThread: Stopping because end time detected by thread: S2 1-881
2026-10-03 17:19:06,747 INFO o.a.j.t.JMeterThread: Thread finished: S2 1-881
2026-10-03 17:19:06,747 INFO o.a.j.t.JMeterThread: Stopping because end time detected by thread: S2 1-634
2026-10-03 17:19:06,747 INFO o.a.j.t.JMeterThread: Thread finished: S2 1-634
2026-10-03 17:19:06,750 INFO o.a.j.t.JMeterThread: Stopping because end time detected by thread: S2 1-829
2026-10-03 17:19:06,750 INFO o.a.j.t.JMeterThread: Thread finished: S2 1-829
2026-10-03 17:19:06,755 INFO o.a.j.t.JMeterThread: Stopping because end time detected by thread: S2 1-484
2026-10-03 17:19:06,755 INFO o.a.j.t.JMeterThread: Thread finished: S2 1-484
2026-10-03 17:19:06,764 INFO o.a.j.t.JMeterThread: Stopping because end time detected by thread: S2 1-324
2026-10-03 17:19:06,764 INFO o.a.j.t.JMeterThread: Thread finished: S2 1-324
2026-10-03 17:19:06,822 INFO o.a.j.t.JMeterThread: Stopping because end time detected by thread: S2 1-883
2026-10-03 17:19:06,822 INFO o.a.j.t.JMeterThread: Thread finished: S2 1-883
2026-10-03 17:19:06,823 INFO o.a.j.t.JMeterThread: Stopping because end time detected by thread: S2 1-429
2026-10-03 17:19:06,823 INFO o.a.j.t.JMeterThread: Thread finished: S2 1-429
2026-10-03 17:19:06,825 INFO o.a.j.t.JMeterThread: Stopping because end time detected by thread: S2 1-45
2026-10-03 17:19:06,825 INFO o.a.j.t.JMeterThread: Thread finished: S2 1-45
2026-10-03 17:19:06,827 INFO o.a.j.t.JMeterThread: Stopping because end time detected by thread: S2 1-918
2026-10-03 17:19:06,827 INFO o.a.j.t.JMeterThread: Thread finished: S2 1-918
2026-10-03 17:19:06,829 INFO o.a.j.t.JMeterThread: Stopping because end time detected by thread: S2 1-341
2026-10-03 17:19:06,829 INFO o.a.j.t.JMeterThread: Thread finished: S2 1-341
2026-10-03 17:19:06,832 INFO o.a.j.t.JMeterThread: Stopping because end time detected by thread: S2 1-127
2026-10-03 17:19:06,832 INFO o.a.j.t.JMeterThread: Thread finished: S2 1-127
2026-10-03 17:19:06,834 INFO o.a.j.t.JMeterThread: Stopping because end time detected by thread: S2 1-377
2026-10-03 17:19:06,834 INFO o.a.j.t.JMeterThread: Thread finished: S2 1-377
2026-10-03 17:19:06,838 INFO o.a.j.t.JMeterThread: Stopping because end time detected by thread: S2 1-436
2026-10-03 17:19:06,838 INFO o.a.j.t.JMeterThread: Thread finished: S2 1-436
2026-10-03 17:19:06,839 INFO o.a.j.t.JMeterThread: Stopping because end time detected by thread: S2 1-335
2026-10-03 17:19:06,839 INFO o.a.j.t.JMeterThread: Thread finished: S2 1-335
2026-10-03 17:19:06,840 INFO o.a.j.t.JMeterThread: Stopping because end time detected by thread: S2 1-148
2026-10-03 17:19:06,840 INFO o.a.j.t.JMeterThread: Thread finished: S2 1-148
2026-10-03 17:19:06,846 INFO o.a.j.t.JMeterThread: Stopping because end time detected by thread: S2 1-578
2026-10-03 17:19:06,846 INFO o.a.j.t.JMeterThread: Thread finished: S2 1-578
2026-10-03 17:19:06,846 INFO o.a.j.t.JMeterThread: Stopping because end time detected by thread: S2 1-601
2026-10-03 17:19:06,846 INFO o.a.j.t.JMeterThread: Thread finished: S2 1-601
2026-10-03 17:19:06,857 INFO o.a.j.t.JMeterThread: Stopping because end time detected by thread: S2 1-497
2026-10-03 17:19:06,857 INFO o.a.j.t.JMeterThread: Thread finished: S2 1-497
2026-10-03 17:19:06,861 INFO o.a.j.t.JMeterThread: Stopping because end time detected by thread: S2 1-40
2026-10-03 17:19:06,861 INFO o.a.j.t.JMeterThread: Stopping because end time detected by thread: S2 1-129
2026-10-03 17:19:06,861 INFO o.a.j.t.JMeterThread: Thread finished: S2 1-40
2026-10-03 17:19:06,861 INFO o.a.j.t.JMeterThread: Thread finished: S2 1-129
2026-10-03 17:19:06,864 INFO o.a.j.t.JMeterThread: Stopping because end time detected by thread: S2 1-39
2026-10-03 17:19:06,864 INFO o.a.j.t.JMeterThread: Thread finished: S2 1-39
2026-10-03 17:19:06,866 INFO o.a.j.t.JMeterThread: Stopping because end time detected by thread: S2 1-942
2026-10-03 17:19:06,866 INFO o.a.j.t.JMeterThread: Thread finished: S2 1-942
2026-10-03 17:19:06,923 INFO o.a.j.t.JMeterThread: Stopping because end time detected by thread: S2 1-462
2026-10-03 17:19:06,923 INFO o.a.j.t.JMeterThread: Thread finished: S2 1-462
2026-10-03 17:19:06,926 INFO o.a.j.t.JMeterThread: Stopping because end time detected by thread: S2 1-361
2026-10-03 17:19:06,926 INFO o.a.j.t.JMeterThread: Thread finished: S2 1-361
2026-10-03 17:19:06,931 INFO o.a.j.t.JMeterThread: Stopping because end time detected by thread: S2 1-120
2026-10-03 17:19:06,931 INFO o.a.j.t.JMeterThread: Stopping because end time detected by thread: S2 1-640
2026-10-03 17:19:06,931 INFO o.a.j.t.JMeterThread: Thread finished: S2 1-640
2026-10-03 17:19:06,931 INFO o.a.j.t.JMeterThread: Thread finished: S2 1-120
2026-10-03 17:19:06,933 INFO o.a.j.t.JMeterThread: Stopping because end time detected by thread: S2 1-815
2026-10-03 17:19:06,933 INFO o.a.j.t.JMeterThread: Thread finished: S2 1-815
2026-10-03 17:19:06,934 INFO o.a.j.t.JMeterThread: Stopping because end time detected by thread: S2 1-152
2026-10-03 17:19:06,934 INFO o.a.j.t.JMeterThread: Thread finished: S2 1-152
2026-10-03 17:19:06,937 INFO o.a.j.t.JMeterThread: Stopping because end time detected by thread: S2 1-347
2026-10-03 17:19:06,937 INFO o.a.j.t.JMeterThread: Thread finished: S2 1-347
2026-10-03 17:19:06,938 INFO o.a.j.t.JMeterThread: Stopping because end time detected by thread: S2 1-308
2026-10-03 17:19:06,938 INFO o.a.j.t.JMeterThread: Thread finished: S2 1-308
2026-10-03 17:19:06,939 INFO o.a.j.t.JMeterThread: Stopping because end time detected by thread: S2 1-440
2026-10-03 17:19:06,939 INFO o.a.j.t.JMeterThread: Thread finished: S2 1-440
2026-10-03 17:19:06,943 INFO o.a.j.t.JMeterThread: Stopping because end time detected by thread: S2 1-117
2026-10-03 17:19:06,943 INFO o.a.j.t.JMeterThread: Thread finished: S2 1-117
2026-10-03 17:19:06,952 INFO o.a.j.t.JMeterThread: Stopping because end time detected by thread: S2 1-357
2026-10-03 17:19:06,953 INFO o.a.j.t.JMeterThread: Thread finished: S2 1-357
2026-10-03 17:19:06,955 INFO o.a.j.t.JMeterThread: Stopping because end time detected by thread: S2 1-54
2026-10-03 17:19:06,956 INFO o.a.j.t.JMeterThread: Thread finished: S2 1-54
2026-10-03 17:19:06,958 INFO o.a.j.t.JMeterThread: Stopping because end time detected by thread: S2 1-656
2026-10-03 17:19:06,958 INFO o.a.j.t.JMeterThread: Thread finished: S2 1-656
2026-10-03 17:19:07,021 INFO o.a.j.t.JMeterThread: Stopping because end time detected by thread: S2 1-618
2026-10-03 17:19:07,021 INFO o.a.j.t.JMeterThread: Thread finished: S2 1-618
2026-10-03 17:19:07,031 INFO o.a.j.t.JMeterThread: Stopping because end time detected by thread: S2 1-37
2026-10-03 17:19:07,031 INFO o.a.j.t.JMeterThread: Thread finished: S2 1-37
2026-10-03 17:19:07,034 INFO o.a.j.t.JMeterThread: Stopping because end time detected by thread: S2 1-609
2026-10-03 17:19:07,034 INFO o.a.j.t.JMeterThread: Thread finished: S2 1-609
2026-10-03 17:19:07,034 INFO o.a.j.t.JMeterThread: Stopping because end time detected by thread: S2 1-645
2026-10-03 17:19:07,034 INFO o.a.j.t.JMeterThread: Thread finished: S2 1-645
2026-10-03 17:19:07,037 INFO o.a.j.t.JMeterThread: Stopping because end time detected by thread: S2 1-166
2026-10-03 17:19:07,037 INFO o.a.j.t.JMeterThread: Thread finished: S2 1-166
2026-10-03 17:19:07,045 INFO o.a.j.t.JMeterThread: Stopping because end time detected by thread: S2 1-930
2026-10-03 17:19:07,045 INFO o.a.j.t.JMeterThread: Thread finished: S2 1-930
2026-10-03 17:19:07,047 INFO o.a.j.t.JMeterThread: Stopping because end time detected by thread: S2 1-79
2026-10-03 17:19:07,047 INFO o.a.j.t.JMeterThread: Thread finished: S2 1-79
2026-10-03 17:19:07,051 INFO o.a.j.t.JMeterThread: Stopping because end time detected by thread: S2 1-632
2026-10-03 17:19:07,051 INFO o.a.j.t.JMeterThread: Thread finished: S2 1-632
2026-10-03 17:19:07,053 INFO o.a.j.t.JMeterThread: Stopping because end time detected by thread: S2 1-487
2026-10-03 17:19:07,053 INFO o.a.j.t.JMeterThread: Thread finished: S2 1-487
2026-10-03 17:19:07,058 INFO o.a.j.t.JMeterThread: Stopping because end time detected by thread: S2 1-492
2026-10-03 17:19:07,058 INFO o.a.j.t.JMeterThread: Thread finished: S2 1-492
2026-10-03 17:19:07,059 INFO o.a.j.t.JMeterThread: Stopping because end time detected by thread: S2 1-106
2026-10-03 17:19:07,059 INFO o.a.j.t.JMeterThread: Thread finished: S2 1-106
2026-10-03 17:19:07,120 INFO o.a.j.t.JMeterThread: Stopping because end time detected by thread: S2 1-853
2026-10-03 17:19:07,121 INFO o.a.j.t.JMeterThread: Thread finished: S2 1-853
2026-10-03 17:19:07,121 INFO o.a.j.t.JMeterThread: Stopping because end time detected by thread: S2 1-873
2026-10-03 17:19:07,121 INFO o.a.j.t.JMeterThread: Thread finished: S2 1-873
2026-10-03 17:19:07,123 INFO o.a.j.t.JMeterThread: Stopping because end time detected by thread: S2 1-958
2026-10-03 17:19:07,123 INFO o.a.j.t.JMeterThread: Thread finished: S2 1-958
2026-10-03 17:19:07,124 INFO o.a.j.t.JMeterThread: Stopping because end time detected by thread: S2 1-616
2026-10-03 17:19:07,124 INFO o.a.j.t.JMeterThread: Thread finished: S2 1-616
2026-10-03 17:19:07,125 INFO o.a.j.t.JMeterThread: Stopping because end time detected by thread: S2 1-610
2026-10-03 17:19:07,125 INFO o.a.j.t.JMeterThread: Thread finished: S2 1-610
2026-10-03 17:19:07,126 INFO o.a.j.t.JMeterThread: Stopping because end time detected by thread: S2 1-672
2026-10-03 17:19:07,126 INFO o.a.j.t.JMeterThread: Thread finished: S2 1-672
2026-10-03 17:19:07,127 INFO o.a.j.t.JMeterThread: Stopping because end time detected by thread: S2 1-292
2026-10-03 17:19:07,127 INFO o.a.j.t.JMeterThread: Thread finished: S2 1-292
2026-10-03 17:19:07,131 INFO o.a.j.t.JMeterThread: Stopping because end time detected by thread: S2 1-938
2026-10-03 17:19:07,131 INFO o.a.j.t.JMeterThread: Stopping because end time detected by thread: S2 1-535
2026-10-03 17:19:07,131 INFO o.a.j.t.JMeterThread: Thread finished: S2 1-938
2026-10-03 17:19:07,131 INFO o.a.j.t.JMeterThread: Thread finished: S2 1-535
2026-10-03 17:19:07,134 INFO o.a.j.t.JMeterThread: Stopping because end time detected by thread: S2 1-885
2026-10-03 17:19:07,134 INFO o.a.j.t.JMeterThread: Thread finished: S2 1-885
2026-10-03 17:19:07,134 INFO o.a.j.t.JMeterThread: Stopping because end time detected by thread: S2 1-109
2026-10-03 17:19:07,134 INFO o.a.j.t.JMeterThread: Thread finished: S2 1-109
2026-10-03 17:19:07,144 INFO o.a.j.t.JMeterThread: Stopping because end time detected by thread: S2 1-189
2026-10-03 17:19:07,144 INFO o.a.j.t.JMeterThread: Thread finished: S2 1-189
2026-10-03 17:19:07,150 INFO o.a.j.t.JMeterThread: Stopping because end time detected by thread: S2 1-479
2026-10-03 17:19:07,150 INFO o.a.j.t.JMeterThread: Thread finished: S2 1-479
2026-10-03 17:19:07,152 INFO o.a.j.t.JMeterThread: Stopping because end time detected by thread: S2 1-20
2026-10-03 17:19:07,152 INFO o.a.j.t.JMeterThread: Thread finished: S2 1-20
2026-10-03 17:19:07,156 INFO o.a.j.t.JMeterThread: Stopping because end time detected by thread: S2 1-102
2026-10-03 17:19:07,156 INFO o.a.j.t.JMeterThread: Thread finished: S2 1-102
2026-10-03 17:19:07,159 INFO o.a.j.t.JMeterThread: Stopping because end time detected by thread: S2 1-566
2026-10-03 17:19:07,159 INFO o.a.j.t.JMeterThread: Thread finished: S2 1-566
2026-10-03 17:19:07,164 INFO o.a.j.t.JMeterThread: Stopping because end time detected by thread: S2 1-385
2026-10-03 17:19:07,164 INFO o.a.j.t.JMeterThread: Thread finished: S2 1-385
2026-10-03 17:19:07,223 INFO o.a.j.t.JMeterThread: Stopping because end time detected by thread: S2 1-329
2026-10-03 17:19:07,223 INFO o.a.j.t.JMeterThread: Thread finished: S2 1-329
2026-10-03 17:19:07,227 INFO o.a.j.t.JMeterThread: Stopping because end time detected by thread: S2 1-513
2026-10-03 17:19:07,227 INFO o.a.j.t.JMeterThread: Thread finished: S2 1-513
2026-10-03 17:19:07,228 INFO o.a.j.t.JMeterThread: Stopping because end time detected by thread: S2 1-285
2026-10-03 17:19:07,228 INFO o.a.j.t.JMeterThread: Thread finished: S2 1-285
2026-10-03 17:19:07,232 INFO o.a.j.t.JMeterThread: Stopping because end time detected by thread: S2 1-859
2026-10-03 17:19:07,232 INFO o.a.j.t.JMeterThread: Thread finished: S2 1-859
2026-10-03 17:19:07,233 INFO o.a.j.t.JMeterThread: Stopping because end time detected by thread: S2 1-504
2026-10-03 17:19:07,233 INFO o.a.j.t.JMeterThread: Thread finished: S2 1-504
2026-10-03 17:19:07,237 INFO o.a.j.t.JMeterThread: Stopping because end time detected by thread: S2 1-469
2026-10-03 17:19:07,237 INFO o.a.j.t.JMeterThread: Thread finished: S2 1-469
2026-10-03 17:19:07,239 INFO o.a.j.t.JMeterThread: Stopping because end time detected by thread: S2 1-926
2026-10-03 17:19:07,239 INFO o.a.j.t.JMeterThread: Thread finished: S2 1-926
2026-10-03 17:19:07,239 INFO o.a.j.t.JMeterThread: Stopping because end time detected by thread: S2 1-328
2026-10-03 17:19:07,239 INFO o.a.j.t.JMeterThread: Thread finished: S2 1-328
2026-10-03 17:19:07,244 INFO o.a.j.t.JMeterThread: Stopping because end time detected by thread: S2 1-837
2026-10-03 17:19:07,244 INFO o.a.j.t.JMeterThread: Thread finished: S2 1-837
2026-10-03 17:19:07,246 INFO o.a.j.t.JMeterThread: Stopping because end time detected by thread: S2 1-59
2026-10-03 17:19:07,246 INFO o.a.j.t.JMeterThread: Thread finished: S2 1-59
2026-10-03 17:19:07,250 INFO o.a.j.t.JMeterThread: Stopping because end time detected by thread: S2 1-509
2026-10-03 17:19:07,250 INFO o.a.j.t.JMeterThread: Thread finished: S2 1-509
2026-10-03 17:19:07,251 INFO o.a.j.t.JMeterThread: Stopping because end time detected by thread: S2 1-869
2026-10-03 17:19:07,251 INFO o.a.j.t.JMeterThread: Thread finished: S2 1-869
2026-10-03 17:19:07,260 INFO o.a.j.t.JMeterThread: Stopping because end time detected by thread: S2 1-53
2026-10-03 17:19:07,260 INFO o.a.j.t.JMeterThread: Thread finished: S2 1-53
2026-10-03 17:19:07,265 INFO o.a.j.t.JMeterThread: Stopping because end time detected by thread: S2 1-648
2026-10-03 17:19:07,265 INFO o.a.j.t.JMeterThread: Thread finished: S2 1-648
2026-10-03 17:19:07,320 INFO o.a.j.t.JMeterThread: Stopping because end time detected by thread: S2 1-629
2026-10-03 17:19:07,321 INFO o.a.j.t.JMeterThread: Thread finished: S2 1-629
2026-10-03 17:19:07,321 INFO o.a.j.t.JMeterThread: Stopping because end time detected by thread: S2 1-896
2026-10-03 17:19:07,322 INFO o.a.j.t.JMeterThread: Thread finished: S2 1-896
2026-10-03 17:19:07,332 INFO o.a.j.t.JMeterThread: Stopping because end time detected by thread: S2 1-381
2026-10-03 17:19:07,332 INFO o.a.j.t.JMeterThread: Thread finished: S2 1-381
2026-10-03 17:19:07,339 INFO o.a.j.t.JMeterThread: Stopping because end time detected by thread: S2 1-700
2026-10-03 17:19:07,339 INFO o.a.j.t.JMeterThread: Thread finished: S2 1-700
2026-10-03 17:19:07,342 INFO o.a.j.t.JMeterThread: Stopping because end time detected by thread: S2 1-209
2026-10-03 17:19:07,342 INFO o.a.j.t.JMeterThread: Thread finished: S2 1-209
2026-10-03 17:19:07,343 INFO o.a.j.t.JMeterThread: Stopping because end time detected by thread: S2 1-520
2026-10-03 17:19:07,343 INFO o.a.j.t.JMeterThread: Thread finished: S2 1-520
2026-10-03 17:19:07,347 INFO o.a.j.t.JMeterThread: Stopping because end time detected by thread: S2 1-613
2026-10-03 17:19:07,348 INFO o.a.j.t.JMeterThread: Thread finished: S2 1-613
2026-10-03 17:19:07,348 INFO o.a.j.t.JMeterThread: Stopping because end time detected by thread: S2 1-696
2026-10-03 17:19:07,348 INFO o.a.j.t.JMeterThread: Thread finished: S2 1-696
2026-10-03 17:19:07,348 INFO o.a.j.t.JMeterThread: Stopping because end time detected by thread: S2 1-95
2026-10-03 17:19:07,348 INFO o.a.j.t.JMeterThread: Thread finished: S2 1-95
2026-10-03 17:19:07,352 INFO o.a.j.t.JMeterThread: Stopping because end time detected by thread: S2 1-621
2026-10-03 17:19:07,352 INFO o.a.j.t.JMeterThread: Thread finished: S2 1-621
2026-10-03 17:19:07,425 INFO o.a.j.t.JMeterThread: Stopping because end time detected by thread: S2 1-676
2026-10-03 17:19:07,425 INFO o.a.j.t.JMeterThread: Thread finished: S2 1-676
2026-10-03 17:19:07,425 INFO o.a.j.t.JMeterThread: Stopping because end time detected by thread: S2 1-130
2026-10-03 17:19:07,425 INFO o.a.j.t.JMeterThread: Thread finished: S2 1-130
2026-10-03 17:19:07,426 INFO o.a.j.t.JMeterThread: Stopping because end time detected by thread: S2 1-877
2026-10-03 17:19:07,426 INFO o.a.j.t.JMeterThread: Thread finished: S2 1-877
2026-10-03 17:19:07,427 INFO o.a.j.t.JMeterThread: Stopping because end time detected by thread: S2 1-642
2026-10-03 17:19:07,427 INFO o.a.j.t.JMeterThread: Thread finished: S2 1-642
2026-10-03 17:19:07,431 INFO o.a.j.t.JMeterThread: Stopping because end time detected by thread: S2 1-14
2026-10-03 17:19:07,431 INFO o.a.j.t.JMeterThread: Thread finished: S2 1-14
2026-10-03 17:19:07,435 INFO o.a.j.t.JMeterThread: Stopping because end time detected by thread: S2 1-265
2026-10-03 17:19:07,435 INFO o.a.j.t.JMeterThread: Thread finished: S2 1-265
2026-10-03 17:19:07,440 INFO o.a.j.t.JMeterThread: Stopping because end time detected by thread: S2 1-340
2026-10-03 17:19:07,440 INFO o.a.j.t.JMeterThread: Thread finished: S2 1-340
2026-10-03 17:19:07,444 INFO o.a.j.t.JMeterThread: Stopping because end time detected by thread: S2 1-605
2026-10-03 17:19:07,444 INFO o.a.j.t.JMeterThread: Thread finished: S2 1-605
2026-10-03 17:19:07,451 INFO o.a.j.t.JMeterThread: Stopping because end time detected by thread: S2 1-907
2026-10-03 17:19:07,451 INFO o.a.j.t.JMeterThread: Thread finished: S2 1-907
2026-10-03 17:19:07,520 INFO o.a.j.t.JMeterThread: Stopping because end time detected by thread: S2 1-505
2026-10-03 17:19:07,521 INFO o.a.j.t.JMeterThread: Thread finished: S2 1-505
2026-10-03 17:19:07,522 INFO o.a.j.t.JMeterThread: Stopping because end time detected by thread: S2 1-889
2026-10-03 17:19:07,522 INFO o.a.j.t.JMeterThread: Thread finished: S2 1-889
2026-10-03 17:19:07,522 INFO o.a.j.t.JMeterThread: Stopping because end time detected by thread: S2 1-444
2026-10-03 17:19:07,522 INFO o.a.j.t.JMeterThread: Thread finished: S2 1-444
2026-10-03 17:19:07,531 INFO o.a.j.t.JMeterThread: Stopping because end time detected by thread: S2 1-865
2026-10-03 17:19:07,531 INFO o.a.j.t.JMeterThread: Stopping because end time detected by thread: S2 1-668
2026-10-03 17:19:07,531 INFO o.a.j.t.JMeterThread: Thread finished: S2 1-865
2026-10-03 17:19:07,531 INFO o.a.j.t.JMeterThread: Thread finished: S2 1-668
2026-10-03 17:19:07,536 INFO o.a.j.t.JMeterThread: Stopping because end time detected by thread: S2 1-168
2026-10-03 17:19:07,536 INFO o.a.j.t.JMeterThread: Thread finished: S2 1-168
2026-10-03 17:19:07,539 INFO o.a.j.t.JMeterThread: Stopping because end time detected by thread: S2 1-111
2026-10-03 17:19:07,539 INFO o.a.j.t.JMeterThread: Thread finished: S2 1-111
2026-10-03 17:19:07,540 INFO o.a.j.t.JMeterThread: Stopping because end time detected by thread: S2 1-954
2026-10-03 17:19:07,540 INFO o.a.j.t.JMeterThread: Thread finished: S2 1-954
2026-10-03 17:19:07,543 INFO o.a.j.t.JMeterThread: Stopping because end time detected by thread: S2 1-99
2026-10-03 17:19:07,543 INFO o.a.j.t.JMeterThread: Thread finished: S2 1-99
2026-10-03 17:19:07,544 INFO o.a.j.t.JMeterThread: Stopping because end time detected by thread: S2 1-10
2026-10-03 17:19:07,544 INFO o.a.j.t.JMeterThread: Thread finished: S2 1-10
2026-10-03 17:19:07,544 INFO o.a.j.t.JMeterThread: Stopping because end time detected by thread: S2 1-624
2026-10-03 17:19:07,544 INFO o.a.j.t.JMeterThread: Thread finished: S2 1-624
2026-10-03 17:19:07,551 INFO o.a.j.t.JMeterThread: Stopping because end time detected by thread: S2 1-259
2026-10-03 17:19:07,551 INFO o.a.j.t.JMeterThread: Stopping because end time detected by thread: S2 1-550
2026-10-03 17:19:07,551 INFO o.a.j.t.JMeterThread: Thread finished: S2 1-259
2026-10-03 17:19:07,551 INFO o.a.j.t.JMeterThread: Stopping because end time detected by thread: S2 1-224
2026-10-03 17:19:07,551 INFO o.a.j.t.JMeterThread: Thread finished: S2 1-550
2026-10-03 17:19:07,551 INFO o.a.j.t.JMeterThread: Thread finished: S2 1-224
2026-10-03 17:19:07,555 INFO o.a.j.t.JMeterThread: Stopping because end time detected by thread: S2 1-217
2026-10-03 17:19:07,555 INFO o.a.j.t.JMeterThread: Thread finished: S2 1-217
2026-10-03 17:19:07,559 INFO o.a.j.t.JMeterThread: Stopping because end time detected by thread: S2 1-521
2026-10-03 17:19:07,559 INFO o.a.j.t.JMeterThread: Thread finished: S2 1-521
2026-10-03 17:19:07,622 INFO o.a.j.t.JMeterThread: Stopping because end time detected by thread: S2 1-325
2026-10-03 17:19:07,622 INFO o.a.j.t.JMeterThread: Thread finished: S2 1-325
2026-10-03 17:19:07,625 INFO o.a.j.t.JMeterThread: Stopping because end time detected by thread: S2 1-582
2026-10-03 17:19:07,625 INFO o.a.j.t.JMeterThread: Thread finished: S2 1-582
2026-10-03 17:19:07,628 INFO o.a.j.t.JMeterThread: Stopping because end time detected by thread: S2 1-494
2026-10-03 17:19:07,629 INFO o.a.j.t.JMeterThread: Thread finished: S2 1-494
2026-10-03 17:19:07,629 INFO o.a.j.t.JMeterThread: Stopping because end time detected by thread: S2 1-46
2026-10-03 17:19:07,629 INFO o.a.j.t.JMeterThread: Thread finished: S2 1-46
2026-10-03 17:19:07,631 INFO o.a.j.t.JMeterThread: Stopping because end time detected by thread: S2 1-553
2026-10-03 17:19:07,631 INFO o.a.j.t.JMeterThread: Thread finished: S2 1-553
2026-10-03 17:19:07,631 INFO o.a.j.t.JMeterThread: Stopping because end time detected by thread: S2 1-268
2026-10-03 17:19:07,631 INFO o.a.j.t.JMeterThread: Thread finished: S2 1-268
2026-10-03 17:19:07,635 INFO o.a.j.t.JMeterThread: Stopping because end time detected by thread: S2 1-191
2026-10-03 17:19:07,636 INFO o.a.j.t.JMeterThread: Thread finished: S2 1-191
2026-10-03 17:19:07,640 INFO o.a.j.t.JMeterThread: Stopping because end time detected by thread: S2 1-277
2026-10-03 17:19:07,640 INFO o.a.j.t.JMeterThread: Thread finished: S2 1-277
2026-10-03 17:19:07,641 INFO o.a.j.t.JMeterThread: Stopping because end time detected by thread: S2 1-213
2026-10-03 17:19:07,642 INFO o.a.j.t.JMeterThread: Thread finished: S2 1-213
2026-10-03 17:19:07,642 INFO o.a.j.t.JMeterThread: Stopping because end time detected by thread: S2 1-116
2026-10-03 17:19:07,643 INFO o.a.j.t.JMeterThread: Thread finished: S2 1-116
2026-10-03 17:19:07,649 INFO o.a.j.t.JMeterThread: Stopping because end time detected by thread: S2 1-115
2026-10-03 17:19:07,649 INFO o.a.j.t.JMeterThread: Thread finished: S2 1-115
2026-10-03 17:19:07,652 INFO o.a.j.t.JMeterThread: Stopping because end time detected by thread: S2 1-946
2026-10-03 17:19:07,653 INFO o.a.j.t.JMeterThread: Thread finished: S2 1-946
2026-10-03 17:19:07,653 INFO o.a.j.t.JMeterThread: Stopping because end time detected by thread: S2 1-508
2026-10-03 17:19:07,653 INFO o.a.j.t.JMeterThread: Thread finished: S2 1-508
2026-10-03 17:19:07,655 INFO o.a.j.t.JMeterThread: Stopping because end time detected by thread: S2 1-35
2026-10-03 17:19:07,655 INFO o.a.j.t.JMeterThread: Thread finished: S2 1-35
2026-10-03 17:19:07,658 INFO o.a.j.t.JMeterThread: Stopping because end time detected by thread: S2 1-405
2026-10-03 17:19:07,658 INFO o.a.j.t.JMeterThread: Thread finished: S2 1-405
2026-10-03 17:19:07,718 INFO o.a.j.t.JMeterThread: Stopping because end time detected by thread: S2 1-600
2026-10-03 17:19:07,719 INFO o.a.j.t.JMeterThread: Thread finished: S2 1-600
2026-10-03 17:19:07,724 INFO o.a.j.t.JMeterThread: Stopping because end time detected by thread: S2 1-293
2026-10-03 17:19:07,727 INFO o.a.j.t.JMeterThread: Stopping because end time detected by thread: S2 1-650
2026-10-03 17:19:07,727 INFO o.a.j.t.JMeterThread: Thread finished: S2 1-650
2026-10-03 17:19:07,726 INFO o.a.j.t.JMeterThread: Stopping because end time detected by thread: S2 1-890
2026-10-03 17:19:07,727 INFO o.a.j.t.JMeterThread: Thread finished: S2 1-890
2026-10-03 17:19:07,728 INFO o.a.j.t.JMeterThread: Stopping because end time detected by thread: S2 1-688
2026-10-03 17:19:07,728 INFO o.a.j.t.JMeterThread: Thread finished: S2 1-688
2026-10-03 17:19:07,724 INFO o.a.j.t.JMeterThread: Stopping because end time detected by thread: S2 1-346
2026-10-03 17:19:07,731 INFO o.a.j.t.JMeterThread: Thread finished: S2 1-346
2026-10-03 17:19:07,731 INFO o.a.j.t.JMeterThread: Stopping because end time detected by thread: S2 1-537
2026-10-03 17:19:07,731 INFO o.a.j.t.JMeterThread: Thread finished: S2 1-537
2026-10-03 17:19:07,727 INFO o.a.j.t.JMeterThread: Thread finished: S2 1-293
2026-10-03 17:19:07,733 INFO o.a.j.t.JMeterThread: Stopping because end time detected by thread: S2 1-962
2026-10-03 17:19:07,733 INFO o.a.j.t.JMeterThread: Thread finished: S2 1-962
2026-10-03 17:19:07,736 INFO o.a.j.t.JMeterThread: Stopping because end time detected by thread: S2 1-196
2026-10-03 17:19:07,736 INFO o.a.j.t.JMeterThread: Thread finished: S2 1-196
2026-10-03 17:19:07,739 INFO o.a.j.t.JMeterThread: Stopping because end time detected by thread: S2 1-524
2026-10-03 17:19:07,739 INFO o.a.j.t.JMeterThread: Thread finished: S2 1-524
2026-10-03 17:19:07,739 INFO o.a.j.t.JMeterThread: Stopping because end time detected by thread: S2 1-966
2026-10-03 17:19:07,739 INFO o.a.j.t.JMeterThread: Thread finished: S2 1-966
2026-10-03 17:19:07,747 INFO o.a.j.t.JMeterThread: Stopping because end time detected by thread: S2 1-557
2026-10-03 17:19:07,747 INFO o.a.j.t.JMeterThread: Thread finished: S2 1-557
2026-10-03 17:19:07,747 INFO o.a.j.t.JMeterThread: Stopping because end time detected by thread: S2 1-597
2026-10-03 17:19:07,747 INFO o.a.j.t.JMeterThread: Thread finished: S2 1-597
2026-10-03 17:19:07,748 INFO o.a.j.t.JMeterThread: Stopping because end time detected by thread: S2 1-467
2026-10-03 17:19:07,748 INFO o.a.j.t.JMeterThread: Thread finished: S2 1-467
2026-10-03 17:19:07,751 INFO o.a.j.t.JMeterThread: Stopping because end time detected by thread: S2 1-536
2026-10-03 17:19:07,751 INFO o.a.j.t.JMeterThread: Thread finished: S2 1-536
2026-10-03 17:19:07,756 INFO o.a.j.t.JMeterThread: Stopping because end time detected by thread: S2 1-86
2026-10-03 17:19:07,756 INFO o.a.j.t.JMeterThread: Thread finished: S2 1-86
2026-10-03 17:19:07,759 INFO o.a.j.t.JMeterThread: Stopping because end time detected by thread: S2 1-590
2026-10-03 17:19:07,759 INFO o.a.j.t.JMeterThread: Thread finished: S2 1-590
2026-10-03 17:19:07,829 INFO o.a.j.t.JMeterThread: Stopping because end time detected by thread: S2 1-704
2026-10-03 17:19:07,829 INFO o.a.j.t.JMeterThread: Thread finished: S2 1-704
2026-10-03 17:19:07,833 INFO o.a.j.t.JMeterThread: Stopping because end time detected by thread: S2 1-917
2026-10-03 17:19:07,833 INFO o.a.j.t.JMeterThread: Thread finished: S2 1-917
2026-10-03 17:19:07,838 INFO o.a.j.t.JMeterThread: Stopping because end time detected by thread: S2 1-684
2026-10-03 17:19:07,838 INFO o.a.j.t.JMeterThread: Thread finished: S2 1-684
2026-10-03 17:19:07,839 INFO o.a.j.t.JMeterThread: Stopping because end time detected by thread: S2 1-636
2026-10-03 17:19:07,839 INFO o.a.j.t.JMeterThread: Thread finished: S2 1-636
2026-10-03 17:19:07,848 INFO o.a.j.t.JMeterThread: Stopping because end time detected by thread: S2 1-660
2026-10-03 17:19:07,848 INFO o.a.j.t.JMeterThread: Thread finished: S2 1-660
2026-10-03 17:19:07,848 INFO o.a.j.t.JMeterThread: Stopping because end time detected by thread: S2 1-975
2026-10-03 17:19:07,848 INFO o.a.j.t.JMeterThread: Thread finished: S2 1-975
2026-10-03 17:19:07,856 INFO o.a.j.t.JMeterThread: Stopping because end time detected by thread: S2 1-475
2026-10-03 17:19:07,856 INFO o.a.j.t.JMeterThread: Thread finished: S2 1-475
2026-10-03 17:19:07,859 INFO o.a.j.t.JMeterThread: Stopping because end time detected by thread: S2 1-638
2026-10-03 17:19:07,859 INFO o.a.j.t.JMeterThread: Thread finished: S2 1-638
2026-10-03 17:19:07,863 INFO o.a.j.t.JMeterThread: Stopping because end time detected by thread: S2 1-320
2026-10-03 17:19:07,863 INFO o.a.j.t.JMeterThread: Thread finished: S2 1-320
2026-10-03 17:19:07,922 INFO o.a.j.t.JMeterThread: Stopping because end time detected by thread: S2 1-421
2026-10-03 17:19:07,922 INFO o.a.j.t.JMeterThread: Thread finished: S2 1-421
2026-10-03 17:19:07,925 INFO o.a.j.t.JMeterThread: Stopping because end time detected by thread: S2 1-970
2026-10-03 17:19:07,925 INFO o.a.j.t.JMeterThread: Thread finished: S2 1-970
2026-10-03 17:19:07,925 INFO o.a.j.t.JMeterThread: Stopping because end time detected by thread: S2 1-332
2026-10-03 17:19:07,925 INFO o.a.j.t.JMeterThread: Thread finished: S2 1-332
2026-10-03 17:19:07,925 INFO o.a.j.t.JMeterThread: Stopping because end time detected by thread: S2 1-501
2026-10-03 17:19:07,926 INFO o.a.j.t.JMeterThread: Thread finished: S2 1-501
2026-10-03 17:19:07,927 INFO o.a.j.t.JMeterThread: Stopping because end time detected by thread: S2 1-528
2026-10-03 17:19:07,927 INFO o.a.j.t.JMeterThread: Thread finished: S2 1-528
2026-10-03 17:19:07,928 INFO o.a.j.t.JMeterThread: Stopping because end time detected by thread: S2 1-768
2026-10-03 17:19:07,928 INFO o.a.j.t.JMeterThread: Thread finished: S2 1-768
2026-10-03 17:19:07,929 INFO o.a.j.t.JMeterThread: Stopping because end time detected by thread: S2 1-724
2026-10-03 17:19:07,929 INFO o.a.j.t.JMeterThread: Thread finished: S2 1-724
2026-10-03 17:19:07,930 INFO o.a.j.t.JMeterThread: Stopping because end time detected by thread: S2 1-531
2026-10-03 17:19:07,930 INFO o.a.j.t.JMeterThread: Thread finished: S2 1-531
2026-10-03 17:19:07,932 INFO o.a.j.t.JMeterThread: Stopping because end time detected by thread: S2 1-670
2026-10-03 17:19:07,932 INFO o.a.j.t.JMeterThread: Thread finished: S2 1-670
2026-10-03 17:19:07,933 INFO o.a.j.t.JMeterThread: Stopping because end time detected by thread: S2 1-392
2026-10-03 17:19:07,933 INFO o.a.j.t.JMeterThread: Thread finished: S2 1-392
2026-10-03 17:19:07,935 INFO o.a.j.t.JMeterThread: Stopping because end time detected by thread: S2 1-643
2026-10-03 17:19:07,935 INFO o.a.j.t.JMeterThread: Thread finished: S2 1-643
2026-10-03 17:19:07,939 INFO o.a.j.t.JMeterThread: Stopping because end time detected by thread: S2 1-933
2026-10-03 17:19:07,939 INFO o.a.j.t.JMeterThread: Thread finished: S2 1-933
2026-10-03 17:19:07,939 INFO o.a.j.t.JMeterThread: Stopping because end time detected by thread: S2 1-185
2026-10-03 17:19:07,939 INFO o.a.j.t.JMeterThread: Thread finished: S2 1-185
2026-10-03 17:19:07,941 INFO o.a.j.t.JMeterThread: Stopping because end time detected by thread: S2 1-654
2026-10-03 17:19:07,941 INFO o.a.j.t.JMeterThread: Thread finished: S2 1-654
2026-10-03 17:19:07,946 INFO o.a.j.t.JMeterThread: Stopping because end time detected by thread: S2 1-549
2026-10-03 17:19:07,946 INFO o.a.j.t.JMeterThread: Thread finished: S2 1-549
2026-10-03 17:19:07,946 INFO o.a.j.t.JMeterThread: Stopping because end time detected by thread: S2 1-921
2026-10-03 17:19:07,946 INFO o.a.j.t.JMeterThread: Thread finished: S2 1-921
2026-10-03 17:19:07,952 INFO o.a.j.t.JMeterThread: Stopping because end time detected by thread: S2 1-925
2026-10-03 17:19:07,952 INFO o.a.j.t.JMeterThread: Thread finished: S2 1-925
2026-10-03 17:19:07,953 INFO o.a.j.t.JMeterThread: Stopping because end time detected by thread: S2 1-649
2026-10-03 17:19:07,953 INFO o.a.j.t.JMeterThread: Thread finished: S2 1-649
2026-10-03 17:19:07,953 INFO o.a.j.t.JMeterThread: Stopping because end time detected by thread: S2 1-690
2026-10-03 17:19:07,953 INFO o.a.j.t.JMeterThread: Thread finished: S2 1-690
2026-10-03 17:19:07,955 INFO o.a.j.t.JMeterThread: Stopping because end time detected by thread: S2 1-728
2026-10-03 17:19:07,955 INFO o.a.j.t.JMeterThread: Stopping because end time detected by thread: S2 1-275
2026-10-03 17:19:07,955 INFO o.a.j.t.JMeterThread: Thread finished: S2 1-728
2026-10-03 17:19:07,955 INFO o.a.j.t.JMeterThread: Thread finished: S2 1-275
2026-10-03 17:19:07,959 INFO o.a.j.t.JMeterThread: Stopping because end time detected by thread: S2 1-937
2026-10-03 17:19:07,959 INFO o.a.j.t.JMeterThread: Thread finished: S2 1-937
2026-10-03 17:19:08,021 INFO o.a.j.t.JMeterThread: Stopping because end time detected by thread: S2 1-401
2026-10-03 17:19:08,021 INFO o.a.j.t.JMeterThread: Stopping because end time detected by thread: S2 1-187
2026-10-03 17:19:08,021 INFO o.a.j.t.JMeterThread: Thread finished: S2 1-401
2026-10-03 17:19:08,021 INFO o.a.j.t.JMeterThread: Thread finished: S2 1-187
2026-10-03 17:19:08,022 INFO o.a.j.t.JMeterThread: Stopping because end time detected by thread: S2 1-974
2026-10-03 17:19:08,022 INFO o.a.j.t.JMeterThread: Thread finished: S2 1-974
2026-10-03 17:19:08,024 INFO o.a.j.t.JMeterThread: Stopping because end time detected by thread: S2 1-533
2026-10-03 17:19:08,024 INFO o.a.j.t.JMeterThread: Thread finished: S2 1-533
2026-10-03 17:19:08,025 INFO o.a.j.t.JMeterThread: Stopping because end time detected by thread: S2 1-516
2026-10-03 17:19:08,025 INFO o.a.j.t.JMeterThread: Thread finished: S2 1-516
2026-10-03 17:19:08,026 INFO o.a.j.t.JMeterThread: Stopping because end time detected by thread: S2 1-74
2026-10-03 17:19:08,026 INFO o.a.j.t.JMeterThread: Thread finished: S2 1-74
2026-10-03 17:19:08,027 INFO o.a.j.t.JMeterThread: Stopping because end time detected by thread: S2 1-653
2026-10-03 17:19:08,027 INFO o.a.j.t.JMeterThread: Thread finished: S2 1-653
2026-10-03 17:19:08,029 INFO o.a.j.t.JMeterThread: Stopping because end time detected by thread: S2 1-500
2026-10-03 17:19:08,029 INFO o.a.j.t.JMeterThread: Thread finished: S2 1-500
2026-10-03 17:19:08,031 INFO o.a.j.t.JMeterThread: Stopping because end time detected by thread: S2 1-893
2026-10-03 17:19:08,031 INFO o.a.j.t.JMeterThread: Thread finished: S2 1-893
2026-10-03 17:19:08,033 INFO o.a.j.t.JMeterThread: Stopping because end time detected by thread: S2 1-986
2026-10-03 17:19:08,033 INFO o.a.j.t.JMeterThread: Thread finished: S2 1-986
2026-10-03 17:19:08,038 INFO o.a.j.t.JMeterThread: Stopping because end time detected by thread: S2 1-545
2026-10-03 17:19:08,038 INFO o.a.j.t.JMeterThread: Thread finished: S2 1-545
2026-10-03 17:19:08,045 INFO o.a.j.t.JMeterThread: Stopping because end time detected by thread: S2 1-29
2026-10-03 17:19:08,045 INFO o.a.j.t.JMeterThread: Thread finished: S2 1-29
2026-10-03 17:19:08,049 INFO o.a.j.t.JMeterThread: Stopping because end time detected by thread: S2 1-541
2026-10-03 17:19:08,050 INFO o.a.j.t.JMeterThread: Thread finished: S2 1-541
2026-10-03 17:19:08,050 INFO o.a.j.t.JMeterThread: Stopping because end time detected by thread: S2 1-990
2026-10-03 17:19:08,050 INFO o.a.j.t.JMeterThread: Thread finished: S2 1-990
2026-10-03 17:19:08,050 INFO o.a.j.t.JMeterThread: Stopping because end time detected by thread: S2 1-349
2026-10-03 17:19:08,051 INFO o.a.j.t.JMeterThread: Thread finished: S2 1-349
2026-10-03 17:19:08,052 INFO o.a.j.t.JMeterThread: Stopping because end time detected by thread: S2 1-174
2026-10-03 17:19:08,052 INFO o.a.j.t.JMeterThread: Thread finished: S2 1-174
2026-10-03 17:19:08,053 INFO o.a.j.t.JMeterThread: Stopping because end time detected by thread: S2 1-170
2026-10-03 17:19:08,053 INFO o.a.j.t.JMeterThread: Thread finished: S2 1-170
2026-10-03 17:19:08,119 INFO o.a.j.t.JMeterThread: Stopping because end time detected by thread: S2 1-929
2026-10-03 17:19:08,119 INFO o.a.j.t.JMeterThread: Thread finished: S2 1-929
2026-10-03 17:19:08,123 INFO o.a.j.t.JMeterThread: Stopping because end time detected by thread: S2 1-949
2026-10-03 17:19:08,123 INFO o.a.j.t.JMeterThread: Thread finished: S2 1-949
2026-10-03 17:19:08,126 INFO o.a.j.t.JMeterThread: Stopping because end time detected by thread: S2 1-502
2026-10-03 17:19:08,126 INFO o.a.j.t.JMeterThread: Stopping because end time detected by thread: S2 1-945
2026-10-03 17:19:08,126 INFO o.a.j.t.JMeterThread: Thread finished: S2 1-502
2026-10-03 17:19:08,126 INFO o.a.j.t.JMeterThread: Thread finished: S2 1-945
2026-10-03 17:19:08,129 INFO o.a.j.t.JMeterThread: Stopping because end time detected by thread: S2 1-994
2026-10-03 17:19:08,129 INFO o.a.j.t.JMeterThread: Thread finished: S2 1-994
2026-10-03 17:19:08,130 INFO o.a.j.t.JMeterThread: Stopping because end time detected by thread: S2 1-965
2026-10-03 17:19:08,130 INFO o.a.j.t.JMeterThread: Thread finished: S2 1-965
2026-10-03 17:19:08,134 INFO o.a.j.t.JMeterThread: Stopping because end time detected by thread: S2 1-322
2026-10-03 17:19:08,134 INFO o.a.j.t.JMeterThread: Thread finished: S2 1-322
2026-10-03 17:19:08,138 INFO o.a.j.t.JMeterThread: Stopping because end time detected by thread: S2 1-941
2026-10-03 17:19:08,138 INFO o.a.j.t.JMeterThread: Thread finished: S2 1-941
2026-10-03 17:19:08,139 INFO o.a.j.t.JMeterThread: Stopping because end time detected by thread: S2 1-913
2026-10-03 17:19:08,139 INFO o.a.j.t.JMeterThread: Thread finished: S2 1-913
2026-10-03 17:19:08,140 INFO o.a.j.t.JMeterThread: Stopping because end time detected by thread: S2 1-305
2026-10-03 17:19:08,140 INFO o.a.j.t.JMeterThread: Thread finished: S2 1-305
2026-10-03 17:19:08,141 INFO o.a.j.t.JMeterThread: Stopping because end time detected by thread: S2 1-586
2026-10-03 17:19:08,141 INFO o.a.j.t.JMeterThread: Thread finished: S2 1-586
2026-10-03 17:19:08,142 INFO o.a.j.t.JMeterThread: Stopping because end time detected by thread: S2 1-577
2026-10-03 17:19:08,142 INFO o.a.j.t.JMeterThread: Thread finished: S2 1-577
2026-10-03 17:19:08,143 INFO o.a.j.t.JMeterThread: Stopping because end time detected by thread: S2 1-998
2026-10-03 17:19:08,143 INFO o.a.j.t.JMeterThread: Thread finished: S2 1-998
2026-10-03 17:19:08,145 INFO o.a.j.t.JMeterThread: Stopping because end time detected by thread: S2 1-602
2026-10-03 17:19:08,146 INFO o.a.j.t.JMeterThread: Thread finished: S2 1-602
2026-10-03 17:19:08,149 INFO o.a.j.t.JMeterThread: Stopping because end time detected by thread: S2 1-953
2026-10-03 17:19:08,149 INFO o.a.j.t.JMeterThread: Thread finished: S2 1-953
2026-10-03 17:19:08,152 INFO o.a.j.t.JMeterThread: Stopping because end time detected by thread: S2 1-330
2026-10-03 17:19:08,153 INFO o.a.j.t.JMeterThread: Thread finished: S2 1-330
2026-10-03 17:19:08,156 INFO o.a.j.t.JMeterThread: Stopping because end time detected by thread: S2 1-593
2026-10-03 17:19:08,156 INFO o.a.j.t.JMeterThread: Thread finished: S2 1-593
2026-10-03 17:19:08,156 INFO o.a.j.t.JMeterThread: Stopping because end time detected by thread: S2 1-310
2026-10-03 17:19:08,156 INFO o.a.j.t.JMeterThread: Thread finished: S2 1-310
2026-10-03 17:19:08,158 INFO o.a.j.t.JMeterThread: Stopping because end time detected by thread: S2 1-720
2026-10-03 17:19:08,158 INFO o.a.j.t.JMeterThread: Thread finished: S2 1-720
2026-10-03 17:19:08,161 INFO o.a.j.t.JMeterThread: Stopping because end time detected by thread: S2 1-313
2026-10-03 17:19:08,161 INFO o.a.j.t.JMeterThread: Thread finished: S2 1-313
2026-10-03 17:19:08,162 INFO o.a.j.e.StandardJMeterEngine: Notifying test listeners of end of test
2026-10-03 17:19:08,162 INFO o.a.j.s.FileServer: Close: /tests/data/available_menu_items.csv
2026-10-03 17:19:08,164 INFO o.a.j.r.Summariser: summary +   1118 in 00:00:08 =  137.3/s Avg:  7261 Min:  6301 Max:  8279 Err:     0 (0.00%) Active: 0 Started: 1000 Finished: 1000
2026-10-03 17:19:08,164 INFO o.a.j.r.Summariser: summary =   9359 in 00:01:08 =  136.9/s Avg:  6330 Min:    32 Max:  8927 Err:     0 (0.00%)
