2026-10-06 08:31:36,207 INFO o.a.j.u.JMeterUtils: Setting Locale to en_EN
2026-10-06 08:31:36,228 INFO o.a.j.JMeter: Loading user properties from: /opt/jmeter/bin/user.properties
2026-10-06 08:31:36,228 INFO o.a.j.JMeter: Loading system properties from: /opt/jmeter/bin/system.properties
2026-10-06 08:31:36,228 INFO o.a.j.JMeter: Loading additional properties from: /tests/run.properties
2026-10-06 08:31:36,229 INFO o.a.j.JMeter: Loading additional properties from: /tests/data/ranges.properties
2026-10-06 08:31:36,229 INFO o.a.j.JMeter: Setting JMeter property: host=laravel-nginx
2026-10-06 08:31:36,229 INFO o.a.j.JMeter: Setting JMeter property: port=80
2026-10-06 08:31:36,229 INFO o.a.j.JMeter: Setting JMeter property: rampup=10
2026-10-06 08:31:36,229 INFO o.a.j.JMeter: Setting JMeter property: endpoint=EP7
2026-10-06 08:31:36,229 INFO o.a.j.JMeter: Setting JMeter property: users=500
2026-10-06 08:31:36,229 INFO o.a.j.JMeter: Setting JMeter property: duration=60
2026-10-06 08:31:36,234 INFO o.a.j.JMeter: Copyright (c) 1998-2024 The Apache Software Foundation
2026-10-06 08:31:36,234 INFO o.a.j.JMeter: Version 5.6.3
2026-10-06 08:31:36,234 INFO o.a.j.JMeter: java.version=21.0.12.1
2026-10-06 08:31:36,234 INFO o.a.j.JMeter: java.vm.name=OpenJDK 64-Bit Server VM
2026-10-06 08:31:36,234 INFO o.a.j.JMeter: os.name=Linux
2026-10-06 08:31:36,234 INFO o.a.j.JMeter: os.arch=amd64
2026-10-06 08:31:36,234 INFO o.a.j.JMeter: os.version=6.6.87.2-microsoft-standard-WSL2
2026-10-06 08:31:36,234 INFO o.a.j.JMeter: file.encoding=UTF-8
2026-10-06 08:31:36,234 INFO o.a.j.JMeter: java.awt.headless=true
2026-10-06 08:31:36,234 INFO o.a.j.JMeter: Max memory     =4294967296
2026-10-06 08:31:36,234 INFO o.a.j.JMeter: Available Processors =12
2026-10-06 08:31:36,243 INFO o.a.j.JMeter: Default Locale=English (EN)
2026-10-06 08:31:36,243 INFO o.a.j.JMeter: JMeter  Locale=English (EN)
2026-10-06 08:31:36,243 INFO o.a.j.JMeter: JMeterHome=/opt/jmeter
2026-10-06 08:31:36,243 INFO o.a.j.JMeter: user.dir  =/tests
2026-10-06 08:31:36,244 INFO o.a.j.JMeter: PWD       =/tests
2026-10-06 08:31:36,244 INFO o.a.j.JMeter: IP: 172.19.0.5 Name: b2b73c7ca19e FullName: b2b73c7ca19e
2026-10-06 08:31:36,255 INFO o.a.j.s.FileServer: Default base='/tests'
2026-10-06 08:31:36,257 INFO o.a.j.s.FileServer: Set new base='/tests'
2026-10-06 08:31:36,417 INFO o.a.j.s.SaveService: Testplan (JMX) version: 2.2. Testlog (JTL) version: 2.2
2026-10-06 08:31:36,441 INFO o.a.j.s.SaveService: Using SaveService properties version 5.0
2026-10-06 08:31:36,444 INFO o.a.j.s.SaveService: Using SaveService properties file encoding UTF-8
2026-10-06 08:31:36,447 INFO o.a.j.s.SaveService: Loading file: /tests/s2.jmx
2026-10-06 08:31:36,490 INFO o.a.j.p.h.s.HTTPSamplerBase: Parser for text/html is org.apache.jmeter.protocol.http.parser.LagartoBasedHtmlParser
2026-10-06 08:31:36,490 INFO o.a.j.p.h.s.HTTPSamplerBase: Parser for application/xhtml+xml is org.apache.jmeter.protocol.http.parser.LagartoBasedHtmlParser
2026-10-06 08:31:36,490 INFO o.a.j.p.h.s.HTTPSamplerBase: Parser for application/xml is org.apache.jmeter.protocol.http.parser.LagartoBasedHtmlParser
2026-10-06 08:31:36,490 INFO o.a.j.p.h.s.HTTPSamplerBase: Parser for text/xml is org.apache.jmeter.protocol.http.parser.LagartoBasedHtmlParser
2026-10-06 08:31:36,490 INFO o.a.j.p.h.s.HTTPSamplerBase: Parser for text/vnd.wap.wml is org.apache.jmeter.protocol.http.parser.RegexpHTMLParser
2026-10-06 08:31:36,490 INFO o.a.j.p.h.s.HTTPSamplerBase: Parser for text/css is org.apache.jmeter.protocol.http.parser.CssParser
2026-10-06 08:31:36,535 INFO o.a.j.JMeter: Creating summariser <summary>
2026-10-06 08:31:36,550 INFO o.a.j.e.StandardJMeterEngine: Running the test!
2026-10-06 08:31:36,551 INFO o.a.j.s.SampleEvent: List of sample_variables: []
2026-10-06 08:31:36,551 INFO o.a.j.s.SampleEvent: List of sample_variables: []
2026-10-06 08:31:36,554 INFO o.a.j.e.u.CompoundVariable: Note: Function class names must contain the string: '.functions.'
2026-10-06 08:31:36,554 INFO o.a.j.e.u.CompoundVariable: Note: Function class names must not contain the string: '.gui.'
2026-10-06 08:31:36,770 INFO o.a.j.JMeter: Running test (1791275496770)
2026-10-06 08:31:36,771 INFO o.a.j.e.StandardJMeterEngine: Starting setUp thread groups
2026-10-06 08:31:36,771 INFO o.a.j.e.StandardJMeterEngine: Starting setUp ThreadGroup: 1 : setUp - login 
2026-10-06 08:31:36,771 INFO o.a.j.e.StandardJMeterEngine: Starting 1 threads for group setUp - login.
2026-10-06 08:31:36,772 INFO o.a.j.e.StandardJMeterEngine: Test will stop abruptly on error
2026-10-06 08:31:36,772 INFO o.a.j.t.ThreadGroup: Starting thread group... number=1 threads=1 ramp-up=1 delayedStart=false
2026-10-06 08:31:36,775 INFO o.a.j.t.ThreadGroup: Started thread group number 1
2026-10-06 08:31:36,775 INFO o.a.j.e.StandardJMeterEngine: Waiting for all setup thread groups to exit
2026-10-06 08:31:36,776 INFO o.a.j.t.JMeterThread: Thread started: setUp - login 1-1
2026-10-06 08:31:36,787 INFO o.a.j.p.h.s.HTTPHCAbstractImpl: Local host = b2b73c7ca19e
2026-10-06 08:31:36,791 INFO o.a.j.p.h.s.HTTPHC4Impl: HTTP request retry count = 0
2026-10-06 08:31:36,793 INFO o.a.j.s.SampleResult: Note: Sample TimeStamps are START times
2026-10-06 08:31:36,793 INFO o.a.j.s.SampleResult: sampleresult.default.encoding is set to UTF-8
2026-10-06 08:31:36,793 INFO o.a.j.s.SampleResult: sampleresult.useNanoTime=true
2026-10-06 08:31:36,793 INFO o.a.j.s.SampleResult: sampleresult.nanoThreadSleep=5000
2026-10-06 08:31:37,488 INFO o.a.j.t.JMeterThread: Thread is done: setUp - login 1-1
2026-10-06 08:31:37,489 INFO o.a.j.t.JMeterThread: Thread finished: setUp - login 1-1
2026-10-06 08:31:37,489 INFO o.a.j.e.StandardJMeterEngine: All Setup Threads have ended
2026-10-06 08:31:37,513 INFO o.a.j.e.StandardJMeterEngine: Starting ThreadGroup: 1 : S2
2026-10-06 08:31:37,514 INFO o.a.j.e.StandardJMeterEngine: Starting 500 threads for group S2.
2026-10-06 08:31:37,514 INFO o.a.j.e.StandardJMeterEngine: Thread will continue on error
2026-10-06 08:31:37,514 INFO o.a.j.t.ThreadGroup: Starting thread group... number=1 threads=500 ramp-up=10 delayedStart=false
2026-10-06 08:31:37,526 INFO o.a.j.t.JMeterThread: Thread started: S2 1-1
2026-10-06 08:31:37,526 INFO o.a.j.s.FileServer: Stored: /tests/data/available_menu_items.csv
2026-10-06 08:31:37,544 INFO o.a.j.t.JMeterThread: Thread started: S2 1-2
2026-10-06 08:31:37,563 INFO o.a.j.t.JMeterThread: Thread started: S2 1-3
2026-10-06 08:31:37,583 INFO o.a.j.t.JMeterThread: Thread started: S2 1-4
2026-10-06 08:31:37,601 INFO o.a.j.t.JMeterThread: Thread started: S2 1-5
2026-10-06 08:31:37,621 INFO o.a.j.t.JMeterThread: Thread started: S2 1-6
2026-10-06 08:31:37,639 INFO o.a.j.t.JMeterThread: Thread started: S2 1-7
2026-10-06 08:31:37,660 INFO o.a.j.t.JMeterThread: Thread started: S2 1-8
2026-10-06 08:31:37,678 INFO o.a.j.t.JMeterThread: Thread started: S2 1-9
2026-10-06 08:31:37,700 INFO o.a.j.t.JMeterThread: Thread started: S2 1-10
2026-10-06 08:31:37,716 INFO o.a.j.t.JMeterThread: Thread started: S2 1-11
2026-10-06 08:31:37,736 INFO o.a.j.t.JMeterThread: Thread started: S2 1-12
2026-10-06 08:31:37,756 INFO o.a.j.t.JMeterThread: Thread started: S2 1-13
2026-10-06 08:31:37,776 INFO o.a.j.t.JMeterThread: Thread started: S2 1-14
2026-10-06 08:31:37,796 INFO o.a.j.t.JMeterThread: Thread started: S2 1-15
2026-10-06 08:31:37,816 INFO o.a.j.t.JMeterThread: Thread started: S2 1-16
2026-10-06 08:31:37,832 INFO o.a.j.t.ThreadGroup: Started thread group number 1
2026-10-06 08:31:37,832 INFO o.a.j.e.StandardJMeterEngine: All thread groups have been started
2026-10-06 08:31:37,836 INFO o.a.j.t.JMeterThread: Thread started: S2 1-17
2026-10-06 08:31:37,855 INFO o.a.j.t.JMeterThread: Thread started: S2 1-18
2026-10-06 08:31:37,875 INFO o.a.j.t.JMeterThread: Thread started: S2 1-19
2026-10-06 08:31:37,896 INFO o.a.j.t.JMeterThread: Thread started: S2 1-20
2026-10-06 08:31:37,916 INFO o.a.j.t.JMeterThread: Thread started: S2 1-21
2026-10-06 08:31:37,935 INFO o.a.j.t.JMeterThread: Thread started: S2 1-22
2026-10-06 08:31:37,956 INFO o.a.j.t.JMeterThread: Thread started: S2 1-23
2026-10-06 08:31:37,976 INFO o.a.j.t.JMeterThread: Thread started: S2 1-24
2026-10-06 08:31:37,995 INFO o.a.j.t.JMeterThread: Thread started: S2 1-25
2026-10-06 08:31:38,016 INFO o.a.j.t.JMeterThread: Thread started: S2 1-26
2026-10-06 08:31:38,035 INFO o.a.j.t.JMeterThread: Thread started: S2 1-27
2026-10-06 08:31:38,055 INFO o.a.j.t.JMeterThread: Thread started: S2 1-28
2026-10-06 08:31:38,075 INFO o.a.j.t.JMeterThread: Thread started: S2 1-29
2026-10-06 08:31:38,095 INFO o.a.j.t.JMeterThread: Thread started: S2 1-30
2026-10-06 08:31:38,116 INFO o.a.j.t.JMeterThread: Thread started: S2 1-31
2026-10-06 08:31:38,135 INFO o.a.j.t.JMeterThread: Thread started: S2 1-32
2026-10-06 08:31:38,156 INFO o.a.j.t.JMeterThread: Thread started: S2 1-33
2026-10-06 08:31:38,175 INFO o.a.j.t.JMeterThread: Thread started: S2 1-34
2026-10-06 08:31:38,196 INFO o.a.j.t.JMeterThread: Thread started: S2 1-35
2026-10-06 08:31:38,215 INFO o.a.j.t.JMeterThread: Thread started: S2 1-36
2026-10-06 08:31:38,236 INFO o.a.j.t.JMeterThread: Thread started: S2 1-37
2026-10-06 08:31:38,255 INFO o.a.j.t.JMeterThread: Thread started: S2 1-38
2026-10-06 08:31:38,276 INFO o.a.j.t.JMeterThread: Thread started: S2 1-39
2026-10-06 08:31:38,295 INFO o.a.j.t.JMeterThread: Thread started: S2 1-40
2026-10-06 08:31:38,315 INFO o.a.j.t.JMeterThread: Thread started: S2 1-41
2026-10-06 08:31:38,335 INFO o.a.j.t.JMeterThread: Thread started: S2 1-42
2026-10-06 08:31:38,355 INFO o.a.j.t.JMeterThread: Thread started: S2 1-43
2026-10-06 08:31:38,376 INFO o.a.j.t.JMeterThread: Thread started: S2 1-44
2026-10-06 08:31:38,395 INFO o.a.j.t.JMeterThread: Thread started: S2 1-45
2026-10-06 08:31:38,415 INFO o.a.j.t.JMeterThread: Thread started: S2 1-46
2026-10-06 08:31:38,435 INFO o.a.j.t.JMeterThread: Thread started: S2 1-47
2026-10-06 08:31:38,456 INFO o.a.j.t.JMeterThread: Thread started: S2 1-48
2026-10-06 08:31:38,476 INFO o.a.j.t.JMeterThread: Thread started: S2 1-49
2026-10-06 08:31:38,496 INFO o.a.j.t.JMeterThread: Thread started: S2 1-50
2026-10-06 08:31:38,515 INFO o.a.j.t.JMeterThread: Thread started: S2 1-51
2026-10-06 08:31:38,539 INFO o.a.j.t.JMeterThread: Thread started: S2 1-52
2026-10-06 08:31:38,555 INFO o.a.j.t.JMeterThread: Thread started: S2 1-53
2026-10-06 08:31:38,575 INFO o.a.j.t.JMeterThread: Thread started: S2 1-54
2026-10-06 08:31:38,596 INFO o.a.j.t.JMeterThread: Thread started: S2 1-55
2026-10-06 08:31:38,615 INFO o.a.j.t.JMeterThread: Thread started: S2 1-56
2026-10-06 08:31:38,636 INFO o.a.j.t.JMeterThread: Thread started: S2 1-57
2026-10-06 08:31:38,656 INFO o.a.j.t.JMeterThread: Thread started: S2 1-58
2026-10-06 08:31:38,675 INFO o.a.j.t.JMeterThread: Thread started: S2 1-59
2026-10-06 08:31:38,695 INFO o.a.j.t.JMeterThread: Thread started: S2 1-60
2026-10-06 08:31:38,716 INFO o.a.j.t.JMeterThread: Thread started: S2 1-61
2026-10-06 08:31:38,736 INFO o.a.j.t.JMeterThread: Thread started: S2 1-62
2026-10-06 08:31:38,755 INFO o.a.j.t.JMeterThread: Thread started: S2 1-63
2026-10-06 08:31:38,776 INFO o.a.j.t.JMeterThread: Thread started: S2 1-64
2026-10-06 08:31:38,795 INFO o.a.j.t.JMeterThread: Thread started: S2 1-65
2026-10-06 08:31:38,816 INFO o.a.j.t.JMeterThread: Thread started: S2 1-66
2026-10-06 08:31:38,835 INFO o.a.j.t.JMeterThread: Thread started: S2 1-67
2026-10-06 08:31:38,855 INFO o.a.j.t.JMeterThread: Thread started: S2 1-68
2026-10-06 08:31:38,875 INFO o.a.j.t.JMeterThread: Thread started: S2 1-69
2026-10-06 08:31:38,896 INFO o.a.j.t.JMeterThread: Thread started: S2 1-70
2026-10-06 08:31:38,916 INFO o.a.j.t.JMeterThread: Thread started: S2 1-71
2026-10-06 08:31:38,935 INFO o.a.j.t.JMeterThread: Thread started: S2 1-72
2026-10-06 08:31:38,956 INFO o.a.j.t.JMeterThread: Thread started: S2 1-73
2026-10-06 08:31:38,975 INFO o.a.j.t.JMeterThread: Thread started: S2 1-74
2026-10-06 08:31:38,996 INFO o.a.j.t.JMeterThread: Thread started: S2 1-75
2026-10-06 08:31:39,016 INFO o.a.j.t.JMeterThread: Thread started: S2 1-76
2026-10-06 08:31:39,036 INFO o.a.j.t.JMeterThread: Thread started: S2 1-77
2026-10-06 08:31:39,055 INFO o.a.j.t.JMeterThread: Thread started: S2 1-78
2026-10-06 08:31:39,075 INFO o.a.j.t.JMeterThread: Thread started: S2 1-79
2026-10-06 08:31:39,095 INFO o.a.j.t.JMeterThread: Thread started: S2 1-80
2026-10-06 08:31:39,115 INFO o.a.j.t.JMeterThread: Thread started: S2 1-81
2026-10-06 08:31:39,135 INFO o.a.j.t.JMeterThread: Thread started: S2 1-82
2026-10-06 08:31:39,155 INFO o.a.j.t.JMeterThread: Thread started: S2 1-83
2026-10-06 08:31:39,175 INFO o.a.j.t.JMeterThread: Thread started: S2 1-84
2026-10-06 08:31:39,195 INFO o.a.j.t.JMeterThread: Thread started: S2 1-85
2026-10-06 08:31:39,215 INFO o.a.j.t.JMeterThread: Thread started: S2 1-86
2026-10-06 08:31:39,235 INFO o.a.j.t.JMeterThread: Thread started: S2 1-87
2026-10-06 08:31:39,255 INFO o.a.j.t.JMeterThread: Thread started: S2 1-88
2026-10-06 08:31:39,275 INFO o.a.j.t.JMeterThread: Thread started: S2 1-89
2026-10-06 08:31:39,296 INFO o.a.j.t.JMeterThread: Thread started: S2 1-90
2026-10-06 08:31:39,315 INFO o.a.j.t.JMeterThread: Thread started: S2 1-91
2026-10-06 08:31:39,335 INFO o.a.j.t.JMeterThread: Thread started: S2 1-92
2026-10-06 08:31:39,355 INFO o.a.j.t.JMeterThread: Thread started: S2 1-93
2026-10-06 08:31:39,376 INFO o.a.j.t.JMeterThread: Thread started: S2 1-94
2026-10-06 08:31:39,395 INFO o.a.j.t.JMeterThread: Thread started: S2 1-95
2026-10-06 08:31:39,416 INFO o.a.j.t.JMeterThread: Thread started: S2 1-96
2026-10-06 08:31:39,435 INFO o.a.j.t.JMeterThread: Thread started: S2 1-97
2026-10-06 08:31:39,455 INFO o.a.j.t.JMeterThread: Thread started: S2 1-98
2026-10-06 08:31:39,475 INFO o.a.j.t.JMeterThread: Thread started: S2 1-99
2026-10-06 08:31:39,496 INFO o.a.j.t.JMeterThread: Thread started: S2 1-100
2026-10-06 08:31:39,515 INFO o.a.j.t.JMeterThread: Thread started: S2 1-101
2026-10-06 08:31:39,535 INFO o.a.j.t.JMeterThread: Thread started: S2 1-102
2026-10-06 08:31:39,555 INFO o.a.j.t.JMeterThread: Thread started: S2 1-103
2026-10-06 08:31:39,575 INFO o.a.j.t.JMeterThread: Thread started: S2 1-104
2026-10-06 08:31:39,595 INFO o.a.j.t.JMeterThread: Thread started: S2 1-105
2026-10-06 08:31:39,615 INFO o.a.j.t.JMeterThread: Thread started: S2 1-106
2026-10-06 08:31:39,636 INFO o.a.j.t.JMeterThread: Thread started: S2 1-107
2026-10-06 08:31:39,663 INFO o.a.j.t.JMeterThread: Thread started: S2 1-108
2026-10-06 08:31:39,675 INFO o.a.j.t.JMeterThread: Thread started: S2 1-109
2026-10-06 08:31:39,696 INFO o.a.j.t.JMeterThread: Thread started: S2 1-110
2026-10-06 08:31:39,715 INFO o.a.j.t.JMeterThread: Thread started: S2 1-111
2026-10-06 08:31:39,735 INFO o.a.j.t.JMeterThread: Thread started: S2 1-112
2026-10-06 08:31:39,755 INFO o.a.j.t.JMeterThread: Thread started: S2 1-113
2026-10-06 08:31:39,776 INFO o.a.j.t.JMeterThread: Thread started: S2 1-114
2026-10-06 08:31:39,794 INFO o.a.j.t.JMeterThread: Thread started: S2 1-115
2026-10-06 08:31:39,816 INFO o.a.j.t.JMeterThread: Thread started: S2 1-116
2026-10-06 08:31:39,835 INFO o.a.j.t.JMeterThread: Thread started: S2 1-117
2026-10-06 08:31:39,855 INFO o.a.j.t.JMeterThread: Thread started: S2 1-118
2026-10-06 08:31:39,875 INFO o.a.j.t.JMeterThread: Thread started: S2 1-119
2026-10-06 08:31:39,895 INFO o.a.j.t.JMeterThread: Thread started: S2 1-120
2026-10-06 08:31:39,915 INFO o.a.j.t.JMeterThread: Thread started: S2 1-121
2026-10-06 08:31:39,935 INFO o.a.j.t.JMeterThread: Thread started: S2 1-122
2026-10-06 08:31:39,956 INFO o.a.j.t.JMeterThread: Thread started: S2 1-123
2026-10-06 08:31:39,975 INFO o.a.j.t.JMeterThread: Thread started: S2 1-124
2026-10-06 08:31:39,995 INFO o.a.j.t.JMeterThread: Thread started: S2 1-125
2026-10-06 08:31:40,015 INFO o.a.j.t.JMeterThread: Thread started: S2 1-126
2026-10-06 08:31:40,036 INFO o.a.j.t.JMeterThread: Thread started: S2 1-127
2026-10-06 08:31:40,055 INFO o.a.j.t.JMeterThread: Thread started: S2 1-128
2026-10-06 08:31:40,076 INFO o.a.j.t.JMeterThread: Thread started: S2 1-129
2026-10-06 08:31:40,095 INFO o.a.j.t.JMeterThread: Thread started: S2 1-130
2026-10-06 08:31:40,115 INFO o.a.j.t.JMeterThread: Thread started: S2 1-131
2026-10-06 08:31:40,136 INFO o.a.j.t.JMeterThread: Thread started: S2 1-132
2026-10-06 08:31:40,157 INFO o.a.j.t.JMeterThread: Thread started: S2 1-133
2026-10-06 08:31:40,176 INFO o.a.j.t.JMeterThread: Thread started: S2 1-134
2026-10-06 08:31:40,197 INFO o.a.j.t.JMeterThread: Thread started: S2 1-135
2026-10-06 08:31:40,215 INFO o.a.j.t.JMeterThread: Thread started: S2 1-136
2026-10-06 08:31:40,235 INFO o.a.j.t.JMeterThread: Thread started: S2 1-137
2026-10-06 08:31:40,255 INFO o.a.j.t.JMeterThread: Thread started: S2 1-138
2026-10-06 08:31:40,275 INFO o.a.j.t.JMeterThread: Thread started: S2 1-139
2026-10-06 08:31:40,295 INFO o.a.j.t.JMeterThread: Thread started: S2 1-140
2026-10-06 08:31:40,315 INFO o.a.j.t.JMeterThread: Thread started: S2 1-141
2026-10-06 08:31:40,335 INFO o.a.j.t.JMeterThread: Thread started: S2 1-142
2026-10-06 08:31:40,354 INFO o.a.j.t.JMeterThread: Thread started: S2 1-143
2026-10-06 08:31:40,376 INFO o.a.j.t.JMeterThread: Thread started: S2 1-144
2026-10-06 08:31:40,395 INFO o.a.j.t.JMeterThread: Thread started: S2 1-145
2026-10-06 08:31:40,416 INFO o.a.j.t.JMeterThread: Thread started: S2 1-146
2026-10-06 08:31:40,435 INFO o.a.j.t.JMeterThread: Thread started: S2 1-147
2026-10-06 08:31:40,455 INFO o.a.j.t.JMeterThread: Thread started: S2 1-148
2026-10-06 08:31:40,475 INFO o.a.j.t.JMeterThread: Thread started: S2 1-149
2026-10-06 08:31:40,496 INFO o.a.j.t.JMeterThread: Thread started: S2 1-150
2026-10-06 08:31:40,515 INFO o.a.j.t.JMeterThread: Thread started: S2 1-151
2026-10-06 08:31:40,535 INFO o.a.j.t.JMeterThread: Thread started: S2 1-152
2026-10-06 08:31:40,557 INFO o.a.j.t.JMeterThread: Thread started: S2 1-153
2026-10-06 08:31:40,576 INFO o.a.j.t.JMeterThread: Thread started: S2 1-154
2026-10-06 08:31:40,596 INFO o.a.j.t.JMeterThread: Thread started: S2 1-155
2026-10-06 08:31:40,616 INFO o.a.j.t.JMeterThread: Thread started: S2 1-156
2026-10-06 08:31:40,636 INFO o.a.j.t.JMeterThread: Thread started: S2 1-157
2026-10-06 08:31:40,655 INFO o.a.j.t.JMeterThread: Thread started: S2 1-158
2026-10-06 08:31:40,676 INFO o.a.j.t.JMeterThread: Thread started: S2 1-159
2026-10-06 08:31:40,697 INFO o.a.j.t.JMeterThread: Thread started: S2 1-160
2026-10-06 08:31:40,715 INFO o.a.j.t.JMeterThread: Thread started: S2 1-161
2026-10-06 08:31:40,736 INFO o.a.j.t.JMeterThread: Thread started: S2 1-162
2026-10-06 08:31:40,756 INFO o.a.j.t.JMeterThread: Thread started: S2 1-163
2026-10-06 08:31:40,775 INFO o.a.j.t.JMeterThread: Thread started: S2 1-164
2026-10-06 08:31:40,796 INFO o.a.j.t.JMeterThread: Thread started: S2 1-165
2026-10-06 08:31:40,815 INFO o.a.j.t.JMeterThread: Thread started: S2 1-166
2026-10-06 08:31:40,835 INFO o.a.j.t.JMeterThread: Thread started: S2 1-167
2026-10-06 08:31:40,855 INFO o.a.j.t.JMeterThread: Thread started: S2 1-168
2026-10-06 08:31:40,876 INFO o.a.j.t.JMeterThread: Thread started: S2 1-169
2026-10-06 08:31:40,895 INFO o.a.j.t.JMeterThread: Thread started: S2 1-170
2026-10-06 08:31:40,915 INFO o.a.j.t.JMeterThread: Thread started: S2 1-171
2026-10-06 08:31:40,936 INFO o.a.j.t.JMeterThread: Thread started: S2 1-172
2026-10-06 08:31:40,961 INFO o.a.j.t.JMeterThread: Thread started: S2 1-173
2026-10-06 08:31:40,975 INFO o.a.j.t.JMeterThread: Thread started: S2 1-174
2026-10-06 08:31:40,996 INFO o.a.j.t.JMeterThread: Thread started: S2 1-175
2026-10-06 08:31:41,016 INFO o.a.j.t.JMeterThread: Thread started: S2 1-176
2026-10-06 08:31:41,034 INFO o.a.j.t.JMeterThread: Thread started: S2 1-177
2026-10-06 08:31:41,055 INFO o.a.j.t.JMeterThread: Thread started: S2 1-178
2026-10-06 08:31:41,076 INFO o.a.j.t.JMeterThread: Thread started: S2 1-179
2026-10-06 08:31:41,095 INFO o.a.j.t.JMeterThread: Thread started: S2 1-180
2026-10-06 08:31:41,116 INFO o.a.j.t.JMeterThread: Thread started: S2 1-181
2026-10-06 08:31:41,135 INFO o.a.j.t.JMeterThread: Thread started: S2 1-182
2026-10-06 08:31:41,155 INFO o.a.j.t.JMeterThread: Thread started: S2 1-183
2026-10-06 08:31:41,175 INFO o.a.j.t.JMeterThread: Thread started: S2 1-184
2026-10-06 08:31:41,195 INFO o.a.j.t.JMeterThread: Thread started: S2 1-185
2026-10-06 08:31:41,215 INFO o.a.j.t.JMeterThread: Thread started: S2 1-186
2026-10-06 08:31:41,236 INFO o.a.j.t.JMeterThread: Thread started: S2 1-187
2026-10-06 08:31:41,255 INFO o.a.j.t.JMeterThread: Thread started: S2 1-188
2026-10-06 08:31:41,275 INFO o.a.j.t.JMeterThread: Thread started: S2 1-189
2026-10-06 08:31:41,295 INFO o.a.j.t.JMeterThread: Thread started: S2 1-190
2026-10-06 08:31:41,315 INFO o.a.j.t.JMeterThread: Thread started: S2 1-191
2026-10-06 08:31:41,336 INFO o.a.j.t.JMeterThread: Thread started: S2 1-192
2026-10-06 08:31:41,355 INFO o.a.j.t.JMeterThread: Thread started: S2 1-193
2026-10-06 08:31:41,375 INFO o.a.j.t.JMeterThread: Thread started: S2 1-194
2026-10-06 08:31:41,395 INFO o.a.j.t.JMeterThread: Thread started: S2 1-195
2026-10-06 08:31:41,416 INFO o.a.j.t.JMeterThread: Thread started: S2 1-196
2026-10-06 08:31:41,435 INFO o.a.j.t.JMeterThread: Thread started: S2 1-197
2026-10-06 08:31:41,455 INFO o.a.j.t.JMeterThread: Thread started: S2 1-198
2026-10-06 08:31:41,481 INFO o.a.j.t.JMeterThread: Thread started: S2 1-199
2026-10-06 08:31:41,502 INFO o.a.j.t.JMeterThread: Thread started: S2 1-200
2026-10-06 08:31:41,515 INFO o.a.j.t.JMeterThread: Thread started: S2 1-201
2026-10-06 08:31:41,535 INFO o.a.j.t.JMeterThread: Thread started: S2 1-202
2026-10-06 08:31:41,555 INFO o.a.j.t.JMeterThread: Thread started: S2 1-203
2026-10-06 08:31:41,575 INFO o.a.j.t.JMeterThread: Thread started: S2 1-204
2026-10-06 08:31:41,594 INFO o.a.j.t.JMeterThread: Thread started: S2 1-205
2026-10-06 08:31:41,615 INFO o.a.j.t.JMeterThread: Thread started: S2 1-206
2026-10-06 08:31:41,635 INFO o.a.j.t.JMeterThread: Thread started: S2 1-207
2026-10-06 08:31:41,654 INFO o.a.j.t.JMeterThread: Thread started: S2 1-208
2026-10-06 08:31:41,675 INFO o.a.j.t.JMeterThread: Thread started: S2 1-209
2026-10-06 08:31:41,695 INFO o.a.j.t.JMeterThread: Thread started: S2 1-210
2026-10-06 08:31:41,715 INFO o.a.j.t.JMeterThread: Thread started: S2 1-211
2026-10-06 08:31:41,736 INFO o.a.j.t.JMeterThread: Thread started: S2 1-212
2026-10-06 08:31:41,755 INFO o.a.j.t.JMeterThread: Thread started: S2 1-213
2026-10-06 08:31:41,775 INFO o.a.j.t.JMeterThread: Thread started: S2 1-214
2026-10-06 08:31:41,795 INFO o.a.j.t.JMeterThread: Thread started: S2 1-215
2026-10-06 08:31:41,815 INFO o.a.j.t.JMeterThread: Thread started: S2 1-216
2026-10-06 08:31:41,836 INFO o.a.j.t.JMeterThread: Thread started: S2 1-217
2026-10-06 08:31:41,855 INFO o.a.j.t.JMeterThread: Thread started: S2 1-218
2026-10-06 08:31:41,876 INFO o.a.j.t.JMeterThread: Thread started: S2 1-219
2026-10-06 08:31:41,895 INFO o.a.j.t.JMeterThread: Thread started: S2 1-220
2026-10-06 08:31:41,914 INFO o.a.j.t.JMeterThread: Thread started: S2 1-221
2026-10-06 08:31:41,935 INFO o.a.j.t.JMeterThread: Thread started: S2 1-222
2026-10-06 08:31:41,954 INFO o.a.j.t.JMeterThread: Thread started: S2 1-223
2026-10-06 08:31:41,975 INFO o.a.j.t.JMeterThread: Thread started: S2 1-224
2026-10-06 08:31:41,994 INFO o.a.j.t.JMeterThread: Thread started: S2 1-225
2026-10-06 08:31:42,015 INFO o.a.j.t.JMeterThread: Thread started: S2 1-226
2026-10-06 08:31:42,035 INFO o.a.j.t.JMeterThread: Thread started: S2 1-227
2026-10-06 08:31:42,056 INFO o.a.j.t.JMeterThread: Thread started: S2 1-228
2026-10-06 08:31:42,075 INFO o.a.j.t.JMeterThread: Thread started: S2 1-229
2026-10-06 08:31:42,095 INFO o.a.j.t.JMeterThread: Thread started: S2 1-230
2026-10-06 08:31:42,115 INFO o.a.j.t.JMeterThread: Thread started: S2 1-231
2026-10-06 08:31:42,136 INFO o.a.j.t.JMeterThread: Thread started: S2 1-232
2026-10-06 08:31:42,155 INFO o.a.j.t.JMeterThread: Thread started: S2 1-233
2026-10-06 08:31:42,174 INFO o.a.j.t.JMeterThread: Thread started: S2 1-234
2026-10-06 08:31:42,196 INFO o.a.j.t.JMeterThread: Thread started: S2 1-235
2026-10-06 08:31:42,215 INFO o.a.j.t.JMeterThread: Thread started: S2 1-236
2026-10-06 08:31:42,235 INFO o.a.j.t.JMeterThread: Thread started: S2 1-237
2026-10-06 08:31:42,255 INFO o.a.j.t.JMeterThread: Thread started: S2 1-238
2026-10-06 08:31:42,275 INFO o.a.j.t.JMeterThread: Thread started: S2 1-239
2026-10-06 08:31:42,294 INFO o.a.j.t.JMeterThread: Thread started: S2 1-240
2026-10-06 08:31:42,315 INFO o.a.j.t.JMeterThread: Thread started: S2 1-241
2026-10-06 08:31:42,334 INFO o.a.j.t.JMeterThread: Thread started: S2 1-242
2026-10-06 08:31:42,355 INFO o.a.j.t.JMeterThread: Thread started: S2 1-243
2026-10-06 08:31:42,375 INFO o.a.j.t.JMeterThread: Thread started: S2 1-244
2026-10-06 08:31:42,395 INFO o.a.j.t.JMeterThread: Thread started: S2 1-245
2026-10-06 08:31:42,415 INFO o.a.j.t.JMeterThread: Thread started: S2 1-246
2026-10-06 08:31:42,434 INFO o.a.j.t.JMeterThread: Thread started: S2 1-247
2026-10-06 08:31:42,458 INFO o.a.j.t.JMeterThread: Thread started: S2 1-248
2026-10-06 08:31:42,476 INFO o.a.j.t.JMeterThread: Thread started: S2 1-249
2026-10-06 08:31:42,495 INFO o.a.j.t.JMeterThread: Thread started: S2 1-250
2026-10-06 08:31:42,517 INFO o.a.j.t.JMeterThread: Thread started: S2 1-251
2026-10-06 08:31:42,536 INFO o.a.j.t.JMeterThread: Thread started: S2 1-252
2026-10-06 08:31:42,556 INFO o.a.j.t.JMeterThread: Thread started: S2 1-253
2026-10-06 08:31:42,576 INFO o.a.j.t.JMeterThread: Thread started: S2 1-254
2026-10-06 08:31:42,597 INFO o.a.j.t.JMeterThread: Thread started: S2 1-255
2026-10-06 08:31:42,615 INFO o.a.j.t.JMeterThread: Thread started: S2 1-256
2026-10-06 08:31:42,635 INFO o.a.j.t.JMeterThread: Thread started: S2 1-257
2026-10-06 08:31:42,655 INFO o.a.j.t.JMeterThread: Thread started: S2 1-258
2026-10-06 08:31:42,674 INFO o.a.j.t.JMeterThread: Thread started: S2 1-259
2026-10-06 08:31:42,695 INFO o.a.j.t.JMeterThread: Thread started: S2 1-260
2026-10-06 08:31:42,715 INFO o.a.j.t.JMeterThread: Thread started: S2 1-261
2026-10-06 08:31:42,735 INFO o.a.j.t.JMeterThread: Thread started: S2 1-262
2026-10-06 08:31:42,755 INFO o.a.j.t.JMeterThread: Thread started: S2 1-263
2026-10-06 08:31:42,776 INFO o.a.j.t.JMeterThread: Thread started: S2 1-264
2026-10-06 08:31:42,795 INFO o.a.j.t.JMeterThread: Thread started: S2 1-265
2026-10-06 08:31:42,815 INFO o.a.j.t.JMeterThread: Thread started: S2 1-266
2026-10-06 08:31:42,835 INFO o.a.j.t.JMeterThread: Thread started: S2 1-267
2026-10-06 08:31:42,855 INFO o.a.j.t.JMeterThread: Thread started: S2 1-268
2026-10-06 08:31:42,875 INFO o.a.j.t.JMeterThread: Thread started: S2 1-269
2026-10-06 08:31:42,895 INFO o.a.j.t.JMeterThread: Thread started: S2 1-270
2026-10-06 08:31:42,915 INFO o.a.j.t.JMeterThread: Thread started: S2 1-271
2026-10-06 08:31:42,935 INFO o.a.j.t.JMeterThread: Thread started: S2 1-272
2026-10-06 08:31:42,959 INFO o.a.j.t.JMeterThread: Thread started: S2 1-273
2026-10-06 08:31:42,974 INFO o.a.j.t.JMeterThread: Thread started: S2 1-274
2026-10-06 08:31:42,995 INFO o.a.j.t.JMeterThread: Thread started: S2 1-275
2026-10-06 08:31:43,014 INFO o.a.j.t.JMeterThread: Thread started: S2 1-276
2026-10-06 08:31:43,036 INFO o.a.j.t.JMeterThread: Thread started: S2 1-277
2026-10-06 08:31:43,055 INFO o.a.j.t.JMeterThread: Thread started: S2 1-278
2026-10-06 08:31:43,075 INFO o.a.j.t.JMeterThread: Thread started: S2 1-279
2026-10-06 08:31:43,095 INFO o.a.j.t.JMeterThread: Thread started: S2 1-280
2026-10-06 08:31:43,115 INFO o.a.j.t.JMeterThread: Thread started: S2 1-281
2026-10-06 08:31:43,136 INFO o.a.j.t.JMeterThread: Thread started: S2 1-282
2026-10-06 08:31:43,156 INFO o.a.j.t.JMeterThread: Thread started: S2 1-283
2026-10-06 08:31:43,175 INFO o.a.j.t.JMeterThread: Thread started: S2 1-284
2026-10-06 08:31:43,195 INFO o.a.j.t.JMeterThread: Thread started: S2 1-285
2026-10-06 08:31:43,215 INFO o.a.j.t.JMeterThread: Thread started: S2 1-286
2026-10-06 08:31:43,235 INFO o.a.j.t.JMeterThread: Thread started: S2 1-287
2026-10-06 08:31:43,255 INFO o.a.j.t.JMeterThread: Thread started: S2 1-288
2026-10-06 08:31:43,275 INFO o.a.j.t.JMeterThread: Thread started: S2 1-289
2026-10-06 08:31:43,294 INFO o.a.j.t.JMeterThread: Thread started: S2 1-290
2026-10-06 08:31:43,314 INFO o.a.j.t.JMeterThread: Thread started: S2 1-291
2026-10-06 08:31:43,335 INFO o.a.j.t.JMeterThread: Thread started: S2 1-292
2026-10-06 08:31:43,354 INFO o.a.j.t.JMeterThread: Thread started: S2 1-293
2026-10-06 08:31:43,375 INFO o.a.j.t.JMeterThread: Thread started: S2 1-294
2026-10-06 08:31:43,395 INFO o.a.j.t.JMeterThread: Thread started: S2 1-295
2026-10-06 08:31:43,415 INFO o.a.j.t.JMeterThread: Thread started: S2 1-296
2026-10-06 08:31:43,435 INFO o.a.j.t.JMeterThread: Thread started: S2 1-297
2026-10-06 08:31:43,456 INFO o.a.j.t.JMeterThread: Thread started: S2 1-298
2026-10-06 08:31:43,475 INFO o.a.j.t.JMeterThread: Thread started: S2 1-299
2026-10-06 08:31:43,495 INFO o.a.j.t.JMeterThread: Thread started: S2 1-300
2026-10-06 08:31:43,514 INFO o.a.j.t.JMeterThread: Thread started: S2 1-301
2026-10-06 08:31:43,536 INFO o.a.j.t.JMeterThread: Thread started: S2 1-302
2026-10-06 08:31:43,555 INFO o.a.j.t.JMeterThread: Thread started: S2 1-303
2026-10-06 08:31:43,575 INFO o.a.j.t.JMeterThread: Thread started: S2 1-304
2026-10-06 08:31:43,594 INFO o.a.j.t.JMeterThread: Thread started: S2 1-305
2026-10-06 08:31:43,615 INFO o.a.j.t.JMeterThread: Thread started: S2 1-306
2026-10-06 08:31:43,636 INFO o.a.j.t.JMeterThread: Thread started: S2 1-307
2026-10-06 08:31:43,655 INFO o.a.j.t.JMeterThread: Thread started: S2 1-308
2026-10-06 08:31:43,674 INFO o.a.j.t.JMeterThread: Thread started: S2 1-309
2026-10-06 08:31:43,696 INFO o.a.j.t.JMeterThread: Thread started: S2 1-310
2026-10-06 08:31:43,716 INFO o.a.j.t.JMeterThread: Thread started: S2 1-311
2026-10-06 08:31:43,735 INFO o.a.j.t.JMeterThread: Thread started: S2 1-312
2026-10-06 08:31:43,755 INFO o.a.j.t.JMeterThread: Thread started: S2 1-313
2026-10-06 08:31:43,776 INFO o.a.j.t.JMeterThread: Thread started: S2 1-314
2026-10-06 08:31:43,795 INFO o.a.j.t.JMeterThread: Thread started: S2 1-315
2026-10-06 08:31:43,814 INFO o.a.j.t.JMeterThread: Thread started: S2 1-316
2026-10-06 08:31:43,836 INFO o.a.j.t.JMeterThread: Thread started: S2 1-317
2026-10-06 08:31:43,854 INFO o.a.j.t.JMeterThread: Thread started: S2 1-318
2026-10-06 08:31:43,875 INFO o.a.j.t.JMeterThread: Thread started: S2 1-319
2026-10-06 08:31:43,895 INFO o.a.j.t.JMeterThread: Thread started: S2 1-320
2026-10-06 08:31:43,915 INFO o.a.j.t.JMeterThread: Thread started: S2 1-321
2026-10-06 08:31:43,936 INFO o.a.j.t.JMeterThread: Thread started: S2 1-322
2026-10-06 08:31:43,955 INFO o.a.j.t.JMeterThread: Thread started: S2 1-323
2026-10-06 08:31:43,975 INFO o.a.j.t.JMeterThread: Thread started: S2 1-324
2026-10-06 08:31:43,996 INFO o.a.j.t.JMeterThread: Thread started: S2 1-325
2026-10-06 08:31:44,015 INFO o.a.j.t.JMeterThread: Thread started: S2 1-326
2026-10-06 08:31:44,037 INFO o.a.j.t.JMeterThread: Thread started: S2 1-327
2026-10-06 08:31:44,055 INFO o.a.j.t.JMeterThread: Thread started: S2 1-328
2026-10-06 08:31:44,075 INFO o.a.j.t.JMeterThread: Thread started: S2 1-329
2026-10-06 08:31:44,095 INFO o.a.j.t.JMeterThread: Thread started: S2 1-330
2026-10-06 08:31:44,115 INFO o.a.j.t.JMeterThread: Thread started: S2 1-331
2026-10-06 08:31:44,135 INFO o.a.j.t.JMeterThread: Thread started: S2 1-332
2026-10-06 08:31:44,155 INFO o.a.j.t.JMeterThread: Thread started: S2 1-333
2026-10-06 08:31:44,175 INFO o.a.j.t.JMeterThread: Thread started: S2 1-334
2026-10-06 08:31:44,195 INFO o.a.j.t.JMeterThread: Thread started: S2 1-335
2026-10-06 08:31:44,215 INFO o.a.j.t.JMeterThread: Thread started: S2 1-336
2026-10-06 08:31:44,236 INFO o.a.j.t.JMeterThread: Thread started: S2 1-337
2026-10-06 08:31:44,256 INFO o.a.j.t.JMeterThread: Thread started: S2 1-338
2026-10-06 08:31:44,275 INFO o.a.j.t.JMeterThread: Thread started: S2 1-339
2026-10-06 08:31:44,294 INFO o.a.j.t.JMeterThread: Thread started: S2 1-340
2026-10-06 08:31:44,315 INFO o.a.j.t.JMeterThread: Thread started: S2 1-341
2026-10-06 08:31:44,334 INFO o.a.j.t.JMeterThread: Thread started: S2 1-342
2026-10-06 08:31:44,355 INFO o.a.j.t.JMeterThread: Thread started: S2 1-343
2026-10-06 08:31:44,374 INFO o.a.j.t.JMeterThread: Thread started: S2 1-344
2026-10-06 08:31:44,395 INFO o.a.j.t.JMeterThread: Thread started: S2 1-345
2026-10-06 08:31:44,416 INFO o.a.j.t.JMeterThread: Thread started: S2 1-346
2026-10-06 08:31:44,435 INFO o.a.j.t.JMeterThread: Thread started: S2 1-347
2026-10-06 08:31:44,456 INFO o.a.j.t.JMeterThread: Thread started: S2 1-348
2026-10-06 08:31:44,475 INFO o.a.j.t.JMeterThread: Thread started: S2 1-349
2026-10-06 08:31:44,494 INFO o.a.j.t.JMeterThread: Thread started: S2 1-350
2026-10-06 08:31:44,515 INFO o.a.j.t.JMeterThread: Thread started: S2 1-351
2026-10-06 08:31:44,537 INFO o.a.j.t.JMeterThread: Thread started: S2 1-352
2026-10-06 08:31:44,554 INFO o.a.j.t.JMeterThread: Thread started: S2 1-353
2026-10-06 08:31:44,576 INFO o.a.j.t.JMeterThread: Thread started: S2 1-354
2026-10-06 08:31:44,594 INFO o.a.j.t.JMeterThread: Thread started: S2 1-355
2026-10-06 08:31:44,615 INFO o.a.j.t.JMeterThread: Thread started: S2 1-356
2026-10-06 08:31:44,635 INFO o.a.j.t.JMeterThread: Thread started: S2 1-357
2026-10-06 08:31:44,656 INFO o.a.j.t.JMeterThread: Thread started: S2 1-358
2026-10-06 08:31:44,676 INFO o.a.j.t.JMeterThread: Thread started: S2 1-359
2026-10-06 08:31:44,695 INFO o.a.j.t.JMeterThread: Thread started: S2 1-360
2026-10-06 08:31:44,715 INFO o.a.j.t.JMeterThread: Thread started: S2 1-361
2026-10-06 08:31:44,735 INFO o.a.j.t.JMeterThread: Thread started: S2 1-362
2026-10-06 08:31:44,755 INFO o.a.j.t.JMeterThread: Thread started: S2 1-363
2026-10-06 08:31:44,774 INFO o.a.j.t.JMeterThread: Thread started: S2 1-364
2026-10-06 08:31:44,795 INFO o.a.j.t.JMeterThread: Thread started: S2 1-365
2026-10-06 08:31:44,815 INFO o.a.j.t.JMeterThread: Thread started: S2 1-366
2026-10-06 08:31:44,836 INFO o.a.j.t.JMeterThread: Thread started: S2 1-367
2026-10-06 08:31:44,856 INFO o.a.j.t.JMeterThread: Thread started: S2 1-368
2026-10-06 08:31:44,874 INFO o.a.j.t.JMeterThread: Thread started: S2 1-369
2026-10-06 08:31:44,895 INFO o.a.j.t.JMeterThread: Thread started: S2 1-370
2026-10-06 08:31:44,915 INFO o.a.j.t.JMeterThread: Thread started: S2 1-371
2026-10-06 08:31:44,935 INFO o.a.j.t.JMeterThread: Thread started: S2 1-372
2026-10-06 08:31:44,955 INFO o.a.j.t.JMeterThread: Thread started: S2 1-373
2026-10-06 08:31:44,975 INFO o.a.j.t.JMeterThread: Thread started: S2 1-374
2026-10-06 08:31:44,995 INFO o.a.j.t.JMeterThread: Thread started: S2 1-375
2026-10-06 08:31:45,015 INFO o.a.j.t.JMeterThread: Thread started: S2 1-376
2026-10-06 08:31:45,036 INFO o.a.j.t.JMeterThread: Thread started: S2 1-377
2026-10-06 08:31:45,055 INFO o.a.j.t.JMeterThread: Thread started: S2 1-378
2026-10-06 08:31:45,075 INFO o.a.j.t.JMeterThread: Thread started: S2 1-379
2026-10-06 08:31:45,098 INFO o.a.j.t.JMeterThread: Thread started: S2 1-380
2026-10-06 08:31:45,115 INFO o.a.j.t.JMeterThread: Thread started: S2 1-381
2026-10-06 08:31:45,138 INFO o.a.j.t.JMeterThread: Thread started: S2 1-382
2026-10-06 08:31:45,156 INFO o.a.j.t.JMeterThread: Thread started: S2 1-383
2026-10-06 08:31:45,177 INFO o.a.j.t.JMeterThread: Thread started: S2 1-384
2026-10-06 08:31:45,195 INFO o.a.j.t.JMeterThread: Thread started: S2 1-385
2026-10-06 08:31:45,215 INFO o.a.j.t.JMeterThread: Thread started: S2 1-386
2026-10-06 08:31:45,236 INFO o.a.j.t.JMeterThread: Thread started: S2 1-387
2026-10-06 08:31:45,255 INFO o.a.j.t.JMeterThread: Thread started: S2 1-388
2026-10-06 08:31:45,276 INFO o.a.j.t.JMeterThread: Thread started: S2 1-389
2026-10-06 08:31:45,294 INFO o.a.j.t.JMeterThread: Thread started: S2 1-390
2026-10-06 08:31:45,316 INFO o.a.j.t.JMeterThread: Thread started: S2 1-391
2026-10-06 08:31:45,335 INFO o.a.j.t.JMeterThread: Thread started: S2 1-392
2026-10-06 08:31:45,356 INFO o.a.j.t.JMeterThread: Thread started: S2 1-393
2026-10-06 08:31:45,374 INFO o.a.j.t.JMeterThread: Thread started: S2 1-394
2026-10-06 08:31:45,395 INFO o.a.j.t.JMeterThread: Thread started: S2 1-395
2026-10-06 08:31:45,414 INFO o.a.j.t.JMeterThread: Thread started: S2 1-396
2026-10-06 08:31:45,437 INFO o.a.j.t.JMeterThread: Thread started: S2 1-397
2026-10-06 08:31:45,456 INFO o.a.j.t.JMeterThread: Thread started: S2 1-398
2026-10-06 08:31:45,475 INFO o.a.j.t.JMeterThread: Thread started: S2 1-399
2026-10-06 08:31:45,495 INFO o.a.j.t.JMeterThread: Thread started: S2 1-400
2026-10-06 08:31:45,515 INFO o.a.j.t.JMeterThread: Thread started: S2 1-401
2026-10-06 08:31:45,535 INFO o.a.j.t.JMeterThread: Thread started: S2 1-402
2026-10-06 08:31:45,556 INFO o.a.j.t.JMeterThread: Thread started: S2 1-403
2026-10-06 08:31:45,575 INFO o.a.j.t.JMeterThread: Thread started: S2 1-404
2026-10-06 08:31:45,595 INFO o.a.j.t.JMeterThread: Thread started: S2 1-405
2026-10-06 08:31:45,615 INFO o.a.j.t.JMeterThread: Thread started: S2 1-406
2026-10-06 08:31:45,637 INFO o.a.j.t.JMeterThread: Thread started: S2 1-407
2026-10-06 08:31:45,656 INFO o.a.j.t.JMeterThread: Thread started: S2 1-408
2026-10-06 08:31:45,675 INFO o.a.j.t.JMeterThread: Thread started: S2 1-409
2026-10-06 08:31:45,696 INFO o.a.j.t.JMeterThread: Thread started: S2 1-410
2026-10-06 08:31:45,715 INFO o.a.j.t.JMeterThread: Thread started: S2 1-411
2026-10-06 08:31:45,735 INFO o.a.j.t.JMeterThread: Thread started: S2 1-412
2026-10-06 08:31:45,755 INFO o.a.j.t.JMeterThread: Thread started: S2 1-413
2026-10-06 08:31:45,775 INFO o.a.j.t.JMeterThread: Thread started: S2 1-414
2026-10-06 08:31:45,794 INFO o.a.j.t.JMeterThread: Thread started: S2 1-415
2026-10-06 08:31:45,815 INFO o.a.j.t.JMeterThread: Thread started: S2 1-416
2026-10-06 08:31:45,835 INFO o.a.j.t.JMeterThread: Thread started: S2 1-417
2026-10-06 08:31:45,855 INFO o.a.j.t.JMeterThread: Thread started: S2 1-418
2026-10-06 08:31:45,875 INFO o.a.j.t.JMeterThread: Thread started: S2 1-419
2026-10-06 08:31:45,896 INFO o.a.j.t.JMeterThread: Thread started: S2 1-420
2026-10-06 08:31:45,915 INFO o.a.j.t.JMeterThread: Thread started: S2 1-421
2026-10-06 08:31:45,936 INFO o.a.j.t.JMeterThread: Thread started: S2 1-422
2026-10-06 08:31:45,955 INFO o.a.j.t.JMeterThread: Thread started: S2 1-423
2026-10-06 08:31:45,974 INFO o.a.j.t.JMeterThread: Thread started: S2 1-424
2026-10-06 08:31:45,995 INFO o.a.j.t.JMeterThread: Thread started: S2 1-425
2026-10-06 08:31:46,015 INFO o.a.j.t.JMeterThread: Thread started: S2 1-426
2026-10-06 08:31:46,035 INFO o.a.j.t.JMeterThread: Thread started: S2 1-427
2026-10-06 08:31:46,056 INFO o.a.j.t.JMeterThread: Thread started: S2 1-428
2026-10-06 08:31:46,076 INFO o.a.j.t.JMeterThread: Thread started: S2 1-429
2026-10-06 08:31:46,095 INFO o.a.j.t.JMeterThread: Thread started: S2 1-430
2026-10-06 08:31:46,115 INFO o.a.j.t.JMeterThread: Thread started: S2 1-431
2026-10-06 08:31:46,136 INFO o.a.j.t.JMeterThread: Thread started: S2 1-432
2026-10-06 08:31:46,155 INFO o.a.j.t.JMeterThread: Thread started: S2 1-433
2026-10-06 08:31:46,177 INFO o.a.j.t.JMeterThread: Thread started: S2 1-434
2026-10-06 08:31:46,195 INFO o.a.j.t.JMeterThread: Thread started: S2 1-435
2026-10-06 08:31:46,215 INFO o.a.j.t.JMeterThread: Thread started: S2 1-436
2026-10-06 08:31:46,235 INFO o.a.j.t.JMeterThread: Thread started: S2 1-437
2026-10-06 08:31:46,255 INFO o.a.j.t.JMeterThread: Thread started: S2 1-438
2026-10-06 08:31:46,276 INFO o.a.j.t.JMeterThread: Thread started: S2 1-439
2026-10-06 08:31:46,295 INFO o.a.j.t.JMeterThread: Thread started: S2 1-440
2026-10-06 08:31:46,315 INFO o.a.j.t.JMeterThread: Thread started: S2 1-441
2026-10-06 08:31:46,335 INFO o.a.j.t.JMeterThread: Thread started: S2 1-442
2026-10-06 08:31:46,355 INFO o.a.j.t.JMeterThread: Thread started: S2 1-443
2026-10-06 08:31:46,375 INFO o.a.j.t.JMeterThread: Thread started: S2 1-444
2026-10-06 08:31:46,396 INFO o.a.j.t.JMeterThread: Thread started: S2 1-445
2026-10-06 08:31:46,415 INFO o.a.j.t.JMeterThread: Thread started: S2 1-446
2026-10-06 08:31:46,435 INFO o.a.j.t.JMeterThread: Thread started: S2 1-447
2026-10-06 08:31:46,455 INFO o.a.j.t.JMeterThread: Thread started: S2 1-448
2026-10-06 08:31:46,475 INFO o.a.j.t.JMeterThread: Thread started: S2 1-449
2026-10-06 08:31:46,494 INFO o.a.j.t.JMeterThread: Thread started: S2 1-450
2026-10-06 08:31:46,515 INFO o.a.j.t.JMeterThread: Thread started: S2 1-451
2026-10-06 08:31:46,536 INFO o.a.j.t.JMeterThread: Thread started: S2 1-452
2026-10-06 08:31:46,555 INFO o.a.j.t.JMeterThread: Thread started: S2 1-453
2026-10-06 08:31:46,575 INFO o.a.j.t.JMeterThread: Thread started: S2 1-454
2026-10-06 08:31:46,595 INFO o.a.j.t.JMeterThread: Thread started: S2 1-455
2026-10-06 08:31:46,615 INFO o.a.j.t.JMeterThread: Thread started: S2 1-456
2026-10-06 08:31:46,636 INFO o.a.j.t.JMeterThread: Thread started: S2 1-457
2026-10-06 08:31:46,655 INFO o.a.j.t.JMeterThread: Thread started: S2 1-458
2026-10-06 08:31:46,675 INFO o.a.j.t.JMeterThread: Thread started: S2 1-459
2026-10-06 08:31:46,696 INFO o.a.j.t.JMeterThread: Thread started: S2 1-460
2026-10-06 08:31:46,715 INFO o.a.j.t.JMeterThread: Thread started: S2 1-461
2026-10-06 08:31:46,735 INFO o.a.j.t.JMeterThread: Thread started: S2 1-462
2026-10-06 08:31:46,756 INFO o.a.j.t.JMeterThread: Thread started: S2 1-463
2026-10-06 08:31:46,775 INFO o.a.j.t.JMeterThread: Thread started: S2 1-464
2026-10-06 08:31:46,795 INFO o.a.j.t.JMeterThread: Thread started: S2 1-465
2026-10-06 08:31:46,815 INFO o.a.j.t.JMeterThread: Thread started: S2 1-466
2026-10-06 08:31:46,834 INFO o.a.j.t.JMeterThread: Thread started: S2 1-467
2026-10-06 08:31:46,856 INFO o.a.j.t.JMeterThread: Thread started: S2 1-468
2026-10-06 08:31:46,874 INFO o.a.j.t.JMeterThread: Thread started: S2 1-469
2026-10-06 08:31:46,895 INFO o.a.j.t.JMeterThread: Thread started: S2 1-470
2026-10-06 08:31:46,915 INFO o.a.j.t.JMeterThread: Thread started: S2 1-471
2026-10-06 08:31:46,935 INFO o.a.j.t.JMeterThread: Thread started: S2 1-472
2026-10-06 08:31:46,955 INFO o.a.j.t.JMeterThread: Thread started: S2 1-473
2026-10-06 08:31:46,975 INFO o.a.j.t.JMeterThread: Thread started: S2 1-474
2026-10-06 08:31:46,996 INFO o.a.j.t.JMeterThread: Thread started: S2 1-475
2026-10-06 08:31:47,014 INFO o.a.j.t.JMeterThread: Thread started: S2 1-476
2026-10-06 08:31:47,036 INFO o.a.j.t.JMeterThread: Thread started: S2 1-477
2026-10-06 08:31:47,054 INFO o.a.j.t.JMeterThread: Thread started: S2 1-478
2026-10-06 08:31:47,076 INFO o.a.j.t.JMeterThread: Thread started: S2 1-479
2026-10-06 08:31:47,095 INFO o.a.j.t.JMeterThread: Thread started: S2 1-480
2026-10-06 08:31:47,115 INFO o.a.j.t.JMeterThread: Thread started: S2 1-481
2026-10-06 08:31:47,135 INFO o.a.j.t.JMeterThread: Thread started: S2 1-482
2026-10-06 08:31:47,154 INFO o.a.j.t.JMeterThread: Thread started: S2 1-483
2026-10-06 08:31:47,175 INFO o.a.j.t.JMeterThread: Thread started: S2 1-484
2026-10-06 08:31:47,195 INFO o.a.j.t.JMeterThread: Thread started: S2 1-485
2026-10-06 08:31:47,217 INFO o.a.j.t.JMeterThread: Thread started: S2 1-486
2026-10-06 08:31:47,236 INFO o.a.j.t.JMeterThread: Thread started: S2 1-487
2026-10-06 08:31:47,258 INFO o.a.j.t.JMeterThread: Thread started: S2 1-488
2026-10-06 08:31:47,276 INFO o.a.j.t.JMeterThread: Thread started: S2 1-489
2026-10-06 08:31:47,296 INFO o.a.j.t.JMeterThread: Thread started: S2 1-490
2026-10-06 08:31:47,317 INFO o.a.j.t.JMeterThread: Thread started: S2 1-491
2026-10-06 08:31:47,335 INFO o.a.j.t.JMeterThread: Thread started: S2 1-492
2026-10-06 08:31:47,355 INFO o.a.j.t.JMeterThread: Thread started: S2 1-493
2026-10-06 08:31:47,375 INFO o.a.j.t.JMeterThread: Thread started: S2 1-494
2026-10-06 08:31:47,395 INFO o.a.j.t.JMeterThread: Thread started: S2 1-495
2026-10-06 08:31:47,416 INFO o.a.j.t.JMeterThread: Thread started: S2 1-496
2026-10-06 08:31:47,435 INFO o.a.j.t.JMeterThread: Thread started: S2 1-497
2026-10-06 08:31:47,455 INFO o.a.j.t.JMeterThread: Thread started: S2 1-498
2026-10-06 08:31:47,475 INFO o.a.j.t.JMeterThread: Thread started: S2 1-499
2026-10-06 08:31:47,495 INFO o.a.j.t.JMeterThread: Thread started: S2 1-500
2026-10-06 08:32:00,008 INFO o.a.j.r.Summariser: summary +   8639 in 00:00:23 =  371.8/s Avg:   988 Min:    13 Max:  1451 Err:     0 (0.00%) Active: 500 Started: 500 Finished: 0
2026-10-06 08:32:30,000 INFO o.a.j.r.Summariser: summary +  11729 in 00:00:30 =  391.0/s Avg:  1348 Min:  1261 Max:  1489 Err:     0 (0.00%) Active: 500 Started: 500 Finished: 0
2026-10-06 08:32:30,001 INFO o.a.j.r.Summariser: summary =  20368 in 00:00:53 =  382.6/s Avg:  1196 Min:    13 Max:  1489 Err:     0 (0.00%)
2026-10-06 08:32:37,548 INFO o.a.j.t.JMeterThread: Stopping because end time detected by thread: S2 1-1
2026-10-06 08:32:37,548 INFO o.a.j.t.JMeterThread: Thread finished: S2 1-1
2026-10-06 08:32:37,567 INFO o.a.j.t.JMeterThread: Stopping because end time detected by thread: S2 1-50
2026-10-06 08:32:37,567 INFO o.a.j.t.JMeterThread: Thread finished: S2 1-50
2026-10-06 08:32:37,591 INFO o.a.j.t.JMeterThread: Stopping because end time detected by thread: S2 1-33
2026-10-06 08:32:37,591 INFO o.a.j.t.JMeterThread: Thread finished: S2 1-33
2026-10-06 08:32:37,599 INFO o.a.j.t.JMeterThread: Stopping because end time detected by thread: S2 1-15
2026-10-06 08:32:37,600 INFO o.a.j.t.JMeterThread: Thread finished: S2 1-15
2026-10-06 08:32:37,605 INFO o.a.j.t.JMeterThread: Stopping because end time detected by thread: S2 1-124
2026-10-06 08:32:37,606 INFO o.a.j.t.JMeterThread: Thread finished: S2 1-124
2026-10-06 08:32:37,616 INFO o.a.j.t.JMeterThread: Stopping because end time detected by thread: S2 1-108
2026-10-06 08:32:37,616 INFO o.a.j.t.JMeterThread: Thread finished: S2 1-108
2026-10-06 08:32:37,626 INFO o.a.j.t.JMeterThread: Stopping because end time detected by thread: S2 1-73
2026-10-06 08:32:37,626 INFO o.a.j.t.JMeterThread: Thread finished: S2 1-73
2026-10-06 08:32:37,628 INFO o.a.j.t.JMeterThread: Stopping because end time detected by thread: S2 1-141
2026-10-06 08:32:37,628 INFO o.a.j.t.JMeterThread: Thread finished: S2 1-141
2026-10-06 08:32:37,640 INFO o.a.j.t.JMeterThread: Stopping because end time detected by thread: S2 1-96
2026-10-06 08:32:37,640 INFO o.a.j.t.JMeterThread: Thread finished: S2 1-96
2026-10-06 08:32:37,650 INFO o.a.j.t.JMeterThread: Stopping because end time detected by thread: S2 1-161
2026-10-06 08:32:37,650 INFO o.a.j.t.JMeterThread: Thread finished: S2 1-161
2026-10-06 08:32:37,657 INFO o.a.j.t.JMeterThread: Stopping because end time detected by thread: S2 1-13
2026-10-06 08:32:37,658 INFO o.a.j.t.JMeterThread: Thread finished: S2 1-13
2026-10-06 08:32:37,670 INFO o.a.j.t.JMeterThread: Stopping because end time detected by thread: S2 1-74
2026-10-06 08:32:37,670 INFO o.a.j.t.JMeterThread: Thread finished: S2 1-74
2026-10-06 08:32:37,677 INFO o.a.j.t.JMeterThread: Stopping because end time detected by thread: S2 1-109
2026-10-06 08:32:37,677 INFO o.a.j.t.JMeterThread: Thread finished: S2 1-109
2026-10-06 08:32:37,678 INFO o.a.j.t.JMeterThread: Stopping because end time detected by thread: S2 1-188
2026-10-06 08:32:37,679 INFO o.a.j.t.JMeterThread: Thread finished: S2 1-188
2026-10-06 08:32:37,680 INFO o.a.j.t.JMeterThread: Stopping because end time detected by thread: S2 1-58
2026-10-06 08:32:37,680 INFO o.a.j.t.JMeterThread: Thread finished: S2 1-58
2026-10-06 08:32:37,689 INFO o.a.j.t.JMeterThread: Stopping because end time detected by thread: S2 1-67
2026-10-06 08:32:37,689 INFO o.a.j.t.JMeterThread: Thread finished: S2 1-67
2026-10-06 08:32:37,699 INFO o.a.j.t.JMeterThread: Stopping because end time detected by thread: S2 1-247
2026-10-06 08:32:37,699 INFO o.a.j.t.JMeterThread: Thread finished: S2 1-247
2026-10-06 08:32:37,701 INFO o.a.j.t.JMeterThread: Stopping because end time detected by thread: S2 1-162
2026-10-06 08:32:37,701 INFO o.a.j.t.JMeterThread: Thread finished: S2 1-162
2026-10-06 08:32:37,708 INFO o.a.j.t.JMeterThread: Stopping because end time detected by thread: S2 1-38
2026-10-06 08:32:37,708 INFO o.a.j.t.JMeterThread: Thread finished: S2 1-38
2026-10-06 08:32:37,709 INFO o.a.j.t.JMeterThread: Stopping because end time detected by thread: S2 1-84
2026-10-06 08:32:37,709 INFO o.a.j.t.JMeterThread: Stopping because end time detected by thread: S2 1-142
2026-10-06 08:32:37,709 INFO o.a.j.t.JMeterThread: Thread finished: S2 1-84
2026-10-06 08:32:37,709 INFO o.a.j.t.JMeterThread: Thread finished: S2 1-142
2026-10-06 08:32:37,711 INFO o.a.j.t.JMeterThread: Stopping because end time detected by thread: S2 1-57
2026-10-06 08:32:37,711 INFO o.a.j.t.JMeterThread: Thread finished: S2 1-57
2026-10-06 08:32:37,720 INFO o.a.j.t.JMeterThread: Stopping because end time detected by thread: S2 1-283
2026-10-06 08:32:37,720 INFO o.a.j.t.JMeterThread: Thread finished: S2 1-283
2026-10-06 08:32:37,723 INFO o.a.j.t.JMeterThread: Stopping because end time detected by thread: S2 1-216
2026-10-06 08:32:37,723 INFO o.a.j.t.JMeterThread: Thread finished: S2 1-216
2026-10-06 08:32:37,731 INFO o.a.j.t.JMeterThread: Stopping because end time detected by thread: S2 1-66
2026-10-06 08:32:37,731 INFO o.a.j.t.JMeterThread: Stopping because end time detected by thread: S2 1-189
2026-10-06 08:32:37,731 INFO o.a.j.t.JMeterThread: Thread finished: S2 1-189
2026-10-06 08:32:37,731 INFO o.a.j.t.JMeterThread: Thread finished: S2 1-66
2026-10-06 08:32:37,732 INFO o.a.j.t.JMeterThread: Stopping because end time detected by thread: S2 1-51
2026-10-06 08:32:37,733 INFO o.a.j.t.JMeterThread: Thread finished: S2 1-51
2026-10-06 08:32:37,741 INFO o.a.j.t.JMeterThread: Stopping because end time detected by thread: S2 1-190
2026-10-06 08:32:37,741 INFO o.a.j.t.JMeterThread: Thread finished: S2 1-190
2026-10-06 08:32:37,750 INFO o.a.j.t.JMeterThread: Stopping because end time detected by thread: S2 1-248
2026-10-06 08:32:37,750 INFO o.a.j.t.JMeterThread: Thread finished: S2 1-248
2026-10-06 08:32:37,751 INFO o.a.j.t.JMeterThread: Stopping because end time detected by thread: S2 1-163
2026-10-06 08:32:37,751 INFO o.a.j.t.JMeterThread: Thread finished: S2 1-163
2026-10-06 08:32:37,753 INFO o.a.j.t.JMeterThread: Stopping because end time detected by thread: S2 1-325
2026-10-06 08:32:37,753 INFO o.a.j.t.JMeterThread: Thread finished: S2 1-325
2026-10-06 08:32:37,753 INFO o.a.j.t.JMeterThread: Stopping because end time detected by thread: S2 1-324
2026-10-06 08:32:37,753 INFO o.a.j.t.JMeterThread: Thread finished: S2 1-324
2026-10-06 08:32:37,761 INFO o.a.j.t.JMeterThread: Stopping because end time detected by thread: S2 1-143
2026-10-06 08:32:37,761 INFO o.a.j.t.JMeterThread: Thread finished: S2 1-143
2026-10-06 08:32:37,762 INFO o.a.j.t.JMeterThread: Stopping because end time detected by thread: S2 1-29
2026-10-06 08:32:37,762 INFO o.a.j.t.JMeterThread: Stopping because end time detected by thread: S2 1-144
2026-10-06 08:32:37,762 INFO o.a.j.t.JMeterThread: Stopping because end time detected by thread: S2 1-59
2026-10-06 08:32:37,762 INFO o.a.j.t.JMeterThread: Thread finished: S2 1-59
2026-10-06 08:32:37,763 INFO o.a.j.t.JMeterThread: Thread finished: S2 1-144
2026-10-06 08:32:37,763 INFO o.a.j.t.JMeterThread: Thread finished: S2 1-29
2026-10-06 08:32:37,773 INFO o.a.j.t.JMeterThread: Stopping because end time detected by thread: S2 1-110
2026-10-06 08:32:37,773 INFO o.a.j.t.JMeterThread: Thread finished: S2 1-110
2026-10-06 08:32:37,773 INFO o.a.j.t.JMeterThread: Stopping because end time detected by thread: S2 1-217
2026-10-06 08:32:37,773 INFO o.a.j.t.JMeterThread: Thread finished: S2 1-217
2026-10-06 08:32:37,785 INFO o.a.j.t.JMeterThread: Stopping because end time detected by thread: S2 1-369
2026-10-06 08:32:37,785 INFO o.a.j.t.JMeterThread: Thread finished: S2 1-369
2026-10-06 08:32:37,785 INFO o.a.j.t.JMeterThread: Stopping because end time detected by thread: S2 1-44
2026-10-06 08:32:37,785 INFO o.a.j.t.JMeterThread: Thread finished: S2 1-44
2026-10-06 08:32:37,795 INFO o.a.j.t.JMeterThread: Stopping because end time detected by thread: S2 1-326
2026-10-06 08:32:37,795 INFO o.a.j.t.JMeterThread: Thread finished: S2 1-326
2026-10-06 08:32:37,796 INFO o.a.j.t.JMeterThread: Stopping because end time detected by thread: S2 1-125
2026-10-06 08:32:37,796 INFO o.a.j.t.JMeterThread: Stopping because end time detected by thread: S2 1-370
2026-10-06 08:32:37,796 INFO o.a.j.t.JMeterThread: Thread finished: S2 1-125
2026-10-06 08:32:37,796 INFO o.a.j.t.JMeterThread: Thread finished: S2 1-370
2026-10-06 08:32:37,796 INFO o.a.j.t.JMeterThread: Stopping because end time detected by thread: S2 1-284
2026-10-06 08:32:37,796 INFO o.a.j.t.JMeterThread: Thread finished: S2 1-284
2026-10-06 08:32:37,806 INFO o.a.j.t.JMeterThread: Stopping because end time detected by thread: S2 1-60
2026-10-06 08:32:37,806 INFO o.a.j.t.JMeterThread: Thread finished: S2 1-60
2026-10-06 08:32:37,807 INFO o.a.j.t.JMeterThread: Stopping because end time detected by thread: S2 1-249
2026-10-06 08:32:37,807 INFO o.a.j.t.JMeterThread: Stopping because end time detected by thread: S2 1-422
2026-10-06 08:32:37,807 INFO o.a.j.t.JMeterThread: Stopping because end time detected by thread: S2 1-126
2026-10-06 08:32:37,807 INFO o.a.j.t.JMeterThread: Thread finished: S2 1-249
2026-10-06 08:32:37,807 INFO o.a.j.t.JMeterThread: Thread finished: S2 1-126
2026-10-06 08:32:37,807 INFO o.a.j.t.JMeterThread: Thread finished: S2 1-422
2026-10-06 08:32:37,817 INFO o.a.j.t.JMeterThread: Stopping because end time detected by thread: S2 1-22
2026-10-06 08:32:37,817 INFO o.a.j.t.JMeterThread: Thread finished: S2 1-22
2026-10-06 08:32:37,818 INFO o.a.j.t.JMeterThread: Stopping because end time detected by thread: S2 1-423
2026-10-06 08:32:37,818 INFO o.a.j.t.JMeterThread: Stopping because end time detected by thread: S2 1-285
2026-10-06 08:32:37,818 INFO o.a.j.t.JMeterThread: Thread finished: S2 1-423
2026-10-06 08:32:37,818 INFO o.a.j.t.JMeterThread: Thread finished: S2 1-285
2026-10-06 08:32:37,818 INFO o.a.j.t.JMeterThread: Stopping because end time detected by thread: S2 1-481
2026-10-06 08:32:37,818 INFO o.a.j.t.JMeterThread: Thread finished: S2 1-481
2026-10-06 08:32:37,828 INFO o.a.j.t.JMeterThread: Stopping because end time detected by thread: S2 1-34
2026-10-06 08:32:37,829 INFO o.a.j.t.JMeterThread: Thread finished: S2 1-34
2026-10-06 08:32:37,830 INFO o.a.j.t.JMeterThread: Stopping because end time detected by thread: S2 1-371
2026-10-06 08:32:37,830 INFO o.a.j.t.JMeterThread: Stopping because end time detected by thread: S2 1-286
2026-10-06 08:32:37,830 INFO o.a.j.t.JMeterThread: Thread finished: S2 1-371
2026-10-06 08:32:37,830 INFO o.a.j.t.JMeterThread: Stopping because end time detected by thread: S2 1-191
2026-10-06 08:32:37,830 INFO o.a.j.t.JMeterThread: Thread finished: S2 1-286
2026-10-06 08:32:37,830 INFO o.a.j.t.JMeterThread: Thread finished: S2 1-191
2026-10-06 08:32:37,840 INFO o.a.j.t.JMeterThread: Stopping because end time detected by thread: S2 1-164
2026-10-06 08:32:37,840 INFO o.a.j.t.JMeterThread: Thread finished: S2 1-164
2026-10-06 08:32:37,842 INFO o.a.j.t.JMeterThread: Stopping because end time detected by thread: S2 1-327
2026-10-06 08:32:37,842 INFO o.a.j.t.JMeterThread: Stopping because end time detected by thread: S2 1-4
2026-10-06 08:32:37,842 INFO o.a.j.t.JMeterThread: Stopping because end time detected by thread: S2 1-328
2026-10-06 08:32:37,842 INFO o.a.j.t.JMeterThread: Thread finished: S2 1-327
2026-10-06 08:32:37,842 INFO o.a.j.t.JMeterThread: Thread finished: S2 1-4
2026-10-06 08:32:37,842 INFO o.a.j.t.JMeterThread: Thread finished: S2 1-328
2026-10-06 08:32:37,851 INFO o.a.j.t.JMeterThread: Stopping because end time detected by thread: S2 1-218
2026-10-06 08:32:37,851 INFO o.a.j.t.JMeterThread: Thread finished: S2 1-218
2026-10-06 08:32:37,853 INFO o.a.j.t.JMeterThread: Stopping because end time detected by thread: S2 1-482
2026-10-06 08:32:37,853 INFO o.a.j.t.JMeterThread: Stopping because end time detected by thread: S2 1-250
2026-10-06 08:32:37,853 INFO o.a.j.t.JMeterThread: Stopping because end time detected by thread: S2 1-192
2026-10-06 08:32:37,853 INFO o.a.j.t.JMeterThread: Thread finished: S2 1-482
2026-10-06 08:32:37,853 INFO o.a.j.t.JMeterThread: Thread finished: S2 1-250
2026-10-06 08:32:37,853 INFO o.a.j.t.JMeterThread: Thread finished: S2 1-192
2026-10-06 08:32:37,863 INFO o.a.j.t.JMeterThread: Stopping because end time detected by thread: S2 1-7
2026-10-06 08:32:37,863 INFO o.a.j.t.JMeterThread: Thread finished: S2 1-7
2026-10-06 08:32:37,864 INFO o.a.j.t.JMeterThread: Stopping because end time detected by thread: S2 1-97
2026-10-06 08:32:37,864 INFO o.a.j.t.JMeterThread: Stopping because end time detected by thread: S2 1-165
2026-10-06 08:32:37,864 INFO o.a.j.t.JMeterThread: Thread finished: S2 1-97
2026-10-06 08:32:37,864 INFO o.a.j.t.JMeterThread: Thread finished: S2 1-165
2026-10-06 08:32:37,864 INFO o.a.j.t.JMeterThread: Stopping because end time detected by thread: S2 1-483
2026-10-06 08:32:37,864 INFO o.a.j.t.JMeterThread: Thread finished: S2 1-483
2026-10-06 08:32:37,873 INFO o.a.j.t.JMeterThread: Stopping because end time detected by thread: S2 1-484
2026-10-06 08:32:37,873 INFO o.a.j.t.JMeterThread: Thread finished: S2 1-484
2026-10-06 08:32:37,875 INFO o.a.j.t.JMeterThread: Stopping because end time detected by thread: S2 1-287
2026-10-06 08:32:37,875 INFO o.a.j.t.JMeterThread: Thread finished: S2 1-287
2026-10-06 08:32:37,875 INFO o.a.j.t.JMeterThread: Stopping because end time detected by thread: S2 1-424
2026-10-06 08:32:37,875 INFO o.a.j.t.JMeterThread: Thread finished: S2 1-424
2026-10-06 08:32:37,875 INFO o.a.j.t.JMeterThread: Stopping because end time detected by thread: S2 1-39
2026-10-06 08:32:37,875 INFO o.a.j.t.JMeterThread: Thread finished: S2 1-39
2026-10-06 08:32:37,885 INFO o.a.j.t.JMeterThread: Stopping because end time detected by thread: S2 1-251
2026-10-06 08:32:37,885 INFO o.a.j.t.JMeterThread: Thread finished: S2 1-251
2026-10-06 08:32:37,886 INFO o.a.j.t.JMeterThread: Stopping because end time detected by thread: S2 1-127
2026-10-06 08:32:37,886 INFO o.a.j.t.JMeterThread: Thread finished: S2 1-127
2026-10-06 08:32:37,886 INFO o.a.j.t.JMeterThread: Stopping because end time detected by thread: S2 1-372
2026-10-06 08:32:37,886 INFO o.a.j.t.JMeterThread: Thread finished: S2 1-372
2026-10-06 08:32:37,887 INFO o.a.j.t.JMeterThread: Stopping because end time detected by thread: S2 1-373
2026-10-06 08:32:37,887 INFO o.a.j.t.JMeterThread: Thread finished: S2 1-373
2026-10-06 08:32:37,897 INFO o.a.j.t.JMeterThread: Stopping because end time detected by thread: S2 1-485
2026-10-06 08:32:37,897 INFO o.a.j.t.JMeterThread: Thread finished: S2 1-485
2026-10-06 08:32:37,898 INFO o.a.j.t.JMeterThread: Stopping because end time detected by thread: S2 1-288
2026-10-06 08:32:37,898 INFO o.a.j.t.JMeterThread: Thread finished: S2 1-288
2026-10-06 08:32:37,898 INFO o.a.j.t.JMeterThread: Stopping because end time detected by thread: S2 1-220
2026-10-06 08:32:37,898 INFO o.a.j.t.JMeterThread: Stopping because end time detected by thread: S2 1-75
2026-10-06 08:32:37,898 INFO o.a.j.t.JMeterThread: Thread finished: S2 1-220
2026-10-06 08:32:37,898 INFO o.a.j.t.JMeterThread: Thread finished: S2 1-75
2026-10-06 08:32:37,908 INFO o.a.j.t.JMeterThread: Stopping because end time detected by thread: S2 1-3
2026-10-06 08:32:37,908 INFO o.a.j.t.JMeterThread: Thread finished: S2 1-3
2026-10-06 08:32:37,909 INFO o.a.j.t.JMeterThread: Stopping because end time detected by thread: S2 1-68
2026-10-06 08:32:37,909 INFO o.a.j.t.JMeterThread: Thread finished: S2 1-68
2026-10-06 08:32:37,909 INFO o.a.j.t.JMeterThread: Stopping because end time detected by thread: S2 1-374
2026-10-06 08:32:37,909 INFO o.a.j.t.JMeterThread: Thread finished: S2 1-374
2026-10-06 08:32:37,909 INFO o.a.j.t.JMeterThread: Stopping because end time detected by thread: S2 1-375
2026-10-06 08:32:37,909 INFO o.a.j.t.JMeterThread: Thread finished: S2 1-375
2026-10-06 08:32:37,918 INFO o.a.j.t.JMeterThread: Stopping because end time detected by thread: S2 1-219
2026-10-06 08:32:37,918 INFO o.a.j.t.JMeterThread: Thread finished: S2 1-219
2026-10-06 08:32:37,919 INFO o.a.j.t.JMeterThread: Stopping because end time detected by thread: S2 1-425
2026-10-06 08:32:37,919 INFO o.a.j.t.JMeterThread: Thread finished: S2 1-425
2026-10-06 08:32:37,919 INFO o.a.j.t.JMeterThread: Stopping because end time detected by thread: S2 1-98
2026-10-06 08:32:37,919 INFO o.a.j.t.JMeterThread: Stopping because end time detected by thread: S2 1-111
2026-10-06 08:32:37,920 INFO o.a.j.t.JMeterThread: Thread finished: S2 1-98
2026-10-06 08:32:37,920 INFO o.a.j.t.JMeterThread: Thread finished: S2 1-111
2026-10-06 08:32:37,929 INFO o.a.j.t.JMeterThread: Stopping because end time detected by thread: S2 1-329
2026-10-06 08:32:37,929 INFO o.a.j.t.JMeterThread: Thread finished: S2 1-329
2026-10-06 08:32:37,930 INFO o.a.j.t.JMeterThread: Stopping because end time detected by thread: S2 1-145
2026-10-06 08:32:37,930 INFO o.a.j.t.JMeterThread: Thread finished: S2 1-145
2026-10-06 08:32:37,930 INFO o.a.j.t.JMeterThread: Stopping because end time detected by thread: S2 1-426
2026-10-06 08:32:37,930 INFO o.a.j.t.JMeterThread: Stopping because end time detected by thread: S2 1-486
2026-10-06 08:32:37,930 INFO o.a.j.t.JMeterThread: Thread finished: S2 1-426
2026-10-06 08:32:37,931 INFO o.a.j.t.JMeterThread: Thread finished: S2 1-486
2026-10-06 08:32:37,940 INFO o.a.j.t.JMeterThread: Stopping because end time detected by thread: S2 1-40
2026-10-06 08:32:37,940 INFO o.a.j.t.JMeterThread: Thread finished: S2 1-40
2026-10-06 08:32:37,941 INFO o.a.j.t.JMeterThread: Stopping because end time detected by thread: S2 1-487
2026-10-06 08:32:37,941 INFO o.a.j.t.JMeterThread: Thread finished: S2 1-487
2026-10-06 08:32:37,941 INFO o.a.j.t.JMeterThread: Stopping because end time detected by thread: S2 1-193
2026-10-06 08:32:37,941 INFO o.a.j.t.JMeterThread: Stopping because end time detected by thread: S2 1-252
2026-10-06 08:32:37,941 INFO o.a.j.t.JMeterThread: Thread finished: S2 1-193
2026-10-06 08:32:37,941 INFO o.a.j.t.JMeterThread: Thread finished: S2 1-252
2026-10-06 08:32:37,950 INFO o.a.j.t.JMeterThread: Stopping because end time detected by thread: S2 1-331
2026-10-06 08:32:37,951 INFO o.a.j.t.JMeterThread: Thread finished: S2 1-331
2026-10-06 08:32:37,952 INFO o.a.j.t.JMeterThread: Stopping because end time detected by thread: S2 1-330
2026-10-06 08:32:37,952 INFO o.a.j.t.JMeterThread: Stopping because end time detected by thread: S2 1-112
2026-10-06 08:32:37,952 INFO o.a.j.t.JMeterThread: Stopping because end time detected by thread: S2 1-488
2026-10-06 08:32:37,952 INFO o.a.j.t.JMeterThread: Thread finished: S2 1-330
2026-10-06 08:32:37,952 INFO o.a.j.t.JMeterThread: Thread finished: S2 1-112
2026-10-06 08:32:37,952 INFO o.a.j.t.JMeterThread: Thread finished: S2 1-488
2026-10-06 08:32:37,963 INFO o.a.j.t.JMeterThread: Stopping because end time detected by thread: S2 1-85
2026-10-06 08:32:37,963 INFO o.a.j.t.JMeterThread: Thread finished: S2 1-85
2026-10-06 08:32:37,964 INFO o.a.j.t.JMeterThread: Stopping because end time detected by thread: S2 1-253
2026-10-06 08:32:37,964 INFO o.a.j.t.JMeterThread: Thread finished: S2 1-253
2026-10-06 08:32:37,964 INFO o.a.j.t.JMeterThread: Stopping because end time detected by thread: S2 1-166
2026-10-06 08:32:37,964 INFO o.a.j.t.JMeterThread: Stopping because end time detected by thread: S2 1-427
2026-10-06 08:32:37,964 INFO o.a.j.t.JMeterThread: Thread finished: S2 1-427
2026-10-06 08:32:37,964 INFO o.a.j.t.JMeterThread: Thread finished: S2 1-166
2026-10-06 08:32:37,974 INFO o.a.j.t.JMeterThread: Stopping because end time detected by thread: S2 1-221
2026-10-06 08:32:37,974 INFO o.a.j.t.JMeterThread: Thread finished: S2 1-221
2026-10-06 08:32:37,975 INFO o.a.j.t.JMeterThread: Stopping because end time detected by thread: S2 1-76
2026-10-06 08:32:37,975 INFO o.a.j.t.JMeterThread: Stopping because end time detected by thread: S2 1-290
2026-10-06 08:32:37,975 INFO o.a.j.t.JMeterThread: Thread finished: S2 1-76
2026-10-06 08:32:37,975 INFO o.a.j.t.JMeterThread: Thread finished: S2 1-290
2026-10-06 08:32:37,975 INFO o.a.j.t.JMeterThread: Stopping because end time detected by thread: S2 1-289
2026-10-06 08:32:37,975 INFO o.a.j.t.JMeterThread: Thread finished: S2 1-289
2026-10-06 08:32:37,986 INFO o.a.j.t.JMeterThread: Stopping because end time detected by thread: S2 1-376
2026-10-06 08:32:37,986 INFO o.a.j.t.JMeterThread: Thread finished: S2 1-376
2026-10-06 08:32:37,987 INFO o.a.j.t.JMeterThread: Stopping because end time detected by thread: S2 1-167
2026-10-06 08:32:37,987 INFO o.a.j.t.JMeterThread: Thread finished: S2 1-167
2026-10-06 08:32:37,987 INFO o.a.j.t.JMeterThread: Stopping because end time detected by thread: S2 1-69
2026-10-06 08:32:37,987 INFO o.a.j.t.JMeterThread: Thread finished: S2 1-69
2026-10-06 08:32:37,987 INFO o.a.j.t.JMeterThread: Stopping because end time detected by thread: S2 1-332
2026-10-06 08:32:37,987 INFO o.a.j.t.JMeterThread: Thread finished: S2 1-332
2026-10-06 08:32:37,996 INFO o.a.j.t.JMeterThread: Stopping because end time detected by thread: S2 1-146
2026-10-06 08:32:37,996 INFO o.a.j.t.JMeterThread: Thread finished: S2 1-146
2026-10-06 08:32:37,998 INFO o.a.j.t.JMeterThread: Stopping because end time detected by thread: S2 1-428
2026-10-06 08:32:37,998 INFO o.a.j.t.JMeterThread: Stopping because end time detected by thread: S2 1-377
2026-10-06 08:32:37,998 INFO o.a.j.t.JMeterThread: Thread finished: S2 1-428
2026-10-06 08:32:37,998 INFO o.a.j.t.JMeterThread: Thread finished: S2 1-377
2026-10-06 08:32:37,998 INFO o.a.j.t.JMeterThread: Stopping because end time detected by thread: S2 1-195
2026-10-06 08:32:37,998 INFO o.a.j.t.JMeterThread: Thread finished: S2 1-195
2026-10-06 08:32:38,008 INFO o.a.j.t.JMeterThread: Stopping because end time detected by thread: S2 1-490
2026-10-06 08:32:38,008 INFO o.a.j.t.JMeterThread: Thread finished: S2 1-490
2026-10-06 08:32:38,009 INFO o.a.j.t.JMeterThread: Stopping because end time detected by thread: S2 1-19
2026-10-06 08:32:38,009 INFO o.a.j.t.JMeterThread: Thread finished: S2 1-19
2026-10-06 08:32:38,010 INFO o.a.j.t.JMeterThread: Stopping because end time detected by thread: S2 1-489
2026-10-06 08:32:38,010 INFO o.a.j.t.JMeterThread: Thread finished: S2 1-489
2026-10-06 08:32:38,010 INFO o.a.j.t.JMeterThread: Stopping because end time detected by thread: S2 1-17
2026-10-06 08:32:38,010 INFO o.a.j.t.JMeterThread: Thread finished: S2 1-17
2026-10-06 08:32:38,020 INFO o.a.j.t.JMeterThread: Stopping because end time detected by thread: S2 1-429
2026-10-06 08:32:38,020 INFO o.a.j.t.JMeterThread: Thread finished: S2 1-429
2026-10-06 08:32:38,021 INFO o.a.j.t.JMeterThread: Stopping because end time detected by thread: S2 1-430
2026-10-06 08:32:38,021 INFO o.a.j.t.JMeterThread: Stopping because end time detected by thread: S2 1-194
2026-10-06 08:32:38,021 INFO o.a.j.t.JMeterThread: Thread finished: S2 1-430
2026-10-06 08:32:38,021 INFO o.a.j.t.JMeterThread: Thread finished: S2 1-194
2026-10-06 08:32:38,021 INFO o.a.j.t.JMeterThread: Stopping because end time detected by thread: S2 1-113
2026-10-06 08:32:38,021 INFO o.a.j.t.JMeterThread: Thread finished: S2 1-113
2026-10-06 08:32:38,031 INFO o.a.j.t.JMeterThread: Stopping because end time detected by thread: S2 1-147
2026-10-06 08:32:38,031 INFO o.a.j.t.JMeterThread: Thread finished: S2 1-147
2026-10-06 08:32:38,033 INFO o.a.j.t.JMeterThread: Stopping because end time detected by thread: S2 1-378
2026-10-06 08:32:38,033 INFO o.a.j.t.JMeterThread: Stopping because end time detected by thread: S2 1-333
2026-10-06 08:32:38,033 INFO o.a.j.t.JMeterThread: Stopping because end time detected by thread: S2 1-431
2026-10-06 08:32:38,033 INFO o.a.j.t.JMeterThread: Thread finished: S2 1-378
2026-10-06 08:32:38,033 INFO o.a.j.t.JMeterThread: Thread finished: S2 1-431
2026-10-06 08:32:38,033 INFO o.a.j.t.JMeterThread: Thread finished: S2 1-333
2026-10-06 08:32:38,042 INFO o.a.j.t.JMeterThread: Stopping because end time detected by thread: S2 1-491
2026-10-06 08:32:38,042 INFO o.a.j.t.JMeterThread: Thread finished: S2 1-491
2026-10-06 08:32:38,043 INFO o.a.j.t.JMeterThread: Stopping because end time detected by thread: S2 1-128
2026-10-06 08:32:38,043 INFO o.a.j.t.JMeterThread: Stopping because end time detected by thread: S2 1-291
2026-10-06 08:32:38,043 INFO o.a.j.t.JMeterThread: Stopping because end time detected by thread: S2 1-255
2026-10-06 08:32:38,043 INFO o.a.j.t.JMeterThread: Thread finished: S2 1-128
2026-10-06 08:32:38,043 INFO o.a.j.t.JMeterThread: Thread finished: S2 1-291
2026-10-06 08:32:38,043 INFO o.a.j.t.JMeterThread: Thread finished: S2 1-255
2026-10-06 08:32:38,053 INFO o.a.j.t.JMeterThread: Stopping because end time detected by thread: S2 1-254
2026-10-06 08:32:38,053 INFO o.a.j.t.JMeterThread: Thread finished: S2 1-254
2026-10-06 08:32:38,054 INFO o.a.j.t.JMeterThread: Stopping because end time detected by thread: S2 1-334
2026-10-06 08:32:38,054 INFO o.a.j.t.JMeterThread: Stopping because end time detected by thread: S2 1-379
2026-10-06 08:32:38,054 INFO o.a.j.t.JMeterThread: Thread finished: S2 1-334
2026-10-06 08:32:38,054 INFO o.a.j.t.JMeterThread: Thread finished: S2 1-379
2026-10-06 08:32:38,054 INFO o.a.j.t.JMeterThread: Stopping because end time detected by thread: S2 1-222
2026-10-06 08:32:38,054 INFO o.a.j.t.JMeterThread: Thread finished: S2 1-222
2026-10-06 08:32:38,064 INFO o.a.j.t.JMeterThread: Stopping because end time detected by thread: S2 1-196
2026-10-06 08:32:38,064 INFO o.a.j.t.JMeterThread: Thread finished: S2 1-196
2026-10-06 08:32:38,065 INFO o.a.j.t.JMeterThread: Stopping because end time detected by thread: S2 1-432
2026-10-06 08:32:38,065 INFO o.a.j.t.JMeterThread: Stopping because end time detected by thread: S2 1-26
2026-10-06 08:32:38,065 INFO o.a.j.t.JMeterThread: Thread finished: S2 1-432
2026-10-06 08:32:38,065 INFO o.a.j.t.JMeterThread: Stopping because end time detected by thread: S2 1-87
2026-10-06 08:32:38,065 INFO o.a.j.t.JMeterThread: Thread finished: S2 1-26
2026-10-06 08:32:38,065 INFO o.a.j.t.JMeterThread: Thread finished: S2 1-87
2026-10-06 08:32:38,074 INFO o.a.j.t.JMeterThread: Stopping because end time detected by thread: S2 1-223
2026-10-06 08:32:38,075 INFO o.a.j.t.JMeterThread: Thread finished: S2 1-223
2026-10-06 08:32:38,075 INFO o.a.j.t.JMeterThread: Stopping because end time detected by thread: S2 1-492
2026-10-06 08:32:38,075 INFO o.a.j.t.JMeterThread: Thread finished: S2 1-492
2026-10-06 08:32:38,076 INFO o.a.j.t.JMeterThread: Stopping because end time detected by thread: S2 1-99
2026-10-06 08:32:38,076 INFO o.a.j.t.JMeterThread: Thread finished: S2 1-99
2026-10-06 08:32:38,076 INFO o.a.j.t.JMeterThread: Stopping because end time detected by thread: S2 1-129
2026-10-06 08:32:38,076 INFO o.a.j.t.JMeterThread: Thread finished: S2 1-129
2026-10-06 08:32:38,085 INFO o.a.j.t.JMeterThread: Stopping because end time detected by thread: S2 1-380
2026-10-06 08:32:38,086 INFO o.a.j.t.JMeterThread: Thread finished: S2 1-380
2026-10-06 08:32:38,087 INFO o.a.j.t.JMeterThread: Stopping because end time detected by thread: S2 1-494
2026-10-06 08:32:38,087 INFO o.a.j.t.JMeterThread: Thread finished: S2 1-494
2026-10-06 08:32:38,087 INFO o.a.j.t.JMeterThread: Stopping because end time detected by thread: S2 1-493
2026-10-06 08:32:38,087 INFO o.a.j.t.JMeterThread: Stopping because end time detected by thread: S2 1-86
2026-10-06 08:32:38,087 INFO o.a.j.t.JMeterThread: Thread finished: S2 1-493
2026-10-06 08:32:38,087 INFO o.a.j.t.JMeterThread: Thread finished: S2 1-86
2026-10-06 08:32:38,097 INFO o.a.j.t.JMeterThread: Stopping because end time detected by thread: S2 1-495
2026-10-06 08:32:38,097 INFO o.a.j.t.JMeterThread: Thread finished: S2 1-495
2026-10-06 08:32:38,098 INFO o.a.j.t.JMeterThread: Stopping because end time detected by thread: S2 1-52
2026-10-06 08:32:38,098 INFO o.a.j.t.JMeterThread: Thread finished: S2 1-52
2026-10-06 08:32:38,098 INFO o.a.j.t.JMeterThread: Stopping because end time detected by thread: S2 1-168
2026-10-06 08:32:38,098 INFO o.a.j.t.JMeterThread: Stopping because end time detected by thread: S2 1-434
2026-10-06 08:32:38,098 INFO o.a.j.t.JMeterThread: Thread finished: S2 1-168
2026-10-06 08:32:38,098 INFO o.a.j.t.JMeterThread: Thread finished: S2 1-434
2026-10-06 08:32:38,108 INFO o.a.j.t.JMeterThread: Stopping because end time detected by thread: S2 1-256
2026-10-06 08:32:38,108 INFO o.a.j.t.JMeterThread: Thread finished: S2 1-256
2026-10-06 08:32:38,109 INFO o.a.j.t.JMeterThread: Stopping because end time detected by thread: S2 1-292
2026-10-06 08:32:38,109 INFO o.a.j.t.JMeterThread: Thread finished: S2 1-292
2026-10-06 08:32:38,109 INFO o.a.j.t.JMeterThread: Stopping because end time detected by thread: S2 1-148
2026-10-06 08:32:38,109 INFO o.a.j.t.JMeterThread: Thread finished: S2 1-148
2026-10-06 08:32:38,109 INFO o.a.j.t.JMeterThread: Stopping because end time detected by thread: S2 1-335
2026-10-06 08:32:38,109 INFO o.a.j.t.JMeterThread: Thread finished: S2 1-335
2026-10-06 08:32:38,119 INFO o.a.j.t.JMeterThread: Stopping because end time detected by thread: S2 1-224
2026-10-06 08:32:38,119 INFO o.a.j.t.JMeterThread: Thread finished: S2 1-224
2026-10-06 08:32:38,120 INFO o.a.j.t.JMeterThread: Stopping because end time detected by thread: S2 1-293
2026-10-06 08:32:38,120 INFO o.a.j.t.JMeterThread: Thread finished: S2 1-293
2026-10-06 08:32:38,120 INFO o.a.j.t.JMeterThread: Stopping because end time detected by thread: S2 1-31
2026-10-06 08:32:38,120 INFO o.a.j.t.JMeterThread: Thread finished: S2 1-31
2026-10-06 08:32:38,120 INFO o.a.j.t.JMeterThread: Stopping because end time detected by thread: S2 1-30
2026-10-06 08:32:38,120 INFO o.a.j.t.JMeterThread: Thread finished: S2 1-30
2026-10-06 08:32:38,130 INFO o.a.j.t.JMeterThread: Stopping because end time detected by thread: S2 1-114
2026-10-06 08:32:38,130 INFO o.a.j.t.JMeterThread: Thread finished: S2 1-114
2026-10-06 08:32:38,131 INFO o.a.j.t.JMeterThread: Stopping because end time detected by thread: S2 1-381
2026-10-06 08:32:38,131 INFO o.a.j.t.JMeterThread: Stopping because end time detected by thread: S2 1-11
2026-10-06 08:32:38,131 INFO o.a.j.t.JMeterThread: Stopping because end time detected by thread: S2 1-433
2026-10-06 08:32:38,131 INFO o.a.j.t.JMeterThread: Thread finished: S2 1-381
2026-10-06 08:32:38,131 INFO o.a.j.t.JMeterThread: Thread finished: S2 1-433
2026-10-06 08:32:38,131 INFO o.a.j.t.JMeterThread: Thread finished: S2 1-11
2026-10-06 08:32:38,141 INFO o.a.j.t.JMeterThread: Stopping because end time detected by thread: S2 1-225
2026-10-06 08:32:38,141 INFO o.a.j.t.JMeterThread: Thread finished: S2 1-225
2026-10-06 08:32:38,142 INFO o.a.j.t.JMeterThread: Stopping because end time detected by thread: S2 1-197
2026-10-06 08:32:38,142 INFO o.a.j.t.JMeterThread: Thread finished: S2 1-197
2026-10-06 08:32:38,142 INFO o.a.j.t.JMeterThread: Stopping because end time detected by thread: S2 1-435
2026-10-06 08:32:38,143 INFO o.a.j.t.JMeterThread: Thread finished: S2 1-435
2026-10-06 08:32:38,143 INFO o.a.j.t.JMeterThread: Stopping because end time detected by thread: S2 1-46
2026-10-06 08:32:38,143 INFO o.a.j.t.JMeterThread: Thread finished: S2 1-46
2026-10-06 08:32:38,152 INFO o.a.j.t.JMeterThread: Stopping because end time detected by thread: S2 1-100
2026-10-06 08:32:38,152 INFO o.a.j.t.JMeterThread: Thread finished: S2 1-100
2026-10-06 08:32:38,153 INFO o.a.j.t.JMeterThread: Stopping because end time detected by thread: S2 1-336
2026-10-06 08:32:38,153 INFO o.a.j.t.JMeterThread: Stopping because end time detected by thread: S2 1-497
2026-10-06 08:32:38,153 INFO o.a.j.t.JMeterThread: Stopping because end time detected by thread: S2 1-294
2026-10-06 08:32:38,153 INFO o.a.j.t.JMeterThread: Thread finished: S2 1-497
2026-10-06 08:32:38,153 INFO o.a.j.t.JMeterThread: Thread finished: S2 1-336
2026-10-06 08:32:38,153 INFO o.a.j.t.JMeterThread: Thread finished: S2 1-294
2026-10-06 08:32:38,164 INFO o.a.j.t.JMeterThread: Stopping because end time detected by thread: S2 1-169
2026-10-06 08:32:38,164 INFO o.a.j.t.JMeterThread: Thread finished: S2 1-169
2026-10-06 08:32:38,165 INFO o.a.j.t.JMeterThread: Stopping because end time detected by thread: S2 1-382
2026-10-06 08:32:38,165 INFO o.a.j.t.JMeterThread: Thread finished: S2 1-382
2026-10-06 08:32:38,165 INFO o.a.j.t.JMeterThread: Stopping because end time detected by thread: S2 1-257
2026-10-06 08:32:38,165 INFO o.a.j.t.JMeterThread: Stopping because end time detected by thread: S2 1-2
2026-10-06 08:32:38,165 INFO o.a.j.t.JMeterThread: Thread finished: S2 1-257
2026-10-06 08:32:38,165 INFO o.a.j.t.JMeterThread: Thread finished: S2 1-2
2026-10-06 08:32:38,174 INFO o.a.j.t.JMeterThread: Stopping because end time detected by thread: S2 1-131
2026-10-06 08:32:38,174 INFO o.a.j.t.JMeterThread: Thread finished: S2 1-131
2026-10-06 08:32:38,176 INFO o.a.j.t.JMeterThread: Stopping because end time detected by thread: S2 1-496
2026-10-06 08:32:38,176 INFO o.a.j.t.JMeterThread: Stopping because end time detected by thread: S2 1-295
2026-10-06 08:32:38,176 INFO o.a.j.t.JMeterThread: Stopping because end time detected by thread: S2 1-337
2026-10-06 08:32:38,176 INFO o.a.j.t.JMeterThread: Thread finished: S2 1-496
2026-10-06 08:32:38,176 INFO o.a.j.t.JMeterThread: Thread finished: S2 1-295
2026-10-06 08:32:38,176 INFO o.a.j.t.JMeterThread: Thread finished: S2 1-337
2026-10-06 08:32:38,185 INFO o.a.j.t.JMeterThread: Stopping because end time detected by thread: S2 1-77
2026-10-06 08:32:38,186 INFO o.a.j.t.JMeterThread: Thread finished: S2 1-77
2026-10-06 08:32:38,187 INFO o.a.j.t.JMeterThread: Stopping because end time detected by thread: S2 1-61
2026-10-06 08:32:38,187 INFO o.a.j.t.JMeterThread: Stopping because end time detected by thread: S2 1-258
2026-10-06 08:32:38,187 INFO o.a.j.t.JMeterThread: Thread finished: S2 1-61
2026-10-06 08:32:38,187 INFO o.a.j.t.JMeterThread: Stopping because end time detected by thread: S2 1-436
2026-10-06 08:32:38,187 INFO o.a.j.t.JMeterThread: Thread finished: S2 1-258
2026-10-06 08:32:38,187 INFO o.a.j.t.JMeterThread: Thread finished: S2 1-436
2026-10-06 08:32:38,196 INFO o.a.j.t.JMeterThread: Stopping because end time detected by thread: S2 1-498
2026-10-06 08:32:38,196 INFO o.a.j.t.JMeterThread: Thread finished: S2 1-498
2026-10-06 08:32:38,197 INFO o.a.j.t.JMeterThread: Stopping because end time detected by thread: S2 1-499
2026-10-06 08:32:38,197 INFO o.a.j.t.JMeterThread: Stopping because end time detected by thread: S2 1-45
2026-10-06 08:32:38,197 INFO o.a.j.t.JMeterThread: Thread finished: S2 1-499
2026-10-06 08:32:38,197 INFO o.a.j.t.JMeterThread: Thread finished: S2 1-45
2026-10-06 08:32:38,198 INFO o.a.j.t.JMeterThread: Stopping because end time detected by thread: S2 1-296
2026-10-06 08:32:38,198 INFO o.a.j.t.JMeterThread: Thread finished: S2 1-296
2026-10-06 08:32:38,207 INFO o.a.j.t.JMeterThread: Stopping because end time detected by thread: S2 1-384
2026-10-06 08:32:38,207 INFO o.a.j.t.JMeterThread: Thread finished: S2 1-384
2026-10-06 08:32:38,208 INFO o.a.j.t.JMeterThread: Stopping because end time detected by thread: S2 1-23
2026-10-06 08:32:38,208 INFO o.a.j.t.JMeterThread: Thread finished: S2 1-23
2026-10-06 08:32:38,208 INFO o.a.j.t.JMeterThread: Stopping because end time detected by thread: S2 1-383
2026-10-06 08:32:38,208 INFO o.a.j.t.JMeterThread: Thread finished: S2 1-383
2026-10-06 08:32:38,209 INFO o.a.j.t.JMeterThread: Stopping because end time detected by thread: S2 1-338
2026-10-06 08:32:38,209 INFO o.a.j.t.JMeterThread: Thread finished: S2 1-338
2026-10-06 08:32:38,218 INFO o.a.j.t.JMeterThread: Stopping because end time detected by thread: S2 1-198
2026-10-06 08:32:38,219 INFO o.a.j.t.JMeterThread: Thread finished: S2 1-198
2026-10-06 08:32:38,220 INFO o.a.j.t.JMeterThread: Stopping because end time detected by thread: S2 1-438
2026-10-06 08:32:38,220 INFO o.a.j.t.JMeterThread: Thread finished: S2 1-438
2026-10-06 08:32:38,220 INFO o.a.j.t.JMeterThread: Stopping because end time detected by thread: S2 1-170
2026-10-06 08:32:38,220 INFO o.a.j.t.JMeterThread: Stopping because end time detected by thread: S2 1-437
2026-10-06 08:32:38,220 INFO o.a.j.t.JMeterThread: Thread finished: S2 1-170
2026-10-06 08:32:38,220 INFO o.a.j.t.JMeterThread: Thread finished: S2 1-437
2026-10-06 08:32:38,230 INFO o.a.j.t.JMeterThread: Stopping because end time detected by thread: S2 1-385
2026-10-06 08:32:38,230 INFO o.a.j.t.JMeterThread: Thread finished: S2 1-385
2026-10-06 08:32:38,231 INFO o.a.j.t.JMeterThread: Stopping because end time detected by thread: S2 1-130
2026-10-06 08:32:38,231 INFO o.a.j.t.JMeterThread: Stopping because end time detected by thread: S2 1-297
2026-10-06 08:32:38,231 INFO o.a.j.t.JMeterThread: Thread finished: S2 1-130
2026-10-06 08:32:38,232 INFO o.a.j.t.JMeterThread: Thread finished: S2 1-297
2026-10-06 08:32:38,232 INFO o.a.j.t.JMeterThread: Stopping because end time detected by thread: S2 1-16
2026-10-06 08:32:38,232 INFO o.a.j.t.JMeterThread: Thread finished: S2 1-16
2026-10-06 08:32:38,241 INFO o.a.j.t.JMeterThread: Stopping because end time detected by thread: S2 1-226
2026-10-06 08:32:38,241 INFO o.a.j.t.JMeterThread: Thread finished: S2 1-226
2026-10-06 08:32:38,242 INFO o.a.j.t.JMeterThread: Stopping because end time detected by thread: S2 1-101
2026-10-06 08:32:38,242 INFO o.a.j.t.JMeterThread: Stopping because end time detected by thread: S2 1-5
2026-10-06 08:32:38,242 INFO o.a.j.t.JMeterThread: Stopping because end time detected by thread: S2 1-500
2026-10-06 08:32:38,242 INFO o.a.j.t.JMeterThread: Thread finished: S2 1-101
2026-10-06 08:32:38,242 INFO o.a.j.t.JMeterThread: Thread finished: S2 1-5
2026-10-06 08:32:38,242 INFO o.a.j.t.JMeterThread: Thread finished: S2 1-500
2026-10-06 08:32:38,251 INFO o.a.j.t.JMeterThread: Stopping because end time detected by thread: S2 1-339
2026-10-06 08:32:38,251 INFO o.a.j.t.JMeterThread: Thread finished: S2 1-339
2026-10-06 08:32:38,253 INFO o.a.j.t.JMeterThread: Stopping because end time detected by thread: S2 1-260
2026-10-06 08:32:38,253 INFO o.a.j.t.JMeterThread: Thread finished: S2 1-260
2026-10-06 08:32:38,253 INFO o.a.j.t.JMeterThread: Stopping because end time detected by thread: S2 1-88
2026-10-06 08:32:38,253 INFO o.a.j.t.JMeterThread: Thread finished: S2 1-88
2026-10-06 08:32:38,253 INFO o.a.j.t.JMeterThread: Stopping because end time detected by thread: S2 1-259
2026-10-06 08:32:38,253 INFO o.a.j.t.JMeterThread: Thread finished: S2 1-259
2026-10-06 08:32:38,263 INFO o.a.j.t.JMeterThread: Stopping because end time detected by thread: S2 1-53
2026-10-06 08:32:38,263 INFO o.a.j.t.JMeterThread: Thread finished: S2 1-53
2026-10-06 08:32:38,264 INFO o.a.j.t.JMeterThread: Stopping because end time detected by thread: S2 1-439
2026-10-06 08:32:38,264 INFO o.a.j.t.JMeterThread: Thread finished: S2 1-439
2026-10-06 08:32:38,264 INFO o.a.j.t.JMeterThread: Stopping because end time detected by thread: S2 1-227
2026-10-06 08:32:38,264 INFO o.a.j.t.JMeterThread: Thread finished: S2 1-227
2026-10-06 08:32:38,264 INFO o.a.j.t.JMeterThread: Stopping because end time detected by thread: S2 1-440
2026-10-06 08:32:38,264 INFO o.a.j.t.JMeterThread: Thread finished: S2 1-440
2026-10-06 08:32:38,273 INFO o.a.j.t.JMeterThread: Stopping because end time detected by thread: S2 1-115
2026-10-06 08:32:38,273 INFO o.a.j.t.JMeterThread: Thread finished: S2 1-115
2026-10-06 08:32:38,275 INFO o.a.j.t.JMeterThread: Stopping because end time detected by thread: S2 1-228
2026-10-06 08:32:38,275 INFO o.a.j.t.JMeterThread: Stopping because end time detected by thread: S2 1-340
2026-10-06 08:32:38,275 INFO o.a.j.t.JMeterThread: Thread finished: S2 1-340
2026-10-06 08:32:38,275 INFO o.a.j.t.JMeterThread: Thread finished: S2 1-228
2026-10-06 08:32:38,275 INFO o.a.j.t.JMeterThread: Stopping because end time detected by thread: S2 1-149
2026-10-06 08:32:38,275 INFO o.a.j.t.JMeterThread: Thread finished: S2 1-149
2026-10-06 08:32:38,284 INFO o.a.j.t.JMeterThread: Stopping because end time detected by thread: S2 1-386
2026-10-06 08:32:38,284 INFO o.a.j.t.JMeterThread: Thread finished: S2 1-386
2026-10-06 08:32:38,285 INFO o.a.j.t.JMeterThread: Stopping because end time detected by thread: S2 1-199
2026-10-06 08:32:38,285 INFO o.a.j.t.JMeterThread: Stopping because end time detected by thread: S2 1-32
2026-10-06 08:32:38,285 INFO o.a.j.t.JMeterThread: Thread finished: S2 1-32
2026-10-06 08:32:38,285 INFO o.a.j.t.JMeterThread: Stopping because end time detected by thread: S2 1-89
2026-10-06 08:32:38,285 INFO o.a.j.t.JMeterThread: Thread finished: S2 1-199
2026-10-06 08:32:38,285 INFO o.a.j.t.JMeterThread: Thread finished: S2 1-89
2026-10-06 08:32:38,294 INFO o.a.j.t.JMeterThread: Stopping because end time detected by thread: S2 1-171
2026-10-06 08:32:38,294 INFO o.a.j.t.JMeterThread: Thread finished: S2 1-171
2026-10-06 08:32:38,295 INFO o.a.j.t.JMeterThread: Stopping because end time detected by thread: S2 1-387
2026-10-06 08:32:38,296 INFO o.a.j.t.JMeterThread: Thread finished: S2 1-387
2026-10-06 08:32:38,296 INFO o.a.j.t.JMeterThread: Stopping because end time detected by thread: S2 1-341
2026-10-06 08:32:38,296 INFO o.a.j.t.JMeterThread: Thread finished: S2 1-341
2026-10-06 08:32:38,296 INFO o.a.j.t.JMeterThread: Stopping because end time detected by thread: S2 1-441
2026-10-06 08:32:38,296 INFO o.a.j.t.JMeterThread: Thread finished: S2 1-441
2026-10-06 08:32:38,305 INFO o.a.j.t.JMeterThread: Stopping because end time detected by thread: S2 1-298
2026-10-06 08:32:38,305 INFO o.a.j.t.JMeterThread: Thread finished: S2 1-298
2026-10-06 08:32:38,307 INFO o.a.j.t.JMeterThread: Stopping because end time detected by thread: S2 1-116
2026-10-06 08:32:38,307 INFO o.a.j.t.JMeterThread: Thread finished: S2 1-116
2026-10-06 08:32:38,307 INFO o.a.j.t.JMeterThread: Stopping because end time detected by thread: S2 1-342
2026-10-06 08:32:38,307 INFO o.a.j.t.JMeterThread: Thread finished: S2 1-342
2026-10-06 08:32:38,307 INFO o.a.j.t.JMeterThread: Stopping because end time detected by thread: S2 1-261
2026-10-06 08:32:38,307 INFO o.a.j.t.JMeterThread: Thread finished: S2 1-261
2026-10-06 08:32:38,315 INFO o.a.j.t.JMeterThread: Stopping because end time detected by thread: S2 1-151
2026-10-06 08:32:38,315 INFO o.a.j.t.JMeterThread: Thread finished: S2 1-151
2026-10-06 08:32:38,316 INFO o.a.j.t.JMeterThread: Stopping because end time detected by thread: S2 1-150
2026-10-06 08:32:38,317 INFO o.a.j.t.JMeterThread: Thread finished: S2 1-150
2026-10-06 08:32:38,318 INFO o.a.j.t.JMeterThread: Stopping because end time detected by thread: S2 1-79
2026-10-06 08:32:38,318 INFO o.a.j.t.JMeterThread: Thread finished: S2 1-79
2026-10-06 08:32:38,318 INFO o.a.j.t.JMeterThread: Stopping because end time detected by thread: S2 1-200
2026-10-06 08:32:38,318 INFO o.a.j.t.JMeterThread: Thread finished: S2 1-200
2026-10-06 08:32:38,326 INFO o.a.j.t.JMeterThread: Stopping because end time detected by thread: S2 1-388
2026-10-06 08:32:38,326 INFO o.a.j.t.JMeterThread: Thread finished: S2 1-388
2026-10-06 08:32:38,328 INFO o.a.j.t.JMeterThread: Stopping because end time detected by thread: S2 1-262
2026-10-06 08:32:38,328 INFO o.a.j.t.JMeterThread: Thread finished: S2 1-262
2026-10-06 08:32:38,329 INFO o.a.j.t.JMeterThread: Stopping because end time detected by thread: S2 1-443
2026-10-06 08:32:38,329 INFO o.a.j.t.JMeterThread: Thread finished: S2 1-443
2026-10-06 08:32:38,329 INFO o.a.j.t.JMeterThread: Stopping because end time detected by thread: S2 1-299
2026-10-06 08:32:38,329 INFO o.a.j.t.JMeterThread: Thread finished: S2 1-299
2026-10-06 08:32:38,337 INFO o.a.j.t.JMeterThread: Stopping because end time detected by thread: S2 1-229
2026-10-06 08:32:38,337 INFO o.a.j.t.JMeterThread: Thread finished: S2 1-229
2026-10-06 08:32:38,339 INFO o.a.j.t.JMeterThread: Stopping because end time detected by thread: S2 1-172
2026-10-06 08:32:38,339 INFO o.a.j.t.JMeterThread: Thread finished: S2 1-172
2026-10-06 08:32:38,340 INFO o.a.j.t.JMeterThread: Stopping because end time detected by thread: S2 1-132
2026-10-06 08:32:38,340 INFO o.a.j.t.JMeterThread: Thread finished: S2 1-132
2026-10-06 08:32:38,340 INFO o.a.j.t.JMeterThread: Stopping because end time detected by thread: S2 1-442
2026-10-06 08:32:38,340 INFO o.a.j.t.JMeterThread: Thread finished: S2 1-442
2026-10-06 08:32:38,348 INFO o.a.j.t.JMeterThread: Stopping because end time detected by thread: S2 1-389
2026-10-06 08:32:38,348 INFO o.a.j.t.JMeterThread: Thread finished: S2 1-389
2026-10-06 08:32:38,349 INFO o.a.j.t.JMeterThread: Stopping because end time detected by thread: S2 1-54
2026-10-06 08:32:38,349 INFO o.a.j.t.JMeterThread: Thread finished: S2 1-54
2026-10-06 08:32:38,350 INFO o.a.j.t.JMeterThread: Stopping because end time detected by thread: S2 1-35
2026-10-06 08:32:38,350 INFO o.a.j.t.JMeterThread: Thread finished: S2 1-35
2026-10-06 08:32:38,352 INFO o.a.j.t.JMeterThread: Stopping because end time detected by thread: S2 1-27
2026-10-06 08:32:38,352 INFO o.a.j.t.JMeterThread: Thread finished: S2 1-27
2026-10-06 08:32:38,360 INFO o.a.j.t.JMeterThread: Stopping because end time detected by thread: S2 1-300
2026-10-06 08:32:38,360 INFO o.a.j.t.JMeterThread: Thread finished: S2 1-300
2026-10-06 08:32:38,361 INFO o.a.j.t.JMeterThread: Stopping because end time detected by thread: S2 1-71
2026-10-06 08:32:38,361 INFO o.a.j.t.JMeterThread: Thread finished: S2 1-71
2026-10-06 08:32:38,362 INFO o.a.j.t.JMeterThread: Stopping because end time detected by thread: S2 1-230
2026-10-06 08:32:38,362 INFO o.a.j.t.JMeterThread: Thread finished: S2 1-230
2026-10-06 08:32:38,362 INFO o.a.j.t.JMeterThread: Stopping because end time detected by thread: S2 1-70
2026-10-06 08:32:38,362 INFO o.a.j.t.JMeterThread: Thread finished: S2 1-70
2026-10-06 08:32:38,370 INFO o.a.j.t.JMeterThread: Stopping because end time detected by thread: S2 1-343
2026-10-06 08:32:38,370 INFO o.a.j.t.JMeterThread: Thread finished: S2 1-343
2026-10-06 08:32:38,372 INFO o.a.j.t.JMeterThread: Stopping because end time detected by thread: S2 1-444
2026-10-06 08:32:38,372 INFO o.a.j.t.JMeterThread: Thread finished: S2 1-444
2026-10-06 08:32:38,373 INFO o.a.j.t.JMeterThread: Stopping because end time detected by thread: S2 1-231
2026-10-06 08:32:38,373 INFO o.a.j.t.JMeterThread: Stopping because end time detected by thread: S2 1-445
2026-10-06 08:32:38,373 INFO o.a.j.t.JMeterThread: Thread finished: S2 1-231
2026-10-06 08:32:38,373 INFO o.a.j.t.JMeterThread: Thread finished: S2 1-445
2026-10-06 08:32:38,379 INFO o.a.j.t.JMeterThread: Stopping because end time detected by thread: S2 1-78
2026-10-06 08:32:38,379 INFO o.a.j.t.JMeterThread: Thread finished: S2 1-78
2026-10-06 08:32:38,382 INFO o.a.j.t.JMeterThread: Stopping because end time detected by thread: S2 1-232
2026-10-06 08:32:38,382 INFO o.a.j.t.JMeterThread: Thread finished: S2 1-232
2026-10-06 08:32:38,383 INFO o.a.j.t.JMeterThread: Stopping because end time detected by thread: S2 1-263
2026-10-06 08:32:38,383 INFO o.a.j.t.JMeterThread: Thread finished: S2 1-263
2026-10-06 08:32:38,384 INFO o.a.j.t.JMeterThread: Stopping because end time detected by thread: S2 1-102
2026-10-06 08:32:38,384 INFO o.a.j.t.JMeterThread: Thread finished: S2 1-102
2026-10-06 08:32:38,391 INFO o.a.j.t.JMeterThread: Stopping because end time detected by thread: S2 1-390
2026-10-06 08:32:38,391 INFO o.a.j.t.JMeterThread: Thread finished: S2 1-390
2026-10-06 08:32:38,394 INFO o.a.j.t.JMeterThread: Stopping because end time detected by thread: S2 1-446
2026-10-06 08:32:38,394 INFO o.a.j.t.JMeterThread: Thread finished: S2 1-446
2026-10-06 08:32:38,395 INFO o.a.j.t.JMeterThread: Stopping because end time detected by thread: S2 1-301
2026-10-06 08:32:38,395 INFO o.a.j.t.JMeterThread: Thread finished: S2 1-301
2026-10-06 08:32:38,396 INFO o.a.j.t.JMeterThread: Stopping because end time detected by thread: S2 1-133
2026-10-06 08:32:38,396 INFO o.a.j.t.JMeterThread: Thread finished: S2 1-133
2026-10-06 08:32:38,402 INFO o.a.j.t.JMeterThread: Stopping because end time detected by thread: S2 1-173
2026-10-06 08:32:38,403 INFO o.a.j.t.JMeterThread: Thread finished: S2 1-173
2026-10-06 08:32:38,404 INFO o.a.j.t.JMeterThread: Stopping because end time detected by thread: S2 1-392
2026-10-06 08:32:38,404 INFO o.a.j.t.JMeterThread: Thread finished: S2 1-392
2026-10-06 08:32:38,405 INFO o.a.j.t.JMeterThread: Stopping because end time detected by thread: S2 1-47
2026-10-06 08:32:38,405 INFO o.a.j.t.JMeterThread: Thread finished: S2 1-47
2026-10-06 08:32:38,406 INFO o.a.j.t.JMeterThread: Stopping because end time detected by thread: S2 1-201
2026-10-06 08:32:38,406 INFO o.a.j.t.JMeterThread: Thread finished: S2 1-201
2026-10-06 08:32:38,412 INFO o.a.j.t.JMeterThread: Stopping because end time detected by thread: S2 1-391
2026-10-06 08:32:38,412 INFO o.a.j.t.JMeterThread: Thread finished: S2 1-391
2026-10-06 08:32:38,414 INFO o.a.j.t.JMeterThread: Stopping because end time detected by thread: S2 1-302
2026-10-06 08:32:38,414 INFO o.a.j.t.JMeterThread: Thread finished: S2 1-302
2026-10-06 08:32:38,415 INFO o.a.j.t.JMeterThread: Stopping because end time detected by thread: S2 1-152
2026-10-06 08:32:38,415 INFO o.a.j.t.JMeterThread: Thread finished: S2 1-152
2026-10-06 08:32:38,416 INFO o.a.j.t.JMeterThread: Stopping because end time detected by thread: S2 1-447
2026-10-06 08:32:38,416 INFO o.a.j.t.JMeterThread: Thread finished: S2 1-447
2026-10-06 08:32:38,423 INFO o.a.j.t.JMeterThread: Stopping because end time detected by thread: S2 1-264
2026-10-06 08:32:38,423 INFO o.a.j.t.JMeterThread: Thread finished: S2 1-264
2026-10-06 08:32:38,424 INFO o.a.j.t.JMeterThread: Stopping because end time detected by thread: S2 1-344
2026-10-06 08:32:38,424 INFO o.a.j.t.JMeterThread: Thread finished: S2 1-344
2026-10-06 08:32:38,425 INFO o.a.j.t.JMeterThread: Stopping because end time detected by thread: S2 1-393
2026-10-06 08:32:38,425 INFO o.a.j.t.JMeterThread: Thread finished: S2 1-393
2026-10-06 08:32:38,426 INFO o.a.j.t.JMeterThread: Stopping because end time detected by thread: S2 1-24
2026-10-06 08:32:38,426 INFO o.a.j.t.JMeterThread: Thread finished: S2 1-24
2026-10-06 08:32:38,435 INFO o.a.j.t.JMeterThread: Stopping because end time detected by thread: S2 1-90
2026-10-06 08:32:38,435 INFO o.a.j.t.JMeterThread: Thread finished: S2 1-90
2026-10-06 08:32:38,435 INFO o.a.j.t.JMeterThread: Stopping because end time detected by thread: S2 1-346
2026-10-06 08:32:38,435 INFO o.a.j.t.JMeterThread: Stopping because end time detected by thread: S2 1-265
2026-10-06 08:32:38,436 INFO o.a.j.t.JMeterThread: Thread finished: S2 1-346
2026-10-06 08:32:38,436 INFO o.a.j.t.JMeterThread: Thread finished: S2 1-265
2026-10-06 08:32:38,437 INFO o.a.j.t.JMeterThread: Stopping because end time detected by thread: S2 1-175
2026-10-06 08:32:38,437 INFO o.a.j.t.JMeterThread: Thread finished: S2 1-175
2026-10-06 08:32:38,445 INFO o.a.j.t.JMeterThread: Stopping because end time detected by thread: S2 1-117
2026-10-06 08:32:38,445 INFO o.a.j.t.JMeterThread: Stopping because end time detected by thread: S2 1-345
2026-10-06 08:32:38,445 INFO o.a.j.t.JMeterThread: Thread finished: S2 1-117
2026-10-06 08:32:38,445 INFO o.a.j.t.JMeterThread: Thread finished: S2 1-345
2026-10-06 08:32:38,446 INFO o.a.j.t.JMeterThread: Stopping because end time detected by thread: S2 1-303
2026-10-06 08:32:38,446 INFO o.a.j.t.JMeterThread: Thread finished: S2 1-303
2026-10-06 08:32:38,446 INFO o.a.j.t.JMeterThread: Stopping because end time detected by thread: S2 1-394
2026-10-06 08:32:38,446 INFO o.a.j.t.JMeterThread: Thread finished: S2 1-394
2026-10-06 08:32:38,455 INFO o.a.j.t.JMeterThread: Stopping because end time detected by thread: S2 1-42
2026-10-06 08:32:38,455 INFO o.a.j.t.JMeterThread: Thread finished: S2 1-42
2026-10-06 08:32:38,456 INFO o.a.j.t.JMeterThread: Stopping because end time detected by thread: S2 1-36
2026-10-06 08:32:38,456 INFO o.a.j.t.JMeterThread: Thread finished: S2 1-36
2026-10-06 08:32:38,456 INFO o.a.j.t.JMeterThread: Stopping because end time detected by thread: S2 1-202
2026-10-06 08:32:38,456 INFO o.a.j.t.JMeterThread: Thread finished: S2 1-202
2026-10-06 08:32:38,459 INFO o.a.j.t.JMeterThread: Stopping because end time detected by thread: S2 1-347
2026-10-06 08:32:38,459 INFO o.a.j.t.JMeterThread: Thread finished: S2 1-347
2026-10-06 08:32:38,466 INFO o.a.j.t.JMeterThread: Stopping because end time detected by thread: S2 1-174
2026-10-06 08:32:38,466 INFO o.a.j.t.JMeterThread: Thread finished: S2 1-174
2026-10-06 08:32:38,467 INFO o.a.j.t.JMeterThread: Stopping because end time detected by thread: S2 1-448
2026-10-06 08:32:38,467 INFO o.a.j.t.JMeterThread: Thread finished: S2 1-448
2026-10-06 08:32:38,467 INFO o.a.j.t.JMeterThread: Stopping because end time detected by thread: S2 1-134
2026-10-06 08:32:38,468 INFO o.a.j.t.JMeterThread: Thread finished: S2 1-134
2026-10-06 08:32:38,468 INFO o.a.j.t.JMeterThread: Stopping because end time detected by thread: S2 1-304
2026-10-06 08:32:38,468 INFO o.a.j.t.JMeterThread: Thread finished: S2 1-304
2026-10-06 08:32:38,476 INFO o.a.j.t.JMeterThread: Stopping because end time detected by thread: S2 1-103
2026-10-06 08:32:38,476 INFO o.a.j.t.JMeterThread: Thread finished: S2 1-103
2026-10-06 08:32:38,477 INFO o.a.j.t.JMeterThread: Stopping because end time detected by thread: S2 1-233
2026-10-06 08:32:38,478 INFO o.a.j.t.JMeterThread: Thread finished: S2 1-233
2026-10-06 08:32:38,479 INFO o.a.j.t.JMeterThread: Stopping because end time detected by thread: S2 1-203
2026-10-06 08:32:38,479 INFO o.a.j.t.JMeterThread: Thread finished: S2 1-203
2026-10-06 08:32:38,479 INFO o.a.j.t.JMeterThread: Stopping because end time detected by thread: S2 1-450
2026-10-06 08:32:38,479 INFO o.a.j.t.JMeterThread: Thread finished: S2 1-450
2026-10-06 08:32:38,487 INFO o.a.j.t.JMeterThread: Stopping because end time detected by thread: S2 1-449
2026-10-06 08:32:38,487 INFO o.a.j.t.JMeterThread: Thread finished: S2 1-449
2026-10-06 08:32:38,488 INFO o.a.j.t.JMeterThread: Stopping because end time detected by thread: S2 1-266
2026-10-06 08:32:38,488 INFO o.a.j.t.JMeterThread: Thread finished: S2 1-266
2026-10-06 08:32:38,489 INFO o.a.j.t.JMeterThread: Stopping because end time detected by thread: S2 1-153
2026-10-06 08:32:38,489 INFO o.a.j.t.JMeterThread: Stopping because end time detected by thread: S2 1-48
2026-10-06 08:32:38,489 INFO o.a.j.t.JMeterThread: Thread finished: S2 1-153
2026-10-06 08:32:38,489 INFO o.a.j.t.JMeterThread: Thread finished: S2 1-48
2026-10-06 08:32:38,497 INFO o.a.j.t.JMeterThread: Stopping because end time detected by thread: S2 1-395
2026-10-06 08:32:38,497 INFO o.a.j.t.JMeterThread: Thread finished: S2 1-395
2026-10-06 08:32:38,498 INFO o.a.j.t.JMeterThread: Stopping because end time detected by thread: S2 1-176
2026-10-06 08:32:38,498 INFO o.a.j.t.JMeterThread: Thread finished: S2 1-176
2026-10-06 08:32:38,498 INFO o.a.j.t.JMeterThread: Stopping because end time detected by thread: S2 1-91
2026-10-06 08:32:38,499 INFO o.a.j.t.JMeterThread: Thread finished: S2 1-91
2026-10-06 08:32:38,499 INFO o.a.j.t.JMeterThread: Stopping because end time detected by thread: S2 1-204
2026-10-06 08:32:38,499 INFO o.a.j.t.JMeterThread: Thread finished: S2 1-204
2026-10-06 08:32:38,508 INFO o.a.j.t.JMeterThread: Stopping because end time detected by thread: S2 1-305
2026-10-06 08:32:38,508 INFO o.a.j.t.JMeterThread: Thread finished: S2 1-305
2026-10-06 08:32:38,509 INFO o.a.j.t.JMeterThread: Stopping because end time detected by thread: S2 1-451
2026-10-06 08:32:38,509 INFO o.a.j.t.JMeterThread: Stopping because end time detected by thread: S2 1-6
2026-10-06 08:32:38,509 INFO o.a.j.t.JMeterThread: Thread finished: S2 1-451
2026-10-06 08:32:38,509 INFO o.a.j.t.JMeterThread: Thread finished: S2 1-6
2026-10-06 08:32:38,509 INFO o.a.j.t.JMeterThread: Stopping because end time detected by thread: S2 1-348
2026-10-06 08:32:38,509 INFO o.a.j.t.JMeterThread: Thread finished: S2 1-348
2026-10-06 08:32:38,518 INFO o.a.j.t.JMeterThread: Stopping because end time detected by thread: S2 1-396
2026-10-06 08:32:38,519 INFO o.a.j.t.JMeterThread: Thread finished: S2 1-396
2026-10-06 08:32:38,520 INFO o.a.j.t.JMeterThread: Stopping because end time detected by thread: S2 1-267
2026-10-06 08:32:38,520 INFO o.a.j.t.JMeterThread: Thread finished: S2 1-267
2026-10-06 08:32:38,520 INFO o.a.j.t.JMeterThread: Stopping because end time detected by thread: S2 1-135
2026-10-06 08:32:38,520 INFO o.a.j.t.JMeterThread: Thread finished: S2 1-135
2026-10-06 08:32:38,520 INFO o.a.j.t.JMeterThread: Stopping because end time detected by thread: S2 1-41
2026-10-06 08:32:38,520 INFO o.a.j.t.JMeterThread: Thread finished: S2 1-41
2026-10-06 08:32:38,530 INFO o.a.j.t.JMeterThread: Stopping because end time detected by thread: S2 1-10
2026-10-06 08:32:38,530 INFO o.a.j.t.JMeterThread: Thread finished: S2 1-10
2026-10-06 08:32:38,531 INFO o.a.j.t.JMeterThread: Stopping because end time detected by thread: S2 1-118
2026-10-06 08:32:38,531 INFO o.a.j.t.JMeterThread: Stopping because end time detected by thread: S2 1-397
2026-10-06 08:32:38,531 INFO o.a.j.t.JMeterThread: Thread finished: S2 1-118
2026-10-06 08:32:38,531 INFO o.a.j.t.JMeterThread: Thread finished: S2 1-397
2026-10-06 08:32:38,531 INFO o.a.j.t.JMeterThread: Stopping because end time detected by thread: S2 1-452
2026-10-06 08:32:38,531 INFO o.a.j.t.JMeterThread: Thread finished: S2 1-452
2026-10-06 08:32:38,540 INFO o.a.j.t.JMeterThread: Stopping because end time detected by thread: S2 1-349
2026-10-06 08:32:38,540 INFO o.a.j.t.JMeterThread: Thread finished: S2 1-349
2026-10-06 08:32:38,541 INFO o.a.j.t.JMeterThread: Stopping because end time detected by thread: S2 1-268
2026-10-06 08:32:38,541 INFO o.a.j.t.JMeterThread: Stopping because end time detected by thread: S2 1-154
2026-10-06 08:32:38,541 INFO o.a.j.t.JMeterThread: Stopping because end time detected by thread: S2 1-234
2026-10-06 08:32:38,541 INFO o.a.j.t.JMeterThread: Thread finished: S2 1-268
2026-10-06 08:32:38,541 INFO o.a.j.t.JMeterThread: Thread finished: S2 1-154
2026-10-06 08:32:38,541 INFO o.a.j.t.JMeterThread: Thread finished: S2 1-234
2026-10-06 08:32:38,550 INFO o.a.j.t.JMeterThread: Stopping because end time detected by thread: S2 1-205
2026-10-06 08:32:38,550 INFO o.a.j.t.JMeterThread: Thread finished: S2 1-205
2026-10-06 08:32:38,551 INFO o.a.j.t.JMeterThread: Stopping because end time detected by thread: S2 1-306
2026-10-06 08:32:38,551 INFO o.a.j.t.JMeterThread: Stopping because end time detected by thread: S2 1-235
2026-10-06 08:32:38,551 INFO o.a.j.t.JMeterThread: Thread finished: S2 1-306
2026-10-06 08:32:38,551 INFO o.a.j.t.JMeterThread: Thread finished: S2 1-235
2026-10-06 08:32:38,551 INFO o.a.j.t.JMeterThread: Stopping because end time detected by thread: S2 1-28
2026-10-06 08:32:38,551 INFO o.a.j.t.JMeterThread: Thread finished: S2 1-28
2026-10-06 08:32:38,561 INFO o.a.j.t.JMeterThread: Stopping because end time detected by thread: S2 1-453
2026-10-06 08:32:38,561 INFO o.a.j.t.JMeterThread: Thread finished: S2 1-453
2026-10-06 08:32:38,562 INFO o.a.j.t.JMeterThread: Stopping because end time detected by thread: S2 1-398
2026-10-06 08:32:38,562 INFO o.a.j.t.JMeterThread: Thread finished: S2 1-398
2026-10-06 08:32:38,562 INFO o.a.j.t.JMeterThread: Stopping because end time detected by thread: S2 1-25
2026-10-06 08:32:38,562 INFO o.a.j.t.JMeterThread: Thread finished: S2 1-25
2026-10-06 08:32:38,562 INFO o.a.j.t.JMeterThread: Stopping because end time detected by thread: S2 1-177
2026-10-06 08:32:38,562 INFO o.a.j.t.JMeterThread: Thread finished: S2 1-177
2026-10-06 08:32:38,572 INFO o.a.j.t.JMeterThread: Stopping because end time detected by thread: S2 1-80
2026-10-06 08:32:38,572 INFO o.a.j.t.JMeterThread: Thread finished: S2 1-80
2026-10-06 08:32:38,573 INFO o.a.j.t.JMeterThread: Stopping because end time detected by thread: S2 1-350
2026-10-06 08:32:38,574 INFO o.a.j.t.JMeterThread: Stopping because end time detected by thread: S2 1-119
2026-10-06 08:32:38,574 INFO o.a.j.t.JMeterThread: Thread finished: S2 1-350
2026-10-06 08:32:38,574 INFO o.a.j.t.JMeterThread: Thread finished: S2 1-119
2026-10-06 08:32:38,574 INFO o.a.j.t.JMeterThread: Stopping because end time detected by thread: S2 1-104
2026-10-06 08:32:38,574 INFO o.a.j.t.JMeterThread: Thread finished: S2 1-104
2026-10-06 08:32:38,583 INFO o.a.j.t.JMeterThread: Stopping because end time detected by thread: S2 1-269
2026-10-06 08:32:38,583 INFO o.a.j.t.JMeterThread: Thread finished: S2 1-269
2026-10-06 08:32:38,584 INFO o.a.j.t.JMeterThread: Stopping because end time detected by thread: S2 1-20
2026-10-06 08:32:38,584 INFO o.a.j.t.JMeterThread: Thread finished: S2 1-20
2026-10-06 08:32:38,585 INFO o.a.j.t.JMeterThread: Stopping because end time detected by thread: S2 1-307
2026-10-06 08:32:38,585 INFO o.a.j.t.JMeterThread: Thread finished: S2 1-307
2026-10-06 08:32:38,585 INFO o.a.j.t.JMeterThread: Stopping because end time detected by thread: S2 1-454
2026-10-06 08:32:38,585 INFO o.a.j.t.JMeterThread: Thread finished: S2 1-454
2026-10-06 08:32:38,595 INFO o.a.j.t.JMeterThread: Stopping because end time detected by thread: S2 1-400
2026-10-06 08:32:38,595 INFO o.a.j.t.JMeterThread: Stopping because end time detected by thread: S2 1-179
2026-10-06 08:32:38,595 INFO o.a.j.t.JMeterThread: Thread finished: S2 1-400
2026-10-06 08:32:38,595 INFO o.a.j.t.JMeterThread: Thread finished: S2 1-179
2026-10-06 08:32:38,596 INFO o.a.j.t.JMeterThread: Stopping because end time detected by thread: S2 1-236
2026-10-06 08:32:38,596 INFO o.a.j.t.JMeterThread: Thread finished: S2 1-236
2026-10-06 08:32:38,596 INFO o.a.j.t.JMeterThread: Stopping because end time detected by thread: S2 1-399
2026-10-06 08:32:38,596 INFO o.a.j.t.JMeterThread: Thread finished: S2 1-399
2026-10-06 08:32:38,606 INFO o.a.j.t.JMeterThread: Stopping because end time detected by thread: S2 1-14
2026-10-06 08:32:38,606 INFO o.a.j.t.JMeterThread: Thread finished: S2 1-14
2026-10-06 08:32:38,607 INFO o.a.j.t.JMeterThread: Stopping because end time detected by thread: S2 1-178
2026-10-06 08:32:38,607 INFO o.a.j.t.JMeterThread: Stopping because end time detected by thread: S2 1-455
2026-10-06 08:32:38,607 INFO o.a.j.t.JMeterThread: Stopping because end time detected by thread: S2 1-351
2026-10-06 08:32:38,607 INFO o.a.j.t.JMeterThread: Thread finished: S2 1-178
2026-10-06 08:32:38,608 INFO o.a.j.t.JMeterThread: Thread finished: S2 1-455
2026-10-06 08:32:38,608 INFO o.a.j.t.JMeterThread: Thread finished: S2 1-351
2026-10-06 08:32:38,619 INFO o.a.j.t.JMeterThread: Stopping because end time detected by thread: S2 1-136
2026-10-06 08:32:38,619 INFO o.a.j.t.JMeterThread: Thread finished: S2 1-136
2026-10-06 08:32:38,620 INFO o.a.j.t.JMeterThread: Stopping because end time detected by thread: S2 1-308
2026-10-06 08:32:38,620 INFO o.a.j.t.JMeterThread: Stopping because end time detected by thread: S2 1-56
2026-10-06 08:32:38,620 INFO o.a.j.t.JMeterThread: Thread finished: S2 1-308
2026-10-06 08:32:38,620 INFO o.a.j.t.JMeterThread: Thread finished: S2 1-56
2026-10-06 08:32:38,620 INFO o.a.j.t.JMeterThread: Stopping because end time detected by thread: S2 1-352
2026-10-06 08:32:38,620 INFO o.a.j.t.JMeterThread: Thread finished: S2 1-352
2026-10-06 08:32:38,630 INFO o.a.j.t.JMeterThread: Stopping because end time detected by thread: S2 1-155
2026-10-06 08:32:38,630 INFO o.a.j.t.JMeterThread: Thread finished: S2 1-155
2026-10-06 08:32:38,631 INFO o.a.j.t.JMeterThread: Stopping because end time detected by thread: S2 1-237
2026-10-06 08:32:38,631 INFO o.a.j.t.JMeterThread: Stopping because end time detected by thread: S2 1-206
2026-10-06 08:32:38,631 INFO o.a.j.t.JMeterThread: Thread finished: S2 1-237
2026-10-06 08:32:38,631 INFO o.a.j.t.JMeterThread: Thread finished: S2 1-206
2026-10-06 08:32:38,631 INFO o.a.j.t.JMeterThread: Stopping because end time detected by thread: S2 1-353
2026-10-06 08:32:38,631 INFO o.a.j.t.JMeterThread: Thread finished: S2 1-353
2026-10-06 08:32:38,642 INFO o.a.j.t.JMeterThread: Stopping because end time detected by thread: S2 1-309
2026-10-06 08:32:38,642 INFO o.a.j.t.JMeterThread: Thread finished: S2 1-309
2026-10-06 08:32:38,643 INFO o.a.j.t.JMeterThread: Stopping because end time detected by thread: S2 1-456
2026-10-06 08:32:38,643 INFO o.a.j.t.JMeterThread: Stopping because end time detected by thread: S2 1-64
2026-10-06 08:32:38,643 INFO o.a.j.t.JMeterThread: Thread finished: S2 1-456
2026-10-06 08:32:38,643 INFO o.a.j.t.JMeterThread: Thread finished: S2 1-64
2026-10-06 08:32:38,643 INFO o.a.j.t.JMeterThread: Stopping because end time detected by thread: S2 1-207
2026-10-06 08:32:38,643 INFO o.a.j.t.JMeterThread: Thread finished: S2 1-207
2026-10-06 08:32:38,653 INFO o.a.j.t.JMeterThread: Stopping because end time detected by thread: S2 1-21
2026-10-06 08:32:38,653 INFO o.a.j.t.JMeterThread: Thread finished: S2 1-21
2026-10-06 08:32:38,655 INFO o.a.j.t.JMeterThread: Stopping because end time detected by thread: S2 1-270
2026-10-06 08:32:38,655 INFO o.a.j.t.JMeterThread: Stopping because end time detected by thread: S2 1-92
2026-10-06 08:32:38,655 INFO o.a.j.t.JMeterThread: Stopping because end time detected by thread: S2 1-62
2026-10-06 08:32:38,655 INFO o.a.j.t.JMeterThread: Thread finished: S2 1-270
2026-10-06 08:32:38,655 INFO o.a.j.t.JMeterThread: Thread finished: S2 1-92
2026-10-06 08:32:38,655 INFO o.a.j.t.JMeterThread: Thread finished: S2 1-62
2026-10-06 08:32:38,665 INFO o.a.j.t.JMeterThread: Stopping because end time detected by thread: S2 1-457
2026-10-06 08:32:38,665 INFO o.a.j.t.JMeterThread: Thread finished: S2 1-457
2026-10-06 08:32:38,666 INFO o.a.j.t.JMeterThread: Stopping because end time detected by thread: S2 1-137
2026-10-06 08:32:38,666 INFO o.a.j.t.JMeterThread: Thread finished: S2 1-137
2026-10-06 08:32:38,666 INFO o.a.j.t.JMeterThread: Stopping because end time detected by thread: S2 1-401
2026-10-06 08:32:38,666 INFO o.a.j.t.JMeterThread: Thread finished: S2 1-401
2026-10-06 08:32:38,667 INFO o.a.j.t.JMeterThread: Stopping because end time detected by thread: S2 1-354
2026-10-06 08:32:38,667 INFO o.a.j.t.JMeterThread: Thread finished: S2 1-354
2026-10-06 08:32:38,676 INFO o.a.j.t.JMeterThread: Stopping because end time detected by thread: S2 1-402
2026-10-06 08:32:38,676 INFO o.a.j.t.JMeterThread: Thread finished: S2 1-402
2026-10-06 08:32:38,677 INFO o.a.j.t.JMeterThread: Stopping because end time detected by thread: S2 1-120
2026-10-06 08:32:38,677 INFO o.a.j.t.JMeterThread: Thread finished: S2 1-120
2026-10-06 08:32:38,677 INFO o.a.j.t.JMeterThread: Stopping because end time detected by thread: S2 1-180
2026-10-06 08:32:38,677 INFO o.a.j.t.JMeterThread: Thread finished: S2 1-180
2026-10-06 08:32:38,678 INFO o.a.j.t.JMeterThread: Stopping because end time detected by thread: S2 1-271
2026-10-06 08:32:38,678 INFO o.a.j.t.JMeterThread: Thread finished: S2 1-271
2026-10-06 08:32:38,687 INFO o.a.j.t.JMeterThread: Stopping because end time detected by thread: S2 1-63
2026-10-06 08:32:38,688 INFO o.a.j.t.JMeterThread: Thread finished: S2 1-63
2026-10-06 08:32:38,688 INFO o.a.j.t.JMeterThread: Stopping because end time detected by thread: S2 1-460
2026-10-06 08:32:38,688 INFO o.a.j.t.JMeterThread: Stopping because end time detected by thread: S2 1-459
2026-10-06 08:32:38,688 INFO o.a.j.t.JMeterThread: Thread finished: S2 1-460
2026-10-06 08:32:38,688 INFO o.a.j.t.JMeterThread: Thread finished: S2 1-459
2026-10-06 08:32:38,688 INFO o.a.j.t.JMeterThread: Stopping because end time detected by thread: S2 1-458
2026-10-06 08:32:38,689 INFO o.a.j.t.JMeterThread: Thread finished: S2 1-458
2026-10-06 08:32:38,698 INFO o.a.j.t.JMeterThread: Stopping because end time detected by thread: S2 1-311
2026-10-06 08:32:38,698 INFO o.a.j.t.JMeterThread: Thread finished: S2 1-311
2026-10-06 08:32:38,699 INFO o.a.j.t.JMeterThread: Stopping because end time detected by thread: S2 1-18
2026-10-06 08:32:38,699 INFO o.a.j.t.JMeterThread: Stopping because end time detected by thread: S2 1-310
2026-10-06 08:32:38,700 INFO o.a.j.t.JMeterThread: Thread finished: S2 1-18
2026-10-06 08:32:38,700 INFO o.a.j.t.JMeterThread: Thread finished: S2 1-310
2026-10-06 08:32:38,700 INFO o.a.j.t.JMeterThread: Stopping because end time detected by thread: S2 1-208
2026-10-06 08:32:38,700 INFO o.a.j.t.JMeterThread: Thread finished: S2 1-208
2026-10-06 08:32:38,709 INFO o.a.j.t.JMeterThread: Stopping because end time detected by thread: S2 1-105
2026-10-06 08:32:38,709 INFO o.a.j.t.JMeterThread: Thread finished: S2 1-105
2026-10-06 08:32:38,710 INFO o.a.j.t.JMeterThread: Stopping because end time detected by thread: S2 1-156
2026-10-06 08:32:38,710 INFO o.a.j.t.JMeterThread: Stopping because end time detected by thread: S2 1-272
2026-10-06 08:32:38,710 INFO o.a.j.t.JMeterThread: Thread finished: S2 1-156
2026-10-06 08:32:38,710 INFO o.a.j.t.JMeterThread: Thread finished: S2 1-272
2026-10-06 08:32:38,710 INFO o.a.j.t.JMeterThread: Stopping because end time detected by thread: S2 1-81
2026-10-06 08:32:38,710 INFO o.a.j.t.JMeterThread: Thread finished: S2 1-81
2026-10-06 08:32:38,720 INFO o.a.j.t.JMeterThread: Stopping because end time detected by thread: S2 1-238
2026-10-06 08:32:38,720 INFO o.a.j.t.JMeterThread: Thread finished: S2 1-238
2026-10-06 08:32:38,721 INFO o.a.j.t.JMeterThread: Stopping because end time detected by thread: S2 1-355
2026-10-06 08:32:38,721 INFO o.a.j.t.JMeterThread: Stopping because end time detected by thread: S2 1-12
2026-10-06 08:32:38,721 INFO o.a.j.t.JMeterThread: Thread finished: S2 1-355
2026-10-06 08:32:38,721 INFO o.a.j.t.JMeterThread: Stopping because end time detected by thread: S2 1-181
2026-10-06 08:32:38,721 INFO o.a.j.t.JMeterThread: Thread finished: S2 1-12
2026-10-06 08:32:38,721 INFO o.a.j.t.JMeterThread: Thread finished: S2 1-181
2026-10-06 08:32:38,731 INFO o.a.j.t.JMeterThread: Stopping because end time detected by thread: S2 1-403
2026-10-06 08:32:38,731 INFO o.a.j.t.JMeterThread: Thread finished: S2 1-403
2026-10-06 08:32:38,732 INFO o.a.j.t.JMeterThread: Stopping because end time detected by thread: S2 1-55
2026-10-06 08:32:38,732 INFO o.a.j.t.JMeterThread: Stopping because end time detected by thread: S2 1-404
2026-10-06 08:32:38,733 INFO o.a.j.t.JMeterThread: Thread finished: S2 1-55
2026-10-06 08:32:38,733 INFO o.a.j.t.JMeterThread: Thread finished: S2 1-404
2026-10-06 08:32:38,733 INFO o.a.j.t.JMeterThread: Stopping because end time detected by thread: S2 1-239
2026-10-06 08:32:38,733 INFO o.a.j.t.JMeterThread: Thread finished: S2 1-239
2026-10-06 08:32:38,743 INFO o.a.j.t.JMeterThread: Stopping because end time detected by thread: S2 1-209
2026-10-06 08:32:38,743 INFO o.a.j.t.JMeterThread: Thread finished: S2 1-209
2026-10-06 08:32:38,744 INFO o.a.j.t.JMeterThread: Stopping because end time detected by thread: S2 1-313
2026-10-06 08:32:38,744 INFO o.a.j.t.JMeterThread: Stopping because end time detected by thread: S2 1-106
2026-10-06 08:32:38,744 INFO o.a.j.t.JMeterThread: Thread finished: S2 1-313
2026-10-06 08:32:38,744 INFO o.a.j.t.JMeterThread: Stopping because end time detected by thread: S2 1-312
2026-10-06 08:32:38,744 INFO o.a.j.t.JMeterThread: Thread finished: S2 1-106
2026-10-06 08:32:38,745 INFO o.a.j.t.JMeterThread: Thread finished: S2 1-312
2026-10-06 08:32:38,754 INFO o.a.j.t.JMeterThread: Stopping because end time detected by thread: S2 1-461
2026-10-06 08:32:38,754 INFO o.a.j.t.JMeterThread: Thread finished: S2 1-461
2026-10-06 08:32:38,755 INFO o.a.j.t.JMeterThread: Stopping because end time detected by thread: S2 1-158
2026-10-06 08:32:38,755 INFO o.a.j.t.JMeterThread: Thread finished: S2 1-158
2026-10-06 08:32:38,756 INFO o.a.j.t.JMeterThread: Stopping because end time detected by thread: S2 1-405
2026-10-06 08:32:38,756 INFO o.a.j.t.JMeterThread: Thread finished: S2 1-405
2026-10-06 08:32:38,756 INFO o.a.j.t.JMeterThread: Stopping because end time detected by thread: S2 1-356
2026-10-06 08:32:38,756 INFO o.a.j.t.JMeterThread: Thread finished: S2 1-356
2026-10-06 08:32:38,765 INFO o.a.j.t.JMeterThread: Stopping because end time detected by thread: S2 1-157
2026-10-06 08:32:38,765 INFO o.a.j.t.JMeterThread: Stopping because end time detected by thread: S2 1-8
2026-10-06 08:32:38,766 INFO o.a.j.t.JMeterThread: Thread finished: S2 1-157
2026-10-06 08:32:38,766 INFO o.a.j.t.JMeterThread: Thread finished: S2 1-8
2026-10-06 08:32:38,767 INFO o.a.j.t.JMeterThread: Stopping because end time detected by thread: S2 1-138
2026-10-06 08:32:38,767 INFO o.a.j.t.JMeterThread: Thread finished: S2 1-138
2026-10-06 08:32:38,772 INFO o.a.j.t.JMeterThread: Stopping because end time detected by thread: S2 1-357
2026-10-06 08:32:38,772 INFO o.a.j.t.JMeterThread: Thread finished: S2 1-357
2026-10-06 08:32:38,778 INFO o.a.j.t.JMeterThread: Stopping because end time detected by thread: S2 1-314
2026-10-06 08:32:38,778 INFO o.a.j.t.JMeterThread: Thread finished: S2 1-314
2026-10-06 08:32:38,779 INFO o.a.j.t.JMeterThread: Stopping because end time detected by thread: S2 1-182
2026-10-06 08:32:38,779 INFO o.a.j.t.JMeterThread: Thread finished: S2 1-182
2026-10-06 08:32:38,779 INFO o.a.j.t.JMeterThread: Stopping because end time detected by thread: S2 1-183
2026-10-06 08:32:38,779 INFO o.a.j.t.JMeterThread: Thread finished: S2 1-183
2026-10-06 08:32:38,779 INFO o.a.j.t.JMeterThread: Stopping because end time detected by thread: S2 1-463
2026-10-06 08:32:38,779 INFO o.a.j.t.JMeterThread: Thread finished: S2 1-463
2026-10-06 08:32:38,789 INFO o.a.j.t.JMeterThread: Stopping because end time detected by thread: S2 1-93
2026-10-06 08:32:38,789 INFO o.a.j.t.JMeterThread: Thread finished: S2 1-93
2026-10-06 08:32:38,790 INFO o.a.j.t.JMeterThread: Stopping because end time detected by thread: S2 1-406
2026-10-06 08:32:38,790 INFO o.a.j.t.JMeterThread: Stopping because end time detected by thread: S2 1-464
2026-10-06 08:32:38,790 INFO o.a.j.t.JMeterThread: Thread finished: S2 1-406
2026-10-06 08:32:38,790 INFO o.a.j.t.JMeterThread: Thread finished: S2 1-464
2026-10-06 08:32:38,791 INFO o.a.j.t.JMeterThread: Stopping because end time detected by thread: S2 1-240
2026-10-06 08:32:38,791 INFO o.a.j.t.JMeterThread: Thread finished: S2 1-240
2026-10-06 08:32:38,800 INFO o.a.j.t.JMeterThread: Stopping because end time detected by thread: S2 1-462
2026-10-06 08:32:38,800 INFO o.a.j.t.JMeterThread: Thread finished: S2 1-462
2026-10-06 08:32:38,801 INFO o.a.j.t.JMeterThread: Stopping because end time detected by thread: S2 1-358
2026-10-06 08:32:38,801 INFO o.a.j.t.JMeterThread: Stopping because end time detected by thread: S2 1-273
2026-10-06 08:32:38,801 INFO o.a.j.t.JMeterThread: Thread finished: S2 1-358
2026-10-06 08:32:38,801 INFO o.a.j.t.JMeterThread: Thread finished: S2 1-273
2026-10-06 08:32:38,801 INFO o.a.j.t.JMeterThread: Stopping because end time detected by thread: S2 1-359
2026-10-06 08:32:38,801 INFO o.a.j.t.JMeterThread: Thread finished: S2 1-359
2026-10-06 08:32:38,810 INFO o.a.j.t.JMeterThread: Stopping because end time detected by thread: S2 1-121
2026-10-06 08:32:38,811 INFO o.a.j.t.JMeterThread: Thread finished: S2 1-121
2026-10-06 08:32:38,812 INFO o.a.j.t.JMeterThread: Stopping because end time detected by thread: S2 1-274
2026-10-06 08:32:38,812 INFO o.a.j.t.JMeterThread: Thread finished: S2 1-274
2026-10-06 08:32:38,812 INFO o.a.j.t.JMeterThread: Stopping because end time detected by thread: S2 1-241
2026-10-06 08:32:38,812 INFO o.a.j.t.JMeterThread: Stopping because end time detected by thread: S2 1-210
2026-10-06 08:32:38,812 INFO o.a.j.t.JMeterThread: Thread finished: S2 1-241
2026-10-06 08:32:38,812 INFO o.a.j.t.JMeterThread: Thread finished: S2 1-210
2026-10-06 08:32:38,822 INFO o.a.j.t.JMeterThread: Stopping because end time detected by thread: S2 1-407
2026-10-06 08:32:38,822 INFO o.a.j.t.JMeterThread: Thread finished: S2 1-407
2026-10-06 08:32:38,823 INFO o.a.j.t.JMeterThread: Stopping because end time detected by thread: S2 1-72
2026-10-06 08:32:38,823 INFO o.a.j.t.JMeterThread: Thread finished: S2 1-72
2026-10-06 08:32:38,823 INFO o.a.j.t.JMeterThread: Stopping because end time detected by thread: S2 1-315
2026-10-06 08:32:38,823 INFO o.a.j.t.JMeterThread: Stopping because end time detected by thread: S2 1-211
2026-10-06 08:32:38,823 INFO o.a.j.t.JMeterThread: Thread finished: S2 1-315
2026-10-06 08:32:38,823 INFO o.a.j.t.JMeterThread: Thread finished: S2 1-211
2026-10-06 08:32:38,833 INFO o.a.j.t.JMeterThread: Stopping because end time detected by thread: S2 1-184
2026-10-06 08:32:38,833 INFO o.a.j.t.JMeterThread: Thread finished: S2 1-184
2026-10-06 08:32:38,834 INFO o.a.j.t.JMeterThread: Stopping because end time detected by thread: S2 1-275
2026-10-06 08:32:38,834 INFO o.a.j.t.JMeterThread: Stopping because end time detected by thread: S2 1-43
2026-10-06 08:32:38,834 INFO o.a.j.t.JMeterThread: Thread finished: S2 1-275
2026-10-06 08:32:38,834 INFO o.a.j.t.JMeterThread: Thread finished: S2 1-43
2026-10-06 08:32:38,834 INFO o.a.j.t.JMeterThread: Stopping because end time detected by thread: S2 1-316
2026-10-06 08:32:38,834 INFO o.a.j.t.JMeterThread: Thread finished: S2 1-316
2026-10-06 08:32:38,844 INFO o.a.j.t.JMeterThread: Stopping because end time detected by thread: S2 1-408
2026-10-06 08:32:38,844 INFO o.a.j.t.JMeterThread: Thread finished: S2 1-408
2026-10-06 08:32:38,845 INFO o.a.j.t.JMeterThread: Stopping because end time detected by thread: S2 1-139
2026-10-06 08:32:38,845 INFO o.a.j.t.JMeterThread: Thread finished: S2 1-139
2026-10-06 08:32:38,845 INFO o.a.j.t.JMeterThread: Stopping because end time detected by thread: S2 1-466
2026-10-06 08:32:38,845 INFO o.a.j.t.JMeterThread: Thread finished: S2 1-466
2026-10-06 08:32:38,846 INFO o.a.j.t.JMeterThread: Stopping because end time detected by thread: S2 1-37
2026-10-06 08:32:38,846 INFO o.a.j.t.JMeterThread: Thread finished: S2 1-37
2026-10-06 08:32:38,855 INFO o.a.j.t.JMeterThread: Stopping because end time detected by thread: S2 1-107
2026-10-06 08:32:38,855 INFO o.a.j.t.JMeterThread: Thread finished: S2 1-107
2026-10-06 08:32:38,856 INFO o.a.j.t.JMeterThread: Stopping because end time detected by thread: S2 1-9
2026-10-06 08:32:38,856 INFO o.a.j.t.JMeterThread: Thread finished: S2 1-9
2026-10-06 08:32:38,856 INFO o.a.j.t.JMeterThread: Stopping because end time detected by thread: S2 1-65
2026-10-06 08:32:38,856 INFO o.a.j.t.JMeterThread: Thread finished: S2 1-65
2026-10-06 08:32:38,856 INFO o.a.j.t.JMeterThread: Stopping because end time detected by thread: S2 1-360
2026-10-06 08:32:38,856 INFO o.a.j.t.JMeterThread: Thread finished: S2 1-360
2026-10-06 08:32:38,866 INFO o.a.j.t.JMeterThread: Stopping because end time detected by thread: S2 1-465
2026-10-06 08:32:38,866 INFO o.a.j.t.JMeterThread: Thread finished: S2 1-465
2026-10-06 08:32:38,867 INFO o.a.j.t.JMeterThread: Stopping because end time detected by thread: S2 1-409
2026-10-06 08:32:38,867 INFO o.a.j.t.JMeterThread: Thread finished: S2 1-409
2026-10-06 08:32:38,867 INFO o.a.j.t.JMeterThread: Stopping because end time detected by thread: S2 1-242
2026-10-06 08:32:38,867 INFO o.a.j.t.JMeterThread: Stopping because end time detected by thread: S2 1-49
2026-10-06 08:32:38,868 INFO o.a.j.t.JMeterThread: Thread finished: S2 1-242
2026-10-06 08:32:38,868 INFO o.a.j.t.JMeterThread: Thread finished: S2 1-49
2026-10-06 08:32:38,876 INFO o.a.j.t.JMeterThread: Stopping because end time detected by thread: S2 1-467
2026-10-06 08:32:38,876 INFO o.a.j.t.JMeterThread: Thread finished: S2 1-467
2026-10-06 08:32:38,877 INFO o.a.j.t.JMeterThread: Stopping because end time detected by thread: S2 1-276
2026-10-06 08:32:38,878 INFO o.a.j.t.JMeterThread: Thread finished: S2 1-276
2026-10-06 08:32:38,878 INFO o.a.j.t.JMeterThread: Stopping because end time detected by thread: S2 1-82
2026-10-06 08:32:38,878 INFO o.a.j.t.JMeterThread: Thread finished: S2 1-82
2026-10-06 08:32:38,878 INFO o.a.j.t.JMeterThread: Stopping because end time detected by thread: S2 1-159
2026-10-06 08:32:38,878 INFO o.a.j.t.JMeterThread: Thread finished: S2 1-159
2026-10-06 08:32:38,887 INFO o.a.j.t.JMeterThread: Stopping because end time detected by thread: S2 1-94
2026-10-06 08:32:38,887 INFO o.a.j.t.JMeterThread: Thread finished: S2 1-94
2026-10-06 08:32:38,889 INFO o.a.j.t.JMeterThread: Stopping because end time detected by thread: S2 1-317
2026-10-06 08:32:38,889 INFO o.a.j.t.JMeterThread: Stopping because end time detected by thread: S2 1-277
2026-10-06 08:32:38,889 INFO o.a.j.t.JMeterThread: Thread finished: S2 1-317
2026-10-06 08:32:38,889 INFO o.a.j.t.JMeterThread: Thread finished: S2 1-277
2026-10-06 08:32:38,889 INFO o.a.j.t.JMeterThread: Stopping because end time detected by thread: S2 1-318
2026-10-06 08:32:38,889 INFO o.a.j.t.JMeterThread: Thread finished: S2 1-318
2026-10-06 08:32:38,899 INFO o.a.j.t.JMeterThread: Stopping because end time detected by thread: S2 1-83
2026-10-06 08:32:38,900 INFO o.a.j.t.JMeterThread: Thread finished: S2 1-83
2026-10-06 08:32:38,900 INFO o.a.j.t.JMeterThread: Stopping because end time detected by thread: S2 1-410
2026-10-06 08:32:38,900 INFO o.a.j.t.JMeterThread: Stopping because end time detected by thread: S2 1-361
2026-10-06 08:32:38,900 INFO o.a.j.t.JMeterThread: Thread finished: S2 1-410
2026-10-06 08:32:38,900 INFO o.a.j.t.JMeterThread: Thread finished: S2 1-361
2026-10-06 08:32:38,901 INFO o.a.j.t.JMeterThread: Stopping because end time detected by thread: S2 1-185
2026-10-06 08:32:38,901 INFO o.a.j.t.JMeterThread: Thread finished: S2 1-185
2026-10-06 08:32:38,910 INFO o.a.j.t.JMeterThread: Stopping because end time detected by thread: S2 1-212
2026-10-06 08:32:38,910 INFO o.a.j.t.JMeterThread: Thread finished: S2 1-212
2026-10-06 08:32:38,912 INFO o.a.j.t.JMeterThread: Stopping because end time detected by thread: S2 1-411
2026-10-06 08:32:38,912 INFO o.a.j.t.JMeterThread: Stopping because end time detected by thread: S2 1-186
2026-10-06 08:32:38,912 INFO o.a.j.t.JMeterThread: Thread finished: S2 1-411
2026-10-06 08:32:38,912 INFO o.a.j.t.JMeterThread: Thread finished: S2 1-186
2026-10-06 08:32:38,912 INFO o.a.j.t.JMeterThread: Stopping because end time detected by thread: S2 1-319
2026-10-06 08:32:38,912 INFO o.a.j.t.JMeterThread: Thread finished: S2 1-319
2026-10-06 08:32:38,921 INFO o.a.j.t.JMeterThread: Stopping because end time detected by thread: S2 1-122
2026-10-06 08:32:38,922 INFO o.a.j.t.JMeterThread: Thread finished: S2 1-122
2026-10-06 08:32:38,923 INFO o.a.j.t.JMeterThread: Stopping because end time detected by thread: S2 1-95
2026-10-06 08:32:38,923 INFO o.a.j.t.JMeterThread: Stopping because end time detected by thread: S2 1-412
2026-10-06 08:32:38,923 INFO o.a.j.t.JMeterThread: Thread finished: S2 1-95
2026-10-06 08:32:38,923 INFO o.a.j.t.JMeterThread: Thread finished: S2 1-412
2026-10-06 08:32:38,923 INFO o.a.j.t.JMeterThread: Stopping because end time detected by thread: S2 1-468
2026-10-06 08:32:38,923 INFO o.a.j.t.JMeterThread: Thread finished: S2 1-468
2026-10-06 08:32:38,932 INFO o.a.j.t.JMeterThread: Stopping because end time detected by thread: S2 1-470
2026-10-06 08:32:38,932 INFO o.a.j.t.JMeterThread: Thread finished: S2 1-470
2026-10-06 08:32:38,933 INFO o.a.j.t.JMeterThread: Stopping because end time detected by thread: S2 1-278
2026-10-06 08:32:38,933 INFO o.a.j.t.JMeterThread: Stopping because end time detected by thread: S2 1-243
2026-10-06 08:32:38,933 INFO o.a.j.t.JMeterThread: Thread finished: S2 1-278
2026-10-06 08:32:38,933 INFO o.a.j.t.JMeterThread: Stopping because end time detected by thread: S2 1-469
2026-10-06 08:32:38,933 INFO o.a.j.t.JMeterThread: Thread finished: S2 1-243
2026-10-06 08:32:38,933 INFO o.a.j.t.JMeterThread: Thread finished: S2 1-469
2026-10-06 08:32:38,943 INFO o.a.j.t.JMeterThread: Stopping because end time detected by thread: S2 1-140
2026-10-06 08:32:38,943 INFO o.a.j.t.JMeterThread: Thread finished: S2 1-140
2026-10-06 08:32:38,944 INFO o.a.j.t.JMeterThread: Stopping because end time detected by thread: S2 1-123
2026-10-06 08:32:38,944 INFO o.a.j.t.JMeterThread: Stopping because end time detected by thread: S2 1-362
2026-10-06 08:32:38,944 INFO o.a.j.t.JMeterThread: Thread finished: S2 1-123
2026-10-06 08:32:38,944 INFO o.a.j.t.JMeterThread: Thread finished: S2 1-362
2026-10-06 08:32:38,944 INFO o.a.j.t.JMeterThread: Stopping because end time detected by thread: S2 1-363
2026-10-06 08:32:38,944 INFO o.a.j.t.JMeterThread: Thread finished: S2 1-363
2026-10-06 08:32:38,954 INFO o.a.j.t.JMeterThread: Stopping because end time detected by thread: S2 1-160
2026-10-06 08:32:38,954 INFO o.a.j.t.JMeterThread: Thread finished: S2 1-160
2026-10-06 08:32:38,955 INFO o.a.j.t.JMeterThread: Stopping because end time detected by thread: S2 1-320
2026-10-06 08:32:38,955 INFO o.a.j.t.JMeterThread: Thread finished: S2 1-320
2026-10-06 08:32:38,955 INFO o.a.j.t.JMeterThread: Stopping because end time detected by thread: S2 1-213
2026-10-06 08:32:38,955 INFO o.a.j.t.JMeterThread: Stopping because end time detected by thread: S2 1-244
2026-10-06 08:32:38,955 INFO o.a.j.t.JMeterThread: Thread finished: S2 1-213
2026-10-06 08:32:38,955 INFO o.a.j.t.JMeterThread: Thread finished: S2 1-244
2026-10-06 08:32:38,966 INFO o.a.j.t.JMeterThread: Stopping because end time detected by thread: S2 1-471
2026-10-06 08:32:38,966 INFO o.a.j.t.JMeterThread: Thread finished: S2 1-471
2026-10-06 08:32:38,967 INFO o.a.j.t.JMeterThread: Stopping because end time detected by thread: S2 1-472
2026-10-06 08:32:38,967 INFO o.a.j.t.JMeterThread: Stopping because end time detected by thread: S2 1-279
2026-10-06 08:32:38,967 INFO o.a.j.t.JMeterThread: Thread finished: S2 1-472
2026-10-06 08:32:38,967 INFO o.a.j.t.JMeterThread: Stopping because end time detected by thread: S2 1-413
2026-10-06 08:32:38,967 INFO o.a.j.t.JMeterThread: Thread finished: S2 1-279
2026-10-06 08:32:38,967 INFO o.a.j.t.JMeterThread: Thread finished: S2 1-413
2026-10-06 08:32:38,977 INFO o.a.j.t.JMeterThread: Stopping because end time detected by thread: S2 1-187
2026-10-06 08:32:38,977 INFO o.a.j.t.JMeterThread: Thread finished: S2 1-187
2026-10-06 08:32:38,978 INFO o.a.j.t.JMeterThread: Stopping because end time detected by thread: S2 1-280
2026-10-06 08:32:38,978 INFO o.a.j.t.JMeterThread: Stopping because end time detected by thread: S2 1-321
2026-10-06 08:32:38,978 INFO o.a.j.t.JMeterThread: Stopping because end time detected by thread: S2 1-414
2026-10-06 08:32:38,978 INFO o.a.j.t.JMeterThread: Thread finished: S2 1-321
2026-10-06 08:32:38,978 INFO o.a.j.t.JMeterThread: Thread finished: S2 1-280
2026-10-06 08:32:38,978 INFO o.a.j.t.JMeterThread: Thread finished: S2 1-414
2026-10-06 08:32:38,988 INFO o.a.j.t.JMeterThread: Stopping because end time detected by thread: S2 1-415
2026-10-06 08:32:38,988 INFO o.a.j.t.JMeterThread: Thread finished: S2 1-415
2026-10-06 08:32:38,989 INFO o.a.j.t.JMeterThread: Stopping because end time detected by thread: S2 1-246
2026-10-06 08:32:38,989 INFO o.a.j.t.JMeterThread: Stopping because end time detected by thread: S2 1-364
2026-10-06 08:32:38,989 INFO o.a.j.t.JMeterThread: Thread finished: S2 1-246
2026-10-06 08:32:38,989 INFO o.a.j.t.JMeterThread: Thread finished: S2 1-364
2026-10-06 08:32:38,989 INFO o.a.j.t.JMeterThread: Stopping because end time detected by thread: S2 1-245
2026-10-06 08:32:38,989 INFO o.a.j.t.JMeterThread: Thread finished: S2 1-245
2026-10-06 08:32:38,998 INFO o.a.j.t.JMeterThread: Stopping because end time detected by thread: S2 1-281
2026-10-06 08:32:38,998 INFO o.a.j.t.JMeterThread: Thread finished: S2 1-281
2026-10-06 08:32:38,999 INFO o.a.j.t.JMeterThread: Stopping because end time detected by thread: S2 1-215
2026-10-06 08:32:38,999 INFO o.a.j.t.JMeterThread: Stopping because end time detected by thread: S2 1-474
2026-10-06 08:32:39,000 INFO o.a.j.t.JMeterThread: Thread finished: S2 1-215
2026-10-06 08:32:39,000 INFO o.a.j.t.JMeterThread: Thread finished: S2 1-474
2026-10-06 08:32:39,000 INFO o.a.j.t.JMeterThread: Stopping because end time detected by thread: S2 1-214
2026-10-06 08:32:39,000 INFO o.a.j.t.JMeterThread: Thread finished: S2 1-214
2026-10-06 08:32:39,009 INFO o.a.j.t.JMeterThread: Stopping because end time detected by thread: S2 1-473
2026-10-06 08:32:39,009 INFO o.a.j.t.JMeterThread: Thread finished: S2 1-473
2026-10-06 08:32:39,011 INFO o.a.j.t.JMeterThread: Stopping because end time detected by thread: S2 1-365
2026-10-06 08:32:39,011 INFO o.a.j.t.JMeterThread: Stopping because end time detected by thread: S2 1-416
2026-10-06 08:32:39,011 INFO o.a.j.t.JMeterThread: Stopping because end time detected by thread: S2 1-475
2026-10-06 08:32:39,011 INFO o.a.j.t.JMeterThread: Thread finished: S2 1-416
2026-10-06 08:32:39,011 INFO o.a.j.t.JMeterThread: Thread finished: S2 1-365
2026-10-06 08:32:39,011 INFO o.a.j.t.JMeterThread: Thread finished: S2 1-475
2026-10-06 08:32:39,022 INFO o.a.j.t.JMeterThread: Stopping because end time detected by thread: S2 1-282
2026-10-06 08:32:39,023 INFO o.a.j.t.JMeterThread: Thread finished: S2 1-282
2026-10-06 08:32:39,024 INFO o.a.j.t.JMeterThread: Stopping because end time detected by thread: S2 1-418
2026-10-06 08:32:39,024 INFO o.a.j.t.JMeterThread: Thread finished: S2 1-418
2026-10-06 08:32:39,024 INFO o.a.j.t.JMeterThread: Stopping because end time detected by thread: S2 1-366
2026-10-06 08:32:39,024 INFO o.a.j.t.JMeterThread: Thread finished: S2 1-366
2026-10-06 08:32:39,024 INFO o.a.j.t.JMeterThread: Stopping because end time detected by thread: S2 1-367
2026-10-06 08:32:39,024 INFO o.a.j.t.JMeterThread: Thread finished: S2 1-367
2026-10-06 08:32:39,035 INFO o.a.j.t.JMeterThread: Stopping because end time detected by thread: S2 1-323
2026-10-06 08:32:39,035 INFO o.a.j.t.JMeterThread: Thread finished: S2 1-323
2026-10-06 08:32:39,035 INFO o.a.j.t.JMeterThread: Stopping because end time detected by thread: S2 1-417
2026-10-06 08:32:39,036 INFO o.a.j.t.JMeterThread: Thread finished: S2 1-417
2026-10-06 08:32:39,036 INFO o.a.j.t.JMeterThread: Stopping because end time detected by thread: S2 1-476
2026-10-06 08:32:39,036 INFO o.a.j.t.JMeterThread: Thread finished: S2 1-476
2026-10-06 08:32:39,036 INFO o.a.j.t.JMeterThread: Stopping because end time detected by thread: S2 1-322
2026-10-06 08:32:39,036 INFO o.a.j.t.JMeterThread: Thread finished: S2 1-322
2026-10-06 08:32:39,045 INFO o.a.j.t.JMeterThread: Stopping because end time detected by thread: S2 1-368
2026-10-06 08:32:39,046 INFO o.a.j.t.JMeterThread: Thread finished: S2 1-368
2026-10-06 08:32:39,047 INFO o.a.j.t.JMeterThread: Stopping because end time detected by thread: S2 1-419
2026-10-06 08:32:39,047 INFO o.a.j.t.JMeterThread: Thread finished: S2 1-419
2026-10-06 08:32:39,047 INFO o.a.j.t.JMeterThread: Stopping because end time detected by thread: S2 1-479
2026-10-06 08:32:39,047 INFO o.a.j.t.JMeterThread: Thread finished: S2 1-479
2026-10-06 08:32:39,047 INFO o.a.j.t.JMeterThread: Stopping because end time detected by thread: S2 1-477
2026-10-06 08:32:39,047 INFO o.a.j.t.JMeterThread: Thread finished: S2 1-477
2026-10-06 08:32:39,056 INFO o.a.j.t.JMeterThread: Stopping because end time detected by thread: S2 1-478
2026-10-06 08:32:39,056 INFO o.a.j.t.JMeterThread: Thread finished: S2 1-478
2026-10-06 08:32:39,057 INFO o.a.j.t.JMeterThread: Stopping because end time detected by thread: S2 1-420
2026-10-06 08:32:39,057 INFO o.a.j.t.JMeterThread: Thread finished: S2 1-420
2026-10-06 08:32:39,058 INFO o.a.j.t.JMeterThread: Stopping because end time detected by thread: S2 1-421
2026-10-06 08:32:39,058 INFO o.a.j.t.JMeterThread: Thread finished: S2 1-421
2026-10-06 08:32:39,058 INFO o.a.j.t.JMeterThread: Stopping because end time detected by thread: S2 1-480
2026-10-06 08:32:39,058 INFO o.a.j.t.JMeterThread: Thread finished: S2 1-480
2026-10-06 08:32:39,058 INFO o.a.j.e.StandardJMeterEngine: Notifying test listeners of end of test
2026-10-06 08:32:39,058 INFO o.a.j.s.FileServer: Close: /tests/data/available_menu_items.csv
2026-10-06 08:32:39,061 INFO o.a.j.r.Summariser: summary +   3953 in 00:00:09 =  436.3/s Avg:  1348 Min:  1273 Max:  1430 Err:     0 (0.00%) Active: 0 Started: 500 Finished: 500
2026-10-06 08:32:39,061 INFO o.a.j.r.Summariser: summary =  24321 in 00:01:02 =  390.4/s Avg:  1220 Min:    13 Max:  1489 Err:     0 (0.00%)
