2026-10-06 08:30:29,454 INFO o.a.j.u.JMeterUtils: Setting Locale to en_EN
2026-10-06 08:30:29,475 INFO o.a.j.JMeter: Loading user properties from: /opt/jmeter/bin/user.properties
2026-10-06 08:30:29,476 INFO o.a.j.JMeter: Loading system properties from: /opt/jmeter/bin/system.properties
2026-10-06 08:30:29,476 INFO o.a.j.JMeter: Loading additional properties from: /tests/run.properties
2026-10-06 08:30:29,476 INFO o.a.j.JMeter: Loading additional properties from: /tests/data/ranges.properties
2026-10-06 08:30:29,477 INFO o.a.j.JMeter: Setting JMeter property: host=laravel-nginx
2026-10-06 08:30:29,477 INFO o.a.j.JMeter: Setting JMeter property: port=80
2026-10-06 08:30:29,477 INFO o.a.j.JMeter: Setting JMeter property: rampup=10
2026-10-06 08:30:29,477 INFO o.a.j.JMeter: Setting JMeter property: endpoint=EP7
2026-10-06 08:30:29,477 INFO o.a.j.JMeter: Setting JMeter property: users=500
2026-10-06 08:30:29,477 INFO o.a.j.JMeter: Setting JMeter property: duration=60
2026-10-06 08:30:29,482 INFO o.a.j.JMeter: Copyright (c) 1998-2024 The Apache Software Foundation
2026-10-06 08:30:29,482 INFO o.a.j.JMeter: Version 5.6.3
2026-10-06 08:30:29,482 INFO o.a.j.JMeter: java.version=21.0.12.1
2026-10-06 08:30:29,482 INFO o.a.j.JMeter: java.vm.name=OpenJDK 64-Bit Server VM
2026-10-06 08:30:29,482 INFO o.a.j.JMeter: os.name=Linux
2026-10-06 08:30:29,483 INFO o.a.j.JMeter: os.arch=amd64
2026-10-06 08:30:29,483 INFO o.a.j.JMeter: os.version=6.6.87.2-microsoft-standard-WSL2
2026-10-06 08:30:29,483 INFO o.a.j.JMeter: file.encoding=UTF-8
2026-10-06 08:30:29,483 INFO o.a.j.JMeter: java.awt.headless=true
2026-10-06 08:30:29,483 INFO o.a.j.JMeter: Max memory     =4294967296
2026-10-06 08:30:29,483 INFO o.a.j.JMeter: Available Processors =12
2026-10-06 08:30:29,492 INFO o.a.j.JMeter: Default Locale=English (EN)
2026-10-06 08:30:29,492 INFO o.a.j.JMeter: JMeter  Locale=English (EN)
2026-10-06 08:30:29,492 INFO o.a.j.JMeter: JMeterHome=/opt/jmeter
2026-10-06 08:30:29,492 INFO o.a.j.JMeter: user.dir  =/tests
2026-10-06 08:30:29,492 INFO o.a.j.JMeter: PWD       =/tests
2026-10-06 08:30:29,493 INFO o.a.j.JMeter: IP: 172.19.0.5 Name: cefe7ecebf17 FullName: cefe7ecebf17
2026-10-06 08:30:29,505 INFO o.a.j.s.FileServer: Default base='/tests'
2026-10-06 08:30:29,507 INFO o.a.j.s.FileServer: Set new base='/tests'
2026-10-06 08:30:29,698 INFO o.a.j.s.SaveService: Testplan (JMX) version: 2.2. Testlog (JTL) version: 2.2
2026-10-06 08:30:29,722 INFO o.a.j.s.SaveService: Using SaveService properties version 5.0
2026-10-06 08:30:29,725 INFO o.a.j.s.SaveService: Using SaveService properties file encoding UTF-8
2026-10-06 08:30:29,730 INFO o.a.j.s.SaveService: Loading file: /tests/s2.jmx
2026-10-06 08:30:29,777 INFO o.a.j.p.h.s.HTTPSamplerBase: Parser for text/html is org.apache.jmeter.protocol.http.parser.LagartoBasedHtmlParser
2026-10-06 08:30:29,777 INFO o.a.j.p.h.s.HTTPSamplerBase: Parser for application/xhtml+xml is org.apache.jmeter.protocol.http.parser.LagartoBasedHtmlParser
2026-10-06 08:30:29,777 INFO o.a.j.p.h.s.HTTPSamplerBase: Parser for application/xml is org.apache.jmeter.protocol.http.parser.LagartoBasedHtmlParser
2026-10-06 08:30:29,777 INFO o.a.j.p.h.s.HTTPSamplerBase: Parser for text/xml is org.apache.jmeter.protocol.http.parser.LagartoBasedHtmlParser
2026-10-06 08:30:29,777 INFO o.a.j.p.h.s.HTTPSamplerBase: Parser for text/vnd.wap.wml is org.apache.jmeter.protocol.http.parser.RegexpHTMLParser
2026-10-06 08:30:29,777 INFO o.a.j.p.h.s.HTTPSamplerBase: Parser for text/css is org.apache.jmeter.protocol.http.parser.CssParser
2026-10-06 08:30:29,822 INFO o.a.j.JMeter: Creating summariser <summary>
2026-10-06 08:30:29,838 INFO o.a.j.e.StandardJMeterEngine: Running the test!
2026-10-06 08:30:29,840 INFO o.a.j.s.SampleEvent: List of sample_variables: []
2026-10-06 08:30:29,840 INFO o.a.j.s.SampleEvent: List of sample_variables: []
2026-10-06 08:30:29,843 INFO o.a.j.e.u.CompoundVariable: Note: Function class names must contain the string: '.functions.'
2026-10-06 08:30:29,843 INFO o.a.j.e.u.CompoundVariable: Note: Function class names must not contain the string: '.gui.'
2026-10-06 08:30:30,068 INFO o.a.j.JMeter: Running test (1791275430068)
2026-10-06 08:30:30,069 INFO o.a.j.e.StandardJMeterEngine: Starting setUp thread groups
2026-10-06 08:30:30,069 INFO o.a.j.e.StandardJMeterEngine: Starting setUp ThreadGroup: 1 : setUp - login 
2026-10-06 08:30:30,070 INFO o.a.j.e.StandardJMeterEngine: Starting 1 threads for group setUp - login.
2026-10-06 08:30:30,070 INFO o.a.j.e.StandardJMeterEngine: Test will stop abruptly on error
2026-10-06 08:30:30,070 INFO o.a.j.t.ThreadGroup: Starting thread group... number=1 threads=1 ramp-up=1 delayedStart=false
2026-10-06 08:30:30,073 INFO o.a.j.t.ThreadGroup: Started thread group number 1
2026-10-06 08:30:30,073 INFO o.a.j.e.StandardJMeterEngine: Waiting for all setup thread groups to exit
2026-10-06 08:30:30,075 INFO o.a.j.t.JMeterThread: Thread started: setUp - login 1-1
2026-10-06 08:30:30,088 INFO o.a.j.p.h.s.HTTPHCAbstractImpl: Local host = cefe7ecebf17
2026-10-06 08:30:30,093 INFO o.a.j.p.h.s.HTTPHC4Impl: HTTP request retry count = 0
2026-10-06 08:30:30,094 INFO o.a.j.s.SampleResult: Note: Sample TimeStamps are START times
2026-10-06 08:30:30,095 INFO o.a.j.s.SampleResult: sampleresult.default.encoding is set to UTF-8
2026-10-06 08:30:30,095 INFO o.a.j.s.SampleResult: sampleresult.useNanoTime=true
2026-10-06 08:30:30,095 INFO o.a.j.s.SampleResult: sampleresult.nanoThreadSleep=5000
2026-10-06 08:30:30,940 INFO o.a.j.r.Summariser: summary +      1 in 00:00:01 =    1.1/s Avg:   336 Min:   336 Max:   336 Err:     0 (0.00%) Active: 1 Started: 1 Finished: 0
2026-10-06 08:30:30,941 INFO o.a.j.t.JMeterThread: Thread is done: setUp - login 1-1
2026-10-06 08:30:30,941 INFO o.a.j.t.JMeterThread: Thread finished: setUp - login 1-1
2026-10-06 08:30:30,942 INFO o.a.j.e.StandardJMeterEngine: All Setup Threads have ended
2026-10-06 08:30:30,966 INFO o.a.j.e.StandardJMeterEngine: Starting ThreadGroup: 1 : S2
2026-10-06 08:30:30,966 INFO o.a.j.e.StandardJMeterEngine: Starting 500 threads for group S2.
2026-10-06 08:30:30,966 INFO o.a.j.e.StandardJMeterEngine: Thread will continue on error
2026-10-06 08:30:30,967 INFO o.a.j.t.ThreadGroup: Starting thread group... number=1 threads=500 ramp-up=10 delayedStart=false
2026-10-06 08:30:30,978 INFO o.a.j.t.JMeterThread: Thread started: S2 1-1
2026-10-06 08:30:30,979 INFO o.a.j.s.FileServer: Stored: /tests/data/available_menu_items.csv
2026-10-06 08:30:30,996 INFO o.a.j.t.JMeterThread: Thread started: S2 1-2
2026-10-06 08:30:31,015 INFO o.a.j.t.JMeterThread: Thread started: S2 1-3
2026-10-06 08:30:31,033 INFO o.a.j.t.JMeterThread: Thread started: S2 1-4
2026-10-06 08:30:31,053 INFO o.a.j.t.JMeterThread: Thread started: S2 1-5
2026-10-06 08:30:31,071 INFO o.a.j.t.JMeterThread: Thread started: S2 1-6
2026-10-06 08:30:31,091 INFO o.a.j.t.JMeterThread: Thread started: S2 1-7
2026-10-06 08:30:31,110 INFO o.a.j.t.JMeterThread: Thread started: S2 1-8
2026-10-06 08:30:31,131 INFO o.a.j.t.JMeterThread: Thread started: S2 1-9
2026-10-06 08:30:31,149 INFO o.a.j.t.JMeterThread: Thread started: S2 1-10
2026-10-06 08:30:31,169 INFO o.a.j.t.JMeterThread: Thread started: S2 1-11
2026-10-06 08:30:31,189 INFO o.a.j.t.JMeterThread: Thread started: S2 1-12
2026-10-06 08:30:31,209 INFO o.a.j.t.JMeterThread: Thread started: S2 1-13
2026-10-06 08:30:31,230 INFO o.a.j.t.JMeterThread: Thread started: S2 1-14
2026-10-06 08:30:31,249 INFO o.a.j.t.JMeterThread: Thread started: S2 1-15
2026-10-06 08:30:31,250 INFO o.a.j.t.ThreadGroup: Started thread group number 1
2026-10-06 08:30:31,250 INFO o.a.j.e.StandardJMeterEngine: All thread groups have been started
2026-10-06 08:30:31,269 INFO o.a.j.t.JMeterThread: Thread started: S2 1-16
2026-10-06 08:30:31,289 INFO o.a.j.t.JMeterThread: Thread started: S2 1-17
2026-10-06 08:30:31,309 INFO o.a.j.t.JMeterThread: Thread started: S2 1-18
2026-10-06 08:30:31,329 INFO o.a.j.t.JMeterThread: Thread started: S2 1-19
2026-10-06 08:30:31,349 INFO o.a.j.t.JMeterThread: Thread started: S2 1-20
2026-10-06 08:30:31,369 INFO o.a.j.t.JMeterThread: Thread started: S2 1-21
2026-10-06 08:30:31,389 INFO o.a.j.t.JMeterThread: Thread started: S2 1-22
2026-10-06 08:30:31,408 INFO o.a.j.t.JMeterThread: Thread started: S2 1-23
2026-10-06 08:30:31,429 INFO o.a.j.t.JMeterThread: Thread started: S2 1-24
2026-10-06 08:30:31,449 INFO o.a.j.t.JMeterThread: Thread started: S2 1-25
2026-10-06 08:30:31,469 INFO o.a.j.t.JMeterThread: Thread started: S2 1-26
2026-10-06 08:30:31,489 INFO o.a.j.t.JMeterThread: Thread started: S2 1-27
2026-10-06 08:30:31,509 INFO o.a.j.t.JMeterThread: Thread started: S2 1-28
2026-10-06 08:30:31,528 INFO o.a.j.t.JMeterThread: Thread started: S2 1-29
2026-10-06 08:30:31,549 INFO o.a.j.t.JMeterThread: Thread started: S2 1-30
2026-10-06 08:30:31,568 INFO o.a.j.t.JMeterThread: Thread started: S2 1-31
2026-10-06 08:30:31,588 INFO o.a.j.t.JMeterThread: Thread started: S2 1-32
2026-10-06 08:30:31,608 INFO o.a.j.t.JMeterThread: Thread started: S2 1-33
2026-10-06 08:30:31,628 INFO o.a.j.t.JMeterThread: Thread started: S2 1-34
2026-10-06 08:30:31,648 INFO o.a.j.t.JMeterThread: Thread started: S2 1-35
2026-10-06 08:30:31,668 INFO o.a.j.t.JMeterThread: Thread started: S2 1-36
2026-10-06 08:30:31,689 INFO o.a.j.t.JMeterThread: Thread started: S2 1-37
2026-10-06 08:30:31,708 INFO o.a.j.t.JMeterThread: Thread started: S2 1-38
2026-10-06 08:30:31,729 INFO o.a.j.t.JMeterThread: Thread started: S2 1-39
2026-10-06 08:30:31,749 INFO o.a.j.t.JMeterThread: Thread started: S2 1-40
2026-10-06 08:30:31,768 INFO o.a.j.t.JMeterThread: Thread started: S2 1-41
2026-10-06 08:30:31,789 INFO o.a.j.t.JMeterThread: Thread started: S2 1-42
2026-10-06 08:30:31,809 INFO o.a.j.t.JMeterThread: Thread started: S2 1-43
2026-10-06 08:30:31,828 INFO o.a.j.t.JMeterThread: Thread started: S2 1-44
2026-10-06 08:30:31,849 INFO o.a.j.t.JMeterThread: Thread started: S2 1-45
2026-10-06 08:30:31,868 INFO o.a.j.t.JMeterThread: Thread started: S2 1-46
2026-10-06 08:30:31,889 INFO o.a.j.t.JMeterThread: Thread started: S2 1-47
2026-10-06 08:30:31,908 INFO o.a.j.t.JMeterThread: Thread started: S2 1-48
2026-10-06 08:30:31,929 INFO o.a.j.t.JMeterThread: Thread started: S2 1-49
2026-10-06 08:30:31,948 INFO o.a.j.t.JMeterThread: Thread started: S2 1-50
2026-10-06 08:30:31,968 INFO o.a.j.t.JMeterThread: Thread started: S2 1-51
2026-10-06 08:30:31,989 INFO o.a.j.t.JMeterThread: Thread started: S2 1-52
2026-10-06 08:30:32,008 INFO o.a.j.t.JMeterThread: Thread started: S2 1-53
2026-10-06 08:30:32,028 INFO o.a.j.t.JMeterThread: Thread started: S2 1-54
2026-10-06 08:30:32,049 INFO o.a.j.t.JMeterThread: Thread started: S2 1-55
2026-10-06 08:30:32,068 INFO o.a.j.t.JMeterThread: Thread started: S2 1-56
2026-10-06 08:30:32,089 INFO o.a.j.t.JMeterThread: Thread started: S2 1-57
2026-10-06 08:30:32,108 INFO o.a.j.t.JMeterThread: Thread started: S2 1-58
2026-10-06 08:30:32,129 INFO o.a.j.t.JMeterThread: Thread started: S2 1-59
2026-10-06 08:30:32,148 INFO o.a.j.t.JMeterThread: Thread started: S2 1-60
2026-10-06 08:30:32,168 INFO o.a.j.t.JMeterThread: Thread started: S2 1-61
2026-10-06 08:30:32,188 INFO o.a.j.t.JMeterThread: Thread started: S2 1-62
2026-10-06 08:30:32,208 INFO o.a.j.t.JMeterThread: Thread started: S2 1-63
2026-10-06 08:30:32,228 INFO o.a.j.t.JMeterThread: Thread started: S2 1-64
2026-10-06 08:30:32,248 INFO o.a.j.t.JMeterThread: Thread started: S2 1-65
2026-10-06 08:30:32,269 INFO o.a.j.t.JMeterThread: Thread started: S2 1-66
2026-10-06 08:30:32,289 INFO o.a.j.t.JMeterThread: Thread started: S2 1-67
2026-10-06 08:30:32,309 INFO o.a.j.t.JMeterThread: Thread started: S2 1-68
2026-10-06 08:30:32,329 INFO o.a.j.t.JMeterThread: Thread started: S2 1-69
2026-10-06 08:30:32,349 INFO o.a.j.t.JMeterThread: Thread started: S2 1-70
2026-10-06 08:30:32,369 INFO o.a.j.t.JMeterThread: Thread started: S2 1-71
2026-10-06 08:30:32,388 INFO o.a.j.t.JMeterThread: Thread started: S2 1-72
2026-10-06 08:30:32,408 INFO o.a.j.t.JMeterThread: Thread started: S2 1-73
2026-10-06 08:30:32,429 INFO o.a.j.t.JMeterThread: Thread started: S2 1-74
2026-10-06 08:30:32,448 INFO o.a.j.t.JMeterThread: Thread started: S2 1-75
2026-10-06 08:30:32,469 INFO o.a.j.t.JMeterThread: Thread started: S2 1-76
2026-10-06 08:30:32,489 INFO o.a.j.t.JMeterThread: Thread started: S2 1-77
2026-10-06 08:30:32,508 INFO o.a.j.t.JMeterThread: Thread started: S2 1-78
2026-10-06 08:30:32,527 INFO o.a.j.t.JMeterThread: Thread started: S2 1-79
2026-10-06 08:30:32,549 INFO o.a.j.t.JMeterThread: Thread started: S2 1-80
2026-10-06 08:30:32,568 INFO o.a.j.t.JMeterThread: Thread started: S2 1-81
2026-10-06 08:30:32,588 INFO o.a.j.t.JMeterThread: Thread started: S2 1-82
2026-10-06 08:30:32,609 INFO o.a.j.t.JMeterThread: Thread started: S2 1-83
2026-10-06 08:30:32,628 INFO o.a.j.t.JMeterThread: Thread started: S2 1-84
2026-10-06 08:30:32,649 INFO o.a.j.t.JMeterThread: Thread started: S2 1-85
2026-10-06 08:30:32,668 INFO o.a.j.t.JMeterThread: Thread started: S2 1-86
2026-10-06 08:30:32,689 INFO o.a.j.t.JMeterThread: Thread started: S2 1-87
2026-10-06 08:30:32,708 INFO o.a.j.t.JMeterThread: Thread started: S2 1-88
2026-10-06 08:30:32,729 INFO o.a.j.t.JMeterThread: Thread started: S2 1-89
2026-10-06 08:30:32,748 INFO o.a.j.t.JMeterThread: Thread started: S2 1-90
2026-10-06 08:30:32,767 INFO o.a.j.t.JMeterThread: Thread started: S2 1-91
2026-10-06 08:30:32,789 INFO o.a.j.t.JMeterThread: Thread started: S2 1-92
2026-10-06 08:30:32,809 INFO o.a.j.t.JMeterThread: Thread started: S2 1-93
2026-10-06 08:30:32,829 INFO o.a.j.t.JMeterThread: Thread started: S2 1-94
2026-10-06 08:30:32,848 INFO o.a.j.t.JMeterThread: Thread started: S2 1-95
2026-10-06 08:30:32,867 INFO o.a.j.t.JMeterThread: Thread started: S2 1-96
2026-10-06 08:30:32,888 INFO o.a.j.t.JMeterThread: Thread started: S2 1-97
2026-10-06 08:30:32,907 INFO o.a.j.t.JMeterThread: Thread started: S2 1-98
2026-10-06 08:30:32,929 INFO o.a.j.t.JMeterThread: Thread started: S2 1-99
2026-10-06 08:30:32,947 INFO o.a.j.t.JMeterThread: Thread started: S2 1-100
2026-10-06 08:30:32,969 INFO o.a.j.t.JMeterThread: Thread started: S2 1-101
2026-10-06 08:30:32,988 INFO o.a.j.t.JMeterThread: Thread started: S2 1-102
2026-10-06 08:30:33,008 INFO o.a.j.t.JMeterThread: Thread started: S2 1-103
2026-10-06 08:30:33,029 INFO o.a.j.t.JMeterThread: Thread started: S2 1-104
2026-10-06 08:30:33,049 INFO o.a.j.t.JMeterThread: Thread started: S2 1-105
2026-10-06 08:30:33,068 INFO o.a.j.t.JMeterThread: Thread started: S2 1-106
2026-10-06 08:30:33,089 INFO o.a.j.t.JMeterThread: Thread started: S2 1-107
2026-10-06 08:30:33,108 INFO o.a.j.t.JMeterThread: Thread started: S2 1-108
2026-10-06 08:30:33,128 INFO o.a.j.t.JMeterThread: Thread started: S2 1-109
2026-10-06 08:30:33,148 INFO o.a.j.t.JMeterThread: Thread started: S2 1-110
2026-10-06 08:30:33,168 INFO o.a.j.t.JMeterThread: Thread started: S2 1-111
2026-10-06 08:30:33,190 INFO o.a.j.t.JMeterThread: Thread started: S2 1-112
2026-10-06 08:30:33,207 INFO o.a.j.t.JMeterThread: Thread started: S2 1-113
2026-10-06 08:30:33,229 INFO o.a.j.t.JMeterThread: Thread started: S2 1-114
2026-10-06 08:30:33,248 INFO o.a.j.t.JMeterThread: Thread started: S2 1-115
2026-10-06 08:30:33,269 INFO o.a.j.t.JMeterThread: Thread started: S2 1-116
2026-10-06 08:30:33,288 INFO o.a.j.t.JMeterThread: Thread started: S2 1-117
2026-10-06 08:30:33,309 INFO o.a.j.t.JMeterThread: Thread started: S2 1-118
2026-10-06 08:30:33,328 INFO o.a.j.t.JMeterThread: Thread started: S2 1-119
2026-10-06 08:30:33,349 INFO o.a.j.t.JMeterThread: Thread started: S2 1-120
2026-10-06 08:30:33,368 INFO o.a.j.t.JMeterThread: Thread started: S2 1-121
2026-10-06 08:30:33,387 INFO o.a.j.t.JMeterThread: Thread started: S2 1-122
2026-10-06 08:30:33,408 INFO o.a.j.t.JMeterThread: Thread started: S2 1-123
2026-10-06 08:30:33,428 INFO o.a.j.t.JMeterThread: Thread started: S2 1-124
2026-10-06 08:30:33,449 INFO o.a.j.t.JMeterThread: Thread started: S2 1-125
2026-10-06 08:30:33,469 INFO o.a.j.t.JMeterThread: Thread started: S2 1-126
2026-10-06 08:30:33,488 INFO o.a.j.t.JMeterThread: Thread started: S2 1-127
2026-10-06 08:30:33,509 INFO o.a.j.t.JMeterThread: Thread started: S2 1-128
2026-10-06 08:30:33,528 INFO o.a.j.t.JMeterThread: Thread started: S2 1-129
2026-10-06 08:30:33,549 INFO o.a.j.t.JMeterThread: Thread started: S2 1-130
2026-10-06 08:30:33,568 INFO o.a.j.t.JMeterThread: Thread started: S2 1-131
2026-10-06 08:30:33,589 INFO o.a.j.t.JMeterThread: Thread started: S2 1-132
2026-10-06 08:30:33,608 INFO o.a.j.t.JMeterThread: Thread started: S2 1-133
2026-10-06 08:30:33,628 INFO o.a.j.t.JMeterThread: Thread started: S2 1-134
2026-10-06 08:30:33,648 INFO o.a.j.t.JMeterThread: Thread started: S2 1-135
2026-10-06 08:30:33,669 INFO o.a.j.t.JMeterThread: Thread started: S2 1-136
2026-10-06 08:30:33,688 INFO o.a.j.t.JMeterThread: Thread started: S2 1-137
2026-10-06 08:30:33,709 INFO o.a.j.t.JMeterThread: Thread started: S2 1-138
2026-10-06 08:30:33,728 INFO o.a.j.t.JMeterThread: Thread started: S2 1-139
2026-10-06 08:30:33,749 INFO o.a.j.t.JMeterThread: Thread started: S2 1-140
2026-10-06 08:30:33,768 INFO o.a.j.t.JMeterThread: Thread started: S2 1-141
2026-10-06 08:30:33,789 INFO o.a.j.t.JMeterThread: Thread started: S2 1-142
2026-10-06 08:30:33,807 INFO o.a.j.t.JMeterThread: Thread started: S2 1-143
2026-10-06 08:30:33,829 INFO o.a.j.t.JMeterThread: Thread started: S2 1-144
2026-10-06 08:30:33,847 INFO o.a.j.t.JMeterThread: Thread started: S2 1-145
2026-10-06 08:30:33,869 INFO o.a.j.t.JMeterThread: Thread started: S2 1-146
2026-10-06 08:30:33,887 INFO o.a.j.t.JMeterThread: Thread started: S2 1-147
2026-10-06 08:30:33,909 INFO o.a.j.t.JMeterThread: Thread started: S2 1-148
2026-10-06 08:30:33,929 INFO o.a.j.t.JMeterThread: Thread started: S2 1-149
2026-10-06 08:30:33,948 INFO o.a.j.t.JMeterThread: Thread started: S2 1-150
2026-10-06 08:30:33,968 INFO o.a.j.t.JMeterThread: Thread started: S2 1-151
2026-10-06 08:30:33,989 INFO o.a.j.t.JMeterThread: Thread started: S2 1-152
2026-10-06 08:30:34,009 INFO o.a.j.t.JMeterThread: Thread started: S2 1-153
2026-10-06 08:30:34,029 INFO o.a.j.t.JMeterThread: Thread started: S2 1-154
2026-10-06 08:30:34,047 INFO o.a.j.t.JMeterThread: Thread started: S2 1-155
2026-10-06 08:30:34,068 INFO o.a.j.t.JMeterThread: Thread started: S2 1-156
2026-10-06 08:30:34,088 INFO o.a.j.t.JMeterThread: Thread started: S2 1-157
2026-10-06 08:30:34,109 INFO o.a.j.t.JMeterThread: Thread started: S2 1-158
2026-10-06 08:30:34,128 INFO o.a.j.t.JMeterThread: Thread started: S2 1-159
2026-10-06 08:30:34,147 INFO o.a.j.t.JMeterThread: Thread started: S2 1-160
2026-10-06 08:30:34,169 INFO o.a.j.t.JMeterThread: Thread started: S2 1-161
2026-10-06 08:30:34,188 INFO o.a.j.t.JMeterThread: Thread started: S2 1-162
2026-10-06 08:30:34,208 INFO o.a.j.t.JMeterThread: Thread started: S2 1-163
2026-10-06 08:30:34,241 INFO o.a.j.t.JMeterThread: Thread started: S2 1-164
2026-10-06 08:30:34,247 INFO o.a.j.t.JMeterThread: Thread started: S2 1-165
2026-10-06 08:30:34,269 INFO o.a.j.t.JMeterThread: Thread started: S2 1-166
2026-10-06 08:30:34,287 INFO o.a.j.t.JMeterThread: Thread started: S2 1-167
2026-10-06 08:30:34,309 INFO o.a.j.t.JMeterThread: Thread started: S2 1-168
2026-10-06 08:30:34,327 INFO o.a.j.t.JMeterThread: Thread started: S2 1-169
2026-10-06 08:30:34,349 INFO o.a.j.t.JMeterThread: Thread started: S2 1-170
2026-10-06 08:30:34,369 INFO o.a.j.t.JMeterThread: Thread started: S2 1-171
2026-10-06 08:30:34,387 INFO o.a.j.t.JMeterThread: Thread started: S2 1-172
2026-10-06 08:30:34,408 INFO o.a.j.t.JMeterThread: Thread started: S2 1-173
2026-10-06 08:30:34,428 INFO o.a.j.t.JMeterThread: Thread started: S2 1-174
2026-10-06 08:30:34,449 INFO o.a.j.t.JMeterThread: Thread started: S2 1-175
2026-10-06 08:30:34,469 INFO o.a.j.t.JMeterThread: Thread started: S2 1-176
2026-10-06 08:30:34,488 INFO o.a.j.t.JMeterThread: Thread started: S2 1-177
2026-10-06 08:30:34,510 INFO o.a.j.t.JMeterThread: Thread started: S2 1-178
2026-10-06 08:30:34,528 INFO o.a.j.t.JMeterThread: Thread started: S2 1-179
2026-10-06 08:30:34,548 INFO o.a.j.t.JMeterThread: Thread started: S2 1-180
2026-10-06 08:30:34,568 INFO o.a.j.t.JMeterThread: Thread started: S2 1-181
2026-10-06 08:30:34,589 INFO o.a.j.t.JMeterThread: Thread started: S2 1-182
2026-10-06 08:30:34,607 INFO o.a.j.t.JMeterThread: Thread started: S2 1-183
2026-10-06 08:30:34,628 INFO o.a.j.t.JMeterThread: Thread started: S2 1-184
2026-10-06 08:30:34,648 INFO o.a.j.t.JMeterThread: Thread started: S2 1-185
2026-10-06 08:30:34,667 INFO o.a.j.t.JMeterThread: Thread started: S2 1-186
2026-10-06 08:30:34,688 INFO o.a.j.t.JMeterThread: Thread started: S2 1-187
2026-10-06 08:30:34,707 INFO o.a.j.t.JMeterThread: Thread started: S2 1-188
2026-10-06 08:30:34,729 INFO o.a.j.t.JMeterThread: Thread started: S2 1-189
2026-10-06 08:30:34,749 INFO o.a.j.t.JMeterThread: Thread started: S2 1-190
2026-10-06 08:30:34,768 INFO o.a.j.t.JMeterThread: Thread started: S2 1-191
2026-10-06 08:30:34,789 INFO o.a.j.t.JMeterThread: Thread started: S2 1-192
2026-10-06 08:30:34,808 INFO o.a.j.t.JMeterThread: Thread started: S2 1-193
2026-10-06 08:30:34,828 INFO o.a.j.t.JMeterThread: Thread started: S2 1-194
2026-10-06 08:30:34,847 INFO o.a.j.t.JMeterThread: Thread started: S2 1-195
2026-10-06 08:30:34,868 INFO o.a.j.t.JMeterThread: Thread started: S2 1-196
2026-10-06 08:30:34,889 INFO o.a.j.t.JMeterThread: Thread started: S2 1-197
2026-10-06 08:30:34,908 INFO o.a.j.t.JMeterThread: Thread started: S2 1-198
2026-10-06 08:30:34,928 INFO o.a.j.t.JMeterThread: Thread started: S2 1-199
2026-10-06 08:30:34,958 INFO o.a.j.t.JMeterThread: Thread started: S2 1-200
2026-10-06 08:30:34,977 INFO o.a.j.t.JMeterThread: Thread started: S2 1-201
2026-10-06 08:30:34,988 INFO o.a.j.t.JMeterThread: Thread started: S2 1-202
2026-10-06 08:30:35,008 INFO o.a.j.t.JMeterThread: Thread started: S2 1-203
2026-10-06 08:30:35,029 INFO o.a.j.t.JMeterThread: Thread started: S2 1-204
2026-10-06 08:30:35,047 INFO o.a.j.t.JMeterThread: Thread started: S2 1-205
2026-10-06 08:30:35,069 INFO o.a.j.t.JMeterThread: Thread started: S2 1-206
2026-10-06 08:30:35,087 INFO o.a.j.t.JMeterThread: Thread started: S2 1-207
2026-10-06 08:30:35,109 INFO o.a.j.t.JMeterThread: Thread started: S2 1-208
2026-10-06 08:30:35,128 INFO o.a.j.t.JMeterThread: Thread started: S2 1-209
2026-10-06 08:30:35,147 INFO o.a.j.t.JMeterThread: Thread started: S2 1-210
2026-10-06 08:30:35,168 INFO o.a.j.t.JMeterThread: Thread started: S2 1-211
2026-10-06 08:30:35,187 INFO o.a.j.t.JMeterThread: Thread started: S2 1-212
2026-10-06 08:30:35,209 INFO o.a.j.t.JMeterThread: Thread started: S2 1-213
2026-10-06 08:30:35,228 INFO o.a.j.t.JMeterThread: Thread started: S2 1-214
2026-10-06 08:30:35,247 INFO o.a.j.t.JMeterThread: Thread started: S2 1-215
2026-10-06 08:30:35,269 INFO o.a.j.t.JMeterThread: Thread started: S2 1-216
2026-10-06 08:30:35,287 INFO o.a.j.t.JMeterThread: Thread started: S2 1-217
2026-10-06 08:30:35,309 INFO o.a.j.t.JMeterThread: Thread started: S2 1-218
2026-10-06 08:30:35,328 INFO o.a.j.t.JMeterThread: Thread started: S2 1-219
2026-10-06 08:30:35,348 INFO o.a.j.t.JMeterThread: Thread started: S2 1-220
2026-10-06 08:30:35,369 INFO o.a.j.t.JMeterThread: Thread started: S2 1-221
2026-10-06 08:30:35,391 INFO o.a.j.t.JMeterThread: Thread started: S2 1-222
2026-10-06 08:30:35,408 INFO o.a.j.t.JMeterThread: Thread started: S2 1-223
2026-10-06 08:30:35,428 INFO o.a.j.t.JMeterThread: Thread started: S2 1-224
2026-10-06 08:30:35,448 INFO o.a.j.t.JMeterThread: Thread started: S2 1-225
2026-10-06 08:30:35,467 INFO o.a.j.t.JMeterThread: Thread started: S2 1-226
2026-10-06 08:30:35,488 INFO o.a.j.t.JMeterThread: Thread started: S2 1-227
2026-10-06 08:30:35,507 INFO o.a.j.t.JMeterThread: Thread started: S2 1-228
2026-10-06 08:30:35,528 INFO o.a.j.t.JMeterThread: Thread started: S2 1-229
2026-10-06 08:30:35,548 INFO o.a.j.t.JMeterThread: Thread started: S2 1-230
2026-10-06 08:30:35,568 INFO o.a.j.t.JMeterThread: Thread started: S2 1-231
2026-10-06 08:30:35,588 INFO o.a.j.t.JMeterThread: Thread started: S2 1-232
2026-10-06 08:30:35,608 INFO o.a.j.t.JMeterThread: Thread started: S2 1-233
2026-10-06 08:30:35,628 INFO o.a.j.t.JMeterThread: Thread started: S2 1-234
2026-10-06 08:30:35,648 INFO o.a.j.t.JMeterThread: Thread started: S2 1-235
2026-10-06 08:30:35,669 INFO o.a.j.t.JMeterThread: Thread started: S2 1-236
2026-10-06 08:30:35,688 INFO o.a.j.t.JMeterThread: Thread started: S2 1-237
2026-10-06 08:30:35,708 INFO o.a.j.t.JMeterThread: Thread started: S2 1-238
2026-10-06 08:30:35,728 INFO o.a.j.t.JMeterThread: Thread started: S2 1-239
2026-10-06 08:30:35,747 INFO o.a.j.t.JMeterThread: Thread started: S2 1-240
2026-10-06 08:30:35,768 INFO o.a.j.t.JMeterThread: Thread started: S2 1-241
2026-10-06 08:30:35,787 INFO o.a.j.t.JMeterThread: Thread started: S2 1-242
2026-10-06 08:30:35,809 INFO o.a.j.t.JMeterThread: Thread started: S2 1-243
2026-10-06 08:30:35,828 INFO o.a.j.t.JMeterThread: Thread started: S2 1-244
2026-10-06 08:30:35,848 INFO o.a.j.t.JMeterThread: Thread started: S2 1-245
2026-10-06 08:30:35,869 INFO o.a.j.t.JMeterThread: Thread started: S2 1-246
2026-10-06 08:30:35,888 INFO o.a.j.t.JMeterThread: Thread started: S2 1-247
2026-10-06 08:30:35,909 INFO o.a.j.t.JMeterThread: Thread started: S2 1-248
2026-10-06 08:30:35,928 INFO o.a.j.t.JMeterThread: Thread started: S2 1-249
2026-10-06 08:30:35,948 INFO o.a.j.t.JMeterThread: Thread started: S2 1-250
2026-10-06 08:30:35,968 INFO o.a.j.t.JMeterThread: Thread started: S2 1-251
2026-10-06 08:30:35,989 INFO o.a.j.t.JMeterThread: Thread started: S2 1-252
2026-10-06 08:30:36,008 INFO o.a.j.t.JMeterThread: Thread started: S2 1-253
2026-10-06 08:30:36,029 INFO o.a.j.t.JMeterThread: Thread started: S2 1-254
2026-10-06 08:30:36,048 INFO o.a.j.t.JMeterThread: Thread started: S2 1-255
2026-10-06 08:30:36,068 INFO o.a.j.t.JMeterThread: Thread started: S2 1-256
2026-10-06 08:30:36,088 INFO o.a.j.t.JMeterThread: Thread started: S2 1-257
2026-10-06 08:30:36,108 INFO o.a.j.t.JMeterThread: Thread started: S2 1-258
2026-10-06 08:30:36,128 INFO o.a.j.t.JMeterThread: Thread started: S2 1-259
2026-10-06 08:30:36,148 INFO o.a.j.t.JMeterThread: Thread started: S2 1-260
2026-10-06 08:30:36,168 INFO o.a.j.t.JMeterThread: Thread started: S2 1-261
2026-10-06 08:30:36,187 INFO o.a.j.t.JMeterThread: Thread started: S2 1-262
2026-10-06 08:30:36,209 INFO o.a.j.t.JMeterThread: Thread started: S2 1-263
2026-10-06 08:30:36,227 INFO o.a.j.t.JMeterThread: Thread started: S2 1-264
2026-10-06 08:30:36,248 INFO o.a.j.t.JMeterThread: Thread started: S2 1-265
2026-10-06 08:30:36,268 INFO o.a.j.t.JMeterThread: Thread started: S2 1-266
2026-10-06 08:30:36,288 INFO o.a.j.t.JMeterThread: Thread started: S2 1-267
2026-10-06 08:30:36,309 INFO o.a.j.t.JMeterThread: Thread started: S2 1-268
2026-10-06 08:30:36,328 INFO o.a.j.t.JMeterThread: Thread started: S2 1-269
2026-10-06 08:30:36,348 INFO o.a.j.t.JMeterThread: Thread started: S2 1-270
2026-10-06 08:30:36,368 INFO o.a.j.t.JMeterThread: Thread started: S2 1-271
2026-10-06 08:30:36,388 INFO o.a.j.t.JMeterThread: Thread started: S2 1-272
2026-10-06 08:30:36,408 INFO o.a.j.t.JMeterThread: Thread started: S2 1-273
2026-10-06 08:30:36,427 INFO o.a.j.t.JMeterThread: Thread started: S2 1-274
2026-10-06 08:30:36,448 INFO o.a.j.t.JMeterThread: Thread started: S2 1-275
2026-10-06 08:30:36,467 INFO o.a.j.t.JMeterThread: Thread started: S2 1-276
2026-10-06 08:30:36,488 INFO o.a.j.t.JMeterThread: Thread started: S2 1-277
2026-10-06 08:30:36,508 INFO o.a.j.t.JMeterThread: Thread started: S2 1-278
2026-10-06 08:30:36,527 INFO o.a.j.t.JMeterThread: Thread started: S2 1-279
2026-10-06 08:30:36,549 INFO o.a.j.t.JMeterThread: Thread started: S2 1-280
2026-10-06 08:30:36,568 INFO o.a.j.t.JMeterThread: Thread started: S2 1-281
2026-10-06 08:30:36,587 INFO o.a.j.t.JMeterThread: Thread started: S2 1-282
2026-10-06 08:30:36,609 INFO o.a.j.t.JMeterThread: Thread started: S2 1-283
2026-10-06 08:30:36,628 INFO o.a.j.t.JMeterThread: Thread started: S2 1-284
2026-10-06 08:30:36,649 INFO o.a.j.t.JMeterThread: Thread started: S2 1-285
2026-10-06 08:30:36,668 INFO o.a.j.t.JMeterThread: Thread started: S2 1-286
2026-10-06 08:30:36,688 INFO o.a.j.t.JMeterThread: Thread started: S2 1-287
2026-10-06 08:30:36,709 INFO o.a.j.t.JMeterThread: Thread started: S2 1-288
2026-10-06 08:30:36,727 INFO o.a.j.t.JMeterThread: Thread started: S2 1-289
2026-10-06 08:30:36,749 INFO o.a.j.t.JMeterThread: Thread started: S2 1-290
2026-10-06 08:30:36,768 INFO o.a.j.t.JMeterThread: Thread started: S2 1-291
2026-10-06 08:30:36,789 INFO o.a.j.t.JMeterThread: Thread started: S2 1-292
2026-10-06 08:30:36,809 INFO o.a.j.t.JMeterThread: Thread started: S2 1-293
2026-10-06 08:30:36,827 INFO o.a.j.t.JMeterThread: Thread started: S2 1-294
2026-10-06 08:30:36,848 INFO o.a.j.t.JMeterThread: Thread started: S2 1-295
2026-10-06 08:30:36,868 INFO o.a.j.t.JMeterThread: Thread started: S2 1-296
2026-10-06 08:30:36,889 INFO o.a.j.t.JMeterThread: Thread started: S2 1-297
2026-10-06 08:30:36,907 INFO o.a.j.t.JMeterThread: Thread started: S2 1-298
2026-10-06 08:30:36,928 INFO o.a.j.t.JMeterThread: Thread started: S2 1-299
2026-10-06 08:30:36,948 INFO o.a.j.t.JMeterThread: Thread started: S2 1-300
2026-10-06 08:30:36,967 INFO o.a.j.t.JMeterThread: Thread started: S2 1-301
2026-10-06 08:30:36,989 INFO o.a.j.t.JMeterThread: Thread started: S2 1-302
2026-10-06 08:30:37,008 INFO o.a.j.t.JMeterThread: Thread started: S2 1-303
2026-10-06 08:30:37,029 INFO o.a.j.t.JMeterThread: Thread started: S2 1-304
2026-10-06 08:30:37,048 INFO o.a.j.t.JMeterThread: Thread started: S2 1-305
2026-10-06 08:30:37,068 INFO o.a.j.t.JMeterThread: Thread started: S2 1-306
2026-10-06 08:30:37,089 INFO o.a.j.t.JMeterThread: Thread started: S2 1-307
2026-10-06 08:30:37,107 INFO o.a.j.t.JMeterThread: Thread started: S2 1-308
2026-10-06 08:30:37,129 INFO o.a.j.t.JMeterThread: Thread started: S2 1-309
2026-10-06 08:30:37,148 INFO o.a.j.t.JMeterThread: Thread started: S2 1-310
2026-10-06 08:30:37,168 INFO o.a.j.t.JMeterThread: Thread started: S2 1-311
2026-10-06 08:30:37,189 INFO o.a.j.t.JMeterThread: Thread started: S2 1-312
2026-10-06 08:30:37,208 INFO o.a.j.t.JMeterThread: Thread started: S2 1-313
2026-10-06 08:30:37,227 INFO o.a.j.t.JMeterThread: Thread started: S2 1-314
2026-10-06 08:30:37,248 INFO o.a.j.t.JMeterThread: Thread started: S2 1-315
2026-10-06 08:30:37,268 INFO o.a.j.t.JMeterThread: Thread started: S2 1-316
2026-10-06 08:30:37,288 INFO o.a.j.t.JMeterThread: Thread started: S2 1-317
2026-10-06 08:30:37,308 INFO o.a.j.t.JMeterThread: Thread started: S2 1-318
2026-10-06 08:30:37,328 INFO o.a.j.t.JMeterThread: Thread started: S2 1-319
2026-10-06 08:30:37,347 INFO o.a.j.t.JMeterThread: Thread started: S2 1-320
2026-10-06 08:30:37,368 INFO o.a.j.t.JMeterThread: Thread started: S2 1-321
2026-10-06 08:30:37,388 INFO o.a.j.t.JMeterThread: Thread started: S2 1-322
2026-10-06 08:30:37,408 INFO o.a.j.t.JMeterThread: Thread started: S2 1-323
2026-10-06 08:30:37,428 INFO o.a.j.t.JMeterThread: Thread started: S2 1-324
2026-10-06 08:30:37,448 INFO o.a.j.t.JMeterThread: Thread started: S2 1-325
2026-10-06 08:30:37,468 INFO o.a.j.t.JMeterThread: Thread started: S2 1-326
2026-10-06 08:30:37,487 INFO o.a.j.t.JMeterThread: Thread started: S2 1-327
2026-10-06 08:30:37,508 INFO o.a.j.t.JMeterThread: Thread started: S2 1-328
2026-10-06 08:30:37,527 INFO o.a.j.t.JMeterThread: Thread started: S2 1-329
2026-10-06 08:30:37,548 INFO o.a.j.t.JMeterThread: Thread started: S2 1-330
2026-10-06 08:30:37,568 INFO o.a.j.t.JMeterThread: Thread started: S2 1-331
2026-10-06 08:30:37,587 INFO o.a.j.t.JMeterThread: Thread started: S2 1-332
2026-10-06 08:30:37,609 INFO o.a.j.t.JMeterThread: Thread started: S2 1-333
2026-10-06 08:30:37,627 INFO o.a.j.t.JMeterThread: Thread started: S2 1-334
2026-10-06 08:30:37,649 INFO o.a.j.t.JMeterThread: Thread started: S2 1-335
2026-10-06 08:30:37,668 INFO o.a.j.t.JMeterThread: Thread started: S2 1-336
2026-10-06 08:30:37,688 INFO o.a.j.t.JMeterThread: Thread started: S2 1-337
2026-10-06 08:30:37,708 INFO o.a.j.t.JMeterThread: Thread started: S2 1-338
2026-10-06 08:30:37,728 INFO o.a.j.t.JMeterThread: Thread started: S2 1-339
2026-10-06 08:30:37,748 INFO o.a.j.t.JMeterThread: Thread started: S2 1-340
2026-10-06 08:30:37,767 INFO o.a.j.t.JMeterThread: Thread started: S2 1-341
2026-10-06 08:30:37,788 INFO o.a.j.t.JMeterThread: Thread started: S2 1-342
2026-10-06 08:30:37,808 INFO o.a.j.t.JMeterThread: Thread started: S2 1-343
2026-10-06 08:30:37,829 INFO o.a.j.t.JMeterThread: Thread started: S2 1-344
2026-10-06 08:30:37,848 INFO o.a.j.t.JMeterThread: Thread started: S2 1-345
2026-10-06 08:30:37,868 INFO o.a.j.t.JMeterThread: Thread started: S2 1-346
2026-10-06 08:30:37,888 INFO o.a.j.t.JMeterThread: Thread started: S2 1-347
2026-10-06 08:30:37,907 INFO o.a.j.t.JMeterThread: Thread started: S2 1-348
2026-10-06 08:30:37,928 INFO o.a.j.t.JMeterThread: Thread started: S2 1-349
2026-10-06 08:30:37,948 INFO o.a.j.t.JMeterThread: Thread started: S2 1-350
2026-10-06 08:30:37,968 INFO o.a.j.t.JMeterThread: Thread started: S2 1-351
2026-10-06 08:30:37,989 INFO o.a.j.t.JMeterThread: Thread started: S2 1-352
2026-10-06 08:30:38,007 INFO o.a.j.t.JMeterThread: Thread started: S2 1-353
2026-10-06 08:30:38,028 INFO o.a.j.t.JMeterThread: Thread started: S2 1-354
2026-10-06 08:30:38,050 INFO o.a.j.t.JMeterThread: Thread started: S2 1-355
2026-10-06 08:30:38,069 INFO o.a.j.t.JMeterThread: Thread started: S2 1-356
2026-10-06 08:30:38,088 INFO o.a.j.t.JMeterThread: Thread started: S2 1-357
2026-10-06 08:30:38,109 INFO o.a.j.t.JMeterThread: Thread started: S2 1-358
2026-10-06 08:30:38,128 INFO o.a.j.t.JMeterThread: Thread started: S2 1-359
2026-10-06 08:30:38,148 INFO o.a.j.t.JMeterThread: Thread started: S2 1-360
2026-10-06 08:30:38,167 INFO o.a.j.t.JMeterThread: Thread started: S2 1-361
2026-10-06 08:30:38,188 INFO o.a.j.t.JMeterThread: Thread started: S2 1-362
2026-10-06 08:30:38,208 INFO o.a.j.t.JMeterThread: Thread started: S2 1-363
2026-10-06 08:30:38,228 INFO o.a.j.t.JMeterThread: Thread started: S2 1-364
2026-10-06 08:30:38,248 INFO o.a.j.t.JMeterThread: Thread started: S2 1-365
2026-10-06 08:30:38,268 INFO o.a.j.t.JMeterThread: Thread started: S2 1-366
2026-10-06 08:30:38,287 INFO o.a.j.t.JMeterThread: Thread started: S2 1-367
2026-10-06 08:30:38,309 INFO o.a.j.t.JMeterThread: Thread started: S2 1-368
2026-10-06 08:30:38,329 INFO o.a.j.t.JMeterThread: Thread started: S2 1-369
2026-10-06 08:30:38,348 INFO o.a.j.t.JMeterThread: Thread started: S2 1-370
2026-10-06 08:30:38,368 INFO o.a.j.t.JMeterThread: Thread started: S2 1-371
2026-10-06 08:30:38,388 INFO o.a.j.t.JMeterThread: Thread started: S2 1-372
2026-10-06 08:30:38,408 INFO o.a.j.t.JMeterThread: Thread started: S2 1-373
2026-10-06 08:30:38,427 INFO o.a.j.t.JMeterThread: Thread started: S2 1-374
2026-10-06 08:30:38,448 INFO o.a.j.t.JMeterThread: Thread started: S2 1-375
2026-10-06 08:30:38,468 INFO o.a.j.t.JMeterThread: Thread started: S2 1-376
2026-10-06 08:30:38,488 INFO o.a.j.t.JMeterThread: Thread started: S2 1-377
2026-10-06 08:30:38,508 INFO o.a.j.t.JMeterThread: Thread started: S2 1-378
2026-10-06 08:30:38,529 INFO o.a.j.t.JMeterThread: Thread started: S2 1-379
2026-10-06 08:30:38,548 INFO o.a.j.t.JMeterThread: Thread started: S2 1-380
2026-10-06 08:30:38,569 INFO o.a.j.t.JMeterThread: Thread started: S2 1-381
2026-10-06 08:30:38,589 INFO o.a.j.t.JMeterThread: Thread started: S2 1-382
2026-10-06 08:30:38,608 INFO o.a.j.t.JMeterThread: Thread started: S2 1-383
2026-10-06 08:30:38,628 INFO o.a.j.t.JMeterThread: Thread started: S2 1-384
2026-10-06 08:30:38,648 INFO o.a.j.t.JMeterThread: Thread started: S2 1-385
2026-10-06 08:30:38,678 INFO o.a.j.t.JMeterThread: Thread started: S2 1-386
2026-10-06 08:30:38,689 INFO o.a.j.t.JMeterThread: Thread started: S2 1-387
2026-10-06 08:30:38,709 INFO o.a.j.t.JMeterThread: Thread started: S2 1-388
2026-10-06 08:30:38,728 INFO o.a.j.t.JMeterThread: Thread started: S2 1-389
2026-10-06 08:30:38,748 INFO o.a.j.t.JMeterThread: Thread started: S2 1-390
2026-10-06 08:30:38,768 INFO o.a.j.t.JMeterThread: Thread started: S2 1-391
2026-10-06 08:30:38,788 INFO o.a.j.t.JMeterThread: Thread started: S2 1-392
2026-10-06 08:30:38,808 INFO o.a.j.t.JMeterThread: Thread started: S2 1-393
2026-10-06 08:30:38,828 INFO o.a.j.t.JMeterThread: Thread started: S2 1-394
2026-10-06 08:30:38,848 INFO o.a.j.t.JMeterThread: Thread started: S2 1-395
2026-10-06 08:30:38,868 INFO o.a.j.t.JMeterThread: Thread started: S2 1-396
2026-10-06 08:30:38,888 INFO o.a.j.t.JMeterThread: Thread started: S2 1-397
2026-10-06 08:30:38,908 INFO o.a.j.t.JMeterThread: Thread started: S2 1-398
2026-10-06 08:30:38,927 INFO o.a.j.t.JMeterThread: Thread started: S2 1-399
2026-10-06 08:30:38,948 INFO o.a.j.t.JMeterThread: Thread started: S2 1-400
2026-10-06 08:30:38,969 INFO o.a.j.t.JMeterThread: Thread started: S2 1-401
2026-10-06 08:30:38,988 INFO o.a.j.t.JMeterThread: Thread started: S2 1-402
2026-10-06 08:30:39,008 INFO o.a.j.t.JMeterThread: Thread started: S2 1-403
2026-10-06 08:30:39,028 INFO o.a.j.t.JMeterThread: Thread started: S2 1-404
2026-10-06 08:30:39,047 INFO o.a.j.t.JMeterThread: Thread started: S2 1-405
2026-10-06 08:30:39,069 INFO o.a.j.t.JMeterThread: Thread started: S2 1-406
2026-10-06 08:30:39,087 INFO o.a.j.t.JMeterThread: Thread started: S2 1-407
2026-10-06 08:30:39,109 INFO o.a.j.t.JMeterThread: Thread started: S2 1-408
2026-10-06 08:30:39,128 INFO o.a.j.t.JMeterThread: Thread started: S2 1-409
2026-10-06 08:30:39,148 INFO o.a.j.t.JMeterThread: Thread started: S2 1-410
2026-10-06 08:30:39,168 INFO o.a.j.t.JMeterThread: Thread started: S2 1-411
2026-10-06 08:30:39,189 INFO o.a.j.t.JMeterThread: Thread started: S2 1-412
2026-10-06 08:30:39,208 INFO o.a.j.t.JMeterThread: Thread started: S2 1-413
2026-10-06 08:30:39,229 INFO o.a.j.t.JMeterThread: Thread started: S2 1-414
2026-10-06 08:30:39,248 INFO o.a.j.t.JMeterThread: Thread started: S2 1-415
2026-10-06 08:30:39,268 INFO o.a.j.t.JMeterThread: Thread started: S2 1-416
2026-10-06 08:30:39,287 INFO o.a.j.t.JMeterThread: Thread started: S2 1-417
2026-10-06 08:30:39,308 INFO o.a.j.t.JMeterThread: Thread started: S2 1-418
2026-10-06 08:30:39,329 INFO o.a.j.t.JMeterThread: Thread started: S2 1-419
2026-10-06 08:30:39,347 INFO o.a.j.t.JMeterThread: Thread started: S2 1-420
2026-10-06 08:30:39,368 INFO o.a.j.t.JMeterThread: Thread started: S2 1-421
2026-10-06 08:30:39,387 INFO o.a.j.t.JMeterThread: Thread started: S2 1-422
2026-10-06 08:30:39,409 INFO o.a.j.t.JMeterThread: Thread started: S2 1-423
2026-10-06 08:30:39,428 INFO o.a.j.t.JMeterThread: Thread started: S2 1-424
2026-10-06 08:30:39,448 INFO o.a.j.t.JMeterThread: Thread started: S2 1-425
2026-10-06 08:30:39,468 INFO o.a.j.t.JMeterThread: Thread started: S2 1-426
2026-10-06 08:30:39,487 INFO o.a.j.t.JMeterThread: Thread started: S2 1-427
2026-10-06 08:30:39,509 INFO o.a.j.t.JMeterThread: Thread started: S2 1-428
2026-10-06 08:30:39,527 INFO o.a.j.t.JMeterThread: Thread started: S2 1-429
2026-10-06 08:30:39,548 INFO o.a.j.t.JMeterThread: Thread started: S2 1-430
2026-10-06 08:30:39,569 INFO o.a.j.t.JMeterThread: Thread started: S2 1-431
2026-10-06 08:30:39,587 INFO o.a.j.t.JMeterThread: Thread started: S2 1-432
2026-10-06 08:30:39,608 INFO o.a.j.t.JMeterThread: Thread started: S2 1-433
2026-10-06 08:30:39,627 INFO o.a.j.t.JMeterThread: Thread started: S2 1-434
2026-10-06 08:30:39,647 INFO o.a.j.t.JMeterThread: Thread started: S2 1-435
2026-10-06 08:30:39,669 INFO o.a.j.t.JMeterThread: Thread started: S2 1-436
2026-10-06 08:30:39,687 INFO o.a.j.t.JMeterThread: Thread started: S2 1-437
2026-10-06 08:30:39,708 INFO o.a.j.t.JMeterThread: Thread started: S2 1-438
2026-10-06 08:30:39,729 INFO o.a.j.t.JMeterThread: Thread started: S2 1-439
2026-10-06 08:30:39,752 INFO o.a.j.t.JMeterThread: Thread started: S2 1-440
2026-10-06 08:30:39,769 INFO o.a.j.t.JMeterThread: Thread started: S2 1-441
2026-10-06 08:30:39,789 INFO o.a.j.t.JMeterThread: Thread started: S2 1-442
2026-10-06 08:30:39,807 INFO o.a.j.t.JMeterThread: Thread started: S2 1-443
2026-10-06 08:30:39,828 INFO o.a.j.t.JMeterThread: Thread started: S2 1-444
2026-10-06 08:30:39,848 INFO o.a.j.t.JMeterThread: Thread started: S2 1-445
2026-10-06 08:30:39,868 INFO o.a.j.t.JMeterThread: Thread started: S2 1-446
2026-10-06 08:30:39,888 INFO o.a.j.t.JMeterThread: Thread started: S2 1-447
2026-10-06 08:30:39,907 INFO o.a.j.t.JMeterThread: Thread started: S2 1-448
2026-10-06 08:30:39,928 INFO o.a.j.t.JMeterThread: Thread started: S2 1-449
2026-10-06 08:30:39,947 INFO o.a.j.t.JMeterThread: Thread started: S2 1-450
2026-10-06 08:30:39,968 INFO o.a.j.t.JMeterThread: Thread started: S2 1-451
2026-10-06 08:30:39,987 INFO o.a.j.t.JMeterThread: Thread started: S2 1-452
2026-10-06 08:30:40,008 INFO o.a.j.t.JMeterThread: Thread started: S2 1-453
2026-10-06 08:30:40,029 INFO o.a.j.t.JMeterThread: Thread started: S2 1-454
2026-10-06 08:30:40,049 INFO o.a.j.t.JMeterThread: Thread started: S2 1-455
2026-10-06 08:30:40,069 INFO o.a.j.t.JMeterThread: Thread started: S2 1-456
2026-10-06 08:30:40,088 INFO o.a.j.t.JMeterThread: Thread started: S2 1-457
2026-10-06 08:30:40,109 INFO o.a.j.t.JMeterThread: Thread started: S2 1-458
2026-10-06 08:30:40,128 INFO o.a.j.t.JMeterThread: Thread started: S2 1-459
2026-10-06 08:30:40,148 INFO o.a.j.t.JMeterThread: Thread started: S2 1-460
2026-10-06 08:30:40,168 INFO o.a.j.t.JMeterThread: Thread started: S2 1-461
2026-10-06 08:30:40,188 INFO o.a.j.t.JMeterThread: Thread started: S2 1-462
2026-10-06 08:30:40,208 INFO o.a.j.t.JMeterThread: Thread started: S2 1-463
2026-10-06 08:30:40,229 INFO o.a.j.t.JMeterThread: Thread started: S2 1-464
2026-10-06 08:30:40,249 INFO o.a.j.t.JMeterThread: Thread started: S2 1-465
2026-10-06 08:30:40,269 INFO o.a.j.t.JMeterThread: Thread started: S2 1-466
2026-10-06 08:30:40,288 INFO o.a.j.t.JMeterThread: Thread started: S2 1-467
2026-10-06 08:30:40,308 INFO o.a.j.t.JMeterThread: Thread started: S2 1-468
2026-10-06 08:30:40,328 INFO o.a.j.t.JMeterThread: Thread started: S2 1-469
2026-10-06 08:30:40,347 INFO o.a.j.t.JMeterThread: Thread started: S2 1-470
2026-10-06 08:30:40,368 INFO o.a.j.t.JMeterThread: Thread started: S2 1-471
2026-10-06 08:30:40,388 INFO o.a.j.t.JMeterThread: Thread started: S2 1-472
2026-10-06 08:30:40,408 INFO o.a.j.t.JMeterThread: Thread started: S2 1-473
2026-10-06 08:30:40,427 INFO o.a.j.t.JMeterThread: Thread started: S2 1-474
2026-10-06 08:30:40,448 INFO o.a.j.t.JMeterThread: Thread started: S2 1-475
2026-10-06 08:30:40,467 INFO o.a.j.t.JMeterThread: Thread started: S2 1-476
2026-10-06 08:30:40,488 INFO o.a.j.t.JMeterThread: Thread started: S2 1-477
2026-10-06 08:30:40,508 INFO o.a.j.t.JMeterThread: Thread started: S2 1-478
2026-10-06 08:30:40,527 INFO o.a.j.t.JMeterThread: Thread started: S2 1-479
2026-10-06 08:30:40,548 INFO o.a.j.t.JMeterThread: Thread started: S2 1-480
2026-10-06 08:30:40,568 INFO o.a.j.t.JMeterThread: Thread started: S2 1-481
2026-10-06 08:30:40,588 INFO o.a.j.t.JMeterThread: Thread started: S2 1-482
2026-10-06 08:30:40,608 INFO o.a.j.t.JMeterThread: Thread started: S2 1-483
2026-10-06 08:30:40,629 INFO o.a.j.t.JMeterThread: Thread started: S2 1-484
2026-10-06 08:30:40,648 INFO o.a.j.t.JMeterThread: Thread started: S2 1-485
2026-10-06 08:30:40,668 INFO o.a.j.t.JMeterThread: Thread started: S2 1-486
2026-10-06 08:30:40,689 INFO o.a.j.t.JMeterThread: Thread started: S2 1-487
2026-10-06 08:30:40,707 INFO o.a.j.t.JMeterThread: Thread started: S2 1-488
2026-10-06 08:30:40,728 INFO o.a.j.t.JMeterThread: Thread started: S2 1-489
2026-10-06 08:30:40,748 INFO o.a.j.t.JMeterThread: Thread started: S2 1-490
2026-10-06 08:30:40,768 INFO o.a.j.t.JMeterThread: Thread started: S2 1-491
2026-10-06 08:30:40,787 INFO o.a.j.t.JMeterThread: Thread started: S2 1-492
2026-10-06 08:30:40,807 INFO o.a.j.t.JMeterThread: Thread started: S2 1-493
2026-10-06 08:30:40,828 INFO o.a.j.t.JMeterThread: Thread started: S2 1-494
2026-10-06 08:30:40,848 INFO o.a.j.t.JMeterThread: Thread started: S2 1-495
2026-10-06 08:30:40,868 INFO o.a.j.t.JMeterThread: Thread started: S2 1-496
2026-10-06 08:30:40,888 INFO o.a.j.t.JMeterThread: Thread started: S2 1-497
2026-10-06 08:30:40,909 INFO o.a.j.t.JMeterThread: Thread started: S2 1-498
2026-10-06 08:30:40,927 INFO o.a.j.t.JMeterThread: Thread started: S2 1-499
2026-10-06 08:30:40,949 INFO o.a.j.t.JMeterThread: Thread started: S2 1-500
2026-10-06 08:31:00,002 INFO o.a.j.r.Summariser: summary +  10195 in 00:00:29 =  350.8/s Avg:  1221 Min:    38 Max:  1748 Err:     0 (0.00%) Active: 500 Started: 500 Finished: 0
2026-10-06 08:31:00,003 INFO o.a.j.r.Summariser: summary =  10196 in 00:00:30 =  340.6/s Avg:  1221 Min:    38 Max:  1748 Err:     0 (0.00%)
2026-10-06 08:31:30,001 INFO o.a.j.r.Summariser: summary +  11571 in 00:00:30 =  385.7/s Avg:  1372 Min:  1135 Max:  2004 Err:     0 (0.00%) Active: 500 Started: 500 Finished: 0
2026-10-06 08:31:30,001 INFO o.a.j.r.Summariser: summary =  21767 in 00:01:00 =  363.2/s Avg:  1301 Min:    38 Max:  2004 Err:     0 (0.00%)
2026-10-06 08:31:31,012 INFO o.a.j.t.JMeterThread: Stopping because end time detected by thread: S2 1-32
2026-10-06 08:31:31,013 INFO o.a.j.t.JMeterThread: Thread finished: S2 1-32
2026-10-06 08:31:31,021 INFO o.a.j.t.JMeterThread: Stopping because end time detected by thread: S2 1-41
2026-10-06 08:31:31,021 INFO o.a.j.t.JMeterThread: Thread finished: S2 1-41
2026-10-06 08:31:31,033 INFO o.a.j.t.JMeterThread: Stopping because end time detected by thread: S2 1-37
2026-10-06 08:31:31,033 INFO o.a.j.t.JMeterThread: Thread finished: S2 1-37
2026-10-06 08:31:31,046 INFO o.a.j.t.JMeterThread: Stopping because end time detected by thread: S2 1-66
2026-10-06 08:31:31,046 INFO o.a.j.t.JMeterThread: Thread finished: S2 1-66
2026-10-06 08:31:31,058 INFO o.a.j.t.JMeterThread: Stopping because end time detected by thread: S2 1-22
2026-10-06 08:31:31,058 INFO o.a.j.t.JMeterThread: Thread finished: S2 1-22
2026-10-06 08:31:31,064 INFO o.a.j.t.JMeterThread: Stopping because end time detected by thread: S2 1-120
2026-10-06 08:31:31,064 INFO o.a.j.t.JMeterThread: Thread finished: S2 1-120
2026-10-06 08:31:31,067 INFO o.a.j.t.JMeterThread: Stopping because end time detected by thread: S2 1-138
2026-10-06 08:31:31,067 INFO o.a.j.t.JMeterThread: Thread finished: S2 1-138
2026-10-06 08:31:31,068 INFO o.a.j.t.JMeterThread: Stopping because end time detected by thread: S2 1-103
2026-10-06 08:31:31,068 INFO o.a.j.t.JMeterThread: Thread finished: S2 1-103
2026-10-06 08:31:31,077 INFO o.a.j.t.JMeterThread: Stopping because end time detected by thread: S2 1-7
2026-10-06 08:31:31,077 INFO o.a.j.t.JMeterThread: Thread finished: S2 1-7
2026-10-06 08:31:31,088 INFO o.a.j.t.JMeterThread: Stopping because end time detected by thread: S2 1-28
2026-10-06 08:31:31,089 INFO o.a.j.t.JMeterThread: Thread finished: S2 1-28
2026-10-06 08:31:31,090 INFO o.a.j.t.JMeterThread: Stopping because end time detected by thread: S2 1-67
2026-10-06 08:31:31,090 INFO o.a.j.t.JMeterThread: Thread finished: S2 1-67
2026-10-06 08:31:31,099 INFO o.a.j.t.JMeterThread: Stopping because end time detected by thread: S2 1-184
2026-10-06 08:31:31,099 INFO o.a.j.t.JMeterThread: Thread finished: S2 1-184
2026-10-06 08:31:31,109 INFO o.a.j.t.JMeterThread: Stopping because end time detected by thread: S2 1-139
2026-10-06 08:31:31,109 INFO o.a.j.t.JMeterThread: Stopping because end time detected by thread: S2 1-159
2026-10-06 08:31:31,109 INFO o.a.j.t.JMeterThread: Thread finished: S2 1-139
2026-10-06 08:31:31,109 INFO o.a.j.t.JMeterThread: Thread finished: S2 1-159
2026-10-06 08:31:31,119 INFO o.a.j.t.JMeterThread: Stopping because end time detected by thread: S2 1-77
2026-10-06 08:31:31,119 INFO o.a.j.t.JMeterThread: Thread finished: S2 1-77
2026-10-06 08:31:31,129 INFO o.a.j.t.JMeterThread: Stopping because end time detected by thread: S2 1-140
2026-10-06 08:31:31,129 INFO o.a.j.t.JMeterThread: Thread finished: S2 1-140
2026-10-06 08:31:31,130 INFO o.a.j.t.JMeterThread: Stopping because end time detected by thread: S2 1-215
2026-10-06 08:31:31,130 INFO o.a.j.t.JMeterThread: Thread finished: S2 1-215
2026-10-06 08:31:31,141 INFO o.a.j.t.JMeterThread: Stopping because end time detected by thread: S2 1-90
2026-10-06 08:31:31,141 INFO o.a.j.t.JMeterThread: Stopping because end time detected by thread: S2 1-89
2026-10-06 08:31:31,141 INFO o.a.j.t.JMeterThread: Thread finished: S2 1-90
2026-10-06 08:31:31,141 INFO o.a.j.t.JMeterThread: Thread finished: S2 1-89
2026-10-06 08:31:31,150 INFO o.a.j.t.JMeterThread: Stopping because end time detected by thread: S2 1-160
2026-10-06 08:31:31,150 INFO o.a.j.t.JMeterThread: Thread finished: S2 1-160
2026-10-06 08:31:31,160 INFO o.a.j.t.JMeterThread: Stopping because end time detected by thread: S2 1-121
2026-10-06 08:31:31,160 INFO o.a.j.t.JMeterThread: Thread finished: S2 1-121
2026-10-06 08:31:31,162 INFO o.a.j.t.JMeterThread: Stopping because end time detected by thread: S2 1-252
2026-10-06 08:31:31,162 INFO o.a.j.t.JMeterThread: Thread finished: S2 1-252
2026-10-06 08:31:31,163 INFO o.a.j.t.JMeterThread: Stopping because end time detected by thread: S2 1-185
2026-10-06 08:31:31,163 INFO o.a.j.t.JMeterThread: Thread finished: S2 1-185
2026-10-06 08:31:31,173 INFO o.a.j.t.JMeterThread: Stopping because end time detected by thread: S2 1-216
2026-10-06 08:31:31,173 INFO o.a.j.t.JMeterThread: Thread finished: S2 1-216
2026-10-06 08:31:31,173 INFO o.a.j.t.JMeterThread: Stopping because end time detected by thread: S2 1-251
2026-10-06 08:31:31,173 INFO o.a.j.t.JMeterThread: Thread finished: S2 1-251
2026-10-06 08:31:31,183 INFO o.a.j.t.JMeterThread: Stopping because end time detected by thread: S2 1-52
2026-10-06 08:31:31,183 INFO o.a.j.t.JMeterThread: Thread finished: S2 1-52
2026-10-06 08:31:31,184 INFO o.a.j.t.JMeterThread: Stopping because end time detected by thread: S2 1-68
2026-10-06 08:31:31,184 INFO o.a.j.t.JMeterThread: Thread finished: S2 1-68
2026-10-06 08:31:31,193 INFO o.a.j.t.JMeterThread: Stopping because end time detected by thread: S2 1-88
2026-10-06 08:31:31,193 INFO o.a.j.t.JMeterThread: Thread finished: S2 1-88
2026-10-06 08:31:31,195 INFO o.a.j.t.JMeterThread: Stopping because end time detected by thread: S2 1-51
2026-10-06 08:31:31,195 INFO o.a.j.t.JMeterThread: Stopping because end time detected by thread: S2 1-104
2026-10-06 08:31:31,195 INFO o.a.j.t.JMeterThread: Thread finished: S2 1-51
2026-10-06 08:31:31,195 INFO o.a.j.t.JMeterThread: Thread finished: S2 1-104
2026-10-06 08:31:31,195 INFO o.a.j.t.JMeterThread: Stopping because end time detected by thread: S2 1-122
2026-10-06 08:31:31,195 INFO o.a.j.t.JMeterThread: Thread finished: S2 1-122
2026-10-06 08:31:31,205 INFO o.a.j.t.JMeterThread: Stopping because end time detected by thread: S2 1-386
2026-10-06 08:31:31,205 INFO o.a.j.t.JMeterThread: Thread finished: S2 1-386
2026-10-06 08:31:31,206 INFO o.a.j.t.JMeterThread: Stopping because end time detected by thread: S2 1-253
2026-10-06 08:31:31,206 INFO o.a.j.t.JMeterThread: Stopping because end time detected by thread: S2 1-59
2026-10-06 08:31:31,206 INFO o.a.j.t.JMeterThread: Thread finished: S2 1-253
2026-10-06 08:31:31,206 INFO o.a.j.t.JMeterThread: Thread finished: S2 1-59
2026-10-06 08:31:31,217 INFO o.a.j.t.JMeterThread: Stopping because end time detected by thread: S2 1-217
2026-10-06 08:31:31,217 INFO o.a.j.t.JMeterThread: Thread finished: S2 1-217
2026-10-06 08:31:31,218 INFO o.a.j.t.JMeterThread: Stopping because end time detected by thread: S2 1-292
2026-10-06 08:31:31,218 INFO o.a.j.t.JMeterThread: Thread finished: S2 1-292
2026-10-06 08:31:31,218 INFO o.a.j.t.JMeterThread: Stopping because end time detected by thread: S2 1-291
2026-10-06 08:31:31,218 INFO o.a.j.t.JMeterThread: Thread finished: S2 1-291
2026-10-06 08:31:31,218 INFO o.a.j.t.JMeterThread: Stopping because end time detected by thread: S2 1-388
2026-10-06 08:31:31,218 INFO o.a.j.t.JMeterThread: Thread finished: S2 1-388
2026-10-06 08:31:31,228 INFO o.a.j.t.JMeterThread: Stopping because end time detected by thread: S2 1-186
2026-10-06 08:31:31,228 INFO o.a.j.t.JMeterThread: Thread finished: S2 1-186
2026-10-06 08:31:31,229 INFO o.a.j.t.JMeterThread: Stopping because end time detected by thread: S2 1-105
2026-10-06 08:31:31,230 INFO o.a.j.t.JMeterThread: Stopping because end time detected by thread: S2 1-161
2026-10-06 08:31:31,230 INFO o.a.j.t.JMeterThread: Thread finished: S2 1-105
2026-10-06 08:31:31,230 INFO o.a.j.t.JMeterThread: Thread finished: S2 1-161
2026-10-06 08:31:31,230 INFO o.a.j.t.JMeterThread: Stopping because end time detected by thread: S2 1-18
2026-10-06 08:31:31,230 INFO o.a.j.t.JMeterThread: Thread finished: S2 1-18
2026-10-06 08:31:31,239 INFO o.a.j.t.JMeterThread: Stopping because end time detected by thread: S2 1-338
2026-10-06 08:31:31,239 INFO o.a.j.t.JMeterThread: Thread finished: S2 1-338
2026-10-06 08:31:31,240 INFO o.a.j.t.JMeterThread: Stopping because end time detected by thread: S2 1-293
2026-10-06 08:31:31,241 INFO o.a.j.t.JMeterThread: Thread finished: S2 1-293
2026-10-06 08:31:31,241 INFO o.a.j.t.JMeterThread: Stopping because end time detected by thread: S2 1-78
2026-10-06 08:31:31,241 INFO o.a.j.t.JMeterThread: Stopping because end time detected by thread: S2 1-218
2026-10-06 08:31:31,241 INFO o.a.j.t.JMeterThread: Thread finished: S2 1-78
2026-10-06 08:31:31,241 INFO o.a.j.t.JMeterThread: Thread finished: S2 1-218
2026-10-06 08:31:31,251 INFO o.a.j.t.JMeterThread: Stopping because end time detected by thread: S2 1-442
2026-10-06 08:31:31,251 INFO o.a.j.t.JMeterThread: Thread finished: S2 1-442
2026-10-06 08:31:31,252 INFO o.a.j.t.JMeterThread: Stopping because end time detected by thread: S2 1-10
2026-10-06 08:31:31,252 INFO o.a.j.t.JMeterThread: Thread finished: S2 1-10
2026-10-06 08:31:31,252 INFO o.a.j.t.JMeterThread: Stopping because end time detected by thread: S2 1-43
2026-10-06 08:31:31,252 INFO o.a.j.t.JMeterThread: Stopping because end time detected by thread: S2 1-24
2026-10-06 08:31:31,252 INFO o.a.j.t.JMeterThread: Thread finished: S2 1-43
2026-10-06 08:31:31,252 INFO o.a.j.t.JMeterThread: Thread finished: S2 1-24
2026-10-06 08:31:31,262 INFO o.a.j.t.JMeterThread: Stopping because end time detected by thread: S2 1-337
2026-10-06 08:31:31,262 INFO o.a.j.t.JMeterThread: Thread finished: S2 1-337
2026-10-06 08:31:31,263 INFO o.a.j.t.JMeterThread: Stopping because end time detected by thread: S2 1-389
2026-10-06 08:31:31,263 INFO o.a.j.t.JMeterThread: Thread finished: S2 1-389
2026-10-06 08:31:31,263 INFO o.a.j.t.JMeterThread: Stopping because end time detected by thread: S2 1-444
2026-10-06 08:31:31,263 INFO o.a.j.t.JMeterThread: Thread finished: S2 1-444
2026-10-06 08:31:31,263 INFO o.a.j.t.JMeterThread: Stopping because end time detected by thread: S2 1-443
2026-10-06 08:31:31,263 INFO o.a.j.t.JMeterThread: Thread finished: S2 1-443
2026-10-06 08:31:31,273 INFO o.a.j.t.JMeterThread: Stopping because end time detected by thread: S2 1-141
2026-10-06 08:31:31,273 INFO o.a.j.t.JMeterThread: Thread finished: S2 1-141
2026-10-06 08:31:31,275 INFO o.a.j.t.JMeterThread: Stopping because end time detected by thread: S2 1-123
2026-10-06 08:31:31,275 INFO o.a.j.t.JMeterThread: Stopping because end time detected by thread: S2 1-254
2026-10-06 08:31:31,275 INFO o.a.j.t.JMeterThread: Thread finished: S2 1-123
2026-10-06 08:31:31,275 INFO o.a.j.t.JMeterThread: Stopping because end time detected by thread: S2 1-339
2026-10-06 08:31:31,275 INFO o.a.j.t.JMeterThread: Thread finished: S2 1-254
2026-10-06 08:31:31,275 INFO o.a.j.t.JMeterThread: Thread finished: S2 1-339
2026-10-06 08:31:31,284 INFO o.a.j.t.JMeterThread: Stopping because end time detected by thread: S2 1-294
2026-10-06 08:31:31,284 INFO o.a.j.t.JMeterThread: Thread finished: S2 1-294
2026-10-06 08:31:31,285 INFO o.a.j.t.JMeterThread: Stopping because end time detected by thread: S2 1-187
2026-10-06 08:31:31,285 INFO o.a.j.t.JMeterThread: Stopping because end time detected by thread: S2 1-256
2026-10-06 08:31:31,285 INFO o.a.j.t.JMeterThread: Thread finished: S2 1-187
2026-10-06 08:31:31,285 INFO o.a.j.t.JMeterThread: Stopping because end time detected by thread: S2 1-390
2026-10-06 08:31:31,285 INFO o.a.j.t.JMeterThread: Thread finished: S2 1-256
2026-10-06 08:31:31,286 INFO o.a.j.t.JMeterThread: Thread finished: S2 1-390
2026-10-06 08:31:31,296 INFO o.a.j.t.JMeterThread: Stopping because end time detected by thread: S2 1-295
2026-10-06 08:31:31,296 INFO o.a.j.t.JMeterThread: Thread finished: S2 1-295
2026-10-06 08:31:31,297 INFO o.a.j.t.JMeterThread: Stopping because end time detected by thread: S2 1-188
2026-10-06 08:31:31,297 INFO o.a.j.t.JMeterThread: Stopping because end time detected by thread: S2 1-445
2026-10-06 08:31:31,297 INFO o.a.j.t.JMeterThread: Thread finished: S2 1-188
2026-10-06 08:31:31,297 INFO o.a.j.t.JMeterThread: Thread finished: S2 1-445
2026-10-06 08:31:31,297 INFO o.a.j.t.JMeterThread: Stopping because end time detected by thread: S2 1-255
2026-10-06 08:31:31,298 INFO o.a.j.t.JMeterThread: Thread finished: S2 1-255
2026-10-06 08:31:31,309 INFO o.a.j.t.JMeterThread: Stopping because end time detected by thread: S2 1-162
2026-10-06 08:31:31,309 INFO o.a.j.t.JMeterThread: Thread finished: S2 1-162
2026-10-06 08:31:31,310 INFO o.a.j.t.JMeterThread: Stopping because end time detected by thread: S2 1-391
2026-10-06 08:31:31,310 INFO o.a.j.t.JMeterThread: Stopping because end time detected by thread: S2 1-220
2026-10-06 08:31:31,310 INFO o.a.j.t.JMeterThread: Stopping because end time detected by thread: S2 1-219
2026-10-06 08:31:31,310 INFO o.a.j.t.JMeterThread: Thread finished: S2 1-391
2026-10-06 08:31:31,310 INFO o.a.j.t.JMeterThread: Thread finished: S2 1-220
2026-10-06 08:31:31,310 INFO o.a.j.t.JMeterThread: Thread finished: S2 1-219
2026-10-06 08:31:31,320 INFO o.a.j.t.JMeterThread: Stopping because end time detected by thread: S2 1-340
2026-10-06 08:31:31,320 INFO o.a.j.t.JMeterThread: Thread finished: S2 1-340
2026-10-06 08:31:31,322 INFO o.a.j.t.JMeterThread: Stopping because end time detected by thread: S2 1-163
2026-10-06 08:31:31,322 INFO o.a.j.t.JMeterThread: Thread finished: S2 1-163
2026-10-06 08:31:31,322 INFO o.a.j.t.JMeterThread: Stopping because end time detected by thread: S2 1-221
2026-10-06 08:31:31,322 INFO o.a.j.t.JMeterThread: Thread finished: S2 1-221
2026-10-06 08:31:31,322 INFO o.a.j.t.JMeterThread: Stopping because end time detected by thread: S2 1-21
2026-10-06 08:31:31,322 INFO o.a.j.t.JMeterThread: Thread finished: S2 1-21
2026-10-06 08:31:31,333 INFO o.a.j.t.JMeterThread: Stopping because end time detected by thread: S2 1-16
2026-10-06 08:31:31,333 INFO o.a.j.t.JMeterThread: Thread finished: S2 1-16
2026-10-06 08:31:31,334 INFO o.a.j.t.JMeterThread: Stopping because end time detected by thread: S2 1-79
2026-10-06 08:31:31,334 INFO o.a.j.t.JMeterThread: Stopping because end time detected by thread: S2 1-106
2026-10-06 08:31:31,334 INFO o.a.j.t.JMeterThread: Stopping because end time detected by thread: S2 1-392
2026-10-06 08:31:31,334 INFO o.a.j.t.JMeterThread: Thread finished: S2 1-79
2026-10-06 08:31:31,334 INFO o.a.j.t.JMeterThread: Thread finished: S2 1-106
2026-10-06 08:31:31,334 INFO o.a.j.t.JMeterThread: Thread finished: S2 1-392
2026-10-06 08:31:31,346 INFO o.a.j.t.JMeterThread: Stopping because end time detected by thread: S2 1-91
2026-10-06 08:31:31,346 INFO o.a.j.t.JMeterThread: Thread finished: S2 1-91
2026-10-06 08:31:31,347 INFO o.a.j.t.JMeterThread: Stopping because end time detected by thread: S2 1-124
2026-10-06 08:31:31,347 INFO o.a.j.t.JMeterThread: Stopping because end time detected by thread: S2 1-142
2026-10-06 08:31:31,347 INFO o.a.j.t.JMeterThread: Thread finished: S2 1-124
2026-10-06 08:31:31,347 INFO o.a.j.t.JMeterThread: Thread finished: S2 1-142
2026-10-06 08:31:31,347 INFO o.a.j.t.JMeterThread: Stopping because end time detected by thread: S2 1-341
2026-10-06 08:31:31,347 INFO o.a.j.t.JMeterThread: Thread finished: S2 1-341
2026-10-06 08:31:31,357 INFO o.a.j.t.JMeterThread: Stopping because end time detected by thread: S2 1-60
2026-10-06 08:31:31,357 INFO o.a.j.t.JMeterThread: Stopping because end time detected by thread: S2 1-447
2026-10-06 08:31:31,358 INFO o.a.j.t.JMeterThread: Thread finished: S2 1-60
2026-10-06 08:31:31,358 INFO o.a.j.t.JMeterThread: Thread finished: S2 1-447
2026-10-06 08:31:31,359 INFO o.a.j.t.JMeterThread: Stopping because end time detected by thread: S2 1-143
2026-10-06 08:31:31,359 INFO o.a.j.t.JMeterThread: Stopping because end time detected by thread: S2 1-189
2026-10-06 08:31:31,359 INFO o.a.j.t.JMeterThread: Thread finished: S2 1-143
2026-10-06 08:31:31,359 INFO o.a.j.t.JMeterThread: Thread finished: S2 1-189
2026-10-06 08:31:31,367 INFO o.a.j.t.JMeterThread: Stopping because end time detected by thread: S2 1-296
2026-10-06 08:31:31,367 INFO o.a.j.t.JMeterThread: Thread finished: S2 1-296
2026-10-06 08:31:31,368 INFO o.a.j.t.JMeterThread: Stopping because end time detected by thread: S2 1-343
2026-10-06 08:31:31,369 INFO o.a.j.t.JMeterThread: Stopping because end time detected by thread: S2 1-446
2026-10-06 08:31:31,369 INFO o.a.j.t.JMeterThread: Thread finished: S2 1-343
2026-10-06 08:31:31,369 INFO o.a.j.t.JMeterThread: Thread finished: S2 1-446
2026-10-06 08:31:31,369 INFO o.a.j.t.JMeterThread: Stopping because end time detected by thread: S2 1-92
2026-10-06 08:31:31,369 INFO o.a.j.t.JMeterThread: Thread finished: S2 1-92
2026-10-06 08:31:31,379 INFO o.a.j.t.JMeterThread: Stopping because end time detected by thread: S2 1-257
2026-10-06 08:31:31,379 INFO o.a.j.t.JMeterThread: Thread finished: S2 1-257
2026-10-06 08:31:31,380 INFO o.a.j.t.JMeterThread: Stopping because end time detected by thread: S2 1-69
2026-10-06 08:31:31,380 INFO o.a.j.t.JMeterThread: Thread finished: S2 1-69
2026-10-06 08:31:31,380 INFO o.a.j.t.JMeterThread: Stopping because end time detected by thread: S2 1-342
2026-10-06 08:31:31,380 INFO o.a.j.t.JMeterThread: Thread finished: S2 1-342
2026-10-06 08:31:31,380 INFO o.a.j.t.JMeterThread: Stopping because end time detected by thread: S2 1-394
2026-10-06 08:31:31,380 INFO o.a.j.t.JMeterThread: Thread finished: S2 1-394
2026-10-06 08:31:31,390 INFO o.a.j.t.JMeterThread: Stopping because end time detected by thread: S2 1-258
2026-10-06 08:31:31,390 INFO o.a.j.t.JMeterThread: Thread finished: S2 1-258
2026-10-06 08:31:31,391 INFO o.a.j.t.JMeterThread: Stopping because end time detected by thread: S2 1-449
2026-10-06 08:31:31,391 INFO o.a.j.t.JMeterThread: Stopping because end time detected by thread: S2 1-393
2026-10-06 08:31:31,391 INFO o.a.j.t.JMeterThread: Thread finished: S2 1-449
2026-10-06 08:31:31,391 INFO o.a.j.t.JMeterThread: Thread finished: S2 1-393
2026-10-06 08:31:31,391 INFO o.a.j.t.JMeterThread: Stopping because end time detected by thread: S2 1-448
2026-10-06 08:31:31,391 INFO o.a.j.t.JMeterThread: Thread finished: S2 1-448
2026-10-06 08:31:31,401 INFO o.a.j.t.JMeterThread: Stopping because end time detected by thread: S2 1-38
2026-10-06 08:31:31,402 INFO o.a.j.t.JMeterThread: Thread finished: S2 1-38
2026-10-06 08:31:31,402 INFO o.a.j.t.JMeterThread: Stopping because end time detected by thread: S2 1-190
2026-10-06 08:31:31,402 INFO o.a.j.t.JMeterThread: Stopping because end time detected by thread: S2 1-12
2026-10-06 08:31:31,402 INFO o.a.j.t.JMeterThread: Thread finished: S2 1-190
2026-10-06 08:31:31,402 INFO o.a.j.t.JMeterThread: Thread finished: S2 1-12
2026-10-06 08:31:31,403 INFO o.a.j.t.JMeterThread: Stopping because end time detected by thread: S2 1-25
2026-10-06 08:31:31,403 INFO o.a.j.t.JMeterThread: Thread finished: S2 1-25
2026-10-06 08:31:31,413 INFO o.a.j.t.JMeterThread: Stopping because end time detected by thread: S2 1-395
2026-10-06 08:31:31,413 INFO o.a.j.t.JMeterThread: Thread finished: S2 1-395
2026-10-06 08:31:31,414 INFO o.a.j.t.JMeterThread: Stopping because end time detected by thread: S2 1-297
2026-10-06 08:31:31,414 INFO o.a.j.t.JMeterThread: Stopping because end time detected by thread: S2 1-222
2026-10-06 08:31:31,414 INFO o.a.j.t.JMeterThread: Thread finished: S2 1-297
2026-10-06 08:31:31,414 INFO o.a.j.t.JMeterThread: Thread finished: S2 1-222
2026-10-06 08:31:31,414 INFO o.a.j.t.JMeterThread: Stopping because end time detected by thread: S2 1-1
2026-10-06 08:31:31,414 INFO o.a.j.t.JMeterThread: Thread finished: S2 1-1
2026-10-06 08:31:31,424 INFO o.a.j.t.JMeterThread: Stopping because end time detected by thread: S2 1-44
2026-10-06 08:31:31,425 INFO o.a.j.t.JMeterThread: Thread finished: S2 1-44
2026-10-06 08:31:31,426 INFO o.a.j.t.JMeterThread: Stopping because end time detected by thread: S2 1-298
2026-10-06 08:31:31,426 INFO o.a.j.t.JMeterThread: Thread finished: S2 1-298
2026-10-06 08:31:31,426 INFO o.a.j.t.JMeterThread: Stopping because end time detected by thread: S2 1-223
2026-10-06 08:31:31,426 INFO o.a.j.t.JMeterThread: Stopping because end time detected by thread: S2 1-299
2026-10-06 08:31:31,426 INFO o.a.j.t.JMeterThread: Thread finished: S2 1-223
2026-10-06 08:31:31,426 INFO o.a.j.t.JMeterThread: Thread finished: S2 1-299
2026-10-06 08:31:31,436 INFO o.a.j.t.JMeterThread: Stopping because end time detected by thread: S2 1-191
2026-10-06 08:31:31,436 INFO o.a.j.t.JMeterThread: Thread finished: S2 1-191
2026-10-06 08:31:31,437 INFO o.a.j.t.JMeterThread: Stopping because end time detected by thread: S2 1-144
2026-10-06 08:31:31,437 INFO o.a.j.t.JMeterThread: Stopping because end time detected by thread: S2 1-259
2026-10-06 08:31:31,437 INFO o.a.j.t.JMeterThread: Thread finished: S2 1-144
2026-10-06 08:31:31,437 INFO o.a.j.t.JMeterThread: Stopping because end time detected by thread: S2 1-80
2026-10-06 08:31:31,437 INFO o.a.j.t.JMeterThread: Thread finished: S2 1-259
2026-10-06 08:31:31,437 INFO o.a.j.t.JMeterThread: Thread finished: S2 1-80
2026-10-06 08:31:31,446 INFO o.a.j.t.JMeterThread: Stopping because end time detected by thread: S2 1-344
2026-10-06 08:31:31,447 INFO o.a.j.t.JMeterThread: Thread finished: S2 1-344
2026-10-06 08:31:31,448 INFO o.a.j.t.JMeterThread: Stopping because end time detected by thread: S2 1-345
2026-10-06 08:31:31,448 INFO o.a.j.t.JMeterThread: Thread finished: S2 1-345
2026-10-06 08:31:31,448 INFO o.a.j.t.JMeterThread: Stopping because end time detected by thread: S2 1-396
2026-10-06 08:31:31,448 INFO o.a.j.t.JMeterThread: Thread finished: S2 1-396
2026-10-06 08:31:31,448 INFO o.a.j.t.JMeterThread: Stopping because end time detected by thread: S2 1-260
2026-10-06 08:31:31,448 INFO o.a.j.t.JMeterThread: Thread finished: S2 1-260
2026-10-06 08:31:31,457 INFO o.a.j.t.JMeterThread: Stopping because end time detected by thread: S2 1-93
2026-10-06 08:31:31,457 INFO o.a.j.t.JMeterThread: Thread finished: S2 1-93
2026-10-06 08:31:31,459 INFO o.a.j.t.JMeterThread: Stopping because end time detected by thread: S2 1-45
2026-10-06 08:31:31,459 INFO o.a.j.t.JMeterThread: Stopping because end time detected by thread: S2 1-450
2026-10-06 08:31:31,459 INFO o.a.j.t.JMeterThread: Stopping because end time detected by thread: S2 1-346
2026-10-06 08:31:31,459 INFO o.a.j.t.JMeterThread: Thread finished: S2 1-45
2026-10-06 08:31:31,459 INFO o.a.j.t.JMeterThread: Thread finished: S2 1-450
2026-10-06 08:31:31,459 INFO o.a.j.t.JMeterThread: Thread finished: S2 1-346
2026-10-06 08:31:31,469 INFO o.a.j.t.JMeterThread: Stopping because end time detected by thread: S2 1-107
2026-10-06 08:31:31,469 INFO o.a.j.t.JMeterThread: Thread finished: S2 1-107
2026-10-06 08:31:31,470 INFO o.a.j.t.JMeterThread: Stopping because end time detected by thread: S2 1-451
2026-10-06 08:31:31,470 INFO o.a.j.t.JMeterThread: Stopping because end time detected by thread: S2 1-224
2026-10-06 08:31:31,470 INFO o.a.j.t.JMeterThread: Thread finished: S2 1-451
2026-10-06 08:31:31,470 INFO o.a.j.t.JMeterThread: Thread finished: S2 1-224
2026-10-06 08:31:31,470 INFO o.a.j.t.JMeterThread: Stopping because end time detected by thread: S2 1-300
2026-10-06 08:31:31,471 INFO o.a.j.t.JMeterThread: Thread finished: S2 1-300
2026-10-06 08:31:31,481 INFO o.a.j.t.JMeterThread: Stopping because end time detected by thread: S2 1-347
2026-10-06 08:31:31,481 INFO o.a.j.t.JMeterThread: Thread finished: S2 1-347
2026-10-06 08:31:31,482 INFO o.a.j.t.JMeterThread: Stopping because end time detected by thread: S2 1-192
2026-10-06 08:31:31,482 INFO o.a.j.t.JMeterThread: Stopping because end time detected by thread: S2 1-225
2026-10-06 08:31:31,482 INFO o.a.j.t.JMeterThread: Thread finished: S2 1-192
2026-10-06 08:31:31,482 INFO o.a.j.t.JMeterThread: Thread finished: S2 1-225
2026-10-06 08:31:31,482 INFO o.a.j.t.JMeterThread: Stopping because end time detected by thread: S2 1-164
2026-10-06 08:31:31,483 INFO o.a.j.t.JMeterThread: Thread finished: S2 1-164
2026-10-06 08:31:31,493 INFO o.a.j.t.JMeterThread: Stopping because end time detected by thread: S2 1-301
2026-10-06 08:31:31,493 INFO o.a.j.t.JMeterThread: Thread finished: S2 1-301
2026-10-06 08:31:31,494 INFO o.a.j.t.JMeterThread: Stopping because end time detected by thread: S2 1-397
2026-10-06 08:31:31,494 INFO o.a.j.t.JMeterThread: Stopping because end time detected by thread: S2 1-452
2026-10-06 08:31:31,494 INFO o.a.j.t.JMeterThread: Thread finished: S2 1-397
2026-10-06 08:31:31,494 INFO o.a.j.t.JMeterThread: Thread finished: S2 1-452
2026-10-06 08:31:31,494 INFO o.a.j.t.JMeterThread: Stopping because end time detected by thread: S2 1-8
2026-10-06 08:31:31,494 INFO o.a.j.t.JMeterThread: Thread finished: S2 1-8
2026-10-06 08:31:31,504 INFO o.a.j.t.JMeterThread: Stopping because end time detected by thread: S2 1-61
2026-10-06 08:31:31,504 INFO o.a.j.t.JMeterThread: Thread finished: S2 1-61
2026-10-06 08:31:31,505 INFO o.a.j.t.JMeterThread: Stopping because end time detected by thread: S2 1-125
2026-10-06 08:31:31,505 INFO o.a.j.t.JMeterThread: Thread finished: S2 1-125
2026-10-06 08:31:31,505 INFO o.a.j.t.JMeterThread: Stopping because end time detected by thread: S2 1-166
2026-10-06 08:31:31,506 INFO o.a.j.t.JMeterThread: Thread finished: S2 1-166
2026-10-06 08:31:31,506 INFO o.a.j.t.JMeterThread: Stopping because end time detected by thread: S2 1-14
2026-10-06 08:31:31,506 INFO o.a.j.t.JMeterThread: Thread finished: S2 1-14
2026-10-06 08:31:31,516 INFO o.a.j.t.JMeterThread: Stopping because end time detected by thread: S2 1-165
2026-10-06 08:31:31,516 INFO o.a.j.t.JMeterThread: Thread finished: S2 1-165
2026-10-06 08:31:31,517 INFO o.a.j.t.JMeterThread: Stopping because end time detected by thread: S2 1-348
2026-10-06 08:31:31,517 INFO o.a.j.t.JMeterThread: Stopping because end time detected by thread: S2 1-399
2026-10-06 08:31:31,517 INFO o.a.j.t.JMeterThread: Thread finished: S2 1-348
2026-10-06 08:31:31,517 INFO o.a.j.t.JMeterThread: Thread finished: S2 1-399
2026-10-06 08:31:31,517 INFO o.a.j.t.JMeterThread: Stopping because end time detected by thread: S2 1-398
2026-10-06 08:31:31,517 INFO o.a.j.t.JMeterThread: Thread finished: S2 1-398
2026-10-06 08:31:31,527 INFO o.a.j.t.JMeterThread: Stopping because end time detected by thread: S2 1-108
2026-10-06 08:31:31,527 INFO o.a.j.t.JMeterThread: Thread finished: S2 1-108
2026-10-06 08:31:31,529 INFO o.a.j.t.JMeterThread: Stopping because end time detected by thread: S2 1-261
2026-10-06 08:31:31,529 INFO o.a.j.t.JMeterThread: Thread finished: S2 1-261
2026-10-06 08:31:31,529 INFO o.a.j.t.JMeterThread: Stopping because end time detected by thread: S2 1-453
2026-10-06 08:31:31,529 INFO o.a.j.t.JMeterThread: Thread finished: S2 1-453
2026-10-06 08:31:31,529 INFO o.a.j.t.JMeterThread: Stopping because end time detected by thread: S2 1-126
2026-10-06 08:31:31,529 INFO o.a.j.t.JMeterThread: Thread finished: S2 1-126
2026-10-06 08:31:31,539 INFO o.a.j.t.JMeterThread: Stopping because end time detected by thread: S2 1-145
2026-10-06 08:31:31,539 INFO o.a.j.t.JMeterThread: Thread finished: S2 1-145
2026-10-06 08:31:31,540 INFO o.a.j.t.JMeterThread: Stopping because end time detected by thread: S2 1-33
2026-10-06 08:31:31,540 INFO o.a.j.t.JMeterThread: Stopping because end time detected by thread: S2 1-302
2026-10-06 08:31:31,540 INFO o.a.j.t.JMeterThread: Thread finished: S2 1-33
2026-10-06 08:31:31,540 INFO o.a.j.t.JMeterThread: Thread finished: S2 1-302
2026-10-06 08:31:31,541 INFO o.a.j.t.JMeterThread: Stopping because end time detected by thread: S2 1-262
2026-10-06 08:31:31,541 INFO o.a.j.t.JMeterThread: Thread finished: S2 1-262
2026-10-06 08:31:31,551 INFO o.a.j.t.JMeterThread: Stopping because end time detected by thread: S2 1-455
2026-10-06 08:31:31,551 INFO o.a.j.t.JMeterThread: Thread finished: S2 1-455
2026-10-06 08:31:31,552 INFO o.a.j.t.JMeterThread: Stopping because end time detected by thread: S2 1-193
2026-10-06 08:31:31,552 INFO o.a.j.t.JMeterThread: Thread finished: S2 1-193
2026-10-06 08:31:31,552 INFO o.a.j.t.JMeterThread: Stopping because end time detected by thread: S2 1-226
2026-10-06 08:31:31,552 INFO o.a.j.t.JMeterThread: Stopping because end time detected by thread: S2 1-94
2026-10-06 08:31:31,552 INFO o.a.j.t.JMeterThread: Thread finished: S2 1-226
2026-10-06 08:31:31,552 INFO o.a.j.t.JMeterThread: Thread finished: S2 1-94
2026-10-06 08:31:31,563 INFO o.a.j.t.JMeterThread: Stopping because end time detected by thread: S2 1-454
2026-10-06 08:31:31,563 INFO o.a.j.t.JMeterThread: Thread finished: S2 1-454
2026-10-06 08:31:31,564 INFO o.a.j.t.JMeterThread: Stopping because end time detected by thread: S2 1-167
2026-10-06 08:31:31,564 INFO o.a.j.t.JMeterThread: Stopping because end time detected by thread: S2 1-227
2026-10-06 08:31:31,564 INFO o.a.j.t.JMeterThread: Thread finished: S2 1-167
2026-10-06 08:31:31,564 INFO o.a.j.t.JMeterThread: Thread finished: S2 1-227
2026-10-06 08:31:31,564 INFO o.a.j.t.JMeterThread: Stopping because end time detected by thread: S2 1-349
2026-10-06 08:31:31,564 INFO o.a.j.t.JMeterThread: Thread finished: S2 1-349
2026-10-06 08:31:31,574 INFO o.a.j.t.JMeterThread: Stopping because end time detected by thread: S2 1-400
2026-10-06 08:31:31,574 INFO o.a.j.t.JMeterThread: Thread finished: S2 1-400
2026-10-06 08:31:31,575 INFO o.a.j.t.JMeterThread: Stopping because end time detected by thread: S2 1-263
2026-10-06 08:31:31,575 INFO o.a.j.t.JMeterThread: Stopping because end time detected by thread: S2 1-350
2026-10-06 08:31:31,575 INFO o.a.j.t.JMeterThread: Thread finished: S2 1-263
2026-10-06 08:31:31,575 INFO o.a.j.t.JMeterThread: Thread finished: S2 1-350
2026-10-06 08:31:31,575 INFO o.a.j.t.JMeterThread: Stopping because end time detected by thread: S2 1-29
2026-10-06 08:31:31,575 INFO o.a.j.t.JMeterThread: Thread finished: S2 1-29
2026-10-06 08:31:31,585 INFO o.a.j.t.JMeterThread: Stopping because end time detected by thread: S2 1-401
2026-10-06 08:31:31,586 INFO o.a.j.t.JMeterThread: Thread finished: S2 1-401
2026-10-06 08:31:31,587 INFO o.a.j.t.JMeterThread: Stopping because end time detected by thread: S2 1-146
2026-10-06 08:31:31,587 INFO o.a.j.t.JMeterThread: Stopping because end time detected by thread: S2 1-303
2026-10-06 08:31:31,587 INFO o.a.j.t.JMeterThread: Thread finished: S2 1-146
2026-10-06 08:31:31,587 INFO o.a.j.t.JMeterThread: Stopping because end time detected by thread: S2 1-351
2026-10-06 08:31:31,587 INFO o.a.j.t.JMeterThread: Thread finished: S2 1-303
2026-10-06 08:31:31,587 INFO o.a.j.t.JMeterThread: Thread finished: S2 1-351
2026-10-06 08:31:31,597 INFO o.a.j.t.JMeterThread: Stopping because end time detected by thread: S2 1-81
2026-10-06 08:31:31,598 INFO o.a.j.t.JMeterThread: Thread finished: S2 1-81
2026-10-06 08:31:31,598 INFO o.a.j.t.JMeterThread: Stopping because end time detected by thread: S2 1-23
2026-10-06 08:31:31,598 INFO o.a.j.t.JMeterThread: Thread finished: S2 1-23
2026-10-06 08:31:31,599 INFO o.a.j.t.JMeterThread: Stopping because end time detected by thread: S2 1-194
2026-10-06 08:31:31,599 INFO o.a.j.t.JMeterThread: Stopping because end time detected by thread: S2 1-53
2026-10-06 08:31:31,599 INFO o.a.j.t.JMeterThread: Thread finished: S2 1-194
2026-10-06 08:31:31,599 INFO o.a.j.t.JMeterThread: Thread finished: S2 1-53
2026-10-06 08:31:31,609 INFO o.a.j.t.JMeterThread: Stopping because end time detected by thread: S2 1-456
2026-10-06 08:31:31,610 INFO o.a.j.t.JMeterThread: Thread finished: S2 1-456
2026-10-06 08:31:31,611 INFO o.a.j.t.JMeterThread: Stopping because end time detected by thread: S2 1-19
2026-10-06 08:31:31,611 INFO o.a.j.t.JMeterThread: Stopping because end time detected by thread: S2 1-264
2026-10-06 08:31:31,611 INFO o.a.j.t.JMeterThread: Stopping because end time detected by thread: S2 1-127
2026-10-06 08:31:31,611 INFO o.a.j.t.JMeterThread: Thread finished: S2 1-19
2026-10-06 08:31:31,611 INFO o.a.j.t.JMeterThread: Thread finished: S2 1-264
2026-10-06 08:31:31,611 INFO o.a.j.t.JMeterThread: Thread finished: S2 1-127
2026-10-06 08:31:31,621 INFO o.a.j.t.JMeterThread: Stopping because end time detected by thread: S2 1-402
2026-10-06 08:31:31,621 INFO o.a.j.t.JMeterThread: Thread finished: S2 1-402
2026-10-06 08:31:31,622 INFO o.a.j.t.JMeterThread: Stopping because end time detected by thread: S2 1-9
2026-10-06 08:31:31,622 INFO o.a.j.t.JMeterThread: Stopping because end time detected by thread: S2 1-352
2026-10-06 08:31:31,622 INFO o.a.j.t.JMeterThread: Thread finished: S2 1-9
2026-10-06 08:31:31,622 INFO o.a.j.t.JMeterThread: Stopping because end time detected by thread: S2 1-70
2026-10-06 08:31:31,622 INFO o.a.j.t.JMeterThread: Thread finished: S2 1-352
2026-10-06 08:31:31,622 INFO o.a.j.t.JMeterThread: Thread finished: S2 1-70
2026-10-06 08:31:31,631 INFO o.a.j.t.JMeterThread: Stopping because end time detected by thread: S2 1-403
2026-10-06 08:31:31,632 INFO o.a.j.t.JMeterThread: Thread finished: S2 1-403
2026-10-06 08:31:31,633 INFO o.a.j.t.JMeterThread: Stopping because end time detected by thread: S2 1-304
2026-10-06 08:31:31,633 INFO o.a.j.t.JMeterThread: Thread finished: S2 1-304
2026-10-06 08:31:31,633 INFO o.a.j.t.JMeterThread: Stopping because end time detected by thread: S2 1-228
2026-10-06 08:31:31,633 INFO o.a.j.t.JMeterThread: Thread finished: S2 1-228
2026-10-06 08:31:31,633 INFO o.a.j.t.JMeterThread: Stopping because end time detected by thread: S2 1-305
2026-10-06 08:31:31,633 INFO o.a.j.t.JMeterThread: Thread finished: S2 1-305
2026-10-06 08:31:31,643 INFO o.a.j.t.JMeterThread: Stopping because end time detected by thread: S2 1-109
2026-10-06 08:31:31,643 INFO o.a.j.t.JMeterThread: Thread finished: S2 1-109
2026-10-06 08:31:31,645 INFO o.a.j.t.JMeterThread: Stopping because end time detected by thread: S2 1-457
2026-10-06 08:31:31,645 INFO o.a.j.t.JMeterThread: Stopping because end time detected by thread: S2 1-168
2026-10-06 08:31:31,645 INFO o.a.j.t.JMeterThread: Thread finished: S2 1-457
2026-10-06 08:31:31,645 INFO o.a.j.t.JMeterThread: Stopping because end time detected by thread: S2 1-96
2026-10-06 08:31:31,645 INFO o.a.j.t.JMeterThread: Thread finished: S2 1-168
2026-10-06 08:31:31,645 INFO o.a.j.t.JMeterThread: Thread finished: S2 1-96
2026-10-06 08:31:31,655 INFO o.a.j.t.JMeterThread: Stopping because end time detected by thread: S2 1-195
2026-10-06 08:31:31,655 INFO o.a.j.t.JMeterThread: Thread finished: S2 1-195
2026-10-06 08:31:31,656 INFO o.a.j.t.JMeterThread: Stopping because end time detected by thread: S2 1-71
2026-10-06 08:31:31,656 INFO o.a.j.t.JMeterThread: Thread finished: S2 1-71
2026-10-06 08:31:31,656 INFO o.a.j.t.JMeterThread: Stopping because end time detected by thread: S2 1-265
2026-10-06 08:31:31,656 INFO o.a.j.t.JMeterThread: Stopping because end time detected by thread: S2 1-229
2026-10-06 08:31:31,656 INFO o.a.j.t.JMeterThread: Thread finished: S2 1-265
2026-10-06 08:31:31,656 INFO o.a.j.t.JMeterThread: Thread finished: S2 1-229
2026-10-06 08:31:31,666 INFO o.a.j.t.JMeterThread: Stopping because end time detected by thread: S2 1-459
2026-10-06 08:31:31,667 INFO o.a.j.t.JMeterThread: Thread finished: S2 1-459
2026-10-06 08:31:31,668 INFO o.a.j.t.JMeterThread: Stopping because end time detected by thread: S2 1-404
2026-10-06 08:31:31,668 INFO o.a.j.t.JMeterThread: Stopping because end time detected by thread: S2 1-148
2026-10-06 08:31:31,668 INFO o.a.j.t.JMeterThread: Thread finished: S2 1-404
2026-10-06 08:31:31,668 INFO o.a.j.t.JMeterThread: Thread finished: S2 1-148
2026-10-06 08:31:31,668 INFO o.a.j.t.JMeterThread: Stopping because end time detected by thread: S2 1-353
2026-10-06 08:31:31,668 INFO o.a.j.t.JMeterThread: Thread finished: S2 1-353
2026-10-06 08:31:31,678 INFO o.a.j.t.JMeterThread: Stopping because end time detected by thread: S2 1-458
2026-10-06 08:31:31,678 INFO o.a.j.t.JMeterThread: Thread finished: S2 1-458
2026-10-06 08:31:31,679 INFO o.a.j.t.JMeterThread: Stopping because end time detected by thread: S2 1-405
2026-10-06 08:31:31,679 INFO o.a.j.t.JMeterThread: Stopping because end time detected by thread: S2 1-147
2026-10-06 08:31:31,679 INFO o.a.j.t.JMeterThread: Stopping because end time detected by thread: S2 1-82
2026-10-06 08:31:31,679 INFO o.a.j.t.JMeterThread: Thread finished: S2 1-147
2026-10-06 08:31:31,679 INFO o.a.j.t.JMeterThread: Thread finished: S2 1-405
2026-10-06 08:31:31,679 INFO o.a.j.t.JMeterThread: Thread finished: S2 1-82
2026-10-06 08:31:31,689 INFO o.a.j.t.JMeterThread: Stopping because end time detected by thread: S2 1-128
2026-10-06 08:31:31,689 INFO o.a.j.t.JMeterThread: Thread finished: S2 1-128
2026-10-06 08:31:31,691 INFO o.a.j.t.JMeterThread: Stopping because end time detected by thread: S2 1-266
2026-10-06 08:31:31,691 INFO o.a.j.t.JMeterThread: Stopping because end time detected by thread: S2 1-306
2026-10-06 08:31:31,691 INFO o.a.j.t.JMeterThread: Thread finished: S2 1-266
2026-10-06 08:31:31,691 INFO o.a.j.t.JMeterThread: Thread finished: S2 1-306
2026-10-06 08:31:31,691 INFO o.a.j.t.JMeterThread: Stopping because end time detected by thread: S2 1-169
2026-10-06 08:31:31,691 INFO o.a.j.t.JMeterThread: Thread finished: S2 1-169
2026-10-06 08:31:31,700 INFO o.a.j.t.JMeterThread: Stopping because end time detected by thread: S2 1-196
2026-10-06 08:31:31,700 INFO o.a.j.t.JMeterThread: Thread finished: S2 1-196
2026-10-06 08:31:31,702 INFO o.a.j.t.JMeterThread: Stopping because end time detected by thread: S2 1-3
2026-10-06 08:31:31,702 INFO o.a.j.t.JMeterThread: Stopping because end time detected by thread: S2 1-307
2026-10-06 08:31:31,702 INFO o.a.j.t.JMeterThread: Thread finished: S2 1-3
2026-10-06 08:31:31,702 INFO o.a.j.t.JMeterThread: Thread finished: S2 1-307
2026-10-06 08:31:31,702 INFO o.a.j.t.JMeterThread: Stopping because end time detected by thread: S2 1-354
2026-10-06 08:31:31,702 INFO o.a.j.t.JMeterThread: Thread finished: S2 1-354
2026-10-06 08:31:31,713 INFO o.a.j.t.JMeterThread: Stopping because end time detected by thread: S2 1-406
2026-10-06 08:31:31,713 INFO o.a.j.t.JMeterThread: Thread finished: S2 1-406
2026-10-06 08:31:31,713 INFO o.a.j.t.JMeterThread: Stopping because end time detected by thread: S2 1-95
2026-10-06 08:31:31,713 INFO o.a.j.t.JMeterThread: Stopping because end time detected by thread: S2 1-461
2026-10-06 08:31:31,713 INFO o.a.j.t.JMeterThread: Stopping because end time detected by thread: S2 1-231
2026-10-06 08:31:31,714 INFO o.a.j.t.JMeterThread: Thread finished: S2 1-95
2026-10-06 08:31:31,714 INFO o.a.j.t.JMeterThread: Thread finished: S2 1-461
2026-10-06 08:31:31,714 INFO o.a.j.t.JMeterThread: Thread finished: S2 1-231
2026-10-06 08:31:31,724 INFO o.a.j.t.JMeterThread: Stopping because end time detected by thread: S2 1-460
2026-10-06 08:31:31,724 INFO o.a.j.t.JMeterThread: Thread finished: S2 1-460
2026-10-06 08:31:31,725 INFO o.a.j.t.JMeterThread: Stopping because end time detected by thread: S2 1-110
2026-10-06 08:31:31,725 INFO o.a.j.t.JMeterThread: Stopping because end time detected by thread: S2 1-355
2026-10-06 08:31:31,725 INFO o.a.j.t.JMeterThread: Thread finished: S2 1-355
2026-10-06 08:31:31,725 INFO o.a.j.t.JMeterThread: Thread finished: S2 1-110
2026-10-06 08:31:31,726 INFO o.a.j.t.JMeterThread: Stopping because end time detected by thread: S2 1-308
2026-10-06 08:31:31,726 INFO o.a.j.t.JMeterThread: Thread finished: S2 1-308
2026-10-06 08:31:31,735 INFO o.a.j.t.JMeterThread: Stopping because end time detected by thread: S2 1-462
2026-10-06 08:31:31,735 INFO o.a.j.t.JMeterThread: Thread finished: S2 1-462
2026-10-06 08:31:31,737 INFO o.a.j.t.JMeterThread: Stopping because end time detected by thread: S2 1-170
2026-10-06 08:31:31,737 INFO o.a.j.t.JMeterThread: Thread finished: S2 1-170
2026-10-06 08:31:31,737 INFO o.a.j.t.JMeterThread: Stopping because end time detected by thread: S2 1-268
2026-10-06 08:31:31,737 INFO o.a.j.t.JMeterThread: Thread finished: S2 1-268
2026-10-06 08:31:31,737 INFO o.a.j.t.JMeterThread: Stopping because end time detected by thread: S2 1-407
2026-10-06 08:31:31,737 INFO o.a.j.t.JMeterThread: Thread finished: S2 1-407
2026-10-06 08:31:31,746 INFO o.a.j.t.JMeterThread: Stopping because end time detected by thread: S2 1-267
2026-10-06 08:31:31,746 INFO o.a.j.t.JMeterThread: Thread finished: S2 1-267
2026-10-06 08:31:31,748 INFO o.a.j.t.JMeterThread: Stopping because end time detected by thread: S2 1-408
2026-10-06 08:31:31,748 INFO o.a.j.t.JMeterThread: Stopping because end time detected by thread: S2 1-356
2026-10-06 08:31:31,748 INFO o.a.j.t.JMeterThread: Thread finished: S2 1-408
2026-10-06 08:31:31,748 INFO o.a.j.t.JMeterThread: Thread finished: S2 1-356
2026-10-06 08:31:31,748 INFO o.a.j.t.JMeterThread: Stopping because end time detected by thread: S2 1-149
2026-10-06 08:31:31,748 INFO o.a.j.t.JMeterThread: Thread finished: S2 1-149
2026-10-06 08:31:31,759 INFO o.a.j.t.JMeterThread: Stopping because end time detected by thread: S2 1-4
2026-10-06 08:31:31,759 INFO o.a.j.t.JMeterThread: Thread finished: S2 1-4
2026-10-06 08:31:31,760 INFO o.a.j.t.JMeterThread: Stopping because end time detected by thread: S2 1-55
2026-10-06 08:31:31,760 INFO o.a.j.t.JMeterThread: Thread finished: S2 1-55
2026-10-06 08:31:31,760 INFO o.a.j.t.JMeterThread: Stopping because end time detected by thread: S2 1-54
2026-10-06 08:31:31,760 INFO o.a.j.t.JMeterThread: Thread finished: S2 1-54
2026-10-06 08:31:31,761 INFO o.a.j.t.JMeterThread: Stopping because end time detected by thread: S2 1-230
2026-10-06 08:31:31,761 INFO o.a.j.t.JMeterThread: Thread finished: S2 1-230
2026-10-06 08:31:31,770 INFO o.a.j.t.JMeterThread: Stopping because end time detected by thread: S2 1-39
2026-10-06 08:31:31,770 INFO o.a.j.t.JMeterThread: Thread finished: S2 1-39
2026-10-06 08:31:31,771 INFO o.a.j.t.JMeterThread: Stopping because end time detected by thread: S2 1-197
2026-10-06 08:31:31,771 INFO o.a.j.t.JMeterThread: Thread finished: S2 1-197
2026-10-06 08:31:31,772 INFO o.a.j.t.JMeterThread: Stopping because end time detected by thread: S2 1-46
2026-10-06 08:31:31,772 INFO o.a.j.t.JMeterThread: Stopping because end time detected by thread: S2 1-232
2026-10-06 08:31:31,772 INFO o.a.j.t.JMeterThread: Thread finished: S2 1-46
2026-10-06 08:31:31,772 INFO o.a.j.t.JMeterThread: Thread finished: S2 1-232
2026-10-06 08:31:31,781 INFO o.a.j.t.JMeterThread: Stopping because end time detected by thread: S2 1-309
2026-10-06 08:31:31,781 INFO o.a.j.t.JMeterThread: Thread finished: S2 1-309
2026-10-06 08:31:31,782 INFO o.a.j.t.JMeterThread: Stopping because end time detected by thread: S2 1-269
2026-10-06 08:31:31,782 INFO o.a.j.t.JMeterThread: Stopping because end time detected by thread: S2 1-357
2026-10-06 08:31:31,782 INFO o.a.j.t.JMeterThread: Thread finished: S2 1-269
2026-10-06 08:31:31,782 INFO o.a.j.t.JMeterThread: Thread finished: S2 1-357
2026-10-06 08:31:31,783 INFO o.a.j.t.JMeterThread: Stopping because end time detected by thread: S2 1-111
2026-10-06 08:31:31,783 INFO o.a.j.t.JMeterThread: Thread finished: S2 1-111
2026-10-06 08:31:31,793 INFO o.a.j.t.JMeterThread: Stopping because end time detected by thread: S2 1-72
2026-10-06 08:31:31,793 INFO o.a.j.t.JMeterThread: Thread finished: S2 1-72
2026-10-06 08:31:31,794 INFO o.a.j.t.JMeterThread: Stopping because end time detected by thread: S2 1-270
2026-10-06 08:31:31,794 INFO o.a.j.t.JMeterThread: Stopping because end time detected by thread: S2 1-310
2026-10-06 08:31:31,794 INFO o.a.j.t.JMeterThread: Thread finished: S2 1-270
2026-10-06 08:31:31,794 INFO o.a.j.t.JMeterThread: Thread finished: S2 1-310
2026-10-06 08:31:31,795 INFO o.a.j.t.JMeterThread: Stopping because end time detected by thread: S2 1-62
2026-10-06 08:31:31,795 INFO o.a.j.t.JMeterThread: Thread finished: S2 1-62
2026-10-06 08:31:31,804 INFO o.a.j.t.JMeterThread: Stopping because end time detected by thread: S2 1-358
2026-10-06 08:31:31,805 INFO o.a.j.t.JMeterThread: Thread finished: S2 1-358
2026-10-06 08:31:31,806 INFO o.a.j.t.JMeterThread: Stopping because end time detected by thread: S2 1-463
2026-10-06 08:31:31,806 INFO o.a.j.t.JMeterThread: Thread finished: S2 1-463
2026-10-06 08:31:31,806 INFO o.a.j.t.JMeterThread: Stopping because end time detected by thread: S2 1-171
2026-10-06 08:31:31,806 INFO o.a.j.t.JMeterThread: Stopping because end time detected by thread: S2 1-409
2026-10-06 08:31:31,806 INFO o.a.j.t.JMeterThread: Thread finished: S2 1-171
2026-10-06 08:31:31,806 INFO o.a.j.t.JMeterThread: Thread finished: S2 1-409
2026-10-06 08:31:31,815 INFO o.a.j.t.JMeterThread: Stopping because end time detected by thread: S2 1-34
2026-10-06 08:31:31,815 INFO o.a.j.t.JMeterThread: Thread finished: S2 1-34
2026-10-06 08:31:31,817 INFO o.a.j.t.JMeterThread: Stopping because end time detected by thread: S2 1-464
2026-10-06 08:31:31,817 INFO o.a.j.t.JMeterThread: Thread finished: S2 1-464
2026-10-06 08:31:31,817 INFO o.a.j.t.JMeterThread: Stopping because end time detected by thread: S2 1-465
2026-10-06 08:31:31,817 INFO o.a.j.t.JMeterThread: Thread finished: S2 1-465
2026-10-06 08:31:31,817 INFO o.a.j.t.JMeterThread: Stopping because end time detected by thread: S2 1-129
2026-10-06 08:31:31,817 INFO o.a.j.t.JMeterThread: Thread finished: S2 1-129
2026-10-06 08:31:31,826 INFO o.a.j.t.JMeterThread: Stopping because end time detected by thread: S2 1-411
2026-10-06 08:31:31,826 INFO o.a.j.t.JMeterThread: Thread finished: S2 1-411
2026-10-06 08:31:31,828 INFO o.a.j.t.JMeterThread: Stopping because end time detected by thread: S2 1-359
2026-10-06 08:31:31,828 INFO o.a.j.t.JMeterThread: Thread finished: S2 1-359
2026-10-06 08:31:31,828 INFO o.a.j.t.JMeterThread: Stopping because end time detected by thread: S2 1-40
2026-10-06 08:31:31,828 INFO o.a.j.t.JMeterThread: Thread finished: S2 1-40
2026-10-06 08:31:31,828 INFO o.a.j.t.JMeterThread: Stopping because end time detected by thread: S2 1-198
2026-10-06 08:31:31,828 INFO o.a.j.t.JMeterThread: Thread finished: S2 1-198
2026-10-06 08:31:31,837 INFO o.a.j.t.JMeterThread: Stopping because end time detected by thread: S2 1-130
2026-10-06 08:31:31,837 INFO o.a.j.t.JMeterThread: Thread finished: S2 1-130
2026-10-06 08:31:31,838 INFO o.a.j.t.JMeterThread: Stopping because end time detected by thread: S2 1-233
2026-10-06 08:31:31,839 INFO o.a.j.t.JMeterThread: Thread finished: S2 1-233
2026-10-06 08:31:31,839 INFO o.a.j.t.JMeterThread: Stopping because end time detected by thread: S2 1-410
2026-10-06 08:31:31,839 INFO o.a.j.t.JMeterThread: Stopping because end time detected by thread: S2 1-150
2026-10-06 08:31:31,839 INFO o.a.j.t.JMeterThread: Thread finished: S2 1-410
2026-10-06 08:31:31,839 INFO o.a.j.t.JMeterThread: Thread finished: S2 1-150
2026-10-06 08:31:31,849 INFO o.a.j.t.JMeterThread: Stopping because end time detected by thread: S2 1-361
2026-10-06 08:31:31,849 INFO o.a.j.t.JMeterThread: Thread finished: S2 1-361
2026-10-06 08:31:31,851 INFO o.a.j.t.JMeterThread: Stopping because end time detected by thread: S2 1-311
2026-10-06 08:31:31,851 INFO o.a.j.t.JMeterThread: Stopping because end time detected by thread: S2 1-35
2026-10-06 08:31:31,851 INFO o.a.j.t.JMeterThread: Stopping because end time detected by thread: S2 1-84
2026-10-06 08:31:31,851 INFO o.a.j.t.JMeterThread: Thread finished: S2 1-311
2026-10-06 08:31:31,851 INFO o.a.j.t.JMeterThread: Thread finished: S2 1-35
2026-10-06 08:31:31,851 INFO o.a.j.t.JMeterThread: Thread finished: S2 1-84
2026-10-06 08:31:31,861 INFO o.a.j.t.JMeterThread: Stopping because end time detected by thread: S2 1-412
2026-10-06 08:31:31,861 INFO o.a.j.t.JMeterThread: Thread finished: S2 1-412
2026-10-06 08:31:31,862 INFO o.a.j.t.JMeterThread: Stopping because end time detected by thread: S2 1-312
2026-10-06 08:31:31,862 INFO o.a.j.t.JMeterThread: Thread finished: S2 1-312
2026-10-06 08:31:31,863 INFO o.a.j.t.JMeterThread: Stopping because end time detected by thread: S2 1-199
2026-10-06 08:31:31,863 INFO o.a.j.t.JMeterThread: Stopping because end time detected by thread: S2 1-360
2026-10-06 08:31:31,863 INFO o.a.j.t.JMeterThread: Thread finished: S2 1-199
2026-10-06 08:31:31,863 INFO o.a.j.t.JMeterThread: Thread finished: S2 1-360
2026-10-06 08:31:31,872 INFO o.a.j.t.JMeterThread: Stopping because end time detected by thread: S2 1-172
2026-10-06 08:31:31,872 INFO o.a.j.t.JMeterThread: Thread finished: S2 1-172
2026-10-06 08:31:31,873 INFO o.a.j.t.JMeterThread: Stopping because end time detected by thread: S2 1-467
2026-10-06 08:31:31,873 INFO o.a.j.t.JMeterThread: Thread finished: S2 1-467
2026-10-06 08:31:31,874 INFO o.a.j.t.JMeterThread: Stopping because end time detected by thread: S2 1-466
2026-10-06 08:31:31,874 INFO o.a.j.t.JMeterThread: Thread finished: S2 1-466
2026-10-06 08:31:31,874 INFO o.a.j.t.JMeterThread: Stopping because end time detected by thread: S2 1-271
2026-10-06 08:31:31,874 INFO o.a.j.t.JMeterThread: Thread finished: S2 1-271
2026-10-06 08:31:31,883 INFO o.a.j.t.JMeterThread: Stopping because end time detected by thread: S2 1-83
2026-10-06 08:31:31,883 INFO o.a.j.t.JMeterThread: Thread finished: S2 1-83
2026-10-06 08:31:31,885 INFO o.a.j.t.JMeterThread: Stopping because end time detected by thread: S2 1-97
2026-10-06 08:31:31,885 INFO o.a.j.t.JMeterThread: Thread finished: S2 1-97
2026-10-06 08:31:31,886 INFO o.a.j.t.JMeterThread: Stopping because end time detected by thread: S2 1-468
2026-10-06 08:31:31,886 INFO o.a.j.t.JMeterThread: Stopping because end time detected by thread: S2 1-234
2026-10-06 08:31:31,886 INFO o.a.j.t.JMeterThread: Thread finished: S2 1-468
2026-10-06 08:31:31,886 INFO o.a.j.t.JMeterThread: Thread finished: S2 1-234
2026-10-06 08:31:31,894 INFO o.a.j.t.JMeterThread: Stopping because end time detected by thread: S2 1-173
2026-10-06 08:31:31,894 INFO o.a.j.t.JMeterThread: Thread finished: S2 1-173
2026-10-06 08:31:31,896 INFO o.a.j.t.JMeterThread: Stopping because end time detected by thread: S2 1-413
2026-10-06 08:31:31,896 INFO o.a.j.t.JMeterThread: Thread finished: S2 1-413
2026-10-06 08:31:31,896 INFO o.a.j.t.JMeterThread: Stopping because end time detected by thread: S2 1-63
2026-10-06 08:31:31,896 INFO o.a.j.t.JMeterThread: Thread finished: S2 1-63
2026-10-06 08:31:31,896 INFO o.a.j.t.JMeterThread: Stopping because end time detected by thread: S2 1-362
2026-10-06 08:31:31,896 INFO o.a.j.t.JMeterThread: Thread finished: S2 1-362
2026-10-06 08:31:31,905 INFO o.a.j.t.JMeterThread: Stopping because end time detected by thread: S2 1-470
2026-10-06 08:31:31,906 INFO o.a.j.t.JMeterThread: Thread finished: S2 1-470
2026-10-06 08:31:31,907 INFO o.a.j.t.JMeterThread: Stopping because end time detected by thread: S2 1-112
2026-10-06 08:31:31,907 INFO o.a.j.t.JMeterThread: Thread finished: S2 1-112
2026-10-06 08:31:31,907 INFO o.a.j.t.JMeterThread: Stopping because end time detected by thread: S2 1-11
2026-10-06 08:31:31,907 INFO o.a.j.t.JMeterThread: Stopping because end time detected by thread: S2 1-313
2026-10-06 08:31:31,907 INFO o.a.j.t.JMeterThread: Thread finished: S2 1-11
2026-10-06 08:31:31,907 INFO o.a.j.t.JMeterThread: Thread finished: S2 1-313
2026-10-06 08:31:31,915 INFO o.a.j.t.JMeterThread: Stopping because end time detected by thread: S2 1-469
2026-10-06 08:31:31,915 INFO o.a.j.t.JMeterThread: Thread finished: S2 1-469
2026-10-06 08:31:31,917 INFO o.a.j.t.JMeterThread: Stopping because end time detected by thread: S2 1-272
2026-10-06 08:31:31,917 INFO o.a.j.t.JMeterThread: Stopping because end time detected by thread: S2 1-200
2026-10-06 08:31:31,917 INFO o.a.j.t.JMeterThread: Thread finished: S2 1-272
2026-10-06 08:31:31,917 INFO o.a.j.t.JMeterThread: Stopping because end time detected by thread: S2 1-174
2026-10-06 08:31:31,917 INFO o.a.j.t.JMeterThread: Thread finished: S2 1-200
2026-10-06 08:31:31,917 INFO o.a.j.t.JMeterThread: Thread finished: S2 1-174
2026-10-06 08:31:31,926 INFO o.a.j.t.JMeterThread: Stopping because end time detected by thread: S2 1-273
2026-10-06 08:31:31,926 INFO o.a.j.t.JMeterThread: Thread finished: S2 1-273
2026-10-06 08:31:31,927 INFO o.a.j.t.JMeterThread: Stopping because end time detected by thread: S2 1-416
2026-10-06 08:31:31,927 INFO o.a.j.t.JMeterThread: Stopping because end time detected by thread: S2 1-363
2026-10-06 08:31:31,927 INFO o.a.j.t.JMeterThread: Thread finished: S2 1-416
2026-10-06 08:31:31,927 INFO o.a.j.t.JMeterThread: Thread finished: S2 1-363
2026-10-06 08:31:31,927 INFO o.a.j.t.JMeterThread: Stopping because end time detected by thread: S2 1-235
2026-10-06 08:31:31,927 INFO o.a.j.t.JMeterThread: Thread finished: S2 1-235
2026-10-06 08:31:31,937 INFO o.a.j.t.JMeterThread: Stopping because end time detected by thread: S2 1-471
2026-10-06 08:31:31,937 INFO o.a.j.t.JMeterThread: Thread finished: S2 1-471
2026-10-06 08:31:31,938 INFO o.a.j.t.JMeterThread: Stopping because end time detected by thread: S2 1-151
2026-10-06 08:31:31,938 INFO o.a.j.t.JMeterThread: Thread finished: S2 1-151
2026-10-06 08:31:31,938 INFO o.a.j.t.JMeterThread: Stopping because end time detected by thread: S2 1-414
2026-10-06 08:31:31,938 INFO o.a.j.t.JMeterThread: Thread finished: S2 1-414
2026-10-06 08:31:31,938 INFO o.a.j.t.JMeterThread: Stopping because end time detected by thread: S2 1-364
2026-10-06 08:31:31,938 INFO o.a.j.t.JMeterThread: Thread finished: S2 1-364
2026-10-06 08:31:31,948 INFO o.a.j.t.JMeterThread: Stopping because end time detected by thread: S2 1-131
2026-10-06 08:31:31,948 INFO o.a.j.t.JMeterThread: Thread finished: S2 1-131
2026-10-06 08:31:31,949 INFO o.a.j.t.JMeterThread: Stopping because end time detected by thread: S2 1-415
2026-10-06 08:31:31,949 INFO o.a.j.t.JMeterThread: Stopping because end time detected by thread: S2 1-472
2026-10-06 08:31:31,949 INFO o.a.j.t.JMeterThread: Thread finished: S2 1-415
2026-10-06 08:31:31,949 INFO o.a.j.t.JMeterThread: Thread finished: S2 1-472
2026-10-06 08:31:31,949 INFO o.a.j.t.JMeterThread: Stopping because end time detected by thread: S2 1-314
2026-10-06 08:31:31,949 INFO o.a.j.t.JMeterThread: Thread finished: S2 1-314
2026-10-06 08:31:31,960 INFO o.a.j.t.JMeterThread: Stopping because end time detected by thread: S2 1-417
2026-10-06 08:31:31,960 INFO o.a.j.t.JMeterThread: Thread finished: S2 1-417
2026-10-06 08:31:31,961 INFO o.a.j.t.JMeterThread: Stopping because end time detected by thread: S2 1-26
2026-10-06 08:31:31,961 INFO o.a.j.t.JMeterThread: Thread finished: S2 1-26
2026-10-06 08:31:31,961 INFO o.a.j.t.JMeterThread: Stopping because end time detected by thread: S2 1-30
2026-10-06 08:31:31,961 INFO o.a.j.t.JMeterThread: Thread finished: S2 1-30
2026-10-06 08:31:31,961 INFO o.a.j.t.JMeterThread: Stopping because end time detected by thread: S2 1-202
2026-10-06 08:31:31,961 INFO o.a.j.t.JMeterThread: Thread finished: S2 1-202
2026-10-06 08:31:31,971 INFO o.a.j.t.JMeterThread: Stopping because end time detected by thread: S2 1-315
2026-10-06 08:31:31,971 INFO o.a.j.t.JMeterThread: Thread finished: S2 1-315
2026-10-06 08:31:31,972 INFO o.a.j.t.JMeterThread: Stopping because end time detected by thread: S2 1-47
2026-10-06 08:31:31,972 INFO o.a.j.t.JMeterThread: Thread finished: S2 1-47
2026-10-06 08:31:31,972 INFO o.a.j.t.JMeterThread: Stopping because end time detected by thread: S2 1-236
2026-10-06 08:31:31,972 INFO o.a.j.t.JMeterThread: Thread finished: S2 1-236
2026-10-06 08:31:31,972 INFO o.a.j.t.JMeterThread: Stopping because end time detected by thread: S2 1-73
2026-10-06 08:31:31,972 INFO o.a.j.t.JMeterThread: Thread finished: S2 1-73
2026-10-06 08:31:31,982 INFO o.a.j.t.JMeterThread: Stopping because end time detected by thread: S2 1-201
2026-10-06 08:31:31,982 INFO o.a.j.t.JMeterThread: Thread finished: S2 1-201
2026-10-06 08:31:31,983 INFO o.a.j.t.JMeterThread: Stopping because end time detected by thread: S2 1-474
2026-10-06 08:31:31,983 INFO o.a.j.t.JMeterThread: Thread finished: S2 1-474
2026-10-06 08:31:31,983 INFO o.a.j.t.JMeterThread: Stopping because end time detected by thread: S2 1-152
2026-10-06 08:31:31,983 INFO o.a.j.t.JMeterThread: Thread finished: S2 1-152
2026-10-06 08:31:31,985 INFO o.a.j.t.JMeterThread: Stopping because end time detected by thread: S2 1-20
2026-10-06 08:31:31,985 INFO o.a.j.t.JMeterThread: Thread finished: S2 1-20
2026-10-06 08:31:31,996 INFO o.a.j.t.JMeterThread: Stopping because end time detected by thread: S2 1-98
2026-10-06 08:31:31,996 INFO o.a.j.t.JMeterThread: Thread finished: S2 1-98
2026-10-06 08:31:31,997 INFO o.a.j.t.JMeterThread: Stopping because end time detected by thread: S2 1-317
2026-10-06 08:31:31,997 INFO o.a.j.t.JMeterThread: Stopping because end time detected by thread: S2 1-48
2026-10-06 08:31:31,997 INFO o.a.j.t.JMeterThread: Stopping because end time detected by thread: S2 1-316
2026-10-06 08:31:31,997 INFO o.a.j.t.JMeterThread: Thread finished: S2 1-317
2026-10-06 08:31:31,997 INFO o.a.j.t.JMeterThread: Thread finished: S2 1-48
2026-10-06 08:31:31,998 INFO o.a.j.t.JMeterThread: Thread finished: S2 1-316
2026-10-06 08:31:32,009 INFO o.a.j.t.JMeterThread: Stopping because end time detected by thread: S2 1-473
2026-10-06 08:31:32,010 INFO o.a.j.t.JMeterThread: Thread finished: S2 1-473
2026-10-06 08:31:32,011 INFO o.a.j.t.JMeterThread: Stopping because end time detected by thread: S2 1-74
2026-10-06 08:31:32,011 INFO o.a.j.t.JMeterThread: Stopping because end time detected by thread: S2 1-274
2026-10-06 08:31:32,011 INFO o.a.j.t.JMeterThread: Thread finished: S2 1-74
2026-10-06 08:31:32,011 INFO o.a.j.t.JMeterThread: Thread finished: S2 1-274
2026-10-06 08:31:32,011 INFO o.a.j.t.JMeterThread: Stopping because end time detected by thread: S2 1-203
2026-10-06 08:31:32,011 INFO o.a.j.t.JMeterThread: Thread finished: S2 1-203
2026-10-06 08:31:32,023 INFO o.a.j.t.JMeterThread: Stopping because end time detected by thread: S2 1-418
2026-10-06 08:31:32,023 INFO o.a.j.t.JMeterThread: Thread finished: S2 1-418
2026-10-06 08:31:32,025 INFO o.a.j.t.JMeterThread: Stopping because end time detected by thread: S2 1-237
2026-10-06 08:31:32,025 INFO o.a.j.t.JMeterThread: Thread finished: S2 1-237
2026-10-06 08:31:32,025 INFO o.a.j.t.JMeterThread: Stopping because end time detected by thread: S2 1-365
2026-10-06 08:31:32,025 INFO o.a.j.t.JMeterThread: Stopping because end time detected by thread: S2 1-475
2026-10-06 08:31:32,025 INFO o.a.j.t.JMeterThread: Thread finished: S2 1-365
2026-10-06 08:31:32,025 INFO o.a.j.t.JMeterThread: Thread finished: S2 1-475
2026-10-06 08:31:32,038 INFO o.a.j.t.JMeterThread: Stopping because end time detected by thread: S2 1-275
2026-10-06 08:31:32,038 INFO o.a.j.t.JMeterThread: Thread finished: S2 1-275
2026-10-06 08:31:32,039 INFO o.a.j.t.JMeterThread: Stopping because end time detected by thread: S2 1-64
2026-10-06 08:31:32,039 INFO o.a.j.t.JMeterThread: Thread finished: S2 1-64
2026-10-06 08:31:32,039 INFO o.a.j.t.JMeterThread: Stopping because end time detected by thread: S2 1-477
2026-10-06 08:31:32,039 INFO o.a.j.t.JMeterThread: Stopping because end time detected by thread: S2 1-113
2026-10-06 08:31:32,039 INFO o.a.j.t.JMeterThread: Thread finished: S2 1-113
2026-10-06 08:31:32,039 INFO o.a.j.t.JMeterThread: Thread finished: S2 1-477
2026-10-06 08:31:32,055 INFO o.a.j.t.JMeterThread: Stopping because end time detected by thread: S2 1-132
2026-10-06 08:31:32,056 INFO o.a.j.t.JMeterThread: Thread finished: S2 1-132
2026-10-06 08:31:32,056 INFO o.a.j.t.JMeterThread: Stopping because end time detected by thread: S2 1-476
2026-10-06 08:31:32,056 INFO o.a.j.t.JMeterThread: Thread finished: S2 1-476
2026-10-06 08:31:32,056 INFO o.a.j.t.JMeterThread: Stopping because end time detected by thread: S2 1-366
2026-10-06 08:31:32,056 INFO o.a.j.t.JMeterThread: Thread finished: S2 1-366
2026-10-06 08:31:32,056 INFO o.a.j.t.JMeterThread: Stopping because end time detected by thread: S2 1-367
2026-10-06 08:31:32,056 INFO o.a.j.t.JMeterThread: Thread finished: S2 1-367
2026-10-06 08:31:32,071 INFO o.a.j.t.JMeterThread: Stopping because end time detected by thread: S2 1-238
2026-10-06 08:31:32,071 INFO o.a.j.t.JMeterThread: Thread finished: S2 1-238
2026-10-06 08:31:32,072 INFO o.a.j.t.JMeterThread: Stopping because end time detected by thread: S2 1-319
2026-10-06 08:31:32,072 INFO o.a.j.t.JMeterThread: Stopping because end time detected by thread: S2 1-99
2026-10-06 08:31:32,072 INFO o.a.j.t.JMeterThread: Stopping because end time detected by thread: S2 1-13
2026-10-06 08:31:32,072 INFO o.a.j.t.JMeterThread: Thread finished: S2 1-319
2026-10-06 08:31:32,072 INFO o.a.j.t.JMeterThread: Thread finished: S2 1-99
2026-10-06 08:31:32,072 INFO o.a.j.t.JMeterThread: Thread finished: S2 1-13
2026-10-06 08:31:32,085 INFO o.a.j.t.JMeterThread: Stopping because end time detected by thread: S2 1-420
2026-10-06 08:31:32,085 INFO o.a.j.t.JMeterThread: Thread finished: S2 1-420
2026-10-06 08:31:32,086 INFO o.a.j.t.JMeterThread: Stopping because end time detected by thread: S2 1-419
2026-10-06 08:31:32,086 INFO o.a.j.t.JMeterThread: Stopping because end time detected by thread: S2 1-318
2026-10-06 08:31:32,086 INFO o.a.j.t.JMeterThread: Stopping because end time detected by thread: S2 1-114
2026-10-06 08:31:32,086 INFO o.a.j.t.JMeterThread: Thread finished: S2 1-419
2026-10-06 08:31:32,086 INFO o.a.j.t.JMeterThread: Thread finished: S2 1-114
2026-10-06 08:31:32,086 INFO o.a.j.t.JMeterThread: Thread finished: S2 1-318
2026-10-06 08:31:32,099 INFO o.a.j.t.JMeterThread: Stopping because end time detected by thread: S2 1-368
2026-10-06 08:31:32,100 INFO o.a.j.t.JMeterThread: Thread finished: S2 1-368
2026-10-06 08:31:32,101 INFO o.a.j.t.JMeterThread: Stopping because end time detected by thread: S2 1-153
2026-10-06 08:31:32,101 INFO o.a.j.t.JMeterThread: Thread finished: S2 1-153
2026-10-06 08:31:32,101 INFO o.a.j.t.JMeterThread: Stopping because end time detected by thread: S2 1-478
2026-10-06 08:31:32,101 INFO o.a.j.t.JMeterThread: Thread finished: S2 1-478
2026-10-06 08:31:32,106 INFO o.a.j.t.JMeterThread: Stopping because end time detected by thread: S2 1-175
2026-10-06 08:31:32,107 INFO o.a.j.t.JMeterThread: Thread finished: S2 1-175
2026-10-06 08:31:32,115 INFO o.a.j.t.JMeterThread: Stopping because end time detected by thread: S2 1-205
2026-10-06 08:31:32,115 INFO o.a.j.t.JMeterThread: Thread finished: S2 1-205
2026-10-06 08:31:32,117 INFO o.a.j.t.JMeterThread: Stopping because end time detected by thread: S2 1-480
2026-10-06 08:31:32,117 INFO o.a.j.t.JMeterThread: Thread finished: S2 1-480
2026-10-06 08:31:32,117 INFO o.a.j.t.JMeterThread: Stopping because end time detected by thread: S2 1-85
2026-10-06 08:31:32,117 INFO o.a.j.t.JMeterThread: Thread finished: S2 1-85
2026-10-06 08:31:32,121 INFO o.a.j.t.JMeterThread: Stopping because end time detected by thread: S2 1-204
2026-10-06 08:31:32,121 INFO o.a.j.t.JMeterThread: Thread finished: S2 1-204
2026-10-06 08:31:32,129 INFO o.a.j.t.JMeterThread: Stopping because end time detected by thread: S2 1-115
2026-10-06 08:31:32,129 INFO o.a.j.t.JMeterThread: Thread finished: S2 1-115
2026-10-06 08:31:32,132 INFO o.a.j.t.JMeterThread: Stopping because end time detected by thread: S2 1-421
2026-10-06 08:31:32,133 INFO o.a.j.t.JMeterThread: Stopping because end time detected by thread: S2 1-422
2026-10-06 08:31:32,133 INFO o.a.j.t.JMeterThread: Thread finished: S2 1-421
2026-10-06 08:31:32,133 INFO o.a.j.t.JMeterThread: Thread finished: S2 1-422
2026-10-06 08:31:32,134 INFO o.a.j.t.JMeterThread: Stopping because end time detected by thread: S2 1-370
2026-10-06 08:31:32,134 INFO o.a.j.t.JMeterThread: Thread finished: S2 1-370
2026-10-06 08:31:32,146 INFO o.a.j.t.JMeterThread: Stopping because end time detected by thread: S2 1-239
2026-10-06 08:31:32,146 INFO o.a.j.t.JMeterThread: Thread finished: S2 1-239
2026-10-06 08:31:32,147 INFO o.a.j.t.JMeterThread: Stopping because end time detected by thread: S2 1-86
2026-10-06 08:31:32,147 INFO o.a.j.t.JMeterThread: Thread finished: S2 1-86
2026-10-06 08:31:32,149 INFO o.a.j.t.JMeterThread: Stopping because end time detected by thread: S2 1-276
2026-10-06 08:31:32,149 INFO o.a.j.t.JMeterThread: Thread finished: S2 1-276
2026-10-06 08:31:32,152 INFO o.a.j.t.JMeterThread: Stopping because end time detected by thread: S2 1-277
2026-10-06 08:31:32,152 INFO o.a.j.t.JMeterThread: Thread finished: S2 1-277
2026-10-06 08:31:32,163 INFO o.a.j.t.JMeterThread: Stopping because end time detected by thread: S2 1-6
2026-10-06 08:31:32,163 INFO o.a.j.t.JMeterThread: Thread finished: S2 1-6
2026-10-06 08:31:32,167 INFO o.a.j.t.JMeterThread: Stopping because end time detected by thread: S2 1-320
2026-10-06 08:31:32,168 INFO o.a.j.t.JMeterThread: Thread finished: S2 1-320
2026-10-06 08:31:32,168 INFO o.a.j.t.JMeterThread: Stopping because end time detected by thread: S2 1-479
2026-10-06 08:31:32,168 INFO o.a.j.t.JMeterThread: Thread finished: S2 1-479
2026-10-06 08:31:32,168 INFO o.a.j.t.JMeterThread: Stopping because end time detected by thread: S2 1-481
2026-10-06 08:31:32,168 INFO o.a.j.t.JMeterThread: Thread finished: S2 1-481
2026-10-06 08:31:32,181 INFO o.a.j.t.JMeterThread: Stopping because end time detected by thread: S2 1-176
2026-10-06 08:31:32,181 INFO o.a.j.t.JMeterThread: Thread finished: S2 1-176
2026-10-06 08:31:32,182 INFO o.a.j.t.JMeterThread: Stopping because end time detected by thread: S2 1-369
2026-10-06 08:31:32,182 INFO o.a.j.t.JMeterThread: Thread finished: S2 1-369
2026-10-06 08:31:32,183 INFO o.a.j.t.JMeterThread: Stopping because end time detected by thread: S2 1-133
2026-10-06 08:31:32,183 INFO o.a.j.t.JMeterThread: Thread finished: S2 1-133
2026-10-06 08:31:32,184 INFO o.a.j.t.JMeterThread: Stopping because end time detected by thread: S2 1-423
2026-10-06 08:31:32,184 INFO o.a.j.t.JMeterThread: Thread finished: S2 1-423
2026-10-06 08:31:32,195 INFO o.a.j.t.JMeterThread: Stopping because end time detected by thread: S2 1-5
2026-10-06 08:31:32,195 INFO o.a.j.t.JMeterThread: Thread finished: S2 1-5
2026-10-06 08:31:32,197 INFO o.a.j.t.JMeterThread: Stopping because end time detected by thread: S2 1-31
2026-10-06 08:31:32,197 INFO o.a.j.t.JMeterThread: Stopping because end time detected by thread: S2 1-240
2026-10-06 08:31:32,197 INFO o.a.j.t.JMeterThread: Thread finished: S2 1-31
2026-10-06 08:31:32,197 INFO o.a.j.t.JMeterThread: Thread finished: S2 1-240
2026-10-06 08:31:32,198 INFO o.a.j.t.JMeterThread: Stopping because end time detected by thread: S2 1-482
2026-10-06 08:31:32,198 INFO o.a.j.t.JMeterThread: Thread finished: S2 1-482
2026-10-06 08:31:32,209 INFO o.a.j.t.JMeterThread: Stopping because end time detected by thread: S2 1-207
2026-10-06 08:31:32,210 INFO o.a.j.t.JMeterThread: Thread finished: S2 1-207
2026-10-06 08:31:32,211 INFO o.a.j.t.JMeterThread: Stopping because end time detected by thread: S2 1-134
2026-10-06 08:31:32,211 INFO o.a.j.t.JMeterThread: Thread finished: S2 1-134
2026-10-06 08:31:32,211 INFO o.a.j.t.JMeterThread: Stopping because end time detected by thread: S2 1-424
2026-10-06 08:31:32,211 INFO o.a.j.t.JMeterThread: Thread finished: S2 1-424
2026-10-06 08:31:32,211 INFO o.a.j.t.JMeterThread: Stopping because end time detected by thread: S2 1-206
2026-10-06 08:31:32,211 INFO o.a.j.t.JMeterThread: Thread finished: S2 1-206
2026-10-06 08:31:32,224 INFO o.a.j.t.JMeterThread: Stopping because end time detected by thread: S2 1-154
2026-10-06 08:31:32,224 INFO o.a.j.t.JMeterThread: Thread finished: S2 1-154
2026-10-06 08:31:32,231 INFO o.a.j.t.JMeterThread: Stopping because end time detected by thread: S2 1-278
2026-10-06 08:31:32,231 INFO o.a.j.t.JMeterThread: Stopping because end time detected by thread: S2 1-371
2026-10-06 08:31:32,231 INFO o.a.j.t.JMeterThread: Thread finished: S2 1-278
2026-10-06 08:31:32,231 INFO o.a.j.t.JMeterThread: Stopping because end time detected by thread: S2 1-177
2026-10-06 08:31:32,231 INFO o.a.j.t.JMeterThread: Thread finished: S2 1-371
2026-10-06 08:31:32,231 INFO o.a.j.t.JMeterThread: Thread finished: S2 1-177
2026-10-06 08:31:32,239 INFO o.a.j.t.JMeterThread: Stopping because end time detected by thread: S2 1-279
2026-10-06 08:31:32,240 INFO o.a.j.t.JMeterThread: Thread finished: S2 1-279
2026-10-06 08:31:32,241 INFO o.a.j.t.JMeterThread: Stopping because end time detected by thread: S2 1-321
2026-10-06 08:31:32,241 INFO o.a.j.t.JMeterThread: Thread finished: S2 1-321
2026-10-06 08:31:32,241 INFO o.a.j.t.JMeterThread: Stopping because end time detected by thread: S2 1-483
2026-10-06 08:31:32,242 INFO o.a.j.t.JMeterThread: Thread finished: S2 1-483
2026-10-06 08:31:32,242 INFO o.a.j.t.JMeterThread: Stopping because end time detected by thread: S2 1-425
2026-10-06 08:31:32,242 INFO o.a.j.t.JMeterThread: Thread finished: S2 1-425
2026-10-06 08:31:32,251 INFO o.a.j.t.JMeterThread: Stopping because end time detected by thread: S2 1-485
2026-10-06 08:31:32,251 INFO o.a.j.t.JMeterThread: Thread finished: S2 1-485
2026-10-06 08:31:32,252 INFO o.a.j.t.JMeterThread: Stopping because end time detected by thread: S2 1-241
2026-10-06 08:31:32,252 INFO o.a.j.t.JMeterThread: Stopping because end time detected by thread: S2 1-322
2026-10-06 08:31:32,253 INFO o.a.j.t.JMeterThread: Thread finished: S2 1-241
2026-10-06 08:31:32,253 INFO o.a.j.t.JMeterThread: Thread finished: S2 1-322
2026-10-06 08:31:32,253 INFO o.a.j.t.JMeterThread: Stopping because end time detected by thread: S2 1-100
2026-10-06 08:31:32,253 INFO o.a.j.t.JMeterThread: Thread finished: S2 1-100
2026-10-06 08:31:32,262 INFO o.a.j.t.JMeterThread: Stopping because end time detected by thread: S2 1-426
2026-10-06 08:31:32,262 INFO o.a.j.t.JMeterThread: Thread finished: S2 1-426
2026-10-06 08:31:32,263 INFO o.a.j.t.JMeterThread: Stopping because end time detected by thread: S2 1-372
2026-10-06 08:31:32,263 INFO o.a.j.t.JMeterThread: Stopping because end time detected by thread: S2 1-135
2026-10-06 08:31:32,263 INFO o.a.j.t.JMeterThread: Thread finished: S2 1-372
2026-10-06 08:31:32,263 INFO o.a.j.t.JMeterThread: Thread finished: S2 1-135
2026-10-06 08:31:32,265 INFO o.a.j.t.JMeterThread: Stopping because end time detected by thread: S2 1-155
2026-10-06 08:31:32,265 INFO o.a.j.t.JMeterThread: Thread finished: S2 1-155
2026-10-06 08:31:32,273 INFO o.a.j.t.JMeterThread: Stopping because end time detected by thread: S2 1-373
2026-10-06 08:31:32,273 INFO o.a.j.t.JMeterThread: Thread finished: S2 1-373
2026-10-06 08:31:32,274 INFO o.a.j.t.JMeterThread: Stopping because end time detected by thread: S2 1-323
2026-10-06 08:31:32,274 INFO o.a.j.t.JMeterThread: Stopping because end time detected by thread: S2 1-27
2026-10-06 08:31:32,274 INFO o.a.j.t.JMeterThread: Stopping because end time detected by thread: S2 1-116
2026-10-06 08:31:32,274 INFO o.a.j.t.JMeterThread: Thread finished: S2 1-323
2026-10-06 08:31:32,274 INFO o.a.j.t.JMeterThread: Thread finished: S2 1-27
2026-10-06 08:31:32,274 INFO o.a.j.t.JMeterThread: Thread finished: S2 1-116
2026-10-06 08:31:32,284 INFO o.a.j.t.JMeterThread: Stopping because end time detected by thread: S2 1-280
2026-10-06 08:31:32,285 INFO o.a.j.t.JMeterThread: Thread finished: S2 1-280
2026-10-06 08:31:32,286 INFO o.a.j.t.JMeterThread: Stopping because end time detected by thread: S2 1-208
2026-10-06 08:31:32,286 INFO o.a.j.t.JMeterThread: Thread finished: S2 1-208
2026-10-06 08:31:32,286 INFO o.a.j.t.JMeterThread: Stopping because end time detected by thread: S2 1-117
2026-10-06 08:31:32,286 INFO o.a.j.t.JMeterThread: Stopping because end time detected by thread: S2 1-428
2026-10-06 08:31:32,286 INFO o.a.j.t.JMeterThread: Thread finished: S2 1-117
2026-10-06 08:31:32,286 INFO o.a.j.t.JMeterThread: Thread finished: S2 1-428
2026-10-06 08:31:32,296 INFO o.a.j.t.JMeterThread: Stopping because end time detected by thread: S2 1-36
2026-10-06 08:31:32,296 INFO o.a.j.t.JMeterThread: Thread finished: S2 1-36
2026-10-06 08:31:32,297 INFO o.a.j.t.JMeterThread: Stopping because end time detected by thread: S2 1-324
2026-10-06 08:31:32,297 INFO o.a.j.t.JMeterThread: Stopping because end time detected by thread: S2 1-56
2026-10-06 08:31:32,297 INFO o.a.j.t.JMeterThread: Thread finished: S2 1-56
2026-10-06 08:31:32,297 INFO o.a.j.t.JMeterThread: Thread finished: S2 1-324
2026-10-06 08:31:32,297 INFO o.a.j.t.JMeterThread: Stopping because end time detected by thread: S2 1-484
2026-10-06 08:31:32,297 INFO o.a.j.t.JMeterThread: Thread finished: S2 1-484
2026-10-06 08:31:32,306 INFO o.a.j.t.JMeterThread: Stopping because end time detected by thread: S2 1-17
2026-10-06 08:31:32,306 INFO o.a.j.t.JMeterThread: Thread finished: S2 1-17
2026-10-06 08:31:32,307 INFO o.a.j.t.JMeterThread: Stopping because end time detected by thread: S2 1-65
2026-10-06 08:31:32,307 INFO o.a.j.t.JMeterThread: Thread finished: S2 1-65
2026-10-06 08:31:32,307 INFO o.a.j.t.JMeterThread: Stopping because end time detected by thread: S2 1-178
2026-10-06 08:31:32,307 INFO o.a.j.t.JMeterThread: Thread finished: S2 1-178
2026-10-06 08:31:32,308 INFO o.a.j.t.JMeterThread: Stopping because end time detected by thread: S2 1-427
2026-10-06 08:31:32,308 INFO o.a.j.t.JMeterThread: Thread finished: S2 1-427
2026-10-06 08:31:32,317 INFO o.a.j.t.JMeterThread: Stopping because end time detected by thread: S2 1-2
2026-10-06 08:31:32,317 INFO o.a.j.t.JMeterThread: Thread finished: S2 1-2
2026-10-06 08:31:32,318 INFO o.a.j.t.JMeterThread: Stopping because end time detected by thread: S2 1-281
2026-10-06 08:31:32,318 INFO o.a.j.t.JMeterThread: Stopping because end time detected by thread: S2 1-374
2026-10-06 08:31:32,318 INFO o.a.j.t.JMeterThread: Thread finished: S2 1-281
2026-10-06 08:31:32,318 INFO o.a.j.t.JMeterThread: Thread finished: S2 1-374
2026-10-06 08:31:32,318 INFO o.a.j.t.JMeterThread: Stopping because end time detected by thread: S2 1-243
2026-10-06 08:31:32,318 INFO o.a.j.t.JMeterThread: Thread finished: S2 1-243
2026-10-06 08:31:32,328 INFO o.a.j.t.JMeterThread: Stopping because end time detected by thread: S2 1-76
2026-10-06 08:31:32,328 INFO o.a.j.t.JMeterThread: Thread finished: S2 1-76
2026-10-06 08:31:32,329 INFO o.a.j.t.JMeterThread: Stopping because end time detected by thread: S2 1-242
2026-10-06 08:31:32,329 INFO o.a.j.t.JMeterThread: Thread finished: S2 1-242
2026-10-06 08:31:32,329 INFO o.a.j.t.JMeterThread: Stopping because end time detected by thread: S2 1-42
2026-10-06 08:31:32,330 INFO o.a.j.t.JMeterThread: Stopping because end time detected by thread: S2 1-486
2026-10-06 08:31:32,330 INFO o.a.j.t.JMeterThread: Thread finished: S2 1-42
2026-10-06 08:31:32,330 INFO o.a.j.t.JMeterThread: Thread finished: S2 1-486
2026-10-06 08:31:32,339 INFO o.a.j.t.JMeterThread: Stopping because end time detected by thread: S2 1-325
2026-10-06 08:31:32,339 INFO o.a.j.t.JMeterThread: Thread finished: S2 1-325
2026-10-06 08:31:32,341 INFO o.a.j.t.JMeterThread: Stopping because end time detected by thread: S2 1-75
2026-10-06 08:31:32,341 INFO o.a.j.t.JMeterThread: Stopping because end time detected by thread: S2 1-209
2026-10-06 08:31:32,341 INFO o.a.j.t.JMeterThread: Thread finished: S2 1-75
2026-10-06 08:31:32,341 INFO o.a.j.t.JMeterThread: Thread finished: S2 1-209
2026-10-06 08:31:32,341 INFO o.a.j.t.JMeterThread: Stopping because end time detected by thread: S2 1-156
2026-10-06 08:31:32,341 INFO o.a.j.t.JMeterThread: Thread finished: S2 1-156
2026-10-06 08:31:32,353 INFO o.a.j.t.JMeterThread: Stopping because end time detected by thread: S2 1-429
2026-10-06 08:31:32,353 INFO o.a.j.t.JMeterThread: Thread finished: S2 1-429
2026-10-06 08:31:32,353 INFO o.a.j.t.JMeterThread: Stopping because end time detected by thread: S2 1-488
2026-10-06 08:31:32,353 INFO o.a.j.t.JMeterThread: Thread finished: S2 1-488
2026-10-06 08:31:32,354 INFO o.a.j.t.JMeterThread: Stopping because end time detected by thread: S2 1-375
2026-10-06 08:31:32,354 INFO o.a.j.t.JMeterThread: Thread finished: S2 1-375
2026-10-06 08:31:32,354 INFO o.a.j.t.JMeterThread: Stopping because end time detected by thread: S2 1-487
2026-10-06 08:31:32,354 INFO o.a.j.t.JMeterThread: Thread finished: S2 1-487
2026-10-06 08:31:32,364 INFO o.a.j.t.JMeterThread: Stopping because end time detected by thread: S2 1-326
2026-10-06 08:31:32,364 INFO o.a.j.t.JMeterThread: Thread finished: S2 1-326
2026-10-06 08:31:32,365 INFO o.a.j.t.JMeterThread: Stopping because end time detected by thread: S2 1-87
2026-10-06 08:31:32,365 INFO o.a.j.t.JMeterThread: Stopping because end time detected by thread: S2 1-282
2026-10-06 08:31:32,365 INFO o.a.j.t.JMeterThread: Thread finished: S2 1-87
2026-10-06 08:31:32,365 INFO o.a.j.t.JMeterThread: Thread finished: S2 1-282
2026-10-06 08:31:32,366 INFO o.a.j.t.JMeterThread: Stopping because end time detected by thread: S2 1-244
2026-10-06 08:31:32,366 INFO o.a.j.t.JMeterThread: Thread finished: S2 1-244
2026-10-06 08:31:32,375 INFO o.a.j.t.JMeterThread: Stopping because end time detected by thread: S2 1-179
2026-10-06 08:31:32,375 INFO o.a.j.t.JMeterThread: Thread finished: S2 1-179
2026-10-06 08:31:32,376 INFO o.a.j.t.JMeterThread: Stopping because end time detected by thread: S2 1-430
2026-10-06 08:31:32,377 INFO o.a.j.t.JMeterThread: Thread finished: S2 1-430
2026-10-06 08:31:32,377 INFO o.a.j.t.JMeterThread: Stopping because end time detected by thread: S2 1-245
2026-10-06 08:31:32,377 INFO o.a.j.t.JMeterThread: Thread finished: S2 1-245
2026-10-06 08:31:32,377 INFO o.a.j.t.JMeterThread: Stopping because end time detected by thread: S2 1-136
2026-10-06 08:31:32,377 INFO o.a.j.t.JMeterThread: Thread finished: S2 1-136
2026-10-06 08:31:32,386 INFO o.a.j.t.JMeterThread: Stopping because end time detected by thread: S2 1-118
2026-10-06 08:31:32,386 INFO o.a.j.t.JMeterThread: Thread finished: S2 1-118
2026-10-06 08:31:32,387 INFO o.a.j.t.JMeterThread: Stopping because end time detected by thread: S2 1-489
2026-10-06 08:31:32,387 INFO o.a.j.t.JMeterThread: Stopping because end time detected by thread: S2 1-15
2026-10-06 08:31:32,387 INFO o.a.j.t.JMeterThread: Thread finished: S2 1-489
2026-10-06 08:31:32,387 INFO o.a.j.t.JMeterThread: Thread finished: S2 1-15
2026-10-06 08:31:32,387 INFO o.a.j.t.JMeterThread: Stopping because end time detected by thread: S2 1-180
2026-10-06 08:31:32,387 INFO o.a.j.t.JMeterThread: Thread finished: S2 1-180
2026-10-06 08:31:32,397 INFO o.a.j.t.JMeterThread: Stopping because end time detected by thread: S2 1-431
2026-10-06 08:31:32,397 INFO o.a.j.t.JMeterThread: Thread finished: S2 1-431
2026-10-06 08:31:32,398 INFO o.a.j.t.JMeterThread: Stopping because end time detected by thread: S2 1-376
2026-10-06 08:31:32,398 INFO o.a.j.t.JMeterThread: Thread finished: S2 1-376
2026-10-06 08:31:32,398 INFO o.a.j.t.JMeterThread: Stopping because end time detected by thread: S2 1-283
2026-10-06 08:31:32,398 INFO o.a.j.t.JMeterThread: Thread finished: S2 1-283
2026-10-06 08:31:32,398 INFO o.a.j.t.JMeterThread: Stopping because end time detected by thread: S2 1-377
2026-10-06 08:31:32,398 INFO o.a.j.t.JMeterThread: Thread finished: S2 1-377
2026-10-06 08:31:32,408 INFO o.a.j.t.JMeterThread: Stopping because end time detected by thread: S2 1-181
2026-10-06 08:31:32,408 INFO o.a.j.t.JMeterThread: Thread finished: S2 1-181
2026-10-06 08:31:32,409 INFO o.a.j.t.JMeterThread: Stopping because end time detected by thread: S2 1-57
2026-10-06 08:31:32,409 INFO o.a.j.t.JMeterThread: Stopping because end time detected by thread: S2 1-284
2026-10-06 08:31:32,409 INFO o.a.j.t.JMeterThread: Stopping because end time detected by thread: S2 1-327
2026-10-06 08:31:32,409 INFO o.a.j.t.JMeterThread: Thread finished: S2 1-284
2026-10-06 08:31:32,409 INFO o.a.j.t.JMeterThread: Thread finished: S2 1-57
2026-10-06 08:31:32,409 INFO o.a.j.t.JMeterThread: Thread finished: S2 1-327
2026-10-06 08:31:32,420 INFO o.a.j.t.JMeterThread: Stopping because end time detected by thread: S2 1-329
2026-10-06 08:31:32,420 INFO o.a.j.t.JMeterThread: Thread finished: S2 1-329
2026-10-06 08:31:32,421 INFO o.a.j.t.JMeterThread: Stopping because end time detected by thread: S2 1-491
2026-10-06 08:31:32,421 INFO o.a.j.t.JMeterThread: Stopping because end time detected by thread: S2 1-210
2026-10-06 08:31:32,421 INFO o.a.j.t.JMeterThread: Thread finished: S2 1-491
2026-10-06 08:31:32,421 INFO o.a.j.t.JMeterThread: Thread finished: S2 1-210
2026-10-06 08:31:32,421 INFO o.a.j.t.JMeterThread: Stopping because end time detected by thread: S2 1-490
2026-10-06 08:31:32,421 INFO o.a.j.t.JMeterThread: Thread finished: S2 1-490
2026-10-06 08:31:32,430 INFO o.a.j.t.JMeterThread: Stopping because end time detected by thread: S2 1-102
2026-10-06 08:31:32,431 INFO o.a.j.t.JMeterThread: Thread finished: S2 1-102
2026-10-06 08:31:32,432 INFO o.a.j.t.JMeterThread: Stopping because end time detected by thread: S2 1-432
2026-10-06 08:31:32,432 INFO o.a.j.t.JMeterThread: Thread finished: S2 1-432
2026-10-06 08:31:32,432 INFO o.a.j.t.JMeterThread: Stopping because end time detected by thread: S2 1-246
2026-10-06 08:31:32,432 INFO o.a.j.t.JMeterThread: Thread finished: S2 1-246
2026-10-06 08:31:32,432 INFO o.a.j.t.JMeterThread: Stopping because end time detected by thread: S2 1-50
2026-10-06 08:31:32,432 INFO o.a.j.t.JMeterThread: Thread finished: S2 1-50
2026-10-06 08:31:32,442 INFO o.a.j.t.JMeterThread: Stopping because end time detected by thread: S2 1-493
2026-10-06 08:31:32,442 INFO o.a.j.t.JMeterThread: Thread finished: S2 1-493
2026-10-06 08:31:32,443 INFO o.a.j.t.JMeterThread: Stopping because end time detected by thread: S2 1-492
2026-10-06 08:31:32,443 INFO o.a.j.t.JMeterThread: Thread finished: S2 1-492
2026-10-06 08:31:32,443 INFO o.a.j.t.JMeterThread: Stopping because end time detected by thread: S2 1-157
2026-10-06 08:31:32,443 INFO o.a.j.t.JMeterThread: Thread finished: S2 1-157
2026-10-06 08:31:32,443 INFO o.a.j.t.JMeterThread: Stopping because end time detected by thread: S2 1-101
2026-10-06 08:31:32,443 INFO o.a.j.t.JMeterThread: Thread finished: S2 1-101
2026-10-06 08:31:32,453 INFO o.a.j.t.JMeterThread: Stopping because end time detected by thread: S2 1-58
2026-10-06 08:31:32,453 INFO o.a.j.t.JMeterThread: Thread finished: S2 1-58
2026-10-06 08:31:32,454 INFO o.a.j.t.JMeterThread: Stopping because end time detected by thread: S2 1-49
2026-10-06 08:31:32,454 INFO o.a.j.t.JMeterThread: Thread finished: S2 1-49
2026-10-06 08:31:32,454 INFO o.a.j.t.JMeterThread: Stopping because end time detected by thread: S2 1-212
2026-10-06 08:31:32,454 INFO o.a.j.t.JMeterThread: Thread finished: S2 1-212
2026-10-06 08:31:32,454 INFO o.a.j.t.JMeterThread: Stopping because end time detected by thread: S2 1-328
2026-10-06 08:31:32,454 INFO o.a.j.t.JMeterThread: Thread finished: S2 1-328
2026-10-06 08:31:32,464 INFO o.a.j.t.JMeterThread: Stopping because end time detected by thread: S2 1-379
2026-10-06 08:31:32,464 INFO o.a.j.t.JMeterThread: Thread finished: S2 1-379
2026-10-06 08:31:32,465 INFO o.a.j.t.JMeterThread: Stopping because end time detected by thread: S2 1-137
2026-10-06 08:31:32,465 INFO o.a.j.t.JMeterThread: Stopping because end time detected by thread: S2 1-211
2026-10-06 08:31:32,465 INFO o.a.j.t.JMeterThread: Thread finished: S2 1-137
2026-10-06 08:31:32,465 INFO o.a.j.t.JMeterThread: Thread finished: S2 1-211
2026-10-06 08:31:32,465 INFO o.a.j.t.JMeterThread: Stopping because end time detected by thread: S2 1-119
2026-10-06 08:31:32,465 INFO o.a.j.t.JMeterThread: Thread finished: S2 1-119
2026-10-06 08:31:32,475 INFO o.a.j.t.JMeterThread: Stopping because end time detected by thread: S2 1-182
2026-10-06 08:31:32,475 INFO o.a.j.t.JMeterThread: Thread finished: S2 1-182
2026-10-06 08:31:32,476 INFO o.a.j.t.JMeterThread: Stopping because end time detected by thread: S2 1-378
2026-10-06 08:31:32,476 INFO o.a.j.t.JMeterThread: Thread finished: S2 1-378
2026-10-06 08:31:32,476 INFO o.a.j.t.JMeterThread: Stopping because end time detected by thread: S2 1-247
2026-10-06 08:31:32,476 INFO o.a.j.t.JMeterThread: Thread finished: S2 1-247
2026-10-06 08:31:32,476 INFO o.a.j.t.JMeterThread: Stopping because end time detected by thread: S2 1-433
2026-10-06 08:31:32,476 INFO o.a.j.t.JMeterThread: Thread finished: S2 1-433
2026-10-06 08:31:32,485 INFO o.a.j.t.JMeterThread: Stopping because end time detected by thread: S2 1-494
2026-10-06 08:31:32,486 INFO o.a.j.t.JMeterThread: Thread finished: S2 1-494
2026-10-06 08:31:32,487 INFO o.a.j.t.JMeterThread: Stopping because end time detected by thread: S2 1-330
2026-10-06 08:31:32,487 INFO o.a.j.t.JMeterThread: Thread finished: S2 1-330
2026-10-06 08:31:32,487 INFO o.a.j.t.JMeterThread: Stopping because end time detected by thread: S2 1-380
2026-10-06 08:31:32,487 INFO o.a.j.t.JMeterThread: Thread finished: S2 1-380
2026-10-06 08:31:32,488 INFO o.a.j.t.JMeterThread: Stopping because end time detected by thread: S2 1-286
2026-10-06 08:31:32,488 INFO o.a.j.t.JMeterThread: Thread finished: S2 1-286
2026-10-06 08:31:32,497 INFO o.a.j.t.JMeterThread: Stopping because end time detected by thread: S2 1-331
2026-10-06 08:31:32,498 INFO o.a.j.t.JMeterThread: Thread finished: S2 1-331
2026-10-06 08:31:32,499 INFO o.a.j.t.JMeterThread: Stopping because end time detected by thread: S2 1-434
2026-10-06 08:31:32,499 INFO o.a.j.t.JMeterThread: Stopping because end time detected by thread: S2 1-495
2026-10-06 08:31:32,499 INFO o.a.j.t.JMeterThread: Thread finished: S2 1-434
2026-10-06 08:31:32,499 INFO o.a.j.t.JMeterThread: Thread finished: S2 1-495
2026-10-06 08:31:32,499 INFO o.a.j.t.JMeterThread: Stopping because end time detected by thread: S2 1-285
2026-10-06 08:31:32,499 INFO o.a.j.t.JMeterThread: Thread finished: S2 1-285
2026-10-06 08:31:32,509 INFO o.a.j.t.JMeterThread: Stopping because end time detected by thread: S2 1-183
2026-10-06 08:31:32,509 INFO o.a.j.t.JMeterThread: Thread finished: S2 1-183
2026-10-06 08:31:32,510 INFO o.a.j.t.JMeterThread: Stopping because end time detected by thread: S2 1-332
2026-10-06 08:31:32,510 INFO o.a.j.t.JMeterThread: Stopping because end time detected by thread: S2 1-287
2026-10-06 08:31:32,510 INFO o.a.j.t.JMeterThread: Thread finished: S2 1-332
2026-10-06 08:31:32,510 INFO o.a.j.t.JMeterThread: Thread finished: S2 1-287
2026-10-06 08:31:32,510 INFO o.a.j.t.JMeterThread: Stopping because end time detected by thread: S2 1-381
2026-10-06 08:31:32,510 INFO o.a.j.t.JMeterThread: Thread finished: S2 1-381
2026-10-06 08:31:32,520 INFO o.a.j.t.JMeterThread: Stopping because end time detected by thread: S2 1-248
2026-10-06 08:31:32,520 INFO o.a.j.t.JMeterThread: Thread finished: S2 1-248
2026-10-06 08:31:32,521 INFO o.a.j.t.JMeterThread: Stopping because end time detected by thread: S2 1-496
2026-10-06 08:31:32,521 INFO o.a.j.t.JMeterThread: Stopping because end time detected by thread: S2 1-158
2026-10-06 08:31:32,521 INFO o.a.j.t.JMeterThread: Thread finished: S2 1-496
2026-10-06 08:31:32,521 INFO o.a.j.t.JMeterThread: Thread finished: S2 1-158
2026-10-06 08:31:32,521 INFO o.a.j.t.JMeterThread: Stopping because end time detected by thread: S2 1-213
2026-10-06 08:31:32,521 INFO o.a.j.t.JMeterThread: Thread finished: S2 1-213
2026-10-06 08:31:32,532 INFO o.a.j.t.JMeterThread: Stopping because end time detected by thread: S2 1-436
2026-10-06 08:31:32,533 INFO o.a.j.t.JMeterThread: Thread finished: S2 1-436
2026-10-06 08:31:32,534 INFO o.a.j.t.JMeterThread: Stopping because end time detected by thread: S2 1-214
2026-10-06 08:31:32,534 INFO o.a.j.t.JMeterThread: Thread finished: S2 1-214
2026-10-06 08:31:32,534 INFO o.a.j.t.JMeterThread: Stopping because end time detected by thread: S2 1-288
2026-10-06 08:31:32,534 INFO o.a.j.t.JMeterThread: Thread finished: S2 1-288
2026-10-06 08:31:32,534 INFO o.a.j.t.JMeterThread: Stopping because end time detected by thread: S2 1-435
2026-10-06 08:31:32,534 INFO o.a.j.t.JMeterThread: Thread finished: S2 1-435
2026-10-06 08:31:32,544 INFO o.a.j.t.JMeterThread: Stopping because end time detected by thread: S2 1-289
2026-10-06 08:31:32,544 INFO o.a.j.t.JMeterThread: Thread finished: S2 1-289
2026-10-06 08:31:32,545 INFO o.a.j.t.JMeterThread: Stopping because end time detected by thread: S2 1-497
2026-10-06 08:31:32,545 INFO o.a.j.t.JMeterThread: Thread finished: S2 1-497
2026-10-06 08:31:32,545 INFO o.a.j.t.JMeterThread: Stopping because end time detected by thread: S2 1-249
2026-10-06 08:31:32,545 INFO o.a.j.t.JMeterThread: Thread finished: S2 1-249
2026-10-06 08:31:32,545 INFO o.a.j.t.JMeterThread: Stopping because end time detected by thread: S2 1-382
2026-10-06 08:31:32,545 INFO o.a.j.t.JMeterThread: Thread finished: S2 1-382
2026-10-06 08:31:32,554 INFO o.a.j.t.JMeterThread: Stopping because end time detected by thread: S2 1-498
2026-10-06 08:31:32,554 INFO o.a.j.t.JMeterThread: Thread finished: S2 1-498
2026-10-06 08:31:32,555 INFO o.a.j.t.JMeterThread: Stopping because end time detected by thread: S2 1-499
2026-10-06 08:31:32,555 INFO o.a.j.t.JMeterThread: Thread finished: S2 1-499
2026-10-06 08:31:32,555 INFO o.a.j.t.JMeterThread: Stopping because end time detected by thread: S2 1-333
2026-10-06 08:31:32,555 INFO o.a.j.t.JMeterThread: Thread finished: S2 1-333
2026-10-06 08:31:32,556 INFO o.a.j.t.JMeterThread: Stopping because end time detected by thread: S2 1-383
2026-10-06 08:31:32,556 INFO o.a.j.t.JMeterThread: Thread finished: S2 1-383
2026-10-06 08:31:32,565 INFO o.a.j.t.JMeterThread: Stopping because end time detected by thread: S2 1-250
2026-10-06 08:31:32,565 INFO o.a.j.t.JMeterThread: Thread finished: S2 1-250
2026-10-06 08:31:32,565 INFO o.a.j.t.JMeterThread: Stopping because end time detected by thread: S2 1-437
2026-10-06 08:31:32,565 INFO o.a.j.t.JMeterThread: Thread finished: S2 1-437
2026-10-06 08:31:32,567 INFO o.a.j.t.JMeterThread: Stopping because end time detected by thread: S2 1-334
2026-10-06 08:31:32,567 INFO o.a.j.t.JMeterThread: Thread finished: S2 1-334
2026-10-06 08:31:32,568 INFO o.a.j.t.JMeterThread: Stopping because end time detected by thread: S2 1-290
2026-10-06 08:31:32,568 INFO o.a.j.t.JMeterThread: Thread finished: S2 1-290
2026-10-06 08:31:32,575 INFO o.a.j.t.JMeterThread: Stopping because end time detected by thread: S2 1-385
2026-10-06 08:31:32,576 INFO o.a.j.t.JMeterThread: Thread finished: S2 1-385
2026-10-06 08:31:32,577 INFO o.a.j.t.JMeterThread: Stopping because end time detected by thread: S2 1-500
2026-10-06 08:31:32,577 INFO o.a.j.t.JMeterThread: Stopping because end time detected by thread: S2 1-335
2026-10-06 08:31:32,577 INFO o.a.j.t.JMeterThread: Thread finished: S2 1-500
2026-10-06 08:31:32,577 INFO o.a.j.t.JMeterThread: Thread finished: S2 1-335
2026-10-06 08:31:32,578 INFO o.a.j.t.JMeterThread: Stopping because end time detected by thread: S2 1-336
2026-10-06 08:31:32,578 INFO o.a.j.t.JMeterThread: Thread finished: S2 1-336
2026-10-06 08:31:32,586 INFO o.a.j.t.JMeterThread: Stopping because end time detected by thread: S2 1-438
2026-10-06 08:31:32,586 INFO o.a.j.t.JMeterThread: Thread finished: S2 1-438
2026-10-06 08:31:32,588 INFO o.a.j.t.JMeterThread: Stopping because end time detected by thread: S2 1-440
2026-10-06 08:31:32,588 INFO o.a.j.t.JMeterThread: Stopping because end time detected by thread: S2 1-384
2026-10-06 08:31:32,588 INFO o.a.j.t.JMeterThread: Thread finished: S2 1-440
2026-10-06 08:31:32,588 INFO o.a.j.t.JMeterThread: Thread finished: S2 1-384
2026-10-06 08:31:32,589 INFO o.a.j.t.JMeterThread: Stopping because end time detected by thread: S2 1-439
2026-10-06 08:31:32,589 INFO o.a.j.t.JMeterThread: Thread finished: S2 1-439
2026-10-06 08:31:32,597 INFO o.a.j.t.JMeterThread: Stopping because end time detected by thread: S2 1-387
2026-10-06 08:31:32,597 INFO o.a.j.t.JMeterThread: Thread finished: S2 1-387
2026-10-06 08:31:32,598 INFO o.a.j.t.JMeterThread: Stopping because end time detected by thread: S2 1-441
2026-10-06 08:31:32,598 INFO o.a.j.t.JMeterThread: Thread finished: S2 1-441
2026-10-06 08:31:32,598 INFO o.a.j.e.StandardJMeterEngine: Notifying test listeners of end of test
2026-10-06 08:31:32,598 INFO o.a.j.s.FileServer: Close: /tests/data/available_menu_items.csv
2026-10-06 08:31:32,601 INFO o.a.j.r.Summariser: summary +    923 in 00:00:03 =  354.9/s Avg:  1361 Min:  1304 Max:  1478 Err:     0 (0.00%) Active: 0 Started: 500 Finished: 500
2026-10-06 08:31:32,601 INFO o.a.j.r.Summariser: summary =  22690 in 00:01:03 =  362.8/s Avg:  1304 Min:    38 Max:  2004 Err:     0 (0.00%)
