2026-10-06 09:05:05,167 INFO o.a.j.u.JMeterUtils: Setting Locale to en_EN
2026-10-06 09:05:05,186 INFO o.a.j.JMeter: Loading user properties from: /opt/jmeter/bin/user.properties
2026-10-06 09:05:05,186 INFO o.a.j.JMeter: Loading system properties from: /opt/jmeter/bin/system.properties
2026-10-06 09:05:05,186 INFO o.a.j.JMeter: Loading additional properties from: /tests/run.properties
2026-10-06 09:05:05,186 INFO o.a.j.JMeter: Loading additional properties from: /tests/data/ranges.properties
2026-10-06 09:05:05,187 INFO o.a.j.JMeter: Setting JMeter property: host=nestjs-nginx
2026-10-06 09:05:05,187 INFO o.a.j.JMeter: Setting JMeter property: port=80
2026-10-06 09:05:05,187 INFO o.a.j.JMeter: Setting JMeter property: rampup=10
2026-10-06 09:05:05,187 INFO o.a.j.JMeter: Setting JMeter property: endpoint=EP3
2026-10-06 09:05:05,187 INFO o.a.j.JMeter: Setting JMeter property: users=500
2026-10-06 09:05:05,187 INFO o.a.j.JMeter: Setting JMeter property: duration=60
2026-10-06 09:05:05,191 INFO o.a.j.JMeter: Copyright (c) 1998-2024 The Apache Software Foundation
2026-10-06 09:05:05,191 INFO o.a.j.JMeter: Version 5.6.3
2026-10-06 09:05:05,191 INFO o.a.j.JMeter: java.version=21.0.12.1
2026-10-06 09:05:05,191 INFO o.a.j.JMeter: java.vm.name=OpenJDK 64-Bit Server VM
2026-10-06 09:05:05,191 INFO o.a.j.JMeter: os.name=Linux
2026-10-06 09:05:05,191 INFO o.a.j.JMeter: os.arch=amd64
2026-10-06 09:05:05,191 INFO o.a.j.JMeter: os.version=6.6.87.2-microsoft-standard-WSL2
2026-10-06 09:05:05,191 INFO o.a.j.JMeter: file.encoding=UTF-8
2026-10-06 09:05:05,192 INFO o.a.j.JMeter: java.awt.headless=true
2026-10-06 09:05:05,192 INFO o.a.j.JMeter: Max memory     =4294967296
2026-10-06 09:05:05,192 INFO o.a.j.JMeter: Available Processors =12
2026-10-06 09:05:05,198 INFO o.a.j.JMeter: Default Locale=English (EN)
2026-10-06 09:05:05,198 INFO o.a.j.JMeter: JMeter  Locale=English (EN)
2026-10-06 09:05:05,199 INFO o.a.j.JMeter: JMeterHome=/opt/jmeter
2026-10-06 09:05:05,199 INFO o.a.j.JMeter: user.dir  =/tests
2026-10-06 09:05:05,199 INFO o.a.j.JMeter: PWD       =/tests
2026-10-06 09:05:05,199 INFO o.a.j.JMeter: IP: 172.19.0.5 Name: 3750c85e5fbd FullName: 3750c85e5fbd
2026-10-06 09:05:05,208 INFO o.a.j.s.FileServer: Default base='/tests'
2026-10-06 09:05:05,209 INFO o.a.j.s.FileServer: Set new base='/tests'
2026-10-06 09:05:05,362 INFO o.a.j.s.SaveService: Testplan (JMX) version: 2.2. Testlog (JTL) version: 2.2
2026-10-06 09:05:05,385 INFO o.a.j.s.SaveService: Using SaveService properties version 5.0
2026-10-06 09:05:05,387 INFO o.a.j.s.SaveService: Using SaveService properties file encoding UTF-8
2026-10-06 09:05:05,391 INFO o.a.j.s.SaveService: Loading file: /tests/s2.jmx
2026-10-06 09:05:05,435 INFO o.a.j.p.h.s.HTTPSamplerBase: Parser for text/html is org.apache.jmeter.protocol.http.parser.LagartoBasedHtmlParser
2026-10-06 09:05:05,435 INFO o.a.j.p.h.s.HTTPSamplerBase: Parser for application/xhtml+xml is org.apache.jmeter.protocol.http.parser.LagartoBasedHtmlParser
2026-10-06 09:05:05,435 INFO o.a.j.p.h.s.HTTPSamplerBase: Parser for application/xml is org.apache.jmeter.protocol.http.parser.LagartoBasedHtmlParser
2026-10-06 09:05:05,435 INFO o.a.j.p.h.s.HTTPSamplerBase: Parser for text/xml is org.apache.jmeter.protocol.http.parser.LagartoBasedHtmlParser
2026-10-06 09:05:05,435 INFO o.a.j.p.h.s.HTTPSamplerBase: Parser for text/vnd.wap.wml is org.apache.jmeter.protocol.http.parser.RegexpHTMLParser
2026-10-06 09:05:05,435 INFO o.a.j.p.h.s.HTTPSamplerBase: Parser for text/css is org.apache.jmeter.protocol.http.parser.CssParser
2026-10-06 09:05:05,477 INFO o.a.j.JMeter: Creating summariser <summary>
2026-10-06 09:05:05,491 INFO o.a.j.e.StandardJMeterEngine: Running the test!
2026-10-06 09:05:05,492 INFO o.a.j.s.SampleEvent: List of sample_variables: []
2026-10-06 09:05:05,492 INFO o.a.j.s.SampleEvent: List of sample_variables: []
2026-10-06 09:05:05,495 INFO o.a.j.e.u.CompoundVariable: Note: Function class names must contain the string: '.functions.'
2026-10-06 09:05:05,495 INFO o.a.j.e.u.CompoundVariable: Note: Function class names must not contain the string: '.gui.'
2026-10-06 09:05:05,690 INFO o.a.j.JMeter: Running test (1791277505690)
2026-10-06 09:05:05,691 INFO o.a.j.e.StandardJMeterEngine: Starting setUp thread groups
2026-10-06 09:05:05,691 INFO o.a.j.e.StandardJMeterEngine: Starting setUp ThreadGroup: 1 : setUp - login 
2026-10-06 09:05:05,691 INFO o.a.j.e.StandardJMeterEngine: Starting 1 threads for group setUp - login.
2026-10-06 09:05:05,691 INFO o.a.j.e.StandardJMeterEngine: Test will stop abruptly on error
2026-10-06 09:05:05,691 INFO o.a.j.t.ThreadGroup: Starting thread group... number=1 threads=1 ramp-up=1 delayedStart=false
2026-10-06 09:05:05,694 INFO o.a.j.t.ThreadGroup: Started thread group number 1
2026-10-06 09:05:05,694 INFO o.a.j.e.StandardJMeterEngine: Waiting for all setup thread groups to exit
2026-10-06 09:05:05,695 INFO o.a.j.t.JMeterThread: Thread started: setUp - login 1-1
2026-10-06 09:05:05,706 INFO o.a.j.p.h.s.HTTPHCAbstractImpl: Local host = 3750c85e5fbd
2026-10-06 09:05:05,710 INFO o.a.j.p.h.s.HTTPHC4Impl: HTTP request retry count = 0
2026-10-06 09:05:05,710 INFO o.a.j.s.SampleResult: Note: Sample TimeStamps are START times
2026-10-06 09:05:05,711 INFO o.a.j.s.SampleResult: sampleresult.default.encoding is set to UTF-8
2026-10-06 09:05:05,711 INFO o.a.j.s.SampleResult: sampleresult.useNanoTime=true
2026-10-06 09:05:05,711 INFO o.a.j.s.SampleResult: sampleresult.nanoThreadSleep=5000
2026-10-06 09:05:06,438 INFO o.a.j.t.JMeterThread: Thread is done: setUp - login 1-1
2026-10-06 09:05:06,438 INFO o.a.j.t.JMeterThread: Thread finished: setUp - login 1-1
2026-10-06 09:05:06,439 INFO o.a.j.e.StandardJMeterEngine: All Setup Threads have ended
2026-10-06 09:05:06,460 INFO o.a.j.e.StandardJMeterEngine: Starting ThreadGroup: 1 : S2
2026-10-06 09:05:06,460 INFO o.a.j.e.StandardJMeterEngine: Starting 500 threads for group S2.
2026-10-06 09:05:06,460 INFO o.a.j.e.StandardJMeterEngine: Thread will continue on error
2026-10-06 09:05:06,461 INFO o.a.j.t.ThreadGroup: Starting thread group... number=1 threads=500 ramp-up=10 delayedStart=false
2026-10-06 09:05:06,471 INFO o.a.j.t.JMeterThread: Thread started: S2 1-1
2026-10-06 09:05:06,472 INFO o.a.j.s.FileServer: Stored: /tests/data/available_menu_items.csv
2026-10-06 09:05:06,491 INFO o.a.j.t.JMeterThread: Thread started: S2 1-2
2026-10-06 09:05:06,509 INFO o.a.j.t.JMeterThread: Thread started: S2 1-3
2026-10-06 09:05:06,529 INFO o.a.j.t.JMeterThread: Thread started: S2 1-4
2026-10-06 09:05:06,548 INFO o.a.j.t.JMeterThread: Thread started: S2 1-5
2026-10-06 09:05:06,566 INFO o.a.j.t.JMeterThread: Thread started: S2 1-6
2026-10-06 09:05:06,586 INFO o.a.j.t.JMeterThread: Thread started: S2 1-7
2026-10-06 09:05:06,604 INFO o.a.j.t.JMeterThread: Thread started: S2 1-8
2026-10-06 09:05:06,624 INFO o.a.j.t.JMeterThread: Thread started: S2 1-9
2026-10-06 09:05:06,643 INFO o.a.j.t.JMeterThread: Thread started: S2 1-10
2026-10-06 09:05:06,664 INFO o.a.j.t.JMeterThread: Thread started: S2 1-11
2026-10-06 09:05:06,683 INFO o.a.j.t.JMeterThread: Thread started: S2 1-12
2026-10-06 09:05:06,702 INFO o.a.j.t.JMeterThread: Thread started: S2 1-13
2026-10-06 09:05:06,722 INFO o.a.j.t.ThreadGroup: Started thread group number 1
2026-10-06 09:05:06,722 INFO o.a.j.e.StandardJMeterEngine: All thread groups have been started
2026-10-06 09:05:06,722 INFO o.a.j.t.JMeterThread: Thread started: S2 1-14
2026-10-06 09:05:06,742 INFO o.a.j.t.JMeterThread: Thread started: S2 1-15
2026-10-06 09:05:06,763 INFO o.a.j.t.JMeterThread: Thread started: S2 1-16
2026-10-06 09:05:06,782 INFO o.a.j.t.JMeterThread: Thread started: S2 1-17
2026-10-06 09:05:06,802 INFO o.a.j.t.JMeterThread: Thread started: S2 1-18
2026-10-06 09:05:06,822 INFO o.a.j.t.JMeterThread: Thread started: S2 1-19
2026-10-06 09:05:06,842 INFO o.a.j.t.JMeterThread: Thread started: S2 1-20
2026-10-06 09:05:06,862 INFO o.a.j.t.JMeterThread: Thread started: S2 1-21
2026-10-06 09:05:06,883 INFO o.a.j.t.JMeterThread: Thread started: S2 1-22
2026-10-06 09:05:06,902 INFO o.a.j.t.JMeterThread: Thread started: S2 1-23
2026-10-06 09:05:06,922 INFO o.a.j.t.JMeterThread: Thread started: S2 1-24
2026-10-06 09:05:06,943 INFO o.a.j.t.JMeterThread: Thread started: S2 1-25
2026-10-06 09:05:06,962 INFO o.a.j.t.JMeterThread: Thread started: S2 1-26
2026-10-06 09:05:06,982 INFO o.a.j.t.JMeterThread: Thread started: S2 1-27
2026-10-06 09:05:07,002 INFO o.a.j.t.JMeterThread: Thread started: S2 1-28
2026-10-06 09:05:07,022 INFO o.a.j.t.JMeterThread: Thread started: S2 1-29
2026-10-06 09:05:07,042 INFO o.a.j.t.JMeterThread: Thread started: S2 1-30
2026-10-06 09:05:07,062 INFO o.a.j.t.JMeterThread: Thread started: S2 1-31
2026-10-06 09:05:07,082 INFO o.a.j.t.JMeterThread: Thread started: S2 1-32
2026-10-06 09:05:07,102 INFO o.a.j.t.JMeterThread: Thread started: S2 1-33
2026-10-06 09:05:07,122 INFO o.a.j.t.JMeterThread: Thread started: S2 1-34
2026-10-06 09:05:07,142 INFO o.a.j.t.JMeterThread: Thread started: S2 1-35
2026-10-06 09:05:07,162 INFO o.a.j.t.JMeterThread: Thread started: S2 1-36
2026-10-06 09:05:07,182 INFO o.a.j.t.JMeterThread: Thread started: S2 1-37
2026-10-06 09:05:07,202 INFO o.a.j.t.JMeterThread: Thread started: S2 1-38
2026-10-06 09:05:07,222 INFO o.a.j.t.JMeterThread: Thread started: S2 1-39
2026-10-06 09:05:07,242 INFO o.a.j.t.JMeterThread: Thread started: S2 1-40
2026-10-06 09:05:07,262 INFO o.a.j.t.JMeterThread: Thread started: S2 1-41
2026-10-06 09:05:07,282 INFO o.a.j.t.JMeterThread: Thread started: S2 1-42
2026-10-06 09:05:07,302 INFO o.a.j.t.JMeterThread: Thread started: S2 1-43
2026-10-06 09:05:07,322 INFO o.a.j.t.JMeterThread: Thread started: S2 1-44
2026-10-06 09:05:07,342 INFO o.a.j.t.JMeterThread: Thread started: S2 1-45
2026-10-06 09:05:07,362 INFO o.a.j.t.JMeterThread: Thread started: S2 1-46
2026-10-06 09:05:07,382 INFO o.a.j.t.JMeterThread: Thread started: S2 1-47
2026-10-06 09:05:07,402 INFO o.a.j.t.JMeterThread: Thread started: S2 1-48
2026-10-06 09:05:07,423 INFO o.a.j.t.JMeterThread: Thread started: S2 1-49
2026-10-06 09:05:07,443 INFO o.a.j.t.JMeterThread: Thread started: S2 1-50
2026-10-06 09:05:07,462 INFO o.a.j.t.JMeterThread: Thread started: S2 1-51
2026-10-06 09:05:07,482 INFO o.a.j.t.JMeterThread: Thread started: S2 1-52
2026-10-06 09:05:07,503 INFO o.a.j.t.JMeterThread: Thread started: S2 1-53
2026-10-06 09:05:07,522 INFO o.a.j.t.JMeterThread: Thread started: S2 1-54
2026-10-06 09:05:07,542 INFO o.a.j.t.JMeterThread: Thread started: S2 1-55
2026-10-06 09:05:07,562 INFO o.a.j.t.JMeterThread: Thread started: S2 1-56
2026-10-06 09:05:07,583 INFO o.a.j.t.JMeterThread: Thread started: S2 1-57
2026-10-06 09:05:07,602 INFO o.a.j.t.JMeterThread: Thread started: S2 1-58
2026-10-06 09:05:07,623 INFO o.a.j.t.JMeterThread: Thread started: S2 1-59
2026-10-06 09:05:07,642 INFO o.a.j.t.JMeterThread: Thread started: S2 1-60
2026-10-06 09:05:07,663 INFO o.a.j.t.JMeterThread: Thread started: S2 1-61
2026-10-06 09:05:07,682 INFO o.a.j.t.JMeterThread: Thread started: S2 1-62
2026-10-06 09:05:07,703 INFO o.a.j.t.JMeterThread: Thread started: S2 1-63
2026-10-06 09:05:07,722 INFO o.a.j.t.JMeterThread: Thread started: S2 1-64
2026-10-06 09:05:07,743 INFO o.a.j.t.JMeterThread: Thread started: S2 1-65
2026-10-06 09:05:07,762 INFO o.a.j.t.JMeterThread: Thread started: S2 1-66
2026-10-06 09:05:07,782 INFO o.a.j.t.JMeterThread: Thread started: S2 1-67
2026-10-06 09:05:07,801 INFO o.a.j.t.JMeterThread: Thread started: S2 1-68
2026-10-06 09:05:07,822 INFO o.a.j.t.JMeterThread: Thread started: S2 1-69
2026-10-06 09:05:07,841 INFO o.a.j.t.JMeterThread: Thread started: S2 1-70
2026-10-06 09:05:07,863 INFO o.a.j.t.JMeterThread: Thread started: S2 1-71
2026-10-06 09:05:07,882 INFO o.a.j.t.JMeterThread: Thread started: S2 1-72
2026-10-06 09:05:07,902 INFO o.a.j.t.JMeterThread: Thread started: S2 1-73
2026-10-06 09:05:07,922 INFO o.a.j.t.JMeterThread: Thread started: S2 1-74
2026-10-06 09:05:07,942 INFO o.a.j.t.JMeterThread: Thread started: S2 1-75
2026-10-06 09:05:07,962 INFO o.a.j.t.JMeterThread: Thread started: S2 1-76
2026-10-06 09:05:07,982 INFO o.a.j.t.JMeterThread: Thread started: S2 1-77
2026-10-06 09:05:08,002 INFO o.a.j.t.JMeterThread: Thread started: S2 1-78
2026-10-06 09:05:08,021 INFO o.a.j.t.JMeterThread: Thread started: S2 1-79
2026-10-06 09:05:08,042 INFO o.a.j.t.JMeterThread: Thread started: S2 1-80
2026-10-06 09:05:08,062 INFO o.a.j.t.JMeterThread: Thread started: S2 1-81
2026-10-06 09:05:08,081 INFO o.a.j.t.JMeterThread: Thread started: S2 1-82
2026-10-06 09:05:08,102 INFO o.a.j.t.JMeterThread: Thread started: S2 1-83
2026-10-06 09:05:08,121 INFO o.a.j.t.JMeterThread: Thread started: S2 1-84
2026-10-06 09:05:08,143 INFO o.a.j.t.JMeterThread: Thread started: S2 1-85
2026-10-06 09:05:08,161 INFO o.a.j.t.JMeterThread: Thread started: S2 1-86
2026-10-06 09:05:08,182 INFO o.a.j.t.JMeterThread: Thread started: S2 1-87
2026-10-06 09:05:08,202 INFO o.a.j.t.JMeterThread: Thread started: S2 1-88
2026-10-06 09:05:08,222 INFO o.a.j.t.JMeterThread: Thread started: S2 1-89
2026-10-06 09:05:08,241 INFO o.a.j.t.JMeterThread: Thread started: S2 1-90
2026-10-06 09:05:08,262 INFO o.a.j.t.JMeterThread: Thread started: S2 1-91
2026-10-06 09:05:08,282 INFO o.a.j.t.JMeterThread: Thread started: S2 1-92
2026-10-06 09:05:08,302 INFO o.a.j.t.JMeterThread: Thread started: S2 1-93
2026-10-06 09:05:08,322 INFO o.a.j.t.JMeterThread: Thread started: S2 1-94
2026-10-06 09:05:08,341 INFO o.a.j.t.JMeterThread: Thread started: S2 1-95
2026-10-06 09:05:08,362 INFO o.a.j.t.JMeterThread: Thread started: S2 1-96
2026-10-06 09:05:08,381 INFO o.a.j.t.JMeterThread: Thread started: S2 1-97
2026-10-06 09:05:08,402 INFO o.a.j.t.JMeterThread: Thread started: S2 1-98
2026-10-06 09:05:08,423 INFO o.a.j.t.JMeterThread: Thread started: S2 1-99
2026-10-06 09:05:08,442 INFO o.a.j.t.JMeterThread: Thread started: S2 1-100
2026-10-06 09:05:08,461 INFO o.a.j.t.JMeterThread: Thread started: S2 1-101
2026-10-06 09:05:08,482 INFO o.a.j.t.JMeterThread: Thread started: S2 1-102
2026-10-06 09:05:08,502 INFO o.a.j.t.JMeterThread: Thread started: S2 1-103
2026-10-06 09:05:08,522 INFO o.a.j.t.JMeterThread: Thread started: S2 1-104
2026-10-06 09:05:08,543 INFO o.a.j.t.JMeterThread: Thread started: S2 1-105
2026-10-06 09:05:08,562 INFO o.a.j.t.JMeterThread: Thread started: S2 1-106
2026-10-06 09:05:08,581 INFO o.a.j.t.JMeterThread: Thread started: S2 1-107
2026-10-06 09:05:08,602 INFO o.a.j.t.JMeterThread: Thread started: S2 1-108
2026-10-06 09:05:08,622 INFO o.a.j.t.JMeterThread: Thread started: S2 1-109
2026-10-06 09:05:08,642 INFO o.a.j.t.JMeterThread: Thread started: S2 1-110
2026-10-06 09:05:08,662 INFO o.a.j.t.JMeterThread: Thread started: S2 1-111
2026-10-06 09:05:08,682 INFO o.a.j.t.JMeterThread: Thread started: S2 1-112
2026-10-06 09:05:08,703 INFO o.a.j.t.JMeterThread: Thread started: S2 1-113
2026-10-06 09:05:08,721 INFO o.a.j.t.JMeterThread: Thread started: S2 1-114
2026-10-06 09:05:08,743 INFO o.a.j.t.JMeterThread: Thread started: S2 1-115
2026-10-06 09:05:08,762 INFO o.a.j.t.JMeterThread: Thread started: S2 1-116
2026-10-06 09:05:08,782 INFO o.a.j.t.JMeterThread: Thread started: S2 1-117
2026-10-06 09:05:08,802 INFO o.a.j.t.JMeterThread: Thread started: S2 1-118
2026-10-06 09:05:08,821 INFO o.a.j.t.JMeterThread: Thread started: S2 1-119
2026-10-06 09:05:08,842 INFO o.a.j.t.JMeterThread: Thread started: S2 1-120
2026-10-06 09:05:08,861 INFO o.a.j.t.JMeterThread: Thread started: S2 1-121
2026-10-06 09:05:08,882 INFO o.a.j.t.JMeterThread: Thread started: S2 1-122
2026-10-06 09:05:08,902 INFO o.a.j.t.JMeterThread: Thread started: S2 1-123
2026-10-06 09:05:08,923 INFO o.a.j.t.JMeterThread: Thread started: S2 1-124
2026-10-06 09:05:08,944 INFO o.a.j.t.JMeterThread: Thread started: S2 1-125
2026-10-06 09:05:08,964 INFO o.a.j.t.JMeterThread: Thread started: S2 1-126
2026-10-06 09:05:08,983 INFO o.a.j.t.JMeterThread: Thread started: S2 1-127
2026-10-06 09:05:09,002 INFO o.a.j.t.JMeterThread: Thread started: S2 1-128
2026-10-06 09:05:09,023 INFO o.a.j.t.JMeterThread: Thread started: S2 1-129
2026-10-06 09:05:09,041 INFO o.a.j.t.JMeterThread: Thread started: S2 1-130
2026-10-06 09:05:09,062 INFO o.a.j.t.JMeterThread: Thread started: S2 1-131
2026-10-06 09:05:09,082 INFO o.a.j.t.JMeterThread: Thread started: S2 1-132
2026-10-06 09:05:09,103 INFO o.a.j.t.JMeterThread: Thread started: S2 1-133
2026-10-06 09:05:09,123 INFO o.a.j.t.JMeterThread: Thread started: S2 1-134
2026-10-06 09:05:09,143 INFO o.a.j.t.JMeterThread: Thread started: S2 1-135
2026-10-06 09:05:09,162 INFO o.a.j.t.JMeterThread: Thread started: S2 1-136
2026-10-06 09:05:09,183 INFO o.a.j.t.JMeterThread: Thread started: S2 1-137
2026-10-06 09:05:09,202 INFO o.a.j.t.JMeterThread: Thread started: S2 1-138
2026-10-06 09:05:09,223 INFO o.a.j.t.JMeterThread: Thread started: S2 1-139
2026-10-06 09:05:09,242 INFO o.a.j.t.JMeterThread: Thread started: S2 1-140
2026-10-06 09:05:09,263 INFO o.a.j.t.JMeterThread: Thread started: S2 1-141
2026-10-06 09:05:09,281 INFO o.a.j.t.JMeterThread: Thread started: S2 1-142
2026-10-06 09:05:09,302 INFO o.a.j.t.JMeterThread: Thread started: S2 1-143
2026-10-06 09:05:09,323 INFO o.a.j.t.JMeterThread: Thread started: S2 1-144
2026-10-06 09:05:09,341 INFO o.a.j.t.JMeterThread: Thread started: S2 1-145
2026-10-06 09:05:09,363 INFO o.a.j.t.JMeterThread: Thread started: S2 1-146
2026-10-06 09:05:09,382 INFO o.a.j.t.JMeterThread: Thread started: S2 1-147
2026-10-06 09:05:09,402 INFO o.a.j.t.JMeterThread: Thread started: S2 1-148
2026-10-06 09:05:09,422 INFO o.a.j.t.JMeterThread: Thread started: S2 1-149
2026-10-06 09:05:09,442 INFO o.a.j.t.JMeterThread: Thread started: S2 1-150
2026-10-06 09:05:09,462 INFO o.a.j.t.JMeterThread: Thread started: S2 1-151
2026-10-06 09:05:09,482 INFO o.a.j.t.JMeterThread: Thread started: S2 1-152
2026-10-06 09:05:09,502 INFO o.a.j.t.JMeterThread: Thread started: S2 1-153
2026-10-06 09:05:09,522 INFO o.a.j.t.JMeterThread: Thread started: S2 1-154
2026-10-06 09:05:09,541 INFO o.a.j.t.JMeterThread: Thread started: S2 1-155
2026-10-06 09:05:09,563 INFO o.a.j.t.JMeterThread: Thread started: S2 1-156
2026-10-06 09:05:09,581 INFO o.a.j.t.JMeterThread: Thread started: S2 1-157
2026-10-06 09:05:09,602 INFO o.a.j.t.JMeterThread: Thread started: S2 1-158
2026-10-06 09:05:09,621 INFO o.a.j.t.JMeterThread: Thread started: S2 1-159
2026-10-06 09:05:09,642 INFO o.a.j.t.JMeterThread: Thread started: S2 1-160
2026-10-06 09:05:09,662 INFO o.a.j.t.JMeterThread: Thread started: S2 1-161
2026-10-06 09:05:09,682 INFO o.a.j.t.JMeterThread: Thread started: S2 1-162
2026-10-06 09:05:09,702 INFO o.a.j.t.JMeterThread: Thread started: S2 1-163
2026-10-06 09:05:09,722 INFO o.a.j.t.JMeterThread: Thread started: S2 1-164
2026-10-06 09:05:09,742 INFO o.a.j.t.JMeterThread: Thread started: S2 1-165
2026-10-06 09:05:09,763 INFO o.a.j.t.JMeterThread: Thread started: S2 1-166
2026-10-06 09:05:09,782 INFO o.a.j.t.JMeterThread: Thread started: S2 1-167
2026-10-06 09:05:09,802 INFO o.a.j.t.JMeterThread: Thread started: S2 1-168
2026-10-06 09:05:09,822 INFO o.a.j.t.JMeterThread: Thread started: S2 1-169
2026-10-06 09:05:09,842 INFO o.a.j.t.JMeterThread: Thread started: S2 1-170
2026-10-06 09:05:09,862 INFO o.a.j.t.JMeterThread: Thread started: S2 1-171
2026-10-06 09:05:09,882 INFO o.a.j.t.JMeterThread: Thread started: S2 1-172
2026-10-06 09:05:09,902 INFO o.a.j.t.JMeterThread: Thread started: S2 1-173
2026-10-06 09:05:09,921 INFO o.a.j.t.JMeterThread: Thread started: S2 1-174
2026-10-06 09:05:09,942 INFO o.a.j.t.JMeterThread: Thread started: S2 1-175
2026-10-06 09:05:09,963 INFO o.a.j.t.JMeterThread: Thread started: S2 1-176
2026-10-06 09:05:09,981 INFO o.a.j.t.JMeterThread: Thread started: S2 1-177
2026-10-06 09:05:10,002 INFO o.a.j.t.JMeterThread: Thread started: S2 1-178
2026-10-06 09:05:10,021 INFO o.a.j.t.JMeterThread: Thread started: S2 1-179
2026-10-06 09:05:10,042 INFO o.a.j.t.JMeterThread: Thread started: S2 1-180
2026-10-06 09:05:10,062 INFO o.a.j.t.JMeterThread: Thread started: S2 1-181
2026-10-06 09:05:10,082 INFO o.a.j.t.JMeterThread: Thread started: S2 1-182
2026-10-06 09:05:10,102 INFO o.a.j.t.JMeterThread: Thread started: S2 1-183
2026-10-06 09:05:10,124 INFO o.a.j.t.JMeterThread: Thread started: S2 1-184
2026-10-06 09:05:10,143 INFO o.a.j.t.JMeterThread: Thread started: S2 1-185
2026-10-06 09:05:10,161 INFO o.a.j.t.JMeterThread: Thread started: S2 1-186
2026-10-06 09:05:10,182 INFO o.a.j.t.JMeterThread: Thread started: S2 1-187
2026-10-06 09:05:10,202 INFO o.a.j.t.JMeterThread: Thread started: S2 1-188
2026-10-06 09:05:10,222 INFO o.a.j.t.JMeterThread: Thread started: S2 1-189
2026-10-06 09:05:10,242 INFO o.a.j.t.JMeterThread: Thread started: S2 1-190
2026-10-06 09:05:10,263 INFO o.a.j.t.JMeterThread: Thread started: S2 1-191
2026-10-06 09:05:10,294 INFO o.a.j.t.JMeterThread: Thread started: S2 1-192
2026-10-06 09:05:10,303 INFO o.a.j.t.JMeterThread: Thread started: S2 1-193
2026-10-06 09:05:10,322 INFO o.a.j.t.JMeterThread: Thread started: S2 1-194
2026-10-06 09:05:10,342 INFO o.a.j.t.JMeterThread: Thread started: S2 1-195
2026-10-06 09:05:10,362 INFO o.a.j.t.JMeterThread: Thread started: S2 1-196
2026-10-06 09:05:10,381 INFO o.a.j.t.JMeterThread: Thread started: S2 1-197
2026-10-06 09:05:10,403 INFO o.a.j.t.JMeterThread: Thread started: S2 1-198
2026-10-06 09:05:10,421 INFO o.a.j.t.JMeterThread: Thread started: S2 1-199
2026-10-06 09:05:10,443 INFO o.a.j.t.JMeterThread: Thread started: S2 1-200
2026-10-06 09:05:10,461 INFO o.a.j.t.JMeterThread: Thread started: S2 1-201
2026-10-06 09:05:10,488 INFO o.a.j.t.JMeterThread: Thread started: S2 1-202
2026-10-06 09:05:10,502 INFO o.a.j.t.JMeterThread: Thread started: S2 1-203
2026-10-06 09:05:10,522 INFO o.a.j.t.JMeterThread: Thread started: S2 1-204
2026-10-06 09:05:10,541 INFO o.a.j.t.JMeterThread: Thread started: S2 1-205
2026-10-06 09:05:10,562 INFO o.a.j.t.JMeterThread: Thread started: S2 1-206
2026-10-06 09:05:10,582 INFO o.a.j.t.JMeterThread: Thread started: S2 1-207
2026-10-06 09:05:10,602 INFO o.a.j.t.JMeterThread: Thread started: S2 1-208
2026-10-06 09:05:10,623 INFO o.a.j.t.JMeterThread: Thread started: S2 1-209
2026-10-06 09:05:10,642 INFO o.a.j.t.JMeterThread: Thread started: S2 1-210
2026-10-06 09:05:10,661 INFO o.a.j.t.JMeterThread: Thread started: S2 1-211
2026-10-06 09:05:10,683 INFO o.a.j.t.JMeterThread: Thread started: S2 1-212
2026-10-06 09:05:10,701 INFO o.a.j.t.JMeterThread: Thread started: S2 1-213
2026-10-06 09:05:10,723 INFO o.a.j.t.JMeterThread: Thread started: S2 1-214
2026-10-06 09:05:10,741 INFO o.a.j.t.JMeterThread: Thread started: S2 1-215
2026-10-06 09:05:10,762 INFO o.a.j.t.JMeterThread: Thread started: S2 1-216
2026-10-06 09:05:10,783 INFO o.a.j.t.JMeterThread: Thread started: S2 1-217
2026-10-06 09:05:10,801 INFO o.a.j.t.JMeterThread: Thread started: S2 1-218
2026-10-06 09:05:10,823 INFO o.a.j.t.JMeterThread: Thread started: S2 1-219
2026-10-06 09:05:10,842 INFO o.a.j.t.JMeterThread: Thread started: S2 1-220
2026-10-06 09:05:10,862 INFO o.a.j.t.JMeterThread: Thread started: S2 1-221
2026-10-06 09:05:10,882 INFO o.a.j.t.JMeterThread: Thread started: S2 1-222
2026-10-06 09:05:10,902 INFO o.a.j.t.JMeterThread: Thread started: S2 1-223
2026-10-06 09:05:10,921 INFO o.a.j.t.JMeterThread: Thread started: S2 1-224
2026-10-06 09:05:10,942 INFO o.a.j.t.JMeterThread: Thread started: S2 1-225
2026-10-06 09:05:10,961 INFO o.a.j.t.JMeterThread: Thread started: S2 1-226
2026-10-06 09:05:10,982 INFO o.a.j.t.JMeterThread: Thread started: S2 1-227
2026-10-06 09:05:11,002 INFO o.a.j.t.JMeterThread: Thread started: S2 1-228
2026-10-06 09:05:11,022 INFO o.a.j.t.JMeterThread: Thread started: S2 1-229
2026-10-06 09:05:11,043 INFO o.a.j.t.JMeterThread: Thread started: S2 1-230
2026-10-06 09:05:11,062 INFO o.a.j.t.JMeterThread: Thread started: S2 1-231
2026-10-06 09:05:11,083 INFO o.a.j.t.JMeterThread: Thread started: S2 1-232
2026-10-06 09:05:11,101 INFO o.a.j.t.JMeterThread: Thread started: S2 1-233
2026-10-06 09:05:11,122 INFO o.a.j.t.JMeterThread: Thread started: S2 1-234
2026-10-06 09:05:11,143 INFO o.a.j.t.JMeterThread: Thread started: S2 1-235
2026-10-06 09:05:11,162 INFO o.a.j.t.JMeterThread: Thread started: S2 1-236
2026-10-06 09:05:11,182 INFO o.a.j.t.JMeterThread: Thread started: S2 1-237
2026-10-06 09:05:11,202 INFO o.a.j.t.JMeterThread: Thread started: S2 1-238
2026-10-06 09:05:11,221 INFO o.a.j.t.JMeterThread: Thread started: S2 1-239
2026-10-06 09:05:11,243 INFO o.a.j.t.JMeterThread: Thread started: S2 1-240
2026-10-06 09:05:11,262 INFO o.a.j.t.JMeterThread: Thread started: S2 1-241
2026-10-06 09:05:11,282 INFO o.a.j.t.JMeterThread: Thread started: S2 1-242
2026-10-06 09:05:11,302 INFO o.a.j.t.JMeterThread: Thread started: S2 1-243
2026-10-06 09:05:11,322 INFO o.a.j.t.JMeterThread: Thread started: S2 1-244
2026-10-06 09:05:11,343 INFO o.a.j.t.JMeterThread: Thread started: S2 1-245
2026-10-06 09:05:11,362 INFO o.a.j.t.JMeterThread: Thread started: S2 1-246
2026-10-06 09:05:11,382 INFO o.a.j.t.JMeterThread: Thread started: S2 1-247
2026-10-06 09:05:11,402 INFO o.a.j.t.JMeterThread: Thread started: S2 1-248
2026-10-06 09:05:11,423 INFO o.a.j.t.JMeterThread: Thread started: S2 1-249
2026-10-06 09:05:11,442 INFO o.a.j.t.JMeterThread: Thread started: S2 1-250
2026-10-06 09:05:11,462 INFO o.a.j.t.JMeterThread: Thread started: S2 1-251
2026-10-06 09:05:11,482 INFO o.a.j.t.JMeterThread: Thread started: S2 1-252
2026-10-06 09:05:11,502 INFO o.a.j.t.JMeterThread: Thread started: S2 1-253
2026-10-06 09:05:11,522 INFO o.a.j.t.JMeterThread: Thread started: S2 1-254
2026-10-06 09:05:11,542 INFO o.a.j.t.JMeterThread: Thread started: S2 1-255
2026-10-06 09:05:11,562 INFO o.a.j.t.JMeterThread: Thread started: S2 1-256
2026-10-06 09:05:11,582 INFO o.a.j.t.JMeterThread: Thread started: S2 1-257
2026-10-06 09:05:11,603 INFO o.a.j.t.JMeterThread: Thread started: S2 1-258
2026-10-06 09:05:11,623 INFO o.a.j.t.JMeterThread: Thread started: S2 1-259
2026-10-06 09:05:11,641 INFO o.a.j.t.JMeterThread: Thread started: S2 1-260
2026-10-06 09:05:11,662 INFO o.a.j.t.JMeterThread: Thread started: S2 1-261
2026-10-06 09:05:11,682 INFO o.a.j.t.JMeterThread: Thread started: S2 1-262
2026-10-06 09:05:11,702 INFO o.a.j.t.JMeterThread: Thread started: S2 1-263
2026-10-06 09:05:11,722 INFO o.a.j.t.JMeterThread: Thread started: S2 1-264
2026-10-06 09:05:11,742 INFO o.a.j.t.JMeterThread: Thread started: S2 1-265
2026-10-06 09:05:11,761 INFO o.a.j.t.JMeterThread: Thread started: S2 1-266
2026-10-06 09:05:11,783 INFO o.a.j.t.JMeterThread: Thread started: S2 1-267
2026-10-06 09:05:11,802 INFO o.a.j.t.JMeterThread: Thread started: S2 1-268
2026-10-06 09:05:11,822 INFO o.a.j.t.JMeterThread: Thread started: S2 1-269
2026-10-06 09:05:11,841 INFO o.a.j.t.JMeterThread: Thread started: S2 1-270
2026-10-06 09:05:11,862 INFO o.a.j.t.JMeterThread: Thread started: S2 1-271
2026-10-06 09:05:11,882 INFO o.a.j.t.JMeterThread: Thread started: S2 1-272
2026-10-06 09:05:11,902 INFO o.a.j.t.JMeterThread: Thread started: S2 1-273
2026-10-06 09:05:11,922 INFO o.a.j.t.JMeterThread: Thread started: S2 1-274
2026-10-06 09:05:11,942 INFO o.a.j.t.JMeterThread: Thread started: S2 1-275
2026-10-06 09:05:11,962 INFO o.a.j.t.JMeterThread: Thread started: S2 1-276
2026-10-06 09:05:11,984 INFO o.a.j.t.JMeterThread: Thread started: S2 1-277
2026-10-06 09:05:12,002 INFO o.a.j.t.JMeterThread: Thread started: S2 1-278
2026-10-06 09:05:12,022 INFO o.a.j.t.JMeterThread: Thread started: S2 1-279
2026-10-06 09:05:12,042 INFO o.a.j.t.JMeterThread: Thread started: S2 1-280
2026-10-06 09:05:12,061 INFO o.a.j.t.JMeterThread: Thread started: S2 1-281
2026-10-06 09:05:12,082 INFO o.a.j.t.JMeterThread: Thread started: S2 1-282
2026-10-06 09:05:12,102 INFO o.a.j.t.JMeterThread: Thread started: S2 1-283
2026-10-06 09:05:12,122 INFO o.a.j.t.JMeterThread: Thread started: S2 1-284
2026-10-06 09:05:12,143 INFO o.a.j.t.JMeterThread: Thread started: S2 1-285
2026-10-06 09:05:12,162 INFO o.a.j.t.JMeterThread: Thread started: S2 1-286
2026-10-06 09:05:12,182 INFO o.a.j.t.JMeterThread: Thread started: S2 1-287
2026-10-06 09:05:12,202 INFO o.a.j.t.JMeterThread: Thread started: S2 1-288
2026-10-06 09:05:12,222 INFO o.a.j.t.JMeterThread: Thread started: S2 1-289
2026-10-06 09:05:12,242 INFO o.a.j.t.JMeterThread: Thread started: S2 1-290
2026-10-06 09:05:12,262 INFO o.a.j.t.JMeterThread: Thread started: S2 1-291
2026-10-06 09:05:12,282 INFO o.a.j.t.JMeterThread: Thread started: S2 1-292
2026-10-06 09:05:12,302 INFO o.a.j.t.JMeterThread: Thread started: S2 1-293
2026-10-06 09:05:12,322 INFO o.a.j.t.JMeterThread: Thread started: S2 1-294
2026-10-06 09:05:12,341 INFO o.a.j.t.JMeterThread: Thread started: S2 1-295
2026-10-06 09:05:12,362 INFO o.a.j.t.JMeterThread: Thread started: S2 1-296
2026-10-06 09:05:12,381 INFO o.a.j.t.JMeterThread: Thread started: S2 1-297
2026-10-06 09:05:12,403 INFO o.a.j.t.JMeterThread: Thread started: S2 1-298
2026-10-06 09:05:12,422 INFO o.a.j.t.JMeterThread: Thread started: S2 1-299
2026-10-06 09:05:12,442 INFO o.a.j.t.JMeterThread: Thread started: S2 1-300
2026-10-06 09:05:12,462 INFO o.a.j.t.JMeterThread: Thread started: S2 1-301
2026-10-06 09:05:12,482 INFO o.a.j.t.JMeterThread: Thread started: S2 1-302
2026-10-06 09:05:12,501 INFO o.a.j.t.JMeterThread: Thread started: S2 1-303
2026-10-06 09:05:12,522 INFO o.a.j.t.JMeterThread: Thread started: S2 1-304
2026-10-06 09:05:12,541 INFO o.a.j.t.JMeterThread: Thread started: S2 1-305
2026-10-06 09:05:12,562 INFO o.a.j.t.JMeterThread: Thread started: S2 1-306
2026-10-06 09:05:12,582 INFO o.a.j.t.JMeterThread: Thread started: S2 1-307
2026-10-06 09:05:12,602 INFO o.a.j.t.JMeterThread: Thread started: S2 1-308
2026-10-06 09:05:12,623 INFO o.a.j.t.JMeterThread: Thread started: S2 1-309
2026-10-06 09:05:12,643 INFO o.a.j.t.JMeterThread: Thread started: S2 1-310
2026-10-06 09:05:12,662 INFO o.a.j.t.JMeterThread: Thread started: S2 1-311
2026-10-06 09:05:12,682 INFO o.a.j.t.JMeterThread: Thread started: S2 1-312
2026-10-06 09:05:12,702 INFO o.a.j.t.JMeterThread: Thread started: S2 1-313
2026-10-06 09:05:12,721 INFO o.a.j.t.JMeterThread: Thread started: S2 1-314
2026-10-06 09:05:12,742 INFO o.a.j.t.JMeterThread: Thread started: S2 1-315
2026-10-06 09:05:12,761 INFO o.a.j.t.JMeterThread: Thread started: S2 1-316
2026-10-06 09:05:12,782 INFO o.a.j.t.JMeterThread: Thread started: S2 1-317
2026-10-06 09:05:12,803 INFO o.a.j.t.JMeterThread: Thread started: S2 1-318
2026-10-06 09:05:12,823 INFO o.a.j.t.JMeterThread: Thread started: S2 1-319
2026-10-06 09:05:12,843 INFO o.a.j.t.JMeterThread: Thread started: S2 1-320
2026-10-06 09:05:12,861 INFO o.a.j.t.JMeterThread: Thread started: S2 1-321
2026-10-06 09:05:12,883 INFO o.a.j.t.JMeterThread: Thread started: S2 1-322
2026-10-06 09:05:12,903 INFO o.a.j.t.JMeterThread: Thread started: S2 1-323
2026-10-06 09:05:12,921 INFO o.a.j.t.JMeterThread: Thread started: S2 1-324
2026-10-06 09:05:12,943 INFO o.a.j.t.JMeterThread: Thread started: S2 1-325
2026-10-06 09:05:12,963 INFO o.a.j.t.JMeterThread: Thread started: S2 1-326
2026-10-06 09:05:12,982 INFO o.a.j.t.JMeterThread: Thread started: S2 1-327
2026-10-06 09:05:13,002 INFO o.a.j.t.JMeterThread: Thread started: S2 1-328
2026-10-06 09:05:13,022 INFO o.a.j.t.JMeterThread: Thread started: S2 1-329
2026-10-06 09:05:13,042 INFO o.a.j.t.JMeterThread: Thread started: S2 1-330
2026-10-06 09:05:13,062 INFO o.a.j.t.JMeterThread: Thread started: S2 1-331
2026-10-06 09:05:13,083 INFO o.a.j.t.JMeterThread: Thread started: S2 1-332
2026-10-06 09:05:13,102 INFO o.a.j.t.JMeterThread: Thread started: S2 1-333
2026-10-06 09:05:13,123 INFO o.a.j.t.JMeterThread: Thread started: S2 1-334
2026-10-06 09:05:13,142 INFO o.a.j.t.JMeterThread: Thread started: S2 1-335
2026-10-06 09:05:13,161 INFO o.a.j.t.JMeterThread: Thread started: S2 1-336
2026-10-06 09:05:13,183 INFO o.a.j.t.JMeterThread: Thread started: S2 1-337
2026-10-06 09:05:13,203 INFO o.a.j.t.JMeterThread: Thread started: S2 1-338
2026-10-06 09:05:13,222 INFO o.a.j.t.JMeterThread: Thread started: S2 1-339
2026-10-06 09:05:13,243 INFO o.a.j.t.JMeterThread: Thread started: S2 1-340
2026-10-06 09:05:13,262 INFO o.a.j.t.JMeterThread: Thread started: S2 1-341
2026-10-06 09:05:13,282 INFO o.a.j.t.JMeterThread: Thread started: S2 1-342
2026-10-06 09:05:13,302 INFO o.a.j.t.JMeterThread: Thread started: S2 1-343
2026-10-06 09:05:13,321 INFO o.a.j.t.JMeterThread: Thread started: S2 1-344
2026-10-06 09:05:13,343 INFO o.a.j.t.JMeterThread: Thread started: S2 1-345
2026-10-06 09:05:13,361 INFO o.a.j.t.JMeterThread: Thread started: S2 1-346
2026-10-06 09:05:13,382 INFO o.a.j.t.JMeterThread: Thread started: S2 1-347
2026-10-06 09:05:13,402 INFO o.a.j.t.JMeterThread: Thread started: S2 1-348
2026-10-06 09:05:13,422 INFO o.a.j.t.JMeterThread: Thread started: S2 1-349
2026-10-06 09:05:13,442 INFO o.a.j.t.JMeterThread: Thread started: S2 1-350
2026-10-06 09:05:13,462 INFO o.a.j.t.JMeterThread: Thread started: S2 1-351
2026-10-06 09:05:13,482 INFO o.a.j.t.JMeterThread: Thread started: S2 1-352
2026-10-06 09:05:13,502 INFO o.a.j.t.JMeterThread: Thread started: S2 1-353
2026-10-06 09:05:13,523 INFO o.a.j.t.JMeterThread: Thread started: S2 1-354
2026-10-06 09:05:13,543 INFO o.a.j.t.JMeterThread: Thread started: S2 1-355
2026-10-06 09:05:13,564 INFO o.a.j.t.JMeterThread: Thread started: S2 1-356
2026-10-06 09:05:13,582 INFO o.a.j.t.JMeterThread: Thread started: S2 1-357
2026-10-06 09:05:13,602 INFO o.a.j.t.JMeterThread: Thread started: S2 1-358
2026-10-06 09:05:13,624 INFO o.a.j.t.JMeterThread: Thread started: S2 1-359
2026-10-06 09:05:13,644 INFO o.a.j.t.JMeterThread: Thread started: S2 1-360
2026-10-06 09:05:13,664 INFO o.a.j.t.JMeterThread: Thread started: S2 1-361
2026-10-06 09:05:13,687 INFO o.a.j.t.JMeterThread: Thread started: S2 1-362
2026-10-06 09:05:13,704 INFO o.a.j.t.JMeterThread: Thread started: S2 1-363
2026-10-06 09:05:13,722 INFO o.a.j.t.JMeterThread: Thread started: S2 1-364
2026-10-06 09:05:13,742 INFO o.a.j.t.JMeterThread: Thread started: S2 1-365
2026-10-06 09:05:13,762 INFO o.a.j.t.JMeterThread: Thread started: S2 1-366
2026-10-06 09:05:13,782 INFO o.a.j.t.JMeterThread: Thread started: S2 1-367
2026-10-06 09:05:13,801 INFO o.a.j.t.JMeterThread: Thread started: S2 1-368
2026-10-06 09:05:13,822 INFO o.a.j.t.JMeterThread: Thread started: S2 1-369
2026-10-06 09:05:13,843 INFO o.a.j.t.JMeterThread: Thread started: S2 1-370
2026-10-06 09:05:13,862 INFO o.a.j.t.JMeterThread: Thread started: S2 1-371
2026-10-06 09:05:13,882 INFO o.a.j.t.JMeterThread: Thread started: S2 1-372
2026-10-06 09:05:13,901 INFO o.a.j.t.JMeterThread: Thread started: S2 1-373
2026-10-06 09:05:13,923 INFO o.a.j.t.JMeterThread: Thread started: S2 1-374
2026-10-06 09:05:13,941 INFO o.a.j.t.JMeterThread: Thread started: S2 1-375
2026-10-06 09:05:13,962 INFO o.a.j.t.JMeterThread: Thread started: S2 1-376
2026-10-06 09:05:13,981 INFO o.a.j.t.JMeterThread: Thread started: S2 1-377
2026-10-06 09:05:14,003 INFO o.a.j.t.JMeterThread: Thread started: S2 1-378
2026-10-06 09:05:14,023 INFO o.a.j.t.JMeterThread: Thread started: S2 1-379
2026-10-06 09:05:14,042 INFO o.a.j.t.JMeterThread: Thread started: S2 1-380
2026-10-06 09:05:14,062 INFO o.a.j.t.JMeterThread: Thread started: S2 1-381
2026-10-06 09:05:14,081 INFO o.a.j.t.JMeterThread: Thread started: S2 1-382
2026-10-06 09:05:14,103 INFO o.a.j.t.JMeterThread: Thread started: S2 1-383
2026-10-06 09:05:14,122 INFO o.a.j.t.JMeterThread: Thread started: S2 1-384
2026-10-06 09:05:14,143 INFO o.a.j.t.JMeterThread: Thread started: S2 1-385
2026-10-06 09:05:14,162 INFO o.a.j.t.JMeterThread: Thread started: S2 1-386
2026-10-06 09:05:14,183 INFO o.a.j.t.JMeterThread: Thread started: S2 1-387
2026-10-06 09:05:14,203 INFO o.a.j.t.JMeterThread: Thread started: S2 1-388
2026-10-06 09:05:14,222 INFO o.a.j.t.JMeterThread: Thread started: S2 1-389
2026-10-06 09:05:14,243 INFO o.a.j.t.JMeterThread: Thread started: S2 1-390
2026-10-06 09:05:14,261 INFO o.a.j.t.JMeterThread: Thread started: S2 1-391
2026-10-06 09:05:14,283 INFO o.a.j.t.JMeterThread: Thread started: S2 1-392
2026-10-06 09:05:14,301 INFO o.a.j.t.JMeterThread: Thread started: S2 1-393
2026-10-06 09:05:14,323 INFO o.a.j.t.JMeterThread: Thread started: S2 1-394
2026-10-06 09:05:14,342 INFO o.a.j.t.JMeterThread: Thread started: S2 1-395
2026-10-06 09:05:14,361 INFO o.a.j.t.JMeterThread: Thread started: S2 1-396
2026-10-06 09:05:14,383 INFO o.a.j.t.JMeterThread: Thread started: S2 1-397
2026-10-06 09:05:14,401 INFO o.a.j.t.JMeterThread: Thread started: S2 1-398
2026-10-06 09:05:14,422 INFO o.a.j.t.JMeterThread: Thread started: S2 1-399
2026-10-06 09:05:14,442 INFO o.a.j.t.JMeterThread: Thread started: S2 1-400
2026-10-06 09:05:14,462 INFO o.a.j.t.JMeterThread: Thread started: S2 1-401
2026-10-06 09:05:14,483 INFO o.a.j.t.JMeterThread: Thread started: S2 1-402
2026-10-06 09:05:14,501 INFO o.a.j.t.JMeterThread: Thread started: S2 1-403
2026-10-06 09:05:14,523 INFO o.a.j.t.JMeterThread: Thread started: S2 1-404
2026-10-06 09:05:14,543 INFO o.a.j.t.JMeterThread: Thread started: S2 1-405
2026-10-06 09:05:14,563 INFO o.a.j.t.JMeterThread: Thread started: S2 1-406
2026-10-06 09:05:14,582 INFO o.a.j.t.JMeterThread: Thread started: S2 1-407
2026-10-06 09:05:14,602 INFO o.a.j.t.JMeterThread: Thread started: S2 1-408
2026-10-06 09:05:14,622 INFO o.a.j.t.JMeterThread: Thread started: S2 1-409
2026-10-06 09:05:14,642 INFO o.a.j.t.JMeterThread: Thread started: S2 1-410
2026-10-06 09:05:14,662 INFO o.a.j.t.JMeterThread: Thread started: S2 1-411
2026-10-06 09:05:14,681 INFO o.a.j.t.JMeterThread: Thread started: S2 1-412
2026-10-06 09:05:14,702 INFO o.a.j.t.JMeterThread: Thread started: S2 1-413
2026-10-06 09:05:14,721 INFO o.a.j.t.JMeterThread: Thread started: S2 1-414
2026-10-06 09:05:14,743 INFO o.a.j.t.JMeterThread: Thread started: S2 1-415
2026-10-06 09:05:14,762 INFO o.a.j.t.JMeterThread: Thread started: S2 1-416
2026-10-06 09:05:14,782 INFO o.a.j.t.JMeterThread: Thread started: S2 1-417
2026-10-06 09:05:14,803 INFO o.a.j.t.JMeterThread: Thread started: S2 1-418
2026-10-06 09:05:14,821 INFO o.a.j.t.JMeterThread: Thread started: S2 1-419
2026-10-06 09:05:14,842 INFO o.a.j.t.JMeterThread: Thread started: S2 1-420
2026-10-06 09:05:14,862 INFO o.a.j.t.JMeterThread: Thread started: S2 1-421
2026-10-06 09:05:14,882 INFO o.a.j.t.JMeterThread: Thread started: S2 1-422
2026-10-06 09:05:14,903 INFO o.a.j.t.JMeterThread: Thread started: S2 1-423
2026-10-06 09:05:14,921 INFO o.a.j.t.JMeterThread: Thread started: S2 1-424
2026-10-06 09:05:14,943 INFO o.a.j.t.JMeterThread: Thread started: S2 1-425
2026-10-06 09:05:14,962 INFO o.a.j.t.JMeterThread: Thread started: S2 1-426
2026-10-06 09:05:14,983 INFO o.a.j.t.JMeterThread: Thread started: S2 1-427
2026-10-06 09:05:15,003 INFO o.a.j.t.JMeterThread: Thread started: S2 1-428
2026-10-06 09:05:15,022 INFO o.a.j.t.JMeterThread: Thread started: S2 1-429
2026-10-06 09:05:15,043 INFO o.a.j.t.JMeterThread: Thread started: S2 1-430
2026-10-06 09:05:15,061 INFO o.a.j.t.JMeterThread: Thread started: S2 1-431
2026-10-06 09:05:15,082 INFO o.a.j.t.JMeterThread: Thread started: S2 1-432
2026-10-06 09:05:15,102 INFO o.a.j.t.JMeterThread: Thread started: S2 1-433
2026-10-06 09:05:15,122 INFO o.a.j.t.JMeterThread: Thread started: S2 1-434
2026-10-06 09:05:15,143 INFO o.a.j.t.JMeterThread: Thread started: S2 1-435
2026-10-06 09:05:15,161 INFO o.a.j.t.JMeterThread: Thread started: S2 1-436
2026-10-06 09:05:15,182 INFO o.a.j.t.JMeterThread: Thread started: S2 1-437
2026-10-06 09:05:15,203 INFO o.a.j.t.JMeterThread: Thread started: S2 1-438
2026-10-06 09:05:15,221 INFO o.a.j.t.JMeterThread: Thread started: S2 1-439
2026-10-06 09:05:15,242 INFO o.a.j.t.JMeterThread: Thread started: S2 1-440
2026-10-06 09:05:15,261 INFO o.a.j.t.JMeterThread: Thread started: S2 1-441
2026-10-06 09:05:15,283 INFO o.a.j.t.JMeterThread: Thread started: S2 1-442
2026-10-06 09:05:15,302 INFO o.a.j.t.JMeterThread: Thread started: S2 1-443
2026-10-06 09:05:15,322 INFO o.a.j.t.JMeterThread: Thread started: S2 1-444
2026-10-06 09:05:15,344 INFO o.a.j.t.JMeterThread: Thread started: S2 1-445
2026-10-06 09:05:15,363 INFO o.a.j.t.JMeterThread: Thread started: S2 1-446
2026-10-06 09:05:15,383 INFO o.a.j.t.JMeterThread: Thread started: S2 1-447
2026-10-06 09:05:15,404 INFO o.a.j.t.JMeterThread: Thread started: S2 1-448
2026-10-06 09:05:15,422 INFO o.a.j.t.JMeterThread: Thread started: S2 1-449
2026-10-06 09:05:15,443 INFO o.a.j.t.JMeterThread: Thread started: S2 1-450
2026-10-06 09:05:15,463 INFO o.a.j.t.JMeterThread: Thread started: S2 1-451
2026-10-06 09:05:15,482 INFO o.a.j.t.JMeterThread: Thread started: S2 1-452
2026-10-06 09:05:15,502 INFO o.a.j.t.JMeterThread: Thread started: S2 1-453
2026-10-06 09:05:15,523 INFO o.a.j.t.JMeterThread: Thread started: S2 1-454
2026-10-06 09:05:15,543 INFO o.a.j.t.JMeterThread: Thread started: S2 1-455
2026-10-06 09:05:15,561 INFO o.a.j.t.JMeterThread: Thread started: S2 1-456
2026-10-06 09:05:15,583 INFO o.a.j.t.JMeterThread: Thread started: S2 1-457
2026-10-06 09:05:15,602 INFO o.a.j.t.JMeterThread: Thread started: S2 1-458
2026-10-06 09:05:15,622 INFO o.a.j.t.JMeterThread: Thread started: S2 1-459
2026-10-06 09:05:15,642 INFO o.a.j.t.JMeterThread: Thread started: S2 1-460
2026-10-06 09:05:15,661 INFO o.a.j.t.JMeterThread: Thread started: S2 1-461
2026-10-06 09:05:15,682 INFO o.a.j.t.JMeterThread: Thread started: S2 1-462
2026-10-06 09:05:15,701 INFO o.a.j.t.JMeterThread: Thread started: S2 1-463
2026-10-06 09:05:15,722 INFO o.a.j.t.JMeterThread: Thread started: S2 1-464
2026-10-06 09:05:15,742 INFO o.a.j.t.JMeterThread: Thread started: S2 1-465
2026-10-06 09:05:15,762 INFO o.a.j.t.JMeterThread: Thread started: S2 1-466
2026-10-06 09:05:15,782 INFO o.a.j.t.JMeterThread: Thread started: S2 1-467
2026-10-06 09:05:15,802 INFO o.a.j.t.JMeterThread: Thread started: S2 1-468
2026-10-06 09:05:15,822 INFO o.a.j.t.JMeterThread: Thread started: S2 1-469
2026-10-06 09:05:15,842 INFO o.a.j.t.JMeterThread: Thread started: S2 1-470
2026-10-06 09:05:15,863 INFO o.a.j.t.JMeterThread: Thread started: S2 1-471
2026-10-06 09:05:15,882 INFO o.a.j.t.JMeterThread: Thread started: S2 1-472
2026-10-06 09:05:15,901 INFO o.a.j.t.JMeterThread: Thread started: S2 1-473
2026-10-06 09:05:15,923 INFO o.a.j.t.JMeterThread: Thread started: S2 1-474
2026-10-06 09:05:15,941 INFO o.a.j.t.JMeterThread: Thread started: S2 1-475
2026-10-06 09:05:15,963 INFO o.a.j.t.JMeterThread: Thread started: S2 1-476
2026-10-06 09:05:15,982 INFO o.a.j.t.JMeterThread: Thread started: S2 1-477
2026-10-06 09:05:16,002 INFO o.a.j.t.JMeterThread: Thread started: S2 1-478
2026-10-06 09:05:16,022 INFO o.a.j.t.JMeterThread: Thread started: S2 1-479
2026-10-06 09:05:16,041 INFO o.a.j.t.JMeterThread: Thread started: S2 1-480
2026-10-06 09:05:16,061 INFO o.a.j.t.JMeterThread: Thread started: S2 1-481
2026-10-06 09:05:16,082 INFO o.a.j.t.JMeterThread: Thread started: S2 1-482
2026-10-06 09:05:16,102 INFO o.a.j.t.JMeterThread: Thread started: S2 1-483
2026-10-06 09:05:16,123 INFO o.a.j.t.JMeterThread: Thread started: S2 1-484
2026-10-06 09:05:16,142 INFO o.a.j.t.JMeterThread: Thread started: S2 1-485
2026-10-06 09:05:16,161 INFO o.a.j.t.JMeterThread: Thread started: S2 1-486
2026-10-06 09:05:16,182 INFO o.a.j.t.JMeterThread: Thread started: S2 1-487
2026-10-06 09:05:16,201 INFO o.a.j.t.JMeterThread: Thread started: S2 1-488
2026-10-06 09:05:16,221 INFO o.a.j.t.JMeterThread: Thread started: S2 1-489
2026-10-06 09:05:16,242 INFO o.a.j.t.JMeterThread: Thread started: S2 1-490
2026-10-06 09:05:16,262 INFO o.a.j.t.JMeterThread: Thread started: S2 1-491
2026-10-06 09:05:16,281 INFO o.a.j.t.JMeterThread: Thread started: S2 1-492
2026-10-06 09:05:16,302 INFO o.a.j.t.JMeterThread: Thread started: S2 1-493
2026-10-06 09:05:16,321 INFO o.a.j.t.JMeterThread: Thread started: S2 1-494
2026-10-06 09:05:16,342 INFO o.a.j.t.JMeterThread: Thread started: S2 1-495
2026-10-06 09:05:16,363 INFO o.a.j.t.JMeterThread: Thread started: S2 1-496
2026-10-06 09:05:16,381 INFO o.a.j.t.JMeterThread: Thread started: S2 1-497
2026-10-06 09:05:16,403 INFO o.a.j.t.JMeterThread: Thread started: S2 1-498
2026-10-06 09:05:16,423 INFO o.a.j.t.JMeterThread: Thread started: S2 1-499
2026-10-06 09:05:16,441 INFO o.a.j.t.JMeterThread: Thread started: S2 1-500
2026-10-06 09:05:30,006 INFO o.a.j.r.Summariser: summary +   4702 in 00:00:24 =  193.4/s Avg:  1925 Min:    15 Max:  2985 Err:     0 (0.00%) Active: 500 Started: 500 Finished: 0
2026-10-06 09:06:00,001 INFO o.a.j.r.Summariser: summary +   6089 in 00:00:30 =  203.0/s Avg:  2601 Min:  2273 Max:  2988 Err:     0 (0.00%) Active: 500 Started: 500 Finished: 0
2026-10-06 09:06:00,001 INFO o.a.j.r.Summariser: summary =  10791 in 00:00:54 =  198.7/s Avg:  2306 Min:    15 Max:  2988 Err:     0 (0.00%)
2026-10-06 09:06:06,598 INFO o.a.j.t.JMeterThread: Stopping because end time detected by thread: S2 1-238
2026-10-06 09:06:06,598 INFO o.a.j.t.JMeterThread: Thread finished: S2 1-238
2026-10-06 09:06:06,601 INFO o.a.j.t.JMeterThread: Stopping because end time detected by thread: S2 1-44
2026-10-06 09:06:06,601 INFO o.a.j.t.JMeterThread: Thread finished: S2 1-44
2026-10-06 09:06:06,605 INFO o.a.j.t.JMeterThread: Stopping because end time detected by thread: S2 1-247
2026-10-06 09:06:06,605 INFO o.a.j.t.JMeterThread: Thread finished: S2 1-247
2026-10-06 09:06:06,606 INFO o.a.j.t.JMeterThread: Stopping because end time detected by thread: S2 1-12
2026-10-06 09:06:06,606 INFO o.a.j.t.JMeterThread: Thread finished: S2 1-12
2026-10-06 09:06:06,621 INFO o.a.j.t.JMeterThread: Stopping because end time detected by thread: S2 1-77
2026-10-06 09:06:06,621 INFO o.a.j.t.JMeterThread: Thread finished: S2 1-77
2026-10-06 09:06:06,624 INFO o.a.j.t.JMeterThread: Stopping because end time detected by thread: S2 1-86
2026-10-06 09:06:06,625 INFO o.a.j.t.JMeterThread: Stopping because end time detected by thread: S2 1-108
2026-10-06 09:06:06,625 INFO o.a.j.t.JMeterThread: Thread finished: S2 1-86
2026-10-06 09:06:06,625 INFO o.a.j.t.JMeterThread: Thread finished: S2 1-108
2026-10-06 09:06:06,631 INFO o.a.j.t.JMeterThread: Stopping because end time detected by thread: S2 1-54
2026-10-06 09:06:06,632 INFO o.a.j.t.JMeterThread: Thread finished: S2 1-54
2026-10-06 09:06:06,639 INFO o.a.j.t.JMeterThread: Stopping because end time detected by thread: S2 1-114
2026-10-06 09:06:06,639 INFO o.a.j.t.JMeterThread: Thread finished: S2 1-114
2026-10-06 09:06:06,646 INFO o.a.j.t.JMeterThread: Stopping because end time detected by thread: S2 1-69
2026-10-06 09:06:06,646 INFO o.a.j.t.JMeterThread: Thread finished: S2 1-69
2026-10-06 09:06:06,649 INFO o.a.j.t.JMeterThread: Stopping because end time detected by thread: S2 1-169
2026-10-06 09:06:06,650 INFO o.a.j.t.JMeterThread: Thread finished: S2 1-169
2026-10-06 09:06:06,654 INFO o.a.j.t.JMeterThread: Stopping because end time detected by thread: S2 1-91
2026-10-06 09:06:06,654 INFO o.a.j.t.JMeterThread: Thread finished: S2 1-91
2026-10-06 09:06:06,672 INFO o.a.j.t.JMeterThread: Stopping because end time detected by thread: S2 1-376
2026-10-06 09:06:06,672 INFO o.a.j.t.JMeterThread: Thread finished: S2 1-376
2026-10-06 09:06:06,681 INFO o.a.j.t.JMeterThread: Stopping because end time detected by thread: S2 1-140
2026-10-06 09:06:06,681 INFO o.a.j.t.JMeterThread: Thread finished: S2 1-140
2026-10-06 09:06:06,689 INFO o.a.j.t.JMeterThread: Stopping because end time detected by thread: S2 1-113
2026-10-06 09:06:06,689 INFO o.a.j.t.JMeterThread: Thread finished: S2 1-113
2026-10-06 09:06:06,690 INFO o.a.j.t.JMeterThread: Stopping because end time detected by thread: S2 1-361
2026-10-06 09:06:06,690 INFO o.a.j.t.JMeterThread: Thread finished: S2 1-361
2026-10-06 09:06:06,694 INFO o.a.j.t.JMeterThread: Stopping because end time detected by thread: S2 1-295
2026-10-06 09:06:06,694 INFO o.a.j.t.JMeterThread: Thread finished: S2 1-295
2026-10-06 09:06:06,706 INFO o.a.j.t.JMeterThread: Stopping because end time detected by thread: S2 1-181
2026-10-06 09:06:06,706 INFO o.a.j.t.JMeterThread: Thread finished: S2 1-181
2026-10-06 09:06:06,713 INFO o.a.j.t.JMeterThread: Stopping because end time detected by thread: S2 1-146
2026-10-06 09:06:06,713 INFO o.a.j.t.JMeterThread: Thread finished: S2 1-146
2026-10-06 09:06:06,715 INFO o.a.j.t.JMeterThread: Stopping because end time detected by thread: S2 1-49
2026-10-06 09:06:06,715 INFO o.a.j.t.JMeterThread: Thread finished: S2 1-49
2026-10-06 09:06:06,716 INFO o.a.j.t.JMeterThread: Stopping because end time detected by thread: S2 1-280
2026-10-06 09:06:06,716 INFO o.a.j.t.JMeterThread: Thread finished: S2 1-280
2026-10-06 09:06:06,723 INFO o.a.j.t.JMeterThread: Stopping because end time detected by thread: S2 1-74
2026-10-06 09:06:06,723 INFO o.a.j.t.JMeterThread: Stopping because end time detected by thread: S2 1-209
2026-10-06 09:06:06,723 INFO o.a.j.t.JMeterThread: Thread finished: S2 1-74
2026-10-06 09:06:06,723 INFO o.a.j.t.JMeterThread: Thread finished: S2 1-209
2026-10-06 09:06:06,738 INFO o.a.j.t.JMeterThread: Stopping because end time detected by thread: S2 1-380
2026-10-06 09:06:06,738 INFO o.a.j.t.JMeterThread: Thread finished: S2 1-380
2026-10-06 09:06:06,745 INFO o.a.j.t.JMeterThread: Stopping because end time detected by thread: S2 1-282
2026-10-06 09:06:06,745 INFO o.a.j.t.JMeterThread: Thread finished: S2 1-282
2026-10-06 09:06:06,746 INFO o.a.j.t.JMeterThread: Stopping because end time detected by thread: S2 1-495
2026-10-06 09:06:06,747 INFO o.a.j.t.JMeterThread: Thread finished: S2 1-495
2026-10-06 09:06:06,747 INFO o.a.j.t.JMeterThread: Stopping because end time detected by thread: S2 1-180
2026-10-06 09:06:06,747 INFO o.a.j.t.JMeterThread: Thread finished: S2 1-180
2026-10-06 09:06:06,747 INFO o.a.j.t.JMeterThread: Stopping because end time detected by thread: S2 1-195
2026-10-06 09:06:06,748 INFO o.a.j.t.JMeterThread: Thread finished: S2 1-195
2026-10-06 09:06:06,760 INFO o.a.j.t.JMeterThread: Stopping because end time detected by thread: S2 1-155
2026-10-06 09:06:06,760 INFO o.a.j.t.JMeterThread: Thread finished: S2 1-155
2026-10-06 09:06:06,762 INFO o.a.j.t.JMeterThread: Stopping because end time detected by thread: S2 1-87
2026-10-06 09:06:06,762 INFO o.a.j.t.JMeterThread: Thread finished: S2 1-87
2026-10-06 09:06:06,766 INFO o.a.j.t.JMeterThread: Stopping because end time detected by thread: S2 1-332
2026-10-06 09:06:06,766 INFO o.a.j.t.JMeterThread: Thread finished: S2 1-332
2026-10-06 09:06:06,775 INFO o.a.j.t.JMeterThread: Stopping because end time detected by thread: S2 1-462
2026-10-06 09:06:06,775 INFO o.a.j.t.JMeterThread: Thread finished: S2 1-462
2026-10-06 09:06:06,780 INFO o.a.j.t.JMeterThread: Stopping because end time detected by thread: S2 1-23
2026-10-06 09:06:06,780 INFO o.a.j.t.JMeterThread: Thread finished: S2 1-23
2026-10-06 09:06:06,789 INFO o.a.j.t.JMeterThread: Stopping because end time detected by thread: S2 1-301
2026-10-06 09:06:06,789 INFO o.a.j.t.JMeterThread: Thread finished: S2 1-301
2026-10-06 09:06:06,789 INFO o.a.j.t.JMeterThread: Stopping because end time detected by thread: S2 1-177
2026-10-06 09:06:06,789 INFO o.a.j.t.JMeterThread: Thread finished: S2 1-177
2026-10-06 09:06:06,791 INFO o.a.j.t.JMeterThread: Stopping because end time detected by thread: S2 1-479
2026-10-06 09:06:06,791 INFO o.a.j.t.JMeterThread: Thread finished: S2 1-479
2026-10-06 09:06:06,796 INFO o.a.j.t.JMeterThread: Stopping because end time detected by thread: S2 1-230
2026-10-06 09:06:06,796 INFO o.a.j.t.JMeterThread: Thread finished: S2 1-230
2026-10-06 09:06:06,805 INFO o.a.j.t.JMeterThread: Stopping because end time detected by thread: S2 1-285
2026-10-06 09:06:06,805 INFO o.a.j.t.JMeterThread: Thread finished: S2 1-285
2026-10-06 09:06:06,813 INFO o.a.j.t.JMeterThread: Stopping because end time detected by thread: S2 1-57
2026-10-06 09:06:06,813 INFO o.a.j.t.JMeterThread: Thread finished: S2 1-57
2026-10-06 09:06:06,816 INFO o.a.j.t.JMeterThread: Stopping because end time detected by thread: S2 1-297
2026-10-06 09:06:06,816 INFO o.a.j.t.JMeterThread: Thread finished: S2 1-297
2026-10-06 09:06:06,821 INFO o.a.j.t.JMeterThread: Stopping because end time detected by thread: S2 1-362
2026-10-06 09:06:06,821 INFO o.a.j.t.JMeterThread: Thread finished: S2 1-362
2026-10-06 09:06:06,825 INFO o.a.j.t.JMeterThread: Stopping because end time detected by thread: S2 1-213
2026-10-06 09:06:06,825 INFO o.a.j.t.JMeterThread: Thread finished: S2 1-213
2026-10-06 09:06:06,827 INFO o.a.j.t.JMeterThread: Stopping because end time detected by thread: S2 1-473
2026-10-06 09:06:06,827 INFO o.a.j.t.JMeterThread: Thread finished: S2 1-473
2026-10-06 09:06:06,835 INFO o.a.j.t.JMeterThread: Stopping because end time detected by thread: S2 1-492
2026-10-06 09:06:06,835 INFO o.a.j.t.JMeterThread: Thread finished: S2 1-492
2026-10-06 09:06:06,836 INFO o.a.j.t.JMeterThread: Stopping because end time detected by thread: S2 1-228
2026-10-06 09:06:06,837 INFO o.a.j.t.JMeterThread: Thread finished: S2 1-228
2026-10-06 09:06:06,847 INFO o.a.j.t.JMeterThread: Stopping because end time detected by thread: S2 1-182
2026-10-06 09:06:06,848 INFO o.a.j.t.JMeterThread: Thread finished: S2 1-182
2026-10-06 09:06:06,852 INFO o.a.j.t.JMeterThread: Stopping because end time detected by thread: S2 1-384
2026-10-06 09:06:06,852 INFO o.a.j.t.JMeterThread: Thread finished: S2 1-384
2026-10-06 09:06:06,852 INFO o.a.j.t.JMeterThread: Stopping because end time detected by thread: S2 1-374
2026-10-06 09:06:06,852 INFO o.a.j.t.JMeterThread: Thread finished: S2 1-374
2026-10-06 09:06:06,857 INFO o.a.j.t.JMeterThread: Stopping because end time detected by thread: S2 1-112
2026-10-06 09:06:06,857 INFO o.a.j.t.JMeterThread: Thread finished: S2 1-112
2026-10-06 09:06:06,862 INFO o.a.j.t.JMeterThread: Stopping because end time detected by thread: S2 1-251
2026-10-06 09:06:06,862 INFO o.a.j.t.JMeterThread: Thread finished: S2 1-251
2026-10-06 09:06:06,871 INFO o.a.j.t.JMeterThread: Stopping because end time detected by thread: S2 1-369
2026-10-06 09:06:06,871 INFO o.a.j.t.JMeterThread: Thread finished: S2 1-369
2026-10-06 09:06:06,873 INFO o.a.j.t.JMeterThread: Stopping because end time detected by thread: S2 1-483
2026-10-06 09:06:06,873 INFO o.a.j.t.JMeterThread: Thread finished: S2 1-483
2026-10-06 09:06:06,879 INFO o.a.j.t.JMeterThread: Stopping because end time detected by thread: S2 1-466
2026-10-06 09:06:06,879 INFO o.a.j.t.JMeterThread: Thread finished: S2 1-466
2026-10-06 09:06:06,883 INFO o.a.j.t.JMeterThread: Stopping because end time detected by thread: S2 1-174
2026-10-06 09:06:06,883 INFO o.a.j.t.JMeterThread: Thread finished: S2 1-174
2026-10-06 09:06:06,895 INFO o.a.j.t.JMeterThread: Stopping because end time detected by thread: S2 1-6
2026-10-06 09:06:06,895 INFO o.a.j.t.JMeterThread: Thread finished: S2 1-6
2026-10-06 09:06:06,900 INFO o.a.j.t.JMeterThread: Stopping because end time detected by thread: S2 1-38
2026-10-06 09:06:06,900 INFO o.a.j.t.JMeterThread: Thread finished: S2 1-38
2026-10-06 09:06:06,900 INFO o.a.j.t.JMeterThread: Stopping because end time detected by thread: S2 1-29
2026-10-06 09:06:06,900 INFO o.a.j.t.JMeterThread: Thread finished: S2 1-29
2026-10-06 09:06:06,902 INFO o.a.j.t.JMeterThread: Stopping because end time detected by thread: S2 1-119
2026-10-06 09:06:06,902 INFO o.a.j.t.JMeterThread: Thread finished: S2 1-119
2026-10-06 09:06:06,908 INFO o.a.j.t.JMeterThread: Stopping because end time detected by thread: S2 1-13
2026-10-06 09:06:06,908 INFO o.a.j.t.JMeterThread: Thread finished: S2 1-13
2026-10-06 09:06:06,908 INFO o.a.j.t.JMeterThread: Stopping because end time detected by thread: S2 1-298
2026-10-06 09:06:06,908 INFO o.a.j.t.JMeterThread: Thread finished: S2 1-298
2026-10-06 09:06:06,922 INFO o.a.j.t.JMeterThread: Stopping because end time detected by thread: S2 1-363
2026-10-06 09:06:06,922 INFO o.a.j.t.JMeterThread: Thread finished: S2 1-363
2026-10-06 09:06:06,926 INFO o.a.j.t.JMeterThread: Stopping because end time detected by thread: S2 1-487
2026-10-06 09:06:06,926 INFO o.a.j.t.JMeterThread: Thread finished: S2 1-487
2026-10-06 09:06:06,927 INFO o.a.j.t.JMeterThread: Stopping because end time detected by thread: S2 1-496
2026-10-06 09:06:06,927 INFO o.a.j.t.JMeterThread: Thread finished: S2 1-496
2026-10-06 09:06:06,933 INFO o.a.j.t.JMeterThread: Stopping because end time detected by thread: S2 1-477
2026-10-06 09:06:06,933 INFO o.a.j.t.JMeterThread: Thread finished: S2 1-477
2026-10-06 09:06:06,947 INFO o.a.j.t.JMeterThread: Stopping because end time detected by thread: S2 1-388
2026-10-06 09:06:06,948 INFO o.a.j.t.JMeterThread: Thread finished: S2 1-388
2026-10-06 09:06:06,952 INFO o.a.j.t.JMeterThread: Stopping because end time detected by thread: S2 1-34
2026-10-06 09:06:06,952 INFO o.a.j.t.JMeterThread: Thread finished: S2 1-34
2026-10-06 09:06:06,952 INFO o.a.j.t.JMeterThread: Stopping because end time detected by thread: S2 1-286
2026-10-06 09:06:06,952 INFO o.a.j.t.JMeterThread: Thread finished: S2 1-286
2026-10-06 09:06:06,964 INFO o.a.j.t.JMeterThread: Stopping because end time detected by thread: S2 1-117
2026-10-06 09:06:06,964 INFO o.a.j.t.JMeterThread: Stopping because end time detected by thread: S2 1-84
2026-10-06 09:06:06,964 INFO o.a.j.t.JMeterThread: Thread finished: S2 1-84
2026-10-06 09:06:06,964 INFO o.a.j.t.JMeterThread: Thread finished: S2 1-117
2026-10-06 09:06:06,966 INFO o.a.j.t.JMeterThread: Stopping because end time detected by thread: S2 1-97
2026-10-06 09:06:06,966 INFO o.a.j.t.JMeterThread: Thread finished: S2 1-97
2026-10-06 09:06:06,973 INFO o.a.j.t.JMeterThread: Stopping because end time detected by thread: S2 1-288
2026-10-06 09:06:06,973 INFO o.a.j.t.JMeterThread: Thread finished: S2 1-288
2026-10-06 09:06:06,979 INFO o.a.j.t.JMeterThread: Stopping because end time detected by thread: S2 1-81
2026-10-06 09:06:06,979 INFO o.a.j.t.JMeterThread: Thread finished: S2 1-81
2026-10-06 09:06:06,980 INFO o.a.j.t.JMeterThread: Stopping because end time detected by thread: S2 1-199
2026-10-06 09:06:06,980 INFO o.a.j.t.JMeterThread: Thread finished: S2 1-199
2026-10-06 09:06:06,988 INFO o.a.j.t.JMeterThread: Stopping because end time detected by thread: S2 1-144
2026-10-06 09:06:06,989 INFO o.a.j.t.JMeterThread: Thread finished: S2 1-144
2026-10-06 09:06:06,994 INFO o.a.j.t.JMeterThread: Stopping because end time detected by thread: S2 1-19
2026-10-06 09:06:06,994 INFO o.a.j.t.JMeterThread: Thread finished: S2 1-19
2026-10-06 09:06:07,003 INFO o.a.j.t.JMeterThread: Stopping because end time detected by thread: S2 1-379
2026-10-06 09:06:07,003 INFO o.a.j.t.JMeterThread: Thread finished: S2 1-379
2026-10-06 09:06:07,004 INFO o.a.j.t.JMeterThread: Stopping because end time detected by thread: S2 1-500
2026-10-06 09:06:07,004 INFO o.a.j.t.JMeterThread: Thread finished: S2 1-500
2026-10-06 09:06:07,013 INFO o.a.j.t.JMeterThread: Stopping because end time detected by thread: S2 1-232
2026-10-06 09:06:07,013 INFO o.a.j.t.JMeterThread: Thread finished: S2 1-232
2026-10-06 09:06:07,023 INFO o.a.j.t.JMeterThread: Stopping because end time detected by thread: S2 1-303
2026-10-06 09:06:07,023 INFO o.a.j.t.JMeterThread: Thread finished: S2 1-303
2026-10-06 09:06:07,025 INFO o.a.j.t.JMeterThread: Stopping because end time detected by thread: S2 1-481
2026-10-06 09:06:07,026 INFO o.a.j.t.JMeterThread: Thread finished: S2 1-481
2026-10-06 09:06:07,032 INFO o.a.j.t.JMeterThread: Stopping because end time detected by thread: S2 1-217
2026-10-06 09:06:07,032 INFO o.a.j.t.JMeterThread: Stopping because end time detected by thread: S2 1-27
2026-10-06 09:06:07,032 INFO o.a.j.t.JMeterThread: Thread finished: S2 1-217
2026-10-06 09:06:07,032 INFO o.a.j.t.JMeterThread: Thread finished: S2 1-27
2026-10-06 09:06:07,033 INFO o.a.j.t.JMeterThread: Stopping because end time detected by thread: S2 1-255
2026-10-06 09:06:07,033 INFO o.a.j.t.JMeterThread: Thread finished: S2 1-255
2026-10-06 09:06:07,035 INFO o.a.j.t.JMeterThread: Stopping because end time detected by thread: S2 1-378
2026-10-06 09:06:07,035 INFO o.a.j.t.JMeterThread: Thread finished: S2 1-378
2026-10-06 09:06:07,049 INFO o.a.j.t.JMeterThread: Stopping because end time detected by thread: S2 1-404
2026-10-06 09:06:07,049 INFO o.a.j.t.JMeterThread: Thread finished: S2 1-404
2026-10-06 09:06:07,058 INFO o.a.j.t.JMeterThread: Stopping because end time detected by thread: S2 1-299
2026-10-06 09:06:07,058 INFO o.a.j.t.JMeterThread: Thread finished: S2 1-299
2026-10-06 09:06:07,061 INFO o.a.j.t.JMeterThread: Stopping because end time detected by thread: S2 1-493
2026-10-06 09:06:07,061 INFO o.a.j.t.JMeterThread: Thread finished: S2 1-493
2026-10-06 09:06:07,067 INFO o.a.j.t.JMeterThread: Stopping because end time detected by thread: S2 1-234
2026-10-06 09:06:07,067 INFO o.a.j.t.JMeterThread: Thread finished: S2 1-234
2026-10-06 09:06:07,068 INFO o.a.j.t.JMeterThread: Stopping because end time detected by thread: S2 1-198
2026-10-06 09:06:07,068 INFO o.a.j.t.JMeterThread: Thread finished: S2 1-198
2026-10-06 09:06:07,071 INFO o.a.j.t.JMeterThread: Stopping because end time detected by thread: S2 1-159
2026-10-06 09:06:07,071 INFO o.a.j.t.JMeterThread: Thread finished: S2 1-159
2026-10-06 09:06:07,082 INFO o.a.j.t.JMeterThread: Stopping because end time detected by thread: S2 1-145
2026-10-06 09:06:07,082 INFO o.a.j.t.JMeterThread: Thread finished: S2 1-145
2026-10-06 09:06:07,088 INFO o.a.j.t.JMeterThread: Stopping because end time detected by thread: S2 1-474
2026-10-06 09:06:07,088 INFO o.a.j.t.JMeterThread: Thread finished: S2 1-474
2026-10-06 09:06:07,091 INFO o.a.j.t.JMeterThread: Stopping because end time detected by thread: S2 1-471
2026-10-06 09:06:07,091 INFO o.a.j.t.JMeterThread: Thread finished: S2 1-471
2026-10-06 09:06:07,093 INFO o.a.j.t.JMeterThread: Stopping because end time detected by thread: S2 1-309
2026-10-06 09:06:07,093 INFO o.a.j.t.JMeterThread: Thread finished: S2 1-309
2026-10-06 09:06:07,097 INFO o.a.j.t.JMeterThread: Stopping because end time detected by thread: S2 1-59
2026-10-06 09:06:07,097 INFO o.a.j.t.JMeterThread: Thread finished: S2 1-59
2026-10-06 09:06:07,102 INFO o.a.j.t.JMeterThread: Stopping because end time detected by thread: S2 1-90
2026-10-06 09:06:07,102 INFO o.a.j.t.JMeterThread: Thread finished: S2 1-90
2026-10-06 09:06:07,108 INFO o.a.j.t.JMeterThread: Stopping because end time detected by thread: S2 1-485
2026-10-06 09:06:07,108 INFO o.a.j.t.JMeterThread: Thread finished: S2 1-485
2026-10-06 09:06:07,112 INFO o.a.j.t.JMeterThread: Stopping because end time detected by thread: S2 1-396
2026-10-06 09:06:07,112 INFO o.a.j.t.JMeterThread: Thread finished: S2 1-396
2026-10-06 09:06:07,117 INFO o.a.j.t.JMeterThread: Stopping because end time detected by thread: S2 1-290
2026-10-06 09:06:07,117 INFO o.a.j.t.JMeterThread: Thread finished: S2 1-290
2026-10-06 09:06:07,119 INFO o.a.j.t.JMeterThread: Stopping because end time detected by thread: S2 1-488
2026-10-06 09:06:07,119 INFO o.a.j.t.JMeterThread: Thread finished: S2 1-488
2026-10-06 09:06:07,123 INFO o.a.j.t.JMeterThread: Stopping because end time detected by thread: S2 1-221
2026-10-06 09:06:07,124 INFO o.a.j.t.JMeterThread: Thread finished: S2 1-221
2026-10-06 09:06:07,128 INFO o.a.j.t.JMeterThread: Stopping because end time detected by thread: S2 1-186
2026-10-06 09:06:07,128 INFO o.a.j.t.JMeterThread: Thread finished: S2 1-186
2026-10-06 09:06:07,130 INFO o.a.j.t.JMeterThread: Stopping because end time detected by thread: S2 1-383
2026-10-06 09:06:07,130 INFO o.a.j.t.JMeterThread: Thread finished: S2 1-383
2026-10-06 09:06:07,132 INFO o.a.j.t.JMeterThread: Stopping because end time detected by thread: S2 1-386
2026-10-06 09:06:07,132 INFO o.a.j.t.JMeterThread: Thread finished: S2 1-386
2026-10-06 09:06:07,137 INFO o.a.j.t.JMeterThread: Stopping because end time detected by thread: S2 1-370
2026-10-06 09:06:07,137 INFO o.a.j.t.JMeterThread: Thread finished: S2 1-370
2026-10-06 09:06:07,140 INFO o.a.j.t.JMeterThread: Stopping because end time detected by thread: S2 1-377
2026-10-06 09:06:07,140 INFO o.a.j.t.JMeterThread: Thread finished: S2 1-377
2026-10-06 09:06:07,144 INFO o.a.j.t.JMeterThread: Stopping because end time detected by thread: S2 1-313
2026-10-06 09:06:07,144 INFO o.a.j.t.JMeterThread: Thread finished: S2 1-313
2026-10-06 09:06:07,151 INFO o.a.j.t.JMeterThread: Stopping because end time detected by thread: S2 1-236
2026-10-06 09:06:07,151 INFO o.a.j.t.JMeterThread: Thread finished: S2 1-236
2026-10-06 09:06:07,177 INFO o.a.j.t.JMeterThread: Stopping because end time detected by thread: S2 1-122
2026-10-06 09:06:07,178 INFO o.a.j.t.JMeterThread: Thread finished: S2 1-122
2026-10-06 09:06:07,186 INFO o.a.j.t.JMeterThread: Stopping because end time detected by thread: S2 1-70
2026-10-06 09:06:07,186 INFO o.a.j.t.JMeterThread: Thread finished: S2 1-70
2026-10-06 09:06:07,187 INFO o.a.j.t.JMeterThread: Stopping because end time detected by thread: S2 1-470
2026-10-06 09:06:07,187 INFO o.a.j.t.JMeterThread: Thread finished: S2 1-470
2026-10-06 09:06:07,190 INFO o.a.j.t.JMeterThread: Stopping because end time detected by thread: S2 1-489
2026-10-06 09:06:07,190 INFO o.a.j.t.JMeterThread: Thread finished: S2 1-489
2026-10-06 09:06:07,204 INFO o.a.j.t.JMeterThread: Stopping because end time detected by thread: S2 1-203
2026-10-06 09:06:07,204 INFO o.a.j.t.JMeterThread: Thread finished: S2 1-203
2026-10-06 09:06:07,211 INFO o.a.j.t.JMeterThread: Stopping because end time detected by thread: S2 1-400
2026-10-06 09:06:07,211 INFO o.a.j.t.JMeterThread: Thread finished: S2 1-400
2026-10-06 09:06:07,225 INFO o.a.j.t.JMeterThread: Stopping because end time detected by thread: S2 1-300
2026-10-06 09:06:07,225 INFO o.a.j.t.JMeterThread: Thread finished: S2 1-300
2026-10-06 09:06:07,226 INFO o.a.j.t.JMeterThread: Stopping because end time detected by thread: S2 1-64
2026-10-06 09:06:07,226 INFO o.a.j.t.JMeterThread: Thread finished: S2 1-64
2026-10-06 09:06:07,228 INFO o.a.j.t.JMeterThread: Stopping because end time detected by thread: S2 1-43
2026-10-06 09:06:07,228 INFO o.a.j.t.JMeterThread: Thread finished: S2 1-43
2026-10-06 09:06:07,228 INFO o.a.j.t.JMeterThread: Stopping because end time detected by thread: S2 1-365
2026-10-06 09:06:07,228 INFO o.a.j.t.JMeterThread: Thread finished: S2 1-365
2026-10-06 09:06:07,241 INFO o.a.j.t.JMeterThread: Stopping because end time detected by thread: S2 1-499
2026-10-06 09:06:07,241 INFO o.a.j.t.JMeterThread: Thread finished: S2 1-499
2026-10-06 09:06:07,262 INFO o.a.j.t.JMeterThread: Stopping because end time detected by thread: S2 1-33
2026-10-06 09:06:07,262 INFO o.a.j.t.JMeterThread: Stopping because end time detected by thread: S2 1-150
2026-10-06 09:06:07,262 INFO o.a.j.t.JMeterThread: Thread finished: S2 1-33
2026-10-06 09:06:07,262 INFO o.a.j.t.JMeterThread: Thread finished: S2 1-150
2026-10-06 09:06:07,270 INFO o.a.j.t.JMeterThread: Stopping because end time detected by thread: S2 1-37
2026-10-06 09:06:07,270 INFO o.a.j.t.JMeterThread: Thread finished: S2 1-37
2026-10-06 09:06:07,271 INFO o.a.j.t.JMeterThread: Stopping because end time detected by thread: S2 1-93
2026-10-06 09:06:07,271 INFO o.a.j.t.JMeterThread: Thread finished: S2 1-93
2026-10-06 09:06:07,283 INFO o.a.j.t.JMeterThread: Stopping because end time detected by thread: S2 1-387
2026-10-06 09:06:07,283 INFO o.a.j.t.JMeterThread: Thread finished: S2 1-387
2026-10-06 09:06:07,283 INFO o.a.j.t.JMeterThread: Stopping because end time detected by thread: S2 1-478
2026-10-06 09:06:07,283 INFO o.a.j.t.JMeterThread: Thread finished: S2 1-478
2026-10-06 09:06:07,286 INFO o.a.j.t.JMeterThread: Stopping because end time detected by thread: S2 1-42
2026-10-06 09:06:07,286 INFO o.a.j.t.JMeterThread: Thread finished: S2 1-42
2026-10-06 09:06:07,294 INFO o.a.j.t.JMeterThread: Stopping because end time detected by thread: S2 1-382
2026-10-06 09:06:07,294 INFO o.a.j.t.JMeterThread: Thread finished: S2 1-382
2026-10-06 09:06:07,295 INFO o.a.j.t.JMeterThread: Stopping because end time detected by thread: S2 1-1
2026-10-06 09:06:07,296 INFO o.a.j.t.JMeterThread: Thread finished: S2 1-1
2026-10-06 09:06:07,300 INFO o.a.j.t.JMeterThread: Stopping because end time detected by thread: S2 1-296
2026-10-06 09:06:07,301 INFO o.a.j.t.JMeterThread: Thread finished: S2 1-296
2026-10-06 09:06:07,309 INFO o.a.j.t.JMeterThread: Stopping because end time detected by thread: S2 1-25
2026-10-06 09:06:07,309 INFO o.a.j.t.JMeterThread: Thread finished: S2 1-25
2026-10-06 09:06:07,311 INFO o.a.j.t.JMeterThread: Stopping because end time detected by thread: S2 1-294
2026-10-06 09:06:07,311 INFO o.a.j.t.JMeterThread: Thread finished: S2 1-294
2026-10-06 09:06:07,316 INFO o.a.j.t.JMeterThread: Stopping because end time detected by thread: S2 1-21
2026-10-06 09:06:07,316 INFO o.a.j.t.JMeterThread: Thread finished: S2 1-21
2026-10-06 09:06:07,325 INFO o.a.j.t.JMeterThread: Stopping because end time detected by thread: S2 1-225
2026-10-06 09:06:07,326 INFO o.a.j.t.JMeterThread: Thread finished: S2 1-225
2026-10-06 09:06:07,334 INFO o.a.j.t.JMeterThread: Stopping because end time detected by thread: S2 1-75
2026-10-06 09:06:07,334 INFO o.a.j.t.JMeterThread: Thread finished: S2 1-75
2026-10-06 09:06:07,334 INFO o.a.j.t.JMeterThread: Stopping because end time detected by thread: S2 1-118
2026-10-06 09:06:07,334 INFO o.a.j.t.JMeterThread: Thread finished: S2 1-118
2026-10-06 09:06:07,346 INFO o.a.j.t.JMeterThread: Stopping because end time detected by thread: S2 1-317
2026-10-06 09:06:07,346 INFO o.a.j.t.JMeterThread: Thread finished: S2 1-317
2026-10-06 09:06:07,347 INFO o.a.j.t.JMeterThread: Stopping because end time detected by thread: S2 1-381
2026-10-06 09:06:07,347 INFO o.a.j.t.JMeterThread: Thread finished: S2 1-381
2026-10-06 09:06:07,348 INFO o.a.j.t.JMeterThread: Stopping because end time detected by thread: S2 1-482
2026-10-06 09:06:07,348 INFO o.a.j.t.JMeterThread: Thread finished: S2 1-482
2026-10-06 09:06:07,349 INFO o.a.j.t.JMeterThread: Stopping because end time detected by thread: S2 1-163
2026-10-06 09:06:07,349 INFO o.a.j.t.JMeterThread: Thread finished: S2 1-163
2026-10-06 09:06:07,362 INFO o.a.j.t.JMeterThread: Stopping because end time detected by thread: S2 1-391
2026-10-06 09:06:07,362 INFO o.a.j.t.JMeterThread: Thread finished: S2 1-391
2026-10-06 09:06:07,363 INFO o.a.j.t.JMeterThread: Stopping because end time detected by thread: S2 1-491
2026-10-06 09:06:07,363 INFO o.a.j.t.JMeterThread: Thread finished: S2 1-491
2026-10-06 09:06:07,364 INFO o.a.j.t.JMeterThread: Stopping because end time detected by thread: S2 1-408
2026-10-06 09:06:07,364 INFO o.a.j.t.JMeterThread: Thread finished: S2 1-408
2026-10-06 09:06:07,370 INFO o.a.j.t.JMeterThread: Stopping because end time detected by thread: S2 1-242
2026-10-06 09:06:07,370 INFO o.a.j.t.JMeterThread: Thread finished: S2 1-242
2026-10-06 09:06:07,380 INFO o.a.j.t.JMeterThread: Stopping because end time detected by thread: S2 1-188
2026-10-06 09:06:07,380 INFO o.a.j.t.JMeterThread: Thread finished: S2 1-188
2026-10-06 09:06:07,384 INFO o.a.j.t.JMeterThread: Stopping because end time detected by thread: S2 1-358
2026-10-06 09:06:07,384 INFO o.a.j.t.JMeterThread: Thread finished: S2 1-358
2026-10-06 09:06:07,392 INFO o.a.j.t.JMeterThread: Stopping because end time detected by thread: S2 1-312
2026-10-06 09:06:07,392 INFO o.a.j.t.JMeterThread: Thread finished: S2 1-312
2026-10-06 09:06:07,396 INFO o.a.j.t.JMeterThread: Stopping because end time detected by thread: S2 1-240
2026-10-06 09:06:07,396 INFO o.a.j.t.JMeterThread: Thread finished: S2 1-240
2026-10-06 09:06:07,398 INFO o.a.j.t.JMeterThread: Stopping because end time detected by thread: S2 1-373
2026-10-06 09:06:07,398 INFO o.a.j.t.JMeterThread: Thread finished: S2 1-373
2026-10-06 09:06:07,407 INFO o.a.j.t.JMeterThread: Stopping because end time detected by thread: S2 1-201
2026-10-06 09:06:07,407 INFO o.a.j.t.JMeterThread: Thread finished: S2 1-201
2026-10-06 09:06:07,407 INFO o.a.j.t.JMeterThread: Stopping because end time detected by thread: S2 1-149
2026-10-06 09:06:07,408 INFO o.a.j.t.JMeterThread: Thread finished: S2 1-149
2026-10-06 09:06:07,419 INFO o.a.j.t.JMeterThread: Stopping because end time detected by thread: S2 1-148
2026-10-06 09:06:07,419 INFO o.a.j.t.JMeterThread: Thread finished: S2 1-148
2026-10-06 09:06:07,427 INFO o.a.j.t.JMeterThread: Stopping because end time detected by thread: S2 1-121
2026-10-06 09:06:07,428 INFO o.a.j.t.JMeterThread: Thread finished: S2 1-121
2026-10-06 09:06:07,428 INFO o.a.j.t.JMeterThread: Stopping because end time detected by thread: S2 1-47
2026-10-06 09:06:07,428 INFO o.a.j.t.JMeterThread: Thread finished: S2 1-47
2026-10-06 09:06:07,429 INFO o.a.j.t.JMeterThread: Stopping because end time detected by thread: S2 1-22
2026-10-06 09:06:07,429 INFO o.a.j.t.JMeterThread: Thread finished: S2 1-22
2026-10-06 09:06:07,448 INFO o.a.j.t.JMeterThread: Stopping because end time detected by thread: S2 1-321
2026-10-06 09:06:07,448 INFO o.a.j.t.JMeterThread: Thread finished: S2 1-321
2026-10-06 09:06:07,450 INFO o.a.j.t.JMeterThread: Stopping because end time detected by thread: S2 1-486
2026-10-06 09:06:07,450 INFO o.a.j.t.JMeterThread: Thread finished: S2 1-486
2026-10-06 09:06:07,451 INFO o.a.j.t.JMeterThread: Stopping because end time detected by thread: S2 1-497
2026-10-06 09:06:07,451 INFO o.a.j.t.JMeterThread: Thread finished: S2 1-497
2026-10-06 09:06:07,451 INFO o.a.j.t.JMeterThread: Stopping because end time detected by thread: S2 1-126
2026-10-06 09:06:07,451 INFO o.a.j.t.JMeterThread: Thread finished: S2 1-126
2026-10-06 09:06:07,463 INFO o.a.j.t.JMeterThread: Stopping because end time detected by thread: S2 1-395
2026-10-06 09:06:07,463 INFO o.a.j.t.JMeterThread: Thread finished: S2 1-395
2026-10-06 09:06:07,467 INFO o.a.j.t.JMeterThread: Stopping because end time detected by thread: S2 1-385
2026-10-06 09:06:07,468 INFO o.a.j.t.JMeterThread: Thread finished: S2 1-385
2026-10-06 09:06:07,473 INFO o.a.j.t.JMeterThread: Stopping because end time detected by thread: S2 1-412
2026-10-06 09:06:07,473 INFO o.a.j.t.JMeterThread: Thread finished: S2 1-412
2026-10-06 09:06:07,486 INFO o.a.j.t.JMeterThread: Stopping because end time detected by thread: S2 1-190
2026-10-06 09:06:07,486 INFO o.a.j.t.JMeterThread: Thread finished: S2 1-190
2026-10-06 09:06:07,487 INFO o.a.j.t.JMeterThread: Stopping because end time detected by thread: S2 1-307
2026-10-06 09:06:07,487 INFO o.a.j.t.JMeterThread: Thread finished: S2 1-307
2026-10-06 09:06:07,489 INFO o.a.j.t.JMeterThread: Stopping because end time detected by thread: S2 1-101
2026-10-06 09:06:07,489 INFO o.a.j.t.JMeterThread: Thread finished: S2 1-101
2026-10-06 09:06:07,494 INFO o.a.j.t.JMeterThread: Stopping because end time detected by thread: S2 1-315
2026-10-06 09:06:07,494 INFO o.a.j.t.JMeterThread: Thread finished: S2 1-315
2026-10-06 09:06:07,505 INFO o.a.j.t.JMeterThread: Stopping because end time detected by thread: S2 1-305
2026-10-06 09:06:07,505 INFO o.a.j.t.JMeterThread: Thread finished: S2 1-305
2026-10-06 09:06:07,511 INFO o.a.j.t.JMeterThread: Stopping because end time detected by thread: S2 1-185
2026-10-06 09:06:07,511 INFO o.a.j.t.JMeterThread: Thread finished: S2 1-185
2026-10-06 09:06:07,516 INFO o.a.j.t.JMeterThread: Stopping because end time detected by thread: S2 1-10
2026-10-06 09:06:07,516 INFO o.a.j.t.JMeterThread: Thread finished: S2 1-10
2026-10-06 09:06:07,520 INFO o.a.j.t.JMeterThread: Stopping because end time detected by thread: S2 1-36
2026-10-06 09:06:07,520 INFO o.a.j.t.JMeterThread: Thread finished: S2 1-36
2026-10-06 09:06:07,523 INFO o.a.j.t.JMeterThread: Stopping because end time detected by thread: S2 1-244
2026-10-06 09:06:07,523 INFO o.a.j.t.JMeterThread: Thread finished: S2 1-244
2026-10-06 09:06:07,531 INFO o.a.j.t.JMeterThread: Stopping because end time detected by thread: S2 1-71
2026-10-06 09:06:07,531 INFO o.a.j.t.JMeterThread: Thread finished: S2 1-71
2026-10-06 09:06:07,534 INFO o.a.j.t.JMeterThread: Stopping because end time detected by thread: S2 1-167
2026-10-06 09:06:07,534 INFO o.a.j.t.JMeterThread: Thread finished: S2 1-167
2026-10-06 09:06:07,543 INFO o.a.j.t.JMeterThread: Stopping because end time detected by thread: S2 1-416
2026-10-06 09:06:07,543 INFO o.a.j.t.JMeterThread: Thread finished: S2 1-416
2026-10-06 09:06:07,550 INFO o.a.j.t.JMeterThread: Stopping because end time detected by thread: S2 1-389
2026-10-06 09:06:07,551 INFO o.a.j.t.JMeterThread: Thread finished: S2 1-389
2026-10-06 09:06:07,551 INFO o.a.j.t.JMeterThread: Stopping because end time detected by thread: S2 1-401
2026-10-06 09:06:07,551 INFO o.a.j.t.JMeterThread: Thread finished: S2 1-401
2026-10-06 09:06:07,552 INFO o.a.j.t.JMeterThread: Stopping because end time detected by thread: S2 1-375
2026-10-06 09:06:07,552 INFO o.a.j.t.JMeterThread: Thread finished: S2 1-375
2026-10-06 09:06:07,558 INFO o.a.j.t.JMeterThread: Stopping because end time detected by thread: S2 1-325
2026-10-06 09:06:07,558 INFO o.a.j.t.JMeterThread: Thread finished: S2 1-325
2026-10-06 09:06:07,565 INFO o.a.j.t.JMeterThread: Stopping because end time detected by thread: S2 1-261
2026-10-06 09:06:07,565 INFO o.a.j.t.JMeterThread: Thread finished: S2 1-261
2026-10-06 09:06:07,568 INFO o.a.j.t.JMeterThread: Stopping because end time detected by thread: S2 1-211
2026-10-06 09:06:07,568 INFO o.a.j.t.JMeterThread: Thread finished: S2 1-211
2026-10-06 09:06:07,568 INFO o.a.j.t.JMeterThread: Stopping because end time detected by thread: S2 1-116
2026-10-06 09:06:07,568 INFO o.a.j.t.JMeterThread: Thread finished: S2 1-116
2026-10-06 09:06:07,576 INFO o.a.j.t.JMeterThread: Stopping because end time detected by thread: S2 1-229
2026-10-06 09:06:07,576 INFO o.a.j.t.JMeterThread: Thread finished: S2 1-229
2026-10-06 09:06:07,581 INFO o.a.j.t.JMeterThread: Stopping because end time detected by thread: S2 1-246
2026-10-06 09:06:07,581 INFO o.a.j.t.JMeterThread: Thread finished: S2 1-246
2026-10-06 09:06:07,586 INFO o.a.j.t.JMeterThread: Stopping because end time detected by thread: S2 1-420
2026-10-06 09:06:07,587 INFO o.a.j.t.JMeterThread: Thread finished: S2 1-420
2026-10-06 09:06:07,599 INFO o.a.j.t.JMeterThread: Stopping because end time detected by thread: S2 1-99
2026-10-06 09:06:07,599 INFO o.a.j.t.JMeterThread: Thread finished: S2 1-99
2026-10-06 09:06:07,599 INFO o.a.j.t.JMeterThread: Stopping because end time detected by thread: S2 1-304
2026-10-06 09:06:07,599 INFO o.a.j.t.JMeterThread: Thread finished: S2 1-304
2026-10-06 09:06:07,609 INFO o.a.j.t.JMeterThread: Stopping because end time detected by thread: S2 1-490
2026-10-06 09:06:07,609 INFO o.a.j.t.JMeterThread: Thread finished: S2 1-490
2026-10-06 09:06:07,610 INFO o.a.j.t.JMeterThread: Stopping because end time detected by thread: S2 1-88
2026-10-06 09:06:07,610 INFO o.a.j.t.JMeterThread: Thread finished: S2 1-88
2026-10-06 09:06:07,619 INFO o.a.j.t.JMeterThread: Stopping because end time detected by thread: S2 1-61
2026-10-06 09:06:07,619 INFO o.a.j.t.JMeterThread: Thread finished: S2 1-61
2026-10-06 09:06:07,626 INFO o.a.j.t.JMeterThread: Stopping because end time detected by thread: S2 1-48
2026-10-06 09:06:07,626 INFO o.a.j.t.JMeterThread: Thread finished: S2 1-48
2026-10-06 09:06:07,629 INFO o.a.j.t.JMeterThread: Stopping because end time detected by thread: S2 1-319
2026-10-06 09:06:07,629 INFO o.a.j.t.JMeterThread: Thread finished: S2 1-319
2026-10-06 09:06:07,632 INFO o.a.j.t.JMeterThread: Stopping because end time detected by thread: S2 1-265
2026-10-06 09:06:07,633 INFO o.a.j.t.JMeterThread: Thread finished: S2 1-265
2026-10-06 09:06:07,638 INFO o.a.j.t.JMeterThread: Stopping because end time detected by thread: S2 1-393
2026-10-06 09:06:07,638 INFO o.a.j.t.JMeterThread: Thread finished: S2 1-393
2026-10-06 09:06:07,642 INFO o.a.j.t.JMeterThread: Stopping because end time detected by thread: S2 1-302
2026-10-06 09:06:07,642 INFO o.a.j.t.JMeterThread: Thread finished: S2 1-302
2026-10-06 09:06:07,644 INFO o.a.j.t.JMeterThread: Stopping because end time detected by thread: S2 1-233
2026-10-06 09:06:07,644 INFO o.a.j.t.JMeterThread: Thread finished: S2 1-233
2026-10-06 09:06:07,645 INFO o.a.j.t.JMeterThread: Stopping because end time detected by thread: S2 1-403
2026-10-06 09:06:07,645 INFO o.a.j.t.JMeterThread: Thread finished: S2 1-403
2026-10-06 09:06:07,655 INFO o.a.j.t.JMeterThread: Stopping because end time detected by thread: S2 1-131
2026-10-06 09:06:07,655 INFO o.a.j.t.JMeterThread: Thread finished: S2 1-131
2026-10-06 09:06:07,660 INFO o.a.j.t.JMeterThread: Stopping because end time detected by thread: S2 1-424
2026-10-06 09:06:07,660 INFO o.a.j.t.JMeterThread: Thread finished: S2 1-424
2026-10-06 09:06:07,667 INFO o.a.j.t.JMeterThread: Stopping because end time detected by thread: S2 1-154
2026-10-06 09:06:07,667 INFO o.a.j.t.JMeterThread: Thread finished: S2 1-154
2026-10-06 09:06:07,674 INFO o.a.j.t.JMeterThread: Stopping because end time detected by thread: S2 1-397
2026-10-06 09:06:07,674 INFO o.a.j.t.JMeterThread: Thread finished: S2 1-397
2026-10-06 09:06:07,676 INFO o.a.j.t.JMeterThread: Stopping because end time detected by thread: S2 1-329
2026-10-06 09:06:07,676 INFO o.a.j.t.JMeterThread: Thread finished: S2 1-329
2026-10-06 09:06:07,678 INFO o.a.j.t.JMeterThread: Stopping because end time detected by thread: S2 1-68
2026-10-06 09:06:07,678 INFO o.a.j.t.JMeterThread: Thread finished: S2 1-68
2026-10-06 09:06:07,679 INFO o.a.j.t.JMeterThread: Stopping because end time detected by thread: S2 1-184
2026-10-06 09:06:07,679 INFO o.a.j.t.JMeterThread: Thread finished: S2 1-184
2026-10-06 09:06:07,684 INFO o.a.j.t.JMeterThread: Stopping because end time detected by thread: S2 1-410
2026-10-06 09:06:07,684 INFO o.a.j.t.JMeterThread: Thread finished: S2 1-410
2026-10-06 09:06:07,695 INFO o.a.j.t.JMeterThread: Stopping because end time detected by thread: S2 1-153
2026-10-06 09:06:07,695 INFO o.a.j.t.JMeterThread: Thread finished: S2 1-153
2026-10-06 09:06:07,697 INFO o.a.j.t.JMeterThread: Stopping because end time detected by thread: S2 1-248
2026-10-06 09:06:07,697 INFO o.a.j.t.JMeterThread: Thread finished: S2 1-248
2026-10-06 09:06:07,702 INFO o.a.j.t.JMeterThread: Stopping because end time detected by thread: S2 1-171
2026-10-06 09:06:07,702 INFO o.a.j.t.JMeterThread: Thread finished: S2 1-171
2026-10-06 09:06:07,708 INFO o.a.j.t.JMeterThread: Stopping because end time detected by thread: S2 1-308
2026-10-06 09:06:07,708 INFO o.a.j.t.JMeterThread: Thread finished: S2 1-308
2026-10-06 09:06:07,711 INFO o.a.j.t.JMeterThread: Stopping because end time detected by thread: S2 1-494
2026-10-06 09:06:07,711 INFO o.a.j.t.JMeterThread: Thread finished: S2 1-494
2026-10-06 09:06:07,715 INFO o.a.j.t.JMeterThread: Stopping because end time detected by thread: S2 1-192
2026-10-06 09:06:07,715 INFO o.a.j.t.JMeterThread: Thread finished: S2 1-192
2026-10-06 09:06:07,722 INFO o.a.j.t.JMeterThread: Stopping because end time detected by thread: S2 1-158
2026-10-06 09:06:07,722 INFO o.a.j.t.JMeterThread: Thread finished: S2 1-158
2026-10-06 09:06:07,724 INFO o.a.j.t.JMeterThread: Stopping because end time detected by thread: S2 1-85
2026-10-06 09:06:07,724 INFO o.a.j.t.JMeterThread: Thread finished: S2 1-85
2026-10-06 09:06:07,724 INFO o.a.j.t.JMeterThread: Stopping because end time detected by thread: S2 1-194
2026-10-06 09:06:07,724 INFO o.a.j.t.JMeterThread: Thread finished: S2 1-194
2026-10-06 09:06:07,732 INFO o.a.j.t.JMeterThread: Stopping because end time detected by thread: S2 1-63
2026-10-06 09:06:07,732 INFO o.a.j.t.JMeterThread: Thread finished: S2 1-63
2026-10-06 09:06:07,738 INFO o.a.j.t.JMeterThread: Stopping because end time detected by thread: S2 1-269
2026-10-06 09:06:07,738 INFO o.a.j.t.JMeterThread: Thread finished: S2 1-269
2026-10-06 09:06:07,745 INFO o.a.j.t.JMeterThread: Stopping because end time detected by thread: S2 1-205
2026-10-06 09:06:07,745 INFO o.a.j.t.JMeterThread: Thread finished: S2 1-205
2026-10-06 09:06:07,748 INFO o.a.j.t.JMeterThread: Stopping because end time detected by thread: S2 1-94
2026-10-06 09:06:07,748 INFO o.a.j.t.JMeterThread: Thread finished: S2 1-94
2026-10-06 09:06:07,753 INFO o.a.j.t.JMeterThread: Stopping because end time detected by thread: S2 1-414
2026-10-06 09:06:07,753 INFO o.a.j.t.JMeterThread: Thread finished: S2 1-414
2026-10-06 09:06:07,756 INFO o.a.j.t.JMeterThread: Stopping because end time detected by thread: S2 1-407
2026-10-06 09:06:07,756 INFO o.a.j.t.JMeterThread: Thread finished: S2 1-407
2026-10-06 09:06:07,764 INFO o.a.j.t.JMeterThread: Stopping because end time detected by thread: S2 1-428
2026-10-06 09:06:07,765 INFO o.a.j.t.JMeterThread: Thread finished: S2 1-428
2026-10-06 09:06:07,765 INFO o.a.j.t.JMeterThread: Stopping because end time detected by thread: S2 1-252
2026-10-06 09:06:07,766 INFO o.a.j.t.JMeterThread: Thread finished: S2 1-252
2026-10-06 09:06:07,769 INFO o.a.j.t.JMeterThread: Stopping because end time detected by thread: S2 1-323
2026-10-06 09:06:07,769 INFO o.a.j.t.JMeterThread: Thread finished: S2 1-323
2026-10-06 09:06:07,775 INFO o.a.j.t.JMeterThread: Stopping because end time detected by thread: S2 1-250
2026-10-06 09:06:07,775 INFO o.a.j.t.JMeterThread: Thread finished: S2 1-250
2026-10-06 09:06:07,777 INFO o.a.j.t.JMeterThread: Stopping because end time detected by thread: S2 1-120
2026-10-06 09:06:07,777 INFO o.a.j.t.JMeterThread: Thread finished: S2 1-120
2026-10-06 09:06:07,788 INFO o.a.j.t.JMeterThread: Stopping because end time detected by thread: S2 1-311
2026-10-06 09:06:07,788 INFO o.a.j.t.JMeterThread: Thread finished: S2 1-311
2026-10-06 09:06:07,789 INFO o.a.j.t.JMeterThread: Stopping because end time detected by thread: S2 1-79
2026-10-06 09:06:07,789 INFO o.a.j.t.JMeterThread: Thread finished: S2 1-79
2026-10-06 09:06:07,797 INFO o.a.j.t.JMeterThread: Stopping because end time detected by thread: S2 1-333
2026-10-06 09:06:07,797 INFO o.a.j.t.JMeterThread: Thread finished: S2 1-333
2026-10-06 09:06:07,800 INFO o.a.j.t.JMeterThread: Stopping because end time detected by thread: S2 1-26
2026-10-06 09:06:07,800 INFO o.a.j.t.JMeterThread: Thread finished: S2 1-26
2026-10-06 09:06:07,804 INFO o.a.j.t.JMeterThread: Stopping because end time detected by thread: S2 1-498
2026-10-06 09:06:07,805 INFO o.a.j.t.JMeterThread: Thread finished: S2 1-498
2026-10-06 09:06:07,805 INFO o.a.j.t.JMeterThread: Stopping because end time detected by thread: S2 1-76
2026-10-06 09:06:07,806 INFO o.a.j.t.JMeterThread: Thread finished: S2 1-76
2026-10-06 09:06:07,811 INFO o.a.j.t.JMeterThread: Stopping because end time detected by thread: S2 1-35
2026-10-06 09:06:07,812 INFO o.a.j.t.JMeterThread: Thread finished: S2 1-35
2026-10-06 09:06:07,819 INFO o.a.j.t.JMeterThread: Stopping because end time detected by thread: S2 1-413
2026-10-06 09:06:07,820 INFO o.a.j.t.JMeterThread: Thread finished: S2 1-413
2026-10-06 09:06:07,828 INFO o.a.j.t.JMeterThread: Stopping because end time detected by thread: S2 1-399
2026-10-06 09:06:07,829 INFO o.a.j.t.JMeterThread: Thread finished: S2 1-399
2026-10-06 09:06:07,831 INFO o.a.j.t.JMeterThread: Stopping because end time detected by thread: S2 1-390
2026-10-06 09:06:07,831 INFO o.a.j.t.JMeterThread: Thread finished: S2 1-390
2026-10-06 09:06:07,832 INFO o.a.j.t.JMeterThread: Stopping because end time detected by thread: S2 1-189
2026-10-06 09:06:07,832 INFO o.a.j.t.JMeterThread: Thread finished: S2 1-189
2026-10-06 09:06:07,834 INFO o.a.j.t.JMeterThread: Stopping because end time detected by thread: S2 1-411
2026-10-06 09:06:07,834 INFO o.a.j.t.JMeterThread: Thread finished: S2 1-411
2026-10-06 09:06:07,840 INFO o.a.j.t.JMeterThread: Stopping because end time detected by thread: S2 1-327
2026-10-06 09:06:07,840 INFO o.a.j.t.JMeterThread: Thread finished: S2 1-327
2026-10-06 09:06:07,847 INFO o.a.j.t.JMeterThread: Stopping because end time detected by thread: S2 1-123
2026-10-06 09:06:07,847 INFO o.a.j.t.JMeterThread: Thread finished: S2 1-123
2026-10-06 09:06:07,848 INFO o.a.j.t.JMeterThread: Stopping because end time detected by thread: S2 1-196
2026-10-06 09:06:07,848 INFO o.a.j.t.JMeterThread: Thread finished: S2 1-196
2026-10-06 09:06:07,860 INFO o.a.j.t.JMeterThread: Stopping because end time detected by thread: S2 1-306
2026-10-06 09:06:07,860 INFO o.a.j.t.JMeterThread: Thread finished: S2 1-306
2026-10-06 09:06:07,861 INFO o.a.j.t.JMeterThread: Stopping because end time detected by thread: S2 1-237
2026-10-06 09:06:07,861 INFO o.a.j.t.JMeterThread: Thread finished: S2 1-237
2026-10-06 09:06:07,873 INFO o.a.j.t.JMeterThread: Stopping because end time detected by thread: S2 1-58
2026-10-06 09:06:07,873 INFO o.a.j.t.JMeterThread: Thread finished: S2 1-58
2026-10-06 09:06:07,878 INFO o.a.j.t.JMeterThread: Stopping because end time detected by thread: S2 1-256
2026-10-06 09:06:07,878 INFO o.a.j.t.JMeterThread: Thread finished: S2 1-256
2026-10-06 09:06:07,880 INFO o.a.j.t.JMeterThread: Stopping because end time detected by thread: S2 1-432
2026-10-06 09:06:07,880 INFO o.a.j.t.JMeterThread: Thread finished: S2 1-432
2026-10-06 09:06:07,880 INFO o.a.j.t.JMeterThread: Stopping because end time detected by thread: S2 1-56
2026-10-06 09:06:07,880 INFO o.a.j.t.JMeterThread: Thread finished: S2 1-56
2026-10-06 09:06:07,887 INFO o.a.j.t.JMeterThread: Stopping because end time detected by thread: S2 1-14
2026-10-06 09:06:07,887 INFO o.a.j.t.JMeterThread: Thread finished: S2 1-14
2026-10-06 09:06:07,891 INFO o.a.j.t.JMeterThread: Stopping because end time detected by thread: S2 1-52
2026-10-06 09:06:07,891 INFO o.a.j.t.JMeterThread: Thread finished: S2 1-52
2026-10-06 09:06:07,896 INFO o.a.j.t.JMeterThread: Stopping because end time detected by thread: S2 1-254
2026-10-06 09:06:07,896 INFO o.a.j.t.JMeterThread: Thread finished: S2 1-254
2026-10-06 09:06:07,896 INFO o.a.j.t.JMeterThread: Stopping because end time detected by thread: S2 1-135
2026-10-06 09:06:07,896 INFO o.a.j.t.JMeterThread: Thread finished: S2 1-135
2026-10-06 09:06:07,902 INFO o.a.j.t.JMeterThread: Stopping because end time detected by thread: S2 1-105
2026-10-06 09:06:07,902 INFO o.a.j.t.JMeterThread: Thread finished: S2 1-105
2026-10-06 09:06:07,919 INFO o.a.j.t.JMeterThread: Stopping because end time detected by thread: S2 1-405
2026-10-06 09:06:07,919 INFO o.a.j.t.JMeterThread: Thread finished: S2 1-405
2026-10-06 09:06:07,927 INFO o.a.j.t.JMeterThread: Stopping because end time detected by thread: S2 1-83
2026-10-06 09:06:07,927 INFO o.a.j.t.JMeterThread: Thread finished: S2 1-83
2026-10-06 09:06:07,932 INFO o.a.j.t.JMeterThread: Stopping because end time detected by thread: S2 1-415
2026-10-06 09:06:07,932 INFO o.a.j.t.JMeterThread: Thread finished: S2 1-415
2026-10-06 09:06:07,933 INFO o.a.j.t.JMeterThread: Stopping because end time detected by thread: S2 1-31
2026-10-06 09:06:07,933 INFO o.a.j.t.JMeterThread: Thread finished: S2 1-31
2026-10-06 09:06:07,939 INFO o.a.j.t.JMeterThread: Stopping because end time detected by thread: S2 1-392
2026-10-06 09:06:07,939 INFO o.a.j.t.JMeterThread: Thread finished: S2 1-392
2026-10-06 09:06:07,950 INFO o.a.j.t.JMeterThread: Stopping because end time detected by thread: S2 1-130
2026-10-06 09:06:07,950 INFO o.a.j.t.JMeterThread: Thread finished: S2 1-130
2026-10-06 09:06:07,951 INFO o.a.j.t.JMeterThread: Stopping because end time detected by thread: S2 1-175
2026-10-06 09:06:07,951 INFO o.a.j.t.JMeterThread: Thread finished: S2 1-175
2026-10-06 09:06:07,955 INFO o.a.j.t.JMeterThread: Stopping because end time detected by thread: S2 1-337
2026-10-06 09:06:07,955 INFO o.a.j.t.JMeterThread: Thread finished: S2 1-337
2026-10-06 09:06:07,967 INFO o.a.j.t.JMeterThread: Stopping because end time detected by thread: S2 1-394
2026-10-06 09:06:07,967 INFO o.a.j.t.JMeterThread: Thread finished: S2 1-394
2026-10-06 09:06:07,976 INFO o.a.j.t.JMeterThread: Stopping because end time detected by thread: S2 1-156
2026-10-06 09:06:07,977 INFO o.a.j.t.JMeterThread: Thread finished: S2 1-156
2026-10-06 09:06:07,979 INFO o.a.j.t.JMeterThread: Stopping because end time detected by thread: S2 1-103
2026-10-06 09:06:07,980 INFO o.a.j.t.JMeterThread: Thread finished: S2 1-103
2026-10-06 09:06:07,982 INFO o.a.j.t.JMeterThread: Stopping because end time detected by thread: S2 1-436
2026-10-06 09:06:07,982 INFO o.a.j.t.JMeterThread: Thread finished: S2 1-436
2026-10-06 09:06:07,985 INFO o.a.j.t.JMeterThread: Stopping because end time detected by thread: S2 1-310
2026-10-06 09:06:07,985 INFO o.a.j.t.JMeterThread: Thread finished: S2 1-310
2026-10-06 09:06:07,993 INFO o.a.j.t.JMeterThread: Stopping because end time detected by thread: S2 1-129
2026-10-06 09:06:07,993 INFO o.a.j.t.JMeterThread: Thread finished: S2 1-129
2026-10-06 09:06:07,994 INFO o.a.j.t.JMeterThread: Stopping because end time detected by thread: S2 1-152
2026-10-06 09:06:07,994 INFO o.a.j.t.JMeterThread: Thread finished: S2 1-152
2026-10-06 09:06:07,995 INFO o.a.j.t.JMeterThread: Stopping because end time detected by thread: S2 1-223
2026-10-06 09:06:07,995 INFO o.a.j.t.JMeterThread: Thread finished: S2 1-223
2026-10-06 09:06:08,000 INFO o.a.j.t.JMeterThread: Stopping because end time detected by thread: S2 1-157
2026-10-06 09:06:08,000 INFO o.a.j.t.JMeterThread: Thread finished: S2 1-157
2026-10-06 09:06:08,009 INFO o.a.j.t.JMeterThread: Stopping because end time detected by thread: S2 1-419
2026-10-06 09:06:08,009 INFO o.a.j.t.JMeterThread: Thread finished: S2 1-419
2026-10-06 09:06:08,010 INFO o.a.j.t.JMeterThread: Stopping because end time detected by thread: S2 1-92
2026-10-06 09:06:08,010 INFO o.a.j.t.JMeterThread: Thread finished: S2 1-92
2026-10-06 09:06:08,017 INFO o.a.j.t.JMeterThread: Stopping because end time detected by thread: S2 1-72
2026-10-06 09:06:08,017 INFO o.a.j.t.JMeterThread: Thread finished: S2 1-72
2026-10-06 09:06:08,020 INFO o.a.j.t.JMeterThread: Stopping because end time detected by thread: S2 1-421
2026-10-06 09:06:08,020 INFO o.a.j.t.JMeterThread: Thread finished: S2 1-421
2026-10-06 09:06:08,021 INFO o.a.j.t.JMeterThread: Stopping because end time detected by thread: S2 1-331
2026-10-06 09:06:08,021 INFO o.a.j.t.JMeterThread: Thread finished: S2 1-331
2026-10-06 09:06:08,026 INFO o.a.j.t.JMeterThread: Stopping because end time detected by thread: S2 1-127
2026-10-06 09:06:08,026 INFO o.a.j.t.JMeterThread: Thread finished: S2 1-127
2026-10-06 09:06:08,028 INFO o.a.j.t.JMeterThread: Stopping because end time detected by thread: S2 1-45
2026-10-06 09:06:08,028 INFO o.a.j.t.JMeterThread: Thread finished: S2 1-45
2026-10-06 09:06:08,030 INFO o.a.j.t.JMeterThread: Stopping because end time detected by thread: S2 1-51
2026-10-06 09:06:08,030 INFO o.a.j.t.JMeterThread: Thread finished: S2 1-51
2026-10-06 09:06:08,041 INFO o.a.j.t.JMeterThread: Stopping because end time detected by thread: S2 1-409
2026-10-06 09:06:08,041 INFO o.a.j.t.JMeterThread: Thread finished: S2 1-409
2026-10-06 09:06:08,043 INFO o.a.j.t.JMeterThread: Stopping because end time detected by thread: S2 1-398
2026-10-06 09:06:08,043 INFO o.a.j.t.JMeterThread: Thread finished: S2 1-398
2026-10-06 09:06:08,043 INFO o.a.j.t.JMeterThread: Stopping because end time detected by thread: S2 1-341
2026-10-06 09:06:08,043 INFO o.a.j.t.JMeterThread: Thread finished: S2 1-341
2026-10-06 09:06:08,045 INFO o.a.j.t.JMeterThread: Stopping because end time detected by thread: S2 1-263
2026-10-06 09:06:08,045 INFO o.a.j.t.JMeterThread: Thread finished: S2 1-263
2026-10-06 09:06:08,050 INFO o.a.j.t.JMeterThread: Stopping because end time detected by thread: S2 1-440
2026-10-06 09:06:08,050 INFO o.a.j.t.JMeterThread: Thread finished: S2 1-440
2026-10-06 09:06:08,054 INFO o.a.j.t.JMeterThread: Stopping because end time detected by thread: S2 1-202
2026-10-06 09:06:08,054 INFO o.a.j.t.JMeterThread: Thread finished: S2 1-202
2026-10-06 09:06:08,055 INFO o.a.j.t.JMeterThread: Stopping because end time detected by thread: S2 1-320
2026-10-06 09:06:08,055 INFO o.a.j.t.JMeterThread: Thread finished: S2 1-320
2026-10-06 09:06:08,065 INFO o.a.j.t.JMeterThread: Stopping because end time detected by thread: S2 1-423
2026-10-06 09:06:08,065 INFO o.a.j.t.JMeterThread: Thread finished: S2 1-423
2026-10-06 09:06:08,072 INFO o.a.j.t.JMeterThread: Stopping because end time detected by thread: S2 1-200
2026-10-06 09:06:08,072 INFO o.a.j.t.JMeterThread: Thread finished: S2 1-200
2026-10-06 09:06:08,074 INFO o.a.j.t.JMeterThread: Stopping because end time detected by thread: S2 1-193
2026-10-06 09:06:08,074 INFO o.a.j.t.JMeterThread: Thread finished: S2 1-193
2026-10-06 09:06:08,081 INFO o.a.j.t.JMeterThread: Stopping because end time detected by thread: S2 1-5
2026-10-06 09:06:08,082 INFO o.a.j.t.JMeterThread: Thread finished: S2 1-5
2026-10-06 09:06:08,090 INFO o.a.j.t.JMeterThread: Stopping because end time detected by thread: S2 1-3
2026-10-06 09:06:08,090 INFO o.a.j.t.JMeterThread: Thread finished: S2 1-3
2026-10-06 09:06:08,098 INFO o.a.j.t.JMeterThread: Stopping because end time detected by thread: S2 1-8
2026-10-06 09:06:08,098 INFO o.a.j.t.JMeterThread: Thread finished: S2 1-8
2026-10-06 09:06:08,099 INFO o.a.j.t.JMeterThread: Stopping because end time detected by thread: S2 1-98
2026-10-06 09:06:08,099 INFO o.a.j.t.JMeterThread: Thread finished: S2 1-98
2026-10-06 09:06:08,105 INFO o.a.j.t.JMeterThread: Stopping because end time detected by thread: S2 1-277
2026-10-06 09:06:08,105 INFO o.a.j.t.JMeterThread: Thread finished: S2 1-277
2026-10-06 09:06:08,106 INFO o.a.j.t.JMeterThread: Stopping because end time detected by thread: S2 1-124
2026-10-06 09:06:08,106 INFO o.a.j.t.JMeterThread: Thread finished: S2 1-124
2026-10-06 09:06:08,108 INFO o.a.j.t.JMeterThread: Stopping because end time detected by thread: S2 1-335
2026-10-06 09:06:08,108 INFO o.a.j.t.JMeterThread: Thread finished: S2 1-335
2026-10-06 09:06:08,114 INFO o.a.j.t.JMeterThread: Stopping because end time detected by thread: S2 1-162
2026-10-06 09:06:08,114 INFO o.a.j.t.JMeterThread: Thread finished: S2 1-162
2026-10-06 09:06:08,116 INFO o.a.j.t.JMeterThread: Stopping because end time detected by thread: S2 1-273
2026-10-06 09:06:08,116 INFO o.a.j.t.JMeterThread: Thread finished: S2 1-273
2026-10-06 09:06:08,123 INFO o.a.j.t.JMeterThread: Stopping because end time detected by thread: S2 1-433
2026-10-06 09:06:08,124 INFO o.a.j.t.JMeterThread: Thread finished: S2 1-433
2026-10-06 09:06:08,133 INFO o.a.j.t.JMeterThread: Stopping because end time detected by thread: S2 1-314
2026-10-06 09:06:08,134 INFO o.a.j.t.JMeterThread: Thread finished: S2 1-314
2026-10-06 09:06:08,135 INFO o.a.j.t.JMeterThread: Stopping because end time detected by thread: S2 1-227
2026-10-06 09:06:08,135 INFO o.a.j.t.JMeterThread: Thread finished: S2 1-227
2026-10-06 09:06:08,135 INFO o.a.j.t.JMeterThread: Stopping because end time detected by thread: S2 1-444
2026-10-06 09:06:08,136 INFO o.a.j.t.JMeterThread: Thread finished: S2 1-444
2026-10-06 09:06:08,137 INFO o.a.j.t.JMeterThread: Stopping because end time detected by thread: S2 1-324
2026-10-06 09:06:08,137 INFO o.a.j.t.JMeterThread: Thread finished: S2 1-324
2026-10-06 09:06:08,146 INFO o.a.j.t.JMeterThread: Stopping because end time detected by thread: S2 1-334
2026-10-06 09:06:08,146 INFO o.a.j.t.JMeterThread: Thread finished: S2 1-334
2026-10-06 09:06:08,152 INFO o.a.j.t.JMeterThread: Stopping because end time detected by thread: S2 1-32
2026-10-06 09:06:08,152 INFO o.a.j.t.JMeterThread: Thread finished: S2 1-32
2026-10-06 09:06:08,160 INFO o.a.j.t.JMeterThread: Stopping because end time detected by thread: S2 1-78
2026-10-06 09:06:08,160 INFO o.a.j.t.JMeterThread: Stopping because end time detected by thread: S2 1-352
2026-10-06 09:06:08,160 INFO o.a.j.t.JMeterThread: Thread finished: S2 1-78
2026-10-06 09:06:08,160 INFO o.a.j.t.JMeterThread: Thread finished: S2 1-352
2026-10-06 09:06:08,167 INFO o.a.j.t.JMeterThread: Stopping because end time detected by thread: S2 1-339
2026-10-06 09:06:08,167 INFO o.a.j.t.JMeterThread: Thread finished: S2 1-339
2026-10-06 09:06:08,169 INFO o.a.j.t.JMeterThread: Stopping because end time detected by thread: S2 1-53
2026-10-06 09:06:08,169 INFO o.a.j.t.JMeterThread: Thread finished: S2 1-53
2026-10-06 09:06:08,175 INFO o.a.j.t.JMeterThread: Stopping because end time detected by thread: S2 1-107
2026-10-06 09:06:08,175 INFO o.a.j.t.JMeterThread: Thread finished: S2 1-107
2026-10-06 09:06:08,176 INFO o.a.j.t.JMeterThread: Stopping because end time detected by thread: S2 1-345
2026-10-06 09:06:08,176 INFO o.a.j.t.JMeterThread: Thread finished: S2 1-345
2026-10-06 09:06:08,182 INFO o.a.j.t.JMeterThread: Stopping because end time detected by thread: S2 1-402
2026-10-06 09:06:08,183 INFO o.a.j.t.JMeterThread: Thread finished: S2 1-402
2026-10-06 09:06:08,194 INFO o.a.j.t.JMeterThread: Stopping because end time detected by thread: S2 1-40
2026-10-06 09:06:08,195 INFO o.a.j.t.JMeterThread: Thread finished: S2 1-40
2026-10-06 09:06:08,201 INFO o.a.j.t.JMeterThread: Stopping because end time detected by thread: S2 1-348
2026-10-06 09:06:08,201 INFO o.a.j.t.JMeterThread: Thread finished: S2 1-348
2026-10-06 09:06:08,202 INFO o.a.j.t.JMeterThread: Stopping because end time detected by thread: S2 1-431
2026-10-06 09:06:08,202 INFO o.a.j.t.JMeterThread: Thread finished: S2 1-431
2026-10-06 09:06:08,211 INFO o.a.j.t.JMeterThread: Stopping because end time detected by thread: S2 1-204
2026-10-06 09:06:08,211 INFO o.a.j.t.JMeterThread: Thread finished: S2 1-204
2026-10-06 09:06:08,211 INFO o.a.j.t.JMeterThread: Stopping because end time detected by thread: S2 1-448
2026-10-06 09:06:08,211 INFO o.a.j.t.JMeterThread: Thread finished: S2 1-448
2026-10-06 09:06:08,214 INFO o.a.j.t.JMeterThread: Stopping because end time detected by thread: S2 1-206
2026-10-06 09:06:08,215 INFO o.a.j.t.JMeterThread: Thread finished: S2 1-206
2026-10-06 09:06:08,215 INFO o.a.j.t.JMeterThread: Stopping because end time detected by thread: S2 1-267
2026-10-06 09:06:08,215 INFO o.a.j.t.JMeterThread: Thread finished: S2 1-267
2026-10-06 09:06:08,231 INFO o.a.j.t.JMeterThread: Stopping because end time detected by thread: S2 1-245
2026-10-06 09:06:08,231 INFO o.a.j.t.JMeterThread: Thread finished: S2 1-245
2026-10-06 09:06:08,234 INFO o.a.j.t.JMeterThread: Stopping because end time detected by thread: S2 1-417
2026-10-06 09:06:08,234 INFO o.a.j.t.JMeterThread: Stopping because end time detected by thread: S2 1-62
2026-10-06 09:06:08,234 INFO o.a.j.t.JMeterThread: Thread finished: S2 1-417
2026-10-06 09:06:08,234 INFO o.a.j.t.JMeterThread: Thread finished: S2 1-62
2026-10-06 09:06:08,242 INFO o.a.j.t.JMeterThread: Stopping because end time detected by thread: S2 1-96
2026-10-06 09:06:08,242 INFO o.a.j.t.JMeterThread: Thread finished: S2 1-96
2026-10-06 09:06:08,244 INFO o.a.j.t.JMeterThread: Stopping because end time detected by thread: S2 1-342
2026-10-06 09:06:08,244 INFO o.a.j.t.JMeterThread: Thread finished: S2 1-342
2026-10-06 09:06:08,251 INFO o.a.j.t.JMeterThread: Stopping because end time detected by thread: S2 1-318
2026-10-06 09:06:08,252 INFO o.a.j.t.JMeterThread: Thread finished: S2 1-318
2026-10-06 09:06:08,260 INFO o.a.j.t.JMeterThread: Stopping because end time detected by thread: S2 1-259
2026-10-06 09:06:08,260 INFO o.a.j.t.JMeterThread: Thread finished: S2 1-259
2026-10-06 09:06:08,262 INFO o.a.j.t.JMeterThread: Stopping because end time detected by thread: S2 1-281
2026-10-06 09:06:08,262 INFO o.a.j.t.JMeterThread: Thread finished: S2 1-281
2026-10-06 09:06:08,267 INFO o.a.j.t.JMeterThread: Stopping because end time detected by thread: S2 1-128
2026-10-06 09:06:08,267 INFO o.a.j.t.JMeterThread: Thread finished: S2 1-128
2026-10-06 09:06:08,271 INFO o.a.j.t.JMeterThread: Stopping because end time detected by thread: S2 1-406
2026-10-06 09:06:08,271 INFO o.a.j.t.JMeterThread: Thread finished: S2 1-406
2026-10-06 09:06:08,274 INFO o.a.j.t.JMeterThread: Stopping because end time detected by thread: S2 1-179
2026-10-06 09:06:08,274 INFO o.a.j.t.JMeterThread: Thread finished: S2 1-179
2026-10-06 09:06:07,513 INFO o.a.j.t.JMeterThread: Stopping because end time detected by thread: S2 1-316
2026-10-06 09:06:07,513 INFO o.a.j.t.JMeterThread: Thread finished: S2 1-316
2026-10-06 09:06:07,521 INFO o.a.j.t.JMeterThread: Stopping because end time detected by thread: S2 1-328
2026-10-06 09:06:07,521 INFO o.a.j.t.JMeterThread: Thread finished: S2 1-328
2026-10-06 09:06:07,524 INFO o.a.j.t.JMeterThread: Stopping because end time detected by thread: S2 1-20
2026-10-06 09:06:07,524 INFO o.a.j.t.JMeterThread: Thread finished: S2 1-20
2026-10-06 09:06:07,528 INFO o.a.j.t.JMeterThread: Stopping because end time detected by thread: S2 1-430
2026-10-06 09:06:07,528 INFO o.a.j.t.JMeterThread: Thread finished: S2 1-430
2026-10-06 09:06:07,530 INFO o.a.j.t.JMeterThread: Stopping because end time detected by thread: S2 1-231
2026-10-06 09:06:07,530 INFO o.a.j.t.JMeterThread: Thread finished: S2 1-231
2026-10-06 09:06:07,537 INFO o.a.j.t.JMeterThread: Stopping because end time detected by thread: S2 1-46
2026-10-06 09:06:07,537 INFO o.a.j.t.JMeterThread: Thread finished: S2 1-46
2026-10-06 09:06:06,655 INFO o.a.j.t.JMeterThread: Stopping because end time detected by thread: S2 1-160
2026-10-06 09:06:06,655 INFO o.a.j.t.JMeterThread: Stopping because end time detected by thread: S2 1-166
2026-10-06 09:06:06,655 INFO o.a.j.t.JMeterThread: Stopping because end time detected by thread: S2 1-264
2026-10-06 09:06:06,655 INFO o.a.j.t.JMeterThread: Thread finished: S2 1-160
2026-10-06 09:06:06,655 INFO o.a.j.t.JMeterThread: Thread finished: S2 1-264
2026-10-06 09:06:06,655 INFO o.a.j.t.JMeterThread: Thread finished: S2 1-166
2026-10-06 09:06:06,661 INFO o.a.j.t.JMeterThread: Stopping because end time detected by thread: S2 1-208
2026-10-06 09:06:06,661 INFO o.a.j.t.JMeterThread: Thread finished: S2 1-208
2026-10-06 09:06:06,684 INFO o.a.j.t.JMeterThread: Stopping because end time detected by thread: S2 1-322
2026-10-06 09:06:06,684 INFO o.a.j.t.JMeterThread: Thread finished: S2 1-322
2026-10-06 09:06:06,692 INFO o.a.j.t.JMeterThread: Stopping because end time detected by thread: S2 1-343
2026-10-06 09:06:06,692 INFO o.a.j.t.JMeterThread: Thread finished: S2 1-343
2026-10-06 09:06:06,693 INFO o.a.j.t.JMeterThread: Stopping because end time detected by thread: S2 1-164
2026-10-06 09:06:06,693 INFO o.a.j.t.JMeterThread: Thread finished: S2 1-164
2026-10-06 09:06:06,697 INFO o.a.j.t.JMeterThread: Stopping because end time detected by thread: S2 1-258
2026-10-06 09:06:06,697 INFO o.a.j.t.JMeterThread: Thread finished: S2 1-258
2026-10-06 09:06:06,711 INFO o.a.j.t.JMeterThread: Stopping because end time detected by thread: S2 1-30
2026-10-06 09:06:06,711 INFO o.a.j.t.JMeterThread: Thread finished: S2 1-30
2026-10-06 09:06:06,715 INFO o.a.j.t.JMeterThread: Stopping because end time detected by thread: S2 1-89
2026-10-06 09:06:06,715 INFO o.a.j.t.JMeterThread: Thread finished: S2 1-89
2026-10-06 09:06:06,716 INFO o.a.j.t.JMeterThread: Stopping because end time detected by thread: S2 1-219
2026-10-06 09:06:06,716 INFO o.a.j.t.JMeterThread: Thread finished: S2 1-219
2026-10-06 09:06:06,721 INFO o.a.j.t.JMeterThread: Stopping because end time detected by thread: S2 1-2
2026-10-06 09:06:06,721 INFO o.a.j.t.JMeterThread: Thread finished: S2 1-2
2026-10-06 09:06:06,730 INFO o.a.j.t.JMeterThread: Stopping because end time detected by thread: S2 1-210
2026-10-06 09:06:06,730 INFO o.a.j.t.JMeterThread: Thread finished: S2 1-210
2026-10-06 09:06:06,735 INFO o.a.j.t.JMeterThread: Stopping because end time detected by thread: S2 1-161
2026-10-06 09:06:06,735 INFO o.a.j.t.JMeterThread: Thread finished: S2 1-161
2026-10-06 09:06:06,736 INFO o.a.j.t.JMeterThread: Stopping because end time detected by thread: S2 1-73
2026-10-06 09:06:06,736 INFO o.a.j.t.JMeterThread: Thread finished: S2 1-73
2026-10-06 09:06:06,743 INFO o.a.j.t.JMeterThread: Stopping because end time detected by thread: S2 1-356
2026-10-06 09:06:06,743 INFO o.a.j.t.JMeterThread: Thread finished: S2 1-356
2026-10-06 09:06:06,744 INFO o.a.j.t.JMeterThread: Stopping because end time detected by thread: S2 1-16
2026-10-06 09:06:06,744 INFO o.a.j.t.JMeterThread: Thread finished: S2 1-16
2026-10-06 09:06:06,750 INFO o.a.j.t.JMeterThread: Stopping because end time detected by thread: S2 1-143
2026-10-06 09:06:06,750 INFO o.a.j.t.JMeterThread: Thread finished: S2 1-143
2026-10-06 09:06:06,755 INFO o.a.j.t.JMeterThread: Stopping because end time detected by thread: S2 1-425
2026-10-06 09:06:06,755 INFO o.a.j.t.JMeterThread: Thread finished: S2 1-425
2026-10-06 09:06:06,757 INFO o.a.j.t.JMeterThread: Stopping because end time detected by thread: S2 1-102
2026-10-06 09:06:06,757 INFO o.a.j.t.JMeterThread: Thread finished: S2 1-102
2026-10-06 09:06:06,758 INFO o.a.j.t.JMeterThread: Stopping because end time detected by thread: S2 1-439
2026-10-06 09:06:06,758 INFO o.a.j.t.JMeterThread: Thread finished: S2 1-439
2026-10-06 09:06:06,760 INFO o.a.j.t.JMeterThread: Stopping because end time detected by thread: S2 1-456
2026-10-06 09:06:06,760 INFO o.a.j.t.JMeterThread: Thread finished: S2 1-456
2026-10-06 09:06:06,766 INFO o.a.j.t.JMeterThread: Stopping because end time detected by thread: S2 1-141
2026-10-06 09:06:06,766 INFO o.a.j.t.JMeterThread: Thread finished: S2 1-141
2026-10-06 09:06:06,783 INFO o.a.j.t.JMeterThread: Stopping because end time detected by thread: S2 1-100
2026-10-06 09:06:06,783 INFO o.a.j.t.JMeterThread: Thread finished: S2 1-100
2026-10-06 09:06:06,786 INFO o.a.j.t.JMeterThread: Stopping because end time detected by thread: S2 1-326
2026-10-06 09:06:06,786 INFO o.a.j.t.JMeterThread: Stopping because end time detected by thread: S2 1-351
2026-10-06 09:06:06,787 INFO o.a.j.t.JMeterThread: Thread finished: S2 1-326
2026-10-06 09:06:06,787 INFO o.a.j.t.JMeterThread: Thread finished: S2 1-351
2026-10-06 09:06:06,787 INFO o.a.j.t.JMeterThread: Stopping because end time detected by thread: S2 1-284
2026-10-06 09:06:06,787 INFO o.a.j.t.JMeterThread: Thread finished: S2 1-284
2026-10-06 09:06:06,802 INFO o.a.j.t.JMeterThread: Stopping because end time detected by thread: S2 1-67
2026-10-06 09:06:06,802 INFO o.a.j.t.JMeterThread: Thread finished: S2 1-67
2026-10-06 09:06:06,803 INFO o.a.j.t.JMeterThread: Stopping because end time detected by thread: S2 1-215
2026-10-06 09:06:06,803 INFO o.a.j.t.JMeterThread: Thread finished: S2 1-215
2026-10-06 09:06:06,810 INFO o.a.j.t.JMeterThread: Stopping because end time detected by thread: S2 1-260
2026-10-06 09:06:06,810 INFO o.a.j.t.JMeterThread: Thread finished: S2 1-260
2026-10-06 09:06:06,812 INFO o.a.j.t.JMeterThread: Stopping because end time detected by thread: S2 1-197
2026-10-06 09:06:06,812 INFO o.a.j.t.JMeterThread: Thread finished: S2 1-197
2026-10-06 09:06:06,817 INFO o.a.j.t.JMeterThread: Stopping because end time detected by thread: S2 1-39
2026-10-06 09:06:06,817 INFO o.a.j.t.JMeterThread: Thread finished: S2 1-39
2026-10-06 09:06:06,824 INFO o.a.j.t.JMeterThread: Stopping because end time detected by thread: S2 1-438
2026-10-06 09:06:06,824 INFO o.a.j.t.JMeterThread: Thread finished: S2 1-438
2026-10-06 09:06:06,825 INFO o.a.j.t.JMeterThread: Stopping because end time detected by thread: S2 1-82
2026-10-06 09:06:06,825 INFO o.a.j.t.JMeterThread: Thread finished: S2 1-82
2026-10-06 09:06:06,831 INFO o.a.j.t.JMeterThread: Stopping because end time detected by thread: S2 1-134
2026-10-06 09:06:06,831 INFO o.a.j.t.JMeterThread: Thread finished: S2 1-134
2026-10-06 09:06:06,834 INFO o.a.j.t.JMeterThread: Stopping because end time detected by thread: S2 1-460
2026-10-06 09:06:06,834 INFO o.a.j.t.JMeterThread: Thread finished: S2 1-460
2026-10-06 09:06:06,843 INFO o.a.j.t.JMeterThread: Stopping because end time detected by thread: S2 1-9
2026-10-06 09:06:06,843 INFO o.a.j.t.JMeterThread: Thread finished: S2 1-9
2026-10-06 09:06:06,844 INFO o.a.j.t.JMeterThread: Stopping because end time detected by thread: S2 1-429
2026-10-06 09:06:06,844 INFO o.a.j.t.JMeterThread: Thread finished: S2 1-429
2026-10-06 09:06:06,854 INFO o.a.j.t.JMeterThread: Stopping because end time detected by thread: S2 1-212
2026-10-06 09:06:06,854 INFO o.a.j.t.JMeterThread: Thread finished: S2 1-212
2026-10-06 09:06:06,855 INFO o.a.j.t.JMeterThread: Stopping because end time detected by thread: S2 1-15
2026-10-06 09:06:06,856 INFO o.a.j.t.JMeterThread: Thread finished: S2 1-15
2026-10-06 09:06:06,859 INFO o.a.j.t.JMeterThread: Stopping because end time detected by thread: S2 1-133
2026-10-06 09:06:06,859 INFO o.a.j.t.JMeterThread: Thread finished: S2 1-133
2026-10-06 09:06:06,866 INFO o.a.j.t.JMeterThread: Stopping because end time detected by thread: S2 1-418
2026-10-06 09:06:06,866 INFO o.a.j.t.JMeterThread: Thread finished: S2 1-418
2026-10-06 09:06:06,869 INFO o.a.j.t.JMeterThread: Stopping because end time detected by thread: S2 1-360
2026-10-06 09:06:06,869 INFO o.a.j.t.JMeterThread: Thread finished: S2 1-360
2026-10-06 09:06:06,870 INFO o.a.j.t.JMeterThread: Stopping because end time detected by thread: S2 1-441
2026-10-06 09:06:06,870 INFO o.a.j.t.JMeterThread: Thread finished: S2 1-441
2026-10-06 09:06:06,877 INFO o.a.j.t.JMeterThread: Stopping because end time detected by thread: S2 1-235
2026-10-06 09:06:06,877 INFO o.a.j.t.JMeterThread: Thread finished: S2 1-235
2026-10-06 09:06:06,880 INFO o.a.j.t.JMeterThread: Stopping because end time detected by thread: S2 1-262
2026-10-06 09:06:06,880 INFO o.a.j.t.JMeterThread: Thread finished: S2 1-262
2026-10-06 09:06:06,886 INFO o.a.j.t.JMeterThread: Stopping because end time detected by thread: S2 1-168
2026-10-06 09:06:06,886 INFO o.a.j.t.JMeterThread: Thread finished: S2 1-168
2026-10-06 09:06:06,887 INFO o.a.j.t.JMeterThread: Stopping because end time detected by thread: S2 1-109
2026-10-06 09:06:06,887 INFO o.a.j.t.JMeterThread: Thread finished: S2 1-109
2026-10-06 09:06:06,901 INFO o.a.j.t.JMeterThread: Stopping because end time detected by thread: S2 1-111
2026-10-06 09:06:06,901 INFO o.a.j.t.JMeterThread: Thread finished: S2 1-111
2026-10-06 09:06:06,901 INFO o.a.j.t.JMeterThread: Stopping because end time detected by thread: S2 1-330
2026-10-06 09:06:06,901 INFO o.a.j.t.JMeterThread: Thread finished: S2 1-330
2026-10-06 09:06:06,904 INFO o.a.j.t.JMeterThread: Stopping because end time detected by thread: S2 1-289
2026-10-06 09:06:06,904 INFO o.a.j.t.JMeterThread: Thread finished: S2 1-289
2026-10-06 09:06:06,909 INFO o.a.j.t.JMeterThread: Stopping because end time detected by thread: S2 1-257
2026-10-06 09:06:06,909 INFO o.a.j.t.JMeterThread: Thread finished: S2 1-257
2026-10-06 09:06:06,910 INFO o.a.j.t.JMeterThread: Stopping because end time detected by thread: S2 1-422
2026-10-06 09:06:06,910 INFO o.a.j.t.JMeterThread: Thread finished: S2 1-422
2026-10-06 09:06:06,916 INFO o.a.j.t.JMeterThread: Stopping because end time detected by thread: S2 1-336
2026-10-06 09:06:06,916 INFO o.a.j.t.JMeterThread: Thread finished: S2 1-336
2026-10-06 09:06:06,923 INFO o.a.j.t.JMeterThread: Stopping because end time detected by thread: S2 1-214
2026-10-06 09:06:06,923 INFO o.a.j.t.JMeterThread: Thread finished: S2 1-214
2026-10-06 09:06:06,927 INFO o.a.j.t.JMeterThread: Stopping because end time detected by thread: S2 1-427
2026-10-06 09:06:06,927 INFO o.a.j.t.JMeterThread: Thread finished: S2 1-427
2026-10-06 09:06:06,928 INFO o.a.j.t.JMeterThread: Stopping because end time detected by thread: S2 1-464
2026-10-06 09:06:06,928 INFO o.a.j.t.JMeterThread: Thread finished: S2 1-464
2026-10-06 09:06:06,930 INFO o.a.j.t.JMeterThread: Stopping because end time detected by thread: S2 1-355
2026-10-06 09:06:06,930 INFO o.a.j.t.JMeterThread: Thread finished: S2 1-355
2026-10-06 09:06:06,937 INFO o.a.j.t.JMeterThread: Stopping because end time detected by thread: S2 1-41
2026-10-06 09:06:06,937 INFO o.a.j.t.JMeterThread: Thread finished: S2 1-41
2026-10-06 09:06:06,949 INFO o.a.j.t.JMeterThread: Stopping because end time detected by thread: S2 1-279
2026-10-06 09:06:06,949 INFO o.a.j.t.JMeterThread: Thread finished: S2 1-279
2026-10-06 09:06:06,950 INFO o.a.j.t.JMeterThread: Stopping because end time detected by thread: S2 1-170
2026-10-06 09:06:06,950 INFO o.a.j.t.JMeterThread: Thread finished: S2 1-170
2026-10-06 09:06:06,956 INFO o.a.j.t.JMeterThread: Stopping because end time detected by thread: S2 1-28
2026-10-06 09:06:06,956 INFO o.a.j.t.JMeterThread: Thread finished: S2 1-28
2026-10-06 09:06:06,960 INFO o.a.j.t.JMeterThread: Stopping because end time detected by thread: S2 1-165
2026-10-06 09:06:06,960 INFO o.a.j.t.JMeterThread: Thread finished: S2 1-165
2026-10-06 09:06:06,968 INFO o.a.j.t.JMeterThread: Stopping because end time detected by thread: S2 1-183
2026-10-06 09:06:06,968 INFO o.a.j.t.JMeterThread: Thread finished: S2 1-183
2026-10-06 09:06:06,968 INFO o.a.j.t.JMeterThread: Stopping because end time detected by thread: S2 1-253
2026-10-06 09:06:06,968 INFO o.a.j.t.JMeterThread: Thread finished: S2 1-253
2026-10-06 09:06:06,972 INFO o.a.j.t.JMeterThread: Stopping because end time detected by thread: S2 1-7
2026-10-06 09:06:06,972 INFO o.a.j.t.JMeterThread: Thread finished: S2 1-7
2026-10-06 09:06:06,977 INFO o.a.j.t.JMeterThread: Stopping because end time detected by thread: S2 1-364
2026-10-06 09:06:06,977 INFO o.a.j.t.JMeterThread: Thread finished: S2 1-364
2026-10-06 09:06:06,984 INFO o.a.j.t.JMeterThread: Stopping because end time detected by thread: S2 1-106
2026-10-06 09:06:06,984 INFO o.a.j.t.JMeterThread: Thread finished: S2 1-106
2026-10-06 09:06:06,988 INFO o.a.j.t.JMeterThread: Stopping because end time detected by thread: S2 1-451
2026-10-06 09:06:06,988 INFO o.a.j.t.JMeterThread: Thread finished: S2 1-451
2026-10-06 09:06:06,990 INFO o.a.j.t.JMeterThread: Stopping because end time detected by thread: S2 1-271
2026-10-06 09:06:06,990 INFO o.a.j.t.JMeterThread: Thread finished: S2 1-271
2026-10-06 09:06:06,997 INFO o.a.j.t.JMeterThread: Stopping because end time detected by thread: S2 1-426
2026-10-06 09:06:06,997 INFO o.a.j.t.JMeterThread: Thread finished: S2 1-426
2026-10-06 09:06:07,008 INFO o.a.j.t.JMeterThread: Stopping because end time detected by thread: S2 1-270
2026-10-06 09:06:07,008 INFO o.a.j.t.JMeterThread: Thread finished: S2 1-270
2026-10-06 09:06:07,012 INFO o.a.j.t.JMeterThread: Stopping because end time detected by thread: S2 1-132
2026-10-06 09:06:07,012 INFO o.a.j.t.JMeterThread: Thread finished: S2 1-132
2026-10-06 09:06:07,022 INFO o.a.j.t.JMeterThread: Stopping because end time detected by thread: S2 1-147
2026-10-06 09:06:07,022 INFO o.a.j.t.JMeterThread: Thread finished: S2 1-147
2026-10-06 09:06:07,022 INFO o.a.j.t.JMeterThread: Stopping because end time detected by thread: S2 1-340
2026-10-06 09:06:07,022 INFO o.a.j.t.JMeterThread: Thread finished: S2 1-340
2026-10-06 09:06:07,023 INFO o.a.j.t.JMeterThread: Stopping because end time detected by thread: S2 1-138
2026-10-06 09:06:07,023 INFO o.a.j.t.JMeterThread: Thread finished: S2 1-138
2026-10-06 09:06:07,036 INFO o.a.j.t.JMeterThread: Stopping because end time detected by thread: S2 1-207
2026-10-06 09:06:07,036 INFO o.a.j.t.JMeterThread: Thread finished: S2 1-207
2026-10-06 09:06:07,045 INFO o.a.j.t.JMeterThread: Stopping because end time detected by thread: S2 1-65
2026-10-06 09:06:07,045 INFO o.a.j.t.JMeterThread: Thread finished: S2 1-65
2026-10-06 09:06:07,046 INFO o.a.j.t.JMeterThread: Stopping because end time detected by thread: S2 1-239
2026-10-06 09:06:07,046 INFO o.a.j.t.JMeterThread: Thread finished: S2 1-239
2026-10-06 09:06:07,047 INFO o.a.j.t.JMeterThread: Stopping because end time detected by thread: S2 1-435
2026-10-06 09:06:07,047 INFO o.a.j.t.JMeterThread: Thread finished: S2 1-435
2026-10-06 09:06:07,053 INFO o.a.j.t.JMeterThread: Stopping because end time detected by thread: S2 1-139
2026-10-06 09:06:07,053 INFO o.a.j.t.JMeterThread: Thread finished: S2 1-139
2026-10-06 09:06:07,055 INFO o.a.j.t.JMeterThread: Stopping because end time detected by thread: S2 1-359
2026-10-06 09:06:07,055 INFO o.a.j.t.JMeterThread: Thread finished: S2 1-359
2026-10-06 09:06:07,064 INFO o.a.j.t.JMeterThread: Stopping because end time detected by thread: S2 1-368
2026-10-06 09:06:07,064 INFO o.a.j.t.JMeterThread: Thread finished: S2 1-368
2026-10-06 09:06:07,066 INFO o.a.j.t.JMeterThread: Stopping because end time detected by thread: S2 1-11
2026-10-06 09:06:07,066 INFO o.a.j.t.JMeterThread: Thread finished: S2 1-11
2026-10-06 09:06:07,076 INFO o.a.j.t.JMeterThread: Stopping because end time detected by thread: S2 1-218
2026-10-06 09:06:07,076 INFO o.a.j.t.JMeterThread: Thread finished: S2 1-218
2026-10-06 09:06:07,077 INFO o.a.j.t.JMeterThread: Stopping because end time detected by thread: S2 1-455
2026-10-06 09:06:07,077 INFO o.a.j.t.JMeterThread: Thread finished: S2 1-455
2026-10-06 09:06:07,084 INFO o.a.j.t.JMeterThread: Stopping because end time detected by thread: S2 1-472
2026-10-06 09:06:07,084 INFO o.a.j.t.JMeterThread: Thread finished: S2 1-472
2026-10-06 09:06:07,087 INFO o.a.j.t.JMeterThread: Stopping because end time detected by thread: S2 1-216
2026-10-06 09:06:07,087 INFO o.a.j.t.JMeterThread: Thread finished: S2 1-216
2026-10-06 09:06:07,090 INFO o.a.j.t.JMeterThread: Stopping because end time detected by thread: S2 1-266
2026-10-06 09:06:07,090 INFO o.a.j.t.JMeterThread: Thread finished: S2 1-266
2026-10-06 09:06:07,093 INFO o.a.j.t.JMeterThread: Stopping because end time detected by thread: S2 1-283
2026-10-06 09:06:07,093 INFO o.a.j.t.JMeterThread: Thread finished: S2 1-283
2026-10-06 09:06:07,101 INFO o.a.j.t.JMeterThread: Stopping because end time detected by thread: S2 1-172
2026-10-06 09:06:07,101 INFO o.a.j.t.JMeterThread: Thread finished: S2 1-172
2026-10-06 09:06:07,101 INFO o.a.j.t.JMeterThread: Stopping because end time detected by thread: S2 1-137
2026-10-06 09:06:07,101 INFO o.a.j.t.JMeterThread: Thread finished: S2 1-137
2026-10-06 09:06:07,108 INFO o.a.j.t.JMeterThread: Stopping because end time detected by thread: S2 1-95
2026-10-06 09:06:07,108 INFO o.a.j.t.JMeterThread: Thread finished: S2 1-95
2026-10-06 09:06:07,115 INFO o.a.j.t.JMeterThread: Stopping because end time detected by thread: S2 1-274
2026-10-06 09:06:07,116 INFO o.a.j.t.JMeterThread: Thread finished: S2 1-274
2026-10-06 09:06:07,116 INFO o.a.j.t.JMeterThread: Stopping because end time detected by thread: S2 1-293
2026-10-06 09:06:07,116 INFO o.a.j.t.JMeterThread: Thread finished: S2 1-293
2026-10-06 09:06:07,124 INFO o.a.j.t.JMeterThread: Stopping because end time detected by thread: S2 1-241
2026-10-06 09:06:07,124 INFO o.a.j.t.JMeterThread: Thread finished: S2 1-241
2026-10-06 09:06:07,128 INFO o.a.j.t.JMeterThread: Stopping because end time detected by thread: S2 1-469
2026-10-06 09:06:07,128 INFO o.a.j.t.JMeterThread: Thread finished: S2 1-469
2026-10-06 09:06:07,138 INFO o.a.j.t.JMeterThread: Stopping because end time detected by thread: S2 1-447
2026-10-06 09:06:07,138 INFO o.a.j.t.JMeterThread: Thread finished: S2 1-447
2026-10-06 09:06:07,155 INFO o.a.j.t.JMeterThread: Stopping because end time detected by thread: S2 1-443
2026-10-06 09:06:07,156 INFO o.a.j.t.JMeterThread: Thread finished: S2 1-443
2026-10-06 09:06:07,158 INFO o.a.j.t.JMeterThread: Stopping because end time detected by thread: S2 1-275
2026-10-06 09:06:07,158 INFO o.a.j.t.JMeterThread: Thread finished: S2 1-275
2026-10-06 09:06:07,161 INFO o.a.j.t.JMeterThread: Stopping because end time detected by thread: S2 1-476
2026-10-06 09:06:07,161 INFO o.a.j.t.JMeterThread: Thread finished: S2 1-476
2026-10-06 09:06:07,165 INFO o.a.j.t.JMeterThread: Stopping because end time detected by thread: S2 1-55
2026-10-06 09:06:07,165 INFO o.a.j.t.JMeterThread: Thread finished: S2 1-55
2026-10-06 09:06:07,178 INFO o.a.j.t.JMeterThread: Stopping because end time detected by thread: S2 1-80
2026-10-06 09:06:07,178 INFO o.a.j.t.JMeterThread: Thread finished: S2 1-80
2026-10-06 09:06:07,178 INFO o.a.j.t.JMeterThread: Stopping because end time detected by thread: S2 1-372
2026-10-06 09:06:07,178 INFO o.a.j.t.JMeterThread: Thread finished: S2 1-372
2026-10-06 09:06:07,184 INFO o.a.j.t.JMeterThread: Stopping because end time detected by thread: S2 1-187
2026-10-06 09:06:07,185 INFO o.a.j.t.JMeterThread: Thread finished: S2 1-187
2026-10-06 09:06:07,187 INFO o.a.j.t.JMeterThread: Stopping because end time detected by thread: S2 1-338
2026-10-06 09:06:07,187 INFO o.a.j.t.JMeterThread: Thread finished: S2 1-338
2026-10-06 09:06:07,190 INFO o.a.j.t.JMeterThread: Stopping because end time detected by thread: S2 1-480
2026-10-06 09:06:07,190 INFO o.a.j.t.JMeterThread: Thread finished: S2 1-480
2026-10-06 09:06:07,211 INFO o.a.j.t.JMeterThread: Stopping because end time detected by thread: S2 1-459
2026-10-06 09:06:07,211 INFO o.a.j.t.JMeterThread: Thread finished: S2 1-459
2026-10-06 09:06:07,212 INFO o.a.j.t.JMeterThread: Stopping because end time detected by thread: S2 1-66
2026-10-06 09:06:07,212 INFO o.a.j.t.JMeterThread: Thread finished: S2 1-66
2026-10-06 09:06:07,214 INFO o.a.j.t.JMeterThread: Stopping because end time detected by thread: S2 1-344
2026-10-06 09:06:07,214 INFO o.a.j.t.JMeterThread: Thread finished: S2 1-344
2026-10-06 09:06:07,221 INFO o.a.j.t.JMeterThread: Stopping because end time detected by thread: S2 1-484
2026-10-06 09:06:07,222 INFO o.a.j.t.JMeterThread: Stopping because end time detected by thread: S2 1-173
2026-10-06 09:06:07,222 INFO o.a.j.t.JMeterThread: Thread finished: S2 1-484
2026-10-06 09:06:07,222 INFO o.a.j.t.JMeterThread: Thread finished: S2 1-173
2026-10-06 09:06:07,227 INFO o.a.j.t.JMeterThread: Stopping because end time detected by thread: S2 1-450
2026-10-06 09:06:07,227 INFO o.a.j.t.JMeterThread: Thread finished: S2 1-450
2026-10-06 09:06:07,230 INFO o.a.j.t.JMeterThread: Stopping because end time detected by thread: S2 1-434
2026-10-06 09:06:07,230 INFO o.a.j.t.JMeterThread: Thread finished: S2 1-434
2026-10-06 09:06:07,234 INFO o.a.j.t.JMeterThread: Stopping because end time detected by thread: S2 1-287
2026-10-06 09:06:07,234 INFO o.a.j.t.JMeterThread: Thread finished: S2 1-287
2026-10-06 09:06:07,234 INFO o.a.j.t.JMeterThread: Stopping because end time detected by thread: S2 1-452
2026-10-06 09:06:07,234 INFO o.a.j.t.JMeterThread: Thread finished: S2 1-452
2026-10-06 09:06:07,235 INFO o.a.j.t.JMeterThread: Stopping because end time detected by thread: S2 1-18
2026-10-06 09:06:07,235 INFO o.a.j.t.JMeterThread: Thread finished: S2 1-18
2026-10-06 09:06:07,241 INFO o.a.j.t.JMeterThread: Stopping because end time detected by thread: S2 1-347
2026-10-06 09:06:07,241 INFO o.a.j.t.JMeterThread: Thread finished: S2 1-347
2026-10-06 09:06:07,243 INFO o.a.j.t.JMeterThread: Stopping because end time detected by thread: S2 1-349
2026-10-06 09:06:07,243 INFO o.a.j.t.JMeterThread: Thread finished: S2 1-349
2026-10-06 09:06:07,255 INFO o.a.j.t.JMeterThread: Stopping because end time detected by thread: S2 1-50
2026-10-06 09:06:07,255 INFO o.a.j.t.JMeterThread: Thread finished: S2 1-50
2026-10-06 09:06:07,257 INFO o.a.j.t.JMeterThread: Stopping because end time detected by thread: S2 1-366
2026-10-06 09:06:07,257 INFO o.a.j.t.JMeterThread: Thread finished: S2 1-366
2026-10-06 09:06:07,263 INFO o.a.j.t.JMeterThread: Stopping because end time detected by thread: S2 1-136
2026-10-06 09:06:07,263 INFO o.a.j.t.JMeterThread: Thread finished: S2 1-136
2026-10-06 09:06:07,268 INFO o.a.j.t.JMeterThread: Stopping because end time detected by thread: S2 1-468
2026-10-06 09:06:07,268 INFO o.a.j.t.JMeterThread: Thread finished: S2 1-468
2026-10-06 09:06:07,274 INFO o.a.j.t.JMeterThread: Stopping because end time detected by thread: S2 1-449
2026-10-06 09:06:07,275 INFO o.a.j.t.JMeterThread: Thread finished: S2 1-449
2026-10-06 09:06:07,285 INFO o.a.j.t.JMeterThread: Stopping because end time detected by thread: S2 1-249
2026-10-06 09:06:07,285 INFO o.a.j.t.JMeterThread: Thread finished: S2 1-249
2026-10-06 09:06:07,285 INFO o.a.j.t.JMeterThread: Stopping because end time detected by thread: S2 1-4
2026-10-06 09:06:07,285 INFO o.a.j.t.JMeterThread: Thread finished: S2 1-4
2026-10-06 09:06:07,291 INFO o.a.j.t.JMeterThread: Stopping because end time detected by thread: S2 1-272
2026-10-06 09:06:07,291 INFO o.a.j.t.JMeterThread: Thread finished: S2 1-272
2026-10-06 09:06:07,309 INFO o.a.j.t.JMeterThread: Stopping because end time detected by thread: S2 1-346
2026-10-06 09:06:07,309 INFO o.a.j.t.JMeterThread: Thread finished: S2 1-346
2026-10-06 09:06:07,310 INFO o.a.j.t.JMeterThread: Stopping because end time detected by thread: S2 1-463
2026-10-06 09:06:07,310 INFO o.a.j.t.JMeterThread: Thread finished: S2 1-463
2026-10-06 09:06:07,320 INFO o.a.j.t.JMeterThread: Stopping because end time detected by thread: S2 1-220
2026-10-06 09:06:07,320 INFO o.a.j.t.JMeterThread: Thread finished: S2 1-220
2026-10-06 09:06:07,330 INFO o.a.j.t.JMeterThread: Stopping because end time detected by thread: S2 1-353
2026-10-06 09:06:07,330 INFO o.a.j.t.JMeterThread: Thread finished: S2 1-353
2026-10-06 09:06:07,330 INFO o.a.j.t.JMeterThread: Stopping because end time detected by thread: S2 1-17
2026-10-06 09:06:07,330 INFO o.a.j.t.JMeterThread: Thread finished: S2 1-17
2026-10-06 09:06:07,331 INFO o.a.j.t.JMeterThread: Stopping because end time detected by thread: S2 1-115
2026-10-06 09:06:07,331 INFO o.a.j.t.JMeterThread: Thread finished: S2 1-115
2026-10-06 09:06:07,358 INFO o.a.j.t.JMeterThread: Stopping because end time detected by thread: S2 1-222
2026-10-06 09:06:07,358 INFO o.a.j.t.JMeterThread: Thread finished: S2 1-222
2026-10-06 09:06:07,361 INFO o.a.j.t.JMeterThread: Stopping because end time detected by thread: S2 1-453
2026-10-06 09:06:07,361 INFO o.a.j.t.JMeterThread: Thread finished: S2 1-453
2026-10-06 09:06:07,365 INFO o.a.j.t.JMeterThread: Stopping because end time detected by thread: S2 1-243
2026-10-06 09:06:07,365 INFO o.a.j.t.JMeterThread: Thread finished: S2 1-243
2026-10-06 09:06:07,380 INFO o.a.j.t.JMeterThread: Stopping because end time detected by thread: S2 1-125
2026-10-06 09:06:07,380 INFO o.a.j.t.JMeterThread: Thread finished: S2 1-125
2026-10-06 09:06:07,385 INFO o.a.j.t.JMeterThread: Stopping because end time detected by thread: S2 1-151
2026-10-06 09:06:07,385 INFO o.a.j.t.JMeterThread: Thread finished: S2 1-151
2026-10-06 09:06:07,387 INFO o.a.j.t.JMeterThread: Stopping because end time detected by thread: S2 1-110
2026-10-06 09:06:07,387 INFO o.a.j.t.JMeterThread: Thread finished: S2 1-110
2026-10-06 09:06:07,388 INFO o.a.j.t.JMeterThread: Stopping because end time detected by thread: S2 1-104
2026-10-06 09:06:07,388 INFO o.a.j.t.JMeterThread: Thread finished: S2 1-104
2026-10-06 09:06:07,395 INFO o.a.j.t.JMeterThread: Stopping because end time detected by thread: S2 1-442
2026-10-06 09:06:07,395 INFO o.a.j.t.JMeterThread: Thread finished: S2 1-442
2026-10-06 09:06:07,398 INFO o.a.j.t.JMeterThread: Stopping because end time detected by thread: S2 1-467
2026-10-06 09:06:07,398 INFO o.a.j.t.JMeterThread: Thread finished: S2 1-467
2026-10-06 09:06:07,417 INFO o.a.j.t.JMeterThread: Stopping because end time detected by thread: S2 1-24
2026-10-06 09:06:07,417 INFO o.a.j.t.JMeterThread: Thread finished: S2 1-24
2026-10-06 09:06:07,425 INFO o.a.j.t.JMeterThread: Stopping because end time detected by thread: S2 1-60
2026-10-06 09:06:07,425 INFO o.a.j.t.JMeterThread: Thread finished: S2 1-60
2026-10-06 09:06:07,426 INFO o.a.j.t.JMeterThread: Stopping because end time detected by thread: S2 1-176
2026-10-06 09:06:07,426 INFO o.a.j.t.JMeterThread: Thread finished: S2 1-176
2026-10-06 09:06:07,428 INFO o.a.j.t.JMeterThread: Stopping because end time detected by thread: S2 1-350
2026-10-06 09:06:07,428 INFO o.a.j.t.JMeterThread: Thread finished: S2 1-350
2026-10-06 09:06:07,437 INFO o.a.j.t.JMeterThread: Stopping because end time detected by thread: S2 1-191
2026-10-06 09:06:07,437 INFO o.a.j.t.JMeterThread: Thread finished: S2 1-191
2026-10-06 09:06:07,441 INFO o.a.j.t.JMeterThread: Stopping because end time detected by thread: S2 1-457
2026-10-06 09:06:07,442 INFO o.a.j.t.JMeterThread: Thread finished: S2 1-457
2026-10-06 09:06:07,444 INFO o.a.j.t.JMeterThread: Stopping because end time detected by thread: S2 1-292
2026-10-06 09:06:07,444 INFO o.a.j.t.JMeterThread: Thread finished: S2 1-292
2026-10-06 09:06:07,452 INFO o.a.j.t.JMeterThread: Stopping because end time detected by thread: S2 1-291
2026-10-06 09:06:07,452 INFO o.a.j.t.JMeterThread: Thread finished: S2 1-291
2026-10-06 09:06:07,457 INFO o.a.j.t.JMeterThread: Stopping because end time detected by thread: S2 1-268
2026-10-06 09:06:07,457 INFO o.a.j.t.JMeterThread: Thread finished: S2 1-268
2026-10-06 09:06:07,462 INFO o.a.j.t.JMeterThread: Stopping because end time detected by thread: S2 1-276
2026-10-06 09:06:07,462 INFO o.a.j.t.JMeterThread: Thread finished: S2 1-276
2026-10-06 09:06:07,470 INFO o.a.j.t.JMeterThread: Stopping because end time detected by thread: S2 1-446
2026-10-06 09:06:07,470 INFO o.a.j.t.JMeterThread: Thread finished: S2 1-446
2026-10-06 09:06:07,478 INFO o.a.j.t.JMeterThread: Stopping because end time detected by thread: S2 1-367
2026-10-06 09:06:07,478 INFO o.a.j.t.JMeterThread: Thread finished: S2 1-367
2026-10-06 09:06:07,481 INFO o.a.j.t.JMeterThread: Stopping because end time detected by thread: S2 1-371
2026-10-06 09:06:07,481 INFO o.a.j.t.JMeterThread: Thread finished: S2 1-371
2026-10-06 09:06:07,487 INFO o.a.j.t.JMeterThread: Stopping because end time detected by thread: S2 1-357
2026-10-06 09:06:07,488 INFO o.a.j.t.JMeterThread: Thread finished: S2 1-357
2026-10-06 09:06:07,493 INFO o.a.j.t.JMeterThread: Stopping because end time detected by thread: S2 1-475
2026-10-06 09:06:07,493 INFO o.a.j.t.JMeterThread: Thread finished: S2 1-475
2026-10-06 09:06:07,497 INFO o.a.j.t.JMeterThread: Stopping because end time detected by thread: S2 1-142
2026-10-06 09:06:07,497 INFO o.a.j.t.JMeterThread: Thread finished: S2 1-142
2026-10-06 09:06:07,513 INFO o.a.j.t.JMeterThread: Stopping because end time detected by thread: S2 1-224
2026-10-06 09:06:07,513 INFO o.a.j.t.JMeterThread: Thread finished: S2 1-224
2026-10-06 09:06:07,513 INFO o.a.j.t.JMeterThread: Stopping because end time detected by thread: S2 1-437
2026-10-06 09:06:07,513 INFO o.a.j.t.JMeterThread: Thread finished: S2 1-437
2026-10-06 09:06:07,520 INFO o.a.j.t.JMeterThread: Stopping because end time detected by thread: S2 1-461
2026-10-06 09:06:07,520 INFO o.a.j.t.JMeterThread: Thread finished: S2 1-461
2026-10-06 09:06:07,523 INFO o.a.j.t.JMeterThread: Stopping because end time detected by thread: S2 1-178
2026-10-06 09:06:07,523 INFO o.a.j.t.JMeterThread: Thread finished: S2 1-178
2026-10-06 09:06:07,536 INFO o.a.j.t.JMeterThread: Stopping because end time detected by thread: S2 1-445
2026-10-06 09:06:07,536 INFO o.a.j.t.JMeterThread: Thread finished: S2 1-445
2026-10-06 09:06:07,542 INFO o.a.j.t.JMeterThread: Stopping because end time detected by thread: S2 1-465
2026-10-06 09:06:07,543 INFO o.a.j.t.JMeterThread: Thread finished: S2 1-465
2026-10-06 09:06:07,550 INFO o.a.j.t.JMeterThread: Stopping because end time detected by thread: S2 1-354
2026-10-06 09:06:07,550 INFO o.a.j.t.JMeterThread: Thread finished: S2 1-354
2026-10-06 09:06:07,564 INFO o.a.j.t.JMeterThread: Stopping because end time detected by thread: S2 1-226
2026-10-06 09:06:07,564 INFO o.a.j.t.JMeterThread: Thread finished: S2 1-226
2026-10-06 09:06:07,589 INFO o.a.j.t.JMeterThread: Stopping because end time detected by thread: S2 1-278
2026-10-06 09:06:07,589 INFO o.a.j.t.JMeterThread: Thread finished: S2 1-278
2026-10-06 09:06:07,612 INFO o.a.j.t.JMeterThread: Stopping because end time detected by thread: S2 1-454
2026-10-06 09:06:07,612 INFO o.a.j.t.JMeterThread: Thread finished: S2 1-454
2026-10-06 09:06:07,631 INFO o.a.j.t.JMeterThread: Stopping because end time detected by thread: S2 1-458
2026-10-06 09:06:07,632 INFO o.a.j.t.JMeterThread: Thread finished: S2 1-458
2026-10-06 09:06:07,632 INFO o.a.j.e.StandardJMeterEngine: Notifying test listeners of end of test
2026-10-06 09:06:07,632 INFO o.a.j.s.FileServer: Close: /tests/data/available_menu_items.csv
2026-10-06 09:06:07,634 INFO o.a.j.r.Summariser: summary +   1790 in 00:00:08 =  234.5/s Avg:  2563 Min:   546 Max:  2892 Err:     0 (0.00%) Active: 0 Started: 500 Finished: 500
2026-10-06 09:06:07,634 INFO o.a.j.r.Summariser: summary =  12581 in 00:01:02 =  203.1/s Avg:  2343 Min:    15 Max:  2988 Err:     0 (0.00%)
