2026-10-06 09:03:57,577 INFO o.a.j.u.JMeterUtils: Setting Locale to en_EN
2026-10-06 09:03:57,597 INFO o.a.j.JMeter: Loading user properties from: /opt/jmeter/bin/user.properties
2026-10-06 09:03:57,598 INFO o.a.j.JMeter: Loading system properties from: /opt/jmeter/bin/system.properties
2026-10-06 09:03:57,598 INFO o.a.j.JMeter: Loading additional properties from: /tests/run.properties
2026-10-06 09:03:57,598 INFO o.a.j.JMeter: Loading additional properties from: /tests/data/ranges.properties
2026-10-06 09:03:57,598 INFO o.a.j.JMeter: Setting JMeter property: host=nestjs-nginx
2026-10-06 09:03:57,598 INFO o.a.j.JMeter: Setting JMeter property: port=80
2026-10-06 09:03:57,599 INFO o.a.j.JMeter: Setting JMeter property: rampup=10
2026-10-06 09:03:57,599 INFO o.a.j.JMeter: Setting JMeter property: endpoint=EP3
2026-10-06 09:03:57,599 INFO o.a.j.JMeter: Setting JMeter property: users=500
2026-10-06 09:03:57,599 INFO o.a.j.JMeter: Setting JMeter property: duration=60
2026-10-06 09:03:57,603 INFO o.a.j.JMeter: Copyright (c) 1998-2024 The Apache Software Foundation
2026-10-06 09:03:57,603 INFO o.a.j.JMeter: Version 5.6.3
2026-10-06 09:03:57,603 INFO o.a.j.JMeter: java.version=21.0.12.1
2026-10-06 09:03:57,603 INFO o.a.j.JMeter: java.vm.name=OpenJDK 64-Bit Server VM
2026-10-06 09:03:57,603 INFO o.a.j.JMeter: os.name=Linux
2026-10-06 09:03:57,603 INFO o.a.j.JMeter: os.arch=amd64
2026-10-06 09:03:57,603 INFO o.a.j.JMeter: os.version=6.6.87.2-microsoft-standard-WSL2
2026-10-06 09:03:57,603 INFO o.a.j.JMeter: file.encoding=UTF-8
2026-10-06 09:03:57,603 INFO o.a.j.JMeter: java.awt.headless=true
2026-10-06 09:03:57,603 INFO o.a.j.JMeter: Max memory     =4294967296
2026-10-06 09:03:57,603 INFO o.a.j.JMeter: Available Processors =12
2026-10-06 09:03:57,612 INFO o.a.j.JMeter: Default Locale=English (EN)
2026-10-06 09:03:57,612 INFO o.a.j.JMeter: JMeter  Locale=English (EN)
2026-10-06 09:03:57,612 INFO o.a.j.JMeter: JMeterHome=/opt/jmeter
2026-10-06 09:03:57,612 INFO o.a.j.JMeter: user.dir  =/tests
2026-10-06 09:03:57,612 INFO o.a.j.JMeter: PWD       =/tests
2026-10-06 09:03:57,613 INFO o.a.j.JMeter: IP: 172.19.0.5 Name: e8d6890e46aa FullName: e8d6890e46aa
2026-10-06 09:03:57,623 INFO o.a.j.s.FileServer: Default base='/tests'
2026-10-06 09:03:57,624 INFO o.a.j.s.FileServer: Set new base='/tests'
2026-10-06 09:03:57,763 INFO o.a.j.s.SaveService: Testplan (JMX) version: 2.2. Testlog (JTL) version: 2.2
2026-10-06 09:03:57,784 INFO o.a.j.s.SaveService: Using SaveService properties version 5.0
2026-10-06 09:03:57,787 INFO o.a.j.s.SaveService: Using SaveService properties file encoding UTF-8
2026-10-06 09:03:57,790 INFO o.a.j.s.SaveService: Loading file: /tests/s2.jmx
2026-10-06 09:03:57,830 INFO o.a.j.p.h.s.HTTPSamplerBase: Parser for text/html is org.apache.jmeter.protocol.http.parser.LagartoBasedHtmlParser
2026-10-06 09:03:57,830 INFO o.a.j.p.h.s.HTTPSamplerBase: Parser for application/xhtml+xml is org.apache.jmeter.protocol.http.parser.LagartoBasedHtmlParser
2026-10-06 09:03:57,830 INFO o.a.j.p.h.s.HTTPSamplerBase: Parser for application/xml is org.apache.jmeter.protocol.http.parser.LagartoBasedHtmlParser
2026-10-06 09:03:57,830 INFO o.a.j.p.h.s.HTTPSamplerBase: Parser for text/xml is org.apache.jmeter.protocol.http.parser.LagartoBasedHtmlParser
2026-10-06 09:03:57,830 INFO o.a.j.p.h.s.HTTPSamplerBase: Parser for text/vnd.wap.wml is org.apache.jmeter.protocol.http.parser.RegexpHTMLParser
2026-10-06 09:03:57,831 INFO o.a.j.p.h.s.HTTPSamplerBase: Parser for text/css is org.apache.jmeter.protocol.http.parser.CssParser
2026-10-06 09:03:57,870 INFO o.a.j.JMeter: Creating summariser <summary>
2026-10-06 09:03:57,883 INFO o.a.j.e.StandardJMeterEngine: Running the test!
2026-10-06 09:03:57,884 INFO o.a.j.s.SampleEvent: List of sample_variables: []
2026-10-06 09:03:57,884 INFO o.a.j.s.SampleEvent: List of sample_variables: []
2026-10-06 09:03:57,887 INFO o.a.j.e.u.CompoundVariable: Note: Function class names must contain the string: '.functions.'
2026-10-06 09:03:57,887 INFO o.a.j.e.u.CompoundVariable: Note: Function class names must not contain the string: '.gui.'
2026-10-06 09:03:58,082 INFO o.a.j.JMeter: Running test (1791277438081)
2026-10-06 09:03:58,083 INFO o.a.j.e.StandardJMeterEngine: Starting setUp thread groups
2026-10-06 09:03:58,083 INFO o.a.j.e.StandardJMeterEngine: Starting setUp ThreadGroup: 1 : setUp - login 
2026-10-06 09:03:58,083 INFO o.a.j.e.StandardJMeterEngine: Starting 1 threads for group setUp - login.
2026-10-06 09:03:58,083 INFO o.a.j.e.StandardJMeterEngine: Test will stop abruptly on error
2026-10-06 09:03:58,083 INFO o.a.j.t.ThreadGroup: Starting thread group... number=1 threads=1 ramp-up=1 delayedStart=false
2026-10-06 09:03:58,086 INFO o.a.j.t.ThreadGroup: Started thread group number 1
2026-10-06 09:03:58,086 INFO o.a.j.e.StandardJMeterEngine: Waiting for all setup thread groups to exit
2026-10-06 09:03:58,087 INFO o.a.j.t.JMeterThread: Thread started: setUp - login 1-1
2026-10-06 09:03:58,098 INFO o.a.j.p.h.s.HTTPHCAbstractImpl: Local host = e8d6890e46aa
2026-10-06 09:03:58,101 INFO o.a.j.p.h.s.HTTPHC4Impl: HTTP request retry count = 0
2026-10-06 09:03:58,102 INFO o.a.j.s.SampleResult: Note: Sample TimeStamps are START times
2026-10-06 09:03:58,103 INFO o.a.j.s.SampleResult: sampleresult.default.encoding is set to UTF-8
2026-10-06 09:03:58,103 INFO o.a.j.s.SampleResult: sampleresult.useNanoTime=true
2026-10-06 09:03:58,103 INFO o.a.j.s.SampleResult: sampleresult.nanoThreadSleep=5000
2026-10-06 09:03:58,815 INFO o.a.j.t.JMeterThread: Thread is done: setUp - login 1-1
2026-10-06 09:03:58,815 INFO o.a.j.t.JMeterThread: Thread finished: setUp - login 1-1
2026-10-06 09:03:58,816 INFO o.a.j.e.StandardJMeterEngine: All Setup Threads have ended
2026-10-06 09:03:58,838 INFO o.a.j.e.StandardJMeterEngine: Starting ThreadGroup: 1 : S2
2026-10-06 09:03:58,838 INFO o.a.j.e.StandardJMeterEngine: Starting 500 threads for group S2.
2026-10-06 09:03:58,838 INFO o.a.j.e.StandardJMeterEngine: Thread will continue on error
2026-10-06 09:03:58,838 INFO o.a.j.t.ThreadGroup: Starting thread group... number=1 threads=500 ramp-up=10 delayedStart=false
2026-10-06 09:03:58,849 INFO o.a.j.t.JMeterThread: Thread started: S2 1-1
2026-10-06 09:03:58,850 INFO o.a.j.s.FileServer: Stored: /tests/data/available_menu_items.csv
2026-10-06 09:03:58,867 INFO o.a.j.t.JMeterThread: Thread started: S2 1-2
2026-10-06 09:03:58,887 INFO o.a.j.t.JMeterThread: Thread started: S2 1-3
2026-10-06 09:03:58,905 INFO o.a.j.t.JMeterThread: Thread started: S2 1-4
2026-10-06 09:03:58,926 INFO o.a.j.t.JMeterThread: Thread started: S2 1-5
2026-10-06 09:03:58,944 INFO o.a.j.t.JMeterThread: Thread started: S2 1-6
2026-10-06 09:03:58,962 INFO o.a.j.t.JMeterThread: Thread started: S2 1-7
2026-10-06 09:03:58,983 INFO o.a.j.t.JMeterThread: Thread started: S2 1-8
2026-10-06 09:03:59,001 INFO o.a.j.t.JMeterThread: Thread started: S2 1-9
2026-10-06 09:03:59,021 INFO o.a.j.t.JMeterThread: Thread started: S2 1-10
2026-10-06 09:03:59,040 INFO o.a.j.t.JMeterThread: Thread started: S2 1-11
2026-10-06 09:03:59,060 INFO o.a.j.t.JMeterThread: Thread started: S2 1-12
2026-10-06 09:03:59,080 INFO o.a.j.t.JMeterThread: Thread started: S2 1-13
2026-10-06 09:03:59,099 INFO o.a.j.t.JMeterThread: Thread started: S2 1-14
2026-10-06 09:03:59,117 INFO o.a.j.t.ThreadGroup: Started thread group number 1
2026-10-06 09:03:59,117 INFO o.a.j.e.StandardJMeterEngine: All thread groups have been started
2026-10-06 09:03:59,124 INFO o.a.j.t.JMeterThread: Thread started: S2 1-15
2026-10-06 09:03:59,140 INFO o.a.j.t.JMeterThread: Thread started: S2 1-16
2026-10-06 09:03:59,159 INFO o.a.j.t.JMeterThread: Thread started: S2 1-17
2026-10-06 09:03:59,179 INFO o.a.j.t.JMeterThread: Thread started: S2 1-18
2026-10-06 09:03:59,200 INFO o.a.j.t.JMeterThread: Thread started: S2 1-19
2026-10-06 09:03:59,219 INFO o.a.j.t.JMeterThread: Thread started: S2 1-20
2026-10-06 09:03:59,239 INFO o.a.j.t.JMeterThread: Thread started: S2 1-21
2026-10-06 09:03:59,260 INFO o.a.j.t.JMeterThread: Thread started: S2 1-22
2026-10-06 09:03:59,279 INFO o.a.j.t.JMeterThread: Thread started: S2 1-23
2026-10-06 09:03:59,300 INFO o.a.j.t.JMeterThread: Thread started: S2 1-24
2026-10-06 09:03:59,319 INFO o.a.j.t.JMeterThread: Thread started: S2 1-25
2026-10-06 09:03:59,339 INFO o.a.j.t.JMeterThread: Thread started: S2 1-26
2026-10-06 09:03:59,360 INFO o.a.j.t.JMeterThread: Thread started: S2 1-27
2026-10-06 09:03:59,379 INFO o.a.j.t.JMeterThread: Thread started: S2 1-28
2026-10-06 09:03:59,399 INFO o.a.j.t.JMeterThread: Thread started: S2 1-29
2026-10-06 09:03:59,420 INFO o.a.j.t.JMeterThread: Thread started: S2 1-30
2026-10-06 09:03:59,439 INFO o.a.j.t.JMeterThread: Thread started: S2 1-31
2026-10-06 09:03:59,460 INFO o.a.j.t.JMeterThread: Thread started: S2 1-32
2026-10-06 09:03:59,479 INFO o.a.j.t.JMeterThread: Thread started: S2 1-33
2026-10-06 09:03:59,499 INFO o.a.j.t.JMeterThread: Thread started: S2 1-34
2026-10-06 09:03:59,519 INFO o.a.j.t.JMeterThread: Thread started: S2 1-35
2026-10-06 09:03:59,540 INFO o.a.j.t.JMeterThread: Thread started: S2 1-36
2026-10-06 09:03:59,559 INFO o.a.j.t.JMeterThread: Thread started: S2 1-37
2026-10-06 09:03:59,579 INFO o.a.j.t.JMeterThread: Thread started: S2 1-38
2026-10-06 09:03:59,599 INFO o.a.j.t.JMeterThread: Thread started: S2 1-39
2026-10-06 09:03:59,620 INFO o.a.j.t.JMeterThread: Thread started: S2 1-40
2026-10-06 09:03:59,639 INFO o.a.j.t.JMeterThread: Thread started: S2 1-41
2026-10-06 09:03:59,659 INFO o.a.j.t.JMeterThread: Thread started: S2 1-42
2026-10-06 09:03:59,679 INFO o.a.j.t.JMeterThread: Thread started: S2 1-43
2026-10-06 09:03:59,699 INFO o.a.j.t.JMeterThread: Thread started: S2 1-44
2026-10-06 09:03:59,719 INFO o.a.j.t.JMeterThread: Thread started: S2 1-45
2026-10-06 09:03:59,739 INFO o.a.j.t.JMeterThread: Thread started: S2 1-46
2026-10-06 09:03:59,759 INFO o.a.j.t.JMeterThread: Thread started: S2 1-47
2026-10-06 09:03:59,779 INFO o.a.j.t.JMeterThread: Thread started: S2 1-48
2026-10-06 09:03:59,800 INFO o.a.j.t.JMeterThread: Thread started: S2 1-49
2026-10-06 09:03:59,819 INFO o.a.j.t.JMeterThread: Thread started: S2 1-50
2026-10-06 09:03:59,839 INFO o.a.j.t.JMeterThread: Thread started: S2 1-51
2026-10-06 09:03:59,859 INFO o.a.j.t.JMeterThread: Thread started: S2 1-52
2026-10-06 09:03:59,879 INFO o.a.j.t.JMeterThread: Thread started: S2 1-53
2026-10-06 09:03:59,900 INFO o.a.j.t.JMeterThread: Thread started: S2 1-54
2026-10-06 09:03:59,919 INFO o.a.j.t.JMeterThread: Thread started: S2 1-55
2026-10-06 09:03:59,940 INFO o.a.j.t.JMeterThread: Thread started: S2 1-56
2026-10-06 09:03:59,958 INFO o.a.j.t.JMeterThread: Thread started: S2 1-57
2026-10-06 09:03:59,979 INFO o.a.j.t.JMeterThread: Thread started: S2 1-58
2026-10-06 09:03:59,999 INFO o.a.j.t.JMeterThread: Thread started: S2 1-59
2026-10-06 09:04:00,007 INFO o.a.j.r.Summariser: summary +    159 in 00:00:02 =   82.6/s Avg:   170 Min:    20 Max:   310 Err:     0 (0.00%) Active: 59 Started: 59 Finished: 0
2026-10-06 09:04:00,019 INFO o.a.j.t.JMeterThread: Thread started: S2 1-60
2026-10-06 09:04:00,038 INFO o.a.j.t.JMeterThread: Thread started: S2 1-61
2026-10-06 09:04:00,060 INFO o.a.j.t.JMeterThread: Thread started: S2 1-62
2026-10-06 09:04:00,079 INFO o.a.j.t.JMeterThread: Thread started: S2 1-63
2026-10-06 09:04:00,100 INFO o.a.j.t.JMeterThread: Thread started: S2 1-64
2026-10-06 09:04:00,119 INFO o.a.j.t.JMeterThread: Thread started: S2 1-65
2026-10-06 09:04:00,140 INFO o.a.j.t.JMeterThread: Thread started: S2 1-66
2026-10-06 09:04:00,159 INFO o.a.j.t.JMeterThread: Thread started: S2 1-67
2026-10-06 09:04:00,179 INFO o.a.j.t.JMeterThread: Thread started: S2 1-68
2026-10-06 09:04:00,200 INFO o.a.j.t.JMeterThread: Thread started: S2 1-69
2026-10-06 09:04:00,219 INFO o.a.j.t.JMeterThread: Thread started: S2 1-70
2026-10-06 09:04:00,240 INFO o.a.j.t.JMeterThread: Thread started: S2 1-71
2026-10-06 09:04:00,258 INFO o.a.j.t.JMeterThread: Thread started: S2 1-72
2026-10-06 09:04:00,280 INFO o.a.j.t.JMeterThread: Thread started: S2 1-73
2026-10-06 09:04:00,299 INFO o.a.j.t.JMeterThread: Thread started: S2 1-74
2026-10-06 09:04:00,320 INFO o.a.j.t.JMeterThread: Thread started: S2 1-75
2026-10-06 09:04:00,340 INFO o.a.j.t.JMeterThread: Thread started: S2 1-76
2026-10-06 09:04:00,358 INFO o.a.j.t.JMeterThread: Thread started: S2 1-77
2026-10-06 09:04:00,379 INFO o.a.j.t.JMeterThread: Thread started: S2 1-78
2026-10-06 09:04:00,398 INFO o.a.j.t.JMeterThread: Thread started: S2 1-79
2026-10-06 09:04:00,419 INFO o.a.j.t.JMeterThread: Thread started: S2 1-80
2026-10-06 09:04:00,439 INFO o.a.j.t.JMeterThread: Thread started: S2 1-81
2026-10-06 09:04:00,459 INFO o.a.j.t.JMeterThread: Thread started: S2 1-82
2026-10-06 09:04:00,480 INFO o.a.j.t.JMeterThread: Thread started: S2 1-83
2026-10-06 09:04:00,499 INFO o.a.j.t.JMeterThread: Thread started: S2 1-84
2026-10-06 09:04:00,520 INFO o.a.j.t.JMeterThread: Thread started: S2 1-85
2026-10-06 09:04:00,539 INFO o.a.j.t.JMeterThread: Thread started: S2 1-86
2026-10-06 09:04:00,560 INFO o.a.j.t.JMeterThread: Thread started: S2 1-87
2026-10-06 09:04:00,579 INFO o.a.j.t.JMeterThread: Thread started: S2 1-88
2026-10-06 09:04:00,598 INFO o.a.j.t.JMeterThread: Thread started: S2 1-89
2026-10-06 09:04:00,619 INFO o.a.j.t.JMeterThread: Thread started: S2 1-90
2026-10-06 09:04:00,638 INFO o.a.j.t.JMeterThread: Thread started: S2 1-91
2026-10-06 09:04:00,660 INFO o.a.j.t.JMeterThread: Thread started: S2 1-92
2026-10-06 09:04:00,679 INFO o.a.j.t.JMeterThread: Thread started: S2 1-93
2026-10-06 09:04:00,699 INFO o.a.j.t.JMeterThread: Thread started: S2 1-94
2026-10-06 09:04:00,720 INFO o.a.j.t.JMeterThread: Thread started: S2 1-95
2026-10-06 09:04:00,741 INFO o.a.j.t.JMeterThread: Thread started: S2 1-96
2026-10-06 09:04:00,761 INFO o.a.j.t.JMeterThread: Thread started: S2 1-97
2026-10-06 09:04:00,780 INFO o.a.j.t.JMeterThread: Thread started: S2 1-98
2026-10-06 09:04:00,800 INFO o.a.j.t.JMeterThread: Thread started: S2 1-99
2026-10-06 09:04:00,820 INFO o.a.j.t.JMeterThread: Thread started: S2 1-100
2026-10-06 09:04:00,840 INFO o.a.j.t.JMeterThread: Thread started: S2 1-101
2026-10-06 09:04:00,859 INFO o.a.j.t.JMeterThread: Thread started: S2 1-102
2026-10-06 09:04:00,879 INFO o.a.j.t.JMeterThread: Thread started: S2 1-103
2026-10-06 09:04:00,900 INFO o.a.j.t.JMeterThread: Thread started: S2 1-104
2026-10-06 09:04:00,920 INFO o.a.j.t.JMeterThread: Thread started: S2 1-105
2026-10-06 09:04:00,939 INFO o.a.j.t.JMeterThread: Thread started: S2 1-106
2026-10-06 09:04:00,958 INFO o.a.j.t.JMeterThread: Thread started: S2 1-107
2026-10-06 09:04:00,980 INFO o.a.j.t.JMeterThread: Thread started: S2 1-108
2026-10-06 09:04:00,999 INFO o.a.j.t.JMeterThread: Thread started: S2 1-109
2026-10-06 09:04:01,019 INFO o.a.j.t.JMeterThread: Thread started: S2 1-110
2026-10-06 09:04:01,039 INFO o.a.j.t.JMeterThread: Thread started: S2 1-111
2026-10-06 09:04:01,059 INFO o.a.j.t.JMeterThread: Thread started: S2 1-112
2026-10-06 09:04:01,080 INFO o.a.j.t.JMeterThread: Thread started: S2 1-113
2026-10-06 09:04:01,098 INFO o.a.j.t.JMeterThread: Thread started: S2 1-114
2026-10-06 09:04:01,119 INFO o.a.j.t.JMeterThread: Thread started: S2 1-115
2026-10-06 09:04:01,140 INFO o.a.j.t.JMeterThread: Thread started: S2 1-116
2026-10-06 09:04:01,159 INFO o.a.j.t.JMeterThread: Thread started: S2 1-117
2026-10-06 09:04:01,180 INFO o.a.j.t.JMeterThread: Thread started: S2 1-118
2026-10-06 09:04:01,200 INFO o.a.j.t.JMeterThread: Thread started: S2 1-119
2026-10-06 09:04:01,220 INFO o.a.j.t.JMeterThread: Thread started: S2 1-120
2026-10-06 09:04:01,239 INFO o.a.j.t.JMeterThread: Thread started: S2 1-121
2026-10-06 09:04:01,259 INFO o.a.j.t.JMeterThread: Thread started: S2 1-122
2026-10-06 09:04:01,279 INFO o.a.j.t.JMeterThread: Thread started: S2 1-123
2026-10-06 09:04:01,300 INFO o.a.j.t.JMeterThread: Thread started: S2 1-124
2026-10-06 09:04:01,320 INFO o.a.j.t.JMeterThread: Thread started: S2 1-125
2026-10-06 09:04:01,340 INFO o.a.j.t.JMeterThread: Thread started: S2 1-126
2026-10-06 09:04:01,359 INFO o.a.j.t.JMeterThread: Thread started: S2 1-127
2026-10-06 09:04:01,379 INFO o.a.j.t.JMeterThread: Thread started: S2 1-128
2026-10-06 09:04:01,399 INFO o.a.j.t.JMeterThread: Thread started: S2 1-129
2026-10-06 09:04:01,421 INFO o.a.j.t.JMeterThread: Thread started: S2 1-130
2026-10-06 09:04:01,440 INFO o.a.j.t.JMeterThread: Thread started: S2 1-131
2026-10-06 09:04:01,460 INFO o.a.j.t.JMeterThread: Thread started: S2 1-132
2026-10-06 09:04:01,479 INFO o.a.j.t.JMeterThread: Thread started: S2 1-133
2026-10-06 09:04:01,500 INFO o.a.j.t.JMeterThread: Thread started: S2 1-134
2026-10-06 09:04:01,519 INFO o.a.j.t.JMeterThread: Thread started: S2 1-135
2026-10-06 09:04:01,539 INFO o.a.j.t.JMeterThread: Thread started: S2 1-136
2026-10-06 09:04:01,559 INFO o.a.j.t.JMeterThread: Thread started: S2 1-137
2026-10-06 09:04:01,578 INFO o.a.j.t.JMeterThread: Thread started: S2 1-138
2026-10-06 09:04:01,600 INFO o.a.j.t.JMeterThread: Thread started: S2 1-139
2026-10-06 09:04:01,619 INFO o.a.j.t.JMeterThread: Thread started: S2 1-140
2026-10-06 09:04:01,640 INFO o.a.j.t.JMeterThread: Thread started: S2 1-141
2026-10-06 09:04:01,661 INFO o.a.j.t.JMeterThread: Thread started: S2 1-142
2026-10-06 09:04:01,680 INFO o.a.j.t.JMeterThread: Thread started: S2 1-143
2026-10-06 09:04:01,698 INFO o.a.j.t.JMeterThread: Thread started: S2 1-144
2026-10-06 09:04:01,720 INFO o.a.j.t.JMeterThread: Thread started: S2 1-145
2026-10-06 09:04:01,739 INFO o.a.j.t.JMeterThread: Thread started: S2 1-146
2026-10-06 09:04:01,759 INFO o.a.j.t.JMeterThread: Thread started: S2 1-147
2026-10-06 09:04:01,779 INFO o.a.j.t.JMeterThread: Thread started: S2 1-148
2026-10-06 09:04:01,800 INFO o.a.j.t.JMeterThread: Thread started: S2 1-149
2026-10-06 09:04:01,819 INFO o.a.j.t.JMeterThread: Thread started: S2 1-150
2026-10-06 09:04:01,839 INFO o.a.j.t.JMeterThread: Thread started: S2 1-151
2026-10-06 09:04:01,859 INFO o.a.j.t.JMeterThread: Thread started: S2 1-152
2026-10-06 09:04:01,879 INFO o.a.j.t.JMeterThread: Thread started: S2 1-153
2026-10-06 09:04:01,900 INFO o.a.j.t.JMeterThread: Thread started: S2 1-154
2026-10-06 09:04:01,920 INFO o.a.j.t.JMeterThread: Thread started: S2 1-155
2026-10-06 09:04:01,940 INFO o.a.j.t.JMeterThread: Thread started: S2 1-156
2026-10-06 09:04:01,959 INFO o.a.j.t.JMeterThread: Thread started: S2 1-157
2026-10-06 09:04:01,979 INFO o.a.j.t.JMeterThread: Thread started: S2 1-158
2026-10-06 09:04:01,999 INFO o.a.j.t.JMeterThread: Thread started: S2 1-159
2026-10-06 09:04:02,020 INFO o.a.j.t.JMeterThread: Thread started: S2 1-160
2026-10-06 09:04:02,039 INFO o.a.j.t.JMeterThread: Thread started: S2 1-161
2026-10-06 09:04:02,058 INFO o.a.j.t.JMeterThread: Thread started: S2 1-162
2026-10-06 09:04:02,079 INFO o.a.j.t.JMeterThread: Thread started: S2 1-163
2026-10-06 09:04:02,098 INFO o.a.j.t.JMeterThread: Thread started: S2 1-164
2026-10-06 09:04:02,120 INFO o.a.j.t.JMeterThread: Thread started: S2 1-165
2026-10-06 09:04:02,139 INFO o.a.j.t.JMeterThread: Thread started: S2 1-166
2026-10-06 09:04:02,159 INFO o.a.j.t.JMeterThread: Thread started: S2 1-167
2026-10-06 09:04:02,179 INFO o.a.j.t.JMeterThread: Thread started: S2 1-168
2026-10-06 09:04:02,200 INFO o.a.j.t.JMeterThread: Thread started: S2 1-169
2026-10-06 09:04:02,219 INFO o.a.j.t.JMeterThread: Thread started: S2 1-170
2026-10-06 09:04:02,240 INFO o.a.j.t.JMeterThread: Thread started: S2 1-171
2026-10-06 09:04:02,259 INFO o.a.j.t.JMeterThread: Thread started: S2 1-172
2026-10-06 09:04:02,280 INFO o.a.j.t.JMeterThread: Thread started: S2 1-173
2026-10-06 09:04:02,298 INFO o.a.j.t.JMeterThread: Thread started: S2 1-174
2026-10-06 09:04:02,320 INFO o.a.j.t.JMeterThread: Thread started: S2 1-175
2026-10-06 09:04:02,338 INFO o.a.j.t.JMeterThread: Thread started: S2 1-176
2026-10-06 09:04:02,360 INFO o.a.j.t.JMeterThread: Thread started: S2 1-177
2026-10-06 09:04:02,379 INFO o.a.j.t.JMeterThread: Thread started: S2 1-178
2026-10-06 09:04:02,399 INFO o.a.j.t.JMeterThread: Thread started: S2 1-179
2026-10-06 09:04:02,420 INFO o.a.j.t.JMeterThread: Thread started: S2 1-180
2026-10-06 09:04:02,439 INFO o.a.j.t.JMeterThread: Thread started: S2 1-181
2026-10-06 09:04:02,459 INFO o.a.j.t.JMeterThread: Thread started: S2 1-182
2026-10-06 09:04:02,480 INFO o.a.j.t.JMeterThread: Thread started: S2 1-183
2026-10-06 09:04:02,499 INFO o.a.j.t.JMeterThread: Thread started: S2 1-184
2026-10-06 09:04:02,520 INFO o.a.j.t.JMeterThread: Thread started: S2 1-185
2026-10-06 09:04:02,543 INFO o.a.j.t.JMeterThread: Thread started: S2 1-186
2026-10-06 09:04:02,560 INFO o.a.j.t.JMeterThread: Thread started: S2 1-187
2026-10-06 09:04:02,579 INFO o.a.j.t.JMeterThread: Thread started: S2 1-188
2026-10-06 09:04:02,600 INFO o.a.j.t.JMeterThread: Thread started: S2 1-189
2026-10-06 09:04:02,619 INFO o.a.j.t.JMeterThread: Thread started: S2 1-190
2026-10-06 09:04:02,640 INFO o.a.j.t.JMeterThread: Thread started: S2 1-191
2026-10-06 09:04:02,660 INFO o.a.j.t.JMeterThread: Thread started: S2 1-192
2026-10-06 09:04:02,680 INFO o.a.j.t.JMeterThread: Thread started: S2 1-193
2026-10-06 09:04:02,698 INFO o.a.j.t.JMeterThread: Thread started: S2 1-194
2026-10-06 09:04:02,719 INFO o.a.j.t.JMeterThread: Thread started: S2 1-195
2026-10-06 09:04:02,738 INFO o.a.j.t.JMeterThread: Thread started: S2 1-196
2026-10-06 09:04:02,759 INFO o.a.j.t.JMeterThread: Thread started: S2 1-197
2026-10-06 09:04:02,779 INFO o.a.j.t.JMeterThread: Thread started: S2 1-198
2026-10-06 09:04:02,800 INFO o.a.j.t.JMeterThread: Thread started: S2 1-199
2026-10-06 09:04:02,820 INFO o.a.j.t.JMeterThread: Thread started: S2 1-200
2026-10-06 09:04:02,848 INFO o.a.j.t.JMeterThread: Thread started: S2 1-201
2026-10-06 09:04:02,867 INFO o.a.j.t.JMeterThread: Thread started: S2 1-202
2026-10-06 09:04:02,879 INFO o.a.j.t.JMeterThread: Thread started: S2 1-203
2026-10-06 09:04:02,900 INFO o.a.j.t.JMeterThread: Thread started: S2 1-204
2026-10-06 09:04:02,918 INFO o.a.j.t.JMeterThread: Thread started: S2 1-205
2026-10-06 09:04:02,940 INFO o.a.j.t.JMeterThread: Thread started: S2 1-206
2026-10-06 09:04:02,958 INFO o.a.j.t.JMeterThread: Thread started: S2 1-207
2026-10-06 09:04:02,980 INFO o.a.j.t.JMeterThread: Thread started: S2 1-208
2026-10-06 09:04:02,999 INFO o.a.j.t.JMeterThread: Thread started: S2 1-209
2026-10-06 09:04:03,019 INFO o.a.j.t.JMeterThread: Thread started: S2 1-210
2026-10-06 09:04:03,040 INFO o.a.j.t.JMeterThread: Thread started: S2 1-211
2026-10-06 09:04:03,060 INFO o.a.j.t.JMeterThread: Thread started: S2 1-212
2026-10-06 09:04:03,078 INFO o.a.j.t.JMeterThread: Thread started: S2 1-213
2026-10-06 09:04:03,099 INFO o.a.j.t.JMeterThread: Thread started: S2 1-214
2026-10-06 09:04:03,119 INFO o.a.j.t.JMeterThread: Thread started: S2 1-215
2026-10-06 09:04:03,139 INFO o.a.j.t.JMeterThread: Thread started: S2 1-216
2026-10-06 09:04:03,160 INFO o.a.j.t.JMeterThread: Thread started: S2 1-217
2026-10-06 09:04:03,178 INFO o.a.j.t.JMeterThread: Thread started: S2 1-218
2026-10-06 09:04:03,199 INFO o.a.j.t.JMeterThread: Thread started: S2 1-219
2026-10-06 09:04:03,218 INFO o.a.j.t.JMeterThread: Thread started: S2 1-220
2026-10-06 09:04:03,240 INFO o.a.j.t.JMeterThread: Thread started: S2 1-221
2026-10-06 09:04:03,259 INFO o.a.j.t.JMeterThread: Thread started: S2 1-222
2026-10-06 09:04:03,280 INFO o.a.j.t.JMeterThread: Thread started: S2 1-223
2026-10-06 09:04:03,300 INFO o.a.j.t.JMeterThread: Thread started: S2 1-224
2026-10-06 09:04:03,318 INFO o.a.j.t.JMeterThread: Thread started: S2 1-225
2026-10-06 09:04:03,340 INFO o.a.j.t.JMeterThread: Thread started: S2 1-226
2026-10-06 09:04:03,360 INFO o.a.j.t.JMeterThread: Thread started: S2 1-227
2026-10-06 09:04:03,379 INFO o.a.j.t.JMeterThread: Thread started: S2 1-228
2026-10-06 09:04:03,399 INFO o.a.j.t.JMeterThread: Thread started: S2 1-229
2026-10-06 09:04:03,420 INFO o.a.j.t.JMeterThread: Thread started: S2 1-230
2026-10-06 09:04:03,439 INFO o.a.j.t.JMeterThread: Thread started: S2 1-231
2026-10-06 09:04:03,459 INFO o.a.j.t.JMeterThread: Thread started: S2 1-232
2026-10-06 09:04:03,480 INFO o.a.j.t.JMeterThread: Thread started: S2 1-233
2026-10-06 09:04:03,499 INFO o.a.j.t.JMeterThread: Thread started: S2 1-234
2026-10-06 09:04:03,520 INFO o.a.j.t.JMeterThread: Thread started: S2 1-235
2026-10-06 09:04:03,540 INFO o.a.j.t.JMeterThread: Thread started: S2 1-236
2026-10-06 09:04:03,558 INFO o.a.j.t.JMeterThread: Thread started: S2 1-237
2026-10-06 09:04:03,580 INFO o.a.j.t.JMeterThread: Thread started: S2 1-238
2026-10-06 09:04:03,599 INFO o.a.j.t.JMeterThread: Thread started: S2 1-239
2026-10-06 09:04:03,620 INFO o.a.j.t.JMeterThread: Thread started: S2 1-240
2026-10-06 09:04:03,640 INFO o.a.j.t.JMeterThread: Thread started: S2 1-241
2026-10-06 09:04:03,658 INFO o.a.j.t.JMeterThread: Thread started: S2 1-242
2026-10-06 09:04:03,680 INFO o.a.j.t.JMeterThread: Thread started: S2 1-243
2026-10-06 09:04:03,699 INFO o.a.j.t.JMeterThread: Thread started: S2 1-244
2026-10-06 09:04:03,718 INFO o.a.j.t.JMeterThread: Thread started: S2 1-245
2026-10-06 09:04:03,740 INFO o.a.j.t.JMeterThread: Thread started: S2 1-246
2026-10-06 09:04:03,759 INFO o.a.j.t.JMeterThread: Thread started: S2 1-247
2026-10-06 09:04:03,779 INFO o.a.j.t.JMeterThread: Thread started: S2 1-248
2026-10-06 09:04:03,799 INFO o.a.j.t.JMeterThread: Thread started: S2 1-249
2026-10-06 09:04:03,818 INFO o.a.j.t.JMeterThread: Thread started: S2 1-250
2026-10-06 09:04:03,839 INFO o.a.j.t.JMeterThread: Thread started: S2 1-251
2026-10-06 09:04:03,860 INFO o.a.j.t.JMeterThread: Thread started: S2 1-252
2026-10-06 09:04:03,879 INFO o.a.j.t.JMeterThread: Thread started: S2 1-253
2026-10-06 09:04:03,899 INFO o.a.j.t.JMeterThread: Thread started: S2 1-254
2026-10-06 09:04:03,920 INFO o.a.j.t.JMeterThread: Thread started: S2 1-255
2026-10-06 09:04:03,939 INFO o.a.j.t.JMeterThread: Thread started: S2 1-256
2026-10-06 09:04:03,960 INFO o.a.j.t.JMeterThread: Thread started: S2 1-257
2026-10-06 09:04:03,979 INFO o.a.j.t.JMeterThread: Thread started: S2 1-258
2026-10-06 09:04:04,003 INFO o.a.j.t.JMeterThread: Thread started: S2 1-259
2026-10-06 09:04:04,019 INFO o.a.j.t.JMeterThread: Thread started: S2 1-260
2026-10-06 09:04:04,038 INFO o.a.j.t.JMeterThread: Thread started: S2 1-261
2026-10-06 09:04:04,059 INFO o.a.j.t.JMeterThread: Thread started: S2 1-262
2026-10-06 09:04:04,079 INFO o.a.j.t.JMeterThread: Thread started: S2 1-263
2026-10-06 09:04:04,100 INFO o.a.j.t.JMeterThread: Thread started: S2 1-264
2026-10-06 09:04:04,120 INFO o.a.j.t.JMeterThread: Thread started: S2 1-265
2026-10-06 09:04:04,143 INFO o.a.j.t.JMeterThread: Thread started: S2 1-266
2026-10-06 09:04:04,159 INFO o.a.j.t.JMeterThread: Thread started: S2 1-267
2026-10-06 09:04:04,179 INFO o.a.j.t.JMeterThread: Thread started: S2 1-268
2026-10-06 09:04:04,198 INFO o.a.j.t.JMeterThread: Thread started: S2 1-269
2026-10-06 09:04:04,220 INFO o.a.j.t.JMeterThread: Thread started: S2 1-270
2026-10-06 09:04:04,239 INFO o.a.j.t.JMeterThread: Thread started: S2 1-271
2026-10-06 09:04:04,258 INFO o.a.j.t.JMeterThread: Thread started: S2 1-272
2026-10-06 09:04:04,280 INFO o.a.j.t.JMeterThread: Thread started: S2 1-273
2026-10-06 09:04:04,299 INFO o.a.j.t.JMeterThread: Thread started: S2 1-274
2026-10-06 09:04:04,318 INFO o.a.j.t.JMeterThread: Thread started: S2 1-275
2026-10-06 09:04:04,340 INFO o.a.j.t.JMeterThread: Thread started: S2 1-276
2026-10-06 09:04:04,358 INFO o.a.j.t.JMeterThread: Thread started: S2 1-277
2026-10-06 09:04:04,380 INFO o.a.j.t.JMeterThread: Thread started: S2 1-278
2026-10-06 09:04:04,399 INFO o.a.j.t.JMeterThread: Thread started: S2 1-279
2026-10-06 09:04:04,418 INFO o.a.j.t.JMeterThread: Thread started: S2 1-280
2026-10-06 09:04:04,440 INFO o.a.j.t.JMeterThread: Thread started: S2 1-281
2026-10-06 09:04:04,458 INFO o.a.j.t.JMeterThread: Thread started: S2 1-282
2026-10-06 09:04:04,479 INFO o.a.j.t.JMeterThread: Thread started: S2 1-283
2026-10-06 09:04:04,499 INFO o.a.j.t.JMeterThread: Thread started: S2 1-284
2026-10-06 09:04:04,518 INFO o.a.j.t.JMeterThread: Thread started: S2 1-285
2026-10-06 09:04:04,539 INFO o.a.j.t.JMeterThread: Thread started: S2 1-286
2026-10-06 09:04:04,558 INFO o.a.j.t.JMeterThread: Thread started: S2 1-287
2026-10-06 09:04:04,579 INFO o.a.j.t.JMeterThread: Thread started: S2 1-288
2026-10-06 09:04:04,598 INFO o.a.j.t.JMeterThread: Thread started: S2 1-289
2026-10-06 09:04:04,620 INFO o.a.j.t.JMeterThread: Thread started: S2 1-290
2026-10-06 09:04:04,638 INFO o.a.j.t.JMeterThread: Thread started: S2 1-291
2026-10-06 09:04:04,660 INFO o.a.j.t.JMeterThread: Thread started: S2 1-292
2026-10-06 09:04:04,678 INFO o.a.j.t.JMeterThread: Thread started: S2 1-293
2026-10-06 09:04:04,700 INFO o.a.j.t.JMeterThread: Thread started: S2 1-294
2026-10-06 09:04:04,719 INFO o.a.j.t.JMeterThread: Thread started: S2 1-295
2026-10-06 09:04:04,740 INFO o.a.j.t.JMeterThread: Thread started: S2 1-296
2026-10-06 09:04:04,760 INFO o.a.j.t.JMeterThread: Thread started: S2 1-297
2026-10-06 09:04:04,779 INFO o.a.j.t.JMeterThread: Thread started: S2 1-298
2026-10-06 09:04:04,800 INFO o.a.j.t.JMeterThread: Thread started: S2 1-299
2026-10-06 09:04:04,818 INFO o.a.j.t.JMeterThread: Thread started: S2 1-300
2026-10-06 09:04:04,839 INFO o.a.j.t.JMeterThread: Thread started: S2 1-301
2026-10-06 09:04:04,859 INFO o.a.j.t.JMeterThread: Thread started: S2 1-302
2026-10-06 09:04:04,880 INFO o.a.j.t.JMeterThread: Thread started: S2 1-303
2026-10-06 09:04:04,899 INFO o.a.j.t.JMeterThread: Thread started: S2 1-304
2026-10-06 09:04:04,919 INFO o.a.j.t.JMeterThread: Thread started: S2 1-305
2026-10-06 09:04:04,939 INFO o.a.j.t.JMeterThread: Thread started: S2 1-306
2026-10-06 09:04:04,959 INFO o.a.j.t.JMeterThread: Thread started: S2 1-307
2026-10-06 09:04:04,980 INFO o.a.j.t.JMeterThread: Thread started: S2 1-308
2026-10-06 09:04:04,999 INFO o.a.j.t.JMeterThread: Thread started: S2 1-309
2026-10-06 09:04:05,019 INFO o.a.j.t.JMeterThread: Thread started: S2 1-310
2026-10-06 09:04:05,038 INFO o.a.j.t.JMeterThread: Thread started: S2 1-311
2026-10-06 09:04:05,060 INFO o.a.j.t.JMeterThread: Thread started: S2 1-312
2026-10-06 09:04:05,079 INFO o.a.j.t.JMeterThread: Thread started: S2 1-313
2026-10-06 09:04:05,100 INFO o.a.j.t.JMeterThread: Thread started: S2 1-314
2026-10-06 09:04:05,119 INFO o.a.j.t.JMeterThread: Thread started: S2 1-315
2026-10-06 09:04:05,139 INFO o.a.j.t.JMeterThread: Thread started: S2 1-316
2026-10-06 09:04:05,159 INFO o.a.j.t.JMeterThread: Thread started: S2 1-317
2026-10-06 09:04:05,180 INFO o.a.j.t.JMeterThread: Thread started: S2 1-318
2026-10-06 09:04:05,200 INFO o.a.j.t.JMeterThread: Thread started: S2 1-319
2026-10-06 09:04:05,219 INFO o.a.j.t.JMeterThread: Thread started: S2 1-320
2026-10-06 09:04:05,239 INFO o.a.j.t.JMeterThread: Thread started: S2 1-321
2026-10-06 09:04:05,260 INFO o.a.j.t.JMeterThread: Thread started: S2 1-322
2026-10-06 09:04:05,278 INFO o.a.j.t.JMeterThread: Thread started: S2 1-323
2026-10-06 09:04:05,299 INFO o.a.j.t.JMeterThread: Thread started: S2 1-324
2026-10-06 09:04:05,318 INFO o.a.j.t.JMeterThread: Thread started: S2 1-325
2026-10-06 09:04:05,339 INFO o.a.j.t.JMeterThread: Thread started: S2 1-326
2026-10-06 09:04:05,359 INFO o.a.j.t.JMeterThread: Thread started: S2 1-327
2026-10-06 09:04:05,378 INFO o.a.j.t.JMeterThread: Thread started: S2 1-328
2026-10-06 09:04:05,399 INFO o.a.j.t.JMeterThread: Thread started: S2 1-329
2026-10-06 09:04:05,419 INFO o.a.j.t.JMeterThread: Thread started: S2 1-330
2026-10-06 09:04:05,439 INFO o.a.j.t.JMeterThread: Thread started: S2 1-331
2026-10-06 09:04:05,458 INFO o.a.j.t.JMeterThread: Thread started: S2 1-332
2026-10-06 09:04:05,480 INFO o.a.j.t.JMeterThread: Thread started: S2 1-333
2026-10-06 09:04:05,499 INFO o.a.j.t.JMeterThread: Thread started: S2 1-334
2026-10-06 09:04:05,519 INFO o.a.j.t.JMeterThread: Thread started: S2 1-335
2026-10-06 09:04:05,541 INFO o.a.j.t.JMeterThread: Thread started: S2 1-336
2026-10-06 09:04:05,559 INFO o.a.j.t.JMeterThread: Thread started: S2 1-337
2026-10-06 09:04:05,580 INFO o.a.j.t.JMeterThread: Thread started: S2 1-338
2026-10-06 09:04:05,599 INFO o.a.j.t.JMeterThread: Thread started: S2 1-339
2026-10-06 09:04:05,620 INFO o.a.j.t.JMeterThread: Thread started: S2 1-340
2026-10-06 09:04:05,641 INFO o.a.j.t.JMeterThread: Thread started: S2 1-341
2026-10-06 09:04:05,660 INFO o.a.j.t.JMeterThread: Thread started: S2 1-342
2026-10-06 09:04:05,679 INFO o.a.j.t.JMeterThread: Thread started: S2 1-343
2026-10-06 09:04:05,699 INFO o.a.j.t.JMeterThread: Thread started: S2 1-344
2026-10-06 09:04:05,720 INFO o.a.j.t.JMeterThread: Thread started: S2 1-345
2026-10-06 09:04:05,739 INFO o.a.j.t.JMeterThread: Thread started: S2 1-346
2026-10-06 09:04:05,759 INFO o.a.j.t.JMeterThread: Thread started: S2 1-347
2026-10-06 09:04:05,779 INFO o.a.j.t.JMeterThread: Thread started: S2 1-348
2026-10-06 09:04:05,798 INFO o.a.j.t.JMeterThread: Thread started: S2 1-349
2026-10-06 09:04:05,819 INFO o.a.j.t.JMeterThread: Thread started: S2 1-350
2026-10-06 09:04:05,839 INFO o.a.j.t.JMeterThread: Thread started: S2 1-351
2026-10-06 09:04:05,860 INFO o.a.j.t.JMeterThread: Thread started: S2 1-352
2026-10-06 09:04:05,880 INFO o.a.j.t.JMeterThread: Thread started: S2 1-353
2026-10-06 09:04:05,899 INFO o.a.j.t.JMeterThread: Thread started: S2 1-354
2026-10-06 09:04:05,919 INFO o.a.j.t.JMeterThread: Thread started: S2 1-355
2026-10-06 09:04:05,939 INFO o.a.j.t.JMeterThread: Thread started: S2 1-356
2026-10-06 09:04:05,960 INFO o.a.j.t.JMeterThread: Thread started: S2 1-357
2026-10-06 09:04:05,978 INFO o.a.j.t.JMeterThread: Thread started: S2 1-358
2026-10-06 09:04:05,998 INFO o.a.j.t.JMeterThread: Thread started: S2 1-359
2026-10-06 09:04:06,020 INFO o.a.j.t.JMeterThread: Thread started: S2 1-360
2026-10-06 09:04:06,038 INFO o.a.j.t.JMeterThread: Thread started: S2 1-361
2026-10-06 09:04:06,058 INFO o.a.j.t.JMeterThread: Thread started: S2 1-362
2026-10-06 09:04:06,079 INFO o.a.j.t.JMeterThread: Thread started: S2 1-363
2026-10-06 09:04:06,098 INFO o.a.j.t.JMeterThread: Thread started: S2 1-364
2026-10-06 09:04:06,119 INFO o.a.j.t.JMeterThread: Thread started: S2 1-365
2026-10-06 09:04:06,140 INFO o.a.j.t.JMeterThread: Thread started: S2 1-366
2026-10-06 09:04:06,158 INFO o.a.j.t.JMeterThread: Thread started: S2 1-367
2026-10-06 09:04:06,180 INFO o.a.j.t.JMeterThread: Thread started: S2 1-368
2026-10-06 09:04:06,199 INFO o.a.j.t.JMeterThread: Thread started: S2 1-369
2026-10-06 09:04:06,218 INFO o.a.j.t.JMeterThread: Thread started: S2 1-370
2026-10-06 09:04:06,239 INFO o.a.j.t.JMeterThread: Thread started: S2 1-371
2026-10-06 09:04:06,259 INFO o.a.j.t.JMeterThread: Thread started: S2 1-372
2026-10-06 09:04:06,279 INFO o.a.j.t.JMeterThread: Thread started: S2 1-373
2026-10-06 09:04:06,299 INFO o.a.j.t.JMeterThread: Thread started: S2 1-374
2026-10-06 09:04:06,319 INFO o.a.j.t.JMeterThread: Thread started: S2 1-375
2026-10-06 09:04:06,338 INFO o.a.j.t.JMeterThread: Thread started: S2 1-376
2026-10-06 09:04:06,360 INFO o.a.j.t.JMeterThread: Thread started: S2 1-377
2026-10-06 09:04:06,380 INFO o.a.j.t.JMeterThread: Thread started: S2 1-378
2026-10-06 09:04:06,400 INFO o.a.j.t.JMeterThread: Thread started: S2 1-379
2026-10-06 09:04:06,419 INFO o.a.j.t.JMeterThread: Thread started: S2 1-380
2026-10-06 09:04:06,440 INFO o.a.j.t.JMeterThread: Thread started: S2 1-381
2026-10-06 09:04:06,459 INFO o.a.j.t.JMeterThread: Thread started: S2 1-382
2026-10-06 09:04:06,480 INFO o.a.j.t.JMeterThread: Thread started: S2 1-383
2026-10-06 09:04:06,499 INFO o.a.j.t.JMeterThread: Thread started: S2 1-384
2026-10-06 09:04:06,520 INFO o.a.j.t.JMeterThread: Thread started: S2 1-385
2026-10-06 09:04:06,539 INFO o.a.j.t.JMeterThread: Thread started: S2 1-386
2026-10-06 09:04:06,559 INFO o.a.j.t.JMeterThread: Thread started: S2 1-387
2026-10-06 09:04:06,580 INFO o.a.j.t.JMeterThread: Thread started: S2 1-388
2026-10-06 09:04:06,599 INFO o.a.j.t.JMeterThread: Thread started: S2 1-389
2026-10-06 09:04:06,620 INFO o.a.j.t.JMeterThread: Thread started: S2 1-390
2026-10-06 09:04:06,639 INFO o.a.j.t.JMeterThread: Thread started: S2 1-391
2026-10-06 09:04:06,659 INFO o.a.j.t.JMeterThread: Thread started: S2 1-392
2026-10-06 09:04:06,679 INFO o.a.j.t.JMeterThread: Thread started: S2 1-393
2026-10-06 09:04:06,698 INFO o.a.j.t.JMeterThread: Thread started: S2 1-394
2026-10-06 09:04:06,719 INFO o.a.j.t.JMeterThread: Thread started: S2 1-395
2026-10-06 09:04:06,739 INFO o.a.j.t.JMeterThread: Thread started: S2 1-396
2026-10-06 09:04:06,758 INFO o.a.j.t.JMeterThread: Thread started: S2 1-397
2026-10-06 09:04:06,779 INFO o.a.j.t.JMeterThread: Thread started: S2 1-398
2026-10-06 09:04:06,798 INFO o.a.j.t.JMeterThread: Thread started: S2 1-399
2026-10-06 09:04:06,819 INFO o.a.j.t.JMeterThread: Thread started: S2 1-400
2026-10-06 09:04:06,838 INFO o.a.j.t.JMeterThread: Thread started: S2 1-401
2026-10-06 09:04:06,859 INFO o.a.j.t.JMeterThread: Thread started: S2 1-402
2026-10-06 09:04:06,881 INFO o.a.j.t.JMeterThread: Thread started: S2 1-403
2026-10-06 09:04:06,899 INFO o.a.j.t.JMeterThread: Thread started: S2 1-404
2026-10-06 09:04:06,919 INFO o.a.j.t.JMeterThread: Thread started: S2 1-405
2026-10-06 09:04:06,938 INFO o.a.j.t.JMeterThread: Thread started: S2 1-406
2026-10-06 09:04:06,959 INFO o.a.j.t.JMeterThread: Thread started: S2 1-407
2026-10-06 09:04:06,979 INFO o.a.j.t.JMeterThread: Thread started: S2 1-408
2026-10-06 09:04:06,999 INFO o.a.j.t.JMeterThread: Thread started: S2 1-409
2026-10-06 09:04:07,020 INFO o.a.j.t.JMeterThread: Thread started: S2 1-410
2026-10-06 09:04:07,039 INFO o.a.j.t.JMeterThread: Thread started: S2 1-411
2026-10-06 09:04:07,060 INFO o.a.j.t.JMeterThread: Thread started: S2 1-412
2026-10-06 09:04:07,079 INFO o.a.j.t.JMeterThread: Thread started: S2 1-413
2026-10-06 09:04:07,099 INFO o.a.j.t.JMeterThread: Thread started: S2 1-414
2026-10-06 09:04:07,118 INFO o.a.j.t.JMeterThread: Thread started: S2 1-415
2026-10-06 09:04:07,139 INFO o.a.j.t.JMeterThread: Thread started: S2 1-416
2026-10-06 09:04:07,160 INFO o.a.j.t.JMeterThread: Thread started: S2 1-417
2026-10-06 09:04:07,178 INFO o.a.j.t.JMeterThread: Thread started: S2 1-418
2026-10-06 09:04:07,200 INFO o.a.j.t.JMeterThread: Thread started: S2 1-419
2026-10-06 09:04:07,218 INFO o.a.j.t.JMeterThread: Thread started: S2 1-420
2026-10-06 09:04:07,239 INFO o.a.j.t.JMeterThread: Thread started: S2 1-421
2026-10-06 09:04:07,259 INFO o.a.j.t.JMeterThread: Thread started: S2 1-422
2026-10-06 09:04:07,279 INFO o.a.j.t.JMeterThread: Thread started: S2 1-423
2026-10-06 09:04:07,299 INFO o.a.j.t.JMeterThread: Thread started: S2 1-424
2026-10-06 09:04:07,318 INFO o.a.j.t.JMeterThread: Thread started: S2 1-425
2026-10-06 09:04:07,340 INFO o.a.j.t.JMeterThread: Thread started: S2 1-426
2026-10-06 09:04:07,359 INFO o.a.j.t.JMeterThread: Thread started: S2 1-427
2026-10-06 09:04:07,379 INFO o.a.j.t.JMeterThread: Thread started: S2 1-428
2026-10-06 09:04:07,399 INFO o.a.j.t.JMeterThread: Thread started: S2 1-429
2026-10-06 09:04:07,424 INFO o.a.j.t.JMeterThread: Thread started: S2 1-430
2026-10-06 09:04:07,438 INFO o.a.j.t.JMeterThread: Thread started: S2 1-431
2026-10-06 09:04:07,459 INFO o.a.j.t.JMeterThread: Thread started: S2 1-432
2026-10-06 09:04:07,478 INFO o.a.j.t.JMeterThread: Thread started: S2 1-433
2026-10-06 09:04:07,499 INFO o.a.j.t.JMeterThread: Thread started: S2 1-434
2026-10-06 09:04:07,519 INFO o.a.j.t.JMeterThread: Thread started: S2 1-435
2026-10-06 09:04:07,538 INFO o.a.j.t.JMeterThread: Thread started: S2 1-436
2026-10-06 09:04:07,560 INFO o.a.j.t.JMeterThread: Thread started: S2 1-437
2026-10-06 09:04:07,579 INFO o.a.j.t.JMeterThread: Thread started: S2 1-438
2026-10-06 09:04:07,600 INFO o.a.j.t.JMeterThread: Thread started: S2 1-439
2026-10-06 09:04:07,619 INFO o.a.j.t.JMeterThread: Thread started: S2 1-440
2026-10-06 09:04:07,639 INFO o.a.j.t.JMeterThread: Thread started: S2 1-441
2026-10-06 09:04:07,659 INFO o.a.j.t.JMeterThread: Thread started: S2 1-442
2026-10-06 09:04:07,679 INFO o.a.j.t.JMeterThread: Thread started: S2 1-443
2026-10-06 09:04:07,699 INFO o.a.j.t.JMeterThread: Thread started: S2 1-444
2026-10-06 09:04:07,719 INFO o.a.j.t.JMeterThread: Thread started: S2 1-445
2026-10-06 09:04:07,739 INFO o.a.j.t.JMeterThread: Thread started: S2 1-446
2026-10-06 09:04:07,759 INFO o.a.j.t.JMeterThread: Thread started: S2 1-447
2026-10-06 09:04:07,778 INFO o.a.j.t.JMeterThread: Thread started: S2 1-448
2026-10-06 09:04:07,799 INFO o.a.j.t.JMeterThread: Thread started: S2 1-449
2026-10-06 09:04:07,819 INFO o.a.j.t.JMeterThread: Thread started: S2 1-450
2026-10-06 09:04:07,840 INFO o.a.j.t.JMeterThread: Thread started: S2 1-451
2026-10-06 09:04:07,859 INFO o.a.j.t.JMeterThread: Thread started: S2 1-452
2026-10-06 09:04:07,878 INFO o.a.j.t.JMeterThread: Thread started: S2 1-453
2026-10-06 09:04:07,900 INFO o.a.j.t.JMeterThread: Thread started: S2 1-454
2026-10-06 09:04:07,918 INFO o.a.j.t.JMeterThread: Thread started: S2 1-455
2026-10-06 09:04:07,939 INFO o.a.j.t.JMeterThread: Thread started: S2 1-456
2026-10-06 09:04:07,959 INFO o.a.j.t.JMeterThread: Thread started: S2 1-457
2026-10-06 09:04:07,978 INFO o.a.j.t.JMeterThread: Thread started: S2 1-458
2026-10-06 09:04:07,999 INFO o.a.j.t.JMeterThread: Thread started: S2 1-459
2026-10-06 09:04:08,019 INFO o.a.j.t.JMeterThread: Thread started: S2 1-460
2026-10-06 09:04:08,039 INFO o.a.j.t.JMeterThread: Thread started: S2 1-461
2026-10-06 09:04:08,059 INFO o.a.j.t.JMeterThread: Thread started: S2 1-462
2026-10-06 09:04:08,078 INFO o.a.j.t.JMeterThread: Thread started: S2 1-463
2026-10-06 09:04:08,099 INFO o.a.j.t.JMeterThread: Thread started: S2 1-464
2026-10-06 09:04:08,118 INFO o.a.j.t.JMeterThread: Thread started: S2 1-465
2026-10-06 09:04:08,140 INFO o.a.j.t.JMeterThread: Thread started: S2 1-466
2026-10-06 09:04:08,159 INFO o.a.j.t.JMeterThread: Thread started: S2 1-467
2026-10-06 09:04:08,179 INFO o.a.j.t.JMeterThread: Thread started: S2 1-468
2026-10-06 09:04:08,199 INFO o.a.j.t.JMeterThread: Thread started: S2 1-469
2026-10-06 09:04:08,220 INFO o.a.j.t.JMeterThread: Thread started: S2 1-470
2026-10-06 09:04:08,239 INFO o.a.j.t.JMeterThread: Thread started: S2 1-471
2026-10-06 09:04:08,259 INFO o.a.j.t.JMeterThread: Thread started: S2 1-472
2026-10-06 09:04:08,279 INFO o.a.j.t.JMeterThread: Thread started: S2 1-473
2026-10-06 09:04:08,299 INFO o.a.j.t.JMeterThread: Thread started: S2 1-474
2026-10-06 09:04:08,318 INFO o.a.j.t.JMeterThread: Thread started: S2 1-475
2026-10-06 09:04:08,339 INFO o.a.j.t.JMeterThread: Thread started: S2 1-476
2026-10-06 09:04:08,358 INFO o.a.j.t.JMeterThread: Thread started: S2 1-477
2026-10-06 09:04:08,379 INFO o.a.j.t.JMeterThread: Thread started: S2 1-478
2026-10-06 09:04:08,399 INFO o.a.j.t.JMeterThread: Thread started: S2 1-479
2026-10-06 09:04:08,419 INFO o.a.j.t.JMeterThread: Thread started: S2 1-480
2026-10-06 09:04:08,439 INFO o.a.j.t.JMeterThread: Thread started: S2 1-481
2026-10-06 09:04:08,460 INFO o.a.j.t.JMeterThread: Thread started: S2 1-482
2026-10-06 09:04:08,479 INFO o.a.j.t.JMeterThread: Thread started: S2 1-483
2026-10-06 09:04:08,499 INFO o.a.j.t.JMeterThread: Thread started: S2 1-484
2026-10-06 09:04:08,519 INFO o.a.j.t.JMeterThread: Thread started: S2 1-485
2026-10-06 09:04:08,540 INFO o.a.j.t.JMeterThread: Thread started: S2 1-486
2026-10-06 09:04:08,559 INFO o.a.j.t.JMeterThread: Thread started: S2 1-487
2026-10-06 09:04:08,579 INFO o.a.j.t.JMeterThread: Thread started: S2 1-488
2026-10-06 09:04:08,599 INFO o.a.j.t.JMeterThread: Thread started: S2 1-489
2026-10-06 09:04:08,620 INFO o.a.j.t.JMeterThread: Thread started: S2 1-490
2026-10-06 09:04:08,640 INFO o.a.j.t.JMeterThread: Thread started: S2 1-491
2026-10-06 09:04:08,658 INFO o.a.j.t.JMeterThread: Thread started: S2 1-492
2026-10-06 09:04:08,691 INFO o.a.j.t.JMeterThread: Thread started: S2 1-493
2026-10-06 09:04:08,700 INFO o.a.j.t.JMeterThread: Thread started: S2 1-494
2026-10-06 09:04:08,718 INFO o.a.j.t.JMeterThread: Thread started: S2 1-495
2026-10-06 09:04:08,739 INFO o.a.j.t.JMeterThread: Thread started: S2 1-496
2026-10-06 09:04:08,758 INFO o.a.j.t.JMeterThread: Thread started: S2 1-497
2026-10-06 09:04:08,780 INFO o.a.j.t.JMeterThread: Thread started: S2 1-498
2026-10-06 09:04:08,799 INFO o.a.j.t.JMeterThread: Thread started: S2 1-499
2026-10-06 09:04:08,819 INFO o.a.j.t.JMeterThread: Thread started: S2 1-500
2026-10-06 09:04:30,010 INFO o.a.j.r.Summariser: summary +   5945 in 00:00:30 =  198.2/s Avg:  2230 Min:   218 Max:  2877 Err:     0 (0.00%) Active: 500 Started: 500 Finished: 0
2026-10-06 09:04:30,010 INFO o.a.j.r.Summariser: summary =   6104 in 00:00:32 =  191.2/s Avg:  2176 Min:    20 Max:  2877 Err:     0 (0.00%)
2026-10-06 09:04:58,871 INFO o.a.j.t.JMeterThread: Stopping because end time detected by thread: S2 1-30
2026-10-06 09:04:58,871 INFO o.a.j.t.JMeterThread: Thread finished: S2 1-30
2026-10-06 09:04:58,872 INFO o.a.j.t.JMeterThread: Stopping because end time detected by thread: S2 1-49
2026-10-06 09:04:58,872 INFO o.a.j.t.JMeterThread: Thread finished: S2 1-49
2026-10-06 09:04:58,929 INFO o.a.j.t.JMeterThread: Stopping because end time detected by thread: S2 1-48
2026-10-06 09:04:58,929 INFO o.a.j.t.JMeterThread: Thread finished: S2 1-48
2026-10-06 09:04:58,944 INFO o.a.j.t.JMeterThread: Stopping because end time detected by thread: S2 1-62
2026-10-06 09:04:58,944 INFO o.a.j.t.JMeterThread: Thread finished: S2 1-62
2026-10-06 09:04:58,961 INFO o.a.j.t.JMeterThread: Stopping because end time detected by thread: S2 1-8
2026-10-06 09:04:58,961 INFO o.a.j.t.JMeterThread: Thread finished: S2 1-8
2026-10-06 09:04:58,971 INFO o.a.j.t.JMeterThread: Stopping because end time detected by thread: S2 1-35
2026-10-06 09:04:58,971 INFO o.a.j.t.JMeterThread: Thread finished: S2 1-35
2026-10-06 09:04:58,987 INFO o.a.j.t.JMeterThread: Stopping because end time detected by thread: S2 1-217
2026-10-06 09:04:58,987 INFO o.a.j.t.JMeterThread: Thread finished: S2 1-217
2026-10-06 09:04:59,002 INFO o.a.j.t.JMeterThread: Stopping because end time detected by thread: S2 1-139
2026-10-06 09:04:59,002 INFO o.a.j.t.JMeterThread: Thread finished: S2 1-139
2026-10-06 09:04:59,011 INFO o.a.j.t.JMeterThread: Stopping because end time detected by thread: S2 1-166
2026-10-06 09:04:59,011 INFO o.a.j.t.JMeterThread: Thread finished: S2 1-166
2026-10-06 09:04:59,015 INFO o.a.j.t.JMeterThread: Stopping because end time detected by thread: S2 1-180
2026-10-06 09:04:59,015 INFO o.a.j.t.JMeterThread: Thread finished: S2 1-180
2026-10-06 09:04:59,019 INFO o.a.j.t.JMeterThread: Stopping because end time detected by thread: S2 1-65
2026-10-06 09:04:59,020 INFO o.a.j.t.JMeterThread: Thread finished: S2 1-65
2026-10-06 09:04:59,039 INFO o.a.j.t.JMeterThread: Stopping because end time detected by thread: S2 1-175
2026-10-06 09:04:59,040 INFO o.a.j.t.JMeterThread: Thread finished: S2 1-175
2026-10-06 09:04:59,050 INFO o.a.j.t.JMeterThread: Stopping because end time detected by thread: S2 1-132
2026-10-06 09:04:59,051 INFO o.a.j.t.JMeterThread: Thread finished: S2 1-132
2026-10-06 09:04:59,053 INFO o.a.j.t.JMeterThread: Stopping because end time detected by thread: S2 1-363
2026-10-06 09:04:59,053 INFO o.a.j.t.JMeterThread: Thread finished: S2 1-363
2026-10-06 09:04:59,061 INFO o.a.j.t.JMeterThread: Stopping because end time detected by thread: S2 1-51
2026-10-06 09:04:59,061 INFO o.a.j.t.JMeterThread: Stopping because end time detected by thread: S2 1-136
2026-10-06 09:04:59,061 INFO o.a.j.t.JMeterThread: Thread finished: S2 1-51
2026-10-06 09:04:59,061 INFO o.a.j.t.JMeterThread: Thread finished: S2 1-136
2026-10-06 09:04:59,064 INFO o.a.j.t.JMeterThread: Stopping because end time detected by thread: S2 1-85
2026-10-06 09:04:59,064 INFO o.a.j.t.JMeterThread: Thread finished: S2 1-85
2026-10-06 09:04:59,071 INFO o.a.j.t.JMeterThread: Stopping because end time detected by thread: S2 1-126
2026-10-06 09:04:59,071 INFO o.a.j.t.JMeterThread: Thread finished: S2 1-126
2026-10-06 09:04:59,087 INFO o.a.j.t.JMeterThread: Stopping because end time detected by thread: S2 1-172
2026-10-06 09:04:59,087 INFO o.a.j.t.JMeterThread: Thread finished: S2 1-172
2026-10-06 09:04:59,089 INFO o.a.j.t.JMeterThread: Stopping because end time detected by thread: S2 1-360
2026-10-06 09:04:59,089 INFO o.a.j.t.JMeterThread: Thread finished: S2 1-360
2026-10-06 09:04:59,102 INFO o.a.j.t.JMeterThread: Stopping because end time detected by thread: S2 1-462
2026-10-06 09:04:59,103 INFO o.a.j.t.JMeterThread: Thread finished: S2 1-462
2026-10-06 09:04:59,108 INFO o.a.j.t.JMeterThread: Stopping because end time detected by thread: S2 1-364
2026-10-06 09:04:59,108 INFO o.a.j.t.JMeterThread: Thread finished: S2 1-364
2026-10-06 09:04:59,109 INFO o.a.j.t.JMeterThread: Stopping because end time detected by thread: S2 1-459
2026-10-06 09:04:59,109 INFO o.a.j.t.JMeterThread: Thread finished: S2 1-459
2026-10-06 09:04:59,110 INFO o.a.j.t.JMeterThread: Stopping because end time detected by thread: S2 1-102
2026-10-06 09:04:59,110 INFO o.a.j.t.JMeterThread: Thread finished: S2 1-102
2026-10-06 09:04:59,117 INFO o.a.j.t.JMeterThread: Stopping because end time detected by thread: S2 1-183
2026-10-06 09:04:59,117 INFO o.a.j.t.JMeterThread: Thread finished: S2 1-183
2026-10-06 09:04:59,126 INFO o.a.j.t.JMeterThread: Stopping because end time detected by thread: S2 1-282
2026-10-06 09:04:59,126 INFO o.a.j.t.JMeterThread: Thread finished: S2 1-282
2026-10-06 09:04:59,126 INFO o.a.j.t.JMeterThread: Stopping because end time detected by thread: S2 1-104
2026-10-06 09:04:59,126 INFO o.a.j.t.JMeterThread: Thread finished: S2 1-104
2026-10-06 09:04:59,132 INFO o.a.j.t.JMeterThread: Stopping because end time detected by thread: S2 1-64
2026-10-06 09:04:59,132 INFO o.a.j.t.JMeterThread: Thread finished: S2 1-64
2026-10-06 09:04:59,134 INFO o.a.j.t.JMeterThread: Stopping because end time detected by thread: S2 1-288
2026-10-06 09:04:59,134 INFO o.a.j.t.JMeterThread: Thread finished: S2 1-288
2026-10-06 09:04:59,144 INFO o.a.j.t.JMeterThread: Stopping because end time detected by thread: S2 1-362
2026-10-06 09:04:59,144 INFO o.a.j.t.JMeterThread: Thread finished: S2 1-362
2026-10-06 09:04:59,150 INFO o.a.j.t.JMeterThread: Stopping because end time detected by thread: S2 1-224
2026-10-06 09:04:59,150 INFO o.a.j.t.JMeterThread: Thread finished: S2 1-224
2026-10-06 09:04:59,152 INFO o.a.j.t.JMeterThread: Stopping because end time detected by thread: S2 1-468
2026-10-06 09:04:59,152 INFO o.a.j.t.JMeterThread: Thread finished: S2 1-468
2026-10-06 09:04:59,153 INFO o.a.j.t.JMeterThread: Stopping because end time detected by thread: S2 1-466
2026-10-06 09:04:59,153 INFO o.a.j.t.JMeterThread: Thread finished: S2 1-466
2026-10-06 09:04:59,157 INFO o.a.j.t.JMeterThread: Stopping because end time detected by thread: S2 1-91
2026-10-06 09:04:59,157 INFO o.a.j.t.JMeterThread: Thread finished: S2 1-91
2026-10-06 09:04:59,161 INFO o.a.j.t.JMeterThread: Stopping because end time detected by thread: S2 1-469
2026-10-06 09:04:59,161 INFO o.a.j.t.JMeterThread: Thread finished: S2 1-469
2026-10-06 09:04:59,163 INFO o.a.j.t.JMeterThread: Stopping because end time detected by thread: S2 1-50
2026-10-06 09:04:59,163 INFO o.a.j.t.JMeterThread: Thread finished: S2 1-50
2026-10-06 09:04:59,164 INFO o.a.j.t.JMeterThread: Stopping because end time detected by thread: S2 1-221
2026-10-06 09:04:59,164 INFO o.a.j.t.JMeterThread: Thread finished: S2 1-221
2026-10-06 09:04:59,169 INFO o.a.j.t.JMeterThread: Stopping because end time detected by thread: S2 1-371
2026-10-06 09:04:59,169 INFO o.a.j.t.JMeterThread: Thread finished: S2 1-371
2026-10-06 09:04:59,178 INFO o.a.j.t.JMeterThread: Stopping because end time detected by thread: S2 1-365
2026-10-06 09:04:59,178 INFO o.a.j.t.JMeterThread: Thread finished: S2 1-365
2026-10-06 09:04:59,187 INFO o.a.j.t.JMeterThread: Stopping because end time detected by thread: S2 1-108
2026-10-06 09:04:59,187 INFO o.a.j.t.JMeterThread: Thread finished: S2 1-108
2026-10-06 09:04:59,193 INFO o.a.j.t.JMeterThread: Stopping because end time detected by thread: S2 1-19
2026-10-06 09:04:59,193 INFO o.a.j.t.JMeterThread: Thread finished: S2 1-19
2026-10-06 09:04:59,194 INFO o.a.j.t.JMeterThread: Stopping because end time detected by thread: S2 1-227
2026-10-06 09:04:59,194 INFO o.a.j.t.JMeterThread: Thread finished: S2 1-227
2026-10-06 09:04:59,206 INFO o.a.j.t.JMeterThread: Stopping because end time detected by thread: S2 1-289
2026-10-06 09:04:59,207 INFO o.a.j.t.JMeterThread: Thread finished: S2 1-289
2026-10-06 09:04:59,207 INFO o.a.j.t.JMeterThread: Stopping because end time detected by thread: S2 1-463
2026-10-06 09:04:59,207 INFO o.a.j.t.JMeterThread: Thread finished: S2 1-463
2026-10-06 09:04:59,213 INFO o.a.j.t.JMeterThread: Stopping because end time detected by thread: S2 1-222
2026-10-06 09:04:59,214 INFO o.a.j.t.JMeterThread: Thread finished: S2 1-222
2026-10-06 09:04:59,215 INFO o.a.j.t.JMeterThread: Stopping because end time detected by thread: S2 1-292
2026-10-06 09:04:59,215 INFO o.a.j.t.JMeterThread: Thread finished: S2 1-292
2026-10-06 09:04:59,224 INFO o.a.j.t.JMeterThread: Stopping because end time detected by thread: S2 1-473
2026-10-06 09:04:59,224 INFO o.a.j.t.JMeterThread: Thread finished: S2 1-473
2026-10-06 09:04:59,237 INFO o.a.j.t.JMeterThread: Stopping because end time detected by thread: S2 1-14
2026-10-06 09:04:59,237 INFO o.a.j.t.JMeterThread: Thread finished: S2 1-14
2026-10-06 09:04:59,237 INFO o.a.j.t.JMeterThread: Stopping because end time detected by thread: S2 1-179
2026-10-06 09:04:59,238 INFO o.a.j.t.JMeterThread: Thread finished: S2 1-179
2026-10-06 09:04:59,240 INFO o.a.j.t.JMeterThread: Stopping because end time detected by thread: S2 1-16
2026-10-06 09:04:59,240 INFO o.a.j.t.JMeterThread: Thread finished: S2 1-16
2026-10-06 09:04:59,244 INFO o.a.j.t.JMeterThread: Stopping because end time detected by thread: S2 1-286
2026-10-06 09:04:59,244 INFO o.a.j.t.JMeterThread: Thread finished: S2 1-286
2026-10-06 09:04:59,254 INFO o.a.j.t.JMeterThread: Stopping because end time detected by thread: S2 1-10
2026-10-06 09:04:59,254 INFO o.a.j.t.JMeterThread: Thread finished: S2 1-10
2026-10-06 09:04:59,263 INFO o.a.j.t.JMeterThread: Stopping because end time detected by thread: S2 1-475
2026-10-06 09:04:59,263 INFO o.a.j.t.JMeterThread: Thread finished: S2 1-475
2026-10-06 09:04:59,265 INFO o.a.j.t.JMeterThread: Stopping because end time detected by thread: S2 1-367
2026-10-06 09:04:59,265 INFO o.a.j.t.JMeterThread: Thread finished: S2 1-367
2026-10-06 09:04:59,269 INFO o.a.j.t.JMeterThread: Stopping because end time detected by thread: S2 1-472
2026-10-06 09:04:59,269 INFO o.a.j.t.JMeterThread: Thread finished: S2 1-472
2026-10-06 09:04:59,273 INFO o.a.j.t.JMeterThread: Stopping because end time detected by thread: S2 1-88
2026-10-06 09:04:59,273 INFO o.a.j.t.JMeterThread: Thread finished: S2 1-88
2026-10-06 09:04:59,276 INFO o.a.j.t.JMeterThread: Stopping because end time detected by thread: S2 1-291
2026-10-06 09:04:59,276 INFO o.a.j.t.JMeterThread: Thread finished: S2 1-291
2026-10-06 09:04:59,277 INFO o.a.j.t.JMeterThread: Stopping because end time detected by thread: S2 1-361
2026-10-06 09:04:59,277 INFO o.a.j.t.JMeterThread: Thread finished: S2 1-361
2026-10-06 09:04:59,287 INFO o.a.j.t.JMeterThread: Stopping because end time detected by thread: S2 1-372
2026-10-06 09:04:59,287 INFO o.a.j.t.JMeterThread: Thread finished: S2 1-372
2026-10-06 09:04:59,294 INFO o.a.j.t.JMeterThread: Stopping because end time detected by thread: S2 1-130
2026-10-06 09:04:59,294 INFO o.a.j.t.JMeterThread: Thread finished: S2 1-130
2026-10-06 09:04:59,296 INFO o.a.j.t.JMeterThread: Stopping because end time detected by thread: S2 1-4
2026-10-06 09:04:59,296 INFO o.a.j.t.JMeterThread: Thread finished: S2 1-4
2026-10-06 09:04:59,297 INFO o.a.j.t.JMeterThread: Stopping because end time detected by thread: S2 1-109
2026-10-06 09:04:59,297 INFO o.a.j.t.JMeterThread: Thread finished: S2 1-109
2026-10-06 09:04:59,301 INFO o.a.j.t.JMeterThread: Stopping because end time detected by thread: S2 1-296
2026-10-06 09:04:59,302 INFO o.a.j.t.JMeterThread: Thread finished: S2 1-296
2026-10-06 09:04:59,314 INFO o.a.j.t.JMeterThread: Stopping because end time detected by thread: S2 1-481
2026-10-06 09:04:59,314 INFO o.a.j.t.JMeterThread: Thread finished: S2 1-481
2026-10-06 09:04:59,315 INFO o.a.j.t.JMeterThread: Stopping because end time detected by thread: S2 1-82
2026-10-06 09:04:59,315 INFO o.a.j.t.JMeterThread: Thread finished: S2 1-82
2026-10-06 09:04:59,321 INFO o.a.j.t.JMeterThread: Stopping because end time detected by thread: S2 1-141
2026-10-06 09:04:59,321 INFO o.a.j.t.JMeterThread: Thread finished: S2 1-141
2026-10-06 09:04:59,322 INFO o.a.j.t.JMeterThread: Stopping because end time detected by thread: S2 1-467
2026-10-06 09:04:59,322 INFO o.a.j.t.JMeterThread: Thread finished: S2 1-467
2026-10-06 09:04:59,323 INFO o.a.j.t.JMeterThread: Stopping because end time detected by thread: S2 1-366
2026-10-06 09:04:59,323 INFO o.a.j.t.JMeterThread: Thread finished: S2 1-366
2026-10-06 09:04:59,329 INFO o.a.j.t.JMeterThread: Stopping because end time detected by thread: S2 1-375
2026-10-06 09:04:59,329 INFO o.a.j.t.JMeterThread: Thread finished: S2 1-375
2026-10-06 09:04:59,331 INFO o.a.j.t.JMeterThread: Stopping because end time detected by thread: S2 1-143
2026-10-06 09:04:59,331 INFO o.a.j.t.JMeterThread: Thread finished: S2 1-143
2026-10-06 09:04:59,339 INFO o.a.j.t.JMeterThread: Stopping because end time detected by thread: S2 1-177
2026-10-06 09:04:59,339 INFO o.a.j.t.JMeterThread: Thread finished: S2 1-177
2026-10-06 09:04:59,346 INFO o.a.j.t.JMeterThread: Stopping because end time detected by thread: S2 1-228
2026-10-06 09:04:59,346 INFO o.a.j.t.JMeterThread: Thread finished: S2 1-228
2026-10-06 09:04:59,349 INFO o.a.j.t.JMeterThread: Stopping because end time detected by thread: S2 1-184
2026-10-06 09:04:59,349 INFO o.a.j.t.JMeterThread: Thread finished: S2 1-184
2026-10-06 09:04:59,351 INFO o.a.j.t.JMeterThread: Stopping because end time detected by thread: S2 1-368
2026-10-06 09:04:59,351 INFO o.a.j.t.JMeterThread: Thread finished: S2 1-368
2026-10-06 09:04:59,357 INFO o.a.j.t.JMeterThread: Stopping because end time detected by thread: S2 1-476
2026-10-06 09:04:59,357 INFO o.a.j.t.JMeterThread: Thread finished: S2 1-476
2026-10-06 09:04:59,360 INFO o.a.j.t.JMeterThread: Stopping because end time detected by thread: S2 1-15
2026-10-06 09:04:59,360 INFO o.a.j.t.JMeterThread: Thread finished: S2 1-15
2026-10-06 09:04:59,363 INFO o.a.j.t.JMeterThread: Stopping because end time detected by thread: S2 1-231
2026-10-06 09:04:59,363 INFO o.a.j.t.JMeterThread: Thread finished: S2 1-231
2026-10-06 09:04:59,367 INFO o.a.j.t.JMeterThread: Stopping because end time detected by thread: S2 1-474
2026-10-06 09:04:59,367 INFO o.a.j.t.JMeterThread: Thread finished: S2 1-474
2026-10-06 09:04:59,369 INFO o.a.j.t.JMeterThread: Stopping because end time detected by thread: S2 1-225
2026-10-06 09:04:59,369 INFO o.a.j.t.JMeterThread: Thread finished: S2 1-225
2026-10-06 09:04:59,375 INFO o.a.j.t.JMeterThread: Stopping because end time detected by thread: S2 1-373
2026-10-06 09:04:59,375 INFO o.a.j.t.JMeterThread: Stopping because end time detected by thread: S2 1-290
2026-10-06 09:04:59,375 INFO o.a.j.t.JMeterThread: Thread finished: S2 1-373
2026-10-06 09:04:59,375 INFO o.a.j.t.JMeterThread: Thread finished: S2 1-290
2026-10-06 09:04:59,377 INFO o.a.j.t.JMeterThread: Stopping because end time detected by thread: S2 1-485
2026-10-06 09:04:59,377 INFO o.a.j.t.JMeterThread: Thread finished: S2 1-485
2026-10-06 09:04:59,403 INFO o.a.j.t.JMeterThread: Stopping because end time detected by thread: S2 1-295
2026-10-06 09:04:59,403 INFO o.a.j.t.JMeterThread: Thread finished: S2 1-295
2026-10-06 09:04:59,408 INFO o.a.j.t.JMeterThread: Stopping because end time detected by thread: S2 1-293
2026-10-06 09:04:59,408 INFO o.a.j.t.JMeterThread: Thread finished: S2 1-293
2026-10-06 09:04:59,408 INFO o.a.j.t.JMeterThread: Stopping because end time detected by thread: S2 1-370
2026-10-06 09:04:59,408 INFO o.a.j.t.JMeterThread: Thread finished: S2 1-370
2026-10-06 09:04:59,413 INFO o.a.j.t.JMeterThread: Stopping because end time detected by thread: S2 1-376
2026-10-06 09:04:59,413 INFO o.a.j.t.JMeterThread: Thread finished: S2 1-376
2026-10-06 09:04:59,421 INFO o.a.j.t.JMeterThread: Stopping because end time detected by thread: S2 1-40
2026-10-06 09:04:59,421 INFO o.a.j.t.JMeterThread: Thread finished: S2 1-40
2026-10-06 09:04:59,422 INFO o.a.j.t.JMeterThread: Stopping because end time detected by thread: S2 1-278
2026-10-06 09:04:59,422 INFO o.a.j.t.JMeterThread: Thread finished: S2 1-278
2026-10-06 09:04:59,424 INFO o.a.j.t.JMeterThread: Stopping because end time detected by thread: S2 1-470
2026-10-06 09:04:59,425 INFO o.a.j.t.JMeterThread: Thread finished: S2 1-470
2026-10-06 09:04:59,437 INFO o.a.j.t.JMeterThread: Stopping because end time detected by thread: S2 1-66
2026-10-06 09:04:59,437 INFO o.a.j.t.JMeterThread: Thread finished: S2 1-66
2026-10-06 09:04:59,438 INFO o.a.j.t.JMeterThread: Stopping because end time detected by thread: S2 1-176
2026-10-06 09:04:59,438 INFO o.a.j.t.JMeterThread: Thread finished: S2 1-176
2026-10-06 09:04:59,442 INFO o.a.j.t.JMeterThread: Stopping because end time detected by thread: S2 1-71
2026-10-06 09:04:59,442 INFO o.a.j.t.JMeterThread: Thread finished: S2 1-71
2026-10-06 09:04:59,453 INFO o.a.j.t.JMeterThread: Stopping because end time detected by thread: S2 1-369
2026-10-06 09:04:59,453 INFO o.a.j.t.JMeterThread: Thread finished: S2 1-369
2026-10-06 09:04:59,453 INFO o.a.j.t.JMeterThread: Stopping because end time detected by thread: S2 1-29
2026-10-06 09:04:59,453 INFO o.a.j.t.JMeterThread: Thread finished: S2 1-29
2026-10-06 09:04:59,454 INFO o.a.j.t.JMeterThread: Stopping because end time detected by thread: S2 1-480
2026-10-06 09:04:59,454 INFO o.a.j.t.JMeterThread: Thread finished: S2 1-480
2026-10-06 09:04:59,463 INFO o.a.j.t.JMeterThread: Stopping because end time detected by thread: S2 1-478
2026-10-06 09:04:59,463 INFO o.a.j.t.JMeterThread: Thread finished: S2 1-478
2026-10-06 09:04:59,465 INFO o.a.j.t.JMeterThread: Stopping because end time detected by thread: S2 1-285
2026-10-06 09:04:59,465 INFO o.a.j.t.JMeterThread: Thread finished: S2 1-285
2026-10-06 09:04:59,466 INFO o.a.j.t.JMeterThread: Stopping because end time detected by thread: S2 1-140
2026-10-06 09:04:59,466 INFO o.a.j.t.JMeterThread: Thread finished: S2 1-140
2026-10-06 09:04:59,470 INFO o.a.j.t.JMeterThread: Stopping because end time detected by thread: S2 1-300
2026-10-06 09:04:59,470 INFO o.a.j.t.JMeterThread: Thread finished: S2 1-300
2026-10-06 09:04:59,472 INFO o.a.j.t.JMeterThread: Stopping because end time detected by thread: S2 1-226
2026-10-06 09:04:59,472 INFO o.a.j.t.JMeterThread: Thread finished: S2 1-226
2026-10-06 09:04:59,481 INFO o.a.j.t.JMeterThread: Stopping because end time detected by thread: S2 1-489
2026-10-06 09:04:59,481 INFO o.a.j.t.JMeterThread: Thread finished: S2 1-489
2026-10-06 09:04:59,484 INFO o.a.j.t.JMeterThread: Stopping because end time detected by thread: S2 1-115
2026-10-06 09:04:59,484 INFO o.a.j.t.JMeterThread: Thread finished: S2 1-115
2026-10-06 09:04:59,488 INFO o.a.j.t.JMeterThread: Stopping because end time detected by thread: S2 1-232
2026-10-06 09:04:59,488 INFO o.a.j.t.JMeterThread: Thread finished: S2 1-232
2026-10-06 09:04:59,494 INFO o.a.j.t.JMeterThread: Stopping because end time detected by thread: S2 1-84
2026-10-06 09:04:59,495 INFO o.a.j.t.JMeterThread: Thread finished: S2 1-84
2026-10-06 09:04:59,496 INFO o.a.j.t.JMeterThread: Stopping because end time detected by thread: S2 1-380
2026-10-06 09:04:59,497 INFO o.a.j.t.JMeterThread: Thread finished: S2 1-380
2026-10-06 09:04:59,502 INFO o.a.j.t.JMeterThread: Stopping because end time detected by thread: S2 1-9
2026-10-06 09:04:59,502 INFO o.a.j.t.JMeterThread: Thread finished: S2 1-9
2026-10-06 09:04:59,504 INFO o.a.j.t.JMeterThread: Stopping because end time detected by thread: S2 1-294
2026-10-06 09:04:59,504 INFO o.a.j.t.JMeterThread: Thread finished: S2 1-294
2026-10-06 09:04:59,506 INFO o.a.j.t.JMeterThread: Stopping because end time detected by thread: S2 1-145
2026-10-06 09:04:59,506 INFO o.a.j.t.JMeterThread: Thread finished: S2 1-145
2026-10-06 09:04:59,509 INFO o.a.j.t.JMeterThread: Stopping because end time detected by thread: S2 1-235
2026-10-06 09:04:59,510 INFO o.a.j.t.JMeterThread: Thread finished: S2 1-235
2026-10-06 09:04:59,514 INFO o.a.j.t.JMeterThread: Stopping because end time detected by thread: S2 1-492
2026-10-06 09:04:59,514 INFO o.a.j.t.JMeterThread: Thread finished: S2 1-492
2026-10-06 09:04:59,524 INFO o.a.j.t.JMeterThread: Stopping because end time detected by thread: S2 1-379
2026-10-06 09:04:59,524 INFO o.a.j.t.JMeterThread: Thread finished: S2 1-379
2026-10-06 09:04:59,534 INFO o.a.j.t.JMeterThread: Stopping because end time detected by thread: S2 1-482
2026-10-06 09:04:59,535 INFO o.a.j.t.JMeterThread: Thread finished: S2 1-482
2026-10-06 09:04:59,535 INFO o.a.j.t.JMeterThread: Stopping because end time detected by thread: S2 1-229
2026-10-06 09:04:59,535 INFO o.a.j.t.JMeterThread: Thread finished: S2 1-229
2026-10-06 09:04:59,540 INFO o.a.j.t.JMeterThread: Stopping because end time detected by thread: S2 1-170
2026-10-06 09:04:59,540 INFO o.a.j.t.JMeterThread: Thread finished: S2 1-170
2026-10-06 09:04:59,553 INFO o.a.j.t.JMeterThread: Stopping because end time detected by thread: S2 1-299
2026-10-06 09:04:59,553 INFO o.a.j.t.JMeterThread: Thread finished: S2 1-299
2026-10-06 09:04:59,556 INFO o.a.j.t.JMeterThread: Stopping because end time detected by thread: S2 1-304
2026-10-06 09:04:59,556 INFO o.a.j.t.JMeterThread: Thread finished: S2 1-304
2026-10-06 09:04:59,560 INFO o.a.j.t.JMeterThread: Stopping because end time detected by thread: S2 1-484
2026-10-06 09:04:59,560 INFO o.a.j.t.JMeterThread: Thread finished: S2 1-484
2026-10-06 09:04:59,565 INFO o.a.j.t.JMeterThread: Stopping because end time detected by thread: S2 1-374
2026-10-06 09:04:59,565 INFO o.a.j.t.JMeterThread: Thread finished: S2 1-374
2026-10-06 09:04:59,575 INFO o.a.j.t.JMeterThread: Stopping because end time detected by thread: S2 1-187
2026-10-06 09:04:59,575 INFO o.a.j.t.JMeterThread: Thread finished: S2 1-187
2026-10-06 09:04:59,576 INFO o.a.j.t.JMeterThread: Stopping because end time detected by thread: S2 1-174
2026-10-06 09:04:59,576 INFO o.a.j.t.JMeterThread: Thread finished: S2 1-174
2026-10-06 09:04:59,583 INFO o.a.j.t.JMeterThread: Stopping because end time detected by thread: S2 1-134
2026-10-06 09:04:59,583 INFO o.a.j.t.JMeterThread: Thread finished: S2 1-134
2026-10-06 09:04:59,584 INFO o.a.j.t.JMeterThread: Stopping because end time detected by thread: S2 1-26
2026-10-06 09:04:59,584 INFO o.a.j.t.JMeterThread: Thread finished: S2 1-26
2026-10-06 09:04:59,586 INFO o.a.j.t.JMeterThread: Stopping because end time detected by thread: S2 1-384
2026-10-06 09:04:59,586 INFO o.a.j.t.JMeterThread: Thread finished: S2 1-384
2026-10-06 09:04:59,594 INFO o.a.j.t.JMeterThread: Stopping because end time detected by thread: S2 1-106
2026-10-06 09:04:59,594 INFO o.a.j.t.JMeterThread: Thread finished: S2 1-106
2026-10-06 09:04:59,604 INFO o.a.j.t.JMeterThread: Stopping because end time detected by thread: S2 1-181
2026-10-06 09:04:59,604 INFO o.a.j.t.JMeterThread: Thread finished: S2 1-181
2026-10-06 09:04:59,605 INFO o.a.j.t.JMeterThread: Stopping because end time detected by thread: S2 1-113
2026-10-06 09:04:59,605 INFO o.a.j.t.JMeterThread: Thread finished: S2 1-113
2026-10-06 09:04:59,612 INFO o.a.j.t.JMeterThread: Stopping because end time detected by thread: S2 1-479
2026-10-06 09:04:59,612 INFO o.a.j.t.JMeterThread: Thread finished: S2 1-479
2026-10-06 09:04:59,615 INFO o.a.j.t.JMeterThread: Stopping because end time detected by thread: S2 1-488
2026-10-06 09:04:59,615 INFO o.a.j.t.JMeterThread: Thread finished: S2 1-488
2026-10-06 09:04:59,619 INFO o.a.j.t.JMeterThread: Stopping because end time detected by thread: S2 1-53
2026-10-06 09:04:59,619 INFO o.a.j.t.JMeterThread: Thread finished: S2 1-53
2026-10-06 09:04:59,625 INFO o.a.j.t.JMeterThread: Stopping because end time detected by thread: S2 1-7
2026-10-06 09:04:59,625 INFO o.a.j.t.JMeterThread: Thread finished: S2 1-7
2026-10-06 09:04:59,636 INFO o.a.j.t.JMeterThread: Stopping because end time detected by thread: S2 1-486
2026-10-06 09:04:59,637 INFO o.a.j.t.JMeterThread: Thread finished: S2 1-486
2026-10-06 09:04:59,639 INFO o.a.j.t.JMeterThread: Stopping because end time detected by thread: S2 1-55
2026-10-06 09:04:59,639 INFO o.a.j.t.JMeterThread: Thread finished: S2 1-55
2026-10-06 09:04:59,642 INFO o.a.j.t.JMeterThread: Stopping because end time detected by thread: S2 1-52
2026-10-06 09:04:59,642 INFO o.a.j.t.JMeterThread: Thread finished: S2 1-52
2026-10-06 09:04:59,643 INFO o.a.j.t.JMeterThread: Stopping because end time detected by thread: S2 1-236
2026-10-06 09:04:59,643 INFO o.a.j.t.JMeterThread: Thread finished: S2 1-236
2026-10-06 09:04:59,651 INFO o.a.j.t.JMeterThread: Stopping because end time detected by thread: S2 1-497
2026-10-06 09:04:59,651 INFO o.a.j.t.JMeterThread: Thread finished: S2 1-497
2026-10-06 09:04:59,654 INFO o.a.j.t.JMeterThread: Stopping because end time detected by thread: S2 1-147
2026-10-06 09:04:59,654 INFO o.a.j.t.JMeterThread: Thread finished: S2 1-147
2026-10-06 09:04:59,661 INFO o.a.j.t.JMeterThread: Stopping because end time detected by thread: S2 1-378
2026-10-06 09:04:59,661 INFO o.a.j.t.JMeterThread: Thread finished: S2 1-378
2026-10-06 09:04:59,662 INFO o.a.j.t.JMeterThread: Stopping because end time detected by thread: S2 1-388
2026-10-06 09:04:59,662 INFO o.a.j.t.JMeterThread: Thread finished: S2 1-388
2026-10-06 09:04:59,664 INFO o.a.j.t.JMeterThread: Stopping because end time detected by thread: S2 1-383
2026-10-06 09:04:59,664 INFO o.a.j.t.JMeterThread: Thread finished: S2 1-383
2026-10-06 09:04:59,677 INFO o.a.j.t.JMeterThread: Stopping because end time detected by thread: S2 1-483
2026-10-06 09:04:59,677 INFO o.a.j.t.JMeterThread: Thread finished: S2 1-483
2026-10-06 09:04:59,681 INFO o.a.j.t.JMeterThread: Stopping because end time detected by thread: S2 1-381
2026-10-06 09:04:59,681 INFO o.a.j.t.JMeterThread: Thread finished: S2 1-381
2026-10-06 09:04:59,687 INFO o.a.j.t.JMeterThread: Stopping because end time detected by thread: S2 1-188
2026-10-06 09:04:59,687 INFO o.a.j.t.JMeterThread: Thread finished: S2 1-188
2026-10-06 09:04:59,690 INFO o.a.j.t.JMeterThread: Stopping because end time detected by thread: S2 1-297
2026-10-06 09:04:59,691 INFO o.a.j.t.JMeterThread: Thread finished: S2 1-297
2026-10-06 09:04:59,691 INFO o.a.j.t.JMeterThread: Stopping because end time detected by thread: S2 1-377
2026-10-06 09:04:59,691 INFO o.a.j.t.JMeterThread: Thread finished: S2 1-377
2026-10-06 09:04:59,693 INFO o.a.j.t.JMeterThread: Stopping because end time detected by thread: S2 1-298
2026-10-06 09:04:59,693 INFO o.a.j.t.JMeterThread: Thread finished: S2 1-298
2026-10-06 09:04:59,708 INFO o.a.j.t.JMeterThread: Stopping because end time detected by thread: S2 1-95
2026-10-06 09:04:59,708 INFO o.a.j.t.JMeterThread: Thread finished: S2 1-95
2026-10-06 09:04:59,713 INFO o.a.j.t.JMeterThread: Stopping because end time detected by thread: S2 1-68
2026-10-06 09:04:59,713 INFO o.a.j.t.JMeterThread: Thread finished: S2 1-68
2026-10-06 09:04:59,718 INFO o.a.j.t.JMeterThread: Stopping because end time detected by thread: S2 1-311
2026-10-06 09:04:59,718 INFO o.a.j.t.JMeterThread: Thread finished: S2 1-311
2026-10-06 09:04:59,718 INFO o.a.j.t.JMeterThread: Stopping because end time detected by thread: S2 1-178
2026-10-06 09:04:59,718 INFO o.a.j.t.JMeterThread: Thread finished: S2 1-178
2026-10-06 09:04:59,726 INFO o.a.j.t.JMeterThread: Stopping because end time detected by thread: S2 1-303
2026-10-06 09:04:59,726 INFO o.a.j.t.JMeterThread: Thread finished: S2 1-303
2026-10-06 09:04:59,726 INFO o.a.j.t.JMeterThread: Stopping because end time detected by thread: S2 1-144
2026-10-06 09:04:59,726 INFO o.a.j.t.JMeterThread: Thread finished: S2 1-144
2026-10-06 09:04:59,728 INFO o.a.j.t.JMeterThread: Stopping because end time detected by thread: S2 1-69
2026-10-06 09:04:59,728 INFO o.a.j.t.JMeterThread: Thread finished: S2 1-69
2026-10-06 09:04:59,736 INFO o.a.j.t.JMeterThread: Stopping because end time detected by thread: S2 1-233
2026-10-06 09:04:59,736 INFO o.a.j.t.JMeterThread: Thread finished: S2 1-233
2026-10-06 09:04:59,741 INFO o.a.j.t.JMeterThread: Stopping because end time detected by thread: S2 1-487
2026-10-06 09:04:59,741 INFO o.a.j.t.JMeterThread: Thread finished: S2 1-487
2026-10-06 09:04:59,745 INFO o.a.j.t.JMeterThread: Stopping because end time detected by thread: S2 1-490
2026-10-06 09:04:59,745 INFO o.a.j.t.JMeterThread: Thread finished: S2 1-490
2026-10-06 09:04:59,746 INFO o.a.j.t.JMeterThread: Stopping because end time detected by thread: S2 1-149
2026-10-06 09:04:59,746 INFO o.a.j.t.JMeterThread: Thread finished: S2 1-149
2026-10-06 09:04:59,756 INFO o.a.j.t.JMeterThread: Stopping because end time detected by thread: S2 1-239
2026-10-06 09:04:59,756 INFO o.a.j.t.JMeterThread: Thread finished: S2 1-239
2026-10-06 09:04:59,767 INFO o.a.j.t.JMeterThread: Stopping because end time detected by thread: S2 1-493
2026-10-06 09:04:59,767 INFO o.a.j.t.JMeterThread: Thread finished: S2 1-493
2026-10-06 09:04:59,770 INFO o.a.j.t.JMeterThread: Stopping because end time detected by thread: S2 1-230
2026-10-06 09:04:59,771 INFO o.a.j.t.JMeterThread: Thread finished: S2 1-230
2026-10-06 09:04:59,780 INFO o.a.j.t.JMeterThread: Stopping because end time detected by thread: S2 1-392
2026-10-06 09:04:59,780 INFO o.a.j.t.JMeterThread: Thread finished: S2 1-392
2026-10-06 09:04:59,781 INFO o.a.j.t.JMeterThread: Stopping because end time detected by thread: S2 1-387
2026-10-06 09:04:59,781 INFO o.a.j.t.JMeterThread: Thread finished: S2 1-387
2026-10-06 09:04:59,794 INFO o.a.j.t.JMeterThread: Stopping because end time detected by thread: S2 1-385
2026-10-06 09:04:59,794 INFO o.a.j.t.JMeterThread: Thread finished: S2 1-385
2026-10-06 09:04:59,795 INFO o.a.j.t.JMeterThread: Stopping because end time detected by thread: S2 1-87
2026-10-06 09:04:59,795 INFO o.a.j.t.JMeterThread: Thread finished: S2 1-87
2026-10-06 09:04:59,801 INFO o.a.j.t.JMeterThread: Stopping because end time detected by thread: S2 1-112
2026-10-06 09:04:59,801 INFO o.a.j.t.JMeterThread: Thread finished: S2 1-112
2026-10-06 09:04:59,802 INFO o.a.j.t.JMeterThread: Stopping because end time detected by thread: S2 1-24
2026-10-06 09:04:59,802 INFO o.a.j.t.JMeterThread: Thread finished: S2 1-24
2026-10-06 09:04:59,805 INFO o.a.j.t.JMeterThread: Stopping because end time detected by thread: S2 1-119
2026-10-06 09:04:59,805 INFO o.a.j.t.JMeterThread: Thread finished: S2 1-119
2026-10-06 09:04:59,812 INFO o.a.j.t.JMeterThread: Stopping because end time detected by thread: S2 1-305
2026-10-06 09:04:59,813 INFO o.a.j.t.JMeterThread: Thread finished: S2 1-305
2026-10-06 09:04:59,820 INFO o.a.j.t.JMeterThread: Stopping because end time detected by thread: S2 1-308
2026-10-06 09:04:59,820 INFO o.a.j.t.JMeterThread: Thread finished: S2 1-308
2026-10-06 09:04:59,825 INFO o.a.j.t.JMeterThread: Stopping because end time detected by thread: S2 1-54
2026-10-06 09:04:59,825 INFO o.a.j.t.JMeterThread: Thread finished: S2 1-54
2026-10-06 09:04:59,833 INFO o.a.j.t.JMeterThread: Stopping because end time detected by thread: S2 1-240
2026-10-06 09:04:59,833 INFO o.a.j.t.JMeterThread: Thread finished: S2 1-240
2026-10-06 09:04:59,839 INFO o.a.j.t.JMeterThread: Stopping because end time detected by thread: S2 1-302
2026-10-06 09:04:59,839 INFO o.a.j.t.JMeterThread: Thread finished: S2 1-302
2026-10-06 09:04:59,842 INFO o.a.j.t.JMeterThread: Stopping because end time detected by thread: S2 1-237
2026-10-06 09:04:59,842 INFO o.a.j.t.JMeterThread: Thread finished: S2 1-237
2026-10-06 09:04:59,844 INFO o.a.j.t.JMeterThread: Stopping because end time detected by thread: S2 1-382
2026-10-06 09:04:59,844 INFO o.a.j.t.JMeterThread: Thread finished: S2 1-382
2026-10-06 09:04:59,855 INFO o.a.j.t.JMeterThread: Stopping because end time detected by thread: S2 1-491
2026-10-06 09:04:59,855 INFO o.a.j.t.JMeterThread: Stopping because end time detected by thread: S2 1-312
2026-10-06 09:04:59,855 INFO o.a.j.t.JMeterThread: Thread finished: S2 1-491
2026-10-06 09:04:59,855 INFO o.a.j.t.JMeterThread: Thread finished: S2 1-312
2026-10-06 09:04:59,870 INFO o.a.j.t.JMeterThread: Stopping because end time detected by thread: S2 1-301
2026-10-06 09:04:59,870 INFO o.a.j.t.JMeterThread: Thread finished: S2 1-301
2026-10-06 09:04:59,873 INFO o.a.j.t.JMeterThread: Stopping because end time detected by thread: S2 1-185
2026-10-06 09:04:59,873 INFO o.a.j.t.JMeterThread: Thread finished: S2 1-185
2026-10-06 09:04:59,882 INFO o.a.j.t.JMeterThread: Stopping because end time detected by thread: S2 1-93
2026-10-06 09:04:59,882 INFO o.a.j.t.JMeterThread: Thread finished: S2 1-93
2026-10-06 09:04:59,883 INFO o.a.j.t.JMeterThread: Stopping because end time detected by thread: S2 1-34
2026-10-06 09:04:59,884 INFO o.a.j.t.JMeterThread: Thread finished: S2 1-34
2026-10-06 09:04:59,894 INFO o.a.j.t.JMeterThread: Stopping because end time detected by thread: S2 1-192
2026-10-06 09:04:59,894 INFO o.a.j.t.JMeterThread: Thread finished: S2 1-192
2026-10-06 09:04:59,897 INFO o.a.j.t.JMeterThread: Stopping because end time detected by thread: S2 1-391
2026-10-06 09:04:59,897 INFO o.a.j.t.JMeterThread: Thread finished: S2 1-391
2026-10-06 09:04:59,907 INFO o.a.j.t.JMeterThread: Stopping because end time detected by thread: S2 1-138
2026-10-06 09:04:59,907 INFO o.a.j.t.JMeterThread: Thread finished: S2 1-138
2026-10-06 09:04:59,908 INFO o.a.j.t.JMeterThread: Stopping because end time detected by thread: S2 1-396
2026-10-06 09:04:59,908 INFO o.a.j.t.JMeterThread: Thread finished: S2 1-396
2026-10-06 09:04:59,910 INFO o.a.j.t.JMeterThread: Stopping because end time detected by thread: S2 1-386
2026-10-06 09:04:59,910 INFO o.a.j.t.JMeterThread: Thread finished: S2 1-386
2026-10-06 09:04:59,929 INFO o.a.j.t.JMeterThread: Stopping because end time detected by thread: S2 1-495
2026-10-06 09:04:59,929 INFO o.a.j.t.JMeterThread: Thread finished: S2 1-495
2026-10-06 09:04:59,940 INFO o.a.j.t.JMeterThread: Stopping because end time detected by thread: S2 1-23
2026-10-06 09:04:59,940 INFO o.a.j.t.JMeterThread: Thread finished: S2 1-23
2026-10-06 09:04:59,941 INFO o.a.j.t.JMeterThread: Stopping because end time detected by thread: S2 1-498
2026-10-06 09:04:59,941 INFO o.a.j.t.JMeterThread: Thread finished: S2 1-498
2026-10-06 09:04:59,942 INFO o.a.j.t.JMeterThread: Stopping because end time detected by thread: S2 1-117
2026-10-06 09:04:59,942 INFO o.a.j.t.JMeterThread: Thread finished: S2 1-117
2026-10-06 09:04:59,951 INFO o.a.j.t.JMeterThread: Stopping because end time detected by thread: S2 1-182
2026-10-06 09:04:59,951 INFO o.a.j.t.JMeterThread: Thread finished: S2 1-182
2026-10-06 09:04:59,952 INFO o.a.j.t.JMeterThread: Stopping because end time detected by thread: S2 1-316
2026-10-06 09:04:59,952 INFO o.a.j.t.JMeterThread: Thread finished: S2 1-316
2026-10-06 09:04:59,952 INFO o.a.j.t.JMeterThread: Stopping because end time detected by thread: S2 1-307
2026-10-06 09:04:59,952 INFO o.a.j.t.JMeterThread: Thread finished: S2 1-307
2026-10-06 09:04:59,959 INFO o.a.j.t.JMeterThread: Stopping because end time detected by thread: S2 1-39
2026-10-06 09:04:59,959 INFO o.a.j.t.JMeterThread: Thread finished: S2 1-39
2026-10-06 09:04:59,977 INFO o.a.j.t.JMeterThread: Stopping because end time detected by thread: S2 1-151
2026-10-06 09:04:59,977 INFO o.a.j.t.JMeterThread: Thread finished: S2 1-151
2026-10-06 09:04:59,981 INFO o.a.j.t.JMeterThread: Stopping because end time detected by thread: S2 1-389
2026-10-06 09:04:59,981 INFO o.a.j.t.JMeterThread: Thread finished: S2 1-389
2026-10-06 09:04:59,983 INFO o.a.j.t.JMeterThread: Stopping because end time detected by thread: S2 1-153
2026-10-06 09:04:59,983 INFO o.a.j.t.JMeterThread: Thread finished: S2 1-153
2026-10-06 09:04:59,990 INFO o.a.j.t.JMeterThread: Stopping because end time detected by thread: S2 1-500
2026-10-06 09:04:59,990 INFO o.a.j.t.JMeterThread: Thread finished: S2 1-500
2026-10-06 09:04:59,997 INFO o.a.j.t.JMeterThread: Stopping because end time detected by thread: S2 1-234
2026-10-06 09:04:59,997 INFO o.a.j.t.JMeterThread: Thread finished: S2 1-234
2026-10-06 09:05:00,006 INFO o.a.j.r.Summariser: summary +   6144 in 00:00:30 =  204.8/s Avg:  2573 Min:  2309 Max:  2988 Err:     0 (0.00%) Active: 303 Started: 500 Finished: 197
2026-10-06 09:05:00,007 INFO o.a.j.r.Summariser: summary =  12248 in 00:01:02 =  197.8/s Avg:  2375 Min:    20 Max:  2988 Err:     0 (0.00%)
2026-10-06 09:05:00,007 INFO o.a.j.t.JMeterThread: Stopping because end time detected by thread: S2 1-243
2026-10-06 09:05:00,007 INFO o.a.j.t.JMeterThread: Thread finished: S2 1-243
2026-10-06 09:05:00,011 INFO o.a.j.t.JMeterThread: Stopping because end time detected by thread: S2 1-400
2026-10-06 09:05:00,011 INFO o.a.j.t.JMeterThread: Thread finished: S2 1-400
2026-10-06 09:05:00,013 INFO o.a.j.t.JMeterThread: Stopping because end time detected by thread: S2 1-494
2026-10-06 09:05:00,013 INFO o.a.j.t.JMeterThread: Thread finished: S2 1-494
2026-10-06 09:05:00,016 INFO o.a.j.t.JMeterThread: Stopping because end time detected by thread: S2 1-32
2026-10-06 09:05:00,016 INFO o.a.j.t.JMeterThread: Thread finished: S2 1-32
2026-10-06 09:05:00,016 INFO o.a.j.t.JMeterThread: Stopping because end time detected by thread: S2 1-499
2026-10-06 09:05:00,016 INFO o.a.j.t.JMeterThread: Thread finished: S2 1-499
2026-10-06 09:05:00,020 INFO o.a.j.t.JMeterThread: Stopping because end time detected by thread: S2 1-393
2026-10-06 09:05:00,020 INFO o.a.j.t.JMeterThread: Thread finished: S2 1-393
2026-10-06 09:05:00,033 INFO o.a.j.t.JMeterThread: Stopping because end time detected by thread: S2 1-42
2026-10-06 09:05:00,033 INFO o.a.j.t.JMeterThread: Thread finished: S2 1-42
2026-10-06 09:05:00,039 INFO o.a.j.t.JMeterThread: Stopping because end time detected by thread: S2 1-41
2026-10-06 09:05:00,039 INFO o.a.j.t.JMeterThread: Thread finished: S2 1-41
2026-10-06 09:05:00,043 INFO o.a.j.t.JMeterThread: Stopping because end time detected by thread: S2 1-306
2026-10-06 09:05:00,043 INFO o.a.j.t.JMeterThread: Thread finished: S2 1-306
2026-10-06 09:05:00,051 INFO o.a.j.t.JMeterThread: Stopping because end time detected by thread: S2 1-191
2026-10-06 09:05:00,051 INFO o.a.j.t.JMeterThread: Thread finished: S2 1-191
2026-10-06 09:05:00,052 INFO o.a.j.t.JMeterThread: Stopping because end time detected by thread: S2 1-244
2026-10-06 09:05:00,052 INFO o.a.j.t.JMeterThread: Thread finished: S2 1-244
2026-10-06 09:05:00,059 INFO o.a.j.t.JMeterThread: Stopping because end time detected by thread: S2 1-148
2026-10-06 09:05:00,059 INFO o.a.j.t.JMeterThread: Thread finished: S2 1-148
2026-10-06 09:05:00,065 INFO o.a.j.t.JMeterThread: Stopping because end time detected by thread: S2 1-110
2026-10-06 09:05:00,065 INFO o.a.j.t.JMeterThread: Thread finished: S2 1-110
2026-10-06 09:05:00,066 INFO o.a.j.t.JMeterThread: Stopping because end time detected by thread: S2 1-123
2026-10-06 09:05:00,066 INFO o.a.j.t.JMeterThread: Thread finished: S2 1-123
2026-10-06 09:05:00,073 INFO o.a.j.t.JMeterThread: Stopping because end time detected by thread: S2 1-320
2026-10-06 09:05:00,073 INFO o.a.j.t.JMeterThread: Thread finished: S2 1-320
2026-10-06 09:05:00,079 INFO o.a.j.t.JMeterThread: Stopping because end time detected by thread: S2 1-404
2026-10-06 09:05:00,079 INFO o.a.j.t.JMeterThread: Thread finished: S2 1-404
2026-10-06 09:05:00,086 INFO o.a.j.t.JMeterThread: Stopping because end time detected by thread: S2 1-189
2026-10-06 09:05:00,087 INFO o.a.j.t.JMeterThread: Thread finished: S2 1-189
2026-10-06 09:05:00,087 INFO o.a.j.t.JMeterThread: Stopping because end time detected by thread: S2 1-199
2026-10-06 09:05:00,087 INFO o.a.j.t.JMeterThread: Thread finished: S2 1-199
2026-10-06 09:05:00,094 INFO o.a.j.t.JMeterThread: Stopping because end time detected by thread: S2 1-395
2026-10-06 09:05:00,094 INFO o.a.j.t.JMeterThread: Thread finished: S2 1-395
2026-10-06 09:05:00,097 INFO o.a.j.t.JMeterThread: Stopping because end time detected by thread: S2 1-70
2026-10-06 09:05:00,097 INFO o.a.j.t.JMeterThread: Thread finished: S2 1-70
2026-10-06 09:05:00,104 INFO o.a.j.t.JMeterThread: Stopping because end time detected by thread: S2 1-238
2026-10-06 09:05:00,105 INFO o.a.j.t.JMeterThread: Thread finished: S2 1-238
2026-10-06 09:05:00,107 INFO o.a.j.t.JMeterThread: Stopping because end time detected by thread: S2 1-73
2026-10-06 09:05:00,108 INFO o.a.j.t.JMeterThread: Thread finished: S2 1-73
2026-10-06 09:05:00,109 INFO o.a.j.t.JMeterThread: Stopping because end time detected by thread: S2 1-397
2026-10-06 09:05:00,109 INFO o.a.j.t.JMeterThread: Thread finished: S2 1-397
2026-10-06 09:05:00,118 INFO o.a.j.t.JMeterThread: Stopping because end time detected by thread: S2 1-496
2026-10-06 09:05:00,118 INFO o.a.j.t.JMeterThread: Thread finished: S2 1-496
2026-10-06 09:05:00,136 INFO o.a.j.t.JMeterThread: Stopping because end time detected by thread: S2 1-75
2026-10-06 09:05:00,136 INFO o.a.j.t.JMeterThread: Thread finished: S2 1-75
2026-10-06 09:05:00,140 INFO o.a.j.t.JMeterThread: Stopping because end time detected by thread: S2 1-142
2026-10-06 09:05:00,140 INFO o.a.j.t.JMeterThread: Thread finished: S2 1-142
2026-10-06 09:05:00,147 INFO o.a.j.t.JMeterThread: Stopping because end time detected by thread: S2 1-89
2026-10-06 09:05:00,147 INFO o.a.j.t.JMeterThread: Thread finished: S2 1-89
2026-10-06 09:05:00,149 INFO o.a.j.t.JMeterThread: Stopping because end time detected by thread: S2 1-43
2026-10-06 09:05:00,149 INFO o.a.j.t.JMeterThread: Thread finished: S2 1-43
2026-10-06 09:05:00,149 INFO o.a.j.t.JMeterThread: Stopping because end time detected by thread: S2 1-186
2026-10-06 09:05:00,149 INFO o.a.j.t.JMeterThread: Thread finished: S2 1-186
2026-10-06 09:05:00,157 INFO o.a.j.t.JMeterThread: Stopping because end time detected by thread: S2 1-6
2026-10-06 09:05:00,157 INFO o.a.j.t.JMeterThread: Thread finished: S2 1-6
2026-10-06 09:05:00,157 INFO o.a.j.t.JMeterThread: Stopping because end time detected by thread: S2 1-399
2026-10-06 09:05:00,157 INFO o.a.j.t.JMeterThread: Thread finished: S2 1-399
2026-10-06 09:05:00,163 INFO o.a.j.t.JMeterThread: Stopping because end time detected by thread: S2 1-241
2026-10-06 09:05:00,163 INFO o.a.j.t.JMeterThread: Thread finished: S2 1-241
2026-10-06 09:05:00,169 INFO o.a.j.t.JMeterThread: Stopping because end time detected by thread: S2 1-408
2026-10-06 09:05:00,169 INFO o.a.j.t.JMeterThread: Thread finished: S2 1-408
2026-10-06 09:05:00,169 INFO o.a.j.t.JMeterThread: Stopping because end time detected by thread: S2 1-310
2026-10-06 09:05:00,169 INFO o.a.j.t.JMeterThread: Thread finished: S2 1-310
2026-10-06 09:05:00,175 INFO o.a.j.t.JMeterThread: Stopping because end time detected by thread: S2 1-309
2026-10-06 09:05:00,175 INFO o.a.j.t.JMeterThread: Thread finished: S2 1-309
2026-10-06 09:05:00,176 INFO o.a.j.t.JMeterThread: Stopping because end time detected by thread: S2 1-155
2026-10-06 09:05:00,176 INFO o.a.j.t.JMeterThread: Thread finished: S2 1-155
2026-10-06 09:05:00,183 INFO o.a.j.t.JMeterThread: Stopping because end time detected by thread: S2 1-118
2026-10-06 09:05:00,184 INFO o.a.j.t.JMeterThread: Thread finished: S2 1-118
2026-10-06 09:05:00,190 INFO o.a.j.t.JMeterThread: Stopping because end time detected by thread: S2 1-157
2026-10-06 09:05:00,190 INFO o.a.j.t.JMeterThread: Thread finished: S2 1-157
2026-10-06 09:05:00,190 INFO o.a.j.t.JMeterThread: Stopping because end time detected by thread: S2 1-99
2026-10-06 09:05:00,191 INFO o.a.j.t.JMeterThread: Thread finished: S2 1-99
2026-10-06 09:05:00,198 INFO o.a.j.t.JMeterThread: Stopping because end time detected by thread: S2 1-248
2026-10-06 09:05:00,198 INFO o.a.j.t.JMeterThread: Thread finished: S2 1-248
2026-10-06 09:05:00,201 INFO o.a.j.t.JMeterThread: Stopping because end time detected by thread: S2 1-247
2026-10-06 09:05:00,201 INFO o.a.j.t.JMeterThread: Thread finished: S2 1-247
2026-10-06 09:05:00,207 INFO o.a.j.t.JMeterThread: Stopping because end time detected by thread: S2 1-31
2026-10-06 09:05:00,207 INFO o.a.j.t.JMeterThread: Thread finished: S2 1-31
2026-10-06 09:05:00,215 INFO o.a.j.t.JMeterThread: Stopping because end time detected by thread: S2 1-315
2026-10-06 09:05:00,215 INFO o.a.j.t.JMeterThread: Thread finished: S2 1-315
2026-10-06 09:05:00,217 INFO o.a.j.t.JMeterThread: Stopping because end time detected by thread: S2 1-57
2026-10-06 09:05:00,217 INFO o.a.j.t.JMeterThread: Thread finished: S2 1-57
2026-10-06 09:05:00,225 INFO o.a.j.t.JMeterThread: Stopping because end time detected by thread: S2 1-394
2026-10-06 09:05:00,225 INFO o.a.j.t.JMeterThread: Thread finished: S2 1-394
2026-10-06 09:05:00,228 INFO o.a.j.t.JMeterThread: Stopping because end time detected by thread: S2 1-401
2026-10-06 09:05:00,228 INFO o.a.j.t.JMeterThread: Thread finished: S2 1-401
2026-10-06 09:05:00,229 INFO o.a.j.t.JMeterThread: Stopping because end time detected by thread: S2 1-324
2026-10-06 09:05:00,229 INFO o.a.j.t.JMeterThread: Thread finished: S2 1-324
2026-10-06 09:05:00,238 INFO o.a.j.t.JMeterThread: Stopping because end time detected by thread: S2 1-412
2026-10-06 09:05:00,238 INFO o.a.j.t.JMeterThread: Stopping because end time detected by thread: S2 1-152
2026-10-06 09:05:00,238 INFO o.a.j.t.JMeterThread: Stopping because end time detected by thread: S2 1-403
2026-10-06 09:05:00,238 INFO o.a.j.t.JMeterThread: Thread finished: S2 1-412
2026-10-06 09:05:00,238 INFO o.a.j.t.JMeterThread: Thread finished: S2 1-152
2026-10-06 09:05:00,238 INFO o.a.j.t.JMeterThread: Thread finished: S2 1-403
2026-10-06 09:05:00,245 INFO o.a.j.t.JMeterThread: Stopping because end time detected by thread: S2 1-195
2026-10-06 09:05:00,245 INFO o.a.j.t.JMeterThread: Stopping because end time detected by thread: S2 1-127
2026-10-06 09:05:00,245 INFO o.a.j.t.JMeterThread: Thread finished: S2 1-195
2026-10-06 09:05:00,245 INFO o.a.j.t.JMeterThread: Thread finished: S2 1-127
2026-10-06 09:05:00,248 INFO o.a.j.t.JMeterThread: Stopping because end time detected by thread: S2 1-11
2026-10-06 09:05:00,248 INFO o.a.j.t.JMeterThread: Thread finished: S2 1-11
2026-10-06 09:05:00,255 INFO o.a.j.t.JMeterThread: Stopping because end time detected by thread: S2 1-196
2026-10-06 09:05:00,255 INFO o.a.j.t.JMeterThread: Thread finished: S2 1-196
2026-10-06 09:05:00,265 INFO o.a.j.t.JMeterThread: Stopping because end time detected by thread: S2 1-90
2026-10-06 09:05:00,266 INFO o.a.j.t.JMeterThread: Thread finished: S2 1-90
2026-10-06 09:05:00,268 INFO o.a.j.t.JMeterThread: Stopping because end time detected by thread: S2 1-3
2026-10-06 09:05:00,268 INFO o.a.j.t.JMeterThread: Thread finished: S2 1-3
2026-10-06 09:05:00,272 INFO o.a.j.t.JMeterThread: Stopping because end time detected by thread: S2 1-405
2026-10-06 09:05:00,272 INFO o.a.j.t.JMeterThread: Thread finished: S2 1-405
2026-10-06 09:05:00,274 INFO o.a.j.t.JMeterThread: Stopping because end time detected by thread: S2 1-255
2026-10-06 09:05:00,274 INFO o.a.j.t.JMeterThread: Thread finished: S2 1-255
2026-10-06 09:05:00,282 INFO o.a.j.t.JMeterThread: Stopping because end time detected by thread: S2 1-319
2026-10-06 09:05:00,282 INFO o.a.j.t.JMeterThread: Thread finished: S2 1-319
2026-10-06 09:05:00,285 INFO o.a.j.t.JMeterThread: Stopping because end time detected by thread: S2 1-200
2026-10-06 09:05:00,285 INFO o.a.j.t.JMeterThread: Thread finished: S2 1-200
2026-10-06 09:05:00,292 INFO o.a.j.t.JMeterThread: Stopping because end time detected by thread: S2 1-242
2026-10-06 09:05:00,292 INFO o.a.j.t.JMeterThread: Thread finished: S2 1-242
2026-10-06 09:05:00,293 INFO o.a.j.t.JMeterThread: Stopping because end time detected by thread: S2 1-56
2026-10-06 09:05:00,293 INFO o.a.j.t.JMeterThread: Thread finished: S2 1-56
2026-10-06 09:05:00,311 INFO o.a.j.t.JMeterThread: Stopping because end time detected by thread: S2 1-190
2026-10-06 09:05:00,311 INFO o.a.j.t.JMeterThread: Thread finished: S2 1-190
2026-10-06 09:05:00,314 INFO o.a.j.t.JMeterThread: Stopping because end time detected by thread: S2 1-193
2026-10-06 09:05:00,314 INFO o.a.j.t.JMeterThread: Thread finished: S2 1-193
2026-10-06 09:05:00,314 INFO o.a.j.t.JMeterThread: Stopping because end time detected by thread: S2 1-60
2026-10-06 09:05:00,314 INFO o.a.j.t.JMeterThread: Thread finished: S2 1-60
2026-10-06 09:05:00,316 INFO o.a.j.t.JMeterThread: Stopping because end time detected by thread: S2 1-416
2026-10-06 09:05:00,316 INFO o.a.j.t.JMeterThread: Thread finished: S2 1-416
2026-10-06 09:05:00,338 INFO o.a.j.t.JMeterThread: Stopping because end time detected by thread: S2 1-398
2026-10-06 09:05:00,338 INFO o.a.j.t.JMeterThread: Thread finished: S2 1-398
2026-10-06 09:05:00,339 INFO o.a.j.t.JMeterThread: Stopping because end time detected by thread: S2 1-407
2026-10-06 09:05:00,339 INFO o.a.j.t.JMeterThread: Thread finished: S2 1-407
2026-10-06 09:05:00,348 INFO o.a.j.t.JMeterThread: Stopping because end time detected by thread: S2 1-245
2026-10-06 09:05:00,348 INFO o.a.j.t.JMeterThread: Thread finished: S2 1-245
2026-10-06 09:05:00,351 INFO o.a.j.t.JMeterThread: Stopping because end time detected by thread: S2 1-97
2026-10-06 09:05:00,351 INFO o.a.j.t.JMeterThread: Thread finished: S2 1-97
2026-10-06 09:05:00,368 INFO o.a.j.t.JMeterThread: Stopping because end time detected by thread: S2 1-390
2026-10-06 09:05:00,368 INFO o.a.j.t.JMeterThread: Stopping because end time detected by thread: S2 1-314
2026-10-06 09:05:00,368 INFO o.a.j.t.JMeterThread: Thread finished: S2 1-390
2026-10-06 09:05:00,368 INFO o.a.j.t.JMeterThread: Thread finished: S2 1-314
2026-10-06 09:05:00,371 INFO o.a.j.t.JMeterThread: Stopping because end time detected by thread: S2 1-161
2026-10-06 09:05:00,371 INFO o.a.j.t.JMeterThread: Thread finished: S2 1-161
2026-10-06 09:05:00,377 INFO o.a.j.t.JMeterThread: Stopping because end time detected by thread: S2 1-409
2026-10-06 09:05:00,377 INFO o.a.j.t.JMeterThread: Thread finished: S2 1-409
2026-10-06 09:05:00,387 INFO o.a.j.t.JMeterThread: Stopping because end time detected by thread: S2 1-131
2026-10-06 09:05:00,387 INFO o.a.j.t.JMeterThread: Thread finished: S2 1-131
2026-10-06 09:05:00,387 INFO o.a.j.t.JMeterThread: Stopping because end time detected by thread: S2 1-251
2026-10-06 09:05:00,387 INFO o.a.j.t.JMeterThread: Thread finished: S2 1-251
2026-10-06 09:05:00,394 INFO o.a.j.t.JMeterThread: Stopping because end time detected by thread: S2 1-327
2026-10-06 09:05:00,394 INFO o.a.j.t.JMeterThread: Thread finished: S2 1-327
2026-10-06 09:05:00,397 INFO o.a.j.t.JMeterThread: Stopping because end time detected by thread: S2 1-33
2026-10-06 09:05:00,397 INFO o.a.j.t.JMeterThread: Thread finished: S2 1-33
2026-10-06 09:05:00,403 INFO o.a.j.t.JMeterThread: Stopping because end time detected by thread: S2 1-1
2026-10-06 09:05:00,403 INFO o.a.j.t.JMeterThread: Thread finished: S2 1-1
2026-10-06 09:05:00,410 INFO o.a.j.t.JMeterThread: Stopping because end time detected by thread: S2 1-411
2026-10-06 09:05:00,410 INFO o.a.j.t.JMeterThread: Thread finished: S2 1-411
2026-10-06 09:05:00,414 INFO o.a.j.t.JMeterThread: Stopping because end time detected by thread: S2 1-114
2026-10-06 09:05:00,414 INFO o.a.j.t.JMeterThread: Thread finished: S2 1-114
2026-10-06 09:05:00,416 INFO o.a.j.t.JMeterThread: Stopping because end time detected by thread: S2 1-256
2026-10-06 09:05:00,416 INFO o.a.j.t.JMeterThread: Thread finished: S2 1-256
2026-10-06 09:05:00,423 INFO o.a.j.t.JMeterThread: Stopping because end time detected by thread: S2 1-120
2026-10-06 09:05:00,423 INFO o.a.j.t.JMeterThread: Thread finished: S2 1-120
2026-10-06 09:05:00,438 INFO o.a.j.t.JMeterThread: Stopping because end time detected by thread: S2 1-22
2026-10-06 09:05:00,438 INFO o.a.j.t.JMeterThread: Thread finished: S2 1-22
2026-10-06 09:05:00,443 INFO o.a.j.t.JMeterThread: Stopping because end time detected by thread: S2 1-121
2026-10-06 09:05:00,443 INFO o.a.j.t.JMeterThread: Thread finished: S2 1-121
2026-10-06 09:05:00,446 INFO o.a.j.t.JMeterThread: Stopping because end time detected by thread: S2 1-402
2026-10-06 09:05:00,446 INFO o.a.j.t.JMeterThread: Thread finished: S2 1-402
2026-10-06 09:05:00,449 INFO o.a.j.t.JMeterThread: Stopping because end time detected by thread: S2 1-92
2026-10-06 09:05:00,449 INFO o.a.j.t.JMeterThread: Thread finished: S2 1-92
2026-10-06 09:05:00,453 INFO o.a.j.t.JMeterThread: Stopping because end time detected by thread: S2 1-146
2026-10-06 09:05:00,453 INFO o.a.j.t.JMeterThread: Thread finished: S2 1-146
2026-10-06 09:05:00,457 INFO o.a.j.t.JMeterThread: Stopping because end time detected by thread: S2 1-249
2026-10-06 09:05:00,457 INFO o.a.j.t.JMeterThread: Thread finished: S2 1-249
2026-10-06 09:05:00,460 INFO o.a.j.t.JMeterThread: Stopping because end time detected by thread: S2 1-323
2026-10-06 09:05:00,460 INFO o.a.j.t.JMeterThread: Thread finished: S2 1-323
2026-10-06 09:05:00,471 INFO o.a.j.t.JMeterThread: Stopping because end time detected by thread: S2 1-423
2026-10-06 09:05:00,472 INFO o.a.j.t.JMeterThread: Thread finished: S2 1-423
2026-10-06 09:05:00,478 INFO o.a.j.t.JMeterThread: Stopping because end time detected by thread: S2 1-413
2026-10-06 09:05:00,478 INFO o.a.j.t.JMeterThread: Thread finished: S2 1-413
2026-10-06 09:05:00,479 INFO o.a.j.t.JMeterThread: Stopping because end time detected by thread: S2 1-313
2026-10-06 09:05:00,479 INFO o.a.j.t.JMeterThread: Thread finished: S2 1-313
2026-10-06 09:05:00,481 INFO o.a.j.t.JMeterThread: Stopping because end time detected by thread: S2 1-204
2026-10-06 09:05:00,481 INFO o.a.j.t.JMeterThread: Stopping because end time detected by thread: S2 1-25
2026-10-06 09:05:00,481 INFO o.a.j.t.JMeterThread: Thread finished: S2 1-204
2026-10-06 09:05:00,481 INFO o.a.j.t.JMeterThread: Thread finished: S2 1-25
2026-10-06 09:05:00,488 INFO o.a.j.t.JMeterThread: Stopping because end time detected by thread: S2 1-406
2026-10-06 09:05:00,488 INFO o.a.j.t.JMeterThread: Thread finished: S2 1-406
2026-10-06 09:05:00,492 INFO o.a.j.t.JMeterThread: Stopping because end time detected by thread: S2 1-332
2026-10-06 09:05:00,492 INFO o.a.j.t.JMeterThread: Thread finished: S2 1-332
2026-10-06 09:05:00,492 INFO o.a.j.t.JMeterThread: Stopping because end time detected by thread: S2 1-58
2026-10-06 09:05:00,492 INFO o.a.j.t.JMeterThread: Thread finished: S2 1-58
2026-10-06 09:05:00,500 INFO o.a.j.t.JMeterThread: Stopping because end time detected by thread: S2 1-318
2026-10-06 09:05:00,500 INFO o.a.j.t.JMeterThread: Thread finished: S2 1-318
2026-10-06 09:05:00,508 INFO o.a.j.t.JMeterThread: Stopping because end time detected by thread: S2 1-322
2026-10-06 09:05:00,508 INFO o.a.j.t.JMeterThread: Thread finished: S2 1-322
2026-10-06 09:05:00,510 INFO o.a.j.t.JMeterThread: Stopping because end time detected by thread: S2 1-415
2026-10-06 09:05:00,510 INFO o.a.j.t.JMeterThread: Thread finished: S2 1-415
2026-10-06 09:05:00,517 INFO o.a.j.t.JMeterThread: Stopping because end time detected by thread: S2 1-78
2026-10-06 09:05:00,517 INFO o.a.j.t.JMeterThread: Thread finished: S2 1-78
2026-10-06 09:05:00,518 INFO o.a.j.t.JMeterThread: Stopping because end time detected by thread: S2 1-197
2026-10-06 09:05:00,519 INFO o.a.j.t.JMeterThread: Thread finished: S2 1-197
2026-10-06 09:05:00,522 INFO o.a.j.t.JMeterThread: Stopping because end time detected by thread: S2 1-246
2026-10-06 09:05:00,522 INFO o.a.j.t.JMeterThread: Thread finished: S2 1-246
2026-10-06 09:05:00,542 INFO o.a.j.t.JMeterThread: Stopping because end time detected by thread: S2 1-79
2026-10-06 09:05:00,542 INFO o.a.j.t.JMeterThread: Stopping because end time detected by thread: S2 1-156
2026-10-06 09:05:00,542 INFO o.a.j.t.JMeterThread: Thread finished: S2 1-79
2026-10-06 09:05:00,542 INFO o.a.j.t.JMeterThread: Thread finished: S2 1-156
2026-10-06 09:05:00,546 INFO o.a.j.t.JMeterThread: Stopping because end time detected by thread: S2 1-77
2026-10-06 09:05:00,546 INFO o.a.j.t.JMeterThread: Thread finished: S2 1-77
2026-10-06 09:05:00,547 INFO o.a.j.t.JMeterThread: Stopping because end time detected by thread: S2 1-410
2026-10-06 09:05:00,547 INFO o.a.j.t.JMeterThread: Thread finished: S2 1-410
2026-10-06 09:05:00,562 INFO o.a.j.t.JMeterThread: Stopping because end time detected by thread: S2 1-252
2026-10-06 09:05:00,562 INFO o.a.j.t.JMeterThread: Thread finished: S2 1-252
2026-10-06 09:05:00,567 INFO o.a.j.t.JMeterThread: Stopping because end time detected by thread: S2 1-194
2026-10-06 09:05:00,567 INFO o.a.j.t.JMeterThread: Thread finished: S2 1-194
2026-10-06 09:05:00,570 INFO o.a.j.t.JMeterThread: Stopping because end time detected by thread: S2 1-417
2026-10-06 09:05:00,570 INFO o.a.j.t.JMeterThread: Thread finished: S2 1-417
2026-10-06 09:05:00,573 INFO o.a.j.t.JMeterThread: Stopping because end time detected by thread: S2 1-424
2026-10-06 09:05:00,573 INFO o.a.j.t.JMeterThread: Thread finished: S2 1-424
2026-10-06 09:05:00,578 INFO o.a.j.t.JMeterThread: Stopping because end time detected by thread: S2 1-317
2026-10-06 09:05:00,578 INFO o.a.j.t.JMeterThread: Thread finished: S2 1-317
2026-10-06 09:05:00,593 INFO o.a.j.t.JMeterThread: Stopping because end time detected by thread: S2 1-72
2026-10-06 09:05:00,593 INFO o.a.j.t.JMeterThread: Thread finished: S2 1-72
2026-10-06 09:05:00,595 INFO o.a.j.t.JMeterThread: Stopping because end time detected by thread: S2 1-103
2026-10-06 09:05:00,595 INFO o.a.j.t.JMeterThread: Thread finished: S2 1-103
2026-10-06 09:05:00,596 INFO o.a.j.t.JMeterThread: Stopping because end time detected by thread: S2 1-253
2026-10-06 09:05:00,596 INFO o.a.j.t.JMeterThread: Thread finished: S2 1-253
2026-10-06 09:05:00,602 INFO o.a.j.t.JMeterThread: Stopping because end time detected by thread: S2 1-250
2026-10-06 09:05:00,603 INFO o.a.j.t.JMeterThread: Thread finished: S2 1-250
2026-10-06 09:05:00,612 INFO o.a.j.t.JMeterThread: Stopping because end time detected by thread: S2 1-125
2026-10-06 09:05:00,612 INFO o.a.j.t.JMeterThread: Thread finished: S2 1-125
2026-10-06 09:05:00,619 INFO o.a.j.t.JMeterThread: Stopping because end time detected by thread: S2 1-321
2026-10-06 09:05:00,619 INFO o.a.j.t.JMeterThread: Thread finished: S2 1-321
2026-10-06 09:05:00,623 INFO o.a.j.t.JMeterThread: Stopping because end time detected by thread: S2 1-419
2026-10-06 09:05:00,623 INFO o.a.j.t.JMeterThread: Thread finished: S2 1-419
2026-10-06 09:05:00,624 INFO o.a.j.t.JMeterThread: Stopping because end time detected by thread: S2 1-47
2026-10-06 09:05:00,624 INFO o.a.j.t.JMeterThread: Thread finished: S2 1-47
2026-10-06 09:05:00,625 INFO o.a.j.t.JMeterThread: Stopping because end time detected by thread: S2 1-5
2026-10-06 09:05:00,625 INFO o.a.j.t.JMeterThread: Thread finished: S2 1-5
2026-10-06 09:05:00,633 INFO o.a.j.t.JMeterThread: Stopping because end time detected by thread: S2 1-333
2026-10-06 09:05:00,633 INFO o.a.j.t.JMeterThread: Thread finished: S2 1-333
2026-10-06 09:05:00,633 INFO o.a.j.t.JMeterThread: Stopping because end time detected by thread: S2 1-325
2026-10-06 09:05:00,633 INFO o.a.j.t.JMeterThread: Thread finished: S2 1-325
2026-10-06 09:05:00,641 INFO o.a.j.t.JMeterThread: Stopping because end time detected by thread: S2 1-74
2026-10-06 09:05:00,641 INFO o.a.j.t.JMeterThread: Thread finished: S2 1-74
2026-10-06 09:05:00,648 INFO o.a.j.t.JMeterThread: Stopping because end time detected by thread: S2 1-208
2026-10-06 09:05:00,648 INFO o.a.j.t.JMeterThread: Thread finished: S2 1-208
2026-10-06 09:05:00,649 INFO o.a.j.t.JMeterThread: Stopping because end time detected by thread: S2 1-12
2026-10-06 09:05:00,649 INFO o.a.j.t.JMeterThread: Thread finished: S2 1-12
2026-10-06 09:05:00,652 INFO o.a.j.t.JMeterThread: Stopping because end time detected by thread: S2 1-203
2026-10-06 09:05:00,652 INFO o.a.j.t.JMeterThread: Thread finished: S2 1-203
2026-10-06 09:05:00,653 INFO o.a.j.t.JMeterThread: Stopping because end time detected by thread: S2 1-414
2026-10-06 09:05:00,653 INFO o.a.j.t.JMeterThread: Thread finished: S2 1-414
2026-10-06 09:05:00,656 INFO o.a.j.t.JMeterThread: Stopping because end time detected by thread: S2 1-431
2026-10-06 09:05:00,656 INFO o.a.j.t.JMeterThread: Thread finished: S2 1-431
2026-10-06 09:05:00,677 INFO o.a.j.t.JMeterThread: Stopping because end time detected by thread: S2 1-159
2026-10-06 09:05:00,677 INFO o.a.j.t.JMeterThread: Thread finished: S2 1-159
2026-10-06 09:05:00,677 INFO o.a.j.t.JMeterThread: Stopping because end time detected by thread: S2 1-433
2026-10-06 09:05:00,677 INFO o.a.j.t.JMeterThread: Thread finished: S2 1-433
2026-10-06 09:05:00,678 INFO o.a.j.t.JMeterThread: Stopping because end time detected by thread: S2 1-421
2026-10-06 09:05:00,678 INFO o.a.j.t.JMeterThread: Thread finished: S2 1-421
2026-10-06 09:05:00,682 INFO o.a.j.t.JMeterThread: Stopping because end time detected by thread: S2 1-198
2026-10-06 09:05:00,682 INFO o.a.j.t.JMeterThread: Thread finished: S2 1-198
2026-10-06 09:05:00,686 INFO o.a.j.t.JMeterThread: Stopping because end time detected by thread: S2 1-264
2026-10-06 09:05:00,686 INFO o.a.j.t.JMeterThread: Thread finished: S2 1-264
2026-10-06 09:05:00,688 INFO o.a.j.t.JMeterThread: Stopping because end time detected by thread: S2 1-201
2026-10-06 09:05:00,688 INFO o.a.j.t.JMeterThread: Thread finished: S2 1-201
2026-10-06 09:05:00,689 INFO o.a.j.t.JMeterThread: Stopping because end time detected by thread: S2 1-17
2026-10-06 09:05:00,689 INFO o.a.j.t.JMeterThread: Thread finished: S2 1-17
2026-10-06 09:05:00,689 INFO o.a.j.t.JMeterThread: Stopping because end time detected by thread: S2 1-260
2026-10-06 09:05:00,689 INFO o.a.j.t.JMeterThread: Thread finished: S2 1-260
2026-10-06 09:05:00,697 INFO o.a.j.t.JMeterThread: Stopping because end time detected by thread: S2 1-124
2026-10-06 09:05:00,697 INFO o.a.j.t.JMeterThread: Thread finished: S2 1-124
2026-10-06 09:05:00,705 INFO o.a.j.t.JMeterThread: Stopping because end time detected by thread: S2 1-165
2026-10-06 09:05:00,705 INFO o.a.j.t.JMeterThread: Thread finished: S2 1-165
2026-10-06 09:05:00,711 INFO o.a.j.t.JMeterThread: Stopping because end time detected by thread: S2 1-128
2026-10-06 09:05:00,711 INFO o.a.j.t.JMeterThread: Thread finished: S2 1-128
2026-10-06 09:05:00,711 INFO o.a.j.t.JMeterThread: Stopping because end time detected by thread: S2 1-331
2026-10-06 09:05:00,711 INFO o.a.j.t.JMeterThread: Thread finished: S2 1-331
2026-10-06 09:05:00,713 INFO o.a.j.t.JMeterThread: Stopping because end time detected by thread: S2 1-101
2026-10-06 09:05:00,713 INFO o.a.j.t.JMeterThread: Thread finished: S2 1-101
2026-10-06 09:05:00,720 INFO o.a.j.t.JMeterThread: Stopping because end time detected by thread: S2 1-418
2026-10-06 09:05:00,720 INFO o.a.j.t.JMeterThread: Thread finished: S2 1-418
2026-10-06 09:05:00,723 INFO o.a.j.t.JMeterThread: Stopping because end time detected by thread: S2 1-329
2026-10-06 09:05:00,723 INFO o.a.j.t.JMeterThread: Thread finished: S2 1-329
2026-10-06 09:05:00,733 INFO o.a.j.t.JMeterThread: Stopping because end time detected by thread: S2 1-420
2026-10-06 09:05:00,733 INFO o.a.j.t.JMeterThread: Thread finished: S2 1-420
2026-10-06 09:05:00,739 INFO o.a.j.t.JMeterThread: Stopping because end time detected by thread: S2 1-257
2026-10-06 09:05:00,739 INFO o.a.j.t.JMeterThread: Thread finished: S2 1-257
2026-10-06 09:05:00,742 INFO o.a.j.t.JMeterThread: Stopping because end time detected by thread: S2 1-340
2026-10-06 09:05:00,742 INFO o.a.j.t.JMeterThread: Thread finished: S2 1-340
2026-10-06 09:05:00,746 INFO o.a.j.t.JMeterThread: Stopping because end time detected by thread: S2 1-335
2026-10-06 09:05:00,746 INFO o.a.j.t.JMeterThread: Thread finished: S2 1-335
2026-10-06 09:05:00,747 INFO o.a.j.t.JMeterThread: Stopping because end time detected by thread: S2 1-435
2026-10-06 09:05:00,747 INFO o.a.j.t.JMeterThread: Thread finished: S2 1-435
2026-10-06 09:05:00,751 INFO o.a.j.t.JMeterThread: Stopping because end time detected by thread: S2 1-437
2026-10-06 09:05:00,751 INFO o.a.j.t.JMeterThread: Thread finished: S2 1-437
2026-10-06 09:05:00,761 INFO o.a.j.t.JMeterThread: Stopping because end time detected by thread: S2 1-160
2026-10-06 09:05:00,761 INFO o.a.j.t.JMeterThread: Thread finished: S2 1-160
2026-10-06 09:05:00,763 INFO o.a.j.t.JMeterThread: Stopping because end time detected by thread: S2 1-259
2026-10-06 09:05:00,763 INFO o.a.j.t.JMeterThread: Thread finished: S2 1-259
2026-10-06 09:05:00,772 INFO o.a.j.t.JMeterThread: Stopping because end time detected by thread: S2 1-271
2026-10-06 09:05:00,772 INFO o.a.j.t.JMeterThread: Thread finished: S2 1-271
2026-10-06 09:05:00,774 INFO o.a.j.t.JMeterThread: Stopping because end time detected by thread: S2 1-116
2026-10-06 09:05:00,774 INFO o.a.j.t.JMeterThread: Thread finished: S2 1-116
2026-10-06 09:05:00,780 INFO o.a.j.t.JMeterThread: Stopping because end time detected by thread: S2 1-328
2026-10-06 09:05:00,780 INFO o.a.j.t.JMeterThread: Thread finished: S2 1-328
2026-10-06 09:05:00,780 INFO o.a.j.t.JMeterThread: Stopping because end time detected by thread: S2 1-425
2026-10-06 09:05:00,780 INFO o.a.j.t.JMeterThread: Thread finished: S2 1-425
2026-10-06 09:05:00,788 INFO o.a.j.t.JMeterThread: Stopping because end time detected by thread: S2 1-94
2026-10-06 09:05:00,788 INFO o.a.j.t.JMeterThread: Thread finished: S2 1-94
2026-10-06 09:05:00,789 INFO o.a.j.t.JMeterThread: Stopping because end time detected by thread: S2 1-343
2026-10-06 09:05:00,789 INFO o.a.j.t.JMeterThread: Thread finished: S2 1-343
2026-10-06 09:05:00,797 INFO o.a.j.t.JMeterThread: Stopping because end time detected by thread: S2 1-262
2026-10-06 09:05:00,797 INFO o.a.j.t.JMeterThread: Thread finished: S2 1-262
2026-10-06 09:05:00,805 INFO o.a.j.t.JMeterThread: Stopping because end time detected by thread: S2 1-150
2026-10-06 09:05:00,805 INFO o.a.j.t.JMeterThread: Thread finished: S2 1-150
2026-10-06 09:05:00,811 INFO o.a.j.t.JMeterThread: Stopping because end time detected by thread: S2 1-129
2026-10-06 09:05:00,811 INFO o.a.j.t.JMeterThread: Thread finished: S2 1-129
2026-10-06 09:05:00,812 INFO o.a.j.t.JMeterThread: Stopping because end time detected by thread: S2 1-330
2026-10-06 09:05:00,812 INFO o.a.j.t.JMeterThread: Thread finished: S2 1-330
2026-10-06 09:05:00,816 INFO o.a.j.t.JMeterThread: Stopping because end time detected by thread: S2 1-96
2026-10-06 09:05:00,816 INFO o.a.j.t.JMeterThread: Thread finished: S2 1-96
2026-10-06 09:05:00,822 INFO o.a.j.t.JMeterThread: Stopping because end time detected by thread: S2 1-207
2026-10-06 09:05:00,822 INFO o.a.j.t.JMeterThread: Thread finished: S2 1-207
2026-10-06 09:05:00,825 INFO o.a.j.t.JMeterThread: Stopping because end time detected by thread: S2 1-344
2026-10-06 09:05:00,825 INFO o.a.j.t.JMeterThread: Thread finished: S2 1-344
2026-10-06 09:05:00,836 INFO o.a.j.t.JMeterThread: Stopping because end time detected by thread: S2 1-428
2026-10-06 09:05:00,836 INFO o.a.j.t.JMeterThread: Thread finished: S2 1-428
2026-10-06 09:05:00,839 INFO o.a.j.t.JMeterThread: Stopping because end time detected by thread: S2 1-422
2026-10-06 09:05:00,839 INFO o.a.j.t.JMeterThread: Thread finished: S2 1-422
2026-10-06 09:05:00,843 INFO o.a.j.t.JMeterThread: Stopping because end time detected by thread: S2 1-443
2026-10-06 09:05:00,843 INFO o.a.j.t.JMeterThread: Thread finished: S2 1-443
2026-10-06 09:05:00,844 INFO o.a.j.t.JMeterThread: Stopping because end time detected by thread: S2 1-427
2026-10-06 09:05:00,844 INFO o.a.j.t.JMeterThread: Thread finished: S2 1-427
2026-10-06 09:05:00,852 INFO o.a.j.t.JMeterThread: Stopping because end time detected by thread: S2 1-439
2026-10-06 09:05:00,853 INFO o.a.j.t.JMeterThread: Thread finished: S2 1-439
2026-10-06 09:05:00,855 INFO o.a.j.t.JMeterThread: Stopping because end time detected by thread: S2 1-163
2026-10-06 09:05:00,855 INFO o.a.j.t.JMeterThread: Thread finished: S2 1-163
2026-10-06 09:05:00,871 INFO o.a.j.t.JMeterThread: Stopping because end time detected by thread: S2 1-267
2026-10-06 09:05:00,871 INFO o.a.j.t.JMeterThread: Thread finished: S2 1-267
2026-10-06 09:05:00,871 INFO o.a.j.t.JMeterThread: Stopping because end time detected by thread: S2 1-261
2026-10-06 09:05:00,871 INFO o.a.j.t.JMeterThread: Thread finished: S2 1-261
2026-10-06 09:05:00,872 INFO o.a.j.t.JMeterThread: Stopping because end time detected by thread: S2 1-13
2026-10-06 09:05:00,872 INFO o.a.j.t.JMeterThread: Thread finished: S2 1-13
2026-10-06 09:05:00,879 INFO o.a.j.t.JMeterThread: Stopping because end time detected by thread: S2 1-254
2026-10-06 09:05:00,879 INFO o.a.j.t.JMeterThread: Thread finished: S2 1-254
2026-10-06 09:05:00,884 INFO o.a.j.t.JMeterThread: Stopping because end time detected by thread: S2 1-212
2026-10-06 09:05:00,884 INFO o.a.j.t.JMeterThread: Thread finished: S2 1-212
2026-10-06 09:05:00,884 INFO o.a.j.t.JMeterThread: Stopping because end time detected by thread: S2 1-205
2026-10-06 09:05:00,884 INFO o.a.j.t.JMeterThread: Thread finished: S2 1-205
2026-10-06 09:05:00,892 INFO o.a.j.t.JMeterThread: Stopping because end time detected by thread: S2 1-263
2026-10-06 09:05:00,893 INFO o.a.j.t.JMeterThread: Thread finished: S2 1-263
2026-10-06 09:05:00,895 INFO o.a.j.t.JMeterThread: Stopping because end time detected by thread: S2 1-28
2026-10-06 09:05:00,895 INFO o.a.j.t.JMeterThread: Thread finished: S2 1-28
2026-10-06 09:05:00,907 INFO o.a.j.t.JMeterThread: Stopping because end time detected by thread: S2 1-202
2026-10-06 09:05:00,907 INFO o.a.j.t.JMeterThread: Thread finished: S2 1-202
2026-10-06 09:05:00,911 INFO o.a.j.t.JMeterThread: Stopping because end time detected by thread: S2 1-44
2026-10-06 09:05:00,911 INFO o.a.j.t.JMeterThread: Thread finished: S2 1-44
2026-10-06 09:05:00,915 INFO o.a.j.t.JMeterThread: Stopping because end time detected by thread: S2 1-339
2026-10-06 09:05:00,915 INFO o.a.j.t.JMeterThread: Thread finished: S2 1-339
2026-10-06 09:05:00,920 INFO o.a.j.t.JMeterThread: Stopping because end time detected by thread: S2 1-265
2026-10-06 09:05:00,920 INFO o.a.j.t.JMeterThread: Thread finished: S2 1-265
2026-10-06 09:05:00,935 INFO o.a.j.t.JMeterThread: Stopping because end time detected by thread: S2 1-45
2026-10-06 09:05:00,935 INFO o.a.j.t.JMeterThread: Thread finished: S2 1-45
2026-10-06 09:05:00,939 INFO o.a.j.t.JMeterThread: Stopping because end time detected by thread: S2 1-341
2026-10-06 09:05:00,939 INFO o.a.j.t.JMeterThread: Thread finished: S2 1-341
2026-10-06 09:05:00,942 INFO o.a.j.t.JMeterThread: Stopping because end time detected by thread: S2 1-432
2026-10-06 09:05:00,942 INFO o.a.j.t.JMeterThread: Thread finished: S2 1-432
2026-10-06 09:05:00,948 INFO o.a.j.t.JMeterThread: Stopping because end time detected by thread: S2 1-426
2026-10-06 09:05:00,948 INFO o.a.j.t.JMeterThread: Thread finished: S2 1-426
2026-10-06 09:05:00,950 INFO o.a.j.t.JMeterThread: Stopping because end time detected by thread: S2 1-107
2026-10-06 09:05:00,950 INFO o.a.j.t.JMeterThread: Thread finished: S2 1-107
2026-10-06 09:05:00,955 INFO o.a.j.t.JMeterThread: Stopping because end time detected by thread: S2 1-164
2026-10-06 09:05:00,955 INFO o.a.j.t.JMeterThread: Thread finished: S2 1-164
2026-10-06 09:05:00,958 INFO o.a.j.t.JMeterThread: Stopping because end time detected by thread: S2 1-211
2026-10-06 09:05:00,958 INFO o.a.j.t.JMeterThread: Thread finished: S2 1-211
2026-10-06 09:05:00,961 INFO o.a.j.t.JMeterThread: Stopping because end time detected by thread: S2 1-337
2026-10-06 09:05:00,961 INFO o.a.j.t.JMeterThread: Thread finished: S2 1-337
2026-10-06 09:05:00,972 INFO o.a.j.t.JMeterThread: Stopping because end time detected by thread: S2 1-154
2026-10-06 09:05:00,972 INFO o.a.j.t.JMeterThread: Thread finished: S2 1-154
2026-10-06 09:05:00,975 INFO o.a.j.t.JMeterThread: Stopping because end time detected by thread: S2 1-272
2026-10-06 09:05:00,975 INFO o.a.j.t.JMeterThread: Thread finished: S2 1-272
2026-10-06 09:05:00,979 INFO o.a.j.t.JMeterThread: Stopping because end time detected by thread: S2 1-81
2026-10-06 09:05:00,979 INFO o.a.j.t.JMeterThread: Thread finished: S2 1-81
2026-10-06 09:05:00,991 INFO o.a.j.t.JMeterThread: Stopping because end time detected by thread: S2 1-445
2026-10-06 09:05:00,991 INFO o.a.j.t.JMeterThread: Thread finished: S2 1-445
2026-10-06 09:05:00,999 INFO o.a.j.t.JMeterThread: Stopping because end time detected by thread: S2 1-20
2026-10-06 09:05:01,000 INFO o.a.j.t.JMeterThread: Thread finished: S2 1-20
2026-10-06 09:05:01,006 INFO o.a.j.t.JMeterThread: Stopping because end time detected by thread: S2 1-429
2026-10-06 09:05:01,006 INFO o.a.j.t.JMeterThread: Thread finished: S2 1-429
2026-10-06 09:05:01,009 INFO o.a.j.t.JMeterThread: Stopping because end time detected by thread: S2 1-276
2026-10-06 09:05:01,009 INFO o.a.j.t.JMeterThread: Thread finished: S2 1-276
2026-10-06 09:05:01,009 INFO o.a.j.t.JMeterThread: Stopping because end time detected by thread: S2 1-76
2026-10-06 09:05:01,009 INFO o.a.j.t.JMeterThread: Thread finished: S2 1-76
2026-10-06 09:05:01,028 INFO o.a.j.t.JMeterThread: Stopping because end time detected by thread: S2 1-336
2026-10-06 09:05:01,028 INFO o.a.j.t.JMeterThread: Thread finished: S2 1-336
2026-10-06 09:05:01,030 INFO o.a.j.t.JMeterThread: Stopping because end time detected by thread: S2 1-105
2026-10-06 09:05:01,030 INFO o.a.j.t.JMeterThread: Thread finished: S2 1-105
2026-10-06 09:05:01,032 INFO o.a.j.t.JMeterThread: Stopping because end time detected by thread: S2 1-430
2026-10-06 09:05:01,032 INFO o.a.j.t.JMeterThread: Thread finished: S2 1-430
2026-10-06 09:05:01,035 INFO o.a.j.t.JMeterThread: Stopping because end time detected by thread: S2 1-83
2026-10-06 09:05:01,035 INFO o.a.j.t.JMeterThread: Thread finished: S2 1-83
2026-10-06 09:05:01,044 INFO o.a.j.t.JMeterThread: Stopping because end time detected by thread: S2 1-63
2026-10-06 09:05:01,045 INFO o.a.j.t.JMeterThread: Thread finished: S2 1-63
2026-10-06 09:05:01,045 INFO o.a.j.t.JMeterThread: Stopping because end time detected by thread: S2 1-451
2026-10-06 09:05:01,045 INFO o.a.j.t.JMeterThread: Thread finished: S2 1-451
2026-10-06 09:05:01,045 INFO o.a.j.t.JMeterThread: Stopping because end time detected by thread: S2 1-326
2026-10-06 09:05:01,046 INFO o.a.j.t.JMeterThread: Thread finished: S2 1-326
2026-10-06 09:05:01,055 INFO o.a.j.t.JMeterThread: Stopping because end time detected by thread: S2 1-352
2026-10-06 09:05:01,055 INFO o.a.j.t.JMeterThread: Thread finished: S2 1-352
2026-10-06 09:05:01,056 INFO o.a.j.t.JMeterThread: Stopping because end time detected by thread: S2 1-334
2026-10-06 09:05:01,056 INFO o.a.j.t.JMeterThread: Thread finished: S2 1-334
2026-10-06 09:05:01,064 INFO o.a.j.t.JMeterThread: Stopping because end time detected by thread: S2 1-436
2026-10-06 09:05:01,064 INFO o.a.j.t.JMeterThread: Thread finished: S2 1-436
2026-10-06 09:05:01,066 INFO o.a.j.t.JMeterThread: Stopping because end time detected by thread: S2 1-258
2026-10-06 09:05:01,066 INFO o.a.j.t.JMeterThread: Thread finished: S2 1-258
2026-10-06 09:05:01,070 INFO o.a.j.t.JMeterThread: Stopping because end time detected by thread: S2 1-133
2026-10-06 09:05:01,070 INFO o.a.j.t.JMeterThread: Thread finished: S2 1-133
2026-10-06 09:05:01,075 INFO o.a.j.t.JMeterThread: Stopping because end time detected by thread: S2 1-167
2026-10-06 09:05:01,075 INFO o.a.j.t.JMeterThread: Thread finished: S2 1-167
2026-10-06 09:05:01,083 INFO o.a.j.t.JMeterThread: Stopping because end time detected by thread: S2 1-216
2026-10-06 09:05:01,083 INFO o.a.j.t.JMeterThread: Thread finished: S2 1-216
2026-10-06 09:05:01,090 INFO o.a.j.t.JMeterThread: Stopping because end time detected by thread: S2 1-18
2026-10-06 09:05:01,090 INFO o.a.j.t.JMeterThread: Thread finished: S2 1-18
2026-10-06 09:05:01,093 INFO o.a.j.t.JMeterThread: Stopping because end time detected by thread: S2 1-59
2026-10-06 09:05:01,093 INFO o.a.j.t.JMeterThread: Thread finished: S2 1-59
2026-10-06 09:05:01,094 INFO o.a.j.t.JMeterThread: Stopping because end time detected by thread: S2 1-453
2026-10-06 09:05:01,094 INFO o.a.j.t.JMeterThread: Thread finished: S2 1-453
2026-10-06 09:05:01,098 INFO o.a.j.t.JMeterThread: Stopping because end time detected by thread: S2 1-268
2026-10-06 09:05:01,099 INFO o.a.j.t.JMeterThread: Thread finished: S2 1-268
2026-10-06 09:05:01,099 INFO o.a.j.t.JMeterThread: Stopping because end time detected by thread: S2 1-434
2026-10-06 09:05:01,099 INFO o.a.j.t.JMeterThread: Thread finished: S2 1-434
2026-10-06 09:05:01,107 INFO o.a.j.t.JMeterThread: Stopping because end time detected by thread: S2 1-206
2026-10-06 09:05:01,107 INFO o.a.j.t.JMeterThread: Thread finished: S2 1-206
2026-10-06 09:05:01,109 INFO o.a.j.t.JMeterThread: Stopping because end time detected by thread: S2 1-21
2026-10-06 09:05:01,109 INFO o.a.j.t.JMeterThread: Thread finished: S2 1-21
2026-10-06 09:05:01,113 INFO o.a.j.t.JMeterThread: Stopping because end time detected by thread: S2 1-162
2026-10-06 09:05:01,113 INFO o.a.j.t.JMeterThread: Thread finished: S2 1-162
2026-10-06 09:05:01,115 INFO o.a.j.t.JMeterThread: Stopping because end time detected by thread: S2 1-338
2026-10-06 09:05:01,115 INFO o.a.j.t.JMeterThread: Thread finished: S2 1-338
2026-10-06 09:05:01,118 INFO o.a.j.t.JMeterThread: Stopping because end time detected by thread: S2 1-46
2026-10-06 09:05:01,118 INFO o.a.j.t.JMeterThread: Thread finished: S2 1-46
2026-10-06 09:05:01,122 INFO o.a.j.t.JMeterThread: Stopping because end time detected by thread: S2 1-158
2026-10-06 09:05:01,122 INFO o.a.j.t.JMeterThread: Thread finished: S2 1-158
2026-10-06 09:05:01,124 INFO o.a.j.t.JMeterThread: Stopping because end time detected by thread: S2 1-269
2026-10-06 09:05:01,125 INFO o.a.j.t.JMeterThread: Thread finished: S2 1-269
2026-10-06 09:05:01,145 INFO o.a.j.t.JMeterThread: Stopping because end time detected by thread: S2 1-345
2026-10-06 09:05:01,145 INFO o.a.j.t.JMeterThread: Thread finished: S2 1-345
2026-10-06 09:05:01,145 INFO o.a.j.t.JMeterThread: Stopping because end time detected by thread: S2 1-273
2026-10-06 09:05:01,145 INFO o.a.j.t.JMeterThread: Thread finished: S2 1-273
2026-10-06 09:05:01,147 INFO o.a.j.t.JMeterThread: Stopping because end time detected by thread: S2 1-169
2026-10-06 09:05:01,148 INFO o.a.j.t.JMeterThread: Thread finished: S2 1-169
2026-10-06 09:05:01,150 INFO o.a.j.t.JMeterThread: Stopping because end time detected by thread: S2 1-98
2026-10-06 09:05:01,150 INFO o.a.j.t.JMeterThread: Thread finished: S2 1-98
2026-10-06 09:05:01,157 INFO o.a.j.t.JMeterThread: Stopping because end time detected by thread: S2 1-356
2026-10-06 09:05:01,157 INFO o.a.j.t.JMeterThread: Thread finished: S2 1-356
2026-10-06 09:05:01,161 INFO o.a.j.t.JMeterThread: Stopping because end time detected by thread: S2 1-438
2026-10-06 09:05:01,161 INFO o.a.j.t.JMeterThread: Thread finished: S2 1-438
2026-10-06 09:05:01,164 INFO o.a.j.t.JMeterThread: Stopping because end time detected by thread: S2 1-440
2026-10-06 09:05:01,164 INFO o.a.j.t.JMeterThread: Thread finished: S2 1-440
2026-10-06 09:05:01,169 INFO o.a.j.t.JMeterThread: Stopping because end time detected by thread: S2 1-122
2026-10-06 09:05:01,169 INFO o.a.j.t.JMeterThread: Thread finished: S2 1-122
2026-10-06 09:05:01,179 INFO o.a.j.t.JMeterThread: Stopping because end time detected by thread: S2 1-270
2026-10-06 09:05:01,179 INFO o.a.j.t.JMeterThread: Stopping because end time detected by thread: S2 1-214
2026-10-06 09:05:01,179 INFO o.a.j.t.JMeterThread: Thread finished: S2 1-270
2026-10-06 09:05:01,179 INFO o.a.j.t.JMeterThread: Thread finished: S2 1-214
2026-10-06 09:05:01,180 INFO o.a.j.t.JMeterThread: Stopping because end time detected by thread: S2 1-210
2026-10-06 09:05:01,180 INFO o.a.j.t.JMeterThread: Thread finished: S2 1-210
2026-10-06 09:05:01,188 INFO o.a.j.t.JMeterThread: Stopping because end time detected by thread: S2 1-36
2026-10-06 09:05:01,188 INFO o.a.j.t.JMeterThread: Thread finished: S2 1-36
2026-10-06 09:05:01,196 INFO o.a.j.t.JMeterThread: Stopping because end time detected by thread: S2 1-215
2026-10-06 09:05:01,196 INFO o.a.j.t.JMeterThread: Thread finished: S2 1-215
2026-10-06 09:05:01,197 INFO o.a.j.t.JMeterThread: Stopping because end time detected by thread: S2 1-349
2026-10-06 09:05:01,197 INFO o.a.j.t.JMeterThread: Thread finished: S2 1-349
2026-10-06 09:05:01,206 INFO o.a.j.t.JMeterThread: Stopping because end time detected by thread: S2 1-61
2026-10-06 09:05:01,206 INFO o.a.j.t.JMeterThread: Thread finished: S2 1-61
2026-10-06 09:05:01,211 INFO o.a.j.t.JMeterThread: Stopping because end time detected by thread: S2 1-457
2026-10-06 09:05:01,211 INFO o.a.j.t.JMeterThread: Thread finished: S2 1-457
2026-10-06 09:05:01,219 INFO o.a.j.t.JMeterThread: Stopping because end time detected by thread: S2 1-351
2026-10-06 09:05:01,219 INFO o.a.j.t.JMeterThread: Thread finished: S2 1-351
2026-10-06 09:05:01,220 INFO o.a.j.t.JMeterThread: Stopping because end time detected by thread: S2 1-100
2026-10-06 09:05:01,220 INFO o.a.j.t.JMeterThread: Thread finished: S2 1-100
2026-10-06 09:05:01,224 INFO o.a.j.t.JMeterThread: Stopping because end time detected by thread: S2 1-342
2026-10-06 09:05:01,224 INFO o.a.j.t.JMeterThread: Thread finished: S2 1-342
2026-10-06 09:05:01,227 INFO o.a.j.t.JMeterThread: Stopping because end time detected by thread: S2 1-444
2026-10-06 09:05:01,227 INFO o.a.j.t.JMeterThread: Thread finished: S2 1-444
2026-10-06 09:05:01,237 INFO o.a.j.t.JMeterThread: Stopping because end time detected by thread: S2 1-173
2026-10-06 09:05:01,238 INFO o.a.j.t.JMeterThread: Thread finished: S2 1-173
2026-10-06 09:05:01,239 INFO o.a.j.t.JMeterThread: Stopping because end time detected by thread: S2 1-347
2026-10-06 09:05:01,239 INFO o.a.j.t.JMeterThread: Thread finished: S2 1-347
2026-10-06 09:05:01,242 INFO o.a.j.t.JMeterThread: Stopping because end time detected by thread: S2 1-135
2026-10-06 09:05:01,242 INFO o.a.j.t.JMeterThread: Thread finished: S2 1-135
2026-10-06 09:05:01,246 INFO o.a.j.t.JMeterThread: Stopping because end time detected by thread: S2 1-280
2026-10-06 09:05:01,246 INFO o.a.j.t.JMeterThread: Thread finished: S2 1-280
2026-10-06 09:05:01,249 INFO o.a.j.t.JMeterThread: Stopping because end time detected by thread: S2 1-449
2026-10-06 09:05:01,249 INFO o.a.j.t.JMeterThread: Thread finished: S2 1-449
2026-10-06 09:05:01,254 INFO o.a.j.t.JMeterThread: Stopping because end time detected by thread: S2 1-441
2026-10-06 09:05:01,254 INFO o.a.j.t.JMeterThread: Thread finished: S2 1-441
2026-10-06 09:05:01,254 INFO o.a.j.t.JMeterThread: Stopping because end time detected by thread: S2 1-220
2026-10-06 09:05:01,254 INFO o.a.j.t.JMeterThread: Thread finished: S2 1-220
2026-10-06 09:05:01,271 INFO o.a.j.t.JMeterThread: Stopping because end time detected by thread: S2 1-448
2026-10-06 09:05:01,271 INFO o.a.j.t.JMeterThread: Thread finished: S2 1-448
2026-10-06 09:05:01,272 INFO o.a.j.t.JMeterThread: Stopping because end time detected by thread: S2 1-284
2026-10-06 09:05:01,272 INFO o.a.j.t.JMeterThread: Thread finished: S2 1-284
2026-10-06 09:05:01,275 INFO o.a.j.t.JMeterThread: Stopping because end time detected by thread: S2 1-38
2026-10-06 09:05:01,276 INFO o.a.j.t.JMeterThread: Thread finished: S2 1-38
2026-10-06 09:05:01,276 INFO o.a.j.t.JMeterThread: Stopping because end time detected by thread: S2 1-2
2026-10-06 09:05:01,276 INFO o.a.j.t.JMeterThread: Thread finished: S2 1-2
2026-10-06 09:05:01,285 INFO o.a.j.t.JMeterThread: Stopping because end time detected by thread: S2 1-86
2026-10-06 09:05:01,286 INFO o.a.j.t.JMeterThread: Thread finished: S2 1-86
2026-10-06 09:05:01,286 INFO o.a.j.t.JMeterThread: Stopping because end time detected by thread: S2 1-461
2026-10-06 09:05:01,286 INFO o.a.j.t.JMeterThread: Thread finished: S2 1-461
2026-10-06 09:05:01,288 INFO o.a.j.t.JMeterThread: Stopping because end time detected by thread: S2 1-27
2026-10-06 09:05:01,288 INFO o.a.j.t.JMeterThread: Thread finished: S2 1-27
2026-10-06 09:05:01,294 INFO o.a.j.t.JMeterThread: Stopping because end time detected by thread: S2 1-465
2026-10-06 09:05:01,294 INFO o.a.j.t.JMeterThread: Thread finished: S2 1-465
2026-10-06 09:05:01,294 INFO o.a.j.t.JMeterThread: Stopping because end time detected by thread: S2 1-219
2026-10-06 09:05:01,294 INFO o.a.j.t.JMeterThread: Thread finished: S2 1-219
2026-10-06 09:05:01,301 INFO o.a.j.t.JMeterThread: Stopping because end time detected by thread: S2 1-348
2026-10-06 09:05:01,301 INFO o.a.j.t.JMeterThread: Thread finished: S2 1-348
2026-10-06 09:05:01,312 INFO o.a.j.t.JMeterThread: Stopping because end time detected by thread: S2 1-218
2026-10-06 09:05:01,312 INFO o.a.j.t.JMeterThread: Thread finished: S2 1-218
2026-10-06 09:05:01,318 INFO o.a.j.t.JMeterThread: Stopping because end time detected by thread: S2 1-446
2026-10-06 09:05:01,318 INFO o.a.j.t.JMeterThread: Thread finished: S2 1-446
2026-10-06 09:05:01,324 INFO o.a.j.t.JMeterThread: Stopping because end time detected by thread: S2 1-277
2026-10-06 09:05:01,324 INFO o.a.j.t.JMeterThread: Thread finished: S2 1-277
2026-10-06 09:05:01,325 INFO o.a.j.t.JMeterThread: Stopping because end time detected by thread: S2 1-447
2026-10-06 09:05:01,325 INFO o.a.j.t.JMeterThread: Thread finished: S2 1-447
2026-10-06 09:05:01,328 INFO o.a.j.t.JMeterThread: Stopping because end time detected by thread: S2 1-346
2026-10-06 09:05:01,329 INFO o.a.j.t.JMeterThread: Thread finished: S2 1-346
2026-10-06 09:05:01,334 INFO o.a.j.t.JMeterThread: Stopping because end time detected by thread: S2 1-353
2026-10-06 09:05:01,334 INFO o.a.j.t.JMeterThread: Thread finished: S2 1-353
2026-10-06 09:05:01,347 INFO o.a.j.t.JMeterThread: Stopping because end time detected by thread: S2 1-355
2026-10-06 09:05:01,347 INFO o.a.j.t.JMeterThread: Thread finished: S2 1-355
2026-10-06 09:05:01,348 INFO o.a.j.t.JMeterThread: Stopping because end time detected by thread: S2 1-452
2026-10-06 09:05:01,348 INFO o.a.j.t.JMeterThread: Thread finished: S2 1-452
2026-10-06 09:05:01,353 INFO o.a.j.t.JMeterThread: Stopping because end time detected by thread: S2 1-266
2026-10-06 09:05:01,353 INFO o.a.j.t.JMeterThread: Thread finished: S2 1-266
2026-10-06 09:05:01,359 INFO o.a.j.t.JMeterThread: Stopping because end time detected by thread: S2 1-279
2026-10-06 09:05:01,359 INFO o.a.j.t.JMeterThread: Thread finished: S2 1-279
2026-10-06 09:05:01,365 INFO o.a.j.t.JMeterThread: Stopping because end time detected by thread: S2 1-213
2026-10-06 09:05:01,365 INFO o.a.j.t.JMeterThread: Thread finished: S2 1-213
2026-10-06 09:05:01,380 INFO o.a.j.t.JMeterThread: Stopping because end time detected by thread: S2 1-137
2026-10-06 09:05:01,380 INFO o.a.j.t.JMeterThread: Thread finished: S2 1-137
2026-10-06 09:05:01,382 INFO o.a.j.t.JMeterThread: Stopping because end time detected by thread: S2 1-37
2026-10-06 09:05:01,382 INFO o.a.j.t.JMeterThread: Thread finished: S2 1-37
2026-10-06 09:05:01,389 INFO o.a.j.t.JMeterThread: Stopping because end time detected by thread: S2 1-67
2026-10-06 09:05:01,389 INFO o.a.j.t.JMeterThread: Thread finished: S2 1-67
2026-10-06 09:05:01,410 INFO o.a.j.t.JMeterThread: Stopping because end time detected by thread: S2 1-80
2026-10-06 09:05:01,410 INFO o.a.j.t.JMeterThread: Thread finished: S2 1-80
2026-10-06 09:05:01,411 INFO o.a.j.t.JMeterThread: Stopping because end time detected by thread: S2 1-275
2026-10-06 09:05:01,411 INFO o.a.j.t.JMeterThread: Thread finished: S2 1-275
2026-10-06 09:05:01,413 INFO o.a.j.t.JMeterThread: Stopping because end time detected by thread: S2 1-171
2026-10-06 09:05:01,414 INFO o.a.j.t.JMeterThread: Thread finished: S2 1-171
2026-10-06 09:05:01,426 INFO o.a.j.t.JMeterThread: Stopping because end time detected by thread: S2 1-456
2026-10-06 09:05:01,426 INFO o.a.j.t.JMeterThread: Thread finished: S2 1-456
2026-10-06 09:05:01,430 INFO o.a.j.t.JMeterThread: Stopping because end time detected by thread: S2 1-209
2026-10-06 09:05:01,431 INFO o.a.j.t.JMeterThread: Thread finished: S2 1-209
2026-10-06 09:05:01,443 INFO o.a.j.t.JMeterThread: Stopping because end time detected by thread: S2 1-168
2026-10-06 09:05:01,443 INFO o.a.j.t.JMeterThread: Thread finished: S2 1-168
2026-10-06 09:05:01,444 INFO o.a.j.t.JMeterThread: Stopping because end time detected by thread: S2 1-111
2026-10-06 09:05:01,444 INFO o.a.j.t.JMeterThread: Thread finished: S2 1-111
2026-10-06 09:05:01,452 INFO o.a.j.t.JMeterThread: Stopping because end time detected by thread: S2 1-450
2026-10-06 09:05:01,452 INFO o.a.j.t.JMeterThread: Thread finished: S2 1-450
2026-10-06 09:05:01,455 INFO o.a.j.t.JMeterThread: Stopping because end time detected by thread: S2 1-442
2026-10-06 09:05:01,455 INFO o.a.j.t.JMeterThread: Thread finished: S2 1-442
2026-10-06 09:05:01,462 INFO o.a.j.t.JMeterThread: Stopping because end time detected by thread: S2 1-350
2026-10-06 09:05:01,462 INFO o.a.j.t.JMeterThread: Thread finished: S2 1-350
2026-10-06 09:05:01,464 INFO o.a.j.t.JMeterThread: Stopping because end time detected by thread: S2 1-357
2026-10-06 09:05:01,464 INFO o.a.j.t.JMeterThread: Thread finished: S2 1-357
2026-10-06 09:05:01,482 INFO o.a.j.t.JMeterThread: Stopping because end time detected by thread: S2 1-359
2026-10-06 09:05:01,482 INFO o.a.j.t.JMeterThread: Stopping because end time detected by thread: S2 1-274
2026-10-06 09:05:01,482 INFO o.a.j.t.JMeterThread: Thread finished: S2 1-359
2026-10-06 09:05:01,482 INFO o.a.j.t.JMeterThread: Thread finished: S2 1-274
2026-10-06 09:05:01,488 INFO o.a.j.t.JMeterThread: Stopping because end time detected by thread: S2 1-281
2026-10-06 09:05:01,488 INFO o.a.j.t.JMeterThread: Thread finished: S2 1-281
2026-10-06 09:05:01,490 INFO o.a.j.t.JMeterThread: Stopping because end time detected by thread: S2 1-454
2026-10-06 09:05:01,490 INFO o.a.j.t.JMeterThread: Thread finished: S2 1-454
2026-10-06 09:05:01,496 INFO o.a.j.t.JMeterThread: Stopping because end time detected by thread: S2 1-283
2026-10-06 09:05:01,496 INFO o.a.j.t.JMeterThread: Thread finished: S2 1-283
2026-10-06 09:05:01,501 INFO o.a.j.t.JMeterThread: Stopping because end time detected by thread: S2 1-460
2026-10-06 09:05:01,501 INFO o.a.j.t.JMeterThread: Thread finished: S2 1-460
2026-10-06 09:05:01,502 INFO o.a.j.t.JMeterThread: Stopping because end time detected by thread: S2 1-354
2026-10-06 09:05:01,502 INFO o.a.j.t.JMeterThread: Thread finished: S2 1-354
2026-10-06 09:05:01,506 INFO o.a.j.t.JMeterThread: Stopping because end time detected by thread: S2 1-223
2026-10-06 09:05:01,506 INFO o.a.j.t.JMeterThread: Thread finished: S2 1-223
2026-10-06 09:05:01,519 INFO o.a.j.t.JMeterThread: Stopping because end time detected by thread: S2 1-458
2026-10-06 09:05:01,519 INFO o.a.j.t.JMeterThread: Thread finished: S2 1-458
2026-10-06 09:05:01,527 INFO o.a.j.t.JMeterThread: Stopping because end time detected by thread: S2 1-287
2026-10-06 09:05:01,527 INFO o.a.j.t.JMeterThread: Thread finished: S2 1-287
2026-10-06 09:05:01,534 INFO o.a.j.t.JMeterThread: Stopping because end time detected by thread: S2 1-455
2026-10-06 09:05:01,534 INFO o.a.j.t.JMeterThread: Thread finished: S2 1-455
2026-10-06 09:05:01,537 INFO o.a.j.t.JMeterThread: Stopping because end time detected by thread: S2 1-471
2026-10-06 09:05:01,537 INFO o.a.j.t.JMeterThread: Thread finished: S2 1-471
2026-10-06 09:05:01,540 INFO o.a.j.t.JMeterThread: Stopping because end time detected by thread: S2 1-464
2026-10-06 09:05:01,540 INFO o.a.j.t.JMeterThread: Thread finished: S2 1-464
2026-10-06 09:05:01,557 INFO o.a.j.t.JMeterThread: Stopping because end time detected by thread: S2 1-358
2026-10-06 09:05:01,557 INFO o.a.j.t.JMeterThread: Thread finished: S2 1-358
2026-10-06 09:05:01,557 INFO o.a.j.t.JMeterThread: Stopping because end time detected by thread: S2 1-477
2026-10-06 09:05:01,557 INFO o.a.j.t.JMeterThread: Thread finished: S2 1-477
2026-10-06 09:05:01,558 INFO o.a.j.e.StandardJMeterEngine: Notifying test listeners of end of test
2026-10-06 09:05:01,558 INFO o.a.j.s.FileServer: Close: /tests/data/available_menu_items.csv
2026-10-06 09:05:01,560 INFO o.a.j.r.Summariser: summary +    302 in 00:00:02 =  194.3/s Avg:  2534 Min:  2214 Max:  2692 Err:     0 (0.00%) Active: 0 Started: 500 Finished: 500
2026-10-06 09:05:01,561 INFO o.a.j.r.Summariser: summary =  12550 in 00:01:03 =  197.7/s Avg:  2379 Min:    20 Max:  2988 Err:     0 (0.00%)
