2026-10-06 08:18:53,330 INFO o.a.j.u.JMeterUtils: Setting Locale to en_EN
2026-10-06 08:18:53,350 INFO o.a.j.JMeter: Loading user properties from: /opt/jmeter/bin/user.properties
2026-10-06 08:18:53,351 INFO o.a.j.JMeter: Loading system properties from: /opt/jmeter/bin/system.properties
2026-10-06 08:18:53,351 INFO o.a.j.JMeter: Loading additional properties from: /tests/run.properties
2026-10-06 08:18:53,351 INFO o.a.j.JMeter: Loading additional properties from: /tests/data/ranges.properties
2026-10-06 08:18:53,352 INFO o.a.j.JMeter: Setting JMeter property: host=nestjs-nginx
2026-10-06 08:18:53,352 INFO o.a.j.JMeter: Setting JMeter property: port=80
2026-10-06 08:18:53,352 INFO o.a.j.JMeter: Setting JMeter property: rampup=10
2026-10-06 08:18:53,352 INFO o.a.j.JMeter: Setting JMeter property: endpoint=EP3
2026-10-06 08:18:53,352 INFO o.a.j.JMeter: Setting JMeter property: users=1000
2026-10-06 08:18:53,352 INFO o.a.j.JMeter: Setting JMeter property: duration=60
2026-10-06 08:18:53,356 INFO o.a.j.JMeter: Copyright (c) 1998-2024 The Apache Software Foundation
2026-10-06 08:18:53,357 INFO o.a.j.JMeter: Version 5.6.3
2026-10-06 08:18:53,357 INFO o.a.j.JMeter: java.version=21.0.12.1
2026-10-06 08:18:53,357 INFO o.a.j.JMeter: java.vm.name=OpenJDK 64-Bit Server VM
2026-10-06 08:18:53,357 INFO o.a.j.JMeter: os.name=Linux
2026-10-06 08:18:53,357 INFO o.a.j.JMeter: os.arch=amd64
2026-10-06 08:18:53,357 INFO o.a.j.JMeter: os.version=6.6.87.2-microsoft-standard-WSL2
2026-10-06 08:18:53,357 INFO o.a.j.JMeter: file.encoding=UTF-8
2026-10-06 08:18:53,357 INFO o.a.j.JMeter: java.awt.headless=true
2026-10-06 08:18:53,357 INFO o.a.j.JMeter: Max memory     =4294967296
2026-10-06 08:18:53,357 INFO o.a.j.JMeter: Available Processors =12
2026-10-06 08:18:53,364 INFO o.a.j.JMeter: Default Locale=English (EN)
2026-10-06 08:18:53,364 INFO o.a.j.JMeter: JMeter  Locale=English (EN)
2026-10-06 08:18:53,364 INFO o.a.j.JMeter: JMeterHome=/opt/jmeter
2026-10-06 08:18:53,364 INFO o.a.j.JMeter: user.dir  =/tests
2026-10-06 08:18:53,365 INFO o.a.j.JMeter: PWD       =/tests
2026-10-06 08:18:53,365 INFO o.a.j.JMeter: IP: 172.19.0.5 Name: fe1fd0445cd1 FullName: fe1fd0445cd1
2026-10-06 08:18:53,374 INFO o.a.j.s.FileServer: Default base='/tests'
2026-10-06 08:18:53,375 INFO o.a.j.s.FileServer: Set new base='/tests'
2026-10-06 08:18:53,536 INFO o.a.j.s.SaveService: Testplan (JMX) version: 2.2. Testlog (JTL) version: 2.2
2026-10-06 08:18:53,558 INFO o.a.j.s.SaveService: Using SaveService properties version 5.0
2026-10-06 08:18:53,561 INFO o.a.j.s.SaveService: Using SaveService properties file encoding UTF-8
2026-10-06 08:18:53,564 INFO o.a.j.s.SaveService: Loading file: /tests/s2.jmx
2026-10-06 08:18:53,606 INFO o.a.j.p.h.s.HTTPSamplerBase: Parser for text/html is org.apache.jmeter.protocol.http.parser.LagartoBasedHtmlParser
2026-10-06 08:18:53,606 INFO o.a.j.p.h.s.HTTPSamplerBase: Parser for application/xhtml+xml is org.apache.jmeter.protocol.http.parser.LagartoBasedHtmlParser
2026-10-06 08:18:53,606 INFO o.a.j.p.h.s.HTTPSamplerBase: Parser for application/xml is org.apache.jmeter.protocol.http.parser.LagartoBasedHtmlParser
2026-10-06 08:18:53,606 INFO o.a.j.p.h.s.HTTPSamplerBase: Parser for text/xml is org.apache.jmeter.protocol.http.parser.LagartoBasedHtmlParser
2026-10-06 08:18:53,606 INFO o.a.j.p.h.s.HTTPSamplerBase: Parser for text/vnd.wap.wml is org.apache.jmeter.protocol.http.parser.RegexpHTMLParser
2026-10-06 08:18:53,606 INFO o.a.j.p.h.s.HTTPSamplerBase: Parser for text/css is org.apache.jmeter.protocol.http.parser.CssParser
2026-10-06 08:18:53,648 INFO o.a.j.JMeter: Creating summariser <summary>
2026-10-06 08:18:53,663 INFO o.a.j.e.StandardJMeterEngine: Running the test!
2026-10-06 08:18:53,663 INFO o.a.j.s.SampleEvent: List of sample_variables: []
2026-10-06 08:18:53,664 INFO o.a.j.s.SampleEvent: List of sample_variables: []
2026-10-06 08:18:53,667 INFO o.a.j.e.u.CompoundVariable: Note: Function class names must contain the string: '.functions.'
2026-10-06 08:18:53,667 INFO o.a.j.e.u.CompoundVariable: Note: Function class names must not contain the string: '.gui.'
2026-10-06 08:18:53,876 INFO o.a.j.JMeter: Running test (1791274733876)
2026-10-06 08:18:53,877 INFO o.a.j.e.StandardJMeterEngine: Starting setUp thread groups
2026-10-06 08:18:53,877 INFO o.a.j.e.StandardJMeterEngine: Starting setUp ThreadGroup: 1 : setUp - login 
2026-10-06 08:18:53,877 INFO o.a.j.e.StandardJMeterEngine: Starting 1 threads for group setUp - login.
2026-10-06 08:18:53,877 INFO o.a.j.e.StandardJMeterEngine: Test will stop abruptly on error
2026-10-06 08:18:53,878 INFO o.a.j.t.ThreadGroup: Starting thread group... number=1 threads=1 ramp-up=1 delayedStart=false
2026-10-06 08:18:53,880 INFO o.a.j.t.ThreadGroup: Started thread group number 1
2026-10-06 08:18:53,881 INFO o.a.j.e.StandardJMeterEngine: Waiting for all setup thread groups to exit
2026-10-06 08:18:53,882 INFO o.a.j.t.JMeterThread: Thread started: setUp - login 1-1
2026-10-06 08:18:53,893 INFO o.a.j.p.h.s.HTTPHCAbstractImpl: Local host = fe1fd0445cd1
2026-10-06 08:18:53,897 INFO o.a.j.p.h.s.HTTPHC4Impl: HTTP request retry count = 0
2026-10-06 08:18:53,898 INFO o.a.j.s.SampleResult: Note: Sample TimeStamps are START times
2026-10-06 08:18:53,898 INFO o.a.j.s.SampleResult: sampleresult.default.encoding is set to UTF-8
2026-10-06 08:18:53,898 INFO o.a.j.s.SampleResult: sampleresult.useNanoTime=true
2026-10-06 08:18:53,899 INFO o.a.j.s.SampleResult: sampleresult.nanoThreadSleep=5000
2026-10-06 08:18:54,646 INFO o.a.j.t.JMeterThread: Thread is done: setUp - login 1-1
2026-10-06 08:18:54,646 INFO o.a.j.t.JMeterThread: Thread finished: setUp - login 1-1
2026-10-06 08:18:54,647 INFO o.a.j.e.StandardJMeterEngine: All Setup Threads have ended
2026-10-06 08:18:54,671 INFO o.a.j.e.StandardJMeterEngine: Starting ThreadGroup: 1 : S2
2026-10-06 08:18:54,671 INFO o.a.j.e.StandardJMeterEngine: Starting 1000 threads for group S2.
2026-10-06 08:18:54,671 INFO o.a.j.e.StandardJMeterEngine: Thread will continue on error
2026-10-06 08:18:54,671 INFO o.a.j.t.ThreadGroup: Starting thread group... number=1 threads=1000 ramp-up=10 delayedStart=false
2026-10-06 08:18:54,683 INFO o.a.j.t.JMeterThread: Thread started: S2 1-1
2026-10-06 08:18:54,684 INFO o.a.j.s.FileServer: Stored: /tests/data/available_menu_items.csv
2026-10-06 08:18:54,692 INFO o.a.j.t.JMeterThread: Thread started: S2 1-2
2026-10-06 08:18:54,701 INFO o.a.j.t.JMeterThread: Thread started: S2 1-3
2026-10-06 08:18:54,710 INFO o.a.j.t.JMeterThread: Thread started: S2 1-4
2026-10-06 08:18:54,718 INFO o.a.j.t.JMeterThread: Thread started: S2 1-5
2026-10-06 08:18:54,728 INFO o.a.j.t.JMeterThread: Thread started: S2 1-6
2026-10-06 08:18:54,737 INFO o.a.j.t.JMeterThread: Thread started: S2 1-7
2026-10-06 08:18:54,746 INFO o.a.j.t.JMeterThread: Thread started: S2 1-8
2026-10-06 08:18:54,755 INFO o.a.j.t.JMeterThread: Thread started: S2 1-9
2026-10-06 08:18:54,768 INFO o.a.j.t.JMeterThread: Thread started: S2 1-10
2026-10-06 08:18:54,775 INFO o.a.j.t.JMeterThread: Thread started: S2 1-11
2026-10-06 08:18:54,784 INFO o.a.j.t.JMeterThread: Thread started: S2 1-12
2026-10-06 08:18:54,792 INFO o.a.j.t.JMeterThread: Thread started: S2 1-13
2026-10-06 08:18:54,802 INFO o.a.j.t.JMeterThread: Thread started: S2 1-14
2026-10-06 08:18:54,813 INFO o.a.j.t.JMeterThread: Thread started: S2 1-15
2026-10-06 08:18:54,824 INFO o.a.j.t.JMeterThread: Thread started: S2 1-16
2026-10-06 08:18:54,832 INFO o.a.j.t.JMeterThread: Thread started: S2 1-17
2026-10-06 08:18:54,842 INFO o.a.j.t.JMeterThread: Thread started: S2 1-18
2026-10-06 08:18:54,853 INFO o.a.j.t.JMeterThread: Thread started: S2 1-19
2026-10-06 08:18:54,863 INFO o.a.j.t.JMeterThread: Thread started: S2 1-20
2026-10-06 08:18:54,876 INFO o.a.j.t.JMeterThread: Thread started: S2 1-21
2026-10-06 08:18:54,884 INFO o.a.j.t.JMeterThread: Thread started: S2 1-22
2026-10-06 08:18:54,903 INFO o.a.j.t.JMeterThread: Thread started: S2 1-24
2026-10-06 08:18:54,896 INFO o.a.j.t.JMeterThread: Thread started: S2 1-23
2026-10-06 08:18:54,916 INFO o.a.j.t.JMeterThread: Thread started: S2 1-25
2026-10-06 08:18:54,922 INFO o.a.j.t.JMeterThread: Thread started: S2 1-26
2026-10-06 08:18:54,932 INFO o.a.j.t.JMeterThread: Thread started: S2 1-27
2026-10-06 08:18:54,942 INFO o.a.j.t.JMeterThread: Thread started: S2 1-28
2026-10-06 08:18:54,952 INFO o.a.j.t.JMeterThread: Thread started: S2 1-29
2026-10-06 08:18:54,963 INFO o.a.j.t.JMeterThread: Thread started: S2 1-30
2026-10-06 08:18:54,974 INFO o.a.j.t.JMeterThread: Thread started: S2 1-31
2026-10-06 08:18:54,992 INFO o.a.j.t.JMeterThread: Thread started: S2 1-32
2026-10-06 08:18:55,001 INFO o.a.j.t.JMeterThread: Thread started: S2 1-33
2026-10-06 08:18:55,008 INFO o.a.j.t.JMeterThread: Thread started: S2 1-34
2026-10-06 08:18:55,015 INFO o.a.j.t.JMeterThread: Thread started: S2 1-35
2026-10-06 08:18:55,024 INFO o.a.j.t.JMeterThread: Thread started: S2 1-36
2026-10-06 08:18:55,032 INFO o.a.j.t.JMeterThread: Thread started: S2 1-37
2026-10-06 08:18:55,042 INFO o.a.j.t.JMeterThread: Thread started: S2 1-38
2026-10-06 08:18:55,053 INFO o.a.j.t.JMeterThread: Thread started: S2 1-39
2026-10-06 08:18:55,062 INFO o.a.j.t.JMeterThread: Thread started: S2 1-40
2026-10-06 08:18:55,076 INFO o.a.j.t.JMeterThread: Thread started: S2 1-41
2026-10-06 08:18:55,092 INFO o.a.j.t.JMeterThread: Thread started: S2 1-43
2026-10-06 08:18:55,096 INFO o.a.j.t.JMeterThread: Thread started: S2 1-42
2026-10-06 08:18:55,103 INFO o.a.j.t.JMeterThread: Thread started: S2 1-44
2026-10-06 08:18:55,112 INFO o.a.j.t.JMeterThread: Thread started: S2 1-45
2026-10-06 08:18:55,123 INFO o.a.j.t.JMeterThread: Thread started: S2 1-46
2026-10-06 08:18:55,132 INFO o.a.j.t.JMeterThread: Thread started: S2 1-47
2026-10-06 08:18:55,142 INFO o.a.j.t.JMeterThread: Thread started: S2 1-48
2026-10-06 08:18:55,152 INFO o.a.j.t.JMeterThread: Thread started: S2 1-49
2026-10-06 08:18:55,162 INFO o.a.j.t.JMeterThread: Thread started: S2 1-50
2026-10-06 08:18:55,174 INFO o.a.j.t.JMeterThread: Thread started: S2 1-51
2026-10-06 08:18:55,182 INFO o.a.j.t.JMeterThread: Thread started: S2 1-52
2026-10-06 08:18:55,192 INFO o.a.j.t.JMeterThread: Thread started: S2 1-53
2026-10-06 08:18:55,203 INFO o.a.j.t.JMeterThread: Thread started: S2 1-54
2026-10-06 08:18:55,212 INFO o.a.j.t.JMeterThread: Thread started: S2 1-55
2026-10-06 08:18:55,222 INFO o.a.j.t.JMeterThread: Thread started: S2 1-56
2026-10-06 08:18:55,232 INFO o.a.j.t.JMeterThread: Thread started: S2 1-57
2026-10-06 08:18:55,242 INFO o.a.j.t.JMeterThread: Thread started: S2 1-58
2026-10-06 08:18:55,253 INFO o.a.j.t.JMeterThread: Thread started: S2 1-59
2026-10-06 08:18:55,262 INFO o.a.j.t.JMeterThread: Thread started: S2 1-60
2026-10-06 08:18:55,277 INFO o.a.j.t.JMeterThread: Thread started: S2 1-61
2026-10-06 08:18:55,309 INFO o.a.j.t.JMeterThread: Thread started: S2 1-63
2026-10-06 08:18:55,311 INFO o.a.j.t.JMeterThread: Thread started: S2 1-64
2026-10-06 08:18:55,312 INFO o.a.j.t.JMeterThread: Thread started: S2 1-62
2026-10-06 08:18:55,312 INFO o.a.j.t.JMeterThread: Thread started: S2 1-65
2026-10-06 08:18:55,323 INFO o.a.j.t.JMeterThread: Thread started: S2 1-66
2026-10-06 08:18:55,332 INFO o.a.j.t.JMeterThread: Thread started: S2 1-67
2026-10-06 08:18:55,337 INFO o.a.j.t.ThreadGroup: Started thread group number 1
2026-10-06 08:18:55,337 INFO o.a.j.e.StandardJMeterEngine: All thread groups have been started
2026-10-06 08:18:55,342 INFO o.a.j.t.JMeterThread: Thread started: S2 1-68
2026-10-06 08:18:55,352 INFO o.a.j.t.JMeterThread: Thread started: S2 1-69
2026-10-06 08:18:55,363 INFO o.a.j.t.JMeterThread: Thread started: S2 1-70
2026-10-06 08:18:55,373 INFO o.a.j.t.JMeterThread: Thread started: S2 1-71
2026-10-06 08:18:55,382 INFO o.a.j.t.JMeterThread: Thread started: S2 1-72
2026-10-06 08:18:55,395 INFO o.a.j.t.JMeterThread: Thread started: S2 1-73
2026-10-06 08:18:55,402 INFO o.a.j.t.JMeterThread: Thread started: S2 1-74
2026-10-06 08:18:55,427 INFO o.a.j.t.JMeterThread: Thread started: S2 1-76
2026-10-06 08:18:55,427 INFO o.a.j.t.JMeterThread: Thread started: S2 1-75
2026-10-06 08:18:55,432 INFO o.a.j.t.JMeterThread: Thread started: S2 1-77
2026-10-06 08:18:55,442 INFO o.a.j.t.JMeterThread: Thread started: S2 1-78
2026-10-06 08:18:55,453 INFO o.a.j.t.JMeterThread: Thread started: S2 1-79
2026-10-06 08:18:55,463 INFO o.a.j.t.JMeterThread: Thread started: S2 1-80
2026-10-06 08:18:55,473 INFO o.a.j.t.JMeterThread: Thread started: S2 1-81
2026-10-06 08:18:55,482 INFO o.a.j.t.JMeterThread: Thread started: S2 1-82
2026-10-06 08:18:55,492 INFO o.a.j.t.JMeterThread: Thread started: S2 1-83
2026-10-06 08:18:55,504 INFO o.a.j.t.JMeterThread: Thread started: S2 1-84
2026-10-06 08:18:55,516 INFO o.a.j.t.JMeterThread: Thread started: S2 1-85
2026-10-06 08:18:55,522 INFO o.a.j.t.JMeterThread: Thread started: S2 1-86
2026-10-06 08:18:55,532 INFO o.a.j.t.JMeterThread: Thread started: S2 1-87
2026-10-06 08:18:55,542 INFO o.a.j.t.JMeterThread: Thread started: S2 1-88
2026-10-06 08:18:55,552 INFO o.a.j.t.JMeterThread: Thread started: S2 1-89
2026-10-06 08:18:55,563 INFO o.a.j.t.JMeterThread: Thread started: S2 1-90
2026-10-06 08:18:55,575 INFO o.a.j.t.JMeterThread: Thread started: S2 1-91
2026-10-06 08:18:55,584 INFO o.a.j.t.JMeterThread: Thread started: S2 1-92
2026-10-06 08:18:55,596 INFO o.a.j.t.JMeterThread: Thread started: S2 1-93
2026-10-06 08:18:55,602 INFO o.a.j.t.JMeterThread: Thread started: S2 1-94
2026-10-06 08:18:55,616 INFO o.a.j.t.JMeterThread: Thread started: S2 1-95
2026-10-06 08:18:55,623 INFO o.a.j.t.JMeterThread: Thread started: S2 1-96
2026-10-06 08:18:55,633 INFO o.a.j.t.JMeterThread: Thread started: S2 1-97
2026-10-06 08:18:55,642 INFO o.a.j.t.JMeterThread: Thread started: S2 1-98
2026-10-06 08:18:55,653 INFO o.a.j.t.JMeterThread: Thread started: S2 1-99
2026-10-06 08:18:55,666 INFO o.a.j.t.JMeterThread: Thread started: S2 1-100
2026-10-06 08:18:55,676 INFO o.a.j.t.JMeterThread: Thread started: S2 1-101
2026-10-06 08:18:55,684 INFO o.a.j.t.JMeterThread: Thread started: S2 1-102
2026-10-06 08:18:55,699 INFO o.a.j.t.JMeterThread: Thread started: S2 1-103
2026-10-06 08:18:55,703 INFO o.a.j.t.JMeterThread: Thread started: S2 1-104
2026-10-06 08:18:55,717 INFO o.a.j.t.JMeterThread: Thread started: S2 1-105
2026-10-06 08:18:55,724 INFO o.a.j.t.JMeterThread: Thread started: S2 1-106
2026-10-06 08:18:55,735 INFO o.a.j.t.JMeterThread: Thread started: S2 1-107
2026-10-06 08:18:55,743 INFO o.a.j.t.JMeterThread: Thread started: S2 1-108
2026-10-06 08:18:55,752 INFO o.a.j.t.JMeterThread: Thread started: S2 1-109
2026-10-06 08:18:55,762 INFO o.a.j.t.JMeterThread: Thread started: S2 1-110
2026-10-06 08:18:55,773 INFO o.a.j.t.JMeterThread: Thread started: S2 1-111
2026-10-06 08:18:55,785 INFO o.a.j.t.JMeterThread: Thread started: S2 1-112
2026-10-06 08:18:55,796 INFO o.a.j.t.JMeterThread: Thread started: S2 1-113
2026-10-06 08:18:55,805 INFO o.a.j.t.JMeterThread: Thread started: S2 1-114
2026-10-06 08:18:55,816 INFO o.a.j.t.JMeterThread: Thread started: S2 1-115
2026-10-06 08:18:55,824 INFO o.a.j.t.JMeterThread: Thread started: S2 1-116
2026-10-06 08:18:55,840 INFO o.a.j.t.JMeterThread: Thread started: S2 1-117
2026-10-06 08:18:55,842 INFO o.a.j.t.JMeterThread: Thread started: S2 1-118
2026-10-06 08:18:55,855 INFO o.a.j.t.JMeterThread: Thread started: S2 1-119
2026-10-06 08:18:55,867 INFO o.a.j.t.JMeterThread: Thread started: S2 1-120
2026-10-06 08:18:55,873 INFO o.a.j.t.JMeterThread: Thread started: S2 1-121
2026-10-06 08:18:55,890 INFO o.a.j.t.JMeterThread: Thread started: S2 1-122
2026-10-06 08:18:55,903 INFO o.a.j.t.JMeterThread: Thread started: S2 1-123
2026-10-06 08:18:55,911 INFO o.a.j.t.JMeterThread: Thread started: S2 1-124
2026-10-06 08:18:55,923 INFO o.a.j.t.JMeterThread: Thread started: S2 1-125
2026-10-06 08:18:55,926 INFO o.a.j.t.JMeterThread: Thread started: S2 1-126
2026-10-06 08:18:55,932 INFO o.a.j.t.JMeterThread: Thread started: S2 1-127
2026-10-06 08:18:55,942 INFO o.a.j.t.JMeterThread: Thread started: S2 1-128
2026-10-06 08:18:55,952 INFO o.a.j.t.JMeterThread: Thread started: S2 1-129
2026-10-06 08:18:55,964 INFO o.a.j.t.JMeterThread: Thread started: S2 1-130
2026-10-06 08:18:55,973 INFO o.a.j.t.JMeterThread: Thread started: S2 1-131
2026-10-06 08:18:55,984 INFO o.a.j.t.JMeterThread: Thread started: S2 1-132
2026-10-06 08:18:55,997 INFO o.a.j.t.JMeterThread: Thread started: S2 1-133
2026-10-06 08:18:56,002 INFO o.a.j.t.JMeterThread: Thread started: S2 1-134
2026-10-06 08:18:56,013 INFO o.a.j.t.JMeterThread: Thread started: S2 1-135
2026-10-06 08:18:56,023 INFO o.a.j.t.JMeterThread: Thread started: S2 1-136
2026-10-06 08:18:56,034 INFO o.a.j.t.JMeterThread: Thread started: S2 1-137
2026-10-06 08:18:56,042 INFO o.a.j.t.JMeterThread: Thread started: S2 1-138
2026-10-06 08:18:56,052 INFO o.a.j.t.JMeterThread: Thread started: S2 1-139
2026-10-06 08:18:56,062 INFO o.a.j.t.JMeterThread: Thread started: S2 1-140
2026-10-06 08:18:56,072 INFO o.a.j.t.JMeterThread: Thread started: S2 1-141
2026-10-06 08:18:56,082 INFO o.a.j.t.JMeterThread: Thread started: S2 1-142
2026-10-06 08:18:56,093 INFO o.a.j.t.JMeterThread: Thread started: S2 1-143
2026-10-06 08:18:56,103 INFO o.a.j.t.JMeterThread: Thread started: S2 1-144
2026-10-06 08:18:56,112 INFO o.a.j.t.JMeterThread: Thread started: S2 1-145
2026-10-06 08:18:56,122 INFO o.a.j.t.JMeterThread: Thread started: S2 1-146
2026-10-06 08:18:56,133 INFO o.a.j.t.JMeterThread: Thread started: S2 1-147
2026-10-06 08:18:56,141 INFO o.a.j.t.JMeterThread: Thread started: S2 1-148
2026-10-06 08:18:56,152 INFO o.a.j.t.JMeterThread: Thread started: S2 1-149
2026-10-06 08:18:56,163 INFO o.a.j.t.JMeterThread: Thread started: S2 1-150
2026-10-06 08:18:56,171 INFO o.a.j.t.JMeterThread: Thread started: S2 1-151
2026-10-06 08:18:56,183 INFO o.a.j.t.JMeterThread: Thread started: S2 1-152
2026-10-06 08:18:56,192 INFO o.a.j.t.JMeterThread: Thread started: S2 1-153
2026-10-06 08:18:56,202 INFO o.a.j.t.JMeterThread: Thread started: S2 1-154
2026-10-06 08:18:56,212 INFO o.a.j.t.JMeterThread: Thread started: S2 1-155
2026-10-06 08:18:56,222 INFO o.a.j.t.JMeterThread: Thread started: S2 1-156
2026-10-06 08:18:56,231 INFO o.a.j.t.JMeterThread: Thread started: S2 1-157
2026-10-06 08:18:56,242 INFO o.a.j.t.JMeterThread: Thread started: S2 1-158
2026-10-06 08:18:56,252 INFO o.a.j.t.JMeterThread: Thread started: S2 1-159
2026-10-06 08:18:56,262 INFO o.a.j.t.JMeterThread: Thread started: S2 1-160
2026-10-06 08:18:56,272 INFO o.a.j.t.JMeterThread: Thread started: S2 1-161
2026-10-06 08:18:56,282 INFO o.a.j.t.JMeterThread: Thread started: S2 1-162
2026-10-06 08:18:56,292 INFO o.a.j.t.JMeterThread: Thread started: S2 1-163
2026-10-06 08:18:56,302 INFO o.a.j.t.JMeterThread: Thread started: S2 1-164
2026-10-06 08:18:56,312 INFO o.a.j.t.JMeterThread: Thread started: S2 1-165
2026-10-06 08:18:56,322 INFO o.a.j.t.JMeterThread: Thread started: S2 1-166
2026-10-06 08:18:56,332 INFO o.a.j.t.JMeterThread: Thread started: S2 1-167
2026-10-06 08:18:56,342 INFO o.a.j.t.JMeterThread: Thread started: S2 1-168
2026-10-06 08:18:56,352 INFO o.a.j.t.JMeterThread: Thread started: S2 1-169
2026-10-06 08:18:56,363 INFO o.a.j.t.JMeterThread: Thread started: S2 1-170
2026-10-06 08:18:56,372 INFO o.a.j.t.JMeterThread: Thread started: S2 1-171
2026-10-06 08:18:56,382 INFO o.a.j.t.JMeterThread: Thread started: S2 1-172
2026-10-06 08:18:56,392 INFO o.a.j.t.JMeterThread: Thread started: S2 1-173
2026-10-06 08:18:56,402 INFO o.a.j.t.JMeterThread: Thread started: S2 1-174
2026-10-06 08:18:56,413 INFO o.a.j.t.JMeterThread: Thread started: S2 1-175
2026-10-06 08:18:56,421 INFO o.a.j.t.JMeterThread: Thread started: S2 1-176
2026-10-06 08:18:56,432 INFO o.a.j.t.JMeterThread: Thread started: S2 1-177
2026-10-06 08:18:56,443 INFO o.a.j.t.JMeterThread: Thread started: S2 1-178
2026-10-06 08:18:56,452 INFO o.a.j.t.JMeterThread: Thread started: S2 1-179
2026-10-06 08:18:56,462 INFO o.a.j.t.JMeterThread: Thread started: S2 1-180
2026-10-06 08:18:56,472 INFO o.a.j.t.JMeterThread: Thread started: S2 1-181
2026-10-06 08:18:56,482 INFO o.a.j.t.JMeterThread: Thread started: S2 1-182
2026-10-06 08:18:56,492 INFO o.a.j.t.JMeterThread: Thread started: S2 1-183
2026-10-06 08:18:56,504 INFO o.a.j.t.JMeterThread: Thread started: S2 1-184
2026-10-06 08:18:56,511 INFO o.a.j.t.JMeterThread: Thread started: S2 1-185
2026-10-06 08:18:56,522 INFO o.a.j.t.JMeterThread: Thread started: S2 1-186
2026-10-06 08:18:56,532 INFO o.a.j.t.JMeterThread: Thread started: S2 1-187
2026-10-06 08:18:56,542 INFO o.a.j.t.JMeterThread: Thread started: S2 1-188
2026-10-06 08:18:56,552 INFO o.a.j.t.JMeterThread: Thread started: S2 1-189
2026-10-06 08:18:56,561 INFO o.a.j.t.JMeterThread: Thread started: S2 1-190
2026-10-06 08:18:56,572 INFO o.a.j.t.JMeterThread: Thread started: S2 1-191
2026-10-06 08:18:56,582 INFO o.a.j.t.JMeterThread: Thread started: S2 1-192
2026-10-06 08:18:56,592 INFO o.a.j.t.JMeterThread: Thread started: S2 1-193
2026-10-06 08:18:56,603 INFO o.a.j.t.JMeterThread: Thread started: S2 1-194
2026-10-06 08:18:56,612 INFO o.a.j.t.JMeterThread: Thread started: S2 1-195
2026-10-06 08:18:56,622 INFO o.a.j.t.JMeterThread: Thread started: S2 1-196
2026-10-06 08:18:56,632 INFO o.a.j.t.JMeterThread: Thread started: S2 1-197
2026-10-06 08:18:56,643 INFO o.a.j.t.JMeterThread: Thread started: S2 1-198
2026-10-06 08:18:56,653 INFO o.a.j.t.JMeterThread: Thread started: S2 1-199
2026-10-06 08:18:56,668 INFO o.a.j.t.JMeterThread: Thread started: S2 1-200
2026-10-06 08:18:56,677 INFO o.a.j.t.JMeterThread: Thread started: S2 1-201
2026-10-06 08:18:56,684 INFO o.a.j.t.JMeterThread: Thread started: S2 1-202
2026-10-06 08:18:56,691 INFO o.a.j.t.JMeterThread: Thread started: S2 1-203
2026-10-06 08:18:56,702 INFO o.a.j.t.JMeterThread: Thread started: S2 1-204
2026-10-06 08:18:56,712 INFO o.a.j.t.JMeterThread: Thread started: S2 1-205
2026-10-06 08:18:56,721 INFO o.a.j.t.JMeterThread: Thread started: S2 1-206
2026-10-06 08:18:56,732 INFO o.a.j.t.JMeterThread: Thread started: S2 1-207
2026-10-06 08:18:56,742 INFO o.a.j.t.JMeterThread: Thread started: S2 1-208
2026-10-06 08:18:56,752 INFO o.a.j.t.JMeterThread: Thread started: S2 1-209
2026-10-06 08:18:56,762 INFO o.a.j.t.JMeterThread: Thread started: S2 1-210
2026-10-06 08:18:56,772 INFO o.a.j.t.JMeterThread: Thread started: S2 1-211
2026-10-06 08:18:56,786 INFO o.a.j.t.JMeterThread: Thread started: S2 1-212
2026-10-06 08:18:56,792 INFO o.a.j.t.JMeterThread: Thread started: S2 1-213
2026-10-06 08:18:56,802 INFO o.a.j.t.JMeterThread: Thread started: S2 1-214
2026-10-06 08:18:56,814 INFO o.a.j.t.JMeterThread: Thread started: S2 1-215
2026-10-06 08:18:56,823 INFO o.a.j.t.JMeterThread: Thread started: S2 1-216
2026-10-06 08:18:56,832 INFO o.a.j.t.JMeterThread: Thread started: S2 1-217
2026-10-06 08:18:56,843 INFO o.a.j.t.JMeterThread: Thread started: S2 1-218
2026-10-06 08:18:56,852 INFO o.a.j.t.JMeterThread: Thread started: S2 1-219
2026-10-06 08:18:56,863 INFO o.a.j.t.JMeterThread: Thread started: S2 1-220
2026-10-06 08:18:56,874 INFO o.a.j.t.JMeterThread: Thread started: S2 1-221
2026-10-06 08:18:56,882 INFO o.a.j.t.JMeterThread: Thread started: S2 1-222
2026-10-06 08:18:56,892 INFO o.a.j.t.JMeterThread: Thread started: S2 1-223
2026-10-06 08:18:56,906 INFO o.a.j.t.JMeterThread: Thread started: S2 1-224
2026-10-06 08:18:56,917 INFO o.a.j.t.JMeterThread: Thread started: S2 1-225
2026-10-06 08:18:56,925 INFO o.a.j.t.JMeterThread: Thread started: S2 1-226
2026-10-06 08:18:56,932 INFO o.a.j.t.JMeterThread: Thread started: S2 1-227
2026-10-06 08:18:56,945 INFO o.a.j.t.JMeterThread: Thread started: S2 1-228
2026-10-06 08:18:56,953 INFO o.a.j.t.JMeterThread: Thread started: S2 1-229
2026-10-06 08:18:56,962 INFO o.a.j.t.JMeterThread: Thread started: S2 1-230
2026-10-06 08:18:56,988 INFO o.a.j.t.JMeterThread: Thread started: S2 1-232
2026-10-06 08:18:56,992 INFO o.a.j.t.JMeterThread: Thread started: S2 1-231
2026-10-06 08:18:56,995 INFO o.a.j.t.JMeterThread: Thread started: S2 1-233
2026-10-06 08:18:57,003 INFO o.a.j.t.JMeterThread: Thread started: S2 1-234
2026-10-06 08:18:57,012 INFO o.a.j.t.JMeterThread: Thread started: S2 1-235
2026-10-06 08:18:57,023 INFO o.a.j.t.JMeterThread: Thread started: S2 1-236
2026-10-06 08:18:57,032 INFO o.a.j.t.JMeterThread: Thread started: S2 1-237
2026-10-06 08:18:57,042 INFO o.a.j.t.JMeterThread: Thread started: S2 1-238
2026-10-06 08:18:57,053 INFO o.a.j.t.JMeterThread: Thread started: S2 1-239
2026-10-06 08:18:57,063 INFO o.a.j.t.JMeterThread: Thread started: S2 1-240
2026-10-06 08:18:57,073 INFO o.a.j.t.JMeterThread: Thread started: S2 1-241
2026-10-06 08:18:57,083 INFO o.a.j.t.JMeterThread: Thread started: S2 1-242
2026-10-06 08:18:57,092 INFO o.a.j.t.JMeterThread: Thread started: S2 1-243
2026-10-06 08:18:57,102 INFO o.a.j.t.JMeterThread: Thread started: S2 1-244
2026-10-06 08:18:57,112 INFO o.a.j.t.JMeterThread: Thread started: S2 1-245
2026-10-06 08:18:57,124 INFO o.a.j.t.JMeterThread: Thread started: S2 1-246
2026-10-06 08:18:57,132 INFO o.a.j.t.JMeterThread: Thread started: S2 1-247
2026-10-06 08:18:57,141 INFO o.a.j.t.JMeterThread: Thread started: S2 1-248
2026-10-06 08:18:57,153 INFO o.a.j.t.JMeterThread: Thread started: S2 1-249
2026-10-06 08:18:57,162 INFO o.a.j.t.JMeterThread: Thread started: S2 1-250
2026-10-06 08:18:57,172 INFO o.a.j.t.JMeterThread: Thread started: S2 1-251
2026-10-06 08:18:57,184 INFO o.a.j.t.JMeterThread: Thread started: S2 1-252
2026-10-06 08:18:57,192 INFO o.a.j.t.JMeterThread: Thread started: S2 1-253
2026-10-06 08:18:57,202 INFO o.a.j.t.JMeterThread: Thread started: S2 1-254
2026-10-06 08:18:57,212 INFO o.a.j.t.JMeterThread: Thread started: S2 1-255
2026-10-06 08:18:57,221 INFO o.a.j.t.JMeterThread: Thread started: S2 1-256
2026-10-06 08:18:57,233 INFO o.a.j.t.JMeterThread: Thread started: S2 1-257
2026-10-06 08:18:57,242 INFO o.a.j.t.JMeterThread: Thread started: S2 1-258
2026-10-06 08:18:57,252 INFO o.a.j.t.JMeterThread: Thread started: S2 1-259
2026-10-06 08:18:57,263 INFO o.a.j.t.JMeterThread: Thread started: S2 1-260
2026-10-06 08:18:57,272 INFO o.a.j.t.JMeterThread: Thread started: S2 1-261
2026-10-06 08:18:57,282 INFO o.a.j.t.JMeterThread: Thread started: S2 1-262
2026-10-06 08:18:57,296 INFO o.a.j.t.JMeterThread: Thread started: S2 1-263
2026-10-06 08:18:57,302 INFO o.a.j.t.JMeterThread: Thread started: S2 1-264
2026-10-06 08:18:57,312 INFO o.a.j.t.JMeterThread: Thread started: S2 1-265
2026-10-06 08:18:57,323 INFO o.a.j.t.JMeterThread: Thread started: S2 1-266
2026-10-06 08:18:57,331 INFO o.a.j.t.JMeterThread: Thread started: S2 1-267
2026-10-06 08:18:57,343 INFO o.a.j.t.JMeterThread: Thread started: S2 1-268
2026-10-06 08:18:57,352 INFO o.a.j.t.JMeterThread: Thread started: S2 1-269
2026-10-06 08:18:57,361 INFO o.a.j.t.JMeterThread: Thread started: S2 1-270
2026-10-06 08:18:57,373 INFO o.a.j.t.JMeterThread: Thread started: S2 1-271
2026-10-06 08:18:57,382 INFO o.a.j.t.JMeterThread: Thread started: S2 1-272
2026-10-06 08:18:57,391 INFO o.a.j.t.JMeterThread: Thread started: S2 1-273
2026-10-06 08:18:57,402 INFO o.a.j.t.JMeterThread: Thread started: S2 1-274
2026-10-06 08:18:57,412 INFO o.a.j.t.JMeterThread: Thread started: S2 1-275
2026-10-06 08:18:57,422 INFO o.a.j.t.JMeterThread: Thread started: S2 1-276
2026-10-06 08:18:57,432 INFO o.a.j.t.JMeterThread: Thread started: S2 1-277
2026-10-06 08:18:57,442 INFO o.a.j.t.JMeterThread: Thread started: S2 1-278
2026-10-06 08:18:57,452 INFO o.a.j.t.JMeterThread: Thread started: S2 1-279
2026-10-06 08:18:57,463 INFO o.a.j.t.JMeterThread: Thread started: S2 1-280
2026-10-06 08:18:57,473 INFO o.a.j.t.JMeterThread: Thread started: S2 1-281
2026-10-06 08:18:57,482 INFO o.a.j.t.JMeterThread: Thread started: S2 1-282
2026-10-06 08:18:57,493 INFO o.a.j.t.JMeterThread: Thread started: S2 1-283
2026-10-06 08:18:57,502 INFO o.a.j.t.JMeterThread: Thread started: S2 1-284
2026-10-06 08:18:57,512 INFO o.a.j.t.JMeterThread: Thread started: S2 1-285
2026-10-06 08:18:57,521 INFO o.a.j.t.JMeterThread: Thread started: S2 1-286
2026-10-06 08:18:57,531 INFO o.a.j.t.JMeterThread: Thread started: S2 1-287
2026-10-06 08:18:57,542 INFO o.a.j.t.JMeterThread: Thread started: S2 1-288
2026-10-06 08:18:57,553 INFO o.a.j.t.JMeterThread: Thread started: S2 1-289
2026-10-06 08:18:57,561 INFO o.a.j.t.JMeterThread: Thread started: S2 1-290
2026-10-06 08:18:57,572 INFO o.a.j.t.JMeterThread: Thread started: S2 1-291
2026-10-06 08:18:57,581 INFO o.a.j.t.JMeterThread: Thread started: S2 1-292
2026-10-06 08:18:57,591 INFO o.a.j.t.JMeterThread: Thread started: S2 1-293
2026-10-06 08:18:57,602 INFO o.a.j.t.JMeterThread: Thread started: S2 1-294
2026-10-06 08:18:57,612 INFO o.a.j.t.JMeterThread: Thread started: S2 1-295
2026-10-06 08:18:57,621 INFO o.a.j.t.JMeterThread: Thread started: S2 1-296
2026-10-06 08:18:57,632 INFO o.a.j.t.JMeterThread: Thread started: S2 1-297
2026-10-06 08:18:57,642 INFO o.a.j.t.JMeterThread: Thread started: S2 1-298
2026-10-06 08:18:57,651 INFO o.a.j.t.JMeterThread: Thread started: S2 1-299
2026-10-06 08:18:57,662 INFO o.a.j.t.JMeterThread: Thread started: S2 1-300
2026-10-06 08:18:57,672 INFO o.a.j.t.JMeterThread: Thread started: S2 1-301
2026-10-06 08:18:57,681 INFO o.a.j.t.JMeterThread: Thread started: S2 1-302
2026-10-06 08:18:57,692 INFO o.a.j.t.JMeterThread: Thread started: S2 1-303
2026-10-06 08:18:57,702 INFO o.a.j.t.JMeterThread: Thread started: S2 1-304
2026-10-06 08:18:57,712 INFO o.a.j.t.JMeterThread: Thread started: S2 1-305
2026-10-06 08:18:57,721 INFO o.a.j.t.JMeterThread: Thread started: S2 1-306
2026-10-06 08:18:57,732 INFO o.a.j.t.JMeterThread: Thread started: S2 1-307
2026-10-06 08:18:57,741 INFO o.a.j.t.JMeterThread: Thread started: S2 1-308
2026-10-06 08:18:57,751 INFO o.a.j.t.JMeterThread: Thread started: S2 1-309
2026-10-06 08:18:57,763 INFO o.a.j.t.JMeterThread: Thread started: S2 1-310
2026-10-06 08:18:57,773 INFO o.a.j.t.JMeterThread: Thread started: S2 1-311
2026-10-06 08:18:57,782 INFO o.a.j.t.JMeterThread: Thread started: S2 1-312
2026-10-06 08:18:57,792 INFO o.a.j.t.JMeterThread: Thread started: S2 1-313
2026-10-06 08:18:57,803 INFO o.a.j.t.JMeterThread: Thread started: S2 1-314
2026-10-06 08:18:57,813 INFO o.a.j.t.JMeterThread: Thread started: S2 1-315
2026-10-06 08:18:57,821 INFO o.a.j.t.JMeterThread: Thread started: S2 1-316
2026-10-06 08:18:57,832 INFO o.a.j.t.JMeterThread: Thread started: S2 1-317
2026-10-06 08:18:57,843 INFO o.a.j.t.JMeterThread: Thread started: S2 1-318
2026-10-06 08:18:57,853 INFO o.a.j.t.JMeterThread: Thread started: S2 1-319
2026-10-06 08:18:57,863 INFO o.a.j.t.JMeterThread: Thread started: S2 1-320
2026-10-06 08:18:57,871 INFO o.a.j.t.JMeterThread: Thread started: S2 1-321
2026-10-06 08:18:57,884 INFO o.a.j.t.JMeterThread: Thread started: S2 1-322
2026-10-06 08:18:57,893 INFO o.a.j.t.JMeterThread: Thread started: S2 1-323
2026-10-06 08:18:57,901 INFO o.a.j.t.JMeterThread: Thread started: S2 1-324
2026-10-06 08:18:57,912 INFO o.a.j.t.JMeterThread: Thread started: S2 1-325
2026-10-06 08:18:57,922 INFO o.a.j.t.JMeterThread: Thread started: S2 1-326
2026-10-06 08:18:57,932 INFO o.a.j.t.JMeterThread: Thread started: S2 1-327
2026-10-06 08:18:57,942 INFO o.a.j.t.JMeterThread: Thread started: S2 1-328
2026-10-06 08:18:57,952 INFO o.a.j.t.JMeterThread: Thread started: S2 1-329
2026-10-06 08:18:57,961 INFO o.a.j.t.JMeterThread: Thread started: S2 1-330
2026-10-06 08:18:57,976 INFO o.a.j.t.JMeterThread: Thread started: S2 1-331
2026-10-06 08:18:57,984 INFO o.a.j.t.JMeterThread: Thread started: S2 1-332
2026-10-06 08:18:57,992 INFO o.a.j.t.JMeterThread: Thread started: S2 1-333
2026-10-06 08:18:58,002 INFO o.a.j.t.JMeterThread: Thread started: S2 1-334
2026-10-06 08:18:58,012 INFO o.a.j.t.JMeterThread: Thread started: S2 1-335
2026-10-06 08:18:58,021 INFO o.a.j.t.JMeterThread: Thread started: S2 1-336
2026-10-06 08:18:58,032 INFO o.a.j.t.JMeterThread: Thread started: S2 1-337
2026-10-06 08:18:58,042 INFO o.a.j.t.JMeterThread: Thread started: S2 1-338
2026-10-06 08:18:58,051 INFO o.a.j.t.JMeterThread: Thread started: S2 1-339
2026-10-06 08:18:58,062 INFO o.a.j.t.JMeterThread: Thread started: S2 1-340
2026-10-06 08:18:58,072 INFO o.a.j.t.JMeterThread: Thread started: S2 1-341
2026-10-06 08:18:58,081 INFO o.a.j.t.JMeterThread: Thread started: S2 1-342
2026-10-06 08:18:58,092 INFO o.a.j.t.JMeterThread: Thread started: S2 1-343
2026-10-06 08:18:58,103 INFO o.a.j.t.JMeterThread: Thread started: S2 1-344
2026-10-06 08:18:58,111 INFO o.a.j.t.JMeterThread: Thread started: S2 1-345
2026-10-06 08:18:58,121 INFO o.a.j.t.JMeterThread: Thread started: S2 1-346
2026-10-06 08:18:58,132 INFO o.a.j.t.JMeterThread: Thread started: S2 1-347
2026-10-06 08:18:58,142 INFO o.a.j.t.JMeterThread: Thread started: S2 1-348
2026-10-06 08:18:58,152 INFO o.a.j.t.JMeterThread: Thread started: S2 1-349
2026-10-06 08:18:58,163 INFO o.a.j.t.JMeterThread: Thread started: S2 1-350
2026-10-06 08:18:58,172 INFO o.a.j.t.JMeterThread: Thread started: S2 1-351
2026-10-06 08:18:58,183 INFO o.a.j.t.JMeterThread: Thread started: S2 1-352
2026-10-06 08:18:58,191 INFO o.a.j.t.JMeterThread: Thread started: S2 1-353
2026-10-06 08:18:58,202 INFO o.a.j.t.JMeterThread: Thread started: S2 1-354
2026-10-06 08:18:58,211 INFO o.a.j.t.JMeterThread: Thread started: S2 1-355
2026-10-06 08:18:58,221 INFO o.a.j.t.JMeterThread: Thread started: S2 1-356
2026-10-06 08:18:58,233 INFO o.a.j.t.JMeterThread: Thread started: S2 1-357
2026-10-06 08:18:58,242 INFO o.a.j.t.JMeterThread: Thread started: S2 1-358
2026-10-06 08:18:58,251 INFO o.a.j.t.JMeterThread: Thread started: S2 1-359
2026-10-06 08:18:58,263 INFO o.a.j.t.JMeterThread: Thread started: S2 1-360
2026-10-06 08:18:58,272 INFO o.a.j.t.JMeterThread: Thread started: S2 1-361
2026-10-06 08:18:58,281 INFO o.a.j.t.JMeterThread: Thread started: S2 1-362
2026-10-06 08:18:58,292 INFO o.a.j.t.JMeterThread: Thread started: S2 1-363
2026-10-06 08:18:58,301 INFO o.a.j.t.JMeterThread: Thread started: S2 1-364
2026-10-06 08:18:58,311 INFO o.a.j.t.JMeterThread: Thread started: S2 1-365
2026-10-06 08:18:58,322 INFO o.a.j.t.JMeterThread: Thread started: S2 1-366
2026-10-06 08:18:58,331 INFO o.a.j.t.JMeterThread: Thread started: S2 1-367
2026-10-06 08:18:58,341 INFO o.a.j.t.JMeterThread: Thread started: S2 1-368
2026-10-06 08:18:58,353 INFO o.a.j.t.JMeterThread: Thread started: S2 1-369
2026-10-06 08:18:58,363 INFO o.a.j.t.JMeterThread: Thread started: S2 1-370
2026-10-06 08:18:58,372 INFO o.a.j.t.JMeterThread: Thread started: S2 1-371
2026-10-06 08:18:58,381 INFO o.a.j.t.JMeterThread: Thread started: S2 1-372
2026-10-06 08:18:58,396 INFO o.a.j.t.JMeterThread: Thread started: S2 1-373
2026-10-06 08:18:58,402 INFO o.a.j.t.JMeterThread: Thread started: S2 1-374
2026-10-06 08:18:58,411 INFO o.a.j.t.JMeterThread: Thread started: S2 1-375
2026-10-06 08:18:58,422 INFO o.a.j.t.JMeterThread: Thread started: S2 1-376
2026-10-06 08:18:58,433 INFO o.a.j.t.JMeterThread: Thread started: S2 1-377
2026-10-06 08:18:58,446 INFO o.a.j.t.JMeterThread: Thread started: S2 1-378
2026-10-06 08:18:58,476 INFO o.a.j.t.JMeterThread: Thread started: S2 1-380
2026-10-06 08:18:58,473 INFO o.a.j.t.JMeterThread: Thread started: S2 1-379
2026-10-06 08:18:58,479 INFO o.a.j.t.JMeterThread: Thread started: S2 1-381
2026-10-06 08:18:58,487 INFO o.a.j.t.JMeterThread: Thread started: S2 1-382
2026-10-06 08:18:58,493 INFO o.a.j.t.JMeterThread: Thread started: S2 1-383
2026-10-06 08:18:58,502 INFO o.a.j.t.JMeterThread: Thread started: S2 1-384
2026-10-06 08:18:58,512 INFO o.a.j.t.JMeterThread: Thread started: S2 1-385
2026-10-06 08:18:58,522 INFO o.a.j.t.JMeterThread: Thread started: S2 1-386
2026-10-06 08:18:58,533 INFO o.a.j.t.JMeterThread: Thread started: S2 1-387
2026-10-06 08:18:58,541 INFO o.a.j.t.JMeterThread: Thread started: S2 1-388
2026-10-06 08:18:58,552 INFO o.a.j.t.JMeterThread: Thread started: S2 1-389
2026-10-06 08:18:58,563 INFO o.a.j.t.JMeterThread: Thread started: S2 1-390
2026-10-06 08:18:58,571 INFO o.a.j.t.JMeterThread: Thread started: S2 1-391
2026-10-06 08:18:58,582 INFO o.a.j.t.JMeterThread: Thread started: S2 1-392
2026-10-06 08:18:58,593 INFO o.a.j.t.JMeterThread: Thread started: S2 1-393
2026-10-06 08:18:58,601 INFO o.a.j.t.JMeterThread: Thread started: S2 1-394
2026-10-06 08:18:58,612 INFO o.a.j.t.JMeterThread: Thread started: S2 1-395
2026-10-06 08:18:58,622 INFO o.a.j.t.JMeterThread: Thread started: S2 1-396
2026-10-06 08:18:58,631 INFO o.a.j.t.JMeterThread: Thread started: S2 1-397
2026-10-06 08:18:58,642 INFO o.a.j.t.JMeterThread: Thread started: S2 1-398
2026-10-06 08:18:58,653 INFO o.a.j.t.JMeterThread: Thread started: S2 1-399
2026-10-06 08:18:58,661 INFO o.a.j.t.JMeterThread: Thread started: S2 1-400
2026-10-06 08:18:58,673 INFO o.a.j.t.JMeterThread: Thread started: S2 1-401
2026-10-06 08:18:58,681 INFO o.a.j.t.JMeterThread: Thread started: S2 1-402
2026-10-06 08:18:58,693 INFO o.a.j.t.JMeterThread: Thread started: S2 1-403
2026-10-06 08:18:58,702 INFO o.a.j.t.JMeterThread: Thread started: S2 1-404
2026-10-06 08:18:58,711 INFO o.a.j.t.JMeterThread: Thread started: S2 1-405
2026-10-06 08:18:58,722 INFO o.a.j.t.JMeterThread: Thread started: S2 1-406
2026-10-06 08:18:58,733 INFO o.a.j.t.JMeterThread: Thread started: S2 1-407
2026-10-06 08:18:58,741 INFO o.a.j.t.JMeterThread: Thread started: S2 1-408
2026-10-06 08:18:58,751 INFO o.a.j.t.JMeterThread: Thread started: S2 1-409
2026-10-06 08:18:58,764 INFO o.a.j.t.JMeterThread: Thread started: S2 1-410
2026-10-06 08:18:58,772 INFO o.a.j.t.JMeterThread: Thread started: S2 1-411
2026-10-06 08:18:58,784 INFO o.a.j.t.JMeterThread: Thread started: S2 1-412
2026-10-06 08:18:58,792 INFO o.a.j.t.JMeterThread: Thread started: S2 1-413
2026-10-06 08:18:58,802 INFO o.a.j.t.JMeterThread: Thread started: S2 1-414
2026-10-06 08:18:58,812 INFO o.a.j.t.JMeterThread: Thread started: S2 1-415
2026-10-06 08:18:58,823 INFO o.a.j.t.JMeterThread: Thread started: S2 1-416
2026-10-06 08:18:58,831 INFO o.a.j.t.JMeterThread: Thread started: S2 1-417
2026-10-06 08:18:58,843 INFO o.a.j.t.JMeterThread: Thread started: S2 1-418
2026-10-06 08:18:58,852 INFO o.a.j.t.JMeterThread: Thread started: S2 1-419
2026-10-06 08:18:58,861 INFO o.a.j.t.JMeterThread: Thread started: S2 1-420
2026-10-06 08:18:58,872 INFO o.a.j.t.JMeterThread: Thread started: S2 1-421
2026-10-06 08:18:58,881 INFO o.a.j.t.JMeterThread: Thread started: S2 1-422
2026-10-06 08:18:58,892 INFO o.a.j.t.JMeterThread: Thread started: S2 1-423
2026-10-06 08:18:58,902 INFO o.a.j.t.JMeterThread: Thread started: S2 1-424
2026-10-06 08:18:58,912 INFO o.a.j.t.JMeterThread: Thread started: S2 1-425
2026-10-06 08:18:58,922 INFO o.a.j.t.JMeterThread: Thread started: S2 1-426
2026-10-06 08:18:58,933 INFO o.a.j.t.JMeterThread: Thread started: S2 1-427
2026-10-06 08:18:58,941 INFO o.a.j.t.JMeterThread: Thread started: S2 1-428
2026-10-06 08:18:58,952 INFO o.a.j.t.JMeterThread: Thread started: S2 1-429
2026-10-06 08:18:58,963 INFO o.a.j.t.JMeterThread: Thread started: S2 1-430
2026-10-06 08:18:58,972 INFO o.a.j.t.JMeterThread: Thread started: S2 1-431
2026-10-06 08:18:58,981 INFO o.a.j.t.JMeterThread: Thread started: S2 1-432
2026-10-06 08:18:58,992 INFO o.a.j.t.JMeterThread: Thread started: S2 1-433
2026-10-06 08:18:59,004 INFO o.a.j.t.JMeterThread: Thread started: S2 1-434
2026-10-06 08:18:59,011 INFO o.a.j.t.JMeterThread: Thread started: S2 1-435
2026-10-06 08:18:59,022 INFO o.a.j.t.JMeterThread: Thread started: S2 1-436
2026-10-06 08:18:59,031 INFO o.a.j.t.JMeterThread: Thread started: S2 1-437
2026-10-06 08:18:59,041 INFO o.a.j.t.JMeterThread: Thread started: S2 1-438
2026-10-06 08:18:59,052 INFO o.a.j.t.JMeterThread: Thread started: S2 1-439
2026-10-06 08:18:59,062 INFO o.a.j.t.JMeterThread: Thread started: S2 1-440
2026-10-06 08:18:59,071 INFO o.a.j.t.JMeterThread: Thread started: S2 1-441
2026-10-06 08:18:59,081 INFO o.a.j.t.JMeterThread: Thread started: S2 1-442
2026-10-06 08:18:59,092 INFO o.a.j.t.JMeterThread: Thread started: S2 1-443
2026-10-06 08:18:59,102 INFO o.a.j.t.JMeterThread: Thread started: S2 1-444
2026-10-06 08:18:59,111 INFO o.a.j.t.JMeterThread: Thread started: S2 1-445
2026-10-06 08:18:59,122 INFO o.a.j.t.JMeterThread: Thread started: S2 1-446
2026-10-06 08:18:59,132 INFO o.a.j.t.JMeterThread: Thread started: S2 1-447
2026-10-06 08:18:59,141 INFO o.a.j.t.JMeterThread: Thread started: S2 1-448
2026-10-06 08:18:59,152 INFO o.a.j.t.JMeterThread: Thread started: S2 1-449
2026-10-06 08:18:59,162 INFO o.a.j.t.JMeterThread: Thread started: S2 1-450
2026-10-06 08:18:59,171 INFO o.a.j.t.JMeterThread: Thread started: S2 1-451
2026-10-06 08:18:59,184 INFO o.a.j.t.JMeterThread: Thread started: S2 1-452
2026-10-06 08:18:59,192 INFO o.a.j.t.JMeterThread: Thread started: S2 1-453
2026-10-06 08:18:59,201 INFO o.a.j.t.JMeterThread: Thread started: S2 1-454
2026-10-06 08:18:59,211 INFO o.a.j.t.JMeterThread: Thread started: S2 1-455
2026-10-06 08:18:59,223 INFO o.a.j.t.JMeterThread: Thread started: S2 1-456
2026-10-06 08:18:59,231 INFO o.a.j.t.JMeterThread: Thread started: S2 1-457
2026-10-06 08:18:59,241 INFO o.a.j.t.JMeterThread: Thread started: S2 1-458
2026-10-06 08:18:59,253 INFO o.a.j.t.JMeterThread: Thread started: S2 1-459
2026-10-06 08:18:59,262 INFO o.a.j.t.JMeterThread: Thread started: S2 1-460
2026-10-06 08:18:59,272 INFO o.a.j.t.JMeterThread: Thread started: S2 1-461
2026-10-06 08:18:59,282 INFO o.a.j.t.JMeterThread: Thread started: S2 1-462
2026-10-06 08:18:59,293 INFO o.a.j.t.JMeterThread: Thread started: S2 1-463
2026-10-06 08:18:59,301 INFO o.a.j.t.JMeterThread: Thread started: S2 1-464
2026-10-06 08:18:59,312 INFO o.a.j.t.JMeterThread: Thread started: S2 1-465
2026-10-06 08:18:59,323 INFO o.a.j.t.JMeterThread: Thread started: S2 1-466
2026-10-06 08:18:59,331 INFO o.a.j.t.JMeterThread: Thread started: S2 1-467
2026-10-06 08:18:59,341 INFO o.a.j.t.JMeterThread: Thread started: S2 1-468
2026-10-06 08:18:59,353 INFO o.a.j.t.JMeterThread: Thread started: S2 1-469
2026-10-06 08:18:59,362 INFO o.a.j.t.JMeterThread: Thread started: S2 1-470
2026-10-06 08:18:59,371 INFO o.a.j.t.JMeterThread: Thread started: S2 1-471
2026-10-06 08:18:59,383 INFO o.a.j.t.JMeterThread: Thread started: S2 1-472
2026-10-06 08:18:59,392 INFO o.a.j.t.JMeterThread: Thread started: S2 1-473
2026-10-06 08:18:59,401 INFO o.a.j.t.JMeterThread: Thread started: S2 1-474
2026-10-06 08:18:59,412 INFO o.a.j.t.JMeterThread: Thread started: S2 1-475
2026-10-06 08:18:59,421 INFO o.a.j.t.JMeterThread: Thread started: S2 1-476
2026-10-06 08:18:59,432 INFO o.a.j.t.JMeterThread: Thread started: S2 1-477
2026-10-06 08:18:59,443 INFO o.a.j.t.JMeterThread: Thread started: S2 1-478
2026-10-06 08:18:59,451 INFO o.a.j.t.JMeterThread: Thread started: S2 1-479
2026-10-06 08:18:59,462 INFO o.a.j.t.JMeterThread: Thread started: S2 1-480
2026-10-06 08:18:59,472 INFO o.a.j.t.JMeterThread: Thread started: S2 1-481
2026-10-06 08:18:59,484 INFO o.a.j.t.JMeterThread: Thread started: S2 1-482
2026-10-06 08:18:59,492 INFO o.a.j.t.JMeterThread: Thread started: S2 1-483
2026-10-06 08:18:59,503 INFO o.a.j.t.JMeterThread: Thread started: S2 1-484
2026-10-06 08:18:59,511 INFO o.a.j.t.JMeterThread: Thread started: S2 1-485
2026-10-06 08:18:59,522 INFO o.a.j.t.JMeterThread: Thread started: S2 1-486
2026-10-06 08:18:59,531 INFO o.a.j.t.JMeterThread: Thread started: S2 1-487
2026-10-06 08:18:59,541 INFO o.a.j.t.JMeterThread: Thread started: S2 1-488
2026-10-06 08:18:59,552 INFO o.a.j.t.JMeterThread: Thread started: S2 1-489
2026-10-06 08:18:59,561 INFO o.a.j.t.JMeterThread: Thread started: S2 1-490
2026-10-06 08:18:59,572 INFO o.a.j.t.JMeterThread: Thread started: S2 1-491
2026-10-06 08:18:59,584 INFO o.a.j.t.JMeterThread: Thread started: S2 1-492
2026-10-06 08:18:59,592 INFO o.a.j.t.JMeterThread: Thread started: S2 1-493
2026-10-06 08:18:59,601 INFO o.a.j.t.JMeterThread: Thread started: S2 1-494
2026-10-06 08:18:59,612 INFO o.a.j.t.JMeterThread: Thread started: S2 1-495
2026-10-06 08:18:59,623 INFO o.a.j.t.JMeterThread: Thread started: S2 1-496
2026-10-06 08:18:59,631 INFO o.a.j.t.JMeterThread: Thread started: S2 1-497
2026-10-06 08:18:59,643 INFO o.a.j.t.JMeterThread: Thread started: S2 1-498
2026-10-06 08:18:59,653 INFO o.a.j.t.JMeterThread: Thread started: S2 1-499
2026-10-06 08:18:59,663 INFO o.a.j.t.JMeterThread: Thread started: S2 1-500
2026-10-06 08:18:59,672 INFO o.a.j.t.JMeterThread: Thread started: S2 1-501
2026-10-06 08:18:59,683 INFO o.a.j.t.JMeterThread: Thread started: S2 1-502
2026-10-06 08:18:59,695 INFO o.a.j.t.JMeterThread: Thread started: S2 1-503
2026-10-06 08:18:59,704 INFO o.a.j.t.JMeterThread: Thread started: S2 1-504
2026-10-06 08:18:59,712 INFO o.a.j.t.JMeterThread: Thread started: S2 1-505
2026-10-06 08:18:59,721 INFO o.a.j.t.JMeterThread: Thread started: S2 1-506
2026-10-06 08:18:59,731 INFO o.a.j.t.JMeterThread: Thread started: S2 1-507
2026-10-06 08:18:59,742 INFO o.a.j.t.JMeterThread: Thread started: S2 1-508
2026-10-06 08:18:59,751 INFO o.a.j.t.JMeterThread: Thread started: S2 1-509
2026-10-06 08:18:59,763 INFO o.a.j.t.JMeterThread: Thread started: S2 1-510
2026-10-06 08:18:59,773 INFO o.a.j.t.JMeterThread: Thread started: S2 1-511
2026-10-06 08:18:59,782 INFO o.a.j.t.JMeterThread: Thread started: S2 1-512
2026-10-06 08:18:59,792 INFO o.a.j.t.JMeterThread: Thread started: S2 1-513
2026-10-06 08:18:59,802 INFO o.a.j.t.JMeterThread: Thread started: S2 1-514
2026-10-06 08:18:59,813 INFO o.a.j.t.JMeterThread: Thread started: S2 1-515
2026-10-06 08:18:59,822 INFO o.a.j.t.JMeterThread: Thread started: S2 1-516
2026-10-06 08:18:59,832 INFO o.a.j.t.JMeterThread: Thread started: S2 1-517
2026-10-06 08:18:59,841 INFO o.a.j.t.JMeterThread: Thread started: S2 1-518
2026-10-06 08:18:59,852 INFO o.a.j.t.JMeterThread: Thread started: S2 1-519
2026-10-06 08:18:59,863 INFO o.a.j.t.JMeterThread: Thread started: S2 1-520
2026-10-06 08:18:59,871 INFO o.a.j.t.JMeterThread: Thread started: S2 1-521
2026-10-06 08:18:59,886 INFO o.a.j.t.JMeterThread: Thread started: S2 1-522
2026-10-06 08:18:59,892 INFO o.a.j.t.JMeterThread: Thread started: S2 1-523
2026-10-06 08:18:59,902 INFO o.a.j.t.JMeterThread: Thread started: S2 1-524
2026-10-06 08:18:59,912 INFO o.a.j.t.JMeterThread: Thread started: S2 1-525
2026-10-06 08:18:59,922 INFO o.a.j.t.JMeterThread: Thread started: S2 1-526
2026-10-06 08:18:59,931 INFO o.a.j.t.JMeterThread: Thread started: S2 1-527
2026-10-06 08:18:59,942 INFO o.a.j.t.JMeterThread: Thread started: S2 1-528
2026-10-06 08:18:59,952 INFO o.a.j.t.JMeterThread: Thread started: S2 1-529
2026-10-06 08:18:59,961 INFO o.a.j.t.JMeterThread: Thread started: S2 1-530
2026-10-06 08:18:59,971 INFO o.a.j.t.JMeterThread: Thread started: S2 1-531
2026-10-06 08:18:59,984 INFO o.a.j.t.JMeterThread: Thread started: S2 1-532
2026-10-06 08:18:59,991 INFO o.a.j.t.JMeterThread: Thread started: S2 1-533
2026-10-06 08:19:00,001 INFO o.a.j.t.JMeterThread: Thread started: S2 1-534
2026-10-06 08:19:00,002 INFO o.a.j.r.Summariser: summary +    690 in 00:00:06 =  112.7/s Avg:  1153 Min:    14 Max:  2682 Err:     0 (0.00%) Active: 534 Started: 534 Finished: 0
2026-10-06 08:19:00,012 INFO o.a.j.t.JMeterThread: Thread started: S2 1-535
2026-10-06 08:19:00,021 INFO o.a.j.t.JMeterThread: Thread started: S2 1-536
2026-10-06 08:19:00,033 INFO o.a.j.t.JMeterThread: Thread started: S2 1-537
2026-10-06 08:19:00,043 INFO o.a.j.t.JMeterThread: Thread started: S2 1-538
2026-10-06 08:19:00,051 INFO o.a.j.t.JMeterThread: Thread started: S2 1-539
2026-10-06 08:19:00,063 INFO o.a.j.t.JMeterThread: Thread started: S2 1-540
2026-10-06 08:19:00,072 INFO o.a.j.t.JMeterThread: Thread started: S2 1-541
2026-10-06 08:19:00,082 INFO o.a.j.t.JMeterThread: Thread started: S2 1-542
2026-10-06 08:19:00,091 INFO o.a.j.t.JMeterThread: Thread started: S2 1-543
2026-10-06 08:19:00,104 INFO o.a.j.t.JMeterThread: Thread started: S2 1-544
2026-10-06 08:19:00,111 INFO o.a.j.t.JMeterThread: Thread started: S2 1-545
2026-10-06 08:19:00,123 INFO o.a.j.t.JMeterThread: Thread started: S2 1-546
2026-10-06 08:19:00,139 INFO o.a.j.t.JMeterThread: Thread started: S2 1-547
2026-10-06 08:19:00,164 INFO o.a.j.t.JMeterThread: Thread started: S2 1-550
2026-10-06 08:19:00,171 INFO o.a.j.t.JMeterThread: Thread started: S2 1-549
2026-10-06 08:19:00,173 INFO o.a.j.t.JMeterThread: Thread started: S2 1-551
2026-10-06 08:19:00,175 INFO o.a.j.t.JMeterThread: Thread started: S2 1-548
2026-10-06 08:19:00,182 INFO o.a.j.t.JMeterThread: Thread started: S2 1-552
2026-10-06 08:19:00,194 INFO o.a.j.t.JMeterThread: Thread started: S2 1-553
2026-10-06 08:19:00,202 INFO o.a.j.t.JMeterThread: Thread started: S2 1-554
2026-10-06 08:19:00,212 INFO o.a.j.t.JMeterThread: Thread started: S2 1-555
2026-10-06 08:19:00,223 INFO o.a.j.t.JMeterThread: Thread started: S2 1-556
2026-10-06 08:19:00,233 INFO o.a.j.t.JMeterThread: Thread started: S2 1-557
2026-10-06 08:19:00,243 INFO o.a.j.t.JMeterThread: Thread started: S2 1-558
2026-10-06 08:19:00,252 INFO o.a.j.t.JMeterThread: Thread started: S2 1-559
2026-10-06 08:19:00,263 INFO o.a.j.t.JMeterThread: Thread started: S2 1-560
2026-10-06 08:19:00,272 INFO o.a.j.t.JMeterThread: Thread started: S2 1-561
2026-10-06 08:19:00,284 INFO o.a.j.t.JMeterThread: Thread started: S2 1-562
2026-10-06 08:19:00,292 INFO o.a.j.t.JMeterThread: Thread started: S2 1-563
2026-10-06 08:19:00,303 INFO o.a.j.t.JMeterThread: Thread started: S2 1-564
2026-10-06 08:19:00,311 INFO o.a.j.t.JMeterThread: Thread started: S2 1-565
2026-10-06 08:19:00,322 INFO o.a.j.t.JMeterThread: Thread started: S2 1-566
2026-10-06 08:19:00,333 INFO o.a.j.t.JMeterThread: Thread started: S2 1-567
2026-10-06 08:19:00,343 INFO o.a.j.t.JMeterThread: Thread started: S2 1-568
2026-10-06 08:19:00,351 INFO o.a.j.t.JMeterThread: Thread started: S2 1-569
2026-10-06 08:19:00,362 INFO o.a.j.t.JMeterThread: Thread started: S2 1-570
2026-10-06 08:19:00,376 INFO o.a.j.t.JMeterThread: Thread started: S2 1-571
2026-10-06 08:19:00,381 INFO o.a.j.t.JMeterThread: Thread started: S2 1-572
2026-10-06 08:19:00,391 INFO o.a.j.t.JMeterThread: Thread started: S2 1-573
2026-10-06 08:19:00,403 INFO o.a.j.t.JMeterThread: Thread started: S2 1-574
2026-10-06 08:19:00,412 INFO o.a.j.t.JMeterThread: Thread started: S2 1-575
2026-10-06 08:19:00,421 INFO o.a.j.t.JMeterThread: Thread started: S2 1-576
2026-10-06 08:19:00,431 INFO o.a.j.t.JMeterThread: Thread started: S2 1-577
2026-10-06 08:19:00,443 INFO o.a.j.t.JMeterThread: Thread started: S2 1-578
2026-10-06 08:19:00,452 INFO o.a.j.t.JMeterThread: Thread started: S2 1-579
2026-10-06 08:19:00,462 INFO o.a.j.t.JMeterThread: Thread started: S2 1-580
2026-10-06 08:19:00,476 INFO o.a.j.t.JMeterThread: Thread started: S2 1-581
2026-10-06 08:19:00,485 INFO o.a.j.t.JMeterThread: Thread started: S2 1-582
2026-10-06 08:19:00,492 INFO o.a.j.t.JMeterThread: Thread started: S2 1-583
2026-10-06 08:19:00,501 INFO o.a.j.t.JMeterThread: Thread started: S2 1-584
2026-10-06 08:19:00,512 INFO o.a.j.t.JMeterThread: Thread started: S2 1-585
2026-10-06 08:19:00,523 INFO o.a.j.t.JMeterThread: Thread started: S2 1-586
2026-10-06 08:19:00,531 INFO o.a.j.t.JMeterThread: Thread started: S2 1-587
2026-10-06 08:19:00,541 INFO o.a.j.t.JMeterThread: Thread started: S2 1-588
2026-10-06 08:19:00,552 INFO o.a.j.t.JMeterThread: Thread started: S2 1-589
2026-10-06 08:19:00,563 INFO o.a.j.t.JMeterThread: Thread started: S2 1-590
2026-10-06 08:19:00,571 INFO o.a.j.t.JMeterThread: Thread started: S2 1-591
2026-10-06 08:19:00,582 INFO o.a.j.t.JMeterThread: Thread started: S2 1-592
2026-10-06 08:19:00,592 INFO o.a.j.t.JMeterThread: Thread started: S2 1-593
2026-10-06 08:19:00,603 INFO o.a.j.t.JMeterThread: Thread started: S2 1-594
2026-10-06 08:19:00,611 INFO o.a.j.t.JMeterThread: Thread started: S2 1-595
2026-10-06 08:19:00,622 INFO o.a.j.t.JMeterThread: Thread started: S2 1-596
2026-10-06 08:19:00,633 INFO o.a.j.t.JMeterThread: Thread started: S2 1-597
2026-10-06 08:19:00,641 INFO o.a.j.t.JMeterThread: Thread started: S2 1-598
2026-10-06 08:19:00,652 INFO o.a.j.t.JMeterThread: Thread started: S2 1-599
2026-10-06 08:19:00,663 INFO o.a.j.t.JMeterThread: Thread started: S2 1-600
2026-10-06 08:19:00,714 INFO o.a.j.t.JMeterThread: Thread started: S2 1-604
2026-10-06 08:19:00,714 INFO o.a.j.t.JMeterThread: Thread started: S2 1-602
2026-10-06 08:19:00,714 INFO o.a.j.t.JMeterThread: Thread started: S2 1-603
2026-10-06 08:19:00,714 INFO o.a.j.t.JMeterThread: Thread started: S2 1-601
2026-10-06 08:19:00,714 INFO o.a.j.t.JMeterThread: Thread started: S2 1-605
2026-10-06 08:19:00,724 INFO o.a.j.t.JMeterThread: Thread started: S2 1-606
2026-10-06 08:19:00,732 INFO o.a.j.t.JMeterThread: Thread started: S2 1-607
2026-10-06 08:19:00,741 INFO o.a.j.t.JMeterThread: Thread started: S2 1-608
2026-10-06 08:19:00,751 INFO o.a.j.t.JMeterThread: Thread started: S2 1-609
2026-10-06 08:19:00,763 INFO o.a.j.t.JMeterThread: Thread started: S2 1-610
2026-10-06 08:19:00,773 INFO o.a.j.t.JMeterThread: Thread started: S2 1-611
2026-10-06 08:19:00,782 INFO o.a.j.t.JMeterThread: Thread started: S2 1-612
2026-10-06 08:19:00,792 INFO o.a.j.t.JMeterThread: Thread started: S2 1-613
2026-10-06 08:19:00,802 INFO o.a.j.t.JMeterThread: Thread started: S2 1-614
2026-10-06 08:19:00,812 INFO o.a.j.t.JMeterThread: Thread started: S2 1-615
2026-10-06 08:19:00,822 INFO o.a.j.t.JMeterThread: Thread started: S2 1-616
2026-10-06 08:19:00,832 INFO o.a.j.t.JMeterThread: Thread started: S2 1-617
2026-10-06 08:19:00,841 INFO o.a.j.t.JMeterThread: Thread started: S2 1-618
2026-10-06 08:19:00,851 INFO o.a.j.t.JMeterThread: Thread started: S2 1-619
2026-10-06 08:19:00,862 INFO o.a.j.t.JMeterThread: Thread started: S2 1-620
2026-10-06 08:19:00,871 INFO o.a.j.t.JMeterThread: Thread started: S2 1-621
2026-10-06 08:19:00,885 INFO o.a.j.t.JMeterThread: Thread started: S2 1-622
2026-10-06 08:19:00,893 INFO o.a.j.t.JMeterThread: Thread started: S2 1-623
2026-10-06 08:19:00,904 INFO o.a.j.t.JMeterThread: Thread started: S2 1-624
2026-10-06 08:19:00,911 INFO o.a.j.t.JMeterThread: Thread started: S2 1-625
2026-10-06 08:19:00,922 INFO o.a.j.t.JMeterThread: Thread started: S2 1-626
2026-10-06 08:19:00,932 INFO o.a.j.t.JMeterThread: Thread started: S2 1-627
2026-10-06 08:19:00,941 INFO o.a.j.t.JMeterThread: Thread started: S2 1-628
2026-10-06 08:19:00,951 INFO o.a.j.t.JMeterThread: Thread started: S2 1-629
2026-10-06 08:19:00,963 INFO o.a.j.t.JMeterThread: Thread started: S2 1-630
2026-10-06 08:19:00,972 INFO o.a.j.t.JMeterThread: Thread started: S2 1-631
2026-10-06 08:19:00,981 INFO o.a.j.t.JMeterThread: Thread started: S2 1-632
2026-10-06 08:19:00,992 INFO o.a.j.t.JMeterThread: Thread started: S2 1-633
2026-10-06 08:19:01,004 INFO o.a.j.t.JMeterThread: Thread started: S2 1-634
2026-10-06 08:19:01,011 INFO o.a.j.t.JMeterThread: Thread started: S2 1-635
2026-10-06 08:19:01,021 INFO o.a.j.t.JMeterThread: Thread started: S2 1-636
2026-10-06 08:19:01,033 INFO o.a.j.t.JMeterThread: Thread started: S2 1-637
2026-10-06 08:19:01,043 INFO o.a.j.t.JMeterThread: Thread started: S2 1-638
2026-10-06 08:19:01,051 INFO o.a.j.t.JMeterThread: Thread started: S2 1-639
2026-10-06 08:19:01,061 INFO o.a.j.t.JMeterThread: Thread started: S2 1-640
2026-10-06 08:19:01,072 INFO o.a.j.t.JMeterThread: Thread started: S2 1-641
2026-10-06 08:19:01,083 INFO o.a.j.t.JMeterThread: Thread started: S2 1-642
2026-10-06 08:19:01,092 INFO o.a.j.t.JMeterThread: Thread started: S2 1-643
2026-10-06 08:19:01,103 INFO o.a.j.t.JMeterThread: Thread started: S2 1-644
2026-10-06 08:19:01,113 INFO o.a.j.t.JMeterThread: Thread started: S2 1-645
2026-10-06 08:19:01,121 INFO o.a.j.t.JMeterThread: Thread started: S2 1-646
2026-10-06 08:19:01,133 INFO o.a.j.t.JMeterThread: Thread started: S2 1-647
2026-10-06 08:19:01,143 INFO o.a.j.t.JMeterThread: Thread started: S2 1-648
2026-10-06 08:19:01,151 INFO o.a.j.t.JMeterThread: Thread started: S2 1-649
2026-10-06 08:19:01,161 INFO o.a.j.t.JMeterThread: Thread started: S2 1-650
2026-10-06 08:19:01,173 INFO o.a.j.t.JMeterThread: Thread started: S2 1-651
2026-10-06 08:19:01,182 INFO o.a.j.t.JMeterThread: Thread started: S2 1-652
2026-10-06 08:19:01,191 INFO o.a.j.t.JMeterThread: Thread started: S2 1-653
2026-10-06 08:19:01,201 INFO o.a.j.t.JMeterThread: Thread started: S2 1-654
2026-10-06 08:19:01,212 INFO o.a.j.t.JMeterThread: Thread started: S2 1-655
2026-10-06 08:19:01,221 INFO o.a.j.t.JMeterThread: Thread started: S2 1-656
2026-10-06 08:19:01,231 INFO o.a.j.t.JMeterThread: Thread started: S2 1-657
2026-10-06 08:19:01,242 INFO o.a.j.t.JMeterThread: Thread started: S2 1-658
2026-10-06 08:19:01,252 INFO o.a.j.t.JMeterThread: Thread started: S2 1-659
2026-10-06 08:19:01,261 INFO o.a.j.t.JMeterThread: Thread started: S2 1-660
2026-10-06 08:19:01,271 INFO o.a.j.t.JMeterThread: Thread started: S2 1-661
2026-10-06 08:19:01,283 INFO o.a.j.t.JMeterThread: Thread started: S2 1-662
2026-10-06 08:19:01,291 INFO o.a.j.t.JMeterThread: Thread started: S2 1-663
2026-10-06 08:19:01,302 INFO o.a.j.t.JMeterThread: Thread started: S2 1-664
2026-10-06 08:19:01,312 INFO o.a.j.t.JMeterThread: Thread started: S2 1-665
2026-10-06 08:19:01,322 INFO o.a.j.t.JMeterThread: Thread started: S2 1-666
2026-10-06 08:19:01,331 INFO o.a.j.t.JMeterThread: Thread started: S2 1-667
2026-10-06 08:19:01,342 INFO o.a.j.t.JMeterThread: Thread started: S2 1-668
2026-10-06 08:19:01,352 INFO o.a.j.t.JMeterThread: Thread started: S2 1-669
2026-10-06 08:19:01,363 INFO o.a.j.t.JMeterThread: Thread started: S2 1-670
2026-10-06 08:19:01,373 INFO o.a.j.t.JMeterThread: Thread started: S2 1-671
2026-10-06 08:19:01,381 INFO o.a.j.t.JMeterThread: Thread started: S2 1-672
2026-10-06 08:19:01,392 INFO o.a.j.t.JMeterThread: Thread started: S2 1-673
2026-10-06 08:19:01,401 INFO o.a.j.t.JMeterThread: Thread started: S2 1-674
2026-10-06 08:19:01,411 INFO o.a.j.t.JMeterThread: Thread started: S2 1-675
2026-10-06 08:19:01,421 INFO o.a.j.t.JMeterThread: Thread started: S2 1-676
2026-10-06 08:19:01,432 INFO o.a.j.t.JMeterThread: Thread started: S2 1-677
2026-10-06 08:19:01,442 INFO o.a.j.t.JMeterThread: Thread started: S2 1-678
2026-10-06 08:19:01,452 INFO o.a.j.t.JMeterThread: Thread started: S2 1-679
2026-10-06 08:19:01,463 INFO o.a.j.t.JMeterThread: Thread started: S2 1-680
2026-10-06 08:19:01,475 INFO o.a.j.t.JMeterThread: Thread started: S2 1-681
2026-10-06 08:19:01,481 INFO o.a.j.t.JMeterThread: Thread started: S2 1-682
2026-10-06 08:19:01,492 INFO o.a.j.t.JMeterThread: Thread started: S2 1-683
2026-10-06 08:19:01,502 INFO o.a.j.t.JMeterThread: Thread started: S2 1-684
2026-10-06 08:19:01,512 INFO o.a.j.t.JMeterThread: Thread started: S2 1-685
2026-10-06 08:19:01,521 INFO o.a.j.t.JMeterThread: Thread started: S2 1-686
2026-10-06 08:19:01,532 INFO o.a.j.t.JMeterThread: Thread started: S2 1-687
2026-10-06 08:19:01,541 INFO o.a.j.t.JMeterThread: Thread started: S2 1-688
2026-10-06 08:19:01,552 INFO o.a.j.t.JMeterThread: Thread started: S2 1-689
2026-10-06 08:19:01,563 INFO o.a.j.t.JMeterThread: Thread started: S2 1-690
2026-10-06 08:19:01,572 INFO o.a.j.t.JMeterThread: Thread started: S2 1-691
2026-10-06 08:19:01,581 INFO o.a.j.t.JMeterThread: Thread started: S2 1-692
2026-10-06 08:19:01,596 INFO o.a.j.t.JMeterThread: Thread started: S2 1-693
2026-10-06 08:19:01,601 INFO o.a.j.t.JMeterThread: Thread started: S2 1-694
2026-10-06 08:19:01,611 INFO o.a.j.t.JMeterThread: Thread started: S2 1-695
2026-10-06 08:19:01,621 INFO o.a.j.t.JMeterThread: Thread started: S2 1-696
2026-10-06 08:19:01,632 INFO o.a.j.t.JMeterThread: Thread started: S2 1-697
2026-10-06 08:19:01,641 INFO o.a.j.t.JMeterThread: Thread started: S2 1-698
2026-10-06 08:19:01,651 INFO o.a.j.t.JMeterThread: Thread started: S2 1-699
2026-10-06 08:19:01,661 INFO o.a.j.t.JMeterThread: Thread started: S2 1-700
2026-10-06 08:19:01,672 INFO o.a.j.t.JMeterThread: Thread started: S2 1-701
2026-10-06 08:19:01,681 INFO o.a.j.t.JMeterThread: Thread started: S2 1-702
2026-10-06 08:19:01,692 INFO o.a.j.t.JMeterThread: Thread started: S2 1-703
2026-10-06 08:19:01,703 INFO o.a.j.t.JMeterThread: Thread started: S2 1-704
2026-10-06 08:19:01,713 INFO o.a.j.t.JMeterThread: Thread started: S2 1-705
2026-10-06 08:19:01,721 INFO o.a.j.t.JMeterThread: Thread started: S2 1-706
2026-10-06 08:19:01,731 INFO o.a.j.t.JMeterThread: Thread started: S2 1-707
2026-10-06 08:19:01,743 INFO o.a.j.t.JMeterThread: Thread started: S2 1-708
2026-10-06 08:19:01,753 INFO o.a.j.t.JMeterThread: Thread started: S2 1-709
2026-10-06 08:19:01,761 INFO o.a.j.t.JMeterThread: Thread started: S2 1-710
2026-10-06 08:19:01,772 INFO o.a.j.t.JMeterThread: Thread started: S2 1-711
2026-10-06 08:19:01,782 INFO o.a.j.t.JMeterThread: Thread started: S2 1-712
2026-10-06 08:19:01,791 INFO o.a.j.t.JMeterThread: Thread started: S2 1-713
2026-10-06 08:19:01,801 INFO o.a.j.t.JMeterThread: Thread started: S2 1-714
2026-10-06 08:19:01,812 INFO o.a.j.t.JMeterThread: Thread started: S2 1-715
2026-10-06 08:19:01,821 INFO o.a.j.t.JMeterThread: Thread started: S2 1-716
2026-10-06 08:19:01,831 INFO o.a.j.t.JMeterThread: Thread started: S2 1-717
2026-10-06 08:19:01,842 INFO o.a.j.t.JMeterThread: Thread started: S2 1-718
2026-10-06 08:19:01,857 INFO o.a.j.t.JMeterThread: Thread started: S2 1-719
2026-10-06 08:19:01,865 INFO o.a.j.t.JMeterThread: Thread started: S2 1-720
2026-10-06 08:19:01,875 INFO o.a.j.t.JMeterThread: Thread started: S2 1-721
2026-10-06 08:19:01,896 INFO o.a.j.t.JMeterThread: Thread started: S2 1-723
2026-10-06 08:19:01,903 INFO o.a.j.t.JMeterThread: Thread started: S2 1-724
2026-10-06 08:19:01,911 INFO o.a.j.t.JMeterThread: Thread started: S2 1-725
2026-10-06 08:19:01,915 INFO o.a.j.t.JMeterThread: Thread started: S2 1-722
2026-10-06 08:19:01,922 INFO o.a.j.t.JMeterThread: Thread started: S2 1-726
2026-10-06 08:19:01,932 INFO o.a.j.t.JMeterThread: Thread started: S2 1-727
2026-10-06 08:19:01,941 INFO o.a.j.t.JMeterThread: Thread started: S2 1-728
2026-10-06 08:19:01,953 INFO o.a.j.t.JMeterThread: Thread started: S2 1-729
2026-10-06 08:19:01,961 INFO o.a.j.t.JMeterThread: Thread started: S2 1-730
2026-10-06 08:19:01,972 INFO o.a.j.t.JMeterThread: Thread started: S2 1-731
2026-10-06 08:19:01,983 INFO o.a.j.t.JMeterThread: Thread started: S2 1-732
2026-10-06 08:19:01,992 INFO o.a.j.t.JMeterThread: Thread started: S2 1-733
2026-10-06 08:19:02,004 INFO o.a.j.t.JMeterThread: Thread started: S2 1-734
2026-10-06 08:19:02,012 INFO o.a.j.t.JMeterThread: Thread started: S2 1-735
2026-10-06 08:19:02,022 INFO o.a.j.t.JMeterThread: Thread started: S2 1-736
2026-10-06 08:19:02,031 INFO o.a.j.t.JMeterThread: Thread started: S2 1-737
2026-10-06 08:19:02,043 INFO o.a.j.t.JMeterThread: Thread started: S2 1-738
2026-10-06 08:19:02,052 INFO o.a.j.t.JMeterThread: Thread started: S2 1-739
2026-10-06 08:19:02,062 INFO o.a.j.t.JMeterThread: Thread started: S2 1-740
2026-10-06 08:19:02,071 INFO o.a.j.t.JMeterThread: Thread started: S2 1-741
2026-10-06 08:19:02,083 INFO o.a.j.t.JMeterThread: Thread started: S2 1-742
2026-10-06 08:19:02,092 INFO o.a.j.t.JMeterThread: Thread started: S2 1-743
2026-10-06 08:19:02,102 INFO o.a.j.t.JMeterThread: Thread started: S2 1-744
2026-10-06 08:19:02,113 INFO o.a.j.t.JMeterThread: Thread started: S2 1-745
2026-10-06 08:19:02,123 INFO o.a.j.t.JMeterThread: Thread started: S2 1-746
2026-10-06 08:19:02,131 INFO o.a.j.t.JMeterThread: Thread started: S2 1-747
2026-10-06 08:19:02,141 INFO o.a.j.t.JMeterThread: Thread started: S2 1-748
2026-10-06 08:19:02,152 INFO o.a.j.t.JMeterThread: Thread started: S2 1-749
2026-10-06 08:19:02,163 INFO o.a.j.t.JMeterThread: Thread started: S2 1-750
2026-10-06 08:19:02,173 INFO o.a.j.t.JMeterThread: Thread started: S2 1-751
2026-10-06 08:19:02,181 INFO o.a.j.t.JMeterThread: Thread started: S2 1-752
2026-10-06 08:19:02,192 INFO o.a.j.t.JMeterThread: Thread started: S2 1-753
2026-10-06 08:19:02,202 INFO o.a.j.t.JMeterThread: Thread started: S2 1-754
2026-10-06 08:19:02,211 INFO o.a.j.t.JMeterThread: Thread started: S2 1-755
2026-10-06 08:19:02,221 INFO o.a.j.t.JMeterThread: Thread started: S2 1-756
2026-10-06 08:19:02,231 INFO o.a.j.t.JMeterThread: Thread started: S2 1-757
2026-10-06 08:19:02,243 INFO o.a.j.t.JMeterThread: Thread started: S2 1-758
2026-10-06 08:19:02,251 INFO o.a.j.t.JMeterThread: Thread started: S2 1-759
2026-10-06 08:19:02,261 INFO o.a.j.t.JMeterThread: Thread started: S2 1-760
2026-10-06 08:19:02,272 INFO o.a.j.t.JMeterThread: Thread started: S2 1-761
2026-10-06 08:19:02,282 INFO o.a.j.t.JMeterThread: Thread started: S2 1-762
2026-10-06 08:19:02,291 INFO o.a.j.t.JMeterThread: Thread started: S2 1-763
2026-10-06 08:19:02,304 INFO o.a.j.t.JMeterThread: Thread started: S2 1-764
2026-10-06 08:19:02,313 INFO o.a.j.t.JMeterThread: Thread started: S2 1-765
2026-10-06 08:19:02,321 INFO o.a.j.t.JMeterThread: Thread started: S2 1-766
2026-10-06 08:19:02,331 INFO o.a.j.t.JMeterThread: Thread started: S2 1-767
2026-10-06 08:19:02,343 INFO o.a.j.t.JMeterThread: Thread started: S2 1-768
2026-10-06 08:19:02,352 INFO o.a.j.t.JMeterThread: Thread started: S2 1-769
2026-10-06 08:19:02,362 INFO o.a.j.t.JMeterThread: Thread started: S2 1-770
2026-10-06 08:19:02,372 INFO o.a.j.t.JMeterThread: Thread started: S2 1-771
2026-10-06 08:19:02,383 INFO o.a.j.t.JMeterThread: Thread started: S2 1-772
2026-10-06 08:19:02,392 INFO o.a.j.t.JMeterThread: Thread started: S2 1-773
2026-10-06 08:19:02,404 INFO o.a.j.t.JMeterThread: Thread started: S2 1-774
2026-10-06 08:19:02,412 INFO o.a.j.t.JMeterThread: Thread started: S2 1-775
2026-10-06 08:19:02,421 INFO o.a.j.t.JMeterThread: Thread started: S2 1-776
2026-10-06 08:19:02,431 INFO o.a.j.t.JMeterThread: Thread started: S2 1-777
2026-10-06 08:19:02,442 INFO o.a.j.t.JMeterThread: Thread started: S2 1-778
2026-10-06 08:19:02,451 INFO o.a.j.t.JMeterThread: Thread started: S2 1-779
2026-10-06 08:19:02,461 INFO o.a.j.t.JMeterThread: Thread started: S2 1-780
2026-10-06 08:19:02,471 INFO o.a.j.t.JMeterThread: Thread started: S2 1-781
2026-10-06 08:19:02,482 INFO o.a.j.t.JMeterThread: Thread started: S2 1-782
2026-10-06 08:19:02,491 INFO o.a.j.t.JMeterThread: Thread started: S2 1-783
2026-10-06 08:19:02,501 INFO o.a.j.t.JMeterThread: Thread started: S2 1-784
2026-10-06 08:19:02,511 INFO o.a.j.t.JMeterThread: Thread started: S2 1-785
2026-10-06 08:19:02,522 INFO o.a.j.t.JMeterThread: Thread started: S2 1-786
2026-10-06 08:19:02,531 INFO o.a.j.t.JMeterThread: Thread started: S2 1-787
2026-10-06 08:19:02,541 INFO o.a.j.t.JMeterThread: Thread started: S2 1-788
2026-10-06 08:19:02,552 INFO o.a.j.t.JMeterThread: Thread started: S2 1-789
2026-10-06 08:19:02,563 INFO o.a.j.t.JMeterThread: Thread started: S2 1-790
2026-10-06 08:19:02,571 INFO o.a.j.t.JMeterThread: Thread started: S2 1-791
2026-10-06 08:19:02,581 INFO o.a.j.t.JMeterThread: Thread started: S2 1-792
2026-10-06 08:19:02,592 INFO o.a.j.t.JMeterThread: Thread started: S2 1-793
2026-10-06 08:19:02,604 INFO o.a.j.t.JMeterThread: Thread started: S2 1-794
2026-10-06 08:19:02,611 INFO o.a.j.t.JMeterThread: Thread started: S2 1-795
2026-10-06 08:19:02,622 INFO o.a.j.t.JMeterThread: Thread started: S2 1-796
2026-10-06 08:19:02,632 INFO o.a.j.t.JMeterThread: Thread started: S2 1-797
2026-10-06 08:19:02,642 INFO o.a.j.t.JMeterThread: Thread started: S2 1-798
2026-10-06 08:19:02,651 INFO o.a.j.t.JMeterThread: Thread started: S2 1-799
2026-10-06 08:19:02,661 INFO o.a.j.t.JMeterThread: Thread started: S2 1-800
2026-10-06 08:19:02,672 INFO o.a.j.t.JMeterThread: Thread started: S2 1-801
2026-10-06 08:19:02,683 INFO o.a.j.t.JMeterThread: Thread started: S2 1-802
2026-10-06 08:19:02,691 INFO o.a.j.t.JMeterThread: Thread started: S2 1-803
2026-10-06 08:19:02,701 INFO o.a.j.t.JMeterThread: Thread started: S2 1-804
2026-10-06 08:19:02,712 INFO o.a.j.t.JMeterThread: Thread started: S2 1-805
2026-10-06 08:19:02,722 INFO o.a.j.t.JMeterThread: Thread started: S2 1-806
2026-10-06 08:19:02,731 INFO o.a.j.t.JMeterThread: Thread started: S2 1-807
2026-10-06 08:19:02,741 INFO o.a.j.t.JMeterThread: Thread started: S2 1-808
2026-10-06 08:19:02,753 INFO o.a.j.t.JMeterThread: Thread started: S2 1-809
2026-10-06 08:19:02,763 INFO o.a.j.t.JMeterThread: Thread started: S2 1-810
2026-10-06 08:19:02,771 INFO o.a.j.t.JMeterThread: Thread started: S2 1-811
2026-10-06 08:19:02,782 INFO o.a.j.t.JMeterThread: Thread started: S2 1-812
2026-10-06 08:19:02,793 INFO o.a.j.t.JMeterThread: Thread started: S2 1-813
2026-10-06 08:19:02,801 INFO o.a.j.t.JMeterThread: Thread started: S2 1-814
2026-10-06 08:19:02,811 INFO o.a.j.t.JMeterThread: Thread started: S2 1-815
2026-10-06 08:19:02,823 INFO o.a.j.t.JMeterThread: Thread started: S2 1-816
2026-10-06 08:19:02,832 INFO o.a.j.t.JMeterThread: Thread started: S2 1-817
2026-10-06 08:19:02,841 INFO o.a.j.t.JMeterThread: Thread started: S2 1-818
2026-10-06 08:19:02,852 INFO o.a.j.t.JMeterThread: Thread started: S2 1-819
2026-10-06 08:19:02,864 INFO o.a.j.t.JMeterThread: Thread started: S2 1-820
2026-10-06 08:19:02,871 INFO o.a.j.t.JMeterThread: Thread started: S2 1-821
2026-10-06 08:19:02,884 INFO o.a.j.t.JMeterThread: Thread started: S2 1-822
2026-10-06 08:19:02,893 INFO o.a.j.t.JMeterThread: Thread started: S2 1-823
2026-10-06 08:19:02,903 INFO o.a.j.t.JMeterThread: Thread started: S2 1-824
2026-10-06 08:19:02,912 INFO o.a.j.t.JMeterThread: Thread started: S2 1-825
2026-10-06 08:19:02,922 INFO o.a.j.t.JMeterThread: Thread started: S2 1-826
2026-10-06 08:19:02,933 INFO o.a.j.t.JMeterThread: Thread started: S2 1-827
2026-10-06 08:19:02,943 INFO o.a.j.t.JMeterThread: Thread started: S2 1-828
2026-10-06 08:19:02,951 INFO o.a.j.t.JMeterThread: Thread started: S2 1-829
2026-10-06 08:19:02,961 INFO o.a.j.t.JMeterThread: Thread started: S2 1-830
2026-10-06 08:19:02,976 INFO o.a.j.t.JMeterThread: Thread started: S2 1-831
2026-10-06 08:19:02,981 INFO o.a.j.t.JMeterThread: Thread started: S2 1-832
2026-10-06 08:19:02,991 INFO o.a.j.t.JMeterThread: Thread started: S2 1-833
2026-10-06 08:19:03,001 INFO o.a.j.t.JMeterThread: Thread started: S2 1-834
2026-10-06 08:19:03,013 INFO o.a.j.t.JMeterThread: Thread started: S2 1-835
2026-10-06 08:19:03,021 INFO o.a.j.t.JMeterThread: Thread started: S2 1-836
2026-10-06 08:19:03,032 INFO o.a.j.t.JMeterThread: Thread started: S2 1-837
2026-10-06 08:19:03,043 INFO o.a.j.t.JMeterThread: Thread started: S2 1-838
2026-10-06 08:19:03,053 INFO o.a.j.t.JMeterThread: Thread started: S2 1-839
2026-10-06 08:19:03,061 INFO o.a.j.t.JMeterThread: Thread started: S2 1-840
2026-10-06 08:19:03,072 INFO o.a.j.t.JMeterThread: Thread started: S2 1-841
2026-10-06 08:19:03,083 INFO o.a.j.t.JMeterThread: Thread started: S2 1-842
2026-10-06 08:19:03,093 INFO o.a.j.t.JMeterThread: Thread started: S2 1-843
2026-10-06 08:19:03,101 INFO o.a.j.t.JMeterThread: Thread started: S2 1-844
2026-10-06 08:19:03,111 INFO o.a.j.t.JMeterThread: Thread started: S2 1-845
2026-10-06 08:19:03,122 INFO o.a.j.t.JMeterThread: Thread started: S2 1-846
2026-10-06 08:19:03,131 INFO o.a.j.t.JMeterThread: Thread started: S2 1-847
2026-10-06 08:19:03,141 INFO o.a.j.t.JMeterThread: Thread started: S2 1-848
2026-10-06 08:19:03,152 INFO o.a.j.t.JMeterThread: Thread started: S2 1-849
2026-10-06 08:19:03,162 INFO o.a.j.t.JMeterThread: Thread started: S2 1-850
2026-10-06 08:19:03,171 INFO o.a.j.t.JMeterThread: Thread started: S2 1-851
2026-10-06 08:19:03,181 INFO o.a.j.t.JMeterThread: Thread started: S2 1-852
2026-10-06 08:19:03,196 INFO o.a.j.t.JMeterThread: Thread started: S2 1-853
2026-10-06 08:19:03,202 INFO o.a.j.t.JMeterThread: Thread started: S2 1-854
2026-10-06 08:19:03,211 INFO o.a.j.t.JMeterThread: Thread started: S2 1-855
2026-10-06 08:19:03,222 INFO o.a.j.t.JMeterThread: Thread started: S2 1-856
2026-10-06 08:19:03,232 INFO o.a.j.t.JMeterThread: Thread started: S2 1-857
2026-10-06 08:19:03,241 INFO o.a.j.t.JMeterThread: Thread started: S2 1-858
2026-10-06 08:19:03,251 INFO o.a.j.t.JMeterThread: Thread started: S2 1-859
2026-10-06 08:19:03,261 INFO o.a.j.t.JMeterThread: Thread started: S2 1-860
2026-10-06 08:19:03,273 INFO o.a.j.t.JMeterThread: Thread started: S2 1-861
2026-10-06 08:19:03,281 INFO o.a.j.t.JMeterThread: Thread started: S2 1-862
2026-10-06 08:19:03,291 INFO o.a.j.t.JMeterThread: Thread started: S2 1-863
2026-10-06 08:19:03,307 INFO o.a.j.t.JMeterThread: Thread started: S2 1-864
2026-10-06 08:19:03,313 INFO o.a.j.t.JMeterThread: Thread started: S2 1-865
2026-10-06 08:19:03,321 INFO o.a.j.t.JMeterThread: Thread started: S2 1-866
2026-10-06 08:19:03,332 INFO o.a.j.t.JMeterThread: Thread started: S2 1-867
2026-10-06 08:19:03,342 INFO o.a.j.t.JMeterThread: Thread started: S2 1-868
2026-10-06 08:19:03,352 INFO o.a.j.t.JMeterThread: Thread started: S2 1-869
2026-10-06 08:19:03,362 INFO o.a.j.t.JMeterThread: Thread started: S2 1-870
2026-10-06 08:19:03,376 INFO o.a.j.t.JMeterThread: Thread started: S2 1-871
2026-10-06 08:19:03,384 INFO o.a.j.t.JMeterThread: Thread started: S2 1-872
2026-10-06 08:19:03,392 INFO o.a.j.t.JMeterThread: Thread started: S2 1-873
2026-10-06 08:19:03,401 INFO o.a.j.t.JMeterThread: Thread started: S2 1-874
2026-10-06 08:19:03,411 INFO o.a.j.t.JMeterThread: Thread started: S2 1-875
2026-10-06 08:19:03,423 INFO o.a.j.t.JMeterThread: Thread started: S2 1-876
2026-10-06 08:19:03,431 INFO o.a.j.t.JMeterThread: Thread started: S2 1-877
2026-10-06 08:19:03,442 INFO o.a.j.t.JMeterThread: Thread started: S2 1-878
2026-10-06 08:19:03,452 INFO o.a.j.t.JMeterThread: Thread started: S2 1-879
2026-10-06 08:19:03,461 INFO o.a.j.t.JMeterThread: Thread started: S2 1-880
2026-10-06 08:19:03,475 INFO o.a.j.t.JMeterThread: Thread started: S2 1-881
2026-10-06 08:19:03,483 INFO o.a.j.t.JMeterThread: Thread started: S2 1-882
2026-10-06 08:19:03,492 INFO o.a.j.t.JMeterThread: Thread started: S2 1-883
2026-10-06 08:19:03,501 INFO o.a.j.t.JMeterThread: Thread started: S2 1-884
2026-10-06 08:19:03,513 INFO o.a.j.t.JMeterThread: Thread started: S2 1-885
2026-10-06 08:19:03,522 INFO o.a.j.t.JMeterThread: Thread started: S2 1-886
2026-10-06 08:19:03,532 INFO o.a.j.t.JMeterThread: Thread started: S2 1-887
2026-10-06 08:19:03,542 INFO o.a.j.t.JMeterThread: Thread started: S2 1-888
2026-10-06 08:19:03,553 INFO o.a.j.t.JMeterThread: Thread started: S2 1-889
2026-10-06 08:19:03,562 INFO o.a.j.t.JMeterThread: Thread started: S2 1-890
2026-10-06 08:19:03,572 INFO o.a.j.t.JMeterThread: Thread started: S2 1-891
2026-10-06 08:19:03,581 INFO o.a.j.t.JMeterThread: Thread started: S2 1-892
2026-10-06 08:19:03,592 INFO o.a.j.t.JMeterThread: Thread started: S2 1-893
2026-10-06 08:19:03,601 INFO o.a.j.t.JMeterThread: Thread started: S2 1-894
2026-10-06 08:19:03,611 INFO o.a.j.t.JMeterThread: Thread started: S2 1-895
2026-10-06 08:19:03,623 INFO o.a.j.t.JMeterThread: Thread started: S2 1-896
2026-10-06 08:19:03,632 INFO o.a.j.t.JMeterThread: Thread started: S2 1-897
2026-10-06 08:19:03,641 INFO o.a.j.t.JMeterThread: Thread started: S2 1-898
2026-10-06 08:19:03,652 INFO o.a.j.t.JMeterThread: Thread started: S2 1-899
2026-10-06 08:19:03,662 INFO o.a.j.t.JMeterThread: Thread started: S2 1-900
2026-10-06 08:19:03,671 INFO o.a.j.t.JMeterThread: Thread started: S2 1-901
2026-10-06 08:19:03,681 INFO o.a.j.t.JMeterThread: Thread started: S2 1-902
2026-10-06 08:19:03,693 INFO o.a.j.t.JMeterThread: Thread started: S2 1-903
2026-10-06 08:19:03,702 INFO o.a.j.t.JMeterThread: Thread started: S2 1-904
2026-10-06 08:19:03,711 INFO o.a.j.t.JMeterThread: Thread started: S2 1-905
2026-10-06 08:19:03,721 INFO o.a.j.t.JMeterThread: Thread started: S2 1-906
2026-10-06 08:19:03,733 INFO o.a.j.t.JMeterThread: Thread started: S2 1-907
2026-10-06 08:19:03,741 INFO o.a.j.t.JMeterThread: Thread started: S2 1-908
2026-10-06 08:19:03,751 INFO o.a.j.t.JMeterThread: Thread started: S2 1-909
2026-10-06 08:19:03,762 INFO o.a.j.t.JMeterThread: Thread started: S2 1-910
2026-10-06 08:19:03,776 INFO o.a.j.t.JMeterThread: Thread started: S2 1-911
2026-10-06 08:19:03,781 INFO o.a.j.t.JMeterThread: Thread started: S2 1-912
2026-10-06 08:19:03,791 INFO o.a.j.t.JMeterThread: Thread started: S2 1-913
2026-10-06 08:19:03,801 INFO o.a.j.t.JMeterThread: Thread started: S2 1-914
2026-10-06 08:19:03,812 INFO o.a.j.t.JMeterThread: Thread started: S2 1-915
2026-10-06 08:19:03,821 INFO o.a.j.t.JMeterThread: Thread started: S2 1-916
2026-10-06 08:19:03,831 INFO o.a.j.t.JMeterThread: Thread started: S2 1-917
2026-10-06 08:19:03,843 INFO o.a.j.t.JMeterThread: Thread started: S2 1-918
2026-10-06 08:19:03,852 INFO o.a.j.t.JMeterThread: Thread started: S2 1-919
2026-10-06 08:19:03,861 INFO o.a.j.t.JMeterThread: Thread started: S2 1-920
2026-10-06 08:19:03,872 INFO o.a.j.t.JMeterThread: Thread started: S2 1-921
2026-10-06 08:19:03,885 INFO o.a.j.t.JMeterThread: Thread started: S2 1-922
2026-10-06 08:19:03,906 INFO o.a.j.t.JMeterThread: Thread started: S2 1-924
2026-10-06 08:19:03,917 INFO o.a.j.t.JMeterThread: Thread started: S2 1-925
2026-10-06 08:19:03,922 INFO o.a.j.t.JMeterThread: Thread started: S2 1-926
2026-10-06 08:19:03,933 INFO o.a.j.t.JMeterThread: Thread started: S2 1-927
2026-10-06 08:19:03,937 INFO o.a.j.t.JMeterThread: Thread started: S2 1-923
2026-10-06 08:19:03,943 INFO o.a.j.t.JMeterThread: Thread started: S2 1-928
2026-10-06 08:19:03,953 INFO o.a.j.t.JMeterThread: Thread started: S2 1-929
2026-10-06 08:19:03,962 INFO o.a.j.t.JMeterThread: Thread started: S2 1-930
2026-10-06 08:19:03,971 INFO o.a.j.t.JMeterThread: Thread started: S2 1-931
2026-10-06 08:19:03,982 INFO o.a.j.t.JMeterThread: Thread started: S2 1-932
2026-10-06 08:19:03,992 INFO o.a.j.t.JMeterThread: Thread started: S2 1-933
2026-10-06 08:19:04,001 INFO o.a.j.t.JMeterThread: Thread started: S2 1-934
2026-10-06 08:19:04,011 INFO o.a.j.t.JMeterThread: Thread started: S2 1-935
2026-10-06 08:19:04,022 INFO o.a.j.t.JMeterThread: Thread started: S2 1-936
2026-10-06 08:19:04,031 INFO o.a.j.t.JMeterThread: Thread started: S2 1-937
2026-10-06 08:19:04,042 INFO o.a.j.t.JMeterThread: Thread started: S2 1-938
2026-10-06 08:19:04,052 INFO o.a.j.t.JMeterThread: Thread started: S2 1-939
2026-10-06 08:19:04,062 INFO o.a.j.t.JMeterThread: Thread started: S2 1-940
2026-10-06 08:19:04,076 INFO o.a.j.t.JMeterThread: Thread started: S2 1-941
2026-10-06 08:19:04,084 INFO o.a.j.t.JMeterThread: Thread started: S2 1-942
2026-10-06 08:19:04,096 INFO o.a.j.t.JMeterThread: Thread started: S2 1-943
2026-10-06 08:19:04,105 INFO o.a.j.t.JMeterThread: Thread started: S2 1-944
2026-10-06 08:19:04,111 INFO o.a.j.t.JMeterThread: Thread started: S2 1-945
2026-10-06 08:19:04,122 INFO o.a.j.t.JMeterThread: Thread started: S2 1-946
2026-10-06 08:19:04,132 INFO o.a.j.t.JMeterThread: Thread started: S2 1-947
2026-10-06 08:19:04,142 INFO o.a.j.t.JMeterThread: Thread started: S2 1-948
2026-10-06 08:19:04,152 INFO o.a.j.t.JMeterThread: Thread started: S2 1-949
2026-10-06 08:19:04,163 INFO o.a.j.t.JMeterThread: Thread started: S2 1-950
2026-10-06 08:19:04,176 INFO o.a.j.t.JMeterThread: Thread started: S2 1-951
2026-10-06 08:19:04,183 INFO o.a.j.t.JMeterThread: Thread started: S2 1-952
2026-10-06 08:19:04,193 INFO o.a.j.t.JMeterThread: Thread started: S2 1-953
2026-10-06 08:19:04,201 INFO o.a.j.t.JMeterThread: Thread started: S2 1-954
2026-10-06 08:19:04,211 INFO o.a.j.t.JMeterThread: Thread started: S2 1-955
2026-10-06 08:19:04,221 INFO o.a.j.t.JMeterThread: Thread started: S2 1-956
2026-10-06 08:19:04,233 INFO o.a.j.t.JMeterThread: Thread started: S2 1-957
2026-10-06 08:19:04,241 INFO o.a.j.t.JMeterThread: Thread started: S2 1-958
2026-10-06 08:19:04,251 INFO o.a.j.t.JMeterThread: Thread started: S2 1-959
2026-10-06 08:19:04,263 INFO o.a.j.t.JMeterThread: Thread started: S2 1-960
2026-10-06 08:19:04,273 INFO o.a.j.t.JMeterThread: Thread started: S2 1-961
2026-10-06 08:19:04,281 INFO o.a.j.t.JMeterThread: Thread started: S2 1-962
2026-10-06 08:19:04,292 INFO o.a.j.t.JMeterThread: Thread started: S2 1-963
2026-10-06 08:19:04,301 INFO o.a.j.t.JMeterThread: Thread started: S2 1-964
2026-10-06 08:19:04,312 INFO o.a.j.t.JMeterThread: Thread started: S2 1-965
2026-10-06 08:19:04,321 INFO o.a.j.t.JMeterThread: Thread started: S2 1-966
2026-10-06 08:19:04,332 INFO o.a.j.t.JMeterThread: Thread started: S2 1-967
2026-10-06 08:19:04,342 INFO o.a.j.t.JMeterThread: Thread started: S2 1-968
2026-10-06 08:19:04,352 INFO o.a.j.t.JMeterThread: Thread started: S2 1-969
2026-10-06 08:19:04,361 INFO o.a.j.t.JMeterThread: Thread started: S2 1-970
2026-10-06 08:19:04,372 INFO o.a.j.t.JMeterThread: Thread started: S2 1-971
2026-10-06 08:19:04,383 INFO o.a.j.t.JMeterThread: Thread started: S2 1-972
2026-10-06 08:19:04,392 INFO o.a.j.t.JMeterThread: Thread started: S2 1-973
2026-10-06 08:19:04,402 INFO o.a.j.t.JMeterThread: Thread started: S2 1-974
2026-10-06 08:19:04,412 INFO o.a.j.t.JMeterThread: Thread started: S2 1-975
2026-10-06 08:19:04,422 INFO o.a.j.t.JMeterThread: Thread started: S2 1-976
2026-10-06 08:19:04,432 INFO o.a.j.t.JMeterThread: Thread started: S2 1-977
2026-10-06 08:19:04,441 INFO o.a.j.t.JMeterThread: Thread started: S2 1-978
2026-10-06 08:19:04,452 INFO o.a.j.t.JMeterThread: Thread started: S2 1-979
2026-10-06 08:19:04,462 INFO o.a.j.t.JMeterThread: Thread started: S2 1-980
2026-10-06 08:19:04,472 INFO o.a.j.t.JMeterThread: Thread started: S2 1-981
2026-10-06 08:19:04,481 INFO o.a.j.t.JMeterThread: Thread started: S2 1-982
2026-10-06 08:19:04,492 INFO o.a.j.t.JMeterThread: Thread started: S2 1-983
2026-10-06 08:19:04,504 INFO o.a.j.t.JMeterThread: Thread started: S2 1-984
2026-10-06 08:19:04,513 INFO o.a.j.t.JMeterThread: Thread started: S2 1-985
2026-10-06 08:19:04,522 INFO o.a.j.t.JMeterThread: Thread started: S2 1-986
2026-10-06 08:19:04,532 INFO o.a.j.t.JMeterThread: Thread started: S2 1-987
2026-10-06 08:19:04,543 INFO o.a.j.t.JMeterThread: Thread started: S2 1-988
2026-10-06 08:19:04,552 INFO o.a.j.t.JMeterThread: Thread started: S2 1-989
2026-10-06 08:19:04,562 INFO o.a.j.t.JMeterThread: Thread started: S2 1-990
2026-10-06 08:19:04,572 INFO o.a.j.t.JMeterThread: Thread started: S2 1-991
2026-10-06 08:19:04,584 INFO o.a.j.t.JMeterThread: Thread started: S2 1-992
2026-10-06 08:19:04,592 INFO o.a.j.t.JMeterThread: Thread started: S2 1-993
2026-10-06 08:19:04,602 INFO o.a.j.t.JMeterThread: Thread started: S2 1-994
2026-10-06 08:19:04,611 INFO o.a.j.t.JMeterThread: Thread started: S2 1-995
2026-10-06 08:19:04,622 INFO o.a.j.t.JMeterThread: Thread started: S2 1-996
2026-10-06 08:19:04,631 INFO o.a.j.t.JMeterThread: Thread started: S2 1-997
2026-10-06 08:19:04,641 INFO o.a.j.t.JMeterThread: Thread started: S2 1-998
2026-10-06 08:19:04,652 INFO o.a.j.t.JMeterThread: Thread started: S2 1-999
2026-10-06 08:19:04,662 INFO o.a.j.t.JMeterThread: Thread started: S2 1-1000
2026-10-06 08:19:30,001 INFO o.a.j.r.Summariser: summary +   4217 in 00:00:30 =  140.6/s Avg:  6539 Min:  1912 Max:  9080 Err:     0 (0.00%) Active: 1000 Started: 1000 Finished: 0
2026-10-06 08:19:30,002 INFO o.a.j.r.Summariser: summary =   4907 in 00:00:36 =  135.8/s Avg:  5782 Min:    14 Max:  9080 Err:     0 (0.00%)
2026-10-06 08:19:54,757 INFO o.a.j.t.JMeterThread: Stopping because end time detected by thread: S2 1-87
2026-10-06 08:19:54,757 INFO o.a.j.t.JMeterThread: Thread finished: S2 1-87
2026-10-06 08:19:54,859 INFO o.a.j.t.JMeterThread: Stopping because end time detected by thread: S2 1-24
2026-10-06 08:19:54,859 INFO o.a.j.t.JMeterThread: Thread finished: S2 1-24
2026-10-06 08:19:54,867 INFO o.a.j.t.JMeterThread: Stopping because end time detected by thread: S2 1-131
2026-10-06 08:19:54,867 INFO o.a.j.t.JMeterThread: Thread finished: S2 1-131
2026-10-06 08:19:54,938 INFO o.a.j.t.JMeterThread: Stopping because end time detected by thread: S2 1-88
2026-10-06 08:19:54,940 INFO o.a.j.t.JMeterThread: Thread finished: S2 1-88
2026-10-06 08:19:54,940 INFO o.a.j.t.JMeterThread: Stopping because end time detected by thread: S2 1-165
2026-10-06 08:19:54,946 INFO o.a.j.t.JMeterThread: Thread finished: S2 1-165
2026-10-06 08:19:54,953 INFO o.a.j.t.JMeterThread: Stopping because end time detected by thread: S2 1-141
2026-10-06 08:19:54,953 INFO o.a.j.t.JMeterThread: Thread finished: S2 1-141
2026-10-06 08:19:54,960 INFO o.a.j.t.JMeterThread: Stopping because end time detected by thread: S2 1-209
2026-10-06 08:19:54,960 INFO o.a.j.t.JMeterThread: Thread finished: S2 1-209
2026-10-06 08:19:54,975 INFO o.a.j.t.JMeterThread: Stopping because end time detected by thread: S2 1-238
2026-10-06 08:19:54,975 INFO o.a.j.t.JMeterThread: Thread finished: S2 1-238
2026-10-06 08:19:55,041 INFO o.a.j.t.JMeterThread: Stopping because end time detected by thread: S2 1-43
2026-10-06 08:19:55,041 INFO o.a.j.t.JMeterThread: Thread finished: S2 1-43
2026-10-06 08:19:55,046 INFO o.a.j.t.JMeterThread: Stopping because end time detected by thread: S2 1-229
2026-10-06 08:19:55,046 INFO o.a.j.t.JMeterThread: Thread finished: S2 1-229
2026-10-06 08:19:55,050 INFO o.a.j.t.JMeterThread: Stopping because end time detected by thread: S2 1-167
2026-10-06 08:19:55,051 INFO o.a.j.t.JMeterThread: Thread finished: S2 1-167
2026-10-06 08:19:55,053 INFO o.a.j.t.JMeterThread: Stopping because end time detected by thread: S2 1-1
2026-10-06 08:19:55,053 INFO o.a.j.t.JMeterThread: Thread finished: S2 1-1
2026-10-06 08:19:55,054 INFO o.a.j.t.JMeterThread: Stopping because end time detected by thread: S2 1-320
2026-10-06 08:19:55,054 INFO o.a.j.t.JMeterThread: Thread finished: S2 1-320
2026-10-06 08:19:55,065 INFO o.a.j.t.JMeterThread: Stopping because end time detected by thread: S2 1-506
2026-10-06 08:19:55,066 INFO o.a.j.t.JMeterThread: Thread finished: S2 1-506
2026-10-06 08:19:55,066 INFO o.a.j.t.JMeterThread: Stopping because end time detected by thread: S2 1-404
2026-10-06 08:19:55,066 INFO o.a.j.t.JMeterThread: Thread finished: S2 1-404
2026-10-06 08:19:55,070 INFO o.a.j.t.JMeterThread: Stopping because end time detected by thread: S2 1-225
2026-10-06 08:19:55,070 INFO o.a.j.t.JMeterThread: Thread finished: S2 1-225
2026-10-06 08:19:55,070 INFO o.a.j.t.JMeterThread: Stopping because end time detected by thread: S2 1-440
2026-10-06 08:19:55,070 INFO o.a.j.t.JMeterThread: Thread finished: S2 1-440
2026-10-06 08:19:55,070 INFO o.a.j.t.JMeterThread: Stopping because end time detected by thread: S2 1-308
2026-10-06 08:19:55,070 INFO o.a.j.t.JMeterThread: Thread finished: S2 1-308
2026-10-06 08:19:55,073 INFO o.a.j.t.JMeterThread: Stopping because end time detected by thread: S2 1-69
2026-10-06 08:19:55,073 INFO o.a.j.t.JMeterThread: Thread finished: S2 1-69
2026-10-06 08:19:55,136 INFO o.a.j.t.JMeterThread: Stopping because end time detected by thread: S2 1-107
2026-10-06 08:19:55,136 INFO o.a.j.t.JMeterThread: Thread finished: S2 1-107
2026-10-06 08:19:55,140 INFO o.a.j.t.JMeterThread: Stopping because end time detected by thread: S2 1-166
2026-10-06 08:19:55,140 INFO o.a.j.t.JMeterThread: Thread finished: S2 1-166
2026-10-06 08:19:55,142 INFO o.a.j.t.JMeterThread: Stopping because end time detected by thread: S2 1-415
2026-10-06 08:19:55,142 INFO o.a.j.t.JMeterThread: Thread finished: S2 1-415
2026-10-06 08:19:55,143 INFO o.a.j.t.JMeterThread: Stopping because end time detected by thread: S2 1-423
2026-10-06 08:19:55,143 INFO o.a.j.t.JMeterThread: Thread finished: S2 1-423
2026-10-06 08:19:55,146 INFO o.a.j.t.JMeterThread: Stopping because end time detected by thread: S2 1-213
2026-10-06 08:19:55,146 INFO o.a.j.t.JMeterThread: Thread finished: S2 1-213
2026-10-06 08:19:55,148 INFO o.a.j.t.JMeterThread: Stopping because end time detected by thread: S2 1-605
2026-10-06 08:19:55,148 INFO o.a.j.t.JMeterThread: Thread finished: S2 1-605
2026-10-06 08:19:55,155 INFO o.a.j.t.JMeterThread: Stopping because end time detected by thread: S2 1-340
2026-10-06 08:19:55,155 INFO o.a.j.t.JMeterThread: Thread finished: S2 1-340
2026-10-06 08:19:55,157 INFO o.a.j.t.JMeterThread: Stopping because end time detected by thread: S2 1-395
2026-10-06 08:19:55,157 INFO o.a.j.t.JMeterThread: Thread finished: S2 1-395
2026-10-06 08:19:55,158 INFO o.a.j.t.JMeterThread: Stopping because end time detected by thread: S2 1-52
2026-10-06 08:19:55,158 INFO o.a.j.t.JMeterThread: Thread finished: S2 1-52
2026-10-06 08:19:55,161 INFO o.a.j.t.JMeterThread: Stopping because end time detected by thread: S2 1-180
2026-10-06 08:19:55,161 INFO o.a.j.t.JMeterThread: Thread finished: S2 1-180
2026-10-06 08:19:55,165 INFO o.a.j.t.JMeterThread: Stopping because end time detected by thread: S2 1-582
2026-10-06 08:19:55,165 INFO o.a.j.t.JMeterThread: Thread finished: S2 1-582
2026-10-06 08:19:55,170 INFO o.a.j.t.JMeterThread: Stopping because end time detected by thread: S2 1-310
2026-10-06 08:19:55,170 INFO o.a.j.t.JMeterThread: Thread finished: S2 1-310
2026-10-06 08:19:55,171 INFO o.a.j.t.JMeterThread: Stopping because end time detected by thread: S2 1-510
2026-10-06 08:19:55,171 INFO o.a.j.t.JMeterThread: Thread finished: S2 1-510
2026-10-06 08:19:55,172 INFO o.a.j.t.JMeterThread: Stopping because end time detected by thread: S2 1-583
2026-10-06 08:19:55,172 INFO o.a.j.t.JMeterThread: Thread finished: S2 1-583
2026-10-06 08:19:55,175 INFO o.a.j.t.JMeterThread: Stopping because end time detected by thread: S2 1-155
2026-10-06 08:19:55,175 INFO o.a.j.t.JMeterThread: Thread finished: S2 1-155
2026-10-06 08:19:55,243 INFO o.a.j.t.JMeterThread: Stopping because end time detected by thread: S2 1-721
2026-10-06 08:19:55,243 INFO o.a.j.t.JMeterThread: Thread finished: S2 1-721
2026-10-06 08:19:55,244 INFO o.a.j.t.JMeterThread: Stopping because end time detected by thread: S2 1-102
2026-10-06 08:19:55,245 INFO o.a.j.t.JMeterThread: Thread finished: S2 1-102
2026-10-06 08:19:55,246 INFO o.a.j.t.JMeterThread: Stopping because end time detected by thread: S2 1-646
2026-10-06 08:19:55,246 INFO o.a.j.t.JMeterThread: Thread finished: S2 1-646
2026-10-06 08:19:55,257 INFO o.a.j.t.JMeterThread: Stopping because end time detected by thread: S2 1-429
2026-10-06 08:19:55,257 INFO o.a.j.t.JMeterThread: Thread finished: S2 1-429
2026-10-06 08:19:55,258 INFO o.a.j.t.JMeterThread: Stopping because end time detected by thread: S2 1-62
2026-10-06 08:19:55,259 INFO o.a.j.t.JMeterThread: Thread finished: S2 1-62
2026-10-06 08:19:55,265 INFO o.a.j.t.JMeterThread: Stopping because end time detected by thread: S2 1-170
2026-10-06 08:19:55,265 INFO o.a.j.t.JMeterThread: Thread finished: S2 1-170
2026-10-06 08:19:55,266 INFO o.a.j.t.JMeterThread: Stopping because end time detected by thread: S2 1-64
2026-10-06 08:19:55,266 INFO o.a.j.t.JMeterThread: Thread finished: S2 1-64
2026-10-06 08:19:55,266 INFO o.a.j.t.JMeterThread: Stopping because end time detected by thread: S2 1-360
2026-10-06 08:19:55,266 INFO o.a.j.t.JMeterThread: Thread finished: S2 1-360
2026-10-06 08:19:55,268 INFO o.a.j.t.JMeterThread: Stopping because end time detected by thread: S2 1-237
2026-10-06 08:19:55,268 INFO o.a.j.t.JMeterThread: Thread finished: S2 1-237
2026-10-06 08:19:55,268 INFO o.a.j.t.JMeterThread: Stopping because end time detected by thread: S2 1-314
2026-10-06 08:19:55,268 INFO o.a.j.t.JMeterThread: Thread finished: S2 1-314
2026-10-06 08:19:55,271 INFO o.a.j.t.JMeterThread: Stopping because end time detected by thread: S2 1-441
2026-10-06 08:19:55,271 INFO o.a.j.t.JMeterThread: Thread finished: S2 1-441
2026-10-06 08:19:55,272 INFO o.a.j.t.JMeterThread: Stopping because end time detected by thread: S2 1-266
2026-10-06 08:19:55,272 INFO o.a.j.t.JMeterThread: Thread finished: S2 1-266
2026-10-06 08:19:55,274 INFO o.a.j.t.JMeterThread: Stopping because end time detected by thread: S2 1-562
2026-10-06 08:19:55,274 INFO o.a.j.t.JMeterThread: Thread finished: S2 1-562
2026-10-06 08:19:55,343 INFO o.a.j.t.JMeterThread: Stopping because end time detected by thread: S2 1-578
2026-10-06 08:19:55,343 INFO o.a.j.t.JMeterThread: Thread finished: S2 1-578
2026-10-06 08:19:55,343 INFO o.a.j.t.JMeterThread: Stopping because end time detected by thread: S2 1-732
2026-10-06 08:19:55,344 INFO o.a.j.t.JMeterThread: Thread finished: S2 1-732
2026-10-06 08:19:55,354 INFO o.a.j.t.JMeterThread: Stopping because end time detected by thread: S2 1-184
2026-10-06 08:19:55,354 INFO o.a.j.t.JMeterThread: Thread finished: S2 1-184
2026-10-06 08:19:55,359 INFO o.a.j.t.JMeterThread: Stopping because end time detected by thread: S2 1-417
2026-10-06 08:19:55,359 INFO o.a.j.t.JMeterThread: Thread finished: S2 1-417
2026-10-06 08:19:55,360 INFO o.a.j.t.JMeterThread: Stopping because end time detected by thread: S2 1-757
2026-10-06 08:19:55,360 INFO o.a.j.t.JMeterThread: Thread finished: S2 1-757
2026-10-06 08:19:55,360 INFO o.a.j.t.JMeterThread: Stopping because end time detected by thread: S2 1-720
2026-10-06 08:19:55,360 INFO o.a.j.t.JMeterThread: Thread finished: S2 1-720
2026-10-06 08:19:55,363 INFO o.a.j.t.JMeterThread: Stopping because end time detected by thread: S2 1-781
2026-10-06 08:19:55,363 INFO o.a.j.t.JMeterThread: Thread finished: S2 1-781
2026-10-06 08:19:55,365 INFO o.a.j.t.JMeterThread: Stopping because end time detected by thread: S2 1-717
2026-10-06 08:19:55,365 INFO o.a.j.t.JMeterThread: Thread finished: S2 1-717
2026-10-06 08:19:55,366 INFO o.a.j.t.JMeterThread: Stopping because end time detected by thread: S2 1-906
2026-10-06 08:19:55,366 INFO o.a.j.t.JMeterThread: Thread finished: S2 1-906
2026-10-06 08:19:55,366 INFO o.a.j.t.JMeterThread: Stopping because end time detected by thread: S2 1-179
2026-10-06 08:19:55,366 INFO o.a.j.t.JMeterThread: Thread finished: S2 1-179
2026-10-06 08:19:55,368 INFO o.a.j.t.JMeterThread: Stopping because end time detected by thread: S2 1-588
2026-10-06 08:19:55,368 INFO o.a.j.t.JMeterThread: Thread finished: S2 1-588
2026-10-06 08:19:55,368 INFO o.a.j.t.JMeterThread: Stopping because end time detected by thread: S2 1-427
2026-10-06 08:19:55,369 INFO o.a.j.t.JMeterThread: Thread finished: S2 1-427
2026-10-06 08:19:55,369 INFO o.a.j.t.JMeterThread: Stopping because end time detected by thread: S2 1-622
2026-10-06 08:19:55,369 INFO o.a.j.t.JMeterThread: Thread finished: S2 1-622
2026-10-06 08:19:55,370 INFO o.a.j.t.JMeterThread: Stopping because end time detected by thread: S2 1-271
2026-10-06 08:19:55,370 INFO o.a.j.t.JMeterThread: Thread finished: S2 1-271
2026-10-06 08:19:55,374 INFO o.a.j.t.JMeterThread: Stopping because end time detected by thread: S2 1-600
2026-10-06 08:19:55,374 INFO o.a.j.t.JMeterThread: Thread finished: S2 1-600
2026-10-06 08:19:55,374 INFO o.a.j.t.JMeterThread: Stopping because end time detected by thread: S2 1-728
2026-10-06 08:19:55,374 INFO o.a.j.t.JMeterThread: Thread finished: S2 1-728
2026-10-06 08:19:55,375 INFO o.a.j.t.JMeterThread: Stopping because end time detected by thread: S2 1-698
2026-10-06 08:19:55,375 INFO o.a.j.t.JMeterThread: Thread finished: S2 1-698
2026-10-06 08:19:55,440 INFO o.a.j.t.JMeterThread: Stopping because end time detected by thread: S2 1-526
2026-10-06 08:19:55,441 INFO o.a.j.t.JMeterThread: Thread finished: S2 1-526
2026-10-06 08:19:55,443 INFO o.a.j.t.JMeterThread: Stopping because end time detected by thread: S2 1-70
2026-10-06 08:19:55,443 INFO o.a.j.t.JMeterThread: Thread finished: S2 1-70
2026-10-06 08:19:55,449 INFO o.a.j.t.JMeterThread: Stopping because end time detected by thread: S2 1-298
2026-10-06 08:19:55,449 INFO o.a.j.t.JMeterThread: Thread finished: S2 1-298
2026-10-06 08:19:55,451 INFO o.a.j.t.JMeterThread: Stopping because end time detected by thread: S2 1-650
2026-10-06 08:19:55,451 INFO o.a.j.t.JMeterThread: Thread finished: S2 1-650
2026-10-06 08:19:55,453 INFO o.a.j.t.JMeterThread: Stopping because end time detected by thread: S2 1-154
2026-10-06 08:19:55,453 INFO o.a.j.t.JMeterThread: Thread finished: S2 1-154
2026-10-06 08:19:55,469 INFO o.a.j.t.JMeterThread: Stopping because end time detected by thread: S2 1-654
2026-10-06 08:19:55,469 INFO o.a.j.t.JMeterThread: Stopping because end time detected by thread: S2 1-753
2026-10-06 08:19:55,469 INFO o.a.j.t.JMeterThread: Thread finished: S2 1-654
2026-10-06 08:19:55,469 INFO o.a.j.t.JMeterThread: Thread finished: S2 1-753
2026-10-06 08:19:55,470 INFO o.a.j.t.JMeterThread: Stopping because end time detected by thread: S2 1-551
2026-10-06 08:19:55,470 INFO o.a.j.t.JMeterThread: Thread finished: S2 1-551
2026-10-06 08:19:55,474 INFO o.a.j.t.JMeterThread: Stopping because end time detected by thread: S2 1-286
2026-10-06 08:19:55,474 INFO o.a.j.t.JMeterThread: Thread finished: S2 1-286
2026-10-06 08:19:55,474 INFO o.a.j.t.JMeterThread: Stopping because end time detected by thread: S2 1-756
2026-10-06 08:19:55,474 INFO o.a.j.t.JMeterThread: Thread finished: S2 1-756
2026-10-06 08:19:55,478 INFO o.a.j.t.JMeterThread: Stopping because end time detected by thread: S2 1-287
2026-10-06 08:19:55,478 INFO o.a.j.t.JMeterThread: Thread finished: S2 1-287
2026-10-06 08:19:55,538 INFO o.a.j.t.JMeterThread: Stopping because end time detected by thread: S2 1-630
2026-10-06 08:19:55,538 INFO o.a.j.t.JMeterThread: Thread finished: S2 1-630
2026-10-06 08:19:55,541 INFO o.a.j.t.JMeterThread: Stopping because end time detected by thread: S2 1-761
2026-10-06 08:19:55,542 INFO o.a.j.t.JMeterThread: Thread finished: S2 1-761
2026-10-06 08:19:55,542 INFO o.a.j.t.JMeterThread: Stopping because end time detected by thread: S2 1-63
2026-10-06 08:19:55,542 INFO o.a.j.t.JMeterThread: Thread finished: S2 1-63
2026-10-06 08:19:55,542 INFO o.a.j.t.JMeterThread: Stopping because end time detected by thread: S2 1-171
2026-10-06 08:19:55,542 INFO o.a.j.t.JMeterThread: Thread finished: S2 1-171
2026-10-06 08:19:55,550 INFO o.a.j.t.JMeterThread: Stopping because end time detected by thread: S2 1-574
2026-10-06 08:19:55,550 INFO o.a.j.t.JMeterThread: Thread finished: S2 1-574
2026-10-06 08:19:55,551 INFO o.a.j.t.JMeterThread: Stopping because end time detected by thread: S2 1-425
2026-10-06 08:19:55,551 INFO o.a.j.t.JMeterThread: Thread finished: S2 1-425
2026-10-06 08:19:55,552 INFO o.a.j.t.JMeterThread: Stopping because end time detected by thread: S2 1-431
2026-10-06 08:19:55,552 INFO o.a.j.t.JMeterThread: Thread finished: S2 1-431
2026-10-06 08:19:55,552 INFO o.a.j.t.JMeterThread: Stopping because end time detected by thread: S2 1-723
2026-10-06 08:19:55,552 INFO o.a.j.t.JMeterThread: Thread finished: S2 1-723
2026-10-06 08:19:55,560 INFO o.a.j.t.JMeterThread: Stopping because end time detected by thread: S2 1-437
2026-10-06 08:19:55,560 INFO o.a.j.t.JMeterThread: Thread finished: S2 1-437
2026-10-06 08:19:55,569 INFO o.a.j.t.JMeterThread: Stopping because end time detected by thread: S2 1-566
2026-10-06 08:19:55,569 INFO o.a.j.t.JMeterThread: Stopping because end time detected by thread: S2 1-328
2026-10-06 08:19:55,569 INFO o.a.j.t.JMeterThread: Thread finished: S2 1-566
2026-10-06 08:19:55,569 INFO o.a.j.t.JMeterThread: Thread finished: S2 1-328
2026-10-06 08:19:55,572 INFO o.a.j.t.JMeterThread: Stopping because end time detected by thread: S2 1-625
2026-10-06 08:19:55,572 INFO o.a.j.t.JMeterThread: Thread finished: S2 1-625
2026-10-06 08:19:55,573 INFO o.a.j.t.JMeterThread: Stopping because end time detected by thread: S2 1-176
2026-10-06 08:19:55,573 INFO o.a.j.t.JMeterThread: Thread finished: S2 1-176
2026-10-06 08:19:55,576 INFO o.a.j.t.JMeterThread: Stopping because end time detected by thread: S2 1-439
2026-10-06 08:19:55,576 INFO o.a.j.t.JMeterThread: Thread finished: S2 1-439
2026-10-06 08:19:55,577 INFO o.a.j.t.JMeterThread: Stopping because end time detected by thread: S2 1-752
2026-10-06 08:19:55,577 INFO o.a.j.t.JMeterThread: Thread finished: S2 1-752
2026-10-06 08:19:55,578 INFO o.a.j.t.JMeterThread: Stopping because end time detected by thread: S2 1-322
2026-10-06 08:19:55,578 INFO o.a.j.t.JMeterThread: Thread finished: S2 1-322
2026-10-06 08:19:55,582 INFO o.a.j.t.JMeterThread: Stopping because end time detected by thread: S2 1-748
2026-10-06 08:19:55,582 INFO o.a.j.t.JMeterThread: Thread finished: S2 1-748
2026-10-06 08:19:55,639 INFO o.a.j.t.JMeterThread: Stopping because end time detected by thread: S2 1-294
2026-10-06 08:19:55,639 INFO o.a.j.t.JMeterThread: Thread finished: S2 1-294
2026-10-06 08:19:55,640 INFO o.a.j.t.JMeterThread: Stopping because end time detected by thread: S2 1-447
2026-10-06 08:19:55,640 INFO o.a.j.t.JMeterThread: Stopping because end time detected by thread: S2 1-619
2026-10-06 08:19:55,640 INFO o.a.j.t.JMeterThread: Thread finished: S2 1-447
2026-10-06 08:19:55,640 INFO o.a.j.t.JMeterThread: Thread finished: S2 1-619
2026-10-06 08:19:55,640 INFO o.a.j.t.JMeterThread: Stopping because end time detected by thread: S2 1-639
2026-10-06 08:19:55,646 INFO o.a.j.t.JMeterThread: Thread finished: S2 1-639
2026-10-06 08:19:55,650 INFO o.a.j.t.JMeterThread: Stopping because end time detected by thread: S2 1-283
2026-10-06 08:19:55,650 INFO o.a.j.t.JMeterThread: Thread finished: S2 1-283
2026-10-06 08:19:55,652 INFO o.a.j.t.JMeterThread: Stopping because end time detected by thread: S2 1-601
2026-10-06 08:19:55,652 INFO o.a.j.t.JMeterThread: Thread finished: S2 1-601
2026-10-06 08:19:55,653 INFO o.a.j.t.JMeterThread: Stopping because end time detected by thread: S2 1-729
2026-10-06 08:19:55,654 INFO o.a.j.t.JMeterThread: Thread finished: S2 1-729
2026-10-06 08:19:55,670 INFO o.a.j.t.JMeterThread: Stopping because end time detected by thread: S2 1-453
2026-10-06 08:19:55,670 INFO o.a.j.t.JMeterThread: Thread finished: S2 1-453
2026-10-06 08:19:55,673 INFO o.a.j.t.JMeterThread: Stopping because end time detected by thread: S2 1-66
2026-10-06 08:19:55,674 INFO o.a.j.t.JMeterThread: Thread finished: S2 1-66
2026-10-06 08:19:55,687 INFO o.a.j.t.JMeterThread: Stopping because end time detected by thread: S2 1-330
2026-10-06 08:19:55,687 INFO o.a.j.t.JMeterThread: Thread finished: S2 1-330
2026-10-06 08:19:55,739 INFO o.a.j.t.JMeterThread: Stopping because end time detected by thread: S2 1-769
2026-10-06 08:19:55,739 INFO o.a.j.t.JMeterThread: Thread finished: S2 1-769
2026-10-06 08:19:55,744 INFO o.a.j.t.JMeterThread: Stopping because end time detected by thread: S2 1-115
2026-10-06 08:19:55,744 INFO o.a.j.t.JMeterThread: Thread finished: S2 1-115
2026-10-06 08:19:55,748 INFO o.a.j.t.JMeterThread: Stopping because end time detected by thread: S2 1-455
2026-10-06 08:19:55,748 INFO o.a.j.t.JMeterThread: Thread finished: S2 1-455
2026-10-06 08:19:55,751 INFO o.a.j.t.JMeterThread: Stopping because end time detected by thread: S2 1-749
2026-10-06 08:19:55,751 INFO o.a.j.t.JMeterThread: Thread finished: S2 1-749
2026-10-06 08:19:55,758 INFO o.a.j.t.JMeterThread: Stopping because end time detected by thread: S2 1-316
2026-10-06 08:19:55,758 INFO o.a.j.t.JMeterThread: Stopping because end time detected by thread: S2 1-94
2026-10-06 08:19:55,758 INFO o.a.j.t.JMeterThread: Thread finished: S2 1-316
2026-10-06 08:19:55,758 INFO o.a.j.t.JMeterThread: Thread finished: S2 1-94
2026-10-06 08:19:55,761 INFO o.a.j.t.JMeterThread: Stopping because end time detected by thread: S2 1-348
2026-10-06 08:19:55,761 INFO o.a.j.t.JMeterThread: Thread finished: S2 1-348
2026-10-06 08:19:55,765 INFO o.a.j.t.JMeterThread: Stopping because end time detected by thread: S2 1-228
2026-10-06 08:19:55,765 INFO o.a.j.t.JMeterThread: Thread finished: S2 1-228
2026-10-06 08:19:55,767 INFO o.a.j.t.JMeterThread: Stopping because end time detected by thread: S2 1-334
2026-10-06 08:19:55,767 INFO o.a.j.t.JMeterThread: Thread finished: S2 1-334
2026-10-06 08:19:55,774 INFO o.a.j.t.JMeterThread: Stopping because end time detected by thread: S2 1-796
2026-10-06 08:19:55,774 INFO o.a.j.t.JMeterThread: Thread finished: S2 1-796
2026-10-06 08:19:55,774 INFO o.a.j.t.JMeterThread: Stopping because end time detected by thread: S2 1-615
2026-10-06 08:19:55,774 INFO o.a.j.t.JMeterThread: Thread finished: S2 1-615
2026-10-06 08:19:55,840 INFO o.a.j.t.JMeterThread: Stopping because end time detected by thread: S2 1-295
2026-10-06 08:19:55,840 INFO o.a.j.t.JMeterThread: Thread finished: S2 1-295
2026-10-06 08:19:55,841 INFO o.a.j.t.JMeterThread: Stopping because end time detected by thread: S2 1-196
2026-10-06 08:19:55,841 INFO o.a.j.t.JMeterThread: Thread finished: S2 1-196
2026-10-06 08:19:55,842 INFO o.a.j.t.JMeterThread: Stopping because end time detected by thread: S2 1-611
2026-10-06 08:19:55,842 INFO o.a.j.t.JMeterThread: Thread finished: S2 1-611
2026-10-06 08:19:55,846 INFO o.a.j.t.JMeterThread: Stopping because end time detected by thread: S2 1-444
2026-10-06 08:19:55,846 INFO o.a.j.t.JMeterThread: Thread finished: S2 1-444
2026-10-06 08:19:55,847 INFO o.a.j.t.JMeterThread: Stopping because end time detected by thread: S2 1-251
2026-10-06 08:19:55,847 INFO o.a.j.t.JMeterThread: Thread finished: S2 1-251
2026-10-06 08:19:55,848 INFO o.a.j.t.JMeterThread: Stopping because end time detected by thread: S2 1-368
2026-10-06 08:19:55,848 INFO o.a.j.t.JMeterThread: Thread finished: S2 1-368
2026-10-06 08:19:55,854 INFO o.a.j.t.JMeterThread: Stopping because end time detected by thread: S2 1-764
2026-10-06 08:19:55,854 INFO o.a.j.t.JMeterThread: Thread finished: S2 1-764
2026-10-06 08:19:55,856 INFO o.a.j.t.JMeterThread: Stopping because end time detected by thread: S2 1-217
2026-10-06 08:19:55,856 INFO o.a.j.t.JMeterThread: Thread finished: S2 1-217
2026-10-06 08:19:55,856 INFO o.a.j.t.JMeterThread: Stopping because end time detected by thread: S2 1-586
2026-10-06 08:19:55,857 INFO o.a.j.t.JMeterThread: Thread finished: S2 1-586
2026-10-06 08:19:55,862 INFO o.a.j.t.JMeterThread: Stopping because end time detected by thread: S2 1-469
2026-10-06 08:19:55,862 INFO o.a.j.t.JMeterThread: Thread finished: S2 1-469
2026-10-06 08:19:55,867 INFO o.a.j.t.JMeterThread: Stopping because end time detected by thread: S2 1-467
2026-10-06 08:19:55,867 INFO o.a.j.t.JMeterThread: Thread finished: S2 1-467
2026-10-06 08:19:55,868 INFO o.a.j.t.JMeterThread: Stopping because end time detected by thread: S2 1-602
2026-10-06 08:19:55,868 INFO o.a.j.t.JMeterThread: Thread finished: S2 1-602
2026-10-06 08:19:55,868 INFO o.a.j.t.JMeterThread: Stopping because end time detected by thread: S2 1-16
2026-10-06 08:19:55,868 INFO o.a.j.t.JMeterThread: Thread finished: S2 1-16
2026-10-06 08:19:55,870 INFO o.a.j.t.JMeterThread: Stopping because end time detected by thread: S2 1-326
2026-10-06 08:19:55,870 INFO o.a.j.t.JMeterThread: Thread finished: S2 1-326
2026-10-06 08:19:55,870 INFO o.a.j.t.JMeterThread: Stopping because end time detected by thread: S2 1-211
2026-10-06 08:19:55,870 INFO o.a.j.t.JMeterThread: Thread finished: S2 1-211
2026-10-06 08:19:55,875 INFO o.a.j.t.JMeterThread: Stopping because end time detected by thread: S2 1-291
2026-10-06 08:19:55,875 INFO o.a.j.t.JMeterThread: Thread finished: S2 1-291
2026-10-06 08:19:55,875 INFO o.a.j.t.JMeterThread: Stopping because end time detected by thread: S2 1-383
2026-10-06 08:19:55,875 INFO o.a.j.t.JMeterThread: Thread finished: S2 1-383
2026-10-06 08:19:55,876 INFO o.a.j.t.JMeterThread: Stopping because end time detected by thread: S2 1-145
2026-10-06 08:19:55,876 INFO o.a.j.t.JMeterThread: Thread finished: S2 1-145
2026-10-06 08:19:55,945 INFO o.a.j.t.JMeterThread: Stopping because end time detected by thread: S2 1-435
2026-10-06 08:19:55,945 INFO o.a.j.t.JMeterThread: Thread finished: S2 1-435
2026-10-06 08:19:55,947 INFO o.a.j.t.JMeterThread: Stopping because end time detected by thread: S2 1-248
2026-10-06 08:19:55,947 INFO o.a.j.t.JMeterThread: Thread finished: S2 1-248
2026-10-06 08:19:55,947 INFO o.a.j.t.JMeterThread: Stopping because end time detected by thread: S2 1-760
2026-10-06 08:19:55,947 INFO o.a.j.t.JMeterThread: Thread finished: S2 1-760
2026-10-06 08:19:55,948 INFO o.a.j.t.JMeterThread: Stopping because end time detected by thread: S2 1-740
2026-10-06 08:19:55,948 INFO o.a.j.t.JMeterThread: Thread finished: S2 1-740
2026-10-06 08:19:55,950 INFO o.a.j.t.JMeterThread: Stopping because end time detected by thread: S2 1-26
2026-10-06 08:19:55,950 INFO o.a.j.t.JMeterThread: Thread finished: S2 1-26
2026-10-06 08:19:55,958 INFO o.a.j.t.JMeterThread: Stopping because end time detected by thread: S2 1-364
2026-10-06 08:19:55,958 INFO o.a.j.t.JMeterThread: Thread finished: S2 1-364
2026-10-06 08:19:55,959 INFO o.a.j.t.JMeterThread: Stopping because end time detected by thread: S2 1-777
2026-10-06 08:19:55,959 INFO o.a.j.t.JMeterThread: Thread finished: S2 1-777
2026-10-06 08:19:55,963 INFO o.a.j.t.JMeterThread: Stopping because end time detected by thread: S2 1-59
2026-10-06 08:19:55,963 INFO o.a.j.t.JMeterThread: Thread finished: S2 1-59
2026-10-06 08:19:55,969 INFO o.a.j.t.JMeterThread: Stopping because end time detected by thread: S2 1-186
2026-10-06 08:19:55,969 INFO o.a.j.t.JMeterThread: Thread finished: S2 1-186
2026-10-06 08:19:55,970 INFO o.a.j.t.JMeterThread: Stopping because end time detected by thread: S2 1-47
2026-10-06 08:19:55,970 INFO o.a.j.t.JMeterThread: Thread finished: S2 1-47
2026-10-06 08:19:55,975 INFO o.a.j.t.JMeterThread: Stopping because end time detected by thread: S2 1-3
2026-10-06 08:19:55,975 INFO o.a.j.t.JMeterThread: Thread finished: S2 1-3
2026-10-06 08:19:56,042 INFO o.a.j.t.JMeterThread: Stopping because end time detected by thread: S2 1-788
2026-10-06 08:19:56,043 INFO o.a.j.t.JMeterThread: Thread finished: S2 1-788
2026-10-06 08:19:56,043 INFO o.a.j.t.JMeterThread: Stopping because end time detected by thread: S2 1-485
2026-10-06 08:19:56,043 INFO o.a.j.t.JMeterThread: Thread finished: S2 1-485
2026-10-06 08:19:56,044 INFO o.a.j.t.JMeterThread: Stopping because end time detected by thread: S2 1-412
2026-10-06 08:19:56,044 INFO o.a.j.t.JMeterThread: Thread finished: S2 1-412
2026-10-06 08:19:56,051 INFO o.a.j.t.JMeterThread: Stopping because end time detected by thread: S2 1-451
2026-10-06 08:19:56,051 INFO o.a.j.t.JMeterThread: Thread finished: S2 1-451
2026-10-06 08:19:56,052 INFO o.a.j.t.JMeterThread: Stopping because end time detected by thread: S2 1-463
2026-10-06 08:19:56,052 INFO o.a.j.t.JMeterThread: Thread finished: S2 1-463
2026-10-06 08:19:56,059 INFO o.a.j.t.JMeterThread: Stopping because end time detected by thread: S2 1-175
2026-10-06 08:19:56,059 INFO o.a.j.t.JMeterThread: Thread finished: S2 1-175
2026-10-06 08:19:56,064 INFO o.a.j.t.JMeterThread: Stopping because end time detected by thread: S2 1-98
2026-10-06 08:19:56,064 INFO o.a.j.t.JMeterThread: Thread finished: S2 1-98
2026-10-06 08:19:56,068 INFO o.a.j.t.JMeterThread: Stopping because end time detected by thread: S2 1-672
2026-10-06 08:19:56,069 INFO o.a.j.t.JMeterThread: Thread finished: S2 1-672
2026-10-06 08:19:56,072 INFO o.a.j.t.JMeterThread: Stopping because end time detected by thread: S2 1-658
2026-10-06 08:19:56,072 INFO o.a.j.t.JMeterThread: Thread finished: S2 1-658
2026-10-06 08:19:56,074 INFO o.a.j.t.JMeterThread: Stopping because end time detected by thread: S2 1-457
2026-10-06 08:19:56,074 INFO o.a.j.t.JMeterThread: Thread finished: S2 1-457
2026-10-06 08:19:56,140 INFO o.a.j.t.JMeterThread: Stopping because end time detected by thread: S2 1-801
2026-10-06 08:19:56,140 INFO o.a.j.t.JMeterThread: Thread finished: S2 1-801
2026-10-06 08:19:56,145 INFO o.a.j.t.JMeterThread: Stopping because end time detected by thread: S2 1-191
2026-10-06 08:19:56,145 INFO o.a.j.t.JMeterThread: Thread finished: S2 1-191
2026-10-06 08:19:56,148 INFO o.a.j.t.JMeterThread: Stopping because end time detected by thread: S2 1-784
2026-10-06 08:19:56,148 INFO o.a.j.t.JMeterThread: Thread finished: S2 1-784
2026-10-06 08:19:56,149 INFO o.a.j.t.JMeterThread: Stopping because end time detected by thread: S2 1-479
2026-10-06 08:19:56,149 INFO o.a.j.t.JMeterThread: Thread finished: S2 1-479
2026-10-06 08:19:56,150 INFO o.a.j.t.JMeterThread: Stopping because end time detected by thread: S2 1-785
2026-10-06 08:19:56,150 INFO o.a.j.t.JMeterThread: Thread finished: S2 1-785
2026-10-06 08:19:56,151 INFO o.a.j.t.JMeterThread: Stopping because end time detected by thread: S2 1-765
2026-10-06 08:19:56,151 INFO o.a.j.t.JMeterThread: Thread finished: S2 1-765
2026-10-06 08:19:56,152 INFO o.a.j.t.JMeterThread: Stopping because end time detected by thread: S2 1-200
2026-10-06 08:19:56,152 INFO o.a.j.t.JMeterThread: Thread finished: S2 1-200
2026-10-06 08:19:56,153 INFO o.a.j.t.JMeterThread: Stopping because end time detected by thread: S2 1-642
2026-10-06 08:19:56,153 INFO o.a.j.t.JMeterThread: Thread finished: S2 1-642
2026-10-06 08:19:56,158 INFO o.a.j.t.JMeterThread: Stopping because end time detected by thread: S2 1-270
2026-10-06 08:19:56,158 INFO o.a.j.t.JMeterThread: Thread finished: S2 1-270
2026-10-06 08:19:56,160 INFO o.a.j.t.JMeterThread: Stopping because end time detected by thread: S2 1-643
2026-10-06 08:19:56,160 INFO o.a.j.t.JMeterThread: Thread finished: S2 1-643
2026-10-06 08:19:56,160 INFO o.a.j.t.JMeterThread: Stopping because end time detected by thread: S2 1-421
2026-10-06 08:19:56,160 INFO o.a.j.t.JMeterThread: Thread finished: S2 1-421
2026-10-06 08:19:56,160 INFO o.a.j.t.JMeterThread: Stopping because end time detected by thread: S2 1-631
2026-10-06 08:19:56,162 INFO o.a.j.t.JMeterThread: Thread finished: S2 1-631
2026-10-06 08:19:56,162 INFO o.a.j.t.JMeterThread: Stopping because end time detected by thread: S2 1-666
2026-10-06 08:19:56,163 INFO o.a.j.t.JMeterThread: Thread finished: S2 1-666
2026-10-06 08:19:56,164 INFO o.a.j.t.JMeterThread: Stopping because end time detected by thread: S2 1-282
2026-10-06 08:19:56,164 INFO o.a.j.t.JMeterThread: Thread finished: S2 1-282
2026-10-06 08:19:56,166 INFO o.a.j.t.JMeterThread: Stopping because end time detected by thread: S2 1-257
2026-10-06 08:19:56,166 INFO o.a.j.t.JMeterThread: Thread finished: S2 1-257
2026-10-06 08:19:56,175 INFO o.a.j.t.JMeterThread: Stopping because end time detected by thread: S2 1-627
2026-10-06 08:19:56,176 INFO o.a.j.t.JMeterThread: Thread finished: S2 1-627
2026-10-06 08:19:56,239 INFO o.a.j.t.JMeterThread: Stopping because end time detected by thread: S2 1-626
2026-10-06 08:19:56,239 INFO o.a.j.t.JMeterThread: Thread finished: S2 1-626
2026-10-06 08:19:56,241 INFO o.a.j.t.JMeterThread: Stopping because end time detected by thread: S2 1-789
2026-10-06 08:19:56,241 INFO o.a.j.t.JMeterThread: Thread finished: S2 1-789
2026-10-06 08:19:56,241 INFO o.a.j.t.JMeterThread: Stopping because end time detected by thread: S2 1-104
2026-10-06 08:19:56,242 INFO o.a.j.t.JMeterThread: Thread finished: S2 1-104
2026-10-06 08:19:56,248 INFO o.a.j.t.JMeterThread: Stopping because end time detected by thread: S2 1-369
2026-10-06 08:19:56,248 INFO o.a.j.t.JMeterThread: Thread finished: S2 1-369
2026-10-06 08:19:56,249 INFO o.a.j.t.JMeterThread: Stopping because end time detected by thread: S2 1-459
2026-10-06 08:19:56,249 INFO o.a.j.t.JMeterThread: Thread finished: S2 1-459
2026-10-06 08:19:56,253 INFO o.a.j.t.JMeterThread: Stopping because end time detected by thread: S2 1-688
2026-10-06 08:19:56,253 INFO o.a.j.t.JMeterThread: Thread finished: S2 1-688
2026-10-06 08:19:56,258 INFO o.a.j.t.JMeterThread: Stopping because end time detected by thread: S2 1-793
2026-10-06 08:19:56,258 INFO o.a.j.t.JMeterThread: Thread finished: S2 1-793
2026-10-06 08:19:56,265 INFO o.a.j.t.JMeterThread: Stopping because end time detected by thread: S2 1-836
2026-10-06 08:19:56,265 INFO o.a.j.t.JMeterThread: Thread finished: S2 1-836
2026-10-06 08:19:56,270 INFO o.a.j.t.JMeterThread: Stopping because end time detected by thread: S2 1-158
2026-10-06 08:19:56,270 INFO o.a.j.t.JMeterThread: Thread finished: S2 1-158
2026-10-06 08:19:56,270 INFO o.a.j.t.JMeterThread: Stopping because end time detected by thread: S2 1-103
2026-10-06 08:19:56,270 INFO o.a.j.t.JMeterThread: Thread finished: S2 1-103
2026-10-06 08:19:56,337 INFO o.a.j.t.JMeterThread: Stopping because end time detected by thread: S2 1-187
2026-10-06 08:19:56,337 INFO o.a.j.t.JMeterThread: Thread finished: S2 1-187
2026-10-06 08:19:56,338 INFO o.a.j.t.JMeterThread: Stopping because end time detected by thread: S2 1-686
2026-10-06 08:19:56,338 INFO o.a.j.t.JMeterThread: Thread finished: S2 1-686
2026-10-06 08:19:56,342 INFO o.a.j.t.JMeterThread: Stopping because end time detected by thread: S2 1-352
2026-10-06 08:19:56,342 INFO o.a.j.t.JMeterThread: Thread finished: S2 1-352
2026-10-06 08:19:56,344 INFO o.a.j.t.JMeterThread: Stopping because end time detected by thread: S2 1-12
2026-10-06 08:19:56,344 INFO o.a.j.t.JMeterThread: Thread finished: S2 1-12
2026-10-06 08:19:56,346 INFO o.a.j.t.JMeterThread: Stopping because end time detected by thread: S2 1-663
2026-10-06 08:19:56,346 INFO o.a.j.t.JMeterThread: Thread finished: S2 1-663
2026-10-06 08:19:56,354 INFO o.a.j.t.JMeterThread: Stopping because end time detected by thread: S2 1-342
2026-10-06 08:19:56,354 INFO o.a.j.t.JMeterThread: Thread finished: S2 1-342
2026-10-06 08:19:56,356 INFO o.a.j.t.JMeterThread: Stopping because end time detected by thread: S2 1-258
2026-10-06 08:19:56,356 INFO o.a.j.t.JMeterThread: Thread finished: S2 1-258
2026-10-06 08:19:56,361 INFO o.a.j.t.JMeterThread: Stopping because end time detected by thread: S2 1-837
2026-10-06 08:19:56,361 INFO o.a.j.t.JMeterThread: Thread finished: S2 1-837
2026-10-06 08:19:56,366 INFO o.a.j.t.JMeterThread: Stopping because end time detected by thread: S2 1-799
2026-10-06 08:19:56,367 INFO o.a.j.t.JMeterThread: Thread finished: S2 1-799
2026-10-06 08:19:56,367 INFO o.a.j.t.JMeterThread: Stopping because end time detected by thread: S2 1-178
2026-10-06 08:19:56,367 INFO o.a.j.t.JMeterThread: Thread finished: S2 1-178
2026-10-06 08:19:56,371 INFO o.a.j.t.JMeterThread: Stopping because end time detected by thread: S2 1-346
2026-10-06 08:19:56,371 INFO o.a.j.t.JMeterThread: Thread finished: S2 1-346
2026-10-06 08:19:56,373 INFO o.a.j.t.JMeterThread: Stopping because end time detected by thread: S2 1-338
2026-10-06 08:19:56,373 INFO o.a.j.t.JMeterThread: Thread finished: S2 1-338
2026-10-06 08:19:56,373 INFO o.a.j.t.JMeterThread: Stopping because end time detected by thread: S2 1-651
2026-10-06 08:19:56,373 INFO o.a.j.t.JMeterThread: Thread finished: S2 1-651
2026-10-06 08:19:56,374 INFO o.a.j.t.JMeterThread: Stopping because end time detected by thread: S2 1-647
2026-10-06 08:19:56,374 INFO o.a.j.t.JMeterThread: Thread finished: S2 1-647
2026-10-06 08:19:56,438 INFO o.a.j.t.JMeterThread: Stopping because end time detected by thread: S2 1-307
2026-10-06 08:19:56,438 INFO o.a.j.t.JMeterThread: Thread finished: S2 1-307
2026-10-06 08:19:56,443 INFO o.a.j.t.JMeterThread: Stopping because end time detected by thread: S2 1-261
2026-10-06 08:19:56,443 INFO o.a.j.t.JMeterThread: Thread finished: S2 1-261
2026-10-06 08:19:56,444 INFO o.a.j.t.JMeterThread: Stopping because end time detected by thread: S2 1-356
2026-10-06 08:19:56,444 INFO o.a.j.t.JMeterThread: Thread finished: S2 1-356
2026-10-06 08:19:56,446 INFO o.a.j.t.JMeterThread: Stopping because end time detected by thread: S2 1-37
2026-10-06 08:19:56,446 INFO o.a.j.t.JMeterThread: Thread finished: S2 1-37
2026-10-06 08:19:56,447 INFO o.a.j.t.JMeterThread: Stopping because end time detected by thread: S2 1-778
2026-10-06 08:19:56,447 INFO o.a.j.t.JMeterThread: Thread finished: S2 1-778
2026-10-06 08:19:56,453 INFO o.a.j.t.JMeterThread: Stopping because end time detected by thread: S2 1-635
2026-10-06 08:19:56,453 INFO o.a.j.t.JMeterThread: Thread finished: S2 1-635
2026-10-06 08:19:56,459 INFO o.a.j.t.JMeterThread: Stopping because end time detected by thread: S2 1-194
2026-10-06 08:19:56,459 INFO o.a.j.t.JMeterThread: Thread finished: S2 1-194
2026-10-06 08:19:56,460 INFO o.a.j.t.JMeterThread: Stopping because end time detected by thread: S2 1-285
2026-10-06 08:19:56,460 INFO o.a.j.t.JMeterThread: Thread finished: S2 1-285
2026-10-06 08:19:56,460 INFO o.a.j.t.JMeterThread: Stopping because end time detected by thread: S2 1-133
2026-10-06 08:19:56,460 INFO o.a.j.t.JMeterThread: Thread finished: S2 1-133
2026-10-06 08:19:56,463 INFO o.a.j.t.JMeterThread: Stopping because end time detected by thread: S2 1-445
2026-10-06 08:19:56,463 INFO o.a.j.t.JMeterThread: Thread finished: S2 1-445
2026-10-06 08:19:56,467 INFO o.a.j.t.JMeterThread: Stopping because end time detected by thread: S2 1-117
2026-10-06 08:19:56,467 INFO o.a.j.t.JMeterThread: Thread finished: S2 1-117
2026-10-06 08:19:56,468 INFO o.a.j.t.JMeterThread: Stopping because end time detected by thread: S2 1-776
2026-10-06 08:19:56,468 INFO o.a.j.t.JMeterThread: Thread finished: S2 1-776
2026-10-06 08:19:56,472 INFO o.a.j.t.JMeterThread: Stopping because end time detected by thread: S2 1-473
2026-10-06 08:19:56,472 INFO o.a.j.t.JMeterThread: Thread finished: S2 1-473
2026-10-06 08:19:56,542 INFO o.a.j.t.JMeterThread: Stopping because end time detected by thread: S2 1-813
2026-10-06 08:19:56,542 INFO o.a.j.t.JMeterThread: Thread finished: S2 1-813
2026-10-06 08:19:56,543 INFO o.a.j.t.JMeterThread: Stopping because end time detected by thread: S2 1-358
2026-10-06 08:19:56,543 INFO o.a.j.t.JMeterThread: Stopping because end time detected by thread: S2 1-694
2026-10-06 08:19:56,544 INFO o.a.j.t.JMeterThread: Thread finished: S2 1-358
2026-10-06 08:19:56,544 INFO o.a.j.t.JMeterThread: Thread finished: S2 1-694
2026-10-06 08:19:56,544 INFO o.a.j.t.JMeterThread: Stopping because end time detected by thread: S2 1-659
2026-10-06 08:19:56,544 INFO o.a.j.t.JMeterThread: Thread finished: S2 1-659
2026-10-06 08:19:56,546 INFO o.a.j.t.JMeterThread: Stopping because end time detected by thread: S2 1-109
2026-10-06 08:19:56,546 INFO o.a.j.t.JMeterThread: Thread finished: S2 1-109
2026-10-06 08:19:56,546 INFO o.a.j.t.JMeterThread: Stopping because end time detected by thread: S2 1-262
2026-10-06 08:19:56,546 INFO o.a.j.t.JMeterThread: Thread finished: S2 1-262
2026-10-06 08:19:56,547 INFO o.a.j.t.JMeterThread: Stopping because end time detected by thread: S2 1-849
2026-10-06 08:19:56,547 INFO o.a.j.t.JMeterThread: Thread finished: S2 1-849
2026-10-06 08:19:56,558 INFO o.a.j.t.JMeterThread: Stopping because end time detected by thread: S2 1-373
2026-10-06 08:19:56,558 INFO o.a.j.t.JMeterThread: Thread finished: S2 1-373
2026-10-06 08:19:56,559 INFO o.a.j.t.JMeterThread: Stopping because end time detected by thread: S2 1-861
2026-10-06 08:19:56,559 INFO o.a.j.t.JMeterThread: Thread finished: S2 1-861
2026-10-06 08:19:56,572 INFO o.a.j.t.JMeterThread: Stopping because end time detected by thread: S2 1-829
2026-10-06 08:19:56,572 INFO o.a.j.t.JMeterThread: Stopping because end time detected by thread: S2 1-210
2026-10-06 08:19:56,572 INFO o.a.j.t.JMeterThread: Thread finished: S2 1-210
2026-10-06 08:19:56,572 INFO o.a.j.t.JMeterThread: Thread finished: S2 1-829
2026-10-06 08:19:56,574 INFO o.a.j.t.JMeterThread: Stopping because end time detected by thread: S2 1-46
2026-10-06 08:19:56,574 INFO o.a.j.t.JMeterThread: Thread finished: S2 1-46
2026-10-06 08:19:56,574 INFO o.a.j.t.JMeterThread: Stopping because end time detected by thread: S2 1-461
2026-10-06 08:19:56,574 INFO o.a.j.t.JMeterThread: Thread finished: S2 1-461
2026-10-06 08:19:56,579 INFO o.a.j.t.JMeterThread: Stopping because end time detected by thread: S2 1-19
2026-10-06 08:19:56,580 INFO o.a.j.t.JMeterThread: Thread finished: S2 1-19
2026-10-06 08:19:56,581 INFO o.a.j.t.JMeterThread: Stopping because end time detected by thread: S2 1-174
2026-10-06 08:19:56,581 INFO o.a.j.t.JMeterThread: Thread finished: S2 1-174
2026-10-06 08:19:56,642 INFO o.a.j.t.JMeterThread: Stopping because end time detected by thread: S2 1-817
2026-10-06 08:19:56,642 INFO o.a.j.t.JMeterThread: Thread finished: S2 1-817
2026-10-06 08:19:56,643 INFO o.a.j.t.JMeterThread: Stopping because end time detected by thread: S2 1-712
2026-10-06 08:19:56,644 INFO o.a.j.t.JMeterThread: Thread finished: S2 1-712
2026-10-06 08:19:56,653 INFO o.a.j.t.JMeterThread: Stopping because end time detected by thread: S2 1-424
2026-10-06 08:19:56,653 INFO o.a.j.t.JMeterThread: Thread finished: S2 1-424
2026-10-06 08:19:56,654 INFO o.a.j.t.JMeterThread: Stopping because end time detected by thread: S2 1-276
2026-10-06 08:19:56,654 INFO o.a.j.t.JMeterThread: Thread finished: S2 1-276
2026-10-06 08:19:56,662 INFO o.a.j.t.JMeterThread: Stopping because end time detected by thread: S2 1-344
2026-10-06 08:19:56,663 INFO o.a.j.t.JMeterThread: Thread finished: S2 1-344
2026-10-06 08:19:56,664 INFO o.a.j.t.JMeterThread: Stopping because end time detected by thread: S2 1-121
2026-10-06 08:19:56,664 INFO o.a.j.t.JMeterThread: Thread finished: S2 1-121
2026-10-06 08:19:56,664 INFO o.a.j.t.JMeterThread: Stopping because end time detected by thread: S2 1-483
2026-10-06 08:19:56,665 INFO o.a.j.t.JMeterThread: Thread finished: S2 1-483
2026-10-06 08:19:56,665 INFO o.a.j.t.JMeterThread: Stopping because end time detected by thread: S2 1-315
2026-10-06 08:19:56,665 INFO o.a.j.t.JMeterThread: Thread finished: S2 1-315
2026-10-06 08:19:56,667 INFO o.a.j.t.JMeterThread: Stopping because end time detected by thread: S2 1-265
2026-10-06 08:19:56,667 INFO o.a.j.t.JMeterThread: Thread finished: S2 1-265
2026-10-06 08:19:56,668 INFO o.a.j.t.JMeterThread: Stopping because end time detected by thread: S2 1-638
2026-10-06 08:19:56,668 INFO o.a.j.t.JMeterThread: Thread finished: S2 1-638
2026-10-06 08:19:56,670 INFO o.a.j.t.JMeterThread: Stopping because end time detected by thread: S2 1-821
2026-10-06 08:19:56,670 INFO o.a.j.t.JMeterThread: Thread finished: S2 1-821
2026-10-06 08:19:56,739 INFO o.a.j.t.JMeterThread: Stopping because end time detected by thread: S2 1-306
2026-10-06 08:19:56,739 INFO o.a.j.t.JMeterThread: Thread finished: S2 1-306
2026-10-06 08:19:56,741 INFO o.a.j.t.JMeterThread: Stopping because end time detected by thread: S2 1-40
2026-10-06 08:19:56,741 INFO o.a.j.t.JMeterThread: Thread finished: S2 1-40
2026-10-06 08:19:56,745 INFO o.a.j.t.JMeterThread: Stopping because end time detected by thread: S2 1-449
2026-10-06 08:19:56,746 INFO o.a.j.t.JMeterThread: Stopping because end time detected by thread: S2 1-780
2026-10-06 08:19:56,746 INFO o.a.j.t.JMeterThread: Thread finished: S2 1-449
2026-10-06 08:19:56,746 INFO o.a.j.t.JMeterThread: Thread finished: S2 1-780
2026-10-06 08:19:56,747 INFO o.a.j.t.JMeterThread: Stopping because end time detected by thread: S2 1-297
2026-10-06 08:19:56,747 INFO o.a.j.t.JMeterThread: Thread finished: S2 1-297
2026-10-06 08:19:56,756 INFO o.a.j.t.JMeterThread: Stopping because end time detected by thread: S2 1-674
2026-10-06 08:19:56,756 INFO o.a.j.t.JMeterThread: Thread finished: S2 1-674
2026-10-06 08:19:56,766 INFO o.a.j.t.JMeterThread: Stopping because end time detected by thread: S2 1-825
2026-10-06 08:19:56,766 INFO o.a.j.t.JMeterThread: Thread finished: S2 1-825
2026-10-06 08:19:56,769 INFO o.a.j.t.JMeterThread: Stopping because end time detected by thread: S2 1-7
2026-10-06 08:19:56,769 INFO o.a.j.t.JMeterThread: Thread finished: S2 1-7
2026-10-06 08:19:56,770 INFO o.a.j.t.JMeterThread: Stopping because end time detected by thread: S2 1-354
2026-10-06 08:19:56,770 INFO o.a.j.t.JMeterThread: Thread finished: S2 1-354
2026-10-06 08:19:56,776 INFO o.a.j.t.JMeterThread: Stopping because end time detected by thread: S2 1-365
2026-10-06 08:19:56,776 INFO o.a.j.t.JMeterThread: Thread finished: S2 1-365
2026-10-06 08:19:56,841 INFO o.a.j.t.JMeterThread: Stopping because end time detected by thread: S2 1-182
2026-10-06 08:19:56,841 INFO o.a.j.t.JMeterThread: Thread finished: S2 1-182
2026-10-06 08:19:56,844 INFO o.a.j.t.JMeterThread: Stopping because end time detected by thread: S2 1-662
2026-10-06 08:19:56,844 INFO o.a.j.t.JMeterThread: Thread finished: S2 1-662
2026-10-06 08:19:56,845 INFO o.a.j.t.JMeterThread: Stopping because end time detected by thread: S2 1-13
2026-10-06 08:19:56,845 INFO o.a.j.t.JMeterThread: Thread finished: S2 1-13
2026-10-06 08:19:56,846 INFO o.a.j.t.JMeterThread: Stopping because end time detected by thread: S2 1-465
2026-10-06 08:19:56,846 INFO o.a.j.t.JMeterThread: Thread finished: S2 1-465
2026-10-06 08:19:56,851 INFO o.a.j.t.JMeterThread: Stopping because end time detected by thread: S2 1-655
2026-10-06 08:19:56,851 INFO o.a.j.t.JMeterThread: Thread finished: S2 1-655
2026-10-06 08:19:56,852 INFO o.a.j.t.JMeterThread: Stopping because end time detected by thread: S2 1-303
2026-10-06 08:19:56,852 INFO o.a.j.t.JMeterThread: Thread finished: S2 1-303
2026-10-06 08:19:56,854 INFO o.a.j.t.JMeterThread: Stopping because end time detected by thread: S2 1-277
2026-10-06 08:19:56,854 INFO o.a.j.t.JMeterThread: Thread finished: S2 1-277
2026-10-06 08:19:56,861 INFO o.a.j.t.JMeterThread: Stopping because end time detected by thread: S2 1-758
2026-10-06 08:19:56,861 INFO o.a.j.t.JMeterThread: Thread finished: S2 1-758
2026-10-06 08:19:56,862 INFO o.a.j.t.JMeterThread: Stopping because end time detected by thread: S2 1-195
2026-10-06 08:19:56,862 INFO o.a.j.t.JMeterThread: Thread finished: S2 1-195
2026-10-06 08:19:56,863 INFO o.a.j.t.JMeterThread: Stopping because end time detected by thread: S2 1-684
2026-10-06 08:19:56,863 INFO o.a.j.t.JMeterThread: Thread finished: S2 1-684
2026-10-06 08:19:56,865 INFO o.a.j.t.JMeterThread: Stopping because end time detected by thread: S2 1-708
2026-10-06 08:19:56,865 INFO o.a.j.t.JMeterThread: Thread finished: S2 1-708
2026-10-06 08:19:56,868 INFO o.a.j.t.JMeterThread: Stopping because end time detected by thread: S2 1-481
2026-10-06 08:19:56,868 INFO o.a.j.t.JMeterThread: Thread finished: S2 1-481
2026-10-06 08:19:56,869 INFO o.a.j.t.JMeterThread: Stopping because end time detected by thread: S2 1-520
2026-10-06 08:19:56,869 INFO o.a.j.t.JMeterThread: Thread finished: S2 1-520
2026-10-06 08:19:56,871 INFO o.a.j.t.JMeterThread: Stopping because end time detected by thread: S2 1-857
2026-10-06 08:19:56,871 INFO o.a.j.t.JMeterThread: Thread finished: S2 1-857
2026-10-06 08:19:56,875 INFO o.a.j.t.JMeterThread: Stopping because end time detected by thread: S2 1-119
2026-10-06 08:19:56,875 INFO o.a.j.t.JMeterThread: Thread finished: S2 1-119
2026-10-06 08:19:56,876 INFO o.a.j.t.JMeterThread: Stopping because end time detected by thread: S2 1-362
2026-10-06 08:19:56,876 INFO o.a.j.t.JMeterThread: Thread finished: S2 1-362
2026-10-06 08:19:56,879 INFO o.a.j.t.JMeterThread: Stopping because end time detected by thread: S2 1-680
2026-10-06 08:19:56,879 INFO o.a.j.t.JMeterThread: Thread finished: S2 1-680
2026-10-06 08:19:56,946 INFO o.a.j.t.JMeterThread: Stopping because end time detected by thread: S2 1-738
2026-10-06 08:19:56,946 INFO o.a.j.t.JMeterThread: Thread finished: S2 1-738
2026-10-06 08:19:56,946 INFO o.a.j.t.JMeterThread: Stopping because end time detected by thread: S2 1-376
2026-10-06 08:19:56,947 INFO o.a.j.t.JMeterThread: Thread finished: S2 1-376
2026-10-06 08:19:56,951 INFO o.a.j.t.JMeterThread: Stopping because end time detected by thread: S2 1-224
2026-10-06 08:19:56,951 INFO o.a.j.t.JMeterThread: Thread finished: S2 1-224
2026-10-06 08:19:56,952 INFO o.a.j.t.JMeterThread: Stopping because end time detected by thread: S2 1-676
2026-10-06 08:19:56,952 INFO o.a.j.t.JMeterThread: Thread finished: S2 1-676
2026-10-06 08:19:56,953 INFO o.a.j.t.JMeterThread: Stopping because end time detected by thread: S2 1-800
2026-10-06 08:19:56,953 INFO o.a.j.t.JMeterThread: Thread finished: S2 1-800
2026-10-06 08:19:56,955 INFO o.a.j.t.JMeterThread: Stopping because end time detected by thread: S2 1-350
2026-10-06 08:19:56,955 INFO o.a.j.t.JMeterThread: Thread finished: S2 1-350
2026-10-06 08:19:56,957 INFO o.a.j.t.JMeterThread: Stopping because end time detected by thread: S2 1-877
2026-10-06 08:19:56,957 INFO o.a.j.t.JMeterThread: Thread finished: S2 1-877
2026-10-06 08:19:56,962 INFO o.a.j.t.JMeterThread: Stopping because end time detected by thread: S2 1-92
2026-10-06 08:19:56,962 INFO o.a.j.t.JMeterThread: Thread finished: S2 1-92
2026-10-06 08:19:56,962 INFO o.a.j.t.JMeterThread: Stopping because end time detected by thread: S2 1-477
2026-10-06 08:19:56,962 INFO o.a.j.t.JMeterThread: Thread finished: S2 1-477
2026-10-06 08:19:56,963 INFO o.a.j.t.JMeterThread: Stopping because end time detected by thread: S2 1-249
2026-10-06 08:19:56,963 INFO o.a.j.t.JMeterThread: Thread finished: S2 1-249
2026-10-06 08:19:56,966 INFO o.a.j.t.JMeterThread: Stopping because end time detected by thread: S2 1-91
2026-10-06 08:19:56,966 INFO o.a.j.t.JMeterThread: Thread finished: S2 1-91
2026-10-06 08:19:56,966 INFO o.a.j.t.JMeterThread: Stopping because end time detected by thread: S2 1-384
2026-10-06 08:19:56,966 INFO o.a.j.t.JMeterThread: Thread finished: S2 1-384
2026-10-06 08:19:56,971 INFO o.a.j.t.JMeterThread: Stopping because end time detected by thread: S2 1-327
2026-10-06 08:19:56,971 INFO o.a.j.t.JMeterThread: Thread finished: S2 1-327
2026-10-06 08:19:56,974 INFO o.a.j.t.JMeterThread: Stopping because end time detected by thread: S2 1-491
2026-10-06 08:19:56,974 INFO o.a.j.t.JMeterThread: Thread finished: S2 1-491
2026-10-06 08:19:57,039 INFO o.a.j.t.JMeterThread: Stopping because end time detected by thread: S2 1-678
2026-10-06 08:19:57,039 INFO o.a.j.t.JMeterThread: Thread finished: S2 1-678
2026-10-06 08:19:57,042 INFO o.a.j.t.JMeterThread: Stopping because end time detected by thread: S2 1-388
2026-10-06 08:19:57,042 INFO o.a.j.t.JMeterThread: Thread finished: S2 1-388
2026-10-06 08:19:57,048 INFO o.a.j.t.JMeterThread: Stopping because end time detected by thread: S2 1-696
2026-10-06 08:19:57,048 INFO o.a.j.t.JMeterThread: Thread finished: S2 1-696
2026-10-06 08:19:57,061 INFO o.a.j.t.JMeterThread: Stopping because end time detected by thread: S2 1-682
2026-10-06 08:19:57,061 INFO o.a.j.t.JMeterThread: Stopping because end time detected by thread: S2 1-34
2026-10-06 08:19:57,061 INFO o.a.j.t.JMeterThread: Thread finished: S2 1-682
2026-10-06 08:19:57,061 INFO o.a.j.t.JMeterThread: Thread finished: S2 1-34
2026-10-06 08:19:57,065 INFO o.a.j.t.JMeterThread: Stopping because end time detected by thread: S2 1-499
2026-10-06 08:19:57,065 INFO o.a.j.t.JMeterThread: Thread finished: S2 1-499
2026-10-06 08:19:57,066 INFO o.a.j.t.JMeterThread: Stopping because end time detected by thread: S2 1-726
2026-10-06 08:19:57,066 INFO o.a.j.t.JMeterThread: Thread finished: S2 1-726
2026-10-06 08:19:57,066 INFO o.a.j.t.JMeterThread: Stopping because end time detected by thread: S2 1-840
2026-10-06 08:19:57,066 INFO o.a.j.t.JMeterThread: Thread finished: S2 1-840
2026-10-06 08:19:57,067 INFO o.a.j.t.JMeterThread: Stopping because end time detected by thread: S2 1-893
2026-10-06 08:19:57,067 INFO o.a.j.t.JMeterThread: Thread finished: S2 1-893
2026-10-06 08:19:57,068 INFO o.a.j.t.JMeterThread: Stopping because end time detected by thread: S2 1-730
2026-10-06 08:19:57,068 INFO o.a.j.t.JMeterThread: Thread finished: S2 1-730
2026-10-06 08:19:57,070 INFO o.a.j.t.JMeterThread: Stopping because end time detected by thread: S2 1-815
2026-10-06 08:19:57,070 INFO o.a.j.t.JMeterThread: Thread finished: S2 1-815
2026-10-06 08:19:57,073 INFO o.a.j.t.JMeterThread: Stopping because end time detected by thread: S2 1-804
2026-10-06 08:19:57,073 INFO o.a.j.t.JMeterThread: Thread finished: S2 1-804
2026-10-06 08:19:57,075 INFO o.a.j.t.JMeterThread: Stopping because end time detected by thread: S2 1-319
2026-10-06 08:19:57,075 INFO o.a.j.t.JMeterThread: Thread finished: S2 1-319
2026-10-06 08:19:57,076 INFO o.a.j.t.JMeterThread: Stopping because end time detected by thread: S2 1-714
2026-10-06 08:19:57,076 INFO o.a.j.t.JMeterThread: Thread finished: S2 1-714
2026-10-06 08:19:57,142 INFO o.a.j.t.JMeterThread: Stopping because end time detected by thread: S2 1-244
2026-10-06 08:19:57,142 INFO o.a.j.t.JMeterThread: Thread finished: S2 1-244
2026-10-06 08:19:57,142 INFO o.a.j.t.JMeterThread: Stopping because end time detected by thread: S2 1-692
2026-10-06 08:19:57,142 INFO o.a.j.t.JMeterThread: Thread finished: S2 1-692
2026-10-06 08:19:57,150 INFO o.a.j.t.JMeterThread: Stopping because end time detected by thread: S2 1-377
2026-10-06 08:19:57,150 INFO o.a.j.t.JMeterThread: Thread finished: S2 1-377
2026-10-06 08:19:57,153 INFO o.a.j.t.JMeterThread: Stopping because end time detected by thread: S2 1-9
2026-10-06 08:19:57,153 INFO o.a.j.t.JMeterThread: Thread finished: S2 1-9
2026-10-06 08:19:57,156 INFO o.a.j.t.JMeterThread: Stopping because end time detected by thread: S2 1-137
2026-10-06 08:19:57,156 INFO o.a.j.t.JMeterThread: Thread finished: S2 1-137
2026-10-06 08:19:57,160 INFO o.a.j.t.JMeterThread: Stopping because end time detected by thread: S2 1-523
2026-10-06 08:19:57,160 INFO o.a.j.t.JMeterThread: Thread finished: S2 1-523
2026-10-06 08:19:57,160 INFO o.a.j.t.JMeterThread: Stopping because end time detected by thread: S2 1-670
2026-10-06 08:19:57,160 INFO o.a.j.t.JMeterThread: Thread finished: S2 1-670
2026-10-06 08:19:57,165 INFO o.a.j.t.JMeterThread: Stopping because end time detected by thread: S2 1-594
2026-10-06 08:19:57,165 INFO o.a.j.t.JMeterThread: Thread finished: S2 1-594
2026-10-06 08:19:57,170 INFO o.a.j.t.JMeterThread: Stopping because end time detected by thread: S2 1-704
2026-10-06 08:19:57,174 INFO o.a.j.t.JMeterThread: Thread finished: S2 1-704
2026-10-06 08:19:57,175 INFO o.a.j.t.JMeterThread: Stopping because end time detected by thread: S2 1-700
2026-10-06 08:19:57,175 INFO o.a.j.t.JMeterThread: Thread finished: S2 1-700
2026-10-06 08:19:57,176 INFO o.a.j.t.JMeterThread: Stopping because end time detected by thread: S2 1-475
2026-10-06 08:19:57,177 INFO o.a.j.t.JMeterThread: Thread finished: S2 1-475
2026-10-06 08:19:57,178 INFO o.a.j.t.JMeterThread: Stopping because end time detected by thread: S2 1-281
2026-10-06 08:19:57,178 INFO o.a.j.t.JMeterThread: Thread finished: S2 1-281
2026-10-06 08:19:57,178 INFO o.a.j.t.JMeterThread: Stopping because end time detected by thread: S2 1-832
2026-10-06 08:19:57,178 INFO o.a.j.t.JMeterThread: Thread finished: S2 1-832
2026-10-06 08:19:57,237 INFO o.a.j.t.JMeterThread: Stopping because end time detected by thread: S2 1-199
2026-10-06 08:19:57,237 INFO o.a.j.t.JMeterThread: Thread finished: S2 1-199
2026-10-06 08:19:57,242 INFO o.a.j.t.JMeterThread: Stopping because end time detected by thread: S2 1-845
2026-10-06 08:19:57,242 INFO o.a.j.t.JMeterThread: Thread finished: S2 1-845
2026-10-06 08:19:57,242 INFO o.a.j.t.JMeterThread: Stopping because end time detected by thread: S2 1-853
2026-10-06 08:19:57,242 INFO o.a.j.t.JMeterThread: Thread finished: S2 1-853
2026-10-06 08:19:57,248 INFO o.a.j.t.JMeterThread: Stopping because end time detected by thread: S2 1-690
2026-10-06 08:19:57,248 INFO o.a.j.t.JMeterThread: Thread finished: S2 1-690
2026-10-06 08:19:57,248 INFO o.a.j.t.JMeterThread: Stopping because end time detected by thread: S2 1-865
2026-10-06 08:19:57,248 INFO o.a.j.t.JMeterThread: Thread finished: S2 1-865
2026-10-06 08:19:57,250 INFO o.a.j.t.JMeterThread: Stopping because end time detected by thread: S2 1-202
2026-10-06 08:19:57,250 INFO o.a.j.t.JMeterThread: Thread finished: S2 1-202
2026-10-06 08:19:57,251 INFO o.a.j.t.JMeterThread: Stopping because end time detected by thread: S2 1-901
2026-10-06 08:19:57,251 INFO o.a.j.t.JMeterThread: Thread finished: S2 1-901
2026-10-06 08:19:57,257 INFO o.a.j.t.JMeterThread: Stopping because end time detected by thread: S2 1-205
2026-10-06 08:19:57,257 INFO o.a.j.t.JMeterThread: Thread finished: S2 1-205
2026-10-06 08:19:57,258 INFO o.a.j.t.JMeterThread: Stopping because end time detected by thread: S2 1-889
2026-10-06 08:19:57,258 INFO o.a.j.t.JMeterThread: Thread finished: S2 1-889
2026-10-06 08:19:57,260 INFO o.a.j.t.JMeterThread: Stopping because end time detected by thread: S2 1-512
2026-10-06 08:19:57,260 INFO o.a.j.t.JMeterThread: Thread finished: S2 1-512
2026-10-06 08:19:57,269 INFO o.a.j.t.JMeterThread: Stopping because end time detected by thread: S2 1-706
2026-10-06 08:19:57,269 INFO o.a.j.t.JMeterThread: Thread finished: S2 1-706
2026-10-06 08:19:57,270 INFO o.a.j.t.JMeterThread: Stopping because end time detected by thread: S2 1-771
2026-10-06 08:19:57,270 INFO o.a.j.t.JMeterThread: Thread finished: S2 1-771
2026-10-06 08:19:57,275 INFO o.a.j.t.JMeterThread: Stopping because end time detected by thread: S2 1-828
2026-10-06 08:19:57,275 INFO o.a.j.t.JMeterThread: Thread finished: S2 1-828
2026-10-06 08:19:57,341 INFO o.a.j.t.JMeterThread: Stopping because end time detected by thread: S2 1-719
2026-10-06 08:19:57,342 INFO o.a.j.t.JMeterThread: Thread finished: S2 1-719
2026-10-06 08:19:57,342 INFO o.a.j.t.JMeterThread: Stopping because end time detected by thread: S2 1-82
2026-10-06 08:19:57,342 INFO o.a.j.t.JMeterThread: Thread finished: S2 1-82
2026-10-06 08:19:57,345 INFO o.a.j.t.JMeterThread: Stopping because end time detected by thread: S2 1-394
2026-10-06 08:19:57,345 INFO o.a.j.t.JMeterThread: Thread finished: S2 1-394
2026-10-06 08:19:57,347 INFO o.a.j.t.JMeterThread: Stopping because end time detected by thread: S2 1-734
2026-10-06 08:19:57,347 INFO o.a.j.t.JMeterThread: Stopping because end time detected by thread: S2 1-106
2026-10-06 08:19:57,347 INFO o.a.j.t.JMeterThread: Thread finished: S2 1-734
2026-10-06 08:19:57,347 INFO o.a.j.t.JMeterThread: Thread finished: S2 1-106
2026-10-06 08:19:57,348 INFO o.a.j.t.JMeterThread: Stopping because end time detected by thread: S2 1-318
2026-10-06 08:19:57,348 INFO o.a.j.t.JMeterThread: Thread finished: S2 1-318
2026-10-06 08:19:57,348 INFO o.a.j.t.JMeterThread: Stopping because end time detected by thread: S2 1-770
2026-10-06 08:19:57,348 INFO o.a.j.t.JMeterThread: Thread finished: S2 1-770
2026-10-06 08:19:57,349 INFO o.a.j.t.JMeterThread: Stopping because end time detected by thread: S2 1-122
2026-10-06 08:19:57,350 INFO o.a.j.t.JMeterThread: Thread finished: S2 1-122
2026-10-06 08:19:57,350 INFO o.a.j.t.JMeterThread: Stopping because end time detected by thread: S2 1-816
2026-10-06 08:19:57,350 INFO o.a.j.t.JMeterThread: Thread finished: S2 1-816
2026-10-06 08:19:57,350 INFO o.a.j.t.JMeterThread: Stopping because end time detected by thread: S2 1-808
2026-10-06 08:19:57,350 INFO o.a.j.t.JMeterThread: Thread finished: S2 1-808
2026-10-06 08:19:57,353 INFO o.a.j.t.JMeterThread: Stopping because end time detected by thread: S2 1-422
2026-10-06 08:19:57,353 INFO o.a.j.t.JMeterThread: Thread finished: S2 1-422
2026-10-06 08:19:57,359 INFO o.a.j.t.JMeterThread: Stopping because end time detected by thread: S2 1-668
2026-10-06 08:19:57,359 INFO o.a.j.t.JMeterThread: Thread finished: S2 1-668
2026-10-06 08:19:57,360 INFO o.a.j.t.JMeterThread: Stopping because end time detected by thread: S2 1-198
2026-10-06 08:19:57,360 INFO o.a.j.t.JMeterThread: Thread finished: S2 1-198
2026-10-06 08:19:57,365 INFO o.a.j.t.JMeterThread: Stopping because end time detected by thread: S2 1-917
2026-10-06 08:19:57,365 INFO o.a.j.t.JMeterThread: Thread finished: S2 1-917
2026-10-06 08:19:57,369 INFO o.a.j.t.JMeterThread: Stopping because end time detected by thread: S2 1-718
2026-10-06 08:19:57,369 INFO o.a.j.t.JMeterThread: Thread finished: S2 1-718
2026-10-06 08:19:57,372 INFO o.a.j.t.JMeterThread: Stopping because end time detected by thread: S2 1-909
2026-10-06 08:19:57,373 INFO o.a.j.t.JMeterThread: Thread finished: S2 1-909
2026-10-06 08:19:57,377 INFO o.a.j.t.JMeterThread: Stopping because end time detected by thread: S2 1-844
2026-10-06 08:19:57,377 INFO o.a.j.t.JMeterThread: Thread finished: S2 1-844
2026-10-06 08:19:57,381 INFO o.a.j.t.JMeterThread: Stopping because end time detected by thread: S2 1-71
2026-10-06 08:19:57,381 INFO o.a.j.t.JMeterThread: Thread finished: S2 1-71
2026-10-06 08:19:57,442 INFO o.a.j.t.JMeterThread: Stopping because end time detected by thread: S2 1-505
2026-10-06 08:19:57,443 INFO o.a.j.t.JMeterThread: Stopping because end time detected by thread: S2 1-203
2026-10-06 08:19:57,445 INFO o.a.j.t.JMeterThread: Thread finished: S2 1-505
2026-10-06 08:19:57,445 INFO o.a.j.t.JMeterThread: Thread finished: S2 1-203
2026-10-06 08:19:57,446 INFO o.a.j.t.JMeterThread: Stopping because end time detected by thread: S2 1-86
2026-10-06 08:19:57,446 INFO o.a.j.t.JMeterThread: Thread finished: S2 1-86
2026-10-06 08:19:57,449 INFO o.a.j.t.JMeterThread: Stopping because end time detected by thread: S2 1-127
2026-10-06 08:19:57,449 INFO o.a.j.t.JMeterThread: Thread finished: S2 1-127
2026-10-06 08:19:57,451 INFO o.a.j.t.JMeterThread: Stopping because end time detected by thread: S2 1-797
2026-10-06 08:19:57,451 INFO o.a.j.t.JMeterThread: Thread finished: S2 1-797
2026-10-06 08:19:57,452 INFO o.a.j.t.JMeterThread: Stopping because end time detected by thread: S2 1-247
2026-10-06 08:19:57,452 INFO o.a.j.t.JMeterThread: Thread finished: S2 1-247
2026-10-06 08:19:57,454 INFO o.a.j.t.JMeterThread: Stopping because end time detected by thread: S2 1-746
2026-10-06 08:19:57,454 INFO o.a.j.t.JMeterThread: Thread finished: S2 1-746
2026-10-06 08:19:57,456 INFO o.a.j.t.JMeterThread: Stopping because end time detected by thread: S2 1-126
2026-10-06 08:19:57,456 INFO o.a.j.t.JMeterThread: Thread finished: S2 1-126
2026-10-06 08:19:57,462 INFO o.a.j.t.JMeterThread: Stopping because end time detected by thread: S2 1-396
2026-10-06 08:19:57,462 INFO o.a.j.t.JMeterThread: Thread finished: S2 1-396
2026-10-06 08:19:57,473 INFO o.a.j.t.JMeterThread: Stopping because end time detected by thread: S2 1-471
2026-10-06 08:19:57,474 INFO o.a.j.t.JMeterThread: Thread finished: S2 1-471
2026-10-06 08:19:57,475 INFO o.a.j.t.JMeterThread: Stopping because end time detected by thread: S2 1-869
2026-10-06 08:19:57,475 INFO o.a.j.t.JMeterThread: Thread finished: S2 1-869
2026-10-06 08:19:57,475 INFO o.a.j.t.JMeterThread: Stopping because end time detected by thread: S2 1-754
2026-10-06 08:19:57,475 INFO o.a.j.t.JMeterThread: Thread finished: S2 1-754
2026-10-06 08:19:57,541 INFO o.a.j.t.JMeterThread: Stopping because end time detected by thread: S2 1-45
2026-10-06 08:19:57,541 INFO o.a.j.t.JMeterThread: Thread finished: S2 1-45
2026-10-06 08:19:57,542 INFO o.a.j.t.JMeterThread: Stopping because end time detected by thread: S2 1-833
2026-10-06 08:19:57,542 INFO o.a.j.t.JMeterThread: Thread finished: S2 1-833
2026-10-06 08:19:57,557 INFO o.a.j.t.JMeterThread: Stopping because end time detected by thread: S2 1-715
2026-10-06 08:19:57,557 INFO o.a.j.t.JMeterThread: Thread finished: S2 1-715
2026-10-06 08:19:57,561 INFO o.a.j.t.JMeterThread: Stopping because end time detected by thread: S2 1-897
2026-10-06 08:19:57,561 INFO o.a.j.t.JMeterThread: Thread finished: S2 1-897
2026-10-06 08:19:57,568 INFO o.a.j.t.JMeterThread: Stopping because end time detected by thread: S2 1-872
2026-10-06 08:19:57,568 INFO o.a.j.t.JMeterThread: Thread finished: S2 1-872
2026-10-06 08:19:57,569 INFO o.a.j.t.JMeterThread: Stopping because end time detected by thread: S2 1-32
2026-10-06 08:19:57,569 INFO o.a.j.t.JMeterThread: Thread finished: S2 1-32
2026-10-06 08:19:57,573 INFO o.a.j.t.JMeterThread: Stopping because end time detected by thread: S2 1-824
2026-10-06 08:19:57,573 INFO o.a.j.t.JMeterThread: Thread finished: S2 1-824
2026-10-06 08:19:57,574 INFO o.a.j.t.JMeterThread: Stopping because end time detected by thread: S2 1-408
2026-10-06 08:19:57,575 INFO o.a.j.t.JMeterThread: Thread finished: S2 1-408
2026-10-06 08:19:57,578 INFO o.a.j.t.JMeterThread: Stopping because end time detected by thread: S2 1-855
2026-10-06 08:19:57,578 INFO o.a.j.t.JMeterThread: Thread finished: S2 1-855
2026-10-06 08:19:57,643 INFO o.a.j.t.JMeterThread: Stopping because end time detected by thread: S2 1-390
2026-10-06 08:19:57,643 INFO o.a.j.t.JMeterThread: Thread finished: S2 1-390
2026-10-06 08:19:57,643 INFO o.a.j.t.JMeterThread: Stopping because end time detected by thread: S2 1-386
2026-10-06 08:19:57,644 INFO o.a.j.t.JMeterThread: Thread finished: S2 1-386
2026-10-06 08:19:57,645 INFO o.a.j.t.JMeterThread: Stopping because end time detected by thread: S2 1-860
2026-10-06 08:19:57,645 INFO o.a.j.t.JMeterThread: Thread finished: S2 1-860
2026-10-06 08:19:57,647 INFO o.a.j.t.JMeterThread: Stopping because end time detected by thread: S2 1-820
2026-10-06 08:19:57,646 INFO o.a.j.t.JMeterThread: Stopping because end time detected by thread: S2 1-83
2026-10-06 08:19:57,650 INFO o.a.j.t.JMeterThread: Thread finished: S2 1-83
2026-10-06 08:19:57,646 INFO o.a.j.t.JMeterThread: Stopping because end time detected by thread: S2 1-852
2026-10-06 08:19:57,645 INFO o.a.j.t.JMeterThread: Stopping because end time detected by thread: S2 1-511
2026-10-06 08:19:57,645 INFO o.a.j.t.JMeterThread: Stopping because end time detected by thread: S2 1-724
2026-10-06 08:19:57,651 INFO o.a.j.t.JMeterThread: Thread finished: S2 1-852
2026-10-06 08:19:57,651 INFO o.a.j.t.JMeterThread: Thread finished: S2 1-724
2026-10-06 08:19:57,650 INFO o.a.j.t.JMeterThread: Stopping because end time detected by thread: S2 1-515
2026-10-06 08:19:57,650 INFO o.a.j.t.JMeterThread: Thread finished: S2 1-820
2026-10-06 08:19:57,651 INFO o.a.j.t.JMeterThread: Thread finished: S2 1-515
2026-10-06 08:19:57,651 INFO o.a.j.t.JMeterThread: Thread finished: S2 1-511
2026-10-06 08:19:57,652 INFO o.a.j.t.JMeterThread: Stopping because end time detected by thread: S2 1-873
2026-10-06 08:19:57,652 INFO o.a.j.t.JMeterThread: Thread finished: S2 1-873
2026-10-06 08:19:57,654 INFO o.a.j.t.JMeterThread: Stopping because end time detected by thread: S2 1-519
2026-10-06 08:19:57,654 INFO o.a.j.t.JMeterThread: Thread finished: S2 1-519
2026-10-06 08:19:57,659 INFO o.a.j.t.JMeterThread: Stopping because end time detected by thread: S2 1-36
2026-10-06 08:19:57,659 INFO o.a.j.t.JMeterThread: Thread finished: S2 1-36
2026-10-06 08:19:57,661 INFO o.a.j.t.JMeterThread: Stopping because end time detected by thread: S2 1-100
2026-10-06 08:19:57,661 INFO o.a.j.t.JMeterThread: Thread finished: S2 1-100
2026-10-06 08:19:57,669 INFO o.a.j.t.JMeterThread: Stopping because end time detected by thread: S2 1-230
2026-10-06 08:19:57,669 INFO o.a.j.t.JMeterThread: Thread finished: S2 1-230
2026-10-06 08:19:57,671 INFO o.a.j.t.JMeterThread: Stopping because end time detected by thread: S2 1-790
2026-10-06 08:19:57,671 INFO o.a.j.t.JMeterThread: Thread finished: S2 1-790
2026-10-06 08:19:57,675 INFO o.a.j.t.JMeterThread: Stopping because end time detected by thread: S2 1-128
2026-10-06 08:19:57,675 INFO o.a.j.t.JMeterThread: Thread finished: S2 1-128
2026-10-06 08:19:57,676 INFO o.a.j.t.JMeterThread: Stopping because end time detected by thread: S2 1-407
2026-10-06 08:19:57,676 INFO o.a.j.t.JMeterThread: Thread finished: S2 1-407
2026-10-06 08:19:57,680 INFO o.a.j.t.JMeterThread: Stopping because end time detected by thread: S2 1-4
2026-10-06 08:19:57,681 INFO o.a.j.t.JMeterThread: Thread finished: S2 1-4
2026-10-06 08:19:57,681 INFO o.a.j.t.JMeterThread: Stopping because end time detected by thread: S2 1-111
2026-10-06 08:19:57,681 INFO o.a.j.t.JMeterThread: Thread finished: S2 1-111
2026-10-06 08:19:57,739 INFO o.a.j.t.JMeterThread: Stopping because end time detected by thread: S2 1-305
2026-10-06 08:19:57,739 INFO o.a.j.t.JMeterThread: Thread finished: S2 1-305
2026-10-06 08:19:57,740 INFO o.a.j.t.JMeterThread: Stopping because end time detected by thread: S2 1-503
2026-10-06 08:19:57,740 INFO o.a.j.t.JMeterThread: Thread finished: S2 1-503
2026-10-06 08:19:57,743 INFO o.a.j.t.JMeterThread: Stopping because end time detected by thread: S2 1-44
2026-10-06 08:19:57,743 INFO o.a.j.t.JMeterThread: Thread finished: S2 1-44
2026-10-06 08:19:57,747 INFO o.a.j.t.JMeterThread: Stopping because end time detected by thread: S2 1-623
2026-10-06 08:19:57,747 INFO o.a.j.t.JMeterThread: Stopping because end time detected by thread: S2 1-79
2026-10-06 08:19:57,747 INFO o.a.j.t.JMeterThread: Thread finished: S2 1-623
2026-10-06 08:19:57,747 INFO o.a.j.t.JMeterThread: Thread finished: S2 1-79
2026-10-06 08:19:57,755 INFO o.a.j.t.JMeterThread: Stopping because end time detected by thread: S2 1-702
2026-10-06 08:19:57,755 INFO o.a.j.t.JMeterThread: Thread finished: S2 1-702
2026-10-06 08:19:57,756 INFO o.a.j.t.JMeterThread: Stopping because end time detected by thread: S2 1-157
2026-10-06 08:19:57,757 INFO o.a.j.t.JMeterThread: Stopping because end time detected by thread: S2 1-941
2026-10-06 08:19:57,757 INFO o.a.j.t.JMeterThread: Thread finished: S2 1-941
2026-10-06 08:19:57,757 INFO o.a.j.t.JMeterThread: Thread finished: S2 1-157
2026-10-06 08:19:57,762 INFO o.a.j.t.JMeterThread: Stopping because end time detected by thread: S2 1-876
2026-10-06 08:19:57,762 INFO o.a.j.t.JMeterThread: Thread finished: S2 1-876
2026-10-06 08:19:57,766 INFO o.a.j.t.JMeterThread: Stopping because end time detected by thread: S2 1-798
2026-10-06 08:19:57,766 INFO o.a.j.t.JMeterThread: Thread finished: S2 1-798
2026-10-06 08:19:57,766 INFO o.a.j.t.JMeterThread: Stopping because end time detected by thread: S2 1-905
2026-10-06 08:19:57,766 INFO o.a.j.t.JMeterThread: Thread finished: S2 1-905
2026-10-06 08:19:57,767 INFO o.a.j.t.JMeterThread: Stopping because end time detected by thread: S2 1-488
2026-10-06 08:19:57,767 INFO o.a.j.t.JMeterThread: Thread finished: S2 1-488
2026-10-06 08:19:57,776 INFO o.a.j.t.JMeterThread: Stopping because end time detected by thread: S2 1-885
2026-10-06 08:19:57,776 INFO o.a.j.t.JMeterThread: Thread finished: S2 1-885
2026-10-06 08:19:57,778 INFO o.a.j.t.JMeterThread: Stopping because end time detected by thread: S2 1-921
2026-10-06 08:19:57,778 INFO o.a.j.t.JMeterThread: Thread finished: S2 1-921
2026-10-06 08:19:57,780 INFO o.a.j.t.JMeterThread: Stopping because end time detected by thread: S2 1-273
2026-10-06 08:19:57,780 INFO o.a.j.t.JMeterThread: Thread finished: S2 1-273
2026-10-06 08:19:57,782 INFO o.a.j.t.JMeterThread: Stopping because end time detected by thread: S2 1-411
2026-10-06 08:19:57,782 INFO o.a.j.t.JMeterThread: Thread finished: S2 1-411
2026-10-06 08:19:57,840 INFO o.a.j.t.JMeterThread: Stopping because end time detected by thread: S2 1-301
2026-10-06 08:19:57,840 INFO o.a.j.t.JMeterThread: Stopping because end time detected by thread: S2 1-160
2026-10-06 08:19:57,840 INFO o.a.j.t.JMeterThread: Thread finished: S2 1-301
2026-10-06 08:19:57,840 INFO o.a.j.t.JMeterThread: Thread finished: S2 1-160
2026-10-06 08:19:57,841 INFO o.a.j.t.JMeterThread: Stopping because end time detected by thread: S2 1-864
2026-10-06 08:19:57,841 INFO o.a.j.t.JMeterThread: Thread finished: S2 1-864
2026-10-06 08:19:57,846 INFO o.a.j.t.JMeterThread: Stopping because end time detected by thread: S2 1-153
2026-10-06 08:19:57,846 INFO o.a.j.t.JMeterThread: Thread finished: S2 1-153
2026-10-06 08:19:57,850 INFO o.a.j.t.JMeterThread: Stopping because end time detected by thread: S2 1-794
2026-10-06 08:19:57,850 INFO o.a.j.t.JMeterThread: Thread finished: S2 1-794
2026-10-06 08:19:57,855 INFO o.a.j.t.JMeterThread: Stopping because end time detected by thread: S2 1-710
2026-10-06 08:19:57,855 INFO o.a.j.t.JMeterThread: Thread finished: S2 1-710
2026-10-06 08:19:57,861 INFO o.a.j.t.JMeterThread: Stopping because end time detected by thread: S2 1-206
2026-10-06 08:19:57,862 INFO o.a.j.t.JMeterThread: Thread finished: S2 1-206
2026-10-06 08:19:57,866 INFO o.a.j.t.JMeterThread: Stopping because end time detected by thread: S2 1-766
2026-10-06 08:19:57,866 INFO o.a.j.t.JMeterThread: Thread finished: S2 1-766
2026-10-06 08:19:57,873 INFO o.a.j.t.JMeterThread: Stopping because end time detected by thread: S2 1-95
2026-10-06 08:19:57,873 INFO o.a.j.t.JMeterThread: Thread finished: S2 1-95
2026-10-06 08:19:57,876 INFO o.a.j.t.JMeterThread: Stopping because end time detected by thread: S2 1-372
2026-10-06 08:19:57,876 INFO o.a.j.t.JMeterThread: Stopping because end time detected by thread: S2 1-822
2026-10-06 08:19:57,876 INFO o.a.j.t.JMeterThread: Thread finished: S2 1-372
2026-10-06 08:19:57,876 INFO o.a.j.t.JMeterThread: Thread finished: S2 1-822
2026-10-06 08:19:57,877 INFO o.a.j.t.JMeterThread: Stopping because end time detected by thread: S2 1-410
2026-10-06 08:19:57,877 INFO o.a.j.t.JMeterThread: Thread finished: S2 1-410
2026-10-06 08:19:57,940 INFO o.a.j.t.JMeterThread: Stopping because end time detected by thread: S2 1-406
2026-10-06 08:19:57,940 INFO o.a.j.t.JMeterThread: Thread finished: S2 1-406
2026-10-06 08:19:57,943 INFO o.a.j.t.JMeterThread: Stopping because end time detected by thread: S2 1-497
2026-10-06 08:19:57,943 INFO o.a.j.t.JMeterThread: Thread finished: S2 1-497
2026-10-06 08:19:57,946 INFO o.a.j.t.JMeterThread: Stopping because end time detected by thread: S2 1-418
2026-10-06 08:19:57,946 INFO o.a.j.t.JMeterThread: Thread finished: S2 1-418
2026-10-06 08:19:57,947 INFO o.a.j.t.JMeterThread: Stopping because end time detected by thread: S2 1-152
2026-10-06 08:19:57,947 INFO o.a.j.t.JMeterThread: Thread finished: S2 1-152
2026-10-06 08:19:57,951 INFO o.a.j.t.JMeterThread: Stopping because end time detected by thread: S2 1-802
2026-10-06 08:19:57,951 INFO o.a.j.t.JMeterThread: Thread finished: S2 1-802
2026-10-06 08:19:57,954 INFO o.a.j.t.JMeterThread: Stopping because end time detected by thread: S2 1-513
2026-10-06 08:19:57,954 INFO o.a.j.t.JMeterThread: Thread finished: S2 1-513
2026-10-06 08:19:57,956 INFO o.a.j.t.JMeterThread: Stopping because end time detected by thread: S2 1-896
2026-10-06 08:19:57,956 INFO o.a.j.t.JMeterThread: Thread finished: S2 1-896
2026-10-06 08:19:57,957 INFO o.a.j.t.JMeterThread: Stopping because end time detected by thread: S2 1-75
2026-10-06 08:19:57,957 INFO o.a.j.t.JMeterThread: Thread finished: S2 1-75
2026-10-06 08:19:57,965 INFO o.a.j.t.JMeterThread: Stopping because end time detected by thread: S2 1-324
2026-10-06 08:19:57,965 INFO o.a.j.t.JMeterThread: Stopping because end time detected by thread: S2 1-942
2026-10-06 08:19:57,965 INFO o.a.j.t.JMeterThread: Thread finished: S2 1-324
2026-10-06 08:19:57,965 INFO o.a.j.t.JMeterThread: Thread finished: S2 1-942
2026-10-06 08:19:57,966 INFO o.a.j.t.JMeterThread: Stopping because end time detected by thread: S2 1-221
2026-10-06 08:19:57,966 INFO o.a.j.t.JMeterThread: Thread finished: S2 1-221
2026-10-06 08:19:57,966 INFO o.a.j.t.JMeterThread: Stopping because end time detected by thread: S2 1-400
2026-10-06 08:19:57,966 INFO o.a.j.t.JMeterThread: Thread finished: S2 1-400
2026-10-06 08:19:57,967 INFO o.a.j.t.JMeterThread: Stopping because end time detected by thread: S2 1-774
2026-10-06 08:19:57,967 INFO o.a.j.t.JMeterThread: Thread finished: S2 1-774
2026-10-06 08:19:57,971 INFO o.a.j.t.JMeterThread: Stopping because end time detected by thread: S2 1-495
2026-10-06 08:19:57,971 INFO o.a.j.t.JMeterThread: Thread finished: S2 1-495
2026-10-06 08:19:57,971 INFO o.a.j.t.JMeterThread: Stopping because end time detected by thread: S2 1-331
2026-10-06 08:19:57,971 INFO o.a.j.t.JMeterThread: Thread finished: S2 1-331
2026-10-06 08:19:57,972 INFO o.a.j.t.JMeterThread: Stopping because end time detected by thread: S2 1-18
2026-10-06 08:19:57,972 INFO o.a.j.t.JMeterThread: Thread finished: S2 1-18
2026-10-06 08:19:58,046 INFO o.a.j.t.JMeterThread: Stopping because end time detected by thread: S2 1-806
2026-10-06 08:19:58,046 INFO o.a.j.t.JMeterThread: Thread finished: S2 1-806
2026-10-06 08:19:58,055 INFO o.a.j.t.JMeterThread: Stopping because end time detected by thread: S2 1-414
2026-10-06 08:19:58,055 INFO o.a.j.t.JMeterThread: Thread finished: S2 1-414
2026-10-06 08:19:58,058 INFO o.a.j.t.JMeterThread: Stopping because end time detected by thread: S2 1-547
2026-10-06 08:19:58,058 INFO o.a.j.t.JMeterThread: Thread finished: S2 1-547
2026-10-06 08:19:58,059 INFO o.a.j.t.JMeterThread: Stopping because end time detected by thread: S2 1-750
2026-10-06 08:19:58,059 INFO o.a.j.t.JMeterThread: Thread finished: S2 1-750
2026-10-06 08:19:58,061 INFO o.a.j.t.JMeterThread: Stopping because end time detected by thread: S2 1-124
2026-10-06 08:19:58,061 INFO o.a.j.t.JMeterThread: Thread finished: S2 1-124
2026-10-06 08:19:58,065 INFO o.a.j.t.JMeterThread: Stopping because end time detected by thread: S2 1-916
2026-10-06 08:19:58,065 INFO o.a.j.t.JMeterThread: Thread finished: S2 1-916
2026-10-06 08:19:58,066 INFO o.a.j.t.JMeterThread: Stopping because end time detected by thread: S2 1-773
2026-10-06 08:19:58,067 INFO o.a.j.t.JMeterThread: Thread finished: S2 1-773
2026-10-06 08:19:58,067 INFO o.a.j.t.JMeterThread: Stopping because end time detected by thread: S2 1-782
2026-10-06 08:19:58,067 INFO o.a.j.t.JMeterThread: Thread finished: S2 1-782
2026-10-06 08:19:58,068 INFO o.a.j.t.JMeterThread: Stopping because end time detected by thread: S2 1-742
2026-10-06 08:19:58,068 INFO o.a.j.t.JMeterThread: Thread finished: S2 1-742
2026-10-06 08:19:58,069 INFO o.a.j.t.JMeterThread: Stopping because end time detected by thread: S2 1-500
2026-10-06 08:19:58,069 INFO o.a.j.t.JMeterThread: Thread finished: S2 1-500
2026-10-06 08:19:58,072 INFO o.a.j.t.JMeterThread: Stopping because end time detected by thread: S2 1-139
2026-10-06 08:19:58,072 INFO o.a.j.t.JMeterThread: Thread finished: S2 1-139
2026-10-06 08:19:58,073 INFO o.a.j.t.JMeterThread: Stopping because end time detected by thread: S2 1-509
2026-10-06 08:19:58,073 INFO o.a.j.t.JMeterThread: Thread finished: S2 1-509
2026-10-06 08:19:58,074 INFO o.a.j.t.JMeterThread: Stopping because end time detected by thread: S2 1-531
2026-10-06 08:19:58,074 INFO o.a.j.t.JMeterThread: Thread finished: S2 1-531
2026-10-06 08:19:58,077 INFO o.a.j.t.JMeterThread: Stopping because end time detected by thread: S2 1-743
2026-10-06 08:19:58,077 INFO o.a.j.t.JMeterThread: Thread finished: S2 1-743
2026-10-06 08:19:58,140 INFO o.a.j.t.JMeterThread: Stopping because end time detected by thread: S2 1-735
2026-10-06 08:19:58,140 INFO o.a.j.t.JMeterThread: Thread finished: S2 1-735
2026-10-06 08:19:58,146 INFO o.a.j.t.JMeterThread: Stopping because end time detected by thread: S2 1-731
2026-10-06 08:19:58,146 INFO o.a.j.t.JMeterThread: Thread finished: S2 1-731
2026-10-06 08:19:58,147 INFO o.a.j.t.JMeterThread: Stopping because end time detected by thread: S2 1-85
2026-10-06 08:19:58,148 INFO o.a.j.t.JMeterThread: Thread finished: S2 1-85
2026-10-06 08:19:58,159 INFO o.a.j.t.JMeterThread: Stopping because end time detected by thread: S2 1-214
2026-10-06 08:19:58,159 INFO o.a.j.t.JMeterThread: Thread finished: S2 1-214
2026-10-06 08:19:58,159 INFO o.a.j.t.JMeterThread: Stopping because end time detected by thread: S2 1-838
2026-10-06 08:19:58,160 INFO o.a.j.t.JMeterThread: Thread finished: S2 1-838
2026-10-06 08:19:58,162 INFO o.a.j.t.JMeterThread: Stopping because end time detected by thread: S2 1-190
2026-10-06 08:19:58,162 INFO o.a.j.t.JMeterThread: Thread finished: S2 1-190
2026-10-06 08:19:58,164 INFO o.a.j.t.JMeterThread: Stopping because end time detected by thread: S2 1-953
2026-10-06 08:19:58,164 INFO o.a.j.t.JMeterThread: Thread finished: S2 1-953
2026-10-06 08:19:58,170 INFO o.a.j.t.JMeterThread: Stopping because end time detected by thread: S2 1-161
2026-10-06 08:19:58,170 INFO o.a.j.t.JMeterThread: Thread finished: S2 1-161
2026-10-06 08:19:58,170 INFO o.a.j.t.JMeterThread: Stopping because end time detected by thread: S2 1-957
2026-10-06 08:19:58,170 INFO o.a.j.t.JMeterThread: Thread finished: S2 1-957
2026-10-06 08:19:58,173 INFO o.a.j.t.JMeterThread: Stopping because end time detected by thread: S2 1-242
2026-10-06 08:19:58,173 INFO o.a.j.t.JMeterThread: Thread finished: S2 1-242
2026-10-06 08:19:58,181 INFO o.a.j.t.JMeterThread: Stopping because end time detected by thread: S2 1-842
2026-10-06 08:19:58,181 INFO o.a.j.t.JMeterThread: Thread finished: S2 1-842
2026-10-06 08:19:58,240 INFO o.a.j.t.JMeterThread: Stopping because end time detected by thread: S2 1-223
2026-10-06 08:19:58,240 INFO o.a.j.t.JMeterThread: Thread finished: S2 1-223
2026-10-06 08:19:58,240 INFO o.a.j.t.JMeterThread: Stopping because end time detected by thread: S2 1-517
2026-10-06 08:19:58,240 INFO o.a.j.t.JMeterThread: Thread finished: S2 1-517
2026-10-06 08:19:58,243 INFO o.a.j.t.JMeterThread: Stopping because end time detected by thread: S2 1-35
2026-10-06 08:19:58,243 INFO o.a.j.t.JMeterThread: Thread finished: S2 1-35
2026-10-06 08:19:58,244 INFO o.a.j.t.JMeterThread: Stopping because end time detected by thread: S2 1-919
2026-10-06 08:19:58,244 INFO o.a.j.t.JMeterThread: Thread finished: S2 1-919
2026-10-06 08:19:58,244 INFO o.a.j.t.JMeterThread: Stopping because end time detected by thread: S2 1-868
2026-10-06 08:19:58,244 INFO o.a.j.t.JMeterThread: Thread finished: S2 1-868
2026-10-06 08:19:58,250 INFO o.a.j.t.JMeterThread: Stopping because end time detected by thread: S2 1-818
2026-10-06 08:19:58,250 INFO o.a.j.t.JMeterThread: Thread finished: S2 1-818
2026-10-06 08:19:58,250 INFO o.a.j.t.JMeterThread: Stopping because end time detected by thread: S2 1-31
2026-10-06 08:19:58,250 INFO o.a.j.t.JMeterThread: Stopping because end time detected by thread: S2 1-442
2026-10-06 08:19:58,250 INFO o.a.j.t.JMeterThread: Thread finished: S2 1-31
2026-10-06 08:19:58,251 INFO o.a.j.t.JMeterThread: Thread finished: S2 1-442
2026-10-06 08:19:58,255 INFO o.a.j.t.JMeterThread: Stopping because end time detected by thread: S2 1-493
2026-10-06 08:19:58,255 INFO o.a.j.t.JMeterThread: Thread finished: S2 1-493
2026-10-06 08:19:58,263 INFO o.a.j.t.JMeterThread: Stopping because end time detected by thread: S2 1-945
2026-10-06 08:19:58,263 INFO o.a.j.t.JMeterThread: Thread finished: S2 1-945
2026-10-06 08:19:58,267 INFO o.a.j.t.JMeterThread: Stopping because end time detected by thread: S2 1-949
2026-10-06 08:19:58,267 INFO o.a.j.t.JMeterThread: Thread finished: S2 1-949
2026-10-06 08:19:58,268 INFO o.a.j.t.JMeterThread: Stopping because end time detected by thread: S2 1-904
2026-10-06 08:19:58,268 INFO o.a.j.t.JMeterThread: Thread finished: S2 1-904
2026-10-06 08:19:58,268 INFO o.a.j.t.JMeterThread: Stopping because end time detected by thread: S2 1-883
2026-10-06 08:19:58,269 INFO o.a.j.t.JMeterThread: Thread finished: S2 1-883
2026-10-06 08:19:58,269 INFO o.a.j.t.JMeterThread: Stopping because end time detected by thread: S2 1-433
2026-10-06 08:19:58,269 INFO o.a.j.t.JMeterThread: Thread finished: S2 1-433
2026-10-06 08:19:58,272 INFO o.a.j.t.JMeterThread: Stopping because end time detected by thread: S2 1-725
2026-10-06 08:19:58,272 INFO o.a.j.t.JMeterThread: Thread finished: S2 1-725
2026-10-06 08:19:58,273 INFO o.a.j.t.JMeterThread: Stopping because end time detected by thread: S2 1-937
2026-10-06 08:19:58,273 INFO o.a.j.t.JMeterThread: Thread finished: S2 1-937
2026-10-06 08:19:58,273 INFO o.a.j.t.JMeterThread: Stopping because end time detected by thread: S2 1-913
2026-10-06 08:19:58,273 INFO o.a.j.t.JMeterThread: Thread finished: S2 1-913
2026-10-06 08:19:58,274 INFO o.a.j.t.JMeterThread: Stopping because end time detected by thread: S2 1-73
2026-10-06 08:19:58,274 INFO o.a.j.t.JMeterThread: Thread finished: S2 1-73
2026-10-06 08:19:58,274 INFO o.a.j.t.JMeterThread: Stopping because end time detected by thread: S2 1-810
2026-10-06 08:19:58,274 INFO o.a.j.t.JMeterThread: Thread finished: S2 1-810
2026-10-06 08:19:58,344 INFO o.a.j.t.JMeterThread: Stopping because end time detected by thread: S2 1-355
2026-10-06 08:19:58,344 INFO o.a.j.t.JMeterThread: Thread finished: S2 1-355
2026-10-06 08:19:58,346 INFO o.a.j.t.JMeterThread: Stopping because end time detected by thread: S2 1-762
2026-10-06 08:19:58,346 INFO o.a.j.t.JMeterThread: Thread finished: S2 1-762
2026-10-06 08:19:58,346 INFO o.a.j.t.JMeterThread: Stopping because end time detected by thread: S2 1-920
2026-10-06 08:19:58,346 INFO o.a.j.t.JMeterThread: Thread finished: S2 1-920
2026-10-06 08:19:58,347 INFO o.a.j.t.JMeterThread: Stopping because end time detected by thread: S2 1-438
2026-10-06 08:19:58,347 INFO o.a.j.t.JMeterThread: Thread finished: S2 1-438
2026-10-06 08:19:58,355 INFO o.a.j.t.JMeterThread: Stopping because end time detected by thread: S2 1-135
2026-10-06 08:19:58,355 INFO o.a.j.t.JMeterThread: Thread finished: S2 1-135
2026-10-06 08:19:58,360 INFO o.a.j.t.JMeterThread: Stopping because end time detected by thread: S2 1-739
2026-10-06 08:19:58,360 INFO o.a.j.t.JMeterThread: Thread finished: S2 1-739
2026-10-06 08:19:58,368 INFO o.a.j.t.JMeterThread: Stopping because end time detected by thread: S2 1-74
2026-10-06 08:19:58,369 INFO o.a.j.t.JMeterThread: Thread finished: S2 1-74
2026-10-06 08:19:58,369 INFO o.a.j.t.JMeterThread: Stopping because end time detected by thread: S2 1-246
2026-10-06 08:19:58,369 INFO o.a.j.t.JMeterThread: Thread finished: S2 1-246
2026-10-06 08:19:58,371 INFO o.a.j.t.JMeterThread: Stopping because end time detected by thread: S2 1-908
2026-10-06 08:19:58,371 INFO o.a.j.t.JMeterThread: Thread finished: S2 1-908
2026-10-06 08:19:58,371 INFO o.a.j.t.JMeterThread: Stopping because end time detected by thread: S2 1-888
2026-10-06 08:19:58,371 INFO o.a.j.t.JMeterThread: Thread finished: S2 1-888
2026-10-06 08:19:58,442 INFO o.a.j.t.JMeterThread: Stopping because end time detected by thread: S2 1-977
2026-10-06 08:19:58,442 INFO o.a.j.t.JMeterThread: Thread finished: S2 1-977
2026-10-06 08:19:58,445 INFO o.a.j.t.JMeterThread: Stopping because end time detected by thread: S2 1-545
2026-10-06 08:19:58,445 INFO o.a.j.t.JMeterThread: Thread finished: S2 1-545
2026-10-06 08:19:58,446 INFO o.a.j.t.JMeterThread: Stopping because end time detected by thread: S2 1-846
2026-10-06 08:19:58,446 INFO o.a.j.t.JMeterThread: Thread finished: S2 1-846
2026-10-06 08:19:58,447 INFO o.a.j.t.JMeterThread: Stopping because end time detected by thread: S2 1-38
2026-10-06 08:19:58,447 INFO o.a.j.t.JMeterThread: Thread finished: S2 1-38
2026-10-06 08:19:58,448 INFO o.a.j.t.JMeterThread: Stopping because end time detected by thread: S2 1-976
2026-10-06 08:19:58,448 INFO o.a.j.t.JMeterThread: Thread finished: S2 1-976
2026-10-06 08:19:58,449 INFO o.a.j.t.JMeterThread: Stopping because end time detected by thread: S2 1-501
2026-10-06 08:19:58,449 INFO o.a.j.t.JMeterThread: Thread finished: S2 1-501
2026-10-06 08:19:58,449 INFO o.a.j.t.JMeterThread: Stopping because end time detected by thread: S2 1-521
2026-10-06 08:19:58,449 INFO o.a.j.t.JMeterThread: Thread finished: S2 1-521
2026-10-06 08:19:58,454 INFO o.a.j.t.JMeterThread: Stopping because end time detected by thread: S2 1-826
2026-10-06 08:19:58,454 INFO o.a.j.t.JMeterThread: Thread finished: S2 1-826
2026-10-06 08:19:58,463 INFO o.a.j.t.JMeterThread: Stopping because end time detected by thread: S2 1-973
2026-10-06 08:19:58,463 INFO o.a.j.t.JMeterThread: Thread finished: S2 1-973
2026-10-06 08:19:58,465 INFO o.a.j.t.JMeterThread: Stopping because end time detected by thread: S2 1-67
2026-10-06 08:19:58,465 INFO o.a.j.t.JMeterThread: Thread finished: S2 1-67
2026-10-06 08:19:58,469 INFO o.a.j.t.JMeterThread: Stopping because end time detected by thread: S2 1-747
2026-10-06 08:19:58,470 INFO o.a.j.t.JMeterThread: Thread finished: S2 1-747
2026-10-06 08:19:58,470 INFO o.a.j.t.JMeterThread: Stopping because end time detected by thread: S2 1-900
2026-10-06 08:19:58,470 INFO o.a.j.t.JMeterThread: Thread finished: S2 1-900
2026-10-06 08:19:58,471 INFO o.a.j.t.JMeterThread: Stopping because end time detected by thread: S2 1-834
2026-10-06 08:19:58,471 INFO o.a.j.t.JMeterThread: Thread finished: S2 1-834
2026-10-06 08:19:58,474 INFO o.a.j.t.JMeterThread: Stopping because end time detected by thread: S2 1-814
2026-10-06 08:19:58,474 INFO o.a.j.t.JMeterThread: Thread finished: S2 1-814
2026-10-06 08:19:58,540 INFO o.a.j.t.JMeterThread: Stopping because end time detected by thread: S2 1-786
2026-10-06 08:19:58,540 INFO o.a.j.t.JMeterThread: Thread finished: S2 1-786
2026-10-06 08:19:58,541 INFO o.a.j.t.JMeterThread: Stopping because end time detected by thread: S2 1-524
2026-10-06 08:19:58,541 INFO o.a.j.t.JMeterThread: Thread finished: S2 1-524
2026-10-06 08:19:58,542 INFO o.a.j.t.JMeterThread: Stopping because end time detected by thread: S2 1-207
2026-10-06 08:19:58,542 INFO o.a.j.t.JMeterThread: Thread finished: S2 1-207
2026-10-06 08:19:58,544 INFO o.a.j.t.JMeterThread: Stopping because end time detected by thread: S2 1-357
2026-10-06 08:19:58,544 INFO o.a.j.t.JMeterThread: Thread finished: S2 1-357
2026-10-06 08:19:58,544 INFO o.a.j.t.JMeterThread: Stopping because end time detected by thread: S2 1-854
2026-10-06 08:19:58,544 INFO o.a.j.t.JMeterThread: Thread finished: S2 1-854
2026-10-06 08:19:58,546 INFO o.a.j.t.JMeterThread: Stopping because end time detected by thread: S2 1-892
2026-10-06 08:19:58,546 INFO o.a.j.t.JMeterThread: Thread finished: S2 1-892
2026-10-06 08:19:58,548 INFO o.a.j.t.JMeterThread: Stopping because end time detected by thread: S2 1-189
2026-10-06 08:19:58,548 INFO o.a.j.t.JMeterThread: Thread finished: S2 1-189
2026-10-06 08:19:58,550 INFO o.a.j.t.JMeterThread: Stopping because end time detected by thread: S2 1-458
2026-10-06 08:19:58,550 INFO o.a.j.t.JMeterThread: Thread finished: S2 1-458
2026-10-06 08:19:58,559 INFO o.a.j.t.JMeterThread: Stopping because end time detected by thread: S2 1-866
2026-10-06 08:19:58,559 INFO o.a.j.t.JMeterThread: Thread finished: S2 1-866
2026-10-06 08:19:58,561 INFO o.a.j.t.JMeterThread: Stopping because end time detected by thread: S2 1-339
2026-10-06 08:19:58,561 INFO o.a.j.t.JMeterThread: Thread finished: S2 1-339
2026-10-06 08:19:58,562 INFO o.a.j.t.JMeterThread: Stopping because end time detected by thread: S2 1-219
2026-10-06 08:19:58,562 INFO o.a.j.t.JMeterThread: Thread finished: S2 1-219
2026-10-06 08:19:58,568 INFO o.a.j.t.JMeterThread: Stopping because end time detected by thread: S2 1-434
2026-10-06 08:19:58,568 INFO o.a.j.t.JMeterThread: Thread finished: S2 1-434
2026-10-06 08:19:58,570 INFO o.a.j.t.JMeterThread: Stopping because end time detected by thread: S2 1-969
2026-10-06 08:19:58,570 INFO o.a.j.t.JMeterThread: Thread finished: S2 1-969
2026-10-06 08:19:58,576 INFO o.a.j.t.JMeterThread: Stopping because end time detected by thread: S2 1-496
2026-10-06 08:19:58,576 INFO o.a.j.t.JMeterThread: Thread finished: S2 1-496
2026-10-06 08:19:58,580 INFO o.a.j.t.JMeterThread: Stopping because end time detected by thread: S2 1-193
2026-10-06 08:19:58,580 INFO o.a.j.t.JMeterThread: Thread finished: S2 1-193
2026-10-06 08:19:58,640 INFO o.a.j.t.JMeterThread: Stopping because end time detected by thread: S2 1-879
2026-10-06 08:19:58,640 INFO o.a.j.t.JMeterThread: Thread finished: S2 1-879
2026-10-06 08:19:58,650 INFO o.a.j.t.JMeterThread: Stopping because end time detected by thread: S2 1-17
2026-10-06 08:19:58,650 INFO o.a.j.t.JMeterThread: Thread finished: S2 1-17
2026-10-06 08:19:58,651 INFO o.a.j.t.JMeterThread: Stopping because end time detected by thread: S2 1-81
2026-10-06 08:19:58,651 INFO o.a.j.t.JMeterThread: Thread finished: S2 1-81
2026-10-06 08:19:58,658 INFO o.a.j.t.JMeterThread: Stopping because end time detected by thread: S2 1-432
2026-10-06 08:19:58,658 INFO o.a.j.t.JMeterThread: Thread finished: S2 1-432
2026-10-06 08:19:58,660 INFO o.a.j.t.JMeterThread: Stopping because end time detected by thread: S2 1-1000
2026-10-06 08:19:58,660 INFO o.a.j.t.JMeterThread: Thread finished: S2 1-1000
2026-10-06 08:19:58,661 INFO o.a.j.t.JMeterThread: Stopping because end time detected by thread: S2 1-222
2026-10-06 08:19:58,661 INFO o.a.j.t.JMeterThread: Thread finished: S2 1-222
2026-10-06 08:19:58,661 INFO o.a.j.t.JMeterThread: Stopping because end time detected by thread: S2 1-880
2026-10-06 08:19:58,661 INFO o.a.j.t.JMeterThread: Thread finished: S2 1-880
2026-10-06 08:19:58,666 INFO o.a.j.t.JMeterThread: Stopping because end time detected by thread: S2 1-181
2026-10-06 08:19:58,666 INFO o.a.j.t.JMeterThread: Thread finished: S2 1-181
2026-10-06 08:19:58,667 INFO o.a.j.t.JMeterThread: Stopping because end time detected by thread: S2 1-55
2026-10-06 08:19:58,667 INFO o.a.j.t.JMeterThread: Thread finished: S2 1-55
2026-10-06 08:19:58,668 INFO o.a.j.t.JMeterThread: Stopping because end time detected by thread: S2 1-402
2026-10-06 08:19:58,668 INFO o.a.j.t.JMeterThread: Thread finished: S2 1-402
2026-10-06 08:19:58,669 INFO o.a.j.t.JMeterThread: Stopping because end time detected by thread: S2 1-380
2026-10-06 08:19:58,669 INFO o.a.j.t.JMeterThread: Thread finished: S2 1-380
2026-10-06 08:19:58,672 INFO o.a.j.t.JMeterThread: Stopping because end time detected by thread: S2 1-243
2026-10-06 08:19:58,672 INFO o.a.j.t.JMeterThread: Thread finished: S2 1-243
2026-10-06 08:19:58,676 INFO o.a.j.t.JMeterThread: Stopping because end time detected by thread: S2 1-965
2026-10-06 08:19:58,676 INFO o.a.j.t.JMeterThread: Thread finished: S2 1-965
2026-10-06 08:19:58,743 INFO o.a.j.t.JMeterThread: Stopping because end time detected by thread: S2 1-751
2026-10-06 08:19:58,743 INFO o.a.j.t.JMeterThread: Thread finished: S2 1-751
2026-10-06 08:19:58,750 INFO o.a.j.t.JMeterThread: Stopping because end time detected by thread: S2 1-226
2026-10-06 08:19:58,750 INFO o.a.j.t.JMeterThread: Thread finished: S2 1-226
2026-10-06 08:19:58,755 INFO o.a.j.t.JMeterThread: Stopping because end time detected by thread: S2 1-993
2026-10-06 08:19:58,755 INFO o.a.j.t.JMeterThread: Thread finished: S2 1-993
2026-10-06 08:19:58,762 INFO o.a.j.t.JMeterThread: Stopping because end time detected by thread: S2 1-420
2026-10-06 08:19:58,762 INFO o.a.j.t.JMeterThread: Thread finished: S2 1-420
2026-10-06 08:19:58,764 INFO o.a.j.t.JMeterThread: Stopping because end time detected by thread: S2 1-543
2026-10-06 08:19:58,764 INFO o.a.j.t.JMeterThread: Thread finished: S2 1-543
2026-10-06 08:19:58,765 INFO o.a.j.t.JMeterThread: Stopping because end time detected by thread: S2 1-537
2026-10-06 08:19:58,765 INFO o.a.j.t.JMeterThread: Thread finished: S2 1-537
2026-10-06 08:19:58,768 INFO o.a.j.t.JMeterThread: Stopping because end time detected by thread: S2 1-6
2026-10-06 08:19:58,768 INFO o.a.j.t.JMeterThread: Thread finished: S2 1-6
2026-10-06 08:19:58,769 INFO o.a.j.t.JMeterThread: Stopping because end time detected by thread: S2 1-426
2026-10-06 08:19:58,769 INFO o.a.j.t.JMeterThread: Thread finished: S2 1-426
2026-10-06 08:19:58,769 INFO o.a.j.t.JMeterThread: Stopping because end time detected by thread: S2 1-989
2026-10-06 08:19:58,769 INFO o.a.j.t.JMeterThread: Thread finished: S2 1-989
2026-10-06 08:19:58,771 INFO o.a.j.t.JMeterThread: Stopping because end time detected by thread: S2 1-940
2026-10-06 08:19:58,771 INFO o.a.j.t.JMeterThread: Thread finished: S2 1-940
2026-10-06 08:19:58,775 INFO o.a.j.t.JMeterThread: Stopping because end time detected by thread: S2 1-981
2026-10-06 08:19:58,775 INFO o.a.j.t.JMeterThread: Thread finished: S2 1-981
2026-10-06 08:19:58,776 INFO o.a.j.t.JMeterThread: Stopping because end time detected by thread: S2 1-335
2026-10-06 08:19:58,776 INFO o.a.j.t.JMeterThread: Thread finished: S2 1-335
2026-10-06 08:19:58,778 INFO o.a.j.t.JMeterThread: Stopping because end time detected by thread: S2 1-529
2026-10-06 08:19:58,778 INFO o.a.j.t.JMeterThread: Thread finished: S2 1-529
2026-10-06 08:19:58,838 INFO o.a.j.t.JMeterThread: Stopping because end time detected by thread: S2 1-882
2026-10-06 08:19:58,838 INFO o.a.j.t.JMeterThread: Thread finished: S2 1-882
2026-10-06 08:19:58,839 INFO o.a.j.t.JMeterThread: Stopping because end time detected by thread: S2 1-559
2026-10-06 08:19:58,839 INFO o.a.j.t.JMeterThread: Thread finished: S2 1-559
2026-10-06 08:19:58,841 INFO o.a.j.t.JMeterThread: Stopping because end time detected by thread: S2 1-830
2026-10-06 08:19:58,841 INFO o.a.j.t.JMeterThread: Thread finished: S2 1-830
2026-10-06 08:19:58,843 INFO o.a.j.t.JMeterThread: Stopping because end time detected by thread: S2 1-507
2026-10-06 08:19:58,843 INFO o.a.j.t.JMeterThread: Thread finished: S2 1-507
2026-10-06 08:19:58,843 INFO o.a.j.t.JMeterThread: Stopping because end time detected by thread: S2 1-489
2026-10-06 08:19:58,843 INFO o.a.j.t.JMeterThread: Thread finished: S2 1-489
2026-10-06 08:19:58,847 INFO o.a.j.t.JMeterThread: Stopping because end time detected by thread: S2 1-779
2026-10-06 08:19:58,847 INFO o.a.j.t.JMeterThread: Thread finished: S2 1-779
2026-10-06 08:19:58,850 INFO o.a.j.t.JMeterThread: Stopping because end time detected by thread: S2 1-533
2026-10-06 08:19:58,850 INFO o.a.j.t.JMeterThread: Thread finished: S2 1-533
2026-10-06 08:19:58,853 INFO o.a.j.t.JMeterThread: Stopping because end time detected by thread: S2 1-430
2026-10-06 08:19:58,853 INFO o.a.j.t.JMeterThread: Thread finished: S2 1-430
2026-10-06 08:19:58,855 INFO o.a.j.t.JMeterThread: Stopping because end time detected by thread: S2 1-862
2026-10-06 08:19:58,855 INFO o.a.j.t.JMeterThread: Stopping because end time detected by thread: S2 1-936
2026-10-06 08:19:58,855 INFO o.a.j.t.JMeterThread: Thread finished: S2 1-862
2026-10-06 08:19:58,855 INFO o.a.j.t.JMeterThread: Thread finished: S2 1-936
2026-10-06 08:19:58,862 INFO o.a.j.t.JMeterThread: Stopping because end time detected by thread: S2 1-549
2026-10-06 08:19:58,862 INFO o.a.j.t.JMeterThread: Thread finished: S2 1-549
2026-10-06 08:19:58,865 INFO o.a.j.t.JMeterThread: Stopping because end time detected by thread: S2 1-147
2026-10-06 08:19:58,865 INFO o.a.j.t.JMeterThread: Thread finished: S2 1-147
2026-10-06 08:19:58,867 INFO o.a.j.t.JMeterThread: Stopping because end time detected by thread: S2 1-68
2026-10-06 08:19:58,867 INFO o.a.j.t.JMeterThread: Thread finished: S2 1-68
2026-10-06 08:19:58,867 INFO o.a.j.t.JMeterThread: Stopping because end time detected by thread: S2 1-299
2026-10-06 08:19:58,867 INFO o.a.j.t.JMeterThread: Thread finished: S2 1-299
2026-10-06 08:19:58,868 INFO o.a.j.t.JMeterThread: Stopping because end time detected by thread: S2 1-313
2026-10-06 08:19:58,868 INFO o.a.j.t.JMeterThread: Thread finished: S2 1-313
2026-10-06 08:19:58,870 INFO o.a.j.t.JMeterThread: Stopping because end time detected by thread: S2 1-454
2026-10-06 08:19:58,870 INFO o.a.j.t.JMeterThread: Thread finished: S2 1-454
2026-10-06 08:19:58,871 INFO o.a.j.t.JMeterThread: Stopping because end time detected by thread: S2 1-255
2026-10-06 08:19:58,871 INFO o.a.j.t.JMeterThread: Thread finished: S2 1-255
2026-10-06 08:19:58,871 INFO o.a.j.t.JMeterThread: Stopping because end time detected by thread: S2 1-60
2026-10-06 08:19:58,872 INFO o.a.j.t.JMeterThread: Thread finished: S2 1-60
2026-10-06 08:19:58,873 INFO o.a.j.t.JMeterThread: Stopping because end time detected by thread: S2 1-343
2026-10-06 08:19:58,873 INFO o.a.j.t.JMeterThread: Thread finished: S2 1-343
2026-10-06 08:19:58,874 INFO o.a.j.t.JMeterThread: Stopping because end time detected by thread: S2 1-28
2026-10-06 08:19:58,874 INFO o.a.j.t.JMeterThread: Thread finished: S2 1-28
2026-10-06 08:19:58,939 INFO o.a.j.t.JMeterThread: Stopping because end time detected by thread: S2 1-391
2026-10-06 08:19:58,939 INFO o.a.j.t.JMeterThread: Thread finished: S2 1-391
2026-10-06 08:19:58,941 INFO o.a.j.t.JMeterThread: Stopping because end time detected by thread: S2 1-114
2026-10-06 08:19:58,941 INFO o.a.j.t.JMeterThread: Thread finished: S2 1-114
2026-10-06 08:19:58,945 INFO o.a.j.t.JMeterThread: Stopping because end time detected by thread: S2 1-351
2026-10-06 08:19:58,946 INFO o.a.j.t.JMeterThread: Thread finished: S2 1-351
2026-10-06 08:19:58,947 INFO o.a.j.t.JMeterThread: Stopping because end time detected by thread: S2 1-183
2026-10-06 08:19:58,948 INFO o.a.j.t.JMeterThread: Thread finished: S2 1-183
2026-10-06 08:19:58,952 INFO o.a.j.t.JMeterThread: Stopping because end time detected by thread: S2 1-23
2026-10-06 08:19:58,952 INFO o.a.j.t.JMeterThread: Thread finished: S2 1-23
2026-10-06 08:19:58,961 INFO o.a.j.t.JMeterThread: Stopping because end time detected by thread: S2 1-470
2026-10-06 08:19:58,962 INFO o.a.j.t.JMeterThread: Stopping because end time detected by thread: S2 1-446
2026-10-06 08:19:58,962 INFO o.a.j.t.JMeterThread: Thread finished: S2 1-470
2026-10-06 08:19:58,962 INFO o.a.j.t.JMeterThread: Thread finished: S2 1-446
2026-10-06 08:19:58,966 INFO o.a.j.t.JMeterThread: Stopping because end time detected by thread: S2 1-925
2026-10-06 08:19:58,966 INFO o.a.j.t.JMeterThread: Thread finished: S2 1-925
2026-10-06 08:19:58,966 INFO o.a.j.t.JMeterThread: Stopping because end time detected by thread: S2 1-134
2026-10-06 08:19:58,966 INFO o.a.j.t.JMeterThread: Thread finished: S2 1-134
2026-10-06 08:19:58,974 INFO o.a.j.t.JMeterThread: Stopping because end time detected by thread: S2 1-755
2026-10-06 08:19:58,974 INFO o.a.j.t.JMeterThread: Thread finished: S2 1-755
2026-10-06 08:19:58,976 INFO o.a.j.t.JMeterThread: Stopping because end time detected by thread: S2 1-10
2026-10-06 08:19:58,976 INFO o.a.j.t.JMeterThread: Thread finished: S2 1-10
2026-10-06 08:19:58,981 INFO o.a.j.t.JMeterThread: Stopping because end time detected by thread: S2 1-579
2026-10-06 08:19:58,981 INFO o.a.j.t.JMeterThread: Thread finished: S2 1-579
2026-10-06 08:19:59,039 INFO o.a.j.t.JMeterThread: Stopping because end time detected by thread: S2 1-553
2026-10-06 08:19:59,039 INFO o.a.j.t.JMeterThread: Thread finished: S2 1-553
2026-10-06 08:19:59,044 INFO o.a.j.t.JMeterThread: Stopping because end time detected by thread: S2 1-311
2026-10-06 08:19:59,044 INFO o.a.j.t.JMeterThread: Thread finished: S2 1-311
2026-10-06 08:19:59,046 INFO o.a.j.t.JMeterThread: Stopping because end time detected by thread: S2 1-997
2026-10-06 08:19:59,046 INFO o.a.j.t.JMeterThread: Thread finished: S2 1-997
2026-10-06 08:19:59,049 INFO o.a.j.t.JMeterThread: Stopping because end time detected by thread: S2 1-565
2026-10-06 08:19:59,049 INFO o.a.j.t.JMeterThread: Thread finished: S2 1-565
2026-10-06 08:19:59,053 INFO o.a.j.t.JMeterThread: Stopping because end time detected by thread: S2 1-555
2026-10-06 08:19:59,053 INFO o.a.j.t.JMeterThread: Thread finished: S2 1-555
2026-10-06 08:19:59,058 INFO o.a.j.t.JMeterThread: Stopping because end time detected by thread: S2 1-944
2026-10-06 08:19:59,058 INFO o.a.j.t.JMeterThread: Thread finished: S2 1-944
2026-10-06 08:19:59,060 INFO o.a.j.t.JMeterThread: Stopping because end time detected by thread: S2 1-918
2026-10-06 08:19:59,060 INFO o.a.j.t.JMeterThread: Thread finished: S2 1-918
2026-10-06 08:19:59,064 INFO o.a.j.t.JMeterThread: Stopping because end time detected by thread: S2 1-144
2026-10-06 08:19:59,064 INFO o.a.j.t.JMeterThread: Thread finished: S2 1-144
2026-10-06 08:19:59,137 INFO o.a.j.t.JMeterThread: Stopping because end time detected by thread: S2 1-886
2026-10-06 08:19:59,137 INFO o.a.j.t.JMeterThread: Thread finished: S2 1-886
2026-10-06 08:19:59,140 INFO o.a.j.t.JMeterThread: Stopping because end time detected by thread: S2 1-289
2026-10-06 08:19:59,140 INFO o.a.j.t.JMeterThread: Thread finished: S2 1-289
2026-10-06 08:19:59,142 INFO o.a.j.t.JMeterThread: Stopping because end time detected by thread: S2 1-890
2026-10-06 08:19:59,142 INFO o.a.j.t.JMeterThread: Thread finished: S2 1-890
2026-10-06 08:19:59,142 INFO o.a.j.t.JMeterThread: Stopping because end time detected by thread: S2 1-192
2026-10-06 08:19:59,143 INFO o.a.j.t.JMeterThread: Thread finished: S2 1-192
2026-10-06 08:19:59,146 INFO o.a.j.t.JMeterThread: Stopping because end time detected by thread: S2 1-850
2026-10-06 08:19:59,146 INFO o.a.j.t.JMeterThread: Thread finished: S2 1-850
2026-10-06 08:19:59,148 INFO o.a.j.t.JMeterThread: Stopping because end time detected by thread: S2 1-727
2026-10-06 08:19:59,148 INFO o.a.j.t.JMeterThread: Thread finished: S2 1-727
2026-10-06 08:19:59,158 INFO o.a.j.t.JMeterThread: Stopping because end time detected by thread: S2 1-548
2026-10-06 08:19:59,158 INFO o.a.j.t.JMeterThread: Stopping because end time detected by thread: S2 1-162
2026-10-06 08:19:59,158 INFO o.a.j.t.JMeterThread: Thread finished: S2 1-548
2026-10-06 08:19:59,158 INFO o.a.j.t.JMeterThread: Thread finished: S2 1-162
2026-10-06 08:19:59,168 INFO o.a.j.t.JMeterThread: Stopping because end time detected by thread: S2 1-858
2026-10-06 08:19:59,168 INFO o.a.j.t.JMeterThread: Thread finished: S2 1-858
2026-10-06 08:19:59,171 INFO o.a.j.t.JMeterThread: Stopping because end time detected by thread: S2 1-563
2026-10-06 08:19:59,171 INFO o.a.j.t.JMeterThread: Thread finished: S2 1-563
2026-10-06 08:19:59,172 INFO o.a.j.t.JMeterThread: Stopping because end time detected by thread: S2 1-61
2026-10-06 08:19:59,172 INFO o.a.j.t.JMeterThread: Thread finished: S2 1-61
2026-10-06 08:19:59,173 INFO o.a.j.t.JMeterThread: Stopping because end time detected by thread: S2 1-118
2026-10-06 08:19:59,173 INFO o.a.j.t.JMeterThread: Thread finished: S2 1-118
2026-10-06 08:19:59,175 INFO o.a.j.t.JMeterThread: Stopping because end time detected by thread: S2 1-309
2026-10-06 08:19:59,175 INFO o.a.j.t.JMeterThread: Thread finished: S2 1-309
2026-10-06 08:19:59,236 INFO o.a.j.t.JMeterThread: Stopping because end time detected by thread: S2 1-525
2026-10-06 08:19:59,236 INFO o.a.j.t.JMeterThread: Stopping because end time detected by thread: S2 1-347
2026-10-06 08:19:59,236 INFO o.a.j.t.JMeterThread: Thread finished: S2 1-525
2026-10-06 08:19:59,236 INFO o.a.j.t.JMeterThread: Thread finished: S2 1-347
2026-10-06 08:19:59,239 INFO o.a.j.t.JMeterThread: Stopping because end time detected by thread: S2 1-450
2026-10-06 08:19:59,239 INFO o.a.j.t.JMeterThread: Thread finished: S2 1-450
2026-10-06 08:19:59,240 INFO o.a.j.t.JMeterThread: Stopping because end time detected by thread: S2 1-590
2026-10-06 08:19:59,240 INFO o.a.j.t.JMeterThread: Thread finished: S2 1-590
2026-10-06 08:19:59,241 INFO o.a.j.t.JMeterThread: Stopping because end time detected by thread: S2 1-185
2026-10-06 08:19:59,241 INFO o.a.j.t.JMeterThread: Thread finished: S2 1-185
2026-10-06 08:19:59,241 INFO o.a.j.t.JMeterThread: Stopping because end time detected by thread: S2 1-466
2026-10-06 08:19:59,242 INFO o.a.j.t.JMeterThread: Thread finished: S2 1-466
2026-10-06 08:19:59,242 INFO o.a.j.t.JMeterThread: Stopping because end time detected by thread: S2 1-988
2026-10-06 08:19:59,242 INFO o.a.j.t.JMeterThread: Thread finished: S2 1-988
2026-10-06 08:19:59,246 INFO o.a.j.t.JMeterThread: Stopping because end time detected by thread: S2 1-436
2026-10-06 08:19:59,246 INFO o.a.j.t.JMeterThread: Thread finished: S2 1-436
2026-10-06 08:19:59,251 INFO o.a.j.t.JMeterThread: Stopping because end time detected by thread: S2 1-296
2026-10-06 08:19:59,251 INFO o.a.j.t.JMeterThread: Thread finished: S2 1-296
2026-10-06 08:19:59,253 INFO o.a.j.t.JMeterThread: Stopping because end time detected by thread: S2 1-624
2026-10-06 08:19:59,253 INFO o.a.j.t.JMeterThread: Thread finished: S2 1-624
2026-10-06 08:19:59,257 INFO o.a.j.t.JMeterThread: Stopping because end time detected by thread: S2 1-110
2026-10-06 08:19:59,257 INFO o.a.j.t.JMeterThread: Thread finished: S2 1-110
2026-10-06 08:19:59,272 INFO o.a.j.t.JMeterThread: Stopping because end time detected by thread: S2 1-561
2026-10-06 08:19:59,272 INFO o.a.j.t.JMeterThread: Stopping because end time detected by thread: S2 1-792
2026-10-06 08:19:59,272 INFO o.a.j.t.JMeterThread: Thread finished: S2 1-561
2026-10-06 08:19:59,272 INFO o.a.j.t.JMeterThread: Thread finished: S2 1-792
2026-10-06 08:19:59,276 INFO o.a.j.t.JMeterThread: Stopping because end time detected by thread: S2 1-948
2026-10-06 08:19:59,276 INFO o.a.j.t.JMeterThread: Thread finished: S2 1-948
2026-10-06 08:19:59,276 INFO o.a.j.t.JMeterThread: Stopping because end time detected by thread: S2 1-557
2026-10-06 08:19:59,276 INFO o.a.j.t.JMeterThread: Thread finished: S2 1-557
2026-10-06 08:19:59,278 INFO o.a.j.t.JMeterThread: Stopping because end time detected by thread: S2 1-541
2026-10-06 08:19:59,278 INFO o.a.j.t.JMeterThread: Thread finished: S2 1-541
2026-10-06 08:19:59,281 INFO o.a.j.t.JMeterThread: Stopping because end time detected by thread: S2 1-416
2026-10-06 08:19:59,281 INFO o.a.j.t.JMeterThread: Thread finished: S2 1-416
2026-10-06 08:19:59,344 INFO o.a.j.t.JMeterThread: Stopping because end time detected by thread: S2 1-950
2026-10-06 08:19:59,344 INFO o.a.j.t.JMeterThread: Thread finished: S2 1-950
2026-10-06 08:19:59,345 INFO o.a.j.t.JMeterThread: Stopping because end time detected by thread: S2 1-870
2026-10-06 08:19:59,346 INFO o.a.j.t.JMeterThread: Thread finished: S2 1-870
2026-10-06 08:19:59,347 INFO o.a.j.t.JMeterThread: Stopping because end time detected by thread: S2 1-616
2026-10-06 08:19:59,347 INFO o.a.j.t.JMeterThread: Thread finished: S2 1-616
2026-10-06 08:19:59,349 INFO o.a.j.t.JMeterThread: Stopping because end time detected by thread: S2 1-159
2026-10-06 08:19:59,349 INFO o.a.j.t.JMeterThread: Thread finished: S2 1-159
2026-10-06 08:19:59,349 INFO o.a.j.t.JMeterThread: Stopping because end time detected by thread: S2 1-138
2026-10-06 08:19:59,349 INFO o.a.j.t.JMeterThread: Thread finished: S2 1-138
2026-10-06 08:19:59,351 INFO o.a.j.t.JMeterThread: Stopping because end time detected by thread: S2 1-593
2026-10-06 08:19:59,352 INFO o.a.j.t.JMeterThread: Thread finished: S2 1-593
2026-10-06 08:19:59,357 INFO o.a.j.t.JMeterThread: Stopping because end time detected by thread: S2 1-146
2026-10-06 08:19:59,357 INFO o.a.j.t.JMeterThread: Thread finished: S2 1-146
2026-10-06 08:19:59,359 INFO o.a.j.t.JMeterThread: Stopping because end time detected by thread: S2 1-216
2026-10-06 08:19:59,359 INFO o.a.j.t.JMeterThread: Thread finished: S2 1-216
2026-10-06 08:19:59,359 INFO o.a.j.t.JMeterThread: Stopping because end time detected by thread: S2 1-928
2026-10-06 08:19:59,359 INFO o.a.j.t.JMeterThread: Thread finished: S2 1-928
2026-10-06 08:19:59,360 INFO o.a.j.t.JMeterThread: Stopping because end time detected by thread: S2 1-980
2026-10-06 08:19:59,360 INFO o.a.j.t.JMeterThread: Thread finished: S2 1-980
2026-10-06 08:19:59,370 INFO o.a.j.t.JMeterThread: Stopping because end time detected by thread: S2 1-932
2026-10-06 08:19:59,370 INFO o.a.j.t.JMeterThread: Thread finished: S2 1-932
2026-10-06 08:19:59,370 INFO o.a.j.t.JMeterThread: Stopping because end time detected by thread: S2 1-961
2026-10-06 08:19:59,370 INFO o.a.j.t.JMeterThread: Thread finished: S2 1-961
2026-10-06 08:19:59,370 INFO o.a.j.t.JMeterThread: Stopping because end time detected by thread: S2 1-317
2026-10-06 08:19:59,370 INFO o.a.j.t.JMeterThread: Thread finished: S2 1-317
2026-10-06 08:19:59,378 INFO o.a.j.t.JMeterThread: Stopping because end time detected by thread: S2 1-787
2026-10-06 08:19:59,378 INFO o.a.j.t.JMeterThread: Thread finished: S2 1-787
2026-10-06 08:19:59,445 INFO o.a.j.t.JMeterThread: Stopping because end time detected by thread: S2 1-902
2026-10-06 08:19:59,445 INFO o.a.j.t.JMeterThread: Thread finished: S2 1-902
2026-10-06 08:19:59,452 INFO o.a.j.t.JMeterThread: Stopping because end time detected by thread: S2 1-20
2026-10-06 08:19:59,453 INFO o.a.j.t.JMeterThread: Thread finished: S2 1-20
2026-10-06 08:19:59,455 INFO o.a.j.t.JMeterThread: Stopping because end time detected by thread: S2 1-952
2026-10-06 08:19:59,455 INFO o.a.j.t.JMeterThread: Thread finished: S2 1-952
2026-10-06 08:19:59,457 INFO o.a.j.t.JMeterThread: Stopping because end time detected by thread: S2 1-783
2026-10-06 08:19:59,457 INFO o.a.j.t.JMeterThread: Thread finished: S2 1-783
2026-10-06 08:19:59,464 INFO o.a.j.t.JMeterThread: Stopping because end time detected by thread: S2 1-575
2026-10-06 08:19:59,464 INFO o.a.j.t.JMeterThread: Thread finished: S2 1-575
2026-10-06 08:19:59,466 INFO o.a.j.t.JMeterThread: Stopping because end time detected by thread: S2 1-398
2026-10-06 08:19:59,466 INFO o.a.j.t.JMeterThread: Thread finished: S2 1-398
2026-10-06 08:19:59,469 INFO o.a.j.t.JMeterThread: Stopping because end time detected by thread: S2 1-898
2026-10-06 08:19:59,469 INFO o.a.j.t.JMeterThread: Thread finished: S2 1-898
2026-10-06 08:19:59,470 INFO o.a.j.t.JMeterThread: Stopping because end time detected by thread: S2 1-253
2026-10-06 08:19:59,470 INFO o.a.j.t.JMeterThread: Thread finished: S2 1-253
2026-10-06 08:19:59,475 INFO o.a.j.t.JMeterThread: Stopping because end time detected by thread: S2 1-478
2026-10-06 08:19:59,475 INFO o.a.j.t.JMeterThread: Thread finished: S2 1-478
2026-10-06 08:19:59,476 INFO o.a.j.t.JMeterThread: Stopping because end time detected by thread: S2 1-609
2026-10-06 08:19:59,476 INFO o.a.j.t.JMeterThread: Thread finished: S2 1-609
2026-10-06 08:19:59,477 INFO o.a.j.t.JMeterThread: Stopping because end time detected by thread: S2 1-65
2026-10-06 08:19:59,477 INFO o.a.j.t.JMeterThread: Thread finished: S2 1-65
2026-10-06 08:19:59,477 INFO o.a.j.t.JMeterThread: Stopping because end time detected by thread: S2 1-381
2026-10-06 08:19:59,477 INFO o.a.j.t.JMeterThread: Thread finished: S2 1-381
2026-10-06 08:19:59,482 INFO o.a.j.t.JMeterThread: Stopping because end time detected by thread: S2 1-367
2026-10-06 08:19:59,482 INFO o.a.j.t.JMeterThread: Thread finished: S2 1-367
2026-10-06 08:19:59,482 INFO o.a.j.t.JMeterThread: Stopping because end time detected by thread: S2 1-795
2026-10-06 08:19:59,483 INFO o.a.j.t.JMeterThread: Thread finished: S2 1-795
2026-10-06 08:19:59,539 INFO o.a.j.t.JMeterThread: Stopping because end time detected by thread: S2 1-56
2026-10-06 08:19:59,539 INFO o.a.j.t.JMeterThread: Thread finished: S2 1-56
2026-10-06 08:19:59,541 INFO o.a.j.t.JMeterThread: Stopping because end time detected by thread: S2 1-293
2026-10-06 08:19:59,542 INFO o.a.j.t.JMeterThread: Thread finished: S2 1-293
2026-10-06 08:19:59,543 INFO o.a.j.t.JMeterThread: Stopping because end time detected by thread: S2 1-240
2026-10-06 08:19:59,543 INFO o.a.j.t.JMeterThread: Thread finished: S2 1-240
2026-10-06 08:19:59,542 INFO o.a.j.t.JMeterThread: Stopping because end time detected by thread: S2 1-812
2026-10-06 08:19:59,544 INFO o.a.j.t.JMeterThread: Thread finished: S2 1-812
2026-10-06 08:19:59,546 INFO o.a.j.t.JMeterThread: Stopping because end time detected by thread: S2 1-250
2026-10-06 08:19:59,546 INFO o.a.j.t.JMeterThread: Thread finished: S2 1-250
2026-10-06 08:19:59,546 INFO o.a.j.t.JMeterThread: Stopping because end time detected by thread: S2 1-336
2026-10-06 08:19:59,546 INFO o.a.j.t.JMeterThread: Thread finished: S2 1-336
2026-10-06 08:19:59,548 INFO o.a.j.t.JMeterThread: Stopping because end time detected by thread: S2 1-232
2026-10-06 08:19:59,548 INFO o.a.j.t.JMeterThread: Thread finished: S2 1-232
2026-10-06 08:19:59,552 INFO o.a.j.t.JMeterThread: Stopping because end time detected by thread: S2 1-2
2026-10-06 08:19:59,552 INFO o.a.j.t.JMeterThread: Thread finished: S2 1-2
2026-10-06 08:19:59,572 INFO o.a.j.t.JMeterThread: Stopping because end time detected by thread: S2 1-990
2026-10-06 08:19:59,572 INFO o.a.j.t.JMeterThread: Thread finished: S2 1-990
2026-10-06 08:19:59,572 INFO o.a.j.t.JMeterThread: Stopping because end time detected by thread: S2 1-25
2026-10-06 08:19:59,572 INFO o.a.j.t.JMeterThread: Thread finished: S2 1-25
2026-10-06 08:19:59,573 INFO o.a.j.t.JMeterThread: Stopping because end time detected by thread: S2 1-767
2026-10-06 08:19:59,573 INFO o.a.j.t.JMeterThread: Thread finished: S2 1-767
2026-10-06 08:19:59,575 INFO o.a.j.t.JMeterThread: Stopping because end time detected by thread: S2 1-462
2026-10-06 08:19:59,575 INFO o.a.j.t.JMeterThread: Thread finished: S2 1-462
2026-10-06 08:19:59,581 INFO o.a.j.t.JMeterThread: Stopping because end time detected by thread: S2 1-474
2026-10-06 08:19:59,581 INFO o.a.j.t.JMeterThread: Thread finished: S2 1-474
2026-10-06 08:19:59,640 INFO o.a.j.t.JMeterThread: Stopping because end time detected by thread: S2 1-929
2026-10-06 08:19:59,640 INFO o.a.j.t.JMeterThread: Stopping because end time detected by thread: S2 1-150
2026-10-06 08:19:59,641 INFO o.a.j.t.JMeterThread: Thread finished: S2 1-929
2026-10-06 08:19:59,641 INFO o.a.j.t.JMeterThread: Thread finished: S2 1-150
2026-10-06 08:19:59,643 INFO o.a.j.t.JMeterThread: Stopping because end time detected by thread: S2 1-254
2026-10-06 08:19:59,643 INFO o.a.j.t.JMeterThread: Stopping because end time detected by thread: S2 1-571
2026-10-06 08:19:59,643 INFO o.a.j.t.JMeterThread: Thread finished: S2 1-254
2026-10-06 08:19:59,643 INFO o.a.j.t.JMeterThread: Thread finished: S2 1-571
2026-10-06 08:19:59,645 INFO o.a.j.t.JMeterThread: Stopping because end time detected by thread: S2 1-132
2026-10-06 08:19:59,645 INFO o.a.j.t.JMeterThread: Thread finished: S2 1-132
2026-10-06 08:19:59,650 INFO o.a.j.t.JMeterThread: Stopping because end time detected by thread: S2 1-956
2026-10-06 08:19:59,650 INFO o.a.j.t.JMeterThread: Thread finished: S2 1-956
2026-10-06 08:19:59,655 INFO o.a.j.t.JMeterThread: Stopping because end time detected by thread: S2 1-534
2026-10-06 08:19:59,655 INFO o.a.j.t.JMeterThread: Thread finished: S2 1-534
2026-10-06 08:19:59,655 INFO o.a.j.t.JMeterThread: Stopping because end time detected by thread: S2 1-464
2026-10-06 08:19:59,655 INFO o.a.j.t.JMeterThread: Thread finished: S2 1-464
2026-10-06 08:19:59,656 INFO o.a.j.t.JMeterThread: Stopping because end time detected by thread: S2 1-567
2026-10-06 08:19:59,656 INFO o.a.j.t.JMeterThread: Thread finished: S2 1-567
2026-10-06 08:19:59,657 INFO o.a.j.t.JMeterThread: Stopping because end time detected by thread: S2 1-112
2026-10-06 08:19:59,657 INFO o.a.j.t.JMeterThread: Thread finished: S2 1-112
2026-10-06 08:19:59,662 INFO o.a.j.t.JMeterThread: Stopping because end time detected by thread: S2 1-169
2026-10-06 08:19:59,662 INFO o.a.j.t.JMeterThread: Thread finished: S2 1-169
2026-10-06 08:19:59,667 INFO o.a.j.t.JMeterThread: Stopping because end time detected by thread: S2 1-791
2026-10-06 08:19:59,667 INFO o.a.j.t.JMeterThread: Thread finished: S2 1-791
2026-10-06 08:19:59,670 INFO o.a.j.t.JMeterThread: Stopping because end time detected by thread: S2 1-5
2026-10-06 08:19:59,670 INFO o.a.j.t.JMeterThread: Thread finished: S2 1-5
2026-10-06 08:19:59,675 INFO o.a.j.t.JMeterThread: Stopping because end time detected by thread: S2 1-910
2026-10-06 08:19:59,675 INFO o.a.j.t.JMeterThread: Thread finished: S2 1-910
2026-10-06 08:19:59,742 INFO o.a.j.t.JMeterThread: Stopping because end time detected by thread: S2 1-235
2026-10-06 08:19:59,742 INFO o.a.j.t.JMeterThread: Thread finished: S2 1-235
2026-10-06 08:19:59,745 INFO o.a.j.t.JMeterThread: Stopping because end time detected by thread: S2 1-934
2026-10-06 08:19:59,745 INFO o.a.j.t.JMeterThread: Thread finished: S2 1-934
2026-10-06 08:19:59,749 INFO o.a.j.t.JMeterThread: Stopping because end time detected by thread: S2 1-960
2026-10-06 08:19:59,749 INFO o.a.j.t.JMeterThread: Thread finished: S2 1-960
2026-10-06 08:19:59,750 INFO o.a.j.t.JMeterThread: Stopping because end time detected by thread: S2 1-514
2026-10-06 08:19:59,750 INFO o.a.j.t.JMeterThread: Thread finished: S2 1-514
2026-10-06 08:19:59,757 INFO o.a.j.t.JMeterThread: Stopping because end time detected by thread: S2 1-460
2026-10-06 08:19:59,757 INFO o.a.j.t.JMeterThread: Thread finished: S2 1-460
2026-10-06 08:19:59,758 INFO o.a.j.t.JMeterThread: Stopping because end time detected by thread: S2 1-591
2026-10-06 08:19:59,758 INFO o.a.j.t.JMeterThread: Thread finished: S2 1-591
2026-10-06 08:19:59,759 INFO o.a.j.t.JMeterThread: Stopping because end time detected by thread: S2 1-218
2026-10-06 08:19:59,759 INFO o.a.j.t.JMeterThread: Thread finished: S2 1-218
2026-10-06 08:19:59,761 INFO o.a.j.t.JMeterThread: Stopping because end time detected by thread: S2 1-894
2026-10-06 08:19:59,761 INFO o.a.j.t.JMeterThread: Thread finished: S2 1-894
2026-10-06 08:19:59,761 INFO o.a.j.t.JMeterThread: Stopping because end time detected by thread: S2 1-50
2026-10-06 08:19:59,761 INFO o.a.j.t.JMeterThread: Thread finished: S2 1-50
2026-10-06 08:19:59,768 INFO o.a.j.t.JMeterThread: Stopping because end time detected by thread: S2 1-78
2026-10-06 08:19:59,768 INFO o.a.j.t.JMeterThread: Thread finished: S2 1-78
2026-10-06 08:19:59,771 INFO o.a.j.t.JMeterThread: Stopping because end time detected by thread: S2 1-269
2026-10-06 08:19:59,771 INFO o.a.j.t.JMeterThread: Thread finished: S2 1-269
2026-10-06 08:19:59,774 INFO o.a.j.t.JMeterThread: Stopping because end time detected by thread: S2 1-964
2026-10-06 08:19:59,774 INFO o.a.j.t.JMeterThread: Thread finished: S2 1-964
2026-10-06 08:19:59,836 INFO o.a.j.t.JMeterThread: Stopping because end time detected by thread: S2 1-215
2026-10-06 08:19:59,836 INFO o.a.j.t.JMeterThread: Thread finished: S2 1-215
2026-10-06 08:19:59,839 INFO o.a.j.t.JMeterThread: Stopping because end time detected by thread: S2 1-985
2026-10-06 08:19:59,839 INFO o.a.j.t.JMeterThread: Thread finished: S2 1-985
2026-10-06 08:19:59,842 INFO o.a.j.t.JMeterThread: Stopping because end time detected by thread: S2 1-456
2026-10-06 08:19:59,842 INFO o.a.j.t.JMeterThread: Thread finished: S2 1-456
2026-10-06 08:19:59,842 INFO o.a.j.t.JMeterThread: Stopping because end time detected by thread: S2 1-606
2026-10-06 08:19:59,842 INFO o.a.j.t.JMeterThread: Thread finished: S2 1-606
2026-10-06 08:19:59,846 INFO o.a.j.t.JMeterThread: Stopping because end time detected by thread: S2 1-41
2026-10-06 08:19:59,846 INFO o.a.j.t.JMeterThread: Thread finished: S2 1-41
2026-10-06 08:19:59,849 INFO o.a.j.t.JMeterThread: Stopping because end time detected by thread: S2 1-963
2026-10-06 08:19:59,849 INFO o.a.j.t.JMeterThread: Stopping because end time detected by thread: S2 1-142
2026-10-06 08:19:59,849 INFO o.a.j.t.JMeterThread: Thread finished: S2 1-963
2026-10-06 08:19:59,850 INFO o.a.j.t.JMeterThread: Thread finished: S2 1-142
2026-10-06 08:19:59,857 INFO o.a.j.t.JMeterThread: Stopping because end time detected by thread: S2 1-587
2026-10-06 08:19:59,857 INFO o.a.j.t.JMeterThread: Thread finished: S2 1-587
2026-10-06 08:19:59,870 INFO o.a.j.t.JMeterThread: Stopping because end time detected by thread: S2 1-914
2026-10-06 08:19:59,871 INFO o.a.j.t.JMeterThread: Thread finished: S2 1-914
2026-10-06 08:19:59,878 INFO o.a.j.t.JMeterThread: Stopping because end time detected by thread: S2 1-490
2026-10-06 08:19:59,878 INFO o.a.j.t.JMeterThread: Thread finished: S2 1-490
2026-10-06 08:19:59,879 INFO o.a.j.t.JMeterThread: Stopping because end time detected by thread: S2 1-234
2026-10-06 08:19:59,879 INFO o.a.j.t.JMeterThread: Thread finished: S2 1-234
2026-10-06 08:19:59,937 INFO o.a.j.t.JMeterThread: Stopping because end time detected by thread: S2 1-835
2026-10-06 08:19:59,937 INFO o.a.j.t.JMeterThread: Thread finished: S2 1-835
2026-10-06 08:19:59,938 INFO o.a.j.t.JMeterThread: Stopping because end time detected by thread: S2 1-807
2026-10-06 08:19:59,938 INFO o.a.j.t.JMeterThread: Thread finished: S2 1-807
2026-10-06 08:19:59,940 INFO o.a.j.t.JMeterThread: Stopping because end time detected by thread: S2 1-922
2026-10-06 08:19:59,940 INFO o.a.j.t.JMeterThread: Thread finished: S2 1-922
2026-10-06 08:19:59,948 INFO o.a.j.t.JMeterThread: Stopping because end time detected by thread: S2 1-476
2026-10-06 08:19:59,948 INFO o.a.j.t.JMeterThread: Thread finished: S2 1-476
2026-10-06 08:19:59,950 INFO o.a.j.t.JMeterThread: Stopping because end time detected by thread: S2 1-177
2026-10-06 08:19:59,950 INFO o.a.j.t.JMeterThread: Thread finished: S2 1-177
2026-10-06 08:19:59,952 INFO o.a.j.t.JMeterThread: Stopping because end time detected by thread: S2 1-987
2026-10-06 08:19:59,952 INFO o.a.j.t.JMeterThread: Thread finished: S2 1-987
2026-10-06 08:19:59,955 INFO o.a.j.t.JMeterThread: Stopping because end time detected by thread: S2 1-259
2026-10-06 08:19:59,955 INFO o.a.j.t.JMeterThread: Thread finished: S2 1-259
2026-10-06 08:19:59,955 INFO o.a.j.t.JMeterThread: Stopping because end time detected by thread: S2 1-968
2026-10-06 08:19:59,955 INFO o.a.j.t.JMeterThread: Thread finished: S2 1-968
2026-10-06 08:19:59,957 INFO o.a.j.t.JMeterThread: Stopping because end time detected by thread: S2 1-325
2026-10-06 08:19:59,957 INFO o.a.j.t.JMeterThread: Thread finished: S2 1-325
2026-10-06 08:19:59,957 INFO o.a.j.t.JMeterThread: Stopping because end time detected by thread: S2 1-966
2026-10-06 08:19:59,957 INFO o.a.j.t.JMeterThread: Thread finished: S2 1-966
2026-10-06 08:19:59,974 INFO o.a.j.t.JMeterThread: Stopping because end time detected by thread: S2 1-962
2026-10-06 08:19:59,974 INFO o.a.j.t.JMeterThread: Stopping because end time detected by thread: S2 1-633
2026-10-06 08:19:59,974 INFO o.a.j.t.JMeterThread: Stopping because end time detected by thread: S2 1-379
2026-10-06 08:19:59,974 INFO o.a.j.t.JMeterThread: Thread finished: S2 1-962
2026-10-06 08:19:59,974 INFO o.a.j.t.JMeterThread: Thread finished: S2 1-633
2026-10-06 08:19:59,974 INFO o.a.j.t.JMeterThread: Stopping because end time detected by thread: S2 1-428
2026-10-06 08:19:59,974 INFO o.a.j.t.JMeterThread: Thread finished: S2 1-379
2026-10-06 08:19:59,974 INFO o.a.j.t.JMeterThread: Thread finished: S2 1-428
2026-10-06 08:19:59,974 INFO o.a.j.t.JMeterThread: Stopping because end time detected by thread: S2 1-274
2026-10-06 08:19:59,974 INFO o.a.j.t.JMeterThread: Thread finished: S2 1-274
2026-10-06 08:19:59,975 INFO o.a.j.t.JMeterThread: Stopping because end time detected by thread: S2 1-992
2026-10-06 08:19:59,975 INFO o.a.j.t.JMeterThread: Thread finished: S2 1-992
2026-10-06 08:19:59,979 INFO o.a.j.t.JMeterThread: Stopping because end time detected by thread: S2 1-856
2026-10-06 08:19:59,979 INFO o.a.j.t.JMeterThread: Thread finished: S2 1-856
2026-10-06 08:19:59,981 INFO o.a.j.t.JMeterThread: Stopping because end time detected by thread: S2 1-149
2026-10-06 08:19:59,981 INFO o.a.j.t.JMeterThread: Thread finished: S2 1-149
2026-10-06 08:19:59,982 INFO o.a.j.t.JMeterThread: Stopping because end time detected by thread: S2 1-982
2026-10-06 08:19:59,982 INFO o.a.j.t.JMeterThread: Thread finished: S2 1-982
2026-10-06 08:20:00,040 INFO o.a.j.r.Summariser: summary +   4265 in 00:00:30 =  142.0/s Avg:  7385 Min:  5637 Max:  9103 Err:     0 (0.00%) Active: 310 Started: 1000 Finished: 690
2026-10-06 08:20:00,040 INFO o.a.j.r.Summariser: summary =   9172 in 00:01:06 =  138.6/s Avg:  6527 Min:    14 Max:  9103 Err:     0 (0.00%)
2026-10-06 08:20:00,040 INFO o.a.j.t.JMeterThread: Stopping because end time detected by thread: S2 1-140
2026-10-06 08:20:00,040 INFO o.a.j.t.JMeterThread: Thread finished: S2 1-140
2026-10-06 08:20:00,041 INFO o.a.j.t.JMeterThread: Stopping because end time detected by thread: S2 1-359
2026-10-06 08:20:00,041 INFO o.a.j.t.JMeterThread: Thread finished: S2 1-359
2026-10-06 08:20:00,046 INFO o.a.j.t.JMeterThread: Stopping because end time detected by thread: S2 1-382
2026-10-06 08:20:00,046 INFO o.a.j.t.JMeterThread: Thread finished: S2 1-382
2026-10-06 08:20:00,056 INFO o.a.j.t.JMeterThread: Stopping because end time detected by thread: S2 1-998
2026-10-06 08:20:00,056 INFO o.a.j.t.JMeterThread: Thread finished: S2 1-998
2026-10-06 08:20:00,062 INFO o.a.j.t.JMeterThread: Stopping because end time detected by thread: S2 1-763
2026-10-06 08:20:00,062 INFO o.a.j.t.JMeterThread: Thread finished: S2 1-763
2026-10-06 08:20:00,065 INFO o.a.j.t.JMeterThread: Stopping because end time detected by thread: S2 1-573
2026-10-06 08:20:00,065 INFO o.a.j.t.JMeterThread: Thread finished: S2 1-573
2026-10-06 08:20:00,066 INFO o.a.j.t.JMeterThread: Stopping because end time detected by thread: S2 1-613
2026-10-06 08:20:00,066 INFO o.a.j.t.JMeterThread: Thread finished: S2 1-613
2026-10-06 08:20:00,066 INFO o.a.j.t.JMeterThread: Stopping because end time detected by thread: S2 1-577
2026-10-06 08:20:00,066 INFO o.a.j.t.JMeterThread: Thread finished: S2 1-577
2026-10-06 08:20:00,067 INFO o.a.j.t.JMeterThread: Stopping because end time detected by thread: S2 1-452
2026-10-06 08:20:00,067 INFO o.a.j.t.JMeterThread: Thread finished: S2 1-452
2026-10-06 08:20:00,069 INFO o.a.j.t.JMeterThread: Stopping because end time detected by thread: S2 1-387
2026-10-06 08:20:00,070 INFO o.a.j.t.JMeterThread: Thread finished: S2 1-387
2026-10-06 08:20:00,070 INFO o.a.j.t.JMeterThread: Stopping because end time detected by thread: S2 1-546
2026-10-06 08:20:00,070 INFO o.a.j.t.JMeterThread: Thread finished: S2 1-546
2026-10-06 08:20:00,140 INFO o.a.j.t.JMeterThread: Stopping because end time detected by thread: S2 1-494
2026-10-06 08:20:00,140 INFO o.a.j.t.JMeterThread: Thread finished: S2 1-494
2026-10-06 08:20:00,141 INFO o.a.j.t.JMeterThread: Stopping because end time detected by thread: S2 1-617
2026-10-06 08:20:00,141 INFO o.a.j.t.JMeterThread: Thread finished: S2 1-617
2026-10-06 08:20:00,144 INFO o.a.j.t.JMeterThread: Stopping because end time detected by thread: S2 1-227
2026-10-06 08:20:00,144 INFO o.a.j.t.JMeterThread: Thread finished: S2 1-227
2026-10-06 08:20:00,147 INFO o.a.j.t.JMeterThread: Stopping because end time detected by thread: S2 1-321
2026-10-06 08:20:00,147 INFO o.a.j.t.JMeterThread: Thread finished: S2 1-321
2026-10-06 08:20:00,148 INFO o.a.j.t.JMeterThread: Stopping because end time detected by thread: S2 1-978
2026-10-06 08:20:00,148 INFO o.a.j.t.JMeterThread: Thread finished: S2 1-978
2026-10-06 08:20:00,148 INFO o.a.j.t.JMeterThread: Stopping because end time detected by thread: S2 1-958
2026-10-06 08:20:00,148 INFO o.a.j.t.JMeterThread: Thread finished: S2 1-958
2026-10-06 08:20:00,154 INFO o.a.j.t.JMeterThread: Stopping because end time detected by thread: S2 1-498
2026-10-06 08:20:00,154 INFO o.a.j.t.JMeterThread: Thread finished: S2 1-498
2026-10-06 08:20:00,158 INFO o.a.j.t.JMeterThread: Stopping because end time detected by thread: S2 1-759
2026-10-06 08:20:00,158 INFO o.a.j.t.JMeterThread: Thread finished: S2 1-759
2026-10-06 08:20:00,161 INFO o.a.j.t.JMeterThread: Stopping because end time detected by thread: S2 1-268
2026-10-06 08:20:00,161 INFO o.a.j.t.JMeterThread: Thread finished: S2 1-268
2026-10-06 08:20:00,162 INFO o.a.j.t.JMeterThread: Stopping because end time detected by thread: S2 1-337
2026-10-06 08:20:00,162 INFO o.a.j.t.JMeterThread: Thread finished: S2 1-337
2026-10-06 08:20:00,163 INFO o.a.j.t.JMeterThread: Stopping because end time detected by thread: S2 1-502
2026-10-06 08:20:00,163 INFO o.a.j.t.JMeterThread: Thread finished: S2 1-502
2026-10-06 08:20:00,163 INFO o.a.j.t.JMeterThread: Stopping because end time detected by thread: S2 1-589
2026-10-06 08:20:00,163 INFO o.a.j.t.JMeterThread: Thread finished: S2 1-589
2026-10-06 08:20:00,173 INFO o.a.j.t.JMeterThread: Stopping because end time detected by thread: S2 1-637
2026-10-06 08:20:00,173 INFO o.a.j.t.JMeterThread: Thread finished: S2 1-637
2026-10-06 08:20:00,174 INFO o.a.j.t.JMeterThread: Stopping because end time detected by thread: S2 1-843
2026-10-06 08:20:00,174 INFO o.a.j.t.JMeterThread: Thread finished: S2 1-843
2026-10-06 08:20:00,176 INFO o.a.j.t.JMeterThread: Stopping because end time detected by thread: S2 1-290
2026-10-06 08:20:00,177 INFO o.a.j.t.JMeterThread: Thread finished: S2 1-290
2026-10-06 08:20:00,178 INFO o.a.j.t.JMeterThread: Stopping because end time detected by thread: S2 1-538
2026-10-06 08:20:00,178 INFO o.a.j.t.JMeterThread: Thread finished: S2 1-538
2026-10-06 08:20:00,244 INFO o.a.j.t.JMeterThread: Stopping because end time detected by thread: S2 1-569
2026-10-06 08:20:00,245 INFO o.a.j.t.JMeterThread: Thread finished: S2 1-569
2026-10-06 08:20:00,246 INFO o.a.j.t.JMeterThread: Stopping because end time detected by thread: S2 1-970
2026-10-06 08:20:00,246 INFO o.a.j.t.JMeterThread: Thread finished: S2 1-970
2026-10-06 08:20:00,246 INFO o.a.j.t.JMeterThread: Stopping because end time detected by thread: S2 1-938
2026-10-06 08:20:00,248 INFO o.a.j.t.JMeterThread: Thread finished: S2 1-938
2026-10-06 08:20:00,248 INFO o.a.j.t.JMeterThread: Stopping because end time detected by thread: S2 1-148
2026-10-06 08:20:00,248 INFO o.a.j.t.JMeterThread: Thread finished: S2 1-148
2026-10-06 08:20:00,248 INFO o.a.j.t.JMeterThread: Stopping because end time detected by thread: S2 1-811
2026-10-06 08:20:00,248 INFO o.a.j.t.JMeterThread: Thread finished: S2 1-811
2026-10-06 08:20:00,249 INFO o.a.j.t.JMeterThread: Stopping because end time detected by thread: S2 1-366
2026-10-06 08:20:00,249 INFO o.a.j.t.JMeterThread: Thread finished: S2 1-366
2026-10-06 08:20:00,255 INFO o.a.j.t.JMeterThread: Stopping because end time detected by thread: S2 1-173
2026-10-06 08:20:00,255 INFO o.a.j.t.JMeterThread: Thread finished: S2 1-173
2026-10-06 08:20:00,264 INFO o.a.j.t.JMeterThread: Stopping because end time detected by thread: S2 1-803
2026-10-06 08:20:00,264 INFO o.a.j.t.JMeterThread: Thread finished: S2 1-803
2026-10-06 08:20:00,266 INFO o.a.j.t.JMeterThread: Stopping because end time detected by thread: S2 1-996
2026-10-06 08:20:00,266 INFO o.a.j.t.JMeterThread: Thread finished: S2 1-996
2026-10-06 08:20:00,275 INFO o.a.j.t.JMeterThread: Stopping because end time detected by thread: S2 1-53
2026-10-06 08:20:00,275 INFO o.a.j.t.JMeterThread: Thread finished: S2 1-53
2026-10-06 08:20:00,278 INFO o.a.j.t.JMeterThread: Stopping because end time detected by thread: S2 1-657
2026-10-06 08:20:00,278 INFO o.a.j.t.JMeterThread: Thread finished: S2 1-657
2026-10-06 08:20:00,337 INFO o.a.j.t.JMeterThread: Stopping because end time detected by thread: S2 1-333
2026-10-06 08:20:00,337 INFO o.a.j.t.JMeterThread: Thread finished: S2 1-333
2026-10-06 08:20:00,339 INFO o.a.j.t.JMeterThread: Stopping because end time detected by thread: S2 1-375
2026-10-06 08:20:00,339 INFO o.a.j.t.JMeterThread: Thread finished: S2 1-375
2026-10-06 08:20:00,344 INFO o.a.j.t.JMeterThread: Stopping because end time detected by thread: S2 1-201
2026-10-06 08:20:00,344 INFO o.a.j.t.JMeterThread: Thread finished: S2 1-201
2026-10-06 08:20:00,347 INFO o.a.j.t.JMeterThread: Stopping because end time detected by thread: S2 1-819
2026-10-06 08:20:00,347 INFO o.a.j.t.JMeterThread: Thread finished: S2 1-819
2026-10-06 08:20:00,348 INFO o.a.j.t.JMeterThread: Stopping because end time detected by thread: S2 1-312
2026-10-06 08:20:00,348 INFO o.a.j.t.JMeterThread: Thread finished: S2 1-312
2026-10-06 08:20:00,354 INFO o.a.j.t.JMeterThread: Stopping because end time detected by thread: S2 1-946
2026-10-06 08:20:00,354 INFO o.a.j.t.JMeterThread: Thread finished: S2 1-946
2026-10-06 08:20:00,355 INFO o.a.j.t.JMeterThread: Stopping because end time detected by thread: S2 1-839
2026-10-06 08:20:00,355 INFO o.a.j.t.JMeterThread: Thread finished: S2 1-839
2026-10-06 08:20:00,356 INFO o.a.j.t.JMeterThread: Stopping because end time detected by thread: S2 1-848
2026-10-06 08:20:00,356 INFO o.a.j.t.JMeterThread: Thread finished: S2 1-848
2026-10-06 08:20:00,359 INFO o.a.j.t.JMeterThread: Stopping because end time detected by thread: S2 1-14
2026-10-06 08:20:00,359 INFO o.a.j.t.JMeterThread: Thread finished: S2 1-14
2026-10-06 08:20:00,368 INFO o.a.j.t.JMeterThread: Stopping because end time detected by thread: S2 1-933
2026-10-06 08:20:00,368 INFO o.a.j.t.JMeterThread: Thread finished: S2 1-933
2026-10-06 08:20:00,372 INFO o.a.j.t.JMeterThread: Stopping because end time detected by thread: S2 1-831
2026-10-06 08:20:00,372 INFO o.a.j.t.JMeterThread: Thread finished: S2 1-831
2026-10-06 08:20:00,372 INFO o.a.j.t.JMeterThread: Stopping because end time detected by thread: S2 1-612
2026-10-06 08:20:00,373 INFO o.a.j.t.JMeterThread: Thread finished: S2 1-612
2026-10-06 08:20:00,376 INFO o.a.j.t.JMeterThread: Stopping because end time detected by thread: S2 1-486
2026-10-06 08:20:00,376 INFO o.a.j.t.JMeterThread: Thread finished: S2 1-486
2026-10-06 08:20:00,438 INFO o.a.j.t.JMeterThread: Stopping because end time detected by thread: S2 1-487
2026-10-06 08:20:00,438 INFO o.a.j.t.JMeterThread: Thread finished: S2 1-487
2026-10-06 08:20:00,442 INFO o.a.j.t.JMeterThread: Stopping because end time detected by thread: S2 1-999
2026-10-06 08:20:00,442 INFO o.a.j.t.JMeterThread: Thread finished: S2 1-999
2026-10-06 08:20:00,442 INFO o.a.j.t.JMeterThread: Stopping because end time detected by thread: S2 1-482
2026-10-06 08:20:00,442 INFO o.a.j.t.JMeterThread: Thread finished: S2 1-482
2026-10-06 08:20:00,444 INFO o.a.j.t.JMeterThread: Stopping because end time detected by thread: S2 1-986
2026-10-06 08:20:00,444 INFO o.a.j.t.JMeterThread: Thread finished: S2 1-986
2026-10-06 08:20:00,444 INFO o.a.j.t.JMeterThread: Stopping because end time detected by thread: S2 1-927
2026-10-06 08:20:00,444 INFO o.a.j.t.JMeterThread: Thread finished: S2 1-927
2026-10-06 08:20:00,454 INFO o.a.j.t.JMeterThread: Stopping because end time detected by thread: S2 1-847
2026-10-06 08:20:00,454 INFO o.a.j.t.JMeterThread: Thread finished: S2 1-847
2026-10-06 08:20:00,455 INFO o.a.j.t.JMeterThread: Stopping because end time detected by thread: S2 1-649
2026-10-06 08:20:00,455 INFO o.a.j.t.JMeterThread: Thread finished: S2 1-649
2026-10-06 08:20:00,455 INFO o.a.j.t.JMeterThread: Stopping because end time detected by thread: S2 1-595
2026-10-06 08:20:00,456 INFO o.a.j.t.JMeterThread: Thread finished: S2 1-595
2026-10-06 08:20:00,461 INFO o.a.j.t.JMeterThread: Stopping because end time detected by thread: S2 1-197
2026-10-06 08:20:00,461 INFO o.a.j.t.JMeterThread: Thread finished: S2 1-197
2026-10-06 08:20:00,462 INFO o.a.j.t.JMeterThread: Stopping because end time detected by thread: S2 1-560
2026-10-06 08:20:00,462 INFO o.a.j.t.JMeterThread: Thread finished: S2 1-560
2026-10-06 08:20:00,464 INFO o.a.j.t.JMeterThread: Stopping because end time detected by thread: S2 1-345
2026-10-06 08:20:00,464 INFO o.a.j.t.JMeterThread: Thread finished: S2 1-345
2026-10-06 08:20:00,464 INFO o.a.j.t.JMeterThread: Stopping because end time detected by thread: S2 1-570
2026-10-06 08:20:00,464 INFO o.a.j.t.JMeterThread: Thread finished: S2 1-570
2026-10-06 08:20:00,468 INFO o.a.j.t.JMeterThread: Stopping because end time detected by thread: S2 1-805
2026-10-06 08:20:00,468 INFO o.a.j.t.JMeterThread: Stopping because end time detected by thread: S2 1-76
2026-10-06 08:20:00,468 INFO o.a.j.t.JMeterThread: Thread finished: S2 1-805
2026-10-06 08:20:00,468 INFO o.a.j.t.JMeterThread: Thread finished: S2 1-76
2026-10-06 08:20:00,468 INFO o.a.j.t.JMeterThread: Stopping because end time detected by thread: S2 1-260
2026-10-06 08:20:00,468 INFO o.a.j.t.JMeterThread: Thread finished: S2 1-260
2026-10-06 08:20:00,472 INFO o.a.j.t.JMeterThread: Stopping because end time detected by thread: S2 1-49
2026-10-06 08:20:00,473 INFO o.a.j.t.JMeterThread: Thread finished: S2 1-49
2026-10-06 08:20:00,474 INFO o.a.j.t.JMeterThread: Stopping because end time detected by thread: S2 1-823
2026-10-06 08:20:00,474 INFO o.a.j.t.JMeterThread: Thread finished: S2 1-823
2026-10-06 08:20:00,474 INFO o.a.j.t.JMeterThread: Stopping because end time detected by thread: S2 1-597
2026-10-06 08:20:00,474 INFO o.a.j.t.JMeterThread: Thread finished: S2 1-597
2026-10-06 08:20:00,544 INFO o.a.j.t.JMeterThread: Stopping because end time detected by thread: S2 1-252
2026-10-06 08:20:00,544 INFO o.a.j.t.JMeterThread: Stopping because end time detected by thread: S2 1-530
2026-10-06 08:20:00,544 INFO o.a.j.t.JMeterThread: Thread finished: S2 1-252
2026-10-06 08:20:00,545 INFO o.a.j.t.JMeterThread: Thread finished: S2 1-530
2026-10-06 08:20:00,548 INFO o.a.j.t.JMeterThread: Stopping because end time detected by thread: S2 1-851
2026-10-06 08:20:00,548 INFO o.a.j.t.JMeterThread: Thread finished: S2 1-851
2026-10-06 08:20:00,554 INFO o.a.j.t.JMeterThread: Stopping because end time detected by thread: S2 1-558
2026-10-06 08:20:00,554 INFO o.a.j.t.JMeterThread: Thread finished: S2 1-558
2026-10-06 08:20:00,556 INFO o.a.j.t.JMeterThread: Stopping because end time detected by thread: S2 1-239
2026-10-06 08:20:00,556 INFO o.a.j.t.JMeterThread: Thread finished: S2 1-239
2026-10-06 08:20:00,557 INFO o.a.j.t.JMeterThread: Stopping because end time detected by thread: S2 1-89
2026-10-06 08:20:00,557 INFO o.a.j.t.JMeterThread: Thread finished: S2 1-89
2026-10-06 08:20:00,561 INFO o.a.j.t.JMeterThread: Stopping because end time detected by thread: S2 1-585
2026-10-06 08:20:00,561 INFO o.a.j.t.JMeterThread: Thread finished: S2 1-585
2026-10-06 08:20:00,565 INFO o.a.j.t.JMeterThread: Stopping because end time detected by thread: S2 1-895
2026-10-06 08:20:00,565 INFO o.a.j.t.JMeterThread: Thread finished: S2 1-895
2026-10-06 08:20:00,565 INFO o.a.j.t.JMeterThread: Stopping because end time detected by thread: S2 1-607
2026-10-06 08:20:00,565 INFO o.a.j.t.JMeterThread: Thread finished: S2 1-607
2026-10-06 08:20:00,566 INFO o.a.j.t.JMeterThread: Stopping because end time detected by thread: S2 1-484
2026-10-06 08:20:00,566 INFO o.a.j.t.JMeterThread: Thread finished: S2 1-484
2026-10-06 08:20:00,570 INFO o.a.j.t.JMeterThread: Stopping because end time detected by thread: S2 1-518
2026-10-06 08:20:00,571 INFO o.a.j.t.JMeterThread: Thread finished: S2 1-518
2026-10-06 08:20:00,576 INFO o.a.j.t.JMeterThread: Stopping because end time detected by thread: S2 1-231
2026-10-06 08:20:00,576 INFO o.a.j.t.JMeterThread: Thread finished: S2 1-231
2026-10-06 08:20:00,576 INFO o.a.j.t.JMeterThread: Stopping because end time detected by thread: S2 1-867
2026-10-06 08:20:00,577 INFO o.a.j.t.JMeterThread: Thread finished: S2 1-867
2026-10-06 08:20:00,577 INFO o.a.j.t.JMeterThread: Stopping because end time detected by thread: S2 1-554
2026-10-06 08:20:00,577 INFO o.a.j.t.JMeterThread: Thread finished: S2 1-554
2026-10-06 08:20:00,577 INFO o.a.j.t.JMeterThread: Stopping because end time detected by thread: S2 1-827
2026-10-06 08:20:00,577 INFO o.a.j.t.JMeterThread: Thread finished: S2 1-827
2026-10-06 08:20:00,643 INFO o.a.j.t.JMeterThread: Stopping because end time detected by thread: S2 1-608
2026-10-06 08:20:00,643 INFO o.a.j.t.JMeterThread: Thread finished: S2 1-608
2026-10-06 08:20:00,646 INFO o.a.j.t.JMeterThread: Stopping because end time detected by thread: S2 1-974
2026-10-06 08:20:00,646 INFO o.a.j.t.JMeterThread: Thread finished: S2 1-974
2026-10-06 08:20:00,648 INFO o.a.j.t.JMeterThread: Stopping because end time detected by thread: S2 1-341
2026-10-06 08:20:00,648 INFO o.a.j.t.JMeterThread: Thread finished: S2 1-341
2026-10-06 08:20:00,654 INFO o.a.j.t.JMeterThread: Stopping because end time detected by thread: S2 1-90
2026-10-06 08:20:00,654 INFO o.a.j.t.JMeterThread: Thread finished: S2 1-90
2026-10-06 08:20:00,658 INFO o.a.j.t.JMeterThread: Stopping because end time detected by thread: S2 1-665
2026-10-06 08:20:00,658 INFO o.a.j.t.JMeterThread: Thread finished: S2 1-665
2026-10-06 08:20:00,658 INFO o.a.j.t.JMeterThread: Stopping because end time detected by thread: S2 1-604
2026-10-06 08:20:00,658 INFO o.a.j.t.JMeterThread: Thread finished: S2 1-604
2026-10-06 08:20:00,661 INFO o.a.j.t.JMeterThread: Stopping because end time detected by thread: S2 1-598
2026-10-06 08:20:00,661 INFO o.a.j.t.JMeterThread: Thread finished: S2 1-598
2026-10-06 08:20:00,661 INFO o.a.j.t.JMeterThread: Stopping because end time detected by thread: S2 1-80
2026-10-06 08:20:00,661 INFO o.a.j.t.JMeterThread: Thread finished: S2 1-80
2026-10-06 08:20:00,667 INFO o.a.j.t.JMeterThread: Stopping because end time detected by thread: S2 1-599
2026-10-06 08:20:00,667 INFO o.a.j.t.JMeterThread: Thread finished: S2 1-599
2026-10-06 08:20:00,669 INFO o.a.j.t.JMeterThread: Stopping because end time detected by thread: S2 1-863
2026-10-06 08:20:00,669 INFO o.a.j.t.JMeterThread: Thread finished: S2 1-863
2026-10-06 08:20:00,671 INFO o.a.j.t.JMeterThread: Stopping because end time detected by thread: S2 1-263
2026-10-06 08:20:00,671 INFO o.a.j.t.JMeterThread: Thread finished: S2 1-263
2026-10-06 08:20:00,739 INFO o.a.j.t.JMeterThread: Stopping because end time detected by thread: S2 1-468
2026-10-06 08:20:00,739 INFO o.a.j.t.JMeterThread: Thread finished: S2 1-468
2026-10-06 08:20:00,742 INFO o.a.j.t.JMeterThread: Stopping because end time detected by thread: S2 1-130
2026-10-06 08:20:00,742 INFO o.a.j.t.JMeterThread: Thread finished: S2 1-130
2026-10-06 08:20:00,743 INFO o.a.j.t.JMeterThread: Stopping because end time detected by thread: S2 1-535
2026-10-06 08:20:00,743 INFO o.a.j.t.JMeterThread: Thread finished: S2 1-535
2026-10-06 08:20:00,746 INFO o.a.j.t.JMeterThread: Stopping because end time detected by thread: S2 1-236
2026-10-06 08:20:00,746 INFO o.a.j.t.JMeterThread: Thread finished: S2 1-236
2026-10-06 08:20:00,746 INFO o.a.j.t.JMeterThread: Stopping because end time detected by thread: S2 1-22
2026-10-06 08:20:00,746 INFO o.a.j.t.JMeterThread: Thread finished: S2 1-22
2026-10-06 08:20:00,747 INFO o.a.j.t.JMeterThread: Stopping because end time detected by thread: S2 1-302
2026-10-06 08:20:00,747 INFO o.a.j.t.JMeterThread: Thread finished: S2 1-302
2026-10-06 08:20:00,755 INFO o.a.j.t.JMeterThread: Stopping because end time detected by thread: S2 1-871
2026-10-06 08:20:00,755 INFO o.a.j.t.JMeterThread: Stopping because end time detected by thread: S2 1-8
2026-10-06 08:20:00,755 INFO o.a.j.t.JMeterThread: Thread finished: S2 1-871
2026-10-06 08:20:00,755 INFO o.a.j.t.JMeterThread: Thread finished: S2 1-8
2026-10-06 08:20:00,759 INFO o.a.j.t.JMeterThread: Stopping because end time detected by thread: S2 1-84
2026-10-06 08:20:00,759 INFO o.a.j.t.JMeterThread: Thread finished: S2 1-84
2026-10-06 08:20:00,760 INFO o.a.j.t.JMeterThread: Stopping because end time detected by thread: S2 1-448
2026-10-06 08:20:00,760 INFO o.a.j.t.JMeterThread: Thread finished: S2 1-448
2026-10-06 08:20:00,760 INFO o.a.j.t.JMeterThread: Stopping because end time detected by thread: S2 1-21
2026-10-06 08:20:00,760 INFO o.a.j.t.JMeterThread: Thread finished: S2 1-21
2026-10-06 08:20:00,765 INFO o.a.j.t.JMeterThread: Stopping because end time detected by thread: S2 1-542
2026-10-06 08:20:00,765 INFO o.a.j.t.JMeterThread: Thread finished: S2 1-542
2026-10-06 08:20:00,767 INFO o.a.j.t.JMeterThread: Stopping because end time detected by thread: S2 1-278
2026-10-06 08:20:00,767 INFO o.a.j.t.JMeterThread: Thread finished: S2 1-278
2026-10-06 08:20:00,769 INFO o.a.j.t.JMeterThread: Stopping because end time detected by thread: S2 1-603
2026-10-06 08:20:00,769 INFO o.a.j.t.JMeterThread: Thread finished: S2 1-603
2026-10-06 08:20:00,775 INFO o.a.j.t.JMeterThread: Stopping because end time detected by thread: S2 1-669
2026-10-06 08:20:00,775 INFO o.a.j.t.JMeterThread: Thread finished: S2 1-669
2026-10-06 08:20:00,775 INFO o.a.j.t.JMeterThread: Stopping because end time detected by thread: S2 1-33
2026-10-06 08:20:00,775 INFO o.a.j.t.JMeterThread: Thread finished: S2 1-33
2026-10-06 08:20:00,777 INFO o.a.j.t.JMeterThread: Stopping because end time detected by thread: S2 1-472
2026-10-06 08:20:00,778 INFO o.a.j.t.JMeterThread: Thread finished: S2 1-472
2026-10-06 08:20:00,840 INFO o.a.j.t.JMeterThread: Stopping because end time detected by thread: S2 1-399
2026-10-06 08:20:00,840 INFO o.a.j.t.JMeterThread: Thread finished: S2 1-399
2026-10-06 08:20:00,842 INFO o.a.j.t.JMeterThread: Stopping because end time detected by thread: S2 1-280
2026-10-06 08:20:00,842 INFO o.a.j.t.JMeterThread: Thread finished: S2 1-280
2026-10-06 08:20:00,847 INFO o.a.j.t.JMeterThread: Stopping because end time detected by thread: S2 1-123
2026-10-06 08:20:00,847 INFO o.a.j.t.JMeterThread: Thread finished: S2 1-123
2026-10-06 08:20:00,847 INFO o.a.j.t.JMeterThread: Stopping because end time detected by thread: S2 1-772
2026-10-06 08:20:00,848 INFO o.a.j.t.JMeterThread: Thread finished: S2 1-772
2026-10-06 08:20:00,848 INFO o.a.j.t.JMeterThread: Stopping because end time detected by thread: S2 1-108
2026-10-06 08:20:00,848 INFO o.a.j.t.JMeterThread: Thread finished: S2 1-108
2026-10-06 08:20:00,854 INFO o.a.j.t.JMeterThread: Stopping because end time detected by thread: S2 1-58
2026-10-06 08:20:00,854 INFO o.a.j.t.JMeterThread: Thread finished: S2 1-58
2026-10-06 08:20:00,858 INFO o.a.j.t.JMeterThread: Stopping because end time detected by thread: S2 1-994
2026-10-06 08:20:00,858 INFO o.a.j.t.JMeterThread: Stopping because end time detected by thread: S2 1-522
2026-10-06 08:20:00,858 INFO o.a.j.t.JMeterThread: Thread finished: S2 1-994
2026-10-06 08:20:00,858 INFO o.a.j.t.JMeterThread: Thread finished: S2 1-522
2026-10-06 08:20:00,862 INFO o.a.j.t.JMeterThread: Stopping because end time detected by thread: S2 1-256
2026-10-06 08:20:00,862 INFO o.a.j.t.JMeterThread: Thread finished: S2 1-256
2026-10-06 08:20:00,863 INFO o.a.j.t.JMeterThread: Stopping because end time detected by thread: S2 1-164
2026-10-06 08:20:00,863 INFO o.a.j.t.JMeterThread: Thread finished: S2 1-164
2026-10-06 08:20:00,870 INFO o.a.j.t.JMeterThread: Stopping because end time detected by thread: S2 1-272
2026-10-06 08:20:00,870 INFO o.a.j.t.JMeterThread: Stopping because end time detected by thread: S2 1-768
2026-10-06 08:20:00,871 INFO o.a.j.t.JMeterThread: Thread finished: S2 1-768
2026-10-06 08:20:00,871 INFO o.a.j.t.JMeterThread: Thread finished: S2 1-272
2026-10-06 08:20:00,875 INFO o.a.j.t.JMeterThread: Stopping because end time detected by thread: S2 1-392
2026-10-06 08:20:00,875 INFO o.a.j.t.JMeterThread: Thread finished: S2 1-392
2026-10-06 08:20:00,938 INFO o.a.j.t.JMeterThread: Stopping because end time detected by thread: S2 1-878
2026-10-06 08:20:00,938 INFO o.a.j.t.JMeterThread: Thread finished: S2 1-878
2026-10-06 08:20:00,939 INFO o.a.j.t.JMeterThread: Stopping because end time detected by thread: S2 1-492
2026-10-06 08:20:00,939 INFO o.a.j.t.JMeterThread: Thread finished: S2 1-492
2026-10-06 08:20:00,940 INFO o.a.j.t.JMeterThread: Stopping because end time detected by thread: S2 1-370
2026-10-06 08:20:00,940 INFO o.a.j.t.JMeterThread: Thread finished: S2 1-370
2026-10-06 08:20:00,940 INFO o.a.j.t.JMeterThread: Stopping because end time detected by thread: S2 1-841
2026-10-06 08:20:00,940 INFO o.a.j.t.JMeterThread: Thread finished: S2 1-841
2026-10-06 08:20:00,944 INFO o.a.j.t.JMeterThread: Stopping because end time detected by thread: S2 1-859
2026-10-06 08:20:00,945 INFO o.a.j.t.JMeterThread: Thread finished: S2 1-859
2026-10-06 08:20:00,947 INFO o.a.j.t.JMeterThread: Stopping because end time detected by thread: S2 1-881
2026-10-06 08:20:00,947 INFO o.a.j.t.JMeterThread: Thread finished: S2 1-881
2026-10-06 08:20:00,956 INFO o.a.j.t.JMeterThread: Stopping because end time detected by thread: S2 1-632
2026-10-06 08:20:00,957 INFO o.a.j.t.JMeterThread: Thread finished: S2 1-632
2026-10-06 08:20:00,959 INFO o.a.j.t.JMeterThread: Stopping because end time detected by thread: S2 1-911
2026-10-06 08:20:00,959 INFO o.a.j.t.JMeterThread: Thread finished: S2 1-911
2026-10-06 08:20:00,960 INFO o.a.j.t.JMeterThread: Stopping because end time detected by thread: S2 1-887
2026-10-06 08:20:00,960 INFO o.a.j.t.JMeterThread: Thread finished: S2 1-887
2026-10-06 08:20:00,965 INFO o.a.j.t.JMeterThread: Stopping because end time detected by thread: S2 1-508
2026-10-06 08:20:00,965 INFO o.a.j.t.JMeterThread: Thread finished: S2 1-508
2026-10-06 08:20:00,969 INFO o.a.j.t.JMeterThread: Stopping because end time detected by thread: S2 1-143
2026-10-06 08:20:00,969 INFO o.a.j.t.JMeterThread: Thread finished: S2 1-143
2026-10-06 08:20:00,972 INFO o.a.j.t.JMeterThread: Stopping because end time detected by thread: S2 1-279
2026-10-06 08:20:00,972 INFO o.a.j.t.JMeterThread: Thread finished: S2 1-279
2026-10-06 08:20:00,985 INFO o.a.j.t.JMeterThread: Stopping because end time detected by thread: S2 1-809
2026-10-06 08:20:00,985 INFO o.a.j.t.JMeterThread: Thread finished: S2 1-809
2026-10-06 08:20:01,039 INFO o.a.j.t.JMeterThread: Stopping because end time detected by thread: S2 1-681
2026-10-06 08:20:01,039 INFO o.a.j.t.JMeterThread: Thread finished: S2 1-681
2026-10-06 08:20:01,039 INFO o.a.j.t.JMeterThread: Stopping because end time detected by thread: S2 1-907
2026-10-06 08:20:01,039 INFO o.a.j.t.JMeterThread: Thread finished: S2 1-907
2026-10-06 08:20:01,045 INFO o.a.j.t.JMeterThread: Stopping because end time detected by thread: S2 1-884
2026-10-06 08:20:01,046 INFO o.a.j.t.JMeterThread: Thread finished: S2 1-884
2026-10-06 08:20:01,053 INFO o.a.j.t.JMeterThread: Stopping because end time detected by thread: S2 1-349
2026-10-06 08:20:01,054 INFO o.a.j.t.JMeterThread: Thread finished: S2 1-349
2026-10-06 08:20:01,054 INFO o.a.j.t.JMeterThread: Stopping because end time detected by thread: S2 1-163
2026-10-06 08:20:01,054 INFO o.a.j.t.JMeterThread: Thread finished: S2 1-163
2026-10-06 08:20:01,062 INFO o.a.j.t.JMeterThread: Stopping because end time detected by thread: S2 1-915
2026-10-06 08:20:01,062 INFO o.a.j.t.JMeterThread: Thread finished: S2 1-915
2026-10-06 08:20:01,065 INFO o.a.j.t.JMeterThread: Stopping because end time detected by thread: S2 1-329
2026-10-06 08:20:01,065 INFO o.a.j.t.JMeterThread: Stopping because end time detected by thread: S2 1-644
2026-10-06 08:20:01,065 INFO o.a.j.t.JMeterThread: Thread finished: S2 1-329
2026-10-06 08:20:01,066 INFO o.a.j.t.JMeterThread: Thread finished: S2 1-644
2026-10-06 08:20:01,070 INFO o.a.j.t.JMeterThread: Stopping because end time detected by thread: S2 1-891
2026-10-06 08:20:01,070 INFO o.a.j.t.JMeterThread: Thread finished: S2 1-891
2026-10-06 08:20:01,071 INFO o.a.j.t.JMeterThread: Stopping because end time detected by thread: S2 1-641
2026-10-06 08:20:01,071 INFO o.a.j.t.JMeterThread: Thread finished: S2 1-641
2026-10-06 08:20:01,077 INFO o.a.j.t.JMeterThread: Stopping because end time detected by thread: S2 1-733
2026-10-06 08:20:01,077 INFO o.a.j.t.JMeterThread: Thread finished: S2 1-733
2026-10-06 08:20:01,140 INFO o.a.j.t.JMeterThread: Stopping because end time detected by thread: S2 1-374
2026-10-06 08:20:01,142 INFO o.a.j.t.JMeterThread: Thread finished: S2 1-374
2026-10-06 08:20:01,143 INFO o.a.j.t.JMeterThread: Stopping because end time detected by thread: S2 1-536
2026-10-06 08:20:01,143 INFO o.a.j.t.JMeterThread: Thread finished: S2 1-536
2026-10-06 08:20:01,144 INFO o.a.j.t.JMeterThread: Stopping because end time detected by thread: S2 1-924
2026-10-06 08:20:01,144 INFO o.a.j.t.JMeterThread: Thread finished: S2 1-924
2026-10-06 08:20:01,150 INFO o.a.j.t.JMeterThread: Stopping because end time detected by thread: S2 1-284
2026-10-06 08:20:01,150 INFO o.a.j.t.JMeterThread: Thread finished: S2 1-284
2026-10-06 08:20:01,151 INFO o.a.j.t.JMeterThread: Stopping because end time detected by thread: S2 1-705
2026-10-06 08:20:01,151 INFO o.a.j.t.JMeterThread: Thread finished: S2 1-705
2026-10-06 08:20:01,154 INFO o.a.j.t.JMeterThread: Stopping because end time detected by thread: S2 1-939
2026-10-06 08:20:01,154 INFO o.a.j.t.JMeterThread: Thread finished: S2 1-939
2026-10-06 08:20:01,154 INFO o.a.j.t.JMeterThread: Stopping because end time detected by thread: S2 1-671
2026-10-06 08:20:01,154 INFO o.a.j.t.JMeterThread: Thread finished: S2 1-671
2026-10-06 08:20:01,158 INFO o.a.j.t.JMeterThread: Stopping because end time detected by thread: S2 1-930
2026-10-06 08:20:01,158 INFO o.a.j.t.JMeterThread: Thread finished: S2 1-930
2026-10-06 08:20:01,159 INFO o.a.j.t.JMeterThread: Stopping because end time detected by thread: S2 1-151
2026-10-06 08:20:01,159 INFO o.a.j.t.JMeterThread: Thread finished: S2 1-151
2026-10-06 08:20:01,164 INFO o.a.j.t.JMeterThread: Stopping because end time detected by thread: S2 1-656
2026-10-06 08:20:01,164 INFO o.a.j.t.JMeterThread: Thread finished: S2 1-656
2026-10-06 08:20:01,166 INFO o.a.j.t.JMeterThread: Stopping because end time detected by thread: S2 1-77
2026-10-06 08:20:01,166 INFO o.a.j.t.JMeterThread: Thread finished: S2 1-77
2026-10-06 08:20:01,174 INFO o.a.j.t.JMeterThread: Stopping because end time detected by thread: S2 1-116
2026-10-06 08:20:01,174 INFO o.a.j.t.JMeterThread: Thread finished: S2 1-116
2026-10-06 08:20:01,177 INFO o.a.j.t.JMeterThread: Stopping because end time detected by thread: S2 1-540
2026-10-06 08:20:01,177 INFO o.a.j.t.JMeterThread: Thread finished: S2 1-540
2026-10-06 08:20:01,238 INFO o.a.j.t.JMeterThread: Stopping because end time detected by thread: S2 1-288
2026-10-06 08:20:01,238 INFO o.a.j.t.JMeterThread: Thread finished: S2 1-288
2026-10-06 08:20:01,241 INFO o.a.j.t.JMeterThread: Stopping because end time detected by thread: S2 1-984
2026-10-06 08:20:01,242 INFO o.a.j.t.JMeterThread: Thread finished: S2 1-984
2026-10-06 08:20:01,247 INFO o.a.j.t.JMeterThread: Stopping because end time detected by thread: S2 1-99
2026-10-06 08:20:01,247 INFO o.a.j.t.JMeterThread: Thread finished: S2 1-99
2026-10-06 08:20:01,247 INFO o.a.j.t.JMeterThread: Stopping because end time detected by thread: S2 1-292
2026-10-06 08:20:01,247 INFO o.a.j.t.JMeterThread: Thread finished: S2 1-292
2026-10-06 08:20:01,249 INFO o.a.j.t.JMeterThread: Stopping because end time detected by thread: S2 1-528
2026-10-06 08:20:01,250 INFO o.a.j.t.JMeterThread: Thread finished: S2 1-528
2026-10-06 08:20:01,250 INFO o.a.j.t.JMeterThread: Stopping because end time detected by thread: S2 1-212
2026-10-06 08:20:01,250 INFO o.a.j.t.JMeterThread: Thread finished: S2 1-212
2026-10-06 08:20:01,250 INFO o.a.j.t.JMeterThread: Stopping because end time detected by thread: S2 1-156
2026-10-06 08:20:01,250 INFO o.a.j.t.JMeterThread: Thread finished: S2 1-156
2026-10-06 08:20:01,258 INFO o.a.j.t.JMeterThread: Stopping because end time detected by thread: S2 1-275
2026-10-06 08:20:01,258 INFO o.a.j.t.JMeterThread: Thread finished: S2 1-275
2026-10-06 08:20:01,268 INFO o.a.j.t.JMeterThread: Stopping because end time detected by thread: S2 1-923
2026-10-06 08:20:01,268 INFO o.a.j.t.JMeterThread: Thread finished: S2 1-923
2026-10-06 08:20:01,276 INFO o.a.j.t.JMeterThread: Stopping because end time detected by thread: S2 1-634
2026-10-06 08:20:01,276 INFO o.a.j.t.JMeterThread: Thread finished: S2 1-634
2026-10-06 08:20:01,278 INFO o.a.j.t.JMeterThread: Stopping because end time detected by thread: S2 1-629
2026-10-06 08:20:01,278 INFO o.a.j.t.JMeterThread: Thread finished: S2 1-629
2026-10-06 08:20:01,280 INFO o.a.j.t.JMeterThread: Stopping because end time detected by thread: S2 1-443
2026-10-06 08:20:01,280 INFO o.a.j.t.JMeterThread: Thread finished: S2 1-443
2026-10-06 08:20:01,343 INFO o.a.j.t.JMeterThread: Stopping because end time detected by thread: S2 1-947
2026-10-06 08:20:01,343 INFO o.a.j.t.JMeterThread: Thread finished: S2 1-947
2026-10-06 08:20:01,346 INFO o.a.j.t.JMeterThread: Stopping because end time detected by thread: S2 1-875
2026-10-06 08:20:01,346 INFO o.a.j.t.JMeterThread: Thread finished: S2 1-875
2026-10-06 08:20:01,347 INFO o.a.j.t.JMeterThread: Stopping because end time detected by thread: S2 1-899
2026-10-06 08:20:01,347 INFO o.a.j.t.JMeterThread: Thread finished: S2 1-899
2026-10-06 08:20:01,350 INFO o.a.j.t.JMeterThread: Stopping because end time detected by thread: S2 1-15
2026-10-06 08:20:01,350 INFO o.a.j.t.JMeterThread: Thread finished: S2 1-15
2026-10-06 08:20:01,352 INFO o.a.j.t.JMeterThread: Stopping because end time detected by thread: S2 1-645
2026-10-06 08:20:01,352 INFO o.a.j.t.JMeterThread: Thread finished: S2 1-645
2026-10-06 08:20:01,352 INFO o.a.j.t.JMeterThread: Stopping because end time detected by thread: S2 1-371
2026-10-06 08:20:01,352 INFO o.a.j.t.JMeterThread: Thread finished: S2 1-371
2026-10-06 08:20:01,353 INFO o.a.j.t.JMeterThread: Stopping because end time detected by thread: S2 1-57
2026-10-06 08:20:01,353 INFO o.a.j.t.JMeterThread: Thread finished: S2 1-57
2026-10-06 08:20:01,356 INFO o.a.j.t.JMeterThread: Stopping because end time detected by thread: S2 1-233
2026-10-06 08:20:01,356 INFO o.a.j.t.JMeterThread: Thread finished: S2 1-233
2026-10-06 08:20:01,357 INFO o.a.j.t.JMeterThread: Stopping because end time detected by thread: S2 1-120
2026-10-06 08:20:01,357 INFO o.a.j.t.JMeterThread: Thread finished: S2 1-120
2026-10-06 08:20:01,358 INFO o.a.j.t.JMeterThread: Stopping because end time detected by thread: S2 1-775
2026-10-06 08:20:01,358 INFO o.a.j.t.JMeterThread: Thread finished: S2 1-775
2026-10-06 08:20:01,360 INFO o.a.j.t.JMeterThread: Stopping because end time detected by thread: S2 1-539
2026-10-06 08:20:01,360 INFO o.a.j.t.JMeterThread: Thread finished: S2 1-539
2026-10-06 08:20:01,362 INFO o.a.j.t.JMeterThread: Stopping because end time detected by thread: S2 1-361
2026-10-06 08:20:01,362 INFO o.a.j.t.JMeterThread: Thread finished: S2 1-361
2026-10-06 08:20:01,366 INFO o.a.j.t.JMeterThread: Stopping because end time detected by thread: S2 1-504
2026-10-06 08:20:01,366 INFO o.a.j.t.JMeterThread: Thread finished: S2 1-504
2026-10-06 08:20:01,373 INFO o.a.j.t.JMeterThread: Stopping because end time detected by thread: S2 1-304
2026-10-06 08:20:01,373 INFO o.a.j.t.JMeterThread: Thread finished: S2 1-304
2026-10-06 08:20:01,373 INFO o.a.j.t.JMeterThread: Stopping because end time detected by thread: S2 1-353
2026-10-06 08:20:01,373 INFO o.a.j.t.JMeterThread: Thread finished: S2 1-353
2026-10-06 08:20:01,375 INFO o.a.j.t.JMeterThread: Stopping because end time detected by thread: S2 1-636
2026-10-06 08:20:01,375 INFO o.a.j.t.JMeterThread: Thread finished: S2 1-636
2026-10-06 08:20:01,377 INFO o.a.j.t.JMeterThread: Stopping because end time detected by thread: S2 1-30
2026-10-06 08:20:01,377 INFO o.a.j.t.JMeterThread: Thread finished: S2 1-30
2026-10-06 08:20:01,378 INFO o.a.j.t.JMeterThread: Stopping because end time detected by thread: S2 1-93
2026-10-06 08:20:01,378 INFO o.a.j.t.JMeterThread: Thread finished: S2 1-93
2026-10-06 08:20:01,378 INFO o.a.j.t.JMeterThread: Stopping because end time detected by thread: S2 1-693
2026-10-06 08:20:01,378 INFO o.a.j.t.JMeterThread: Thread finished: S2 1-693
2026-10-06 08:20:01,440 INFO o.a.j.t.JMeterThread: Stopping because end time detected by thread: S2 1-677
2026-10-06 08:20:01,440 INFO o.a.j.t.JMeterThread: Thread finished: S2 1-677
2026-10-06 08:20:01,442 INFO o.a.j.t.JMeterThread: Stopping because end time detected by thread: S2 1-722
2026-10-06 08:20:01,442 INFO o.a.j.t.JMeterThread: Thread finished: S2 1-722
2026-10-06 08:20:01,442 INFO o.a.j.t.JMeterThread: Stopping because end time detected by thread: S2 1-29
2026-10-06 08:20:01,443 INFO o.a.j.t.JMeterThread: Thread finished: S2 1-29
2026-10-06 08:20:01,444 INFO o.a.j.t.JMeterThread: Stopping because end time detected by thread: S2 1-709
2026-10-06 08:20:01,445 INFO o.a.j.t.JMeterThread: Thread finished: S2 1-709
2026-10-06 08:20:01,448 INFO o.a.j.t.JMeterThread: Stopping because end time detected by thread: S2 1-701
2026-10-06 08:20:01,448 INFO o.a.j.t.JMeterThread: Thread finished: S2 1-701
2026-10-06 08:20:01,448 INFO o.a.j.t.JMeterThread: Stopping because end time detected by thread: S2 1-652
2026-10-06 08:20:01,448 INFO o.a.j.t.JMeterThread: Thread finished: S2 1-652
2026-10-06 08:20:01,465 INFO o.a.j.t.JMeterThread: Stopping because end time detected by thread: S2 1-675
2026-10-06 08:20:01,465 INFO o.a.j.t.JMeterThread: Thread finished: S2 1-675
2026-10-06 08:20:01,472 INFO o.a.j.t.JMeterThread: Stopping because end time detected by thread: S2 1-640
2026-10-06 08:20:01,472 INFO o.a.j.t.JMeterThread: Thread finished: S2 1-640
2026-10-06 08:20:01,474 INFO o.a.j.t.JMeterThread: Stopping because end time detected by thread: S2 1-264
2026-10-06 08:20:01,474 INFO o.a.j.t.JMeterThread: Stopping because end time detected by thread: S2 1-628
2026-10-06 08:20:01,474 INFO o.a.j.t.JMeterThread: Thread finished: S2 1-264
2026-10-06 08:20:01,474 INFO o.a.j.t.JMeterThread: Thread finished: S2 1-628
2026-10-06 08:20:01,475 INFO o.a.j.t.JMeterThread: Stopping because end time detected by thread: S2 1-393
2026-10-06 08:20:01,475 INFO o.a.j.t.JMeterThread: Thread finished: S2 1-393
2026-10-06 08:20:01,538 INFO o.a.j.t.JMeterThread: Stopping because end time detected by thread: S2 1-713
2026-10-06 08:20:01,538 INFO o.a.j.t.JMeterThread: Thread finished: S2 1-713
2026-10-06 08:20:01,539 INFO o.a.j.t.JMeterThread: Stopping because end time detected by thread: S2 1-685
2026-10-06 08:20:01,539 INFO o.a.j.t.JMeterThread: Thread finished: S2 1-685
2026-10-06 08:20:01,539 INFO o.a.j.t.JMeterThread: Stopping because end time detected by thread: S2 1-403
2026-10-06 08:20:01,540 INFO o.a.j.t.JMeterThread: Thread finished: S2 1-403
2026-10-06 08:20:01,542 INFO o.a.j.t.JMeterThread: Stopping because end time detected by thread: S2 1-874
2026-10-06 08:20:01,542 INFO o.a.j.t.JMeterThread: Thread finished: S2 1-874
2026-10-06 08:20:01,543 INFO o.a.j.t.JMeterThread: Stopping because end time detected by thread: S2 1-556
2026-10-06 08:20:01,543 INFO o.a.j.t.JMeterThread: Thread finished: S2 1-556
2026-10-06 08:20:01,547 INFO o.a.j.t.JMeterThread: Stopping because end time detected by thread: S2 1-912
2026-10-06 08:20:01,548 INFO o.a.j.t.JMeterThread: Thread finished: S2 1-912
2026-10-06 08:20:01,548 INFO o.a.j.t.JMeterThread: Stopping because end time detected by thread: S2 1-697
2026-10-06 08:20:01,548 INFO o.a.j.t.JMeterThread: Thread finished: S2 1-697
2026-10-06 08:20:01,550 INFO o.a.j.t.JMeterThread: Stopping because end time detected by thread: S2 1-419
2026-10-06 08:20:01,550 INFO o.a.j.t.JMeterThread: Thread finished: S2 1-419
2026-10-06 08:20:01,557 INFO o.a.j.t.JMeterThread: Stopping because end time detected by thread: S2 1-954
2026-10-06 08:20:01,557 INFO o.a.j.t.JMeterThread: Thread finished: S2 1-954
2026-10-06 08:20:01,558 INFO o.a.j.t.JMeterThread: Stopping because end time detected by thread: S2 1-673
2026-10-06 08:20:01,558 INFO o.a.j.t.JMeterThread: Thread finished: S2 1-673
2026-10-06 08:20:01,559 INFO o.a.j.t.JMeterThread: Stopping because end time detected by thread: S2 1-737
2026-10-06 08:20:01,559 INFO o.a.j.t.JMeterThread: Thread finished: S2 1-737
2026-10-06 08:20:01,563 INFO o.a.j.t.JMeterThread: Stopping because end time detected by thread: S2 1-172
2026-10-06 08:20:01,563 INFO o.a.j.t.JMeterThread: Thread finished: S2 1-172
2026-10-06 08:20:01,569 INFO o.a.j.t.JMeterThread: Stopping because end time detected by thread: S2 1-618
2026-10-06 08:20:01,569 INFO o.a.j.t.JMeterThread: Thread finished: S2 1-618
2026-10-06 08:20:01,574 INFO o.a.j.t.JMeterThread: Stopping because end time detected by thread: S2 1-745
2026-10-06 08:20:01,574 INFO o.a.j.t.JMeterThread: Stopping because end time detected by thread: S2 1-378
2026-10-06 08:20:01,574 INFO o.a.j.t.JMeterThread: Thread finished: S2 1-745
2026-10-06 08:20:01,574 INFO o.a.j.t.JMeterThread: Thread finished: S2 1-378
2026-10-06 08:20:01,578 INFO o.a.j.t.JMeterThread: Stopping because end time detected by thread: S2 1-385
2026-10-06 08:20:01,578 INFO o.a.j.t.JMeterThread: Thread finished: S2 1-385
2026-10-06 08:20:01,644 INFO o.a.j.t.JMeterThread: Stopping because end time detected by thread: S2 1-648
2026-10-06 08:20:01,645 INFO o.a.j.t.JMeterThread: Thread finished: S2 1-648
2026-10-06 08:20:01,645 INFO o.a.j.t.JMeterThread: Stopping because end time detected by thread: S2 1-363
2026-10-06 08:20:01,645 INFO o.a.j.t.JMeterThread: Thread finished: S2 1-363
2026-10-06 08:20:01,646 INFO o.a.j.t.JMeterThread: Stopping because end time detected by thread: S2 1-51
2026-10-06 08:20:01,647 INFO o.a.j.t.JMeterThread: Thread finished: S2 1-51
2026-10-06 08:20:01,648 INFO o.a.j.t.JMeterThread: Stopping because end time detected by thread: S2 1-951
2026-10-06 08:20:01,648 INFO o.a.j.t.JMeterThread: Thread finished: S2 1-951
2026-10-06 08:20:01,650 INFO o.a.j.t.JMeterThread: Stopping because end time detected by thread: S2 1-689
2026-10-06 08:20:01,650 INFO o.a.j.t.JMeterThread: Thread finished: S2 1-689
2026-10-06 08:20:01,650 INFO o.a.j.t.JMeterThread: Stopping because end time detected by thread: S2 1-552
2026-10-06 08:20:01,650 INFO o.a.j.t.JMeterThread: Thread finished: S2 1-552
2026-10-06 08:20:01,652 INFO o.a.j.t.JMeterThread: Stopping because end time detected by thread: S2 1-741
2026-10-06 08:20:01,652 INFO o.a.j.t.JMeterThread: Thread finished: S2 1-741
2026-10-06 08:20:01,653 INFO o.a.j.t.JMeterThread: Stopping because end time detected by thread: S2 1-532
2026-10-06 08:20:01,653 INFO o.a.j.t.JMeterThread: Thread finished: S2 1-532
2026-10-06 08:20:01,656 INFO o.a.j.t.JMeterThread: Stopping because end time detected by thread: S2 1-679
2026-10-06 08:20:01,656 INFO o.a.j.t.JMeterThread: Thread finished: S2 1-679
2026-10-06 08:20:01,657 INFO o.a.j.t.JMeterThread: Stopping because end time detected by thread: S2 1-544
2026-10-06 08:20:01,657 INFO o.a.j.t.JMeterThread: Thread finished: S2 1-544
2026-10-06 08:20:01,659 INFO o.a.j.t.JMeterThread: Stopping because end time detected by thread: S2 1-903
2026-10-06 08:20:01,659 INFO o.a.j.t.JMeterThread: Thread finished: S2 1-903
2026-10-06 08:20:01,664 INFO o.a.j.t.JMeterThread: Stopping because end time detected by thread: S2 1-943
2026-10-06 08:20:01,664 INFO o.a.j.t.JMeterThread: Thread finished: S2 1-943
2026-10-06 08:20:01,666 INFO o.a.j.t.JMeterThread: Stopping because end time detected by thread: S2 1-480
2026-10-06 08:20:01,666 INFO o.a.j.t.JMeterThread: Thread finished: S2 1-480
2026-10-06 08:20:01,673 INFO o.a.j.t.JMeterThread: Stopping because end time detected by thread: S2 1-204
2026-10-06 08:20:01,673 INFO o.a.j.t.JMeterThread: Thread finished: S2 1-204
2026-10-06 08:20:01,674 INFO o.a.j.t.JMeterThread: Stopping because end time detected by thread: S2 1-683
2026-10-06 08:20:01,674 INFO o.a.j.t.JMeterThread: Thread finished: S2 1-683
2026-10-06 08:20:01,676 INFO o.a.j.t.JMeterThread: Stopping because end time detected by thread: S2 1-48
2026-10-06 08:20:01,676 INFO o.a.j.t.JMeterThread: Thread finished: S2 1-48
2026-10-06 08:20:01,677 INFO o.a.j.t.JMeterThread: Stopping because end time detected by thread: S2 1-129
2026-10-06 08:20:01,677 INFO o.a.j.t.JMeterThread: Thread finished: S2 1-129
2026-10-06 08:20:01,678 INFO o.a.j.t.JMeterThread: Stopping because end time detected by thread: S2 1-935
2026-10-06 08:20:01,678 INFO o.a.j.t.JMeterThread: Thread finished: S2 1-935
2026-10-06 08:20:01,740 INFO o.a.j.t.JMeterThread: Stopping because end time detected by thread: S2 1-564
2026-10-06 08:20:01,740 INFO o.a.j.t.JMeterThread: Thread finished: S2 1-564
2026-10-06 08:20:01,742 INFO o.a.j.t.JMeterThread: Stopping because end time detected by thread: S2 1-389
2026-10-06 08:20:01,742 INFO o.a.j.t.JMeterThread: Thread finished: S2 1-389
2026-10-06 08:20:01,747 INFO o.a.j.t.JMeterThread: Stopping because end time detected by thread: S2 1-125
2026-10-06 08:20:01,747 INFO o.a.j.t.JMeterThread: Thread finished: S2 1-125
2026-10-06 08:20:01,749 INFO o.a.j.t.JMeterThread: Stopping because end time detected by thread: S2 1-413
2026-10-06 08:20:01,749 INFO o.a.j.t.JMeterThread: Thread finished: S2 1-413
2026-10-06 08:20:01,754 INFO o.a.j.t.JMeterThread: Stopping because end time detected by thread: S2 1-42
2026-10-06 08:20:01,754 INFO o.a.j.t.JMeterThread: Thread finished: S2 1-42
2026-10-06 08:20:01,757 INFO o.a.j.t.JMeterThread: Stopping because end time detected by thread: S2 1-113
2026-10-06 08:20:01,757 INFO o.a.j.t.JMeterThread: Thread finished: S2 1-113
2026-10-06 08:20:01,765 INFO o.a.j.t.JMeterThread: Stopping because end time detected by thread: S2 1-208
2026-10-06 08:20:01,765 INFO o.a.j.t.JMeterThread: Thread finished: S2 1-208
2026-10-06 08:20:01,770 INFO o.a.j.t.JMeterThread: Stopping because end time detected by thread: S2 1-27
2026-10-06 08:20:01,770 INFO o.a.j.t.JMeterThread: Stopping because end time detected by thread: S2 1-568
2026-10-06 08:20:01,770 INFO o.a.j.t.JMeterThread: Thread finished: S2 1-27
2026-10-06 08:20:01,770 INFO o.a.j.t.JMeterThread: Thread finished: S2 1-568
2026-10-06 08:20:01,776 INFO o.a.j.t.JMeterThread: Stopping because end time detected by thread: S2 1-405
2026-10-06 08:20:01,776 INFO o.a.j.t.JMeterThread: Thread finished: S2 1-405
2026-10-06 08:20:01,777 INFO o.a.j.t.JMeterThread: Stopping because end time detected by thread: S2 1-620
2026-10-06 08:20:01,777 INFO o.a.j.t.JMeterThread: Thread finished: S2 1-620
2026-10-06 08:20:01,778 INFO o.a.j.t.JMeterThread: Stopping because end time detected by thread: S2 1-72
2026-10-06 08:20:01,778 INFO o.a.j.t.JMeterThread: Thread finished: S2 1-72
2026-10-06 08:20:01,838 INFO o.a.j.t.JMeterThread: Stopping because end time detected by thread: S2 1-401
2026-10-06 08:20:01,838 INFO o.a.j.t.JMeterThread: Thread finished: S2 1-401
2026-10-06 08:20:01,841 INFO o.a.j.t.JMeterThread: Stopping because end time detected by thread: S2 1-409
2026-10-06 08:20:01,842 INFO o.a.j.t.JMeterThread: Thread finished: S2 1-409
2026-10-06 08:20:01,843 INFO o.a.j.t.JMeterThread: Stopping because end time detected by thread: S2 1-550
2026-10-06 08:20:01,843 INFO o.a.j.t.JMeterThread: Thread finished: S2 1-550
2026-10-06 08:20:01,844 INFO o.a.j.t.JMeterThread: Stopping because end time detected by thread: S2 1-971
2026-10-06 08:20:01,844 INFO o.a.j.t.JMeterThread: Thread finished: S2 1-971
2026-10-06 08:20:01,850 INFO o.a.j.t.JMeterThread: Stopping because end time detected by thread: S2 1-660
2026-10-06 08:20:01,850 INFO o.a.j.t.JMeterThread: Thread finished: S2 1-660
2026-10-06 08:20:01,854 INFO o.a.j.t.JMeterThread: Stopping because end time detected by thread: S2 1-931
2026-10-06 08:20:01,854 INFO o.a.j.t.JMeterThread: Thread finished: S2 1-931
2026-10-06 08:20:01,855 INFO o.a.j.t.JMeterThread: Stopping because end time detected by thread: S2 1-267
2026-10-06 08:20:01,855 INFO o.a.j.t.JMeterThread: Thread finished: S2 1-267
2026-10-06 08:20:01,856 INFO o.a.j.t.JMeterThread: Stopping because end time detected by thread: S2 1-707
2026-10-06 08:20:01,856 INFO o.a.j.t.JMeterThread: Thread finished: S2 1-707
2026-10-06 08:20:01,856 INFO o.a.j.t.JMeterThread: Stopping because end time detected by thread: S2 1-972
2026-10-06 08:20:01,856 INFO o.a.j.t.JMeterThread: Thread finished: S2 1-972
2026-10-06 08:20:01,857 INFO o.a.j.t.JMeterThread: Stopping because end time detected by thread: S2 1-975
2026-10-06 08:20:01,857 INFO o.a.j.t.JMeterThread: Thread finished: S2 1-975
2026-10-06 08:20:01,858 INFO o.a.j.t.JMeterThread: Stopping because end time detected by thread: S2 1-136
2026-10-06 08:20:01,858 INFO o.a.j.t.JMeterThread: Thread finished: S2 1-136
2026-10-06 08:20:01,860 INFO o.a.j.t.JMeterThread: Stopping because end time detected by thread: S2 1-323
2026-10-06 08:20:01,860 INFO o.a.j.t.JMeterThread: Thread finished: S2 1-323
2026-10-06 08:20:01,861 INFO o.a.j.t.JMeterThread: Stopping because end time detected by thread: S2 1-716
2026-10-06 08:20:01,861 INFO o.a.j.t.JMeterThread: Thread finished: S2 1-716
2026-10-06 08:20:01,873 INFO o.a.j.t.JMeterThread: Stopping because end time detected by thread: S2 1-653
2026-10-06 08:20:01,873 INFO o.a.j.t.JMeterThread: Thread finished: S2 1-653
2026-10-06 08:20:01,874 INFO o.a.j.t.JMeterThread: Stopping because end time detected by thread: S2 1-691
2026-10-06 08:20:01,874 INFO o.a.j.t.JMeterThread: Stopping because end time detected by thread: S2 1-188
2026-10-06 08:20:01,874 INFO o.a.j.t.JMeterThread: Thread finished: S2 1-691
2026-10-06 08:20:01,874 INFO o.a.j.t.JMeterThread: Thread finished: S2 1-188
2026-10-06 08:20:01,876 INFO o.a.j.t.JMeterThread: Stopping because end time detected by thread: S2 1-991
2026-10-06 08:20:01,876 INFO o.a.j.t.JMeterThread: Thread finished: S2 1-991
2026-10-06 08:20:01,878 INFO o.a.j.t.JMeterThread: Stopping because end time detected by thread: S2 1-168
2026-10-06 08:20:01,878 INFO o.a.j.t.JMeterThread: Thread finished: S2 1-168
2026-10-06 08:20:01,880 INFO o.a.j.t.JMeterThread: Stopping because end time detected by thread: S2 1-96
2026-10-06 08:20:01,880 INFO o.a.j.t.JMeterThread: Thread finished: S2 1-96
2026-10-06 08:20:01,945 INFO o.a.j.t.JMeterThread: Stopping because end time detected by thread: S2 1-39
2026-10-06 08:20:01,945 INFO o.a.j.t.JMeterThread: Thread finished: S2 1-39
2026-10-06 08:20:01,946 INFO o.a.j.t.JMeterThread: Stopping because end time detected by thread: S2 1-581
2026-10-06 08:20:01,946 INFO o.a.j.t.JMeterThread: Thread finished: S2 1-581
2026-10-06 08:20:01,947 INFO o.a.j.t.JMeterThread: Stopping because end time detected by thread: S2 1-687
2026-10-06 08:20:01,947 INFO o.a.j.t.JMeterThread: Thread finished: S2 1-687
2026-10-06 08:20:01,952 INFO o.a.j.t.JMeterThread: Stopping because end time detected by thread: S2 1-245
2026-10-06 08:20:01,952 INFO o.a.j.t.JMeterThread: Thread finished: S2 1-245
2026-10-06 08:20:01,957 INFO o.a.j.t.JMeterThread: Stopping because end time detected by thread: S2 1-926
2026-10-06 08:20:01,957 INFO o.a.j.t.JMeterThread: Thread finished: S2 1-926
2026-10-06 08:20:01,959 INFO o.a.j.t.JMeterThread: Stopping because end time detected by thread: S2 1-967
2026-10-06 08:20:01,959 INFO o.a.j.t.JMeterThread: Thread finished: S2 1-967
2026-10-06 08:20:01,962 INFO o.a.j.t.JMeterThread: Stopping because end time detected by thread: S2 1-576
2026-10-06 08:20:01,962 INFO o.a.j.t.JMeterThread: Thread finished: S2 1-576
2026-10-06 08:20:01,965 INFO o.a.j.t.JMeterThread: Stopping because end time detected by thread: S2 1-667
2026-10-06 08:20:01,965 INFO o.a.j.t.JMeterThread: Thread finished: S2 1-667
2026-10-06 08:20:01,970 INFO o.a.j.t.JMeterThread: Stopping because end time detected by thread: S2 1-97
2026-10-06 08:20:01,970 INFO o.a.j.t.JMeterThread: Thread finished: S2 1-97
2026-10-06 08:20:01,975 INFO o.a.j.t.JMeterThread: Stopping because end time detected by thread: S2 1-241
2026-10-06 08:20:01,975 INFO o.a.j.t.JMeterThread: Thread finished: S2 1-241
2026-10-06 08:20:01,978 INFO o.a.j.t.JMeterThread: Stopping because end time detected by thread: S2 1-105
2026-10-06 08:20:01,978 INFO o.a.j.t.JMeterThread: Thread finished: S2 1-105
2026-10-06 08:20:02,041 INFO o.a.j.t.JMeterThread: Stopping because end time detected by thread: S2 1-695
2026-10-06 08:20:02,041 INFO o.a.j.t.JMeterThread: Thread finished: S2 1-695
2026-10-06 08:20:02,043 INFO o.a.j.t.JMeterThread: Stopping because end time detected by thread: S2 1-744
2026-10-06 08:20:02,044 INFO o.a.j.t.JMeterThread: Thread finished: S2 1-744
2026-10-06 08:20:02,044 INFO o.a.j.t.JMeterThread: Stopping because end time detected by thread: S2 1-54
2026-10-06 08:20:02,044 INFO o.a.j.t.JMeterThread: Thread finished: S2 1-54
2026-10-06 08:20:02,046 INFO o.a.j.t.JMeterThread: Stopping because end time detected by thread: S2 1-516
2026-10-06 08:20:02,046 INFO o.a.j.t.JMeterThread: Thread finished: S2 1-516
2026-10-06 08:20:02,046 INFO o.a.j.t.JMeterThread: Stopping because end time detected by thread: S2 1-699
2026-10-06 08:20:02,046 INFO o.a.j.t.JMeterThread: Thread finished: S2 1-699
2026-10-06 08:20:02,047 INFO o.a.j.t.JMeterThread: Stopping because end time detected by thread: S2 1-736
2026-10-06 08:20:02,047 INFO o.a.j.t.JMeterThread: Thread finished: S2 1-736
2026-10-06 08:20:02,049 INFO o.a.j.t.JMeterThread: Stopping because end time detected by thread: S2 1-664
2026-10-06 08:20:02,049 INFO o.a.j.t.JMeterThread: Thread finished: S2 1-664
2026-10-06 08:20:02,049 INFO o.a.j.t.JMeterThread: Stopping because end time detected by thread: S2 1-332
2026-10-06 08:20:02,049 INFO o.a.j.t.JMeterThread: Thread finished: S2 1-332
2026-10-06 08:20:02,055 INFO o.a.j.t.JMeterThread: Stopping because end time detected by thread: S2 1-661
2026-10-06 08:20:02,055 INFO o.a.j.t.JMeterThread: Thread finished: S2 1-661
2026-10-06 08:20:02,055 INFO o.a.j.t.JMeterThread: Stopping because end time detected by thread: S2 1-220
2026-10-06 08:20:02,055 INFO o.a.j.t.JMeterThread: Thread finished: S2 1-220
2026-10-06 08:20:02,056 INFO o.a.j.t.JMeterThread: Stopping because end time detected by thread: S2 1-703
2026-10-06 08:20:02,056 INFO o.a.j.t.JMeterThread: Thread finished: S2 1-703
2026-10-06 08:20:02,061 INFO o.a.j.t.JMeterThread: Stopping because end time detected by thread: S2 1-397
2026-10-06 08:20:02,061 INFO o.a.j.t.JMeterThread: Stopping because end time detected by thread: S2 1-983
2026-10-06 08:20:02,062 INFO o.a.j.t.JMeterThread: Thread finished: S2 1-397
2026-10-06 08:20:02,062 INFO o.a.j.t.JMeterThread: Thread finished: S2 1-983
2026-10-06 08:20:02,064 INFO o.a.j.t.JMeterThread: Stopping because end time detected by thread: S2 1-596
2026-10-06 08:20:02,064 INFO o.a.j.t.JMeterThread: Thread finished: S2 1-596
2026-10-06 08:20:02,065 INFO o.a.j.t.JMeterThread: Stopping because end time detected by thread: S2 1-959
2026-10-06 08:20:02,065 INFO o.a.j.t.JMeterThread: Thread finished: S2 1-959
2026-10-06 08:20:02,069 INFO o.a.j.t.JMeterThread: Stopping because end time detected by thread: S2 1-101
2026-10-06 08:20:02,069 INFO o.a.j.t.JMeterThread: Thread finished: S2 1-101
2026-10-06 08:20:02,071 INFO o.a.j.t.JMeterThread: Stopping because end time detected by thread: S2 1-11
2026-10-06 08:20:02,071 INFO o.a.j.t.JMeterThread: Thread finished: S2 1-11
2026-10-06 08:20:02,075 INFO o.a.j.t.JMeterThread: Stopping because end time detected by thread: S2 1-711
2026-10-06 08:20:02,075 INFO o.a.j.t.JMeterThread: Thread finished: S2 1-711
2026-10-06 08:20:02,138 INFO o.a.j.t.JMeterThread: Stopping because end time detected by thread: S2 1-995
2026-10-06 08:20:02,138 INFO o.a.j.t.JMeterThread: Thread finished: S2 1-995
2026-10-06 08:20:02,140 INFO o.a.j.t.JMeterThread: Stopping because end time detected by thread: S2 1-584
2026-10-06 08:20:02,140 INFO o.a.j.t.JMeterThread: Thread finished: S2 1-584
2026-10-06 08:20:02,141 INFO o.a.j.t.JMeterThread: Stopping because end time detected by thread: S2 1-614
2026-10-06 08:20:02,141 INFO o.a.j.t.JMeterThread: Thread finished: S2 1-614
2026-10-06 08:20:02,143 INFO o.a.j.t.JMeterThread: Stopping because end time detected by thread: S2 1-955
2026-10-06 08:20:02,143 INFO o.a.j.t.JMeterThread: Thread finished: S2 1-955
2026-10-06 08:20:02,143 INFO o.a.j.t.JMeterThread: Stopping because end time detected by thread: S2 1-300
2026-10-06 08:20:02,143 INFO o.a.j.t.JMeterThread: Thread finished: S2 1-300
2026-10-06 08:20:02,145 INFO o.a.j.t.JMeterThread: Stopping because end time detected by thread: S2 1-610
2026-10-06 08:20:02,145 INFO o.a.j.t.JMeterThread: Thread finished: S2 1-610
2026-10-06 08:20:02,146 INFO o.a.j.t.JMeterThread: Stopping because end time detected by thread: S2 1-580
2026-10-06 08:20:02,146 INFO o.a.j.t.JMeterThread: Thread finished: S2 1-580
2026-10-06 08:20:02,151 INFO o.a.j.t.JMeterThread: Stopping because end time detected by thread: S2 1-572
2026-10-06 08:20:02,151 INFO o.a.j.t.JMeterThread: Thread finished: S2 1-572
2026-10-06 08:20:02,152 INFO o.a.j.t.JMeterThread: Stopping because end time detected by thread: S2 1-979
2026-10-06 08:20:02,152 INFO o.a.j.t.JMeterThread: Thread finished: S2 1-979
2026-10-06 08:20:02,154 INFO o.a.j.t.JMeterThread: Stopping because end time detected by thread: S2 1-621
2026-10-06 08:20:02,154 INFO o.a.j.t.JMeterThread: Thread finished: S2 1-621
2026-10-06 08:20:02,154 INFO o.a.j.t.JMeterThread: Stopping because end time detected by thread: S2 1-527
2026-10-06 08:20:02,154 INFO o.a.j.t.JMeterThread: Thread finished: S2 1-527
2026-10-06 08:20:02,160 INFO o.a.j.t.JMeterThread: Stopping because end time detected by thread: S2 1-592
2026-10-06 08:20:02,160 INFO o.a.j.t.JMeterThread: Thread finished: S2 1-592
2026-10-06 08:20:02,160 INFO o.a.j.e.StandardJMeterEngine: Notifying test listeners of end of test
2026-10-06 08:20:02,160 INFO o.a.j.s.FileServer: Close: /tests/data/available_menu_items.csv
2026-10-06 08:20:02,163 INFO o.a.j.r.Summariser: summary +    309 in 00:00:02 =  145.5/s Avg:  7506 Min:  5597 Max:  9182 Err:     0 (0.00%) Active: 0 Started: 1000 Finished: 1000
2026-10-06 08:20:02,163 INFO o.a.j.r.Summariser: summary =   9481 in 00:01:08 =  138.8/s Avg:  6559 Min:    14 Max:  9182 Err:     0 (0.00%)
