2026-10-06 08:17:42,162 INFO o.a.j.u.JMeterUtils: Setting Locale to en_EN
2026-10-06 08:17:42,185 INFO o.a.j.JMeter: Loading user properties from: /opt/jmeter/bin/user.properties
2026-10-06 08:17:42,185 INFO o.a.j.JMeter: Loading system properties from: /opt/jmeter/bin/system.properties
2026-10-06 08:17:42,186 INFO o.a.j.JMeter: Loading additional properties from: /tests/run.properties
2026-10-06 08:17:42,186 INFO o.a.j.JMeter: Loading additional properties from: /tests/data/ranges.properties
2026-10-06 08:17:42,186 INFO o.a.j.JMeter: Setting JMeter property: host=nestjs-nginx
2026-10-06 08:17:42,186 INFO o.a.j.JMeter: Setting JMeter property: port=80
2026-10-06 08:17:42,186 INFO o.a.j.JMeter: Setting JMeter property: rampup=10
2026-10-06 08:17:42,186 INFO o.a.j.JMeter: Setting JMeter property: endpoint=EP3
2026-10-06 08:17:42,186 INFO o.a.j.JMeter: Setting JMeter property: users=1000
2026-10-06 08:17:42,187 INFO o.a.j.JMeter: Setting JMeter property: duration=60
2026-10-06 08:17:42,192 INFO o.a.j.JMeter: Copyright (c) 1998-2024 The Apache Software Foundation
2026-10-06 08:17:42,192 INFO o.a.j.JMeter: Version 5.6.3
2026-10-06 08:17:42,192 INFO o.a.j.JMeter: java.version=21.0.12.1
2026-10-06 08:17:42,192 INFO o.a.j.JMeter: java.vm.name=OpenJDK 64-Bit Server VM
2026-10-06 08:17:42,192 INFO o.a.j.JMeter: os.name=Linux
2026-10-06 08:17:42,192 INFO o.a.j.JMeter: os.arch=amd64
2026-10-06 08:17:42,192 INFO o.a.j.JMeter: os.version=6.6.87.2-microsoft-standard-WSL2
2026-10-06 08:17:42,192 INFO o.a.j.JMeter: file.encoding=UTF-8
2026-10-06 08:17:42,192 INFO o.a.j.JMeter: java.awt.headless=true
2026-10-06 08:17:42,193 INFO o.a.j.JMeter: Max memory     =4294967296
2026-10-06 08:17:42,193 INFO o.a.j.JMeter: Available Processors =12
2026-10-06 08:17:42,200 INFO o.a.j.JMeter: Default Locale=English (EN)
2026-10-06 08:17:42,200 INFO o.a.j.JMeter: JMeter  Locale=English (EN)
2026-10-06 08:17:42,200 INFO o.a.j.JMeter: JMeterHome=/opt/jmeter
2026-10-06 08:17:42,200 INFO o.a.j.JMeter: user.dir  =/tests
2026-10-06 08:17:42,200 INFO o.a.j.JMeter: PWD       =/tests
2026-10-06 08:17:42,200 INFO o.a.j.JMeter: IP: 172.19.0.5 Name: 5be289d508b7 FullName: 5be289d508b7
2026-10-06 08:17:42,210 INFO o.a.j.s.FileServer: Default base='/tests'
2026-10-06 08:17:42,211 INFO o.a.j.s.FileServer: Set new base='/tests'
2026-10-06 08:17:42,373 INFO o.a.j.s.SaveService: Testplan (JMX) version: 2.2. Testlog (JTL) version: 2.2
2026-10-06 08:17:42,399 INFO o.a.j.s.SaveService: Using SaveService properties version 5.0
2026-10-06 08:17:42,402 INFO o.a.j.s.SaveService: Using SaveService properties file encoding UTF-8
2026-10-06 08:17:42,405 INFO o.a.j.s.SaveService: Loading file: /tests/s2.jmx
2026-10-06 08:17:42,448 INFO o.a.j.p.h.s.HTTPSamplerBase: Parser for text/html is org.apache.jmeter.protocol.http.parser.LagartoBasedHtmlParser
2026-10-06 08:17:42,448 INFO o.a.j.p.h.s.HTTPSamplerBase: Parser for application/xhtml+xml is org.apache.jmeter.protocol.http.parser.LagartoBasedHtmlParser
2026-10-06 08:17:42,448 INFO o.a.j.p.h.s.HTTPSamplerBase: Parser for application/xml is org.apache.jmeter.protocol.http.parser.LagartoBasedHtmlParser
2026-10-06 08:17:42,448 INFO o.a.j.p.h.s.HTTPSamplerBase: Parser for text/xml is org.apache.jmeter.protocol.http.parser.LagartoBasedHtmlParser
2026-10-06 08:17:42,449 INFO o.a.j.p.h.s.HTTPSamplerBase: Parser for text/vnd.wap.wml is org.apache.jmeter.protocol.http.parser.RegexpHTMLParser
2026-10-06 08:17:42,449 INFO o.a.j.p.h.s.HTTPSamplerBase: Parser for text/css is org.apache.jmeter.protocol.http.parser.CssParser
2026-10-06 08:17:42,496 INFO o.a.j.JMeter: Creating summariser <summary>
2026-10-06 08:17:42,511 INFO o.a.j.e.StandardJMeterEngine: Running the test!
2026-10-06 08:17:42,512 INFO o.a.j.s.SampleEvent: List of sample_variables: []
2026-10-06 08:17:42,512 INFO o.a.j.s.SampleEvent: List of sample_variables: []
2026-10-06 08:17:42,515 INFO o.a.j.e.u.CompoundVariable: Note: Function class names must contain the string: '.functions.'
2026-10-06 08:17:42,516 INFO o.a.j.e.u.CompoundVariable: Note: Function class names must not contain the string: '.gui.'
2026-10-06 08:17:42,735 INFO o.a.j.JMeter: Running test (1791274662735)
2026-10-06 08:17:42,736 INFO o.a.j.e.StandardJMeterEngine: Starting setUp thread groups
2026-10-06 08:17:42,736 INFO o.a.j.e.StandardJMeterEngine: Starting setUp ThreadGroup: 1 : setUp - login 
2026-10-06 08:17:42,736 INFO o.a.j.e.StandardJMeterEngine: Starting 1 threads for group setUp - login.
2026-10-06 08:17:42,736 INFO o.a.j.e.StandardJMeterEngine: Test will stop abruptly on error
2026-10-06 08:17:42,737 INFO o.a.j.t.ThreadGroup: Starting thread group... number=1 threads=1 ramp-up=1 delayedStart=false
2026-10-06 08:17:42,740 INFO o.a.j.t.ThreadGroup: Started thread group number 1
2026-10-06 08:17:42,740 INFO o.a.j.e.StandardJMeterEngine: Waiting for all setup thread groups to exit
2026-10-06 08:17:42,741 INFO o.a.j.t.JMeterThread: Thread started: setUp - login 1-1
2026-10-06 08:17:42,754 INFO o.a.j.p.h.s.HTTPHCAbstractImpl: Local host = 5be289d508b7
2026-10-06 08:17:42,758 INFO o.a.j.p.h.s.HTTPHC4Impl: HTTP request retry count = 0
2026-10-06 08:17:42,759 INFO o.a.j.s.SampleResult: Note: Sample TimeStamps are START times
2026-10-06 08:17:42,760 INFO o.a.j.s.SampleResult: sampleresult.default.encoding is set to UTF-8
2026-10-06 08:17:42,760 INFO o.a.j.s.SampleResult: sampleresult.useNanoTime=true
2026-10-06 08:17:42,760 INFO o.a.j.s.SampleResult: sampleresult.nanoThreadSleep=5000
2026-10-06 08:17:43,542 INFO o.a.j.t.JMeterThread: Thread is done: setUp - login 1-1
2026-10-06 08:17:43,542 INFO o.a.j.t.JMeterThread: Thread finished: setUp - login 1-1
2026-10-06 08:17:43,543 INFO o.a.j.e.StandardJMeterEngine: All Setup Threads have ended
2026-10-06 08:17:43,566 INFO o.a.j.e.StandardJMeterEngine: Starting ThreadGroup: 1 : S2
2026-10-06 08:17:43,567 INFO o.a.j.e.StandardJMeterEngine: Starting 1000 threads for group S2.
2026-10-06 08:17:43,567 INFO o.a.j.e.StandardJMeterEngine: Thread will continue on error
2026-10-06 08:17:43,567 INFO o.a.j.t.ThreadGroup: Starting thread group... number=1 threads=1000 ramp-up=10 delayedStart=false
2026-10-06 08:17:43,578 INFO o.a.j.t.JMeterThread: Thread started: S2 1-1
2026-10-06 08:17:43,579 INFO o.a.j.s.FileServer: Stored: /tests/data/available_menu_items.csv
2026-10-06 08:17:43,587 INFO o.a.j.t.JMeterThread: Thread started: S2 1-2
2026-10-06 08:17:43,596 INFO o.a.j.t.JMeterThread: Thread started: S2 1-3
2026-10-06 08:17:43,608 INFO o.a.j.t.JMeterThread: Thread started: S2 1-4
2026-10-06 08:17:43,613 INFO o.a.j.t.JMeterThread: Thread started: S2 1-5
2026-10-06 08:17:43,624 INFO o.a.j.t.JMeterThread: Thread started: S2 1-6
2026-10-06 08:17:43,633 INFO o.a.j.t.JMeterThread: Thread started: S2 1-7
2026-10-06 08:17:43,640 INFO o.a.j.t.JMeterThread: Thread started: S2 1-8
2026-10-06 08:17:43,650 INFO o.a.j.t.JMeterThread: Thread started: S2 1-9
2026-10-06 08:17:43,660 INFO o.a.j.t.JMeterThread: Thread started: S2 1-10
2026-10-06 08:17:43,671 INFO o.a.j.t.JMeterThread: Thread started: S2 1-11
2026-10-06 08:17:43,682 INFO o.a.j.t.JMeterThread: Thread started: S2 1-12
2026-10-06 08:17:43,689 INFO o.a.j.t.JMeterThread: Thread started: S2 1-13
2026-10-06 08:17:43,702 INFO o.a.j.t.JMeterThread: Thread started: S2 1-14
2026-10-06 08:17:43,714 INFO o.a.j.t.JMeterThread: Thread started: S2 1-15
2026-10-06 08:17:43,724 INFO o.a.j.t.JMeterThread: Thread started: S2 1-16
2026-10-06 08:17:43,731 INFO o.a.j.t.JMeterThread: Thread started: S2 1-17
2026-10-06 08:17:43,742 INFO o.a.j.t.JMeterThread: Thread started: S2 1-18
2026-10-06 08:17:43,750 INFO o.a.j.t.JMeterThread: Thread started: S2 1-19
2026-10-06 08:17:43,759 INFO o.a.j.t.JMeterThread: Thread started: S2 1-20
2026-10-06 08:17:43,769 INFO o.a.j.t.JMeterThread: Thread started: S2 1-21
2026-10-06 08:17:43,782 INFO o.a.j.t.JMeterThread: Thread started: S2 1-22
2026-10-06 08:17:43,790 INFO o.a.j.t.JMeterThread: Thread started: S2 1-23
2026-10-06 08:17:43,801 INFO o.a.j.t.JMeterThread: Thread started: S2 1-24
2026-10-06 08:17:43,810 INFO o.a.j.t.JMeterThread: Thread started: S2 1-25
2026-10-06 08:17:43,819 INFO o.a.j.t.JMeterThread: Thread started: S2 1-26
2026-10-06 08:17:43,829 INFO o.a.j.t.JMeterThread: Thread started: S2 1-27
2026-10-06 08:17:43,839 INFO o.a.j.t.JMeterThread: Thread started: S2 1-28
2026-10-06 08:17:43,848 INFO o.a.j.t.JMeterThread: Thread started: S2 1-29
2026-10-06 08:17:43,859 INFO o.a.j.t.JMeterThread: Thread started: S2 1-30
2026-10-06 08:17:43,883 INFO o.a.j.t.JMeterThread: Thread started: S2 1-31
2026-10-06 08:17:43,886 INFO o.a.j.t.JMeterThread: Thread started: S2 1-32
2026-10-06 08:17:43,894 INFO o.a.j.t.JMeterThread: Thread started: S2 1-33
2026-10-06 08:17:43,900 INFO o.a.j.t.JMeterThread: Thread started: S2 1-34
2026-10-06 08:17:43,914 INFO o.a.j.t.JMeterThread: Thread started: S2 1-35
2026-10-06 08:17:43,921 INFO o.a.j.t.JMeterThread: Thread started: S2 1-36
2026-10-06 08:17:43,931 INFO o.a.j.t.JMeterThread: Thread started: S2 1-37
2026-10-06 08:17:43,939 INFO o.a.j.t.JMeterThread: Thread started: S2 1-38
2026-10-06 08:17:43,949 INFO o.a.j.t.JMeterThread: Thread started: S2 1-39
2026-10-06 08:17:43,958 INFO o.a.j.t.JMeterThread: Thread started: S2 1-40
2026-10-06 08:17:43,968 INFO o.a.j.t.JMeterThread: Thread started: S2 1-41
2026-10-06 08:17:43,982 INFO o.a.j.t.JMeterThread: Thread started: S2 1-42
2026-10-06 08:17:43,988 INFO o.a.j.t.JMeterThread: Thread started: S2 1-43
2026-10-06 08:17:43,998 INFO o.a.j.t.JMeterThread: Thread started: S2 1-44
2026-10-06 08:17:44,020 INFO o.a.j.t.JMeterThread: Thread started: S2 1-46
2026-10-06 08:17:44,014 INFO o.a.j.t.JMeterThread: Thread started: S2 1-45
2026-10-06 08:17:44,028 INFO o.a.j.t.JMeterThread: Thread started: S2 1-47
2026-10-06 08:17:44,040 INFO o.a.j.t.JMeterThread: Thread started: S2 1-48
2026-10-06 08:17:44,049 INFO o.a.j.t.JMeterThread: Thread started: S2 1-49
2026-10-06 08:17:44,062 INFO o.a.j.t.JMeterThread: Thread started: S2 1-50
2026-10-06 08:17:44,071 INFO o.a.j.t.JMeterThread: Thread started: S2 1-51
2026-10-06 08:17:44,082 INFO o.a.j.t.JMeterThread: Thread started: S2 1-52
2026-10-06 08:17:44,102 INFO o.a.j.t.JMeterThread: Thread started: S2 1-53
2026-10-06 08:17:44,110 INFO o.a.j.t.JMeterThread: Thread started: S2 1-55
2026-10-06 08:17:44,113 INFO o.a.j.t.JMeterThread: Thread started: S2 1-54
2026-10-06 08:17:44,118 INFO o.a.j.t.JMeterThread: Thread started: S2 1-56
2026-10-06 08:17:44,133 INFO o.a.j.t.JMeterThread: Thread started: S2 1-57
2026-10-06 08:17:44,140 INFO o.a.j.t.JMeterThread: Thread started: S2 1-58
2026-10-06 08:17:44,148 INFO o.a.j.t.JMeterThread: Thread started: S2 1-59
2026-10-06 08:17:44,158 INFO o.a.j.t.JMeterThread: Thread started: S2 1-60
2026-10-06 08:17:44,170 INFO o.a.j.t.JMeterThread: Thread started: S2 1-61
2026-10-06 08:17:44,182 INFO o.a.j.t.JMeterThread: Thread started: S2 1-62
2026-10-06 08:17:44,199 INFO o.a.j.t.JMeterThread: Thread started: S2 1-63
2026-10-06 08:17:44,203 INFO o.a.j.t.JMeterThread: Thread started: S2 1-64
2026-10-06 08:17:44,213 INFO o.a.j.t.JMeterThread: Thread started: S2 1-65
2026-10-06 08:17:44,223 INFO o.a.j.t.JMeterThread: Thread started: S2 1-66
2026-10-06 08:17:44,232 INFO o.a.j.t.JMeterThread: Thread started: S2 1-67
2026-10-06 08:17:44,240 INFO o.a.j.t.JMeterThread: Thread started: S2 1-68
2026-10-06 08:17:44,260 INFO o.a.j.t.JMeterThread: Thread started: S2 1-69
2026-10-06 08:17:44,265 INFO o.a.j.t.JMeterThread: Thread started: S2 1-70
2026-10-06 08:17:44,270 INFO o.a.j.t.JMeterThread: Thread started: S2 1-71
2026-10-06 08:17:44,305 INFO o.a.j.t.JMeterThread: Thread started: S2 1-74
2026-10-06 08:17:44,317 INFO o.a.j.t.JMeterThread: Thread started: S2 1-75
2026-10-06 08:17:44,295 INFO o.a.j.t.JMeterThread: Thread started: S2 1-73
2026-10-06 08:17:44,304 INFO o.a.j.t.JMeterThread: Thread started: S2 1-72
2026-10-06 08:17:44,329 INFO o.a.j.t.JMeterThread: Thread started: S2 1-76
2026-10-06 08:17:44,330 INFO o.a.j.t.JMeterThread: Thread started: S2 1-77
2026-10-06 08:17:44,341 INFO o.a.j.t.JMeterThread: Thread started: S2 1-78
2026-10-06 08:17:44,358 INFO o.a.j.t.JMeterThread: Thread started: S2 1-79
2026-10-06 08:17:44,374 INFO o.a.j.t.JMeterThread: Thread started: S2 1-80
2026-10-06 08:17:44,376 INFO o.a.j.t.JMeterThread: Thread started: S2 1-81
2026-10-06 08:17:44,406 INFO o.a.j.t.JMeterThread: Thread started: S2 1-84
2026-10-06 08:17:44,417 INFO o.a.j.t.JMeterThread: Thread started: S2 1-83
2026-10-06 08:17:44,418 INFO o.a.j.t.JMeterThread: Thread started: S2 1-82
2026-10-06 08:17:44,420 INFO o.a.j.t.JMeterThread: Thread started: S2 1-85
2026-10-06 08:17:44,422 INFO o.a.j.t.JMeterThread: Thread started: S2 1-86
2026-10-06 08:17:44,429 INFO o.a.j.t.JMeterThread: Thread started: S2 1-87
2026-10-06 08:17:44,438 INFO o.a.j.t.JMeterThread: Thread started: S2 1-88
2026-10-06 08:17:44,449 INFO o.a.j.t.JMeterThread: Thread started: S2 1-89
2026-10-06 08:17:44,462 INFO o.a.j.t.JMeterThread: Thread started: S2 1-90
2026-10-06 08:17:44,528 INFO o.a.j.t.JMeterThread: Thread started: S2 1-92
2026-10-06 08:17:44,528 INFO o.a.j.t.JMeterThread: Thread started: S2 1-94
2026-10-06 08:17:44,530 INFO o.a.j.t.JMeterThread: Thread started: S2 1-95
2026-10-06 08:17:44,530 INFO o.a.j.t.JMeterThread: Thread started: S2 1-91
2026-10-06 08:17:44,530 INFO o.a.j.t.JMeterThread: Thread started: S2 1-96
2026-10-06 08:17:44,534 INFO o.a.j.t.JMeterThread: Thread started: S2 1-97
2026-10-06 08:17:44,537 INFO o.a.j.t.JMeterThread: Thread started: S2 1-93
2026-10-06 08:17:44,540 INFO o.a.j.t.JMeterThread: Thread started: S2 1-98
2026-10-06 08:17:44,548 INFO o.a.j.t.ThreadGroup: Started thread group number 1
2026-10-06 08:17:44,548 INFO o.a.j.e.StandardJMeterEngine: All thread groups have been started
2026-10-06 08:17:44,548 INFO o.a.j.t.JMeterThread: Thread started: S2 1-99
2026-10-06 08:17:44,558 INFO o.a.j.t.JMeterThread: Thread started: S2 1-100
2026-10-06 08:17:44,568 INFO o.a.j.t.JMeterThread: Thread started: S2 1-101
2026-10-06 08:17:44,578 INFO o.a.j.t.JMeterThread: Thread started: S2 1-102
2026-10-06 08:17:44,590 INFO o.a.j.t.JMeterThread: Thread started: S2 1-103
2026-10-06 08:17:44,598 INFO o.a.j.t.JMeterThread: Thread started: S2 1-104
2026-10-06 08:17:44,608 INFO o.a.j.t.JMeterThread: Thread started: S2 1-105
2026-10-06 08:17:44,618 INFO o.a.j.t.JMeterThread: Thread started: S2 1-106
2026-10-06 08:17:44,628 INFO o.a.j.t.JMeterThread: Thread started: S2 1-107
2026-10-06 08:17:44,638 INFO o.a.j.t.JMeterThread: Thread started: S2 1-108
2026-10-06 08:17:44,648 INFO o.a.j.t.JMeterThread: Thread started: S2 1-109
2026-10-06 08:17:44,658 INFO o.a.j.t.JMeterThread: Thread started: S2 1-110
2026-10-06 08:17:44,668 INFO o.a.j.t.JMeterThread: Thread started: S2 1-111
2026-10-06 08:17:44,679 INFO o.a.j.t.JMeterThread: Thread started: S2 1-112
2026-10-06 08:17:44,689 INFO o.a.j.t.JMeterThread: Thread started: S2 1-113
2026-10-06 08:17:44,706 INFO o.a.j.t.JMeterThread: Thread started: S2 1-114
2026-10-06 08:17:44,714 INFO o.a.j.t.JMeterThread: Thread started: S2 1-115
2026-10-06 08:17:44,722 INFO o.a.j.t.JMeterThread: Thread started: S2 1-116
2026-10-06 08:17:44,729 INFO o.a.j.t.JMeterThread: Thread started: S2 1-117
2026-10-06 08:17:44,738 INFO o.a.j.t.JMeterThread: Thread started: S2 1-118
2026-10-06 08:17:44,748 INFO o.a.j.t.JMeterThread: Thread started: S2 1-119
2026-10-06 08:17:44,758 INFO o.a.j.t.JMeterThread: Thread started: S2 1-120
2026-10-06 08:17:44,767 INFO o.a.j.t.JMeterThread: Thread started: S2 1-121
2026-10-06 08:17:44,778 INFO o.a.j.t.JMeterThread: Thread started: S2 1-122
2026-10-06 08:17:44,792 INFO o.a.j.t.JMeterThread: Thread started: S2 1-123
2026-10-06 08:17:44,802 INFO o.a.j.t.JMeterThread: Thread started: S2 1-124
2026-10-06 08:17:44,809 INFO o.a.j.t.JMeterThread: Thread started: S2 1-125
2026-10-06 08:17:44,821 INFO o.a.j.t.JMeterThread: Thread started: S2 1-126
2026-10-06 08:17:44,829 INFO o.a.j.t.JMeterThread: Thread started: S2 1-127
2026-10-06 08:17:44,839 INFO o.a.j.t.JMeterThread: Thread started: S2 1-128
2026-10-06 08:17:44,849 INFO o.a.j.t.JMeterThread: Thread started: S2 1-129
2026-10-06 08:17:44,865 INFO o.a.j.t.JMeterThread: Thread started: S2 1-130
2026-10-06 08:17:44,869 INFO o.a.j.t.JMeterThread: Thread started: S2 1-131
2026-10-06 08:17:44,886 INFO o.a.j.t.JMeterThread: Thread started: S2 1-132
2026-10-06 08:17:44,898 INFO o.a.j.t.JMeterThread: Thread started: S2 1-133
2026-10-06 08:17:44,902 INFO o.a.j.t.JMeterThread: Thread started: S2 1-134
2026-10-06 08:17:44,918 INFO o.a.j.t.JMeterThread: Thread started: S2 1-135
2026-10-06 08:17:44,926 INFO o.a.j.t.JMeterThread: Thread started: S2 1-136
2026-10-06 08:17:44,930 INFO o.a.j.t.JMeterThread: Thread started: S2 1-137
2026-10-06 08:17:44,942 INFO o.a.j.t.JMeterThread: Thread started: S2 1-138
2026-10-06 08:17:44,967 INFO o.a.j.t.JMeterThread: Thread started: S2 1-140
2026-10-06 08:17:44,967 INFO o.a.j.t.JMeterThread: Thread started: S2 1-139
2026-10-06 08:17:44,974 INFO o.a.j.t.JMeterThread: Thread started: S2 1-141
2026-10-06 08:17:44,981 INFO o.a.j.t.JMeterThread: Thread started: S2 1-142
2026-10-06 08:17:44,988 INFO o.a.j.t.JMeterThread: Thread started: S2 1-143
2026-10-06 08:17:44,999 INFO o.a.j.t.JMeterThread: Thread started: S2 1-144
2026-10-06 08:17:45,009 INFO o.a.j.t.JMeterThread: Thread started: S2 1-145
2026-10-06 08:17:45,023 INFO o.a.j.t.JMeterThread: Thread started: S2 1-146
2026-10-06 08:17:45,030 INFO o.a.j.t.JMeterThread: Thread started: S2 1-147
2026-10-06 08:17:45,038 INFO o.a.j.t.JMeterThread: Thread started: S2 1-148
2026-10-06 08:17:45,053 INFO o.a.j.t.JMeterThread: Thread started: S2 1-149
2026-10-06 08:17:45,059 INFO o.a.j.t.JMeterThread: Thread started: S2 1-150
2026-10-06 08:17:45,069 INFO o.a.j.t.JMeterThread: Thread started: S2 1-151
2026-10-06 08:17:45,083 INFO o.a.j.t.JMeterThread: Thread started: S2 1-152
2026-10-06 08:17:45,089 INFO o.a.j.t.JMeterThread: Thread started: S2 1-153
2026-10-06 08:17:45,098 INFO o.a.j.t.JMeterThread: Thread started: S2 1-154
2026-10-06 08:17:45,115 INFO o.a.j.t.JMeterThread: Thread started: S2 1-155
2026-10-06 08:17:45,119 INFO o.a.j.t.JMeterThread: Thread started: S2 1-156
2026-10-06 08:17:45,128 INFO o.a.j.t.JMeterThread: Thread started: S2 1-157
2026-10-06 08:17:45,138 INFO o.a.j.t.JMeterThread: Thread started: S2 1-158
2026-10-06 08:17:45,150 INFO o.a.j.t.JMeterThread: Thread started: S2 1-159
2026-10-06 08:17:45,158 INFO o.a.j.t.JMeterThread: Thread started: S2 1-160
2026-10-06 08:17:45,168 INFO o.a.j.t.JMeterThread: Thread started: S2 1-161
2026-10-06 08:17:45,177 INFO o.a.j.t.JMeterThread: Thread started: S2 1-162
2026-10-06 08:17:45,194 INFO o.a.j.t.JMeterThread: Thread started: S2 1-163
2026-10-06 08:17:45,198 INFO o.a.j.t.JMeterThread: Thread started: S2 1-164
2026-10-06 08:17:45,208 INFO o.a.j.t.JMeterThread: Thread started: S2 1-165
2026-10-06 08:17:45,218 INFO o.a.j.t.JMeterThread: Thread started: S2 1-166
2026-10-06 08:17:45,228 INFO o.a.j.t.JMeterThread: Thread started: S2 1-167
2026-10-06 08:17:45,239 INFO o.a.j.t.JMeterThread: Thread started: S2 1-168
2026-10-06 08:17:45,248 INFO o.a.j.t.JMeterThread: Thread started: S2 1-169
2026-10-06 08:17:45,259 INFO o.a.j.t.JMeterThread: Thread started: S2 1-170
2026-10-06 08:17:45,268 INFO o.a.j.t.JMeterThread: Thread started: S2 1-171
2026-10-06 08:17:45,284 INFO o.a.j.t.JMeterThread: Thread started: S2 1-172
2026-10-06 08:17:45,289 INFO o.a.j.t.JMeterThread: Thread started: S2 1-173
2026-10-06 08:17:45,298 INFO o.a.j.t.JMeterThread: Thread started: S2 1-174
2026-10-06 08:17:45,308 INFO o.a.j.t.JMeterThread: Thread started: S2 1-175
2026-10-06 08:17:45,318 INFO o.a.j.t.JMeterThread: Thread started: S2 1-176
2026-10-06 08:17:45,328 INFO o.a.j.t.JMeterThread: Thread started: S2 1-177
2026-10-06 08:17:45,338 INFO o.a.j.t.JMeterThread: Thread started: S2 1-178
2026-10-06 08:17:45,348 INFO o.a.j.t.JMeterThread: Thread started: S2 1-179
2026-10-06 08:17:45,359 INFO o.a.j.t.JMeterThread: Thread started: S2 1-180
2026-10-06 08:17:45,369 INFO o.a.j.t.JMeterThread: Thread started: S2 1-181
2026-10-06 08:17:45,378 INFO o.a.j.t.JMeterThread: Thread started: S2 1-182
2026-10-06 08:17:45,387 INFO o.a.j.t.JMeterThread: Thread started: S2 1-183
2026-10-06 08:17:45,398 INFO o.a.j.t.JMeterThread: Thread started: S2 1-184
2026-10-06 08:17:45,411 INFO o.a.j.t.JMeterThread: Thread started: S2 1-185
2026-10-06 08:17:45,418 INFO o.a.j.t.JMeterThread: Thread started: S2 1-186
2026-10-06 08:17:45,428 INFO o.a.j.t.JMeterThread: Thread started: S2 1-187
2026-10-06 08:17:45,439 INFO o.a.j.t.JMeterThread: Thread started: S2 1-188
2026-10-06 08:17:45,449 INFO o.a.j.t.JMeterThread: Thread started: S2 1-189
2026-10-06 08:17:45,458 INFO o.a.j.t.JMeterThread: Thread started: S2 1-190
2026-10-06 08:17:45,468 INFO o.a.j.t.JMeterThread: Thread started: S2 1-191
2026-10-06 08:17:45,480 INFO o.a.j.t.JMeterThread: Thread started: S2 1-192
2026-10-06 08:17:45,490 INFO o.a.j.t.JMeterThread: Thread started: S2 1-193
2026-10-06 08:17:45,499 INFO o.a.j.t.JMeterThread: Thread started: S2 1-194
2026-10-06 08:17:45,508 INFO o.a.j.t.JMeterThread: Thread started: S2 1-195
2026-10-06 08:17:45,539 INFO o.a.j.t.JMeterThread: Thread started: S2 1-198
2026-10-06 08:17:45,545 INFO o.a.j.t.JMeterThread: Thread started: S2 1-196
2026-10-06 08:17:45,551 INFO o.a.j.t.JMeterThread: Thread started: S2 1-199
2026-10-06 08:17:45,563 INFO o.a.j.t.JMeterThread: Thread started: S2 1-200
2026-10-06 08:17:45,570 INFO o.a.j.t.JMeterThread: Thread started: S2 1-201
2026-10-06 08:17:45,570 INFO o.a.j.t.JMeterThread: Thread started: S2 1-197
2026-10-06 08:17:45,577 INFO o.a.j.t.JMeterThread: Thread started: S2 1-202
2026-10-06 08:17:45,598 INFO o.a.j.t.JMeterThread: Thread started: S2 1-203
2026-10-06 08:17:45,601 INFO o.a.j.t.JMeterThread: Thread started: S2 1-204
2026-10-06 08:17:45,614 INFO o.a.j.t.JMeterThread: Thread started: S2 1-205
2026-10-06 08:17:45,618 INFO o.a.j.t.JMeterThread: Thread started: S2 1-206
2026-10-06 08:17:45,629 INFO o.a.j.t.JMeterThread: Thread started: S2 1-207
2026-10-06 08:17:45,638 INFO o.a.j.t.JMeterThread: Thread started: S2 1-208
2026-10-06 08:17:45,648 INFO o.a.j.t.JMeterThread: Thread started: S2 1-209
2026-10-06 08:17:45,658 INFO o.a.j.t.JMeterThread: Thread started: S2 1-210
2026-10-06 08:17:45,668 INFO o.a.j.t.JMeterThread: Thread started: S2 1-211
2026-10-06 08:17:45,680 INFO o.a.j.t.JMeterThread: Thread started: S2 1-212
2026-10-06 08:17:45,688 INFO o.a.j.t.JMeterThread: Thread started: S2 1-213
2026-10-06 08:17:45,698 INFO o.a.j.t.JMeterThread: Thread started: S2 1-214
2026-10-06 08:17:45,708 INFO o.a.j.t.JMeterThread: Thread started: S2 1-215
2026-10-06 08:17:45,718 INFO o.a.j.t.JMeterThread: Thread started: S2 1-216
2026-10-06 08:17:45,728 INFO o.a.j.t.JMeterThread: Thread started: S2 1-217
2026-10-06 08:17:45,738 INFO o.a.j.t.JMeterThread: Thread started: S2 1-218
2026-10-06 08:17:45,748 INFO o.a.j.t.JMeterThread: Thread started: S2 1-219
2026-10-06 08:17:45,758 INFO o.a.j.t.JMeterThread: Thread started: S2 1-220
2026-10-06 08:17:45,768 INFO o.a.j.t.JMeterThread: Thread started: S2 1-221
2026-10-06 08:17:45,781 INFO o.a.j.t.JMeterThread: Thread started: S2 1-222
2026-10-06 08:17:45,788 INFO o.a.j.t.JMeterThread: Thread started: S2 1-223
2026-10-06 08:17:45,800 INFO o.a.j.t.JMeterThread: Thread started: S2 1-224
2026-10-06 08:17:45,808 INFO o.a.j.t.JMeterThread: Thread started: S2 1-225
2026-10-06 08:17:45,818 INFO o.a.j.t.JMeterThread: Thread started: S2 1-226
2026-10-06 08:17:45,829 INFO o.a.j.t.JMeterThread: Thread started: S2 1-227
2026-10-06 08:17:45,838 INFO o.a.j.t.JMeterThread: Thread started: S2 1-228
2026-10-06 08:17:45,848 INFO o.a.j.t.JMeterThread: Thread started: S2 1-229
2026-10-06 08:17:45,858 INFO o.a.j.t.JMeterThread: Thread started: S2 1-230
2026-10-06 08:17:45,867 INFO o.a.j.t.JMeterThread: Thread started: S2 1-231
2026-10-06 08:17:45,879 INFO o.a.j.t.JMeterThread: Thread started: S2 1-232
2026-10-06 08:17:45,888 INFO o.a.j.t.JMeterThread: Thread started: S2 1-233
2026-10-06 08:17:45,898 INFO o.a.j.t.JMeterThread: Thread started: S2 1-234
2026-10-06 08:17:45,908 INFO o.a.j.t.JMeterThread: Thread started: S2 1-235
2026-10-06 08:17:45,917 INFO o.a.j.t.JMeterThread: Thread started: S2 1-236
2026-10-06 08:17:45,928 INFO o.a.j.t.JMeterThread: Thread started: S2 1-237
2026-10-06 08:17:45,939 INFO o.a.j.t.JMeterThread: Thread started: S2 1-238
2026-10-06 08:17:45,947 INFO o.a.j.t.JMeterThread: Thread started: S2 1-239
2026-10-06 08:17:45,959 INFO o.a.j.t.JMeterThread: Thread started: S2 1-240
2026-10-06 08:17:45,969 INFO o.a.j.t.JMeterThread: Thread started: S2 1-241
2026-10-06 08:17:45,982 INFO o.a.j.t.JMeterThread: Thread started: S2 1-242
2026-10-06 08:17:45,989 INFO o.a.j.t.JMeterThread: Thread started: S2 1-243
2026-10-06 08:17:45,999 INFO o.a.j.t.JMeterThread: Thread started: S2 1-244
2026-10-06 08:17:46,007 INFO o.a.j.t.JMeterThread: Thread started: S2 1-245
2026-10-06 08:17:46,018 INFO o.a.j.t.JMeterThread: Thread started: S2 1-246
2026-10-06 08:17:46,027 INFO o.a.j.t.JMeterThread: Thread started: S2 1-247
2026-10-06 08:17:46,038 INFO o.a.j.t.JMeterThread: Thread started: S2 1-248
2026-10-06 08:17:46,048 INFO o.a.j.t.JMeterThread: Thread started: S2 1-249
2026-10-06 08:17:46,057 INFO o.a.j.t.JMeterThread: Thread started: S2 1-250
2026-10-06 08:17:46,068 INFO o.a.j.t.JMeterThread: Thread started: S2 1-251
2026-10-06 08:17:46,078 INFO o.a.j.t.JMeterThread: Thread started: S2 1-252
2026-10-06 08:17:46,096 INFO o.a.j.t.JMeterThread: Thread started: S2 1-253
2026-10-06 08:17:46,099 INFO o.a.j.t.JMeterThread: Thread started: S2 1-254
2026-10-06 08:17:46,108 INFO o.a.j.t.JMeterThread: Thread started: S2 1-255
2026-10-06 08:17:46,117 INFO o.a.j.t.JMeterThread: Thread started: S2 1-256
2026-10-06 08:17:46,128 INFO o.a.j.t.JMeterThread: Thread started: S2 1-257
2026-10-06 08:17:46,138 INFO o.a.j.t.JMeterThread: Thread started: S2 1-258
2026-10-06 08:17:46,148 INFO o.a.j.t.JMeterThread: Thread started: S2 1-259
2026-10-06 08:17:46,158 INFO o.a.j.t.JMeterThread: Thread started: S2 1-260
2026-10-06 08:17:46,168 INFO o.a.j.t.JMeterThread: Thread started: S2 1-261
2026-10-06 08:17:46,179 INFO o.a.j.t.JMeterThread: Thread started: S2 1-262
2026-10-06 08:17:46,193 INFO o.a.j.t.JMeterThread: Thread started: S2 1-263
2026-10-06 08:17:46,198 INFO o.a.j.t.JMeterThread: Thread started: S2 1-264
2026-10-06 08:17:46,209 INFO o.a.j.t.JMeterThread: Thread started: S2 1-265
2026-10-06 08:17:46,217 INFO o.a.j.t.JMeterThread: Thread started: S2 1-266
2026-10-06 08:17:46,229 INFO o.a.j.t.JMeterThread: Thread started: S2 1-267
2026-10-06 08:17:46,238 INFO o.a.j.t.JMeterThread: Thread started: S2 1-268
2026-10-06 08:17:46,249 INFO o.a.j.t.JMeterThread: Thread started: S2 1-269
2026-10-06 08:17:46,258 INFO o.a.j.t.JMeterThread: Thread started: S2 1-270
2026-10-06 08:17:46,268 INFO o.a.j.t.JMeterThread: Thread started: S2 1-271
2026-10-06 08:17:46,278 INFO o.a.j.t.JMeterThread: Thread started: S2 1-272
2026-10-06 08:17:46,287 INFO o.a.j.t.JMeterThread: Thread started: S2 1-273
2026-10-06 08:17:46,298 INFO o.a.j.t.JMeterThread: Thread started: S2 1-274
2026-10-06 08:17:46,307 INFO o.a.j.t.JMeterThread: Thread started: S2 1-275
2026-10-06 08:17:46,318 INFO o.a.j.t.JMeterThread: Thread started: S2 1-276
2026-10-06 08:17:46,327 INFO o.a.j.t.JMeterThread: Thread started: S2 1-277
2026-10-06 08:17:46,337 INFO o.a.j.t.JMeterThread: Thread started: S2 1-278
2026-10-06 08:17:46,348 INFO o.a.j.t.JMeterThread: Thread started: S2 1-279
2026-10-06 08:17:46,358 INFO o.a.j.t.JMeterThread: Thread started: S2 1-280
2026-10-06 08:17:46,368 INFO o.a.j.t.JMeterThread: Thread started: S2 1-281
2026-10-06 08:17:46,378 INFO o.a.j.t.JMeterThread: Thread started: S2 1-282
2026-10-06 08:17:46,388 INFO o.a.j.t.JMeterThread: Thread started: S2 1-283
2026-10-06 08:17:46,398 INFO o.a.j.t.JMeterThread: Thread started: S2 1-284
2026-10-06 08:17:46,408 INFO o.a.j.t.JMeterThread: Thread started: S2 1-285
2026-10-06 08:17:46,418 INFO o.a.j.t.JMeterThread: Thread started: S2 1-286
2026-10-06 08:17:46,428 INFO o.a.j.t.JMeterThread: Thread started: S2 1-287
2026-10-06 08:17:46,438 INFO o.a.j.t.JMeterThread: Thread started: S2 1-288
2026-10-06 08:17:46,449 INFO o.a.j.t.JMeterThread: Thread started: S2 1-289
2026-10-06 08:17:46,458 INFO o.a.j.t.JMeterThread: Thread started: S2 1-290
2026-10-06 08:17:46,469 INFO o.a.j.t.JMeterThread: Thread started: S2 1-291
2026-10-06 08:17:46,478 INFO o.a.j.t.JMeterThread: Thread started: S2 1-292
2026-10-06 08:17:46,488 INFO o.a.j.t.JMeterThread: Thread started: S2 1-293
2026-10-06 08:17:46,497 INFO o.a.j.t.JMeterThread: Thread started: S2 1-294
2026-10-06 08:17:46,509 INFO o.a.j.t.JMeterThread: Thread started: S2 1-295
2026-10-06 08:17:46,518 INFO o.a.j.t.JMeterThread: Thread started: S2 1-296
2026-10-06 08:17:46,527 INFO o.a.j.t.JMeterThread: Thread started: S2 1-297
2026-10-06 08:17:46,539 INFO o.a.j.t.JMeterThread: Thread started: S2 1-298
2026-10-06 08:17:46,548 INFO o.a.j.t.JMeterThread: Thread started: S2 1-299
2026-10-06 08:17:46,558 INFO o.a.j.t.JMeterThread: Thread started: S2 1-300
2026-10-06 08:17:46,569 INFO o.a.j.t.JMeterThread: Thread started: S2 1-301
2026-10-06 08:17:46,577 INFO o.a.j.t.JMeterThread: Thread started: S2 1-302
2026-10-06 08:17:46,590 INFO o.a.j.t.JMeterThread: Thread started: S2 1-303
2026-10-06 08:17:46,598 INFO o.a.j.t.JMeterThread: Thread started: S2 1-304
2026-10-06 08:17:46,607 INFO o.a.j.t.JMeterThread: Thread started: S2 1-305
2026-10-06 08:17:46,618 INFO o.a.j.t.JMeterThread: Thread started: S2 1-306
2026-10-06 08:17:46,629 INFO o.a.j.t.JMeterThread: Thread started: S2 1-307
2026-10-06 08:17:46,639 INFO o.a.j.t.JMeterThread: Thread started: S2 1-308
2026-10-06 08:17:46,649 INFO o.a.j.t.JMeterThread: Thread started: S2 1-309
2026-10-06 08:17:46,657 INFO o.a.j.t.JMeterThread: Thread started: S2 1-310
2026-10-06 08:17:46,668 INFO o.a.j.t.JMeterThread: Thread started: S2 1-311
2026-10-06 08:17:46,678 INFO o.a.j.t.JMeterThread: Thread started: S2 1-312
2026-10-06 08:17:46,688 INFO o.a.j.t.JMeterThread: Thread started: S2 1-313
2026-10-06 08:17:46,697 INFO o.a.j.t.JMeterThread: Thread started: S2 1-314
2026-10-06 08:17:46,708 INFO o.a.j.t.JMeterThread: Thread started: S2 1-315
2026-10-06 08:17:46,718 INFO o.a.j.t.JMeterThread: Thread started: S2 1-316
2026-10-06 08:17:46,729 INFO o.a.j.t.JMeterThread: Thread started: S2 1-317
2026-10-06 08:17:46,738 INFO o.a.j.t.JMeterThread: Thread started: S2 1-318
2026-10-06 08:17:46,762 INFO o.a.j.t.JMeterThread: Thread started: S2 1-320
2026-10-06 08:17:46,764 INFO o.a.j.t.JMeterThread: Thread started: S2 1-319
2026-10-06 08:17:46,770 INFO o.a.j.t.JMeterThread: Thread started: S2 1-321
2026-10-06 08:17:46,782 INFO o.a.j.t.JMeterThread: Thread started: S2 1-322
2026-10-06 08:17:46,788 INFO o.a.j.t.JMeterThread: Thread started: S2 1-323
2026-10-06 08:17:46,813 INFO o.a.j.t.JMeterThread: Thread started: S2 1-324
2026-10-06 08:17:46,817 INFO o.a.j.t.JMeterThread: Thread started: S2 1-325
2026-10-06 08:17:46,821 INFO o.a.j.t.JMeterThread: Thread started: S2 1-326
2026-10-06 08:17:46,828 INFO o.a.j.t.JMeterThread: Thread started: S2 1-327
2026-10-06 08:17:46,839 INFO o.a.j.t.JMeterThread: Thread started: S2 1-328
2026-10-06 08:17:46,848 INFO o.a.j.t.JMeterThread: Thread started: S2 1-329
2026-10-06 08:17:46,859 INFO o.a.j.t.JMeterThread: Thread started: S2 1-330
2026-10-06 08:17:46,869 INFO o.a.j.t.JMeterThread: Thread started: S2 1-331
2026-10-06 08:17:46,877 INFO o.a.j.t.JMeterThread: Thread started: S2 1-332
2026-10-06 08:17:46,888 INFO o.a.j.t.JMeterThread: Thread started: S2 1-333
2026-10-06 08:17:46,897 INFO o.a.j.t.JMeterThread: Thread started: S2 1-334
2026-10-06 08:17:46,909 INFO o.a.j.t.JMeterThread: Thread started: S2 1-335
2026-10-06 08:17:46,918 INFO o.a.j.t.JMeterThread: Thread started: S2 1-336
2026-10-06 08:17:46,928 INFO o.a.j.t.JMeterThread: Thread started: S2 1-337
2026-10-06 08:17:46,939 INFO o.a.j.t.JMeterThread: Thread started: S2 1-338
2026-10-06 08:17:46,947 INFO o.a.j.t.JMeterThread: Thread started: S2 1-339
2026-10-06 08:17:46,958 INFO o.a.j.t.JMeterThread: Thread started: S2 1-340
2026-10-06 08:17:46,969 INFO o.a.j.t.JMeterThread: Thread started: S2 1-341
2026-10-06 08:17:46,978 INFO o.a.j.t.JMeterThread: Thread started: S2 1-342
2026-10-06 08:17:46,989 INFO o.a.j.t.JMeterThread: Thread started: S2 1-343
2026-10-06 08:17:46,999 INFO o.a.j.t.JMeterThread: Thread started: S2 1-344
2026-10-06 08:17:47,009 INFO o.a.j.t.JMeterThread: Thread started: S2 1-345
2026-10-06 08:17:47,018 INFO o.a.j.t.JMeterThread: Thread started: S2 1-346
2026-10-06 08:17:47,028 INFO o.a.j.t.JMeterThread: Thread started: S2 1-347
2026-10-06 08:17:47,037 INFO o.a.j.t.JMeterThread: Thread started: S2 1-348
2026-10-06 08:17:47,048 INFO o.a.j.t.JMeterThread: Thread started: S2 1-349
2026-10-06 08:17:47,059 INFO o.a.j.t.JMeterThread: Thread started: S2 1-350
2026-10-06 08:17:47,068 INFO o.a.j.t.JMeterThread: Thread started: S2 1-351
2026-10-06 08:17:47,078 INFO o.a.j.t.JMeterThread: Thread started: S2 1-352
2026-10-06 08:17:47,091 INFO o.a.j.t.JMeterThread: Thread started: S2 1-353
2026-10-06 08:17:47,097 INFO o.a.j.t.JMeterThread: Thread started: S2 1-354
2026-10-06 08:17:47,113 INFO o.a.j.t.JMeterThread: Thread started: S2 1-355
2026-10-06 08:17:47,117 INFO o.a.j.t.JMeterThread: Thread started: S2 1-356
2026-10-06 08:17:47,128 INFO o.a.j.t.JMeterThread: Thread started: S2 1-357
2026-10-06 08:17:47,139 INFO o.a.j.t.JMeterThread: Thread started: S2 1-358
2026-10-06 08:17:47,148 INFO o.a.j.t.JMeterThread: Thread started: S2 1-359
2026-10-06 08:17:47,159 INFO o.a.j.t.JMeterThread: Thread started: S2 1-360
2026-10-06 08:17:47,168 INFO o.a.j.t.JMeterThread: Thread started: S2 1-361
2026-10-06 08:17:47,180 INFO o.a.j.t.JMeterThread: Thread started: S2 1-362
2026-10-06 08:17:47,190 INFO o.a.j.t.JMeterThread: Thread started: S2 1-363
2026-10-06 08:17:47,198 INFO o.a.j.t.JMeterThread: Thread started: S2 1-364
2026-10-06 08:17:47,208 INFO o.a.j.t.JMeterThread: Thread started: S2 1-365
2026-10-06 08:17:47,218 INFO o.a.j.t.JMeterThread: Thread started: S2 1-366
2026-10-06 08:17:47,228 INFO o.a.j.t.JMeterThread: Thread started: S2 1-367
2026-10-06 08:17:47,239 INFO o.a.j.t.JMeterThread: Thread started: S2 1-368
2026-10-06 08:17:47,248 INFO o.a.j.t.JMeterThread: Thread started: S2 1-369
2026-10-06 08:17:47,257 INFO o.a.j.t.JMeterThread: Thread started: S2 1-370
2026-10-06 08:17:47,268 INFO o.a.j.t.JMeterThread: Thread started: S2 1-371
2026-10-06 08:17:47,279 INFO o.a.j.t.JMeterThread: Thread started: S2 1-372
2026-10-06 08:17:47,287 INFO o.a.j.t.JMeterThread: Thread started: S2 1-373
2026-10-06 08:17:47,298 INFO o.a.j.t.JMeterThread: Thread started: S2 1-374
2026-10-06 08:17:47,309 INFO o.a.j.t.JMeterThread: Thread started: S2 1-375
2026-10-06 08:17:47,317 INFO o.a.j.t.JMeterThread: Thread started: S2 1-376
2026-10-06 08:17:47,329 INFO o.a.j.t.JMeterThread: Thread started: S2 1-377
2026-10-06 08:17:47,338 INFO o.a.j.t.JMeterThread: Thread started: S2 1-378
2026-10-06 08:17:47,349 INFO o.a.j.t.JMeterThread: Thread started: S2 1-379
2026-10-06 08:17:47,358 INFO o.a.j.t.JMeterThread: Thread started: S2 1-380
2026-10-06 08:17:47,368 INFO o.a.j.t.JMeterThread: Thread started: S2 1-381
2026-10-06 08:17:47,378 INFO o.a.j.t.JMeterThread: Thread started: S2 1-382
2026-10-06 08:17:47,407 INFO o.a.j.t.JMeterThread: Thread started: S2 1-385
2026-10-06 08:17:47,398 INFO o.a.j.t.JMeterThread: Thread started: S2 1-384
2026-10-06 08:17:47,388 INFO o.a.j.t.JMeterThread: Thread started: S2 1-383
2026-10-06 08:17:47,419 INFO o.a.j.t.JMeterThread: Thread started: S2 1-386
2026-10-06 08:17:47,429 INFO o.a.j.t.JMeterThread: Thread started: S2 1-387
2026-10-06 08:17:47,438 INFO o.a.j.t.JMeterThread: Thread started: S2 1-388
2026-10-06 08:17:47,447 INFO o.a.j.t.JMeterThread: Thread started: S2 1-389
2026-10-06 08:17:47,458 INFO o.a.j.t.JMeterThread: Thread started: S2 1-390
2026-10-06 08:17:47,469 INFO o.a.j.t.JMeterThread: Thread started: S2 1-391
2026-10-06 08:17:47,478 INFO o.a.j.t.JMeterThread: Thread started: S2 1-392
2026-10-06 08:17:47,497 INFO o.a.j.t.JMeterThread: Thread started: S2 1-393
2026-10-06 08:17:47,499 INFO o.a.j.t.JMeterThread: Thread started: S2 1-394
2026-10-06 08:17:47,507 INFO o.a.j.t.JMeterThread: Thread started: S2 1-395
2026-10-06 08:17:47,517 INFO o.a.j.t.JMeterThread: Thread started: S2 1-396
2026-10-06 08:17:47,528 INFO o.a.j.t.JMeterThread: Thread started: S2 1-397
2026-10-06 08:17:47,538 INFO o.a.j.t.JMeterThread: Thread started: S2 1-398
2026-10-06 08:17:47,549 INFO o.a.j.t.JMeterThread: Thread started: S2 1-399
2026-10-06 08:17:47,559 INFO o.a.j.t.JMeterThread: Thread started: S2 1-400
2026-10-06 08:17:47,568 INFO o.a.j.t.JMeterThread: Thread started: S2 1-401
2026-10-06 08:17:47,578 INFO o.a.j.t.JMeterThread: Thread started: S2 1-402
2026-10-06 08:17:47,587 INFO o.a.j.t.JMeterThread: Thread started: S2 1-403
2026-10-06 08:17:47,602 INFO o.a.j.t.JMeterThread: Thread started: S2 1-404
2026-10-06 08:17:47,608 INFO o.a.j.t.JMeterThread: Thread started: S2 1-405
2026-10-06 08:17:47,617 INFO o.a.j.t.JMeterThread: Thread started: S2 1-406
2026-10-06 08:17:47,628 INFO o.a.j.t.JMeterThread: Thread started: S2 1-407
2026-10-06 08:17:47,637 INFO o.a.j.t.JMeterThread: Thread started: S2 1-408
2026-10-06 08:17:47,647 INFO o.a.j.t.JMeterThread: Thread started: S2 1-409
2026-10-06 08:17:47,659 INFO o.a.j.t.JMeterThread: Thread started: S2 1-410
2026-10-06 08:17:47,669 INFO o.a.j.t.JMeterThread: Thread started: S2 1-411
2026-10-06 08:17:47,677 INFO o.a.j.t.JMeterThread: Thread started: S2 1-412
2026-10-06 08:17:47,688 INFO o.a.j.t.JMeterThread: Thread started: S2 1-413
2026-10-06 08:17:47,698 INFO o.a.j.t.JMeterThread: Thread started: S2 1-414
2026-10-06 08:17:47,708 INFO o.a.j.t.JMeterThread: Thread started: S2 1-415
2026-10-06 08:17:47,717 INFO o.a.j.t.JMeterThread: Thread started: S2 1-416
2026-10-06 08:17:47,729 INFO o.a.j.t.JMeterThread: Thread started: S2 1-417
2026-10-06 08:17:47,738 INFO o.a.j.t.JMeterThread: Thread started: S2 1-418
2026-10-06 08:17:47,747 INFO o.a.j.t.JMeterThread: Thread started: S2 1-419
2026-10-06 08:17:47,758 INFO o.a.j.t.JMeterThread: Thread started: S2 1-420
2026-10-06 08:17:47,770 INFO o.a.j.t.JMeterThread: Thread started: S2 1-421
2026-10-06 08:17:47,777 INFO o.a.j.t.JMeterThread: Thread started: S2 1-422
2026-10-06 08:17:47,789 INFO o.a.j.t.JMeterThread: Thread started: S2 1-423
2026-10-06 08:17:47,798 INFO o.a.j.t.JMeterThread: Thread started: S2 1-424
2026-10-06 08:17:47,812 INFO o.a.j.t.JMeterThread: Thread started: S2 1-425
2026-10-06 08:17:47,829 INFO o.a.j.t.JMeterThread: Thread started: S2 1-427
2026-10-06 08:17:47,839 INFO o.a.j.t.JMeterThread: Thread started: S2 1-428
2026-10-06 08:17:47,849 INFO o.a.j.t.JMeterThread: Thread started: S2 1-429
2026-10-06 08:17:47,859 INFO o.a.j.t.JMeterThread: Thread started: S2 1-430
2026-10-06 08:17:47,869 INFO o.a.j.t.JMeterThread: Thread started: S2 1-431
2026-10-06 08:17:47,870 INFO o.a.j.t.JMeterThread: Thread started: S2 1-426
2026-10-06 08:17:47,877 INFO o.a.j.t.JMeterThread: Thread started: S2 1-432
2026-10-06 08:17:47,890 INFO o.a.j.t.JMeterThread: Thread started: S2 1-433
2026-10-06 08:17:47,898 INFO o.a.j.t.JMeterThread: Thread started: S2 1-434
2026-10-06 08:17:47,907 INFO o.a.j.t.JMeterThread: Thread started: S2 1-435
2026-10-06 08:17:47,918 INFO o.a.j.t.JMeterThread: Thread started: S2 1-436
2026-10-06 08:17:47,927 INFO o.a.j.t.JMeterThread: Thread started: S2 1-437
2026-10-06 08:17:47,938 INFO o.a.j.t.JMeterThread: Thread started: S2 1-438
2026-10-06 08:17:47,949 INFO o.a.j.t.JMeterThread: Thread started: S2 1-439
2026-10-06 08:17:47,958 INFO o.a.j.t.JMeterThread: Thread started: S2 1-440
2026-10-06 08:17:47,968 INFO o.a.j.t.JMeterThread: Thread started: S2 1-441
2026-10-06 08:17:47,982 INFO o.a.j.t.JMeterThread: Thread started: S2 1-442
2026-10-06 08:17:47,988 INFO o.a.j.t.JMeterThread: Thread started: S2 1-443
2026-10-06 08:17:47,998 INFO o.a.j.t.JMeterThread: Thread started: S2 1-444
2026-10-06 08:17:48,009 INFO o.a.j.t.JMeterThread: Thread started: S2 1-445
2026-10-06 08:17:48,018 INFO o.a.j.t.JMeterThread: Thread started: S2 1-446
2026-10-06 08:17:48,027 INFO o.a.j.t.JMeterThread: Thread started: S2 1-447
2026-10-06 08:17:48,039 INFO o.a.j.t.JMeterThread: Thread started: S2 1-448
2026-10-06 08:17:48,048 INFO o.a.j.t.JMeterThread: Thread started: S2 1-449
2026-10-06 08:17:48,057 INFO o.a.j.t.JMeterThread: Thread started: S2 1-450
2026-10-06 08:17:48,069 INFO o.a.j.t.JMeterThread: Thread started: S2 1-451
2026-10-06 08:17:48,078 INFO o.a.j.t.JMeterThread: Thread started: S2 1-452
2026-10-06 08:17:48,090 INFO o.a.j.t.JMeterThread: Thread started: S2 1-453
2026-10-06 08:17:48,099 INFO o.a.j.t.JMeterThread: Thread started: S2 1-454
2026-10-06 08:17:48,108 INFO o.a.j.t.JMeterThread: Thread started: S2 1-455
2026-10-06 08:17:48,118 INFO o.a.j.t.JMeterThread: Thread started: S2 1-456
2026-10-06 08:17:48,127 INFO o.a.j.t.JMeterThread: Thread started: S2 1-457
2026-10-06 08:17:48,137 INFO o.a.j.t.JMeterThread: Thread started: S2 1-458
2026-10-06 08:17:48,148 INFO o.a.j.t.JMeterThread: Thread started: S2 1-459
2026-10-06 08:17:48,157 INFO o.a.j.t.JMeterThread: Thread started: S2 1-460
2026-10-06 08:17:48,167 INFO o.a.j.t.JMeterThread: Thread started: S2 1-461
2026-10-06 08:17:48,178 INFO o.a.j.t.JMeterThread: Thread started: S2 1-462
2026-10-06 08:17:48,187 INFO o.a.j.t.JMeterThread: Thread started: S2 1-463
2026-10-06 08:17:48,198 INFO o.a.j.t.JMeterThread: Thread started: S2 1-464
2026-10-06 08:17:48,208 INFO o.a.j.t.JMeterThread: Thread started: S2 1-465
2026-10-06 08:17:48,217 INFO o.a.j.t.JMeterThread: Thread started: S2 1-466
2026-10-06 08:17:48,229 INFO o.a.j.t.JMeterThread: Thread started: S2 1-467
2026-10-06 08:17:48,238 INFO o.a.j.t.JMeterThread: Thread started: S2 1-468
2026-10-06 08:17:48,252 INFO o.a.j.t.JMeterThread: Thread started: S2 1-469
2026-10-06 08:17:48,259 INFO o.a.j.t.JMeterThread: Thread started: S2 1-470
2026-10-06 08:17:48,269 INFO o.a.j.t.JMeterThread: Thread started: S2 1-471
2026-10-06 08:17:48,278 INFO o.a.j.t.JMeterThread: Thread started: S2 1-472
2026-10-06 08:17:48,288 INFO o.a.j.t.JMeterThread: Thread started: S2 1-473
2026-10-06 08:17:48,298 INFO o.a.j.t.JMeterThread: Thread started: S2 1-474
2026-10-06 08:17:48,310 INFO o.a.j.t.JMeterThread: Thread started: S2 1-475
2026-10-06 08:17:48,318 INFO o.a.j.t.JMeterThread: Thread started: S2 1-476
2026-10-06 08:17:48,328 INFO o.a.j.t.JMeterThread: Thread started: S2 1-477
2026-10-06 08:17:48,337 INFO o.a.j.t.JMeterThread: Thread started: S2 1-478
2026-10-06 08:17:48,348 INFO o.a.j.t.JMeterThread: Thread started: S2 1-479
2026-10-06 08:17:48,358 INFO o.a.j.t.JMeterThread: Thread started: S2 1-480
2026-10-06 08:17:48,369 INFO o.a.j.t.JMeterThread: Thread started: S2 1-481
2026-10-06 08:17:48,378 INFO o.a.j.t.JMeterThread: Thread started: S2 1-482
2026-10-06 08:17:48,387 INFO o.a.j.t.JMeterThread: Thread started: S2 1-483
2026-10-06 08:17:48,398 INFO o.a.j.t.JMeterThread: Thread started: S2 1-484
2026-10-06 08:17:48,408 INFO o.a.j.t.JMeterThread: Thread started: S2 1-485
2026-10-06 08:17:48,418 INFO o.a.j.t.JMeterThread: Thread started: S2 1-486
2026-10-06 08:17:48,429 INFO o.a.j.t.JMeterThread: Thread started: S2 1-487
2026-10-06 08:17:48,437 INFO o.a.j.t.JMeterThread: Thread started: S2 1-488
2026-10-06 08:17:48,448 INFO o.a.j.t.JMeterThread: Thread started: S2 1-489
2026-10-06 08:17:48,457 INFO o.a.j.t.JMeterThread: Thread started: S2 1-490
2026-10-06 08:17:48,468 INFO o.a.j.t.JMeterThread: Thread started: S2 1-491
2026-10-06 08:17:48,478 INFO o.a.j.t.JMeterThread: Thread started: S2 1-492
2026-10-06 08:17:48,490 INFO o.a.j.t.JMeterThread: Thread started: S2 1-493
2026-10-06 08:17:48,499 INFO o.a.j.t.JMeterThread: Thread started: S2 1-494
2026-10-06 08:17:48,508 INFO o.a.j.t.JMeterThread: Thread started: S2 1-495
2026-10-06 08:17:48,518 INFO o.a.j.t.JMeterThread: Thread started: S2 1-496
2026-10-06 08:17:48,529 INFO o.a.j.t.JMeterThread: Thread started: S2 1-497
2026-10-06 08:17:48,538 INFO o.a.j.t.JMeterThread: Thread started: S2 1-498
2026-10-06 08:17:48,549 INFO o.a.j.t.JMeterThread: Thread started: S2 1-499
2026-10-06 08:17:48,557 INFO o.a.j.t.JMeterThread: Thread started: S2 1-500
2026-10-06 08:17:48,568 INFO o.a.j.t.JMeterThread: Thread started: S2 1-501
2026-10-06 08:17:48,577 INFO o.a.j.t.JMeterThread: Thread started: S2 1-502
2026-10-06 08:17:48,588 INFO o.a.j.t.JMeterThread: Thread started: S2 1-503
2026-10-06 08:17:48,598 INFO o.a.j.t.JMeterThread: Thread started: S2 1-504
2026-10-06 08:17:48,607 INFO o.a.j.t.JMeterThread: Thread started: S2 1-505
2026-10-06 08:17:48,619 INFO o.a.j.t.JMeterThread: Thread started: S2 1-506
2026-10-06 08:17:48,628 INFO o.a.j.t.JMeterThread: Thread started: S2 1-507
2026-10-06 08:17:48,637 INFO o.a.j.t.JMeterThread: Thread started: S2 1-508
2026-10-06 08:17:48,649 INFO o.a.j.t.JMeterThread: Thread started: S2 1-509
2026-10-06 08:17:48,657 INFO o.a.j.t.JMeterThread: Thread started: S2 1-510
2026-10-06 08:17:48,670 INFO o.a.j.t.JMeterThread: Thread started: S2 1-511
2026-10-06 08:17:48,682 INFO o.a.j.t.JMeterThread: Thread started: S2 1-512
2026-10-06 08:17:48,690 INFO o.a.j.t.JMeterThread: Thread started: S2 1-513
2026-10-06 08:17:48,698 INFO o.a.j.t.JMeterThread: Thread started: S2 1-514
2026-10-06 08:17:48,708 INFO o.a.j.t.JMeterThread: Thread started: S2 1-515
2026-10-06 08:17:48,719 INFO o.a.j.t.JMeterThread: Thread started: S2 1-516
2026-10-06 08:17:48,728 INFO o.a.j.t.JMeterThread: Thread started: S2 1-517
2026-10-06 08:17:48,739 INFO o.a.j.t.JMeterThread: Thread started: S2 1-518
2026-10-06 08:17:48,747 INFO o.a.j.t.JMeterThread: Thread started: S2 1-519
2026-10-06 08:17:48,759 INFO o.a.j.t.JMeterThread: Thread started: S2 1-520
2026-10-06 08:17:48,769 INFO o.a.j.t.JMeterThread: Thread started: S2 1-521
2026-10-06 08:17:48,778 INFO o.a.j.t.JMeterThread: Thread started: S2 1-522
2026-10-06 08:17:48,789 INFO o.a.j.t.JMeterThread: Thread started: S2 1-523
2026-10-06 08:17:48,798 INFO o.a.j.t.JMeterThread: Thread started: S2 1-524
2026-10-06 08:17:48,807 INFO o.a.j.t.JMeterThread: Thread started: S2 1-525
2026-10-06 08:17:48,817 INFO o.a.j.t.JMeterThread: Thread started: S2 1-526
2026-10-06 08:17:48,828 INFO o.a.j.t.JMeterThread: Thread started: S2 1-527
2026-10-06 08:17:48,837 INFO o.a.j.t.JMeterThread: Thread started: S2 1-528
2026-10-06 08:17:48,848 INFO o.a.j.t.JMeterThread: Thread started: S2 1-529
2026-10-06 08:17:48,859 INFO o.a.j.t.JMeterThread: Thread started: S2 1-530
2026-10-06 08:17:48,867 INFO o.a.j.t.JMeterThread: Thread started: S2 1-531
2026-10-06 08:17:48,877 INFO o.a.j.t.JMeterThread: Thread started: S2 1-532
2026-10-06 08:17:48,890 INFO o.a.j.t.JMeterThread: Thread started: S2 1-533
2026-10-06 08:17:48,898 INFO o.a.j.t.JMeterThread: Thread started: S2 1-534
2026-10-06 08:17:48,907 INFO o.a.j.t.JMeterThread: Thread started: S2 1-535
2026-10-06 08:17:48,918 INFO o.a.j.t.JMeterThread: Thread started: S2 1-536
2026-10-06 08:17:48,929 INFO o.a.j.t.JMeterThread: Thread started: S2 1-537
2026-10-06 08:17:48,937 INFO o.a.j.t.JMeterThread: Thread started: S2 1-538
2026-10-06 08:17:48,947 INFO o.a.j.t.JMeterThread: Thread started: S2 1-539
2026-10-06 08:17:48,959 INFO o.a.j.t.JMeterThread: Thread started: S2 1-540
2026-10-06 08:17:48,968 INFO o.a.j.t.JMeterThread: Thread started: S2 1-541
2026-10-06 08:17:48,978 INFO o.a.j.t.JMeterThread: Thread started: S2 1-542
2026-10-06 08:17:48,996 INFO o.a.j.t.JMeterThread: Thread started: S2 1-543
2026-10-06 08:17:49,008 INFO o.a.j.t.JMeterThread: Thread started: S2 1-545
2026-10-06 08:17:49,012 INFO o.a.j.t.JMeterThread: Thread started: S2 1-544
2026-10-06 08:17:49,020 INFO o.a.j.t.JMeterThread: Thread started: S2 1-546
2026-10-06 08:17:49,029 INFO o.a.j.t.JMeterThread: Thread started: S2 1-547
2026-10-06 08:17:49,048 INFO o.a.j.t.JMeterThread: Thread started: S2 1-548
2026-10-06 08:17:49,049 INFO o.a.j.t.JMeterThread: Thread started: S2 1-549
2026-10-06 08:17:49,064 INFO o.a.j.t.JMeterThread: Thread started: S2 1-550
2026-10-06 08:17:49,078 INFO o.a.j.t.JMeterThread: Thread started: S2 1-551
2026-10-06 08:17:49,080 INFO o.a.j.t.JMeterThread: Thread started: S2 1-552
2026-10-06 08:17:49,091 INFO o.a.j.t.JMeterThread: Thread started: S2 1-553
2026-10-06 08:17:49,102 INFO o.a.j.t.JMeterThread: Thread started: S2 1-554
2026-10-06 08:17:49,109 INFO o.a.j.t.JMeterThread: Thread started: S2 1-555
2026-10-06 08:17:49,118 INFO o.a.j.t.JMeterThread: Thread started: S2 1-556
2026-10-06 08:17:49,128 INFO o.a.j.t.JMeterThread: Thread started: S2 1-557
2026-10-06 08:17:49,139 INFO o.a.j.t.JMeterThread: Thread started: S2 1-558
2026-10-06 08:17:49,147 INFO o.a.j.t.JMeterThread: Thread started: S2 1-559
2026-10-06 08:17:49,158 INFO o.a.j.t.JMeterThread: Thread started: S2 1-560
2026-10-06 08:17:49,168 INFO o.a.j.t.JMeterThread: Thread started: S2 1-561
2026-10-06 08:17:49,178 INFO o.a.j.t.JMeterThread: Thread started: S2 1-562
2026-10-06 08:17:49,196 INFO o.a.j.t.JMeterThread: Thread started: S2 1-563
2026-10-06 08:17:49,198 INFO o.a.j.t.JMeterThread: Thread started: S2 1-564
2026-10-06 08:17:49,207 INFO o.a.j.t.JMeterThread: Thread started: S2 1-565
2026-10-06 08:17:49,217 INFO o.a.j.t.JMeterThread: Thread started: S2 1-566
2026-10-06 08:17:49,229 INFO o.a.j.t.JMeterThread: Thread started: S2 1-567
2026-10-06 08:17:49,237 INFO o.a.j.t.JMeterThread: Thread started: S2 1-568
2026-10-06 08:17:49,247 INFO o.a.j.t.JMeterThread: Thread started: S2 1-569
2026-10-06 08:17:49,258 INFO o.a.j.t.JMeterThread: Thread started: S2 1-570
2026-10-06 08:17:49,267 INFO o.a.j.t.JMeterThread: Thread started: S2 1-571
2026-10-06 08:17:49,278 INFO o.a.j.t.JMeterThread: Thread started: S2 1-572
2026-10-06 08:17:49,294 INFO o.a.j.t.JMeterThread: Thread started: S2 1-573
2026-10-06 08:17:49,297 INFO o.a.j.t.JMeterThread: Thread started: S2 1-574
2026-10-06 08:17:49,308 INFO o.a.j.t.JMeterThread: Thread started: S2 1-575
2026-10-06 08:17:49,319 INFO o.a.j.t.JMeterThread: Thread started: S2 1-576
2026-10-06 08:17:49,327 INFO o.a.j.t.JMeterThread: Thread started: S2 1-577
2026-10-06 08:17:49,339 INFO o.a.j.t.JMeterThread: Thread started: S2 1-578
2026-10-06 08:17:49,347 INFO o.a.j.t.JMeterThread: Thread started: S2 1-579
2026-10-06 08:17:49,359 INFO o.a.j.t.JMeterThread: Thread started: S2 1-580
2026-10-06 08:17:49,369 INFO o.a.j.t.JMeterThread: Thread started: S2 1-581
2026-10-06 08:17:49,377 INFO o.a.j.t.JMeterThread: Thread started: S2 1-582
2026-10-06 08:17:49,387 INFO o.a.j.t.JMeterThread: Thread started: S2 1-583
2026-10-06 08:17:49,403 INFO o.a.j.t.JMeterThread: Thread started: S2 1-584
2026-10-06 08:17:49,407 INFO o.a.j.t.JMeterThread: Thread started: S2 1-585
2026-10-06 08:17:49,417 INFO o.a.j.t.JMeterThread: Thread started: S2 1-586
2026-10-06 08:17:49,428 INFO o.a.j.t.JMeterThread: Thread started: S2 1-587
2026-10-06 08:17:49,437 INFO o.a.j.t.JMeterThread: Thread started: S2 1-588
2026-10-06 08:17:49,449 INFO o.a.j.t.JMeterThread: Thread started: S2 1-589
2026-10-06 08:17:49,457 INFO o.a.j.t.JMeterThread: Thread started: S2 1-590
2026-10-06 08:17:49,467 INFO o.a.j.t.JMeterThread: Thread started: S2 1-591
2026-10-06 08:17:49,478 INFO o.a.j.t.JMeterThread: Thread started: S2 1-592
2026-10-06 08:17:49,488 INFO o.a.j.t.JMeterThread: Thread started: S2 1-593
2026-10-06 08:17:49,499 INFO o.a.j.t.JMeterThread: Thread started: S2 1-594
2026-10-06 08:17:49,509 INFO o.a.j.t.JMeterThread: Thread started: S2 1-595
2026-10-06 08:17:49,517 INFO o.a.j.t.JMeterThread: Thread started: S2 1-596
2026-10-06 08:17:49,528 INFO o.a.j.t.JMeterThread: Thread started: S2 1-597
2026-10-06 08:17:49,539 INFO o.a.j.t.JMeterThread: Thread started: S2 1-598
2026-10-06 08:17:49,548 INFO o.a.j.t.JMeterThread: Thread started: S2 1-599
2026-10-06 08:17:49,557 INFO o.a.j.t.JMeterThread: Thread started: S2 1-600
2026-10-06 08:17:49,568 INFO o.a.j.t.JMeterThread: Thread started: S2 1-601
2026-10-06 08:17:49,578 INFO o.a.j.t.JMeterThread: Thread started: S2 1-602
2026-10-06 08:17:49,587 INFO o.a.j.t.JMeterThread: Thread started: S2 1-603
2026-10-06 08:17:49,597 INFO o.a.j.t.JMeterThread: Thread started: S2 1-604
2026-10-06 08:17:49,608 INFO o.a.j.t.JMeterThread: Thread started: S2 1-605
2026-10-06 08:17:49,626 INFO o.a.j.t.JMeterThread: Thread started: S2 1-606
2026-10-06 08:17:49,627 INFO o.a.j.t.JMeterThread: Thread started: S2 1-607
2026-10-06 08:17:49,638 INFO o.a.j.t.JMeterThread: Thread started: S2 1-608
2026-10-06 08:17:49,647 INFO o.a.j.t.JMeterThread: Thread started: S2 1-609
2026-10-06 08:17:49,658 INFO o.a.j.t.JMeterThread: Thread started: S2 1-610
2026-10-06 08:17:49,669 INFO o.a.j.t.JMeterThread: Thread started: S2 1-611
2026-10-06 08:17:49,678 INFO o.a.j.t.JMeterThread: Thread started: S2 1-612
2026-10-06 08:17:49,689 INFO o.a.j.t.JMeterThread: Thread started: S2 1-613
2026-10-06 08:17:49,698 INFO o.a.j.t.JMeterThread: Thread started: S2 1-614
2026-10-06 08:17:49,707 INFO o.a.j.t.JMeterThread: Thread started: S2 1-615
2026-10-06 08:17:49,717 INFO o.a.j.t.JMeterThread: Thread started: S2 1-616
2026-10-06 08:17:49,729 INFO o.a.j.t.JMeterThread: Thread started: S2 1-617
2026-10-06 08:17:49,738 INFO o.a.j.t.JMeterThread: Thread started: S2 1-618
2026-10-06 08:17:49,747 INFO o.a.j.t.JMeterThread: Thread started: S2 1-619
2026-10-06 08:17:49,757 INFO o.a.j.t.JMeterThread: Thread started: S2 1-620
2026-10-06 08:17:49,769 INFO o.a.j.t.JMeterThread: Thread started: S2 1-621
2026-10-06 08:17:49,777 INFO o.a.j.t.JMeterThread: Thread started: S2 1-622
2026-10-06 08:17:49,787 INFO o.a.j.t.JMeterThread: Thread started: S2 1-623
2026-10-06 08:17:49,799 INFO o.a.j.t.JMeterThread: Thread started: S2 1-624
2026-10-06 08:17:49,809 INFO o.a.j.t.JMeterThread: Thread started: S2 1-625
2026-10-06 08:17:49,817 INFO o.a.j.t.JMeterThread: Thread started: S2 1-626
2026-10-06 08:17:49,827 INFO o.a.j.t.JMeterThread: Thread started: S2 1-627
2026-10-06 08:17:49,838 INFO o.a.j.t.JMeterThread: Thread started: S2 1-628
2026-10-06 08:17:49,847 INFO o.a.j.t.JMeterThread: Thread started: S2 1-629
2026-10-06 08:17:49,858 INFO o.a.j.t.JMeterThread: Thread started: S2 1-630
2026-10-06 08:17:49,869 INFO o.a.j.t.JMeterThread: Thread started: S2 1-631
2026-10-06 08:17:49,877 INFO o.a.j.t.JMeterThread: Thread started: S2 1-632
2026-10-06 08:17:49,887 INFO o.a.j.t.JMeterThread: Thread started: S2 1-633
2026-10-06 08:17:49,899 INFO o.a.j.t.JMeterThread: Thread started: S2 1-634
2026-10-06 08:17:49,909 INFO o.a.j.t.JMeterThread: Thread started: S2 1-635
2026-10-06 08:17:49,917 INFO o.a.j.t.JMeterThread: Thread started: S2 1-636
2026-10-06 08:17:49,929 INFO o.a.j.t.JMeterThread: Thread started: S2 1-637
2026-10-06 08:17:49,938 INFO o.a.j.t.JMeterThread: Thread started: S2 1-638
2026-10-06 08:17:49,947 INFO o.a.j.t.JMeterThread: Thread started: S2 1-639
2026-10-06 08:17:49,958 INFO o.a.j.t.JMeterThread: Thread started: S2 1-640
2026-10-06 08:17:49,969 INFO o.a.j.t.JMeterThread: Thread started: S2 1-641
2026-10-06 08:17:49,978 INFO o.a.j.t.JMeterThread: Thread started: S2 1-642
2026-10-06 08:17:49,990 INFO o.a.j.t.JMeterThread: Thread started: S2 1-643
2026-10-06 08:17:50,000 INFO o.a.j.t.JMeterThread: Thread started: S2 1-644
2026-10-06 08:17:50,011 INFO o.a.j.t.JMeterThread: Thread started: S2 1-645
2026-10-06 08:17:50,017 INFO o.a.j.t.JMeterThread: Thread started: S2 1-646
2026-10-06 08:17:50,029 INFO o.a.j.t.JMeterThread: Thread started: S2 1-647
2026-10-06 08:17:50,039 INFO o.a.j.t.JMeterThread: Thread started: S2 1-648
2026-10-06 08:17:50,047 INFO o.a.j.t.JMeterThread: Thread started: S2 1-649
2026-10-06 08:17:50,057 INFO o.a.j.t.JMeterThread: Thread started: S2 1-650
2026-10-06 08:17:50,069 INFO o.a.j.t.JMeterThread: Thread started: S2 1-651
2026-10-06 08:17:50,077 INFO o.a.j.t.JMeterThread: Thread started: S2 1-652
2026-10-06 08:17:50,090 INFO o.a.j.t.JMeterThread: Thread started: S2 1-653
2026-10-06 08:17:50,098 INFO o.a.j.t.JMeterThread: Thread started: S2 1-654
2026-10-06 08:17:50,107 INFO o.a.j.t.JMeterThread: Thread started: S2 1-655
2026-10-06 08:17:50,118 INFO o.a.j.t.JMeterThread: Thread started: S2 1-656
2026-10-06 08:17:50,129 INFO o.a.j.t.JMeterThread: Thread started: S2 1-657
2026-10-06 08:17:50,137 INFO o.a.j.t.JMeterThread: Thread started: S2 1-658
2026-10-06 08:17:50,147 INFO o.a.j.t.JMeterThread: Thread started: S2 1-659
2026-10-06 08:17:50,159 INFO o.a.j.t.JMeterThread: Thread started: S2 1-660
2026-10-06 08:17:50,168 INFO o.a.j.t.JMeterThread: Thread started: S2 1-661
2026-10-06 08:17:50,177 INFO o.a.j.t.JMeterThread: Thread started: S2 1-662
2026-10-06 08:17:50,189 INFO o.a.j.t.JMeterThread: Thread started: S2 1-663
2026-10-06 08:17:50,198 INFO o.a.j.t.JMeterThread: Thread started: S2 1-664
2026-10-06 08:17:50,208 INFO o.a.j.t.JMeterThread: Thread started: S2 1-665
2026-10-06 08:17:50,217 INFO o.a.j.t.JMeterThread: Thread started: S2 1-666
2026-10-06 08:17:50,228 INFO o.a.j.t.JMeterThread: Thread started: S2 1-667
2026-10-06 08:17:50,238 INFO o.a.j.t.JMeterThread: Thread started: S2 1-668
2026-10-06 08:17:50,247 INFO o.a.j.t.JMeterThread: Thread started: S2 1-669
2026-10-06 08:17:50,257 INFO o.a.j.t.JMeterThread: Thread started: S2 1-670
2026-10-06 08:17:50,268 INFO o.a.j.t.JMeterThread: Thread started: S2 1-671
2026-10-06 08:17:50,278 INFO o.a.j.t.JMeterThread: Thread started: S2 1-672
2026-10-06 08:17:50,288 INFO o.a.j.t.JMeterThread: Thread started: S2 1-673
2026-10-06 08:17:50,299 INFO o.a.j.t.JMeterThread: Thread started: S2 1-674
2026-10-06 08:17:50,308 INFO o.a.j.t.JMeterThread: Thread started: S2 1-675
2026-10-06 08:17:50,317 INFO o.a.j.t.JMeterThread: Thread started: S2 1-676
2026-10-06 08:17:50,328 INFO o.a.j.t.JMeterThread: Thread started: S2 1-677
2026-10-06 08:17:50,338 INFO o.a.j.t.JMeterThread: Thread started: S2 1-678
2026-10-06 08:17:50,347 INFO o.a.j.t.JMeterThread: Thread started: S2 1-679
2026-10-06 08:17:50,358 INFO o.a.j.t.JMeterThread: Thread started: S2 1-680
2026-10-06 08:17:50,368 INFO o.a.j.t.JMeterThread: Thread started: S2 1-681
2026-10-06 08:17:50,378 INFO o.a.j.t.JMeterThread: Thread started: S2 1-682
2026-10-06 08:17:50,387 INFO o.a.j.t.JMeterThread: Thread started: S2 1-683
2026-10-06 08:17:50,399 INFO o.a.j.t.JMeterThread: Thread started: S2 1-684
2026-10-06 08:17:50,407 INFO o.a.j.t.JMeterThread: Thread started: S2 1-685
2026-10-06 08:17:50,418 INFO o.a.j.t.JMeterThread: Thread started: S2 1-686
2026-10-06 08:17:50,428 INFO o.a.j.t.JMeterThread: Thread started: S2 1-687
2026-10-06 08:17:50,438 INFO o.a.j.t.JMeterThread: Thread started: S2 1-688
2026-10-06 08:17:50,448 INFO o.a.j.t.JMeterThread: Thread started: S2 1-689
2026-10-06 08:17:50,458 INFO o.a.j.t.JMeterThread: Thread started: S2 1-690
2026-10-06 08:17:50,467 INFO o.a.j.t.JMeterThread: Thread started: S2 1-691
2026-10-06 08:17:50,478 INFO o.a.j.t.JMeterThread: Thread started: S2 1-692
2026-10-06 08:17:50,490 INFO o.a.j.t.JMeterThread: Thread started: S2 1-693
2026-10-06 08:17:50,501 INFO o.a.j.t.JMeterThread: Thread started: S2 1-694
2026-10-06 08:17:50,510 INFO o.a.j.t.JMeterThread: Thread started: S2 1-695
2026-10-06 08:17:50,518 INFO o.a.j.t.JMeterThread: Thread started: S2 1-696
2026-10-06 08:17:50,531 INFO o.a.j.t.JMeterThread: Thread started: S2 1-697
2026-10-06 08:17:50,543 INFO o.a.j.t.JMeterThread: Thread started: S2 1-698
2026-10-06 08:17:50,555 INFO o.a.j.t.JMeterThread: Thread started: S2 1-699
2026-10-06 08:17:50,569 INFO o.a.j.t.JMeterThread: Thread started: S2 1-700
2026-10-06 08:17:50,578 INFO o.a.j.t.JMeterThread: Thread started: S2 1-701
2026-10-06 08:17:50,582 INFO o.a.j.t.JMeterThread: Thread started: S2 1-702
2026-10-06 08:17:50,588 INFO o.a.j.t.JMeterThread: Thread started: S2 1-703
2026-10-06 08:17:50,606 INFO o.a.j.t.JMeterThread: Thread started: S2 1-704
2026-10-06 08:17:50,610 INFO o.a.j.t.JMeterThread: Thread started: S2 1-705
2026-10-06 08:17:50,618 INFO o.a.j.t.JMeterThread: Thread started: S2 1-706
2026-10-06 08:17:50,629 INFO o.a.j.t.JMeterThread: Thread started: S2 1-707
2026-10-06 08:17:50,645 INFO o.a.j.t.JMeterThread: Thread started: S2 1-708
2026-10-06 08:17:50,649 INFO o.a.j.t.JMeterThread: Thread started: S2 1-709
2026-10-06 08:17:50,659 INFO o.a.j.t.JMeterThread: Thread started: S2 1-710
2026-10-06 08:17:50,671 INFO o.a.j.t.JMeterThread: Thread started: S2 1-711
2026-10-06 08:17:50,687 INFO o.a.j.t.JMeterThread: Thread started: S2 1-712
2026-10-06 08:17:50,689 INFO o.a.j.t.JMeterThread: Thread started: S2 1-713
2026-10-06 08:17:50,699 INFO o.a.j.t.JMeterThread: Thread started: S2 1-714
2026-10-06 08:17:50,710 INFO o.a.j.t.JMeterThread: Thread started: S2 1-715
2026-10-06 08:17:50,718 INFO o.a.j.t.JMeterThread: Thread started: S2 1-716
2026-10-06 08:17:50,727 INFO o.a.j.t.JMeterThread: Thread started: S2 1-717
2026-10-06 08:17:50,738 INFO o.a.j.t.JMeterThread: Thread started: S2 1-718
2026-10-06 08:17:50,748 INFO o.a.j.t.JMeterThread: Thread started: S2 1-719
2026-10-06 08:17:50,757 INFO o.a.j.t.JMeterThread: Thread started: S2 1-720
2026-10-06 08:17:50,769 INFO o.a.j.t.JMeterThread: Thread started: S2 1-721
2026-10-06 08:17:50,777 INFO o.a.j.t.JMeterThread: Thread started: S2 1-722
2026-10-06 08:17:50,787 INFO o.a.j.t.JMeterThread: Thread started: S2 1-723
2026-10-06 08:17:50,799 INFO o.a.j.t.JMeterThread: Thread started: S2 1-724
2026-10-06 08:17:50,808 INFO o.a.j.t.JMeterThread: Thread started: S2 1-725
2026-10-06 08:17:50,817 INFO o.a.j.t.JMeterThread: Thread started: S2 1-726
2026-10-06 08:17:50,829 INFO o.a.j.t.JMeterThread: Thread started: S2 1-727
2026-10-06 08:17:50,838 INFO o.a.j.t.JMeterThread: Thread started: S2 1-728
2026-10-06 08:17:50,847 INFO o.a.j.t.JMeterThread: Thread started: S2 1-729
2026-10-06 08:17:50,858 INFO o.a.j.t.JMeterThread: Thread started: S2 1-730
2026-10-06 08:17:50,867 INFO o.a.j.t.JMeterThread: Thread started: S2 1-731
2026-10-06 08:17:50,878 INFO o.a.j.t.JMeterThread: Thread started: S2 1-732
2026-10-06 08:17:50,888 INFO o.a.j.t.JMeterThread: Thread started: S2 1-733
2026-10-06 08:17:50,898 INFO o.a.j.t.JMeterThread: Thread started: S2 1-734
2026-10-06 08:17:50,907 INFO o.a.j.t.JMeterThread: Thread started: S2 1-735
2026-10-06 08:17:50,918 INFO o.a.j.t.JMeterThread: Thread started: S2 1-736
2026-10-06 08:17:50,927 INFO o.a.j.t.JMeterThread: Thread started: S2 1-737
2026-10-06 08:17:50,938 INFO o.a.j.t.JMeterThread: Thread started: S2 1-738
2026-10-06 08:17:50,947 INFO o.a.j.t.JMeterThread: Thread started: S2 1-739
2026-10-06 08:17:50,958 INFO o.a.j.t.JMeterThread: Thread started: S2 1-740
2026-10-06 08:17:50,969 INFO o.a.j.t.JMeterThread: Thread started: S2 1-741
2026-10-06 08:17:50,978 INFO o.a.j.t.JMeterThread: Thread started: S2 1-742
2026-10-06 08:17:50,989 INFO o.a.j.t.JMeterThread: Thread started: S2 1-743
2026-10-06 08:17:50,998 INFO o.a.j.t.JMeterThread: Thread started: S2 1-744
2026-10-06 08:17:51,007 INFO o.a.j.t.JMeterThread: Thread started: S2 1-745
2026-10-06 08:17:51,019 INFO o.a.j.t.JMeterThread: Thread started: S2 1-746
2026-10-06 08:17:51,028 INFO o.a.j.t.JMeterThread: Thread started: S2 1-747
2026-10-06 08:17:51,039 INFO o.a.j.t.JMeterThread: Thread started: S2 1-748
2026-10-06 08:17:51,049 INFO o.a.j.t.JMeterThread: Thread started: S2 1-749
2026-10-06 08:17:51,058 INFO o.a.j.t.JMeterThread: Thread started: S2 1-750
2026-10-06 08:17:51,068 INFO o.a.j.t.JMeterThread: Thread started: S2 1-751
2026-10-06 08:17:51,079 INFO o.a.j.t.JMeterThread: Thread started: S2 1-752
2026-10-06 08:17:51,090 INFO o.a.j.t.JMeterThread: Thread started: S2 1-753
2026-10-06 08:17:51,097 INFO o.a.j.t.JMeterThread: Thread started: S2 1-754
2026-10-06 08:17:51,109 INFO o.a.j.t.JMeterThread: Thread started: S2 1-755
2026-10-06 08:17:51,117 INFO o.a.j.t.JMeterThread: Thread started: S2 1-756
2026-10-06 08:17:51,127 INFO o.a.j.t.JMeterThread: Thread started: S2 1-757
2026-10-06 08:17:51,138 INFO o.a.j.t.JMeterThread: Thread started: S2 1-758
2026-10-06 08:17:51,147 INFO o.a.j.t.JMeterThread: Thread started: S2 1-759
2026-10-06 08:17:51,157 INFO o.a.j.t.JMeterThread: Thread started: S2 1-760
2026-10-06 08:17:51,168 INFO o.a.j.t.JMeterThread: Thread started: S2 1-761
2026-10-06 08:17:51,178 INFO o.a.j.t.JMeterThread: Thread started: S2 1-762
2026-10-06 08:17:51,187 INFO o.a.j.t.JMeterThread: Thread started: S2 1-763
2026-10-06 08:17:51,199 INFO o.a.j.t.JMeterThread: Thread started: S2 1-764
2026-10-06 08:17:51,208 INFO o.a.j.t.JMeterThread: Thread started: S2 1-765
2026-10-06 08:17:51,217 INFO o.a.j.t.JMeterThread: Thread started: S2 1-766
2026-10-06 08:17:51,227 INFO o.a.j.t.JMeterThread: Thread started: S2 1-767
2026-10-06 08:17:51,239 INFO o.a.j.t.JMeterThread: Thread started: S2 1-768
2026-10-06 08:17:51,247 INFO o.a.j.t.JMeterThread: Thread started: S2 1-769
2026-10-06 08:17:51,258 INFO o.a.j.t.JMeterThread: Thread started: S2 1-770
2026-10-06 08:17:51,268 INFO o.a.j.t.JMeterThread: Thread started: S2 1-771
2026-10-06 08:17:51,280 INFO o.a.j.t.JMeterThread: Thread started: S2 1-772
2026-10-06 08:17:51,287 INFO o.a.j.t.JMeterThread: Thread started: S2 1-773
2026-10-06 08:17:51,306 INFO o.a.j.t.JMeterThread: Thread started: S2 1-774
2026-10-06 08:17:51,307 INFO o.a.j.t.JMeterThread: Thread started: S2 1-775
2026-10-06 08:17:51,317 INFO o.a.j.t.JMeterThread: Thread started: S2 1-776
2026-10-06 08:17:51,328 INFO o.a.j.t.JMeterThread: Thread started: S2 1-777
2026-10-06 08:17:51,339 INFO o.a.j.t.JMeterThread: Thread started: S2 1-778
2026-10-06 08:17:51,347 INFO o.a.j.t.JMeterThread: Thread started: S2 1-779
2026-10-06 08:17:51,357 INFO o.a.j.t.JMeterThread: Thread started: S2 1-780
2026-10-06 08:17:51,368 INFO o.a.j.t.JMeterThread: Thread started: S2 1-781
2026-10-06 08:17:51,382 INFO o.a.j.t.JMeterThread: Thread started: S2 1-782
2026-10-06 08:17:51,387 INFO o.a.j.t.JMeterThread: Thread started: S2 1-783
2026-10-06 08:17:51,398 INFO o.a.j.t.JMeterThread: Thread started: S2 1-784
2026-10-06 08:17:51,409 INFO o.a.j.t.JMeterThread: Thread started: S2 1-785
2026-10-06 08:17:51,417 INFO o.a.j.t.JMeterThread: Thread started: S2 1-786
2026-10-06 08:17:51,427 INFO o.a.j.t.JMeterThread: Thread started: S2 1-787
2026-10-06 08:17:51,439 INFO o.a.j.t.JMeterThread: Thread started: S2 1-788
2026-10-06 08:17:51,449 INFO o.a.j.t.JMeterThread: Thread started: S2 1-789
2026-10-06 08:17:51,457 INFO o.a.j.t.JMeterThread: Thread started: S2 1-790
2026-10-06 08:17:51,468 INFO o.a.j.t.JMeterThread: Thread started: S2 1-791
2026-10-06 08:17:51,479 INFO o.a.j.t.JMeterThread: Thread started: S2 1-792
2026-10-06 08:17:51,487 INFO o.a.j.t.JMeterThread: Thread started: S2 1-793
2026-10-06 08:17:51,501 INFO o.a.j.t.JMeterThread: Thread started: S2 1-794
2026-10-06 08:17:51,509 INFO o.a.j.t.JMeterThread: Thread started: S2 1-795
2026-10-06 08:17:51,518 INFO o.a.j.t.JMeterThread: Thread started: S2 1-796
2026-10-06 08:17:51,528 INFO o.a.j.t.JMeterThread: Thread started: S2 1-797
2026-10-06 08:17:51,538 INFO o.a.j.t.JMeterThread: Thread started: S2 1-798
2026-10-06 08:17:51,547 INFO o.a.j.t.JMeterThread: Thread started: S2 1-799
2026-10-06 08:17:51,558 INFO o.a.j.t.JMeterThread: Thread started: S2 1-800
2026-10-06 08:17:51,568 INFO o.a.j.t.JMeterThread: Thread started: S2 1-801
2026-10-06 08:17:51,578 INFO o.a.j.t.JMeterThread: Thread started: S2 1-802
2026-10-06 08:17:51,587 INFO o.a.j.t.JMeterThread: Thread started: S2 1-803
2026-10-06 08:17:51,598 INFO o.a.j.t.JMeterThread: Thread started: S2 1-804
2026-10-06 08:17:51,607 INFO o.a.j.t.JMeterThread: Thread started: S2 1-805
2026-10-06 08:17:51,617 INFO o.a.j.t.JMeterThread: Thread started: S2 1-806
2026-10-06 08:17:51,627 INFO o.a.j.t.JMeterThread: Thread started: S2 1-807
2026-10-06 08:17:51,639 INFO o.a.j.t.JMeterThread: Thread started: S2 1-808
2026-10-06 08:17:51,648 INFO o.a.j.t.JMeterThread: Thread started: S2 1-809
2026-10-06 08:17:51,657 INFO o.a.j.t.JMeterThread: Thread started: S2 1-810
2026-10-06 08:17:51,669 INFO o.a.j.t.JMeterThread: Thread started: S2 1-811
2026-10-06 08:17:51,678 INFO o.a.j.t.JMeterThread: Thread started: S2 1-812
2026-10-06 08:17:51,690 INFO o.a.j.t.JMeterThread: Thread started: S2 1-813
2026-10-06 08:17:51,699 INFO o.a.j.t.JMeterThread: Thread started: S2 1-814
2026-10-06 08:17:51,708 INFO o.a.j.t.JMeterThread: Thread started: S2 1-815
2026-10-06 08:17:51,717 INFO o.a.j.t.JMeterThread: Thread started: S2 1-816
2026-10-06 08:17:51,727 INFO o.a.j.t.JMeterThread: Thread started: S2 1-817
2026-10-06 08:17:51,738 INFO o.a.j.t.JMeterThread: Thread started: S2 1-818
2026-10-06 08:17:51,747 INFO o.a.j.t.JMeterThread: Thread started: S2 1-819
2026-10-06 08:17:51,758 INFO o.a.j.t.JMeterThread: Thread started: S2 1-820
2026-10-06 08:17:51,769 INFO o.a.j.t.JMeterThread: Thread started: S2 1-821
2026-10-06 08:17:51,782 INFO o.a.j.t.JMeterThread: Thread started: S2 1-822
2026-10-06 08:17:51,789 INFO o.a.j.t.JMeterThread: Thread started: S2 1-823
2026-10-06 08:17:51,799 INFO o.a.j.t.JMeterThread: Thread started: S2 1-824
2026-10-06 08:17:51,809 INFO o.a.j.t.JMeterThread: Thread started: S2 1-825
2026-10-06 08:17:51,817 INFO o.a.j.t.JMeterThread: Thread started: S2 1-826
2026-10-06 08:17:51,827 INFO o.a.j.t.JMeterThread: Thread started: S2 1-827
2026-10-06 08:17:51,839 INFO o.a.j.t.JMeterThread: Thread started: S2 1-828
2026-10-06 08:17:51,848 INFO o.a.j.t.JMeterThread: Thread started: S2 1-829
2026-10-06 08:17:51,857 INFO o.a.j.t.JMeterThread: Thread started: S2 1-830
2026-10-06 08:17:51,869 INFO o.a.j.t.JMeterThread: Thread started: S2 1-831
2026-10-06 08:17:51,882 INFO o.a.j.t.JMeterThread: Thread started: S2 1-832
2026-10-06 08:17:51,887 INFO o.a.j.t.JMeterThread: Thread started: S2 1-833
2026-10-06 08:17:51,899 INFO o.a.j.t.JMeterThread: Thread started: S2 1-834
2026-10-06 08:17:51,909 INFO o.a.j.t.JMeterThread: Thread started: S2 1-835
2026-10-06 08:17:51,918 INFO o.a.j.t.JMeterThread: Thread started: S2 1-836
2026-10-06 08:17:51,927 INFO o.a.j.t.JMeterThread: Thread started: S2 1-837
2026-10-06 08:17:51,939 INFO o.a.j.t.JMeterThread: Thread started: S2 1-838
2026-10-06 08:17:51,952 INFO o.a.j.t.JMeterThread: Thread started: S2 1-839
2026-10-06 08:17:51,961 INFO o.a.j.t.JMeterThread: Thread started: S2 1-840
2026-10-06 08:17:51,974 INFO o.a.j.t.JMeterThread: Thread started: S2 1-841
2026-10-06 08:17:51,978 INFO o.a.j.t.JMeterThread: Thread started: S2 1-842
2026-10-06 08:17:51,987 INFO o.a.j.t.JMeterThread: Thread started: S2 1-843
2026-10-06 08:17:52,003 INFO o.a.j.t.JMeterThread: Thread started: S2 1-844
2026-10-06 08:17:52,010 INFO o.a.j.t.JMeterThread: Thread started: S2 1-845
2026-10-06 08:17:52,019 INFO o.a.j.t.JMeterThread: Thread started: S2 1-846
2026-10-06 08:17:52,038 INFO o.a.j.t.JMeterThread: Thread started: S2 1-848
2026-10-06 08:17:52,055 INFO o.a.j.t.JMeterThread: Thread started: S2 1-849
2026-10-06 08:17:52,059 INFO o.a.j.t.JMeterThread: Thread started: S2 1-850
2026-10-06 08:17:52,059 INFO o.a.j.t.JMeterThread: Thread started: S2 1-847
2026-10-06 08:17:52,068 INFO o.a.j.t.JMeterThread: Thread started: S2 1-851
2026-10-06 08:17:52,078 INFO o.a.j.t.JMeterThread: Thread started: S2 1-852
2026-10-06 08:17:52,090 INFO o.a.j.t.JMeterThread: Thread started: S2 1-853
2026-10-06 08:17:52,097 INFO o.a.j.t.JMeterThread: Thread started: S2 1-854
2026-10-06 08:17:52,109 INFO o.a.j.t.JMeterThread: Thread started: S2 1-855
2026-10-06 08:17:52,118 INFO o.a.j.t.JMeterThread: Thread started: S2 1-856
2026-10-06 08:17:52,127 INFO o.a.j.t.JMeterThread: Thread started: S2 1-857
2026-10-06 08:17:52,139 INFO o.a.j.t.JMeterThread: Thread started: S2 1-858
2026-10-06 08:17:52,148 INFO o.a.j.t.JMeterThread: Thread started: S2 1-859
2026-10-06 08:17:52,157 INFO o.a.j.t.JMeterThread: Thread started: S2 1-860
2026-10-06 08:17:52,168 INFO o.a.j.t.JMeterThread: Thread started: S2 1-861
2026-10-06 08:17:52,180 INFO o.a.j.t.JMeterThread: Thread started: S2 1-862
2026-10-06 08:17:52,187 INFO o.a.j.t.JMeterThread: Thread started: S2 1-863
2026-10-06 08:17:52,199 INFO o.a.j.t.JMeterThread: Thread started: S2 1-864
2026-10-06 08:17:52,207 INFO o.a.j.t.JMeterThread: Thread started: S2 1-865
2026-10-06 08:17:52,217 INFO o.a.j.t.JMeterThread: Thread started: S2 1-866
2026-10-06 08:17:52,228 INFO o.a.j.t.JMeterThread: Thread started: S2 1-867
2026-10-06 08:17:52,239 INFO o.a.j.t.JMeterThread: Thread started: S2 1-868
2026-10-06 08:17:52,247 INFO o.a.j.t.JMeterThread: Thread started: S2 1-869
2026-10-06 08:17:52,257 INFO o.a.j.t.JMeterThread: Thread started: S2 1-870
2026-10-06 08:17:52,269 INFO o.a.j.t.JMeterThread: Thread started: S2 1-871
2026-10-06 08:17:52,279 INFO o.a.j.t.JMeterThread: Thread started: S2 1-872
2026-10-06 08:17:52,287 INFO o.a.j.t.JMeterThread: Thread started: S2 1-873
2026-10-06 08:17:52,297 INFO o.a.j.t.JMeterThread: Thread started: S2 1-874
2026-10-06 08:17:52,308 INFO o.a.j.t.JMeterThread: Thread started: S2 1-875
2026-10-06 08:17:52,317 INFO o.a.j.t.JMeterThread: Thread started: S2 1-876
2026-10-06 08:17:52,327 INFO o.a.j.t.JMeterThread: Thread started: S2 1-877
2026-10-06 08:17:52,338 INFO o.a.j.t.JMeterThread: Thread started: S2 1-878
2026-10-06 08:17:52,348 INFO o.a.j.t.JMeterThread: Thread started: S2 1-879
2026-10-06 08:17:52,358 INFO o.a.j.t.JMeterThread: Thread started: S2 1-880
2026-10-06 08:17:52,367 INFO o.a.j.t.JMeterThread: Thread started: S2 1-881
2026-10-06 08:17:52,382 INFO o.a.j.t.JMeterThread: Thread started: S2 1-882
2026-10-06 08:17:52,388 INFO o.a.j.t.JMeterThread: Thread started: S2 1-883
2026-10-06 08:17:52,398 INFO o.a.j.t.JMeterThread: Thread started: S2 1-884
2026-10-06 08:17:52,410 INFO o.a.j.t.JMeterThread: Thread started: S2 1-885
2026-10-06 08:17:52,418 INFO o.a.j.t.JMeterThread: Thread started: S2 1-886
2026-10-06 08:17:52,427 INFO o.a.j.t.JMeterThread: Thread started: S2 1-887
2026-10-06 08:17:52,439 INFO o.a.j.t.JMeterThread: Thread started: S2 1-888
2026-10-06 08:17:52,448 INFO o.a.j.t.JMeterThread: Thread started: S2 1-889
2026-10-06 08:17:52,457 INFO o.a.j.t.JMeterThread: Thread started: S2 1-890
2026-10-06 08:17:52,468 INFO o.a.j.t.JMeterThread: Thread started: S2 1-891
2026-10-06 08:17:52,479 INFO o.a.j.t.JMeterThread: Thread started: S2 1-892
2026-10-06 08:17:52,488 INFO o.a.j.t.JMeterThread: Thread started: S2 1-893
2026-10-06 08:17:52,499 INFO o.a.j.t.JMeterThread: Thread started: S2 1-894
2026-10-06 08:17:52,507 INFO o.a.j.t.JMeterThread: Thread started: S2 1-895
2026-10-06 08:17:52,518 INFO o.a.j.t.JMeterThread: Thread started: S2 1-896
2026-10-06 08:17:52,528 INFO o.a.j.t.JMeterThread: Thread started: S2 1-897
2026-10-06 08:17:52,538 INFO o.a.j.t.JMeterThread: Thread started: S2 1-898
2026-10-06 08:17:52,548 INFO o.a.j.t.JMeterThread: Thread started: S2 1-899
2026-10-06 08:17:52,558 INFO o.a.j.t.JMeterThread: Thread started: S2 1-900
2026-10-06 08:17:52,567 INFO o.a.j.t.JMeterThread: Thread started: S2 1-901
2026-10-06 08:17:52,578 INFO o.a.j.t.JMeterThread: Thread started: S2 1-902
2026-10-06 08:17:52,588 INFO o.a.j.t.JMeterThread: Thread started: S2 1-903
2026-10-06 08:17:52,601 INFO o.a.j.t.JMeterThread: Thread started: S2 1-904
2026-10-06 08:17:52,607 INFO o.a.j.t.JMeterThread: Thread started: S2 1-905
2026-10-06 08:17:52,618 INFO o.a.j.t.JMeterThread: Thread started: S2 1-906
2026-10-06 08:17:52,629 INFO o.a.j.t.JMeterThread: Thread started: S2 1-907
2026-10-06 08:17:52,637 INFO o.a.j.t.JMeterThread: Thread started: S2 1-908
2026-10-06 08:17:52,647 INFO o.a.j.t.JMeterThread: Thread started: S2 1-909
2026-10-06 08:17:52,658 INFO o.a.j.t.JMeterThread: Thread started: S2 1-910
2026-10-06 08:17:52,667 INFO o.a.j.t.JMeterThread: Thread started: S2 1-911
2026-10-06 08:17:52,677 INFO o.a.j.t.JMeterThread: Thread started: S2 1-912
2026-10-06 08:17:52,690 INFO o.a.j.t.JMeterThread: Thread started: S2 1-913
2026-10-06 08:17:52,698 INFO o.a.j.t.JMeterThread: Thread started: S2 1-914
2026-10-06 08:17:52,707 INFO o.a.j.t.JMeterThread: Thread started: S2 1-915
2026-10-06 08:17:52,717 INFO o.a.j.t.JMeterThread: Thread started: S2 1-916
2026-10-06 08:17:52,729 INFO o.a.j.t.JMeterThread: Thread started: S2 1-917
2026-10-06 08:17:52,738 INFO o.a.j.t.JMeterThread: Thread started: S2 1-918
2026-10-06 08:17:52,747 INFO o.a.j.t.JMeterThread: Thread started: S2 1-919
2026-10-06 08:17:52,757 INFO o.a.j.t.JMeterThread: Thread started: S2 1-920
2026-10-06 08:17:52,769 INFO o.a.j.t.JMeterThread: Thread started: S2 1-921
2026-10-06 08:17:52,778 INFO o.a.j.t.JMeterThread: Thread started: S2 1-922
2026-10-06 08:17:52,787 INFO o.a.j.t.JMeterThread: Thread started: S2 1-923
2026-10-06 08:17:52,797 INFO o.a.j.t.JMeterThread: Thread started: S2 1-924
2026-10-06 08:17:52,808 INFO o.a.j.t.JMeterThread: Thread started: S2 1-925
2026-10-06 08:17:52,817 INFO o.a.j.t.JMeterThread: Thread started: S2 1-926
2026-10-06 08:17:52,827 INFO o.a.j.t.JMeterThread: Thread started: S2 1-927
2026-10-06 08:17:52,838 INFO o.a.j.t.JMeterThread: Thread started: S2 1-928
2026-10-06 08:17:52,848 INFO o.a.j.t.JMeterThread: Thread started: S2 1-929
2026-10-06 08:17:52,858 INFO o.a.j.t.JMeterThread: Thread started: S2 1-930
2026-10-06 08:17:52,869 INFO o.a.j.t.JMeterThread: Thread started: S2 1-931
2026-10-06 08:17:52,878 INFO o.a.j.t.JMeterThread: Thread started: S2 1-932
2026-10-06 08:17:52,890 INFO o.a.j.t.JMeterThread: Thread started: S2 1-933
2026-10-06 08:17:52,897 INFO o.a.j.t.JMeterThread: Thread started: S2 1-934
2026-10-06 08:17:52,909 INFO o.a.j.t.JMeterThread: Thread started: S2 1-935
2026-10-06 08:17:52,919 INFO o.a.j.t.JMeterThread: Thread started: S2 1-936
2026-10-06 08:17:52,927 INFO o.a.j.t.JMeterThread: Thread started: S2 1-937
2026-10-06 08:17:52,938 INFO o.a.j.t.JMeterThread: Thread started: S2 1-938
2026-10-06 08:17:52,949 INFO o.a.j.t.JMeterThread: Thread started: S2 1-939
2026-10-06 08:17:52,957 INFO o.a.j.t.JMeterThread: Thread started: S2 1-940
2026-10-06 08:17:52,967 INFO o.a.j.t.JMeterThread: Thread started: S2 1-941
2026-10-06 08:17:52,978 INFO o.a.j.t.JMeterThread: Thread started: S2 1-942
2026-10-06 08:17:52,987 INFO o.a.j.t.JMeterThread: Thread started: S2 1-943
2026-10-06 08:17:52,997 INFO o.a.j.t.JMeterThread: Thread started: S2 1-944
2026-10-06 08:17:53,008 INFO o.a.j.t.JMeterThread: Thread started: S2 1-945
2026-10-06 08:17:53,018 INFO o.a.j.t.JMeterThread: Thread started: S2 1-946
2026-10-06 08:17:53,028 INFO o.a.j.t.JMeterThread: Thread started: S2 1-947
2026-10-06 08:17:53,038 INFO o.a.j.t.JMeterThread: Thread started: S2 1-948
2026-10-06 08:17:53,048 INFO o.a.j.t.JMeterThread: Thread started: S2 1-949
2026-10-06 08:17:53,059 INFO o.a.j.t.JMeterThread: Thread started: S2 1-950
2026-10-06 08:17:53,068 INFO o.a.j.t.JMeterThread: Thread started: S2 1-951
2026-10-06 08:17:53,078 INFO o.a.j.t.JMeterThread: Thread started: S2 1-952
2026-10-06 08:17:53,090 INFO o.a.j.t.JMeterThread: Thread started: S2 1-953
2026-10-06 08:17:53,102 INFO o.a.j.t.JMeterThread: Thread started: S2 1-954
2026-10-06 08:17:53,107 INFO o.a.j.t.JMeterThread: Thread started: S2 1-955
2026-10-06 08:17:53,117 INFO o.a.j.t.JMeterThread: Thread started: S2 1-956
2026-10-06 08:17:53,128 INFO o.a.j.t.JMeterThread: Thread started: S2 1-957
2026-10-06 08:17:53,137 INFO o.a.j.t.JMeterThread: Thread started: S2 1-958
2026-10-06 08:17:53,147 INFO o.a.j.t.JMeterThread: Thread started: S2 1-959
2026-10-06 08:17:53,158 INFO o.a.j.t.JMeterThread: Thread started: S2 1-960
2026-10-06 08:17:53,168 INFO o.a.j.t.JMeterThread: Thread started: S2 1-961
2026-10-06 08:17:53,177 INFO o.a.j.t.JMeterThread: Thread started: S2 1-962
2026-10-06 08:17:53,190 INFO o.a.j.t.JMeterThread: Thread started: S2 1-963
2026-10-06 08:17:53,198 INFO o.a.j.t.JMeterThread: Thread started: S2 1-964
2026-10-06 08:17:53,208 INFO o.a.j.t.JMeterThread: Thread started: S2 1-965
2026-10-06 08:17:53,217 INFO o.a.j.t.JMeterThread: Thread started: S2 1-966
2026-10-06 08:17:53,227 INFO o.a.j.t.JMeterThread: Thread started: S2 1-967
2026-10-06 08:17:53,239 INFO o.a.j.t.JMeterThread: Thread started: S2 1-968
2026-10-06 08:17:53,249 INFO o.a.j.t.JMeterThread: Thread started: S2 1-969
2026-10-06 08:17:53,257 INFO o.a.j.t.JMeterThread: Thread started: S2 1-970
2026-10-06 08:17:53,267 INFO o.a.j.t.JMeterThread: Thread started: S2 1-971
2026-10-06 08:17:53,302 INFO o.a.j.t.JMeterThread: Thread started: S2 1-974
2026-10-06 08:17:53,308 INFO o.a.j.t.JMeterThread: Thread started: S2 1-975
2026-10-06 08:17:53,319 INFO o.a.j.t.JMeterThread: Thread started: S2 1-976
2026-10-06 08:17:53,328 INFO o.a.j.t.JMeterThread: Thread started: S2 1-977
2026-10-06 08:17:53,339 INFO o.a.j.t.JMeterThread: Thread started: S2 1-978
2026-10-06 08:17:53,341 INFO o.a.j.t.JMeterThread: Thread started: S2 1-972
2026-10-06 08:17:53,349 INFO o.a.j.t.JMeterThread: Thread started: S2 1-979
2026-10-06 08:17:53,350 INFO o.a.j.t.JMeterThread: Thread started: S2 1-973
2026-10-06 08:17:53,357 INFO o.a.j.t.JMeterThread: Thread started: S2 1-980
2026-10-06 08:17:53,374 INFO o.a.j.t.JMeterThread: Thread started: S2 1-981
2026-10-06 08:17:53,378 INFO o.a.j.t.JMeterThread: Thread started: S2 1-982
2026-10-06 08:17:53,388 INFO o.a.j.t.JMeterThread: Thread started: S2 1-983
2026-10-06 08:17:53,399 INFO o.a.j.t.JMeterThread: Thread started: S2 1-984
2026-10-06 08:17:53,409 INFO o.a.j.t.JMeterThread: Thread started: S2 1-985
2026-10-06 08:17:53,418 INFO o.a.j.t.JMeterThread: Thread started: S2 1-986
2026-10-06 08:17:53,429 INFO o.a.j.t.JMeterThread: Thread started: S2 1-987
2026-10-06 08:17:53,438 INFO o.a.j.t.JMeterThread: Thread started: S2 1-988
2026-10-06 08:17:53,449 INFO o.a.j.t.JMeterThread: Thread started: S2 1-989
2026-10-06 08:17:53,458 INFO o.a.j.t.JMeterThread: Thread started: S2 1-990
2026-10-06 08:17:53,468 INFO o.a.j.t.JMeterThread: Thread started: S2 1-991
2026-10-06 08:17:53,480 INFO o.a.j.t.JMeterThread: Thread started: S2 1-992
2026-10-06 08:17:53,487 INFO o.a.j.t.JMeterThread: Thread started: S2 1-993
2026-10-06 08:17:53,498 INFO o.a.j.t.JMeterThread: Thread started: S2 1-994
2026-10-06 08:17:53,508 INFO o.a.j.t.JMeterThread: Thread started: S2 1-995
2026-10-06 08:17:53,518 INFO o.a.j.t.JMeterThread: Thread started: S2 1-996
2026-10-06 08:17:53,527 INFO o.a.j.t.JMeterThread: Thread started: S2 1-997
2026-10-06 08:17:53,538 INFO o.a.j.t.JMeterThread: Thread started: S2 1-998
2026-10-06 08:17:53,549 INFO o.a.j.t.JMeterThread: Thread started: S2 1-999
2026-10-06 08:17:53,557 INFO o.a.j.t.JMeterThread: Thread started: S2 1-1000
2026-10-06 08:18:00,019 INFO o.a.j.r.Summariser: summary +   2280 in 00:00:17 =  131.9/s Avg:  4083 Min:    64 Max:  8033 Err:     0 (0.00%) Active: 1000 Started: 1000 Finished: 0
2026-10-06 08:18:30,001 INFO o.a.j.r.Summariser: summary +   4229 in 00:00:30 =  141.0/s Avg:  7481 Min:  6034 Max:  9586 Err:     0 (0.00%) Active: 1000 Started: 1000 Finished: 0
2026-10-06 08:18:30,004 INFO o.a.j.r.Summariser: summary =   6509 in 00:00:47 =  137.7/s Avg:  6291 Min:    64 Max:  9586 Err:     0 (0.00%)
2026-10-06 08:18:43,715 INFO o.a.j.t.JMeterThread: Stopping because end time detected by thread: S2 1-66
2026-10-06 08:18:43,715 INFO o.a.j.t.JMeterThread: Thread finished: S2 1-66
2026-10-06 08:18:43,781 INFO o.a.j.t.JMeterThread: Stopping because end time detected by thread: S2 1-113
2026-10-06 08:18:43,781 INFO o.a.j.t.JMeterThread: Thread finished: S2 1-113
2026-10-06 08:18:43,788 INFO o.a.j.t.JMeterThread: Stopping because end time detected by thread: S2 1-130
2026-10-06 08:18:43,788 INFO o.a.j.t.JMeterThread: Thread finished: S2 1-130
2026-10-06 08:18:43,790 INFO o.a.j.t.JMeterThread: Stopping because end time detected by thread: S2 1-77
2026-10-06 08:18:43,790 INFO o.a.j.t.JMeterThread: Thread finished: S2 1-77
2026-10-06 08:18:43,792 INFO o.a.j.t.JMeterThread: Stopping because end time detected by thread: S2 1-121
2026-10-06 08:18:43,792 INFO o.a.j.t.JMeterThread: Thread finished: S2 1-121
2026-10-06 08:18:43,989 INFO o.a.j.t.JMeterThread: Stopping because end time detected by thread: S2 1-67
2026-10-06 08:18:43,989 INFO o.a.j.t.JMeterThread: Thread finished: S2 1-67
2026-10-06 08:18:43,994 INFO o.a.j.t.JMeterThread: Stopping because end time detected by thread: S2 1-275
2026-10-06 08:18:43,990 INFO o.a.j.t.JMeterThread: Stopping because end time detected by thread: S2 1-120
2026-10-06 08:18:43,995 INFO o.a.j.t.JMeterThread: Thread finished: S2 1-275
2026-10-06 08:18:43,995 INFO o.a.j.t.JMeterThread: Thread finished: S2 1-120
2026-10-06 08:18:43,996 INFO o.a.j.t.JMeterThread: Stopping because end time detected by thread: S2 1-222
2026-10-06 08:18:43,998 INFO o.a.j.t.JMeterThread: Thread finished: S2 1-222
2026-10-06 08:18:44,015 INFO o.a.j.t.JMeterThread: Stopping because end time detected by thread: S2 1-5
2026-10-06 08:18:44,015 INFO o.a.j.t.JMeterThread: Thread finished: S2 1-5
2026-10-06 08:18:44,083 INFO o.a.j.t.JMeterThread: Stopping because end time detected by thread: S2 1-125
2026-10-06 08:18:44,083 INFO o.a.j.t.JMeterThread: Thread finished: S2 1-125
2026-10-06 08:18:44,083 INFO o.a.j.t.JMeterThread: Stopping because end time detected by thread: S2 1-111
2026-10-06 08:18:44,084 INFO o.a.j.t.JMeterThread: Thread finished: S2 1-111
2026-10-06 08:18:44,101 INFO o.a.j.t.JMeterThread: Stopping because end time detected by thread: S2 1-402
2026-10-06 08:18:44,101 INFO o.a.j.t.JMeterThread: Thread finished: S2 1-402
2026-10-06 08:18:44,110 INFO o.a.j.t.JMeterThread: Stopping because end time detected by thread: S2 1-48
2026-10-06 08:18:44,111 INFO o.a.j.t.JMeterThread: Thread finished: S2 1-48
2026-10-06 08:18:44,114 INFO o.a.j.t.JMeterThread: Stopping because end time detected by thread: S2 1-134
2026-10-06 08:18:44,114 INFO o.a.j.t.JMeterThread: Thread finished: S2 1-134
2026-10-06 08:18:44,114 INFO o.a.j.t.JMeterThread: Stopping because end time detected by thread: S2 1-56
2026-10-06 08:18:44,114 INFO o.a.j.t.JMeterThread: Thread finished: S2 1-56
2026-10-06 08:18:44,115 INFO o.a.j.t.JMeterThread: Stopping because end time detected by thread: S2 1-391
2026-10-06 08:18:44,115 INFO o.a.j.t.JMeterThread: Thread finished: S2 1-391
2026-10-06 08:18:44,116 INFO o.a.j.t.JMeterThread: Stopping because end time detected by thread: S2 1-226
2026-10-06 08:18:44,116 INFO o.a.j.t.JMeterThread: Thread finished: S2 1-226
2026-10-06 08:18:44,118 INFO o.a.j.t.JMeterThread: Stopping because end time detected by thread: S2 1-240
2026-10-06 08:18:44,118 INFO o.a.j.t.JMeterThread: Thread finished: S2 1-240
2026-10-06 08:18:44,125 INFO o.a.j.t.JMeterThread: Stopping because end time detected by thread: S2 1-241
2026-10-06 08:18:44,125 INFO o.a.j.t.JMeterThread: Thread finished: S2 1-241
2026-10-06 08:18:44,180 INFO o.a.j.t.JMeterThread: Stopping because end time detected by thread: S2 1-191
2026-10-06 08:18:44,180 INFO o.a.j.t.JMeterThread: Thread finished: S2 1-191
2026-10-06 08:18:44,182 INFO o.a.j.t.JMeterThread: Stopping because end time detected by thread: S2 1-187
2026-10-06 08:18:44,182 INFO o.a.j.t.JMeterThread: Thread finished: S2 1-187
2026-10-06 08:18:44,190 INFO o.a.j.t.JMeterThread: Stopping because end time detected by thread: S2 1-198
2026-10-06 08:18:44,190 INFO o.a.j.t.JMeterThread: Thread finished: S2 1-198
2026-10-06 08:18:44,202 INFO o.a.j.t.JMeterThread: Stopping because end time detected by thread: S2 1-164
2026-10-06 08:18:44,202 INFO o.a.j.t.JMeterThread: Thread finished: S2 1-164
2026-10-06 08:18:44,209 INFO o.a.j.t.JMeterThread: Stopping because end time detected by thread: S2 1-220
2026-10-06 08:18:44,209 INFO o.a.j.t.JMeterThread: Thread finished: S2 1-220
2026-10-06 08:18:44,214 INFO o.a.j.t.JMeterThread: Stopping because end time detected by thread: S2 1-246
2026-10-06 08:18:44,214 INFO o.a.j.t.JMeterThread: Thread finished: S2 1-246
2026-10-06 08:18:44,284 INFO o.a.j.t.JMeterThread: Stopping because end time detected by thread: S2 1-590
2026-10-06 08:18:44,284 INFO o.a.j.t.JMeterThread: Thread finished: S2 1-590
2026-10-06 08:18:44,284 INFO o.a.j.t.JMeterThread: Stopping because end time detected by thread: S2 1-228
2026-10-06 08:18:44,284 INFO o.a.j.t.JMeterThread: Thread finished: S2 1-228
2026-10-06 08:18:44,286 INFO o.a.j.t.JMeterThread: Stopping because end time detected by thread: S2 1-283
2026-10-06 08:18:44,286 INFO o.a.j.t.JMeterThread: Thread finished: S2 1-283
2026-10-06 08:18:44,300 INFO o.a.j.t.JMeterThread: Stopping because end time detected by thread: S2 1-419
2026-10-06 08:18:44,300 INFO o.a.j.t.JMeterThread: Thread finished: S2 1-419
2026-10-06 08:18:44,306 INFO o.a.j.t.JMeterThread: Stopping because end time detected by thread: S2 1-535
2026-10-06 08:18:44,306 INFO o.a.j.t.JMeterThread: Thread finished: S2 1-535
2026-10-06 08:18:44,311 INFO o.a.j.t.JMeterThread: Stopping because end time detected by thread: S2 1-257
2026-10-06 08:18:44,311 INFO o.a.j.t.JMeterThread: Thread finished: S2 1-257
2026-10-06 08:18:44,312 INFO o.a.j.t.JMeterThread: Stopping because end time detected by thread: S2 1-80
2026-10-06 08:18:44,312 INFO o.a.j.t.JMeterThread: Thread finished: S2 1-80
2026-10-06 08:18:44,315 INFO o.a.j.t.JMeterThread: Stopping because end time detected by thread: S2 1-1
2026-10-06 08:18:44,315 INFO o.a.j.t.JMeterThread: Thread finished: S2 1-1
2026-10-06 08:18:44,315 INFO o.a.j.t.JMeterThread: Stopping because end time detected by thread: S2 1-382
2026-10-06 08:18:44,315 INFO o.a.j.t.JMeterThread: Thread finished: S2 1-382
2026-10-06 08:18:44,385 INFO o.a.j.t.JMeterThread: Stopping because end time detected by thread: S2 1-766
2026-10-06 08:18:44,385 INFO o.a.j.t.JMeterThread: Thread finished: S2 1-766
2026-10-06 08:18:44,389 INFO o.a.j.t.JMeterThread: Stopping because end time detected by thread: S2 1-415
2026-10-06 08:18:44,389 INFO o.a.j.t.JMeterThread: Thread finished: S2 1-415
2026-10-06 08:18:44,398 INFO o.a.j.t.JMeterThread: Stopping because end time detected by thread: S2 1-204
2026-10-06 08:18:44,398 INFO o.a.j.t.JMeterThread: Thread finished: S2 1-204
2026-10-06 08:18:44,408 INFO o.a.j.t.JMeterThread: Stopping because end time detected by thread: S2 1-303
2026-10-06 08:18:44,408 INFO o.a.j.t.JMeterThread: Thread finished: S2 1-303
2026-10-06 08:18:44,409 INFO o.a.j.t.JMeterThread: Stopping because end time detected by thread: S2 1-368
2026-10-06 08:18:44,409 INFO o.a.j.t.JMeterThread: Thread finished: S2 1-368
2026-10-06 08:18:44,414 INFO o.a.j.t.JMeterThread: Stopping because end time detected by thread: S2 1-649
2026-10-06 08:18:44,414 INFO o.a.j.t.JMeterThread: Thread finished: S2 1-649
2026-10-06 08:18:44,416 INFO o.a.j.t.JMeterThread: Stopping because end time detected by thread: S2 1-119
2026-10-06 08:18:44,416 INFO o.a.j.t.JMeterThread: Thread finished: S2 1-119
2026-10-06 08:18:44,419 INFO o.a.j.t.JMeterThread: Stopping because end time detected by thread: S2 1-64
2026-10-06 08:18:44,419 INFO o.a.j.t.JMeterThread: Thread finished: S2 1-64
2026-10-06 08:18:44,424 INFO o.a.j.t.JMeterThread: Stopping because end time detected by thread: S2 1-389
2026-10-06 08:18:44,424 INFO o.a.j.t.JMeterThread: Thread finished: S2 1-389
2026-10-06 08:18:44,482 INFO o.a.j.t.JMeterThread: Stopping because end time detected by thread: S2 1-726
2026-10-06 08:18:44,482 INFO o.a.j.t.JMeterThread: Thread finished: S2 1-726
2026-10-06 08:18:44,493 INFO o.a.j.t.JMeterThread: Stopping because end time detected by thread: S2 1-756
2026-10-06 08:18:44,493 INFO o.a.j.t.JMeterThread: Thread finished: S2 1-756
2026-10-06 08:18:44,493 INFO o.a.j.t.JMeterThread: Stopping because end time detected by thread: S2 1-621
2026-10-06 08:18:44,496 INFO o.a.j.t.JMeterThread: Thread finished: S2 1-621
2026-10-06 08:18:44,500 INFO o.a.j.t.JMeterThread: Stopping because end time detected by thread: S2 1-690
2026-10-06 08:18:44,500 INFO o.a.j.t.JMeterThread: Stopping because end time detected by thread: S2 1-557
2026-10-06 08:18:44,501 INFO o.a.j.t.JMeterThread: Thread finished: S2 1-690
2026-10-06 08:18:44,501 INFO o.a.j.t.JMeterThread: Thread finished: S2 1-557
2026-10-06 08:18:44,502 INFO o.a.j.t.JMeterThread: Stopping because end time detected by thread: S2 1-969
2026-10-06 08:18:44,502 INFO o.a.j.t.JMeterThread: Thread finished: S2 1-969
2026-10-06 08:18:44,505 INFO o.a.j.t.JMeterThread: Stopping because end time detected by thread: S2 1-642
2026-10-06 08:18:44,505 INFO o.a.j.t.JMeterThread: Thread finished: S2 1-642
2026-10-06 08:18:44,507 INFO o.a.j.t.JMeterThread: Stopping because end time detected by thread: S2 1-638
2026-10-06 08:18:44,507 INFO o.a.j.t.JMeterThread: Thread finished: S2 1-638
2026-10-06 08:18:44,511 INFO o.a.j.t.JMeterThread: Stopping because end time detected by thread: S2 1-383
2026-10-06 08:18:44,511 INFO o.a.j.t.JMeterThread: Thread finished: S2 1-383
2026-10-06 08:18:44,513 INFO o.a.j.t.JMeterThread: Stopping because end time detected by thread: S2 1-731
2026-10-06 08:18:44,513 INFO o.a.j.t.JMeterThread: Thread finished: S2 1-731
2026-10-06 08:18:44,517 INFO o.a.j.t.JMeterThread: Stopping because end time detected by thread: S2 1-622
2026-10-06 08:18:44,517 INFO o.a.j.t.JMeterThread: Thread finished: S2 1-622
2026-10-06 08:18:44,584 INFO o.a.j.t.JMeterThread: Stopping because end time detected by thread: S2 1-37
2026-10-06 08:18:44,584 INFO o.a.j.t.JMeterThread: Thread finished: S2 1-37
2026-10-06 08:18:44,585 INFO o.a.j.t.JMeterThread: Stopping because end time detected by thread: S2 1-596
2026-10-06 08:18:44,585 INFO o.a.j.t.JMeterThread: Thread finished: S2 1-596
2026-10-06 08:18:44,586 INFO o.a.j.t.JMeterThread: Stopping because end time detected by thread: S2 1-364
2026-10-06 08:18:44,586 INFO o.a.j.t.JMeterThread: Thread finished: S2 1-364
2026-10-06 08:18:44,590 INFO o.a.j.t.JMeterThread: Stopping because end time detected by thread: S2 1-412
2026-10-06 08:18:44,590 INFO o.a.j.t.JMeterThread: Thread finished: S2 1-412
2026-10-06 08:18:44,592 INFO o.a.j.t.JMeterThread: Stopping because end time detected by thread: S2 1-55
2026-10-06 08:18:44,592 INFO o.a.j.t.JMeterThread: Thread finished: S2 1-55
2026-10-06 08:18:44,593 INFO o.a.j.t.JMeterThread: Stopping because end time detected by thread: S2 1-148
2026-10-06 08:18:44,593 INFO o.a.j.t.JMeterThread: Thread finished: S2 1-148
2026-10-06 08:18:44,596 INFO o.a.j.t.JMeterThread: Stopping because end time detected by thread: S2 1-698
2026-10-06 08:18:44,596 INFO o.a.j.t.JMeterThread: Thread finished: S2 1-698
2026-10-06 08:18:44,604 INFO o.a.j.t.JMeterThread: Stopping because end time detected by thread: S2 1-376
2026-10-06 08:18:44,604 INFO o.a.j.t.JMeterThread: Thread finished: S2 1-376
2026-10-06 08:18:44,605 INFO o.a.j.t.JMeterThread: Stopping because end time detected by thread: S2 1-224
2026-10-06 08:18:44,605 INFO o.a.j.t.JMeterThread: Thread finished: S2 1-224
2026-10-06 08:18:44,612 INFO o.a.j.t.JMeterThread: Stopping because end time detected by thread: S2 1-762
2026-10-06 08:18:44,613 INFO o.a.j.t.JMeterThread: Thread finished: S2 1-762
2026-10-06 08:18:44,613 INFO o.a.j.t.JMeterThread: Stopping because end time detected by thread: S2 1-242
2026-10-06 08:18:44,613 INFO o.a.j.t.JMeterThread: Thread finished: S2 1-242
2026-10-06 08:18:44,614 INFO o.a.j.t.JMeterThread: Stopping because end time detected by thread: S2 1-392
2026-10-06 08:18:44,614 INFO o.a.j.t.JMeterThread: Stopping because end time detected by thread: S2 1-212
2026-10-06 08:18:44,614 INFO o.a.j.t.JMeterThread: Thread finished: S2 1-392
2026-10-06 08:18:44,614 INFO o.a.j.t.JMeterThread: Thread finished: S2 1-212
2026-10-06 08:18:44,615 INFO o.a.j.t.JMeterThread: Stopping because end time detected by thread: S2 1-149
2026-10-06 08:18:44,615 INFO o.a.j.t.JMeterThread: Thread finished: S2 1-149
2026-10-06 08:18:44,679 INFO o.a.j.t.JMeterThread: Stopping because end time detected by thread: S2 1-42
2026-10-06 08:18:44,679 INFO o.a.j.t.JMeterThread: Thread finished: S2 1-42
2026-10-06 08:18:44,680 INFO o.a.j.t.JMeterThread: Stopping because end time detected by thread: S2 1-443
2026-10-06 08:18:44,680 INFO o.a.j.t.JMeterThread: Thread finished: S2 1-443
2026-10-06 08:18:44,689 INFO o.a.j.t.JMeterThread: Stopping because end time detected by thread: S2 1-218
2026-10-06 08:18:44,689 INFO o.a.j.t.JMeterThread: Thread finished: S2 1-218
2026-10-06 08:18:44,696 INFO o.a.j.t.JMeterThread: Stopping because end time detected by thread: S2 1-739
2026-10-06 08:18:44,696 INFO o.a.j.t.JMeterThread: Thread finished: S2 1-739
2026-10-06 08:18:44,697 INFO o.a.j.t.JMeterThread: Stopping because end time detected by thread: S2 1-167
2026-10-06 08:18:44,697 INFO o.a.j.t.JMeterThread: Thread finished: S2 1-167
2026-10-06 08:18:44,698 INFO o.a.j.t.JMeterThread: Stopping because end time detected by thread: S2 1-277
2026-10-06 08:18:44,698 INFO o.a.j.t.JMeterThread: Thread finished: S2 1-277
2026-10-06 08:18:44,700 INFO o.a.j.t.JMeterThread: Stopping because end time detected by thread: S2 1-27
2026-10-06 08:18:44,700 INFO o.a.j.t.JMeterThread: Thread finished: S2 1-27
2026-10-06 08:18:44,701 INFO o.a.j.t.JMeterThread: Stopping because end time detected by thread: S2 1-657
2026-10-06 08:18:44,701 INFO o.a.j.t.JMeterThread: Thread finished: S2 1-657
2026-10-06 08:18:44,703 INFO o.a.j.t.JMeterThread: Stopping because end time detected by thread: S2 1-759
2026-10-06 08:18:44,703 INFO o.a.j.t.JMeterThread: Thread finished: S2 1-759
2026-10-06 08:18:44,708 INFO o.a.j.t.JMeterThread: Stopping because end time detected by thread: S2 1-372
2026-10-06 08:18:44,708 INFO o.a.j.t.JMeterThread: Thread finished: S2 1-372
2026-10-06 08:18:44,715 INFO o.a.j.t.JMeterThread: Stopping because end time detected by thread: S2 1-641
2026-10-06 08:18:44,716 INFO o.a.j.t.JMeterThread: Thread finished: S2 1-641
2026-10-06 08:18:44,716 INFO o.a.j.t.JMeterThread: Stopping because end time detected by thread: S2 1-57
2026-10-06 08:18:44,716 INFO o.a.j.t.JMeterThread: Thread finished: S2 1-57
2026-10-06 08:18:44,781 INFO o.a.j.t.JMeterThread: Stopping because end time detected by thread: S2 1-626
2026-10-06 08:18:44,782 INFO o.a.j.t.JMeterThread: Thread finished: S2 1-626
2026-10-06 08:18:44,782 INFO o.a.j.t.JMeterThread: Stopping because end time detected by thread: S2 1-653
2026-10-06 08:18:44,782 INFO o.a.j.t.JMeterThread: Thread finished: S2 1-653
2026-10-06 08:18:44,784 INFO o.a.j.t.JMeterThread: Stopping because end time detected by thread: S2 1-972
2026-10-06 08:18:44,784 INFO o.a.j.t.JMeterThread: Thread finished: S2 1-972
2026-10-06 08:18:44,784 INFO o.a.j.t.JMeterThread: Stopping because end time detected by thread: S2 1-537
2026-10-06 08:18:44,785 INFO o.a.j.t.JMeterThread: Thread finished: S2 1-537
2026-10-06 08:18:44,785 INFO o.a.j.t.JMeterThread: Stopping because end time detected by thread: S2 1-332
2026-10-06 08:18:44,785 INFO o.a.j.t.JMeterThread: Thread finished: S2 1-332
2026-10-06 08:18:44,785 INFO o.a.j.t.JMeterThread: Stopping because end time detected by thread: S2 1-214
2026-10-06 08:18:44,785 INFO o.a.j.t.JMeterThread: Thread finished: S2 1-214
2026-10-06 08:18:44,787 INFO o.a.j.t.JMeterThread: Stopping because end time detected by thread: S2 1-825
2026-10-06 08:18:44,787 INFO o.a.j.t.JMeterThread: Thread finished: S2 1-825
2026-10-06 08:18:44,788 INFO o.a.j.t.JMeterThread: Stopping because end time detected by thread: S2 1-589
2026-10-06 08:18:44,788 INFO o.a.j.t.JMeterThread: Thread finished: S2 1-589
2026-10-06 08:18:44,788 INFO o.a.j.t.JMeterThread: Stopping because end time detected by thread: S2 1-758
2026-10-06 08:18:44,789 INFO o.a.j.t.JMeterThread: Thread finished: S2 1-758
2026-10-06 08:18:44,802 INFO o.a.j.t.JMeterThread: Stopping because end time detected by thread: S2 1-76
2026-10-06 08:18:44,802 INFO o.a.j.t.JMeterThread: Thread finished: S2 1-76
2026-10-06 08:18:44,808 INFO o.a.j.t.JMeterThread: Stopping because end time detected by thread: S2 1-426
2026-10-06 08:18:44,808 INFO o.a.j.t.JMeterThread: Thread finished: S2 1-426
2026-10-06 08:18:44,816 INFO o.a.j.t.JMeterThread: Stopping because end time detected by thread: S2 1-156
2026-10-06 08:18:44,816 INFO o.a.j.t.JMeterThread: Stopping because end time detected by thread: S2 1-410
2026-10-06 08:18:44,816 INFO o.a.j.t.JMeterThread: Thread finished: S2 1-156
2026-10-06 08:18:44,816 INFO o.a.j.t.JMeterThread: Thread finished: S2 1-410
2026-10-06 08:18:44,820 INFO o.a.j.t.JMeterThread: Stopping because end time detected by thread: S2 1-743
2026-10-06 08:18:44,820 INFO o.a.j.t.JMeterThread: Thread finished: S2 1-743
2026-10-06 08:18:44,881 INFO o.a.j.t.JMeterThread: Stopping because end time detected by thread: S2 1-444
2026-10-06 08:18:44,882 INFO o.a.j.t.JMeterThread: Thread finished: S2 1-444
2026-10-06 08:18:44,882 INFO o.a.j.t.JMeterThread: Stopping because end time detected by thread: S2 1-234
2026-10-06 08:18:44,882 INFO o.a.j.t.JMeterThread: Thread finished: S2 1-234
2026-10-06 08:18:44,885 INFO o.a.j.t.JMeterThread: Stopping because end time detected by thread: S2 1-629
2026-10-06 08:18:44,885 INFO o.a.j.t.JMeterThread: Thread finished: S2 1-629
2026-10-06 08:18:44,886 INFO o.a.j.t.JMeterThread: Stopping because end time detected by thread: S2 1-735
2026-10-06 08:18:44,886 INFO o.a.j.t.JMeterThread: Thread finished: S2 1-735
2026-10-06 08:18:44,889 INFO o.a.j.t.JMeterThread: Stopping because end time detected by thread: S2 1-714
2026-10-06 08:18:44,889 INFO o.a.j.t.JMeterThread: Thread finished: S2 1-714
2026-10-06 08:18:44,891 INFO o.a.j.t.JMeterThread: Stopping because end time detected by thread: S2 1-565
2026-10-06 08:18:44,891 INFO o.a.j.t.JMeterThread: Thread finished: S2 1-565
2026-10-06 08:18:44,892 INFO o.a.j.t.JMeterThread: Stopping because end time detected by thread: S2 1-225
2026-10-06 08:18:44,892 INFO o.a.j.t.JMeterThread: Thread finished: S2 1-225
2026-10-06 08:18:44,901 INFO o.a.j.t.JMeterThread: Stopping because end time detected by thread: S2 1-216
2026-10-06 08:18:44,902 INFO o.a.j.t.JMeterThread: Thread finished: S2 1-216
2026-10-06 08:18:44,907 INFO o.a.j.t.JMeterThread: Stopping because end time detected by thread: S2 1-408
2026-10-06 08:18:44,907 INFO o.a.j.t.JMeterThread: Thread finished: S2 1-408
2026-10-06 08:18:44,907 INFO o.a.j.t.JMeterThread: Stopping because end time detected by thread: S2 1-742
2026-10-06 08:18:44,907 INFO o.a.j.t.JMeterThread: Thread finished: S2 1-742
2026-10-06 08:18:44,915 INFO o.a.j.t.JMeterThread: Stopping because end time detected by thread: S2 1-51
2026-10-06 08:18:44,915 INFO o.a.j.t.JMeterThread: Thread finished: S2 1-51
2026-10-06 08:18:44,916 INFO o.a.j.t.JMeterThread: Stopping because end time detected by thread: S2 1-250
2026-10-06 08:18:44,916 INFO o.a.j.t.JMeterThread: Thread finished: S2 1-250
2026-10-06 08:18:44,985 INFO o.a.j.t.JMeterThread: Stopping because end time detected by thread: S2 1-770
2026-10-06 08:18:44,985 INFO o.a.j.t.JMeterThread: Thread finished: S2 1-770
2026-10-06 08:18:44,989 INFO o.a.j.t.JMeterThread: Stopping because end time detected by thread: S2 1-390
2026-10-06 08:18:44,992 INFO o.a.j.t.JMeterThread: Thread finished: S2 1-390
2026-10-06 08:18:44,992 INFO o.a.j.t.JMeterThread: Stopping because end time detected by thread: S2 1-747
2026-10-06 08:18:44,992 INFO o.a.j.t.JMeterThread: Thread finished: S2 1-747
2026-10-06 08:18:44,992 INFO o.a.j.t.JMeterThread: Stopping because end time detected by thread: S2 1-370
2026-10-06 08:18:44,992 INFO o.a.j.t.JMeterThread: Thread finished: S2 1-370
2026-10-06 08:18:44,994 INFO o.a.j.t.JMeterThread: Stopping because end time detected by thread: S2 1-993
2026-10-06 08:18:44,994 INFO o.a.j.t.JMeterThread: Thread finished: S2 1-993
2026-10-06 08:18:44,995 INFO o.a.j.t.JMeterThread: Stopping because end time detected by thread: S2 1-693
2026-10-06 08:18:44,995 INFO o.a.j.t.JMeterThread: Thread finished: S2 1-693
2026-10-06 08:18:44,998 INFO o.a.j.t.JMeterThread: Stopping because end time detected by thread: S2 1-344
2026-10-06 08:18:44,998 INFO o.a.j.t.JMeterThread: Thread finished: S2 1-344
2026-10-06 08:18:45,002 INFO o.a.j.t.JMeterThread: Stopping because end time detected by thread: S2 1-423
2026-10-06 08:18:45,002 INFO o.a.j.t.JMeterThread: Thread finished: S2 1-423
2026-10-06 08:18:45,012 INFO o.a.j.t.JMeterThread: Stopping because end time detected by thread: S2 1-186
2026-10-06 08:18:45,012 INFO o.a.j.t.JMeterThread: Thread finished: S2 1-186
2026-10-06 08:18:45,013 INFO o.a.j.t.JMeterThread: Stopping because end time detected by thread: S2 1-585
2026-10-06 08:18:45,014 INFO o.a.j.t.JMeterThread: Thread finished: S2 1-585
2026-10-06 08:18:45,021 INFO o.a.j.t.JMeterThread: Stopping because end time detected by thread: S2 1-673
2026-10-06 08:18:45,021 INFO o.a.j.t.JMeterThread: Thread finished: S2 1-673
2026-10-06 08:18:45,021 INFO o.a.j.t.JMeterThread: Stopping because end time detected by thread: S2 1-122
2026-10-06 08:18:45,021 INFO o.a.j.t.JMeterThread: Thread finished: S2 1-122
2026-10-06 08:18:45,079 INFO o.a.j.t.JMeterThread: Stopping because end time detected by thread: S2 1-746
2026-10-06 08:18:45,079 INFO o.a.j.t.JMeterThread: Thread finished: S2 1-746
2026-10-06 08:18:45,086 INFO o.a.j.t.JMeterThread: Stopping because end time detected by thread: S2 1-573
2026-10-06 08:18:45,086 INFO o.a.j.t.JMeterThread: Thread finished: S2 1-573
2026-10-06 08:18:45,089 INFO o.a.j.t.JMeterThread: Stopping because end time detected by thread: S2 1-681
2026-10-06 08:18:45,089 INFO o.a.j.t.JMeterThread: Stopping because end time detected by thread: S2 1-398
2026-10-06 08:18:45,089 INFO o.a.j.t.JMeterThread: Thread finished: S2 1-681
2026-10-06 08:18:45,089 INFO o.a.j.t.JMeterThread: Stopping because end time detected by thread: S2 1-22
2026-10-06 08:18:45,089 INFO o.a.j.t.JMeterThread: Thread finished: S2 1-22
2026-10-06 08:18:45,089 INFO o.a.j.t.JMeterThread: Thread finished: S2 1-398
2026-10-06 08:18:45,104 INFO o.a.j.t.JMeterThread: Stopping because end time detected by thread: S2 1-451
2026-10-06 08:18:45,104 INFO o.a.j.t.JMeterThread: Stopping because end time detected by thread: S2 1-19
2026-10-06 08:18:45,104 INFO o.a.j.t.JMeterThread: Thread finished: S2 1-451
2026-10-06 08:18:45,104 INFO o.a.j.t.JMeterThread: Thread finished: S2 1-19
2026-10-06 08:18:45,107 INFO o.a.j.t.JMeterThread: Stopping because end time detected by thread: S2 1-424
2026-10-06 08:18:45,107 INFO o.a.j.t.JMeterThread: Thread finished: S2 1-424
2026-10-06 08:18:45,112 INFO o.a.j.t.JMeterThread: Stopping because end time detected by thread: S2 1-763
2026-10-06 08:18:45,112 INFO o.a.j.t.JMeterThread: Thread finished: S2 1-763
2026-10-06 08:18:45,113 INFO o.a.j.t.JMeterThread: Stopping because end time detected by thread: S2 1-315
2026-10-06 08:18:45,113 INFO o.a.j.t.JMeterThread: Thread finished: S2 1-315
2026-10-06 08:18:45,115 INFO o.a.j.t.JMeterThread: Stopping because end time detected by thread: S2 1-223
2026-10-06 08:18:45,115 INFO o.a.j.t.JMeterThread: Thread finished: S2 1-223
2026-10-06 08:18:45,116 INFO o.a.j.t.JMeterThread: Stopping because end time detected by thread: S2 1-754
2026-10-06 08:18:45,116 INFO o.a.j.t.JMeterThread: Thread finished: S2 1-754
2026-10-06 08:18:45,119 INFO o.a.j.t.JMeterThread: Stopping because end time detected by thread: S2 1-132
2026-10-06 08:18:45,119 INFO o.a.j.t.JMeterThread: Thread finished: S2 1-132
2026-10-06 08:18:45,179 INFO o.a.j.t.JMeterThread: Stopping because end time detected by thread: S2 1-58
2026-10-06 08:18:45,179 INFO o.a.j.t.JMeterThread: Thread finished: S2 1-58
2026-10-06 08:18:45,183 INFO o.a.j.t.JMeterThread: Stopping because end time detected by thread: S2 1-752
2026-10-06 08:18:45,183 INFO o.a.j.t.JMeterThread: Thread finished: S2 1-752
2026-10-06 08:18:45,184 INFO o.a.j.t.JMeterThread: Stopping because end time detected by thread: S2 1-713
2026-10-06 08:18:45,184 INFO o.a.j.t.JMeterThread: Thread finished: S2 1-713
2026-10-06 08:18:45,186 INFO o.a.j.t.JMeterThread: Stopping because end time detected by thread: S2 1-133
2026-10-06 08:18:45,186 INFO o.a.j.t.JMeterThread: Thread finished: S2 1-133
2026-10-06 08:18:45,188 INFO o.a.j.t.JMeterThread: Stopping because end time detected by thread: S2 1-434
2026-10-06 08:18:45,188 INFO o.a.j.t.JMeterThread: Thread finished: S2 1-434
2026-10-06 08:18:45,192 INFO o.a.j.t.JMeterThread: Stopping because end time detected by thread: S2 1-814
2026-10-06 08:18:45,192 INFO o.a.j.t.JMeterThread: Thread finished: S2 1-814
2026-10-06 08:18:45,194 INFO o.a.j.t.JMeterThread: Stopping because end time detected by thread: S2 1-416
2026-10-06 08:18:45,194 INFO o.a.j.t.JMeterThread: Thread finished: S2 1-416
2026-10-06 08:18:45,195 INFO o.a.j.t.JMeterThread: Stopping because end time detected by thread: S2 1-617
2026-10-06 08:18:45,195 INFO o.a.j.t.JMeterThread: Thread finished: S2 1-617
2026-10-06 08:18:45,200 INFO o.a.j.t.JMeterThread: Stopping because end time detected by thread: S2 1-805
2026-10-06 08:18:45,200 INFO o.a.j.t.JMeterThread: Thread finished: S2 1-805
2026-10-06 08:18:45,207 INFO o.a.j.t.JMeterThread: Stopping because end time detected by thread: S2 1-618
2026-10-06 08:18:45,207 INFO o.a.j.t.JMeterThread: Thread finished: S2 1-618
2026-10-06 08:18:45,210 INFO o.a.j.t.JMeterThread: Stopping because end time detected by thread: S2 1-786
2026-10-06 08:18:45,210 INFO o.a.j.t.JMeterThread: Thread finished: S2 1-786
2026-10-06 08:18:45,211 INFO o.a.j.t.JMeterThread: Stopping because end time detected by thread: S2 1-665
2026-10-06 08:18:45,211 INFO o.a.j.t.JMeterThread: Thread finished: S2 1-665
2026-10-06 08:18:45,211 INFO o.a.j.t.JMeterThread: Stopping because end time detected by thread: S2 1-171
2026-10-06 08:18:45,211 INFO o.a.j.t.JMeterThread: Thread finished: S2 1-171
2026-10-06 08:18:45,212 INFO o.a.j.t.JMeterThread: Stopping because end time detected by thread: S2 1-388
2026-10-06 08:18:45,212 INFO o.a.j.t.JMeterThread: Thread finished: S2 1-388
2026-10-06 08:18:45,281 INFO o.a.j.t.JMeterThread: Stopping because end time detected by thread: S2 1-722
2026-10-06 08:18:45,281 INFO o.a.j.t.JMeterThread: Thread finished: S2 1-722
2026-10-06 08:18:45,288 INFO o.a.j.t.JMeterThread: Stopping because end time detected by thread: S2 1-774
2026-10-06 08:18:45,288 INFO o.a.j.t.JMeterThread: Thread finished: S2 1-774
2026-10-06 08:18:45,292 INFO o.a.j.t.JMeterThread: Stopping because end time detected by thread: S2 1-775
2026-10-06 08:18:45,293 INFO o.a.j.t.JMeterThread: Thread finished: S2 1-775
2026-10-06 08:18:45,293 INFO o.a.j.t.JMeterThread: Stopping because end time detected by thread: S2 1-802
2026-10-06 08:18:45,293 INFO o.a.j.t.JMeterThread: Thread finished: S2 1-802
2026-10-06 08:18:45,295 INFO o.a.j.t.JMeterThread: Stopping because end time detected by thread: S2 1-447
2026-10-06 08:18:45,295 INFO o.a.j.t.JMeterThread: Thread finished: S2 1-447
2026-10-06 08:18:45,300 INFO o.a.j.t.JMeterThread: Stopping because end time detected by thread: S2 1-54
2026-10-06 08:18:45,300 INFO o.a.j.t.JMeterThread: Thread finished: S2 1-54
2026-10-06 08:18:45,306 INFO o.a.j.t.JMeterThread: Stopping because end time detected by thread: S2 1-779
2026-10-06 08:18:45,306 INFO o.a.j.t.JMeterThread: Thread finished: S2 1-779
2026-10-06 08:18:45,308 INFO o.a.j.t.JMeterThread: Stopping because end time detected by thread: S2 1-435
2026-10-06 08:18:45,308 INFO o.a.j.t.JMeterThread: Thread finished: S2 1-435
2026-10-06 08:18:45,309 INFO o.a.j.t.JMeterThread: Stopping because end time detected by thread: S2 1-429
2026-10-06 08:18:45,310 INFO o.a.j.t.JMeterThread: Thread finished: S2 1-429
2026-10-06 08:18:45,311 INFO o.a.j.t.JMeterThread: Stopping because end time detected by thread: S2 1-661
2026-10-06 08:18:45,311 INFO o.a.j.t.JMeterThread: Thread finished: S2 1-661
2026-10-06 08:18:45,312 INFO o.a.j.t.JMeterThread: Stopping because end time detected by thread: S2 1-682
2026-10-06 08:18:45,313 INFO o.a.j.t.JMeterThread: Thread finished: S2 1-682
2026-10-06 08:18:45,317 INFO o.a.j.t.JMeterThread: Stopping because end time detected by thread: S2 1-343
2026-10-06 08:18:45,317 INFO o.a.j.t.JMeterThread: Thread finished: S2 1-343
2026-10-06 08:18:45,319 INFO o.a.j.t.JMeterThread: Stopping because end time detected by thread: S2 1-569
2026-10-06 08:18:45,319 INFO o.a.j.t.JMeterThread: Thread finished: S2 1-569
2026-10-06 08:18:45,320 INFO o.a.j.t.JMeterThread: Stopping because end time detected by thread: S2 1-778
2026-10-06 08:18:45,320 INFO o.a.j.t.JMeterThread: Thread finished: S2 1-778
2026-10-06 08:18:45,324 INFO o.a.j.t.JMeterThread: Stopping because end time detected by thread: S2 1-597
2026-10-06 08:18:45,324 INFO o.a.j.t.JMeterThread: Thread finished: S2 1-597
2026-10-06 08:18:45,381 INFO o.a.j.t.JMeterThread: Stopping because end time detected by thread: S2 1-238
2026-10-06 08:18:45,381 INFO o.a.j.t.JMeterThread: Thread finished: S2 1-238
2026-10-06 08:18:45,384 INFO o.a.j.t.JMeterThread: Stopping because end time detected by thread: S2 1-685
2026-10-06 08:18:45,384 INFO o.a.j.t.JMeterThread: Thread finished: S2 1-685
2026-10-06 08:18:45,385 INFO o.a.j.t.JMeterThread: Stopping because end time detected by thread: S2 1-729
2026-10-06 08:18:45,385 INFO o.a.j.t.JMeterThread: Thread finished: S2 1-729
2026-10-06 08:18:45,400 INFO o.a.j.t.JMeterThread: Stopping because end time detected by thread: S2 1-380
2026-10-06 08:18:45,400 INFO o.a.j.t.JMeterThread: Thread finished: S2 1-380
2026-10-06 08:18:45,400 INFO o.a.j.t.JMeterThread: Stopping because end time detected by thread: S2 1-593
2026-10-06 08:18:45,401 INFO o.a.j.t.JMeterThread: Thread finished: S2 1-593
2026-10-06 08:18:45,401 INFO o.a.j.t.JMeterThread: Stopping because end time detected by thread: S2 1-232
2026-10-06 08:18:45,402 INFO o.a.j.t.JMeterThread: Thread finished: S2 1-232
2026-10-06 08:18:45,404 INFO o.a.j.t.JMeterThread: Stopping because end time detected by thread: S2 1-386
2026-10-06 08:18:45,404 INFO o.a.j.t.JMeterThread: Thread finished: S2 1-386
2026-10-06 08:18:45,410 INFO o.a.j.t.JMeterThread: Stopping because end time detected by thread: S2 1-790
2026-10-06 08:18:45,410 INFO o.a.j.t.JMeterThread: Thread finished: S2 1-790
2026-10-06 08:18:45,411 INFO o.a.j.t.JMeterThread: Stopping because end time detected by thread: S2 1-422
2026-10-06 08:18:45,411 INFO o.a.j.t.JMeterThread: Thread finished: S2 1-422
2026-10-06 08:18:45,412 INFO o.a.j.t.JMeterThread: Stopping because end time detected by thread: S2 1-70
2026-10-06 08:18:45,412 INFO o.a.j.t.JMeterThread: Thread finished: S2 1-70
2026-10-06 08:18:45,421 INFO o.a.j.t.JMeterThread: Stopping because end time detected by thread: S2 1-459
2026-10-06 08:18:45,422 INFO o.a.j.t.JMeterThread: Thread finished: S2 1-459
2026-10-06 08:18:45,425 INFO o.a.j.t.JMeterThread: Stopping because end time detected by thread: S2 1-82
2026-10-06 08:18:45,425 INFO o.a.j.t.JMeterThread: Thread finished: S2 1-82
2026-10-06 08:18:45,484 INFO o.a.j.t.JMeterThread: Stopping because end time detected by thread: S2 1-633
2026-10-06 08:18:45,484 INFO o.a.j.t.JMeterThread: Stopping because end time detected by thread: S2 1-669
2026-10-06 08:18:45,484 INFO o.a.j.t.JMeterThread: Thread finished: S2 1-669
2026-10-06 08:18:45,485 INFO o.a.j.t.JMeterThread: Thread finished: S2 1-633
2026-10-06 08:18:45,488 INFO o.a.j.t.JMeterThread: Stopping because end time detected by thread: S2 1-79
2026-10-06 08:18:45,488 INFO o.a.j.t.JMeterThread: Thread finished: S2 1-79
2026-10-06 08:18:45,488 INFO o.a.j.t.JMeterThread: Stopping because end time detected by thread: S2 1-41
2026-10-06 08:18:45,488 INFO o.a.j.t.JMeterThread: Thread finished: S2 1-41
2026-10-06 08:18:45,500 INFO o.a.j.t.JMeterThread: Stopping because end time detected by thread: S2 1-291
2026-10-06 08:18:45,500 INFO o.a.j.t.JMeterThread: Thread finished: S2 1-291
2026-10-06 08:18:45,500 INFO o.a.j.t.JMeterThread: Stopping because end time detected by thread: S2 1-236
2026-10-06 08:18:45,500 INFO o.a.j.t.JMeterThread: Thread finished: S2 1-236
2026-10-06 08:18:45,502 INFO o.a.j.t.JMeterThread: Stopping because end time detected by thread: S2 1-990
2026-10-06 08:18:45,502 INFO o.a.j.t.JMeterThread: Stopping because end time detected by thread: S2 1-439
2026-10-06 08:18:45,502 INFO o.a.j.t.JMeterThread: Thread finished: S2 1-990
2026-10-06 08:18:45,502 INFO o.a.j.t.JMeterThread: Thread finished: S2 1-439
2026-10-06 08:18:45,503 INFO o.a.j.t.JMeterThread: Stopping because end time detected by thread: S2 1-45
2026-10-06 08:18:45,503 INFO o.a.j.t.JMeterThread: Thread finished: S2 1-45
2026-10-06 08:18:45,504 INFO o.a.j.t.JMeterThread: Stopping because end time detected by thread: S2 1-553
2026-10-06 08:18:45,504 INFO o.a.j.t.JMeterThread: Thread finished: S2 1-553
2026-10-06 08:18:45,505 INFO o.a.j.t.JMeterThread: Stopping because end time detected by thread: S2 1-18
2026-10-06 08:18:45,505 INFO o.a.j.t.JMeterThread: Thread finished: S2 1-18
2026-10-06 08:18:45,510 INFO o.a.j.t.JMeterThread: Stopping because end time detected by thread: S2 1-245
2026-10-06 08:18:45,510 INFO o.a.j.t.JMeterThread: Thread finished: S2 1-245
2026-10-06 08:18:45,511 INFO o.a.j.t.JMeterThread: Stopping because end time detected by thread: S2 1-436
2026-10-06 08:18:45,511 INFO o.a.j.t.JMeterThread: Thread finished: S2 1-436
2026-10-06 08:18:45,513 INFO o.a.j.t.JMeterThread: Stopping because end time detected by thread: S2 1-753
2026-10-06 08:18:45,513 INFO o.a.j.t.JMeterThread: Thread finished: S2 1-753
2026-10-06 08:18:45,517 INFO o.a.j.t.JMeterThread: Stopping because end time detected by thread: S2 1-646
2026-10-06 08:18:45,517 INFO o.a.j.t.JMeterThread: Thread finished: S2 1-646
2026-10-06 08:18:45,519 INFO o.a.j.t.JMeterThread: Stopping because end time detected by thread: S2 1-677
2026-10-06 08:18:45,519 INFO o.a.j.t.JMeterThread: Thread finished: S2 1-677
2026-10-06 08:18:45,583 INFO o.a.j.t.JMeterThread: Stopping because end time detected by thread: S2 1-625
2026-10-06 08:18:45,583 INFO o.a.j.t.JMeterThread: Thread finished: S2 1-625
2026-10-06 08:18:45,585 INFO o.a.j.t.JMeterThread: Stopping because end time detected by thread: S2 1-432
2026-10-06 08:18:45,585 INFO o.a.j.t.JMeterThread: Thread finished: S2 1-432
2026-10-06 08:18:45,586 INFO o.a.j.t.JMeterThread: Stopping because end time detected by thread: S2 1-785
2026-10-06 08:18:45,586 INFO o.a.j.t.JMeterThread: Thread finished: S2 1-785
2026-10-06 08:18:45,587 INFO o.a.j.t.JMeterThread: Stopping because end time detected by thread: S2 1-244
2026-10-06 08:18:45,587 INFO o.a.j.t.JMeterThread: Thread finished: S2 1-244
2026-10-06 08:18:45,588 INFO o.a.j.t.JMeterThread: Stopping because end time detected by thread: S2 1-771
2026-10-06 08:18:45,588 INFO o.a.j.t.JMeterThread: Thread finished: S2 1-771
2026-10-06 08:18:45,589 INFO o.a.j.t.JMeterThread: Stopping because end time detected by thread: S2 1-135
2026-10-06 08:18:45,590 INFO o.a.j.t.JMeterThread: Thread finished: S2 1-135
2026-10-06 08:18:45,592 INFO o.a.j.t.JMeterThread: Stopping because end time detected by thread: S2 1-851
2026-10-06 08:18:45,592 INFO o.a.j.t.JMeterThread: Thread finished: S2 1-851
2026-10-06 08:18:45,593 INFO o.a.j.t.JMeterThread: Stopping because end time detected by thread: S2 1-95
2026-10-06 08:18:45,593 INFO o.a.j.t.JMeterThread: Thread finished: S2 1-95
2026-10-06 08:18:45,599 INFO o.a.j.t.JMeterThread: Stopping because end time detected by thread: S2 1-355
2026-10-06 08:18:45,599 INFO o.a.j.t.JMeterThread: Thread finished: S2 1-355
2026-10-06 08:18:45,606 INFO o.a.j.t.JMeterThread: Stopping because end time detected by thread: S2 1-811
2026-10-06 08:18:45,607 INFO o.a.j.t.JMeterThread: Thread finished: S2 1-811
2026-10-06 08:18:45,610 INFO o.a.j.t.JMeterThread: Stopping because end time detected by thread: S2 1-427
2026-10-06 08:18:45,611 INFO o.a.j.t.JMeterThread: Thread finished: S2 1-427
2026-10-06 08:18:45,614 INFO o.a.j.t.JMeterThread: Stopping because end time detected by thread: S2 1-142
2026-10-06 08:18:45,614 INFO o.a.j.t.JMeterThread: Thread finished: S2 1-142
2026-10-06 08:18:45,619 INFO o.a.j.t.JMeterThread: Stopping because end time detected by thread: S2 1-25
2026-10-06 08:18:45,619 INFO o.a.j.t.JMeterThread: Thread finished: S2 1-25
2026-10-06 08:18:45,620 INFO o.a.j.t.JMeterThread: Stopping because end time detected by thread: S2 1-818
2026-10-06 08:18:45,620 INFO o.a.j.t.JMeterThread: Thread finished: S2 1-818
2026-10-06 08:18:45,623 INFO o.a.j.t.JMeterThread: Stopping because end time detected by thread: S2 1-446
2026-10-06 08:18:45,623 INFO o.a.j.t.JMeterThread: Thread finished: S2 1-446
2026-10-06 08:18:45,679 INFO o.a.j.t.JMeterThread: Stopping because end time detected by thread: S2 1-787
2026-10-06 08:18:45,679 INFO o.a.j.t.JMeterThread: Thread finished: S2 1-787
2026-10-06 08:18:45,681 INFO o.a.j.t.JMeterThread: Stopping because end time detected by thread: S2 1-817
2026-10-06 08:18:45,681 INFO o.a.j.t.JMeterThread: Thread finished: S2 1-817
2026-10-06 08:18:45,681 INFO o.a.j.t.JMeterThread: Stopping because end time detected by thread: S2 1-827
2026-10-06 08:18:45,681 INFO o.a.j.t.JMeterThread: Thread finished: S2 1-827
2026-10-06 08:18:45,684 INFO o.a.j.t.JMeterThread: Stopping because end time detected by thread: S2 1-637
2026-10-06 08:18:45,684 INFO o.a.j.t.JMeterThread: Thread finished: S2 1-637
2026-10-06 08:18:45,690 INFO o.a.j.t.JMeterThread: Stopping because end time detected by thread: S2 1-407
2026-10-06 08:18:45,690 INFO o.a.j.t.JMeterThread: Thread finished: S2 1-407
2026-10-06 08:18:45,694 INFO o.a.j.t.JMeterThread: Stopping because end time detected by thread: S2 1-828
2026-10-06 08:18:45,694 INFO o.a.j.t.JMeterThread: Thread finished: S2 1-828
2026-10-06 08:18:45,694 INFO o.a.j.t.JMeterThread: Stopping because end time detected by thread: S2 1-733
2026-10-06 08:18:45,695 INFO o.a.j.t.JMeterThread: Thread finished: S2 1-733
2026-10-06 08:18:45,699 INFO o.a.j.t.JMeterThread: Stopping because end time detected by thread: S2 1-725
2026-10-06 08:18:45,699 INFO o.a.j.t.JMeterThread: Thread finished: S2 1-725
2026-10-06 08:18:45,706 INFO o.a.j.t.JMeterThread: Stopping because end time detected by thread: S2 1-8
2026-10-06 08:18:45,706 INFO o.a.j.t.JMeterThread: Thread finished: S2 1-8
2026-10-06 08:18:45,710 INFO o.a.j.t.JMeterThread: Stopping because end time detected by thread: S2 1-848
2026-10-06 08:18:45,710 INFO o.a.j.t.JMeterThread: Stopping because end time detected by thread: S2 1-320
2026-10-06 08:18:45,710 INFO o.a.j.t.JMeterThread: Thread finished: S2 1-848
2026-10-06 08:18:45,710 INFO o.a.j.t.JMeterThread: Thread finished: S2 1-320
2026-10-06 08:18:45,717 INFO o.a.j.t.JMeterThread: Stopping because end time detected by thread: S2 1-52
2026-10-06 08:18:45,717 INFO o.a.j.t.JMeterThread: Thread finished: S2 1-52
2026-10-06 08:18:45,717 INFO o.a.j.t.JMeterThread: Stopping because end time detected by thread: S2 1-74
2026-10-06 08:18:45,717 INFO o.a.j.t.JMeterThread: Thread finished: S2 1-74
2026-10-06 08:18:45,718 INFO o.a.j.t.JMeterThread: Stopping because end time detected by thread: S2 1-175
2026-10-06 08:18:45,718 INFO o.a.j.t.JMeterThread: Thread finished: S2 1-175
2026-10-06 08:18:45,720 INFO o.a.j.t.JMeterThread: Stopping because end time detected by thread: S2 1-237
2026-10-06 08:18:45,720 INFO o.a.j.t.JMeterThread: Thread finished: S2 1-237
2026-10-06 08:18:45,782 INFO o.a.j.t.JMeterThread: Stopping because end time detected by thread: S2 1-744
2026-10-06 08:18:45,782 INFO o.a.j.t.JMeterThread: Thread finished: S2 1-744
2026-10-06 08:18:45,788 INFO o.a.j.t.JMeterThread: Stopping because end time detected by thread: S2 1-335
2026-10-06 08:18:45,788 INFO o.a.j.t.JMeterThread: Thread finished: S2 1-335
2026-10-06 08:18:45,798 INFO o.a.j.t.JMeterThread: Stopping because end time detected by thread: S2 1-136
2026-10-06 08:18:45,799 INFO o.a.j.t.JMeterThread: Thread finished: S2 1-136
2026-10-06 08:18:45,799 INFO o.a.j.t.JMeterThread: Stopping because end time detected by thread: S2 1-648
2026-10-06 08:18:45,799 INFO o.a.j.t.JMeterThread: Thread finished: S2 1-648
2026-10-06 08:18:45,800 INFO o.a.j.t.JMeterThread: Stopping because end time detected by thread: S2 1-161
2026-10-06 08:18:45,800 INFO o.a.j.t.JMeterThread: Thread finished: S2 1-161
2026-10-06 08:18:45,801 INFO o.a.j.t.JMeterThread: Stopping because end time detected by thread: S2 1-806
2026-10-06 08:18:45,801 INFO o.a.j.t.JMeterThread: Thread finished: S2 1-806
2026-10-06 08:18:45,805 INFO o.a.j.t.JMeterThread: Stopping because end time detected by thread: S2 1-36
2026-10-06 08:18:45,805 INFO o.a.j.t.JMeterThread: Thread finished: S2 1-36
2026-10-06 08:18:45,807 INFO o.a.j.t.JMeterThread: Stopping because end time detected by thread: S2 1-143
2026-10-06 08:18:45,807 INFO o.a.j.t.JMeterThread: Thread finished: S2 1-143
2026-10-06 08:18:45,808 INFO o.a.j.t.JMeterThread: Stopping because end time detected by thread: S2 1-810
2026-10-06 08:18:45,808 INFO o.a.j.t.JMeterThread: Thread finished: S2 1-810
2026-10-06 08:18:45,808 INFO o.a.j.t.JMeterThread: Stopping because end time detected by thread: S2 1-815
2026-10-06 08:18:45,808 INFO o.a.j.t.JMeterThread: Stopping because end time detected by thread: S2 1-268
2026-10-06 08:18:45,808 INFO o.a.j.t.JMeterThread: Thread finished: S2 1-815
2026-10-06 08:18:45,808 INFO o.a.j.t.JMeterThread: Thread finished: S2 1-268
2026-10-06 08:18:45,808 INFO o.a.j.t.JMeterThread: Stopping because end time detected by thread: S2 1-794
2026-10-06 08:18:45,808 INFO o.a.j.t.JMeterThread: Thread finished: S2 1-794
2026-10-06 08:18:45,888 INFO o.a.j.t.JMeterThread: Stopping because end time detected by thread: S2 1-450
2026-10-06 08:18:45,888 INFO o.a.j.t.JMeterThread: Thread finished: S2 1-450
2026-10-06 08:18:45,891 INFO o.a.j.t.JMeterThread: Stopping because end time detected by thread: S2 1-613
2026-10-06 08:18:45,891 INFO o.a.j.t.JMeterThread: Thread finished: S2 1-613
2026-10-06 08:18:45,895 INFO o.a.j.t.JMeterThread: Stopping because end time detected by thread: S2 1-139
2026-10-06 08:18:45,895 INFO o.a.j.t.JMeterThread: Thread finished: S2 1-139
2026-10-06 08:18:45,896 INFO o.a.j.t.JMeterThread: Stopping because end time detected by thread: S2 1-438
2026-10-06 08:18:45,896 INFO o.a.j.t.JMeterThread: Thread finished: S2 1-438
2026-10-06 08:18:45,898 INFO o.a.j.t.JMeterThread: Stopping because end time detected by thread: S2 1-252
2026-10-06 08:18:45,898 INFO o.a.j.t.JMeterThread: Thread finished: S2 1-252
2026-10-06 08:18:45,905 INFO o.a.j.t.JMeterThread: Stopping because end time detected by thread: S2 1-694
2026-10-06 08:18:45,906 INFO o.a.j.t.JMeterThread: Thread finished: S2 1-694
2026-10-06 08:18:45,909 INFO o.a.j.t.JMeterThread: Stopping because end time detected by thread: S2 1-468
2026-10-06 08:18:45,909 INFO o.a.j.t.JMeterThread: Thread finished: S2 1-468
2026-10-06 08:18:45,910 INFO o.a.j.t.JMeterThread: Stopping because end time detected by thread: S2 1-479
2026-10-06 08:18:45,910 INFO o.a.j.t.JMeterThread: Thread finished: S2 1-479
2026-10-06 08:18:45,911 INFO o.a.j.t.JMeterThread: Stopping because end time detected by thread: S2 1-183
2026-10-06 08:18:45,911 INFO o.a.j.t.JMeterThread: Thread finished: S2 1-183
2026-10-06 08:18:45,916 INFO o.a.j.t.JMeterThread: Stopping because end time detected by thread: S2 1-418
2026-10-06 08:18:45,916 INFO o.a.j.t.JMeterThread: Thread finished: S2 1-418
2026-10-06 08:18:45,916 INFO o.a.j.t.JMeterThread: Stopping because end time detected by thread: S2 1-190
2026-10-06 08:18:45,916 INFO o.a.j.t.JMeterThread: Stopping because end time detected by thread: S2 1-83
2026-10-06 08:18:45,916 INFO o.a.j.t.JMeterThread: Thread finished: S2 1-190
2026-10-06 08:18:45,916 INFO o.a.j.t.JMeterThread: Thread finished: S2 1-83
2026-10-06 08:18:45,921 INFO o.a.j.t.JMeterThread: Stopping because end time detected by thread: S2 1-31
2026-10-06 08:18:45,921 INFO o.a.j.t.JMeterThread: Thread finished: S2 1-31
2026-10-06 08:18:45,924 INFO o.a.j.t.JMeterThread: Stopping because end time detected by thread: S2 1-799
2026-10-06 08:18:45,924 INFO o.a.j.t.JMeterThread: Thread finished: S2 1-799
2026-10-06 08:18:45,982 INFO o.a.j.t.JMeterThread: Stopping because end time detected by thread: S2 1-737
2026-10-06 08:18:45,985 INFO o.a.j.t.JMeterThread: Thread finished: S2 1-737
2026-10-06 08:18:45,983 INFO o.a.j.t.JMeterThread: Stopping because end time detected by thread: S2 1-697
2026-10-06 08:18:45,985 INFO o.a.j.t.JMeterThread: Thread finished: S2 1-697
2026-10-06 08:18:45,986 INFO o.a.j.t.JMeterThread: Stopping because end time detected by thread: S2 1-165
2026-10-06 08:18:45,986 INFO o.a.j.t.JMeterThread: Thread finished: S2 1-165
2026-10-06 08:18:45,992 INFO o.a.j.t.JMeterThread: Stopping because end time detected by thread: S2 1-163
2026-10-06 08:18:45,992 INFO o.a.j.t.JMeterThread: Thread finished: S2 1-163
2026-10-06 08:18:45,993 INFO o.a.j.t.JMeterThread: Stopping because end time detected by thread: S2 1-709
2026-10-06 08:18:45,993 INFO o.a.j.t.JMeterThread: Thread finished: S2 1-709
2026-10-06 08:18:45,997 INFO o.a.j.t.JMeterThread: Stopping because end time detected by thread: S2 1-84
2026-10-06 08:18:45,997 INFO o.a.j.t.JMeterThread: Thread finished: S2 1-84
2026-10-06 08:18:45,997 INFO o.a.j.t.JMeterThread: Stopping because end time detected by thread: S2 1-331
2026-10-06 08:18:45,997 INFO o.a.j.t.JMeterThread: Thread finished: S2 1-331
2026-10-06 08:18:45,999 INFO o.a.j.t.JMeterThread: Stopping because end time detected by thread: S2 1-251
2026-10-06 08:18:45,999 INFO o.a.j.t.JMeterThread: Thread finished: S2 1-251
2026-10-06 08:18:46,003 INFO o.a.j.t.JMeterThread: Stopping because end time detected by thread: S2 1-843
2026-10-06 08:18:46,003 INFO o.a.j.t.JMeterThread: Thread finished: S2 1-843
2026-10-06 08:18:46,010 INFO o.a.j.t.JMeterThread: Stopping because end time detected by thread: S2 1-601
2026-10-06 08:18:46,010 INFO o.a.j.t.JMeterThread: Thread finished: S2 1-601
2026-10-06 08:18:46,016 INFO o.a.j.t.JMeterThread: Stopping because end time detected by thread: S2 1-803
2026-10-06 08:18:46,016 INFO o.a.j.t.JMeterThread: Thread finished: S2 1-803
2026-10-06 08:18:46,019 INFO o.a.j.t.JMeterThread: Stopping because end time detected by thread: S2 1-701
2026-10-06 08:18:46,019 INFO o.a.j.t.JMeterThread: Thread finished: S2 1-701
2026-10-06 08:18:46,019 INFO o.a.j.t.JMeterThread: Stopping because end time detected by thread: S2 1-258
2026-10-06 08:18:46,020 INFO o.a.j.t.JMeterThread: Thread finished: S2 1-258
2026-10-06 08:18:46,084 INFO o.a.j.t.JMeterThread: Stopping because end time detected by thread: S2 1-692
2026-10-06 08:18:46,084 INFO o.a.j.t.JMeterThread: Thread finished: S2 1-692
2026-10-06 08:18:46,092 INFO o.a.j.t.JMeterThread: Stopping because end time detected by thread: S2 1-816
2026-10-06 08:18:46,092 INFO o.a.j.t.JMeterThread: Thread finished: S2 1-816
2026-10-06 08:18:46,093 INFO o.a.j.t.JMeterThread: Stopping because end time detected by thread: S2 1-260
2026-10-06 08:18:46,093 INFO o.a.j.t.JMeterThread: Thread finished: S2 1-260
2026-10-06 08:18:46,096 INFO o.a.j.t.JMeterThread: Stopping because end time detected by thread: S2 1-847
2026-10-06 08:18:46,096 INFO o.a.j.t.JMeterThread: Thread finished: S2 1-847
2026-10-06 08:18:46,103 INFO o.a.j.t.JMeterThread: Stopping because end time detected by thread: S2 1-721
2026-10-06 08:18:46,103 INFO o.a.j.t.JMeterThread: Thread finished: S2 1-721
2026-10-06 08:18:46,107 INFO o.a.j.t.JMeterThread: Stopping because end time detected by thread: S2 1-253
2026-10-06 08:18:46,107 INFO o.a.j.t.JMeterThread: Thread finished: S2 1-253
2026-10-06 08:18:46,113 INFO o.a.j.t.JMeterThread: Stopping because end time detected by thread: S2 1-68
2026-10-06 08:18:46,113 INFO o.a.j.t.JMeterThread: Thread finished: S2 1-68
2026-10-06 08:18:46,116 INFO o.a.j.t.JMeterThread: Stopping because end time detected by thread: S2 1-741
2026-10-06 08:18:46,116 INFO o.a.j.t.JMeterThread: Thread finished: S2 1-741
2026-10-06 08:18:46,181 INFO o.a.j.t.JMeterThread: Stopping because end time detected by thread: S2 1-11
2026-10-06 08:18:46,181 INFO o.a.j.t.JMeterThread: Thread finished: S2 1-11
2026-10-06 08:18:46,185 INFO o.a.j.t.JMeterThread: Stopping because end time detected by thread: S2 1-431
2026-10-06 08:18:46,185 INFO o.a.j.t.JMeterThread: Thread finished: S2 1-431
2026-10-06 08:18:46,186 INFO o.a.j.t.JMeterThread: Stopping because end time detected by thread: S2 1-807
2026-10-06 08:18:46,186 INFO o.a.j.t.JMeterThread: Thread finished: S2 1-807
2026-10-06 08:18:46,188 INFO o.a.j.t.JMeterThread: Stopping because end time detected by thread: S2 1-672
2026-10-06 08:18:46,188 INFO o.a.j.t.JMeterThread: Thread finished: S2 1-672
2026-10-06 08:18:46,189 INFO o.a.j.t.JMeterThread: Stopping because end time detected by thread: S2 1-660
2026-10-06 08:18:46,189 INFO o.a.j.t.JMeterThread: Stopping because end time detected by thread: S2 1-115
2026-10-06 08:18:46,189 INFO o.a.j.t.JMeterThread: Thread finished: S2 1-660
2026-10-06 08:18:46,189 INFO o.a.j.t.JMeterThread: Thread finished: S2 1-115
2026-10-06 08:18:46,190 INFO o.a.j.t.JMeterThread: Stopping because end time detected by thread: S2 1-688
2026-10-06 08:18:46,190 INFO o.a.j.t.JMeterThread: Thread finished: S2 1-688
2026-10-06 08:18:46,195 INFO o.a.j.t.JMeterThread: Stopping because end time detected by thread: S2 1-440
2026-10-06 08:18:46,195 INFO o.a.j.t.JMeterThread: Thread finished: S2 1-440
2026-10-06 08:18:46,196 INFO o.a.j.t.JMeterThread: Stopping because end time detected by thread: S2 1-351
2026-10-06 08:18:46,196 INFO o.a.j.t.JMeterThread: Thread finished: S2 1-351
2026-10-06 08:18:46,198 INFO o.a.j.t.JMeterThread: Stopping because end time detected by thread: S2 1-789
2026-10-06 08:18:46,198 INFO o.a.j.t.JMeterThread: Thread finished: S2 1-789
2026-10-06 08:18:46,209 INFO o.a.j.t.JMeterThread: Stopping because end time detected by thread: S2 1-323
2026-10-06 08:18:46,209 INFO o.a.j.t.JMeterThread: Thread finished: S2 1-323
2026-10-06 08:18:46,211 INFO o.a.j.t.JMeterThread: Stopping because end time detected by thread: S2 1-153
2026-10-06 08:18:46,211 INFO o.a.j.t.JMeterThread: Thread finished: S2 1-153
2026-10-06 08:18:46,214 INFO o.a.j.t.JMeterThread: Stopping because end time detected by thread: S2 1-420
2026-10-06 08:18:46,214 INFO o.a.j.t.JMeterThread: Thread finished: S2 1-420
2026-10-06 08:18:46,216 INFO o.a.j.t.JMeterThread: Stopping because end time detected by thread: S2 1-795
2026-10-06 08:18:46,216 INFO o.a.j.t.JMeterThread: Thread finished: S2 1-795
2026-10-06 08:18:46,218 INFO o.a.j.t.JMeterThread: Stopping because end time detected by thread: S2 1-751
2026-10-06 08:18:46,218 INFO o.a.j.t.JMeterThread: Thread finished: S2 1-751
2026-10-06 08:18:46,220 INFO o.a.j.t.JMeterThread: Stopping because end time detected by thread: S2 1-499
2026-10-06 08:18:46,220 INFO o.a.j.t.JMeterThread: Thread finished: S2 1-499
2026-10-06 08:18:46,282 INFO o.a.j.t.JMeterThread: Stopping because end time detected by thread: S2 1-652
2026-10-06 08:18:46,283 INFO o.a.j.t.JMeterThread: Thread finished: S2 1-652
2026-10-06 08:18:46,284 INFO o.a.j.t.JMeterThread: Stopping because end time detected by thread: S2 1-147
2026-10-06 08:18:46,284 INFO o.a.j.t.JMeterThread: Thread finished: S2 1-147
2026-10-06 08:18:46,286 INFO o.a.j.t.JMeterThread: Stopping because end time detected by thread: S2 1-839
2026-10-06 08:18:46,286 INFO o.a.j.t.JMeterThread: Thread finished: S2 1-839
2026-10-06 08:18:46,287 INFO o.a.j.t.JMeterThread: Stopping because end time detected by thread: S2 1-371
2026-10-06 08:18:46,287 INFO o.a.j.t.JMeterThread: Thread finished: S2 1-371
2026-10-06 08:18:46,295 INFO o.a.j.t.JMeterThread: Stopping because end time detected by thread: S2 1-63
2026-10-06 08:18:46,295 INFO o.a.j.t.JMeterThread: Thread finished: S2 1-63
2026-10-06 08:18:46,299 INFO o.a.j.t.JMeterThread: Stopping because end time detected by thread: S2 1-160
2026-10-06 08:18:46,299 INFO o.a.j.t.JMeterThread: Thread finished: S2 1-160
2026-10-06 08:18:46,304 INFO o.a.j.t.JMeterThread: Stopping because end time detected by thread: S2 1-78
2026-10-06 08:18:46,304 INFO o.a.j.t.JMeterThread: Thread finished: S2 1-78
2026-10-06 08:18:46,306 INFO o.a.j.t.JMeterThread: Stopping because end time detected by thread: S2 1-264
2026-10-06 08:18:46,306 INFO o.a.j.t.JMeterThread: Thread finished: S2 1-264
2026-10-06 08:18:46,317 INFO o.a.j.t.JMeterThread: Stopping because end time detected by thread: S2 1-823
2026-10-06 08:18:46,317 INFO o.a.j.t.JMeterThread: Thread finished: S2 1-823
2026-10-06 08:18:46,319 INFO o.a.j.t.JMeterThread: Stopping because end time detected by thread: S2 1-262
2026-10-06 08:18:46,319 INFO o.a.j.t.JMeterThread: Stopping because end time detected by thread: S2 1-703
2026-10-06 08:18:46,319 INFO o.a.j.t.JMeterThread: Thread finished: S2 1-262
2026-10-06 08:18:46,319 INFO o.a.j.t.JMeterThread: Thread finished: S2 1-703
2026-10-06 08:18:46,320 INFO o.a.j.t.JMeterThread: Stopping because end time detected by thread: S2 1-88
2026-10-06 08:18:46,320 INFO o.a.j.t.JMeterThread: Thread finished: S2 1-88
2026-10-06 08:18:46,320 INFO o.a.j.t.JMeterThread: Stopping because end time detected by thread: S2 1-831
2026-10-06 08:18:46,320 INFO o.a.j.t.JMeterThread: Thread finished: S2 1-831
2026-10-06 08:18:46,324 INFO o.a.j.t.JMeterThread: Stopping because end time detected by thread: S2 1-773
2026-10-06 08:18:46,325 INFO o.a.j.t.JMeterThread: Thread finished: S2 1-773
2026-10-06 08:18:46,381 INFO o.a.j.t.JMeterThread: Stopping because end time detected by thread: S2 1-844
2026-10-06 08:18:46,381 INFO o.a.j.t.JMeterThread: Thread finished: S2 1-844
2026-10-06 08:18:46,385 INFO o.a.j.t.JMeterThread: Stopping because end time detected by thread: S2 1-339
2026-10-06 08:18:46,385 INFO o.a.j.t.JMeterThread: Thread finished: S2 1-339
2026-10-06 08:18:46,386 INFO o.a.j.t.JMeterThread: Stopping because end time detected by thread: S2 1-676
2026-10-06 08:18:46,386 INFO o.a.j.t.JMeterThread: Thread finished: S2 1-676
2026-10-06 08:18:46,387 INFO o.a.j.t.JMeterThread: Stopping because end time detected by thread: S2 1-840
2026-10-06 08:18:46,387 INFO o.a.j.t.JMeterThread: Thread finished: S2 1-840
2026-10-06 08:18:46,390 INFO o.a.j.t.JMeterThread: Stopping because end time detected by thread: S2 1-91
2026-10-06 08:18:46,390 INFO o.a.j.t.JMeterThread: Thread finished: S2 1-91
2026-10-06 08:18:46,396 INFO o.a.j.t.JMeterThread: Stopping because end time detected by thread: S2 1-467
2026-10-06 08:18:46,397 INFO o.a.j.t.JMeterThread: Thread finished: S2 1-467
2026-10-06 08:18:46,399 INFO o.a.j.t.JMeterThread: Stopping because end time detected by thread: S2 1-141
2026-10-06 08:18:46,400 INFO o.a.j.t.JMeterThread: Thread finished: S2 1-141
2026-10-06 08:18:46,402 INFO o.a.j.t.JMeterThread: Stopping because end time detected by thread: S2 1-863
2026-10-06 08:18:46,402 INFO o.a.j.t.JMeterThread: Thread finished: S2 1-863
2026-10-06 08:18:46,403 INFO o.a.j.t.JMeterThread: Stopping because end time detected by thread: S2 1-154
2026-10-06 08:18:46,403 INFO o.a.j.t.JMeterThread: Thread finished: S2 1-154
2026-10-06 08:18:46,406 INFO o.a.j.t.JMeterThread: Stopping because end time detected by thread: S2 1-272
2026-10-06 08:18:46,406 INFO o.a.j.t.JMeterThread: Thread finished: S2 1-272
2026-10-06 08:18:46,408 INFO o.a.j.t.JMeterThread: Stopping because end time detected by thread: S2 1-783
2026-10-06 08:18:46,408 INFO o.a.j.t.JMeterThread: Thread finished: S2 1-783
2026-10-06 08:18:46,408 INFO o.a.j.t.JMeterThread: Stopping because end time detected by thread: S2 1-859
2026-10-06 08:18:46,408 INFO o.a.j.t.JMeterThread: Thread finished: S2 1-859
2026-10-06 08:18:46,409 INFO o.a.j.t.JMeterThread: Stopping because end time detected by thread: S2 1-855
2026-10-06 08:18:46,409 INFO o.a.j.t.JMeterThread: Thread finished: S2 1-855
2026-10-06 08:18:46,414 INFO o.a.j.t.JMeterThread: Stopping because end time detected by thread: S2 1-856
2026-10-06 08:18:46,414 INFO o.a.j.t.JMeterThread: Thread finished: S2 1-856
2026-10-06 08:18:46,415 INFO o.a.j.t.JMeterThread: Stopping because end time detected by thread: S2 1-363
2026-10-06 08:18:46,415 INFO o.a.j.t.JMeterThread: Thread finished: S2 1-363
2026-10-06 08:18:46,420 INFO o.a.j.t.JMeterThread: Stopping because end time detected by thread: S2 1-483
2026-10-06 08:18:46,420 INFO o.a.j.t.JMeterThread: Thread finished: S2 1-483
2026-10-06 08:18:46,420 INFO o.a.j.t.JMeterThread: Stopping because end time detected by thread: S2 1-769
2026-10-06 08:18:46,420 INFO o.a.j.t.JMeterThread: Thread finished: S2 1-769
2026-10-06 08:18:46,421 INFO o.a.j.t.JMeterThread: Stopping because end time detected by thread: S2 1-157
2026-10-06 08:18:46,421 INFO o.a.j.t.JMeterThread: Thread finished: S2 1-157
2026-10-06 08:18:46,482 INFO o.a.j.t.JMeterThread: Stopping because end time detected by thread: S2 1-75
2026-10-06 08:18:46,482 INFO o.a.j.t.JMeterThread: Thread finished: S2 1-75
2026-10-06 08:18:46,487 INFO o.a.j.t.JMeterThread: Stopping because end time detected by thread: S2 1-832
2026-10-06 08:18:46,487 INFO o.a.j.t.JMeterThread: Thread finished: S2 1-832
2026-10-06 08:18:46,488 INFO o.a.j.t.JMeterThread: Stopping because end time detected by thread: S2 1-488
2026-10-06 08:18:46,488 INFO o.a.j.t.JMeterThread: Thread finished: S2 1-488
2026-10-06 08:18:46,490 INFO o.a.j.t.JMeterThread: Stopping because end time detected by thread: S2 1-452
2026-10-06 08:18:46,490 INFO o.a.j.t.JMeterThread: Thread finished: S2 1-452
2026-10-06 08:18:46,490 INFO o.a.j.t.JMeterThread: Stopping because end time detected by thread: S2 1-604
2026-10-06 08:18:46,490 INFO o.a.j.t.JMeterThread: Thread finished: S2 1-604
2026-10-06 08:18:46,494 INFO o.a.j.t.JMeterThread: Stopping because end time detected by thread: S2 1-883
2026-10-06 08:18:46,494 INFO o.a.j.t.JMeterThread: Thread finished: S2 1-883
2026-10-06 08:18:46,494 INFO o.a.j.t.JMeterThread: Stopping because end time detected by thread: S2 1-834
2026-10-06 08:18:46,494 INFO o.a.j.t.JMeterThread: Thread finished: S2 1-834
2026-10-06 08:18:46,496 INFO o.a.j.t.JMeterThread: Stopping because end time detected by thread: S2 1-146
2026-10-06 08:18:46,496 INFO o.a.j.t.JMeterThread: Thread finished: S2 1-146
2026-10-06 08:18:46,511 INFO o.a.j.t.JMeterThread: Stopping because end time detected by thread: S2 1-502
2026-10-06 08:18:46,511 INFO o.a.j.t.JMeterThread: Thread finished: S2 1-502
2026-10-06 08:18:46,516 INFO o.a.j.t.JMeterThread: Stopping because end time detected by thread: S2 1-259
2026-10-06 08:18:46,516 INFO o.a.j.t.JMeterThread: Thread finished: S2 1-259
2026-10-06 08:18:46,520 INFO o.a.j.t.JMeterThread: Stopping because end time detected by thread: S2 1-668
2026-10-06 08:18:46,520 INFO o.a.j.t.JMeterThread: Thread finished: S2 1-668
2026-10-06 08:18:46,521 INFO o.a.j.t.JMeterThread: Stopping because end time detected by thread: S2 1-442
2026-10-06 08:18:46,521 INFO o.a.j.t.JMeterThread: Thread finished: S2 1-442
2026-10-06 08:18:46,582 INFO o.a.j.t.JMeterThread: Stopping because end time detected by thread: S2 1-705
2026-10-06 08:18:46,582 INFO o.a.j.t.JMeterThread: Thread finished: S2 1-705
2026-10-06 08:18:46,583 INFO o.a.j.t.JMeterThread: Stopping because end time detected by thread: S2 1-860
2026-10-06 08:18:46,583 INFO o.a.j.t.JMeterThread: Thread finished: S2 1-860
2026-10-06 08:18:46,583 INFO o.a.j.t.JMeterThread: Stopping because end time detected by thread: S2 1-100
2026-10-06 08:18:46,583 INFO o.a.j.t.JMeterThread: Thread finished: S2 1-100
2026-10-06 08:18:46,598 INFO o.a.j.t.JMeterThread: Stopping because end time detected by thread: S2 1-864
2026-10-06 08:18:46,598 INFO o.a.j.t.JMeterThread: Thread finished: S2 1-864
2026-10-06 08:18:46,599 INFO o.a.j.t.JMeterThread: Stopping because end time detected by thread: S2 1-472
2026-10-06 08:18:46,599 INFO o.a.j.t.JMeterThread: Thread finished: S2 1-472
2026-10-06 08:18:46,600 INFO o.a.j.t.JMeterThread: Stopping because end time detected by thread: S2 1-884
2026-10-06 08:18:46,600 INFO o.a.j.t.JMeterThread: Thread finished: S2 1-884
2026-10-06 08:18:46,601 INFO o.a.j.t.JMeterThread: Stopping because end time detected by thread: S2 1-822
2026-10-06 08:18:46,601 INFO o.a.j.t.JMeterThread: Thread finished: S2 1-822
2026-10-06 08:18:46,605 INFO o.a.j.t.JMeterThread: Stopping because end time detected by thread: S2 1-712
2026-10-06 08:18:46,605 INFO o.a.j.t.JMeterThread: Thread finished: S2 1-712
2026-10-06 08:18:46,605 INFO o.a.j.t.JMeterThread: Stopping because end time detected by thread: S2 1-875
2026-10-06 08:18:46,605 INFO o.a.j.t.JMeterThread: Thread finished: S2 1-875
2026-10-06 08:18:46,614 INFO o.a.j.t.JMeterThread: Stopping because end time detected by thread: S2 1-140
2026-10-06 08:18:46,614 INFO o.a.j.t.JMeterThread: Thread finished: S2 1-140
2026-10-06 08:18:46,615 INFO o.a.j.t.JMeterThread: Stopping because end time detected by thread: S2 1-543
2026-10-06 08:18:46,615 INFO o.a.j.t.JMeterThread: Thread finished: S2 1-543
2026-10-06 08:18:46,615 INFO o.a.j.t.JMeterThread: Stopping because end time detected by thread: S2 1-151
2026-10-06 08:18:46,615 INFO o.a.j.t.JMeterThread: Thread finished: S2 1-151
2026-10-06 08:18:46,618 INFO o.a.j.t.JMeterThread: Stopping because end time detected by thread: S2 1-871
2026-10-06 08:18:46,618 INFO o.a.j.t.JMeterThread: Thread finished: S2 1-871
2026-10-06 08:18:46,621 INFO o.a.j.t.JMeterThread: Stopping because end time detected by thread: S2 1-899
2026-10-06 08:18:46,621 INFO o.a.j.t.JMeterThread: Thread finished: S2 1-899
2026-10-06 08:18:46,684 INFO o.a.j.t.JMeterThread: Stopping because end time detected by thread: S2 1-732
2026-10-06 08:18:46,684 INFO o.a.j.t.JMeterThread: Thread finished: S2 1-732
2026-10-06 08:18:46,686 INFO o.a.j.t.JMeterThread: Stopping because end time detected by thread: S2 1-664
2026-10-06 08:18:46,686 INFO o.a.j.t.JMeterThread: Thread finished: S2 1-664
2026-10-06 08:18:46,686 INFO o.a.j.t.JMeterThread: Stopping because end time detected by thread: S2 1-248
2026-10-06 08:18:46,687 INFO o.a.j.t.JMeterThread: Thread finished: S2 1-248
2026-10-06 08:18:46,696 INFO o.a.j.t.JMeterThread: Stopping because end time detected by thread: S2 1-179
2026-10-06 08:18:46,697 INFO o.a.j.t.JMeterThread: Thread finished: S2 1-179
2026-10-06 08:18:46,698 INFO o.a.j.t.JMeterThread: Stopping because end time detected by thread: S2 1-480
2026-10-06 08:18:46,698 INFO o.a.j.t.JMeterThread: Thread finished: S2 1-480
2026-10-06 08:18:46,700 INFO o.a.j.t.JMeterThread: Stopping because end time detected by thread: S2 1-511
2026-10-06 08:18:46,701 INFO o.a.j.t.JMeterThread: Thread finished: S2 1-511
2026-10-06 08:18:46,703 INFO o.a.j.t.JMeterThread: Stopping because end time detected by thread: S2 1-414
2026-10-06 08:18:46,703 INFO o.a.j.t.JMeterThread: Thread finished: S2 1-414
2026-10-06 08:18:46,706 INFO o.a.j.t.JMeterThread: Stopping because end time detected by thread: S2 1-471
2026-10-06 08:18:46,706 INFO o.a.j.t.JMeterThread: Thread finished: S2 1-471
2026-10-06 08:18:46,712 INFO o.a.j.t.JMeterThread: Stopping because end time detected by thread: S2 1-835
2026-10-06 08:18:46,712 INFO o.a.j.t.JMeterThread: Thread finished: S2 1-835
2026-10-06 08:18:46,713 INFO o.a.j.t.JMeterThread: Stopping because end time detected by thread: S2 1-645
2026-10-06 08:18:46,713 INFO o.a.j.t.JMeterThread: Thread finished: S2 1-645
2026-10-06 08:18:46,715 INFO o.a.j.t.JMeterThread: Stopping because end time detected by thread: S2 1-781
2026-10-06 08:18:46,715 INFO o.a.j.t.JMeterThread: Thread finished: S2 1-781
2026-10-06 08:18:46,717 INFO o.a.j.t.JMeterThread: Stopping because end time detected by thread: S2 1-261
2026-10-06 08:18:46,717 INFO o.a.j.t.JMeterThread: Thread finished: S2 1-261
2026-10-06 08:18:46,718 INFO o.a.j.t.JMeterThread: Stopping because end time detected by thread: S2 1-904
2026-10-06 08:18:46,718 INFO o.a.j.t.JMeterThread: Thread finished: S2 1-904
2026-10-06 08:18:46,720 INFO o.a.j.t.JMeterThread: Stopping because end time detected by thread: S2 1-708
2026-10-06 08:18:46,720 INFO o.a.j.t.JMeterThread: Thread finished: S2 1-708
2026-10-06 08:18:46,780 INFO o.a.j.t.JMeterThread: Stopping because end time detected by thread: S2 1-868
2026-10-06 08:18:46,780 INFO o.a.j.t.JMeterThread: Thread finished: S2 1-868
2026-10-06 08:18:46,786 INFO o.a.j.t.JMeterThread: Stopping because end time detected by thread: S2 1-266
2026-10-06 08:18:46,786 INFO o.a.j.t.JMeterThread: Thread finished: S2 1-266
2026-10-06 08:18:46,788 INFO o.a.j.t.JMeterThread: Stopping because end time detected by thread: S2 1-456
2026-10-06 08:18:46,788 INFO o.a.j.t.JMeterThread: Thread finished: S2 1-456
2026-10-06 08:18:46,790 INFO o.a.j.t.JMeterThread: Stopping because end time detected by thread: S2 1-710
2026-10-06 08:18:46,790 INFO o.a.j.t.JMeterThread: Thread finished: S2 1-710
2026-10-06 08:18:46,791 INFO o.a.j.t.JMeterThread: Stopping because end time detected by thread: S2 1-265
2026-10-06 08:18:46,791 INFO o.a.j.t.JMeterThread: Thread finished: S2 1-265
2026-10-06 08:18:46,793 INFO o.a.j.t.JMeterThread: Stopping because end time detected by thread: S2 1-836
2026-10-06 08:18:46,793 INFO o.a.j.t.JMeterThread: Thread finished: S2 1-836
2026-10-06 08:18:46,795 INFO o.a.j.t.JMeterThread: Stopping because end time detected by thread: S2 1-126
2026-10-06 08:18:46,796 INFO o.a.j.t.JMeterThread: Thread finished: S2 1-126
2026-10-06 08:18:46,802 INFO o.a.j.t.JMeterThread: Stopping because end time detected by thread: S2 1-782
2026-10-06 08:18:46,802 INFO o.a.j.t.JMeterThread: Thread finished: S2 1-782
2026-10-06 08:18:46,806 INFO o.a.j.t.JMeterThread: Stopping because end time detected by thread: S2 1-466
2026-10-06 08:18:46,806 INFO o.a.j.t.JMeterThread: Thread finished: S2 1-466
2026-10-06 08:18:46,807 INFO o.a.j.t.JMeterThread: Stopping because end time detected by thread: S2 1-270
2026-10-06 08:18:46,807 INFO o.a.j.t.JMeterThread: Thread finished: S2 1-270
2026-10-06 08:18:46,808 INFO o.a.j.t.JMeterThread: Stopping because end time detected by thread: S2 1-476
2026-10-06 08:18:46,808 INFO o.a.j.t.JMeterThread: Thread finished: S2 1-476
2026-10-06 08:18:46,809 INFO o.a.j.t.JMeterThread: Stopping because end time detected by thread: S2 1-716
2026-10-06 08:18:46,810 INFO o.a.j.t.JMeterThread: Thread finished: S2 1-716
2026-10-06 08:18:46,812 INFO o.a.j.t.JMeterThread: Stopping because end time detected by thread: S2 1-634
2026-10-06 08:18:46,812 INFO o.a.j.t.JMeterThread: Thread finished: S2 1-634
2026-10-06 08:18:46,820 INFO o.a.j.t.JMeterThread: Stopping because end time detected by thread: S2 1-145
2026-10-06 08:18:46,820 INFO o.a.j.t.JMeterThread: Thread finished: S2 1-145
2026-10-06 08:18:46,881 INFO o.a.j.t.JMeterThread: Stopping because end time detected by thread: S2 1-749
2026-10-06 08:18:46,881 INFO o.a.j.t.JMeterThread: Thread finished: S2 1-749
2026-10-06 08:18:46,883 INFO o.a.j.t.JMeterThread: Stopping because end time detected by thread: S2 1-724
2026-10-06 08:18:46,883 INFO o.a.j.t.JMeterThread: Thread finished: S2 1-724
2026-10-06 08:18:46,884 INFO o.a.j.t.JMeterThread: Stopping because end time detected by thread: S2 1-487
2026-10-06 08:18:46,884 INFO o.a.j.t.JMeterThread: Thread finished: S2 1-487
2026-10-06 08:18:46,889 INFO o.a.j.t.JMeterThread: Stopping because end time detected by thread: S2 1-379
2026-10-06 08:18:46,889 INFO o.a.j.t.JMeterThread: Thread finished: S2 1-379
2026-10-06 08:18:46,894 INFO o.a.j.t.JMeterThread: Stopping because end time detected by thread: S2 1-503
2026-10-06 08:18:46,894 INFO o.a.j.t.JMeterThread: Thread finished: S2 1-503
2026-10-06 08:18:46,896 INFO o.a.j.t.JMeterThread: Stopping because end time detected by thread: S2 1-700
2026-10-06 08:18:46,896 INFO o.a.j.t.JMeterThread: Thread finished: S2 1-700
2026-10-06 08:18:46,897 INFO o.a.j.t.JMeterThread: Stopping because end time detected by thread: S2 1-327
2026-10-06 08:18:46,897 INFO o.a.j.t.JMeterThread: Thread finished: S2 1-327
2026-10-06 08:18:46,898 INFO o.a.j.t.JMeterThread: Stopping because end time detected by thread: S2 1-194
2026-10-06 08:18:46,899 INFO o.a.j.t.JMeterThread: Thread finished: S2 1-194
2026-10-06 08:18:46,900 INFO o.a.j.t.JMeterThread: Stopping because end time detected by thread: S2 1-926
2026-10-06 08:18:46,900 INFO o.a.j.t.JMeterThread: Thread finished: S2 1-926
2026-10-06 08:18:46,902 INFO o.a.j.t.JMeterThread: Stopping because end time detected by thread: S2 1-492
2026-10-06 08:18:46,902 INFO o.a.j.t.JMeterThread: Thread finished: S2 1-492
2026-10-06 08:18:46,909 INFO o.a.j.t.JMeterThread: Stopping because end time detected by thread: S2 1-397
2026-10-06 08:18:46,910 INFO o.a.j.t.JMeterThread: Thread finished: S2 1-397
2026-10-06 08:18:46,917 INFO o.a.j.t.JMeterThread: Stopping because end time detected by thread: S2 1-684
2026-10-06 08:18:46,918 INFO o.a.j.t.JMeterThread: Thread finished: S2 1-684
2026-10-06 08:18:46,921 INFO o.a.j.t.JMeterThread: Stopping because end time detected by thread: S2 1-761
2026-10-06 08:18:46,921 INFO o.a.j.t.JMeterThread: Thread finished: S2 1-761
2026-10-06 08:18:46,992 INFO o.a.j.t.JMeterThread: Stopping because end time detected by thread: S2 1-281
2026-10-06 08:18:46,992 INFO o.a.j.t.JMeterThread: Thread finished: S2 1-281
2026-10-06 08:18:46,993 INFO o.a.j.t.JMeterThread: Stopping because end time detected by thread: S2 1-915
2026-10-06 08:18:46,993 INFO o.a.j.t.JMeterThread: Thread finished: S2 1-915
2026-10-06 08:18:47,001 INFO o.a.j.t.JMeterThread: Stopping because end time detected by thread: S2 1-203
2026-10-06 08:18:47,001 INFO o.a.j.t.JMeterThread: Thread finished: S2 1-203
2026-10-06 08:18:47,005 INFO o.a.j.t.JMeterThread: Stopping because end time detected by thread: S2 1-464
2026-10-06 08:18:47,005 INFO o.a.j.t.JMeterThread: Thread finished: S2 1-464
2026-10-06 08:18:47,007 INFO o.a.j.t.JMeterThread: Stopping because end time detected by thread: S2 1-12
2026-10-06 08:18:47,008 INFO o.a.j.t.JMeterThread: Thread finished: S2 1-12
2026-10-06 08:18:47,008 INFO o.a.j.t.JMeterThread: Stopping because end time detected by thread: S2 1-849
2026-10-06 08:18:47,008 INFO o.a.j.t.JMeterThread: Thread finished: S2 1-849
2026-10-06 08:18:47,008 INFO o.a.j.t.JMeterThread: Stopping because end time detected by thread: S2 1-765
2026-10-06 08:18:47,008 INFO o.a.j.t.JMeterThread: Thread finished: S2 1-765
2026-10-06 08:18:47,014 INFO o.a.j.t.JMeterThread: Stopping because end time detected by thread: S2 1-872
2026-10-06 08:18:47,014 INFO o.a.j.t.JMeterThread: Thread finished: S2 1-872
2026-10-06 08:18:47,016 INFO o.a.j.t.JMeterThread: Stopping because end time detected by thread: S2 1-273
2026-10-06 08:18:47,016 INFO o.a.j.t.JMeterThread: Thread finished: S2 1-273
2026-10-06 08:18:47,016 INFO o.a.j.t.JMeterThread: Stopping because end time detected by thread: S2 1-887
2026-10-06 08:18:47,016 INFO o.a.j.t.JMeterThread: Thread finished: S2 1-887
2026-10-06 08:18:47,018 INFO o.a.j.t.JMeterThread: Stopping because end time detected by thread: S2 1-403
2026-10-06 08:18:47,018 INFO o.a.j.t.JMeterThread: Thread finished: S2 1-403
2026-10-06 08:18:47,020 INFO o.a.j.t.JMeterThread: Stopping because end time detected by thread: S2 1-491
2026-10-06 08:18:47,021 INFO o.a.j.t.JMeterThread: Thread finished: S2 1-491
2026-10-06 08:18:47,082 INFO o.a.j.t.JMeterThread: Stopping because end time detected by thread: S2 1-880
2026-10-06 08:18:47,082 INFO o.a.j.t.JMeterThread: Thread finished: S2 1-880
2026-10-06 08:18:47,086 INFO o.a.j.t.JMeterThread: Stopping because end time detected by thread: S2 1-425
2026-10-06 08:18:47,086 INFO o.a.j.t.JMeterThread: Thread finished: S2 1-425
2026-10-06 08:18:47,088 INFO o.a.j.t.JMeterThread: Stopping because end time detected by thread: S2 1-211
2026-10-06 08:18:47,088 INFO o.a.j.t.JMeterThread: Thread finished: S2 1-211
2026-10-06 08:18:47,090 INFO o.a.j.t.JMeterThread: Stopping because end time detected by thread: S2 1-454
2026-10-06 08:18:47,090 INFO o.a.j.t.JMeterThread: Thread finished: S2 1-454
2026-10-06 08:18:47,092 INFO o.a.j.t.JMeterThread: Stopping because end time detected by thread: S2 1-462
2026-10-06 08:18:47,092 INFO o.a.j.t.JMeterThread: Thread finished: S2 1-462
2026-10-06 08:18:47,093 INFO o.a.j.t.JMeterThread: Stopping because end time detected by thread: S2 1-932
2026-10-06 08:18:47,093 INFO o.a.j.t.JMeterThread: Thread finished: S2 1-932
2026-10-06 08:18:47,096 INFO o.a.j.t.JMeterThread: Stopping because end time detected by thread: S2 1-489
2026-10-06 08:18:47,096 INFO o.a.j.t.JMeterThread: Thread finished: S2 1-489
2026-10-06 08:18:47,098 INFO o.a.j.t.JMeterThread: Stopping because end time detected by thread: S2 1-757
2026-10-06 08:18:47,098 INFO o.a.j.t.JMeterThread: Thread finished: S2 1-757
2026-10-06 08:18:47,104 INFO o.a.j.t.JMeterThread: Stopping because end time detected by thread: S2 1-470
2026-10-06 08:18:47,104 INFO o.a.j.t.JMeterThread: Thread finished: S2 1-470
2026-10-06 08:18:47,104 INFO o.a.j.t.JMeterThread: Stopping because end time detected by thread: S2 1-809
2026-10-06 08:18:47,105 INFO o.a.j.t.JMeterThread: Thread finished: S2 1-809
2026-10-06 08:18:47,105 INFO o.a.j.t.JMeterThread: Stopping because end time detected by thread: S2 1-207
2026-10-06 08:18:47,105 INFO o.a.j.t.JMeterThread: Thread finished: S2 1-207
2026-10-06 08:18:47,115 INFO o.a.j.t.JMeterThread: Stopping because end time detected by thread: S2 1-278
2026-10-06 08:18:47,116 INFO o.a.j.t.JMeterThread: Thread finished: S2 1-278
2026-10-06 08:18:47,116 INFO o.a.j.t.JMeterThread: Stopping because end time detected by thread: S2 1-888
2026-10-06 08:18:47,116 INFO o.a.j.t.JMeterThread: Thread finished: S2 1-888
2026-10-06 08:18:47,122 INFO o.a.j.t.JMeterThread: Stopping because end time detected by thread: S2 1-308
2026-10-06 08:18:47,122 INFO o.a.j.t.JMeterThread: Thread finished: S2 1-308
2026-10-06 08:18:47,182 INFO o.a.j.t.JMeterThread: Stopping because end time detected by thread: S2 1-500
2026-10-06 08:18:47,182 INFO o.a.j.t.JMeterThread: Thread finished: S2 1-500
2026-10-06 08:18:47,183 INFO o.a.j.t.JMeterThread: Stopping because end time detected by thread: S2 1-284
2026-10-06 08:18:47,183 INFO o.a.j.t.JMeterThread: Thread finished: S2 1-284
2026-10-06 08:18:47,184 INFO o.a.j.t.JMeterThread: Stopping because end time detected by thread: S2 1-852
2026-10-06 08:18:47,184 INFO o.a.j.t.JMeterThread: Thread finished: S2 1-852
2026-10-06 08:18:47,193 INFO o.a.j.t.JMeterThread: Stopping because end time detected by thread: S2 1-477
2026-10-06 08:18:47,193 INFO o.a.j.t.JMeterThread: Thread finished: S2 1-477
2026-10-06 08:18:47,195 INFO o.a.j.t.JMeterThread: Stopping because end time detected by thread: S2 1-886
2026-10-06 08:18:47,196 INFO o.a.j.t.JMeterThread: Thread finished: S2 1-886
2026-10-06 08:18:47,199 INFO o.a.j.t.JMeterThread: Stopping because end time detected by thread: S2 1-519
2026-10-06 08:18:47,199 INFO o.a.j.t.JMeterThread: Thread finished: S2 1-519
2026-10-06 08:18:47,200 INFO o.a.j.t.JMeterThread: Stopping because end time detected by thread: S2 1-745
2026-10-06 08:18:47,200 INFO o.a.j.t.JMeterThread: Thread finished: S2 1-745
2026-10-06 08:18:47,203 INFO o.a.j.t.JMeterThread: Stopping because end time detected by thread: S2 1-720
2026-10-06 08:18:47,203 INFO o.a.j.t.JMeterThread: Thread finished: S2 1-720
2026-10-06 08:18:47,205 INFO o.a.j.t.JMeterThread: Stopping because end time detected by thread: S2 1-481
2026-10-06 08:18:47,205 INFO o.a.j.t.JMeterThread: Thread finished: S2 1-481
2026-10-06 08:18:47,209 INFO o.a.j.t.JMeterThread: Stopping because end time detected by thread: S2 1-401
2026-10-06 08:18:47,209 INFO o.a.j.t.JMeterThread: Thread finished: S2 1-401
2026-10-06 08:18:47,210 INFO o.a.j.t.JMeterThread: Stopping because end time detected by thread: S2 1-821
2026-10-06 08:18:47,210 INFO o.a.j.t.JMeterThread: Thread finished: S2 1-821
2026-10-06 08:18:47,214 INFO o.a.j.t.JMeterThread: Stopping because end time detected by thread: S2 1-92
2026-10-06 08:18:47,214 INFO o.a.j.t.JMeterThread: Thread finished: S2 1-92
2026-10-06 08:18:47,215 INFO o.a.j.t.JMeterThread: Stopping because end time detected by thread: S2 1-764
2026-10-06 08:18:47,215 INFO o.a.j.t.JMeterThread: Thread finished: S2 1-764
2026-10-06 08:18:47,217 INFO o.a.j.t.JMeterThread: Stopping because end time detected by thread: S2 1-950
2026-10-06 08:18:47,217 INFO o.a.j.t.JMeterThread: Thread finished: S2 1-950
2026-10-06 08:18:47,218 INFO o.a.j.t.JMeterThread: Stopping because end time detected by thread: S2 1-144
2026-10-06 08:18:47,218 INFO o.a.j.t.JMeterThread: Thread finished: S2 1-144
2026-10-06 08:18:47,282 INFO o.a.j.t.JMeterThread: Stopping because end time detected by thread: S2 1-108
2026-10-06 08:18:47,283 INFO o.a.j.t.JMeterThread: Thread finished: S2 1-108
2026-10-06 08:18:47,283 INFO o.a.j.t.JMeterThread: Stopping because end time detected by thread: S2 1-867
2026-10-06 08:18:47,283 INFO o.a.j.t.JMeterThread: Thread finished: S2 1-867
2026-10-06 08:18:47,285 INFO o.a.j.t.JMeterThread: Stopping because end time detected by thread: S2 1-797
2026-10-06 08:18:47,285 INFO o.a.j.t.JMeterThread: Thread finished: S2 1-797
2026-10-06 08:18:47,288 INFO o.a.j.t.JMeterThread: Stopping because end time detected by thread: S2 1-384
2026-10-06 08:18:47,289 INFO o.a.j.t.JMeterThread: Thread finished: S2 1-384
2026-10-06 08:18:47,289 INFO o.a.j.t.JMeterThread: Stopping because end time detected by thread: S2 1-504
2026-10-06 08:18:47,290 INFO o.a.j.t.JMeterThread: Thread finished: S2 1-504
2026-10-06 08:18:47,291 INFO o.a.j.t.JMeterThread: Stopping because end time detected by thread: S2 1-908
2026-10-06 08:18:47,291 INFO o.a.j.t.JMeterThread: Thread finished: S2 1-908
2026-10-06 08:18:47,292 INFO o.a.j.t.JMeterThread: Stopping because end time detected by thread: S2 1-460
2026-10-06 08:18:47,292 INFO o.a.j.t.JMeterThread: Thread finished: S2 1-460
2026-10-06 08:18:47,296 INFO o.a.j.t.JMeterThread: Stopping because end time detected by thread: S2 1-876
2026-10-06 08:18:47,296 INFO o.a.j.t.JMeterThread: Thread finished: S2 1-876
2026-10-06 08:18:47,298 INFO o.a.j.t.JMeterThread: Stopping because end time detected by thread: S2 1-478
2026-10-06 08:18:47,298 INFO o.a.j.t.JMeterThread: Thread finished: S2 1-478
2026-10-06 08:18:47,301 INFO o.a.j.t.JMeterThread: Stopping because end time detected by thread: S2 1-417
2026-10-06 08:18:47,302 INFO o.a.j.t.JMeterThread: Thread finished: S2 1-417
2026-10-06 08:18:47,303 INFO o.a.j.t.JMeterThread: Stopping because end time detected by thread: S2 1-515
2026-10-06 08:18:47,303 INFO o.a.j.t.JMeterThread: Thread finished: S2 1-515
2026-10-06 08:18:47,304 INFO o.a.j.t.JMeterThread: Stopping because end time detected by thread: S2 1-292
2026-10-06 08:18:47,304 INFO o.a.j.t.JMeterThread: Thread finished: S2 1-292
2026-10-06 08:18:47,304 INFO o.a.j.t.JMeterThread: Stopping because end time detected by thread: S2 1-767
2026-10-06 08:18:47,304 INFO o.a.j.t.JMeterThread: Thread finished: S2 1-767
2026-10-06 08:18:47,314 INFO o.a.j.t.JMeterThread: Stopping because end time detected by thread: S2 1-892
2026-10-06 08:18:47,314 INFO o.a.j.t.JMeterThread: Thread finished: S2 1-892
2026-10-06 08:18:47,317 INFO o.a.j.t.JMeterThread: Stopping because end time detected by thread: S2 1-101
2026-10-06 08:18:47,317 INFO o.a.j.t.JMeterThread: Thread finished: S2 1-101
2026-10-06 08:18:47,317 INFO o.a.j.t.JMeterThread: Stopping because end time detected by thread: S2 1-696
2026-10-06 08:18:47,317 INFO o.a.j.t.JMeterThread: Thread finished: S2 1-696
2026-10-06 08:18:47,318 INFO o.a.j.t.JMeterThread: Stopping because end time detected by thread: S2 1-895
2026-10-06 08:18:47,318 INFO o.a.j.t.JMeterThread: Thread finished: S2 1-895
2026-10-06 08:18:47,319 INFO o.a.j.t.JMeterThread: Stopping because end time detected by thread: S2 1-276
2026-10-06 08:18:47,319 INFO o.a.j.t.JMeterThread: Thread finished: S2 1-276
2026-10-06 08:18:47,383 INFO o.a.j.t.JMeterThread: Stopping because end time detected by thread: S2 1-463
2026-10-06 08:18:47,383 INFO o.a.j.t.JMeterThread: Thread finished: S2 1-463
2026-10-06 08:18:47,386 INFO o.a.j.t.JMeterThread: Stopping because end time detected by thread: S2 1-93
2026-10-06 08:18:47,386 INFO o.a.j.t.JMeterThread: Thread finished: S2 1-93
2026-10-06 08:18:47,391 INFO o.a.j.t.JMeterThread: Stopping because end time detected by thread: S2 1-920
2026-10-06 08:18:47,391 INFO o.a.j.t.JMeterThread: Thread finished: S2 1-920
2026-10-06 08:18:47,393 INFO o.a.j.t.JMeterThread: Stopping because end time detected by thread: S2 1-296
2026-10-06 08:18:47,393 INFO o.a.j.t.JMeterThread: Thread finished: S2 1-296
2026-10-06 08:18:47,396 INFO o.a.j.t.JMeterThread: Stopping because end time detected by thread: S2 1-274
2026-10-06 08:18:47,396 INFO o.a.j.t.JMeterThread: Thread finished: S2 1-274
2026-10-06 08:18:47,401 INFO o.a.j.t.JMeterThread: Stopping because end time detected by thread: S2 1-38
2026-10-06 08:18:47,401 INFO o.a.j.t.JMeterThread: Thread finished: S2 1-38
2026-10-06 08:18:47,403 INFO o.a.j.t.JMeterThread: Stopping because end time detected by thread: S2 1-911
2026-10-06 08:18:47,403 INFO o.a.j.t.JMeterThread: Thread finished: S2 1-911
2026-10-06 08:18:47,411 INFO o.a.j.t.JMeterThread: Stopping because end time detected by thread: S2 1-193
2026-10-06 08:18:47,411 INFO o.a.j.t.JMeterThread: Thread finished: S2 1-193
2026-10-06 08:18:47,414 INFO o.a.j.t.JMeterThread: Stopping because end time detected by thread: S2 1-946
2026-10-06 08:18:47,414 INFO o.a.j.t.JMeterThread: Thread finished: S2 1-946
2026-10-06 08:18:47,417 INFO o.a.j.t.JMeterThread: Stopping because end time detected by thread: S2 1-269
2026-10-06 08:18:47,417 INFO o.a.j.t.JMeterThread: Thread finished: S2 1-269
2026-10-06 08:18:47,418 INFO o.a.j.t.JMeterThread: Stopping because end time detected by thread: S2 1-496
2026-10-06 08:18:47,418 INFO o.a.j.t.JMeterThread: Thread finished: S2 1-496
2026-10-06 08:18:47,420 INFO o.a.j.t.JMeterThread: Stopping because end time detected by thread: S2 1-930
2026-10-06 08:18:47,420 INFO o.a.j.t.JMeterThread: Thread finished: S2 1-930
2026-10-06 08:18:47,480 INFO o.a.j.t.JMeterThread: Stopping because end time detected by thread: S2 1-486
2026-10-06 08:18:47,480 INFO o.a.j.t.JMeterThread: Thread finished: S2 1-486
2026-10-06 08:18:47,482 INFO o.a.j.t.JMeterThread: Stopping because end time detected by thread: S2 1-934
2026-10-06 08:18:47,482 INFO o.a.j.t.JMeterThread: Thread finished: S2 1-934
2026-10-06 08:18:47,484 INFO o.a.j.t.JMeterThread: Stopping because end time detected by thread: S2 1-409
2026-10-06 08:18:47,484 INFO o.a.j.t.JMeterThread: Thread finished: S2 1-409
2026-10-06 08:18:47,484 INFO o.a.j.t.JMeterThread: Stopping because end time detected by thread: S2 1-254
2026-10-06 08:18:47,485 INFO o.a.j.t.JMeterThread: Thread finished: S2 1-254
2026-10-06 08:18:47,485 INFO o.a.j.t.JMeterThread: Stopping because end time detected by thread: S2 1-777
2026-10-06 08:18:47,485 INFO o.a.j.t.JMeterThread: Thread finished: S2 1-777
2026-10-06 08:18:47,486 INFO o.a.j.t.JMeterThread: Stopping because end time detected by thread: S2 1-738
2026-10-06 08:18:47,486 INFO o.a.j.t.JMeterThread: Thread finished: S2 1-738
2026-10-06 08:18:47,487 INFO o.a.j.t.JMeterThread: Stopping because end time detected by thread: S2 1-531
2026-10-06 08:18:47,487 INFO o.a.j.t.JMeterThread: Thread finished: S2 1-531
2026-10-06 08:18:47,488 INFO o.a.j.t.JMeterThread: Stopping because end time detected by thread: S2 1-297
2026-10-06 08:18:47,488 INFO o.a.j.t.JMeterThread: Thread finished: S2 1-297
2026-10-06 08:18:47,490 INFO o.a.j.t.JMeterThread: Stopping because end time detected by thread: S2 1-903
2026-10-06 08:18:47,490 INFO o.a.j.t.JMeterThread: Thread finished: S2 1-903
2026-10-06 08:18:47,491 INFO o.a.j.t.JMeterThread: Stopping because end time detected by thread: S2 1-798
2026-10-06 08:18:47,491 INFO o.a.j.t.JMeterThread: Thread finished: S2 1-798
2026-10-06 08:18:47,492 INFO o.a.j.t.JMeterThread: Stopping because end time detected by thread: S2 1-656
2026-10-06 08:18:47,492 INFO o.a.j.t.JMeterThread: Thread finished: S2 1-656
2026-10-06 08:18:47,498 INFO o.a.j.t.JMeterThread: Stopping because end time detected by thread: S2 1-508
2026-10-06 08:18:47,498 INFO o.a.j.t.JMeterThread: Thread finished: S2 1-508
2026-10-06 08:18:47,513 INFO o.a.j.t.JMeterThread: Stopping because end time detected by thread: S2 1-393
2026-10-06 08:18:47,514 INFO o.a.j.t.JMeterThread: Thread finished: S2 1-393
2026-10-06 08:18:47,514 INFO o.a.j.t.JMeterThread: Stopping because end time detected by thread: S2 1-539
2026-10-06 08:18:47,514 INFO o.a.j.t.JMeterThread: Thread finished: S2 1-539
2026-10-06 08:18:47,515 INFO o.a.j.t.JMeterThread: Stopping because end time detected by thread: S2 1-801
2026-10-06 08:18:47,515 INFO o.a.j.t.JMeterThread: Thread finished: S2 1-801
2026-10-06 08:18:47,519 INFO o.a.j.t.JMeterThread: Stopping because end time detected by thread: S2 1-69
2026-10-06 08:18:47,519 INFO o.a.j.t.JMeterThread: Thread finished: S2 1-69
2026-10-06 08:18:47,520 INFO o.a.j.t.JMeterThread: Stopping because end time detected by thread: S2 1-912
2026-10-06 08:18:47,520 INFO o.a.j.t.JMeterThread: Thread finished: S2 1-912
2026-10-06 08:18:47,584 INFO o.a.j.t.JMeterThread: Stopping because end time detected by thread: S2 1-940
2026-10-06 08:18:47,584 INFO o.a.j.t.JMeterThread: Thread finished: S2 1-940
2026-10-06 08:18:47,585 INFO o.a.j.t.JMeterThread: Stopping because end time detected by thread: S2 1-215
2026-10-06 08:18:47,585 INFO o.a.j.t.JMeterThread: Thread finished: S2 1-215
2026-10-06 08:18:47,593 INFO o.a.j.t.JMeterThread: Stopping because end time detected by thread: S2 1-826
2026-10-06 08:18:47,593 INFO o.a.j.t.JMeterThread: Thread finished: S2 1-826
2026-10-06 08:18:47,593 INFO o.a.j.t.JMeterThread: Stopping because end time detected by thread: S2 1-917
2026-10-06 08:18:47,593 INFO o.a.j.t.JMeterThread: Thread finished: S2 1-917
2026-10-06 08:18:47,596 INFO o.a.j.t.JMeterThread: Stopping because end time detected by thread: S2 1-32
2026-10-06 08:18:47,596 INFO o.a.j.t.JMeterThread: Thread finished: S2 1-32
2026-10-06 08:18:47,597 INFO o.a.j.t.JMeterThread: Stopping because end time detected by thread: S2 1-159
2026-10-06 08:18:47,597 INFO o.a.j.t.JMeterThread: Thread finished: S2 1-159
2026-10-06 08:18:47,597 INFO o.a.j.t.JMeterThread: Stopping because end time detected by thread: S2 1-482
2026-10-06 08:18:47,597 INFO o.a.j.t.JMeterThread: Thread finished: S2 1-482
2026-10-06 08:18:47,602 INFO o.a.j.t.JMeterThread: Stopping because end time detected by thread: S2 1-938
2026-10-06 08:18:47,602 INFO o.a.j.t.JMeterThread: Thread finished: S2 1-938
2026-10-06 08:18:47,606 INFO o.a.j.t.JMeterThread: Stopping because end time detected by thread: S2 1-945
2026-10-06 08:18:47,606 INFO o.a.j.t.JMeterThread: Thread finished: S2 1-945
2026-10-06 08:18:47,608 INFO o.a.j.t.JMeterThread: Stopping because end time detected by thread: S2 1-900
2026-10-06 08:18:47,608 INFO o.a.j.t.JMeterThread: Thread finished: S2 1-900
2026-10-06 08:18:47,611 INFO o.a.j.t.JMeterThread: Stopping because end time detected by thread: S2 1-16
2026-10-06 08:18:47,611 INFO o.a.j.t.JMeterThread: Thread finished: S2 1-16
2026-10-06 08:18:47,613 INFO o.a.j.t.JMeterThread: Stopping because end time detected by thread: S2 1-359
2026-10-06 08:18:47,613 INFO o.a.j.t.JMeterThread: Thread finished: S2 1-359
2026-10-06 08:18:47,613 INFO o.a.j.t.JMeterThread: Stopping because end time detected by thread: S2 1-85
2026-10-06 08:18:47,614 INFO o.a.j.t.JMeterThread: Thread finished: S2 1-85
2026-10-06 08:18:47,614 INFO o.a.j.t.JMeterThread: Stopping because end time detected by thread: S2 1-784
2026-10-06 08:18:47,614 INFO o.a.j.t.JMeterThread: Thread finished: S2 1-784
2026-10-06 08:18:47,618 INFO o.a.j.t.JMeterThread: Stopping because end time detected by thread: S2 1-512
2026-10-06 08:18:47,618 INFO o.a.j.t.JMeterThread: Thread finished: S2 1-512
2026-10-06 08:18:47,684 INFO o.a.j.t.JMeterThread: Stopping because end time detected by thread: S2 1-87
2026-10-06 08:18:47,684 INFO o.a.j.t.JMeterThread: Thread finished: S2 1-87
2026-10-06 08:18:47,685 INFO o.a.j.t.JMeterThread: Stopping because end time detected by thread: S2 1-484
2026-10-06 08:18:47,685 INFO o.a.j.t.JMeterThread: Thread finished: S2 1-484
2026-10-06 08:18:47,687 INFO o.a.j.t.JMeterThread: Stopping because end time detected by thread: S2 1-375
2026-10-06 08:18:47,687 INFO o.a.j.t.JMeterThread: Thread finished: S2 1-375
2026-10-06 08:18:47,689 INFO o.a.j.t.JMeterThread: Stopping because end time detected by thread: S2 1-896
2026-10-06 08:18:47,689 INFO o.a.j.t.JMeterThread: Thread finished: S2 1-896
2026-10-06 08:18:47,689 INFO o.a.j.t.JMeterThread: Stopping because end time detected by thread: S2 1-150
2026-10-06 08:18:47,689 INFO o.a.j.t.JMeterThread: Thread finished: S2 1-150
2026-10-06 08:18:47,693 INFO o.a.j.t.JMeterThread: Stopping because end time detected by thread: S2 1-249
2026-10-06 08:18:47,693 INFO o.a.j.t.JMeterThread: Thread finished: S2 1-249
2026-10-06 08:18:47,693 INFO o.a.j.t.JMeterThread: Stopping because end time detected by thread: S2 1-943
2026-10-06 08:18:47,694 INFO o.a.j.t.JMeterThread: Thread finished: S2 1-943
2026-10-06 08:18:47,700 INFO o.a.j.t.JMeterThread: Stopping because end time detected by thread: S2 1-458
2026-10-06 08:18:47,700 INFO o.a.j.t.JMeterThread: Thread finished: S2 1-458
2026-10-06 08:18:47,719 INFO o.a.j.t.JMeterThread: Stopping because end time detected by thread: S2 1-954
2026-10-06 08:18:47,719 INFO o.a.j.t.JMeterThread: Thread finished: S2 1-954
2026-10-06 08:18:47,780 INFO o.a.j.t.JMeterThread: Stopping because end time detected by thread: S2 1-928
2026-10-06 08:18:47,780 INFO o.a.j.t.JMeterThread: Stopping because end time detected by thread: S2 1-748
2026-10-06 08:18:47,780 INFO o.a.j.t.JMeterThread: Thread finished: S2 1-928
2026-10-06 08:18:47,780 INFO o.a.j.t.JMeterThread: Thread finished: S2 1-748
2026-10-06 08:18:47,784 INFO o.a.j.t.JMeterThread: Stopping because end time detected by thread: S2 1-173
2026-10-06 08:18:47,784 INFO o.a.j.t.JMeterThread: Thread finished: S2 1-173
2026-10-06 08:18:47,791 INFO o.a.j.t.JMeterThread: Stopping because end time detected by thread: S2 1-838
2026-10-06 08:18:47,791 INFO o.a.j.t.JMeterThread: Thread finished: S2 1-838
2026-10-06 08:18:47,795 INFO o.a.j.t.JMeterThread: Stopping because end time detected by thread: S2 1-788
2026-10-06 08:18:47,795 INFO o.a.j.t.JMeterThread: Thread finished: S2 1-788
2026-10-06 08:18:47,797 INFO o.a.j.t.JMeterThread: Stopping because end time detected by thread: S2 1-155
2026-10-06 08:18:47,797 INFO o.a.j.t.JMeterThread: Thread finished: S2 1-155
2026-10-06 08:18:47,800 INFO o.a.j.t.JMeterThread: Stopping because end time detected by thread: S2 1-842
2026-10-06 08:18:47,800 INFO o.a.j.t.JMeterThread: Thread finished: S2 1-842
2026-10-06 08:18:47,807 INFO o.a.j.t.JMeterThread: Stopping because end time detected by thread: S2 1-172
2026-10-06 08:18:47,807 INFO o.a.j.t.JMeterThread: Thread finished: S2 1-172
2026-10-06 08:18:47,808 INFO o.a.j.t.JMeterThread: Stopping because end time detected by thread: S2 1-506
2026-10-06 08:18:47,808 INFO o.a.j.t.JMeterThread: Thread finished: S2 1-506
2026-10-06 08:18:47,811 INFO o.a.j.t.JMeterThread: Stopping because end time detected by thread: S2 1-286
2026-10-06 08:18:47,811 INFO o.a.j.t.JMeterThread: Thread finished: S2 1-286
2026-10-06 08:18:47,813 INFO o.a.j.t.JMeterThread: Stopping because end time detected by thread: S2 1-526
2026-10-06 08:18:47,813 INFO o.a.j.t.JMeterThread: Thread finished: S2 1-526
2026-10-06 08:18:47,817 INFO o.a.j.t.JMeterThread: Stopping because end time detected by thread: S2 1-514
2026-10-06 08:18:47,817 INFO o.a.j.t.JMeterThread: Thread finished: S2 1-514
2026-10-06 08:18:47,818 INFO o.a.j.t.JMeterThread: Stopping because end time detected by thread: S2 1-21
2026-10-06 08:18:47,818 INFO o.a.j.t.JMeterThread: Thread finished: S2 1-21
2026-10-06 08:18:47,819 INFO o.a.j.t.JMeterThread: Stopping because end time detected by thread: S2 1-527
2026-10-06 08:18:47,819 INFO o.a.j.t.JMeterThread: Thread finished: S2 1-527
2026-10-06 08:18:47,886 INFO o.a.j.t.JMeterThread: Stopping because end time detected by thread: S2 1-367
2026-10-06 08:18:47,886 INFO o.a.j.t.JMeterThread: Thread finished: S2 1-367
2026-10-06 08:18:47,888 INFO o.a.j.t.JMeterThread: Stopping because end time detected by thread: S2 1-750
2026-10-06 08:18:47,889 INFO o.a.j.t.JMeterThread: Thread finished: S2 1-750
2026-10-06 08:18:47,889 INFO o.a.j.t.JMeterThread: Stopping because end time detected by thread: S2 1-936
2026-10-06 08:18:47,890 INFO o.a.j.t.JMeterThread: Thread finished: S2 1-936
2026-10-06 08:18:47,891 INFO o.a.j.t.JMeterThread: Stopping because end time detected by thread: S2 1-923
2026-10-06 08:18:47,891 INFO o.a.j.t.JMeterThread: Thread finished: S2 1-923
2026-10-06 08:18:47,891 INFO o.a.j.t.JMeterThread: Stopping because end time detected by thread: S2 1-533
2026-10-06 08:18:47,891 INFO o.a.j.t.JMeterThread: Thread finished: S2 1-533
2026-10-06 08:18:47,895 INFO o.a.j.t.JMeterThread: Stopping because end time detected by thread: S2 1-776
2026-10-06 08:18:47,895 INFO o.a.j.t.JMeterThread: Thread finished: S2 1-776
2026-10-06 08:18:47,899 INFO o.a.j.t.JMeterThread: Stopping because end time detected by thread: S2 1-740
2026-10-06 08:18:47,900 INFO o.a.j.t.JMeterThread: Thread finished: S2 1-740
2026-10-06 08:18:47,908 INFO o.a.j.t.JMeterThread: Stopping because end time detected by thread: S2 1-813
2026-10-06 08:18:47,908 INFO o.a.j.t.JMeterThread: Thread finished: S2 1-813
2026-10-06 08:18:47,912 INFO o.a.j.t.JMeterThread: Stopping because end time detected by thread: S2 1-105
2026-10-06 08:18:47,912 INFO o.a.j.t.JMeterThread: Thread finished: S2 1-105
2026-10-06 08:18:47,914 INFO o.a.j.t.JMeterThread: Stopping because end time detected by thread: S2 1-289
2026-10-06 08:18:47,914 INFO o.a.j.t.JMeterThread: Thread finished: S2 1-289
2026-10-06 08:18:47,924 INFO o.a.j.t.JMeterThread: Stopping because end time detected by thread: S2 1-507
2026-10-06 08:18:47,924 INFO o.a.j.t.JMeterThread: Thread finished: S2 1-507
2026-10-06 08:18:47,980 INFO o.a.j.t.JMeterThread: Stopping because end time detected by thread: S2 1-413
2026-10-06 08:18:47,981 INFO o.a.j.t.JMeterThread: Thread finished: S2 1-413
2026-10-06 08:18:47,982 INFO o.a.j.t.JMeterThread: Stopping because end time detected by thread: S2 1-158
2026-10-06 08:18:47,982 INFO o.a.j.t.JMeterThread: Thread finished: S2 1-158
2026-10-06 08:18:47,983 INFO o.a.j.t.JMeterThread: Stopping because end time detected by thread: S2 1-760
2026-10-06 08:18:47,983 INFO o.a.j.t.JMeterThread: Thread finished: S2 1-760
2026-10-06 08:18:47,984 INFO o.a.j.t.JMeterThread: Stopping because end time detected by thread: S2 1-979
2026-10-06 08:18:47,984 INFO o.a.j.t.JMeterThread: Thread finished: S2 1-979
2026-10-06 08:18:48,004 INFO o.a.j.t.JMeterThread: Stopping because end time detected by thread: S2 1-524
2026-10-06 08:18:48,004 INFO o.a.j.t.JMeterThread: Thread finished: S2 1-524
2026-10-06 08:18:48,010 INFO o.a.j.t.JMeterThread: Stopping because end time detected by thread: S2 1-924
2026-10-06 08:18:48,011 INFO o.a.j.t.JMeterThread: Thread finished: S2 1-924
2026-10-06 08:18:48,011 INFO o.a.j.t.JMeterThread: Stopping because end time detected by thread: S2 1-319
2026-10-06 08:18:48,011 INFO o.a.j.t.JMeterThread: Thread finished: S2 1-319
2026-10-06 08:18:48,017 INFO o.a.j.t.JMeterThread: Stopping because end time detected by thread: S2 1-959
2026-10-06 08:18:48,018 INFO o.a.j.t.JMeterThread: Thread finished: S2 1-959
2026-10-06 08:18:48,020 INFO o.a.j.t.JMeterThread: Stopping because end time detected by thread: S2 1-180
2026-10-06 08:18:48,020 INFO o.a.j.t.JMeterThread: Thread finished: S2 1-180
2026-10-06 08:18:48,021 INFO o.a.j.t.JMeterThread: Stopping because end time detected by thread: S2 1-974
2026-10-06 08:18:48,021 INFO o.a.j.t.JMeterThread: Thread finished: S2 1-974
2026-10-06 08:18:48,083 INFO o.a.j.t.JMeterThread: Stopping because end time detected by thread: S2 1-858
2026-10-06 08:18:48,083 INFO o.a.j.t.JMeterThread: Thread finished: S2 1-858
2026-10-06 08:18:48,085 INFO o.a.j.t.JMeterThread: Stopping because end time detected by thread: S2 1-768
2026-10-06 08:18:48,085 INFO o.a.j.t.JMeterThread: Thread finished: S2 1-768
2026-10-06 08:18:48,086 INFO o.a.j.t.JMeterThread: Stopping because end time detected by thread: S2 1-970
2026-10-06 08:18:48,086 INFO o.a.j.t.JMeterThread: Thread finished: S2 1-970
2026-10-06 08:18:48,086 INFO o.a.j.t.JMeterThread: Stopping because end time detected by thread: S2 1-96
2026-10-06 08:18:48,086 INFO o.a.j.t.JMeterThread: Thread finished: S2 1-96
2026-10-06 08:18:48,087 INFO o.a.j.t.JMeterThread: Stopping because end time detected by thread: S2 1-966
2026-10-06 08:18:48,087 INFO o.a.j.t.JMeterThread: Thread finished: S2 1-966
2026-10-06 08:18:48,088 INFO o.a.j.t.JMeterThread: Stopping because end time detected by thread: S2 1-301
2026-10-06 08:18:48,088 INFO o.a.j.t.JMeterThread: Thread finished: S2 1-301
2026-10-06 08:18:48,090 INFO o.a.j.t.JMeterThread: Stopping because end time detected by thread: S2 1-536
2026-10-06 08:18:48,090 INFO o.a.j.t.JMeterThread: Thread finished: S2 1-536
2026-10-06 08:18:48,097 INFO o.a.j.t.JMeterThread: Stopping because end time detected by thread: S2 1-960
2026-10-06 08:18:48,097 INFO o.a.j.t.JMeterThread: Thread finished: S2 1-960
2026-10-06 08:18:48,098 INFO o.a.j.t.JMeterThread: Stopping because end time detected by thread: S2 1-944
2026-10-06 08:18:48,098 INFO o.a.j.t.JMeterThread: Thread finished: S2 1-944
2026-10-06 08:18:48,103 INFO o.a.j.t.JMeterThread: Stopping because end time detected by thread: S2 1-97
2026-10-06 08:18:48,103 INFO o.a.j.t.JMeterThread: Thread finished: S2 1-97
2026-10-06 08:18:48,104 INFO o.a.j.t.JMeterThread: Stopping because end time detected by thread: S2 1-548
2026-10-06 08:18:48,104 INFO o.a.j.t.JMeterThread: Thread finished: S2 1-548
2026-10-06 08:18:48,119 INFO o.a.j.t.JMeterThread: Stopping because end time detected by thread: S2 1-577
2026-10-06 08:18:48,119 INFO o.a.j.t.JMeterThread: Stopping because end time detected by thread: S2 1-405
2026-10-06 08:18:48,119 INFO o.a.j.t.JMeterThread: Thread finished: S2 1-577
2026-10-06 08:18:48,119 INFO o.a.j.t.JMeterThread: Thread finished: S2 1-405
2026-10-06 08:18:48,184 INFO o.a.j.t.JMeterThread: Stopping because end time detected by thread: S2 1-89
2026-10-06 08:18:48,185 INFO o.a.j.t.JMeterThread: Thread finished: S2 1-89
2026-10-06 08:18:48,185 INFO o.a.j.t.JMeterThread: Stopping because end time detected by thread: S2 1-59
2026-10-06 08:18:48,185 INFO o.a.j.t.JMeterThread: Thread finished: S2 1-59
2026-10-06 08:18:48,186 INFO o.a.j.t.JMeterThread: Stopping because end time detected by thread: S2 1-437
2026-10-06 08:18:48,186 INFO o.a.j.t.JMeterThread: Thread finished: S2 1-437
2026-10-06 08:18:48,186 INFO o.a.j.t.JMeterThread: Stopping because end time detected by thread: S2 1-968
2026-10-06 08:18:48,186 INFO o.a.j.t.JMeterThread: Thread finished: S2 1-968
2026-10-06 08:18:48,187 INFO o.a.j.t.JMeterThread: Stopping because end time detected by thread: S2 1-964
2026-10-06 08:18:48,187 INFO o.a.j.t.JMeterThread: Thread finished: S2 1-964
2026-10-06 08:18:48,196 INFO o.a.j.t.JMeterThread: Stopping because end time detected by thread: S2 1-200
2026-10-06 08:18:48,196 INFO o.a.j.t.JMeterThread: Thread finished: S2 1-200
2026-10-06 08:18:48,197 INFO o.a.j.t.JMeterThread: Stopping because end time detected by thread: S2 1-474
2026-10-06 08:18:48,197 INFO o.a.j.t.JMeterThread: Thread finished: S2 1-474
2026-10-06 08:18:48,199 INFO o.a.j.t.JMeterThread: Stopping because end time detected by thread: S2 1-528
2026-10-06 08:18:48,199 INFO o.a.j.t.JMeterThread: Thread finished: S2 1-528
2026-10-06 08:18:48,201 INFO o.a.j.t.JMeterThread: Stopping because end time detected by thread: S2 1-980
2026-10-06 08:18:48,201 INFO o.a.j.t.JMeterThread: Thread finished: S2 1-980
2026-10-06 08:18:48,203 INFO o.a.j.t.JMeterThread: Stopping because end time detected by thread: S2 1-978
2026-10-06 08:18:48,203 INFO o.a.j.t.JMeterThread: Thread finished: S2 1-978
2026-10-06 08:18:48,204 INFO o.a.j.t.JMeterThread: Stopping because end time detected by thread: S2 1-586
2026-10-06 08:18:48,204 INFO o.a.j.t.JMeterThread: Thread finished: S2 1-586
2026-10-06 08:18:48,206 INFO o.a.j.t.JMeterThread: Stopping because end time detected by thread: S2 1-579
2026-10-06 08:18:48,206 INFO o.a.j.t.JMeterThread: Thread finished: S2 1-579
2026-10-06 08:18:48,212 INFO o.a.j.t.JMeterThread: Stopping because end time detected by thread: S2 1-72
2026-10-06 08:18:48,212 INFO o.a.j.t.JMeterThread: Thread finished: S2 1-72
2026-10-06 08:18:48,213 INFO o.a.j.t.JMeterThread: Stopping because end time detected by thread: S2 1-62
2026-10-06 08:18:48,213 INFO o.a.j.t.JMeterThread: Thread finished: S2 1-62
2026-10-06 08:18:48,215 INFO o.a.j.t.JMeterThread: Stopping because end time detected by thread: S2 1-854
2026-10-06 08:18:48,215 INFO o.a.j.t.JMeterThread: Thread finished: S2 1-854
2026-10-06 08:18:48,219 INFO o.a.j.t.JMeterThread: Stopping because end time detected by thread: S2 1-227
2026-10-06 08:18:48,219 INFO o.a.j.t.JMeterThread: Thread finished: S2 1-227
2026-10-06 08:18:48,220 INFO o.a.j.t.JMeterThread: Stopping because end time detected by thread: S2 1-219
2026-10-06 08:18:48,221 INFO o.a.j.t.JMeterThread: Thread finished: S2 1-219
2026-10-06 08:18:48,222 INFO o.a.j.t.JMeterThread: Stopping because end time detected by thread: S2 1-520
2026-10-06 08:18:48,222 INFO o.a.j.t.JMeterThread: Thread finished: S2 1-520
2026-10-06 08:18:48,284 INFO o.a.j.t.JMeterThread: Stopping because end time detected by thread: S2 1-313
2026-10-06 08:18:48,285 INFO o.a.j.t.JMeterThread: Thread finished: S2 1-313
2026-10-06 08:18:48,287 INFO o.a.j.t.JMeterThread: Stopping because end time detected by thread: S2 1-445
2026-10-06 08:18:48,287 INFO o.a.j.t.JMeterThread: Thread finished: S2 1-445
2026-10-06 08:18:48,298 INFO o.a.j.t.JMeterThread: Stopping because end time detected by thread: S2 1-728
2026-10-06 08:18:48,298 INFO o.a.j.t.JMeterThread: Thread finished: S2 1-728
2026-10-06 08:18:48,303 INFO o.a.j.t.JMeterThread: Stopping because end time detected by thread: S2 1-755
2026-10-06 08:18:48,303 INFO o.a.j.t.JMeterThread: Thread finished: S2 1-755
2026-10-06 08:18:48,304 INFO o.a.j.t.JMeterThread: Stopping because end time detected by thread: S2 1-317
2026-10-06 08:18:48,304 INFO o.a.j.t.JMeterThread: Thread finished: S2 1-317
2026-10-06 08:18:48,305 INFO o.a.j.t.JMeterThread: Stopping because end time detected by thread: S2 1-294
2026-10-06 08:18:48,305 INFO o.a.j.t.JMeterThread: Thread finished: S2 1-294
2026-10-06 08:18:48,306 INFO o.a.j.t.JMeterThread: Stopping because end time detected by thread: S2 1-796
2026-10-06 08:18:48,306 INFO o.a.j.t.JMeterThread: Thread finished: S2 1-796
2026-10-06 08:18:48,306 INFO o.a.j.t.JMeterThread: Stopping because end time detected by thread: S2 1-182
2026-10-06 08:18:48,306 INFO o.a.j.t.JMeterThread: Thread finished: S2 1-182
2026-10-06 08:18:48,308 INFO o.a.j.t.JMeterThread: Stopping because end time detected by thread: S2 1-800
2026-10-06 08:18:48,308 INFO o.a.j.t.JMeterThread: Thread finished: S2 1-800
2026-10-06 08:18:48,309 INFO o.a.j.t.JMeterThread: Stopping because end time detected by thread: S2 1-976
2026-10-06 08:18:48,309 INFO o.a.j.t.JMeterThread: Thread finished: S2 1-976
2026-10-06 08:18:48,309 INFO o.a.j.t.JMeterThread: Stopping because end time detected by thread: S2 1-280
2026-10-06 08:18:48,310 INFO o.a.j.t.JMeterThread: Thread finished: S2 1-280
2026-10-06 08:18:48,311 INFO o.a.j.t.JMeterThread: Stopping because end time detected by thread: S2 1-433
2026-10-06 08:18:48,311 INFO o.a.j.t.JMeterThread: Thread finished: S2 1-433
2026-10-06 08:18:48,314 INFO o.a.j.t.JMeterThread: Stopping because end time detected by thread: S2 1-545
2026-10-06 08:18:48,314 INFO o.a.j.t.JMeterThread: Thread finished: S2 1-545
2026-10-06 08:18:48,381 INFO o.a.j.t.JMeterThread: Stopping because end time detected by thread: S2 1-184
2026-10-06 08:18:48,381 INFO o.a.j.t.JMeterThread: Thread finished: S2 1-184
2026-10-06 08:18:48,382 INFO o.a.j.t.JMeterThread: Stopping because end time detected by thread: S2 1-235
2026-10-06 08:18:48,382 INFO o.a.j.t.JMeterThread: Thread finished: S2 1-235
2026-10-06 08:18:48,384 INFO o.a.j.t.JMeterThread: Stopping because end time detected by thread: S2 1-10
2026-10-06 08:18:48,384 INFO o.a.j.t.JMeterThread: Thread finished: S2 1-10
2026-10-06 08:18:48,385 INFO o.a.j.t.JMeterThread: Stopping because end time detected by thread: S2 1-916
2026-10-06 08:18:48,385 INFO o.a.j.t.JMeterThread: Thread finished: S2 1-916
2026-10-06 08:18:48,390 INFO o.a.j.t.JMeterThread: Stopping because end time detected by thread: S2 1-523
2026-10-06 08:18:48,390 INFO o.a.j.t.JMeterThread: Thread finished: S2 1-523
2026-10-06 08:18:48,391 INFO o.a.j.t.JMeterThread: Stopping because end time detected by thread: S2 1-494
2026-10-06 08:18:48,391 INFO o.a.j.t.JMeterThread: Stopping because end time detected by thread: S2 1-13
2026-10-06 08:18:48,391 INFO o.a.j.t.JMeterThread: Thread finished: S2 1-494
2026-10-06 08:18:48,391 INFO o.a.j.t.JMeterThread: Thread finished: S2 1-13
2026-10-06 08:18:48,393 INFO o.a.j.t.JMeterThread: Stopping because end time detected by thread: S2 1-421
2026-10-06 08:18:48,393 INFO o.a.j.t.JMeterThread: Thread finished: S2 1-421
2026-10-06 08:18:48,394 INFO o.a.j.t.JMeterThread: Stopping because end time detected by thread: S2 1-230
2026-10-06 08:18:48,394 INFO o.a.j.t.JMeterThread: Thread finished: S2 1-230
2026-10-06 08:18:48,394 INFO o.a.j.t.JMeterThread: Stopping because end time detected by thread: S2 1-321
2026-10-06 08:18:48,394 INFO o.a.j.t.JMeterThread: Thread finished: S2 1-321
2026-10-06 08:18:48,405 INFO o.a.j.t.JMeterThread: Stopping because end time detected by thread: S2 1-962
2026-10-06 08:18:48,405 INFO o.a.j.t.JMeterThread: Thread finished: S2 1-962
2026-10-06 08:18:48,406 INFO o.a.j.t.JMeterThread: Stopping because end time detected by thread: S2 1-532
2026-10-06 08:18:48,406 INFO o.a.j.t.JMeterThread: Thread finished: S2 1-532
2026-10-06 08:18:48,409 INFO o.a.j.t.JMeterThread: Stopping because end time detected by thread: S2 1-441
2026-10-06 08:18:48,409 INFO o.a.j.t.JMeterThread: Thread finished: S2 1-441
2026-10-06 08:18:48,414 INFO o.a.j.t.JMeterThread: Stopping because end time detected by thread: S2 1-551
2026-10-06 08:18:48,414 INFO o.a.j.t.JMeterThread: Thread finished: S2 1-551
2026-10-06 08:18:48,417 INFO o.a.j.t.JMeterThread: Stopping because end time detected by thread: S2 1-772
2026-10-06 08:18:48,417 INFO o.a.j.t.JMeterThread: Thread finished: S2 1-772
2026-10-06 08:18:48,421 INFO o.a.j.t.JMeterThread: Stopping because end time detected by thread: S2 1-833
2026-10-06 08:18:48,421 INFO o.a.j.t.JMeterThread: Thread finished: S2 1-833
2026-10-06 08:18:48,422 INFO o.a.j.t.JMeterThread: Stopping because end time detected by thread: S2 1-61
2026-10-06 08:18:48,422 INFO o.a.j.t.JMeterThread: Thread finished: S2 1-61
2026-10-06 08:18:48,488 INFO o.a.j.t.JMeterThread: Stopping because end time detected by thread: S2 1-898
2026-10-06 08:18:48,488 INFO o.a.j.t.JMeterThread: Stopping because end time detected by thread: S2 1-288
2026-10-06 08:18:48,488 INFO o.a.j.t.JMeterThread: Thread finished: S2 1-898
2026-10-06 08:18:48,488 INFO o.a.j.t.JMeterThread: Thread finished: S2 1-288
2026-10-06 08:18:48,490 INFO o.a.j.t.JMeterThread: Stopping because end time detected by thread: S2 1-256
2026-10-06 08:18:48,490 INFO o.a.j.t.JMeterThread: Thread finished: S2 1-256
2026-10-06 08:18:48,492 INFO o.a.j.t.JMeterThread: Stopping because end time detected by thread: S2 1-572
2026-10-06 08:18:48,493 INFO o.a.j.t.JMeterThread: Thread finished: S2 1-572
2026-10-06 08:18:48,494 INFO o.a.j.t.JMeterThread: Stopping because end time detected by thread: S2 1-560
2026-10-06 08:18:48,494 INFO o.a.j.t.JMeterThread: Thread finished: S2 1-560
2026-10-06 08:18:48,495 INFO o.a.j.t.JMeterThread: Stopping because end time detected by thread: S2 1-879
2026-10-06 08:18:48,495 INFO o.a.j.t.JMeterThread: Thread finished: S2 1-879
2026-10-06 08:18:48,496 INFO o.a.j.t.JMeterThread: Stopping because end time detected by thread: S2 1-780
2026-10-06 08:18:48,496 INFO o.a.j.t.JMeterThread: Thread finished: S2 1-780
2026-10-06 08:18:48,497 INFO o.a.j.t.JMeterThread: Stopping because end time detected by thread: S2 1-829
2026-10-06 08:18:48,500 INFO o.a.j.t.JMeterThread: Stopping because end time detected by thread: S2 1-958
2026-10-06 08:18:48,500 INFO o.a.j.t.JMeterThread: Thread finished: S2 1-958
2026-10-06 08:18:48,500 INFO o.a.j.t.JMeterThread: Thread finished: S2 1-829
2026-10-06 08:18:48,501 INFO o.a.j.t.JMeterThread: Stopping because end time detected by thread: S2 1-282
2026-10-06 08:18:48,501 INFO o.a.j.t.JMeterThread: Thread finished: S2 1-282
2026-10-06 08:18:48,504 INFO o.a.j.t.JMeterThread: Stopping because end time detected by thread: S2 1-564
2026-10-06 08:18:48,504 INFO o.a.j.t.JMeterThread: Thread finished: S2 1-564
2026-10-06 08:18:48,504 INFO o.a.j.t.JMeterThread: Stopping because end time detected by thread: S2 1-49
2026-10-06 08:18:48,504 INFO o.a.j.t.JMeterThread: Thread finished: S2 1-49
2026-10-06 08:18:48,506 INFO o.a.j.t.JMeterThread: Stopping because end time detected by thread: S2 1-306
2026-10-06 08:18:48,506 INFO o.a.j.t.JMeterThread: Thread finished: S2 1-306
2026-10-06 08:18:48,513 INFO o.a.j.t.JMeterThread: Stopping because end time detected by thread: S2 1-546
2026-10-06 08:18:48,513 INFO o.a.j.t.JMeterThread: Thread finished: S2 1-546
2026-10-06 08:18:48,513 INFO o.a.j.t.JMeterThread: Stopping because end time detected by thread: S2 1-341
2026-10-06 08:18:48,514 INFO o.a.j.t.JMeterThread: Thread finished: S2 1-341
2026-10-06 08:18:48,520 INFO o.a.j.t.JMeterThread: Stopping because end time detected by thread: S2 1-793
2026-10-06 08:18:48,520 INFO o.a.j.t.JMeterThread: Thread finished: S2 1-793
2026-10-06 08:18:48,582 INFO o.a.j.t.JMeterThread: Stopping because end time detected by thread: S2 1-9
2026-10-06 08:18:48,583 INFO o.a.j.t.JMeterThread: Thread finished: S2 1-9
2026-10-06 08:18:48,583 INFO o.a.j.t.JMeterThread: Stopping because end time detected by thread: S2 1-231
2026-10-06 08:18:48,583 INFO o.a.j.t.JMeterThread: Thread finished: S2 1-231
2026-10-06 08:18:48,584 INFO o.a.j.t.JMeterThread: Stopping because end time detected by thread: S2 1-808
2026-10-06 08:18:48,584 INFO o.a.j.t.JMeterThread: Thread finished: S2 1-808
2026-10-06 08:18:48,586 INFO o.a.j.t.JMeterThread: Stopping because end time detected by thread: S2 1-552
2026-10-06 08:18:48,586 INFO o.a.j.t.JMeterThread: Thread finished: S2 1-552
2026-10-06 08:18:48,587 INFO o.a.j.t.JMeterThread: Stopping because end time detected by thread: S2 1-576
2026-10-06 08:18:48,587 INFO o.a.j.t.JMeterThread: Thread finished: S2 1-576
2026-10-06 08:18:48,588 INFO o.a.j.t.JMeterThread: Stopping because end time detected by thread: S2 1-556
2026-10-06 08:18:48,588 INFO o.a.j.t.JMeterThread: Thread finished: S2 1-556
2026-10-06 08:18:48,589 INFO o.a.j.t.JMeterThread: Stopping because end time detected by thread: S2 1-984
2026-10-06 08:18:48,589 INFO o.a.j.t.JMeterThread: Thread finished: S2 1-984
2026-10-06 08:18:48,592 INFO o.a.j.t.JMeterThread: Stopping because end time detected by thread: S2 1-302
2026-10-06 08:18:48,592 INFO o.a.j.t.JMeterThread: Thread finished: S2 1-302
2026-10-06 08:18:48,598 INFO o.a.j.t.JMeterThread: Stopping because end time detected by thread: S2 1-819
2026-10-06 08:18:48,598 INFO o.a.j.t.JMeterThread: Thread finished: S2 1-819
2026-10-06 08:18:48,600 INFO o.a.j.t.JMeterThread: Stopping because end time detected by thread: S2 1-24
2026-10-06 08:18:48,600 INFO o.a.j.t.JMeterThread: Thread finished: S2 1-24
2026-10-06 08:18:48,609 INFO o.a.j.t.JMeterThread: Stopping because end time detected by thread: S2 1-992
2026-10-06 08:18:48,609 INFO o.a.j.t.JMeterThread: Thread finished: S2 1-992
2026-10-06 08:18:48,609 INFO o.a.j.t.JMeterThread: Stopping because end time detected by thread: S2 1-998
2026-10-06 08:18:48,609 INFO o.a.j.t.JMeterThread: Thread finished: S2 1-998
2026-10-06 08:18:48,616 INFO o.a.j.t.JMeterThread: Stopping because end time detected by thread: S2 1-457
2026-10-06 08:18:48,616 INFO o.a.j.t.JMeterThread: Thread finished: S2 1-457
2026-10-06 08:18:48,617 INFO o.a.j.t.JMeterThread: Stopping because end time detected by thread: S2 1-991
2026-10-06 08:18:48,617 INFO o.a.j.t.JMeterThread: Thread finished: S2 1-991
2026-10-06 08:18:48,621 INFO o.a.j.t.JMeterThread: Stopping because end time detected by thread: S2 1-792
2026-10-06 08:18:48,621 INFO o.a.j.t.JMeterThread: Thread finished: S2 1-792
2026-10-06 08:18:48,688 INFO o.a.j.t.JMeterThread: Stopping because end time detected by thread: S2 1-845
2026-10-06 08:18:48,689 INFO o.a.j.t.JMeterThread: Thread finished: S2 1-845
2026-10-06 08:18:48,693 INFO o.a.j.t.JMeterThread: Stopping because end time detected by thread: S2 1-841
2026-10-06 08:18:48,693 INFO o.a.j.t.JMeterThread: Stopping because end time detected by thread: S2 1-555
2026-10-06 08:18:48,694 INFO o.a.j.t.JMeterThread: Thread finished: S2 1-841
2026-10-06 08:18:48,694 INFO o.a.j.t.JMeterThread: Thread finished: S2 1-555
2026-10-06 08:18:48,694 INFO o.a.j.t.JMeterThread: Stopping because end time detected by thread: S2 1-948
2026-10-06 08:18:48,694 INFO o.a.j.t.JMeterThread: Thread finished: S2 1-948
2026-10-06 08:18:48,695 INFO o.a.j.t.JMeterThread: Stopping because end time detected by thread: S2 1-116
2026-10-06 08:18:48,695 INFO o.a.j.t.JMeterThread: Thread finished: S2 1-116
2026-10-06 08:18:48,697 INFO o.a.j.t.JMeterThread: Stopping because end time detected by thread: S2 1-138
2026-10-06 08:18:48,697 INFO o.a.j.t.JMeterThread: Thread finished: S2 1-138
2026-10-06 08:18:48,704 INFO o.a.j.t.JMeterThread: Stopping because end time detected by thread: S2 1-986
2026-10-06 08:18:48,705 INFO o.a.j.t.JMeterThread: Thread finished: S2 1-986
2026-10-06 08:18:48,712 INFO o.a.j.t.JMeterThread: Stopping because end time detected by thread: S2 1-94
2026-10-06 08:18:48,713 INFO o.a.j.t.JMeterThread: Thread finished: S2 1-94
2026-10-06 08:18:48,714 INFO o.a.j.t.JMeterThread: Stopping because end time detected by thread: S2 1-7
2026-10-06 08:18:48,714 INFO o.a.j.t.JMeterThread: Thread finished: S2 1-7
2026-10-06 08:18:48,716 INFO o.a.j.t.JMeterThread: Stopping because end time detected by thread: S2 1-812
2026-10-06 08:18:48,716 INFO o.a.j.t.JMeterThread: Thread finished: S2 1-812
2026-10-06 08:18:48,718 INFO o.a.j.t.JMeterThread: Stopping because end time detected by thread: S2 1-118
2026-10-06 08:18:48,718 INFO o.a.j.t.JMeterThread: Thread finished: S2 1-118
2026-10-06 08:18:48,720 INFO o.a.j.t.JMeterThread: Stopping because end time detected by thread: S2 1-952
2026-10-06 08:18:48,720 INFO o.a.j.t.JMeterThread: Thread finished: S2 1-952
2026-10-06 08:18:48,721 INFO o.a.j.t.JMeterThread: Stopping because end time detected by thread: S2 1-304
2026-10-06 08:18:48,721 INFO o.a.j.t.JMeterThread: Thread finished: S2 1-304
2026-10-06 08:18:48,723 INFO o.a.j.t.JMeterThread: Stopping because end time detected by thread: S2 1-428
2026-10-06 08:18:48,723 INFO o.a.j.t.JMeterThread: Thread finished: S2 1-428
2026-10-06 08:18:48,786 INFO o.a.j.t.JMeterThread: Stopping because end time detected by thread: S2 1-894
2026-10-06 08:18:48,786 INFO o.a.j.t.JMeterThread: Stopping because end time detected by thread: S2 1-40
2026-10-06 08:18:48,786 INFO o.a.j.t.JMeterThread: Thread finished: S2 1-894
2026-10-06 08:18:48,788 INFO o.a.j.t.JMeterThread: Thread finished: S2 1-40
2026-10-06 08:18:48,788 INFO o.a.j.t.JMeterThread: Stopping because end time detected by thread: S2 1-874
2026-10-06 08:18:48,788 INFO o.a.j.t.JMeterThread: Thread finished: S2 1-874
2026-10-06 08:18:48,789 INFO o.a.j.t.JMeterThread: Stopping because end time detected by thread: S2 1-453
2026-10-06 08:18:48,789 INFO o.a.j.t.JMeterThread: Thread finished: S2 1-453
2026-10-06 08:18:48,790 INFO o.a.j.t.JMeterThread: Stopping because end time detected by thread: S2 1-239
2026-10-06 08:18:48,790 INFO o.a.j.t.JMeterThread: Thread finished: S2 1-239
2026-10-06 08:18:48,791 INFO o.a.j.t.JMeterThread: Stopping because end time detected by thread: S2 1-99
2026-10-06 08:18:48,791 INFO o.a.j.t.JMeterThread: Thread finished: S2 1-99
2026-10-06 08:18:48,792 INFO o.a.j.t.JMeterThread: Stopping because end time detected by thread: S2 1-285
2026-10-06 08:18:48,793 INFO o.a.j.t.JMeterThread: Thread finished: S2 1-285
2026-10-06 08:18:48,800 INFO o.a.j.t.JMeterThread: Stopping because end time detected by thread: S2 1-587
2026-10-06 08:18:48,800 INFO o.a.j.t.JMeterThread: Thread finished: S2 1-587
2026-10-06 08:18:48,809 INFO o.a.j.t.JMeterThread: Stopping because end time detected by thread: S2 1-878
2026-10-06 08:18:48,809 INFO o.a.j.t.JMeterThread: Thread finished: S2 1-878
2026-10-06 08:18:48,812 INFO o.a.j.t.JMeterThread: Stopping because end time detected by thread: S2 1-518
2026-10-06 08:18:48,812 INFO o.a.j.t.JMeterThread: Thread finished: S2 1-518
2026-10-06 08:18:48,812 INFO o.a.j.t.JMeterThread: Stopping because end time detected by thread: S2 1-994
2026-10-06 08:18:48,813 INFO o.a.j.t.JMeterThread: Thread finished: S2 1-994
2026-10-06 08:18:48,823 INFO o.a.j.t.JMeterThread: Stopping because end time detected by thread: S2 1-349
2026-10-06 08:18:48,823 INFO o.a.j.t.JMeterThread: Thread finished: S2 1-349
2026-10-06 08:18:48,823 INFO o.a.j.t.JMeterThread: Stopping because end time detected by thread: S2 1-310
2026-10-06 08:18:48,823 INFO o.a.j.t.JMeterThread: Thread finished: S2 1-310
2026-10-06 08:18:48,823 INFO o.a.j.t.JMeterThread: Stopping because end time detected by thread: S2 1-352
2026-10-06 08:18:48,823 INFO o.a.j.t.JMeterThread: Thread finished: S2 1-352
2026-10-06 08:18:48,882 INFO o.a.j.t.JMeterThread: Stopping because end time detected by thread: S2 1-169
2026-10-06 08:18:48,883 INFO o.a.j.t.JMeterThread: Thread finished: S2 1-169
2026-10-06 08:18:48,884 INFO o.a.j.t.JMeterThread: Stopping because end time detected by thread: S2 1-461
2026-10-06 08:18:48,884 INFO o.a.j.t.JMeterThread: Thread finished: S2 1-461
2026-10-06 08:18:48,889 INFO o.a.j.t.JMeterThread: Stopping because end time detected by thread: S2 1-247
2026-10-06 08:18:48,889 INFO o.a.j.t.JMeterThread: Thread finished: S2 1-247
2026-10-06 08:18:48,889 INFO o.a.j.t.JMeterThread: Stopping because end time detected by thread: S2 1-620
2026-10-06 08:18:48,889 INFO o.a.j.t.JMeterThread: Thread finished: S2 1-620
2026-10-06 08:18:48,895 INFO o.a.j.t.JMeterThread: Stopping because end time detected by thread: S2 1-449
2026-10-06 08:18:48,896 INFO o.a.j.t.JMeterThread: Thread finished: S2 1-449
2026-10-06 08:18:48,898 INFO o.a.j.t.JMeterThread: Stopping because end time detected by thread: S2 1-448
2026-10-06 08:18:48,899 INFO o.a.j.t.JMeterThread: Thread finished: S2 1-448
2026-10-06 08:18:48,901 INFO o.a.j.t.JMeterThread: Stopping because end time detected by thread: S2 1-575
2026-10-06 08:18:48,901 INFO o.a.j.t.JMeterThread: Thread finished: S2 1-575
2026-10-06 08:18:48,903 INFO o.a.j.t.JMeterThread: Stopping because end time detected by thread: S2 1-830
2026-10-06 08:18:48,903 INFO o.a.j.t.JMeterThread: Thread finished: S2 1-830
2026-10-06 08:18:48,904 INFO o.a.j.t.JMeterThread: Stopping because end time detected by thread: S2 1-168
2026-10-06 08:18:48,904 INFO o.a.j.t.JMeterThread: Thread finished: S2 1-168
2026-10-06 08:18:48,915 INFO o.a.j.t.JMeterThread: Stopping because end time detected by thread: S2 1-102
2026-10-06 08:18:48,915 INFO o.a.j.t.JMeterThread: Thread finished: S2 1-102
2026-10-06 08:18:48,917 INFO o.a.j.t.JMeterThread: Stopping because end time detected by thread: S2 1-568
2026-10-06 08:18:48,917 INFO o.a.j.t.JMeterThread: Thread finished: S2 1-568
2026-10-06 08:18:48,919 INFO o.a.j.t.JMeterThread: Stopping because end time detected by thread: S2 1-609
2026-10-06 08:18:48,919 INFO o.a.j.t.JMeterThread: Thread finished: S2 1-609
2026-10-06 08:18:48,920 INFO o.a.j.t.JMeterThread: Stopping because end time detected by thread: S2 1-318
2026-10-06 08:18:48,920 INFO o.a.j.t.JMeterThread: Thread finished: S2 1-318
2026-10-06 08:18:48,925 INFO o.a.j.t.JMeterThread: Stopping because end time detected by thread: S2 1-584
2026-10-06 08:18:48,925 INFO o.a.j.t.JMeterThread: Thread finished: S2 1-584
2026-10-06 08:18:48,983 INFO o.a.j.t.JMeterThread: Stopping because end time detected by thread: S2 1-891
2026-10-06 08:18:48,983 INFO o.a.j.t.JMeterThread: Thread finished: S2 1-891
2026-10-06 08:18:48,988 INFO o.a.j.t.JMeterThread: Stopping because end time detected by thread: S2 1-53
2026-10-06 08:18:48,988 INFO o.a.j.t.JMeterThread: Thread finished: S2 1-53
2026-10-06 08:18:48,993 INFO o.a.j.t.JMeterThread: Stopping because end time detected by thread: S2 1-325
2026-10-06 08:18:48,993 INFO o.a.j.t.JMeterThread: Thread finished: S2 1-325
2026-10-06 08:18:48,993 INFO o.a.j.t.JMeterThread: Stopping because end time detected by thread: S2 1-530
2026-10-06 08:18:48,994 INFO o.a.j.t.JMeterThread: Thread finished: S2 1-530
2026-10-06 08:18:48,998 INFO o.a.j.t.JMeterThread: Stopping because end time detected by thread: S2 1-567
2026-10-06 08:18:48,998 INFO o.a.j.t.JMeterThread: Thread finished: S2 1-567
2026-10-06 08:18:48,999 INFO o.a.j.t.JMeterThread: Stopping because end time detected by thread: S2 1-850
2026-10-06 08:18:48,999 INFO o.a.j.t.JMeterThread: Stopping because end time detected by thread: S2 1-498
2026-10-06 08:18:48,999 INFO o.a.j.t.JMeterThread: Thread finished: S2 1-498
2026-10-06 08:18:48,999 INFO o.a.j.t.JMeterThread: Thread finished: S2 1-850
2026-10-06 08:18:49,001 INFO o.a.j.t.JMeterThread: Stopping because end time detected by thread: S2 1-196
2026-10-06 08:18:49,001 INFO o.a.j.t.JMeterThread: Thread finished: S2 1-196
2026-10-06 08:18:49,004 INFO o.a.j.t.JMeterThread: Stopping because end time detected by thread: S2 1-104
2026-10-06 08:18:49,004 INFO o.a.j.t.JMeterThread: Thread finished: S2 1-104
2026-10-06 08:18:49,014 INFO o.a.j.t.JMeterThread: Stopping because end time detected by thread: S2 1-846
2026-10-06 08:18:49,014 INFO o.a.j.t.JMeterThread: Thread finished: S2 1-846
2026-10-06 08:18:49,088 INFO o.a.j.t.JMeterThread: Stopping because end time detected by thread: S2 1-914
2026-10-06 08:18:49,088 INFO o.a.j.t.JMeterThread: Stopping because end time detected by thread: S2 1-611
2026-10-06 08:18:49,089 INFO o.a.j.t.JMeterThread: Thread finished: S2 1-914
2026-10-06 08:18:49,089 INFO o.a.j.t.JMeterThread: Thread finished: S2 1-611
2026-10-06 08:18:49,089 INFO o.a.j.t.JMeterThread: Stopping because end time detected by thread: S2 1-333
2026-10-06 08:18:49,089 INFO o.a.j.t.JMeterThread: Thread finished: S2 1-333
2026-10-06 08:18:49,095 INFO o.a.j.t.JMeterThread: Stopping because end time detected by thread: S2 1-485
2026-10-06 08:18:49,095 INFO o.a.j.t.JMeterThread: Stopping because end time detected by thread: S2 1-314
2026-10-06 08:18:49,095 INFO o.a.j.t.JMeterThread: Thread finished: S2 1-485
2026-10-06 08:18:49,095 INFO o.a.j.t.JMeterThread: Thread finished: S2 1-314
2026-10-06 08:18:49,100 INFO o.a.j.t.JMeterThread: Stopping because end time detected by thread: S2 1-455
2026-10-06 08:18:49,100 INFO o.a.j.t.JMeterThread: Thread finished: S2 1-455
2026-10-06 08:18:49,103 INFO o.a.j.t.JMeterThread: Stopping because end time detected by thread: S2 1-591
2026-10-06 08:18:49,103 INFO o.a.j.t.JMeterThread: Thread finished: S2 1-591
2026-10-06 08:18:49,110 INFO o.a.j.t.JMeterThread: Stopping because end time detected by thread: S2 1-571
2026-10-06 08:18:49,110 INFO o.a.j.t.JMeterThread: Thread finished: S2 1-571
2026-10-06 08:18:49,111 INFO o.a.j.t.JMeterThread: Stopping because end time detected by thread: S2 1-599
2026-10-06 08:18:49,112 INFO o.a.j.t.JMeterThread: Thread finished: S2 1-599
2026-10-06 08:18:49,113 INFO o.a.j.t.JMeterThread: Stopping because end time detected by thread: S2 1-988
2026-10-06 08:18:49,113 INFO o.a.j.t.JMeterThread: Thread finished: S2 1-988
2026-10-06 08:18:49,116 INFO o.a.j.t.JMeterThread: Stopping because end time detected by thread: S2 1-312
2026-10-06 08:18:49,116 INFO o.a.j.t.JMeterThread: Thread finished: S2 1-312
2026-10-06 08:18:49,117 INFO o.a.j.t.JMeterThread: Stopping because end time detected by thread: S2 1-300
2026-10-06 08:18:49,117 INFO o.a.j.t.JMeterThread: Thread finished: S2 1-300
2026-10-06 08:18:49,117 INFO o.a.j.t.JMeterThread: Stopping because end time detected by thread: S2 1-861
2026-10-06 08:18:49,117 INFO o.a.j.t.JMeterThread: Thread finished: S2 1-861
2026-10-06 08:18:49,119 INFO o.a.j.t.JMeterThread: Stopping because end time detected by thread: S2 1-866
2026-10-06 08:18:49,119 INFO o.a.j.t.JMeterThread: Thread finished: S2 1-866
2026-10-06 08:18:49,120 INFO o.a.j.t.JMeterThread: Stopping because end time detected by thread: S2 1-162
2026-10-06 08:18:49,120 INFO o.a.j.t.JMeterThread: Thread finished: S2 1-162
2026-10-06 08:18:49,124 INFO o.a.j.t.JMeterThread: Stopping because end time detected by thread: S2 1-559
2026-10-06 08:18:49,124 INFO o.a.j.t.JMeterThread: Thread finished: S2 1-559
2026-10-06 08:18:49,187 INFO o.a.j.t.JMeterThread: Stopping because end time detected by thread: S2 1-15
2026-10-06 08:18:49,187 INFO o.a.j.t.JMeterThread: Thread finished: S2 1-15
2026-10-06 08:18:49,191 INFO o.a.j.t.JMeterThread: Stopping because end time detected by thread: S2 1-197
2026-10-06 08:18:49,191 INFO o.a.j.t.JMeterThread: Thread finished: S2 1-197
2026-10-06 08:18:49,194 INFO o.a.j.t.JMeterThread: Stopping because end time detected by thread: S2 1-890
2026-10-06 08:18:49,194 INFO o.a.j.t.JMeterThread: Thread finished: S2 1-890
2026-10-06 08:18:49,197 INFO o.a.j.t.JMeterThread: Stopping because end time detected by thread: S2 1-857
2026-10-06 08:18:49,197 INFO o.a.j.t.JMeterThread: Thread finished: S2 1-857
2026-10-06 08:18:49,199 INFO o.a.j.t.JMeterThread: Stopping because end time detected by thread: S2 1-820
2026-10-06 08:18:49,199 INFO o.a.j.t.JMeterThread: Thread finished: S2 1-820
2026-10-06 08:18:49,200 INFO o.a.j.t.JMeterThread: Stopping because end time detected by thread: S2 1-334
2026-10-06 08:18:49,200 INFO o.a.j.t.JMeterThread: Thread finished: S2 1-334
2026-10-06 08:18:49,200 INFO o.a.j.t.JMeterThread: Stopping because end time detected by thread: S2 1-337
2026-10-06 08:18:49,200 INFO o.a.j.t.JMeterThread: Thread finished: S2 1-337
2026-10-06 08:18:49,203 INFO o.a.j.t.JMeterThread: Stopping because end time detected by thread: S2 1-205
2026-10-06 08:18:49,203 INFO o.a.j.t.JMeterThread: Thread finished: S2 1-205
2026-10-06 08:18:49,214 INFO o.a.j.t.JMeterThread: Stopping because end time detected by thread: S2 1-305
2026-10-06 08:18:49,214 INFO o.a.j.t.JMeterThread: Thread finished: S2 1-305
2026-10-06 08:18:49,214 INFO o.a.j.t.JMeterThread: Stopping because end time detected by thread: S2 1-1000
2026-10-06 08:18:49,214 INFO o.a.j.t.JMeterThread: Thread finished: S2 1-1000
2026-10-06 08:18:49,218 INFO o.a.j.t.JMeterThread: Stopping because end time detected by thread: S2 1-853
2026-10-06 08:18:49,218 INFO o.a.j.t.JMeterThread: Thread finished: S2 1-853
2026-10-06 08:18:49,218 INFO o.a.j.t.JMeterThread: Stopping because end time detected by thread: S2 1-995
2026-10-06 08:18:49,219 INFO o.a.j.t.JMeterThread: Thread finished: S2 1-995
2026-10-06 08:18:49,220 INFO o.a.j.t.JMeterThread: Stopping because end time detected by thread: S2 1-188
2026-10-06 08:18:49,220 INFO o.a.j.t.JMeterThread: Thread finished: S2 1-188
2026-10-06 08:18:49,223 INFO o.a.j.t.JMeterThread: Stopping because end time detected by thread: S2 1-473
2026-10-06 08:18:49,223 INFO o.a.j.t.JMeterThread: Thread finished: S2 1-473
2026-10-06 08:18:49,284 INFO o.a.j.t.JMeterThread: Stopping because end time detected by thread: S2 1-600
2026-10-06 08:18:49,284 INFO o.a.j.t.JMeterThread: Thread finished: S2 1-600
2026-10-06 08:18:49,286 INFO o.a.j.t.JMeterThread: Stopping because end time detected by thread: S2 1-465
2026-10-06 08:18:49,286 INFO o.a.j.t.JMeterThread: Stopping because end time detected by thread: S2 1-109
2026-10-06 08:18:49,286 INFO o.a.j.t.JMeterThread: Thread finished: S2 1-465
2026-10-06 08:18:49,286 INFO o.a.j.t.JMeterThread: Thread finished: S2 1-109
2026-10-06 08:18:49,287 INFO o.a.j.t.JMeterThread: Stopping because end time detected by thread: S2 1-910
2026-10-06 08:18:49,287 INFO o.a.j.t.JMeterThread: Thread finished: S2 1-910
2026-10-06 08:18:49,289 INFO o.a.j.t.JMeterThread: Stopping because end time detected by thread: S2 1-563
2026-10-06 08:18:49,289 INFO o.a.j.t.JMeterThread: Thread finished: S2 1-563
2026-10-06 08:18:49,291 INFO o.a.j.t.JMeterThread: Stopping because end time detected by thread: S2 1-329
2026-10-06 08:18:49,291 INFO o.a.j.t.JMeterThread: Thread finished: S2 1-329
2026-10-06 08:18:49,294 INFO o.a.j.t.JMeterThread: Stopping because end time detected by thread: S2 1-882
2026-10-06 08:18:49,294 INFO o.a.j.t.JMeterThread: Thread finished: S2 1-882
2026-10-06 08:18:49,295 INFO o.a.j.t.JMeterThread: Stopping because end time detected by thread: S2 1-996
2026-10-06 08:18:49,295 INFO o.a.j.t.JMeterThread: Thread finished: S2 1-996
2026-10-06 08:18:49,295 INFO o.a.j.t.JMeterThread: Stopping because end time detected by thread: S2 1-490
2026-10-06 08:18:49,296 INFO o.a.j.t.JMeterThread: Stopping because end time detected by thread: S2 1-907
2026-10-06 08:18:49,296 INFO o.a.j.t.JMeterThread: Thread finished: S2 1-907
2026-10-06 08:18:49,296 INFO o.a.j.t.JMeterThread: Thread finished: S2 1-490
2026-10-06 08:18:49,297 INFO o.a.j.t.JMeterThread: Stopping because end time detected by thread: S2 1-298
2026-10-06 08:18:49,297 INFO o.a.j.t.JMeterThread: Thread finished: S2 1-298
2026-10-06 08:18:49,302 INFO o.a.j.t.JMeterThread: Stopping because end time detected by thread: S2 1-152
2026-10-06 08:18:49,302 INFO o.a.j.t.JMeterThread: Thread finished: S2 1-152
2026-10-06 08:18:49,303 INFO o.a.j.t.JMeterThread: Stopping because end time detected by thread: S2 1-3
2026-10-06 08:18:49,303 INFO o.a.j.t.JMeterThread: Thread finished: S2 1-3
2026-10-06 08:18:49,305 INFO o.a.j.t.JMeterThread: Stopping because end time detected by thread: S2 1-608
2026-10-06 08:18:49,305 INFO o.a.j.t.JMeterThread: Thread finished: S2 1-608
2026-10-06 08:18:49,309 INFO o.a.j.t.JMeterThread: Stopping because end time detected by thread: S2 1-873
2026-10-06 08:18:49,309 INFO o.a.j.t.JMeterThread: Thread finished: S2 1-873
2026-10-06 08:18:49,313 INFO o.a.j.t.JMeterThread: Stopping because end time detected by thread: S2 1-870
2026-10-06 08:18:49,313 INFO o.a.j.t.JMeterThread: Thread finished: S2 1-870
2026-10-06 08:18:49,317 INFO o.a.j.t.JMeterThread: Stopping because end time detected by thread: S2 1-430
2026-10-06 08:18:49,317 INFO o.a.j.t.JMeterThread: Thread finished: S2 1-430
2026-10-06 08:18:49,318 INFO o.a.j.t.JMeterThread: Stopping because end time detected by thread: S2 1-905
2026-10-06 08:18:49,319 INFO o.a.j.t.JMeterThread: Thread finished: S2 1-905
2026-10-06 08:18:49,321 INFO o.a.j.t.JMeterThread: Stopping because end time detected by thread: S2 1-290
2026-10-06 08:18:49,322 INFO o.a.j.t.JMeterThread: Thread finished: S2 1-290
2026-10-06 08:18:49,382 INFO o.a.j.t.JMeterThread: Stopping because end time detected by thread: S2 1-14
2026-10-06 08:18:49,382 INFO o.a.j.t.JMeterThread: Thread finished: S2 1-14
2026-10-06 08:18:49,388 INFO o.a.j.t.JMeterThread: Stopping because end time detected by thread: S2 1-81
2026-10-06 08:18:49,388 INFO o.a.j.t.JMeterThread: Thread finished: S2 1-81
2026-10-06 08:18:49,388 INFO o.a.j.t.JMeterThread: Stopping because end time detected by thread: S2 1-862
2026-10-06 08:18:49,388 INFO o.a.j.t.JMeterThread: Stopping because end time detected by thread: S2 1-865
2026-10-06 08:18:49,388 INFO o.a.j.t.JMeterThread: Thread finished: S2 1-862
2026-10-06 08:18:49,388 INFO o.a.j.t.JMeterThread: Thread finished: S2 1-865
2026-10-06 08:18:49,403 INFO o.a.j.t.JMeterThread: Stopping because end time detected by thread: S2 1-639
2026-10-06 08:18:49,403 INFO o.a.j.t.JMeterThread: Thread finished: S2 1-639
2026-10-06 08:18:49,404 INFO o.a.j.t.JMeterThread: Stopping because end time detected by thread: S2 1-616
2026-10-06 08:18:49,404 INFO o.a.j.t.JMeterThread: Thread finished: S2 1-616
2026-10-06 08:18:49,405 INFO o.a.j.t.JMeterThread: Stopping because end time detected by thread: S2 1-689
2026-10-06 08:18:49,405 INFO o.a.j.t.JMeterThread: Thread finished: S2 1-689
2026-10-06 08:18:49,408 INFO o.a.j.t.JMeterThread: Stopping because end time detected by thread: S2 1-607
2026-10-06 08:18:49,408 INFO o.a.j.t.JMeterThread: Thread finished: S2 1-607
2026-10-06 08:18:49,416 INFO o.a.j.t.JMeterThread: Stopping because end time detected by thread: S2 1-909
2026-10-06 08:18:49,416 INFO o.a.j.t.JMeterThread: Thread finished: S2 1-909
2026-10-06 08:18:49,418 INFO o.a.j.t.JMeterThread: Stopping because end time detected by thread: S2 1-208
2026-10-06 08:18:49,418 INFO o.a.j.t.JMeterThread: Thread finished: S2 1-208
2026-10-06 08:18:49,419 INFO o.a.j.t.JMeterThread: Stopping because end time detected by thread: S2 1-357
2026-10-06 08:18:49,419 INFO o.a.j.t.JMeterThread: Thread finished: S2 1-357
2026-10-06 08:18:49,482 INFO o.a.j.t.JMeterThread: Stopping because end time detected by thread: S2 1-316
2026-10-06 08:18:49,482 INFO o.a.j.t.JMeterThread: Thread finished: S2 1-316
2026-10-06 08:18:49,484 INFO o.a.j.t.JMeterThread: Stopping because end time detected by thread: S2 1-123
2026-10-06 08:18:49,484 INFO o.a.j.t.JMeterThread: Thread finished: S2 1-123
2026-10-06 08:18:49,484 INFO o.a.j.t.JMeterThread: Stopping because end time detected by thread: S2 1-837
2026-10-06 08:18:49,485 INFO o.a.j.t.JMeterThread: Thread finished: S2 1-837
2026-10-06 08:18:49,486 INFO o.a.j.t.JMeterThread: Stopping because end time detected by thread: S2 1-619
2026-10-06 08:18:49,486 INFO o.a.j.t.JMeterThread: Thread finished: S2 1-619
2026-10-06 08:18:49,492 INFO o.a.j.t.JMeterThread: Stopping because end time detected by thread: S2 1-255
2026-10-06 08:18:49,492 INFO o.a.j.t.JMeterThread: Thread finished: S2 1-255
2026-10-06 08:18:49,497 INFO o.a.j.t.JMeterThread: Stopping because end time detected by thread: S2 1-967
2026-10-06 08:18:49,498 INFO o.a.j.t.JMeterThread: Thread finished: S2 1-967
2026-10-06 08:18:49,500 INFO o.a.j.t.JMeterThread: Stopping because end time detected by thread: S2 1-17
2026-10-06 08:18:49,500 INFO o.a.j.t.JMeterThread: Thread finished: S2 1-17
2026-10-06 08:18:49,504 INFO o.a.j.t.JMeterThread: Stopping because end time detected by thread: S2 1-185
2026-10-06 08:18:49,504 INFO o.a.j.t.JMeterThread: Stopping because end time detected by thread: S2 1-516
2026-10-06 08:18:49,504 INFO o.a.j.t.JMeterThread: Thread finished: S2 1-185
2026-10-06 08:18:49,504 INFO o.a.j.t.JMeterThread: Thread finished: S2 1-516
2026-10-06 08:18:49,506 INFO o.a.j.t.JMeterThread: Stopping because end time detected by thread: S2 1-624
2026-10-06 08:18:49,506 INFO o.a.j.t.JMeterThread: Thread finished: S2 1-624
2026-10-06 08:18:49,510 INFO o.a.j.t.JMeterThread: Stopping because end time detected by thread: S2 1-931
2026-10-06 08:18:49,510 INFO o.a.j.t.JMeterThread: Thread finished: S2 1-931
2026-10-06 08:18:49,512 INFO o.a.j.t.JMeterThread: Stopping because end time detected by thread: S2 1-897
2026-10-06 08:18:49,512 INFO o.a.j.t.JMeterThread: Thread finished: S2 1-897
2026-10-06 08:18:49,517 INFO o.a.j.t.JMeterThread: Stopping because end time detected by thread: S2 1-192
2026-10-06 08:18:49,517 INFO o.a.j.t.JMeterThread: Thread finished: S2 1-192
2026-10-06 08:18:49,581 INFO o.a.j.t.JMeterThread: Stopping because end time detected by thread: S2 1-322
2026-10-06 08:18:49,581 INFO o.a.j.t.JMeterThread: Thread finished: S2 1-322
2026-10-06 08:18:49,583 INFO o.a.j.t.JMeterThread: Stopping because end time detected by thread: S2 1-71
2026-10-06 08:18:49,583 INFO o.a.j.t.JMeterThread: Thread finished: S2 1-71
2026-10-06 08:18:49,589 INFO o.a.j.t.JMeterThread: Stopping because end time detected by thread: S2 1-902
2026-10-06 08:18:49,589 INFO o.a.j.t.JMeterThread: Thread finished: S2 1-902
2026-10-06 08:18:49,590 INFO o.a.j.t.JMeterThread: Stopping because end time detected by thread: S2 1-588
2026-10-06 08:18:49,590 INFO o.a.j.t.JMeterThread: Thread finished: S2 1-588
2026-10-06 08:18:49,591 INFO o.a.j.t.JMeterThread: Stopping because end time detected by thread: S2 1-628
2026-10-06 08:18:49,591 INFO o.a.j.t.JMeterThread: Thread finished: S2 1-628
2026-10-06 08:18:49,593 INFO o.a.j.t.JMeterThread: Stopping because end time detected by thread: S2 1-654
2026-10-06 08:18:49,593 INFO o.a.j.t.JMeterThread: Thread finished: S2 1-654
2026-10-06 08:18:49,598 INFO o.a.j.t.JMeterThread: Stopping because end time detected by thread: S2 1-971
2026-10-06 08:18:49,598 INFO o.a.j.t.JMeterThread: Thread finished: S2 1-971
2026-10-06 08:18:49,599 INFO o.a.j.t.JMeterThread: Stopping because end time detected by thread: S2 1-918
2026-10-06 08:18:49,599 INFO o.a.j.t.JMeterThread: Thread finished: S2 1-918
2026-10-06 08:18:49,601 INFO o.a.j.t.JMeterThread: Stopping because end time detected by thread: S2 1-271
2026-10-06 08:18:49,601 INFO o.a.j.t.JMeterThread: Thread finished: S2 1-271
2026-10-06 08:18:49,601 INFO o.a.j.t.JMeterThread: Stopping because end time detected by thread: S2 1-43
2026-10-06 08:18:49,601 INFO o.a.j.t.JMeterThread: Thread finished: S2 1-43
2026-10-06 08:18:49,610 INFO o.a.j.t.JMeterThread: Stopping because end time detected by thread: S2 1-129
2026-10-06 08:18:49,610 INFO o.a.j.t.JMeterThread: Thread finished: S2 1-129
2026-10-06 08:18:49,615 INFO o.a.j.t.JMeterThread: Stopping because end time detected by thread: S2 1-170
2026-10-06 08:18:49,615 INFO o.a.j.t.JMeterThread: Thread finished: S2 1-170
2026-10-06 08:18:49,617 INFO o.a.j.t.JMeterThread: Stopping because end time detected by thread: S2 1-106
2026-10-06 08:18:49,617 INFO o.a.j.t.JMeterThread: Thread finished: S2 1-106
2026-10-06 08:18:49,618 INFO o.a.j.t.JMeterThread: Stopping because end time detected by thread: S2 1-330
2026-10-06 08:18:49,618 INFO o.a.j.t.JMeterThread: Thread finished: S2 1-330
2026-10-06 08:18:49,619 INFO o.a.j.t.JMeterThread: Stopping because end time detected by thread: S2 1-603
2026-10-06 08:18:49,619 INFO o.a.j.t.JMeterThread: Thread finished: S2 1-603
2026-10-06 08:18:49,620 INFO o.a.j.t.JMeterThread: Stopping because end time detected by thread: S2 1-804
2026-10-06 08:18:49,620 INFO o.a.j.t.JMeterThread: Thread finished: S2 1-804
2026-10-06 08:18:49,685 INFO o.a.j.t.JMeterThread: Stopping because end time detected by thread: S2 1-350
2026-10-06 08:18:49,685 INFO o.a.j.t.JMeterThread: Stopping because end time detected by thread: S2 1-534
2026-10-06 08:18:49,686 INFO o.a.j.t.JMeterThread: Thread finished: S2 1-350
2026-10-06 08:18:49,686 INFO o.a.j.t.JMeterThread: Thread finished: S2 1-534
2026-10-06 08:18:49,687 INFO o.a.j.t.JMeterThread: Stopping because end time detected by thread: S2 1-643
2026-10-06 08:18:49,687 INFO o.a.j.t.JMeterThread: Thread finished: S2 1-643
2026-10-06 08:18:49,688 INFO o.a.j.t.JMeterThread: Stopping because end time detected by thread: S2 1-636
2026-10-06 08:18:49,689 INFO o.a.j.t.JMeterThread: Thread finished: S2 1-636
2026-10-06 08:18:49,690 INFO o.a.j.t.JMeterThread: Stopping because end time detected by thread: S2 1-824
2026-10-06 08:18:49,691 INFO o.a.j.t.JMeterThread: Thread finished: S2 1-824
2026-10-06 08:18:49,697 INFO o.a.j.t.JMeterThread: Stopping because end time detected by thread: S2 1-369
2026-10-06 08:18:49,697 INFO o.a.j.t.JMeterThread: Thread finished: S2 1-369
2026-10-06 08:18:49,699 INFO o.a.j.t.JMeterThread: Stopping because end time detected by thread: S2 1-869
2026-10-06 08:18:49,700 INFO o.a.j.t.JMeterThread: Thread finished: S2 1-869
2026-10-06 08:18:49,700 INFO o.a.j.t.JMeterThread: Stopping because end time detected by thread: S2 1-243
2026-10-06 08:18:49,701 INFO o.a.j.t.JMeterThread: Thread finished: S2 1-243
2026-10-06 08:18:49,705 INFO o.a.j.t.JMeterThread: Stopping because end time detected by thread: S2 1-509
2026-10-06 08:18:49,705 INFO o.a.j.t.JMeterThread: Thread finished: S2 1-509
2026-10-06 08:18:49,713 INFO o.a.j.t.JMeterThread: Stopping because end time detected by thread: S2 1-592
2026-10-06 08:18:49,713 INFO o.a.j.t.JMeterThread: Thread finished: S2 1-592
2026-10-06 08:18:49,716 INFO o.a.j.t.JMeterThread: Stopping because end time detected by thread: S2 1-210
2026-10-06 08:18:49,716 INFO o.a.j.t.JMeterThread: Thread finished: S2 1-210
2026-10-06 08:18:49,721 INFO o.a.j.t.JMeterThread: Stopping because end time detected by thread: S2 1-347
2026-10-06 08:18:49,721 INFO o.a.j.t.JMeterThread: Thread finished: S2 1-347
2026-10-06 08:18:49,779 INFO o.a.j.t.JMeterThread: Stopping because end time detected by thread: S2 1-358
2026-10-06 08:18:49,779 INFO o.a.j.t.JMeterThread: Thread finished: S2 1-358
2026-10-06 08:18:49,781 INFO o.a.j.t.JMeterThread: Stopping because end time detected by thread: S2 1-33
2026-10-06 08:18:49,781 INFO o.a.j.t.JMeterThread: Thread finished: S2 1-33
2026-10-06 08:18:49,786 INFO o.a.j.t.JMeterThread: Stopping because end time detected by thread: S2 1-623
2026-10-06 08:18:49,786 INFO o.a.j.t.JMeterThread: Thread finished: S2 1-623
2026-10-06 08:18:49,788 INFO o.a.j.t.JMeterThread: Stopping because end time detected by thread: S2 1-554
2026-10-06 08:18:49,788 INFO o.a.j.t.JMeterThread: Thread finished: S2 1-554
2026-10-06 08:18:49,806 INFO o.a.j.t.JMeterThread: Stopping because end time detected by thread: S2 1-127
2026-10-06 08:18:49,806 INFO o.a.j.t.JMeterThread: Stopping because end time detected by thread: S2 1-651
2026-10-06 08:18:49,806 INFO o.a.j.t.JMeterThread: Thread finished: S2 1-651
2026-10-06 08:18:49,806 INFO o.a.j.t.JMeterThread: Thread finished: S2 1-127
2026-10-06 08:18:49,812 INFO o.a.j.t.JMeterThread: Stopping because end time detected by thread: S2 1-117
2026-10-06 08:18:49,812 INFO o.a.j.t.JMeterThread: Thread finished: S2 1-117
2026-10-06 08:18:49,814 INFO o.a.j.t.JMeterThread: Stopping because end time detected by thread: S2 1-650
2026-10-06 08:18:49,814 INFO o.a.j.t.JMeterThread: Thread finished: S2 1-650
2026-10-06 08:18:49,814 INFO o.a.j.t.JMeterThread: Stopping because end time detected by thread: S2 1-44
2026-10-06 08:18:49,814 INFO o.a.j.t.JMeterThread: Thread finished: S2 1-44
2026-10-06 08:18:49,815 INFO o.a.j.t.JMeterThread: Stopping because end time detected by thread: S2 1-176
2026-10-06 08:18:49,815 INFO o.a.j.t.JMeterThread: Thread finished: S2 1-176
2026-10-06 08:18:49,820 INFO o.a.j.t.JMeterThread: Stopping because end time detected by thread: S2 1-309
2026-10-06 08:18:49,820 INFO o.a.j.t.JMeterThread: Thread finished: S2 1-309
2026-10-06 08:18:49,886 INFO o.a.j.t.JMeterThread: Stopping because end time detected by thread: S2 1-342
2026-10-06 08:18:49,886 INFO o.a.j.t.JMeterThread: Thread finished: S2 1-342
2026-10-06 08:18:49,886 INFO o.a.j.t.JMeterThread: Stopping because end time detected by thread: S2 1-353
2026-10-06 08:18:49,886 INFO o.a.j.t.JMeterThread: Thread finished: S2 1-353
2026-10-06 08:18:49,887 INFO o.a.j.t.JMeterThread: Stopping because end time detected by thread: S2 1-189
2026-10-06 08:18:49,887 INFO o.a.j.t.JMeterThread: Thread finished: S2 1-189
2026-10-06 08:18:49,888 INFO o.a.j.t.JMeterThread: Stopping because end time detected by thread: S2 1-30
2026-10-06 08:18:49,888 INFO o.a.j.t.JMeterThread: Thread finished: S2 1-30
2026-10-06 08:18:49,889 INFO o.a.j.t.JMeterThread: Stopping because end time detected by thread: S2 1-395
2026-10-06 08:18:49,889 INFO o.a.j.t.JMeterThread: Thread finished: S2 1-395
2026-10-06 08:18:49,889 INFO o.a.j.t.JMeterThread: Stopping because end time detected by thread: S2 1-605
2026-10-06 08:18:49,889 INFO o.a.j.t.JMeterThread: Thread finished: S2 1-605
2026-10-06 08:18:49,889 INFO o.a.j.t.JMeterThread: Stopping because end time detected by thread: S2 1-326
2026-10-06 08:18:49,890 INFO o.a.j.t.JMeterThread: Thread finished: S2 1-326
2026-10-06 08:18:49,893 INFO o.a.j.t.JMeterThread: Stopping because end time detected by thread: S2 1-6
2026-10-06 08:18:49,893 INFO o.a.j.t.JMeterThread: Thread finished: S2 1-6
2026-10-06 08:18:49,897 INFO o.a.j.t.JMeterThread: Stopping because end time detected by thread: S2 1-381
2026-10-06 08:18:49,897 INFO o.a.j.t.JMeterThread: Thread finished: S2 1-381
2026-10-06 08:18:49,903 INFO o.a.j.t.JMeterThread: Stopping because end time detected by thread: S2 1-128
2026-10-06 08:18:49,903 INFO o.a.j.t.JMeterThread: Thread finished: S2 1-128
2026-10-06 08:18:49,906 INFO o.a.j.t.JMeterThread: Stopping because end time detected by thread: S2 1-131
2026-10-06 08:18:49,906 INFO o.a.j.t.JMeterThread: Stopping because end time detected by thread: S2 1-885
2026-10-06 08:18:49,906 INFO o.a.j.t.JMeterThread: Thread finished: S2 1-131
2026-10-06 08:18:49,906 INFO o.a.j.t.JMeterThread: Thread finished: S2 1-885
2026-10-06 08:18:49,908 INFO o.a.j.t.JMeterThread: Stopping because end time detected by thread: S2 1-922
2026-10-06 08:18:49,908 INFO o.a.j.t.JMeterThread: Thread finished: S2 1-922
2026-10-06 08:18:49,909 INFO o.a.j.t.JMeterThread: Stopping because end time detected by thread: S2 1-678
2026-10-06 08:18:49,909 INFO o.a.j.t.JMeterThread: Thread finished: S2 1-678
2026-10-06 08:18:49,917 INFO o.a.j.t.JMeterThread: Stopping because end time detected by thread: S2 1-893
2026-10-06 08:18:49,917 INFO o.a.j.t.JMeterThread: Stopping because end time detected by thread: S2 1-361
2026-10-06 08:18:49,917 INFO o.a.j.t.JMeterThread: Thread finished: S2 1-893
2026-10-06 08:18:49,917 INFO o.a.j.t.JMeterThread: Thread finished: S2 1-361
2026-10-06 08:18:49,920 INFO o.a.j.t.JMeterThread: Stopping because end time detected by thread: S2 1-493
2026-10-06 08:18:49,920 INFO o.a.j.t.JMeterThread: Thread finished: S2 1-493
2026-10-06 08:18:49,980 INFO o.a.j.t.JMeterThread: Stopping because end time detected by thread: S2 1-497
2026-10-06 08:18:49,980 INFO o.a.j.t.JMeterThread: Thread finished: S2 1-497
2026-10-06 08:18:49,984 INFO o.a.j.t.JMeterThread: Stopping because end time detected by thread: S2 1-501
2026-10-06 08:18:49,984 INFO o.a.j.t.JMeterThread: Thread finished: S2 1-501
2026-10-06 08:18:49,985 INFO o.a.j.t.JMeterThread: Stopping because end time detected by thread: S2 1-20
2026-10-06 08:18:49,985 INFO o.a.j.t.JMeterThread: Thread finished: S2 1-20
2026-10-06 08:18:49,987 INFO o.a.j.t.JMeterThread: Stopping because end time detected by thread: S2 1-324
2026-10-06 08:18:49,987 INFO o.a.j.t.JMeterThread: Thread finished: S2 1-324
2026-10-06 08:18:49,991 INFO o.a.j.t.JMeterThread: Stopping because end time detected by thread: S2 1-107
2026-10-06 08:18:49,991 INFO o.a.j.t.JMeterThread: Thread finished: S2 1-107
2026-10-06 08:18:49,992 INFO o.a.j.t.JMeterThread: Stopping because end time detected by thread: S2 1-475
2026-10-06 08:18:49,992 INFO o.a.j.t.JMeterThread: Thread finished: S2 1-475
2026-10-06 08:18:49,996 INFO o.a.j.t.JMeterThread: Stopping because end time detected by thread: S2 1-704
2026-10-06 08:18:49,997 INFO o.a.j.t.JMeterThread: Thread finished: S2 1-704
2026-10-06 08:18:49,997 INFO o.a.j.t.JMeterThread: Stopping because end time detected by thread: S2 1-580
2026-10-06 08:18:49,997 INFO o.a.j.t.JMeterThread: Thread finished: S2 1-580
2026-10-06 08:18:49,997 INFO o.a.j.t.JMeterThread: Stopping because end time detected by thread: S2 1-583
2026-10-06 08:18:49,997 INFO o.a.j.t.JMeterThread: Thread finished: S2 1-583
2026-10-06 08:18:50,002 INFO o.a.j.t.JMeterThread: Stopping because end time detected by thread: S2 1-635
2026-10-06 08:18:50,002 INFO o.a.j.t.JMeterThread: Thread finished: S2 1-635
2026-10-06 08:18:50,010 INFO o.a.j.t.JMeterThread: Stopping because end time detected by thread: S2 1-612
2026-10-06 08:18:50,011 INFO o.a.j.t.JMeterThread: Thread finished: S2 1-612
2026-10-06 08:18:50,011 INFO o.a.j.t.JMeterThread: Stopping because end time detected by thread: S2 1-34
2026-10-06 08:18:50,011 INFO o.a.j.t.JMeterThread: Thread finished: S2 1-34
2026-10-06 08:18:50,081 INFO o.a.j.t.JMeterThread: Stopping because end time detected by thread: S2 1-28
2026-10-06 08:18:50,082 INFO o.a.j.t.JMeterThread: Thread finished: S2 1-28
2026-10-06 08:18:50,088 INFO o.a.j.t.JMeterThread: Stopping because end time detected by thread: S2 1-263
2026-10-06 08:18:50,088 INFO o.a.j.t.JMeterThread: Thread finished: S2 1-263
2026-10-06 08:18:50,090 INFO o.a.j.t.JMeterThread: Stopping because end time detected by thread: S2 1-469
2026-10-06 08:18:50,090 INFO o.a.j.t.JMeterThread: Thread finished: S2 1-469
2026-10-06 08:18:50,093 INFO o.a.j.t.JMeterThread: Stopping because end time detected by thread: S2 1-901
2026-10-06 08:18:50,094 INFO o.a.j.t.JMeterThread: Thread finished: S2 1-901
2026-10-06 08:18:50,097 INFO o.a.j.t.JMeterThread: Stopping because end time detected by thread: S2 1-632
2026-10-06 08:18:50,097 INFO o.a.j.t.JMeterThread: Thread finished: S2 1-632
2026-10-06 08:18:50,100 INFO o.a.j.t.JMeterThread: Stopping because end time detected by thread: S2 1-951
2026-10-06 08:18:50,100 INFO o.a.j.t.JMeterThread: Thread finished: S2 1-951
2026-10-06 08:18:50,106 INFO o.a.j.t.JMeterThread: Stopping because end time detected by thread: S2 1-542
2026-10-06 08:18:50,106 INFO o.a.j.t.JMeterThread: Thread finished: S2 1-542
2026-10-06 08:18:50,115 INFO o.a.j.t.JMeterThread: Stopping because end time detected by thread: S2 1-387
2026-10-06 08:18:50,116 INFO o.a.j.t.JMeterThread: Thread finished: S2 1-387
2026-10-06 08:18:50,117 INFO o.a.j.t.JMeterThread: Stopping because end time detected by thread: S2 1-50
2026-10-06 08:18:50,117 INFO o.a.j.t.JMeterThread: Thread finished: S2 1-50
2026-10-06 08:18:50,117 INFO o.a.j.t.JMeterThread: Stopping because end time detected by thread: S2 1-23
2026-10-06 08:18:50,117 INFO o.a.j.t.JMeterThread: Thread finished: S2 1-23
2026-10-06 08:18:50,118 INFO o.a.j.t.JMeterThread: Stopping because end time detected by thread: S2 1-717
2026-10-06 08:18:50,118 INFO o.a.j.t.JMeterThread: Thread finished: S2 1-717
2026-10-06 08:18:50,119 INFO o.a.j.t.JMeterThread: Stopping because end time detected by thread: S2 1-60
2026-10-06 08:18:50,119 INFO o.a.j.t.JMeterThread: Thread finished: S2 1-60
2026-10-06 08:18:50,179 INFO o.a.j.t.JMeterThread: Stopping because end time detected by thread: S2 1-229
2026-10-06 08:18:50,179 INFO o.a.j.t.JMeterThread: Thread finished: S2 1-229
2026-10-06 08:18:50,181 INFO o.a.j.t.JMeterThread: Stopping because end time detected by thread: S2 1-345
2026-10-06 08:18:50,181 INFO o.a.j.t.JMeterThread: Thread finished: S2 1-345
2026-10-06 08:18:50,182 INFO o.a.j.t.JMeterThread: Stopping because end time detected by thread: S2 1-670
2026-10-06 08:18:50,182 INFO o.a.j.t.JMeterThread: Thread finished: S2 1-670
2026-10-06 08:18:50,184 INFO o.a.j.t.JMeterThread: Stopping because end time detected by thread: S2 1-627
2026-10-06 08:18:50,186 INFO o.a.j.t.JMeterThread: Stopping because end time detected by thread: S2 1-112
2026-10-06 08:18:50,184 INFO o.a.j.t.JMeterThread: Stopping because end time detected by thread: S2 1-293
2026-10-06 08:18:50,188 INFO o.a.j.t.JMeterThread: Stopping because end time detected by thread: S2 1-655
2026-10-06 08:18:50,188 INFO o.a.j.t.JMeterThread: Thread finished: S2 1-112
2026-10-06 08:18:50,188 INFO o.a.j.t.JMeterThread: Thread finished: S2 1-293
2026-10-06 08:18:50,188 INFO o.a.j.t.JMeterThread: Thread finished: S2 1-655
2026-10-06 08:18:50,188 INFO o.a.j.t.JMeterThread: Thread finished: S2 1-627
2026-10-06 08:18:50,191 INFO o.a.j.t.JMeterThread: Stopping because end time detected by thread: S2 1-558
2026-10-06 08:18:50,191 INFO o.a.j.t.JMeterThread: Thread finished: S2 1-558
2026-10-06 08:18:50,192 INFO o.a.j.t.JMeterThread: Stopping because end time detected by thread: S2 1-540
2026-10-06 08:18:50,192 INFO o.a.j.t.JMeterThread: Thread finished: S2 1-540
2026-10-06 08:18:50,198 INFO o.a.j.t.JMeterThread: Stopping because end time detected by thread: S2 1-877
2026-10-06 08:18:50,198 INFO o.a.j.t.JMeterThread: Thread finished: S2 1-877
2026-10-06 08:18:50,199 INFO o.a.j.t.JMeterThread: Stopping because end time detected by thread: S2 1-935
2026-10-06 08:18:50,200 INFO o.a.j.t.JMeterThread: Thread finished: S2 1-935
2026-10-06 08:18:50,203 INFO o.a.j.t.JMeterThread: Stopping because end time detected by thread: S2 1-336
2026-10-06 08:18:50,203 INFO o.a.j.t.JMeterThread: Thread finished: S2 1-336
2026-10-06 08:18:50,204 INFO o.a.j.t.JMeterThread: Stopping because end time detected by thread: S2 1-947
2026-10-06 08:18:50,204 INFO o.a.j.t.JMeterThread: Thread finished: S2 1-947
2026-10-06 08:18:50,208 INFO o.a.j.t.JMeterThread: Stopping because end time detected by thread: S2 1-206
2026-10-06 08:18:50,208 INFO o.a.j.t.JMeterThread: Thread finished: S2 1-206
2026-10-06 08:18:50,215 INFO o.a.j.t.JMeterThread: Stopping because end time detected by thread: S2 1-631
2026-10-06 08:18:50,215 INFO o.a.j.t.JMeterThread: Thread finished: S2 1-631
2026-10-06 08:18:50,284 INFO o.a.j.t.JMeterThread: Stopping because end time detected by thread: S2 1-365
2026-10-06 08:18:50,284 INFO o.a.j.t.JMeterThread: Thread finished: S2 1-365
2026-10-06 08:18:50,286 INFO o.a.j.t.JMeterThread: Stopping because end time detected by thread: S2 1-973
2026-10-06 08:18:50,286 INFO o.a.j.t.JMeterThread: Thread finished: S2 1-973
2026-10-06 08:18:50,289 INFO o.a.j.t.JMeterThread: Stopping because end time detected by thread: S2 1-955
2026-10-06 08:18:50,289 INFO o.a.j.t.JMeterThread: Thread finished: S2 1-955
2026-10-06 08:18:50,289 INFO o.a.j.t.JMeterThread: Stopping because end time detected by thread: S2 1-295
2026-10-06 08:18:50,289 INFO o.a.j.t.JMeterThread: Thread finished: S2 1-295
2026-10-06 08:18:50,291 INFO o.a.j.t.JMeterThread: Stopping because end time detected by thread: S2 1-287
2026-10-06 08:18:50,291 INFO o.a.j.t.JMeterThread: Thread finished: S2 1-287
2026-10-06 08:18:50,291 INFO o.a.j.t.JMeterThread: Stopping because end time detected by thread: S2 1-385
2026-10-06 08:18:50,291 INFO o.a.j.t.JMeterThread: Thread finished: S2 1-385
2026-10-06 08:18:50,296 INFO o.a.j.t.JMeterThread: Stopping because end time detected by thread: S2 1-595
2026-10-06 08:18:50,296 INFO o.a.j.t.JMeterThread: Thread finished: S2 1-595
2026-10-06 08:18:50,299 INFO o.a.j.t.JMeterThread: Stopping because end time detected by thread: S2 1-939
2026-10-06 08:18:50,299 INFO o.a.j.t.JMeterThread: Thread finished: S2 1-939
2026-10-06 08:18:50,301 INFO o.a.j.t.JMeterThread: Stopping because end time detected by thread: S2 1-929
2026-10-06 08:18:50,301 INFO o.a.j.t.JMeterThread: Thread finished: S2 1-929
2026-10-06 08:18:50,306 INFO o.a.j.t.JMeterThread: Stopping because end time detected by thread: S2 1-65
2026-10-06 08:18:50,307 INFO o.a.j.t.JMeterThread: Thread finished: S2 1-65
2026-10-06 08:18:50,309 INFO o.a.j.t.JMeterThread: Stopping because end time detected by thread: S2 1-217
2026-10-06 08:18:50,309 INFO o.a.j.t.JMeterThread: Thread finished: S2 1-217
2026-10-06 08:18:50,311 INFO o.a.j.t.JMeterThread: Stopping because end time detected by thread: S2 1-615
2026-10-06 08:18:50,311 INFO o.a.j.t.JMeterThread: Thread finished: S2 1-615
2026-10-06 08:18:50,313 INFO o.a.j.t.JMeterThread: Stopping because end time detected by thread: S2 1-674
2026-10-06 08:18:50,313 INFO o.a.j.t.JMeterThread: Thread finished: S2 1-674
2026-10-06 08:18:50,382 INFO o.a.j.t.JMeterThread: Stopping because end time detected by thread: S2 1-73
2026-10-06 08:18:50,382 INFO o.a.j.t.JMeterThread: Thread finished: S2 1-73
2026-10-06 08:18:50,385 INFO o.a.j.t.JMeterThread: Stopping because end time detected by thread: S2 1-338
2026-10-06 08:18:50,385 INFO o.a.j.t.JMeterThread: Thread finished: S2 1-338
2026-10-06 08:18:50,386 INFO o.a.j.t.JMeterThread: Stopping because end time detected by thread: S2 1-90
2026-10-06 08:18:50,386 INFO o.a.j.t.JMeterThread: Thread finished: S2 1-90
2026-10-06 08:18:50,387 INFO o.a.j.t.JMeterThread: Stopping because end time detected by thread: S2 1-686
2026-10-06 08:18:50,387 INFO o.a.j.t.JMeterThread: Thread finished: S2 1-686
2026-10-06 08:18:50,398 INFO o.a.j.t.JMeterThread: Stopping because end time detected by thread: S2 1-181
2026-10-06 08:18:50,398 INFO o.a.j.t.JMeterThread: Thread finished: S2 1-181
2026-10-06 08:18:50,399 INFO o.a.j.t.JMeterThread: Stopping because end time detected by thread: S2 1-35
2026-10-06 08:18:50,399 INFO o.a.j.t.JMeterThread: Thread finished: S2 1-35
2026-10-06 08:18:50,401 INFO o.a.j.t.JMeterThread: Stopping because end time detected by thread: S2 1-340
2026-10-06 08:18:50,401 INFO o.a.j.t.JMeterThread: Thread finished: S2 1-340
2026-10-06 08:18:50,402 INFO o.a.j.t.JMeterThread: Stopping because end time detected by thread: S2 1-2
2026-10-06 08:18:50,402 INFO o.a.j.t.JMeterThread: Thread finished: S2 1-2
2026-10-06 08:18:50,404 INFO o.a.j.t.JMeterThread: Stopping because end time detected by thread: S2 1-921
2026-10-06 08:18:50,405 INFO o.a.j.t.JMeterThread: Thread finished: S2 1-921
2026-10-06 08:18:50,407 INFO o.a.j.t.JMeterThread: Stopping because end time detected by thread: S2 1-663
2026-10-06 08:18:50,408 INFO o.a.j.t.JMeterThread: Thread finished: S2 1-663
2026-10-06 08:18:50,411 INFO o.a.j.t.JMeterThread: Stopping because end time detected by thread: S2 1-963
2026-10-06 08:18:50,411 INFO o.a.j.t.JMeterThread: Thread finished: S2 1-963
2026-10-06 08:18:50,420 INFO o.a.j.t.JMeterThread: Stopping because end time detected by thread: S2 1-658
2026-10-06 08:18:50,420 INFO o.a.j.t.JMeterThread: Thread finished: S2 1-658
2026-10-06 08:18:50,421 INFO o.a.j.t.JMeterThread: Stopping because end time detected by thread: S2 1-521
2026-10-06 08:18:50,421 INFO o.a.j.t.JMeterThread: Thread finished: S2 1-521
2026-10-06 08:18:50,486 INFO o.a.j.t.JMeterThread: Stopping because end time detected by thread: S2 1-394
2026-10-06 08:18:50,486 INFO o.a.j.t.JMeterThread: Thread finished: S2 1-394
2026-10-06 08:18:50,487 INFO o.a.j.t.JMeterThread: Stopping because end time detected by thread: S2 1-538
2026-10-06 08:18:50,487 INFO o.a.j.t.JMeterThread: Thread finished: S2 1-538
2026-10-06 08:18:50,490 INFO o.a.j.t.JMeterThread: Stopping because end time detected by thread: S2 1-999
2026-10-06 08:18:50,490 INFO o.a.j.t.JMeterThread: Thread finished: S2 1-999
2026-10-06 08:18:50,492 INFO o.a.j.t.JMeterThread: Stopping because end time detected by thread: S2 1-644
2026-10-06 08:18:50,492 INFO o.a.j.t.JMeterThread: Thread finished: S2 1-644
2026-10-06 08:18:50,495 INFO o.a.j.t.JMeterThread: Stopping because end time detected by thread: S2 1-683
2026-10-06 08:18:50,495 INFO o.a.j.t.JMeterThread: Thread finished: S2 1-683
2026-10-06 08:18:50,498 INFO o.a.j.t.JMeterThread: Stopping because end time detected by thread: S2 1-702
2026-10-06 08:18:50,498 INFO o.a.j.t.JMeterThread: Thread finished: S2 1-702
2026-10-06 08:18:50,502 INFO o.a.j.t.JMeterThread: Stopping because end time detected by thread: S2 1-889
2026-10-06 08:18:50,502 INFO o.a.j.t.JMeterThread: Thread finished: S2 1-889
2026-10-06 08:18:50,507 INFO o.a.j.t.JMeterThread: Stopping because end time detected by thread: S2 1-706
2026-10-06 08:18:50,507 INFO o.a.j.t.JMeterThread: Thread finished: S2 1-706
2026-10-06 08:18:50,510 INFO o.a.j.t.JMeterThread: Stopping because end time detected by thread: S2 1-699
2026-10-06 08:18:50,510 INFO o.a.j.t.JMeterThread: Thread finished: S2 1-699
2026-10-06 08:18:50,510 INFO o.a.j.t.JMeterThread: Stopping because end time detected by thread: S2 1-279
2026-10-06 08:18:50,510 INFO o.a.j.t.JMeterThread: Thread finished: S2 1-279
2026-10-06 08:18:50,512 INFO o.a.j.t.JMeterThread: Stopping because end time detected by thread: S2 1-881
2026-10-06 08:18:50,512 INFO o.a.j.t.JMeterThread: Thread finished: S2 1-881
2026-10-06 08:18:50,515 INFO o.a.j.t.JMeterThread: Stopping because end time detected by thread: S2 1-711
2026-10-06 08:18:50,515 INFO o.a.j.t.JMeterThread: Thread finished: S2 1-711
2026-10-06 08:18:50,515 INFO o.a.j.t.JMeterThread: Stopping because end time detected by thread: S2 1-647
2026-10-06 08:18:50,515 INFO o.a.j.t.JMeterThread: Thread finished: S2 1-647
2026-10-06 08:18:50,519 INFO o.a.j.t.JMeterThread: Stopping because end time detected by thread: S2 1-29
2026-10-06 08:18:50,519 INFO o.a.j.t.JMeterThread: Thread finished: S2 1-29
2026-10-06 08:18:50,520 INFO o.a.j.t.JMeterThread: Stopping because end time detected by thread: S2 1-4
2026-10-06 08:18:50,520 INFO o.a.j.t.JMeterThread: Thread finished: S2 1-4
2026-10-06 08:18:50,522 INFO o.a.j.t.JMeterThread: Stopping because end time detected by thread: S2 1-550
2026-10-06 08:18:50,522 INFO o.a.j.t.JMeterThread: Thread finished: S2 1-550
2026-10-06 08:18:50,583 INFO o.a.j.t.JMeterThread: Stopping because end time detected by thread: S2 1-267
2026-10-06 08:18:50,583 INFO o.a.j.t.JMeterThread: Thread finished: S2 1-267
2026-10-06 08:18:50,588 INFO o.a.j.t.JMeterThread: Stopping because end time detected by thread: S2 1-373
2026-10-06 08:18:50,588 INFO o.a.j.t.JMeterThread: Thread finished: S2 1-373
2026-10-06 08:18:50,590 INFO o.a.j.t.JMeterThread: Stopping because end time detected by thread: S2 1-114
2026-10-06 08:18:50,590 INFO o.a.j.t.JMeterThread: Thread finished: S2 1-114
2026-10-06 08:18:50,591 INFO o.a.j.t.JMeterThread: Stopping because end time detected by thread: S2 1-209
2026-10-06 08:18:50,591 INFO o.a.j.t.JMeterThread: Thread finished: S2 1-209
2026-10-06 08:18:50,591 INFO o.a.j.t.JMeterThread: Stopping because end time detected by thread: S2 1-505
2026-10-06 08:18:50,591 INFO o.a.j.t.JMeterThread: Thread finished: S2 1-505
2026-10-06 08:18:50,594 INFO o.a.j.t.JMeterThread: Stopping because end time detected by thread: S2 1-178
2026-10-06 08:18:50,594 INFO o.a.j.t.JMeterThread: Thread finished: S2 1-178
2026-10-06 08:18:50,597 INFO o.a.j.t.JMeterThread: Stopping because end time detected by thread: S2 1-561
2026-10-06 08:18:50,597 INFO o.a.j.t.JMeterThread: Thread finished: S2 1-561
2026-10-06 08:18:50,597 INFO o.a.j.t.JMeterThread: Stopping because end time detected by thread: S2 1-354
2026-10-06 08:18:50,598 INFO o.a.j.t.JMeterThread: Thread finished: S2 1-354
2026-10-06 08:18:50,599 INFO o.a.j.t.JMeterThread: Stopping because end time detected by thread: S2 1-927
2026-10-06 08:18:50,599 INFO o.a.j.t.JMeterThread: Thread finished: S2 1-927
2026-10-06 08:18:50,600 INFO o.a.j.t.JMeterThread: Stopping because end time detected by thread: S2 1-98
2026-10-06 08:18:50,600 INFO o.a.j.t.JMeterThread: Thread finished: S2 1-98
2026-10-06 08:18:50,603 INFO o.a.j.t.JMeterThread: Stopping because end time detected by thread: S2 1-525
2026-10-06 08:18:50,603 INFO o.a.j.t.JMeterThread: Thread finished: S2 1-525
2026-10-06 08:18:50,608 INFO o.a.j.t.JMeterThread: Stopping because end time detected by thread: S2 1-177
2026-10-06 08:18:50,608 INFO o.a.j.t.JMeterThread: Thread finished: S2 1-177
2026-10-06 08:18:50,609 INFO o.a.j.t.JMeterThread: Stopping because end time detected by thread: S2 1-495
2026-10-06 08:18:50,609 INFO o.a.j.t.JMeterThread: Thread finished: S2 1-495
2026-10-06 08:18:50,616 INFO o.a.j.t.JMeterThread: Stopping because end time detected by thread: S2 1-906
2026-10-06 08:18:50,616 INFO o.a.j.t.JMeterThread: Thread finished: S2 1-906
2026-10-06 08:18:50,681 INFO o.a.j.t.JMeterThread: Stopping because end time detected by thread: S2 1-594
2026-10-06 08:18:50,681 INFO o.a.j.t.JMeterThread: Thread finished: S2 1-594
2026-10-06 08:18:50,682 INFO o.a.j.t.JMeterThread: Stopping because end time detected by thread: S2 1-987
2026-10-06 08:18:50,682 INFO o.a.j.t.JMeterThread: Thread finished: S2 1-987
2026-10-06 08:18:50,688 INFO o.a.j.t.JMeterThread: Stopping because end time detected by thread: S2 1-124
2026-10-06 08:18:50,688 INFO o.a.j.t.JMeterThread: Thread finished: S2 1-124
2026-10-06 08:18:50,688 INFO o.a.j.t.JMeterThread: Stopping because end time detected by thread: S2 1-662
2026-10-06 08:18:50,688 INFO o.a.j.t.JMeterThread: Thread finished: S2 1-662
2026-10-06 08:18:50,691 INFO o.a.j.t.JMeterThread: Stopping because end time detected by thread: S2 1-362
2026-10-06 08:18:50,691 INFO o.a.j.t.JMeterThread: Thread finished: S2 1-362
2026-10-06 08:18:50,695 INFO o.a.j.t.JMeterThread: Stopping because end time detected by thread: S2 1-925
2026-10-06 08:18:50,695 INFO o.a.j.t.JMeterThread: Thread finished: S2 1-925
2026-10-06 08:18:50,697 INFO o.a.j.t.JMeterThread: Stopping because end time detected by thread: S2 1-510
2026-10-06 08:18:50,697 INFO o.a.j.t.JMeterThread: Thread finished: S2 1-510
2026-10-06 08:18:50,698 INFO o.a.j.t.JMeterThread: Stopping because end time detected by thread: S2 1-640
2026-10-06 08:18:50,699 INFO o.a.j.t.JMeterThread: Thread finished: S2 1-640
2026-10-06 08:18:50,704 INFO o.a.j.t.JMeterThread: Stopping because end time detected by thread: S2 1-213
2026-10-06 08:18:50,705 INFO o.a.j.t.JMeterThread: Thread finished: S2 1-213
2026-10-06 08:18:50,709 INFO o.a.j.t.JMeterThread: Stopping because end time detected by thread: S2 1-983
2026-10-06 08:18:50,709 INFO o.a.j.t.JMeterThread: Thread finished: S2 1-983
2026-10-06 08:18:50,711 INFO o.a.j.t.JMeterThread: Stopping because end time detected by thread: S2 1-26
2026-10-06 08:18:50,711 INFO o.a.j.t.JMeterThread: Thread finished: S2 1-26
2026-10-06 08:18:50,711 INFO o.a.j.t.JMeterThread: Stopping because end time detected by thread: S2 1-374
2026-10-06 08:18:50,711 INFO o.a.j.t.JMeterThread: Thread finished: S2 1-374
2026-10-06 08:18:50,712 INFO o.a.j.t.JMeterThread: Stopping because end time detected by thread: S2 1-404
2026-10-06 08:18:50,712 INFO o.a.j.t.JMeterThread: Thread finished: S2 1-404
2026-10-06 08:18:50,714 INFO o.a.j.t.JMeterThread: Stopping because end time detected by thread: S2 1-201
2026-10-06 08:18:50,714 INFO o.a.j.t.JMeterThread: Thread finished: S2 1-201
2026-10-06 08:18:50,780 INFO o.a.j.t.JMeterThread: Stopping because end time detected by thread: S2 1-941
2026-10-06 08:18:50,780 INFO o.a.j.t.JMeterThread: Thread finished: S2 1-941
2026-10-06 08:18:50,782 INFO o.a.j.t.JMeterThread: Stopping because end time detected by thread: S2 1-707
2026-10-06 08:18:50,782 INFO o.a.j.t.JMeterThread: Thread finished: S2 1-707
2026-10-06 08:18:50,785 INFO o.a.j.t.JMeterThread: Stopping because end time detected by thread: S2 1-299
2026-10-06 08:18:50,785 INFO o.a.j.t.JMeterThread: Thread finished: S2 1-299
2026-10-06 08:18:50,786 INFO o.a.j.t.JMeterThread: Stopping because end time detected by thread: S2 1-406
2026-10-06 08:18:50,786 INFO o.a.j.t.JMeterThread: Thread finished: S2 1-406
2026-10-06 08:18:50,787 INFO o.a.j.t.JMeterThread: Stopping because end time detected by thread: S2 1-578
2026-10-06 08:18:50,787 INFO o.a.j.t.JMeterThread: Thread finished: S2 1-578
2026-10-06 08:18:50,788 INFO o.a.j.t.JMeterThread: Stopping because end time detected by thread: S2 1-913
2026-10-06 08:18:50,788 INFO o.a.j.t.JMeterThread: Thread finished: S2 1-913
2026-10-06 08:18:50,801 INFO o.a.j.t.JMeterThread: Stopping because end time detected by thread: S2 1-202
2026-10-06 08:18:50,801 INFO o.a.j.t.JMeterThread: Thread finished: S2 1-202
2026-10-06 08:18:50,804 INFO o.a.j.t.JMeterThread: Stopping because end time detected by thread: S2 1-174
2026-10-06 08:18:50,804 INFO o.a.j.t.JMeterThread: Thread finished: S2 1-174
2026-10-06 08:18:50,805 INFO o.a.j.t.JMeterThread: Stopping because end time detected by thread: S2 1-366
2026-10-06 08:18:50,805 INFO o.a.j.t.JMeterThread: Thread finished: S2 1-366
2026-10-06 08:18:50,814 INFO o.a.j.t.JMeterThread: Stopping because end time detected by thread: S2 1-39
2026-10-06 08:18:50,814 INFO o.a.j.t.JMeterThread: Thread finished: S2 1-39
2026-10-06 08:18:50,815 INFO o.a.j.t.JMeterThread: Stopping because end time detected by thread: S2 1-137
2026-10-06 08:18:50,815 INFO o.a.j.t.JMeterThread: Thread finished: S2 1-137
2026-10-06 08:18:50,820 INFO o.a.j.t.JMeterThread: Stopping because end time detected by thread: S2 1-328
2026-10-06 08:18:50,820 INFO o.a.j.t.JMeterThread: Thread finished: S2 1-328
2026-10-06 08:18:50,820 INFO o.a.j.t.JMeterThread: Stopping because end time detected by thread: S2 1-46
2026-10-06 08:18:50,820 INFO o.a.j.t.JMeterThread: Thread finished: S2 1-46
2026-10-06 08:18:50,886 INFO o.a.j.t.JMeterThread: Stopping because end time detected by thread: S2 1-103
2026-10-06 08:18:50,886 INFO o.a.j.t.JMeterThread: Thread finished: S2 1-103
2026-10-06 08:18:50,898 INFO o.a.j.t.JMeterThread: Stopping because end time detected by thread: S2 1-727
2026-10-06 08:18:50,899 INFO o.a.j.t.JMeterThread: Thread finished: S2 1-727
2026-10-06 08:18:50,903 INFO o.a.j.t.JMeterThread: Stopping because end time detected by thread: S2 1-933
2026-10-06 08:18:50,903 INFO o.a.j.t.JMeterThread: Thread finished: S2 1-933
2026-10-06 08:18:50,905 INFO o.a.j.t.JMeterThread: Stopping because end time detected by thread: S2 1-666
2026-10-06 08:18:50,905 INFO o.a.j.t.JMeterThread: Thread finished: S2 1-666
2026-10-06 08:18:50,907 INFO o.a.j.t.JMeterThread: Stopping because end time detected by thread: S2 1-396
2026-10-06 08:18:50,907 INFO o.a.j.t.JMeterThread: Thread finished: S2 1-396
2026-10-06 08:18:50,912 INFO o.a.j.t.JMeterThread: Stopping because end time detected by thread: S2 1-574
2026-10-06 08:18:50,912 INFO o.a.j.t.JMeterThread: Thread finished: S2 1-574
2026-10-06 08:18:50,912 INFO o.a.j.t.JMeterThread: Stopping because end time detected by thread: S2 1-734
2026-10-06 08:18:50,912 INFO o.a.j.t.JMeterThread: Thread finished: S2 1-734
2026-10-06 08:18:50,917 INFO o.a.j.t.JMeterThread: Stopping because end time detected by thread: S2 1-400
2026-10-06 08:18:50,917 INFO o.a.j.t.JMeterThread: Thread finished: S2 1-400
2026-10-06 08:18:50,920 INFO o.a.j.t.JMeterThread: Stopping because end time detected by thread: S2 1-956
2026-10-06 08:18:50,920 INFO o.a.j.t.JMeterThread: Thread finished: S2 1-956
2026-10-06 08:18:50,921 INFO o.a.j.t.JMeterThread: Stopping because end time detected by thread: S2 1-614
2026-10-06 08:18:50,921 INFO o.a.j.t.JMeterThread: Thread finished: S2 1-614
2026-10-06 08:18:50,985 INFO o.a.j.t.JMeterThread: Stopping because end time detected by thread: S2 1-671
2026-10-06 08:18:50,985 INFO o.a.j.t.JMeterThread: Stopping because end time detected by thread: S2 1-47
2026-10-06 08:18:50,985 INFO o.a.j.t.JMeterThread: Thread finished: S2 1-671
2026-10-06 08:18:50,985 INFO o.a.j.t.JMeterThread: Thread finished: S2 1-47
2026-10-06 08:18:50,986 INFO o.a.j.t.JMeterThread: Stopping because end time detected by thread: S2 1-919
2026-10-06 08:18:50,986 INFO o.a.j.t.JMeterThread: Thread finished: S2 1-919
2026-10-06 08:18:50,988 INFO o.a.j.t.JMeterThread: Stopping because end time detected by thread: S2 1-718
2026-10-06 08:18:50,988 INFO o.a.j.t.JMeterThread: Thread finished: S2 1-718
2026-10-06 08:18:50,989 INFO o.a.j.t.JMeterThread: Stopping because end time detected by thread: S2 1-730
2026-10-06 08:18:50,989 INFO o.a.j.t.JMeterThread: Thread finished: S2 1-730
2026-10-06 08:18:50,991 INFO o.a.j.t.JMeterThread: Stopping because end time detected by thread: S2 1-544
2026-10-06 08:18:50,991 INFO o.a.j.t.JMeterThread: Thread finished: S2 1-544
2026-10-06 08:18:50,993 INFO o.a.j.t.JMeterThread: Stopping because end time detected by thread: S2 1-195
2026-10-06 08:18:50,993 INFO o.a.j.t.JMeterThread: Thread finished: S2 1-195
2026-10-06 08:18:50,994 INFO o.a.j.t.JMeterThread: Stopping because end time detected by thread: S2 1-529
2026-10-06 08:18:50,994 INFO o.a.j.t.JMeterThread: Thread finished: S2 1-529
2026-10-06 08:18:50,997 INFO o.a.j.t.JMeterThread: Stopping because end time detected by thread: S2 1-221
2026-10-06 08:18:50,997 INFO o.a.j.t.JMeterThread: Thread finished: S2 1-221
2026-10-06 08:18:51,000 INFO o.a.j.t.JMeterThread: Stopping because end time detected by thread: S2 1-110
2026-10-06 08:18:51,000 INFO o.a.j.t.JMeterThread: Thread finished: S2 1-110
2026-10-06 08:18:51,004 INFO o.a.j.t.JMeterThread: Stopping because end time detected by thread: S2 1-522
2026-10-06 08:18:51,005 INFO o.a.j.t.JMeterThread: Thread finished: S2 1-522
2026-10-06 08:18:51,005 INFO o.a.j.t.JMeterThread: Stopping because end time detected by thread: S2 1-233
2026-10-06 08:18:51,005 INFO o.a.j.t.JMeterThread: Thread finished: S2 1-233
2026-10-06 08:18:51,005 INFO o.a.j.t.JMeterThread: Stopping because end time detected by thread: S2 1-570
2026-10-06 08:18:51,005 INFO o.a.j.t.JMeterThread: Thread finished: S2 1-570
2026-10-06 08:18:51,006 INFO o.a.j.t.JMeterThread: Stopping because end time detected by thread: S2 1-687
2026-10-06 08:18:51,006 INFO o.a.j.t.JMeterThread: Thread finished: S2 1-687
2026-10-06 08:18:51,006 INFO o.a.j.t.JMeterThread: Stopping because end time detected by thread: S2 1-378
2026-10-06 08:18:51,006 INFO o.a.j.t.JMeterThread: Thread finished: S2 1-378
2026-10-06 08:18:51,009 INFO o.a.j.t.JMeterThread: Stopping because end time detected by thread: S2 1-377
2026-10-06 08:18:51,010 INFO o.a.j.t.JMeterThread: Thread finished: S2 1-377
2026-10-06 08:18:51,013 INFO o.a.j.t.JMeterThread: Stopping because end time detected by thread: S2 1-736
2026-10-06 08:18:51,013 INFO o.a.j.t.JMeterThread: Thread finished: S2 1-736
2026-10-06 08:18:51,016 INFO o.a.j.t.JMeterThread: Stopping because end time detected by thread: S2 1-695
2026-10-06 08:18:51,016 INFO o.a.j.t.JMeterThread: Thread finished: S2 1-695
2026-10-06 08:18:51,016 INFO o.a.j.t.JMeterThread: Stopping because end time detected by thread: S2 1-598
2026-10-06 08:18:51,016 INFO o.a.j.t.JMeterThread: Stopping because end time detected by thread: S2 1-937
2026-10-06 08:18:51,016 INFO o.a.j.t.JMeterThread: Thread finished: S2 1-598
2026-10-06 08:18:51,016 INFO o.a.j.t.JMeterThread: Thread finished: S2 1-937
2026-10-06 08:18:51,084 INFO o.a.j.t.JMeterThread: Stopping because end time detected by thread: S2 1-346
2026-10-06 08:18:51,084 INFO o.a.j.t.JMeterThread: Thread finished: S2 1-346
2026-10-06 08:18:51,085 INFO o.a.j.t.JMeterThread: Stopping because end time detected by thread: S2 1-610
2026-10-06 08:18:51,085 INFO o.a.j.t.JMeterThread: Thread finished: S2 1-610
2026-10-06 08:18:51,093 INFO o.a.j.t.JMeterThread: Stopping because end time detected by thread: S2 1-411
2026-10-06 08:18:51,093 INFO o.a.j.t.JMeterThread: Thread finished: S2 1-411
2026-10-06 08:18:51,096 INFO o.a.j.t.JMeterThread: Stopping because end time detected by thread: S2 1-199
2026-10-06 08:18:51,096 INFO o.a.j.t.JMeterThread: Thread finished: S2 1-199
2026-10-06 08:18:51,107 INFO o.a.j.t.JMeterThread: Stopping because end time detected by thread: S2 1-679
2026-10-06 08:18:51,107 INFO o.a.j.t.JMeterThread: Thread finished: S2 1-679
2026-10-06 08:18:51,108 INFO o.a.j.t.JMeterThread: Stopping because end time detected by thread: S2 1-356
2026-10-06 08:18:51,109 INFO o.a.j.t.JMeterThread: Thread finished: S2 1-356
2026-10-06 08:18:51,114 INFO o.a.j.t.JMeterThread: Stopping because end time detected by thread: S2 1-166
2026-10-06 08:18:51,114 INFO o.a.j.t.JMeterThread: Thread finished: S2 1-166
2026-10-06 08:18:51,115 INFO o.a.j.t.JMeterThread: Stopping because end time detected by thread: S2 1-715
2026-10-06 08:18:51,115 INFO o.a.j.t.JMeterThread: Thread finished: S2 1-715
2026-10-06 08:18:51,116 INFO o.a.j.t.JMeterThread: Stopping because end time detected by thread: S2 1-675
2026-10-06 08:18:51,116 INFO o.a.j.t.JMeterThread: Thread finished: S2 1-675
2026-10-06 08:18:51,118 INFO o.a.j.t.JMeterThread: Stopping because end time detected by thread: S2 1-566
2026-10-06 08:18:51,118 INFO o.a.j.t.JMeterThread: Thread finished: S2 1-566
2026-10-06 08:18:51,119 INFO o.a.j.t.JMeterThread: Stopping because end time detected by thread: S2 1-348
2026-10-06 08:18:51,119 INFO o.a.j.t.JMeterThread: Thread finished: S2 1-348
2026-10-06 08:18:51,182 INFO o.a.j.t.JMeterThread: Stopping because end time detected by thread: S2 1-667
2026-10-06 08:18:51,182 INFO o.a.j.t.JMeterThread: Thread finished: S2 1-667
2026-10-06 08:18:51,184 INFO o.a.j.t.JMeterThread: Stopping because end time detected by thread: S2 1-399
2026-10-06 08:18:51,184 INFO o.a.j.t.JMeterThread: Thread finished: S2 1-399
2026-10-06 08:18:51,185 INFO o.a.j.t.JMeterThread: Stopping because end time detected by thread: S2 1-541
2026-10-06 08:18:51,185 INFO o.a.j.t.JMeterThread: Thread finished: S2 1-541
2026-10-06 08:18:51,187 INFO o.a.j.t.JMeterThread: Stopping because end time detected by thread: S2 1-982
2026-10-06 08:18:51,187 INFO o.a.j.t.JMeterThread: Thread finished: S2 1-982
2026-10-06 08:18:51,191 INFO o.a.j.t.JMeterThread: Stopping because end time detected by thread: S2 1-517
2026-10-06 08:18:51,192 INFO o.a.j.t.JMeterThread: Thread finished: S2 1-517
2026-10-06 08:18:51,194 INFO o.a.j.t.JMeterThread: Stopping because end time detected by thread: S2 1-659
2026-10-06 08:18:51,194 INFO o.a.j.t.JMeterThread: Thread finished: S2 1-659
2026-10-06 08:18:51,198 INFO o.a.j.t.JMeterThread: Stopping because end time detected by thread: S2 1-957
2026-10-06 08:18:51,198 INFO o.a.j.t.JMeterThread: Thread finished: S2 1-957
2026-10-06 08:18:51,200 INFO o.a.j.t.JMeterThread: Stopping because end time detected by thread: S2 1-985
2026-10-06 08:18:51,200 INFO o.a.j.t.JMeterThread: Thread finished: S2 1-985
2026-10-06 08:18:51,201 INFO o.a.j.t.JMeterThread: Stopping because end time detected by thread: S2 1-949
2026-10-06 08:18:51,201 INFO o.a.j.t.JMeterThread: Thread finished: S2 1-949
2026-10-06 08:18:51,203 INFO o.a.j.t.JMeterThread: Stopping because end time detected by thread: S2 1-582
2026-10-06 08:18:51,203 INFO o.a.j.t.JMeterThread: Thread finished: S2 1-582
2026-10-06 08:18:51,203 INFO o.a.j.t.JMeterThread: Stopping because end time detected by thread: S2 1-602
2026-10-06 08:18:51,203 INFO o.a.j.t.JMeterThread: Thread finished: S2 1-602
2026-10-06 08:18:51,204 INFO o.a.j.t.JMeterThread: Stopping because end time detected by thread: S2 1-547
2026-10-06 08:18:51,204 INFO o.a.j.t.JMeterThread: Thread finished: S2 1-547
2026-10-06 08:18:51,216 INFO o.a.j.t.JMeterThread: Stopping because end time detected by thread: S2 1-953
2026-10-06 08:18:51,216 INFO o.a.j.t.JMeterThread: Thread finished: S2 1-953
2026-10-06 08:18:51,217 INFO o.a.j.t.JMeterThread: Stopping because end time detected by thread: S2 1-965
2026-10-06 08:18:51,217 INFO o.a.j.t.JMeterThread: Thread finished: S2 1-965
2026-10-06 08:18:51,218 INFO o.a.j.t.JMeterThread: Stopping because end time detected by thread: S2 1-562
2026-10-06 08:18:51,219 INFO o.a.j.t.JMeterThread: Thread finished: S2 1-562
2026-10-06 08:18:51,220 INFO o.a.j.t.JMeterThread: Stopping because end time detected by thread: S2 1-307
2026-10-06 08:18:51,220 INFO o.a.j.t.JMeterThread: Thread finished: S2 1-307
2026-10-06 08:18:51,222 INFO o.a.j.t.JMeterThread: Stopping because end time detected by thread: S2 1-691
2026-10-06 08:18:51,222 INFO o.a.j.t.JMeterThread: Thread finished: S2 1-691
2026-10-06 08:18:51,282 INFO o.a.j.t.JMeterThread: Stopping because end time detected by thread: S2 1-961
2026-10-06 08:18:51,282 INFO o.a.j.t.JMeterThread: Thread finished: S2 1-961
2026-10-06 08:18:51,284 INFO o.a.j.t.JMeterThread: Stopping because end time detected by thread: S2 1-360
2026-10-06 08:18:51,284 INFO o.a.j.t.JMeterThread: Thread finished: S2 1-360
2026-10-06 08:18:51,286 INFO o.a.j.t.JMeterThread: Stopping because end time detected by thread: S2 1-791
2026-10-06 08:18:51,286 INFO o.a.j.t.JMeterThread: Thread finished: S2 1-791
2026-10-06 08:18:51,288 INFO o.a.j.t.JMeterThread: Stopping because end time detected by thread: S2 1-86
2026-10-06 08:18:51,288 INFO o.a.j.t.JMeterThread: Thread finished: S2 1-86
2026-10-06 08:18:51,286 INFO o.a.j.t.JMeterThread: Stopping because end time detected by thread: S2 1-942
2026-10-06 08:18:51,288 INFO o.a.j.t.JMeterThread: Thread finished: S2 1-942
2026-10-06 08:18:51,290 INFO o.a.j.t.JMeterThread: Stopping because end time detected by thread: S2 1-719
2026-10-06 08:18:51,290 INFO o.a.j.t.JMeterThread: Thread finished: S2 1-719
2026-10-06 08:18:51,288 INFO o.a.j.t.JMeterThread: Stopping because end time detected by thread: S2 1-680
2026-10-06 08:18:51,291 INFO o.a.j.t.JMeterThread: Thread finished: S2 1-680
2026-10-06 08:18:51,294 INFO o.a.j.t.JMeterThread: Stopping because end time detected by thread: S2 1-549
2026-10-06 08:18:51,294 INFO o.a.j.t.JMeterThread: Thread finished: S2 1-549
2026-10-06 08:18:51,295 INFO o.a.j.t.JMeterThread: Stopping because end time detected by thread: S2 1-311
2026-10-06 08:18:51,295 INFO o.a.j.t.JMeterThread: Thread finished: S2 1-311
2026-10-06 08:18:51,298 INFO o.a.j.t.JMeterThread: Stopping because end time detected by thread: S2 1-977
2026-10-06 08:18:51,298 INFO o.a.j.t.JMeterThread: Thread finished: S2 1-977
2026-10-06 08:18:51,304 INFO o.a.j.t.JMeterThread: Stopping because end time detected by thread: S2 1-723
2026-10-06 08:18:51,304 INFO o.a.j.t.JMeterThread: Thread finished: S2 1-723
2026-10-06 08:18:51,305 INFO o.a.j.t.JMeterThread: Stopping because end time detected by thread: S2 1-981
2026-10-06 08:18:51,305 INFO o.a.j.t.JMeterThread: Thread finished: S2 1-981
2026-10-06 08:18:51,305 INFO o.a.j.t.JMeterThread: Stopping because end time detected by thread: S2 1-630
2026-10-06 08:18:51,305 INFO o.a.j.t.JMeterThread: Thread finished: S2 1-630
2026-10-06 08:18:51,307 INFO o.a.j.t.JMeterThread: Stopping because end time detected by thread: S2 1-581
2026-10-06 08:18:51,307 INFO o.a.j.t.JMeterThread: Thread finished: S2 1-581
2026-10-06 08:18:51,307 INFO o.a.j.t.JMeterThread: Stopping because end time detected by thread: S2 1-606
2026-10-06 08:18:51,307 INFO o.a.j.t.JMeterThread: Thread finished: S2 1-606
2026-10-06 08:18:51,312 INFO o.a.j.t.JMeterThread: Stopping because end time detected by thread: S2 1-513
2026-10-06 08:18:51,312 INFO o.a.j.t.JMeterThread: Thread finished: S2 1-513
2026-10-06 08:18:51,314 INFO o.a.j.t.JMeterThread: Stopping because end time detected by thread: S2 1-997
2026-10-06 08:18:51,314 INFO o.a.j.t.JMeterThread: Thread finished: S2 1-997
2026-10-06 08:18:51,317 INFO o.a.j.t.JMeterThread: Stopping because end time detected by thread: S2 1-989
2026-10-06 08:18:51,317 INFO o.a.j.t.JMeterThread: Thread finished: S2 1-989
2026-10-06 08:18:51,318 INFO o.a.j.t.JMeterThread: Stopping because end time detected by thread: S2 1-975
2026-10-06 08:18:51,318 INFO o.a.j.t.JMeterThread: Thread finished: S2 1-975
2026-10-06 08:18:51,318 INFO o.a.j.e.StandardJMeterEngine: Notifying test listeners of end of test
2026-10-06 08:18:51,319 INFO o.a.j.s.FileServer: Close: /tests/data/available_menu_items.csv
2026-10-06 08:18:51,321 INFO o.a.j.r.Summariser: summary +   2886 in 00:00:21 =  135.4/s Avg:  7437 Min:  6280 Max:  8583 Err:     0 (0.00%) Active: 0 Started: 1000 Finished: 1000
2026-10-06 08:18:51,322 INFO o.a.j.r.Summariser: summary =   9395 in 00:01:09 =  137.0/s Avg:  6643 Min:    64 Max:  9586 Err:     0 (0.00%)
