2026-10-06 08:21:35,982 INFO o.a.j.u.JMeterUtils: Setting Locale to en_EN
2026-10-06 08:21:36,003 INFO o.a.j.JMeter: Loading user properties from: /opt/jmeter/bin/user.properties
2026-10-06 08:21:36,003 INFO o.a.j.JMeter: Loading system properties from: /opt/jmeter/bin/system.properties
2026-10-06 08:21:36,003 INFO o.a.j.JMeter: Loading additional properties from: /tests/run.properties
2026-10-06 08:21:36,004 INFO o.a.j.JMeter: Loading additional properties from: /tests/data/ranges.properties
2026-10-06 08:21:36,004 INFO o.a.j.JMeter: Setting JMeter property: host=laravel-nginx
2026-10-06 08:21:36,004 INFO o.a.j.JMeter: Setting JMeter property: port=80
2026-10-06 08:21:36,004 INFO o.a.j.JMeter: Setting JMeter property: rampup=10
2026-10-06 08:21:36,004 INFO o.a.j.JMeter: Setting JMeter property: endpoint=EP3
2026-10-06 08:21:36,004 INFO o.a.j.JMeter: Setting JMeter property: users=1000
2026-10-06 08:21:36,004 INFO o.a.j.JMeter: Setting JMeter property: duration=60
2026-10-06 08:21:36,009 INFO o.a.j.JMeter: Copyright (c) 1998-2024 The Apache Software Foundation
2026-10-06 08:21:36,009 INFO o.a.j.JMeter: Version 5.6.3
2026-10-06 08:21:36,009 INFO o.a.j.JMeter: java.version=21.0.12.1
2026-10-06 08:21:36,009 INFO o.a.j.JMeter: java.vm.name=OpenJDK 64-Bit Server VM
2026-10-06 08:21:36,009 INFO o.a.j.JMeter: os.name=Linux
2026-10-06 08:21:36,009 INFO o.a.j.JMeter: os.arch=amd64
2026-10-06 08:21:36,009 INFO o.a.j.JMeter: os.version=6.6.87.2-microsoft-standard-WSL2
2026-10-06 08:21:36,009 INFO o.a.j.JMeter: file.encoding=UTF-8
2026-10-06 08:21:36,009 INFO o.a.j.JMeter: java.awt.headless=true
2026-10-06 08:21:36,009 INFO o.a.j.JMeter: Max memory     =4294967296
2026-10-06 08:21:36,009 INFO o.a.j.JMeter: Available Processors =12
2026-10-06 08:21:36,016 INFO o.a.j.JMeter: Default Locale=English (EN)
2026-10-06 08:21:36,016 INFO o.a.j.JMeter: JMeter  Locale=English (EN)
2026-10-06 08:21:36,016 INFO o.a.j.JMeter: JMeterHome=/opt/jmeter
2026-10-06 08:21:36,016 INFO o.a.j.JMeter: user.dir  =/tests
2026-10-06 08:21:36,016 INFO o.a.j.JMeter: PWD       =/tests
2026-10-06 08:21:36,017 INFO o.a.j.JMeter: IP: 172.19.0.5 Name: d4da5c60b7f2 FullName: d4da5c60b7f2
2026-10-06 08:21:36,027 INFO o.a.j.s.FileServer: Default base='/tests'
2026-10-06 08:21:36,028 INFO o.a.j.s.FileServer: Set new base='/tests'
2026-10-06 08:21:36,186 INFO o.a.j.s.SaveService: Testplan (JMX) version: 2.2. Testlog (JTL) version: 2.2
2026-10-06 08:21:36,209 INFO o.a.j.s.SaveService: Using SaveService properties version 5.0
2026-10-06 08:21:36,212 INFO o.a.j.s.SaveService: Using SaveService properties file encoding UTF-8
2026-10-06 08:21:36,215 INFO o.a.j.s.SaveService: Loading file: /tests/s2.jmx
2026-10-06 08:21:36,260 INFO o.a.j.p.h.s.HTTPSamplerBase: Parser for text/html is org.apache.jmeter.protocol.http.parser.LagartoBasedHtmlParser
2026-10-06 08:21:36,260 INFO o.a.j.p.h.s.HTTPSamplerBase: Parser for application/xhtml+xml is org.apache.jmeter.protocol.http.parser.LagartoBasedHtmlParser
2026-10-06 08:21:36,260 INFO o.a.j.p.h.s.HTTPSamplerBase: Parser for application/xml is org.apache.jmeter.protocol.http.parser.LagartoBasedHtmlParser
2026-10-06 08:21:36,260 INFO o.a.j.p.h.s.HTTPSamplerBase: Parser for text/xml is org.apache.jmeter.protocol.http.parser.LagartoBasedHtmlParser
2026-10-06 08:21:36,260 INFO o.a.j.p.h.s.HTTPSamplerBase: Parser for text/vnd.wap.wml is org.apache.jmeter.protocol.http.parser.RegexpHTMLParser
2026-10-06 08:21:36,260 INFO o.a.j.p.h.s.HTTPSamplerBase: Parser for text/css is org.apache.jmeter.protocol.http.parser.CssParser
2026-10-06 08:21:36,303 INFO o.a.j.JMeter: Creating summariser <summary>
2026-10-06 08:21:36,317 INFO o.a.j.e.StandardJMeterEngine: Running the test!
2026-10-06 08:21:36,318 INFO o.a.j.s.SampleEvent: List of sample_variables: []
2026-10-06 08:21:36,318 INFO o.a.j.s.SampleEvent: List of sample_variables: []
2026-10-06 08:21:36,321 INFO o.a.j.e.u.CompoundVariable: Note: Function class names must contain the string: '.functions.'
2026-10-06 08:21:36,321 INFO o.a.j.e.u.CompoundVariable: Note: Function class names must not contain the string: '.gui.'
2026-10-06 08:21:36,530 INFO o.a.j.JMeter: Running test (1791274896530)
2026-10-06 08:21:36,531 INFO o.a.j.e.StandardJMeterEngine: Starting setUp thread groups
2026-10-06 08:21:36,531 INFO o.a.j.e.StandardJMeterEngine: Starting setUp ThreadGroup: 1 : setUp - login 
2026-10-06 08:21:36,531 INFO o.a.j.e.StandardJMeterEngine: Starting 1 threads for group setUp - login.
2026-10-06 08:21:36,532 INFO o.a.j.e.StandardJMeterEngine: Test will stop abruptly on error
2026-10-06 08:21:36,532 INFO o.a.j.t.ThreadGroup: Starting thread group... number=1 threads=1 ramp-up=1 delayedStart=false
2026-10-06 08:21:36,535 INFO o.a.j.t.ThreadGroup: Started thread group number 1
2026-10-06 08:21:36,535 INFO o.a.j.e.StandardJMeterEngine: Waiting for all setup thread groups to exit
2026-10-06 08:21:36,536 INFO o.a.j.t.JMeterThread: Thread started: setUp - login 1-1
2026-10-06 08:21:36,546 INFO o.a.j.p.h.s.HTTPHCAbstractImpl: Local host = d4da5c60b7f2
2026-10-06 08:21:36,550 INFO o.a.j.p.h.s.HTTPHC4Impl: HTTP request retry count = 0
2026-10-06 08:21:36,551 INFO o.a.j.s.SampleResult: Note: Sample TimeStamps are START times
2026-10-06 08:21:36,552 INFO o.a.j.s.SampleResult: sampleresult.default.encoding is set to UTF-8
2026-10-06 08:21:36,552 INFO o.a.j.s.SampleResult: sampleresult.useNanoTime=true
2026-10-06 08:21:36,552 INFO o.a.j.s.SampleResult: sampleresult.nanoThreadSleep=5000
2026-10-06 08:21:37,206 INFO o.a.j.t.JMeterThread: Thread is done: setUp - login 1-1
2026-10-06 08:21:37,206 INFO o.a.j.t.JMeterThread: Thread finished: setUp - login 1-1
2026-10-06 08:21:37,207 INFO o.a.j.e.StandardJMeterEngine: All Setup Threads have ended
2026-10-06 08:21:37,231 INFO o.a.j.e.StandardJMeterEngine: Starting ThreadGroup: 1 : S2
2026-10-06 08:21:37,231 INFO o.a.j.e.StandardJMeterEngine: Starting 1000 threads for group S2.
2026-10-06 08:21:37,231 INFO o.a.j.e.StandardJMeterEngine: Thread will continue on error
2026-10-06 08:21:37,231 INFO o.a.j.t.ThreadGroup: Starting thread group... number=1 threads=1000 ramp-up=10 delayedStart=false
2026-10-06 08:21:37,244 INFO o.a.j.t.JMeterThread: Thread started: S2 1-1
2026-10-06 08:21:37,245 INFO o.a.j.s.FileServer: Stored: /tests/data/available_menu_items.csv
2026-10-06 08:21:37,253 INFO o.a.j.t.JMeterThread: Thread started: S2 1-2
2026-10-06 08:21:37,261 INFO o.a.j.t.JMeterThread: Thread started: S2 1-3
2026-10-06 08:21:37,269 INFO o.a.j.t.JMeterThread: Thread started: S2 1-4
2026-10-06 08:21:37,278 INFO o.a.j.t.JMeterThread: Thread started: S2 1-5
2026-10-06 08:21:37,287 INFO o.a.j.t.JMeterThread: Thread started: S2 1-6
2026-10-06 08:21:37,297 INFO o.a.j.t.JMeterThread: Thread started: S2 1-7
2026-10-06 08:21:37,306 INFO o.a.j.t.JMeterThread: Thread started: S2 1-8
2026-10-06 08:21:37,314 INFO o.a.j.t.JMeterThread: Thread started: S2 1-9
2026-10-06 08:21:37,323 INFO o.a.j.t.JMeterThread: Thread started: S2 1-10
2026-10-06 08:21:37,334 INFO o.a.j.t.JMeterThread: Thread started: S2 1-11
2026-10-06 08:21:37,343 INFO o.a.j.t.JMeterThread: Thread started: S2 1-12
2026-10-06 08:21:37,352 INFO o.a.j.t.JMeterThread: Thread started: S2 1-13
2026-10-06 08:21:37,363 INFO o.a.j.t.JMeterThread: Thread started: S2 1-14
2026-10-06 08:21:37,375 INFO o.a.j.t.JMeterThread: Thread started: S2 1-15
2026-10-06 08:21:37,383 INFO o.a.j.t.JMeterThread: Thread started: S2 1-16
2026-10-06 08:21:37,392 INFO o.a.j.t.JMeterThread: Thread started: S2 1-17
2026-10-06 08:21:37,402 INFO o.a.j.t.JMeterThread: Thread started: S2 1-18
2026-10-06 08:21:37,414 INFO o.a.j.t.JMeterThread: Thread started: S2 1-19
2026-10-06 08:21:37,423 INFO o.a.j.t.JMeterThread: Thread started: S2 1-20
2026-10-06 08:21:37,432 INFO o.a.j.t.JMeterThread: Thread started: S2 1-21
2026-10-06 08:21:37,442 INFO o.a.j.t.JMeterThread: Thread started: S2 1-22
2026-10-06 08:21:37,453 INFO o.a.j.t.JMeterThread: Thread started: S2 1-23
2026-10-06 08:21:37,463 INFO o.a.j.t.JMeterThread: Thread started: S2 1-24
2026-10-06 08:21:37,472 INFO o.a.j.t.JMeterThread: Thread started: S2 1-25
2026-10-06 08:21:37,483 INFO o.a.j.t.JMeterThread: Thread started: S2 1-26
2026-10-06 08:21:37,492 INFO o.a.j.t.JMeterThread: Thread started: S2 1-27
2026-10-06 08:21:37,504 INFO o.a.j.t.JMeterThread: Thread started: S2 1-28
2026-10-06 08:21:37,512 INFO o.a.j.t.JMeterThread: Thread started: S2 1-29
2026-10-06 08:21:37,523 INFO o.a.j.t.JMeterThread: Thread started: S2 1-30
2026-10-06 08:21:37,534 INFO o.a.j.t.JMeterThread: Thread started: S2 1-31
2026-10-06 08:21:37,544 INFO o.a.j.t.JMeterThread: Thread started: S2 1-32
2026-10-06 08:21:37,552 INFO o.a.j.t.JMeterThread: Thread started: S2 1-33
2026-10-06 08:21:37,562 INFO o.a.j.t.JMeterThread: Thread started: S2 1-34
2026-10-06 08:21:37,572 INFO o.a.j.t.JMeterThread: Thread started: S2 1-35
2026-10-06 08:21:37,582 INFO o.a.j.t.JMeterThread: Thread started: S2 1-36
2026-10-06 08:21:37,592 INFO o.a.j.t.JMeterThread: Thread started: S2 1-37
2026-10-06 08:21:37,603 INFO o.a.j.t.JMeterThread: Thread started: S2 1-38
2026-10-06 08:21:37,612 INFO o.a.j.t.JMeterThread: Thread started: S2 1-39
2026-10-06 08:21:37,623 INFO o.a.j.t.JMeterThread: Thread started: S2 1-40
2026-10-06 08:21:37,633 INFO o.a.j.t.JMeterThread: Thread started: S2 1-41
2026-10-06 08:21:37,642 INFO o.a.j.t.JMeterThread: Thread started: S2 1-42
2026-10-06 08:21:37,653 INFO o.a.j.t.JMeterThread: Thread started: S2 1-43
2026-10-06 08:21:37,662 INFO o.a.j.t.JMeterThread: Thread started: S2 1-44
2026-10-06 08:21:37,672 INFO o.a.j.t.JMeterThread: Thread started: S2 1-45
2026-10-06 08:21:37,683 INFO o.a.j.t.JMeterThread: Thread started: S2 1-46
2026-10-06 08:21:37,692 INFO o.a.j.t.JMeterThread: Thread started: S2 1-47
2026-10-06 08:21:37,703 INFO o.a.j.t.JMeterThread: Thread started: S2 1-48
2026-10-06 08:21:37,712 INFO o.a.j.t.JMeterThread: Thread started: S2 1-49
2026-10-06 08:21:37,723 INFO o.a.j.t.JMeterThread: Thread started: S2 1-50
2026-10-06 08:21:37,733 INFO o.a.j.t.JMeterThread: Thread started: S2 1-51
2026-10-06 08:21:37,744 INFO o.a.j.t.JMeterThread: Thread started: S2 1-52
2026-10-06 08:21:37,752 INFO o.a.j.t.ThreadGroup: Started thread group number 1
2026-10-06 08:21:37,752 INFO o.a.j.e.StandardJMeterEngine: All thread groups have been started
2026-10-06 08:21:37,753 INFO o.a.j.t.JMeterThread: Thread started: S2 1-53
2026-10-06 08:21:37,764 INFO o.a.j.t.JMeterThread: Thread started: S2 1-54
2026-10-06 08:21:37,773 INFO o.a.j.t.JMeterThread: Thread started: S2 1-55
2026-10-06 08:21:37,782 INFO o.a.j.t.JMeterThread: Thread started: S2 1-56
2026-10-06 08:21:37,792 INFO o.a.j.t.JMeterThread: Thread started: S2 1-57
2026-10-06 08:21:37,804 INFO o.a.j.t.JMeterThread: Thread started: S2 1-58
2026-10-06 08:21:37,815 INFO o.a.j.t.JMeterThread: Thread started: S2 1-59
2026-10-06 08:21:37,822 INFO o.a.j.t.JMeterThread: Thread started: S2 1-60
2026-10-06 08:21:37,832 INFO o.a.j.t.JMeterThread: Thread started: S2 1-61
2026-10-06 08:21:37,843 INFO o.a.j.t.JMeterThread: Thread started: S2 1-62
2026-10-06 08:21:37,853 INFO o.a.j.t.JMeterThread: Thread started: S2 1-63
2026-10-06 08:21:37,862 INFO o.a.j.t.JMeterThread: Thread started: S2 1-64
2026-10-06 08:21:37,876 INFO o.a.j.t.JMeterThread: Thread started: S2 1-65
2026-10-06 08:21:37,882 INFO o.a.j.t.JMeterThread: Thread started: S2 1-66
2026-10-06 08:21:37,892 INFO o.a.j.t.JMeterThread: Thread started: S2 1-67
2026-10-06 08:21:37,902 INFO o.a.j.t.JMeterThread: Thread started: S2 1-68
2026-10-06 08:21:37,921 INFO o.a.j.t.JMeterThread: Thread started: S2 1-69
2026-10-06 08:21:37,922 INFO o.a.j.t.JMeterThread: Thread started: S2 1-70
2026-10-06 08:21:37,932 INFO o.a.j.t.JMeterThread: Thread started: S2 1-71
2026-10-06 08:21:37,942 INFO o.a.j.t.JMeterThread: Thread started: S2 1-72
2026-10-06 08:21:37,983 INFO o.a.j.t.JMeterThread: Thread started: S2 1-74
2026-10-06 08:21:37,983 INFO o.a.j.t.JMeterThread: Thread started: S2 1-75
2026-10-06 08:21:37,983 INFO o.a.j.t.JMeterThread: Thread started: S2 1-73
2026-10-06 08:21:37,983 INFO o.a.j.t.JMeterThread: Thread started: S2 1-76
2026-10-06 08:21:37,992 INFO o.a.j.t.JMeterThread: Thread started: S2 1-77
2026-10-06 08:21:38,002 INFO o.a.j.t.JMeterThread: Thread started: S2 1-78
2026-10-06 08:21:38,012 INFO o.a.j.t.JMeterThread: Thread started: S2 1-79
2026-10-06 08:21:38,022 INFO o.a.j.t.JMeterThread: Thread started: S2 1-80
2026-10-06 08:21:38,033 INFO o.a.j.t.JMeterThread: Thread started: S2 1-81
2026-10-06 08:21:38,042 INFO o.a.j.t.JMeterThread: Thread started: S2 1-82
2026-10-06 08:21:38,052 INFO o.a.j.t.JMeterThread: Thread started: S2 1-83
2026-10-06 08:21:38,062 INFO o.a.j.t.JMeterThread: Thread started: S2 1-84
2026-10-06 08:21:38,072 INFO o.a.j.t.JMeterThread: Thread started: S2 1-85
2026-10-06 08:21:38,082 INFO o.a.j.t.JMeterThread: Thread started: S2 1-86
2026-10-06 08:21:38,092 INFO o.a.j.t.JMeterThread: Thread started: S2 1-87
2026-10-06 08:21:38,103 INFO o.a.j.t.JMeterThread: Thread started: S2 1-88
2026-10-06 08:21:38,112 INFO o.a.j.t.JMeterThread: Thread started: S2 1-89
2026-10-06 08:21:38,123 INFO o.a.j.t.JMeterThread: Thread started: S2 1-90
2026-10-06 08:21:38,134 INFO o.a.j.t.JMeterThread: Thread started: S2 1-91
2026-10-06 08:21:38,143 INFO o.a.j.t.JMeterThread: Thread started: S2 1-92
2026-10-06 08:21:38,153 INFO o.a.j.t.JMeterThread: Thread started: S2 1-93
2026-10-06 08:21:38,162 INFO o.a.j.t.JMeterThread: Thread started: S2 1-94
2026-10-06 08:21:38,173 INFO o.a.j.t.JMeterThread: Thread started: S2 1-95
2026-10-06 08:21:38,182 INFO o.a.j.t.JMeterThread: Thread started: S2 1-96
2026-10-06 08:21:38,192 INFO o.a.j.t.JMeterThread: Thread started: S2 1-97
2026-10-06 08:21:38,204 INFO o.a.j.t.JMeterThread: Thread started: S2 1-98
2026-10-06 08:21:38,214 INFO o.a.j.t.JMeterThread: Thread started: S2 1-99
2026-10-06 08:21:38,222 INFO o.a.j.t.JMeterThread: Thread started: S2 1-100
2026-10-06 08:21:38,232 INFO o.a.j.t.JMeterThread: Thread started: S2 1-101
2026-10-06 08:21:38,243 INFO o.a.j.t.JMeterThread: Thread started: S2 1-102
2026-10-06 08:21:38,252 INFO o.a.j.t.JMeterThread: Thread started: S2 1-103
2026-10-06 08:21:38,263 INFO o.a.j.t.JMeterThread: Thread started: S2 1-104
2026-10-06 08:21:38,272 INFO o.a.j.t.JMeterThread: Thread started: S2 1-105
2026-10-06 08:21:38,282 INFO o.a.j.t.JMeterThread: Thread started: S2 1-106
2026-10-06 08:21:38,292 INFO o.a.j.t.JMeterThread: Thread started: S2 1-107
2026-10-06 08:21:38,302 INFO o.a.j.t.JMeterThread: Thread started: S2 1-108
2026-10-06 08:21:38,313 INFO o.a.j.t.JMeterThread: Thread started: S2 1-109
2026-10-06 08:21:38,322 INFO o.a.j.t.JMeterThread: Thread started: S2 1-110
2026-10-06 08:21:38,334 INFO o.a.j.t.JMeterThread: Thread started: S2 1-111
2026-10-06 08:21:38,343 INFO o.a.j.t.JMeterThread: Thread started: S2 1-112
2026-10-06 08:21:38,352 INFO o.a.j.t.JMeterThread: Thread started: S2 1-113
2026-10-06 08:21:38,362 INFO o.a.j.t.JMeterThread: Thread started: S2 1-114
2026-10-06 08:21:38,373 INFO o.a.j.t.JMeterThread: Thread started: S2 1-115
2026-10-06 08:21:38,382 INFO o.a.j.t.JMeterThread: Thread started: S2 1-116
2026-10-06 08:21:38,392 INFO o.a.j.t.JMeterThread: Thread started: S2 1-117
2026-10-06 08:21:38,402 INFO o.a.j.t.JMeterThread: Thread started: S2 1-118
2026-10-06 08:21:38,413 INFO o.a.j.t.JMeterThread: Thread started: S2 1-119
2026-10-06 08:21:38,423 INFO o.a.j.t.JMeterThread: Thread started: S2 1-120
2026-10-06 08:21:38,433 INFO o.a.j.t.JMeterThread: Thread started: S2 1-121
2026-10-06 08:21:38,446 INFO o.a.j.t.JMeterThread: Thread started: S2 1-122
2026-10-06 08:21:38,453 INFO o.a.j.t.JMeterThread: Thread started: S2 1-123
2026-10-06 08:21:38,462 INFO o.a.j.t.JMeterThread: Thread started: S2 1-124
2026-10-06 08:21:38,472 INFO o.a.j.t.JMeterThread: Thread started: S2 1-125
2026-10-06 08:21:38,482 INFO o.a.j.t.JMeterThread: Thread started: S2 1-126
2026-10-06 08:21:38,493 INFO o.a.j.t.JMeterThread: Thread started: S2 1-127
2026-10-06 08:21:38,502 INFO o.a.j.t.JMeterThread: Thread started: S2 1-128
2026-10-06 08:21:38,512 INFO o.a.j.t.JMeterThread: Thread started: S2 1-129
2026-10-06 08:21:38,522 INFO o.a.j.t.JMeterThread: Thread started: S2 1-130
2026-10-06 08:21:38,533 INFO o.a.j.t.JMeterThread: Thread started: S2 1-131
2026-10-06 08:21:38,542 INFO o.a.j.t.JMeterThread: Thread started: S2 1-132
2026-10-06 08:21:38,553 INFO o.a.j.t.JMeterThread: Thread started: S2 1-133
2026-10-06 08:21:38,563 INFO o.a.j.t.JMeterThread: Thread started: S2 1-134
2026-10-06 08:21:38,575 INFO o.a.j.t.JMeterThread: Thread started: S2 1-135
2026-10-06 08:21:38,582 INFO o.a.j.t.JMeterThread: Thread started: S2 1-136
2026-10-06 08:21:38,593 INFO o.a.j.t.JMeterThread: Thread started: S2 1-137
2026-10-06 08:21:38,602 INFO o.a.j.t.JMeterThread: Thread started: S2 1-138
2026-10-06 08:21:38,613 INFO o.a.j.t.JMeterThread: Thread started: S2 1-139
2026-10-06 08:21:38,623 INFO o.a.j.t.JMeterThread: Thread started: S2 1-140
2026-10-06 08:21:38,632 INFO o.a.j.t.JMeterThread: Thread started: S2 1-141
2026-10-06 08:21:38,643 INFO o.a.j.t.JMeterThread: Thread started: S2 1-142
2026-10-06 08:21:38,652 INFO o.a.j.t.JMeterThread: Thread started: S2 1-143
2026-10-06 08:21:38,662 INFO o.a.j.t.JMeterThread: Thread started: S2 1-144
2026-10-06 08:21:38,672 INFO o.a.j.t.JMeterThread: Thread started: S2 1-145
2026-10-06 08:21:38,683 INFO o.a.j.t.JMeterThread: Thread started: S2 1-146
2026-10-06 08:21:38,693 INFO o.a.j.t.JMeterThread: Thread started: S2 1-147
2026-10-06 08:21:38,702 INFO o.a.j.t.JMeterThread: Thread started: S2 1-148
2026-10-06 08:21:38,712 INFO o.a.j.t.JMeterThread: Thread started: S2 1-149
2026-10-06 08:21:38,722 INFO o.a.j.t.JMeterThread: Thread started: S2 1-150
2026-10-06 08:21:38,732 INFO o.a.j.t.JMeterThread: Thread started: S2 1-151
2026-10-06 08:21:38,742 INFO o.a.j.t.JMeterThread: Thread started: S2 1-152
2026-10-06 08:21:38,751 INFO o.a.j.t.JMeterThread: Thread started: S2 1-153
2026-10-06 08:21:38,762 INFO o.a.j.t.JMeterThread: Thread started: S2 1-154
2026-10-06 08:21:38,772 INFO o.a.j.t.JMeterThread: Thread started: S2 1-155
2026-10-06 08:21:38,782 INFO o.a.j.t.JMeterThread: Thread started: S2 1-156
2026-10-06 08:21:38,792 INFO o.a.j.t.JMeterThread: Thread started: S2 1-157
2026-10-06 08:21:38,803 INFO o.a.j.t.JMeterThread: Thread started: S2 1-158
2026-10-06 08:21:38,812 INFO o.a.j.t.JMeterThread: Thread started: S2 1-159
2026-10-06 08:21:38,823 INFO o.a.j.t.JMeterThread: Thread started: S2 1-160
2026-10-06 08:21:38,832 INFO o.a.j.t.JMeterThread: Thread started: S2 1-161
2026-10-06 08:21:38,843 INFO o.a.j.t.JMeterThread: Thread started: S2 1-162
2026-10-06 08:21:38,852 INFO o.a.j.t.JMeterThread: Thread started: S2 1-163
2026-10-06 08:21:38,862 INFO o.a.j.t.JMeterThread: Thread started: S2 1-164
2026-10-06 08:21:38,875 INFO o.a.j.t.JMeterThread: Thread started: S2 1-165
2026-10-06 08:21:38,882 INFO o.a.j.t.JMeterThread: Thread started: S2 1-166
2026-10-06 08:21:38,893 INFO o.a.j.t.JMeterThread: Thread started: S2 1-167
2026-10-06 08:21:38,903 INFO o.a.j.t.JMeterThread: Thread started: S2 1-168
2026-10-06 08:21:38,911 INFO o.a.j.t.JMeterThread: Thread started: S2 1-169
2026-10-06 08:21:38,922 INFO o.a.j.t.JMeterThread: Thread started: S2 1-170
2026-10-06 08:21:38,932 INFO o.a.j.t.JMeterThread: Thread started: S2 1-171
2026-10-06 08:21:38,942 INFO o.a.j.t.JMeterThread: Thread started: S2 1-172
2026-10-06 08:21:38,952 INFO o.a.j.t.JMeterThread: Thread started: S2 1-173
2026-10-06 08:21:38,962 INFO o.a.j.t.JMeterThread: Thread started: S2 1-174
2026-10-06 08:21:38,972 INFO o.a.j.t.JMeterThread: Thread started: S2 1-175
2026-10-06 08:21:38,982 INFO o.a.j.t.JMeterThread: Thread started: S2 1-176
2026-10-06 08:21:38,993 INFO o.a.j.t.JMeterThread: Thread started: S2 1-177
2026-10-06 08:21:39,002 INFO o.a.j.t.JMeterThread: Thread started: S2 1-178
2026-10-06 08:21:39,013 INFO o.a.j.t.JMeterThread: Thread started: S2 1-179
2026-10-06 08:21:39,028 INFO o.a.j.t.JMeterThread: Thread started: S2 1-180
2026-10-06 08:21:39,032 INFO o.a.j.t.JMeterThread: Thread started: S2 1-181
2026-10-06 08:21:39,042 INFO o.a.j.t.JMeterThread: Thread started: S2 1-182
2026-10-06 08:21:39,053 INFO o.a.j.t.JMeterThread: Thread started: S2 1-183
2026-10-06 08:21:39,062 INFO o.a.j.t.JMeterThread: Thread started: S2 1-184
2026-10-06 08:21:39,074 INFO o.a.j.t.JMeterThread: Thread started: S2 1-185
2026-10-06 08:21:39,086 INFO o.a.j.t.JMeterThread: Thread started: S2 1-186
2026-10-06 08:21:39,093 INFO o.a.j.t.JMeterThread: Thread started: S2 1-187
2026-10-06 08:21:39,102 INFO o.a.j.t.JMeterThread: Thread started: S2 1-188
2026-10-06 08:21:39,112 INFO o.a.j.t.JMeterThread: Thread started: S2 1-189
2026-10-06 08:21:39,123 INFO o.a.j.t.JMeterThread: Thread started: S2 1-190
2026-10-06 08:21:39,132 INFO o.a.j.t.JMeterThread: Thread started: S2 1-191
2026-10-06 08:21:39,143 INFO o.a.j.t.JMeterThread: Thread started: S2 1-192
2026-10-06 08:21:39,152 INFO o.a.j.t.JMeterThread: Thread started: S2 1-193
2026-10-06 08:21:39,163 INFO o.a.j.t.JMeterThread: Thread started: S2 1-194
2026-10-06 08:21:39,172 INFO o.a.j.t.JMeterThread: Thread started: S2 1-195
2026-10-06 08:21:39,181 INFO o.a.j.t.JMeterThread: Thread started: S2 1-196
2026-10-06 08:21:39,193 INFO o.a.j.t.JMeterThread: Thread started: S2 1-197
2026-10-06 08:21:39,202 INFO o.a.j.t.JMeterThread: Thread started: S2 1-198
2026-10-06 08:21:39,219 INFO o.a.j.t.JMeterThread: Thread started: S2 1-199
2026-10-06 08:21:39,230 INFO o.a.j.t.JMeterThread: Thread started: S2 1-200
2026-10-06 08:21:39,232 INFO o.a.j.t.JMeterThread: Thread started: S2 1-201
2026-10-06 08:21:39,242 INFO o.a.j.t.JMeterThread: Thread started: S2 1-202
2026-10-06 08:21:39,252 INFO o.a.j.t.JMeterThread: Thread started: S2 1-203
2026-10-06 08:21:39,262 INFO o.a.j.t.JMeterThread: Thread started: S2 1-204
2026-10-06 08:21:39,273 INFO o.a.j.t.JMeterThread: Thread started: S2 1-205
2026-10-06 08:21:39,282 INFO o.a.j.t.JMeterThread: Thread started: S2 1-206
2026-10-06 08:21:39,293 INFO o.a.j.t.JMeterThread: Thread started: S2 1-207
2026-10-06 08:21:39,302 INFO o.a.j.t.JMeterThread: Thread started: S2 1-208
2026-10-06 08:21:39,312 INFO o.a.j.t.JMeterThread: Thread started: S2 1-209
2026-10-06 08:21:39,321 INFO o.a.j.t.JMeterThread: Thread started: S2 1-210
2026-10-06 08:21:39,333 INFO o.a.j.t.JMeterThread: Thread started: S2 1-211
2026-10-06 08:21:39,342 INFO o.a.j.t.JMeterThread: Thread started: S2 1-212
2026-10-06 08:21:39,353 INFO o.a.j.t.JMeterThread: Thread started: S2 1-213
2026-10-06 08:21:39,362 INFO o.a.j.t.JMeterThread: Thread started: S2 1-214
2026-10-06 08:21:39,371 INFO o.a.j.t.JMeterThread: Thread started: S2 1-215
2026-10-06 08:21:39,383 INFO o.a.j.t.JMeterThread: Thread started: S2 1-216
2026-10-06 08:21:39,393 INFO o.a.j.t.JMeterThread: Thread started: S2 1-217
2026-10-06 08:21:39,402 INFO o.a.j.t.JMeterThread: Thread started: S2 1-218
2026-10-06 08:21:39,412 INFO o.a.j.t.JMeterThread: Thread started: S2 1-219
2026-10-06 08:21:39,421 INFO o.a.j.t.JMeterThread: Thread started: S2 1-220
2026-10-06 08:21:39,433 INFO o.a.j.t.JMeterThread: Thread started: S2 1-221
2026-10-06 08:21:39,441 INFO o.a.j.t.JMeterThread: Thread started: S2 1-222
2026-10-06 08:21:39,452 INFO o.a.j.t.JMeterThread: Thread started: S2 1-223
2026-10-06 08:21:39,463 INFO o.a.j.t.JMeterThread: Thread started: S2 1-224
2026-10-06 08:21:39,471 INFO o.a.j.t.JMeterThread: Thread started: S2 1-225
2026-10-06 08:21:39,482 INFO o.a.j.t.JMeterThread: Thread started: S2 1-226
2026-10-06 08:21:39,492 INFO o.a.j.t.JMeterThread: Thread started: S2 1-227
2026-10-06 08:21:39,501 INFO o.a.j.t.JMeterThread: Thread started: S2 1-228
2026-10-06 08:21:39,512 INFO o.a.j.t.JMeterThread: Thread started: S2 1-229
2026-10-06 08:21:39,522 INFO o.a.j.t.JMeterThread: Thread started: S2 1-230
2026-10-06 08:21:39,532 INFO o.a.j.t.JMeterThread: Thread started: S2 1-231
2026-10-06 08:21:39,545 INFO o.a.j.t.JMeterThread: Thread started: S2 1-232
2026-10-06 08:21:39,551 INFO o.a.j.t.JMeterThread: Thread started: S2 1-233
2026-10-06 08:21:39,562 INFO o.a.j.t.JMeterThread: Thread started: S2 1-234
2026-10-06 08:21:39,572 INFO o.a.j.t.JMeterThread: Thread started: S2 1-235
2026-10-06 08:21:39,582 INFO o.a.j.t.JMeterThread: Thread started: S2 1-236
2026-10-06 08:21:39,592 INFO o.a.j.t.JMeterThread: Thread started: S2 1-237
2026-10-06 08:21:39,601 INFO o.a.j.t.JMeterThread: Thread started: S2 1-238
2026-10-06 08:21:39,612 INFO o.a.j.t.JMeterThread: Thread started: S2 1-239
2026-10-06 08:21:39,622 INFO o.a.j.t.JMeterThread: Thread started: S2 1-240
2026-10-06 08:21:39,633 INFO o.a.j.t.JMeterThread: Thread started: S2 1-241
2026-10-06 08:21:39,642 INFO o.a.j.t.JMeterThread: Thread started: S2 1-242
2026-10-06 08:21:39,654 INFO o.a.j.t.JMeterThread: Thread started: S2 1-243
2026-10-06 08:21:39,661 INFO o.a.j.t.JMeterThread: Thread started: S2 1-244
2026-10-06 08:21:39,673 INFO o.a.j.t.JMeterThread: Thread started: S2 1-245
2026-10-06 08:21:39,682 INFO o.a.j.t.JMeterThread: Thread started: S2 1-246
2026-10-06 08:21:39,692 INFO o.a.j.t.JMeterThread: Thread started: S2 1-247
2026-10-06 08:21:39,702 INFO o.a.j.t.JMeterThread: Thread started: S2 1-248
2026-10-06 08:21:39,711 INFO o.a.j.t.JMeterThread: Thread started: S2 1-249
2026-10-06 08:21:39,722 INFO o.a.j.t.JMeterThread: Thread started: S2 1-250
2026-10-06 08:21:39,732 INFO o.a.j.t.JMeterThread: Thread started: S2 1-251
2026-10-06 08:21:39,743 INFO o.a.j.t.JMeterThread: Thread started: S2 1-252
2026-10-06 08:21:39,752 INFO o.a.j.t.JMeterThread: Thread started: S2 1-253
2026-10-06 08:21:39,763 INFO o.a.j.t.JMeterThread: Thread started: S2 1-254
2026-10-06 08:21:39,771 INFO o.a.j.t.JMeterThread: Thread started: S2 1-255
2026-10-06 08:21:39,782 INFO o.a.j.t.JMeterThread: Thread started: S2 1-256
2026-10-06 08:21:39,791 INFO o.a.j.t.JMeterThread: Thread started: S2 1-257
2026-10-06 08:21:39,802 INFO o.a.j.t.JMeterThread: Thread started: S2 1-258
2026-10-06 08:21:39,812 INFO o.a.j.t.JMeterThread: Thread started: S2 1-259
2026-10-06 08:21:39,821 INFO o.a.j.t.JMeterThread: Thread started: S2 1-260
2026-10-06 08:21:39,833 INFO o.a.j.t.JMeterThread: Thread started: S2 1-261
2026-10-06 08:21:39,841 INFO o.a.j.t.JMeterThread: Thread started: S2 1-262
2026-10-06 08:21:39,852 INFO o.a.j.t.JMeterThread: Thread started: S2 1-263
2026-10-06 08:21:39,862 INFO o.a.j.t.JMeterThread: Thread started: S2 1-264
2026-10-06 08:21:39,873 INFO o.a.j.t.JMeterThread: Thread started: S2 1-265
2026-10-06 08:21:39,883 INFO o.a.j.t.JMeterThread: Thread started: S2 1-266
2026-10-06 08:21:39,892 INFO o.a.j.t.JMeterThread: Thread started: S2 1-267
2026-10-06 08:21:39,903 INFO o.a.j.t.JMeterThread: Thread started: S2 1-268
2026-10-06 08:21:39,911 INFO o.a.j.t.JMeterThread: Thread started: S2 1-269
2026-10-06 08:21:39,923 INFO o.a.j.t.JMeterThread: Thread started: S2 1-270
2026-10-06 08:21:39,931 INFO o.a.j.t.JMeterThread: Thread started: S2 1-271
2026-10-06 08:21:39,942 INFO o.a.j.t.JMeterThread: Thread started: S2 1-272
2026-10-06 08:21:39,951 INFO o.a.j.t.JMeterThread: Thread started: S2 1-273
2026-10-06 08:21:39,962 INFO o.a.j.t.JMeterThread: Thread started: S2 1-274
2026-10-06 08:21:39,973 INFO o.a.j.t.JMeterThread: Thread started: S2 1-275
2026-10-06 08:21:39,982 INFO o.a.j.t.JMeterThread: Thread started: S2 1-276
2026-10-06 08:21:39,993 INFO o.a.j.t.JMeterThread: Thread started: S2 1-277
2026-10-06 08:21:40,005 INFO o.a.j.t.JMeterThread: Thread started: S2 1-278
2026-10-06 08:21:40,011 INFO o.a.j.t.JMeterThread: Thread started: S2 1-279
2026-10-06 08:21:40,022 INFO o.a.j.t.JMeterThread: Thread started: S2 1-280
2026-10-06 08:21:40,031 INFO o.a.j.t.JMeterThread: Thread started: S2 1-281
2026-10-06 08:21:40,042 INFO o.a.j.t.JMeterThread: Thread started: S2 1-282
2026-10-06 08:21:40,052 INFO o.a.j.t.JMeterThread: Thread started: S2 1-283
2026-10-06 08:21:40,061 INFO o.a.j.t.JMeterThread: Thread started: S2 1-284
2026-10-06 08:21:40,072 INFO o.a.j.t.JMeterThread: Thread started: S2 1-285
2026-10-06 08:21:40,082 INFO o.a.j.t.JMeterThread: Thread started: S2 1-286
2026-10-06 08:21:40,093 INFO o.a.j.t.JMeterThread: Thread started: S2 1-287
2026-10-06 08:21:40,102 INFO o.a.j.t.JMeterThread: Thread started: S2 1-288
2026-10-06 08:21:40,113 INFO o.a.j.t.JMeterThread: Thread started: S2 1-289
2026-10-06 08:21:40,121 INFO o.a.j.t.JMeterThread: Thread started: S2 1-290
2026-10-06 08:21:40,132 INFO o.a.j.t.JMeterThread: Thread started: S2 1-291
2026-10-06 08:21:40,142 INFO o.a.j.t.JMeterThread: Thread started: S2 1-292
2026-10-06 08:21:40,152 INFO o.a.j.t.JMeterThread: Thread started: S2 1-293
2026-10-06 08:21:40,163 INFO o.a.j.t.JMeterThread: Thread started: S2 1-294
2026-10-06 08:21:40,172 INFO o.a.j.t.JMeterThread: Thread started: S2 1-295
2026-10-06 08:21:40,183 INFO o.a.j.t.JMeterThread: Thread started: S2 1-296
2026-10-06 08:21:40,193 INFO o.a.j.t.JMeterThread: Thread started: S2 1-297
2026-10-06 08:21:40,203 INFO o.a.j.t.JMeterThread: Thread started: S2 1-298
2026-10-06 08:21:40,213 INFO o.a.j.t.JMeterThread: Thread started: S2 1-299
2026-10-06 08:21:40,222 INFO o.a.j.t.JMeterThread: Thread started: S2 1-300
2026-10-06 08:21:40,232 INFO o.a.j.t.JMeterThread: Thread started: S2 1-301
2026-10-06 08:21:40,243 INFO o.a.j.t.JMeterThread: Thread started: S2 1-302
2026-10-06 08:21:40,253 INFO o.a.j.t.JMeterThread: Thread started: S2 1-303
2026-10-06 08:21:40,262 INFO o.a.j.t.JMeterThread: Thread started: S2 1-304
2026-10-06 08:21:40,272 INFO o.a.j.t.JMeterThread: Thread started: S2 1-305
2026-10-06 08:21:40,282 INFO o.a.j.t.JMeterThread: Thread started: S2 1-306
2026-10-06 08:21:40,291 INFO o.a.j.t.JMeterThread: Thread started: S2 1-307
2026-10-06 08:21:40,302 INFO o.a.j.t.JMeterThread: Thread started: S2 1-308
2026-10-06 08:21:40,312 INFO o.a.j.t.JMeterThread: Thread started: S2 1-309
2026-10-06 08:21:40,321 INFO o.a.j.t.JMeterThread: Thread started: S2 1-310
2026-10-06 08:21:40,332 INFO o.a.j.t.JMeterThread: Thread started: S2 1-311
2026-10-06 08:21:40,342 INFO o.a.j.t.JMeterThread: Thread started: S2 1-312
2026-10-06 08:21:40,352 INFO o.a.j.t.JMeterThread: Thread started: S2 1-313
2026-10-06 08:21:40,363 INFO o.a.j.t.JMeterThread: Thread started: S2 1-314
2026-10-06 08:21:40,372 INFO o.a.j.t.JMeterThread: Thread started: S2 1-315
2026-10-06 08:21:40,383 INFO o.a.j.t.JMeterThread: Thread started: S2 1-316
2026-10-06 08:21:40,392 INFO o.a.j.t.JMeterThread: Thread started: S2 1-317
2026-10-06 08:21:40,403 INFO o.a.j.t.JMeterThread: Thread started: S2 1-318
2026-10-06 08:21:40,411 INFO o.a.j.t.JMeterThread: Thread started: S2 1-319
2026-10-06 08:21:40,422 INFO o.a.j.t.JMeterThread: Thread started: S2 1-320
2026-10-06 08:21:40,432 INFO o.a.j.t.JMeterThread: Thread started: S2 1-321
2026-10-06 08:21:40,442 INFO o.a.j.t.JMeterThread: Thread started: S2 1-322
2026-10-06 08:21:40,453 INFO o.a.j.t.JMeterThread: Thread started: S2 1-323
2026-10-06 08:21:40,461 INFO o.a.j.t.JMeterThread: Thread started: S2 1-324
2026-10-06 08:21:40,472 INFO o.a.j.t.JMeterThread: Thread started: S2 1-325
2026-10-06 08:21:40,483 INFO o.a.j.t.JMeterThread: Thread started: S2 1-326
2026-10-06 08:21:40,491 INFO o.a.j.t.JMeterThread: Thread started: S2 1-327
2026-10-06 08:21:40,502 INFO o.a.j.t.JMeterThread: Thread started: S2 1-328
2026-10-06 08:21:40,512 INFO o.a.j.t.JMeterThread: Thread started: S2 1-329
2026-10-06 08:21:40,521 INFO o.a.j.t.JMeterThread: Thread started: S2 1-330
2026-10-06 08:21:40,533 INFO o.a.j.t.JMeterThread: Thread started: S2 1-331
2026-10-06 08:21:40,542 INFO o.a.j.t.JMeterThread: Thread started: S2 1-332
2026-10-06 08:21:40,552 INFO o.a.j.t.JMeterThread: Thread started: S2 1-333
2026-10-06 08:21:40,561 INFO o.a.j.t.JMeterThread: Thread started: S2 1-334
2026-10-06 08:21:40,572 INFO o.a.j.t.JMeterThread: Thread started: S2 1-335
2026-10-06 08:21:40,581 INFO o.a.j.t.JMeterThread: Thread started: S2 1-336
2026-10-06 08:21:40,592 INFO o.a.j.t.JMeterThread: Thread started: S2 1-337
2026-10-06 08:21:40,602 INFO o.a.j.t.JMeterThread: Thread started: S2 1-338
2026-10-06 08:21:40,611 INFO o.a.j.t.JMeterThread: Thread started: S2 1-339
2026-10-06 08:21:40,622 INFO o.a.j.t.JMeterThread: Thread started: S2 1-340
2026-10-06 08:21:40,632 INFO o.a.j.t.JMeterThread: Thread started: S2 1-341
2026-10-06 08:21:40,641 INFO o.a.j.t.JMeterThread: Thread started: S2 1-342
2026-10-06 08:21:40,652 INFO o.a.j.t.JMeterThread: Thread started: S2 1-343
2026-10-06 08:21:40,662 INFO o.a.j.t.JMeterThread: Thread started: S2 1-344
2026-10-06 08:21:40,671 INFO o.a.j.t.JMeterThread: Thread started: S2 1-345
2026-10-06 08:21:40,682 INFO o.a.j.t.JMeterThread: Thread started: S2 1-346
2026-10-06 08:21:40,693 INFO o.a.j.t.JMeterThread: Thread started: S2 1-347
2026-10-06 08:21:40,702 INFO o.a.j.t.JMeterThread: Thread started: S2 1-348
2026-10-06 08:21:40,712 INFO o.a.j.t.JMeterThread: Thread started: S2 1-349
2026-10-06 08:21:40,721 INFO o.a.j.t.JMeterThread: Thread started: S2 1-350
2026-10-06 08:21:40,735 INFO o.a.j.t.JMeterThread: Thread started: S2 1-351
2026-10-06 08:21:40,743 INFO o.a.j.t.JMeterThread: Thread started: S2 1-352
2026-10-06 08:21:40,751 INFO o.a.j.t.JMeterThread: Thread started: S2 1-353
2026-10-06 08:21:40,762 INFO o.a.j.t.JMeterThread: Thread started: S2 1-354
2026-10-06 08:21:40,771 INFO o.a.j.t.JMeterThread: Thread started: S2 1-355
2026-10-06 08:21:40,782 INFO o.a.j.t.JMeterThread: Thread started: S2 1-356
2026-10-06 08:21:40,792 INFO o.a.j.t.JMeterThread: Thread started: S2 1-357
2026-10-06 08:21:40,801 INFO o.a.j.t.JMeterThread: Thread started: S2 1-358
2026-10-06 08:21:40,813 INFO o.a.j.t.JMeterThread: Thread started: S2 1-359
2026-10-06 08:21:40,823 INFO o.a.j.t.JMeterThread: Thread started: S2 1-360
2026-10-06 08:21:40,831 INFO o.a.j.t.JMeterThread: Thread started: S2 1-361
2026-10-06 08:21:40,842 INFO o.a.j.t.JMeterThread: Thread started: S2 1-362
2026-10-06 08:21:40,852 INFO o.a.j.t.JMeterThread: Thread started: S2 1-363
2026-10-06 08:21:40,864 INFO o.a.j.t.JMeterThread: Thread started: S2 1-364
2026-10-06 08:21:40,872 INFO o.a.j.t.JMeterThread: Thread started: S2 1-365
2026-10-06 08:21:40,882 INFO o.a.j.t.JMeterThread: Thread started: S2 1-366
2026-10-06 08:21:40,893 INFO o.a.j.t.JMeterThread: Thread started: S2 1-367
2026-10-06 08:21:40,902 INFO o.a.j.t.JMeterThread: Thread started: S2 1-368
2026-10-06 08:21:40,912 INFO o.a.j.t.JMeterThread: Thread started: S2 1-369
2026-10-06 08:21:40,922 INFO o.a.j.t.JMeterThread: Thread started: S2 1-370
2026-10-06 08:21:40,931 INFO o.a.j.t.JMeterThread: Thread started: S2 1-371
2026-10-06 08:21:40,942 INFO o.a.j.t.JMeterThread: Thread started: S2 1-372
2026-10-06 08:21:40,952 INFO o.a.j.t.JMeterThread: Thread started: S2 1-373
2026-10-06 08:21:40,961 INFO o.a.j.t.JMeterThread: Thread started: S2 1-374
2026-10-06 08:21:40,972 INFO o.a.j.t.JMeterThread: Thread started: S2 1-375
2026-10-06 08:21:40,981 INFO o.a.j.t.JMeterThread: Thread started: S2 1-376
2026-10-06 08:21:40,992 INFO o.a.j.t.JMeterThread: Thread started: S2 1-377
2026-10-06 08:21:41,004 INFO o.a.j.t.JMeterThread: Thread started: S2 1-378
2026-10-06 08:21:41,013 INFO o.a.j.t.JMeterThread: Thread started: S2 1-379
2026-10-06 08:21:41,023 INFO o.a.j.t.JMeterThread: Thread started: S2 1-380
2026-10-06 08:21:41,032 INFO o.a.j.t.JMeterThread: Thread started: S2 1-381
2026-10-06 08:21:41,043 INFO o.a.j.t.JMeterThread: Thread started: S2 1-382
2026-10-06 08:21:41,052 INFO o.a.j.t.JMeterThread: Thread started: S2 1-383
2026-10-06 08:21:41,063 INFO o.a.j.t.JMeterThread: Thread started: S2 1-384
2026-10-06 08:21:41,072 INFO o.a.j.t.JMeterThread: Thread started: S2 1-385
2026-10-06 08:21:41,082 INFO o.a.j.t.JMeterThread: Thread started: S2 1-386
2026-10-06 08:21:41,091 INFO o.a.j.t.JMeterThread: Thread started: S2 1-387
2026-10-06 08:21:41,102 INFO o.a.j.t.JMeterThread: Thread started: S2 1-388
2026-10-06 08:21:41,113 INFO o.a.j.t.JMeterThread: Thread started: S2 1-389
2026-10-06 08:21:41,122 INFO o.a.j.t.JMeterThread: Thread started: S2 1-390
2026-10-06 08:21:41,132 INFO o.a.j.t.JMeterThread: Thread started: S2 1-391
2026-10-06 08:21:41,141 INFO o.a.j.t.JMeterThread: Thread started: S2 1-392
2026-10-06 08:21:41,152 INFO o.a.j.t.JMeterThread: Thread started: S2 1-393
2026-10-06 08:21:41,162 INFO o.a.j.t.JMeterThread: Thread started: S2 1-394
2026-10-06 08:21:41,173 INFO o.a.j.t.JMeterThread: Thread started: S2 1-395
2026-10-06 08:21:41,183 INFO o.a.j.t.JMeterThread: Thread started: S2 1-396
2026-10-06 08:21:41,192 INFO o.a.j.t.JMeterThread: Thread started: S2 1-397
2026-10-06 08:21:41,203 INFO o.a.j.t.JMeterThread: Thread started: S2 1-398
2026-10-06 08:21:41,211 INFO o.a.j.t.JMeterThread: Thread started: S2 1-399
2026-10-06 08:21:41,222 INFO o.a.j.t.JMeterThread: Thread started: S2 1-400
2026-10-06 08:21:41,232 INFO o.a.j.t.JMeterThread: Thread started: S2 1-401
2026-10-06 08:21:41,242 INFO o.a.j.t.JMeterThread: Thread started: S2 1-402
2026-10-06 08:21:41,252 INFO o.a.j.t.JMeterThread: Thread started: S2 1-403
2026-10-06 08:21:41,261 INFO o.a.j.t.JMeterThread: Thread started: S2 1-404
2026-10-06 08:21:41,273 INFO o.a.j.t.JMeterThread: Thread started: S2 1-405
2026-10-06 08:21:41,281 INFO o.a.j.t.JMeterThread: Thread started: S2 1-406
2026-10-06 08:21:41,293 INFO o.a.j.t.JMeterThread: Thread started: S2 1-407
2026-10-06 08:21:41,301 INFO o.a.j.t.JMeterThread: Thread started: S2 1-408
2026-10-06 08:21:41,312 INFO o.a.j.t.JMeterThread: Thread started: S2 1-409
2026-10-06 08:21:41,322 INFO o.a.j.t.JMeterThread: Thread started: S2 1-410
2026-10-06 08:21:41,331 INFO o.a.j.t.JMeterThread: Thread started: S2 1-411
2026-10-06 08:21:41,342 INFO o.a.j.t.JMeterThread: Thread started: S2 1-412
2026-10-06 08:21:41,352 INFO o.a.j.t.JMeterThread: Thread started: S2 1-413
2026-10-06 08:21:41,361 INFO o.a.j.t.JMeterThread: Thread started: S2 1-414
2026-10-06 08:21:41,372 INFO o.a.j.t.JMeterThread: Thread started: S2 1-415
2026-10-06 08:21:41,382 INFO o.a.j.t.JMeterThread: Thread started: S2 1-416
2026-10-06 08:21:41,391 INFO o.a.j.t.JMeterThread: Thread started: S2 1-417
2026-10-06 08:21:41,403 INFO o.a.j.t.JMeterThread: Thread started: S2 1-418
2026-10-06 08:21:41,413 INFO o.a.j.t.JMeterThread: Thread started: S2 1-419
2026-10-06 08:21:41,421 INFO o.a.j.t.JMeterThread: Thread started: S2 1-420
2026-10-06 08:21:41,432 INFO o.a.j.t.JMeterThread: Thread started: S2 1-421
2026-10-06 08:21:41,442 INFO o.a.j.t.JMeterThread: Thread started: S2 1-422
2026-10-06 08:21:41,451 INFO o.a.j.t.JMeterThread: Thread started: S2 1-423
2026-10-06 08:21:41,462 INFO o.a.j.t.JMeterThread: Thread started: S2 1-424
2026-10-06 08:21:41,471 INFO o.a.j.t.JMeterThread: Thread started: S2 1-425
2026-10-06 08:21:41,483 INFO o.a.j.t.JMeterThread: Thread started: S2 1-426
2026-10-06 08:21:41,491 INFO o.a.j.t.JMeterThread: Thread started: S2 1-427
2026-10-06 08:21:41,502 INFO o.a.j.t.JMeterThread: Thread started: S2 1-428
2026-10-06 08:21:41,512 INFO o.a.j.t.JMeterThread: Thread started: S2 1-429
2026-10-06 08:21:41,521 INFO o.a.j.t.JMeterThread: Thread started: S2 1-430
2026-10-06 08:21:41,532 INFO o.a.j.t.JMeterThread: Thread started: S2 1-431
2026-10-06 08:21:41,542 INFO o.a.j.t.JMeterThread: Thread started: S2 1-432
2026-10-06 08:21:41,552 INFO o.a.j.t.JMeterThread: Thread started: S2 1-433
2026-10-06 08:21:41,562 INFO o.a.j.t.JMeterThread: Thread started: S2 1-434
2026-10-06 08:21:41,573 INFO o.a.j.t.JMeterThread: Thread started: S2 1-435
2026-10-06 08:21:41,581 INFO o.a.j.t.JMeterThread: Thread started: S2 1-436
2026-10-06 08:21:41,592 INFO o.a.j.t.JMeterThread: Thread started: S2 1-437
2026-10-06 08:21:41,603 INFO o.a.j.t.JMeterThread: Thread started: S2 1-438
2026-10-06 08:21:41,611 INFO o.a.j.t.JMeterThread: Thread started: S2 1-439
2026-10-06 08:21:41,622 INFO o.a.j.t.JMeterThread: Thread started: S2 1-440
2026-10-06 08:21:41,632 INFO o.a.j.t.JMeterThread: Thread started: S2 1-441
2026-10-06 08:21:41,641 INFO o.a.j.t.JMeterThread: Thread started: S2 1-442
2026-10-06 08:21:41,652 INFO o.a.j.t.JMeterThread: Thread started: S2 1-443
2026-10-06 08:21:41,663 INFO o.a.j.t.JMeterThread: Thread started: S2 1-444
2026-10-06 08:21:41,671 INFO o.a.j.t.JMeterThread: Thread started: S2 1-445
2026-10-06 08:21:41,682 INFO o.a.j.t.JMeterThread: Thread started: S2 1-446
2026-10-06 08:21:41,693 INFO o.a.j.t.JMeterThread: Thread started: S2 1-447
2026-10-06 08:21:41,703 INFO o.a.j.t.JMeterThread: Thread started: S2 1-448
2026-10-06 08:21:41,712 INFO o.a.j.t.JMeterThread: Thread started: S2 1-449
2026-10-06 08:21:41,730 INFO o.a.j.t.JMeterThread: Thread started: S2 1-450
2026-10-06 08:21:41,732 INFO o.a.j.t.JMeterThread: Thread started: S2 1-451
2026-10-06 08:21:41,742 INFO o.a.j.t.JMeterThread: Thread started: S2 1-452
2026-10-06 08:21:41,762 INFO o.a.j.t.JMeterThread: Thread started: S2 1-453
2026-10-06 08:21:41,762 INFO o.a.j.t.JMeterThread: Thread started: S2 1-454
2026-10-06 08:21:41,772 INFO o.a.j.t.JMeterThread: Thread started: S2 1-455
2026-10-06 08:21:41,782 INFO o.a.j.t.JMeterThread: Thread started: S2 1-456
2026-10-06 08:21:41,793 INFO o.a.j.t.JMeterThread: Thread started: S2 1-457
2026-10-06 08:21:41,801 INFO o.a.j.t.JMeterThread: Thread started: S2 1-458
2026-10-06 08:21:41,811 INFO o.a.j.t.JMeterThread: Thread started: S2 1-459
2026-10-06 08:21:41,822 INFO o.a.j.t.JMeterThread: Thread started: S2 1-460
2026-10-06 08:21:41,832 INFO o.a.j.t.JMeterThread: Thread started: S2 1-461
2026-10-06 08:21:41,841 INFO o.a.j.t.JMeterThread: Thread started: S2 1-462
2026-10-06 08:21:41,854 INFO o.a.j.t.JMeterThread: Thread started: S2 1-463
2026-10-06 08:21:41,862 INFO o.a.j.t.JMeterThread: Thread started: S2 1-464
2026-10-06 08:21:41,873 INFO o.a.j.t.JMeterThread: Thread started: S2 1-465
2026-10-06 08:21:41,882 INFO o.a.j.t.JMeterThread: Thread started: S2 1-466
2026-10-06 08:21:41,891 INFO o.a.j.t.JMeterThread: Thread started: S2 1-467
2026-10-06 08:21:41,902 INFO o.a.j.t.JMeterThread: Thread started: S2 1-468
2026-10-06 08:21:41,911 INFO o.a.j.t.JMeterThread: Thread started: S2 1-469
2026-10-06 08:21:41,922 INFO o.a.j.t.JMeterThread: Thread started: S2 1-470
2026-10-06 08:21:41,932 INFO o.a.j.t.JMeterThread: Thread started: S2 1-471
2026-10-06 08:21:41,943 INFO o.a.j.t.JMeterThread: Thread started: S2 1-472
2026-10-06 08:21:41,952 INFO o.a.j.t.JMeterThread: Thread started: S2 1-473
2026-10-06 08:21:41,961 INFO o.a.j.t.JMeterThread: Thread started: S2 1-474
2026-10-06 08:21:41,972 INFO o.a.j.t.JMeterThread: Thread started: S2 1-475
2026-10-06 08:21:41,982 INFO o.a.j.t.JMeterThread: Thread started: S2 1-476
2026-10-06 08:21:41,993 INFO o.a.j.t.JMeterThread: Thread started: S2 1-477
2026-10-06 08:21:42,003 INFO o.a.j.t.JMeterThread: Thread started: S2 1-478
2026-10-06 08:21:42,012 INFO o.a.j.t.JMeterThread: Thread started: S2 1-479
2026-10-06 08:21:42,021 INFO o.a.j.t.JMeterThread: Thread started: S2 1-480
2026-10-06 08:21:42,033 INFO o.a.j.t.JMeterThread: Thread started: S2 1-481
2026-10-06 08:21:42,041 INFO o.a.j.t.JMeterThread: Thread started: S2 1-482
2026-10-06 08:21:42,052 INFO o.a.j.t.JMeterThread: Thread started: S2 1-483
2026-10-06 08:21:42,062 INFO o.a.j.t.JMeterThread: Thread started: S2 1-484
2026-10-06 08:21:42,071 INFO o.a.j.t.JMeterThread: Thread started: S2 1-485
2026-10-06 08:21:42,083 INFO o.a.j.t.JMeterThread: Thread started: S2 1-486
2026-10-06 08:21:42,092 INFO o.a.j.t.JMeterThread: Thread started: S2 1-487
2026-10-06 08:21:42,103 INFO o.a.j.t.JMeterThread: Thread started: S2 1-488
2026-10-06 08:21:42,112 INFO o.a.j.t.JMeterThread: Thread started: S2 1-489
2026-10-06 08:21:42,122 INFO o.a.j.t.JMeterThread: Thread started: S2 1-490
2026-10-06 08:21:42,133 INFO o.a.j.t.JMeterThread: Thread started: S2 1-491
2026-10-06 08:21:42,144 INFO o.a.j.t.JMeterThread: Thread started: S2 1-492
2026-10-06 08:21:42,152 INFO o.a.j.t.JMeterThread: Thread started: S2 1-493
2026-10-06 08:21:42,162 INFO o.a.j.t.JMeterThread: Thread started: S2 1-494
2026-10-06 08:21:42,172 INFO o.a.j.t.JMeterThread: Thread started: S2 1-495
2026-10-06 08:21:42,183 INFO o.a.j.t.JMeterThread: Thread started: S2 1-496
2026-10-06 08:21:42,191 INFO o.a.j.t.JMeterThread: Thread started: S2 1-497
2026-10-06 08:21:42,202 INFO o.a.j.t.JMeterThread: Thread started: S2 1-498
2026-10-06 08:21:42,213 INFO o.a.j.t.JMeterThread: Thread started: S2 1-499
2026-10-06 08:21:42,221 INFO o.a.j.t.JMeterThread: Thread started: S2 1-500
2026-10-06 08:21:42,232 INFO o.a.j.t.JMeterThread: Thread started: S2 1-501
2026-10-06 08:21:42,242 INFO o.a.j.t.JMeterThread: Thread started: S2 1-502
2026-10-06 08:21:42,252 INFO o.a.j.t.JMeterThread: Thread started: S2 1-503
2026-10-06 08:21:42,262 INFO o.a.j.t.JMeterThread: Thread started: S2 1-504
2026-10-06 08:21:42,272 INFO o.a.j.t.JMeterThread: Thread started: S2 1-505
2026-10-06 08:21:42,281 INFO o.a.j.t.JMeterThread: Thread started: S2 1-506
2026-10-06 08:21:42,292 INFO o.a.j.t.JMeterThread: Thread started: S2 1-507
2026-10-06 08:21:42,302 INFO o.a.j.t.JMeterThread: Thread started: S2 1-508
2026-10-06 08:21:42,312 INFO o.a.j.t.JMeterThread: Thread started: S2 1-509
2026-10-06 08:21:42,322 INFO o.a.j.t.JMeterThread: Thread started: S2 1-510
2026-10-06 08:21:42,333 INFO o.a.j.t.JMeterThread: Thread started: S2 1-511
2026-10-06 08:21:42,341 INFO o.a.j.t.JMeterThread: Thread started: S2 1-512
2026-10-06 08:21:42,353 INFO o.a.j.t.JMeterThread: Thread started: S2 1-513
2026-10-06 08:21:42,361 INFO o.a.j.t.JMeterThread: Thread started: S2 1-514
2026-10-06 08:21:42,372 INFO o.a.j.t.JMeterThread: Thread started: S2 1-515
2026-10-06 08:21:42,381 INFO o.a.j.t.JMeterThread: Thread started: S2 1-516
2026-10-06 08:21:42,392 INFO o.a.j.t.JMeterThread: Thread started: S2 1-517
2026-10-06 08:21:42,402 INFO o.a.j.t.JMeterThread: Thread started: S2 1-518
2026-10-06 08:21:42,412 INFO o.a.j.t.JMeterThread: Thread started: S2 1-519
2026-10-06 08:21:42,422 INFO o.a.j.t.JMeterThread: Thread started: S2 1-520
2026-10-06 08:21:42,432 INFO o.a.j.t.JMeterThread: Thread started: S2 1-521
2026-10-06 08:21:42,442 INFO o.a.j.t.JMeterThread: Thread started: S2 1-522
2026-10-06 08:21:42,451 INFO o.a.j.t.JMeterThread: Thread started: S2 1-523
2026-10-06 08:21:42,462 INFO o.a.j.t.JMeterThread: Thread started: S2 1-524
2026-10-06 08:21:42,471 INFO o.a.j.t.JMeterThread: Thread started: S2 1-525
2026-10-06 08:21:42,482 INFO o.a.j.t.JMeterThread: Thread started: S2 1-526
2026-10-06 08:21:42,492 INFO o.a.j.t.JMeterThread: Thread started: S2 1-527
2026-10-06 08:21:42,505 INFO o.a.j.t.JMeterThread: Thread started: S2 1-528
2026-10-06 08:21:42,519 INFO o.a.j.t.JMeterThread: Thread started: S2 1-529
2026-10-06 08:21:42,522 INFO o.a.j.t.JMeterThread: Thread started: S2 1-530
2026-10-06 08:21:42,532 INFO o.a.j.t.JMeterThread: Thread started: S2 1-531
2026-10-06 08:21:42,541 INFO o.a.j.t.JMeterThread: Thread started: S2 1-532
2026-10-06 08:21:42,551 INFO o.a.j.t.JMeterThread: Thread started: S2 1-533
2026-10-06 08:21:42,562 INFO o.a.j.t.JMeterThread: Thread started: S2 1-534
2026-10-06 08:21:42,571 INFO o.a.j.t.JMeterThread: Thread started: S2 1-535
2026-10-06 08:21:42,583 INFO o.a.j.t.JMeterThread: Thread started: S2 1-536
2026-10-06 08:21:42,592 INFO o.a.j.t.JMeterThread: Thread started: S2 1-537
2026-10-06 08:21:42,601 INFO o.a.j.t.JMeterThread: Thread started: S2 1-538
2026-10-06 08:21:42,613 INFO o.a.j.t.JMeterThread: Thread started: S2 1-539
2026-10-06 08:21:42,621 INFO o.a.j.t.JMeterThread: Thread started: S2 1-540
2026-10-06 08:21:42,633 INFO o.a.j.t.JMeterThread: Thread started: S2 1-541
2026-10-06 08:21:42,641 INFO o.a.j.t.JMeterThread: Thread started: S2 1-542
2026-10-06 08:21:42,651 INFO o.a.j.t.JMeterThread: Thread started: S2 1-543
2026-10-06 08:21:42,662 INFO o.a.j.t.JMeterThread: Thread started: S2 1-544
2026-10-06 08:21:42,671 INFO o.a.j.t.JMeterThread: Thread started: S2 1-545
2026-10-06 08:21:42,682 INFO o.a.j.t.JMeterThread: Thread started: S2 1-546
2026-10-06 08:21:42,693 INFO o.a.j.t.JMeterThread: Thread started: S2 1-547
2026-10-06 08:21:42,701 INFO o.a.j.t.JMeterThread: Thread started: S2 1-548
2026-10-06 08:21:42,712 INFO o.a.j.t.JMeterThread: Thread started: S2 1-549
2026-10-06 08:21:42,721 INFO o.a.j.t.JMeterThread: Thread started: S2 1-550
2026-10-06 08:21:42,732 INFO o.a.j.t.JMeterThread: Thread started: S2 1-551
2026-10-06 08:21:42,742 INFO o.a.j.t.JMeterThread: Thread started: S2 1-552
2026-10-06 08:21:42,751 INFO o.a.j.t.JMeterThread: Thread started: S2 1-553
2026-10-06 08:21:42,762 INFO o.a.j.t.JMeterThread: Thread started: S2 1-554
2026-10-06 08:21:42,772 INFO o.a.j.t.JMeterThread: Thread started: S2 1-555
2026-10-06 08:21:42,781 INFO o.a.j.t.JMeterThread: Thread started: S2 1-556
2026-10-06 08:21:42,793 INFO o.a.j.t.JMeterThread: Thread started: S2 1-557
2026-10-06 08:21:42,801 INFO o.a.j.t.JMeterThread: Thread started: S2 1-558
2026-10-06 08:21:42,811 INFO o.a.j.t.JMeterThread: Thread started: S2 1-559
2026-10-06 08:21:42,822 INFO o.a.j.t.JMeterThread: Thread started: S2 1-560
2026-10-06 08:21:42,831 INFO o.a.j.t.JMeterThread: Thread started: S2 1-561
2026-10-06 08:21:42,842 INFO o.a.j.t.JMeterThread: Thread started: S2 1-562
2026-10-06 08:21:42,852 INFO o.a.j.t.JMeterThread: Thread started: S2 1-563
2026-10-06 08:21:42,861 INFO o.a.j.t.JMeterThread: Thread started: S2 1-564
2026-10-06 08:21:42,873 INFO o.a.j.t.JMeterThread: Thread started: S2 1-565
2026-10-06 08:21:42,883 INFO o.a.j.t.JMeterThread: Thread started: S2 1-566
2026-10-06 08:21:42,891 INFO o.a.j.t.JMeterThread: Thread started: S2 1-567
2026-10-06 08:21:42,902 INFO o.a.j.t.JMeterThread: Thread started: S2 1-568
2026-10-06 08:21:42,911 INFO o.a.j.t.JMeterThread: Thread started: S2 1-569
2026-10-06 08:21:42,923 INFO o.a.j.t.JMeterThread: Thread started: S2 1-570
2026-10-06 08:21:42,932 INFO o.a.j.t.JMeterThread: Thread started: S2 1-571
2026-10-06 08:21:42,941 INFO o.a.j.t.JMeterThread: Thread started: S2 1-572
2026-10-06 08:21:42,952 INFO o.a.j.t.JMeterThread: Thread started: S2 1-573
2026-10-06 08:21:42,963 INFO o.a.j.t.JMeterThread: Thread started: S2 1-574
2026-10-06 08:21:42,972 INFO o.a.j.t.JMeterThread: Thread started: S2 1-575
2026-10-06 08:21:42,983 INFO o.a.j.t.JMeterThread: Thread started: S2 1-576
2026-10-06 08:21:42,991 INFO o.a.j.t.JMeterThread: Thread started: S2 1-577
2026-10-06 08:21:43,003 INFO o.a.j.t.JMeterThread: Thread started: S2 1-578
2026-10-06 08:21:43,012 INFO o.a.j.t.JMeterThread: Thread started: S2 1-579
2026-10-06 08:21:43,021 INFO o.a.j.t.JMeterThread: Thread started: S2 1-580
2026-10-06 08:21:43,032 INFO o.a.j.t.JMeterThread: Thread started: S2 1-581
2026-10-06 08:21:43,042 INFO o.a.j.t.JMeterThread: Thread started: S2 1-582
2026-10-06 08:21:43,051 INFO o.a.j.t.JMeterThread: Thread started: S2 1-583
2026-10-06 08:21:43,062 INFO o.a.j.t.JMeterThread: Thread started: S2 1-584
2026-10-06 08:21:43,072 INFO o.a.j.t.JMeterThread: Thread started: S2 1-585
2026-10-06 08:21:43,081 INFO o.a.j.t.JMeterThread: Thread started: S2 1-586
2026-10-06 08:21:43,092 INFO o.a.j.t.JMeterThread: Thread started: S2 1-587
2026-10-06 08:21:43,103 INFO o.a.j.t.JMeterThread: Thread started: S2 1-588
2026-10-06 08:21:43,111 INFO o.a.j.t.JMeterThread: Thread started: S2 1-589
2026-10-06 08:21:43,123 INFO o.a.j.t.JMeterThread: Thread started: S2 1-590
2026-10-06 08:21:43,131 INFO o.a.j.t.JMeterThread: Thread started: S2 1-591
2026-10-06 08:21:43,142 INFO o.a.j.t.JMeterThread: Thread started: S2 1-592
2026-10-06 08:21:43,152 INFO o.a.j.t.JMeterThread: Thread started: S2 1-593
2026-10-06 08:21:43,161 INFO o.a.j.t.JMeterThread: Thread started: S2 1-594
2026-10-06 08:21:43,172 INFO o.a.j.t.JMeterThread: Thread started: S2 1-595
2026-10-06 08:21:43,181 INFO o.a.j.t.JMeterThread: Thread started: S2 1-596
2026-10-06 08:21:43,192 INFO o.a.j.t.JMeterThread: Thread started: S2 1-597
2026-10-06 08:21:43,202 INFO o.a.j.t.JMeterThread: Thread started: S2 1-598
2026-10-06 08:21:43,211 INFO o.a.j.t.JMeterThread: Thread started: S2 1-599
2026-10-06 08:21:43,223 INFO o.a.j.t.JMeterThread: Thread started: S2 1-600
2026-10-06 08:21:43,232 INFO o.a.j.t.JMeterThread: Thread started: S2 1-601
2026-10-06 08:21:43,242 INFO o.a.j.t.JMeterThread: Thread started: S2 1-602
2026-10-06 08:21:43,252 INFO o.a.j.t.JMeterThread: Thread started: S2 1-603
2026-10-06 08:21:43,263 INFO o.a.j.t.JMeterThread: Thread started: S2 1-604
2026-10-06 08:21:43,271 INFO o.a.j.t.JMeterThread: Thread started: S2 1-605
2026-10-06 08:21:43,283 INFO o.a.j.t.JMeterThread: Thread started: S2 1-606
2026-10-06 08:21:43,292 INFO o.a.j.t.JMeterThread: Thread started: S2 1-607
2026-10-06 08:21:43,301 INFO o.a.j.t.JMeterThread: Thread started: S2 1-608
2026-10-06 08:21:43,312 INFO o.a.j.t.JMeterThread: Thread started: S2 1-609
2026-10-06 08:21:43,323 INFO o.a.j.t.JMeterThread: Thread started: S2 1-610
2026-10-06 08:21:43,332 INFO o.a.j.t.JMeterThread: Thread started: S2 1-611
2026-10-06 08:21:43,342 INFO o.a.j.t.JMeterThread: Thread started: S2 1-612
2026-10-06 08:21:43,351 INFO o.a.j.t.JMeterThread: Thread started: S2 1-613
2026-10-06 08:21:43,362 INFO o.a.j.t.JMeterThread: Thread started: S2 1-614
2026-10-06 08:21:43,372 INFO o.a.j.t.JMeterThread: Thread started: S2 1-615
2026-10-06 08:21:43,381 INFO o.a.j.t.JMeterThread: Thread started: S2 1-616
2026-10-06 08:21:43,392 INFO o.a.j.t.JMeterThread: Thread started: S2 1-617
2026-10-06 08:21:43,403 INFO o.a.j.t.JMeterThread: Thread started: S2 1-618
2026-10-06 08:21:43,412 INFO o.a.j.t.JMeterThread: Thread started: S2 1-619
2026-10-06 08:21:43,423 INFO o.a.j.t.JMeterThread: Thread started: S2 1-620
2026-10-06 08:21:43,431 INFO o.a.j.t.JMeterThread: Thread started: S2 1-621
2026-10-06 08:21:43,442 INFO o.a.j.t.JMeterThread: Thread started: S2 1-622
2026-10-06 08:21:43,452 INFO o.a.j.t.JMeterThread: Thread started: S2 1-623
2026-10-06 08:21:43,462 INFO o.a.j.t.JMeterThread: Thread started: S2 1-624
2026-10-06 08:21:43,472 INFO o.a.j.t.JMeterThread: Thread started: S2 1-625
2026-10-06 08:21:43,481 INFO o.a.j.t.JMeterThread: Thread started: S2 1-626
2026-10-06 08:21:43,491 INFO o.a.j.t.JMeterThread: Thread started: S2 1-627
2026-10-06 08:21:43,502 INFO o.a.j.t.JMeterThread: Thread started: S2 1-628
2026-10-06 08:21:43,511 INFO o.a.j.t.JMeterThread: Thread started: S2 1-629
2026-10-06 08:21:43,523 INFO o.a.j.t.JMeterThread: Thread started: S2 1-630
2026-10-06 08:21:43,532 INFO o.a.j.t.JMeterThread: Thread started: S2 1-631
2026-10-06 08:21:43,542 INFO o.a.j.t.JMeterThread: Thread started: S2 1-632
2026-10-06 08:21:43,553 INFO o.a.j.t.JMeterThread: Thread started: S2 1-633
2026-10-06 08:21:43,562 INFO o.a.j.t.JMeterThread: Thread started: S2 1-634
2026-10-06 08:21:43,572 INFO o.a.j.t.JMeterThread: Thread started: S2 1-635
2026-10-06 08:21:43,583 INFO o.a.j.t.JMeterThread: Thread started: S2 1-636
2026-10-06 08:21:43,591 INFO o.a.j.t.JMeterThread: Thread started: S2 1-637
2026-10-06 08:21:43,603 INFO o.a.j.t.JMeterThread: Thread started: S2 1-638
2026-10-06 08:21:43,612 INFO o.a.j.t.JMeterThread: Thread started: S2 1-639
2026-10-06 08:21:43,622 INFO o.a.j.t.JMeterThread: Thread started: S2 1-640
2026-10-06 08:21:43,632 INFO o.a.j.t.JMeterThread: Thread started: S2 1-641
2026-10-06 08:21:43,641 INFO o.a.j.t.JMeterThread: Thread started: S2 1-642
2026-10-06 08:21:43,651 INFO o.a.j.t.JMeterThread: Thread started: S2 1-643
2026-10-06 08:21:43,662 INFO o.a.j.t.JMeterThread: Thread started: S2 1-644
2026-10-06 08:21:43,672 INFO o.a.j.t.JMeterThread: Thread started: S2 1-645
2026-10-06 08:21:43,682 INFO o.a.j.t.JMeterThread: Thread started: S2 1-646
2026-10-06 08:21:43,692 INFO o.a.j.t.JMeterThread: Thread started: S2 1-647
2026-10-06 08:21:43,701 INFO o.a.j.t.JMeterThread: Thread started: S2 1-648
2026-10-06 08:21:43,712 INFO o.a.j.t.JMeterThread: Thread started: S2 1-649
2026-10-06 08:21:43,722 INFO o.a.j.t.JMeterThread: Thread started: S2 1-650
2026-10-06 08:21:43,731 INFO o.a.j.t.JMeterThread: Thread started: S2 1-651
2026-10-06 08:21:43,742 INFO o.a.j.t.JMeterThread: Thread started: S2 1-652
2026-10-06 08:21:43,752 INFO o.a.j.t.JMeterThread: Thread started: S2 1-653
2026-10-06 08:21:43,762 INFO o.a.j.t.JMeterThread: Thread started: S2 1-654
2026-10-06 08:21:43,772 INFO o.a.j.t.JMeterThread: Thread started: S2 1-655
2026-10-06 08:21:43,782 INFO o.a.j.t.JMeterThread: Thread started: S2 1-656
2026-10-06 08:21:43,792 INFO o.a.j.t.JMeterThread: Thread started: S2 1-657
2026-10-06 08:21:43,802 INFO o.a.j.t.JMeterThread: Thread started: S2 1-658
2026-10-06 08:21:43,812 INFO o.a.j.t.JMeterThread: Thread started: S2 1-659
2026-10-06 08:21:43,821 INFO o.a.j.t.JMeterThread: Thread started: S2 1-660
2026-10-06 08:21:43,831 INFO o.a.j.t.JMeterThread: Thread started: S2 1-661
2026-10-06 08:21:43,842 INFO o.a.j.t.JMeterThread: Thread started: S2 1-662
2026-10-06 08:21:43,851 INFO o.a.j.t.JMeterThread: Thread started: S2 1-663
2026-10-06 08:21:43,861 INFO o.a.j.t.JMeterThread: Thread started: S2 1-664
2026-10-06 08:21:43,873 INFO o.a.j.t.JMeterThread: Thread started: S2 1-665
2026-10-06 08:21:43,881 INFO o.a.j.t.JMeterThread: Thread started: S2 1-666
2026-10-06 08:21:43,891 INFO o.a.j.t.JMeterThread: Thread started: S2 1-667
2026-10-06 08:21:43,902 INFO o.a.j.t.JMeterThread: Thread started: S2 1-668
2026-10-06 08:21:43,912 INFO o.a.j.t.JMeterThread: Thread started: S2 1-669
2026-10-06 08:21:43,922 INFO o.a.j.t.JMeterThread: Thread started: S2 1-670
2026-10-06 08:21:43,932 INFO o.a.j.t.JMeterThread: Thread started: S2 1-671
2026-10-06 08:21:43,942 INFO o.a.j.t.JMeterThread: Thread started: S2 1-672
2026-10-06 08:21:43,952 INFO o.a.j.t.JMeterThread: Thread started: S2 1-673
2026-10-06 08:21:43,962 INFO o.a.j.t.JMeterThread: Thread started: S2 1-674
2026-10-06 08:21:43,971 INFO o.a.j.t.JMeterThread: Thread started: S2 1-675
2026-10-06 08:21:43,982 INFO o.a.j.t.JMeterThread: Thread started: S2 1-676
2026-10-06 08:21:43,993 INFO o.a.j.t.JMeterThread: Thread started: S2 1-677
2026-10-06 08:21:44,002 INFO o.a.j.t.JMeterThread: Thread started: S2 1-678
2026-10-06 08:21:44,012 INFO o.a.j.t.JMeterThread: Thread started: S2 1-679
2026-10-06 08:21:44,021 INFO o.a.j.t.JMeterThread: Thread started: S2 1-680
2026-10-06 08:21:44,031 INFO o.a.j.t.JMeterThread: Thread started: S2 1-681
2026-10-06 08:21:44,042 INFO o.a.j.t.JMeterThread: Thread started: S2 1-682
2026-10-06 08:21:44,051 INFO o.a.j.t.JMeterThread: Thread started: S2 1-683
2026-10-06 08:21:44,062 INFO o.a.j.t.JMeterThread: Thread started: S2 1-684
2026-10-06 08:21:44,071 INFO o.a.j.t.JMeterThread: Thread started: S2 1-685
2026-10-06 08:21:44,082 INFO o.a.j.t.JMeterThread: Thread started: S2 1-686
2026-10-06 08:21:44,092 INFO o.a.j.t.JMeterThread: Thread started: S2 1-687
2026-10-06 08:21:44,101 INFO o.a.j.t.JMeterThread: Thread started: S2 1-688
2026-10-06 08:21:44,112 INFO o.a.j.t.JMeterThread: Thread started: S2 1-689
2026-10-06 08:21:44,121 INFO o.a.j.t.JMeterThread: Thread started: S2 1-690
2026-10-06 08:21:44,132 INFO o.a.j.t.JMeterThread: Thread started: S2 1-691
2026-10-06 08:21:44,143 INFO o.a.j.t.JMeterThread: Thread started: S2 1-692
2026-10-06 08:21:44,151 INFO o.a.j.t.JMeterThread: Thread started: S2 1-693
2026-10-06 08:21:44,162 INFO o.a.j.t.JMeterThread: Thread started: S2 1-694
2026-10-06 08:21:44,171 INFO o.a.j.t.JMeterThread: Thread started: S2 1-695
2026-10-06 08:21:44,181 INFO o.a.j.t.JMeterThread: Thread started: S2 1-696
2026-10-06 08:21:44,192 INFO o.a.j.t.JMeterThread: Thread started: S2 1-697
2026-10-06 08:21:44,202 INFO o.a.j.t.JMeterThread: Thread started: S2 1-698
2026-10-06 08:21:44,212 INFO o.a.j.t.JMeterThread: Thread started: S2 1-699
2026-10-06 08:21:44,222 INFO o.a.j.t.JMeterThread: Thread started: S2 1-700
2026-10-06 08:21:44,231 INFO o.a.j.t.JMeterThread: Thread started: S2 1-701
2026-10-06 08:21:44,242 INFO o.a.j.t.JMeterThread: Thread started: S2 1-702
2026-10-06 08:21:44,251 INFO o.a.j.t.JMeterThread: Thread started: S2 1-703
2026-10-06 08:21:44,262 INFO o.a.j.t.JMeterThread: Thread started: S2 1-704
2026-10-06 08:21:44,272 INFO o.a.j.t.JMeterThread: Thread started: S2 1-705
2026-10-06 08:21:44,281 INFO o.a.j.t.JMeterThread: Thread started: S2 1-706
2026-10-06 08:21:44,291 INFO o.a.j.t.JMeterThread: Thread started: S2 1-707
2026-10-06 08:21:44,302 INFO o.a.j.t.JMeterThread: Thread started: S2 1-708
2026-10-06 08:21:44,312 INFO o.a.j.t.JMeterThread: Thread started: S2 1-709
2026-10-06 08:21:44,322 INFO o.a.j.t.JMeterThread: Thread started: S2 1-710
2026-10-06 08:21:44,333 INFO o.a.j.t.JMeterThread: Thread started: S2 1-711
2026-10-06 08:21:44,342 INFO o.a.j.t.JMeterThread: Thread started: S2 1-712
2026-10-06 08:21:44,352 INFO o.a.j.t.JMeterThread: Thread started: S2 1-713
2026-10-06 08:21:44,361 INFO o.a.j.t.JMeterThread: Thread started: S2 1-714
2026-10-06 08:21:44,371 INFO o.a.j.t.JMeterThread: Thread started: S2 1-715
2026-10-06 08:21:44,382 INFO o.a.j.t.JMeterThread: Thread started: S2 1-716
2026-10-06 08:21:44,391 INFO o.a.j.t.JMeterThread: Thread started: S2 1-717
2026-10-06 08:21:44,402 INFO o.a.j.t.JMeterThread: Thread started: S2 1-718
2026-10-06 08:21:44,411 INFO o.a.j.t.JMeterThread: Thread started: S2 1-719
2026-10-06 08:21:44,422 INFO o.a.j.t.JMeterThread: Thread started: S2 1-720
2026-10-06 08:21:44,432 INFO o.a.j.t.JMeterThread: Thread started: S2 1-721
2026-10-06 08:21:44,441 INFO o.a.j.t.JMeterThread: Thread started: S2 1-722
2026-10-06 08:21:44,452 INFO o.a.j.t.JMeterThread: Thread started: S2 1-723
2026-10-06 08:21:44,462 INFO o.a.j.t.JMeterThread: Thread started: S2 1-724
2026-10-06 08:21:44,472 INFO o.a.j.t.JMeterThread: Thread started: S2 1-725
2026-10-06 08:21:44,482 INFO o.a.j.t.JMeterThread: Thread started: S2 1-726
2026-10-06 08:21:44,491 INFO o.a.j.t.JMeterThread: Thread started: S2 1-727
2026-10-06 08:21:44,502 INFO o.a.j.t.JMeterThread: Thread started: S2 1-728
2026-10-06 08:21:44,512 INFO o.a.j.t.JMeterThread: Thread started: S2 1-729
2026-10-06 08:21:44,521 INFO o.a.j.t.JMeterThread: Thread started: S2 1-730
2026-10-06 08:21:44,532 INFO o.a.j.t.JMeterThread: Thread started: S2 1-731
2026-10-06 08:21:44,542 INFO o.a.j.t.JMeterThread: Thread started: S2 1-732
2026-10-06 08:21:44,552 INFO o.a.j.t.JMeterThread: Thread started: S2 1-733
2026-10-06 08:21:44,561 INFO o.a.j.t.JMeterThread: Thread started: S2 1-734
2026-10-06 08:21:44,572 INFO o.a.j.t.JMeterThread: Thread started: S2 1-735
2026-10-06 08:21:44,581 INFO o.a.j.t.JMeterThread: Thread started: S2 1-736
2026-10-06 08:21:44,591 INFO o.a.j.t.JMeterThread: Thread started: S2 1-737
2026-10-06 08:21:44,603 INFO o.a.j.t.JMeterThread: Thread started: S2 1-738
2026-10-06 08:21:44,612 INFO o.a.j.t.JMeterThread: Thread started: S2 1-739
2026-10-06 08:21:44,623 INFO o.a.j.t.JMeterThread: Thread started: S2 1-740
2026-10-06 08:21:44,632 INFO o.a.j.t.JMeterThread: Thread started: S2 1-741
2026-10-06 08:21:44,642 INFO o.a.j.t.JMeterThread: Thread started: S2 1-742
2026-10-06 08:21:44,652 INFO o.a.j.t.JMeterThread: Thread started: S2 1-743
2026-10-06 08:21:44,662 INFO o.a.j.t.JMeterThread: Thread started: S2 1-744
2026-10-06 08:21:44,672 INFO o.a.j.t.JMeterThread: Thread started: S2 1-745
2026-10-06 08:21:44,682 INFO o.a.j.t.JMeterThread: Thread started: S2 1-746
2026-10-06 08:21:44,692 INFO o.a.j.t.JMeterThread: Thread started: S2 1-747
2026-10-06 08:21:44,702 INFO o.a.j.t.JMeterThread: Thread started: S2 1-748
2026-10-06 08:21:44,712 INFO o.a.j.t.JMeterThread: Thread started: S2 1-749
2026-10-06 08:21:44,722 INFO o.a.j.t.JMeterThread: Thread started: S2 1-750
2026-10-06 08:21:44,732 INFO o.a.j.t.JMeterThread: Thread started: S2 1-751
2026-10-06 08:21:44,742 INFO o.a.j.t.JMeterThread: Thread started: S2 1-752
2026-10-06 08:21:44,752 INFO o.a.j.t.JMeterThread: Thread started: S2 1-753
2026-10-06 08:21:44,762 INFO o.a.j.t.JMeterThread: Thread started: S2 1-754
2026-10-06 08:21:44,772 INFO o.a.j.t.JMeterThread: Thread started: S2 1-755
2026-10-06 08:21:44,782 INFO o.a.j.t.JMeterThread: Thread started: S2 1-756
2026-10-06 08:21:44,792 INFO o.a.j.t.JMeterThread: Thread started: S2 1-757
2026-10-06 08:21:44,801 INFO o.a.j.t.JMeterThread: Thread started: S2 1-758
2026-10-06 08:21:44,812 INFO o.a.j.t.JMeterThread: Thread started: S2 1-759
2026-10-06 08:21:44,822 INFO o.a.j.t.JMeterThread: Thread started: S2 1-760
2026-10-06 08:21:44,832 INFO o.a.j.t.JMeterThread: Thread started: S2 1-761
2026-10-06 08:21:44,842 INFO o.a.j.t.JMeterThread: Thread started: S2 1-762
2026-10-06 08:21:44,851 INFO o.a.j.t.JMeterThread: Thread started: S2 1-763
2026-10-06 08:21:44,862 INFO o.a.j.t.JMeterThread: Thread started: S2 1-764
2026-10-06 08:21:44,873 INFO o.a.j.t.JMeterThread: Thread started: S2 1-765
2026-10-06 08:21:44,881 INFO o.a.j.t.JMeterThread: Thread started: S2 1-766
2026-10-06 08:21:44,893 INFO o.a.j.t.JMeterThread: Thread started: S2 1-767
2026-10-06 08:21:44,901 INFO o.a.j.t.JMeterThread: Thread started: S2 1-768
2026-10-06 08:21:44,912 INFO o.a.j.t.JMeterThread: Thread started: S2 1-769
2026-10-06 08:21:44,921 INFO o.a.j.t.JMeterThread: Thread started: S2 1-770
2026-10-06 08:21:44,933 INFO o.a.j.t.JMeterThread: Thread started: S2 1-771
2026-10-06 08:21:44,942 INFO o.a.j.t.JMeterThread: Thread started: S2 1-772
2026-10-06 08:21:44,952 INFO o.a.j.t.JMeterThread: Thread started: S2 1-773
2026-10-06 08:21:44,963 INFO o.a.j.t.JMeterThread: Thread started: S2 1-774
2026-10-06 08:21:44,971 INFO o.a.j.t.JMeterThread: Thread started: S2 1-775
2026-10-06 08:21:44,982 INFO o.a.j.t.JMeterThread: Thread started: S2 1-776
2026-10-06 08:21:44,991 INFO o.a.j.t.JMeterThread: Thread started: S2 1-777
2026-10-06 08:21:45,002 INFO o.a.j.t.JMeterThread: Thread started: S2 1-778
2026-10-06 08:21:45,012 INFO o.a.j.t.JMeterThread: Thread started: S2 1-779
2026-10-06 08:21:45,021 INFO o.a.j.t.JMeterThread: Thread started: S2 1-780
2026-10-06 08:21:45,033 INFO o.a.j.t.JMeterThread: Thread started: S2 1-781
2026-10-06 08:21:45,041 INFO o.a.j.t.JMeterThread: Thread started: S2 1-782
2026-10-06 08:21:45,051 INFO o.a.j.t.JMeterThread: Thread started: S2 1-783
2026-10-06 08:21:45,063 INFO o.a.j.t.JMeterThread: Thread started: S2 1-784
2026-10-06 08:21:45,071 INFO o.a.j.t.JMeterThread: Thread started: S2 1-785
2026-10-06 08:21:45,083 INFO o.a.j.t.JMeterThread: Thread started: S2 1-786
2026-10-06 08:21:45,091 INFO o.a.j.t.JMeterThread: Thread started: S2 1-787
2026-10-06 08:21:45,102 INFO o.a.j.t.JMeterThread: Thread started: S2 1-788
2026-10-06 08:21:45,113 INFO o.a.j.t.JMeterThread: Thread started: S2 1-789
2026-10-06 08:21:45,121 INFO o.a.j.t.JMeterThread: Thread started: S2 1-790
2026-10-06 08:21:45,132 INFO o.a.j.t.JMeterThread: Thread started: S2 1-791
2026-10-06 08:21:45,141 INFO o.a.j.t.JMeterThread: Thread started: S2 1-792
2026-10-06 08:21:45,152 INFO o.a.j.t.JMeterThread: Thread started: S2 1-793
2026-10-06 08:21:45,163 INFO o.a.j.t.JMeterThread: Thread started: S2 1-794
2026-10-06 08:21:45,172 INFO o.a.j.t.JMeterThread: Thread started: S2 1-795
2026-10-06 08:21:45,181 INFO o.a.j.t.JMeterThread: Thread started: S2 1-796
2026-10-06 08:21:45,192 INFO o.a.j.t.JMeterThread: Thread started: S2 1-797
2026-10-06 08:21:45,201 INFO o.a.j.t.JMeterThread: Thread started: S2 1-798
2026-10-06 08:21:45,212 INFO o.a.j.t.JMeterThread: Thread started: S2 1-799
2026-10-06 08:21:45,222 INFO o.a.j.t.JMeterThread: Thread started: S2 1-800
2026-10-06 08:21:45,231 INFO o.a.j.t.JMeterThread: Thread started: S2 1-801
2026-10-06 08:21:45,242 INFO o.a.j.t.JMeterThread: Thread started: S2 1-802
2026-10-06 08:21:45,251 INFO o.a.j.t.JMeterThread: Thread started: S2 1-803
2026-10-06 08:21:45,262 INFO o.a.j.t.JMeterThread: Thread started: S2 1-804
2026-10-06 08:21:45,272 INFO o.a.j.t.JMeterThread: Thread started: S2 1-805
2026-10-06 08:21:45,281 INFO o.a.j.t.JMeterThread: Thread started: S2 1-806
2026-10-06 08:21:45,292 INFO o.a.j.t.JMeterThread: Thread started: S2 1-807
2026-10-06 08:21:45,301 INFO o.a.j.t.JMeterThread: Thread started: S2 1-808
2026-10-06 08:21:45,312 INFO o.a.j.t.JMeterThread: Thread started: S2 1-809
2026-10-06 08:21:45,322 INFO o.a.j.t.JMeterThread: Thread started: S2 1-810
2026-10-06 08:21:45,331 INFO o.a.j.t.JMeterThread: Thread started: S2 1-811
2026-10-06 08:21:45,342 INFO o.a.j.t.JMeterThread: Thread started: S2 1-812
2026-10-06 08:21:45,352 INFO o.a.j.t.JMeterThread: Thread started: S2 1-813
2026-10-06 08:21:45,362 INFO o.a.j.t.JMeterThread: Thread started: S2 1-814
2026-10-06 08:21:45,372 INFO o.a.j.t.JMeterThread: Thread started: S2 1-815
2026-10-06 08:21:45,383 INFO o.a.j.t.JMeterThread: Thread started: S2 1-816
2026-10-06 08:21:45,393 INFO o.a.j.t.JMeterThread: Thread started: S2 1-817
2026-10-06 08:21:45,401 INFO o.a.j.t.JMeterThread: Thread started: S2 1-818
2026-10-06 08:21:45,411 INFO o.a.j.t.JMeterThread: Thread started: S2 1-819
2026-10-06 08:21:45,422 INFO o.a.j.t.JMeterThread: Thread started: S2 1-820
2026-10-06 08:21:45,431 INFO o.a.j.t.JMeterThread: Thread started: S2 1-821
2026-10-06 08:21:45,442 INFO o.a.j.t.JMeterThread: Thread started: S2 1-822
2026-10-06 08:21:45,457 INFO o.a.j.t.JMeterThread: Thread started: S2 1-823
2026-10-06 08:21:45,461 INFO o.a.j.t.JMeterThread: Thread started: S2 1-824
2026-10-06 08:21:45,472 INFO o.a.j.t.JMeterThread: Thread started: S2 1-825
2026-10-06 08:21:45,481 INFO o.a.j.t.JMeterThread: Thread started: S2 1-826
2026-10-06 08:21:45,491 INFO o.a.j.t.JMeterThread: Thread started: S2 1-827
2026-10-06 08:21:45,503 INFO o.a.j.t.JMeterThread: Thread started: S2 1-828
2026-10-06 08:21:45,511 INFO o.a.j.t.JMeterThread: Thread started: S2 1-829
2026-10-06 08:21:45,522 INFO o.a.j.t.JMeterThread: Thread started: S2 1-830
2026-10-06 08:21:45,532 INFO o.a.j.t.JMeterThread: Thread started: S2 1-831
2026-10-06 08:21:45,541 INFO o.a.j.t.JMeterThread: Thread started: S2 1-832
2026-10-06 08:21:45,552 INFO o.a.j.t.JMeterThread: Thread started: S2 1-833
2026-10-06 08:21:45,562 INFO o.a.j.t.JMeterThread: Thread started: S2 1-834
2026-10-06 08:21:45,572 INFO o.a.j.t.JMeterThread: Thread started: S2 1-835
2026-10-06 08:21:45,582 INFO o.a.j.t.JMeterThread: Thread started: S2 1-836
2026-10-06 08:21:45,591 INFO o.a.j.t.JMeterThread: Thread started: S2 1-837
2026-10-06 08:21:45,603 INFO o.a.j.t.JMeterThread: Thread started: S2 1-838
2026-10-06 08:21:45,611 INFO o.a.j.t.JMeterThread: Thread started: S2 1-839
2026-10-06 08:21:45,623 INFO o.a.j.t.JMeterThread: Thread started: S2 1-840
2026-10-06 08:21:45,632 INFO o.a.j.t.JMeterThread: Thread started: S2 1-841
2026-10-06 08:21:45,641 INFO o.a.j.t.JMeterThread: Thread started: S2 1-842
2026-10-06 08:21:45,652 INFO o.a.j.t.JMeterThread: Thread started: S2 1-843
2026-10-06 08:21:45,661 INFO o.a.j.t.JMeterThread: Thread started: S2 1-844
2026-10-06 08:21:45,671 INFO o.a.j.t.JMeterThread: Thread started: S2 1-845
2026-10-06 08:21:45,683 INFO o.a.j.t.JMeterThread: Thread started: S2 1-846
2026-10-06 08:21:45,691 INFO o.a.j.t.JMeterThread: Thread started: S2 1-847
2026-10-06 08:21:45,702 INFO o.a.j.t.JMeterThread: Thread started: S2 1-848
2026-10-06 08:21:45,712 INFO o.a.j.t.JMeterThread: Thread started: S2 1-849
2026-10-06 08:21:45,722 INFO o.a.j.t.JMeterThread: Thread started: S2 1-850
2026-10-06 08:21:45,732 INFO o.a.j.t.JMeterThread: Thread started: S2 1-851
2026-10-06 08:21:45,743 INFO o.a.j.t.JMeterThread: Thread started: S2 1-852
2026-10-06 08:21:45,752 INFO o.a.j.t.JMeterThread: Thread started: S2 1-853
2026-10-06 08:21:45,763 INFO o.a.j.t.JMeterThread: Thread started: S2 1-854
2026-10-06 08:21:45,772 INFO o.a.j.t.JMeterThread: Thread started: S2 1-855
2026-10-06 08:21:45,781 INFO o.a.j.t.JMeterThread: Thread started: S2 1-856
2026-10-06 08:21:45,793 INFO o.a.j.t.JMeterThread: Thread started: S2 1-857
2026-10-06 08:21:45,801 INFO o.a.j.t.JMeterThread: Thread started: S2 1-858
2026-10-06 08:21:45,811 INFO o.a.j.t.JMeterThread: Thread started: S2 1-859
2026-10-06 08:21:45,822 INFO o.a.j.t.JMeterThread: Thread started: S2 1-860
2026-10-06 08:21:45,831 INFO o.a.j.t.JMeterThread: Thread started: S2 1-861
2026-10-06 08:21:45,842 INFO o.a.j.t.JMeterThread: Thread started: S2 1-862
2026-10-06 08:21:45,852 INFO o.a.j.t.JMeterThread: Thread started: S2 1-863
2026-10-06 08:21:45,861 INFO o.a.j.t.JMeterThread: Thread started: S2 1-864
2026-10-06 08:21:45,871 INFO o.a.j.t.JMeterThread: Thread started: S2 1-865
2026-10-06 08:21:45,882 INFO o.a.j.t.JMeterThread: Thread started: S2 1-866
2026-10-06 08:21:45,892 INFO o.a.j.t.JMeterThread: Thread started: S2 1-867
2026-10-06 08:21:45,902 INFO o.a.j.t.JMeterThread: Thread started: S2 1-868
2026-10-06 08:21:45,911 INFO o.a.j.t.JMeterThread: Thread started: S2 1-869
2026-10-06 08:21:45,922 INFO o.a.j.t.JMeterThread: Thread started: S2 1-870
2026-10-06 08:21:45,931 INFO o.a.j.t.JMeterThread: Thread started: S2 1-871
2026-10-06 08:21:45,942 INFO o.a.j.t.JMeterThread: Thread started: S2 1-872
2026-10-06 08:21:45,952 INFO o.a.j.t.JMeterThread: Thread started: S2 1-873
2026-10-06 08:21:45,961 INFO o.a.j.t.JMeterThread: Thread started: S2 1-874
2026-10-06 08:21:45,972 INFO o.a.j.t.JMeterThread: Thread started: S2 1-875
2026-10-06 08:21:45,982 INFO o.a.j.t.JMeterThread: Thread started: S2 1-876
2026-10-06 08:21:45,992 INFO o.a.j.t.JMeterThread: Thread started: S2 1-877
2026-10-06 08:21:46,002 INFO o.a.j.t.JMeterThread: Thread started: S2 1-878
2026-10-06 08:21:46,012 INFO o.a.j.t.JMeterThread: Thread started: S2 1-879
2026-10-06 08:21:46,021 INFO o.a.j.t.JMeterThread: Thread started: S2 1-880
2026-10-06 08:21:46,032 INFO o.a.j.t.JMeterThread: Thread started: S2 1-881
2026-10-06 08:21:46,043 INFO o.a.j.t.JMeterThread: Thread started: S2 1-882
2026-10-06 08:21:46,052 INFO o.a.j.t.JMeterThread: Thread started: S2 1-883
2026-10-06 08:21:46,062 INFO o.a.j.t.JMeterThread: Thread started: S2 1-884
2026-10-06 08:21:46,071 INFO o.a.j.t.JMeterThread: Thread started: S2 1-885
2026-10-06 08:21:46,082 INFO o.a.j.t.JMeterThread: Thread started: S2 1-886
2026-10-06 08:21:46,091 INFO o.a.j.t.JMeterThread: Thread started: S2 1-887
2026-10-06 08:21:46,101 INFO o.a.j.t.JMeterThread: Thread started: S2 1-888
2026-10-06 08:21:46,113 INFO o.a.j.t.JMeterThread: Thread started: S2 1-889
2026-10-06 08:21:46,121 INFO o.a.j.t.JMeterThread: Thread started: S2 1-890
2026-10-06 08:21:46,132 INFO o.a.j.t.JMeterThread: Thread started: S2 1-891
2026-10-06 08:21:46,143 INFO o.a.j.t.JMeterThread: Thread started: S2 1-892
2026-10-06 08:21:46,152 INFO o.a.j.t.JMeterThread: Thread started: S2 1-893
2026-10-06 08:21:46,162 INFO o.a.j.t.JMeterThread: Thread started: S2 1-894
2026-10-06 08:21:46,172 INFO o.a.j.t.JMeterThread: Thread started: S2 1-895
2026-10-06 08:21:46,181 INFO o.a.j.t.JMeterThread: Thread started: S2 1-896
2026-10-06 08:21:46,192 INFO o.a.j.t.JMeterThread: Thread started: S2 1-897
2026-10-06 08:21:46,201 INFO o.a.j.t.JMeterThread: Thread started: S2 1-898
2026-10-06 08:21:46,212 INFO o.a.j.t.JMeterThread: Thread started: S2 1-899
2026-10-06 08:21:46,223 INFO o.a.j.t.JMeterThread: Thread started: S2 1-900
2026-10-06 08:21:46,231 INFO o.a.j.t.JMeterThread: Thread started: S2 1-901
2026-10-06 08:21:46,242 INFO o.a.j.t.JMeterThread: Thread started: S2 1-902
2026-10-06 08:21:46,251 INFO o.a.j.t.JMeterThread: Thread started: S2 1-903
2026-10-06 08:21:46,261 INFO o.a.j.t.JMeterThread: Thread started: S2 1-904
2026-10-06 08:21:46,274 INFO o.a.j.t.JMeterThread: Thread started: S2 1-905
2026-10-06 08:21:46,281 INFO o.a.j.t.JMeterThread: Thread started: S2 1-906
2026-10-06 08:21:46,292 INFO o.a.j.t.JMeterThread: Thread started: S2 1-907
2026-10-06 08:21:46,301 INFO o.a.j.t.JMeterThread: Thread started: S2 1-908
2026-10-06 08:21:46,311 INFO o.a.j.t.JMeterThread: Thread started: S2 1-909
2026-10-06 08:21:46,322 INFO o.a.j.t.JMeterThread: Thread started: S2 1-910
2026-10-06 08:21:46,331 INFO o.a.j.t.JMeterThread: Thread started: S2 1-911
2026-10-06 08:21:46,342 INFO o.a.j.t.JMeterThread: Thread started: S2 1-912
2026-10-06 08:21:46,353 INFO o.a.j.t.JMeterThread: Thread started: S2 1-913
2026-10-06 08:21:46,362 INFO o.a.j.t.JMeterThread: Thread started: S2 1-914
2026-10-06 08:21:46,372 INFO o.a.j.t.JMeterThread: Thread started: S2 1-915
2026-10-06 08:21:46,382 INFO o.a.j.t.JMeterThread: Thread started: S2 1-916
2026-10-06 08:21:46,392 INFO o.a.j.t.JMeterThread: Thread started: S2 1-917
2026-10-06 08:21:46,402 INFO o.a.j.t.JMeterThread: Thread started: S2 1-918
2026-10-06 08:21:46,411 INFO o.a.j.t.JMeterThread: Thread started: S2 1-919
2026-10-06 08:21:46,422 INFO o.a.j.t.JMeterThread: Thread started: S2 1-920
2026-10-06 08:21:46,431 INFO o.a.j.t.JMeterThread: Thread started: S2 1-921
2026-10-06 08:21:46,442 INFO o.a.j.t.JMeterThread: Thread started: S2 1-922
2026-10-06 08:21:46,456 INFO o.a.j.t.JMeterThread: Thread started: S2 1-923
2026-10-06 08:21:46,462 INFO o.a.j.t.JMeterThread: Thread started: S2 1-924
2026-10-06 08:21:46,471 INFO o.a.j.t.JMeterThread: Thread started: S2 1-925
2026-10-06 08:21:46,482 INFO o.a.j.t.JMeterThread: Thread started: S2 1-926
2026-10-06 08:21:46,492 INFO o.a.j.t.JMeterThread: Thread started: S2 1-927
2026-10-06 08:21:46,502 INFO o.a.j.t.JMeterThread: Thread started: S2 1-928
2026-10-06 08:21:46,512 INFO o.a.j.t.JMeterThread: Thread started: S2 1-929
2026-10-06 08:21:46,521 INFO o.a.j.t.JMeterThread: Thread started: S2 1-930
2026-10-06 08:21:46,532 INFO o.a.j.t.JMeterThread: Thread started: S2 1-931
2026-10-06 08:21:46,542 INFO o.a.j.t.JMeterThread: Thread started: S2 1-932
2026-10-06 08:21:46,552 INFO o.a.j.t.JMeterThread: Thread started: S2 1-933
2026-10-06 08:21:46,563 INFO o.a.j.t.JMeterThread: Thread started: S2 1-934
2026-10-06 08:21:46,572 INFO o.a.j.t.JMeterThread: Thread started: S2 1-935
2026-10-06 08:21:46,582 INFO o.a.j.t.JMeterThread: Thread started: S2 1-936
2026-10-06 08:21:46,593 INFO o.a.j.t.JMeterThread: Thread started: S2 1-937
2026-10-06 08:21:46,602 INFO o.a.j.t.JMeterThread: Thread started: S2 1-938
2026-10-06 08:21:46,612 INFO o.a.j.t.JMeterThread: Thread started: S2 1-939
2026-10-06 08:21:46,622 INFO o.a.j.t.JMeterThread: Thread started: S2 1-940
2026-10-06 08:21:46,633 INFO o.a.j.t.JMeterThread: Thread started: S2 1-941
2026-10-06 08:21:46,641 INFO o.a.j.t.JMeterThread: Thread started: S2 1-942
2026-10-06 08:21:46,652 INFO o.a.j.t.JMeterThread: Thread started: S2 1-943
2026-10-06 08:21:46,662 INFO o.a.j.t.JMeterThread: Thread started: S2 1-944
2026-10-06 08:21:46,674 INFO o.a.j.t.JMeterThread: Thread started: S2 1-945
2026-10-06 08:21:46,684 INFO o.a.j.t.JMeterThread: Thread started: S2 1-946
2026-10-06 08:21:46,691 INFO o.a.j.t.JMeterThread: Thread started: S2 1-947
2026-10-06 08:21:46,707 INFO o.a.j.t.JMeterThread: Thread started: S2 1-948
2026-10-06 08:21:46,713 INFO o.a.j.t.JMeterThread: Thread started: S2 1-949
2026-10-06 08:21:46,722 INFO o.a.j.t.JMeterThread: Thread started: S2 1-950
2026-10-06 08:21:46,732 INFO o.a.j.t.JMeterThread: Thread started: S2 1-951
2026-10-06 08:21:46,742 INFO o.a.j.t.JMeterThread: Thread started: S2 1-952
2026-10-06 08:21:46,752 INFO o.a.j.t.JMeterThread: Thread started: S2 1-953
2026-10-06 08:21:46,761 INFO o.a.j.t.JMeterThread: Thread started: S2 1-954
2026-10-06 08:21:46,772 INFO o.a.j.t.JMeterThread: Thread started: S2 1-955
2026-10-06 08:21:46,782 INFO o.a.j.t.JMeterThread: Thread started: S2 1-956
2026-10-06 08:21:46,792 INFO o.a.j.t.JMeterThread: Thread started: S2 1-957
2026-10-06 08:21:46,802 INFO o.a.j.t.JMeterThread: Thread started: S2 1-958
2026-10-06 08:21:46,812 INFO o.a.j.t.JMeterThread: Thread started: S2 1-959
2026-10-06 08:21:46,823 INFO o.a.j.t.JMeterThread: Thread started: S2 1-960
2026-10-06 08:21:46,831 INFO o.a.j.t.JMeterThread: Thread started: S2 1-961
2026-10-06 08:21:46,842 INFO o.a.j.t.JMeterThread: Thread started: S2 1-962
2026-10-06 08:21:46,852 INFO o.a.j.t.JMeterThread: Thread started: S2 1-963
2026-10-06 08:21:46,861 INFO o.a.j.t.JMeterThread: Thread started: S2 1-964
2026-10-06 08:21:46,872 INFO o.a.j.t.JMeterThread: Thread started: S2 1-965
2026-10-06 08:21:46,883 INFO o.a.j.t.JMeterThread: Thread started: S2 1-966
2026-10-06 08:21:46,891 INFO o.a.j.t.JMeterThread: Thread started: S2 1-967
2026-10-06 08:21:46,903 INFO o.a.j.t.JMeterThread: Thread started: S2 1-968
2026-10-06 08:21:46,912 INFO o.a.j.t.JMeterThread: Thread started: S2 1-969
2026-10-06 08:21:46,922 INFO o.a.j.t.JMeterThread: Thread started: S2 1-970
2026-10-06 08:21:46,932 INFO o.a.j.t.JMeterThread: Thread started: S2 1-971
2026-10-06 08:21:46,942 INFO o.a.j.t.JMeterThread: Thread started: S2 1-972
2026-10-06 08:21:46,951 INFO o.a.j.t.JMeterThread: Thread started: S2 1-973
2026-10-06 08:21:46,961 INFO o.a.j.t.JMeterThread: Thread started: S2 1-974
2026-10-06 08:21:46,973 INFO o.a.j.t.JMeterThread: Thread started: S2 1-975
2026-10-06 08:21:46,981 INFO o.a.j.t.JMeterThread: Thread started: S2 1-976
2026-10-06 08:21:46,991 INFO o.a.j.t.JMeterThread: Thread started: S2 1-977
2026-10-06 08:21:47,002 INFO o.a.j.t.JMeterThread: Thread started: S2 1-978
2026-10-06 08:21:47,013 INFO o.a.j.t.JMeterThread: Thread started: S2 1-979
2026-10-06 08:21:47,021 INFO o.a.j.t.JMeterThread: Thread started: S2 1-980
2026-10-06 08:21:47,033 INFO o.a.j.t.JMeterThread: Thread started: S2 1-981
2026-10-06 08:21:47,043 INFO o.a.j.t.JMeterThread: Thread started: S2 1-982
2026-10-06 08:21:47,051 INFO o.a.j.t.JMeterThread: Thread started: S2 1-983
2026-10-06 08:21:47,062 INFO o.a.j.t.JMeterThread: Thread started: S2 1-984
2026-10-06 08:21:47,072 INFO o.a.j.t.JMeterThread: Thread started: S2 1-985
2026-10-06 08:21:47,081 INFO o.a.j.t.JMeterThread: Thread started: S2 1-986
2026-10-06 08:21:47,092 INFO o.a.j.t.JMeterThread: Thread started: S2 1-987
2026-10-06 08:21:47,101 INFO o.a.j.t.JMeterThread: Thread started: S2 1-988
2026-10-06 08:21:47,111 INFO o.a.j.t.JMeterThread: Thread started: S2 1-989
2026-10-06 08:21:47,122 INFO o.a.j.t.JMeterThread: Thread started: S2 1-990
2026-10-06 08:21:47,132 INFO o.a.j.t.JMeterThread: Thread started: S2 1-991
2026-10-06 08:21:47,141 INFO o.a.j.t.JMeterThread: Thread started: S2 1-992
2026-10-06 08:21:47,152 INFO o.a.j.t.JMeterThread: Thread started: S2 1-993
2026-10-06 08:21:47,162 INFO o.a.j.t.JMeterThread: Thread started: S2 1-994
2026-10-06 08:21:47,172 INFO o.a.j.t.JMeterThread: Thread started: S2 1-995
2026-10-06 08:21:47,183 INFO o.a.j.t.JMeterThread: Thread started: S2 1-996
2026-10-06 08:21:47,192 INFO o.a.j.t.JMeterThread: Thread started: S2 1-997
2026-10-06 08:21:47,203 INFO o.a.j.t.JMeterThread: Thread started: S2 1-998
2026-10-06 08:21:47,212 INFO o.a.j.t.JMeterThread: Thread started: S2 1-999
2026-10-06 08:21:47,221 INFO o.a.j.t.JMeterThread: Thread started: S2 1-1000
2026-10-06 08:22:00,001 INFO o.a.j.r.Summariser: summary +   2913 in 00:00:23 =  124.1/s Avg:  5077 Min:    31 Max:  8102 Err:     0 (0.00%) Active: 1000 Started: 1000 Finished: 0
2026-10-06 08:22:30,012 INFO o.a.j.r.Summariser: summary +   3860 in 00:00:30 =  128.6/s Avg:  8177 Min:  7846 Max:  8408 Err:     0 (0.00%) Active: 1000 Started: 1000 Finished: 0
2026-10-06 08:22:30,012 INFO o.a.j.r.Summariser: summary =   6773 in 00:00:53 =  126.6/s Avg:  6844 Min:    31 Max:  8408 Err:     0 (0.00%)
2026-10-06 08:22:37,357 INFO o.a.j.t.JMeterThread: Stopping because end time detected by thread: S2 1-135
2026-10-06 08:22:37,357 INFO o.a.j.t.JMeterThread: Thread finished: S2 1-135
2026-10-06 08:22:37,392 INFO o.a.j.t.JMeterThread: Stopping because end time detected by thread: S2 1-70
2026-10-06 08:22:37,393 INFO o.a.j.t.JMeterThread: Thread finished: S2 1-70
2026-10-06 08:22:37,447 INFO o.a.j.t.JMeterThread: Stopping because end time detected by thread: S2 1-71
2026-10-06 08:22:37,448 INFO o.a.j.t.JMeterThread: Thread finished: S2 1-71
2026-10-06 08:22:37,472 INFO o.a.j.t.JMeterThread: Stopping because end time detected by thread: S2 1-67
2026-10-06 08:22:37,472 INFO o.a.j.t.JMeterThread: Thread finished: S2 1-67
2026-10-06 08:22:37,508 INFO o.a.j.t.JMeterThread: Stopping because end time detected by thread: S2 1-256
2026-10-06 08:22:37,509 INFO o.a.j.t.JMeterThread: Thread finished: S2 1-256
2026-10-06 08:22:37,542 INFO o.a.j.t.JMeterThread: Stopping because end time detected by thread: S2 1-138
2026-10-06 08:22:37,542 INFO o.a.j.t.JMeterThread: Thread finished: S2 1-138
2026-10-06 08:22:37,563 INFO o.a.j.t.JMeterThread: Stopping because end time detected by thread: S2 1-471
2026-10-06 08:22:37,563 INFO o.a.j.t.JMeterThread: Thread finished: S2 1-471
2026-10-06 08:22:37,565 INFO o.a.j.t.JMeterThread: Stopping because end time detected by thread: S2 1-469
2026-10-06 08:22:37,565 INFO o.a.j.t.JMeterThread: Thread finished: S2 1-469
2026-10-06 08:22:37,565 INFO o.a.j.t.JMeterThread: Stopping because end time detected by thread: S2 1-468
2026-10-06 08:22:37,565 INFO o.a.j.t.JMeterThread: Thread finished: S2 1-468
2026-10-06 08:22:37,582 INFO o.a.j.t.JMeterThread: Stopping because end time detected by thread: S2 1-258
2026-10-06 08:22:37,583 INFO o.a.j.t.JMeterThread: Thread finished: S2 1-258
2026-10-06 08:22:37,588 INFO o.a.j.t.JMeterThread: Stopping because end time detected by thread: S2 1-257
2026-10-06 08:22:37,588 INFO o.a.j.t.JMeterThread: Thread finished: S2 1-257
2026-10-06 08:22:37,595 INFO o.a.j.t.JMeterThread: Stopping because end time detected by thread: S2 1-470
2026-10-06 08:22:37,595 INFO o.a.j.t.JMeterThread: Thread finished: S2 1-470
2026-10-06 08:22:37,595 INFO o.a.j.t.JMeterThread: Stopping because end time detected by thread: S2 1-475
2026-10-06 08:22:37,595 INFO o.a.j.t.JMeterThread: Thread finished: S2 1-475
2026-10-06 08:22:37,614 INFO o.a.j.t.JMeterThread: Stopping because end time detected by thread: S2 1-137
2026-10-06 08:22:37,614 INFO o.a.j.t.JMeterThread: Thread finished: S2 1-137
2026-10-06 08:22:37,640 INFO o.a.j.t.JMeterThread: Stopping because end time detected by thread: S2 1-472
2026-10-06 08:22:37,640 INFO o.a.j.t.JMeterThread: Thread finished: S2 1-472
2026-10-06 08:22:37,646 INFO o.a.j.t.JMeterThread: Stopping because end time detected by thread: S2 1-473
2026-10-06 08:22:37,646 INFO o.a.j.t.JMeterThread: Thread finished: S2 1-473
2026-10-06 08:22:37,647 INFO o.a.j.t.JMeterThread: Stopping because end time detected by thread: S2 1-715
2026-10-06 08:22:37,647 INFO o.a.j.t.JMeterThread: Thread finished: S2 1-715
2026-10-06 08:22:37,663 INFO o.a.j.t.JMeterThread: Stopping because end time detected by thread: S2 1-72
2026-10-06 08:22:37,664 INFO o.a.j.t.JMeterThread: Thread finished: S2 1-72
2026-10-06 08:22:37,664 INFO o.a.j.t.JMeterThread: Stopping because end time detected by thread: S2 1-714
2026-10-06 08:22:37,664 INFO o.a.j.t.JMeterThread: Thread finished: S2 1-714
2026-10-06 08:22:37,671 INFO o.a.j.t.JMeterThread: Stopping because end time detected by thread: S2 1-720
2026-10-06 08:22:37,671 INFO o.a.j.t.JMeterThread: Thread finished: S2 1-720
2026-10-06 08:22:37,683 INFO o.a.j.t.JMeterThread: Stopping because end time detected by thread: S2 1-476
2026-10-06 08:22:37,683 INFO o.a.j.t.JMeterThread: Thread finished: S2 1-476
2026-10-06 08:22:37,689 INFO o.a.j.t.JMeterThread: Stopping because end time detected by thread: S2 1-474
2026-10-06 08:22:37,689 INFO o.a.j.t.JMeterThread: Thread finished: S2 1-474
2026-10-06 08:22:37,707 INFO o.a.j.t.JMeterThread: Stopping because end time detected by thread: S2 1-718
2026-10-06 08:22:37,707 INFO o.a.j.t.JMeterThread: Thread finished: S2 1-718
2026-10-06 08:22:37,710 INFO o.a.j.t.JMeterThread: Stopping because end time detected by thread: S2 1-716
2026-10-06 08:22:37,710 INFO o.a.j.t.JMeterThread: Thread finished: S2 1-716
2026-10-06 08:22:37,714 INFO o.a.j.t.JMeterThread: Stopping because end time detected by thread: S2 1-719
2026-10-06 08:22:37,714 INFO o.a.j.t.JMeterThread: Thread finished: S2 1-719
2026-10-06 08:22:37,724 INFO o.a.j.t.JMeterThread: Stopping because end time detected by thread: S2 1-722
2026-10-06 08:22:37,724 INFO o.a.j.t.JMeterThread: Thread finished: S2 1-722
2026-10-06 08:22:37,734 INFO o.a.j.t.JMeterThread: Stopping because end time detected by thread: S2 1-478
2026-10-06 08:22:37,734 INFO o.a.j.t.JMeterThread: Thread finished: S2 1-478
2026-10-06 08:22:37,742 INFO o.a.j.t.JMeterThread: Stopping because end time detected by thread: S2 1-139
2026-10-06 08:22:37,742 INFO o.a.j.t.JMeterThread: Thread finished: S2 1-139
2026-10-06 08:22:37,746 INFO o.a.j.t.JMeterThread: Stopping because end time detected by thread: S2 1-721
2026-10-06 08:22:37,746 INFO o.a.j.t.JMeterThread: Thread finished: S2 1-721
2026-10-06 08:22:37,749 INFO o.a.j.t.JMeterThread: Stopping because end time detected by thread: S2 1-477
2026-10-06 08:22:37,750 INFO o.a.j.t.JMeterThread: Thread finished: S2 1-477
2026-10-06 08:22:37,753 INFO o.a.j.t.JMeterThread: Stopping because end time detected by thread: S2 1-480
2026-10-06 08:22:37,753 INFO o.a.j.t.JMeterThread: Thread finished: S2 1-480
2026-10-06 08:22:37,766 INFO o.a.j.t.JMeterThread: Stopping because end time detected by thread: S2 1-260
2026-10-06 08:22:37,766 INFO o.a.j.t.JMeterThread: Thread finished: S2 1-260
2026-10-06 08:22:37,781 INFO o.a.j.t.JMeterThread: Stopping because end time detected by thread: S2 1-723
2026-10-06 08:22:37,781 INFO o.a.j.t.JMeterThread: Thread finished: S2 1-723
2026-10-06 08:22:37,781 INFO o.a.j.t.JMeterThread: Stopping because end time detected by thread: S2 1-259
2026-10-06 08:22:37,781 INFO o.a.j.t.JMeterThread: Thread finished: S2 1-259
2026-10-06 08:22:37,788 INFO o.a.j.t.JMeterThread: Stopping because end time detected by thread: S2 1-726
2026-10-06 08:22:37,788 INFO o.a.j.t.JMeterThread: Thread finished: S2 1-726
2026-10-06 08:22:37,797 INFO o.a.j.t.JMeterThread: Stopping because end time detected by thread: S2 1-724
2026-10-06 08:22:37,797 INFO o.a.j.t.JMeterThread: Thread finished: S2 1-724
2026-10-06 08:22:37,806 INFO o.a.j.t.JMeterThread: Stopping because end time detected by thread: S2 1-479
2026-10-06 08:22:37,806 INFO o.a.j.t.JMeterThread: Thread finished: S2 1-479
2026-10-06 08:22:37,813 INFO o.a.j.t.JMeterThread: Stopping because end time detected by thread: S2 1-725
2026-10-06 08:22:37,813 INFO o.a.j.t.JMeterThread: Thread finished: S2 1-725
2026-10-06 08:22:37,821 INFO o.a.j.t.JMeterThread: Stopping because end time detected by thread: S2 1-729
2026-10-06 08:22:37,821 INFO o.a.j.t.JMeterThread: Thread finished: S2 1-729
2026-10-06 08:22:37,823 INFO o.a.j.t.JMeterThread: Stopping because end time detected by thread: S2 1-261
2026-10-06 08:22:37,823 INFO o.a.j.t.JMeterThread: Thread finished: S2 1-261
2026-10-06 08:22:37,831 INFO o.a.j.t.JMeterThread: Stopping because end time detected by thread: S2 1-727
2026-10-06 08:22:37,831 INFO o.a.j.t.JMeterThread: Thread finished: S2 1-727
2026-10-06 08:22:37,844 INFO o.a.j.t.JMeterThread: Stopping because end time detected by thread: S2 1-728
2026-10-06 08:22:37,844 INFO o.a.j.t.JMeterThread: Thread finished: S2 1-728
2026-10-06 08:22:37,848 INFO o.a.j.t.JMeterThread: Stopping because end time detected by thread: S2 1-732
2026-10-06 08:22:37,848 INFO o.a.j.t.JMeterThread: Thread finished: S2 1-732
2026-10-06 08:22:37,855 INFO o.a.j.t.JMeterThread: Stopping because end time detected by thread: S2 1-482
2026-10-06 08:22:37,855 INFO o.a.j.t.JMeterThread: Thread finished: S2 1-482
2026-10-06 08:22:37,862 INFO o.a.j.t.JMeterThread: Stopping because end time detected by thread: S2 1-481
2026-10-06 08:22:37,862 INFO o.a.j.t.JMeterThread: Thread finished: S2 1-481
2026-10-06 08:22:37,874 INFO o.a.j.t.JMeterThread: Stopping because end time detected by thread: S2 1-731
2026-10-06 08:22:37,874 INFO o.a.j.t.JMeterThread: Thread finished: S2 1-731
2026-10-06 08:22:37,881 INFO o.a.j.t.JMeterThread: Stopping because end time detected by thread: S2 1-32
2026-10-06 08:22:37,881 INFO o.a.j.t.JMeterThread: Thread finished: S2 1-32
2026-10-06 08:22:37,884 INFO o.a.j.t.JMeterThread: Stopping because end time detected by thread: S2 1-485
2026-10-06 08:22:37,884 INFO o.a.j.t.JMeterThread: Thread finished: S2 1-485
2026-10-06 08:22:37,888 INFO o.a.j.t.JMeterThread: Stopping because end time detected by thread: S2 1-262
2026-10-06 08:22:37,888 INFO o.a.j.t.JMeterThread: Thread finished: S2 1-262
2026-10-06 08:22:37,913 INFO o.a.j.t.JMeterThread: Stopping because end time detected by thread: S2 1-483
2026-10-06 08:22:37,913 INFO o.a.j.t.JMeterThread: Thread finished: S2 1-483
2026-10-06 08:22:37,916 INFO o.a.j.t.JMeterThread: Stopping because end time detected by thread: S2 1-140
2026-10-06 08:22:37,917 INFO o.a.j.t.JMeterThread: Thread finished: S2 1-140
2026-10-06 08:22:37,918 INFO o.a.j.t.JMeterThread: Stopping because end time detected by thread: S2 1-484
2026-10-06 08:22:37,918 INFO o.a.j.t.JMeterThread: Thread finished: S2 1-484
2026-10-06 08:22:37,925 INFO o.a.j.t.JMeterThread: Stopping because end time detected by thread: S2 1-730
2026-10-06 08:22:37,925 INFO o.a.j.t.JMeterThread: Thread finished: S2 1-730
2026-10-06 08:22:37,939 INFO o.a.j.t.JMeterThread: Stopping because end time detected by thread: S2 1-735
2026-10-06 08:22:37,939 INFO o.a.j.t.JMeterThread: Thread finished: S2 1-735
2026-10-06 08:22:37,949 INFO o.a.j.t.JMeterThread: Stopping because end time detected by thread: S2 1-733
2026-10-06 08:22:37,949 INFO o.a.j.t.JMeterThread: Thread finished: S2 1-733
2026-10-06 08:22:37,963 INFO o.a.j.t.JMeterThread: Stopping because end time detected by thread: S2 1-734
2026-10-06 08:22:37,963 INFO o.a.j.t.JMeterThread: Thread finished: S2 1-734
2026-10-06 08:22:37,963 INFO o.a.j.t.JMeterThread: Stopping because end time detected by thread: S2 1-69
2026-10-06 08:22:37,963 INFO o.a.j.t.JMeterThread: Thread finished: S2 1-69
2026-10-06 08:22:37,974 INFO o.a.j.t.JMeterThread: Stopping because end time detected by thread: S2 1-263
2026-10-06 08:22:37,974 INFO o.a.j.t.JMeterThread: Thread finished: S2 1-263
2026-10-06 08:22:37,988 INFO o.a.j.t.JMeterThread: Stopping because end time detected by thread: S2 1-486
2026-10-06 08:22:37,988 INFO o.a.j.t.JMeterThread: Thread finished: S2 1-486
2026-10-06 08:22:37,988 INFO o.a.j.t.JMeterThread: Stopping because end time detected by thread: S2 1-736
2026-10-06 08:22:37,988 INFO o.a.j.t.JMeterThread: Thread finished: S2 1-736
2026-10-06 08:22:38,009 INFO o.a.j.t.JMeterThread: Stopping because end time detected by thread: S2 1-487
2026-10-06 08:22:38,009 INFO o.a.j.t.JMeterThread: Thread finished: S2 1-487
2026-10-06 08:22:38,009 INFO o.a.j.t.JMeterThread: Stopping because end time detected by thread: S2 1-75
2026-10-06 08:22:38,009 INFO o.a.j.t.JMeterThread: Thread finished: S2 1-75
2026-10-06 08:22:38,016 INFO o.a.j.t.JMeterThread: Stopping because end time detected by thread: S2 1-738
2026-10-06 08:22:38,016 INFO o.a.j.t.JMeterThread: Thread finished: S2 1-738
2026-10-06 08:22:38,033 INFO o.a.j.t.JMeterThread: Stopping because end time detected by thread: S2 1-739
2026-10-06 08:22:38,033 INFO o.a.j.t.JMeterThread: Stopping because end time detected by thread: S2 1-141
2026-10-06 08:22:38,033 INFO o.a.j.t.JMeterThread: Thread finished: S2 1-739
2026-10-06 08:22:38,033 INFO o.a.j.t.JMeterThread: Thread finished: S2 1-141
2026-10-06 08:22:38,049 INFO o.a.j.t.JMeterThread: Stopping because end time detected by thread: S2 1-737
2026-10-06 08:22:38,049 INFO o.a.j.t.JMeterThread: Thread finished: S2 1-737
2026-10-06 08:22:38,054 INFO o.a.j.t.JMeterThread: Stopping because end time detected by thread: S2 1-488
2026-10-06 08:22:38,054 INFO o.a.j.t.JMeterThread: Thread finished: S2 1-488
2026-10-06 08:22:38,055 INFO o.a.j.t.JMeterThread: Stopping because end time detected by thread: S2 1-264
2026-10-06 08:22:38,056 INFO o.a.j.t.JMeterThread: Thread finished: S2 1-264
2026-10-06 08:22:38,072 INFO o.a.j.t.JMeterThread: Stopping because end time detected by thread: S2 1-741
2026-10-06 08:22:38,073 INFO o.a.j.t.JMeterThread: Thread finished: S2 1-741
2026-10-06 08:22:38,073 INFO o.a.j.t.JMeterThread: Stopping because end time detected by thread: S2 1-742
2026-10-06 08:22:38,073 INFO o.a.j.t.JMeterThread: Thread finished: S2 1-742
2026-10-06 08:22:38,075 INFO o.a.j.t.JMeterThread: Stopping because end time detected by thread: S2 1-746
2026-10-06 08:22:38,075 INFO o.a.j.t.JMeterThread: Thread finished: S2 1-746
2026-10-06 08:22:38,085 INFO o.a.j.t.JMeterThread: Stopping because end time detected by thread: S2 1-740
2026-10-06 08:22:38,085 INFO o.a.j.t.JMeterThread: Thread finished: S2 1-740
2026-10-06 08:22:38,089 INFO o.a.j.t.JMeterThread: Stopping because end time detected by thread: S2 1-744
2026-10-06 08:22:38,089 INFO o.a.j.t.JMeterThread: Thread finished: S2 1-744
2026-10-06 08:22:38,108 INFO o.a.j.t.JMeterThread: Stopping because end time detected by thread: S2 1-142
2026-10-06 08:22:38,108 INFO o.a.j.t.JMeterThread: Thread finished: S2 1-142
2026-10-06 08:22:38,113 INFO o.a.j.t.JMeterThread: Stopping because end time detected by thread: S2 1-743
2026-10-06 08:22:38,113 INFO o.a.j.t.JMeterThread: Thread finished: S2 1-743
2026-10-06 08:22:38,117 INFO o.a.j.t.JMeterThread: Stopping because end time detected by thread: S2 1-489
2026-10-06 08:22:38,117 INFO o.a.j.t.JMeterThread: Thread finished: S2 1-489
2026-10-06 08:22:38,137 INFO o.a.j.t.JMeterThread: Stopping because end time detected by thread: S2 1-745
2026-10-06 08:22:38,137 INFO o.a.j.t.JMeterThread: Thread finished: S2 1-745
2026-10-06 08:22:38,143 INFO o.a.j.t.JMeterThread: Stopping because end time detected by thread: S2 1-73
2026-10-06 08:22:38,143 INFO o.a.j.t.JMeterThread: Thread finished: S2 1-73
2026-10-06 08:22:38,143 INFO o.a.j.t.JMeterThread: Stopping because end time detected by thread: S2 1-490
2026-10-06 08:22:38,143 INFO o.a.j.t.JMeterThread: Thread finished: S2 1-490
2026-10-06 08:22:38,159 INFO o.a.j.t.JMeterThread: Stopping because end time detected by thread: S2 1-748
2026-10-06 08:22:38,159 INFO o.a.j.t.JMeterThread: Thread finished: S2 1-748
2026-10-06 08:22:38,167 INFO o.a.j.t.JMeterThread: Stopping because end time detected by thread: S2 1-747
2026-10-06 08:22:38,167 INFO o.a.j.t.JMeterThread: Thread finished: S2 1-747
2026-10-06 08:22:38,171 INFO o.a.j.t.JMeterThread: Stopping because end time detected by thread: S2 1-491
2026-10-06 08:22:38,171 INFO o.a.j.t.JMeterThread: Thread finished: S2 1-491
2026-10-06 08:22:38,175 INFO o.a.j.t.JMeterThread: Stopping because end time detected by thread: S2 1-267
2026-10-06 08:22:38,175 INFO o.a.j.t.JMeterThread: Thread finished: S2 1-267
2026-10-06 08:22:38,178 INFO o.a.j.t.JMeterThread: Stopping because end time detected by thread: S2 1-749
2026-10-06 08:22:38,178 INFO o.a.j.t.JMeterThread: Thread finished: S2 1-749
2026-10-06 08:22:38,184 INFO o.a.j.t.JMeterThread: Stopping because end time detected by thread: S2 1-493
2026-10-06 08:22:38,184 INFO o.a.j.t.JMeterThread: Thread finished: S2 1-493
2026-10-06 08:22:38,200 INFO o.a.j.t.JMeterThread: Stopping because end time detected by thread: S2 1-752
2026-10-06 08:22:38,200 INFO o.a.j.t.JMeterThread: Thread finished: S2 1-752
2026-10-06 08:22:38,210 INFO o.a.j.t.JMeterThread: Stopping because end time detected by thread: S2 1-74
2026-10-06 08:22:38,210 INFO o.a.j.t.JMeterThread: Thread finished: S2 1-74
2026-10-06 08:22:38,216 INFO o.a.j.t.JMeterThread: Stopping because end time detected by thread: S2 1-266
2026-10-06 08:22:38,216 INFO o.a.j.t.JMeterThread: Thread finished: S2 1-266
2026-10-06 08:22:38,217 INFO o.a.j.t.JMeterThread: Stopping because end time detected by thread: S2 1-751
2026-10-06 08:22:38,217 INFO o.a.j.t.JMeterThread: Thread finished: S2 1-751
2026-10-06 08:22:38,235 INFO o.a.j.t.JMeterThread: Stopping because end time detected by thread: S2 1-750
2026-10-06 08:22:38,235 INFO o.a.j.t.JMeterThread: Thread finished: S2 1-750
2026-10-06 08:22:38,240 INFO o.a.j.t.JMeterThread: Stopping because end time detected by thread: S2 1-265
2026-10-06 08:22:38,240 INFO o.a.j.t.JMeterThread: Thread finished: S2 1-265
2026-10-06 08:22:38,245 INFO o.a.j.t.JMeterThread: Stopping because end time detected by thread: S2 1-268
2026-10-06 08:22:38,246 INFO o.a.j.t.JMeterThread: Thread finished: S2 1-268
2026-10-06 08:22:38,267 INFO o.a.j.t.JMeterThread: Stopping because end time detected by thread: S2 1-494
2026-10-06 08:22:38,267 INFO o.a.j.t.JMeterThread: Thread finished: S2 1-494
2026-10-06 08:22:38,269 INFO o.a.j.t.JMeterThread: Stopping because end time detected by thread: S2 1-492
2026-10-06 08:22:38,269 INFO o.a.j.t.JMeterThread: Thread finished: S2 1-492
2026-10-06 08:22:38,270 INFO o.a.j.t.JMeterThread: Stopping because end time detected by thread: S2 1-753
2026-10-06 08:22:38,271 INFO o.a.j.t.JMeterThread: Thread finished: S2 1-753
2026-10-06 08:22:38,288 INFO o.a.j.t.JMeterThread: Stopping because end time detected by thread: S2 1-756
2026-10-06 08:22:38,288 INFO o.a.j.t.JMeterThread: Thread finished: S2 1-756
2026-10-06 08:22:38,299 INFO o.a.j.t.JMeterThread: Stopping because end time detected by thread: S2 1-755
2026-10-06 08:22:38,299 INFO o.a.j.t.JMeterThread: Thread finished: S2 1-755
2026-10-06 08:22:38,300 INFO o.a.j.t.JMeterThread: Stopping because end time detected by thread: S2 1-495
2026-10-06 08:22:38,300 INFO o.a.j.t.JMeterThread: Thread finished: S2 1-495
2026-10-06 08:22:38,312 INFO o.a.j.t.JMeterThread: Stopping because end time detected by thread: S2 1-754
2026-10-06 08:22:38,312 INFO o.a.j.t.JMeterThread: Thread finished: S2 1-754
2026-10-06 08:22:38,320 INFO o.a.j.t.JMeterThread: Stopping because end time detected by thread: S2 1-33
2026-10-06 08:22:38,320 INFO o.a.j.t.JMeterThread: Thread finished: S2 1-33
2026-10-06 08:22:38,326 INFO o.a.j.t.JMeterThread: Stopping because end time detected by thread: S2 1-34
2026-10-06 08:22:38,326 INFO o.a.j.t.JMeterThread: Stopping because end time detected by thread: S2 1-757
2026-10-06 08:22:38,327 INFO o.a.j.t.JMeterThread: Thread finished: S2 1-34
2026-10-06 08:22:38,327 INFO o.a.j.t.JMeterThread: Thread finished: S2 1-757
2026-10-06 08:22:38,344 INFO o.a.j.t.JMeterThread: Stopping because end time detected by thread: S2 1-760
2026-10-06 08:22:38,344 INFO o.a.j.t.JMeterThread: Thread finished: S2 1-760
2026-10-06 08:22:38,345 INFO o.a.j.t.JMeterThread: Stopping because end time detected by thread: S2 1-758
2026-10-06 08:22:38,345 INFO o.a.j.t.JMeterThread: Thread finished: S2 1-758
2026-10-06 08:22:38,347 INFO o.a.j.t.JMeterThread: Stopping because end time detected by thread: S2 1-497
2026-10-06 08:22:38,347 INFO o.a.j.t.JMeterThread: Thread finished: S2 1-497
2026-10-06 08:22:38,367 INFO o.a.j.t.JMeterThread: Stopping because end time detected by thread: S2 1-143
2026-10-06 08:22:38,367 INFO o.a.j.t.JMeterThread: Thread finished: S2 1-143
2026-10-06 08:22:38,369 INFO o.a.j.t.JMeterThread: Stopping because end time detected by thread: S2 1-763
2026-10-06 08:22:38,369 INFO o.a.j.t.JMeterThread: Thread finished: S2 1-763
2026-10-06 08:22:38,388 INFO o.a.j.t.JMeterThread: Stopping because end time detected by thread: S2 1-761
2026-10-06 08:22:38,388 INFO o.a.j.t.JMeterThread: Thread finished: S2 1-761
2026-10-06 08:22:38,391 INFO o.a.j.t.JMeterThread: Stopping because end time detected by thread: S2 1-496
2026-10-06 08:22:38,391 INFO o.a.j.t.JMeterThread: Thread finished: S2 1-496
2026-10-06 08:22:38,397 INFO o.a.j.t.JMeterThread: Stopping because end time detected by thread: S2 1-498
2026-10-06 08:22:38,397 INFO o.a.j.t.JMeterThread: Thread finished: S2 1-498
2026-10-06 08:22:38,404 INFO o.a.j.t.JMeterThread: Stopping because end time detected by thread: S2 1-759
2026-10-06 08:22:38,404 INFO o.a.j.t.JMeterThread: Thread finished: S2 1-759
2026-10-06 08:22:38,408 INFO o.a.j.t.JMeterThread: Stopping because end time detected by thread: S2 1-499
2026-10-06 08:22:38,408 INFO o.a.j.t.JMeterThread: Thread finished: S2 1-499
2026-10-06 08:22:38,414 INFO o.a.j.t.JMeterThread: Stopping because end time detected by thread: S2 1-762
2026-10-06 08:22:38,414 INFO o.a.j.t.JMeterThread: Thread finished: S2 1-762
2026-10-06 08:22:38,421 INFO o.a.j.t.JMeterThread: Stopping because end time detected by thread: S2 1-764
2026-10-06 08:22:38,421 INFO o.a.j.t.JMeterThread: Thread finished: S2 1-764
2026-10-06 08:22:38,425 INFO o.a.j.t.JMeterThread: Stopping because end time detected by thread: S2 1-144
2026-10-06 08:22:38,425 INFO o.a.j.t.JMeterThread: Thread finished: S2 1-144
2026-10-06 08:22:38,429 INFO o.a.j.t.JMeterThread: Stopping because end time detected by thread: S2 1-767
2026-10-06 08:22:38,429 INFO o.a.j.t.JMeterThread: Thread finished: S2 1-767
2026-10-06 08:22:38,443 INFO o.a.j.t.JMeterThread: Stopping because end time detected by thread: S2 1-270
2026-10-06 08:22:38,443 INFO o.a.j.t.JMeterThread: Thread finished: S2 1-270
2026-10-06 08:22:38,458 INFO o.a.j.t.JMeterThread: Stopping because end time detected by thread: S2 1-500
2026-10-06 08:22:38,458 INFO o.a.j.t.JMeterThread: Thread finished: S2 1-500
2026-10-06 08:22:38,473 INFO o.a.j.t.JMeterThread: Stopping because end time detected by thread: S2 1-765
2026-10-06 08:22:38,473 INFO o.a.j.t.JMeterThread: Thread finished: S2 1-765
2026-10-06 08:22:38,474 INFO o.a.j.t.JMeterThread: Stopping because end time detected by thread: S2 1-766
2026-10-06 08:22:38,474 INFO o.a.j.t.JMeterThread: Thread finished: S2 1-766
2026-10-06 08:22:38,483 INFO o.a.j.t.JMeterThread: Stopping because end time detected by thread: S2 1-272
2026-10-06 08:22:38,483 INFO o.a.j.t.JMeterThread: Thread finished: S2 1-272
2026-10-06 08:22:38,489 INFO o.a.j.t.JMeterThread: Stopping because end time detected by thread: S2 1-269
2026-10-06 08:22:38,489 INFO o.a.j.t.JMeterThread: Thread finished: S2 1-269
2026-10-06 08:22:38,501 INFO o.a.j.t.JMeterThread: Stopping because end time detected by thread: S2 1-76
2026-10-06 08:22:38,501 INFO o.a.j.t.JMeterThread: Thread finished: S2 1-76
2026-10-06 08:22:38,510 INFO o.a.j.t.JMeterThread: Stopping because end time detected by thread: S2 1-768
2026-10-06 08:22:38,510 INFO o.a.j.t.JMeterThread: Thread finished: S2 1-768
2026-10-06 08:22:38,511 INFO o.a.j.t.JMeterThread: Stopping because end time detected by thread: S2 1-501
2026-10-06 08:22:38,511 INFO o.a.j.t.JMeterThread: Thread finished: S2 1-501
2026-10-06 08:22:38,531 INFO o.a.j.t.JMeterThread: Stopping because end time detected by thread: S2 1-145
2026-10-06 08:22:38,532 INFO o.a.j.t.JMeterThread: Thread finished: S2 1-145
2026-10-06 08:22:38,534 INFO o.a.j.t.JMeterThread: Stopping because end time detected by thread: S2 1-504
2026-10-06 08:22:38,534 INFO o.a.j.t.JMeterThread: Thread finished: S2 1-504
2026-10-06 08:22:38,550 INFO o.a.j.t.JMeterThread: Stopping because end time detected by thread: S2 1-769
2026-10-06 08:22:38,550 INFO o.a.j.t.JMeterThread: Thread finished: S2 1-769
2026-10-06 08:22:38,554 INFO o.a.j.t.JMeterThread: Stopping because end time detected by thread: S2 1-15
2026-10-06 08:22:38,554 INFO o.a.j.t.JMeterThread: Thread finished: S2 1-15
2026-10-06 08:22:38,554 INFO o.a.j.t.JMeterThread: Stopping because end time detected by thread: S2 1-502
2026-10-06 08:22:38,554 INFO o.a.j.t.JMeterThread: Thread finished: S2 1-502
2026-10-06 08:22:38,556 INFO o.a.j.t.JMeterThread: Stopping because end time detected by thread: S2 1-772
2026-10-06 08:22:38,556 INFO o.a.j.t.JMeterThread: Thread finished: S2 1-772
2026-10-06 08:22:38,570 INFO o.a.j.t.JMeterThread: Stopping because end time detected by thread: S2 1-775
2026-10-06 08:22:38,570 INFO o.a.j.t.JMeterThread: Thread finished: S2 1-775
2026-10-06 08:22:38,571 INFO o.a.j.t.JMeterThread: Stopping because end time detected by thread: S2 1-770
2026-10-06 08:22:38,571 INFO o.a.j.t.JMeterThread: Thread finished: S2 1-770
2026-10-06 08:22:38,582 INFO o.a.j.t.JMeterThread: Stopping because end time detected by thread: S2 1-771
2026-10-06 08:22:38,582 INFO o.a.j.t.JMeterThread: Thread finished: S2 1-771
2026-10-06 08:22:38,583 INFO o.a.j.t.JMeterThread: Stopping because end time detected by thread: S2 1-774
2026-10-06 08:22:38,583 INFO o.a.j.t.JMeterThread: Thread finished: S2 1-774
2026-10-06 08:22:38,588 INFO o.a.j.t.JMeterThread: Stopping because end time detected by thread: S2 1-77
2026-10-06 08:22:38,588 INFO o.a.j.t.JMeterThread: Thread finished: S2 1-77
2026-10-06 08:22:38,593 INFO o.a.j.t.JMeterThread: Stopping because end time detected by thread: S2 1-503
2026-10-06 08:22:38,593 INFO o.a.j.t.JMeterThread: Thread finished: S2 1-503
2026-10-06 08:22:38,616 INFO o.a.j.t.JMeterThread: Stopping because end time detected by thread: S2 1-776
2026-10-06 08:22:38,616 INFO o.a.j.t.JMeterThread: Thread finished: S2 1-776
2026-10-06 08:22:38,616 INFO o.a.j.t.JMeterThread: Stopping because end time detected by thread: S2 1-773
2026-10-06 08:22:38,616 INFO o.a.j.t.JMeterThread: Thread finished: S2 1-773
2026-10-06 08:22:38,617 INFO o.a.j.t.JMeterThread: Stopping because end time detected by thread: S2 1-505
2026-10-06 08:22:38,617 INFO o.a.j.t.JMeterThread: Thread finished: S2 1-505
2026-10-06 08:22:38,619 INFO o.a.j.t.JMeterThread: Stopping because end time detected by thread: S2 1-778
2026-10-06 08:22:38,619 INFO o.a.j.t.JMeterThread: Thread finished: S2 1-778
2026-10-06 08:22:38,637 INFO o.a.j.t.JMeterThread: Stopping because end time detected by thread: S2 1-271
2026-10-06 08:22:38,637 INFO o.a.j.t.JMeterThread: Thread finished: S2 1-271
2026-10-06 08:22:38,637 INFO o.a.j.t.JMeterThread: Stopping because end time detected by thread: S2 1-506
2026-10-06 08:22:38,638 INFO o.a.j.t.JMeterThread: Thread finished: S2 1-506
2026-10-06 08:22:38,639 INFO o.a.j.t.JMeterThread: Stopping because end time detected by thread: S2 1-779
2026-10-06 08:22:38,639 INFO o.a.j.t.JMeterThread: Thread finished: S2 1-779
2026-10-06 08:22:38,644 INFO o.a.j.t.JMeterThread: Stopping because end time detected by thread: S2 1-274
2026-10-06 08:22:38,644 INFO o.a.j.t.JMeterThread: Thread finished: S2 1-274
2026-10-06 08:22:38,662 INFO o.a.j.t.JMeterThread: Stopping because end time detected by thread: S2 1-777
2026-10-06 08:22:38,662 INFO o.a.j.t.JMeterThread: Thread finished: S2 1-777
2026-10-06 08:22:38,662 INFO o.a.j.t.JMeterThread: Stopping because end time detected by thread: S2 1-780
2026-10-06 08:22:38,662 INFO o.a.j.t.JMeterThread: Thread finished: S2 1-780
2026-10-06 08:22:38,668 INFO o.a.j.t.JMeterThread: Stopping because end time detected by thread: S2 1-273
2026-10-06 08:22:38,668 INFO o.a.j.t.JMeterThread: Thread finished: S2 1-273
2026-10-06 08:22:38,680 INFO o.a.j.t.JMeterThread: Stopping because end time detected by thread: S2 1-507
2026-10-06 08:22:38,680 INFO o.a.j.t.JMeterThread: Thread finished: S2 1-507
2026-10-06 08:22:38,687 INFO o.a.j.t.JMeterThread: Stopping because end time detected by thread: S2 1-146
2026-10-06 08:22:38,687 INFO o.a.j.t.JMeterThread: Thread finished: S2 1-146
2026-10-06 08:22:38,694 INFO o.a.j.t.JMeterThread: Stopping because end time detected by thread: S2 1-35
2026-10-06 08:22:38,695 INFO o.a.j.t.JMeterThread: Thread finished: S2 1-35
2026-10-06 08:22:38,707 INFO o.a.j.t.JMeterThread: Stopping because end time detected by thread: S2 1-781
2026-10-06 08:22:38,707 INFO o.a.j.t.JMeterThread: Thread finished: S2 1-781
2026-10-06 08:22:38,716 INFO o.a.j.t.JMeterThread: Stopping because end time detected by thread: S2 1-782
2026-10-06 08:22:38,716 INFO o.a.j.t.JMeterThread: Thread finished: S2 1-782
2026-10-06 08:22:38,723 INFO o.a.j.t.JMeterThread: Stopping because end time detected by thread: S2 1-147
2026-10-06 08:22:38,723 INFO o.a.j.t.JMeterThread: Thread finished: S2 1-147
2026-10-06 08:22:38,725 INFO o.a.j.t.JMeterThread: Stopping because end time detected by thread: S2 1-508
2026-10-06 08:22:38,725 INFO o.a.j.t.JMeterThread: Thread finished: S2 1-508
2026-10-06 08:22:38,746 INFO o.a.j.t.JMeterThread: Stopping because end time detected by thread: S2 1-36
2026-10-06 08:22:38,746 INFO o.a.j.t.JMeterThread: Thread finished: S2 1-36
2026-10-06 08:22:38,750 INFO o.a.j.t.JMeterThread: Stopping because end time detected by thread: S2 1-275
2026-10-06 08:22:38,750 INFO o.a.j.t.JMeterThread: Thread finished: S2 1-275
2026-10-06 08:22:38,754 INFO o.a.j.t.JMeterThread: Stopping because end time detected by thread: S2 1-509
2026-10-06 08:22:38,754 INFO o.a.j.t.JMeterThread: Thread finished: S2 1-509
2026-10-06 08:22:38,768 INFO o.a.j.t.JMeterThread: Stopping because end time detected by thread: S2 1-784
2026-10-06 08:22:38,768 INFO o.a.j.t.JMeterThread: Stopping because end time detected by thread: S2 1-511
2026-10-06 08:22:38,768 INFO o.a.j.t.JMeterThread: Thread finished: S2 1-784
2026-10-06 08:22:38,768 INFO o.a.j.t.JMeterThread: Thread finished: S2 1-511
2026-10-06 08:22:38,786 INFO o.a.j.t.JMeterThread: Stopping because end time detected by thread: S2 1-786
2026-10-06 08:22:38,786 INFO o.a.j.t.JMeterThread: Thread finished: S2 1-786
2026-10-06 08:22:38,791 INFO o.a.j.t.JMeterThread: Stopping because end time detected by thread: S2 1-788
2026-10-06 08:22:38,791 INFO o.a.j.t.JMeterThread: Thread finished: S2 1-788
2026-10-06 08:22:38,800 INFO o.a.j.t.JMeterThread: Stopping because end time detected by thread: S2 1-512
2026-10-06 08:22:38,800 INFO o.a.j.t.JMeterThread: Thread finished: S2 1-512
2026-10-06 08:22:38,802 INFO o.a.j.t.JMeterThread: Stopping because end time detected by thread: S2 1-783
2026-10-06 08:22:38,802 INFO o.a.j.t.JMeterThread: Thread finished: S2 1-783
2026-10-06 08:22:38,826 INFO o.a.j.t.JMeterThread: Stopping because end time detected by thread: S2 1-785
2026-10-06 08:22:38,826 INFO o.a.j.t.JMeterThread: Stopping because end time detected by thread: S2 1-789
2026-10-06 08:22:38,826 INFO o.a.j.t.JMeterThread: Thread finished: S2 1-785
2026-10-06 08:22:38,826 INFO o.a.j.t.JMeterThread: Thread finished: S2 1-789
2026-10-06 08:22:38,826 INFO o.a.j.t.JMeterThread: Stopping because end time detected by thread: S2 1-787
2026-10-06 08:22:38,827 INFO o.a.j.t.JMeterThread: Thread finished: S2 1-787
2026-10-06 08:22:38,832 INFO o.a.j.t.JMeterThread: Stopping because end time detected by thread: S2 1-510
2026-10-06 08:22:38,832 INFO o.a.j.t.JMeterThread: Thread finished: S2 1-510
2026-10-06 08:22:38,849 INFO o.a.j.t.JMeterThread: Stopping because end time detected by thread: S2 1-790
2026-10-06 08:22:38,849 INFO o.a.j.t.JMeterThread: Thread finished: S2 1-790
2026-10-06 08:22:38,849 INFO o.a.j.t.JMeterThread: Stopping because end time detected by thread: S2 1-276
2026-10-06 08:22:38,849 INFO o.a.j.t.JMeterThread: Thread finished: S2 1-276
2026-10-06 08:22:38,851 INFO o.a.j.t.JMeterThread: Stopping because end time detected by thread: S2 1-79
2026-10-06 08:22:38,851 INFO o.a.j.t.JMeterThread: Thread finished: S2 1-79
2026-10-06 08:22:38,861 INFO o.a.j.t.JMeterThread: Stopping because end time detected by thread: S2 1-148
2026-10-06 08:22:38,861 INFO o.a.j.t.JMeterThread: Thread finished: S2 1-148
2026-10-06 08:22:38,874 INFO o.a.j.t.JMeterThread: Stopping because end time detected by thread: S2 1-513
2026-10-06 08:22:38,874 INFO o.a.j.t.JMeterThread: Thread finished: S2 1-513
2026-10-06 08:22:38,889 INFO o.a.j.t.JMeterThread: Stopping because end time detected by thread: S2 1-791
2026-10-06 08:22:38,889 INFO o.a.j.t.JMeterThread: Thread finished: S2 1-791
2026-10-06 08:22:38,893 INFO o.a.j.t.JMeterThread: Stopping because end time detected by thread: S2 1-514
2026-10-06 08:22:38,893 INFO o.a.j.t.JMeterThread: Thread finished: S2 1-514
2026-10-06 08:22:38,901 INFO o.a.j.t.JMeterThread: Stopping because end time detected by thread: S2 1-277
2026-10-06 08:22:38,901 INFO o.a.j.t.JMeterThread: Thread finished: S2 1-277
2026-10-06 08:22:38,906 INFO o.a.j.t.JMeterThread: Stopping because end time detected by thread: S2 1-793
2026-10-06 08:22:38,906 INFO o.a.j.t.JMeterThread: Thread finished: S2 1-793
2026-10-06 08:22:38,913 INFO o.a.j.t.JMeterThread: Stopping because end time detected by thread: S2 1-149
2026-10-06 08:22:38,913 INFO o.a.j.t.JMeterThread: Thread finished: S2 1-149
2026-10-06 08:22:38,915 INFO o.a.j.t.JMeterThread: Stopping because end time detected by thread: S2 1-516
2026-10-06 08:22:38,915 INFO o.a.j.t.JMeterThread: Thread finished: S2 1-516
2026-10-06 08:22:38,920 INFO o.a.j.t.JMeterThread: Stopping because end time detected by thread: S2 1-794
2026-10-06 08:22:38,921 INFO o.a.j.t.JMeterThread: Thread finished: S2 1-794
2026-10-06 08:22:38,928 INFO o.a.j.t.JMeterThread: Stopping because end time detected by thread: S2 1-792
2026-10-06 08:22:38,928 INFO o.a.j.t.JMeterThread: Thread finished: S2 1-792
2026-10-06 08:22:38,943 INFO o.a.j.t.JMeterThread: Stopping because end time detected by thread: S2 1-795
2026-10-06 08:22:38,944 INFO o.a.j.t.JMeterThread: Thread finished: S2 1-795
2026-10-06 08:22:38,950 INFO o.a.j.t.JMeterThread: Stopping because end time detected by thread: S2 1-278
2026-10-06 08:22:38,950 INFO o.a.j.t.JMeterThread: Thread finished: S2 1-278
2026-10-06 08:22:38,963 INFO o.a.j.t.JMeterThread: Stopping because end time detected by thread: S2 1-515
2026-10-06 08:22:38,963 INFO o.a.j.t.JMeterThread: Thread finished: S2 1-515
2026-10-06 08:22:38,966 INFO o.a.j.t.JMeterThread: Stopping because end time detected by thread: S2 1-279
2026-10-06 08:22:38,966 INFO o.a.j.t.JMeterThread: Thread finished: S2 1-279
2026-10-06 08:22:38,969 INFO o.a.j.t.JMeterThread: Stopping because end time detected by thread: S2 1-517
2026-10-06 08:22:38,969 INFO o.a.j.t.JMeterThread: Thread finished: S2 1-517
2026-10-06 08:22:38,987 INFO o.a.j.t.JMeterThread: Stopping because end time detected by thread: S2 1-78
2026-10-06 08:22:38,988 INFO o.a.j.t.JMeterThread: Thread finished: S2 1-78
2026-10-06 08:22:38,993 INFO o.a.j.t.JMeterThread: Stopping because end time detected by thread: S2 1-799
2026-10-06 08:22:38,993 INFO o.a.j.t.JMeterThread: Thread finished: S2 1-799
2026-10-06 08:22:38,998 INFO o.a.j.t.JMeterThread: Stopping because end time detected by thread: S2 1-16
2026-10-06 08:22:38,998 INFO o.a.j.t.JMeterThread: Thread finished: S2 1-16
2026-10-06 08:22:39,003 INFO o.a.j.t.JMeterThread: Stopping because end time detected by thread: S2 1-796
2026-10-06 08:22:39,003 INFO o.a.j.t.JMeterThread: Thread finished: S2 1-796
2026-10-06 08:22:39,015 INFO o.a.j.t.JMeterThread: Stopping because end time detected by thread: S2 1-798
2026-10-06 08:22:39,015 INFO o.a.j.t.JMeterThread: Thread finished: S2 1-798
2026-10-06 08:22:39,017 INFO o.a.j.t.JMeterThread: Stopping because end time detected by thread: S2 1-280
2026-10-06 08:22:39,017 INFO o.a.j.t.JMeterThread: Thread finished: S2 1-280
2026-10-06 08:22:39,033 INFO o.a.j.t.JMeterThread: Stopping because end time detected by thread: S2 1-797
2026-10-06 08:22:39,033 INFO o.a.j.t.JMeterThread: Thread finished: S2 1-797
2026-10-06 08:22:39,037 INFO o.a.j.t.JMeterThread: Stopping because end time detected by thread: S2 1-800
2026-10-06 08:22:39,037 INFO o.a.j.t.JMeterThread: Thread finished: S2 1-800
2026-10-06 08:22:39,045 INFO o.a.j.t.JMeterThread: Stopping because end time detected by thread: S2 1-38
2026-10-06 08:22:39,045 INFO o.a.j.t.JMeterThread: Thread finished: S2 1-38
2026-10-06 08:22:39,049 INFO o.a.j.t.JMeterThread: Stopping because end time detected by thread: S2 1-519
2026-10-06 08:22:39,049 INFO o.a.j.t.JMeterThread: Thread finished: S2 1-519
2026-10-06 08:22:39,064 INFO o.a.j.t.JMeterThread: Stopping because end time detected by thread: S2 1-518
2026-10-06 08:22:39,065 INFO o.a.j.t.JMeterThread: Thread finished: S2 1-518
2026-10-06 08:22:39,065 INFO o.a.j.t.JMeterThread: Stopping because end time detected by thread: S2 1-803
2026-10-06 08:22:39,066 INFO o.a.j.t.JMeterThread: Thread finished: S2 1-803
2026-10-06 08:22:39,079 INFO o.a.j.t.JMeterThread: Stopping because end time detected by thread: S2 1-801
2026-10-06 08:22:39,079 INFO o.a.j.t.JMeterThread: Thread finished: S2 1-801
2026-10-06 08:22:39,080 INFO o.a.j.t.JMeterThread: Stopping because end time detected by thread: S2 1-520
2026-10-06 08:22:39,080 INFO o.a.j.t.JMeterThread: Thread finished: S2 1-520
2026-10-06 08:22:39,081 INFO o.a.j.t.JMeterThread: Stopping because end time detected by thread: S2 1-802
2026-10-06 08:22:39,082 INFO o.a.j.t.JMeterThread: Thread finished: S2 1-802
2026-10-06 08:22:39,108 INFO o.a.j.t.JMeterThread: Stopping because end time detected by thread: S2 1-804
2026-10-06 08:22:39,108 INFO o.a.j.t.JMeterThread: Thread finished: S2 1-804
2026-10-06 08:22:39,111 INFO o.a.j.t.JMeterThread: Stopping because end time detected by thread: S2 1-151
2026-10-06 08:22:39,111 INFO o.a.j.t.JMeterThread: Thread finished: S2 1-151
2026-10-06 08:22:39,118 INFO o.a.j.t.JMeterThread: Stopping because end time detected by thread: S2 1-806
2026-10-06 08:22:39,118 INFO o.a.j.t.JMeterThread: Thread finished: S2 1-806
2026-10-06 08:22:39,126 INFO o.a.j.t.JMeterThread: Stopping because end time detected by thread: S2 1-281
2026-10-06 08:22:39,126 INFO o.a.j.t.JMeterThread: Thread finished: S2 1-281
2026-10-06 08:22:39,139 INFO o.a.j.t.JMeterThread: Stopping because end time detected by thread: S2 1-521
2026-10-06 08:22:39,139 INFO o.a.j.t.JMeterThread: Thread finished: S2 1-521
2026-10-06 08:22:39,143 INFO o.a.j.t.JMeterThread: Stopping because end time detected by thread: S2 1-523
2026-10-06 08:22:39,143 INFO o.a.j.t.JMeterThread: Thread finished: S2 1-523
2026-10-06 08:22:39,146 INFO o.a.j.t.JMeterThread: Stopping because end time detected by thread: S2 1-805
2026-10-06 08:22:39,146 INFO o.a.j.t.JMeterThread: Thread finished: S2 1-805
2026-10-06 08:22:39,151 INFO o.a.j.t.JMeterThread: Stopping because end time detected by thread: S2 1-282
2026-10-06 08:22:39,151 INFO o.a.j.t.JMeterThread: Thread finished: S2 1-282
2026-10-06 08:22:39,162 INFO o.a.j.t.JMeterThread: Stopping because end time detected by thread: S2 1-150
2026-10-06 08:22:39,162 INFO o.a.j.t.JMeterThread: Thread finished: S2 1-150
2026-10-06 08:22:39,172 INFO o.a.j.t.JMeterThread: Stopping because end time detected by thread: S2 1-807
2026-10-06 08:22:39,172 INFO o.a.j.t.JMeterThread: Thread finished: S2 1-807
2026-10-06 08:22:39,184 INFO o.a.j.t.JMeterThread: Stopping because end time detected by thread: S2 1-152
2026-10-06 08:22:39,184 INFO o.a.j.t.JMeterThread: Stopping because end time detected by thread: S2 1-522
2026-10-06 08:22:39,184 INFO o.a.j.t.JMeterThread: Thread finished: S2 1-152
2026-10-06 08:22:39,184 INFO o.a.j.t.JMeterThread: Thread finished: S2 1-522
2026-10-06 08:22:39,192 INFO o.a.j.t.JMeterThread: Stopping because end time detected by thread: S2 1-526
2026-10-06 08:22:39,192 INFO o.a.j.t.JMeterThread: Thread finished: S2 1-526
2026-10-06 08:22:39,207 INFO o.a.j.t.JMeterThread: Stopping because end time detected by thread: S2 1-524
2026-10-06 08:22:39,207 INFO o.a.j.t.JMeterThread: Thread finished: S2 1-524
2026-10-06 08:22:39,218 INFO o.a.j.t.JMeterThread: Stopping because end time detected by thread: S2 1-283
2026-10-06 08:22:39,218 INFO o.a.j.t.JMeterThread: Thread finished: S2 1-283
2026-10-06 08:22:39,222 INFO o.a.j.t.JMeterThread: Stopping because end time detected by thread: S2 1-80
2026-10-06 08:22:39,222 INFO o.a.j.t.JMeterThread: Thread finished: S2 1-80
2026-10-06 08:22:39,226 INFO o.a.j.t.JMeterThread: Stopping because end time detected by thread: S2 1-525
2026-10-06 08:22:39,226 INFO o.a.j.t.JMeterThread: Thread finished: S2 1-525
2026-10-06 08:22:39,236 INFO o.a.j.t.JMeterThread: Stopping because end time detected by thread: S2 1-809
2026-10-06 08:22:39,236 INFO o.a.j.t.JMeterThread: Thread finished: S2 1-809
2026-10-06 08:22:39,243 INFO o.a.j.t.JMeterThread: Stopping because end time detected by thread: S2 1-808
2026-10-06 08:22:39,243 INFO o.a.j.t.JMeterThread: Thread finished: S2 1-808
2026-10-06 08:22:39,244 INFO o.a.j.t.JMeterThread: Stopping because end time detected by thread: S2 1-810
2026-10-06 08:22:39,244 INFO o.a.j.t.JMeterThread: Thread finished: S2 1-810
2026-10-06 08:22:39,252 INFO o.a.j.t.JMeterThread: Stopping because end time detected by thread: S2 1-527
2026-10-06 08:22:39,252 INFO o.a.j.t.JMeterThread: Thread finished: S2 1-527
2026-10-06 08:22:39,268 INFO o.a.j.t.JMeterThread: Stopping because end time detected by thread: S2 1-813
2026-10-06 08:22:39,268 INFO o.a.j.t.JMeterThread: Thread finished: S2 1-813
2026-10-06 08:22:39,271 INFO o.a.j.t.JMeterThread: Stopping because end time detected by thread: S2 1-812
2026-10-06 08:22:39,271 INFO o.a.j.t.JMeterThread: Thread finished: S2 1-812
2026-10-06 08:22:39,279 INFO o.a.j.t.JMeterThread: Stopping because end time detected by thread: S2 1-811
2026-10-06 08:22:39,279 INFO o.a.j.t.JMeterThread: Thread finished: S2 1-811
2026-10-06 08:22:39,286 INFO o.a.j.t.JMeterThread: Stopping because end time detected by thread: S2 1-284
2026-10-06 08:22:39,286 INFO o.a.j.t.JMeterThread: Thread finished: S2 1-284
2026-10-06 08:22:39,287 INFO o.a.j.t.JMeterThread: Stopping because end time detected by thread: S2 1-814
2026-10-06 08:22:39,287 INFO o.a.j.t.JMeterThread: Thread finished: S2 1-814
2026-10-06 08:22:39,295 INFO o.a.j.t.JMeterThread: Stopping because end time detected by thread: S2 1-528
2026-10-06 08:22:39,295 INFO o.a.j.t.JMeterThread: Thread finished: S2 1-528
2026-10-06 08:22:39,301 INFO o.a.j.t.JMeterThread: Stopping because end time detected by thread: S2 1-153
2026-10-06 08:22:39,302 INFO o.a.j.t.JMeterThread: Thread finished: S2 1-153
2026-10-06 08:22:39,314 INFO o.a.j.t.JMeterThread: Stopping because end time detected by thread: S2 1-82
2026-10-06 08:22:39,314 INFO o.a.j.t.JMeterThread: Thread finished: S2 1-82
2026-10-06 08:22:39,317 INFO o.a.j.t.JMeterThread: Stopping because end time detected by thread: S2 1-815
2026-10-06 08:22:39,317 INFO o.a.j.t.JMeterThread: Thread finished: S2 1-815
2026-10-06 08:22:39,328 INFO o.a.j.t.JMeterThread: Stopping because end time detected by thread: S2 1-4
2026-10-06 08:22:39,328 INFO o.a.j.t.JMeterThread: Thread finished: S2 1-4
2026-10-06 08:22:39,333 INFO o.a.j.t.JMeterThread: Stopping because end time detected by thread: S2 1-286
2026-10-06 08:22:39,333 INFO o.a.j.t.JMeterThread: Thread finished: S2 1-286
2026-10-06 08:22:39,334 INFO o.a.j.t.JMeterThread: Stopping because end time detected by thread: S2 1-285
2026-10-06 08:22:39,334 INFO o.a.j.t.JMeterThread: Thread finished: S2 1-285
2026-10-06 08:22:39,357 INFO o.a.j.t.JMeterThread: Stopping because end time detected by thread: S2 1-820
2026-10-06 08:22:39,357 INFO o.a.j.t.JMeterThread: Thread finished: S2 1-820
2026-10-06 08:22:39,358 INFO o.a.j.t.JMeterThread: Stopping because end time detected by thread: S2 1-819
2026-10-06 08:22:39,358 INFO o.a.j.t.JMeterThread: Thread finished: S2 1-819
2026-10-06 08:22:39,359 INFO o.a.j.t.JMeterThread: Stopping because end time detected by thread: S2 1-530
2026-10-06 08:22:39,359 INFO o.a.j.t.JMeterThread: Thread finished: S2 1-530
2026-10-06 08:22:39,380 INFO o.a.j.t.JMeterThread: Stopping because end time detected by thread: S2 1-816
2026-10-06 08:22:39,380 INFO o.a.j.t.JMeterThread: Thread finished: S2 1-816
2026-10-06 08:22:39,388 INFO o.a.j.t.JMeterThread: Stopping because end time detected by thread: S2 1-818
2026-10-06 08:22:39,388 INFO o.a.j.t.JMeterThread: Thread finished: S2 1-818
2026-10-06 08:22:39,398 INFO o.a.j.t.JMeterThread: Stopping because end time detected by thread: S2 1-287
2026-10-06 08:22:39,398 INFO o.a.j.t.JMeterThread: Thread finished: S2 1-287
2026-10-06 08:22:39,401 INFO o.a.j.t.JMeterThread: Stopping because end time detected by thread: S2 1-529
2026-10-06 08:22:39,401 INFO o.a.j.t.JMeterThread: Thread finished: S2 1-529
2026-10-06 08:22:39,417 INFO o.a.j.t.JMeterThread: Stopping because end time detected by thread: S2 1-817
2026-10-06 08:22:39,418 INFO o.a.j.t.JMeterThread: Thread finished: S2 1-817
2026-10-06 08:22:39,428 INFO o.a.j.t.JMeterThread: Stopping because end time detected by thread: S2 1-823
2026-10-06 08:22:39,428 INFO o.a.j.t.JMeterThread: Thread finished: S2 1-823
2026-10-06 08:22:39,431 INFO o.a.j.t.JMeterThread: Stopping because end time detected by thread: S2 1-822
2026-10-06 08:22:39,431 INFO o.a.j.t.JMeterThread: Thread finished: S2 1-822
2026-10-06 08:22:39,435 INFO o.a.j.t.JMeterThread: Stopping because end time detected by thread: S2 1-821
2026-10-06 08:22:39,435 INFO o.a.j.t.JMeterThread: Thread finished: S2 1-821
2026-10-06 08:22:39,456 INFO o.a.j.t.JMeterThread: Stopping because end time detected by thread: S2 1-154
2026-10-06 08:22:39,456 INFO o.a.j.t.JMeterThread: Thread finished: S2 1-154
2026-10-06 08:22:39,461 INFO o.a.j.t.JMeterThread: Stopping because end time detected by thread: S2 1-826
2026-10-06 08:22:39,461 INFO o.a.j.t.JMeterThread: Thread finished: S2 1-826
2026-10-06 08:22:39,465 INFO o.a.j.t.JMeterThread: Stopping because end time detected by thread: S2 1-531
2026-10-06 08:22:39,465 INFO o.a.j.t.JMeterThread: Thread finished: S2 1-531
2026-10-06 08:22:39,469 INFO o.a.j.t.JMeterThread: Stopping because end time detected by thread: S2 1-532
2026-10-06 08:22:39,469 INFO o.a.j.t.JMeterThread: Thread finished: S2 1-532
2026-10-06 08:22:39,491 INFO o.a.j.t.JMeterThread: Stopping because end time detected by thread: S2 1-825
2026-10-06 08:22:39,492 INFO o.a.j.t.JMeterThread: Thread finished: S2 1-825
2026-10-06 08:22:39,492 INFO o.a.j.t.JMeterThread: Stopping because end time detected by thread: S2 1-534
2026-10-06 08:22:39,492 INFO o.a.j.t.JMeterThread: Thread finished: S2 1-534
2026-10-06 08:22:39,497 INFO o.a.j.t.JMeterThread: Stopping because end time detected by thread: S2 1-824
2026-10-06 08:22:39,497 INFO o.a.j.t.JMeterThread: Thread finished: S2 1-824
2026-10-06 08:22:39,504 INFO o.a.j.t.JMeterThread: Stopping because end time detected by thread: S2 1-533
2026-10-06 08:22:39,504 INFO o.a.j.t.JMeterThread: Thread finished: S2 1-533
2026-10-06 08:22:39,509 INFO o.a.j.t.JMeterThread: Stopping because end time detected by thread: S2 1-827
2026-10-06 08:22:39,509 INFO o.a.j.t.JMeterThread: Thread finished: S2 1-827
2026-10-06 08:22:39,526 INFO o.a.j.t.JMeterThread: Stopping because end time detected by thread: S2 1-828
2026-10-06 08:22:39,526 INFO o.a.j.t.JMeterThread: Thread finished: S2 1-828
2026-10-06 08:22:39,534 INFO o.a.j.t.JMeterThread: Stopping because end time detected by thread: S2 1-81
2026-10-06 08:22:39,534 INFO o.a.j.t.JMeterThread: Thread finished: S2 1-81
2026-10-06 08:22:39,541 INFO o.a.j.t.JMeterThread: Stopping because end time detected by thread: S2 1-288
2026-10-06 08:22:39,541 INFO o.a.j.t.JMeterThread: Thread finished: S2 1-288
2026-10-06 08:22:39,548 INFO o.a.j.t.JMeterThread: Stopping because end time detected by thread: S2 1-535
2026-10-06 08:22:39,548 INFO o.a.j.t.JMeterThread: Thread finished: S2 1-535
2026-10-06 08:22:39,554 INFO o.a.j.t.JMeterThread: Stopping because end time detected by thread: S2 1-829
2026-10-06 08:22:39,554 INFO o.a.j.t.JMeterThread: Thread finished: S2 1-829
2026-10-06 08:22:39,569 INFO o.a.j.t.JMeterThread: Stopping because end time detected by thread: S2 1-830
2026-10-06 08:22:39,569 INFO o.a.j.t.JMeterThread: Thread finished: S2 1-830
2026-10-06 08:22:39,570 INFO o.a.j.t.JMeterThread: Stopping because end time detected by thread: S2 1-155
2026-10-06 08:22:39,570 INFO o.a.j.t.JMeterThread: Thread finished: S2 1-155
2026-10-06 08:22:39,589 INFO o.a.j.t.JMeterThread: Stopping because end time detected by thread: S2 1-291
2026-10-06 08:22:39,589 INFO o.a.j.t.JMeterThread: Thread finished: S2 1-291
2026-10-06 08:22:39,604 INFO o.a.j.t.JMeterThread: Stopping because end time detected by thread: S2 1-536
2026-10-06 08:22:39,604 INFO o.a.j.t.JMeterThread: Stopping because end time detected by thread: S2 1-833
2026-10-06 08:22:39,604 INFO o.a.j.t.JMeterThread: Thread finished: S2 1-536
2026-10-06 08:22:39,604 INFO o.a.j.t.JMeterThread: Thread finished: S2 1-833
2026-10-06 08:22:39,613 INFO o.a.j.t.JMeterThread: Stopping because end time detected by thread: S2 1-832
2026-10-06 08:22:39,613 INFO o.a.j.t.JMeterThread: Thread finished: S2 1-832
2026-10-06 08:22:39,624 INFO o.a.j.t.JMeterThread: Stopping because end time detected by thread: S2 1-831
2026-10-06 08:22:39,624 INFO o.a.j.t.JMeterThread: Thread finished: S2 1-831
2026-10-06 08:22:39,631 INFO o.a.j.t.JMeterThread: Stopping because end time detected by thread: S2 1-537
2026-10-06 08:22:39,631 INFO o.a.j.t.JMeterThread: Thread finished: S2 1-537
2026-10-06 08:22:39,639 INFO o.a.j.t.JMeterThread: Stopping because end time detected by thread: S2 1-289
2026-10-06 08:22:39,639 INFO o.a.j.t.JMeterThread: Thread finished: S2 1-289
2026-10-06 08:22:39,648 INFO o.a.j.t.JMeterThread: Stopping because end time detected by thread: S2 1-39
2026-10-06 08:22:39,648 INFO o.a.j.t.JMeterThread: Thread finished: S2 1-39
2026-10-06 08:22:39,648 INFO o.a.j.t.JMeterThread: Stopping because end time detected by thread: S2 1-538
2026-10-06 08:22:39,648 INFO o.a.j.t.JMeterThread: Thread finished: S2 1-538
2026-10-06 08:22:39,656 INFO o.a.j.t.JMeterThread: Stopping because end time detected by thread: S2 1-835
2026-10-06 08:22:39,656 INFO o.a.j.t.JMeterThread: Thread finished: S2 1-835
2026-10-06 08:22:39,669 INFO o.a.j.t.JMeterThread: Stopping because end time detected by thread: S2 1-290
2026-10-06 08:22:39,670 INFO o.a.j.t.JMeterThread: Thread finished: S2 1-290
2026-10-06 08:22:39,671 INFO o.a.j.t.JMeterThread: Stopping because end time detected by thread: S2 1-84
2026-10-06 08:22:39,671 INFO o.a.j.t.JMeterThread: Thread finished: S2 1-84
2026-10-06 08:22:39,672 INFO o.a.j.t.JMeterThread: Stopping because end time detected by thread: S2 1-834
2026-10-06 08:22:39,672 INFO o.a.j.t.JMeterThread: Thread finished: S2 1-834
2026-10-06 08:22:39,686 INFO o.a.j.t.JMeterThread: Stopping because end time detected by thread: S2 1-836
2026-10-06 08:22:39,686 INFO o.a.j.t.JMeterThread: Thread finished: S2 1-836
2026-10-06 08:22:39,705 INFO o.a.j.t.JMeterThread: Stopping because end time detected by thread: S2 1-838
2026-10-06 08:22:39,705 INFO o.a.j.t.JMeterThread: Thread finished: S2 1-838
2026-10-06 08:22:39,705 INFO o.a.j.t.JMeterThread: Stopping because end time detected by thread: S2 1-837
2026-10-06 08:22:39,705 INFO o.a.j.t.JMeterThread: Thread finished: S2 1-837
2026-10-06 08:22:39,710 INFO o.a.j.t.JMeterThread: Stopping because end time detected by thread: S2 1-539
2026-10-06 08:22:39,710 INFO o.a.j.t.JMeterThread: Thread finished: S2 1-539
2026-10-06 08:22:39,722 INFO o.a.j.t.JMeterThread: Stopping because end time detected by thread: S2 1-540
2026-10-06 08:22:39,722 INFO o.a.j.t.JMeterThread: Thread finished: S2 1-540
2026-10-06 08:22:39,726 INFO o.a.j.t.JMeterThread: Stopping because end time detected by thread: S2 1-83
2026-10-06 08:22:39,726 INFO o.a.j.t.JMeterThread: Thread finished: S2 1-83
2026-10-06 08:22:39,739 INFO o.a.j.t.JMeterThread: Stopping because end time detected by thread: S2 1-841
2026-10-06 08:22:39,739 INFO o.a.j.t.JMeterThread: Thread finished: S2 1-841
2026-10-06 08:22:39,746 INFO o.a.j.t.JMeterThread: Stopping because end time detected by thread: S2 1-840
2026-10-06 08:22:39,746 INFO o.a.j.t.JMeterThread: Thread finished: S2 1-840
2026-10-06 08:22:39,749 INFO o.a.j.t.JMeterThread: Stopping because end time detected by thread: S2 1-156
2026-10-06 08:22:39,749 INFO o.a.j.t.JMeterThread: Thread finished: S2 1-156
2026-10-06 08:22:39,754 INFO o.a.j.t.JMeterThread: Stopping because end time detected by thread: S2 1-541
2026-10-06 08:22:39,754 INFO o.a.j.t.JMeterThread: Thread finished: S2 1-541
2026-10-06 08:22:39,763 INFO o.a.j.t.JMeterThread: Stopping because end time detected by thread: S2 1-842
2026-10-06 08:22:39,763 INFO o.a.j.t.JMeterThread: Thread finished: S2 1-842
2026-10-06 08:22:39,775 INFO o.a.j.t.JMeterThread: Stopping because end time detected by thread: S2 1-839
2026-10-06 08:22:39,775 INFO o.a.j.t.JMeterThread: Thread finished: S2 1-839
2026-10-06 08:22:39,786 INFO o.a.j.t.JMeterThread: Stopping because end time detected by thread: S2 1-37
2026-10-06 08:22:39,787 INFO o.a.j.t.JMeterThread: Thread finished: S2 1-37
2026-10-06 08:22:39,792 INFO o.a.j.t.JMeterThread: Stopping because end time detected by thread: S2 1-292
2026-10-06 08:22:39,792 INFO o.a.j.t.JMeterThread: Thread finished: S2 1-292
2026-10-06 08:22:39,794 INFO o.a.j.t.JMeterThread: Stopping because end time detected by thread: S2 1-543
2026-10-06 08:22:39,794 INFO o.a.j.t.JMeterThread: Thread finished: S2 1-543
2026-10-06 08:22:39,805 INFO o.a.j.t.JMeterThread: Stopping because end time detected by thread: S2 1-843
2026-10-06 08:22:39,805 INFO o.a.j.t.JMeterThread: Thread finished: S2 1-843
2026-10-06 08:22:39,806 INFO o.a.j.t.JMeterThread: Stopping because end time detected by thread: S2 1-844
2026-10-06 08:22:39,806 INFO o.a.j.t.JMeterThread: Thread finished: S2 1-844
2026-10-06 08:22:39,812 INFO o.a.j.t.JMeterThread: Stopping because end time detected by thread: S2 1-845
2026-10-06 08:22:39,812 INFO o.a.j.t.JMeterThread: Thread finished: S2 1-845
2026-10-06 08:22:39,813 INFO o.a.j.t.JMeterThread: Stopping because end time detected by thread: S2 1-294
2026-10-06 08:22:39,813 INFO o.a.j.t.JMeterThread: Thread finished: S2 1-294
2026-10-06 08:22:39,835 INFO o.a.j.t.JMeterThread: Stopping because end time detected by thread: S2 1-542
2026-10-06 08:22:39,835 INFO o.a.j.t.JMeterThread: Stopping because end time detected by thread: S2 1-847
2026-10-06 08:22:39,836 INFO o.a.j.t.JMeterThread: Thread finished: S2 1-847
2026-10-06 08:22:39,836 INFO o.a.j.t.JMeterThread: Thread finished: S2 1-542
2026-10-06 08:22:39,846 INFO o.a.j.t.JMeterThread: Stopping because end time detected by thread: S2 1-157
2026-10-06 08:22:39,846 INFO o.a.j.t.JMeterThread: Thread finished: S2 1-157
2026-10-06 08:22:39,849 INFO o.a.j.t.JMeterThread: Stopping because end time detected by thread: S2 1-848
2026-10-06 08:22:39,849 INFO o.a.j.t.JMeterThread: Thread finished: S2 1-848
2026-10-06 08:22:39,858 INFO o.a.j.t.JMeterThread: Stopping because end time detected by thread: S2 1-295
2026-10-06 08:22:39,858 INFO o.a.j.t.JMeterThread: Thread finished: S2 1-295
2026-10-06 08:22:39,863 INFO o.a.j.t.JMeterThread: Stopping because end time detected by thread: S2 1-293
2026-10-06 08:22:39,863 INFO o.a.j.t.JMeterThread: Thread finished: S2 1-293
2026-10-06 08:22:39,877 INFO o.a.j.t.JMeterThread: Stopping because end time detected by thread: S2 1-545
2026-10-06 08:22:39,877 INFO o.a.j.t.JMeterThread: Thread finished: S2 1-545
2026-10-06 08:22:39,891 INFO o.a.j.t.JMeterThread: Stopping because end time detected by thread: S2 1-850
2026-10-06 08:22:39,891 INFO o.a.j.t.JMeterThread: Thread finished: S2 1-850
2026-10-06 08:22:39,894 INFO o.a.j.t.JMeterThread: Stopping because end time detected by thread: S2 1-544
2026-10-06 08:22:39,895 INFO o.a.j.t.JMeterThread: Thread finished: S2 1-544
2026-10-06 08:22:39,904 INFO o.a.j.t.JMeterThread: Stopping because end time detected by thread: S2 1-849
2026-10-06 08:22:39,904 INFO o.a.j.t.JMeterThread: Thread finished: S2 1-849
2026-10-06 08:22:39,912 INFO o.a.j.t.JMeterThread: Stopping because end time detected by thread: S2 1-2
2026-10-06 08:22:39,913 INFO o.a.j.t.JMeterThread: Thread finished: S2 1-2
2026-10-06 08:22:39,927 INFO o.a.j.t.JMeterThread: Stopping because end time detected by thread: S2 1-546
2026-10-06 08:22:39,927 INFO o.a.j.t.JMeterThread: Thread finished: S2 1-546
2026-10-06 08:22:39,937 INFO o.a.j.t.JMeterThread: Stopping because end time detected by thread: S2 1-158
2026-10-06 08:22:39,937 INFO o.a.j.t.JMeterThread: Thread finished: S2 1-158
2026-10-06 08:22:39,941 INFO o.a.j.t.JMeterThread: Stopping because end time detected by thread: S2 1-846
2026-10-06 08:22:39,941 INFO o.a.j.t.JMeterThread: Thread finished: S2 1-846
2026-10-06 08:22:39,953 INFO o.a.j.t.JMeterThread: Stopping because end time detected by thread: S2 1-852
2026-10-06 08:22:39,953 INFO o.a.j.t.JMeterThread: Thread finished: S2 1-852
2026-10-06 08:22:39,956 INFO o.a.j.t.JMeterThread: Stopping because end time detected by thread: S2 1-851
2026-10-06 08:22:39,956 INFO o.a.j.t.JMeterThread: Thread finished: S2 1-851
2026-10-06 08:22:39,957 INFO o.a.j.t.JMeterThread: Stopping because end time detected by thread: S2 1-159
2026-10-06 08:22:39,957 INFO o.a.j.t.JMeterThread: Thread finished: S2 1-159
2026-10-06 08:22:39,967 INFO o.a.j.t.JMeterThread: Stopping because end time detected by thread: S2 1-548
2026-10-06 08:22:39,968 INFO o.a.j.t.JMeterThread: Thread finished: S2 1-548
2026-10-06 08:22:39,286 INFO o.a.j.t.JMeterThread: Stopping because end time detected by thread: S2 1-296
2026-10-06 08:22:39,286 INFO o.a.j.t.JMeterThread: Thread finished: S2 1-296
2026-10-06 08:22:39,294 INFO o.a.j.t.JMeterThread: Stopping because end time detected by thread: S2 1-298
2026-10-06 08:22:39,295 INFO o.a.j.t.JMeterThread: Thread finished: S2 1-298
2026-10-06 08:22:39,299 INFO o.a.j.t.JMeterThread: Stopping because end time detected by thread: S2 1-853
2026-10-06 08:22:39,299 INFO o.a.j.t.JMeterThread: Thread finished: S2 1-853
2026-10-06 08:22:39,305 INFO o.a.j.t.JMeterThread: Stopping because end time detected by thread: S2 1-855
2026-10-06 08:22:39,305 INFO o.a.j.t.JMeterThread: Thread finished: S2 1-855
2026-10-06 08:22:39,310 INFO o.a.j.t.JMeterThread: Stopping because end time detected by thread: S2 1-854
2026-10-06 08:22:39,310 INFO o.a.j.t.JMeterThread: Thread finished: S2 1-854
2026-10-06 08:22:38,390 INFO o.a.j.t.JMeterThread: Stopping because end time detected by thread: S2 1-549
2026-10-06 08:22:38,390 INFO o.a.j.t.JMeterThread: Thread finished: S2 1-549
2026-10-06 08:22:38,390 INFO o.a.j.t.JMeterThread: Stopping because end time detected by thread: S2 1-547
2026-10-06 08:22:38,390 INFO o.a.j.t.JMeterThread: Thread finished: S2 1-547
2026-10-06 08:22:38,391 INFO o.a.j.t.JMeterThread: Stopping because end time detected by thread: S2 1-160
2026-10-06 08:22:38,391 INFO o.a.j.t.JMeterThread: Thread finished: S2 1-160
2026-10-06 08:22:38,395 INFO o.a.j.t.JMeterThread: Stopping because end time detected by thread: S2 1-858
2026-10-06 08:22:38,395 INFO o.a.j.t.JMeterThread: Thread finished: S2 1-858
2026-10-06 08:22:38,429 INFO o.a.j.t.JMeterThread: Stopping because end time detected by thread: S2 1-859
2026-10-06 08:22:38,429 INFO o.a.j.t.JMeterThread: Thread finished: S2 1-859
2026-10-06 08:22:38,440 INFO o.a.j.t.JMeterThread: Stopping because end time detected by thread: S2 1-856
2026-10-06 08:22:38,440 INFO o.a.j.t.JMeterThread: Thread finished: S2 1-856
2026-10-06 08:22:38,444 INFO o.a.j.t.JMeterThread: Stopping because end time detected by thread: S2 1-857
2026-10-06 08:22:38,444 INFO o.a.j.t.JMeterThread: Thread finished: S2 1-857
2026-10-06 08:22:38,445 INFO o.a.j.t.JMeterThread: Stopping because end time detected by thread: S2 1-550
2026-10-06 08:22:38,445 INFO o.a.j.t.JMeterThread: Thread finished: S2 1-550
2026-10-06 08:22:38,461 INFO o.a.j.t.JMeterThread: Stopping because end time detected by thread: S2 1-861
2026-10-06 08:22:38,461 INFO o.a.j.t.JMeterThread: Thread finished: S2 1-861
2026-10-06 08:22:38,462 INFO o.a.j.t.JMeterThread: Stopping because end time detected by thread: S2 1-297
2026-10-06 08:22:38,462 INFO o.a.j.t.JMeterThread: Thread finished: S2 1-297
2026-10-06 08:22:38,480 INFO o.a.j.t.JMeterThread: Stopping because end time detected by thread: S2 1-862
2026-10-06 08:22:38,480 INFO o.a.j.t.JMeterThread: Thread finished: S2 1-862
2026-10-06 08:22:38,483 INFO o.a.j.t.JMeterThread: Stopping because end time detected by thread: S2 1-551
2026-10-06 08:22:38,483 INFO o.a.j.t.JMeterThread: Thread finished: S2 1-551
2026-10-06 08:22:38,498 INFO o.a.j.t.JMeterThread: Stopping because end time detected by thread: S2 1-552
2026-10-06 08:22:38,498 INFO o.a.j.t.JMeterThread: Thread finished: S2 1-552
2026-10-06 08:22:38,501 INFO o.a.j.t.JMeterThread: Stopping because end time detected by thread: S2 1-161
2026-10-06 08:22:38,501 INFO o.a.j.t.JMeterThread: Thread finished: S2 1-161
2026-10-06 08:22:38,520 INFO o.a.j.t.JMeterThread: Stopping because end time detected by thread: S2 1-86
2026-10-06 08:22:38,520 INFO o.a.j.t.JMeterThread: Thread finished: S2 1-86
2026-10-06 08:22:38,522 INFO o.a.j.t.JMeterThread: Stopping because end time detected by thread: S2 1-860
2026-10-06 08:22:38,522 INFO o.a.j.t.JMeterThread: Thread finished: S2 1-860
2026-10-06 08:22:38,523 INFO o.a.j.t.JMeterThread: Stopping because end time detected by thread: S2 1-553
2026-10-06 08:22:38,523 INFO o.a.j.t.JMeterThread: Thread finished: S2 1-553
2026-10-06 08:22:38,535 INFO o.a.j.t.JMeterThread: Stopping because end time detected by thread: S2 1-863
2026-10-06 08:22:38,535 INFO o.a.j.t.JMeterThread: Thread finished: S2 1-863
2026-10-06 08:22:38,544 INFO o.a.j.t.JMeterThread: Stopping because end time detected by thread: S2 1-554
2026-10-06 08:22:38,544 INFO o.a.j.t.JMeterThread: Thread finished: S2 1-554
2026-10-06 08:22:38,556 INFO o.a.j.t.JMeterThread: Stopping because end time detected by thread: S2 1-865
2026-10-06 08:22:38,556 INFO o.a.j.t.JMeterThread: Thread finished: S2 1-865
2026-10-06 08:22:38,559 INFO o.a.j.t.JMeterThread: Stopping because end time detected by thread: S2 1-40
2026-10-06 08:22:38,559 INFO o.a.j.t.JMeterThread: Thread finished: S2 1-40
2026-10-06 08:22:38,559 INFO o.a.j.t.JMeterThread: Stopping because end time detected by thread: S2 1-299
2026-10-06 08:22:38,559 INFO o.a.j.t.JMeterThread: Thread finished: S2 1-299
2026-10-06 08:22:38,576 INFO o.a.j.t.JMeterThread: Stopping because end time detected by thread: S2 1-300
2026-10-06 08:22:38,576 INFO o.a.j.t.JMeterThread: Thread finished: S2 1-300
2026-10-06 08:22:38,580 INFO o.a.j.t.JMeterThread: Stopping because end time detected by thread: S2 1-301
2026-10-06 08:22:38,580 INFO o.a.j.t.JMeterThread: Thread finished: S2 1-301
2026-10-06 08:22:38,597 INFO o.a.j.t.JMeterThread: Stopping because end time detected by thread: S2 1-864
2026-10-06 08:22:38,597 INFO o.a.j.t.JMeterThread: Thread finished: S2 1-864
2026-10-06 08:22:38,602 INFO o.a.j.t.JMeterThread: Stopping because end time detected by thread: S2 1-868
2026-10-06 08:22:38,602 INFO o.a.j.t.JMeterThread: Thread finished: S2 1-868
2026-10-06 08:22:38,605 INFO o.a.j.t.JMeterThread: Stopping because end time detected by thread: S2 1-555
2026-10-06 08:22:38,605 INFO o.a.j.t.JMeterThread: Thread finished: S2 1-555
2026-10-06 08:22:38,608 INFO o.a.j.t.JMeterThread: Stopping because end time detected by thread: S2 1-869
2026-10-06 08:22:38,608 INFO o.a.j.t.JMeterThread: Thread finished: S2 1-869
2026-10-06 08:22:38,615 INFO o.a.j.t.JMeterThread: Stopping because end time detected by thread: S2 1-866
2026-10-06 08:22:38,615 INFO o.a.j.t.JMeterThread: Thread finished: S2 1-866
2026-10-06 08:22:38,628 INFO o.a.j.t.JMeterThread: Stopping because end time detected by thread: S2 1-871
2026-10-06 08:22:38,628 INFO o.a.j.t.JMeterThread: Thread finished: S2 1-871
2026-10-06 08:22:38,632 INFO o.a.j.t.JMeterThread: Stopping because end time detected by thread: S2 1-85
2026-10-06 08:22:38,632 INFO o.a.j.t.JMeterThread: Thread finished: S2 1-85
2026-10-06 08:22:38,655 INFO o.a.j.t.JMeterThread: Stopping because end time detected by thread: S2 1-558
2026-10-06 08:22:38,655 INFO o.a.j.t.JMeterThread: Stopping because end time detected by thread: S2 1-870
2026-10-06 08:22:38,655 INFO o.a.j.t.JMeterThread: Thread finished: S2 1-558
2026-10-06 08:22:38,655 INFO o.a.j.t.JMeterThread: Thread finished: S2 1-870
2026-10-06 08:22:38,657 INFO o.a.j.t.JMeterThread: Stopping because end time detected by thread: S2 1-556
2026-10-06 08:22:38,657 INFO o.a.j.t.JMeterThread: Thread finished: S2 1-556
2026-10-06 08:22:38,657 INFO o.a.j.t.JMeterThread: Stopping because end time detected by thread: S2 1-867
2026-10-06 08:22:38,657 INFO o.a.j.t.JMeterThread: Thread finished: S2 1-867
2026-10-06 08:22:38,674 INFO o.a.j.t.JMeterThread: Stopping because end time detected by thread: S2 1-162
2026-10-06 08:22:38,674 INFO o.a.j.t.JMeterThread: Thread finished: S2 1-162
2026-10-06 08:22:38,676 INFO o.a.j.t.JMeterThread: Stopping because end time detected by thread: S2 1-557
2026-10-06 08:22:38,676 INFO o.a.j.t.JMeterThread: Thread finished: S2 1-557
2026-10-06 08:22:38,705 INFO o.a.j.t.JMeterThread: Stopping because end time detected by thread: S2 1-559
2026-10-06 08:22:38,705 INFO o.a.j.t.JMeterThread: Thread finished: S2 1-559
2026-10-06 08:22:38,706 INFO o.a.j.t.JMeterThread: Stopping because end time detected by thread: S2 1-874
2026-10-06 08:22:38,706 INFO o.a.j.t.JMeterThread: Thread finished: S2 1-874
2026-10-06 08:22:38,711 INFO o.a.j.t.JMeterThread: Stopping because end time detected by thread: S2 1-872
2026-10-06 08:22:38,711 INFO o.a.j.t.JMeterThread: Thread finished: S2 1-872
2026-10-06 08:22:38,712 INFO o.a.j.t.JMeterThread: Stopping because end time detected by thread: S2 1-873
2026-10-06 08:22:38,712 INFO o.a.j.t.JMeterThread: Thread finished: S2 1-873
2026-10-06 08:22:38,734 INFO o.a.j.t.JMeterThread: Stopping because end time detected by thread: S2 1-875
2026-10-06 08:22:38,735 INFO o.a.j.t.JMeterThread: Thread finished: S2 1-875
2026-10-06 08:22:38,736 INFO o.a.j.t.JMeterThread: Stopping because end time detected by thread: S2 1-303
2026-10-06 08:22:38,736 INFO o.a.j.t.JMeterThread: Thread finished: S2 1-303
2026-10-06 08:22:38,739 INFO o.a.j.t.JMeterThread: Stopping because end time detected by thread: S2 1-876
2026-10-06 08:22:38,739 INFO o.a.j.t.JMeterThread: Thread finished: S2 1-876
2026-10-06 08:22:38,756 INFO o.a.j.t.JMeterThread: Stopping because end time detected by thread: S2 1-878
2026-10-06 08:22:38,756 INFO o.a.j.t.JMeterThread: Thread finished: S2 1-878
2026-10-06 08:22:38,759 INFO o.a.j.t.JMeterThread: Stopping because end time detected by thread: S2 1-302
2026-10-06 08:22:38,759 INFO o.a.j.t.JMeterThread: Thread finished: S2 1-302
2026-10-06 08:22:38,763 INFO o.a.j.t.JMeterThread: Stopping because end time detected by thread: S2 1-561
2026-10-06 08:22:38,763 INFO o.a.j.t.JMeterThread: Thread finished: S2 1-561
2026-10-06 08:22:38,782 INFO o.a.j.t.JMeterThread: Stopping because end time detected by thread: S2 1-87
2026-10-06 08:22:38,782 INFO o.a.j.t.JMeterThread: Thread finished: S2 1-87
2026-10-06 08:22:38,790 INFO o.a.j.t.JMeterThread: Stopping because end time detected by thread: S2 1-560
2026-10-06 08:22:38,790 INFO o.a.j.t.JMeterThread: Thread finished: S2 1-560
2026-10-06 08:22:38,794 INFO o.a.j.t.JMeterThread: Stopping because end time detected by thread: S2 1-880
2026-10-06 08:22:38,794 INFO o.a.j.t.JMeterThread: Thread finished: S2 1-880
2026-10-06 08:22:38,803 INFO o.a.j.t.JMeterThread: Stopping because end time detected by thread: S2 1-877
2026-10-06 08:22:38,803 INFO o.a.j.t.JMeterThread: Thread finished: S2 1-877
2026-10-06 08:22:38,811 INFO o.a.j.t.JMeterThread: Stopping because end time detected by thread: S2 1-879
2026-10-06 08:22:38,811 INFO o.a.j.t.JMeterThread: Thread finished: S2 1-879
2026-10-06 08:22:38,819 INFO o.a.j.t.JMeterThread: Stopping because end time detected by thread: S2 1-305
2026-10-06 08:22:38,819 INFO o.a.j.t.JMeterThread: Thread finished: S2 1-305
2026-10-06 08:22:38,823 INFO o.a.j.t.JMeterThread: Stopping because end time detected by thread: S2 1-881
2026-10-06 08:22:38,823 INFO o.a.j.t.JMeterThread: Thread finished: S2 1-881
2026-10-06 08:22:38,829 INFO o.a.j.t.JMeterThread: Stopping because end time detected by thread: S2 1-18
2026-10-06 08:22:38,829 INFO o.a.j.t.JMeterThread: Thread finished: S2 1-18
2026-10-06 08:22:38,830 INFO o.a.j.t.JMeterThread: Stopping because end time detected by thread: S2 1-563
2026-10-06 08:22:38,830 INFO o.a.j.t.JMeterThread: Thread finished: S2 1-563
2026-10-06 08:22:38,841 INFO o.a.j.t.JMeterThread: Stopping because end time detected by thread: S2 1-562
2026-10-06 08:22:38,841 INFO o.a.j.t.JMeterThread: Thread finished: S2 1-562
2026-10-06 08:22:38,848 INFO o.a.j.t.JMeterThread: Stopping because end time detected by thread: S2 1-882
2026-10-06 08:22:38,848 INFO o.a.j.t.JMeterThread: Thread finished: S2 1-882
2026-10-06 08:22:38,853 INFO o.a.j.t.JMeterThread: Stopping because end time detected by thread: S2 1-164
2026-10-06 08:22:38,853 INFO o.a.j.t.JMeterThread: Thread finished: S2 1-164
2026-10-06 08:22:38,863 INFO o.a.j.t.JMeterThread: Stopping because end time detected by thread: S2 1-883
2026-10-06 08:22:38,863 INFO o.a.j.t.JMeterThread: Thread finished: S2 1-883
2026-10-06 08:22:38,875 INFO o.a.j.t.JMeterThread: Stopping because end time detected by thread: S2 1-885
2026-10-06 08:22:38,875 INFO o.a.j.t.JMeterThread: Thread finished: S2 1-885
2026-10-06 08:22:38,891 INFO o.a.j.t.JMeterThread: Stopping because end time detected by thread: S2 1-887
2026-10-06 08:22:38,891 INFO o.a.j.t.JMeterThread: Stopping because end time detected by thread: S2 1-564
2026-10-06 08:22:38,891 INFO o.a.j.t.JMeterThread: Thread finished: S2 1-887
2026-10-06 08:22:38,891 INFO o.a.j.t.JMeterThread: Thread finished: S2 1-564
2026-10-06 08:22:38,891 INFO o.a.j.t.JMeterThread: Stopping because end time detected by thread: S2 1-884
2026-10-06 08:22:38,891 INFO o.a.j.t.JMeterThread: Thread finished: S2 1-884
2026-10-06 08:22:38,924 INFO o.a.j.t.JMeterThread: Stopping because end time detected by thread: S2 1-163
2026-10-06 08:22:38,924 INFO o.a.j.t.JMeterThread: Stopping because end time detected by thread: S2 1-304
2026-10-06 08:22:38,924 INFO o.a.j.t.JMeterThread: Thread finished: S2 1-304
2026-10-06 08:22:38,924 INFO o.a.j.t.JMeterThread: Thread finished: S2 1-163
2026-10-06 08:22:38,926 INFO o.a.j.t.JMeterThread: Stopping because end time detected by thread: S2 1-886
2026-10-06 08:22:38,926 INFO o.a.j.t.JMeterThread: Thread finished: S2 1-886
2026-10-06 08:22:38,938 INFO o.a.j.t.JMeterThread: Stopping because end time detected by thread: S2 1-17
2026-10-06 08:22:38,938 INFO o.a.j.t.JMeterThread: Thread finished: S2 1-17
2026-10-06 08:22:38,946 INFO o.a.j.t.JMeterThread: Stopping because end time detected by thread: S2 1-565
2026-10-06 08:22:38,946 INFO o.a.j.t.JMeterThread: Thread finished: S2 1-565
2026-10-06 08:22:38,964 INFO o.a.j.t.JMeterThread: Stopping because end time detected by thread: S2 1-888
2026-10-06 08:22:38,964 INFO o.a.j.t.JMeterThread: Thread finished: S2 1-888
2026-10-06 08:22:38,964 INFO o.a.j.t.JMeterThread: Stopping because end time detected by thread: S2 1-566
2026-10-06 08:22:38,964 INFO o.a.j.t.JMeterThread: Thread finished: S2 1-566
2026-10-06 08:22:38,965 INFO o.a.j.t.JMeterThread: Stopping because end time detected by thread: S2 1-306
2026-10-06 08:22:38,965 INFO o.a.j.t.JMeterThread: Thread finished: S2 1-306
2026-10-06 08:22:38,974 INFO o.a.j.t.JMeterThread: Stopping because end time detected by thread: S2 1-567
2026-10-06 08:22:38,974 INFO o.a.j.t.JMeterThread: Thread finished: S2 1-567
2026-10-06 08:22:38,983 INFO o.a.j.t.JMeterThread: Stopping because end time detected by thread: S2 1-90
2026-10-06 08:22:38,983 INFO o.a.j.t.JMeterThread: Thread finished: S2 1-90
2026-10-06 08:22:38,985 INFO o.a.j.t.JMeterThread: Stopping because end time detected by thread: S2 1-892
2026-10-06 08:22:38,985 INFO o.a.j.t.JMeterThread: Thread finished: S2 1-892
2026-10-06 08:22:38,994 INFO o.a.j.t.JMeterThread: Stopping because end time detected by thread: S2 1-568
2026-10-06 08:22:38,994 INFO o.a.j.t.JMeterThread: Thread finished: S2 1-568
2026-10-06 08:22:39,001 INFO o.a.j.t.JMeterThread: Stopping because end time detected by thread: S2 1-889
2026-10-06 08:22:39,002 INFO o.a.j.t.JMeterThread: Thread finished: S2 1-889
2026-10-06 08:22:39,006 INFO o.a.j.t.JMeterThread: Stopping because end time detected by thread: S2 1-894
2026-10-06 08:22:39,006 INFO o.a.j.t.JMeterThread: Thread finished: S2 1-894
2026-10-06 08:22:39,019 INFO o.a.j.t.JMeterThread: Stopping because end time detected by thread: S2 1-891
2026-10-06 08:22:39,019 INFO o.a.j.t.JMeterThread: Thread finished: S2 1-891
2026-10-06 08:22:39,028 INFO o.a.j.t.JMeterThread: Stopping because end time detected by thread: S2 1-893
2026-10-06 08:22:39,028 INFO o.a.j.t.JMeterThread: Thread finished: S2 1-893
2026-10-06 08:22:39,034 INFO o.a.j.t.JMeterThread: Stopping because end time detected by thread: S2 1-308
2026-10-06 08:22:39,034 INFO o.a.j.t.JMeterThread: Thread finished: S2 1-308
2026-10-06 08:22:39,037 INFO o.a.j.t.JMeterThread: Stopping because end time detected by thread: S2 1-571
2026-10-06 08:22:39,037 INFO o.a.j.t.JMeterThread: Thread finished: S2 1-571
2026-10-06 08:22:39,038 INFO o.a.j.t.JMeterThread: Stopping because end time detected by thread: S2 1-890
2026-10-06 08:22:39,038 INFO o.a.j.t.JMeterThread: Thread finished: S2 1-890
2026-10-06 08:22:39,049 INFO o.a.j.t.JMeterThread: Stopping because end time detected by thread: S2 1-570
2026-10-06 08:22:39,049 INFO o.a.j.t.JMeterThread: Thread finished: S2 1-570
2026-10-06 08:22:39,061 INFO o.a.j.t.JMeterThread: Stopping because end time detected by thread: S2 1-165
2026-10-06 08:22:39,062 INFO o.a.j.t.JMeterThread: Thread finished: S2 1-165
2026-10-06 08:22:39,071 INFO o.a.j.t.JMeterThread: Stopping because end time detected by thread: S2 1-569
2026-10-06 08:22:39,071 INFO o.a.j.t.JMeterThread: Thread finished: S2 1-569
2026-10-06 08:22:39,073 INFO o.a.j.t.JMeterThread: Stopping because end time detected by thread: S2 1-895
2026-10-06 08:22:39,073 INFO o.a.j.t.JMeterThread: Thread finished: S2 1-895
2026-10-06 08:22:39,074 INFO o.a.j.t.JMeterThread: Stopping because end time detected by thread: S2 1-898
2026-10-06 08:22:39,074 INFO o.a.j.t.JMeterThread: Thread finished: S2 1-898
2026-10-06 08:22:39,095 INFO o.a.j.t.JMeterThread: Stopping because end time detected by thread: S2 1-897
2026-10-06 08:22:39,096 INFO o.a.j.t.JMeterThread: Thread finished: S2 1-897
2026-10-06 08:22:39,104 INFO o.a.j.t.JMeterThread: Stopping because end time detected by thread: S2 1-307
2026-10-06 08:22:39,104 INFO o.a.j.t.JMeterThread: Thread finished: S2 1-307
2026-10-06 08:22:39,105 INFO o.a.j.t.JMeterThread: Stopping because end time detected by thread: S2 1-899
2026-10-06 08:22:39,105 INFO o.a.j.t.JMeterThread: Thread finished: S2 1-899
2026-10-06 08:22:39,125 INFO o.a.j.t.JMeterThread: Stopping because end time detected by thread: S2 1-896
2026-10-06 08:22:39,125 INFO o.a.j.t.JMeterThread: Thread finished: S2 1-896
2026-10-06 08:22:39,128 INFO o.a.j.t.JMeterThread: Stopping because end time detected by thread: S2 1-41
2026-10-06 08:22:39,129 INFO o.a.j.t.JMeterThread: Thread finished: S2 1-41
2026-10-06 08:22:39,129 INFO o.a.j.t.JMeterThread: Stopping because end time detected by thread: S2 1-901
2026-10-06 08:22:39,129 INFO o.a.j.t.JMeterThread: Thread finished: S2 1-901
2026-10-06 08:22:39,143 INFO o.a.j.t.JMeterThread: Stopping because end time detected by thread: S2 1-572
2026-10-06 08:22:39,143 INFO o.a.j.t.JMeterThread: Thread finished: S2 1-572
2026-10-06 08:22:39,146 INFO o.a.j.t.JMeterThread: Stopping because end time detected by thread: S2 1-309
2026-10-06 08:22:39,146 INFO o.a.j.t.JMeterThread: Thread finished: S2 1-309
2026-10-06 08:22:39,166 INFO o.a.j.t.JMeterThread: Stopping because end time detected by thread: S2 1-573
2026-10-06 08:22:39,166 INFO o.a.j.t.JMeterThread: Stopping because end time detected by thread: S2 1-904
2026-10-06 08:22:39,166 INFO o.a.j.t.JMeterThread: Thread finished: S2 1-573
2026-10-06 08:22:39,166 INFO o.a.j.t.JMeterThread: Thread finished: S2 1-904
2026-10-06 08:22:39,174 INFO o.a.j.t.JMeterThread: Stopping because end time detected by thread: S2 1-900
2026-10-06 08:22:39,174 INFO o.a.j.t.JMeterThread: Thread finished: S2 1-900
2026-10-06 08:22:39,187 INFO o.a.j.t.JMeterThread: Stopping because end time detected by thread: S2 1-902
2026-10-06 08:22:39,187 INFO o.a.j.t.JMeterThread: Thread finished: S2 1-902
2026-10-06 08:22:39,196 INFO o.a.j.t.JMeterThread: Stopping because end time detected by thread: S2 1-1
2026-10-06 08:22:39,197 INFO o.a.j.t.JMeterThread: Thread finished: S2 1-1
2026-10-06 08:22:39,204 INFO o.a.j.t.JMeterThread: Stopping because end time detected by thread: S2 1-903
2026-10-06 08:22:39,204 INFO o.a.j.t.JMeterThread: Thread finished: S2 1-903
2026-10-06 08:22:39,207 INFO o.a.j.t.JMeterThread: Stopping because end time detected by thread: S2 1-575
2026-10-06 08:22:39,207 INFO o.a.j.t.JMeterThread: Thread finished: S2 1-575
2026-10-06 08:22:39,209 INFO o.a.j.t.JMeterThread: Stopping because end time detected by thread: S2 1-574
2026-10-06 08:22:39,209 INFO o.a.j.t.JMeterThread: Thread finished: S2 1-574
2026-10-06 08:22:39,222 INFO o.a.j.t.JMeterThread: Stopping because end time detected by thread: S2 1-310
2026-10-06 08:22:39,222 INFO o.a.j.t.JMeterThread: Thread finished: S2 1-310
2026-10-06 08:22:39,239 INFO o.a.j.t.JMeterThread: Stopping because end time detected by thread: S2 1-88
2026-10-06 08:22:39,239 INFO o.a.j.t.JMeterThread: Thread finished: S2 1-88
2026-10-06 08:22:39,240 INFO o.a.j.t.JMeterThread: Stopping because end time detected by thread: S2 1-906
2026-10-06 08:22:39,240 INFO o.a.j.t.JMeterThread: Thread finished: S2 1-906
2026-10-06 08:22:39,242 INFO o.a.j.t.JMeterThread: Stopping because end time detected by thread: S2 1-905
2026-10-06 08:22:39,242 INFO o.a.j.t.JMeterThread: Thread finished: S2 1-905
2026-10-06 08:22:39,246 INFO o.a.j.t.JMeterThread: Stopping because end time detected by thread: S2 1-167
2026-10-06 08:22:39,247 INFO o.a.j.t.JMeterThread: Thread finished: S2 1-167
2026-10-06 08:22:39,258 INFO o.a.j.t.JMeterThread: Stopping because end time detected by thread: S2 1-908
2026-10-06 08:22:39,258 INFO o.a.j.t.JMeterThread: Thread finished: S2 1-908
2026-10-06 08:22:39,263 INFO o.a.j.t.JMeterThread: Stopping because end time detected by thread: S2 1-577
2026-10-06 08:22:39,263 INFO o.a.j.t.JMeterThread: Thread finished: S2 1-577
2026-10-06 08:22:39,273 INFO o.a.j.t.JMeterThread: Stopping because end time detected by thread: S2 1-311
2026-10-06 08:22:39,273 INFO o.a.j.t.JMeterThread: Thread finished: S2 1-311
2026-10-06 08:22:39,280 INFO o.a.j.t.JMeterThread: Stopping because end time detected by thread: S2 1-578
2026-10-06 08:22:39,280 INFO o.a.j.t.JMeterThread: Thread finished: S2 1-578
2026-10-06 08:22:39,283 INFO o.a.j.t.JMeterThread: Stopping because end time detected by thread: S2 1-576
2026-10-06 08:22:39,283 INFO o.a.j.t.JMeterThread: Thread finished: S2 1-576
2026-10-06 08:22:39,302 INFO o.a.j.t.JMeterThread: Stopping because end time detected by thread: S2 1-910
2026-10-06 08:22:39,302 INFO o.a.j.t.JMeterThread: Thread finished: S2 1-910
2026-10-06 08:22:39,302 INFO o.a.j.t.JMeterThread: Stopping because end time detected by thread: S2 1-907
2026-10-06 08:22:39,302 INFO o.a.j.t.JMeterThread: Thread finished: S2 1-907
2026-10-06 08:22:39,322 INFO o.a.j.t.JMeterThread: Stopping because end time detected by thread: S2 1-911
2026-10-06 08:22:39,322 INFO o.a.j.t.JMeterThread: Thread finished: S2 1-911
2026-10-06 08:22:39,324 INFO o.a.j.t.JMeterThread: Stopping because end time detected by thread: S2 1-909
2026-10-06 08:22:39,324 INFO o.a.j.t.JMeterThread: Thread finished: S2 1-909
2026-10-06 08:22:39,325 INFO o.a.j.t.JMeterThread: Stopping because end time detected by thread: S2 1-166
2026-10-06 08:22:39,325 INFO o.a.j.t.JMeterThread: Thread finished: S2 1-166
2026-10-06 08:22:39,342 INFO o.a.j.t.JMeterThread: Stopping because end time detected by thread: S2 1-19
2026-10-06 08:22:39,342 INFO o.a.j.t.JMeterThread: Thread finished: S2 1-19
2026-10-06 08:22:39,342 INFO o.a.j.t.JMeterThread: Stopping because end time detected by thread: S2 1-580
2026-10-06 08:22:39,342 INFO o.a.j.t.JMeterThread: Thread finished: S2 1-580
2026-10-06 08:22:39,347 INFO o.a.j.t.JMeterThread: Stopping because end time detected by thread: S2 1-913
2026-10-06 08:22:39,348 INFO o.a.j.t.JMeterThread: Thread finished: S2 1-913
2026-10-06 08:22:39,366 INFO o.a.j.t.JMeterThread: Stopping because end time detected by thread: S2 1-579
2026-10-06 08:22:39,366 INFO o.a.j.t.JMeterThread: Thread finished: S2 1-579
2026-10-06 08:22:39,376 INFO o.a.j.t.JMeterThread: Stopping because end time detected by thread: S2 1-168
2026-10-06 08:22:39,376 INFO o.a.j.t.JMeterThread: Thread finished: S2 1-168
2026-10-06 08:22:39,392 INFO o.a.j.t.JMeterThread: Stopping because end time detected by thread: S2 1-912
2026-10-06 08:22:39,392 INFO o.a.j.t.JMeterThread: Thread finished: S2 1-912
2026-10-06 08:22:39,397 INFO o.a.j.t.JMeterThread: Stopping because end time detected by thread: S2 1-915
2026-10-06 08:22:39,397 INFO o.a.j.t.JMeterThread: Thread finished: S2 1-915
2026-10-06 08:22:39,398 INFO o.a.j.t.JMeterThread: Stopping because end time detected by thread: S2 1-914
2026-10-06 08:22:39,398 INFO o.a.j.t.JMeterThread: Thread finished: S2 1-914
2026-10-06 08:22:39,411 INFO o.a.j.t.JMeterThread: Stopping because end time detected by thread: S2 1-312
2026-10-06 08:22:39,411 INFO o.a.j.t.JMeterThread: Thread finished: S2 1-312
2026-10-06 08:22:39,422 INFO o.a.j.t.JMeterThread: Stopping because end time detected by thread: S2 1-169
2026-10-06 08:22:39,422 INFO o.a.j.t.JMeterThread: Thread finished: S2 1-169
2026-10-06 08:22:39,428 INFO o.a.j.t.JMeterThread: Stopping because end time detected by thread: S2 1-916
2026-10-06 08:22:39,428 INFO o.a.j.t.JMeterThread: Thread finished: S2 1-916
2026-10-06 08:22:39,445 INFO o.a.j.t.JMeterThread: Stopping because end time detected by thread: S2 1-581
2026-10-06 08:22:39,445 INFO o.a.j.t.JMeterThread: Thread finished: S2 1-581
2026-10-06 08:22:39,447 INFO o.a.j.t.JMeterThread: Stopping because end time detected by thread: S2 1-314
2026-10-06 08:22:39,447 INFO o.a.j.t.JMeterThread: Thread finished: S2 1-314
2026-10-06 08:22:39,465 INFO o.a.j.t.JMeterThread: Stopping because end time detected by thread: S2 1-313
2026-10-06 08:22:39,465 INFO o.a.j.t.JMeterThread: Stopping because end time detected by thread: S2 1-919
2026-10-06 08:22:39,465 INFO o.a.j.t.JMeterThread: Thread finished: S2 1-313
2026-10-06 08:22:39,465 INFO o.a.j.t.JMeterThread: Thread finished: S2 1-919
2026-10-06 08:22:39,482 INFO o.a.j.t.JMeterThread: Stopping because end time detected by thread: S2 1-917
2026-10-06 08:22:39,482 INFO o.a.j.t.JMeterThread: Thread finished: S2 1-917
2026-10-06 08:22:39,494 INFO o.a.j.t.JMeterThread: Stopping because end time detected by thread: S2 1-89
2026-10-06 08:22:39,494 INFO o.a.j.t.JMeterThread: Thread finished: S2 1-89
2026-10-06 08:22:39,498 INFO o.a.j.t.JMeterThread: Stopping because end time detected by thread: S2 1-924
2026-10-06 08:22:39,498 INFO o.a.j.t.JMeterThread: Thread finished: S2 1-924
2026-10-06 08:22:39,501 INFO o.a.j.t.JMeterThread: Stopping because end time detected by thread: S2 1-920
2026-10-06 08:22:39,501 INFO o.a.j.t.JMeterThread: Thread finished: S2 1-920
2026-10-06 08:22:39,516 INFO o.a.j.t.JMeterThread: Stopping because end time detected by thread: S2 1-918
2026-10-06 08:22:39,516 INFO o.a.j.t.JMeterThread: Thread finished: S2 1-918
2026-10-06 08:22:39,519 INFO o.a.j.t.JMeterThread: Stopping because end time detected by thread: S2 1-584
2026-10-06 08:22:39,519 INFO o.a.j.t.JMeterThread: Thread finished: S2 1-584
2026-10-06 08:22:39,523 INFO o.a.j.t.JMeterThread: Stopping because end time detected by thread: S2 1-582
2026-10-06 08:22:39,523 INFO o.a.j.t.JMeterThread: Thread finished: S2 1-582
2026-10-06 08:22:39,541 INFO o.a.j.t.JMeterThread: Stopping because end time detected by thread: S2 1-921
2026-10-06 08:22:39,541 INFO o.a.j.t.JMeterThread: Thread finished: S2 1-921
2026-10-06 08:22:39,547 INFO o.a.j.t.JMeterThread: Stopping because end time detected by thread: S2 1-315
2026-10-06 08:22:39,547 INFO o.a.j.t.JMeterThread: Thread finished: S2 1-315
2026-10-06 08:22:39,555 INFO o.a.j.t.JMeterThread: Stopping because end time detected by thread: S2 1-922
2026-10-06 08:22:39,556 INFO o.a.j.t.JMeterThread: Thread finished: S2 1-922
2026-10-06 08:22:39,562 INFO o.a.j.t.JMeterThread: Stopping because end time detected by thread: S2 1-925
2026-10-06 08:22:39,563 INFO o.a.j.t.JMeterThread: Thread finished: S2 1-925
2026-10-06 08:22:39,565 INFO o.a.j.t.JMeterThread: Stopping because end time detected by thread: S2 1-91
2026-10-06 08:22:39,565 INFO o.a.j.t.JMeterThread: Thread finished: S2 1-91
2026-10-06 08:22:39,575 INFO o.a.j.t.JMeterThread: Stopping because end time detected by thread: S2 1-42
2026-10-06 08:22:39,576 INFO o.a.j.t.JMeterThread: Thread finished: S2 1-42
2026-10-06 08:22:39,592 INFO o.a.j.t.JMeterThread: Stopping because end time detected by thread: S2 1-583
2026-10-06 08:22:39,592 INFO o.a.j.t.JMeterThread: Thread finished: S2 1-583
2026-10-06 08:22:39,595 INFO o.a.j.t.JMeterThread: Stopping because end time detected by thread: S2 1-585
2026-10-06 08:22:39,595 INFO o.a.j.t.JMeterThread: Thread finished: S2 1-585
2026-10-06 08:22:39,601 INFO o.a.j.t.JMeterThread: Stopping because end time detected by thread: S2 1-586
2026-10-06 08:22:39,601 INFO o.a.j.t.JMeterThread: Thread finished: S2 1-586
2026-10-06 08:22:39,612 INFO o.a.j.t.JMeterThread: Stopping because end time detected by thread: S2 1-926
2026-10-06 08:22:39,612 INFO o.a.j.t.JMeterThread: Thread finished: S2 1-926
2026-10-06 08:22:39,613 INFO o.a.j.t.JMeterThread: Stopping because end time detected by thread: S2 1-316
2026-10-06 08:22:39,613 INFO o.a.j.t.JMeterThread: Thread finished: S2 1-316
2026-10-06 08:22:39,613 INFO o.a.j.t.JMeterThread: Stopping because end time detected by thread: S2 1-923
2026-10-06 08:22:39,613 INFO o.a.j.t.JMeterThread: Thread finished: S2 1-923
2026-10-06 08:22:39,627 INFO o.a.j.t.JMeterThread: Stopping because end time detected by thread: S2 1-930
2026-10-06 08:22:39,627 INFO o.a.j.t.JMeterThread: Thread finished: S2 1-930
2026-10-06 08:22:39,632 INFO o.a.j.t.JMeterThread: Stopping because end time detected by thread: S2 1-927
2026-10-06 08:22:39,632 INFO o.a.j.t.JMeterThread: Thread finished: S2 1-927
2026-10-06 08:22:39,651 INFO o.a.j.t.JMeterThread: Stopping because end time detected by thread: S2 1-587
2026-10-06 08:22:39,651 INFO o.a.j.t.JMeterThread: Thread finished: S2 1-587
2026-10-06 08:22:39,659 INFO o.a.j.t.JMeterThread: Stopping because end time detected by thread: S2 1-928
2026-10-06 08:22:39,659 INFO o.a.j.t.JMeterThread: Thread finished: S2 1-928
2026-10-06 08:22:39,663 INFO o.a.j.t.JMeterThread: Stopping because end time detected by thread: S2 1-589
2026-10-06 08:22:39,663 INFO o.a.j.t.JMeterThread: Thread finished: S2 1-589
2026-10-06 08:22:39,664 INFO o.a.j.t.JMeterThread: Stopping because end time detected by thread: S2 1-929
2026-10-06 08:22:39,664 INFO o.a.j.t.JMeterThread: Thread finished: S2 1-929
2026-10-06 08:22:39,683 INFO o.a.j.t.JMeterThread: Stopping because end time detected by thread: S2 1-931
2026-10-06 08:22:39,684 INFO o.a.j.t.JMeterThread: Thread finished: S2 1-931
2026-10-06 08:22:39,687 INFO o.a.j.t.JMeterThread: Stopping because end time detected by thread: S2 1-170
2026-10-06 08:22:39,687 INFO o.a.j.t.JMeterThread: Thread finished: S2 1-170
2026-10-06 08:22:39,687 INFO o.a.j.t.JMeterThread: Stopping because end time detected by thread: S2 1-318
2026-10-06 08:22:39,688 INFO o.a.j.t.JMeterThread: Thread finished: S2 1-318
2026-10-06 08:22:39,698 INFO o.a.j.t.JMeterThread: Stopping because end time detected by thread: S2 1-590
2026-10-06 08:22:39,698 INFO o.a.j.t.JMeterThread: Thread finished: S2 1-590
2026-10-06 08:22:39,713 INFO o.a.j.t.JMeterThread: Stopping because end time detected by thread: S2 1-171
2026-10-06 08:22:39,713 INFO o.a.j.t.JMeterThread: Thread finished: S2 1-171
2026-10-06 08:22:39,714 INFO o.a.j.t.JMeterThread: Stopping because end time detected by thread: S2 1-588
2026-10-06 08:22:39,714 INFO o.a.j.t.JMeterThread: Thread finished: S2 1-588
2026-10-06 08:22:39,727 INFO o.a.j.t.JMeterThread: Stopping because end time detected by thread: S2 1-932
2026-10-06 08:22:39,727 INFO o.a.j.t.JMeterThread: Thread finished: S2 1-932
2026-10-06 08:22:39,728 INFO o.a.j.t.JMeterThread: Stopping because end time detected by thread: S2 1-592
2026-10-06 08:22:39,728 INFO o.a.j.t.JMeterThread: Thread finished: S2 1-592
2026-10-06 08:22:39,735 INFO o.a.j.t.JMeterThread: Stopping because end time detected by thread: S2 1-935
2026-10-06 08:22:39,735 INFO o.a.j.t.JMeterThread: Thread finished: S2 1-935
2026-10-06 08:22:39,749 INFO o.a.j.t.JMeterThread: Stopping because end time detected by thread: S2 1-317
2026-10-06 08:22:39,749 INFO o.a.j.t.JMeterThread: Thread finished: S2 1-317
2026-10-06 08:22:39,749 INFO o.a.j.t.JMeterThread: Stopping because end time detected by thread: S2 1-320
2026-10-06 08:22:39,749 INFO o.a.j.t.JMeterThread: Thread finished: S2 1-320
2026-10-06 08:22:39,756 INFO o.a.j.t.JMeterThread: Stopping because end time detected by thread: S2 1-936
2026-10-06 08:22:39,756 INFO o.a.j.t.JMeterThread: Thread finished: S2 1-936
2026-10-06 08:22:39,756 INFO o.a.j.t.JMeterThread: Stopping because end time detected by thread: S2 1-933
2026-10-06 08:22:39,757 INFO o.a.j.t.JMeterThread: Thread finished: S2 1-933
2026-10-06 08:22:39,779 INFO o.a.j.t.JMeterThread: Stopping because end time detected by thread: S2 1-934
2026-10-06 08:22:39,779 INFO o.a.j.t.JMeterThread: Thread finished: S2 1-934
2026-10-06 08:22:39,781 INFO o.a.j.t.JMeterThread: Stopping because end time detected by thread: S2 1-594
2026-10-06 08:22:39,781 INFO o.a.j.t.JMeterThread: Thread finished: S2 1-594
2026-10-06 08:22:39,785 INFO o.a.j.t.JMeterThread: Stopping because end time detected by thread: S2 1-319
2026-10-06 08:22:39,785 INFO o.a.j.t.JMeterThread: Thread finished: S2 1-319
2026-10-06 08:22:39,787 INFO o.a.j.t.JMeterThread: Stopping because end time detected by thread: S2 1-939
2026-10-06 08:22:39,787 INFO o.a.j.t.JMeterThread: Thread finished: S2 1-939
2026-10-06 08:22:39,804 INFO o.a.j.t.JMeterThread: Stopping because end time detected by thread: S2 1-593
2026-10-06 08:22:39,804 INFO o.a.j.t.JMeterThread: Thread finished: S2 1-593
2026-10-06 08:22:39,826 INFO o.a.j.t.JMeterThread: Stopping because end time detected by thread: S2 1-43
2026-10-06 08:22:39,826 INFO o.a.j.t.JMeterThread: Thread finished: S2 1-43
2026-10-06 08:22:39,827 INFO o.a.j.t.JMeterThread: Stopping because end time detected by thread: S2 1-591
2026-10-06 08:22:39,827 INFO o.a.j.t.JMeterThread: Thread finished: S2 1-591
2026-10-06 08:22:39,828 INFO o.a.j.t.JMeterThread: Stopping because end time detected by thread: S2 1-937
2026-10-06 08:22:39,828 INFO o.a.j.t.JMeterThread: Thread finished: S2 1-937
2026-10-06 08:22:39,847 INFO o.a.j.t.JMeterThread: Stopping because end time detected by thread: S2 1-44
2026-10-06 08:22:39,848 INFO o.a.j.t.JMeterThread: Thread finished: S2 1-44
2026-10-06 08:22:39,864 INFO o.a.j.t.JMeterThread: Stopping because end time detected by thread: S2 1-942
2026-10-06 08:22:39,865 INFO o.a.j.t.JMeterThread: Thread finished: S2 1-942
2026-10-06 08:22:39,872 INFO o.a.j.t.JMeterThread: Stopping because end time detected by thread: S2 1-938
2026-10-06 08:22:39,872 INFO o.a.j.t.JMeterThread: Thread finished: S2 1-938
2026-10-06 08:22:39,872 INFO o.a.j.t.JMeterThread: Stopping because end time detected by thread: S2 1-941
2026-10-06 08:22:39,872 INFO o.a.j.t.JMeterThread: Thread finished: S2 1-941
2026-10-06 08:22:39,891 INFO o.a.j.t.JMeterThread: Stopping because end time detected by thread: S2 1-172
2026-10-06 08:22:39,891 INFO o.a.j.t.JMeterThread: Thread finished: S2 1-172
2026-10-06 08:22:39,892 INFO o.a.j.t.JMeterThread: Stopping because end time detected by thread: S2 1-940
2026-10-06 08:22:39,893 INFO o.a.j.t.JMeterThread: Thread finished: S2 1-940
2026-10-06 08:22:39,900 INFO o.a.j.t.JMeterThread: Stopping because end time detected by thread: S2 1-595
2026-10-06 08:22:39,900 INFO o.a.j.t.JMeterThread: Thread finished: S2 1-595
2026-10-06 08:22:39,914 INFO o.a.j.t.JMeterThread: Stopping because end time detected by thread: S2 1-596
2026-10-06 08:22:39,914 INFO o.a.j.t.JMeterThread: Thread finished: S2 1-596
2026-10-06 08:22:39,915 INFO o.a.j.t.JMeterThread: Stopping because end time detected by thread: S2 1-943
2026-10-06 08:22:39,915 INFO o.a.j.t.JMeterThread: Thread finished: S2 1-943
2026-10-06 08:22:39,916 INFO o.a.j.t.JMeterThread: Stopping because end time detected by thread: S2 1-92
2026-10-06 08:22:39,916 INFO o.a.j.t.JMeterThread: Thread finished: S2 1-92
2026-10-06 08:22:39,934 INFO o.a.j.t.JMeterThread: Stopping because end time detected by thread: S2 1-598
2026-10-06 08:22:39,934 INFO o.a.j.t.JMeterThread: Thread finished: S2 1-598
2026-10-06 08:22:39,941 INFO o.a.j.t.JMeterThread: Stopping because end time detected by thread: S2 1-946
2026-10-06 08:22:39,941 INFO o.a.j.t.JMeterThread: Stopping because end time detected by thread: S2 1-322
2026-10-06 08:22:39,941 INFO o.a.j.t.JMeterThread: Thread finished: S2 1-946
2026-10-06 08:22:39,941 INFO o.a.j.t.JMeterThread: Thread finished: S2 1-322
2026-10-06 08:22:39,954 INFO o.a.j.t.JMeterThread: Stopping because end time detected by thread: S2 1-944
2026-10-06 08:22:39,954 INFO o.a.j.t.JMeterThread: Thread finished: S2 1-944
2026-10-06 08:22:39,963 INFO o.a.j.t.JMeterThread: Stopping because end time detected by thread: S2 1-173
2026-10-06 08:22:39,963 INFO o.a.j.t.JMeterThread: Thread finished: S2 1-173
2026-10-06 08:22:39,967 INFO o.a.j.t.JMeterThread: Stopping because end time detected by thread: S2 1-597
2026-10-06 08:22:39,967 INFO o.a.j.t.JMeterThread: Stopping because end time detected by thread: S2 1-321
2026-10-06 08:22:39,967 INFO o.a.j.t.JMeterThread: Thread finished: S2 1-597
2026-10-06 08:22:39,967 INFO o.a.j.t.JMeterThread: Thread finished: S2 1-321
2026-10-06 08:22:39,979 INFO o.a.j.t.JMeterThread: Stopping because end time detected by thread: S2 1-945
2026-10-06 08:22:39,979 INFO o.a.j.t.JMeterThread: Thread finished: S2 1-945
2026-10-06 08:22:40,003 INFO o.a.j.t.JMeterThread: Stopping because end time detected by thread: S2 1-949
2026-10-06 08:22:40,003 INFO o.a.j.t.JMeterThread: Thread finished: S2 1-949
2026-10-06 08:22:40,005 INFO o.a.j.t.JMeterThread: Stopping because end time detected by thread: S2 1-599
2026-10-06 08:22:40,005 INFO o.a.j.t.JMeterThread: Thread finished: S2 1-599
2026-10-06 08:22:40,007 INFO o.a.j.t.JMeterThread: Stopping because end time detected by thread: S2 1-948
2026-10-06 08:22:40,007 INFO o.a.j.t.JMeterThread: Thread finished: S2 1-948
2026-10-06 08:22:40,009 INFO o.a.j.t.JMeterThread: Stopping because end time detected by thread: S2 1-947
2026-10-06 08:22:40,009 INFO o.a.j.t.JMeterThread: Thread finished: S2 1-947
2026-10-06 08:22:40,025 INFO o.a.j.t.JMeterThread: Stopping because end time detected by thread: S2 1-600
2026-10-06 08:22:40,025 INFO o.a.j.t.JMeterThread: Thread finished: S2 1-600
2026-10-06 08:22:40,025 INFO o.a.j.t.JMeterThread: Stopping because end time detected by thread: S2 1-952
2026-10-06 08:22:40,025 INFO o.a.j.t.JMeterThread: Thread finished: S2 1-952
2026-10-06 08:22:40,038 INFO o.a.j.t.JMeterThread: Stopping because end time detected by thread: S2 1-950
2026-10-06 08:22:40,038 INFO o.a.j.t.JMeterThread: Thread finished: S2 1-950
2026-10-06 08:22:40,043 INFO o.a.j.t.JMeterThread: Stopping because end time detected by thread: S2 1-323
2026-10-06 08:22:40,043 INFO o.a.j.t.JMeterThread: Thread finished: S2 1-323
2026-10-06 08:22:40,050 INFO o.a.j.t.JMeterThread: Stopping because end time detected by thread: S2 1-93
2026-10-06 08:22:40,050 INFO o.a.j.t.JMeterThread: Thread finished: S2 1-93
2026-10-06 08:22:40,052 INFO o.a.j.t.JMeterThread: Stopping because end time detected by thread: S2 1-953
2026-10-06 08:22:40,052 INFO o.a.j.t.JMeterThread: Thread finished: S2 1-953
2026-10-06 08:22:40,057 INFO o.a.j.t.JMeterThread: Stopping because end time detected by thread: S2 1-324
2026-10-06 08:22:40,057 INFO o.a.j.t.JMeterThread: Thread finished: S2 1-324
2026-10-06 08:22:40,059 INFO o.a.j.t.JMeterThread: Stopping because end time detected by thread: S2 1-951
2026-10-06 08:22:40,060 INFO o.a.j.t.JMeterThread: Thread finished: S2 1-951
2026-10-06 08:22:40,084 INFO o.a.j.t.JMeterThread: Stopping because end time detected by thread: S2 1-21
2026-10-06 08:22:40,084 INFO o.a.j.t.JMeterThread: Thread finished: S2 1-21
2026-10-06 08:22:40,089 INFO o.a.j.t.JMeterThread: Stopping because end time detected by thread: S2 1-955
2026-10-06 08:22:40,089 INFO o.a.j.t.JMeterThread: Thread finished: S2 1-955
2026-10-06 08:22:40,096 INFO o.a.j.t.JMeterThread: Stopping because end time detected by thread: S2 1-94
2026-10-06 08:22:40,096 INFO o.a.j.t.JMeterThread: Thread finished: S2 1-94
2026-10-06 08:22:40,099 INFO o.a.j.t.JMeterThread: Stopping because end time detected by thread: S2 1-174
2026-10-06 08:22:40,099 INFO o.a.j.t.JMeterThread: Thread finished: S2 1-174
2026-10-06 08:22:40,101 INFO o.a.j.t.JMeterThread: Stopping because end time detected by thread: S2 1-954
2026-10-06 08:22:40,101 INFO o.a.j.t.JMeterThread: Thread finished: S2 1-954
2026-10-06 08:22:40,123 INFO o.a.j.t.JMeterThread: Stopping because end time detected by thread: S2 1-177
2026-10-06 08:22:40,123 INFO o.a.j.t.JMeterThread: Thread finished: S2 1-177
2026-10-06 08:22:40,132 INFO o.a.j.t.JMeterThread: Stopping because end time detected by thread: S2 1-325
2026-10-06 08:22:40,132 INFO o.a.j.t.JMeterThread: Thread finished: S2 1-325
2026-10-06 08:22:40,140 INFO o.a.j.t.JMeterThread: Stopping because end time detected by thread: S2 1-326
2026-10-06 08:22:40,140 INFO o.a.j.t.JMeterThread: Thread finished: S2 1-326
2026-10-06 08:22:40,141 INFO o.a.j.t.JMeterThread: Stopping because end time detected by thread: S2 1-957
2026-10-06 08:22:40,141 INFO o.a.j.t.JMeterThread: Thread finished: S2 1-957
2026-10-06 08:22:40,158 INFO o.a.j.t.JMeterThread: Stopping because end time detected by thread: S2 1-956
2026-10-06 08:22:40,158 INFO o.a.j.t.JMeterThread: Thread finished: S2 1-956
2026-10-06 08:22:40,161 INFO o.a.j.t.JMeterThread: Stopping because end time detected by thread: S2 1-959
2026-10-06 08:22:40,161 INFO o.a.j.t.JMeterThread: Thread finished: S2 1-959
2026-10-06 08:22:40,168 INFO o.a.j.t.JMeterThread: Stopping because end time detected by thread: S2 1-327
2026-10-06 08:22:40,169 INFO o.a.j.t.JMeterThread: Thread finished: S2 1-327
2026-10-06 08:22:40,177 INFO o.a.j.t.JMeterThread: Stopping because end time detected by thread: S2 1-178
2026-10-06 08:22:40,177 INFO o.a.j.t.JMeterThread: Thread finished: S2 1-178
2026-10-06 08:22:40,189 INFO o.a.j.t.JMeterThread: Stopping because end time detected by thread: S2 1-328
2026-10-06 08:22:40,189 INFO o.a.j.t.JMeterThread: Thread finished: S2 1-328
2026-10-06 08:22:40,197 INFO o.a.j.t.JMeterThread: Stopping because end time detected by thread: S2 1-176
2026-10-06 08:22:40,197 INFO o.a.j.t.JMeterThread: Thread finished: S2 1-176
2026-10-06 08:22:40,202 INFO o.a.j.t.JMeterThread: Stopping because end time detected by thread: S2 1-175
2026-10-06 08:22:40,203 INFO o.a.j.t.JMeterThread: Thread finished: S2 1-175
2026-10-06 08:22:40,204 INFO o.a.j.t.JMeterThread: Stopping because end time detected by thread: S2 1-961
2026-10-06 08:22:40,204 INFO o.a.j.t.JMeterThread: Thread finished: S2 1-961
2026-10-06 08:22:40,230 INFO o.a.j.t.JMeterThread: Stopping because end time detected by thread: S2 1-958
2026-10-06 08:22:40,230 INFO o.a.j.t.JMeterThread: Thread finished: S2 1-958
2026-10-06 08:22:40,231 INFO o.a.j.t.JMeterThread: Stopping because end time detected by thread: S2 1-95
2026-10-06 08:22:40,231 INFO o.a.j.t.JMeterThread: Thread finished: S2 1-95
2026-10-06 08:22:40,235 INFO o.a.j.t.JMeterThread: Stopping because end time detected by thread: S2 1-45
2026-10-06 08:22:40,235 INFO o.a.j.t.JMeterThread: Thread finished: S2 1-45
2026-10-06 08:22:40,247 INFO o.a.j.t.JMeterThread: Stopping because end time detected by thread: S2 1-965
2026-10-06 08:22:40,247 INFO o.a.j.t.JMeterThread: Thread finished: S2 1-965
2026-10-06 08:22:40,250 INFO o.a.j.t.JMeterThread: Stopping because end time detected by thread: S2 1-963
2026-10-06 08:22:40,250 INFO o.a.j.t.JMeterThread: Thread finished: S2 1-963
2026-10-06 08:22:40,252 INFO o.a.j.t.JMeterThread: Stopping because end time detected by thread: S2 1-330
2026-10-06 08:22:40,252 INFO o.a.j.t.JMeterThread: Thread finished: S2 1-330
2026-10-06 08:22:40,271 INFO o.a.j.t.JMeterThread: Stopping because end time detected by thread: S2 1-46
2026-10-06 08:22:40,271 INFO o.a.j.t.JMeterThread: Thread finished: S2 1-46
2026-10-06 08:22:40,274 INFO o.a.j.t.JMeterThread: Stopping because end time detected by thread: S2 1-960
2026-10-06 08:22:40,274 INFO o.a.j.t.JMeterThread: Thread finished: S2 1-960
2026-10-06 08:22:40,280 INFO o.a.j.t.JMeterThread: Stopping because end time detected by thread: S2 1-962
2026-10-06 08:22:40,280 INFO o.a.j.t.JMeterThread: Thread finished: S2 1-962
2026-10-06 08:22:40,290 INFO o.a.j.t.JMeterThread: Stopping because end time detected by thread: S2 1-333
2026-10-06 08:22:40,290 INFO o.a.j.t.JMeterThread: Thread finished: S2 1-333
2026-10-06 08:22:40,292 INFO o.a.j.t.JMeterThread: Stopping because end time detected by thread: S2 1-331
2026-10-06 08:22:40,292 INFO o.a.j.t.JMeterThread: Thread finished: S2 1-331
2026-10-06 08:22:40,294 INFO o.a.j.t.JMeterThread: Stopping because end time detected by thread: S2 1-329
2026-10-06 08:22:40,294 INFO o.a.j.t.JMeterThread: Thread finished: S2 1-329
2026-10-06 08:22:40,319 INFO o.a.j.t.JMeterThread: Stopping because end time detected by thread: S2 1-332
2026-10-06 08:22:40,319 INFO o.a.j.t.JMeterThread: Thread finished: S2 1-332
2026-10-06 08:22:40,330 INFO o.a.j.t.JMeterThread: Stopping because end time detected by thread: S2 1-180
2026-10-06 08:22:40,330 INFO o.a.j.t.JMeterThread: Thread finished: S2 1-180
2026-10-06 08:22:40,333 INFO o.a.j.t.JMeterThread: Stopping because end time detected by thread: S2 1-964
2026-10-06 08:22:40,333 INFO o.a.j.t.JMeterThread: Thread finished: S2 1-964
2026-10-06 08:22:40,337 INFO o.a.j.t.JMeterThread: Stopping because end time detected by thread: S2 1-179
2026-10-06 08:22:40,337 INFO o.a.j.t.JMeterThread: Thread finished: S2 1-179
2026-10-06 08:22:40,347 INFO o.a.j.t.JMeterThread: Stopping because end time detected by thread: S2 1-967
2026-10-06 08:22:40,348 INFO o.a.j.t.JMeterThread: Thread finished: S2 1-967
2026-10-06 08:22:40,351 INFO o.a.j.t.JMeterThread: Stopping because end time detected by thread: S2 1-966
2026-10-06 08:22:40,351 INFO o.a.j.t.JMeterThread: Thread finished: S2 1-966
2026-10-06 08:22:40,355 INFO o.a.j.t.JMeterThread: Stopping because end time detected by thread: S2 1-968
2026-10-06 08:22:40,355 INFO o.a.j.t.JMeterThread: Thread finished: S2 1-968
2026-10-06 08:22:40,376 INFO o.a.j.t.JMeterThread: Stopping because end time detected by thread: S2 1-969
2026-10-06 08:22:40,376 INFO o.a.j.t.JMeterThread: Thread finished: S2 1-969
2026-10-06 08:22:40,380 INFO o.a.j.t.JMeterThread: Stopping because end time detected by thread: S2 1-97
2026-10-06 08:22:40,380 INFO o.a.j.t.JMeterThread: Thread finished: S2 1-97
2026-10-06 08:22:40,381 INFO o.a.j.t.JMeterThread: Stopping because end time detected by thread: S2 1-96
2026-10-06 08:22:40,381 INFO o.a.j.t.JMeterThread: Thread finished: S2 1-96
2026-10-06 08:22:40,389 INFO o.a.j.t.JMeterThread: Stopping because end time detected by thread: S2 1-970
2026-10-06 08:22:40,389 INFO o.a.j.t.JMeterThread: Thread finished: S2 1-970
2026-10-06 08:22:40,400 INFO o.a.j.t.JMeterThread: Stopping because end time detected by thread: S2 1-334
2026-10-06 08:22:40,400 INFO o.a.j.t.JMeterThread: Thread finished: S2 1-334
2026-10-06 08:22:40,415 INFO o.a.j.t.JMeterThread: Stopping because end time detected by thread: S2 1-181
2026-10-06 08:22:40,415 INFO o.a.j.t.JMeterThread: Stopping because end time detected by thread: S2 1-971
2026-10-06 08:22:40,415 INFO o.a.j.t.JMeterThread: Thread finished: S2 1-181
2026-10-06 08:22:40,415 INFO o.a.j.t.JMeterThread: Thread finished: S2 1-971
2026-10-06 08:22:40,422 INFO o.a.j.t.JMeterThread: Stopping because end time detected by thread: S2 1-335
2026-10-06 08:22:40,422 INFO o.a.j.t.JMeterThread: Thread finished: S2 1-335
2026-10-06 08:22:40,422 INFO o.a.j.t.JMeterThread: Stopping because end time detected by thread: S2 1-20
2026-10-06 08:22:40,422 INFO o.a.j.t.JMeterThread: Thread finished: S2 1-20
2026-10-06 08:22:40,452 INFO o.a.j.t.JMeterThread: Stopping because end time detected by thread: S2 1-973
2026-10-06 08:22:40,452 INFO o.a.j.t.JMeterThread: Thread finished: S2 1-973
2026-10-06 08:22:40,466 INFO o.a.j.t.JMeterThread: Stopping because end time detected by thread: S2 1-974
2026-10-06 08:22:40,466 INFO o.a.j.t.JMeterThread: Thread finished: S2 1-974
2026-10-06 08:22:40,478 INFO o.a.j.t.JMeterThread: Stopping because end time detected by thread: S2 1-336
2026-10-06 08:22:40,479 INFO o.a.j.t.JMeterThread: Thread finished: S2 1-336
2026-10-06 08:22:40,482 INFO o.a.j.t.JMeterThread: Stopping because end time detected by thread: S2 1-972
2026-10-06 08:22:40,483 INFO o.a.j.t.JMeterThread: Thread finished: S2 1-972
2026-10-06 08:22:40,498 INFO o.a.j.t.JMeterThread: Stopping because end time detected by thread: S2 1-339
2026-10-06 08:22:40,498 INFO o.a.j.t.JMeterThread: Thread finished: S2 1-339
2026-10-06 08:22:40,520 INFO o.a.j.t.JMeterThread: Stopping because end time detected by thread: S2 1-9
2026-10-06 08:22:40,520 INFO o.a.j.t.JMeterThread: Thread finished: S2 1-9
2026-10-06 08:22:40,534 INFO o.a.j.t.JMeterThread: Stopping because end time detected by thread: S2 1-976
2026-10-06 08:22:40,534 INFO o.a.j.t.JMeterThread: Thread finished: S2 1-976
2026-10-06 08:22:40,539 INFO o.a.j.t.JMeterThread: Stopping because end time detected by thread: S2 1-975
2026-10-06 08:22:40,539 INFO o.a.j.t.JMeterThread: Thread finished: S2 1-975
2026-10-06 08:22:40,539 INFO o.a.j.t.JMeterThread: Stopping because end time detected by thread: S2 1-337
2026-10-06 08:22:40,540 INFO o.a.j.t.JMeterThread: Thread finished: S2 1-337
2026-10-06 08:22:40,576 INFO o.a.j.t.JMeterThread: Stopping because end time detected by thread: S2 1-977
2026-10-06 08:22:40,576 INFO o.a.j.t.JMeterThread: Thread finished: S2 1-977
2026-10-06 08:22:40,591 INFO o.a.j.t.JMeterThread: Stopping because end time detected by thread: S2 1-978
2026-10-06 08:22:40,591 INFO o.a.j.t.JMeterThread: Thread finished: S2 1-978
2026-10-06 08:22:40,594 INFO o.a.j.t.JMeterThread: Stopping because end time detected by thread: S2 1-338
2026-10-06 08:22:40,594 INFO o.a.j.t.JMeterThread: Thread finished: S2 1-338
2026-10-06 08:22:40,611 INFO o.a.j.t.JMeterThread: Stopping because end time detected by thread: S2 1-182
2026-10-06 08:22:40,611 INFO o.a.j.t.JMeterThread: Thread finished: S2 1-182
2026-10-06 08:22:40,615 INFO o.a.j.t.JMeterThread: Stopping because end time detected by thread: S2 1-183
2026-10-06 08:22:40,616 INFO o.a.j.t.JMeterThread: Thread finished: S2 1-183
2026-10-06 08:22:40,624 INFO o.a.j.t.JMeterThread: Stopping because end time detected by thread: S2 1-980
2026-10-06 08:22:40,624 INFO o.a.j.t.JMeterThread: Thread finished: S2 1-980
2026-10-06 08:22:40,648 INFO o.a.j.t.JMeterThread: Stopping because end time detected by thread: S2 1-184
2026-10-06 08:22:40,648 INFO o.a.j.t.JMeterThread: Thread finished: S2 1-184
2026-10-06 08:22:40,649 INFO o.a.j.t.JMeterThread: Stopping because end time detected by thread: S2 1-979
2026-10-06 08:22:40,649 INFO o.a.j.t.JMeterThread: Thread finished: S2 1-979
2026-10-06 08:22:40,671 INFO o.a.j.t.JMeterThread: Stopping because end time detected by thread: S2 1-98
2026-10-06 08:22:40,671 INFO o.a.j.t.JMeterThread: Thread finished: S2 1-98
2026-10-06 08:22:40,677 INFO o.a.j.t.JMeterThread: Stopping because end time detected by thread: S2 1-983
2026-10-06 08:22:40,678 INFO o.a.j.t.JMeterThread: Thread finished: S2 1-983
2026-10-06 08:22:40,681 INFO o.a.j.t.JMeterThread: Stopping because end time detected by thread: S2 1-185
2026-10-06 08:22:40,682 INFO o.a.j.t.JMeterThread: Thread finished: S2 1-185
2026-10-06 08:22:40,687 INFO o.a.j.t.JMeterThread: Stopping because end time detected by thread: S2 1-982
2026-10-06 08:22:40,687 INFO o.a.j.t.JMeterThread: Thread finished: S2 1-982
2026-10-06 08:22:40,718 INFO o.a.j.t.JMeterThread: Stopping because end time detected by thread: S2 1-981
2026-10-06 08:22:40,718 INFO o.a.j.t.JMeterThread: Stopping because end time detected by thread: S2 1-340
2026-10-06 08:22:40,718 INFO o.a.j.t.JMeterThread: Thread finished: S2 1-981
2026-10-06 08:22:40,718 INFO o.a.j.t.JMeterThread: Thread finished: S2 1-340
2026-10-06 08:22:40,721 INFO o.a.j.t.JMeterThread: Stopping because end time detected by thread: S2 1-984
2026-10-06 08:22:40,721 INFO o.a.j.t.JMeterThread: Thread finished: S2 1-984
2026-10-06 08:22:40,724 INFO o.a.j.t.JMeterThread: Stopping because end time detected by thread: S2 1-99
2026-10-06 08:22:40,724 INFO o.a.j.t.JMeterThread: Thread finished: S2 1-99
2026-10-06 08:22:40,740 INFO o.a.j.t.JMeterThread: Stopping because end time detected by thread: S2 1-343
2026-10-06 08:22:40,741 INFO o.a.j.t.JMeterThread: Thread finished: S2 1-343
2026-10-06 08:22:40,744 INFO o.a.j.t.JMeterThread: Stopping because end time detected by thread: S2 1-186
2026-10-06 08:22:40,744 INFO o.a.j.t.JMeterThread: Thread finished: S2 1-186
2026-10-06 08:22:40,758 INFO o.a.j.t.JMeterThread: Stopping because end time detected by thread: S2 1-342
2026-10-06 08:22:40,758 INFO o.a.j.t.JMeterThread: Thread finished: S2 1-342
2026-10-06 08:22:40,765 INFO o.a.j.t.JMeterThread: Stopping because end time detected by thread: S2 1-341
2026-10-06 08:22:40,765 INFO o.a.j.t.JMeterThread: Thread finished: S2 1-341
2026-10-06 08:22:40,765 INFO o.a.j.t.JMeterThread: Stopping because end time detected by thread: S2 1-989
2026-10-06 08:22:40,765 INFO o.a.j.t.JMeterThread: Thread finished: S2 1-989
2026-10-06 08:22:40,765 INFO o.a.j.t.JMeterThread: Stopping because end time detected by thread: S2 1-985
2026-10-06 08:22:40,766 INFO o.a.j.t.JMeterThread: Thread finished: S2 1-985
2026-10-06 08:22:40,790 INFO o.a.j.t.JMeterThread: Stopping because end time detected by thread: S2 1-987
2026-10-06 08:22:40,791 INFO o.a.j.t.JMeterThread: Thread finished: S2 1-987
2026-10-06 08:22:40,795 INFO o.a.j.t.JMeterThread: Stopping because end time detected by thread: S2 1-986
2026-10-06 08:22:40,795 INFO o.a.j.t.JMeterThread: Thread finished: S2 1-986
2026-10-06 08:22:40,811 INFO o.a.j.t.JMeterThread: Stopping because end time detected by thread: S2 1-8
2026-10-06 08:22:40,811 INFO o.a.j.t.JMeterThread: Stopping because end time detected by thread: S2 1-988
2026-10-06 08:22:40,811 INFO o.a.j.t.JMeterThread: Thread finished: S2 1-8
2026-10-06 08:22:40,811 INFO o.a.j.t.JMeterThread: Thread finished: S2 1-988
2026-10-06 08:22:40,822 INFO o.a.j.t.JMeterThread: Stopping because end time detected by thread: S2 1-47
2026-10-06 08:22:40,823 INFO o.a.j.t.JMeterThread: Thread finished: S2 1-47
2026-10-06 08:22:40,825 INFO o.a.j.t.JMeterThread: Stopping because end time detected by thread: S2 1-990
2026-10-06 08:22:40,826 INFO o.a.j.t.JMeterThread: Thread finished: S2 1-990
2026-10-06 08:22:40,848 INFO o.a.j.t.JMeterThread: Stopping because end time detected by thread: S2 1-344
2026-10-06 08:22:40,848 INFO o.a.j.t.JMeterThread: Thread finished: S2 1-344
2026-10-06 08:22:40,855 INFO o.a.j.t.JMeterThread: Stopping because end time detected by thread: S2 1-100
2026-10-06 08:22:40,855 INFO o.a.j.t.JMeterThread: Thread finished: S2 1-100
2026-10-06 08:22:40,858 INFO o.a.j.t.JMeterThread: Stopping because end time detected by thread: S2 1-345
2026-10-06 08:22:40,858 INFO o.a.j.t.JMeterThread: Thread finished: S2 1-345
2026-10-06 08:22:40,867 INFO o.a.j.t.JMeterThread: Stopping because end time detected by thread: S2 1-991
2026-10-06 08:22:40,867 INFO o.a.j.t.JMeterThread: Thread finished: S2 1-991
2026-10-06 08:22:40,873 INFO o.a.j.t.JMeterThread: Stopping because end time detected by thread: S2 1-994
2026-10-06 08:22:40,873 INFO o.a.j.t.JMeterThread: Thread finished: S2 1-994
2026-10-06 08:22:40,882 INFO o.a.j.t.JMeterThread: Stopping because end time detected by thread: S2 1-993
2026-10-06 08:22:40,883 INFO o.a.j.t.JMeterThread: Thread finished: S2 1-993
2026-10-06 08:22:40,899 INFO o.a.j.t.JMeterThread: Stopping because end time detected by thread: S2 1-187
2026-10-06 08:22:40,900 INFO o.a.j.t.JMeterThread: Thread finished: S2 1-187
2026-10-06 08:22:40,906 INFO o.a.j.t.JMeterThread: Stopping because end time detected by thread: S2 1-995
2026-10-06 08:22:40,906 INFO o.a.j.t.JMeterThread: Thread finished: S2 1-995
2026-10-06 08:22:40,920 INFO o.a.j.t.JMeterThread: Stopping because end time detected by thread: S2 1-188
2026-10-06 08:22:40,921 INFO o.a.j.t.JMeterThread: Thread finished: S2 1-188
2026-10-06 08:22:40,923 INFO o.a.j.t.JMeterThread: Stopping because end time detected by thread: S2 1-347
2026-10-06 08:22:40,923 INFO o.a.j.t.JMeterThread: Thread finished: S2 1-347
2026-10-06 08:22:40,928 INFO o.a.j.t.JMeterThread: Stopping because end time detected by thread: S2 1-346
2026-10-06 08:22:40,928 INFO o.a.j.t.JMeterThread: Thread finished: S2 1-346
2026-10-06 08:22:40,938 INFO o.a.j.t.JMeterThread: Stopping because end time detected by thread: S2 1-997
2026-10-06 08:22:40,938 INFO o.a.j.t.JMeterThread: Thread finished: S2 1-997
2026-10-06 08:22:40,951 INFO o.a.j.t.JMeterThread: Stopping because end time detected by thread: S2 1-189
2026-10-06 08:22:40,951 INFO o.a.j.t.JMeterThread: Thread finished: S2 1-189
2026-10-06 08:22:40,969 INFO o.a.j.t.JMeterThread: Stopping because end time detected by thread: S2 1-348
2026-10-06 08:22:40,969 INFO o.a.j.t.JMeterThread: Thread finished: S2 1-348
2026-10-06 08:22:40,970 INFO o.a.j.t.JMeterThread: Stopping because end time detected by thread: S2 1-992
2026-10-06 08:22:40,970 INFO o.a.j.t.JMeterThread: Thread finished: S2 1-992
2026-10-06 08:22:40,983 INFO o.a.j.t.JMeterThread: Stopping because end time detected by thread: S2 1-101
2026-10-06 08:22:40,983 INFO o.a.j.t.JMeterThread: Thread finished: S2 1-101
2026-10-06 08:22:40,986 INFO o.a.j.t.JMeterThread: Stopping because end time detected by thread: S2 1-996
2026-10-06 08:22:40,986 INFO o.a.j.t.JMeterThread: Thread finished: S2 1-996
2026-10-06 08:22:40,993 INFO o.a.j.t.JMeterThread: Stopping because end time detected by thread: S2 1-999
2026-10-06 08:22:40,993 INFO o.a.j.t.JMeterThread: Thread finished: S2 1-999
2026-10-06 08:22:41,008 INFO o.a.j.t.JMeterThread: Stopping because end time detected by thread: S2 1-998
2026-10-06 08:22:41,008 INFO o.a.j.t.JMeterThread: Thread finished: S2 1-998
2026-10-06 08:22:41,011 INFO o.a.j.t.JMeterThread: Stopping because end time detected by thread: S2 1-190
2026-10-06 08:22:41,011 INFO o.a.j.t.JMeterThread: Thread finished: S2 1-190
2026-10-06 08:22:41,012 INFO o.a.j.t.JMeterThread: Stopping because end time detected by thread: S2 1-191
2026-10-06 08:22:41,012 INFO o.a.j.t.JMeterThread: Thread finished: S2 1-191
2026-10-06 08:22:41,015 INFO o.a.j.t.JMeterThread: Stopping because end time detected by thread: S2 1-49
2026-10-06 08:22:41,015 INFO o.a.j.t.JMeterThread: Thread finished: S2 1-49
2026-10-06 08:22:41,029 INFO o.a.j.t.JMeterThread: Stopping because end time detected by thread: S2 1-351
2026-10-06 08:22:41,029 INFO o.a.j.t.JMeterThread: Thread finished: S2 1-351
2026-10-06 08:22:41,041 INFO o.a.j.t.JMeterThread: Stopping because end time detected by thread: S2 1-103
2026-10-06 08:22:41,041 INFO o.a.j.t.JMeterThread: Thread finished: S2 1-103
2026-10-06 08:22:41,043 INFO o.a.j.t.JMeterThread: Stopping because end time detected by thread: S2 1-349
2026-10-06 08:22:41,043 INFO o.a.j.t.JMeterThread: Thread finished: S2 1-349
2026-10-06 08:22:41,043 INFO o.a.j.t.JMeterThread: Stopping because end time detected by thread: S2 1-350
2026-10-06 08:22:41,043 INFO o.a.j.t.JMeterThread: Thread finished: S2 1-350
2026-10-06 08:22:41,049 INFO o.a.j.t.JMeterThread: Stopping because end time detected by thread: S2 1-1000
2026-10-06 08:22:41,049 INFO o.a.j.t.JMeterThread: Thread finished: S2 1-1000
2026-10-06 08:22:41,066 INFO o.a.j.t.JMeterThread: Stopping because end time detected by thread: S2 1-352
2026-10-06 08:22:41,066 INFO o.a.j.t.JMeterThread: Thread finished: S2 1-352
2026-10-06 08:22:41,073 INFO o.a.j.t.JMeterThread: Stopping because end time detected by thread: S2 1-192
2026-10-06 08:22:41,073 INFO o.a.j.t.JMeterThread: Thread finished: S2 1-192
2026-10-06 08:22:41,085 INFO o.a.j.t.JMeterThread: Stopping because end time detected by thread: S2 1-48
2026-10-06 08:22:41,085 INFO o.a.j.t.JMeterThread: Thread finished: S2 1-48
2026-10-06 08:22:41,086 INFO o.a.j.t.JMeterThread: Stopping because end time detected by thread: S2 1-354
2026-10-06 08:22:41,086 INFO o.a.j.t.JMeterThread: Thread finished: S2 1-354
2026-10-06 08:22:41,110 INFO o.a.j.t.JMeterThread: Stopping because end time detected by thread: S2 1-102
2026-10-06 08:22:41,110 INFO o.a.j.t.JMeterThread: Thread finished: S2 1-102
2026-10-06 08:22:41,111 INFO o.a.j.t.JMeterThread: Stopping because end time detected by thread: S2 1-3
2026-10-06 08:22:41,111 INFO o.a.j.t.JMeterThread: Thread finished: S2 1-3
2026-10-06 08:22:41,112 INFO o.a.j.t.JMeterThread: Stopping because end time detected by thread: S2 1-353
2026-10-06 08:22:41,112 INFO o.a.j.t.JMeterThread: Thread finished: S2 1-353
2026-10-06 08:22:41,121 INFO o.a.j.t.JMeterThread: Stopping because end time detected by thread: S2 1-193
2026-10-06 08:22:41,121 INFO o.a.j.t.JMeterThread: Thread finished: S2 1-193
2026-10-06 08:22:41,128 INFO o.a.j.t.JMeterThread: Stopping because end time detected by thread: S2 1-357
2026-10-06 08:22:41,128 INFO o.a.j.t.JMeterThread: Thread finished: S2 1-357
2026-10-06 08:22:41,139 INFO o.a.j.t.JMeterThread: Stopping because end time detected by thread: S2 1-104
2026-10-06 08:22:41,139 INFO o.a.j.t.JMeterThread: Thread finished: S2 1-104
2026-10-06 08:22:41,143 INFO o.a.j.t.JMeterThread: Stopping because end time detected by thread: S2 1-194
2026-10-06 08:22:41,143 INFO o.a.j.t.JMeterThread: Thread finished: S2 1-194
2026-10-06 08:22:41,148 INFO o.a.j.t.JMeterThread: Stopping because end time detected by thread: S2 1-356
2026-10-06 08:22:41,148 INFO o.a.j.t.JMeterThread: Thread finished: S2 1-356
2026-10-06 08:22:41,160 INFO o.a.j.t.JMeterThread: Stopping because end time detected by thread: S2 1-359
2026-10-06 08:22:41,160 INFO o.a.j.t.JMeterThread: Thread finished: S2 1-359
2026-10-06 08:22:41,170 INFO o.a.j.t.JMeterThread: Stopping because end time detected by thread: S2 1-22
2026-10-06 08:22:41,170 INFO o.a.j.t.JMeterThread: Thread finished: S2 1-22
2026-10-06 08:22:41,174 INFO o.a.j.t.JMeterThread: Stopping because end time detected by thread: S2 1-195
2026-10-06 08:22:41,174 INFO o.a.j.t.JMeterThread: Thread finished: S2 1-195
2026-10-06 08:22:41,184 INFO o.a.j.t.JMeterThread: Stopping because end time detected by thread: S2 1-355
2026-10-06 08:22:41,184 INFO o.a.j.t.JMeterThread: Thread finished: S2 1-355
2026-10-06 08:22:41,197 INFO o.a.j.t.JMeterThread: Stopping because end time detected by thread: S2 1-50
2026-10-06 08:22:41,197 INFO o.a.j.t.JMeterThread: Thread finished: S2 1-50
2026-10-06 08:22:41,208 INFO o.a.j.t.JMeterThread: Stopping because end time detected by thread: S2 1-196
2026-10-06 08:22:41,209 INFO o.a.j.t.JMeterThread: Thread finished: S2 1-196
2026-10-06 08:22:41,210 INFO o.a.j.t.JMeterThread: Stopping because end time detected by thread: S2 1-358
2026-10-06 08:22:41,210 INFO o.a.j.t.JMeterThread: Thread finished: S2 1-358
2026-10-06 08:22:41,220 INFO o.a.j.t.JMeterThread: Stopping because end time detected by thread: S2 1-106
2026-10-06 08:22:41,220 INFO o.a.j.t.JMeterThread: Thread finished: S2 1-106
2026-10-06 08:22:41,228 INFO o.a.j.t.JMeterThread: Stopping because end time detected by thread: S2 1-197
2026-10-06 08:22:41,229 INFO o.a.j.t.JMeterThread: Thread finished: S2 1-197
2026-10-06 08:22:41,230 INFO o.a.j.t.JMeterThread: Stopping because end time detected by thread: S2 1-363
2026-10-06 08:22:41,230 INFO o.a.j.t.JMeterThread: Thread finished: S2 1-363
2026-10-06 08:22:41,246 INFO o.a.j.t.JMeterThread: Stopping because end time detected by thread: S2 1-365
2026-10-06 08:22:41,246 INFO o.a.j.t.JMeterThread: Thread finished: S2 1-365
2026-10-06 08:22:41,251 INFO o.a.j.t.JMeterThread: Stopping because end time detected by thread: S2 1-360
2026-10-06 08:22:41,251 INFO o.a.j.t.JMeterThread: Thread finished: S2 1-360
2026-10-06 08:22:41,253 INFO o.a.j.t.JMeterThread: Stopping because end time detected by thread: S2 1-52
2026-10-06 08:22:41,253 INFO o.a.j.t.JMeterThread: Thread finished: S2 1-52
2026-10-06 08:22:41,256 INFO o.a.j.t.JMeterThread: Stopping because end time detected by thread: S2 1-361
2026-10-06 08:22:41,256 INFO o.a.j.t.JMeterThread: Thread finished: S2 1-361
2026-10-06 08:22:41,266 INFO o.a.j.t.JMeterThread: Stopping because end time detected by thread: S2 1-362
2026-10-06 08:22:41,266 INFO o.a.j.t.JMeterThread: Thread finished: S2 1-362
2026-10-06 08:22:41,277 INFO o.a.j.t.JMeterThread: Stopping because end time detected by thread: S2 1-105
2026-10-06 08:22:41,277 INFO o.a.j.t.JMeterThread: Thread finished: S2 1-105
2026-10-06 08:22:41,293 INFO o.a.j.t.JMeterThread: Stopping because end time detected by thread: S2 1-24
2026-10-06 08:22:41,293 INFO o.a.j.t.JMeterThread: Thread finished: S2 1-24
2026-10-06 08:22:41,298 INFO o.a.j.t.JMeterThread: Stopping because end time detected by thread: S2 1-366
2026-10-06 08:22:41,299 INFO o.a.j.t.JMeterThread: Thread finished: S2 1-366
2026-10-06 08:22:41,299 INFO o.a.j.t.JMeterThread: Stopping because end time detected by thread: S2 1-364
2026-10-06 08:22:41,299 INFO o.a.j.t.JMeterThread: Thread finished: S2 1-364
2026-10-06 08:22:41,317 INFO o.a.j.t.JMeterThread: Stopping because end time detected by thread: S2 1-108
2026-10-06 08:22:41,318 INFO o.a.j.t.JMeterThread: Thread finished: S2 1-108
2026-10-06 08:22:41,330 INFO o.a.j.t.JMeterThread: Stopping because end time detected by thread: S2 1-23
2026-10-06 08:22:41,330 INFO o.a.j.t.JMeterThread: Thread finished: S2 1-23
2026-10-06 08:22:41,341 INFO o.a.j.t.JMeterThread: Stopping because end time detected by thread: S2 1-367
2026-10-06 08:22:41,341 INFO o.a.j.t.JMeterThread: Thread finished: S2 1-367
2026-10-06 08:22:41,342 INFO o.a.j.t.JMeterThread: Stopping because end time detected by thread: S2 1-372
2026-10-06 08:22:41,342 INFO o.a.j.t.JMeterThread: Thread finished: S2 1-372
2026-10-06 08:22:41,358 INFO o.a.j.t.JMeterThread: Stopping because end time detected by thread: S2 1-370
2026-10-06 08:22:41,358 INFO o.a.j.t.JMeterThread: Thread finished: S2 1-370
2026-10-06 08:22:41,362 INFO o.a.j.t.JMeterThread: Stopping because end time detected by thread: S2 1-198
2026-10-06 08:22:41,362 INFO o.a.j.t.JMeterThread: Thread finished: S2 1-198
2026-10-06 08:22:41,378 INFO o.a.j.t.JMeterThread: Stopping because end time detected by thread: S2 1-199
2026-10-06 08:22:41,378 INFO o.a.j.t.JMeterThread: Thread finished: S2 1-199
2026-10-06 08:22:41,379 INFO o.a.j.t.JMeterThread: Stopping because end time detected by thread: S2 1-368
2026-10-06 08:22:41,379 INFO o.a.j.t.JMeterThread: Thread finished: S2 1-368
2026-10-06 08:22:41,380 INFO o.a.j.t.JMeterThread: Stopping because end time detected by thread: S2 1-51
2026-10-06 08:22:41,380 INFO o.a.j.t.JMeterThread: Thread finished: S2 1-51
2026-10-06 08:22:41,388 INFO o.a.j.t.JMeterThread: Stopping because end time detected by thread: S2 1-371
2026-10-06 08:22:41,388 INFO o.a.j.t.JMeterThread: Thread finished: S2 1-371
2026-10-06 08:22:41,399 INFO o.a.j.t.JMeterThread: Stopping because end time detected by thread: S2 1-204
2026-10-06 08:22:41,399 INFO o.a.j.t.JMeterThread: Thread finished: S2 1-204
2026-10-06 08:22:41,404 INFO o.a.j.t.JMeterThread: Stopping because end time detected by thread: S2 1-110
2026-10-06 08:22:41,404 INFO o.a.j.t.JMeterThread: Thread finished: S2 1-110
2026-10-06 08:22:41,405 INFO o.a.j.t.JMeterThread: Stopping because end time detected by thread: S2 1-369
2026-10-06 08:22:41,405 INFO o.a.j.t.JMeterThread: Thread finished: S2 1-369
2026-10-06 08:22:41,424 INFO o.a.j.t.JMeterThread: Stopping because end time detected by thread: S2 1-373
2026-10-06 08:22:41,424 INFO o.a.j.t.JMeterThread: Thread finished: S2 1-373
2026-10-06 08:22:41,431 INFO o.a.j.t.JMeterThread: Stopping because end time detected by thread: S2 1-201
2026-10-06 08:22:41,431 INFO o.a.j.t.JMeterThread: Thread finished: S2 1-201
2026-10-06 08:22:41,432 INFO o.a.j.t.JMeterThread: Stopping because end time detected by thread: S2 1-107
2026-10-06 08:22:41,432 INFO o.a.j.t.JMeterThread: Thread finished: S2 1-107
2026-10-06 08:22:41,445 INFO o.a.j.t.JMeterThread: Stopping because end time detected by thread: S2 1-200
2026-10-06 08:22:41,445 INFO o.a.j.t.JMeterThread: Thread finished: S2 1-200
2026-10-06 08:22:41,451 INFO o.a.j.t.JMeterThread: Stopping because end time detected by thread: S2 1-53
2026-10-06 08:22:41,451 INFO o.a.j.t.JMeterThread: Thread finished: S2 1-53
2026-10-06 08:22:41,464 INFO o.a.j.t.JMeterThread: Stopping because end time detected by thread: S2 1-376
2026-10-06 08:22:41,464 INFO o.a.j.t.JMeterThread: Thread finished: S2 1-376
2026-10-06 08:22:41,468 INFO o.a.j.t.JMeterThread: Stopping because end time detected by thread: S2 1-374
2026-10-06 08:22:41,468 INFO o.a.j.t.JMeterThread: Thread finished: S2 1-374
2026-10-06 08:22:41,474 INFO o.a.j.t.JMeterThread: Stopping because end time detected by thread: S2 1-375
2026-10-06 08:22:41,474 INFO o.a.j.t.JMeterThread: Thread finished: S2 1-375
2026-10-06 08:22:41,480 INFO o.a.j.t.JMeterThread: Stopping because end time detected by thread: S2 1-109
2026-10-06 08:22:41,480 INFO o.a.j.t.JMeterThread: Thread finished: S2 1-109
2026-10-06 08:22:41,501 INFO o.a.j.t.JMeterThread: Stopping because end time detected by thread: S2 1-377
2026-10-06 08:22:41,501 INFO o.a.j.t.JMeterThread: Thread finished: S2 1-377
2026-10-06 08:22:41,504 INFO o.a.j.t.JMeterThread: Stopping because end time detected by thread: S2 1-206
2026-10-06 08:22:41,504 INFO o.a.j.t.JMeterThread: Thread finished: S2 1-206
2026-10-06 08:22:41,505 INFO o.a.j.t.JMeterThread: Stopping because end time detected by thread: S2 1-203
2026-10-06 08:22:41,505 INFO o.a.j.t.JMeterThread: Thread finished: S2 1-203
2026-10-06 08:22:41,507 INFO o.a.j.t.JMeterThread: Stopping because end time detected by thread: S2 1-202
2026-10-06 08:22:41,507 INFO o.a.j.t.JMeterThread: Thread finished: S2 1-202
2026-10-06 08:22:41,523 INFO o.a.j.t.JMeterThread: Stopping because end time detected by thread: S2 1-205
2026-10-06 08:22:41,523 INFO o.a.j.t.JMeterThread: Thread finished: S2 1-205
2026-10-06 08:22:41,526 INFO o.a.j.t.JMeterThread: Stopping because end time detected by thread: S2 1-378
2026-10-06 08:22:41,526 INFO o.a.j.t.JMeterThread: Thread finished: S2 1-378
2026-10-06 08:22:41,538 INFO o.a.j.t.JMeterThread: Stopping because end time detected by thread: S2 1-111
2026-10-06 08:22:41,538 INFO o.a.j.t.JMeterThread: Thread finished: S2 1-111
2026-10-06 08:22:41,542 INFO o.a.j.t.JMeterThread: Stopping because end time detected by thread: S2 1-380
2026-10-06 08:22:41,542 INFO o.a.j.t.JMeterThread: Thread finished: S2 1-380
2026-10-06 08:22:41,555 INFO o.a.j.t.JMeterThread: Stopping because end time detected by thread: S2 1-26
2026-10-06 08:22:41,555 INFO o.a.j.t.JMeterThread: Thread finished: S2 1-26
2026-10-06 08:22:41,558 INFO o.a.j.t.JMeterThread: Stopping because end time detected by thread: S2 1-207
2026-10-06 08:22:41,558 INFO o.a.j.t.JMeterThread: Thread finished: S2 1-207
2026-10-06 08:22:41,561 INFO o.a.j.t.JMeterThread: Stopping because end time detected by thread: S2 1-381
2026-10-06 08:22:41,561 INFO o.a.j.t.JMeterThread: Thread finished: S2 1-381
2026-10-06 08:22:41,579 INFO o.a.j.t.JMeterThread: Stopping because end time detected by thread: S2 1-55
2026-10-06 08:22:41,579 INFO o.a.j.t.JMeterThread: Thread finished: S2 1-55
2026-10-06 08:22:41,582 INFO o.a.j.t.JMeterThread: Stopping because end time detected by thread: S2 1-13
2026-10-06 08:22:41,582 INFO o.a.j.t.JMeterThread: Thread finished: S2 1-13
2026-10-06 08:22:41,592 INFO o.a.j.t.JMeterThread: Stopping because end time detected by thread: S2 1-54
2026-10-06 08:22:41,592 INFO o.a.j.t.JMeterThread: Thread finished: S2 1-54
2026-10-06 08:22:41,599 INFO o.a.j.t.JMeterThread: Stopping because end time detected by thread: S2 1-379
2026-10-06 08:22:41,600 INFO o.a.j.t.JMeterThread: Thread finished: S2 1-379
2026-10-06 08:22:41,603 INFO o.a.j.t.JMeterThread: Stopping because end time detected by thread: S2 1-112
2026-10-06 08:22:41,603 INFO o.a.j.t.JMeterThread: Thread finished: S2 1-112
2026-10-06 08:22:41,611 INFO o.a.j.t.JMeterThread: Stopping because end time detected by thread: S2 1-208
2026-10-06 08:22:41,611 INFO o.a.j.t.JMeterThread: Thread finished: S2 1-208
2026-10-06 08:22:41,625 INFO o.a.j.t.JMeterThread: Stopping because end time detected by thread: S2 1-210
2026-10-06 08:22:41,625 INFO o.a.j.t.JMeterThread: Thread finished: S2 1-210
2026-10-06 08:22:41,628 INFO o.a.j.t.JMeterThread: Stopping because end time detected by thread: S2 1-383
2026-10-06 08:22:41,628 INFO o.a.j.t.JMeterThread: Thread finished: S2 1-383
2026-10-06 08:22:41,636 INFO o.a.j.t.JMeterThread: Stopping because end time detected by thread: S2 1-382
2026-10-06 08:22:41,636 INFO o.a.j.t.JMeterThread: Thread finished: S2 1-382
2026-10-06 08:22:41,654 INFO o.a.j.t.JMeterThread: Stopping because end time detected by thread: S2 1-385
2026-10-06 08:22:41,654 INFO o.a.j.t.JMeterThread: Thread finished: S2 1-385
2026-10-06 08:22:41,654 INFO o.a.j.t.JMeterThread: Stopping because end time detected by thread: S2 1-209
2026-10-06 08:22:41,654 INFO o.a.j.t.JMeterThread: Thread finished: S2 1-209
2026-10-06 08:22:41,665 INFO o.a.j.t.JMeterThread: Stopping because end time detected by thread: S2 1-25
2026-10-06 08:22:41,665 INFO o.a.j.t.JMeterThread: Thread finished: S2 1-25
2026-10-06 08:22:41,665 INFO o.a.j.t.JMeterThread: Stopping because end time detected by thread: S2 1-384
2026-10-06 08:22:41,665 INFO o.a.j.t.JMeterThread: Thread finished: S2 1-384
2026-10-06 08:22:41,683 INFO o.a.j.t.JMeterThread: Stopping because end time detected by thread: S2 1-387
2026-10-06 08:22:41,683 INFO o.a.j.t.JMeterThread: Stopping because end time detected by thread: S2 1-57
2026-10-06 08:22:41,683 INFO o.a.j.t.JMeterThread: Thread finished: S2 1-387
2026-10-06 08:22:41,683 INFO o.a.j.t.JMeterThread: Thread finished: S2 1-57
2026-10-06 08:22:41,690 INFO o.a.j.t.JMeterThread: Stopping because end time detected by thread: S2 1-389
2026-10-06 08:22:41,691 INFO o.a.j.t.JMeterThread: Thread finished: S2 1-389
2026-10-06 08:22:41,704 INFO o.a.j.t.JMeterThread: Stopping because end time detected by thread: S2 1-388
2026-10-06 08:22:41,704 INFO o.a.j.t.JMeterThread: Thread finished: S2 1-388
2026-10-06 08:22:41,708 INFO o.a.j.t.JMeterThread: Stopping because end time detected by thread: S2 1-386
2026-10-06 08:22:41,709 INFO o.a.j.t.JMeterThread: Thread finished: S2 1-386
2026-10-06 08:22:41,713 INFO o.a.j.t.JMeterThread: Stopping because end time detected by thread: S2 1-113
2026-10-06 08:22:41,713 INFO o.a.j.t.JMeterThread: Thread finished: S2 1-113
2026-10-06 08:22:41,713 INFO o.a.j.t.JMeterThread: Stopping because end time detected by thread: S2 1-211
2026-10-06 08:22:41,713 INFO o.a.j.t.JMeterThread: Thread finished: S2 1-211
2026-10-06 08:22:41,729 INFO o.a.j.t.JMeterThread: Stopping because end time detected by thread: S2 1-115
2026-10-06 08:22:41,729 INFO o.a.j.t.JMeterThread: Thread finished: S2 1-115
2026-10-06 08:22:41,741 INFO o.a.j.t.JMeterThread: Stopping because end time detected by thread: S2 1-114
2026-10-06 08:22:41,741 INFO o.a.j.t.JMeterThread: Thread finished: S2 1-114
2026-10-06 08:22:41,742 INFO o.a.j.t.JMeterThread: Stopping because end time detected by thread: S2 1-392
2026-10-06 08:22:41,742 INFO o.a.j.t.JMeterThread: Thread finished: S2 1-392
2026-10-06 08:22:41,743 INFO o.a.j.t.JMeterThread: Stopping because end time detected by thread: S2 1-390
2026-10-06 08:22:41,743 INFO o.a.j.t.JMeterThread: Thread finished: S2 1-390
2026-10-06 08:22:41,776 INFO o.a.j.t.JMeterThread: Stopping because end time detected by thread: S2 1-395
2026-10-06 08:22:41,776 INFO o.a.j.t.JMeterThread: Thread finished: S2 1-395
2026-10-06 08:22:41,777 INFO o.a.j.t.JMeterThread: Stopping because end time detected by thread: S2 1-393
2026-10-06 08:22:41,777 INFO o.a.j.t.JMeterThread: Thread finished: S2 1-393
2026-10-06 08:22:41,783 INFO o.a.j.t.JMeterThread: Stopping because end time detected by thread: S2 1-212
2026-10-06 08:22:41,783 INFO o.a.j.t.JMeterThread: Thread finished: S2 1-212
2026-10-06 08:22:41,785 INFO o.a.j.t.JMeterThread: Stopping because end time detected by thread: S2 1-391
2026-10-06 08:22:41,785 INFO o.a.j.t.JMeterThread: Thread finished: S2 1-391
2026-10-06 08:22:41,804 INFO o.a.j.t.JMeterThread: Stopping because end time detected by thread: S2 1-10
2026-10-06 08:22:41,804 INFO o.a.j.t.JMeterThread: Thread finished: S2 1-10
2026-10-06 08:22:41,805 INFO o.a.j.t.JMeterThread: Stopping because end time detected by thread: S2 1-214
2026-10-06 08:22:41,805 INFO o.a.j.t.JMeterThread: Thread finished: S2 1-214
2026-10-06 08:22:41,815 INFO o.a.j.t.JMeterThread: Stopping because end time detected by thread: S2 1-394
2026-10-06 08:22:41,815 INFO o.a.j.t.JMeterThread: Thread finished: S2 1-394
2026-10-06 08:22:41,815 INFO o.a.j.t.JMeterThread: Stopping because end time detected by thread: S2 1-117
2026-10-06 08:22:41,815 INFO o.a.j.t.JMeterThread: Thread finished: S2 1-117
2026-10-06 08:22:41,843 INFO o.a.j.t.JMeterThread: Stopping because end time detected by thread: S2 1-397
2026-10-06 08:22:41,843 INFO o.a.j.t.JMeterThread: Thread finished: S2 1-397
2026-10-06 08:22:41,844 INFO o.a.j.t.JMeterThread: Stopping because end time detected by thread: S2 1-215
2026-10-06 08:22:41,844 INFO o.a.j.t.JMeterThread: Thread finished: S2 1-215
2026-10-06 08:22:41,847 INFO o.a.j.t.JMeterThread: Stopping because end time detected by thread: S2 1-213
2026-10-06 08:22:41,847 INFO o.a.j.t.JMeterThread: Thread finished: S2 1-213
2026-10-06 08:22:41,853 INFO o.a.j.t.JMeterThread: Stopping because end time detected by thread: S2 1-216
2026-10-06 08:22:41,853 INFO o.a.j.t.JMeterThread: Thread finished: S2 1-216
2026-10-06 08:22:41,865 INFO o.a.j.t.JMeterThread: Stopping because end time detected by thread: S2 1-116
2026-10-06 08:22:41,865 INFO o.a.j.t.JMeterThread: Thread finished: S2 1-116
2026-10-06 08:22:41,874 INFO o.a.j.t.JMeterThread: Stopping because end time detected by thread: S2 1-218
2026-10-06 08:22:41,874 INFO o.a.j.t.JMeterThread: Thread finished: S2 1-218
2026-10-06 08:22:41,888 INFO o.a.j.t.JMeterThread: Stopping because end time detected by thread: S2 1-217
2026-10-06 08:22:41,888 INFO o.a.j.t.JMeterThread: Thread finished: S2 1-217
2026-10-06 08:22:41,893 INFO o.a.j.t.JMeterThread: Stopping because end time detected by thread: S2 1-396
2026-10-06 08:22:41,893 INFO o.a.j.t.JMeterThread: Thread finished: S2 1-396
2026-10-06 08:22:41,900 INFO o.a.j.t.JMeterThread: Stopping because end time detected by thread: S2 1-118
2026-10-06 08:22:41,900 INFO o.a.j.t.JMeterThread: Thread finished: S2 1-118
2026-10-06 08:22:41,908 INFO o.a.j.t.JMeterThread: Stopping because end time detected by thread: S2 1-398
2026-10-06 08:22:41,908 INFO o.a.j.t.JMeterThread: Thread finished: S2 1-398
2026-10-06 08:22:41,920 INFO o.a.j.t.JMeterThread: Stopping because end time detected by thread: S2 1-400
2026-10-06 08:22:41,920 INFO o.a.j.t.JMeterThread: Thread finished: S2 1-400
2026-10-06 08:22:41,932 INFO o.a.j.t.JMeterThread: Stopping because end time detected by thread: S2 1-219
2026-10-06 08:22:41,932 INFO o.a.j.t.JMeterThread: Thread finished: S2 1-219
2026-10-06 08:22:41,938 INFO o.a.j.t.JMeterThread: Stopping because end time detected by thread: S2 1-399
2026-10-06 08:22:41,939 INFO o.a.j.t.JMeterThread: Thread finished: S2 1-399
2026-10-06 08:22:41,941 INFO o.a.j.t.JMeterThread: Stopping because end time detected by thread: S2 1-401
2026-10-06 08:22:41,941 INFO o.a.j.t.JMeterThread: Thread finished: S2 1-401
2026-10-06 08:22:41,959 INFO o.a.j.t.JMeterThread: Stopping because end time detected by thread: S2 1-404
2026-10-06 08:22:41,959 INFO o.a.j.t.JMeterThread: Thread finished: S2 1-404
2026-10-06 08:22:41,968 INFO o.a.j.t.JMeterThread: Stopping because end time detected by thread: S2 1-58
2026-10-06 08:22:41,968 INFO o.a.j.t.JMeterThread: Thread finished: S2 1-58
2026-10-06 08:22:41,974 INFO o.a.j.t.JMeterThread: Stopping because end time detected by thread: S2 1-27
2026-10-06 08:22:41,974 INFO o.a.j.t.JMeterThread: Thread finished: S2 1-27
2026-10-06 08:22:41,983 INFO o.a.j.t.JMeterThread: Stopping because end time detected by thread: S2 1-56
2026-10-06 08:22:41,983 INFO o.a.j.t.JMeterThread: Thread finished: S2 1-56
2026-10-06 08:22:41,994 INFO o.a.j.t.JMeterThread: Stopping because end time detected by thread: S2 1-402
2026-10-06 08:22:41,994 INFO o.a.j.t.JMeterThread: Thread finished: S2 1-402
2026-10-06 08:22:42,016 INFO o.a.j.t.JMeterThread: Stopping because end time detected by thread: S2 1-120
2026-10-06 08:22:42,016 INFO o.a.j.t.JMeterThread: Thread finished: S2 1-120
2026-10-06 08:22:42,016 INFO o.a.j.t.JMeterThread: Stopping because end time detected by thread: S2 1-405
2026-10-06 08:22:42,016 INFO o.a.j.t.JMeterThread: Thread finished: S2 1-405
2026-10-06 08:22:42,020 INFO o.a.j.t.JMeterThread: Stopping because end time detected by thread: S2 1-403
2026-10-06 08:22:42,020 INFO o.a.j.t.JMeterThread: Thread finished: S2 1-403
2026-10-06 08:22:42,034 INFO o.a.j.t.JMeterThread: Stopping because end time detected by thread: S2 1-220
2026-10-06 08:22:42,034 INFO o.a.j.t.JMeterThread: Thread finished: S2 1-220
2026-10-06 08:22:42,039 INFO o.a.j.t.JMeterThread: Stopping because end time detected by thread: S2 1-408
2026-10-06 08:22:42,039 INFO o.a.j.t.JMeterThread: Thread finished: S2 1-408
2026-10-06 08:22:42,046 INFO o.a.j.t.JMeterThread: Stopping because end time detected by thread: S2 1-406
2026-10-06 08:22:42,046 INFO o.a.j.t.JMeterThread: Thread finished: S2 1-406
2026-10-06 08:22:42,056 INFO o.a.j.t.JMeterThread: Stopping because end time detected by thread: S2 1-221
2026-10-06 08:22:42,056 INFO o.a.j.t.JMeterThread: Thread finished: S2 1-221
2026-10-06 08:22:42,064 INFO o.a.j.t.JMeterThread: Stopping because end time detected by thread: S2 1-407
2026-10-06 08:22:42,064 INFO o.a.j.t.JMeterThread: Thread finished: S2 1-407
2026-10-06 08:22:42,071 INFO o.a.j.t.JMeterThread: Stopping because end time detected by thread: S2 1-223
2026-10-06 08:22:42,071 INFO o.a.j.t.JMeterThread: Thread finished: S2 1-223
2026-10-06 08:22:42,074 INFO o.a.j.t.JMeterThread: Stopping because end time detected by thread: S2 1-119
2026-10-06 08:22:42,074 INFO o.a.j.t.JMeterThread: Thread finished: S2 1-119
2026-10-06 08:22:42,077 INFO o.a.j.t.JMeterThread: Stopping because end time detected by thread: S2 1-409
2026-10-06 08:22:42,077 INFO o.a.j.t.JMeterThread: Thread finished: S2 1-409
2026-10-06 08:22:42,081 INFO o.a.j.t.JMeterThread: Stopping because end time detected by thread: S2 1-222
2026-10-06 08:22:42,081 INFO o.a.j.t.JMeterThread: Thread finished: S2 1-222
2026-10-06 08:22:42,122 INFO o.a.j.t.JMeterThread: Stopping because end time detected by thread: S2 1-605
2026-10-06 08:22:42,122 INFO o.a.j.t.JMeterThread: Thread finished: S2 1-605
2026-10-06 08:22:42,123 INFO o.a.j.t.JMeterThread: Stopping because end time detected by thread: S2 1-11
2026-10-06 08:22:42,123 INFO o.a.j.t.JMeterThread: Stopping because end time detected by thread: S2 1-121
2026-10-06 08:22:42,123 INFO o.a.j.t.JMeterThread: Thread finished: S2 1-11
2026-10-06 08:22:42,123 INFO o.a.j.t.JMeterThread: Thread finished: S2 1-121
2026-10-06 08:22:42,127 INFO o.a.j.t.JMeterThread: Stopping because end time detected by thread: S2 1-224
2026-10-06 08:22:42,127 INFO o.a.j.t.JMeterThread: Thread finished: S2 1-224
2026-10-06 08:22:42,145 INFO o.a.j.t.JMeterThread: Stopping because end time detected by thread: S2 1-411
2026-10-06 08:22:42,145 INFO o.a.j.t.JMeterThread: Thread finished: S2 1-411
2026-10-06 08:22:42,150 INFO o.a.j.t.JMeterThread: Stopping because end time detected by thread: S2 1-410
2026-10-06 08:22:42,150 INFO o.a.j.t.JMeterThread: Thread finished: S2 1-410
2026-10-06 08:22:42,155 INFO o.a.j.t.JMeterThread: Stopping because end time detected by thread: S2 1-602
2026-10-06 08:22:42,155 INFO o.a.j.t.JMeterThread: Thread finished: S2 1-602
2026-10-06 08:22:42,163 INFO o.a.j.t.JMeterThread: Stopping because end time detected by thread: S2 1-603
2026-10-06 08:22:42,163 INFO o.a.j.t.JMeterThread: Thread finished: S2 1-603
2026-10-06 08:22:42,169 INFO o.a.j.t.JMeterThread: Stopping because end time detected by thread: S2 1-604
2026-10-06 08:22:42,169 INFO o.a.j.t.JMeterThread: Thread finished: S2 1-604
2026-10-06 08:22:42,176 INFO o.a.j.t.JMeterThread: Stopping because end time detected by thread: S2 1-225
2026-10-06 08:22:42,176 INFO o.a.j.t.JMeterThread: Thread finished: S2 1-225
2026-10-06 08:22:42,181 INFO o.a.j.t.JMeterThread: Stopping because end time detected by thread: S2 1-601
2026-10-06 08:22:42,181 INFO o.a.j.t.JMeterThread: Thread finished: S2 1-601
2026-10-06 08:22:42,192 INFO o.a.j.t.JMeterThread: Stopping because end time detected by thread: S2 1-59
2026-10-06 08:22:42,192 INFO o.a.j.t.JMeterThread: Thread finished: S2 1-59
2026-10-06 08:22:42,208 INFO o.a.j.t.JMeterThread: Stopping because end time detected by thread: S2 1-606
2026-10-06 08:22:42,208 INFO o.a.j.t.JMeterThread: Thread finished: S2 1-606
2026-10-06 08:22:42,217 INFO o.a.j.t.JMeterThread: Stopping because end time detected by thread: S2 1-60
2026-10-06 08:22:42,217 INFO o.a.j.t.JMeterThread: Thread finished: S2 1-60
2026-10-06 08:22:42,220 INFO o.a.j.t.JMeterThread: Stopping because end time detected by thread: S2 1-412
2026-10-06 08:22:42,220 INFO o.a.j.t.JMeterThread: Thread finished: S2 1-412
2026-10-06 08:22:42,222 INFO o.a.j.t.JMeterThread: Stopping because end time detected by thread: S2 1-413
2026-10-06 08:22:42,222 INFO o.a.j.t.JMeterThread: Thread finished: S2 1-413
2026-10-06 08:22:42,247 INFO o.a.j.t.JMeterThread: Stopping because end time detected by thread: S2 1-607
2026-10-06 08:22:42,247 INFO o.a.j.t.JMeterThread: Thread finished: S2 1-607
2026-10-06 08:22:42,250 INFO o.a.j.t.JMeterThread: Stopping because end time detected by thread: S2 1-612
2026-10-06 08:22:42,250 INFO o.a.j.t.JMeterThread: Thread finished: S2 1-612
2026-10-06 08:22:42,250 INFO o.a.j.t.JMeterThread: Stopping because end time detected by thread: S2 1-122
2026-10-06 08:22:42,250 INFO o.a.j.t.JMeterThread: Thread finished: S2 1-122
2026-10-06 08:22:42,256 INFO o.a.j.t.JMeterThread: Stopping because end time detected by thread: S2 1-608
2026-10-06 08:22:42,256 INFO o.a.j.t.JMeterThread: Thread finished: S2 1-608
2026-10-06 08:22:42,268 INFO o.a.j.t.JMeterThread: Stopping because end time detected by thread: S2 1-61
2026-10-06 08:22:42,268 INFO o.a.j.t.JMeterThread: Thread finished: S2 1-61
2026-10-06 08:22:42,270 INFO o.a.j.t.JMeterThread: Stopping because end time detected by thread: S2 1-415
2026-10-06 08:22:42,270 INFO o.a.j.t.JMeterThread: Thread finished: S2 1-415
2026-10-06 08:22:42,277 INFO o.a.j.t.JMeterThread: Stopping because end time detected by thread: S2 1-610
2026-10-06 08:22:42,277 INFO o.a.j.t.JMeterThread: Thread finished: S2 1-610
2026-10-06 08:22:42,284 INFO o.a.j.t.JMeterThread: Stopping because end time detected by thread: S2 1-226
2026-10-06 08:22:42,284 INFO o.a.j.t.JMeterThread: Thread finished: S2 1-226
2026-10-06 08:22:42,295 INFO o.a.j.t.JMeterThread: Stopping because end time detected by thread: S2 1-414
2026-10-06 08:22:42,296 INFO o.a.j.t.JMeterThread: Thread finished: S2 1-414
2026-10-06 08:22:42,302 INFO o.a.j.t.JMeterThread: Stopping because end time detected by thread: S2 1-609
2026-10-06 08:22:42,302 INFO o.a.j.t.JMeterThread: Thread finished: S2 1-609
2026-10-06 08:22:42,306 INFO o.a.j.t.JMeterThread: Stopping because end time detected by thread: S2 1-228
2026-10-06 08:22:42,306 INFO o.a.j.t.JMeterThread: Thread finished: S2 1-228
2026-10-06 08:22:42,313 INFO o.a.j.t.JMeterThread: Stopping because end time detected by thread: S2 1-614
2026-10-06 08:22:42,313 INFO o.a.j.t.JMeterThread: Thread finished: S2 1-614
2026-10-06 08:22:42,332 INFO o.a.j.t.JMeterThread: Stopping because end time detected by thread: S2 1-616
2026-10-06 08:22:42,332 INFO o.a.j.t.JMeterThread: Thread finished: S2 1-616
2026-10-06 08:22:42,337 INFO o.a.j.t.JMeterThread: Stopping because end time detected by thread: S2 1-418
2026-10-06 08:22:42,337 INFO o.a.j.t.JMeterThread: Thread finished: S2 1-418
2026-10-06 08:22:42,338 INFO o.a.j.t.JMeterThread: Stopping because end time detected by thread: S2 1-613
2026-10-06 08:22:42,338 INFO o.a.j.t.JMeterThread: Thread finished: S2 1-613
2026-10-06 08:22:42,341 INFO o.a.j.t.JMeterThread: Stopping because end time detected by thread: S2 1-416
2026-10-06 08:22:42,341 INFO o.a.j.t.JMeterThread: Thread finished: S2 1-416
2026-10-06 08:22:42,359 INFO o.a.j.t.JMeterThread: Stopping because end time detected by thread: S2 1-611
2026-10-06 08:22:42,359 INFO o.a.j.t.JMeterThread: Stopping because end time detected by thread: S2 1-123
2026-10-06 08:22:42,359 INFO o.a.j.t.JMeterThread: Thread finished: S2 1-611
2026-10-06 08:22:42,359 INFO o.a.j.t.JMeterThread: Thread finished: S2 1-123
2026-10-06 08:22:42,364 INFO o.a.j.t.JMeterThread: Stopping because end time detected by thread: S2 1-62
2026-10-06 08:22:42,364 INFO o.a.j.t.JMeterThread: Thread finished: S2 1-62
2026-10-06 08:22:42,377 INFO o.a.j.t.JMeterThread: Stopping because end time detected by thread: S2 1-227
2026-10-06 08:22:42,377 INFO o.a.j.t.JMeterThread: Thread finished: S2 1-227
2026-10-06 08:22:42,382 INFO o.a.j.t.JMeterThread: Stopping because end time detected by thread: S2 1-615
2026-10-06 08:22:42,382 INFO o.a.j.t.JMeterThread: Thread finished: S2 1-615
2026-10-06 08:22:42,392 INFO o.a.j.t.JMeterThread: Stopping because end time detected by thread: S2 1-619
2026-10-06 08:22:42,392 INFO o.a.j.t.JMeterThread: Thread finished: S2 1-619
2026-10-06 08:22:42,393 INFO o.a.j.t.JMeterThread: Stopping because end time detected by thread: S2 1-417
2026-10-06 08:22:42,394 INFO o.a.j.t.JMeterThread: Thread finished: S2 1-417
2026-10-06 08:22:42,413 INFO o.a.j.t.JMeterThread: Stopping because end time detected by thread: S2 1-617
2026-10-06 08:22:42,413 INFO o.a.j.t.JMeterThread: Thread finished: S2 1-617
2026-10-06 08:22:42,413 INFO o.a.j.t.JMeterThread: Stopping because end time detected by thread: S2 1-620
2026-10-06 08:22:42,414 INFO o.a.j.t.JMeterThread: Thread finished: S2 1-620
2026-10-06 08:22:42,419 INFO o.a.j.t.JMeterThread: Stopping because end time detected by thread: S2 1-618
2026-10-06 08:22:42,419 INFO o.a.j.t.JMeterThread: Thread finished: S2 1-618
2026-10-06 08:22:42,443 INFO o.a.j.t.JMeterThread: Stopping because end time detected by thread: S2 1-230
2026-10-06 08:22:42,443 INFO o.a.j.t.JMeterThread: Thread finished: S2 1-230
2026-10-06 08:22:42,444 INFO o.a.j.t.JMeterThread: Stopping because end time detected by thread: S2 1-623
2026-10-06 08:22:42,444 INFO o.a.j.t.JMeterThread: Thread finished: S2 1-623
2026-10-06 08:22:42,454 INFO o.a.j.t.JMeterThread: Stopping because end time detected by thread: S2 1-420
2026-10-06 08:22:42,454 INFO o.a.j.t.JMeterThread: Thread finished: S2 1-420
2026-10-06 08:22:42,455 INFO o.a.j.t.JMeterThread: Stopping because end time detected by thread: S2 1-419
2026-10-06 08:22:42,455 INFO o.a.j.t.JMeterThread: Thread finished: S2 1-419
2026-10-06 08:22:42,468 INFO o.a.j.t.JMeterThread: Stopping because end time detected by thread: S2 1-621
2026-10-06 08:22:42,468 INFO o.a.j.t.JMeterThread: Thread finished: S2 1-621
2026-10-06 08:22:42,475 INFO o.a.j.t.JMeterThread: Stopping because end time detected by thread: S2 1-124
2026-10-06 08:22:42,476 INFO o.a.j.t.JMeterThread: Thread finished: S2 1-124
2026-10-06 08:22:42,492 INFO o.a.j.t.JMeterThread: Stopping because end time detected by thread: S2 1-622
2026-10-06 08:22:42,492 INFO o.a.j.t.JMeterThread: Stopping because end time detected by thread: S2 1-422
2026-10-06 08:22:42,492 INFO o.a.j.t.JMeterThread: Thread finished: S2 1-422
2026-10-06 08:22:42,492 INFO o.a.j.t.JMeterThread: Thread finished: S2 1-622
2026-10-06 08:22:42,500 INFO o.a.j.t.JMeterThread: Stopping because end time detected by thread: S2 1-423
2026-10-06 08:22:42,500 INFO o.a.j.t.JMeterThread: Thread finished: S2 1-423
2026-10-06 08:22:42,517 INFO o.a.j.t.JMeterThread: Stopping because end time detected by thread: S2 1-421
2026-10-06 08:22:42,517 INFO o.a.j.t.JMeterThread: Thread finished: S2 1-421
2026-10-06 08:22:42,528 INFO o.a.j.t.JMeterThread: Stopping because end time detected by thread: S2 1-229
2026-10-06 08:22:42,529 INFO o.a.j.t.JMeterThread: Thread finished: S2 1-229
2026-10-06 08:22:42,539 INFO o.a.j.t.JMeterThread: Stopping because end time detected by thread: S2 1-624
2026-10-06 08:22:42,539 INFO o.a.j.t.JMeterThread: Thread finished: S2 1-624
2026-10-06 08:22:42,539 INFO o.a.j.t.JMeterThread: Stopping because end time detected by thread: S2 1-626
2026-10-06 08:22:42,539 INFO o.a.j.t.JMeterThread: Thread finished: S2 1-626
2026-10-06 08:22:42,545 INFO o.a.j.t.JMeterThread: Stopping because end time detected by thread: S2 1-12
2026-10-06 08:22:42,545 INFO o.a.j.t.JMeterThread: Thread finished: S2 1-12
2026-10-06 08:22:42,563 INFO o.a.j.t.JMeterThread: Stopping because end time detected by thread: S2 1-625
2026-10-06 08:22:42,563 INFO o.a.j.t.JMeterThread: Thread finished: S2 1-625
2026-10-06 08:22:42,564 INFO o.a.j.t.JMeterThread: Stopping because end time detected by thread: S2 1-425
2026-10-06 08:22:42,565 INFO o.a.j.t.JMeterThread: Thread finished: S2 1-425
2026-10-06 08:22:42,570 INFO o.a.j.t.JMeterThread: Stopping because end time detected by thread: S2 1-28
2026-10-06 08:22:42,570 INFO o.a.j.t.JMeterThread: Thread finished: S2 1-28
2026-10-06 08:22:42,577 INFO o.a.j.t.JMeterThread: Stopping because end time detected by thread: S2 1-628
2026-10-06 08:22:42,577 INFO o.a.j.t.JMeterThread: Thread finished: S2 1-628
2026-10-06 08:22:42,587 INFO o.a.j.t.JMeterThread: Stopping because end time detected by thread: S2 1-232
2026-10-06 08:22:42,587 INFO o.a.j.t.JMeterThread: Thread finished: S2 1-232
2026-10-06 08:22:42,592 INFO o.a.j.t.JMeterThread: Stopping because end time detected by thread: S2 1-424
2026-10-06 08:22:42,592 INFO o.a.j.t.JMeterThread: Thread finished: S2 1-424
2026-10-06 08:22:42,610 INFO o.a.j.t.JMeterThread: Stopping because end time detected by thread: S2 1-630
2026-10-06 08:22:42,610 INFO o.a.j.t.JMeterThread: Thread finished: S2 1-630
2026-10-06 08:22:42,611 INFO o.a.j.t.JMeterThread: Stopping because end time detected by thread: S2 1-629
2026-10-06 08:22:42,611 INFO o.a.j.t.JMeterThread: Thread finished: S2 1-629
2026-10-06 08:22:42,620 INFO o.a.j.t.JMeterThread: Stopping because end time detected by thread: S2 1-233
2026-10-06 08:22:42,620 INFO o.a.j.t.JMeterThread: Thread finished: S2 1-233
2026-10-06 08:22:42,624 INFO o.a.j.t.JMeterThread: Stopping because end time detected by thread: S2 1-231
2026-10-06 08:22:42,625 INFO o.a.j.t.JMeterThread: Thread finished: S2 1-231
2026-10-06 08:22:42,659 INFO o.a.j.t.JMeterThread: Stopping because end time detected by thread: S2 1-426
2026-10-06 08:22:42,659 INFO o.a.j.t.JMeterThread: Thread finished: S2 1-426
2026-10-06 08:22:42,662 INFO o.a.j.t.JMeterThread: Stopping because end time detected by thread: S2 1-627
2026-10-06 08:22:42,662 INFO o.a.j.t.JMeterThread: Thread finished: S2 1-627
2026-10-06 08:22:42,664 INFO o.a.j.t.JMeterThread: Stopping because end time detected by thread: S2 1-631
2026-10-06 08:22:42,664 INFO o.a.j.t.JMeterThread: Thread finished: S2 1-631
2026-10-06 08:22:42,666 INFO o.a.j.t.JMeterThread: Stopping because end time detected by thread: S2 1-234
2026-10-06 08:22:42,666 INFO o.a.j.t.JMeterThread: Thread finished: S2 1-234
2026-10-06 08:22:42,694 INFO o.a.j.t.JMeterThread: Stopping because end time detected by thread: S2 1-427
2026-10-06 08:22:42,694 INFO o.a.j.t.JMeterThread: Thread finished: S2 1-427
2026-10-06 08:22:42,695 INFO o.a.j.t.JMeterThread: Stopping because end time detected by thread: S2 1-636
2026-10-06 08:22:42,695 INFO o.a.j.t.JMeterThread: Thread finished: S2 1-636
2026-10-06 08:22:42,710 INFO o.a.j.t.JMeterThread: Stopping because end time detected by thread: S2 1-632
2026-10-06 08:22:42,711 INFO o.a.j.t.JMeterThread: Thread finished: S2 1-632
2026-10-06 08:22:42,712 INFO o.a.j.t.JMeterThread: Stopping because end time detected by thread: S2 1-29
2026-10-06 08:22:42,712 INFO o.a.j.t.JMeterThread: Thread finished: S2 1-29
2026-10-06 08:22:42,717 INFO o.a.j.t.JMeterThread: Stopping because end time detected by thread: S2 1-428
2026-10-06 08:22:42,717 INFO o.a.j.t.JMeterThread: Thread finished: S2 1-428
2026-10-06 08:22:42,740 INFO o.a.j.t.JMeterThread: Stopping because end time detected by thread: S2 1-639
2026-10-06 08:22:42,740 INFO o.a.j.t.JMeterThread: Thread finished: S2 1-639
2026-10-06 08:22:42,743 INFO o.a.j.t.JMeterThread: Stopping because end time detected by thread: S2 1-634
2026-10-06 08:22:42,744 INFO o.a.j.t.JMeterThread: Thread finished: S2 1-634
2026-10-06 08:22:42,752 INFO o.a.j.t.JMeterThread: Stopping because end time detected by thread: S2 1-126
2026-10-06 08:22:42,752 INFO o.a.j.t.JMeterThread: Thread finished: S2 1-126
2026-10-06 08:22:42,767 INFO o.a.j.t.JMeterThread: Stopping because end time detected by thread: S2 1-635
2026-10-06 08:22:42,767 INFO o.a.j.t.JMeterThread: Thread finished: S2 1-635
2026-10-06 08:22:42,771 INFO o.a.j.t.JMeterThread: Stopping because end time detected by thread: S2 1-429
2026-10-06 08:22:42,771 INFO o.a.j.t.JMeterThread: Thread finished: S2 1-429
2026-10-06 08:22:42,773 INFO o.a.j.t.JMeterThread: Stopping because end time detected by thread: S2 1-637
2026-10-06 08:22:42,773 INFO o.a.j.t.JMeterThread: Thread finished: S2 1-637
2026-10-06 08:22:42,781 INFO o.a.j.t.JMeterThread: Stopping because end time detected by thread: S2 1-633
2026-10-06 08:22:42,781 INFO o.a.j.t.JMeterThread: Thread finished: S2 1-633
2026-10-06 08:22:42,796 INFO o.a.j.t.JMeterThread: Stopping because end time detected by thread: S2 1-125
2026-10-06 08:22:42,796 INFO o.a.j.t.JMeterThread: Thread finished: S2 1-125
2026-10-06 08:22:42,804 INFO o.a.j.t.JMeterThread: Stopping because end time detected by thread: S2 1-431
2026-10-06 08:22:42,804 INFO o.a.j.t.JMeterThread: Thread finished: S2 1-431
2026-10-06 08:22:42,814 INFO o.a.j.t.JMeterThread: Stopping because end time detected by thread: S2 1-640
2026-10-06 08:22:42,814 INFO o.a.j.t.JMeterThread: Thread finished: S2 1-640
2026-10-06 08:22:42,829 INFO o.a.j.t.JMeterThread: Stopping because end time detected by thread: S2 1-235
2026-10-06 08:22:42,829 INFO o.a.j.t.JMeterThread: Thread finished: S2 1-235
2026-10-06 08:22:42,835 INFO o.a.j.t.JMeterThread: Stopping because end time detected by thread: S2 1-236
2026-10-06 08:22:42,835 INFO o.a.j.t.JMeterThread: Thread finished: S2 1-236
2026-10-06 08:22:42,845 INFO o.a.j.t.JMeterThread: Stopping because end time detected by thread: S2 1-641
2026-10-06 08:22:42,845 INFO o.a.j.t.JMeterThread: Thread finished: S2 1-641
2026-10-06 08:22:42,855 INFO o.a.j.t.JMeterThread: Stopping because end time detected by thread: S2 1-638
2026-10-06 08:22:42,855 INFO o.a.j.t.JMeterThread: Thread finished: S2 1-638
2026-10-06 08:22:42,863 INFO o.a.j.t.JMeterThread: Stopping because end time detected by thread: S2 1-63
2026-10-06 08:22:42,863 INFO o.a.j.t.JMeterThread: Thread finished: S2 1-63
2026-10-06 08:22:42,871 INFO o.a.j.t.JMeterThread: Stopping because end time detected by thread: S2 1-430
2026-10-06 08:22:42,871 INFO o.a.j.t.JMeterThread: Thread finished: S2 1-430
2026-10-06 08:22:42,879 INFO o.a.j.t.JMeterThread: Stopping because end time detected by thread: S2 1-433
2026-10-06 08:22:42,879 INFO o.a.j.t.JMeterThread: Thread finished: S2 1-433
2026-10-06 08:22:42,881 INFO o.a.j.t.JMeterThread: Stopping because end time detected by thread: S2 1-642
2026-10-06 08:22:42,882 INFO o.a.j.t.JMeterThread: Thread finished: S2 1-642
2026-10-06 08:22:42,894 INFO o.a.j.t.JMeterThread: Stopping because end time detected by thread: S2 1-31
2026-10-06 08:22:42,894 INFO o.a.j.t.JMeterThread: Thread finished: S2 1-31
2026-10-06 08:22:42,904 INFO o.a.j.t.JMeterThread: Stopping because end time detected by thread: S2 1-432
2026-10-06 08:22:42,904 INFO o.a.j.t.JMeterThread: Thread finished: S2 1-432
2026-10-06 08:22:42,919 INFO o.a.j.t.JMeterThread: Stopping because end time detected by thread: S2 1-64
2026-10-06 08:22:42,919 INFO o.a.j.t.JMeterThread: Stopping because end time detected by thread: S2 1-645
2026-10-06 08:22:42,919 INFO o.a.j.t.JMeterThread: Thread finished: S2 1-64
2026-10-06 08:22:42,919 INFO o.a.j.t.JMeterThread: Thread finished: S2 1-645
2026-10-06 08:22:42,929 INFO o.a.j.t.JMeterThread: Stopping because end time detected by thread: S2 1-644
2026-10-06 08:22:42,929 INFO o.a.j.t.JMeterThread: Thread finished: S2 1-644
2026-10-06 08:22:42,934 INFO o.a.j.t.JMeterThread: Stopping because end time detected by thread: S2 1-434
2026-10-06 08:22:42,934 INFO o.a.j.t.JMeterThread: Thread finished: S2 1-434
2026-10-06 08:22:42,955 INFO o.a.j.t.JMeterThread: Stopping because end time detected by thread: S2 1-435
2026-10-06 08:22:42,955 INFO o.a.j.t.JMeterThread: Thread finished: S2 1-435
2026-10-06 08:22:42,966 INFO o.a.j.t.JMeterThread: Stopping because end time detected by thread: S2 1-643
2026-10-06 08:22:42,966 INFO o.a.j.t.JMeterThread: Thread finished: S2 1-643
2026-10-06 08:22:42,966 INFO o.a.j.t.JMeterThread: Stopping because end time detected by thread: S2 1-648
2026-10-06 08:22:42,967 INFO o.a.j.t.JMeterThread: Thread finished: S2 1-648
2026-10-06 08:22:42,971 INFO o.a.j.t.JMeterThread: Stopping because end time detected by thread: S2 1-237
2026-10-06 08:22:42,971 INFO o.a.j.t.JMeterThread: Thread finished: S2 1-237
2026-10-06 08:22:42,988 INFO o.a.j.t.JMeterThread: Stopping because end time detected by thread: S2 1-647
2026-10-06 08:22:42,989 INFO o.a.j.t.JMeterThread: Thread finished: S2 1-647
2026-10-06 08:22:42,991 INFO o.a.j.t.JMeterThread: Stopping because end time detected by thread: S2 1-436
2026-10-06 08:22:42,991 INFO o.a.j.t.JMeterThread: Thread finished: S2 1-436
2026-10-06 08:22:42,992 INFO o.a.j.t.JMeterThread: Stopping because end time detected by thread: S2 1-649
2026-10-06 08:22:42,992 INFO o.a.j.t.JMeterThread: Thread finished: S2 1-649
2026-10-06 08:22:42,995 INFO o.a.j.t.JMeterThread: Stopping because end time detected by thread: S2 1-437
2026-10-06 08:22:42,995 INFO o.a.j.t.JMeterThread: Thread finished: S2 1-437
2026-10-06 08:22:43,014 INFO o.a.j.t.JMeterThread: Stopping because end time detected by thread: S2 1-5
2026-10-06 08:22:43,014 INFO o.a.j.t.JMeterThread: Thread finished: S2 1-5
2026-10-06 08:22:43,014 INFO o.a.j.t.JMeterThread: Stopping because end time detected by thread: S2 1-652
2026-10-06 08:22:43,014 INFO o.a.j.t.JMeterThread: Thread finished: S2 1-652
2026-10-06 08:22:43,014 INFO o.a.j.t.JMeterThread: Stopping because end time detected by thread: S2 1-127
2026-10-06 08:22:43,014 INFO o.a.j.t.JMeterThread: Thread finished: S2 1-127
2026-10-06 08:22:43,031 INFO o.a.j.t.JMeterThread: Stopping because end time detected by thread: S2 1-646
2026-10-06 08:22:43,031 INFO o.a.j.t.JMeterThread: Thread finished: S2 1-646
2026-10-06 08:22:43,045 INFO o.a.j.t.JMeterThread: Stopping because end time detected by thread: S2 1-650
2026-10-06 08:22:43,045 INFO o.a.j.t.JMeterThread: Thread finished: S2 1-650
2026-10-06 08:22:43,049 INFO o.a.j.t.JMeterThread: Stopping because end time detected by thread: S2 1-653
2026-10-06 08:22:43,050 INFO o.a.j.t.JMeterThread: Thread finished: S2 1-653
2026-10-06 08:22:43,055 INFO o.a.j.t.JMeterThread: Stopping because end time detected by thread: S2 1-128
2026-10-06 08:22:43,055 INFO o.a.j.t.JMeterThread: Thread finished: S2 1-128
2026-10-06 08:22:43,058 INFO o.a.j.t.JMeterThread: Stopping because end time detected by thread: S2 1-438
2026-10-06 08:22:43,058 INFO o.a.j.t.JMeterThread: Thread finished: S2 1-438
2026-10-06 08:22:43,074 INFO o.a.j.t.JMeterThread: Stopping because end time detected by thread: S2 1-651
2026-10-06 08:22:43,074 INFO o.a.j.t.JMeterThread: Thread finished: S2 1-651
2026-10-06 08:22:43,089 INFO o.a.j.t.JMeterThread: Stopping because end time detected by thread: S2 1-439
2026-10-06 08:22:43,089 INFO o.a.j.t.JMeterThread: Thread finished: S2 1-439
2026-10-06 08:22:43,093 INFO o.a.j.t.JMeterThread: Stopping because end time detected by thread: S2 1-238
2026-10-06 08:22:43,093 INFO o.a.j.t.JMeterThread: Thread finished: S2 1-238
2026-10-06 08:22:43,096 INFO o.a.j.t.JMeterThread: Stopping because end time detected by thread: S2 1-129
2026-10-06 08:22:43,096 INFO o.a.j.t.JMeterThread: Thread finished: S2 1-129
2026-10-06 08:22:43,112 INFO o.a.j.t.JMeterThread: Stopping because end time detected by thread: S2 1-240
2026-10-06 08:22:43,112 INFO o.a.j.t.JMeterThread: Thread finished: S2 1-240
2026-10-06 08:22:43,116 INFO o.a.j.t.JMeterThread: Stopping because end time detected by thread: S2 1-65
2026-10-06 08:22:43,116 INFO o.a.j.t.JMeterThread: Thread finished: S2 1-65
2026-10-06 08:22:43,117 INFO o.a.j.t.JMeterThread: Stopping because end time detected by thread: S2 1-655
2026-10-06 08:22:43,117 INFO o.a.j.t.JMeterThread: Thread finished: S2 1-655
2026-10-06 08:22:43,125 INFO o.a.j.t.JMeterThread: Stopping because end time detected by thread: S2 1-654
2026-10-06 08:22:43,125 INFO o.a.j.t.JMeterThread: Thread finished: S2 1-654
2026-10-06 08:22:43,138 INFO o.a.j.t.JMeterThread: Stopping because end time detected by thread: S2 1-440
2026-10-06 08:22:43,138 INFO o.a.j.t.JMeterThread: Thread finished: S2 1-440
2026-10-06 08:22:43,145 INFO o.a.j.t.JMeterThread: Stopping because end time detected by thread: S2 1-441
2026-10-06 08:22:43,145 INFO o.a.j.t.JMeterThread: Thread finished: S2 1-441
2026-10-06 08:22:43,155 INFO o.a.j.t.JMeterThread: Stopping because end time detected by thread: S2 1-656
2026-10-06 08:22:43,155 INFO o.a.j.t.JMeterThread: Thread finished: S2 1-656
2026-10-06 08:22:43,164 INFO o.a.j.t.JMeterThread: Stopping because end time detected by thread: S2 1-239
2026-10-06 08:22:43,164 INFO o.a.j.t.JMeterThread: Thread finished: S2 1-239
2026-10-06 08:22:43,164 INFO o.a.j.t.JMeterThread: Stopping because end time detected by thread: S2 1-661
2026-10-06 08:22:43,164 INFO o.a.j.t.JMeterThread: Thread finished: S2 1-661
2026-10-06 08:22:43,176 INFO o.a.j.t.JMeterThread: Stopping because end time detected by thread: S2 1-657
2026-10-06 08:22:43,176 INFO o.a.j.t.JMeterThread: Thread finished: S2 1-657
2026-10-06 08:22:43,181 INFO o.a.j.t.JMeterThread: Stopping because end time detected by thread: S2 1-658
2026-10-06 08:22:43,181 INFO o.a.j.t.JMeterThread: Thread finished: S2 1-658
2026-10-06 08:22:43,190 INFO o.a.j.t.JMeterThread: Stopping because end time detected by thread: S2 1-659
2026-10-06 08:22:43,190 INFO o.a.j.t.JMeterThread: Thread finished: S2 1-659
2026-10-06 08:22:43,209 INFO o.a.j.t.JMeterThread: Stopping because end time detected by thread: S2 1-443
2026-10-06 08:22:43,209 INFO o.a.j.t.JMeterThread: Stopping because end time detected by thread: S2 1-442
2026-10-06 08:22:43,209 INFO o.a.j.t.JMeterThread: Thread finished: S2 1-442
2026-10-06 08:22:43,209 INFO o.a.j.t.JMeterThread: Thread finished: S2 1-443
2026-10-06 08:22:43,223 INFO o.a.j.t.JMeterThread: Stopping because end time detected by thread: S2 1-663
2026-10-06 08:22:43,223 INFO o.a.j.t.JMeterThread: Thread finished: S2 1-663
2026-10-06 08:22:43,230 INFO o.a.j.t.JMeterThread: Stopping because end time detected by thread: S2 1-660
2026-10-06 08:22:43,230 INFO o.a.j.t.JMeterThread: Thread finished: S2 1-660
2026-10-06 08:22:43,232 INFO o.a.j.t.JMeterThread: Stopping because end time detected by thread: S2 1-662
2026-10-06 08:22:43,232 INFO o.a.j.t.JMeterThread: Thread finished: S2 1-662
2026-10-06 08:22:43,235 INFO o.a.j.t.JMeterThread: Stopping because end time detected by thread: S2 1-665
2026-10-06 08:22:43,235 INFO o.a.j.t.JMeterThread: Thread finished: S2 1-665
2026-10-06 08:22:43,250 INFO o.a.j.t.JMeterThread: Stopping because end time detected by thread: S2 1-242
2026-10-06 08:22:43,250 INFO o.a.j.t.JMeterThread: Thread finished: S2 1-242
2026-10-06 08:22:43,251 INFO o.a.j.t.JMeterThread: Stopping because end time detected by thread: S2 1-130
2026-10-06 08:22:43,251 INFO o.a.j.t.JMeterThread: Thread finished: S2 1-130
2026-10-06 08:22:43,260 INFO o.a.j.t.JMeterThread: Stopping because end time detected by thread: S2 1-445
2026-10-06 08:22:43,261 INFO o.a.j.t.JMeterThread: Thread finished: S2 1-445
2026-10-06 08:22:43,269 INFO o.a.j.t.JMeterThread: Stopping because end time detected by thread: S2 1-664
2026-10-06 08:22:43,269 INFO o.a.j.t.JMeterThread: Thread finished: S2 1-664
2026-10-06 08:22:43,290 INFO o.a.j.t.JMeterThread: Stopping because end time detected by thread: S2 1-666
2026-10-06 08:22:43,291 INFO o.a.j.t.JMeterThread: Thread finished: S2 1-666
2026-10-06 08:22:43,292 INFO o.a.j.t.JMeterThread: Stopping because end time detected by thread: S2 1-444
2026-10-06 08:22:43,292 INFO o.a.j.t.JMeterThread: Thread finished: S2 1-444
2026-10-06 08:22:43,299 INFO o.a.j.t.JMeterThread: Stopping because end time detected by thread: S2 1-241
2026-10-06 08:22:43,300 INFO o.a.j.t.JMeterThread: Thread finished: S2 1-241
2026-10-06 08:22:43,301 INFO o.a.j.t.JMeterThread: Stopping because end time detected by thread: S2 1-668
2026-10-06 08:22:43,301 INFO o.a.j.t.JMeterThread: Thread finished: S2 1-668
2026-10-06 08:22:43,331 INFO o.a.j.t.JMeterThread: Stopping because end time detected by thread: S2 1-667
2026-10-06 08:22:43,331 INFO o.a.j.t.JMeterThread: Thread finished: S2 1-667
2026-10-06 08:22:43,331 INFO o.a.j.t.JMeterThread: Stopping because end time detected by thread: S2 1-66
2026-10-06 08:22:43,331 INFO o.a.j.t.JMeterThread: Thread finished: S2 1-66
2026-10-06 08:22:43,336 INFO o.a.j.t.JMeterThread: Stopping because end time detected by thread: S2 1-670
2026-10-06 08:22:43,336 INFO o.a.j.t.JMeterThread: Thread finished: S2 1-670
2026-10-06 08:22:43,341 INFO o.a.j.t.JMeterThread: Stopping because end time detected by thread: S2 1-243
2026-10-06 08:22:43,341 INFO o.a.j.t.JMeterThread: Thread finished: S2 1-243
2026-10-06 08:22:43,352 INFO o.a.j.t.JMeterThread: Stopping because end time detected by thread: S2 1-446
2026-10-06 08:22:43,352 INFO o.a.j.t.JMeterThread: Thread finished: S2 1-446
2026-10-06 08:22:43,356 INFO o.a.j.t.JMeterThread: Stopping because end time detected by thread: S2 1-669
2026-10-06 08:22:43,356 INFO o.a.j.t.JMeterThread: Thread finished: S2 1-669
2026-10-06 08:22:43,362 INFO o.a.j.t.JMeterThread: Stopping because end time detected by thread: S2 1-449
2026-10-06 08:22:43,362 INFO o.a.j.t.JMeterThread: Thread finished: S2 1-449
2026-10-06 08:22:43,364 INFO o.a.j.t.JMeterThread: Stopping because end time detected by thread: S2 1-131
2026-10-06 08:22:43,364 INFO o.a.j.t.JMeterThread: Thread finished: S2 1-131
2026-10-06 08:22:43,372 INFO o.a.j.t.JMeterThread: Stopping because end time detected by thread: S2 1-673
2026-10-06 08:22:43,372 INFO o.a.j.t.JMeterThread: Thread finished: S2 1-673
2026-10-06 08:22:43,380 INFO o.a.j.t.JMeterThread: Stopping because end time detected by thread: S2 1-447
2026-10-06 08:22:43,380 INFO o.a.j.t.JMeterThread: Thread finished: S2 1-447
2026-10-06 08:22:43,389 INFO o.a.j.t.JMeterThread: Stopping because end time detected by thread: S2 1-672
2026-10-06 08:22:43,389 INFO o.a.j.t.JMeterThread: Thread finished: S2 1-672
2026-10-06 08:22:43,389 INFO o.a.j.t.JMeterThread: Stopping because end time detected by thread: S2 1-671
2026-10-06 08:22:43,389 INFO o.a.j.t.JMeterThread: Thread finished: S2 1-671
2026-10-06 08:22:43,395 INFO o.a.j.t.JMeterThread: Stopping because end time detected by thread: S2 1-675
2026-10-06 08:22:43,395 INFO o.a.j.t.JMeterThread: Thread finished: S2 1-675
2026-10-06 08:22:43,414 INFO o.a.j.t.JMeterThread: Stopping because end time detected by thread: S2 1-245
2026-10-06 08:22:43,414 INFO o.a.j.t.JMeterThread: Thread finished: S2 1-245
2026-10-06 08:22:43,418 INFO o.a.j.t.JMeterThread: Stopping because end time detected by thread: S2 1-244
2026-10-06 08:22:43,437 INFO o.a.j.t.JMeterThread: Stopping because end time detected by thread: S2 1-14
2026-10-06 08:22:43,422 INFO o.a.j.t.JMeterThread: Stopping because end time detected by thread: S2 1-132
2026-10-06 08:22:43,442 INFO o.a.j.t.JMeterThread: Thread finished: S2 1-244
2026-10-06 08:22:43,442 INFO o.a.j.t.JMeterThread: Thread finished: S2 1-14
2026-10-06 08:22:43,442 INFO o.a.j.t.JMeterThread: Thread finished: S2 1-132
2026-10-06 08:22:43,449 INFO o.a.j.t.JMeterThread: Stopping because end time detected by thread: S2 1-674
2026-10-06 08:22:43,449 INFO o.a.j.t.JMeterThread: Thread finished: S2 1-674
2026-10-06 08:22:43,456 INFO o.a.j.t.JMeterThread: Stopping because end time detected by thread: S2 1-450
2026-10-06 08:22:43,456 INFO o.a.j.t.JMeterThread: Thread finished: S2 1-450
2026-10-06 08:22:43,466 INFO o.a.j.t.JMeterThread: Stopping because end time detected by thread: S2 1-448
2026-10-06 08:22:43,466 INFO o.a.j.t.JMeterThread: Thread finished: S2 1-448
2026-10-06 08:22:43,488 INFO o.a.j.t.JMeterThread: Stopping because end time detected by thread: S2 1-676
2026-10-06 08:22:43,488 INFO o.a.j.t.JMeterThread: Thread finished: S2 1-676
2026-10-06 08:22:43,490 INFO o.a.j.t.JMeterThread: Stopping because end time detected by thread: S2 1-677
2026-10-06 08:22:43,490 INFO o.a.j.t.JMeterThread: Thread finished: S2 1-677
2026-10-06 08:22:43,497 INFO o.a.j.t.JMeterThread: Stopping because end time detected by thread: S2 1-30
2026-10-06 08:22:43,497 INFO o.a.j.t.JMeterThread: Thread finished: S2 1-30
2026-10-06 08:22:43,507 INFO o.a.j.t.JMeterThread: Stopping because end time detected by thread: S2 1-246
2026-10-06 08:22:43,507 INFO o.a.j.t.JMeterThread: Thread finished: S2 1-246
2026-10-06 08:22:43,525 INFO o.a.j.t.JMeterThread: Stopping because end time detected by thread: S2 1-678
2026-10-06 08:22:43,525 INFO o.a.j.t.JMeterThread: Thread finished: S2 1-678
2026-10-06 08:22:43,525 INFO o.a.j.t.JMeterThread: Stopping because end time detected by thread: S2 1-679
2026-10-06 08:22:43,525 INFO o.a.j.t.JMeterThread: Thread finished: S2 1-679
2026-10-06 08:22:43,527 INFO o.a.j.t.JMeterThread: Stopping because end time detected by thread: S2 1-7
2026-10-06 08:22:43,527 INFO o.a.j.t.JMeterThread: Thread finished: S2 1-7
2026-10-06 08:22:43,536 INFO o.a.j.t.JMeterThread: Stopping because end time detected by thread: S2 1-451
2026-10-06 08:22:43,536 INFO o.a.j.t.JMeterThread: Thread finished: S2 1-451
2026-10-06 08:22:43,543 INFO o.a.j.t.JMeterThread: Stopping because end time detected by thread: S2 1-680
2026-10-06 08:22:43,543 INFO o.a.j.t.JMeterThread: Thread finished: S2 1-680
2026-10-06 08:22:43,562 INFO o.a.j.t.JMeterThread: Stopping because end time detected by thread: S2 1-452
2026-10-06 08:22:43,562 INFO o.a.j.t.JMeterThread: Thread finished: S2 1-452
2026-10-06 08:22:43,563 INFO o.a.j.t.JMeterThread: Stopping because end time detected by thread: S2 1-133
2026-10-06 08:22:43,563 INFO o.a.j.t.JMeterThread: Thread finished: S2 1-133
2026-10-06 08:22:43,571 INFO o.a.j.t.JMeterThread: Stopping because end time detected by thread: S2 1-682
2026-10-06 08:22:43,571 INFO o.a.j.t.JMeterThread: Thread finished: S2 1-682
2026-10-06 08:22:43,574 INFO o.a.j.t.JMeterThread: Stopping because end time detected by thread: S2 1-681
2026-10-06 08:22:43,574 INFO o.a.j.t.JMeterThread: Thread finished: S2 1-681
2026-10-06 08:22:43,598 INFO o.a.j.t.JMeterThread: Stopping because end time detected by thread: S2 1-247
2026-10-06 08:22:43,598 INFO o.a.j.t.JMeterThread: Thread finished: S2 1-247
2026-10-06 08:22:43,599 INFO o.a.j.t.JMeterThread: Stopping because end time detected by thread: S2 1-134
2026-10-06 08:22:43,599 INFO o.a.j.t.JMeterThread: Thread finished: S2 1-134
2026-10-06 08:22:43,613 INFO o.a.j.t.JMeterThread: Stopping because end time detected by thread: S2 1-684
2026-10-06 08:22:43,614 INFO o.a.j.t.JMeterThread: Thread finished: S2 1-684
2026-10-06 08:22:43,619 INFO o.a.j.t.JMeterThread: Stopping because end time detected by thread: S2 1-683
2026-10-06 08:22:43,619 INFO o.a.j.t.JMeterThread: Thread finished: S2 1-683
2026-10-06 08:22:43,645 INFO o.a.j.t.JMeterThread: Stopping because end time detected by thread: S2 1-249
2026-10-06 08:22:43,645 INFO o.a.j.t.JMeterThread: Stopping because end time detected by thread: S2 1-685
2026-10-06 08:22:43,645 INFO o.a.j.t.JMeterThread: Thread finished: S2 1-249
2026-10-06 08:22:43,645 INFO o.a.j.t.JMeterThread: Thread finished: S2 1-685
2026-10-06 08:22:43,647 INFO o.a.j.t.JMeterThread: Stopping because end time detected by thread: S2 1-454
2026-10-06 08:22:43,647 INFO o.a.j.t.JMeterThread: Thread finished: S2 1-454
2026-10-06 08:22:43,649 INFO o.a.j.t.JMeterThread: Stopping because end time detected by thread: S2 1-455
2026-10-06 08:22:43,649 INFO o.a.j.t.JMeterThread: Thread finished: S2 1-455
2026-10-06 08:22:43,672 INFO o.a.j.t.JMeterThread: Stopping because end time detected by thread: S2 1-686
2026-10-06 08:22:43,672 INFO o.a.j.t.JMeterThread: Thread finished: S2 1-686
2026-10-06 08:22:43,691 INFO o.a.j.t.JMeterThread: Stopping because end time detected by thread: S2 1-456
2026-10-06 08:22:43,691 INFO o.a.j.t.JMeterThread: Thread finished: S2 1-456
2026-10-06 08:22:43,693 INFO o.a.j.t.JMeterThread: Stopping because end time detected by thread: S2 1-687
2026-10-06 08:22:43,693 INFO o.a.j.t.JMeterThread: Thread finished: S2 1-687
2026-10-06 08:22:43,695 INFO o.a.j.t.JMeterThread: Stopping because end time detected by thread: S2 1-248
2026-10-06 08:22:43,695 INFO o.a.j.t.JMeterThread: Thread finished: S2 1-248
2026-10-06 08:22:43,709 INFO o.a.j.t.JMeterThread: Stopping because end time detected by thread: S2 1-453
2026-10-06 08:22:43,709 INFO o.a.j.t.JMeterThread: Thread finished: S2 1-453
2026-10-06 08:22:43,727 INFO o.a.j.t.JMeterThread: Stopping because end time detected by thread: S2 1-250
2026-10-06 08:22:43,727 INFO o.a.j.t.JMeterThread: Thread finished: S2 1-250
2026-10-06 08:22:43,742 INFO o.a.j.t.JMeterThread: Stopping because end time detected by thread: S2 1-688
2026-10-06 08:22:43,742 INFO o.a.j.t.JMeterThread: Thread finished: S2 1-688
2026-10-06 08:22:43,746 INFO o.a.j.t.JMeterThread: Stopping because end time detected by thread: S2 1-689
2026-10-06 08:22:43,746 INFO o.a.j.t.JMeterThread: Thread finished: S2 1-689
2026-10-06 08:22:43,748 INFO o.a.j.t.JMeterThread: Stopping because end time detected by thread: S2 1-6
2026-10-06 08:22:43,748 INFO o.a.j.t.JMeterThread: Thread finished: S2 1-6
2026-10-06 08:22:43,766 INFO o.a.j.t.JMeterThread: Stopping because end time detected by thread: S2 1-691
2026-10-06 08:22:43,767 INFO o.a.j.t.JMeterThread: Thread finished: S2 1-691
2026-10-06 08:22:43,771 INFO o.a.j.t.JMeterThread: Stopping because end time detected by thread: S2 1-692
2026-10-06 08:22:43,771 INFO o.a.j.t.JMeterThread: Thread finished: S2 1-692
2026-10-06 08:22:43,773 INFO o.a.j.t.JMeterThread: Stopping because end time detected by thread: S2 1-251
2026-10-06 08:22:43,773 INFO o.a.j.t.JMeterThread: Thread finished: S2 1-251
2026-10-06 08:22:43,781 INFO o.a.j.t.JMeterThread: Stopping because end time detected by thread: S2 1-458
2026-10-06 08:22:43,781 INFO o.a.j.t.JMeterThread: Thread finished: S2 1-458
2026-10-06 08:22:43,802 INFO o.a.j.t.JMeterThread: Stopping because end time detected by thread: S2 1-460
2026-10-06 08:22:43,802 INFO o.a.j.t.JMeterThread: Thread finished: S2 1-460
2026-10-06 08:22:43,812 INFO o.a.j.t.JMeterThread: Stopping because end time detected by thread: S2 1-68
2026-10-06 08:22:43,812 INFO o.a.j.t.JMeterThread: Thread finished: S2 1-68
2026-10-06 08:22:43,816 INFO o.a.j.t.JMeterThread: Stopping because end time detected by thread: S2 1-457
2026-10-06 08:22:43,817 INFO o.a.j.t.JMeterThread: Thread finished: S2 1-457
2026-10-06 08:22:43,819 INFO o.a.j.t.JMeterThread: Stopping because end time detected by thread: S2 1-252
2026-10-06 08:22:43,820 INFO o.a.j.t.JMeterThread: Thread finished: S2 1-252
2026-10-06 08:22:43,832 INFO o.a.j.t.JMeterThread: Stopping because end time detected by thread: S2 1-459
2026-10-06 08:22:43,833 INFO o.a.j.t.JMeterThread: Thread finished: S2 1-459
2026-10-06 08:22:43,838 INFO o.a.j.t.JMeterThread: Stopping because end time detected by thread: S2 1-695
2026-10-06 08:22:43,838 INFO o.a.j.t.JMeterThread: Thread finished: S2 1-695
2026-10-06 08:22:43,850 INFO o.a.j.t.JMeterThread: Stopping because end time detected by thread: S2 1-693
2026-10-06 08:22:43,850 INFO o.a.j.t.JMeterThread: Thread finished: S2 1-693
2026-10-06 08:22:43,860 INFO o.a.j.t.JMeterThread: Stopping because end time detected by thread: S2 1-690
2026-10-06 08:22:43,860 INFO o.a.j.t.JMeterThread: Thread finished: S2 1-690
2026-10-06 08:22:43,864 INFO o.a.j.t.JMeterThread: Stopping because end time detected by thread: S2 1-461
2026-10-06 08:22:43,864 INFO o.a.j.t.JMeterThread: Thread finished: S2 1-461
2026-10-06 08:22:43,881 INFO o.a.j.t.JMeterThread: Stopping because end time detected by thread: S2 1-694
2026-10-06 08:22:43,881 INFO o.a.j.t.JMeterThread: Thread finished: S2 1-694
2026-10-06 08:22:43,884 INFO o.a.j.t.JMeterThread: Stopping because end time detected by thread: S2 1-696
2026-10-06 08:22:43,884 INFO o.a.j.t.JMeterThread: Thread finished: S2 1-696
2026-10-06 08:22:43,893 INFO o.a.j.t.JMeterThread: Stopping because end time detected by thread: S2 1-136
2026-10-06 08:22:43,893 INFO o.a.j.t.JMeterThread: Thread finished: S2 1-136
2026-10-06 08:22:43,900 INFO o.a.j.t.JMeterThread: Stopping because end time detected by thread: S2 1-698
2026-10-06 08:22:43,900 INFO o.a.j.t.JMeterThread: Thread finished: S2 1-698
2026-10-06 08:22:43,910 INFO o.a.j.t.JMeterThread: Stopping because end time detected by thread: S2 1-462
2026-10-06 08:22:43,910 INFO o.a.j.t.JMeterThread: Thread finished: S2 1-462
2026-10-06 08:22:43,915 INFO o.a.j.t.JMeterThread: Stopping because end time detected by thread: S2 1-253
2026-10-06 08:22:43,916 INFO o.a.j.t.JMeterThread: Thread finished: S2 1-253
2026-10-06 08:22:43,935 INFO o.a.j.t.JMeterThread: Stopping because end time detected by thread: S2 1-697
2026-10-06 08:22:43,935 INFO o.a.j.t.JMeterThread: Thread finished: S2 1-697
2026-10-06 08:22:43,935 INFO o.a.j.t.JMeterThread: Stopping because end time detected by thread: S2 1-699
2026-10-06 08:22:43,935 INFO o.a.j.t.JMeterThread: Thread finished: S2 1-699
2026-10-06 08:22:43,941 INFO o.a.j.t.JMeterThread: Stopping because end time detected by thread: S2 1-254
2026-10-06 08:22:43,941 INFO o.a.j.t.JMeterThread: Thread finished: S2 1-254
2026-10-06 08:22:43,951 INFO o.a.j.t.JMeterThread: Stopping because end time detected by thread: S2 1-701
2026-10-06 08:22:43,951 INFO o.a.j.t.JMeterThread: Thread finished: S2 1-701
2026-10-06 08:22:43,972 INFO o.a.j.t.JMeterThread: Stopping because end time detected by thread: S2 1-703
2026-10-06 08:22:43,972 INFO o.a.j.t.JMeterThread: Thread finished: S2 1-703
2026-10-06 08:22:43,972 INFO o.a.j.t.JMeterThread: Stopping because end time detected by thread: S2 1-702
2026-10-06 08:22:43,972 INFO o.a.j.t.JMeterThread: Thread finished: S2 1-702
2026-10-06 08:22:43,987 INFO o.a.j.t.JMeterThread: Stopping because end time detected by thread: S2 1-700
2026-10-06 08:22:43,987 INFO o.a.j.t.JMeterThread: Thread finished: S2 1-700
2026-10-06 08:22:43,990 INFO o.a.j.t.JMeterThread: Stopping because end time detected by thread: S2 1-463
2026-10-06 08:22:43,990 INFO o.a.j.t.JMeterThread: Thread finished: S2 1-463
2026-10-06 08:22:44,010 INFO o.a.j.t.JMeterThread: Stopping because end time detected by thread: S2 1-255
2026-10-06 08:22:44,010 INFO o.a.j.t.JMeterThread: Thread finished: S2 1-255
2026-10-06 08:22:44,024 INFO o.a.j.t.JMeterThread: Stopping because end time detected by thread: S2 1-465
2026-10-06 08:22:44,024 INFO o.a.j.t.JMeterThread: Thread finished: S2 1-465
2026-10-06 08:22:44,025 INFO o.a.j.t.JMeterThread: Stopping because end time detected by thread: S2 1-706
2026-10-06 08:22:44,025 INFO o.a.j.t.JMeterThread: Thread finished: S2 1-706
2026-10-06 08:22:44,030 INFO o.a.j.t.JMeterThread: Stopping because end time detected by thread: S2 1-464
2026-10-06 08:22:44,030 INFO o.a.j.t.JMeterThread: Thread finished: S2 1-464
2026-10-06 08:22:44,059 INFO o.a.j.t.JMeterThread: Stopping because end time detected by thread: S2 1-704
2026-10-06 08:22:44,059 INFO o.a.j.t.JMeterThread: Thread finished: S2 1-704
2026-10-06 08:22:44,062 INFO o.a.j.t.JMeterThread: Stopping because end time detected by thread: S2 1-705
2026-10-06 08:22:44,062 INFO o.a.j.t.JMeterThread: Thread finished: S2 1-705
2026-10-06 08:22:44,067 INFO o.a.j.t.JMeterThread: Stopping because end time detected by thread: S2 1-708
2026-10-06 08:22:44,067 INFO o.a.j.t.JMeterThread: Thread finished: S2 1-708
2026-10-06 08:22:44,067 INFO o.a.j.t.JMeterThread: Stopping because end time detected by thread: S2 1-466
2026-10-06 08:22:44,067 INFO o.a.j.t.JMeterThread: Thread finished: S2 1-466
2026-10-06 08:22:44,086 INFO o.a.j.t.JMeterThread: Stopping because end time detected by thread: S2 1-467
2026-10-06 08:22:44,086 INFO o.a.j.t.JMeterThread: Thread finished: S2 1-467
2026-10-06 08:22:44,089 INFO o.a.j.t.JMeterThread: Stopping because end time detected by thread: S2 1-707
2026-10-06 08:22:44,089 INFO o.a.j.t.JMeterThread: Thread finished: S2 1-707
2026-10-06 08:22:44,101 INFO o.a.j.t.JMeterThread: Stopping because end time detected by thread: S2 1-709
2026-10-06 08:22:44,101 INFO o.a.j.t.JMeterThread: Thread finished: S2 1-709
2026-10-06 08:22:44,118 INFO o.a.j.t.JMeterThread: Stopping because end time detected by thread: S2 1-712
2026-10-06 08:22:44,118 INFO o.a.j.t.JMeterThread: Thread finished: S2 1-712
2026-10-06 08:22:44,119 INFO o.a.j.t.JMeterThread: Stopping because end time detected by thread: S2 1-710
2026-10-06 08:22:44,119 INFO o.a.j.t.JMeterThread: Thread finished: S2 1-710
2026-10-06 08:22:44,121 INFO o.a.j.t.JMeterThread: Stopping because end time detected by thread: S2 1-711
2026-10-06 08:22:44,121 INFO o.a.j.t.JMeterThread: Thread finished: S2 1-711
2026-10-06 08:22:44,140 INFO o.a.j.t.JMeterThread: Stopping because end time detected by thread: S2 1-713
2026-10-06 08:22:44,140 INFO o.a.j.t.JMeterThread: Thread finished: S2 1-713
2026-10-06 08:22:44,140 INFO o.a.j.t.JMeterThread: Stopping because end time detected by thread: S2 1-717
2026-10-06 08:22:44,140 INFO o.a.j.t.JMeterThread: Thread finished: S2 1-717
2026-10-06 08:22:44,140 INFO o.a.j.e.StandardJMeterEngine: Notifying test listeners of end of test
2026-10-06 08:22:44,140 INFO o.a.j.s.FileServer: Close: /tests/data/available_menu_items.csv
2026-10-06 08:22:44,143 INFO o.a.j.r.Summariser: summary +   1918 in 00:00:14 =  135.7/s Avg:  8124 Min:  7950 Max:  8255 Err:     0 (0.00%) Active: 0 Started: 1000 Finished: 1000
2026-10-06 08:22:44,143 INFO o.a.j.r.Summariser: summary =   8691 in 00:01:08 =  128.5/s Avg:  7126 Min:    31 Max:  8408 Err:     0 (0.00%)
