2026-10-06 09:14:37,703 INFO o.a.j.u.JMeterUtils: Setting Locale to en_EN
2026-10-06 09:14:37,724 INFO o.a.j.JMeter: Loading user properties from: /opt/jmeter/bin/user.properties
2026-10-06 09:14:37,724 INFO o.a.j.JMeter: Loading system properties from: /opt/jmeter/bin/system.properties
2026-10-06 09:14:37,725 INFO o.a.j.JMeter: Loading additional properties from: /tests/run.properties
2026-10-06 09:14:37,725 INFO o.a.j.JMeter: Loading additional properties from: /tests/data/ranges.properties
2026-10-06 09:14:37,725 INFO o.a.j.JMeter: Setting JMeter property: host=nestjs-nginx
2026-10-06 09:14:37,725 INFO o.a.j.JMeter: Setting JMeter property: port=80
2026-10-06 09:14:37,725 INFO o.a.j.JMeter: Setting JMeter property: rampup=10
2026-10-06 09:14:37,725 INFO o.a.j.JMeter: Setting JMeter property: endpoint=EP7
2026-10-06 09:14:37,725 INFO o.a.j.JMeter: Setting JMeter property: users=1000
2026-10-06 09:14:37,726 INFO o.a.j.JMeter: Setting JMeter property: duration=60
2026-10-06 09:14:37,731 INFO o.a.j.JMeter: Copyright (c) 1998-2024 The Apache Software Foundation
2026-10-06 09:14:37,731 INFO o.a.j.JMeter: Version 5.6.3
2026-10-06 09:14:37,731 INFO o.a.j.JMeter: java.version=21.0.12.1
2026-10-06 09:14:37,731 INFO o.a.j.JMeter: java.vm.name=OpenJDK 64-Bit Server VM
2026-10-06 09:14:37,731 INFO o.a.j.JMeter: os.name=Linux
2026-10-06 09:14:37,731 INFO o.a.j.JMeter: os.arch=amd64
2026-10-06 09:14:37,731 INFO o.a.j.JMeter: os.version=6.6.87.2-microsoft-standard-WSL2
2026-10-06 09:14:37,731 INFO o.a.j.JMeter: file.encoding=UTF-8
2026-10-06 09:14:37,731 INFO o.a.j.JMeter: java.awt.headless=true
2026-10-06 09:14:37,731 INFO o.a.j.JMeter: Max memory     =4294967296
2026-10-06 09:14:37,731 INFO o.a.j.JMeter: Available Processors =12
2026-10-06 09:14:37,738 INFO o.a.j.JMeter: Default Locale=English (EN)
2026-10-06 09:14:37,739 INFO o.a.j.JMeter: JMeter  Locale=English (EN)
2026-10-06 09:14:37,739 INFO o.a.j.JMeter: JMeterHome=/opt/jmeter
2026-10-06 09:14:37,739 INFO o.a.j.JMeter: user.dir  =/tests
2026-10-06 09:14:37,739 INFO o.a.j.JMeter: PWD       =/tests
2026-10-06 09:14:37,739 INFO o.a.j.JMeter: IP: 172.19.0.5 Name: f3e1d8cdb470 FullName: f3e1d8cdb470
2026-10-06 09:14:37,752 INFO o.a.j.s.FileServer: Default base='/tests'
2026-10-06 09:14:37,754 INFO o.a.j.s.FileServer: Set new base='/tests'
2026-10-06 09:14:37,908 INFO o.a.j.s.SaveService: Testplan (JMX) version: 2.2. Testlog (JTL) version: 2.2
2026-10-06 09:14:37,930 INFO o.a.j.s.SaveService: Using SaveService properties version 5.0
2026-10-06 09:14:37,933 INFO o.a.j.s.SaveService: Using SaveService properties file encoding UTF-8
2026-10-06 09:14:37,936 INFO o.a.j.s.SaveService: Loading file: /tests/s2.jmx
2026-10-06 09:14:37,977 INFO o.a.j.p.h.s.HTTPSamplerBase: Parser for text/html is org.apache.jmeter.protocol.http.parser.LagartoBasedHtmlParser
2026-10-06 09:14:37,977 INFO o.a.j.p.h.s.HTTPSamplerBase: Parser for application/xhtml+xml is org.apache.jmeter.protocol.http.parser.LagartoBasedHtmlParser
2026-10-06 09:14:37,978 INFO o.a.j.p.h.s.HTTPSamplerBase: Parser for application/xml is org.apache.jmeter.protocol.http.parser.LagartoBasedHtmlParser
2026-10-06 09:14:37,978 INFO o.a.j.p.h.s.HTTPSamplerBase: Parser for text/xml is org.apache.jmeter.protocol.http.parser.LagartoBasedHtmlParser
2026-10-06 09:14:37,978 INFO o.a.j.p.h.s.HTTPSamplerBase: Parser for text/vnd.wap.wml is org.apache.jmeter.protocol.http.parser.RegexpHTMLParser
2026-10-06 09:14:37,978 INFO o.a.j.p.h.s.HTTPSamplerBase: Parser for text/css is org.apache.jmeter.protocol.http.parser.CssParser
2026-10-06 09:14:38,019 INFO o.a.j.JMeter: Creating summariser <summary>
2026-10-06 09:14:38,033 INFO o.a.j.e.StandardJMeterEngine: Running the test!
2026-10-06 09:14:38,034 INFO o.a.j.s.SampleEvent: List of sample_variables: []
2026-10-06 09:14:38,034 INFO o.a.j.s.SampleEvent: List of sample_variables: []
2026-10-06 09:14:38,037 INFO o.a.j.e.u.CompoundVariable: Note: Function class names must contain the string: '.functions.'
2026-10-06 09:14:38,037 INFO o.a.j.e.u.CompoundVariable: Note: Function class names must not contain the string: '.gui.'
2026-10-06 09:14:38,238 INFO o.a.j.JMeter: Running test (1791278078238)
2026-10-06 09:14:38,239 INFO o.a.j.e.StandardJMeterEngine: Starting setUp thread groups
2026-10-06 09:14:38,239 INFO o.a.j.e.StandardJMeterEngine: Starting setUp ThreadGroup: 1 : setUp - login 
2026-10-06 09:14:38,239 INFO o.a.j.e.StandardJMeterEngine: Starting 1 threads for group setUp - login.
2026-10-06 09:14:38,239 INFO o.a.j.e.StandardJMeterEngine: Test will stop abruptly on error
2026-10-06 09:14:38,239 INFO o.a.j.t.ThreadGroup: Starting thread group... number=1 threads=1 ramp-up=1 delayedStart=false
2026-10-06 09:14:38,242 INFO o.a.j.t.ThreadGroup: Started thread group number 1
2026-10-06 09:14:38,243 INFO o.a.j.e.StandardJMeterEngine: Waiting for all setup thread groups to exit
2026-10-06 09:14:38,244 INFO o.a.j.t.JMeterThread: Thread started: setUp - login 1-1
2026-10-06 09:14:38,254 INFO o.a.j.p.h.s.HTTPHCAbstractImpl: Local host = f3e1d8cdb470
2026-10-06 09:14:38,258 INFO o.a.j.p.h.s.HTTPHC4Impl: HTTP request retry count = 0
2026-10-06 09:14:38,259 INFO o.a.j.s.SampleResult: Note: Sample TimeStamps are START times
2026-10-06 09:14:38,259 INFO o.a.j.s.SampleResult: sampleresult.default.encoding is set to UTF-8
2026-10-06 09:14:38,259 INFO o.a.j.s.SampleResult: sampleresult.useNanoTime=true
2026-10-06 09:14:38,259 INFO o.a.j.s.SampleResult: sampleresult.nanoThreadSleep=5000
2026-10-06 09:14:37,346 INFO o.a.j.t.JMeterThread: Thread is done: setUp - login 1-1
2026-10-06 09:14:37,347 INFO o.a.j.t.JMeterThread: Thread finished: setUp - login 1-1
2026-10-06 09:14:37,347 INFO o.a.j.e.StandardJMeterEngine: All Setup Threads have ended
2026-10-06 09:14:37,372 INFO o.a.j.e.StandardJMeterEngine: Starting ThreadGroup: 1 : S2
2026-10-06 09:14:37,372 INFO o.a.j.e.StandardJMeterEngine: Starting 1000 threads for group S2.
2026-10-06 09:14:37,372 INFO o.a.j.e.StandardJMeterEngine: Thread will continue on error
2026-10-06 09:14:37,373 INFO o.a.j.t.ThreadGroup: Starting thread group... number=1 threads=1000 ramp-up=10 delayedStart=false
2026-10-06 09:14:37,383 INFO o.a.j.t.JMeterThread: Thread started: S2 1-1
2026-10-06 09:14:37,384 INFO o.a.j.s.FileServer: Stored: /tests/data/available_menu_items.csv
2026-10-06 09:14:37,393 INFO o.a.j.t.JMeterThread: Thread started: S2 1-2
2026-10-06 09:14:37,401 INFO o.a.j.t.JMeterThread: Thread started: S2 1-3
2026-10-06 09:14:37,410 INFO o.a.j.t.JMeterThread: Thread started: S2 1-4
2026-10-06 09:14:37,419 INFO o.a.j.t.JMeterThread: Thread started: S2 1-5
2026-10-06 09:14:37,427 INFO o.a.j.t.JMeterThread: Thread started: S2 1-6
2026-10-06 09:14:37,437 INFO o.a.j.t.JMeterThread: Thread started: S2 1-7
2026-10-06 09:14:37,446 INFO o.a.j.t.JMeterThread: Thread started: S2 1-8
2026-10-06 09:14:37,459 INFO o.a.j.t.JMeterThread: Thread started: S2 1-9
2026-10-06 09:14:37,465 INFO o.a.j.t.JMeterThread: Thread started: S2 1-10
2026-10-06 09:14:37,475 INFO o.a.j.t.JMeterThread: Thread started: S2 1-11
2026-10-06 09:14:37,484 INFO o.a.j.t.JMeterThread: Thread started: S2 1-12
2026-10-06 09:14:37,495 INFO o.a.j.t.JMeterThread: Thread started: S2 1-13
2026-10-06 09:14:37,504 INFO o.a.j.t.JMeterThread: Thread started: S2 1-14
2026-10-06 09:14:37,514 INFO o.a.j.t.JMeterThread: Thread started: S2 1-15
2026-10-06 09:14:37,525 INFO o.a.j.t.JMeterThread: Thread started: S2 1-16
2026-10-06 09:14:37,534 INFO o.a.j.t.JMeterThread: Thread started: S2 1-17
2026-10-06 09:14:37,544 INFO o.a.j.t.JMeterThread: Thread started: S2 1-18
2026-10-06 09:14:37,555 INFO o.a.j.t.JMeterThread: Thread started: S2 1-19
2026-10-06 09:14:37,565 INFO o.a.j.t.JMeterThread: Thread started: S2 1-20
2026-10-06 09:14:37,575 INFO o.a.j.t.JMeterThread: Thread started: S2 1-21
2026-10-06 09:14:37,584 INFO o.a.j.t.JMeterThread: Thread started: S2 1-22
2026-10-06 09:14:37,594 INFO o.a.j.t.JMeterThread: Thread started: S2 1-23
2026-10-06 09:14:37,604 INFO o.a.j.t.JMeterThread: Thread started: S2 1-24
2026-10-06 09:14:37,614 INFO o.a.j.t.JMeterThread: Thread started: S2 1-25
2026-10-06 09:14:37,625 INFO o.a.j.t.JMeterThread: Thread started: S2 1-26
2026-10-06 09:14:37,635 INFO o.a.j.t.JMeterThread: Thread started: S2 1-27
2026-10-06 09:14:37,644 INFO o.a.j.t.JMeterThread: Thread started: S2 1-28
2026-10-06 09:14:37,654 INFO o.a.j.t.JMeterThread: Thread started: S2 1-29
2026-10-06 09:14:37,665 INFO o.a.j.t.JMeterThread: Thread started: S2 1-30
2026-10-06 09:14:37,675 INFO o.a.j.t.JMeterThread: Thread started: S2 1-31
2026-10-06 09:14:37,685 INFO o.a.j.t.JMeterThread: Thread started: S2 1-32
2026-10-06 09:14:37,695 INFO o.a.j.t.JMeterThread: Thread started: S2 1-33
2026-10-06 09:14:37,704 INFO o.a.j.t.JMeterThread: Thread started: S2 1-34
2026-10-06 09:14:37,715 INFO o.a.j.t.JMeterThread: Thread started: S2 1-35
2026-10-06 09:14:37,724 INFO o.a.j.t.JMeterThread: Thread started: S2 1-36
2026-10-06 09:14:37,734 INFO o.a.j.t.JMeterThread: Thread started: S2 1-37
2026-10-06 09:14:37,744 INFO o.a.j.t.JMeterThread: Thread started: S2 1-38
2026-10-06 09:14:37,755 INFO o.a.j.t.JMeterThread: Thread started: S2 1-39
2026-10-06 09:14:37,765 INFO o.a.j.t.JMeterThread: Thread started: S2 1-40
2026-10-06 09:14:37,775 INFO o.a.j.t.JMeterThread: Thread started: S2 1-41
2026-10-06 09:14:37,784 INFO o.a.j.t.JMeterThread: Thread started: S2 1-42
2026-10-06 09:14:37,796 INFO o.a.j.t.JMeterThread: Thread started: S2 1-43
2026-10-06 09:14:37,804 INFO o.a.j.t.JMeterThread: Thread started: S2 1-44
2026-10-06 09:14:37,814 INFO o.a.j.t.JMeterThread: Thread started: S2 1-45
2026-10-06 09:14:37,825 INFO o.a.j.t.JMeterThread: Thread started: S2 1-46
2026-10-06 09:14:37,834 INFO o.a.j.t.JMeterThread: Thread started: S2 1-47
2026-10-06 09:14:37,844 INFO o.a.j.t.JMeterThread: Thread started: S2 1-48
2026-10-06 09:14:37,854 INFO o.a.j.t.JMeterThread: Thread started: S2 1-49
2026-10-06 09:14:37,856 INFO o.a.j.t.ThreadGroup: Started thread group number 1
2026-10-06 09:14:37,856 INFO o.a.j.e.StandardJMeterEngine: All thread groups have been started
2026-10-06 09:14:37,865 INFO o.a.j.t.JMeterThread: Thread started: S2 1-50
2026-10-06 09:14:37,875 INFO o.a.j.t.JMeterThread: Thread started: S2 1-51
2026-10-06 09:14:37,884 INFO o.a.j.t.JMeterThread: Thread started: S2 1-52
2026-10-06 09:14:37,903 INFO o.a.j.t.JMeterThread: Thread started: S2 1-53
2026-10-06 09:14:37,904 INFO o.a.j.t.JMeterThread: Thread started: S2 1-54
2026-10-06 09:14:37,915 INFO o.a.j.t.JMeterThread: Thread started: S2 1-55
2026-10-06 09:14:37,925 INFO o.a.j.t.JMeterThread: Thread started: S2 1-56
2026-10-06 09:14:37,934 INFO o.a.j.t.JMeterThread: Thread started: S2 1-57
2026-10-06 09:14:37,945 INFO o.a.j.t.JMeterThread: Thread started: S2 1-58
2026-10-06 09:14:37,954 INFO o.a.j.t.JMeterThread: Thread started: S2 1-59
2026-10-06 09:14:37,965 INFO o.a.j.t.JMeterThread: Thread started: S2 1-60
2026-10-06 09:14:37,974 INFO o.a.j.t.JMeterThread: Thread started: S2 1-61
2026-10-06 09:14:37,984 INFO o.a.j.t.JMeterThread: Thread started: S2 1-62
2026-10-06 09:14:37,994 INFO o.a.j.t.JMeterThread: Thread started: S2 1-63
2026-10-06 09:14:38,005 INFO o.a.j.t.JMeterThread: Thread started: S2 1-64
2026-10-06 09:14:38,014 INFO o.a.j.t.JMeterThread: Thread started: S2 1-65
2026-10-06 09:14:38,024 INFO o.a.j.t.JMeterThread: Thread started: S2 1-66
2026-10-06 09:14:38,035 INFO o.a.j.t.JMeterThread: Thread started: S2 1-67
2026-10-06 09:14:38,044 INFO o.a.j.t.JMeterThread: Thread started: S2 1-68
2026-10-06 09:14:38,054 INFO o.a.j.t.JMeterThread: Thread started: S2 1-69
2026-10-06 09:14:38,065 INFO o.a.j.t.JMeterThread: Thread started: S2 1-70
2026-10-06 09:14:38,076 INFO o.a.j.t.JMeterThread: Thread started: S2 1-71
2026-10-06 09:14:38,086 INFO o.a.j.t.JMeterThread: Thread started: S2 1-72
2026-10-06 09:14:38,095 INFO o.a.j.t.JMeterThread: Thread started: S2 1-73
2026-10-06 09:14:38,105 INFO o.a.j.t.JMeterThread: Thread started: S2 1-74
2026-10-06 09:14:38,114 INFO o.a.j.t.JMeterThread: Thread started: S2 1-75
2026-10-06 09:14:38,124 INFO o.a.j.t.JMeterThread: Thread started: S2 1-76
2026-10-06 09:14:38,135 INFO o.a.j.t.JMeterThread: Thread started: S2 1-77
2026-10-06 09:14:38,144 INFO o.a.j.t.JMeterThread: Thread started: S2 1-78
2026-10-06 09:14:38,154 INFO o.a.j.t.JMeterThread: Thread started: S2 1-79
2026-10-06 09:14:38,164 INFO o.a.j.t.JMeterThread: Thread started: S2 1-80
2026-10-06 09:14:38,174 INFO o.a.j.t.JMeterThread: Thread started: S2 1-81
2026-10-06 09:14:38,184 INFO o.a.j.t.JMeterThread: Thread started: S2 1-82
2026-10-06 09:14:38,194 INFO o.a.j.t.JMeterThread: Thread started: S2 1-83
2026-10-06 09:14:38,205 INFO o.a.j.t.JMeterThread: Thread started: S2 1-84
2026-10-06 09:14:38,214 INFO o.a.j.t.JMeterThread: Thread started: S2 1-85
2026-10-06 09:14:38,225 INFO o.a.j.t.JMeterThread: Thread started: S2 1-86
2026-10-06 09:14:38,234 INFO o.a.j.t.JMeterThread: Thread started: S2 1-87
2026-10-06 09:14:38,244 INFO o.a.j.t.JMeterThread: Thread started: S2 1-88
2026-10-06 09:14:38,254 INFO o.a.j.t.JMeterThread: Thread started: S2 1-89
2026-10-06 09:14:38,264 INFO o.a.j.t.JMeterThread: Thread started: S2 1-90
2026-10-06 09:14:38,274 INFO o.a.j.t.JMeterThread: Thread started: S2 1-91
2026-10-06 09:14:38,284 INFO o.a.j.t.JMeterThread: Thread started: S2 1-92
2026-10-06 09:14:38,295 INFO o.a.j.t.JMeterThread: Thread started: S2 1-93
2026-10-06 09:14:38,304 INFO o.a.j.t.JMeterThread: Thread started: S2 1-94
2026-10-06 09:14:38,314 INFO o.a.j.t.JMeterThread: Thread started: S2 1-95
2026-10-06 09:14:38,324 INFO o.a.j.t.JMeterThread: Thread started: S2 1-96
2026-10-06 09:14:38,334 INFO o.a.j.t.JMeterThread: Thread started: S2 1-97
2026-10-06 09:14:38,345 INFO o.a.j.t.JMeterThread: Thread started: S2 1-98
2026-10-06 09:14:38,354 INFO o.a.j.t.JMeterThread: Thread started: S2 1-99
2026-10-06 09:14:38,365 INFO o.a.j.t.JMeterThread: Thread started: S2 1-100
2026-10-06 09:14:38,374 INFO o.a.j.t.JMeterThread: Thread started: S2 1-101
2026-10-06 09:14:38,385 INFO o.a.j.t.JMeterThread: Thread started: S2 1-102
2026-10-06 09:14:38,395 INFO o.a.j.t.JMeterThread: Thread started: S2 1-103
2026-10-06 09:14:38,405 INFO o.a.j.t.JMeterThread: Thread started: S2 1-104
2026-10-06 09:14:38,415 INFO o.a.j.t.JMeterThread: Thread started: S2 1-105
2026-10-06 09:14:38,426 INFO o.a.j.t.JMeterThread: Thread started: S2 1-106
2026-10-06 09:14:38,440 INFO o.a.j.t.JMeterThread: Thread started: S2 1-107
2026-10-06 09:14:38,445 INFO o.a.j.t.JMeterThread: Thread started: S2 1-108
2026-10-06 09:14:38,455 INFO o.a.j.t.JMeterThread: Thread started: S2 1-109
2026-10-06 09:14:38,465 INFO o.a.j.t.JMeterThread: Thread started: S2 1-110
2026-10-06 09:14:38,474 INFO o.a.j.t.JMeterThread: Thread started: S2 1-111
2026-10-06 09:14:38,485 INFO o.a.j.t.JMeterThread: Thread started: S2 1-112
2026-10-06 09:14:38,495 INFO o.a.j.t.JMeterThread: Thread started: S2 1-113
2026-10-06 09:14:38,504 INFO o.a.j.t.JMeterThread: Thread started: S2 1-114
2026-10-06 09:14:38,515 INFO o.a.j.t.JMeterThread: Thread started: S2 1-115
2026-10-06 09:14:38,524 INFO o.a.j.t.JMeterThread: Thread started: S2 1-116
2026-10-06 09:14:38,535 INFO o.a.j.t.JMeterThread: Thread started: S2 1-117
2026-10-06 09:14:38,546 INFO o.a.j.t.JMeterThread: Thread started: S2 1-118
2026-10-06 09:14:38,556 INFO o.a.j.t.JMeterThread: Thread started: S2 1-119
2026-10-06 09:14:38,563 INFO o.a.j.t.JMeterThread: Thread started: S2 1-120
2026-10-06 09:14:38,574 INFO o.a.j.t.JMeterThread: Thread started: S2 1-121
2026-10-06 09:14:38,584 INFO o.a.j.t.JMeterThread: Thread started: S2 1-122
2026-10-06 09:14:38,595 INFO o.a.j.t.JMeterThread: Thread started: S2 1-123
2026-10-06 09:14:38,604 INFO o.a.j.t.JMeterThread: Thread started: S2 1-124
2026-10-06 09:14:38,614 INFO o.a.j.t.JMeterThread: Thread started: S2 1-125
2026-10-06 09:14:38,625 INFO o.a.j.t.JMeterThread: Thread started: S2 1-126
2026-10-06 09:14:38,634 INFO o.a.j.t.JMeterThread: Thread started: S2 1-127
2026-10-06 09:14:38,644 INFO o.a.j.t.JMeterThread: Thread started: S2 1-128
2026-10-06 09:14:38,655 INFO o.a.j.t.JMeterThread: Thread started: S2 1-129
2026-10-06 09:14:38,664 INFO o.a.j.t.JMeterThread: Thread started: S2 1-130
2026-10-06 09:14:38,676 INFO o.a.j.t.JMeterThread: Thread started: S2 1-131
2026-10-06 09:14:38,684 INFO o.a.j.t.JMeterThread: Thread started: S2 1-132
2026-10-06 09:14:38,694 INFO o.a.j.t.JMeterThread: Thread started: S2 1-133
2026-10-06 09:14:38,704 INFO o.a.j.t.JMeterThread: Thread started: S2 1-134
2026-10-06 09:14:38,715 INFO o.a.j.t.JMeterThread: Thread started: S2 1-135
2026-10-06 09:14:38,723 INFO o.a.j.t.JMeterThread: Thread started: S2 1-136
2026-10-06 09:14:38,734 INFO o.a.j.t.JMeterThread: Thread started: S2 1-137
2026-10-06 09:14:38,743 INFO o.a.j.t.JMeterThread: Thread started: S2 1-138
2026-10-06 09:14:38,755 INFO o.a.j.t.JMeterThread: Thread started: S2 1-139
2026-10-06 09:14:38,763 INFO o.a.j.t.JMeterThread: Thread started: S2 1-140
2026-10-06 09:14:38,775 INFO o.a.j.t.JMeterThread: Thread started: S2 1-141
2026-10-06 09:14:38,786 INFO o.a.j.t.JMeterThread: Thread started: S2 1-142
2026-10-06 09:14:38,794 INFO o.a.j.t.JMeterThread: Thread started: S2 1-143
2026-10-06 09:14:38,808 INFO o.a.j.t.JMeterThread: Thread started: S2 1-144
2026-10-06 09:14:38,815 INFO o.a.j.t.JMeterThread: Thread started: S2 1-145
2026-10-06 09:14:38,824 INFO o.a.j.t.JMeterThread: Thread started: S2 1-146
2026-10-06 09:14:38,834 INFO o.a.j.t.JMeterThread: Thread started: S2 1-147
2026-10-06 09:14:38,843 INFO o.a.j.t.JMeterThread: Thread started: S2 1-148
2026-10-06 09:14:38,855 INFO o.a.j.t.JMeterThread: Thread started: S2 1-149
2026-10-06 09:14:38,863 INFO o.a.j.t.JMeterThread: Thread started: S2 1-150
2026-10-06 09:14:38,874 INFO o.a.j.t.JMeterThread: Thread started: S2 1-151
2026-10-06 09:14:38,885 INFO o.a.j.t.JMeterThread: Thread started: S2 1-152
2026-10-06 09:14:38,895 INFO o.a.j.t.JMeterThread: Thread started: S2 1-153
2026-10-06 09:14:38,904 INFO o.a.j.t.JMeterThread: Thread started: S2 1-154
2026-10-06 09:14:38,914 INFO o.a.j.t.JMeterThread: Thread started: S2 1-155
2026-10-06 09:14:38,925 INFO o.a.j.t.JMeterThread: Thread started: S2 1-156
2026-10-06 09:14:38,934 INFO o.a.j.t.JMeterThread: Thread started: S2 1-157
2026-10-06 09:14:38,945 INFO o.a.j.t.JMeterThread: Thread started: S2 1-158
2026-10-06 09:14:38,954 INFO o.a.j.t.JMeterThread: Thread started: S2 1-159
2026-10-06 09:14:38,964 INFO o.a.j.t.JMeterThread: Thread started: S2 1-160
2026-10-06 09:14:38,974 INFO o.a.j.t.JMeterThread: Thread started: S2 1-161
2026-10-06 09:14:38,985 INFO o.a.j.t.JMeterThread: Thread started: S2 1-162
2026-10-06 09:14:38,994 INFO o.a.j.t.JMeterThread: Thread started: S2 1-163
2026-10-06 09:14:39,005 INFO o.a.j.t.JMeterThread: Thread started: S2 1-164
2026-10-06 09:14:39,014 INFO o.a.j.t.JMeterThread: Thread started: S2 1-165
2026-10-06 09:14:39,024 INFO o.a.j.t.JMeterThread: Thread started: S2 1-166
2026-10-06 09:14:39,033 INFO o.a.j.t.JMeterThread: Thread started: S2 1-167
2026-10-06 09:14:39,045 INFO o.a.j.t.JMeterThread: Thread started: S2 1-168
2026-10-06 09:14:39,054 INFO o.a.j.t.JMeterThread: Thread started: S2 1-169
2026-10-06 09:14:39,064 INFO o.a.j.t.JMeterThread: Thread started: S2 1-170
2026-10-06 09:14:39,074 INFO o.a.j.t.JMeterThread: Thread started: S2 1-171
2026-10-06 09:14:39,085 INFO o.a.j.t.JMeterThread: Thread started: S2 1-172
2026-10-06 09:14:39,094 INFO o.a.j.t.JMeterThread: Thread started: S2 1-173
2026-10-06 09:14:39,105 INFO o.a.j.t.JMeterThread: Thread started: S2 1-174
2026-10-06 09:14:39,114 INFO o.a.j.t.JMeterThread: Thread started: S2 1-175
2026-10-06 09:14:39,125 INFO o.a.j.t.JMeterThread: Thread started: S2 1-176
2026-10-06 09:14:39,133 INFO o.a.j.t.JMeterThread: Thread started: S2 1-177
2026-10-06 09:14:39,144 INFO o.a.j.t.JMeterThread: Thread started: S2 1-178
2026-10-06 09:14:39,154 INFO o.a.j.t.JMeterThread: Thread started: S2 1-179
2026-10-06 09:14:39,165 INFO o.a.j.t.JMeterThread: Thread started: S2 1-180
2026-10-06 09:14:39,174 INFO o.a.j.t.JMeterThread: Thread started: S2 1-181
2026-10-06 09:14:39,184 INFO o.a.j.t.JMeterThread: Thread started: S2 1-182
2026-10-06 09:14:39,194 INFO o.a.j.t.JMeterThread: Thread started: S2 1-183
2026-10-06 09:14:39,204 INFO o.a.j.t.JMeterThread: Thread started: S2 1-184
2026-10-06 09:14:39,215 INFO o.a.j.t.JMeterThread: Thread started: S2 1-185
2026-10-06 09:14:39,224 INFO o.a.j.t.JMeterThread: Thread started: S2 1-186
2026-10-06 09:14:39,235 INFO o.a.j.t.JMeterThread: Thread started: S2 1-187
2026-10-06 09:14:39,245 INFO o.a.j.t.JMeterThread: Thread started: S2 1-188
2026-10-06 09:14:39,254 INFO o.a.j.t.JMeterThread: Thread started: S2 1-189
2026-10-06 09:14:39,265 INFO o.a.j.t.JMeterThread: Thread started: S2 1-190
2026-10-06 09:14:39,274 INFO o.a.j.t.JMeterThread: Thread started: S2 1-191
2026-10-06 09:14:39,284 INFO o.a.j.t.JMeterThread: Thread started: S2 1-192
2026-10-06 09:14:39,294 INFO o.a.j.t.JMeterThread: Thread started: S2 1-193
2026-10-06 09:14:39,303 INFO o.a.j.t.JMeterThread: Thread started: S2 1-194
2026-10-06 09:14:39,315 INFO o.a.j.t.JMeterThread: Thread started: S2 1-195
2026-10-06 09:14:39,329 INFO o.a.j.t.JMeterThread: Thread started: S2 1-196
2026-10-06 09:14:39,339 INFO o.a.j.t.JMeterThread: Thread started: S2 1-197
2026-10-06 09:14:39,344 INFO o.a.j.t.JMeterThread: Thread started: S2 1-198
2026-10-06 09:14:39,354 INFO o.a.j.t.JMeterThread: Thread started: S2 1-199
2026-10-06 09:14:39,366 INFO o.a.j.t.JMeterThread: Thread started: S2 1-200
2026-10-06 09:14:39,375 INFO o.a.j.t.JMeterThread: Thread started: S2 1-201
2026-10-06 09:14:39,384 INFO o.a.j.t.JMeterThread: Thread started: S2 1-202
2026-10-06 09:14:39,396 INFO o.a.j.t.JMeterThread: Thread started: S2 1-203
2026-10-06 09:14:39,404 INFO o.a.j.t.JMeterThread: Thread started: S2 1-204
2026-10-06 09:14:39,414 INFO o.a.j.t.JMeterThread: Thread started: S2 1-205
2026-10-06 09:14:39,424 INFO o.a.j.t.JMeterThread: Thread started: S2 1-206
2026-10-06 09:14:39,434 INFO o.a.j.t.JMeterThread: Thread started: S2 1-207
2026-10-06 09:14:39,444 INFO o.a.j.t.JMeterThread: Thread started: S2 1-208
2026-10-06 09:14:39,454 INFO o.a.j.t.JMeterThread: Thread started: S2 1-209
2026-10-06 09:14:39,464 INFO o.a.j.t.JMeterThread: Thread started: S2 1-210
2026-10-06 09:14:39,473 INFO o.a.j.t.JMeterThread: Thread started: S2 1-211
2026-10-06 09:14:39,484 INFO o.a.j.t.JMeterThread: Thread started: S2 1-212
2026-10-06 09:14:39,493 INFO o.a.j.t.JMeterThread: Thread started: S2 1-213
2026-10-06 09:14:39,504 INFO o.a.j.t.JMeterThread: Thread started: S2 1-214
2026-10-06 09:14:39,514 INFO o.a.j.t.JMeterThread: Thread started: S2 1-215
2026-10-06 09:14:39,524 INFO o.a.j.t.JMeterThread: Thread started: S2 1-216
2026-10-06 09:14:39,535 INFO o.a.j.t.JMeterThread: Thread started: S2 1-217
2026-10-06 09:14:39,544 INFO o.a.j.t.JMeterThread: Thread started: S2 1-218
2026-10-06 09:14:39,554 INFO o.a.j.t.JMeterThread: Thread started: S2 1-219
2026-10-06 09:14:39,564 INFO o.a.j.t.JMeterThread: Thread started: S2 1-220
2026-10-06 09:14:39,574 INFO o.a.j.t.JMeterThread: Thread started: S2 1-221
2026-10-06 09:14:39,584 INFO o.a.j.t.JMeterThread: Thread started: S2 1-222
2026-10-06 09:14:39,594 INFO o.a.j.t.JMeterThread: Thread started: S2 1-223
2026-10-06 09:14:39,604 INFO o.a.j.t.JMeterThread: Thread started: S2 1-224
2026-10-06 09:14:39,615 INFO o.a.j.t.JMeterThread: Thread started: S2 1-225
2026-10-06 09:14:39,624 INFO o.a.j.t.JMeterThread: Thread started: S2 1-226
2026-10-06 09:14:39,635 INFO o.a.j.t.JMeterThread: Thread started: S2 1-227
2026-10-06 09:14:39,644 INFO o.a.j.t.JMeterThread: Thread started: S2 1-228
2026-10-06 09:14:39,654 INFO o.a.j.t.JMeterThread: Thread started: S2 1-229
2026-10-06 09:14:39,663 INFO o.a.j.t.JMeterThread: Thread started: S2 1-230
2026-10-06 09:14:39,673 INFO o.a.j.t.JMeterThread: Thread started: S2 1-231
2026-10-06 09:14:39,685 INFO o.a.j.t.JMeterThread: Thread started: S2 1-232
2026-10-06 09:14:39,693 INFO o.a.j.t.JMeterThread: Thread started: S2 1-233
2026-10-06 09:14:39,704 INFO o.a.j.t.JMeterThread: Thread started: S2 1-234
2026-10-06 09:14:39,714 INFO o.a.j.t.JMeterThread: Thread started: S2 1-235
2026-10-06 09:14:39,724 INFO o.a.j.t.JMeterThread: Thread started: S2 1-236
2026-10-06 09:14:39,735 INFO o.a.j.t.JMeterThread: Thread started: S2 1-237
2026-10-06 09:14:39,744 INFO o.a.j.t.JMeterThread: Thread started: S2 1-238
2026-10-06 09:14:39,755 INFO o.a.j.t.JMeterThread: Thread started: S2 1-239
2026-10-06 09:14:39,764 INFO o.a.j.t.JMeterThread: Thread started: S2 1-240
2026-10-06 09:14:39,774 INFO o.a.j.t.JMeterThread: Thread started: S2 1-241
2026-10-06 09:14:39,785 INFO o.a.j.t.JMeterThread: Thread started: S2 1-242
2026-10-06 09:14:39,793 INFO o.a.j.t.JMeterThread: Thread started: S2 1-243
2026-10-06 09:14:39,805 INFO o.a.j.t.JMeterThread: Thread started: S2 1-244
2026-10-06 09:14:39,814 INFO o.a.j.t.JMeterThread: Thread started: S2 1-245
2026-10-06 09:14:39,823 INFO o.a.j.t.JMeterThread: Thread started: S2 1-246
2026-10-06 09:14:39,834 INFO o.a.j.t.JMeterThread: Thread started: S2 1-247
2026-10-06 09:14:39,844 INFO o.a.j.t.JMeterThread: Thread started: S2 1-248
2026-10-06 09:14:39,855 INFO o.a.j.t.JMeterThread: Thread started: S2 1-249
2026-10-06 09:14:39,865 INFO o.a.j.t.JMeterThread: Thread started: S2 1-250
2026-10-06 09:14:39,873 INFO o.a.j.t.JMeterThread: Thread started: S2 1-251
2026-10-06 09:14:39,885 INFO o.a.j.t.JMeterThread: Thread started: S2 1-252
2026-10-06 09:14:39,893 INFO o.a.j.t.JMeterThread: Thread started: S2 1-253
2026-10-06 09:14:39,905 INFO o.a.j.t.JMeterThread: Thread started: S2 1-254
2026-10-06 09:14:39,913 INFO o.a.j.t.JMeterThread: Thread started: S2 1-255
2026-10-06 09:14:39,924 INFO o.a.j.t.JMeterThread: Thread started: S2 1-256
2026-10-06 09:14:39,935 INFO o.a.j.t.JMeterThread: Thread started: S2 1-257
2026-10-06 09:14:39,943 INFO o.a.j.t.JMeterThread: Thread started: S2 1-258
2026-10-06 09:14:39,955 INFO o.a.j.t.JMeterThread: Thread started: S2 1-259
2026-10-06 09:14:39,963 INFO o.a.j.t.JMeterThread: Thread started: S2 1-260
2026-10-06 09:14:39,974 INFO o.a.j.t.JMeterThread: Thread started: S2 1-261
2026-10-06 09:14:39,983 INFO o.a.j.t.JMeterThread: Thread started: S2 1-262
2026-10-06 09:14:39,995 INFO o.a.j.t.JMeterThread: Thread started: S2 1-263
2026-10-06 09:14:40,004 INFO o.a.j.t.JMeterThread: Thread started: S2 1-264
2026-10-06 09:14:40,014 INFO o.a.j.t.JMeterThread: Thread started: S2 1-265
2026-10-06 09:14:40,025 INFO o.a.j.t.JMeterThread: Thread started: S2 1-266
2026-10-06 09:14:40,034 INFO o.a.j.t.JMeterThread: Thread started: S2 1-267
2026-10-06 09:14:40,044 INFO o.a.j.t.JMeterThread: Thread started: S2 1-268
2026-10-06 09:14:40,055 INFO o.a.j.t.JMeterThread: Thread started: S2 1-269
2026-10-06 09:14:40,064 INFO o.a.j.t.JMeterThread: Thread started: S2 1-270
2026-10-06 09:14:40,074 INFO o.a.j.t.JMeterThread: Thread started: S2 1-271
2026-10-06 09:14:40,084 INFO o.a.j.t.JMeterThread: Thread started: S2 1-272
2026-10-06 09:14:40,093 INFO o.a.j.t.JMeterThread: Thread started: S2 1-273
2026-10-06 09:14:40,104 INFO o.a.j.t.JMeterThread: Thread started: S2 1-274
2026-10-06 09:14:40,113 INFO o.a.j.t.JMeterThread: Thread started: S2 1-275
2026-10-06 09:14:40,124 INFO o.a.j.t.JMeterThread: Thread started: S2 1-276
2026-10-06 09:14:40,135 INFO o.a.j.t.JMeterThread: Thread started: S2 1-277
2026-10-06 09:14:40,144 INFO o.a.j.t.JMeterThread: Thread started: S2 1-278
2026-10-06 09:14:40,155 INFO o.a.j.t.JMeterThread: Thread started: S2 1-279
2026-10-06 09:14:40,163 INFO o.a.j.t.JMeterThread: Thread started: S2 1-280
2026-10-06 09:14:40,174 INFO o.a.j.t.JMeterThread: Thread started: S2 1-281
2026-10-06 09:14:40,184 INFO o.a.j.t.JMeterThread: Thread started: S2 1-282
2026-10-06 09:14:40,195 INFO o.a.j.t.JMeterThread: Thread started: S2 1-283
2026-10-06 09:14:40,204 INFO o.a.j.t.JMeterThread: Thread started: S2 1-284
2026-10-06 09:14:40,213 INFO o.a.j.t.JMeterThread: Thread started: S2 1-285
2026-10-06 09:14:40,225 INFO o.a.j.t.JMeterThread: Thread started: S2 1-286
2026-10-06 09:14:40,233 INFO o.a.j.t.JMeterThread: Thread started: S2 1-287
2026-10-06 09:14:40,245 INFO o.a.j.t.JMeterThread: Thread started: S2 1-288
2026-10-06 09:14:40,253 INFO o.a.j.t.JMeterThread: Thread started: S2 1-289
2026-10-06 09:14:40,264 INFO o.a.j.t.JMeterThread: Thread started: S2 1-290
2026-10-06 09:14:40,275 INFO o.a.j.t.JMeterThread: Thread started: S2 1-291
2026-10-06 09:14:40,283 INFO o.a.j.t.JMeterThread: Thread started: S2 1-292
2026-10-06 09:14:40,294 INFO o.a.j.t.JMeterThread: Thread started: S2 1-293
2026-10-06 09:14:40,304 INFO o.a.j.t.JMeterThread: Thread started: S2 1-294
2026-10-06 09:14:40,314 INFO o.a.j.t.JMeterThread: Thread started: S2 1-295
2026-10-06 09:14:40,324 INFO o.a.j.t.JMeterThread: Thread started: S2 1-296
2026-10-06 09:14:40,334 INFO o.a.j.t.JMeterThread: Thread started: S2 1-297
2026-10-06 09:14:40,345 INFO o.a.j.t.JMeterThread: Thread started: S2 1-298
2026-10-06 09:14:40,353 INFO o.a.j.t.JMeterThread: Thread started: S2 1-299
2026-10-06 09:14:40,364 INFO o.a.j.t.JMeterThread: Thread started: S2 1-300
2026-10-06 09:14:40,375 INFO o.a.j.t.JMeterThread: Thread started: S2 1-301
2026-10-06 09:14:40,383 INFO o.a.j.t.JMeterThread: Thread started: S2 1-302
2026-10-06 09:14:40,395 INFO o.a.j.t.JMeterThread: Thread started: S2 1-303
2026-10-06 09:14:40,403 INFO o.a.j.t.JMeterThread: Thread started: S2 1-304
2026-10-06 09:14:40,414 INFO o.a.j.t.JMeterThread: Thread started: S2 1-305
2026-10-06 09:14:40,424 INFO o.a.j.t.JMeterThread: Thread started: S2 1-306
2026-10-06 09:14:40,433 INFO o.a.j.t.JMeterThread: Thread started: S2 1-307
2026-10-06 09:14:40,444 INFO o.a.j.t.JMeterThread: Thread started: S2 1-308
2026-10-06 09:14:40,454 INFO o.a.j.t.JMeterThread: Thread started: S2 1-309
2026-10-06 09:14:40,464 INFO o.a.j.t.JMeterThread: Thread started: S2 1-310
2026-10-06 09:14:40,473 INFO o.a.j.t.JMeterThread: Thread started: S2 1-311
2026-10-06 09:14:40,485 INFO o.a.j.t.JMeterThread: Thread started: S2 1-312
2026-10-06 09:14:40,494 INFO o.a.j.t.JMeterThread: Thread started: S2 1-313
2026-10-06 09:14:40,504 INFO o.a.j.t.JMeterThread: Thread started: S2 1-314
2026-10-06 09:14:40,515 INFO o.a.j.t.JMeterThread: Thread started: S2 1-315
2026-10-06 09:14:40,524 INFO o.a.j.t.JMeterThread: Thread started: S2 1-316
2026-10-06 09:14:40,534 INFO o.a.j.t.JMeterThread: Thread started: S2 1-317
2026-10-06 09:14:40,543 INFO o.a.j.t.JMeterThread: Thread started: S2 1-318
2026-10-06 09:14:40,554 INFO o.a.j.t.JMeterThread: Thread started: S2 1-319
2026-10-06 09:14:40,564 INFO o.a.j.t.JMeterThread: Thread started: S2 1-320
2026-10-06 09:14:40,574 INFO o.a.j.t.JMeterThread: Thread started: S2 1-321
2026-10-06 09:14:40,584 INFO o.a.j.t.JMeterThread: Thread started: S2 1-322
2026-10-06 09:14:40,594 INFO o.a.j.t.JMeterThread: Thread started: S2 1-323
2026-10-06 09:14:40,603 INFO o.a.j.t.JMeterThread: Thread started: S2 1-324
2026-10-06 09:14:40,614 INFO o.a.j.t.JMeterThread: Thread started: S2 1-325
2026-10-06 09:14:40,623 INFO o.a.j.t.JMeterThread: Thread started: S2 1-326
2026-10-06 09:14:40,634 INFO o.a.j.t.JMeterThread: Thread started: S2 1-327
2026-10-06 09:14:40,645 INFO o.a.j.t.JMeterThread: Thread started: S2 1-328
2026-10-06 09:14:40,653 INFO o.a.j.t.JMeterThread: Thread started: S2 1-329
2026-10-06 09:14:40,664 INFO o.a.j.t.JMeterThread: Thread started: S2 1-330
2026-10-06 09:14:40,675 INFO o.a.j.t.JMeterThread: Thread started: S2 1-331
2026-10-06 09:14:40,685 INFO o.a.j.t.JMeterThread: Thread started: S2 1-332
2026-10-06 09:14:40,693 INFO o.a.j.t.JMeterThread: Thread started: S2 1-333
2026-10-06 09:14:40,704 INFO o.a.j.t.JMeterThread: Thread started: S2 1-334
2026-10-06 09:14:40,715 INFO o.a.j.t.JMeterThread: Thread started: S2 1-335
2026-10-06 09:14:40,723 INFO o.a.j.t.JMeterThread: Thread started: S2 1-336
2026-10-06 09:14:40,735 INFO o.a.j.t.JMeterThread: Thread started: S2 1-337
2026-10-06 09:14:40,743 INFO o.a.j.t.JMeterThread: Thread started: S2 1-338
2026-10-06 09:14:40,754 INFO o.a.j.t.JMeterThread: Thread started: S2 1-339
2026-10-06 09:14:40,764 INFO o.a.j.t.JMeterThread: Thread started: S2 1-340
2026-10-06 09:14:40,774 INFO o.a.j.t.JMeterThread: Thread started: S2 1-341
2026-10-06 09:14:40,784 INFO o.a.j.t.JMeterThread: Thread started: S2 1-342
2026-10-06 09:14:40,793 INFO o.a.j.t.JMeterThread: Thread started: S2 1-343
2026-10-06 09:14:40,804 INFO o.a.j.t.JMeterThread: Thread started: S2 1-344
2026-10-06 09:14:40,815 INFO o.a.j.t.JMeterThread: Thread started: S2 1-345
2026-10-06 09:14:40,823 INFO o.a.j.t.JMeterThread: Thread started: S2 1-346
2026-10-06 09:14:40,835 INFO o.a.j.t.JMeterThread: Thread started: S2 1-347
2026-10-06 09:14:40,843 INFO o.a.j.t.JMeterThread: Thread started: S2 1-348
2026-10-06 09:14:40,854 INFO o.a.j.t.JMeterThread: Thread started: S2 1-349
2026-10-06 09:14:40,863 INFO o.a.j.t.JMeterThread: Thread started: S2 1-350
2026-10-06 09:14:40,874 INFO o.a.j.t.JMeterThread: Thread started: S2 1-351
2026-10-06 09:14:40,884 INFO o.a.j.t.JMeterThread: Thread started: S2 1-352
2026-10-06 09:14:40,893 INFO o.a.j.t.JMeterThread: Thread started: S2 1-353
2026-10-06 09:14:40,905 INFO o.a.j.t.JMeterThread: Thread started: S2 1-354
2026-10-06 09:14:40,914 INFO o.a.j.t.JMeterThread: Thread started: S2 1-355
2026-10-06 09:14:40,925 INFO o.a.j.t.JMeterThread: Thread started: S2 1-356
2026-10-06 09:14:40,934 INFO o.a.j.t.JMeterThread: Thread started: S2 1-357
2026-10-06 09:14:40,943 INFO o.a.j.t.JMeterThread: Thread started: S2 1-358
2026-10-06 09:14:40,955 INFO o.a.j.t.JMeterThread: Thread started: S2 1-359
2026-10-06 09:14:40,963 INFO o.a.j.t.JMeterThread: Thread started: S2 1-360
2026-10-06 09:14:40,974 INFO o.a.j.t.JMeterThread: Thread started: S2 1-361
2026-10-06 09:14:40,984 INFO o.a.j.t.JMeterThread: Thread started: S2 1-362
2026-10-06 09:14:40,994 INFO o.a.j.t.JMeterThread: Thread started: S2 1-363
2026-10-06 09:14:41,004 INFO o.a.j.t.JMeterThread: Thread started: S2 1-364
2026-10-06 09:14:41,013 INFO o.a.j.t.JMeterThread: Thread started: S2 1-365
2026-10-06 09:14:41,024 INFO o.a.j.t.JMeterThread: Thread started: S2 1-366
2026-10-06 09:14:41,035 INFO o.a.j.t.JMeterThread: Thread started: S2 1-367
2026-10-06 09:14:41,043 INFO o.a.j.t.JMeterThread: Thread started: S2 1-368
2026-10-06 09:14:41,054 INFO o.a.j.t.JMeterThread: Thread started: S2 1-369
2026-10-06 09:14:41,065 INFO o.a.j.t.JMeterThread: Thread started: S2 1-370
2026-10-06 09:14:41,074 INFO o.a.j.t.JMeterThread: Thread started: S2 1-371
2026-10-06 09:14:41,084 INFO o.a.j.t.JMeterThread: Thread started: S2 1-372
2026-10-06 09:14:41,093 INFO o.a.j.t.JMeterThread: Thread started: S2 1-373
2026-10-06 09:14:41,104 INFO o.a.j.t.JMeterThread: Thread started: S2 1-374
2026-10-06 09:14:41,115 INFO o.a.j.t.JMeterThread: Thread started: S2 1-375
2026-10-06 09:14:41,123 INFO o.a.j.t.JMeterThread: Thread started: S2 1-376
2026-10-06 09:14:41,135 INFO o.a.j.t.JMeterThread: Thread started: S2 1-377
2026-10-06 09:14:41,144 INFO o.a.j.t.JMeterThread: Thread started: S2 1-378
2026-10-06 09:14:41,154 INFO o.a.j.t.JMeterThread: Thread started: S2 1-379
2026-10-06 09:14:41,164 INFO o.a.j.t.JMeterThread: Thread started: S2 1-380
2026-10-06 09:14:41,174 INFO o.a.j.t.JMeterThread: Thread started: S2 1-381
2026-10-06 09:14:41,185 INFO o.a.j.t.JMeterThread: Thread started: S2 1-382
2026-10-06 09:14:41,193 INFO o.a.j.t.JMeterThread: Thread started: S2 1-383
2026-10-06 09:14:41,204 INFO o.a.j.t.JMeterThread: Thread started: S2 1-384
2026-10-06 09:14:41,213 INFO o.a.j.t.JMeterThread: Thread started: S2 1-385
2026-10-06 09:14:41,225 INFO o.a.j.t.JMeterThread: Thread started: S2 1-386
2026-10-06 09:14:41,233 INFO o.a.j.t.JMeterThread: Thread started: S2 1-387
2026-10-06 09:14:41,244 INFO o.a.j.t.JMeterThread: Thread started: S2 1-388
2026-10-06 09:14:41,254 INFO o.a.j.t.JMeterThread: Thread started: S2 1-389
2026-10-06 09:14:41,263 INFO o.a.j.t.JMeterThread: Thread started: S2 1-390
2026-10-06 09:14:41,275 INFO o.a.j.t.JMeterThread: Thread started: S2 1-391
2026-10-06 09:14:41,283 INFO o.a.j.t.JMeterThread: Thread started: S2 1-392
2026-10-06 09:14:41,294 INFO o.a.j.t.JMeterThread: Thread started: S2 1-393
2026-10-06 09:14:41,305 INFO o.a.j.t.JMeterThread: Thread started: S2 1-394
2026-10-06 09:14:41,313 INFO o.a.j.t.JMeterThread: Thread started: S2 1-395
2026-10-06 09:14:41,325 INFO o.a.j.t.JMeterThread: Thread started: S2 1-396
2026-10-06 09:14:41,335 INFO o.a.j.t.JMeterThread: Thread started: S2 1-397
2026-10-06 09:14:41,345 INFO o.a.j.t.JMeterThread: Thread started: S2 1-398
2026-10-06 09:14:41,353 INFO o.a.j.t.JMeterThread: Thread started: S2 1-399
2026-10-06 09:14:41,364 INFO o.a.j.t.JMeterThread: Thread started: S2 1-400
2026-10-06 09:14:41,374 INFO o.a.j.t.JMeterThread: Thread started: S2 1-401
2026-10-06 09:14:41,385 INFO o.a.j.t.JMeterThread: Thread started: S2 1-402
2026-10-06 09:14:41,393 INFO o.a.j.t.JMeterThread: Thread started: S2 1-403
2026-10-06 09:14:41,403 INFO o.a.j.t.JMeterThread: Thread started: S2 1-404
2026-10-06 09:14:41,415 INFO o.a.j.t.JMeterThread: Thread started: S2 1-405
2026-10-06 09:14:41,423 INFO o.a.j.t.JMeterThread: Thread started: S2 1-406
2026-10-06 09:14:41,433 INFO o.a.j.t.JMeterThread: Thread started: S2 1-407
2026-10-06 09:14:41,445 INFO o.a.j.t.JMeterThread: Thread started: S2 1-408
2026-10-06 09:14:41,453 INFO o.a.j.t.JMeterThread: Thread started: S2 1-409
2026-10-06 09:14:41,465 INFO o.a.j.t.JMeterThread: Thread started: S2 1-410
2026-10-06 09:14:41,475 INFO o.a.j.t.JMeterThread: Thread started: S2 1-411
2026-10-06 09:14:41,483 INFO o.a.j.t.JMeterThread: Thread started: S2 1-412
2026-10-06 09:14:41,495 INFO o.a.j.t.JMeterThread: Thread started: S2 1-413
2026-10-06 09:14:41,503 INFO o.a.j.t.JMeterThread: Thread started: S2 1-414
2026-10-06 09:14:41,514 INFO o.a.j.t.JMeterThread: Thread started: S2 1-415
2026-10-06 09:14:41,524 INFO o.a.j.t.JMeterThread: Thread started: S2 1-416
2026-10-06 09:14:41,535 INFO o.a.j.t.JMeterThread: Thread started: S2 1-417
2026-10-06 09:14:41,544 INFO o.a.j.t.JMeterThread: Thread started: S2 1-418
2026-10-06 09:14:41,553 INFO o.a.j.t.JMeterThread: Thread started: S2 1-419
2026-10-06 09:14:41,565 INFO o.a.j.t.JMeterThread: Thread started: S2 1-420
2026-10-06 09:14:41,573 INFO o.a.j.t.JMeterThread: Thread started: S2 1-421
2026-10-06 09:14:41,584 INFO o.a.j.t.JMeterThread: Thread started: S2 1-422
2026-10-06 09:14:41,595 INFO o.a.j.t.JMeterThread: Thread started: S2 1-423
2026-10-06 09:14:41,603 INFO o.a.j.t.JMeterThread: Thread started: S2 1-424
2026-10-06 09:14:41,614 INFO o.a.j.t.JMeterThread: Thread started: S2 1-425
2026-10-06 09:14:41,624 INFO o.a.j.t.JMeterThread: Thread started: S2 1-426
2026-10-06 09:14:41,634 INFO o.a.j.t.JMeterThread: Thread started: S2 1-427
2026-10-06 09:14:41,645 INFO o.a.j.t.JMeterThread: Thread started: S2 1-428
2026-10-06 09:14:41,653 INFO o.a.j.t.JMeterThread: Thread started: S2 1-429
2026-10-06 09:14:41,665 INFO o.a.j.t.JMeterThread: Thread started: S2 1-430
2026-10-06 09:14:41,674 INFO o.a.j.t.JMeterThread: Thread started: S2 1-431
2026-10-06 09:14:41,683 INFO o.a.j.t.JMeterThread: Thread started: S2 1-432
2026-10-06 09:14:41,694 INFO o.a.j.t.JMeterThread: Thread started: S2 1-433
2026-10-06 09:14:41,703 INFO o.a.j.t.JMeterThread: Thread started: S2 1-434
2026-10-06 09:14:41,715 INFO o.a.j.t.JMeterThread: Thread started: S2 1-435
2026-10-06 09:14:41,724 INFO o.a.j.t.JMeterThread: Thread started: S2 1-436
2026-10-06 09:14:41,733 INFO o.a.j.t.JMeterThread: Thread started: S2 1-437
2026-10-06 09:14:41,744 INFO o.a.j.t.JMeterThread: Thread started: S2 1-438
2026-10-06 09:14:41,754 INFO o.a.j.t.JMeterThread: Thread started: S2 1-439
2026-10-06 09:14:41,763 INFO o.a.j.t.JMeterThread: Thread started: S2 1-440
2026-10-06 09:14:41,775 INFO o.a.j.t.JMeterThread: Thread started: S2 1-441
2026-10-06 09:14:41,784 INFO o.a.j.t.JMeterThread: Thread started: S2 1-442
2026-10-06 09:14:41,794 INFO o.a.j.t.JMeterThread: Thread started: S2 1-443
2026-10-06 09:14:41,804 INFO o.a.j.t.JMeterThread: Thread started: S2 1-444
2026-10-06 09:14:41,813 INFO o.a.j.t.JMeterThread: Thread started: S2 1-445
2026-10-06 09:14:41,824 INFO o.a.j.t.JMeterThread: Thread started: S2 1-446
2026-10-06 09:14:41,834 INFO o.a.j.t.JMeterThread: Thread started: S2 1-447
2026-10-06 09:14:41,843 INFO o.a.j.t.JMeterThread: Thread started: S2 1-448
2026-10-06 09:14:41,853 INFO o.a.j.t.JMeterThread: Thread started: S2 1-449
2026-10-06 09:14:41,865 INFO o.a.j.t.JMeterThread: Thread started: S2 1-450
2026-10-06 09:14:41,876 INFO o.a.j.t.JMeterThread: Thread started: S2 1-451
2026-10-06 09:14:41,884 INFO o.a.j.t.JMeterThread: Thread started: S2 1-452
2026-10-06 09:14:41,894 INFO o.a.j.t.JMeterThread: Thread started: S2 1-453
2026-10-06 09:14:41,904 INFO o.a.j.t.JMeterThread: Thread started: S2 1-454
2026-10-06 09:14:41,914 INFO o.a.j.t.JMeterThread: Thread started: S2 1-455
2026-10-06 09:14:41,924 INFO o.a.j.t.JMeterThread: Thread started: S2 1-456
2026-10-06 09:14:41,933 INFO o.a.j.t.JMeterThread: Thread started: S2 1-457
2026-10-06 09:14:41,944 INFO o.a.j.t.JMeterThread: Thread started: S2 1-458
2026-10-06 09:14:41,953 INFO o.a.j.t.JMeterThread: Thread started: S2 1-459
2026-10-06 09:14:41,964 INFO o.a.j.t.JMeterThread: Thread started: S2 1-460
2026-10-06 09:14:41,975 INFO o.a.j.t.JMeterThread: Thread started: S2 1-461
2026-10-06 09:14:41,983 INFO o.a.j.t.JMeterThread: Thread started: S2 1-462
2026-10-06 09:14:41,995 INFO o.a.j.t.JMeterThread: Thread started: S2 1-463
2026-10-06 09:14:42,003 INFO o.a.j.t.JMeterThread: Thread started: S2 1-464
2026-10-06 09:14:42,014 INFO o.a.j.t.JMeterThread: Thread started: S2 1-465
2026-10-06 09:14:42,024 INFO o.a.j.t.JMeterThread: Thread started: S2 1-466
2026-10-06 09:14:42,035 INFO o.a.j.t.JMeterThread: Thread started: S2 1-467
2026-10-06 09:14:42,044 INFO o.a.j.t.JMeterThread: Thread started: S2 1-468
2026-10-06 09:14:42,054 INFO o.a.j.t.JMeterThread: Thread started: S2 1-469
2026-10-06 09:14:42,065 INFO o.a.j.t.JMeterThread: Thread started: S2 1-470
2026-10-06 09:14:42,075 INFO o.a.j.t.JMeterThread: Thread started: S2 1-471
2026-10-06 09:14:42,083 INFO o.a.j.t.JMeterThread: Thread started: S2 1-472
2026-10-06 09:14:42,095 INFO o.a.j.t.JMeterThread: Thread started: S2 1-473
2026-10-06 09:14:42,104 INFO o.a.j.t.JMeterThread: Thread started: S2 1-474
2026-10-06 09:14:42,113 INFO o.a.j.t.JMeterThread: Thread started: S2 1-475
2026-10-06 09:14:42,124 INFO o.a.j.t.JMeterThread: Thread started: S2 1-476
2026-10-06 09:14:42,133 INFO o.a.j.t.JMeterThread: Thread started: S2 1-477
2026-10-06 09:14:42,144 INFO o.a.j.t.JMeterThread: Thread started: S2 1-478
2026-10-06 09:14:42,154 INFO o.a.j.t.JMeterThread: Thread started: S2 1-479
2026-10-06 09:14:42,165 INFO o.a.j.t.JMeterThread: Thread started: S2 1-480
2026-10-06 09:14:42,174 INFO o.a.j.t.JMeterThread: Thread started: S2 1-481
2026-10-06 09:14:42,183 INFO o.a.j.t.JMeterThread: Thread started: S2 1-482
2026-10-06 09:14:42,193 INFO o.a.j.t.JMeterThread: Thread started: S2 1-483
2026-10-06 09:14:42,205 INFO o.a.j.t.JMeterThread: Thread started: S2 1-484
2026-10-06 09:14:42,215 INFO o.a.j.t.JMeterThread: Thread started: S2 1-485
2026-10-06 09:14:42,224 INFO o.a.j.t.JMeterThread: Thread started: S2 1-486
2026-10-06 09:14:42,233 INFO o.a.j.t.JMeterThread: Thread started: S2 1-487
2026-10-06 09:14:42,243 INFO o.a.j.t.JMeterThread: Thread started: S2 1-488
2026-10-06 09:14:42,255 INFO o.a.j.t.JMeterThread: Thread started: S2 1-489
2026-10-06 09:14:42,263 INFO o.a.j.t.JMeterThread: Thread started: S2 1-490
2026-10-06 09:14:42,275 INFO o.a.j.t.JMeterThread: Thread started: S2 1-491
2026-10-06 09:14:42,284 INFO o.a.j.t.JMeterThread: Thread started: S2 1-492
2026-10-06 09:14:42,293 INFO o.a.j.t.JMeterThread: Thread started: S2 1-493
2026-10-06 09:14:42,304 INFO o.a.j.t.JMeterThread: Thread started: S2 1-494
2026-10-06 09:14:42,314 INFO o.a.j.t.JMeterThread: Thread started: S2 1-495
2026-10-06 09:14:42,324 INFO o.a.j.t.JMeterThread: Thread started: S2 1-496
2026-10-06 09:14:42,334 INFO o.a.j.t.JMeterThread: Thread started: S2 1-497
2026-10-06 09:14:42,344 INFO o.a.j.t.JMeterThread: Thread started: S2 1-498
2026-10-06 09:14:42,354 INFO o.a.j.t.JMeterThread: Thread started: S2 1-499
2026-10-06 09:14:42,363 INFO o.a.j.t.JMeterThread: Thread started: S2 1-500
2026-10-06 09:14:42,374 INFO o.a.j.t.JMeterThread: Thread started: S2 1-501
2026-10-06 09:14:42,384 INFO o.a.j.t.JMeterThread: Thread started: S2 1-502
2026-10-06 09:14:42,393 INFO o.a.j.t.JMeterThread: Thread started: S2 1-503
2026-10-06 09:14:42,404 INFO o.a.j.t.JMeterThread: Thread started: S2 1-504
2026-10-06 09:14:42,414 INFO o.a.j.t.JMeterThread: Thread started: S2 1-505
2026-10-06 09:14:42,424 INFO o.a.j.t.JMeterThread: Thread started: S2 1-506
2026-10-06 09:14:42,435 INFO o.a.j.t.JMeterThread: Thread started: S2 1-507
2026-10-06 09:14:42,444 INFO o.a.j.t.JMeterThread: Thread started: S2 1-508
2026-10-06 09:14:42,455 INFO o.a.j.t.JMeterThread: Thread started: S2 1-509
2026-10-06 09:14:42,463 INFO o.a.j.t.JMeterThread: Thread started: S2 1-510
2026-10-06 09:14:42,473 INFO o.a.j.t.JMeterThread: Thread started: S2 1-511
2026-10-06 09:14:42,485 INFO o.a.j.t.JMeterThread: Thread started: S2 1-512
2026-10-06 09:14:42,493 INFO o.a.j.t.JMeterThread: Thread started: S2 1-513
2026-10-06 09:14:42,504 INFO o.a.j.t.JMeterThread: Thread started: S2 1-514
2026-10-06 09:14:42,514 INFO o.a.j.t.JMeterThread: Thread started: S2 1-515
2026-10-06 09:14:42,523 INFO o.a.j.t.JMeterThread: Thread started: S2 1-516
2026-10-06 09:14:42,535 INFO o.a.j.t.JMeterThread: Thread started: S2 1-517
2026-10-06 09:14:42,544 INFO o.a.j.t.JMeterThread: Thread started: S2 1-518
2026-10-06 09:14:42,555 INFO o.a.j.t.JMeterThread: Thread started: S2 1-519
2026-10-06 09:14:42,564 INFO o.a.j.t.JMeterThread: Thread started: S2 1-520
2026-10-06 09:14:42,575 INFO o.a.j.t.JMeterThread: Thread started: S2 1-521
2026-10-06 09:14:42,584 INFO o.a.j.t.JMeterThread: Thread started: S2 1-522
2026-10-06 09:14:42,594 INFO o.a.j.t.JMeterThread: Thread started: S2 1-523
2026-10-06 09:14:42,604 INFO o.a.j.t.JMeterThread: Thread started: S2 1-524
2026-10-06 09:14:42,613 INFO o.a.j.t.JMeterThread: Thread started: S2 1-525
2026-10-06 09:14:42,624 INFO o.a.j.t.JMeterThread: Thread started: S2 1-526
2026-10-06 09:14:42,635 INFO o.a.j.t.JMeterThread: Thread started: S2 1-527
2026-10-06 09:14:42,643 INFO o.a.j.t.JMeterThread: Thread started: S2 1-528
2026-10-06 09:14:42,655 INFO o.a.j.t.JMeterThread: Thread started: S2 1-529
2026-10-06 09:14:42,665 INFO o.a.j.t.JMeterThread: Thread started: S2 1-530
2026-10-06 09:14:42,673 INFO o.a.j.t.JMeterThread: Thread started: S2 1-531
2026-10-06 09:14:42,685 INFO o.a.j.t.JMeterThread: Thread started: S2 1-532
2026-10-06 09:14:42,694 INFO o.a.j.t.JMeterThread: Thread started: S2 1-533
2026-10-06 09:14:42,703 INFO o.a.j.t.JMeterThread: Thread started: S2 1-534
2026-10-06 09:14:42,715 INFO o.a.j.t.JMeterThread: Thread started: S2 1-535
2026-10-06 09:14:42,724 INFO o.a.j.t.JMeterThread: Thread started: S2 1-536
2026-10-06 09:14:42,733 INFO o.a.j.t.JMeterThread: Thread started: S2 1-537
2026-10-06 09:14:42,744 INFO o.a.j.t.JMeterThread: Thread started: S2 1-538
2026-10-06 09:14:42,755 INFO o.a.j.t.JMeterThread: Thread started: S2 1-539
2026-10-06 09:14:42,763 INFO o.a.j.t.JMeterThread: Thread started: S2 1-540
2026-10-06 09:14:42,773 INFO o.a.j.t.JMeterThread: Thread started: S2 1-541
2026-10-06 09:14:42,784 INFO o.a.j.t.JMeterThread: Thread started: S2 1-542
2026-10-06 09:14:42,793 INFO o.a.j.t.JMeterThread: Thread started: S2 1-543
2026-10-06 09:14:42,805 INFO o.a.j.t.JMeterThread: Thread started: S2 1-544
2026-10-06 09:14:42,814 INFO o.a.j.t.JMeterThread: Thread started: S2 1-545
2026-10-06 09:14:42,823 INFO o.a.j.t.JMeterThread: Thread started: S2 1-546
2026-10-06 09:14:42,834 INFO o.a.j.t.JMeterThread: Thread started: S2 1-547
2026-10-06 09:14:42,844 INFO o.a.j.t.JMeterThread: Thread started: S2 1-548
2026-10-06 09:14:42,853 INFO o.a.j.t.JMeterThread: Thread started: S2 1-549
2026-10-06 09:14:42,864 INFO o.a.j.t.JMeterThread: Thread started: S2 1-550
2026-10-06 09:14:42,873 INFO o.a.j.t.JMeterThread: Thread started: S2 1-551
2026-10-06 09:14:42,884 INFO o.a.j.t.JMeterThread: Thread started: S2 1-552
2026-10-06 09:14:42,894 INFO o.a.j.t.JMeterThread: Thread started: S2 1-553
2026-10-06 09:14:42,905 INFO o.a.j.t.JMeterThread: Thread started: S2 1-554
2026-10-06 09:14:42,915 INFO o.a.j.t.JMeterThread: Thread started: S2 1-555
2026-10-06 09:14:42,924 INFO o.a.j.t.JMeterThread: Thread started: S2 1-556
2026-10-06 09:14:42,933 INFO o.a.j.t.JMeterThread: Thread started: S2 1-557
2026-10-06 09:14:42,944 INFO o.a.j.t.JMeterThread: Thread started: S2 1-558
2026-10-06 09:14:42,954 INFO o.a.j.t.JMeterThread: Thread started: S2 1-559
2026-10-06 09:14:42,964 INFO o.a.j.t.JMeterThread: Thread started: S2 1-560
2026-10-06 09:14:42,975 INFO o.a.j.t.JMeterThread: Thread started: S2 1-561
2026-10-06 09:14:42,986 INFO o.a.j.t.JMeterThread: Thread started: S2 1-562
2026-10-06 09:14:42,993 INFO o.a.j.t.JMeterThread: Thread started: S2 1-563
2026-10-06 09:14:43,004 INFO o.a.j.t.JMeterThread: Thread started: S2 1-564
2026-10-06 09:14:43,013 INFO o.a.j.t.JMeterThread: Thread started: S2 1-565
2026-10-06 09:14:43,024 INFO o.a.j.t.JMeterThread: Thread started: S2 1-566
2026-10-06 09:14:43,034 INFO o.a.j.t.JMeterThread: Thread started: S2 1-567
2026-10-06 09:14:43,043 INFO o.a.j.t.JMeterThread: Thread started: S2 1-568
2026-10-06 09:14:43,055 INFO o.a.j.t.JMeterThread: Thread started: S2 1-569
2026-10-06 09:14:43,063 INFO o.a.j.t.JMeterThread: Thread started: S2 1-570
2026-10-06 09:14:43,075 INFO o.a.j.t.JMeterThread: Thread started: S2 1-571
2026-10-06 09:14:43,084 INFO o.a.j.t.JMeterThread: Thread started: S2 1-572
2026-10-06 09:14:43,094 INFO o.a.j.t.JMeterThread: Thread started: S2 1-573
2026-10-06 09:14:43,104 INFO o.a.j.t.JMeterThread: Thread started: S2 1-574
2026-10-06 09:14:43,113 INFO o.a.j.t.JMeterThread: Thread started: S2 1-575
2026-10-06 09:14:43,124 INFO o.a.j.t.JMeterThread: Thread started: S2 1-576
2026-10-06 09:14:43,133 INFO o.a.j.t.JMeterThread: Thread started: S2 1-577
2026-10-06 09:14:43,144 INFO o.a.j.t.JMeterThread: Thread started: S2 1-578
2026-10-06 09:14:43,155 INFO o.a.j.t.JMeterThread: Thread started: S2 1-579
2026-10-06 09:14:43,166 INFO o.a.j.t.JMeterThread: Thread started: S2 1-580
2026-10-06 09:14:43,173 INFO o.a.j.t.JMeterThread: Thread started: S2 1-581
2026-10-06 09:14:43,184 INFO o.a.j.t.JMeterThread: Thread started: S2 1-582
2026-10-06 09:14:43,193 INFO o.a.j.t.JMeterThread: Thread started: S2 1-583
2026-10-06 09:14:43,205 INFO o.a.j.t.JMeterThread: Thread started: S2 1-584
2026-10-06 09:14:43,215 INFO o.a.j.t.JMeterThread: Thread started: S2 1-585
2026-10-06 09:14:43,223 INFO o.a.j.t.JMeterThread: Thread started: S2 1-586
2026-10-06 09:14:43,234 INFO o.a.j.t.JMeterThread: Thread started: S2 1-587
2026-10-06 09:14:43,244 INFO o.a.j.t.JMeterThread: Thread started: S2 1-588
2026-10-06 09:14:43,253 INFO o.a.j.t.JMeterThread: Thread started: S2 1-589
2026-10-06 09:14:43,264 INFO o.a.j.t.JMeterThread: Thread started: S2 1-590
2026-10-06 09:14:43,274 INFO o.a.j.t.JMeterThread: Thread started: S2 1-591
2026-10-06 09:14:43,284 INFO o.a.j.t.JMeterThread: Thread started: S2 1-592
2026-10-06 09:14:43,293 INFO o.a.j.t.JMeterThread: Thread started: S2 1-593
2026-10-06 09:14:43,305 INFO o.a.j.t.JMeterThread: Thread started: S2 1-594
2026-10-06 09:14:43,314 INFO o.a.j.t.JMeterThread: Thread started: S2 1-595
2026-10-06 09:14:43,324 INFO o.a.j.t.JMeterThread: Thread started: S2 1-596
2026-10-06 09:14:43,334 INFO o.a.j.t.JMeterThread: Thread started: S2 1-597
2026-10-06 09:14:43,343 INFO o.a.j.t.JMeterThread: Thread started: S2 1-598
2026-10-06 09:14:43,354 INFO o.a.j.t.JMeterThread: Thread started: S2 1-599
2026-10-06 09:14:43,364 INFO o.a.j.t.JMeterThread: Thread started: S2 1-600
2026-10-06 09:14:43,373 INFO o.a.j.t.JMeterThread: Thread started: S2 1-601
2026-10-06 09:14:43,384 INFO o.a.j.t.JMeterThread: Thread started: S2 1-602
2026-10-06 09:14:43,394 INFO o.a.j.t.JMeterThread: Thread started: S2 1-603
2026-10-06 09:14:43,404 INFO o.a.j.t.JMeterThread: Thread started: S2 1-604
2026-10-06 09:14:43,414 INFO o.a.j.t.JMeterThread: Thread started: S2 1-605
2026-10-06 09:14:43,423 INFO o.a.j.t.JMeterThread: Thread started: S2 1-606
2026-10-06 09:14:43,435 INFO o.a.j.t.JMeterThread: Thread started: S2 1-607
2026-10-06 09:14:43,444 INFO o.a.j.t.JMeterThread: Thread started: S2 1-608
2026-10-06 09:14:43,453 INFO o.a.j.t.JMeterThread: Thread started: S2 1-609
2026-10-06 09:14:43,464 INFO o.a.j.t.JMeterThread: Thread started: S2 1-610
2026-10-06 09:14:43,475 INFO o.a.j.t.JMeterThread: Thread started: S2 1-611
2026-10-06 09:14:43,483 INFO o.a.j.t.JMeterThread: Thread started: S2 1-612
2026-10-06 09:14:43,494 INFO o.a.j.t.JMeterThread: Thread started: S2 1-613
2026-10-06 09:14:43,504 INFO o.a.j.t.JMeterThread: Thread started: S2 1-614
2026-10-06 09:14:43,513 INFO o.a.j.t.JMeterThread: Thread started: S2 1-615
2026-10-06 09:14:43,525 INFO o.a.j.t.JMeterThread: Thread started: S2 1-616
2026-10-06 09:14:43,534 INFO o.a.j.t.JMeterThread: Thread started: S2 1-617
2026-10-06 09:14:43,543 INFO o.a.j.t.JMeterThread: Thread started: S2 1-618
2026-10-06 09:14:43,554 INFO o.a.j.t.JMeterThread: Thread started: S2 1-619
2026-10-06 09:14:43,563 INFO o.a.j.t.JMeterThread: Thread started: S2 1-620
2026-10-06 09:14:43,573 INFO o.a.j.t.JMeterThread: Thread started: S2 1-621
2026-10-06 09:14:43,584 INFO o.a.j.t.JMeterThread: Thread started: S2 1-622
2026-10-06 09:14:43,593 INFO o.a.j.t.JMeterThread: Thread started: S2 1-623
2026-10-06 09:14:43,604 INFO o.a.j.t.JMeterThread: Thread started: S2 1-624
2026-10-06 09:14:43,614 INFO o.a.j.t.JMeterThread: Thread started: S2 1-625
2026-10-06 09:14:43,624 INFO o.a.j.t.JMeterThread: Thread started: S2 1-626
2026-10-06 09:14:43,634 INFO o.a.j.t.JMeterThread: Thread started: S2 1-627
2026-10-06 09:14:43,643 INFO o.a.j.t.JMeterThread: Thread started: S2 1-628
2026-10-06 09:14:43,654 INFO o.a.j.t.JMeterThread: Thread started: S2 1-629
2026-10-06 09:14:43,664 INFO o.a.j.t.JMeterThread: Thread started: S2 1-630
2026-10-06 09:14:43,673 INFO o.a.j.t.JMeterThread: Thread started: S2 1-631
2026-10-06 09:14:43,684 INFO o.a.j.t.JMeterThread: Thread started: S2 1-632
2026-10-06 09:14:43,694 INFO o.a.j.t.JMeterThread: Thread started: S2 1-633
2026-10-06 09:14:43,703 INFO o.a.j.t.JMeterThread: Thread started: S2 1-634
2026-10-06 09:14:43,714 INFO o.a.j.t.JMeterThread: Thread started: S2 1-635
2026-10-06 09:14:43,723 INFO o.a.j.t.JMeterThread: Thread started: S2 1-636
2026-10-06 09:14:43,734 INFO o.a.j.t.JMeterThread: Thread started: S2 1-637
2026-10-06 09:14:43,743 INFO o.a.j.t.JMeterThread: Thread started: S2 1-638
2026-10-06 09:14:43,754 INFO o.a.j.t.JMeterThread: Thread started: S2 1-639
2026-10-06 09:14:43,766 INFO o.a.j.t.JMeterThread: Thread started: S2 1-640
2026-10-06 09:14:43,774 INFO o.a.j.t.JMeterThread: Thread started: S2 1-641
2026-10-06 09:14:43,785 INFO o.a.j.t.JMeterThread: Thread started: S2 1-642
2026-10-06 09:14:43,794 INFO o.a.j.t.JMeterThread: Thread started: S2 1-643
2026-10-06 09:14:43,804 INFO o.a.j.t.JMeterThread: Thread started: S2 1-644
2026-10-06 09:14:43,814 INFO o.a.j.t.JMeterThread: Thread started: S2 1-645
2026-10-06 09:14:43,823 INFO o.a.j.t.JMeterThread: Thread started: S2 1-646
2026-10-06 09:14:43,834 INFO o.a.j.t.JMeterThread: Thread started: S2 1-647
2026-10-06 09:14:43,844 INFO o.a.j.t.JMeterThread: Thread started: S2 1-648
2026-10-06 09:14:43,854 INFO o.a.j.t.JMeterThread: Thread started: S2 1-649
2026-10-06 09:14:43,864 INFO o.a.j.t.JMeterThread: Thread started: S2 1-650
2026-10-06 09:14:43,873 INFO o.a.j.t.JMeterThread: Thread started: S2 1-651
2026-10-06 09:14:43,883 INFO o.a.j.t.JMeterThread: Thread started: S2 1-652
2026-10-06 09:14:43,895 INFO o.a.j.t.JMeterThread: Thread started: S2 1-653
2026-10-06 09:14:43,903 INFO o.a.j.t.JMeterThread: Thread started: S2 1-654
2026-10-06 09:14:43,914 INFO o.a.j.t.JMeterThread: Thread started: S2 1-655
2026-10-06 09:14:43,924 INFO o.a.j.t.JMeterThread: Thread started: S2 1-656
2026-10-06 09:14:43,933 INFO o.a.j.t.JMeterThread: Thread started: S2 1-657
2026-10-06 09:14:43,944 INFO o.a.j.t.JMeterThread: Thread started: S2 1-658
2026-10-06 09:14:43,953 INFO o.a.j.t.JMeterThread: Thread started: S2 1-659
2026-10-06 09:14:43,963 INFO o.a.j.t.JMeterThread: Thread started: S2 1-660
2026-10-06 09:14:43,974 INFO o.a.j.t.JMeterThread: Thread started: S2 1-661
2026-10-06 09:14:43,983 INFO o.a.j.t.JMeterThread: Thread started: S2 1-662
2026-10-06 09:14:43,993 INFO o.a.j.t.JMeterThread: Thread started: S2 1-663
2026-10-06 09:14:44,004 INFO o.a.j.t.JMeterThread: Thread started: S2 1-664
2026-10-06 09:14:44,013 INFO o.a.j.t.JMeterThread: Thread started: S2 1-665
2026-10-06 09:14:44,025 INFO o.a.j.t.JMeterThread: Thread started: S2 1-666
2026-10-06 09:14:44,034 INFO o.a.j.t.JMeterThread: Thread started: S2 1-667
2026-10-06 09:14:44,043 INFO o.a.j.t.JMeterThread: Thread started: S2 1-668
2026-10-06 09:14:44,055 INFO o.a.j.t.JMeterThread: Thread started: S2 1-669
2026-10-06 09:14:44,064 INFO o.a.j.t.JMeterThread: Thread started: S2 1-670
2026-10-06 09:14:44,073 INFO o.a.j.t.JMeterThread: Thread started: S2 1-671
2026-10-06 09:14:44,085 INFO o.a.j.t.JMeterThread: Thread started: S2 1-672
2026-10-06 09:14:44,094 INFO o.a.j.t.JMeterThread: Thread started: S2 1-673
2026-10-06 09:14:44,103 INFO o.a.j.t.JMeterThread: Thread started: S2 1-674
2026-10-06 09:14:44,114 INFO o.a.j.t.JMeterThread: Thread started: S2 1-675
2026-10-06 09:14:44,123 INFO o.a.j.t.JMeterThread: Thread started: S2 1-676
2026-10-06 09:14:44,135 INFO o.a.j.t.JMeterThread: Thread started: S2 1-677
2026-10-06 09:14:44,148 INFO o.a.j.t.JMeterThread: Thread started: S2 1-678
2026-10-06 09:14:44,153 INFO o.a.j.t.JMeterThread: Thread started: S2 1-679
2026-10-06 09:14:44,164 INFO o.a.j.t.JMeterThread: Thread started: S2 1-680
2026-10-06 09:14:44,174 INFO o.a.j.t.JMeterThread: Thread started: S2 1-681
2026-10-06 09:14:44,184 INFO o.a.j.t.JMeterThread: Thread started: S2 1-682
2026-10-06 09:14:44,193 INFO o.a.j.t.JMeterThread: Thread started: S2 1-683
2026-10-06 09:14:44,205 INFO o.a.j.t.JMeterThread: Thread started: S2 1-684
2026-10-06 09:14:44,214 INFO o.a.j.t.JMeterThread: Thread started: S2 1-685
2026-10-06 09:14:44,223 INFO o.a.j.t.JMeterThread: Thread started: S2 1-686
2026-10-06 09:14:44,235 INFO o.a.j.t.JMeterThread: Thread started: S2 1-687
2026-10-06 09:14:44,244 INFO o.a.j.t.JMeterThread: Thread started: S2 1-688
2026-10-06 09:14:44,253 INFO o.a.j.t.JMeterThread: Thread started: S2 1-689
2026-10-06 09:14:44,264 INFO o.a.j.t.JMeterThread: Thread started: S2 1-690
2026-10-06 09:14:44,273 INFO o.a.j.t.JMeterThread: Thread started: S2 1-691
2026-10-06 09:14:44,283 INFO o.a.j.t.JMeterThread: Thread started: S2 1-692
2026-10-06 09:14:44,294 INFO o.a.j.t.JMeterThread: Thread started: S2 1-693
2026-10-06 09:14:44,304 INFO o.a.j.t.JMeterThread: Thread started: S2 1-694
2026-10-06 09:14:44,313 INFO o.a.j.t.JMeterThread: Thread started: S2 1-695
2026-10-06 09:14:44,324 INFO o.a.j.t.JMeterThread: Thread started: S2 1-696
2026-10-06 09:14:44,334 INFO o.a.j.t.JMeterThread: Thread started: S2 1-697
2026-10-06 09:14:44,343 INFO o.a.j.t.JMeterThread: Thread started: S2 1-698
2026-10-06 09:14:44,354 INFO o.a.j.t.JMeterThread: Thread started: S2 1-699
2026-10-06 09:14:44,364 INFO o.a.j.t.JMeterThread: Thread started: S2 1-700
2026-10-06 09:14:44,373 INFO o.a.j.t.JMeterThread: Thread started: S2 1-701
2026-10-06 09:14:44,387 INFO o.a.j.t.JMeterThread: Thread started: S2 1-702
2026-10-06 09:14:44,394 INFO o.a.j.t.JMeterThread: Thread started: S2 1-703
2026-10-06 09:14:44,403 INFO o.a.j.t.JMeterThread: Thread started: S2 1-704
2026-10-06 09:14:44,415 INFO o.a.j.t.JMeterThread: Thread started: S2 1-705
2026-10-06 09:14:44,423 INFO o.a.j.t.JMeterThread: Thread started: S2 1-706
2026-10-06 09:14:44,434 INFO o.a.j.t.JMeterThread: Thread started: S2 1-707
2026-10-06 09:14:44,444 INFO o.a.j.t.JMeterThread: Thread started: S2 1-708
2026-10-06 09:14:44,454 INFO o.a.j.t.JMeterThread: Thread started: S2 1-709
2026-10-06 09:14:44,464 INFO o.a.j.t.JMeterThread: Thread started: S2 1-710
2026-10-06 09:14:44,475 INFO o.a.j.t.JMeterThread: Thread started: S2 1-711
2026-10-06 09:14:44,485 INFO o.a.j.t.JMeterThread: Thread started: S2 1-712
2026-10-06 09:14:44,494 INFO o.a.j.t.JMeterThread: Thread started: S2 1-713
2026-10-06 09:14:44,503 INFO o.a.j.t.JMeterThread: Thread started: S2 1-714
2026-10-06 09:14:44,514 INFO o.a.j.t.JMeterThread: Thread started: S2 1-715
2026-10-06 09:14:44,524 INFO o.a.j.t.JMeterThread: Thread started: S2 1-716
2026-10-06 09:14:44,533 INFO o.a.j.t.JMeterThread: Thread started: S2 1-717
2026-10-06 09:14:44,544 INFO o.a.j.t.JMeterThread: Thread started: S2 1-718
2026-10-06 09:14:44,553 INFO o.a.j.t.JMeterThread: Thread started: S2 1-719
2026-10-06 09:14:44,565 INFO o.a.j.t.JMeterThread: Thread started: S2 1-720
2026-10-06 09:14:44,574 INFO o.a.j.t.JMeterThread: Thread started: S2 1-721
2026-10-06 09:14:44,583 INFO o.a.j.t.JMeterThread: Thread started: S2 1-722
2026-10-06 09:14:44,595 INFO o.a.j.t.JMeterThread: Thread started: S2 1-723
2026-10-06 09:14:44,604 INFO o.a.j.t.JMeterThread: Thread started: S2 1-724
2026-10-06 09:14:44,614 INFO o.a.j.t.JMeterThread: Thread started: S2 1-725
2026-10-06 09:14:44,624 INFO o.a.j.t.JMeterThread: Thread started: S2 1-726
2026-10-06 09:14:44,634 INFO o.a.j.t.JMeterThread: Thread started: S2 1-727
2026-10-06 09:14:44,643 INFO o.a.j.t.JMeterThread: Thread started: S2 1-728
2026-10-06 09:14:44,654 INFO o.a.j.t.JMeterThread: Thread started: S2 1-729
2026-10-06 09:14:44,664 INFO o.a.j.t.JMeterThread: Thread started: S2 1-730
2026-10-06 09:14:44,673 INFO o.a.j.t.JMeterThread: Thread started: S2 1-731
2026-10-06 09:14:44,684 INFO o.a.j.t.JMeterThread: Thread started: S2 1-732
2026-10-06 09:14:44,694 INFO o.a.j.t.JMeterThread: Thread started: S2 1-733
2026-10-06 09:14:44,703 INFO o.a.j.t.JMeterThread: Thread started: S2 1-734
2026-10-06 09:14:44,714 INFO o.a.j.t.JMeterThread: Thread started: S2 1-735
2026-10-06 09:14:44,724 INFO o.a.j.t.JMeterThread: Thread started: S2 1-736
2026-10-06 09:14:44,733 INFO o.a.j.t.JMeterThread: Thread started: S2 1-737
2026-10-06 09:14:44,744 INFO o.a.j.t.JMeterThread: Thread started: S2 1-738
2026-10-06 09:14:44,754 INFO o.a.j.t.JMeterThread: Thread started: S2 1-739
2026-10-06 09:14:44,764 INFO o.a.j.t.JMeterThread: Thread started: S2 1-740
2026-10-06 09:14:44,775 INFO o.a.j.t.JMeterThread: Thread started: S2 1-741
2026-10-06 09:14:44,784 INFO o.a.j.t.JMeterThread: Thread started: S2 1-742
2026-10-06 09:14:44,794 INFO o.a.j.t.JMeterThread: Thread started: S2 1-743
2026-10-06 09:14:44,804 INFO o.a.j.t.JMeterThread: Thread started: S2 1-744
2026-10-06 09:14:44,813 INFO o.a.j.t.JMeterThread: Thread started: S2 1-745
2026-10-06 09:14:44,824 INFO o.a.j.t.JMeterThread: Thread started: S2 1-746
2026-10-06 09:14:44,835 INFO o.a.j.t.JMeterThread: Thread started: S2 1-747
2026-10-06 09:14:44,843 INFO o.a.j.t.JMeterThread: Thread started: S2 1-748
2026-10-06 09:14:44,854 INFO o.a.j.t.JMeterThread: Thread started: S2 1-749
2026-10-06 09:14:44,864 INFO o.a.j.t.JMeterThread: Thread started: S2 1-750
2026-10-06 09:14:44,875 INFO o.a.j.t.JMeterThread: Thread started: S2 1-751
2026-10-06 09:14:44,884 INFO o.a.j.t.JMeterThread: Thread started: S2 1-752
2026-10-06 09:14:44,893 INFO o.a.j.t.JMeterThread: Thread started: S2 1-753
2026-10-06 09:14:44,903 INFO o.a.j.t.JMeterThread: Thread started: S2 1-754
2026-10-06 09:14:44,914 INFO o.a.j.t.JMeterThread: Thread started: S2 1-755
2026-10-06 09:14:44,923 INFO o.a.j.t.JMeterThread: Thread started: S2 1-756
2026-10-06 09:14:44,934 INFO o.a.j.t.JMeterThread: Thread started: S2 1-757
2026-10-06 09:14:44,944 INFO o.a.j.t.JMeterThread: Thread started: S2 1-758
2026-10-06 09:14:44,953 INFO o.a.j.t.JMeterThread: Thread started: S2 1-759
2026-10-06 09:14:44,963 INFO o.a.j.t.JMeterThread: Thread started: S2 1-760
2026-10-06 09:14:44,974 INFO o.a.j.t.JMeterThread: Thread started: S2 1-761
2026-10-06 09:14:44,983 INFO o.a.j.t.JMeterThread: Thread started: S2 1-762
2026-10-06 09:14:44,993 INFO o.a.j.t.JMeterThread: Thread started: S2 1-763
2026-10-06 09:14:45,004 INFO o.a.j.t.JMeterThread: Thread started: S2 1-764
2026-10-06 09:14:45,013 INFO o.a.j.t.JMeterThread: Thread started: S2 1-765
2026-10-06 09:14:45,025 INFO o.a.j.t.JMeterThread: Thread started: S2 1-766
2026-10-06 09:14:45,034 INFO o.a.j.t.JMeterThread: Thread started: S2 1-767
2026-10-06 09:14:45,043 INFO o.a.j.t.JMeterThread: Thread started: S2 1-768
2026-10-06 09:14:45,054 INFO o.a.j.t.JMeterThread: Thread started: S2 1-769
2026-10-06 09:14:45,063 INFO o.a.j.t.JMeterThread: Thread started: S2 1-770
2026-10-06 09:14:45,074 INFO o.a.j.t.JMeterThread: Thread started: S2 1-771
2026-10-06 09:14:45,084 INFO o.a.j.t.JMeterThread: Thread started: S2 1-772
2026-10-06 09:14:45,094 INFO o.a.j.t.JMeterThread: Thread started: S2 1-773
2026-10-06 09:14:45,105 INFO o.a.j.t.JMeterThread: Thread started: S2 1-774
2026-10-06 09:14:45,114 INFO o.a.j.t.JMeterThread: Thread started: S2 1-775
2026-10-06 09:14:45,123 INFO o.a.j.t.JMeterThread: Thread started: S2 1-776
2026-10-06 09:14:45,134 INFO o.a.j.t.JMeterThread: Thread started: S2 1-777
2026-10-06 09:14:45,143 INFO o.a.j.t.JMeterThread: Thread started: S2 1-778
2026-10-06 09:14:45,153 INFO o.a.j.t.JMeterThread: Thread started: S2 1-779
2026-10-06 09:14:45,165 INFO o.a.j.t.JMeterThread: Thread started: S2 1-780
2026-10-06 09:14:45,173 INFO o.a.j.t.JMeterThread: Thread started: S2 1-781
2026-10-06 09:14:45,183 INFO o.a.j.t.JMeterThread: Thread started: S2 1-782
2026-10-06 09:14:45,194 INFO o.a.j.t.JMeterThread: Thread started: S2 1-783
2026-10-06 09:14:45,203 INFO o.a.j.t.JMeterThread: Thread started: S2 1-784
2026-10-06 09:14:45,215 INFO o.a.j.t.JMeterThread: Thread started: S2 1-785
2026-10-06 09:14:45,224 INFO o.a.j.t.JMeterThread: Thread started: S2 1-786
2026-10-06 09:14:45,234 INFO o.a.j.t.JMeterThread: Thread started: S2 1-787
2026-10-06 09:14:45,244 INFO o.a.j.t.JMeterThread: Thread started: S2 1-788
2026-10-06 09:14:45,253 INFO o.a.j.t.JMeterThread: Thread started: S2 1-789
2026-10-06 09:14:45,263 INFO o.a.j.t.JMeterThread: Thread started: S2 1-790
2026-10-06 09:14:45,274 INFO o.a.j.t.JMeterThread: Thread started: S2 1-791
2026-10-06 09:14:45,284 INFO o.a.j.t.JMeterThread: Thread started: S2 1-792
2026-10-06 09:14:45,293 INFO o.a.j.t.JMeterThread: Thread started: S2 1-793
2026-10-06 09:14:45,304 INFO o.a.j.t.JMeterThread: Thread started: S2 1-794
2026-10-06 09:14:45,313 INFO o.a.j.t.JMeterThread: Thread started: S2 1-795
2026-10-06 09:14:45,324 INFO o.a.j.t.JMeterThread: Thread started: S2 1-796
2026-10-06 09:14:45,334 INFO o.a.j.t.JMeterThread: Thread started: S2 1-797
2026-10-06 09:14:45,344 INFO o.a.j.t.JMeterThread: Thread started: S2 1-798
2026-10-06 09:14:45,354 INFO o.a.j.t.JMeterThread: Thread started: S2 1-799
2026-10-06 09:14:45,364 INFO o.a.j.t.JMeterThread: Thread started: S2 1-800
2026-10-06 09:14:45,373 INFO o.a.j.t.JMeterThread: Thread started: S2 1-801
2026-10-06 09:14:45,385 INFO o.a.j.t.JMeterThread: Thread started: S2 1-802
2026-10-06 09:14:45,393 INFO o.a.j.t.JMeterThread: Thread started: S2 1-803
2026-10-06 09:14:45,404 INFO o.a.j.t.JMeterThread: Thread started: S2 1-804
2026-10-06 09:14:45,415 INFO o.a.j.t.JMeterThread: Thread started: S2 1-805
2026-10-06 09:14:45,423 INFO o.a.j.t.JMeterThread: Thread started: S2 1-806
2026-10-06 09:14:45,433 INFO o.a.j.t.JMeterThread: Thread started: S2 1-807
2026-10-06 09:14:45,445 INFO o.a.j.t.JMeterThread: Thread started: S2 1-808
2026-10-06 09:14:45,454 INFO o.a.j.t.JMeterThread: Thread started: S2 1-809
2026-10-06 09:14:45,463 INFO o.a.j.t.JMeterThread: Thread started: S2 1-810
2026-10-06 09:14:45,474 INFO o.a.j.t.JMeterThread: Thread started: S2 1-811
2026-10-06 09:14:45,483 INFO o.a.j.t.JMeterThread: Thread started: S2 1-812
2026-10-06 09:14:45,494 INFO o.a.j.t.JMeterThread: Thread started: S2 1-813
2026-10-06 09:14:45,504 INFO o.a.j.t.JMeterThread: Thread started: S2 1-814
2026-10-06 09:14:45,513 INFO o.a.j.t.JMeterThread: Thread started: S2 1-815
2026-10-06 09:14:45,525 INFO o.a.j.t.JMeterThread: Thread started: S2 1-816
2026-10-06 09:14:45,534 INFO o.a.j.t.JMeterThread: Thread started: S2 1-817
2026-10-06 09:14:45,543 INFO o.a.j.t.JMeterThread: Thread started: S2 1-818
2026-10-06 09:14:45,554 INFO o.a.j.t.JMeterThread: Thread started: S2 1-819
2026-10-06 09:14:45,563 INFO o.a.j.t.JMeterThread: Thread started: S2 1-820
2026-10-06 09:14:45,574 INFO o.a.j.t.JMeterThread: Thread started: S2 1-821
2026-10-06 09:14:45,584 INFO o.a.j.t.JMeterThread: Thread started: S2 1-822
2026-10-06 09:14:45,593 INFO o.a.j.t.JMeterThread: Thread started: S2 1-823
2026-10-06 09:14:45,604 INFO o.a.j.t.JMeterThread: Thread started: S2 1-824
2026-10-06 09:14:45,615 INFO o.a.j.t.JMeterThread: Thread started: S2 1-825
2026-10-06 09:14:45,623 INFO o.a.j.t.JMeterThread: Thread started: S2 1-826
2026-10-06 09:14:45,634 INFO o.a.j.t.JMeterThread: Thread started: S2 1-827
2026-10-06 09:14:45,644 INFO o.a.j.t.JMeterThread: Thread started: S2 1-828
2026-10-06 09:14:45,654 INFO o.a.j.t.JMeterThread: Thread started: S2 1-829
2026-10-06 09:14:45,665 INFO o.a.j.t.JMeterThread: Thread started: S2 1-830
2026-10-06 09:14:45,673 INFO o.a.j.t.JMeterThread: Thread started: S2 1-831
2026-10-06 09:14:45,683 INFO o.a.j.t.JMeterThread: Thread started: S2 1-832
2026-10-06 09:14:45,694 INFO o.a.j.t.JMeterThread: Thread started: S2 1-833
2026-10-06 09:14:45,703 INFO o.a.j.t.JMeterThread: Thread started: S2 1-834
2026-10-06 09:14:45,715 INFO o.a.j.t.JMeterThread: Thread started: S2 1-835
2026-10-06 09:14:45,724 INFO o.a.j.t.JMeterThread: Thread started: S2 1-836
2026-10-06 09:14:45,735 INFO o.a.j.t.JMeterThread: Thread started: S2 1-837
2026-10-06 09:14:45,744 INFO o.a.j.t.JMeterThread: Thread started: S2 1-838
2026-10-06 09:14:45,755 INFO o.a.j.t.JMeterThread: Thread started: S2 1-839
2026-10-06 09:14:45,765 INFO o.a.j.t.JMeterThread: Thread started: S2 1-840
2026-10-06 09:14:45,774 INFO o.a.j.t.JMeterThread: Thread started: S2 1-841
2026-10-06 09:14:45,784 INFO o.a.j.t.JMeterThread: Thread started: S2 1-842
2026-10-06 09:14:45,794 INFO o.a.j.t.JMeterThread: Thread started: S2 1-843
2026-10-06 09:14:45,804 INFO o.a.j.t.JMeterThread: Thread started: S2 1-844
2026-10-06 09:14:45,813 INFO o.a.j.t.JMeterThread: Thread started: S2 1-845
2026-10-06 09:14:45,824 INFO o.a.j.t.JMeterThread: Thread started: S2 1-846
2026-10-06 09:14:45,833 INFO o.a.j.t.JMeterThread: Thread started: S2 1-847
2026-10-06 09:14:45,843 INFO o.a.j.t.JMeterThread: Thread started: S2 1-848
2026-10-06 09:14:45,854 INFO o.a.j.t.JMeterThread: Thread started: S2 1-849
2026-10-06 09:14:45,863 INFO o.a.j.t.JMeterThread: Thread started: S2 1-850
2026-10-06 09:14:45,874 INFO o.a.j.t.JMeterThread: Thread started: S2 1-851
2026-10-06 09:14:45,884 INFO o.a.j.t.JMeterThread: Thread started: S2 1-852
2026-10-06 09:14:45,894 INFO o.a.j.t.JMeterThread: Thread started: S2 1-853
2026-10-06 09:14:45,904 INFO o.a.j.t.JMeterThread: Thread started: S2 1-854
2026-10-06 09:14:45,915 INFO o.a.j.t.JMeterThread: Thread started: S2 1-855
2026-10-06 09:14:45,923 INFO o.a.j.t.JMeterThread: Thread started: S2 1-856
2026-10-06 09:14:45,934 INFO o.a.j.t.JMeterThread: Thread started: S2 1-857
2026-10-06 09:14:45,945 INFO o.a.j.t.JMeterThread: Thread started: S2 1-858
2026-10-06 09:14:45,953 INFO o.a.j.t.JMeterThread: Thread started: S2 1-859
2026-10-06 09:14:45,964 INFO o.a.j.t.JMeterThread: Thread started: S2 1-860
2026-10-06 09:14:45,974 INFO o.a.j.t.JMeterThread: Thread started: S2 1-861
2026-10-06 09:14:45,984 INFO o.a.j.t.JMeterThread: Thread started: S2 1-862
2026-10-06 09:14:45,994 INFO o.a.j.t.JMeterThread: Thread started: S2 1-863
2026-10-06 09:14:46,004 INFO o.a.j.t.JMeterThread: Thread started: S2 1-864
2026-10-06 09:14:46,014 INFO o.a.j.t.JMeterThread: Thread started: S2 1-865
2026-10-06 09:14:46,023 INFO o.a.j.t.JMeterThread: Thread started: S2 1-866
2026-10-06 09:14:46,033 INFO o.a.j.t.JMeterThread: Thread started: S2 1-867
2026-10-06 09:14:46,044 INFO o.a.j.t.JMeterThread: Thread started: S2 1-868
2026-10-06 09:14:46,055 INFO o.a.j.t.JMeterThread: Thread started: S2 1-869
2026-10-06 09:14:46,063 INFO o.a.j.t.JMeterThread: Thread started: S2 1-870
2026-10-06 09:14:46,074 INFO o.a.j.t.JMeterThread: Thread started: S2 1-871
2026-10-06 09:14:46,084 INFO o.a.j.t.JMeterThread: Thread started: S2 1-872
2026-10-06 09:14:46,094 INFO o.a.j.t.JMeterThread: Thread started: S2 1-873
2026-10-06 09:14:46,103 INFO o.a.j.t.JMeterThread: Thread started: S2 1-874
2026-10-06 09:14:46,114 INFO o.a.j.t.JMeterThread: Thread started: S2 1-875
2026-10-06 09:14:46,123 INFO o.a.j.t.JMeterThread: Thread started: S2 1-876
2026-10-06 09:14:46,134 INFO o.a.j.t.JMeterThread: Thread started: S2 1-877
2026-10-06 09:14:46,144 INFO o.a.j.t.JMeterThread: Thread started: S2 1-878
2026-10-06 09:14:46,156 INFO o.a.j.t.JMeterThread: Thread started: S2 1-879
2026-10-06 09:14:46,164 INFO o.a.j.t.JMeterThread: Thread started: S2 1-880
2026-10-06 09:14:46,174 INFO o.a.j.t.JMeterThread: Thread started: S2 1-881
2026-10-06 09:14:46,183 INFO o.a.j.t.JMeterThread: Thread started: S2 1-882
2026-10-06 09:14:46,193 INFO o.a.j.t.JMeterThread: Thread started: S2 1-883
2026-10-06 09:14:46,204 INFO o.a.j.t.JMeterThread: Thread started: S2 1-884
2026-10-06 09:14:46,213 INFO o.a.j.t.JMeterThread: Thread started: S2 1-885
2026-10-06 09:14:46,224 INFO o.a.j.t.JMeterThread: Thread started: S2 1-886
2026-10-06 09:14:46,234 INFO o.a.j.t.JMeterThread: Thread started: S2 1-887
2026-10-06 09:14:46,243 INFO o.a.j.t.JMeterThread: Thread started: S2 1-888
2026-10-06 09:14:46,254 INFO o.a.j.t.JMeterThread: Thread started: S2 1-889
2026-10-06 09:14:46,263 INFO o.a.j.t.JMeterThread: Thread started: S2 1-890
2026-10-06 09:14:46,273 INFO o.a.j.t.JMeterThread: Thread started: S2 1-891
2026-10-06 09:14:46,284 INFO o.a.j.t.JMeterThread: Thread started: S2 1-892
2026-10-06 09:14:46,293 INFO o.a.j.t.JMeterThread: Thread started: S2 1-893
2026-10-06 09:14:46,304 INFO o.a.j.t.JMeterThread: Thread started: S2 1-894
2026-10-06 09:14:46,314 INFO o.a.j.t.JMeterThread: Thread started: S2 1-895
2026-10-06 09:14:46,323 INFO o.a.j.t.JMeterThread: Thread started: S2 1-896
2026-10-06 09:14:46,335 INFO o.a.j.t.JMeterThread: Thread started: S2 1-897
2026-10-06 09:14:46,344 INFO o.a.j.t.JMeterThread: Thread started: S2 1-898
2026-10-06 09:14:46,353 INFO o.a.j.t.JMeterThread: Thread started: S2 1-899
2026-10-06 09:14:46,365 INFO o.a.j.t.JMeterThread: Thread started: S2 1-900
2026-10-06 09:14:46,377 INFO o.a.j.t.JMeterThread: Thread started: S2 1-901
2026-10-06 09:14:46,384 INFO o.a.j.t.JMeterThread: Thread started: S2 1-902
2026-10-06 09:14:46,400 INFO o.a.j.t.JMeterThread: Thread started: S2 1-903
2026-10-06 09:14:46,404 INFO o.a.j.t.JMeterThread: Thread started: S2 1-904
2026-10-06 09:14:46,413 INFO o.a.j.t.JMeterThread: Thread started: S2 1-905
2026-10-06 09:14:46,424 INFO o.a.j.t.JMeterThread: Thread started: S2 1-906
2026-10-06 09:14:46,433 INFO o.a.j.t.JMeterThread: Thread started: S2 1-907
2026-10-06 09:14:46,443 INFO o.a.j.t.JMeterThread: Thread started: S2 1-908
2026-10-06 09:14:46,455 INFO o.a.j.t.JMeterThread: Thread started: S2 1-909
2026-10-06 09:14:46,463 INFO o.a.j.t.JMeterThread: Thread started: S2 1-910
2026-10-06 09:14:46,474 INFO o.a.j.t.JMeterThread: Thread started: S2 1-911
2026-10-06 09:14:46,484 INFO o.a.j.t.JMeterThread: Thread started: S2 1-912
2026-10-06 09:14:46,494 INFO o.a.j.t.JMeterThread: Thread started: S2 1-913
2026-10-06 09:14:46,504 INFO o.a.j.t.JMeterThread: Thread started: S2 1-914
2026-10-06 09:14:46,514 INFO o.a.j.t.JMeterThread: Thread started: S2 1-915
2026-10-06 09:14:46,524 INFO o.a.j.t.JMeterThread: Thread started: S2 1-916
2026-10-06 09:14:46,534 INFO o.a.j.t.JMeterThread: Thread started: S2 1-917
2026-10-06 09:14:46,544 INFO o.a.j.t.JMeterThread: Thread started: S2 1-918
2026-10-06 09:14:46,554 INFO o.a.j.t.JMeterThread: Thread started: S2 1-919
2026-10-06 09:14:46,563 INFO o.a.j.t.JMeterThread: Thread started: S2 1-920
2026-10-06 09:14:46,574 INFO o.a.j.t.JMeterThread: Thread started: S2 1-921
2026-10-06 09:14:46,584 INFO o.a.j.t.JMeterThread: Thread started: S2 1-922
2026-10-06 09:14:46,593 INFO o.a.j.t.JMeterThread: Thread started: S2 1-923
2026-10-06 09:14:46,604 INFO o.a.j.t.JMeterThread: Thread started: S2 1-924
2026-10-06 09:14:46,613 INFO o.a.j.t.JMeterThread: Thread started: S2 1-925
2026-10-06 09:14:46,623 INFO o.a.j.t.JMeterThread: Thread started: S2 1-926
2026-10-06 09:14:46,635 INFO o.a.j.t.JMeterThread: Thread started: S2 1-927
2026-10-06 09:14:46,644 INFO o.a.j.t.JMeterThread: Thread started: S2 1-928
2026-10-06 09:14:46,653 INFO o.a.j.t.JMeterThread: Thread started: S2 1-929
2026-10-06 09:14:46,664 INFO o.a.j.t.JMeterThread: Thread started: S2 1-930
2026-10-06 09:14:46,674 INFO o.a.j.t.JMeterThread: Thread started: S2 1-931
2026-10-06 09:14:46,684 INFO o.a.j.t.JMeterThread: Thread started: S2 1-932
2026-10-06 09:14:46,693 INFO o.a.j.t.JMeterThread: Thread started: S2 1-933
2026-10-06 09:14:46,704 INFO o.a.j.t.JMeterThread: Thread started: S2 1-934
2026-10-06 09:14:46,714 INFO o.a.j.t.JMeterThread: Thread started: S2 1-935
2026-10-06 09:14:46,723 INFO o.a.j.t.JMeterThread: Thread started: S2 1-936
2026-10-06 09:14:46,734 INFO o.a.j.t.JMeterThread: Thread started: S2 1-937
2026-10-06 09:14:46,743 INFO o.a.j.t.JMeterThread: Thread started: S2 1-938
2026-10-06 09:14:46,754 INFO o.a.j.t.JMeterThread: Thread started: S2 1-939
2026-10-06 09:14:46,764 INFO o.a.j.t.JMeterThread: Thread started: S2 1-940
2026-10-06 09:14:46,773 INFO o.a.j.t.JMeterThread: Thread started: S2 1-941
2026-10-06 09:14:46,784 INFO o.a.j.t.JMeterThread: Thread started: S2 1-942
2026-10-06 09:14:46,794 INFO o.a.j.t.JMeterThread: Thread started: S2 1-943
2026-10-06 09:14:46,803 INFO o.a.j.t.JMeterThread: Thread started: S2 1-944
2026-10-06 09:14:46,814 INFO o.a.j.t.JMeterThread: Thread started: S2 1-945
2026-10-06 09:14:46,823 INFO o.a.j.t.JMeterThread: Thread started: S2 1-946
2026-10-06 09:14:46,834 INFO o.a.j.t.JMeterThread: Thread started: S2 1-947
2026-10-06 09:14:46,843 INFO o.a.j.t.JMeterThread: Thread started: S2 1-948
2026-10-06 09:14:46,855 INFO o.a.j.t.JMeterThread: Thread started: S2 1-949
2026-10-06 09:14:46,864 INFO o.a.j.t.JMeterThread: Thread started: S2 1-950
2026-10-06 09:14:46,873 INFO o.a.j.t.JMeterThread: Thread started: S2 1-951
2026-10-06 09:14:46,884 INFO o.a.j.t.JMeterThread: Thread started: S2 1-952
2026-10-06 09:14:46,893 INFO o.a.j.t.JMeterThread: Thread started: S2 1-953
2026-10-06 09:14:46,903 INFO o.a.j.t.JMeterThread: Thread started: S2 1-954
2026-10-06 09:14:46,915 INFO o.a.j.t.JMeterThread: Thread started: S2 1-955
2026-10-06 09:14:46,924 INFO o.a.j.t.JMeterThread: Thread started: S2 1-956
2026-10-06 09:14:46,933 INFO o.a.j.t.JMeterThread: Thread started: S2 1-957
2026-10-06 09:14:46,945 INFO o.a.j.t.JMeterThread: Thread started: S2 1-958
2026-10-06 09:14:46,954 INFO o.a.j.t.JMeterThread: Thread started: S2 1-959
2026-10-06 09:14:46,963 INFO o.a.j.t.JMeterThread: Thread started: S2 1-960
2026-10-06 09:14:46,974 INFO o.a.j.t.JMeterThread: Thread started: S2 1-961
2026-10-06 09:14:46,984 INFO o.a.j.t.JMeterThread: Thread started: S2 1-962
2026-10-06 09:14:46,994 INFO o.a.j.t.JMeterThread: Thread started: S2 1-963
2026-10-06 09:14:47,005 INFO o.a.j.t.JMeterThread: Thread started: S2 1-964
2026-10-06 09:14:47,014 INFO o.a.j.t.JMeterThread: Thread started: S2 1-965
2026-10-06 09:14:47,024 INFO o.a.j.t.JMeterThread: Thread started: S2 1-966
2026-10-06 09:14:47,034 INFO o.a.j.t.JMeterThread: Thread started: S2 1-967
2026-10-06 09:14:47,043 INFO o.a.j.t.JMeterThread: Thread started: S2 1-968
2026-10-06 09:14:47,054 INFO o.a.j.t.JMeterThread: Thread started: S2 1-969
2026-10-06 09:14:47,064 INFO o.a.j.t.JMeterThread: Thread started: S2 1-970
2026-10-06 09:14:47,073 INFO o.a.j.t.JMeterThread: Thread started: S2 1-971
2026-10-06 09:14:47,083 INFO o.a.j.t.JMeterThread: Thread started: S2 1-972
2026-10-06 09:14:47,095 INFO o.a.j.t.JMeterThread: Thread started: S2 1-973
2026-10-06 09:14:47,103 INFO o.a.j.t.JMeterThread: Thread started: S2 1-974
2026-10-06 09:14:47,114 INFO o.a.j.t.JMeterThread: Thread started: S2 1-975
2026-10-06 09:14:47,124 INFO o.a.j.t.JMeterThread: Thread started: S2 1-976
2026-10-06 09:14:47,134 INFO o.a.j.t.JMeterThread: Thread started: S2 1-977
2026-10-06 09:14:47,143 INFO o.a.j.t.JMeterThread: Thread started: S2 1-978
2026-10-06 09:14:47,154 INFO o.a.j.t.JMeterThread: Thread started: S2 1-979
2026-10-06 09:14:47,164 INFO o.a.j.t.JMeterThread: Thread started: S2 1-980
2026-10-06 09:14:47,174 INFO o.a.j.t.JMeterThread: Thread started: S2 1-981
2026-10-06 09:14:47,184 INFO o.a.j.t.JMeterThread: Thread started: S2 1-982
2026-10-06 09:14:47,193 INFO o.a.j.t.JMeterThread: Thread started: S2 1-983
2026-10-06 09:14:47,204 INFO o.a.j.t.JMeterThread: Thread started: S2 1-984
2026-10-06 09:14:47,214 INFO o.a.j.t.JMeterThread: Thread started: S2 1-985
2026-10-06 09:14:47,223 INFO o.a.j.t.JMeterThread: Thread started: S2 1-986
2026-10-06 09:14:47,234 INFO o.a.j.t.JMeterThread: Thread started: S2 1-987
2026-10-06 09:14:47,244 INFO o.a.j.t.JMeterThread: Thread started: S2 1-988
2026-10-06 09:14:47,254 INFO o.a.j.t.JMeterThread: Thread started: S2 1-989
2026-10-06 09:14:47,263 INFO o.a.j.t.JMeterThread: Thread started: S2 1-990
2026-10-06 09:14:47,274 INFO o.a.j.t.JMeterThread: Thread started: S2 1-991
2026-10-06 09:14:47,283 INFO o.a.j.t.JMeterThread: Thread started: S2 1-992
2026-10-06 09:14:47,294 INFO o.a.j.t.JMeterThread: Thread started: S2 1-993
2026-10-06 09:14:47,305 INFO o.a.j.t.JMeterThread: Thread started: S2 1-994
2026-10-06 09:14:47,314 INFO o.a.j.t.JMeterThread: Thread started: S2 1-995
2026-10-06 09:14:47,324 INFO o.a.j.t.JMeterThread: Thread started: S2 1-996
2026-10-06 09:14:47,334 INFO o.a.j.t.JMeterThread: Thread started: S2 1-997
2026-10-06 09:14:47,343 INFO o.a.j.t.JMeterThread: Thread started: S2 1-998
2026-10-06 09:14:47,355 INFO o.a.j.t.JMeterThread: Thread started: S2 1-999
2026-10-06 09:14:47,364 INFO o.a.j.t.JMeterThread: Thread started: S2 1-1000
2026-10-06 09:15:00,001 INFO o.a.j.r.Summariser: summary +  21487 in 00:00:22 =  987.4/s Avg:   796 Min:     6 Max:  1141 Err:     0 (0.00%) Active: 1000 Started: 1000 Finished: 0
2026-10-06 09:15:30,001 INFO o.a.j.r.Summariser: summary +  31424 in 00:00:30 = 1047.4/s Avg:  1006 Min:   940 Max:  1136 Err:     0 (0.00%) Active: 1000 Started: 1000 Finished: 0
2026-10-06 09:15:30,001 INFO o.a.j.r.Summariser: summary =  52911 in 00:00:52 = 1022.2/s Avg:   921 Min:     6 Max:  1141 Err:     0 (0.00%)
2026-10-06 09:15:37,411 INFO o.a.j.t.JMeterThread: Stopping because end time detected by thread: S2 1-6
2026-10-06 09:15:37,411 INFO o.a.j.t.JMeterThread: Stopping because end time detected by thread: S2 1-22
2026-10-06 09:15:37,411 INFO o.a.j.t.JMeterThread: Thread finished: S2 1-22
2026-10-06 09:15:37,411 INFO o.a.j.t.JMeterThread: Thread finished: S2 1-6
2026-10-06 09:15:37,415 INFO o.a.j.t.JMeterThread: Stopping because end time detected by thread: S2 1-31
2026-10-06 09:15:37,415 INFO o.a.j.t.JMeterThread: Thread finished: S2 1-31
2026-10-06 09:15:37,421 INFO o.a.j.t.JMeterThread: Stopping because end time detected by thread: S2 1-67
2026-10-06 09:15:37,421 INFO o.a.j.t.JMeterThread: Thread finished: S2 1-67
2026-10-06 09:15:37,437 INFO o.a.j.t.JMeterThread: Stopping because end time detected by thread: S2 1-12
2026-10-06 09:15:37,437 INFO o.a.j.t.JMeterThread: Thread finished: S2 1-12
2026-10-06 09:15:37,443 INFO o.a.j.t.JMeterThread: Stopping because end time detected by thread: S2 1-47
2026-10-06 09:15:37,443 INFO o.a.j.t.JMeterThread: Thread finished: S2 1-47
2026-10-06 09:15:37,448 INFO o.a.j.t.JMeterThread: Stopping because end time detected by thread: S2 1-28
2026-10-06 09:15:37,448 INFO o.a.j.t.JMeterThread: Thread finished: S2 1-28
2026-10-06 09:15:37,460 INFO o.a.j.t.JMeterThread: Stopping because end time detected by thread: S2 1-11
2026-10-06 09:15:37,460 INFO o.a.j.t.JMeterThread: Thread finished: S2 1-11
2026-10-06 09:15:37,476 INFO o.a.j.t.JMeterThread: Stopping because end time detected by thread: S2 1-119
2026-10-06 09:15:37,476 INFO o.a.j.t.JMeterThread: Thread finished: S2 1-119
2026-10-06 09:15:37,487 INFO o.a.j.t.JMeterThread: Stopping because end time detected by thread: S2 1-137
2026-10-06 09:15:37,487 INFO o.a.j.t.JMeterThread: Thread finished: S2 1-137
2026-10-06 09:15:37,514 INFO o.a.j.t.JMeterThread: Stopping because end time detected by thread: S2 1-153
2026-10-06 09:15:37,514 INFO o.a.j.t.JMeterThread: Thread finished: S2 1-153
2026-10-06 09:15:37,520 INFO o.a.j.t.JMeterThread: Stopping because end time detected by thread: S2 1-160
2026-10-06 09:15:37,520 INFO o.a.j.t.JMeterThread: Thread finished: S2 1-160
2026-10-06 09:15:37,522 INFO o.a.j.t.JMeterThread: Stopping because end time detected by thread: S2 1-91
2026-10-06 09:15:37,522 INFO o.a.j.t.JMeterThread: Thread finished: S2 1-91
2026-10-06 09:15:37,523 INFO o.a.j.t.JMeterThread: Stopping because end time detected by thread: S2 1-36
2026-10-06 09:15:37,523 INFO o.a.j.t.JMeterThread: Thread finished: S2 1-36
2026-10-06 09:15:37,528 INFO o.a.j.t.JMeterThread: Stopping because end time detected by thread: S2 1-143
2026-10-06 09:15:37,528 INFO o.a.j.t.JMeterThread: Stopping because end time detected by thread: S2 1-87
2026-10-06 09:15:37,528 INFO o.a.j.t.JMeterThread: Thread finished: S2 1-143
2026-10-06 09:15:37,528 INFO o.a.j.t.JMeterThread: Thread finished: S2 1-87
2026-10-06 09:15:37,529 INFO o.a.j.t.JMeterThread: Stopping because end time detected by thread: S2 1-191
2026-10-06 09:15:37,529 INFO o.a.j.t.JMeterThread: Thread finished: S2 1-191
2026-10-06 09:15:37,531 INFO o.a.j.t.JMeterThread: Stopping because end time detected by thread: S2 1-29
2026-10-06 09:15:37,531 INFO o.a.j.t.JMeterThread: Thread finished: S2 1-29
2026-10-06 09:15:37,533 INFO o.a.j.t.JMeterThread: Stopping because end time detected by thread: S2 1-118
2026-10-06 09:15:37,533 INFO o.a.j.t.JMeterThread: Thread finished: S2 1-118
2026-10-06 09:15:37,535 INFO o.a.j.t.JMeterThread: Stopping because end time detected by thread: S2 1-98
2026-10-06 09:15:37,535 INFO o.a.j.t.JMeterThread: Thread finished: S2 1-98
2026-10-06 09:15:37,537 INFO o.a.j.t.JMeterThread: Stopping because end time detected by thread: S2 1-26
2026-10-06 09:15:37,537 INFO o.a.j.t.JMeterThread: Thread finished: S2 1-26
2026-10-06 09:15:37,538 INFO o.a.j.t.JMeterThread: Stopping because end time detected by thread: S2 1-107
2026-10-06 09:15:37,538 INFO o.a.j.t.JMeterThread: Thread finished: S2 1-107
2026-10-06 09:15:37,539 INFO o.a.j.t.JMeterThread: Stopping because end time detected by thread: S2 1-171
2026-10-06 09:15:37,539 INFO o.a.j.t.JMeterThread: Thread finished: S2 1-171
2026-10-06 09:15:37,543 INFO o.a.j.t.JMeterThread: Stopping because end time detected by thread: S2 1-186
2026-10-06 09:15:37,543 INFO o.a.j.t.JMeterThread: Thread finished: S2 1-186
2026-10-06 09:15:37,547 INFO o.a.j.t.JMeterThread: Stopping because end time detected by thread: S2 1-25
2026-10-06 09:15:37,547 INFO o.a.j.t.JMeterThread: Thread finished: S2 1-25
2026-10-06 09:15:37,548 INFO o.a.j.t.JMeterThread: Stopping because end time detected by thread: S2 1-92
2026-10-06 09:15:37,548 INFO o.a.j.t.JMeterThread: Thread finished: S2 1-92
2026-10-06 09:15:37,557 INFO o.a.j.t.JMeterThread: Stopping because end time detected by thread: S2 1-132
2026-10-06 09:15:37,558 INFO o.a.j.t.JMeterThread: Thread finished: S2 1-132
2026-10-06 09:15:37,561 INFO o.a.j.t.JMeterThread: Stopping because end time detected by thread: S2 1-70
2026-10-06 09:15:37,561 INFO o.a.j.t.JMeterThread: Thread finished: S2 1-70
2026-10-06 09:15:37,566 INFO o.a.j.t.JMeterThread: Stopping because end time detected by thread: S2 1-257
2026-10-06 09:15:37,566 INFO o.a.j.t.JMeterThread: Thread finished: S2 1-257
2026-10-06 09:15:37,567 INFO o.a.j.t.JMeterThread: Stopping because end time detected by thread: S2 1-193
2026-10-06 09:15:37,568 INFO o.a.j.t.JMeterThread: Thread finished: S2 1-193
2026-10-06 09:15:37,572 INFO o.a.j.t.JMeterThread: Stopping because end time detected by thread: S2 1-187
2026-10-06 09:15:37,572 INFO o.a.j.t.JMeterThread: Thread finished: S2 1-187
2026-10-06 09:15:37,577 INFO o.a.j.t.JMeterThread: Stopping because end time detected by thread: S2 1-268
2026-10-06 09:15:37,578 INFO o.a.j.t.JMeterThread: Thread finished: S2 1-268
2026-10-06 09:15:37,590 INFO o.a.j.t.JMeterThread: Stopping because end time detected by thread: S2 1-113
2026-10-06 09:15:37,590 INFO o.a.j.t.JMeterThread: Stopping because end time detected by thread: S2 1-288
2026-10-06 09:15:37,590 INFO o.a.j.t.JMeterThread: Thread finished: S2 1-113
2026-10-06 09:15:37,590 INFO o.a.j.t.JMeterThread: Thread finished: S2 1-288
2026-10-06 09:15:37,593 INFO o.a.j.t.JMeterThread: Stopping because end time detected by thread: S2 1-282
2026-10-06 09:15:37,593 INFO o.a.j.t.JMeterThread: Thread finished: S2 1-282
2026-10-06 09:15:37,594 INFO o.a.j.t.JMeterThread: Stopping because end time detected by thread: S2 1-165
2026-10-06 09:15:37,594 INFO o.a.j.t.JMeterThread: Stopping because end time detected by thread: S2 1-195
2026-10-06 09:15:37,594 INFO o.a.j.t.JMeterThread: Thread finished: S2 1-165
2026-10-06 09:15:37,594 INFO o.a.j.t.JMeterThread: Thread finished: S2 1-195
2026-10-06 09:15:37,598 INFO o.a.j.t.JMeterThread: Stopping because end time detected by thread: S2 1-30
2026-10-06 09:15:37,598 INFO o.a.j.t.JMeterThread: Thread finished: S2 1-30
2026-10-06 09:15:37,602 INFO o.a.j.t.JMeterThread: Stopping because end time detected by thread: S2 1-125
2026-10-06 09:15:37,602 INFO o.a.j.t.JMeterThread: Thread finished: S2 1-125
2026-10-06 09:15:37,603 INFO o.a.j.t.JMeterThread: Stopping because end time detected by thread: S2 1-312
2026-10-06 09:15:37,603 INFO o.a.j.t.JMeterThread: Thread finished: S2 1-312
2026-10-06 09:15:37,605 INFO o.a.j.t.JMeterThread: Stopping because end time detected by thread: S2 1-308
2026-10-06 09:15:37,605 INFO o.a.j.t.JMeterThread: Thread finished: S2 1-308
2026-10-06 09:15:37,610 INFO o.a.j.t.JMeterThread: Stopping because end time detected by thread: S2 1-218
2026-10-06 09:15:37,610 INFO o.a.j.t.JMeterThread: Thread finished: S2 1-218
2026-10-06 09:15:37,615 INFO o.a.j.t.JMeterThread: Stopping because end time detected by thread: S2 1-161
2026-10-06 09:15:37,615 INFO o.a.j.t.JMeterThread: Stopping because end time detected by thread: S2 1-108
2026-10-06 09:15:37,615 INFO o.a.j.t.JMeterThread: Thread finished: S2 1-161
2026-10-06 09:15:37,615 INFO o.a.j.t.JMeterThread: Thread finished: S2 1-108
2026-10-06 09:15:37,616 INFO o.a.j.t.JMeterThread: Stopping because end time detected by thread: S2 1-180
2026-10-06 09:15:37,616 INFO o.a.j.t.JMeterThread: Thread finished: S2 1-180
2026-10-06 09:15:37,620 INFO o.a.j.t.JMeterThread: Stopping because end time detected by thread: S2 1-43
2026-10-06 09:15:37,620 INFO o.a.j.t.JMeterThread: Stopping because end time detected by thread: S2 1-20
2026-10-06 09:15:37,620 INFO o.a.j.t.JMeterThread: Thread finished: S2 1-43
2026-10-06 09:15:37,620 INFO o.a.j.t.JMeterThread: Thread finished: S2 1-20
2026-10-06 09:15:37,623 INFO o.a.j.t.JMeterThread: Stopping because end time detected by thread: S2 1-104
2026-10-06 09:15:37,623 INFO o.a.j.t.JMeterThread: Thread finished: S2 1-104
2026-10-06 09:15:37,626 INFO o.a.j.t.JMeterThread: Stopping because end time detected by thread: S2 1-416
2026-10-06 09:15:37,626 INFO o.a.j.t.JMeterThread: Thread finished: S2 1-416
2026-10-06 09:15:37,632 INFO o.a.j.t.JMeterThread: Stopping because end time detected by thread: S2 1-217
2026-10-06 09:15:37,632 INFO o.a.j.t.JMeterThread: Thread finished: S2 1-217
2026-10-06 09:15:37,636 INFO o.a.j.t.JMeterThread: Stopping because end time detected by thread: S2 1-334
2026-10-06 09:15:37,636 INFO o.a.j.t.JMeterThread: Stopping because end time detected by thread: S2 1-259
2026-10-06 09:15:37,636 INFO o.a.j.t.JMeterThread: Thread finished: S2 1-334
2026-10-06 09:15:37,636 INFO o.a.j.t.JMeterThread: Thread finished: S2 1-259
2026-10-06 09:15:37,637 INFO o.a.j.t.JMeterThread: Stopping because end time detected by thread: S2 1-239
2026-10-06 09:15:37,637 INFO o.a.j.t.JMeterThread: Thread finished: S2 1-239
2026-10-06 09:15:37,638 INFO o.a.j.t.JMeterThread: Stopping because end time detected by thread: S2 1-272
2026-10-06 09:15:37,638 INFO o.a.j.t.JMeterThread: Thread finished: S2 1-272
2026-10-06 09:15:37,641 INFO o.a.j.t.JMeterThread: Stopping because end time detected by thread: S2 1-183
2026-10-06 09:15:37,641 INFO o.a.j.t.JMeterThread: Thread finished: S2 1-183
2026-10-06 09:15:37,643 INFO o.a.j.t.JMeterThread: Stopping because end time detected by thread: S2 1-166
2026-10-06 09:15:37,643 INFO o.a.j.t.JMeterThread: Thread finished: S2 1-166
2026-10-06 09:15:37,647 INFO o.a.j.t.JMeterThread: Stopping because end time detected by thread: S2 1-456
2026-10-06 09:15:37,647 INFO o.a.j.t.JMeterThread: Thread finished: S2 1-456
2026-10-06 09:15:37,648 INFO o.a.j.t.JMeterThread: Stopping because end time detected by thread: S2 1-149
2026-10-06 09:15:37,648 INFO o.a.j.t.JMeterThread: Thread finished: S2 1-149
2026-10-06 09:15:37,652 INFO o.a.j.t.JMeterThread: Stopping because end time detected by thread: S2 1-294
2026-10-06 09:15:37,652 INFO o.a.j.t.JMeterThread: Thread finished: S2 1-294
2026-10-06 09:15:37,653 INFO o.a.j.t.JMeterThread: Stopping because end time detected by thread: S2 1-250
2026-10-06 09:15:37,653 INFO o.a.j.t.JMeterThread: Thread finished: S2 1-250
2026-10-06 09:15:37,655 INFO o.a.j.t.JMeterThread: Stopping because end time detected by thread: S2 1-344
2026-10-06 09:15:37,655 INFO o.a.j.t.JMeterThread: Thread finished: S2 1-344
2026-10-06 09:15:37,657 INFO o.a.j.t.JMeterThread: Stopping because end time detected by thread: S2 1-330
2026-10-06 09:15:37,657 INFO o.a.j.t.JMeterThread: Thread finished: S2 1-330
2026-10-06 09:15:37,659 INFO o.a.j.t.JMeterThread: Stopping because end time detected by thread: S2 1-72
2026-10-06 09:15:37,659 INFO o.a.j.t.JMeterThread: Thread finished: S2 1-72
2026-10-06 09:15:37,664 INFO o.a.j.t.JMeterThread: Stopping because end time detected by thread: S2 1-471
2026-10-06 09:15:37,664 INFO o.a.j.t.JMeterThread: Thread finished: S2 1-471
2026-10-06 09:15:37,666 INFO o.a.j.t.JMeterThread: Stopping because end time detected by thread: S2 1-24
2026-10-06 09:15:37,667 INFO o.a.j.t.JMeterThread: Thread finished: S2 1-24
2026-10-06 09:15:37,667 INFO o.a.j.t.JMeterThread: Stopping because end time detected by thread: S2 1-244
2026-10-06 09:15:37,667 INFO o.a.j.t.JMeterThread: Thread finished: S2 1-244
2026-10-06 09:15:37,668 INFO o.a.j.t.JMeterThread: Stopping because end time detected by thread: S2 1-339
2026-10-06 09:15:37,668 INFO o.a.j.t.JMeterThread: Thread finished: S2 1-339
2026-10-06 09:15:37,669 INFO o.a.j.t.JMeterThread: Stopping because end time detected by thread: S2 1-503
2026-10-06 09:15:37,669 INFO o.a.j.t.JMeterThread: Thread finished: S2 1-503
2026-10-06 09:15:37,672 INFO o.a.j.t.JMeterThread: Stopping because end time detected by thread: S2 1-299
2026-10-06 09:15:37,672 INFO o.a.j.t.JMeterThread: Thread finished: S2 1-299
2026-10-06 09:15:37,673 INFO o.a.j.t.JMeterThread: Stopping because end time detected by thread: S2 1-421
2026-10-06 09:15:37,673 INFO o.a.j.t.JMeterThread: Thread finished: S2 1-421
2026-10-06 09:15:37,674 INFO o.a.j.t.JMeterThread: Stopping because end time detected by thread: S2 1-49
2026-10-06 09:15:37,674 INFO o.a.j.t.JMeterThread: Thread finished: S2 1-49
2026-10-06 09:15:37,675 INFO o.a.j.t.JMeterThread: Stopping because end time detected by thread: S2 1-477
2026-10-06 09:15:37,675 INFO o.a.j.t.JMeterThread: Stopping because end time detected by thread: S2 1-41
2026-10-06 09:15:37,676 INFO o.a.j.t.JMeterThread: Thread finished: S2 1-477
2026-10-06 09:15:37,676 INFO o.a.j.t.JMeterThread: Thread finished: S2 1-41
2026-10-06 09:15:37,678 INFO o.a.j.t.JMeterThread: Stopping because end time detected by thread: S2 1-459
2026-10-06 09:15:37,679 INFO o.a.j.t.JMeterThread: Thread finished: S2 1-459
2026-10-06 09:15:37,680 INFO o.a.j.t.JMeterThread: Stopping because end time detected by thread: S2 1-374
2026-10-06 09:15:37,680 INFO o.a.j.t.JMeterThread: Stopping because end time detected by thread: S2 1-34
2026-10-06 09:15:37,680 INFO o.a.j.t.JMeterThread: Thread finished: S2 1-374
2026-10-06 09:15:37,680 INFO o.a.j.t.JMeterThread: Thread finished: S2 1-34
2026-10-06 09:15:37,684 INFO o.a.j.t.JMeterThread: Stopping because end time detected by thread: S2 1-177
2026-10-06 09:15:37,684 INFO o.a.j.t.JMeterThread: Thread finished: S2 1-177
2026-10-06 09:15:37,685 INFO o.a.j.t.JMeterThread: Stopping because end time detected by thread: S2 1-215
2026-10-06 09:15:37,685 INFO o.a.j.t.JMeterThread: Stopping because end time detected by thread: S2 1-400
2026-10-06 09:15:37,685 INFO o.a.j.t.JMeterThread: Thread finished: S2 1-215
2026-10-06 09:15:37,686 INFO o.a.j.t.JMeterThread: Thread finished: S2 1-400
2026-10-06 09:15:37,687 INFO o.a.j.t.JMeterThread: Stopping because end time detected by thread: S2 1-356
2026-10-06 09:15:37,687 INFO o.a.j.t.JMeterThread: Thread finished: S2 1-356
2026-10-06 09:15:37,688 INFO o.a.j.t.JMeterThread: Stopping because end time detected by thread: S2 1-341
2026-10-06 09:15:37,689 INFO o.a.j.t.JMeterThread: Thread finished: S2 1-341
2026-10-06 09:15:37,690 INFO o.a.j.t.JMeterThread: Stopping because end time detected by thread: S2 1-309
2026-10-06 09:15:37,690 INFO o.a.j.t.JMeterThread: Thread finished: S2 1-309
2026-10-06 09:15:37,690 INFO o.a.j.t.JMeterThread: Stopping because end time detected by thread: S2 1-260
2026-10-06 09:15:37,690 INFO o.a.j.t.JMeterThread: Thread finished: S2 1-260
2026-10-06 09:15:37,691 INFO o.a.j.t.JMeterThread: Stopping because end time detected by thread: S2 1-415
2026-10-06 09:15:37,691 INFO o.a.j.t.JMeterThread: Thread finished: S2 1-415
2026-10-06 09:15:37,693 INFO o.a.j.t.JMeterThread: Stopping because end time detected by thread: S2 1-528
2026-10-06 09:15:37,694 INFO o.a.j.t.JMeterThread: Thread finished: S2 1-528
2026-10-06 09:15:37,697 INFO o.a.j.t.JMeterThread: Stopping because end time detected by thread: S2 1-555
2026-10-06 09:15:37,697 INFO o.a.j.t.JMeterThread: Thread finished: S2 1-555
2026-10-06 09:15:37,698 INFO o.a.j.t.JMeterThread: Stopping because end time detected by thread: S2 1-261
2026-10-06 09:15:37,698 INFO o.a.j.t.JMeterThread: Thread finished: S2 1-261
2026-10-06 09:15:37,701 INFO o.a.j.t.JMeterThread: Stopping because end time detected by thread: S2 1-150
2026-10-06 09:15:37,701 INFO o.a.j.t.JMeterThread: Thread finished: S2 1-150
2026-10-06 09:15:37,703 INFO o.a.j.t.JMeterThread: Stopping because end time detected by thread: S2 1-97
2026-10-06 09:15:37,703 INFO o.a.j.t.JMeterThread: Stopping because end time detected by thread: S2 1-385
2026-10-06 09:15:37,703 INFO o.a.j.t.JMeterThread: Thread finished: S2 1-97
2026-10-06 09:15:37,703 INFO o.a.j.t.JMeterThread: Thread finished: S2 1-385
2026-10-06 09:15:37,707 INFO o.a.j.t.JMeterThread: Stopping because end time detected by thread: S2 1-328
2026-10-06 09:15:37,707 INFO o.a.j.t.JMeterThread: Thread finished: S2 1-328
2026-10-06 09:15:37,707 INFO o.a.j.t.JMeterThread: Stopping because end time detected by thread: S2 1-604
2026-10-06 09:15:37,707 INFO o.a.j.t.JMeterThread: Thread finished: S2 1-604
2026-10-06 09:15:37,709 INFO o.a.j.t.JMeterThread: Stopping because end time detected by thread: S2 1-190
2026-10-06 09:15:37,709 INFO o.a.j.t.JMeterThread: Thread finished: S2 1-190
2026-10-06 09:15:37,711 INFO o.a.j.t.JMeterThread: Stopping because end time detected by thread: S2 1-527
2026-10-06 09:15:37,711 INFO o.a.j.t.JMeterThread: Thread finished: S2 1-527
2026-10-06 09:15:37,712 INFO o.a.j.t.JMeterThread: Stopping because end time detected by thread: S2 1-501
2026-10-06 09:15:37,712 INFO o.a.j.t.JMeterThread: Thread finished: S2 1-501
2026-10-06 09:15:37,713 INFO o.a.j.t.JMeterThread: Stopping because end time detected by thread: S2 1-619
2026-10-06 09:15:37,713 INFO o.a.j.t.JMeterThread: Thread finished: S2 1-619
2026-10-06 09:15:37,715 INFO o.a.j.t.JMeterThread: Stopping because end time detected by thread: S2 1-169
2026-10-06 09:15:37,715 INFO o.a.j.t.JMeterThread: Thread finished: S2 1-169
2026-10-06 09:15:37,718 INFO o.a.j.t.JMeterThread: Stopping because end time detected by thread: S2 1-633
2026-10-06 09:15:37,718 INFO o.a.j.t.JMeterThread: Thread finished: S2 1-633
2026-10-06 09:15:37,719 INFO o.a.j.t.JMeterThread: Stopping because end time detected by thread: S2 1-502
2026-10-06 09:15:37,719 INFO o.a.j.t.JMeterThread: Thread finished: S2 1-502
2026-10-06 09:15:37,724 INFO o.a.j.t.JMeterThread: Stopping because end time detected by thread: S2 1-45
2026-10-06 09:15:37,724 INFO o.a.j.t.JMeterThread: Stopping because end time detected by thread: S2 1-35
2026-10-06 09:15:37,724 INFO o.a.j.t.JMeterThread: Thread finished: S2 1-45
2026-10-06 09:15:37,724 INFO o.a.j.t.JMeterThread: Thread finished: S2 1-35
2026-10-06 09:15:37,728 INFO o.a.j.t.JMeterThread: Stopping because end time detected by thread: S2 1-164
2026-10-06 09:15:37,728 INFO o.a.j.t.JMeterThread: Stopping because end time detected by thread: S2 1-508
2026-10-06 09:15:37,728 INFO o.a.j.t.JMeterThread: Thread finished: S2 1-508
2026-10-06 09:15:37,728 INFO o.a.j.t.JMeterThread: Thread finished: S2 1-164
2026-10-06 09:15:37,729 INFO o.a.j.t.JMeterThread: Stopping because end time detected by thread: S2 1-127
2026-10-06 09:15:37,729 INFO o.a.j.t.JMeterThread: Thread finished: S2 1-127
2026-10-06 09:15:37,733 INFO o.a.j.t.JMeterThread: Stopping because end time detected by thread: S2 1-234
2026-10-06 09:15:37,733 INFO o.a.j.t.JMeterThread: Thread finished: S2 1-234
2026-10-06 09:15:37,734 INFO o.a.j.t.JMeterThread: Stopping because end time detected by thread: S2 1-325
2026-10-06 09:15:37,734 INFO o.a.j.t.JMeterThread: Thread finished: S2 1-325
2026-10-06 09:15:37,736 INFO o.a.j.t.JMeterThread: Stopping because end time detected by thread: S2 1-78
2026-10-06 09:15:37,736 INFO o.a.j.t.JMeterThread: Thread finished: S2 1-78
2026-10-06 09:15:37,738 INFO o.a.j.t.JMeterThread: Stopping because end time detected by thread: S2 1-694
2026-10-06 09:15:37,738 INFO o.a.j.t.JMeterThread: Thread finished: S2 1-694
2026-10-06 09:15:37,738 INFO o.a.j.t.JMeterThread: Stopping because end time detected by thread: S2 1-613
2026-10-06 09:15:37,739 INFO o.a.j.t.JMeterThread: Thread finished: S2 1-613
2026-10-06 09:15:37,740 INFO o.a.j.t.JMeterThread: Stopping because end time detected by thread: S2 1-426
2026-10-06 09:15:37,740 INFO o.a.j.t.JMeterThread: Thread finished: S2 1-426
2026-10-06 09:15:37,744 INFO o.a.j.t.JMeterThread: Stopping because end time detected by thread: S2 1-698
2026-10-06 09:15:37,744 INFO o.a.j.t.JMeterThread: Stopping because end time detected by thread: S2 1-389
2026-10-06 09:15:37,744 INFO o.a.j.t.JMeterThread: Thread finished: S2 1-698
2026-10-06 09:15:37,744 INFO o.a.j.t.JMeterThread: Thread finished: S2 1-389
2026-10-06 09:15:37,747 INFO o.a.j.t.JMeterThread: Stopping because end time detected by thread: S2 1-319
2026-10-06 09:15:37,747 INFO o.a.j.t.JMeterThread: Thread finished: S2 1-319
2026-10-06 09:15:37,749 INFO o.a.j.t.JMeterThread: Stopping because end time detected by thread: S2 1-75
2026-10-06 09:15:37,749 INFO o.a.j.t.JMeterThread: Thread finished: S2 1-75
2026-10-06 09:15:37,750 INFO o.a.j.t.JMeterThread: Stopping because end time detected by thread: S2 1-102
2026-10-06 09:15:37,750 INFO o.a.j.t.JMeterThread: Thread finished: S2 1-102
2026-10-06 09:15:37,751 INFO o.a.j.t.JMeterThread: Stopping because end time detected by thread: S2 1-564
2026-10-06 09:15:37,751 INFO o.a.j.t.JMeterThread: Thread finished: S2 1-564
2026-10-06 09:15:37,754 INFO o.a.j.t.JMeterThread: Stopping because end time detected by thread: S2 1-93
2026-10-06 09:15:37,754 INFO o.a.j.t.JMeterThread: Thread finished: S2 1-93
2026-10-06 09:15:37,760 INFO o.a.j.t.JMeterThread: Stopping because end time detected by thread: S2 1-269
2026-10-06 09:15:37,760 INFO o.a.j.t.JMeterThread: Thread finished: S2 1-269
2026-10-06 09:15:37,761 INFO o.a.j.t.JMeterThread: Stopping because end time detected by thread: S2 1-353
2026-10-06 09:15:37,761 INFO o.a.j.t.JMeterThread: Thread finished: S2 1-353
2026-10-06 09:15:37,763 INFO o.a.j.t.JMeterThread: Stopping because end time detected by thread: S2 1-16
2026-10-06 09:15:37,763 INFO o.a.j.t.JMeterThread: Thread finished: S2 1-16
2026-10-06 09:15:37,764 INFO o.a.j.t.JMeterThread: Stopping because end time detected by thread: S2 1-703
2026-10-06 09:15:37,764 INFO o.a.j.t.JMeterThread: Thread finished: S2 1-703
2026-10-06 09:15:37,765 INFO o.a.j.t.JMeterThread: Stopping because end time detected by thread: S2 1-240
2026-10-06 09:15:37,765 INFO o.a.j.t.JMeterThread: Thread finished: S2 1-240
2026-10-06 09:15:37,767 INFO o.a.j.t.JMeterThread: Stopping because end time detected by thread: S2 1-287
2026-10-06 09:15:37,767 INFO o.a.j.t.JMeterThread: Thread finished: S2 1-287
2026-10-06 09:15:37,769 INFO o.a.j.t.JMeterThread: Stopping because end time detected by thread: S2 1-748
2026-10-06 09:15:37,769 INFO o.a.j.t.JMeterThread: Thread finished: S2 1-748
2026-10-06 09:15:37,770 INFO o.a.j.t.JMeterThread: Stopping because end time detected by thread: S2 1-452
2026-10-06 09:15:37,770 INFO o.a.j.t.JMeterThread: Stopping because end time detected by thread: S2 1-702
2026-10-06 09:15:37,770 INFO o.a.j.t.JMeterThread: Thread finished: S2 1-452
2026-10-06 09:15:37,770 INFO o.a.j.t.JMeterThread: Thread finished: S2 1-702
2026-10-06 09:15:37,771 INFO o.a.j.t.JMeterThread: Stopping because end time detected by thread: S2 1-126
2026-10-06 09:15:37,771 INFO o.a.j.t.JMeterThread: Thread finished: S2 1-126
2026-10-06 09:15:37,773 INFO o.a.j.t.JMeterThread: Stopping because end time detected by thread: S2 1-4
2026-10-06 09:15:37,773 INFO o.a.j.t.JMeterThread: Thread finished: S2 1-4
2026-10-06 09:15:37,774 INFO o.a.j.t.JMeterThread: Stopping because end time detected by thread: S2 1-627
2026-10-06 09:15:37,774 INFO o.a.j.t.JMeterThread: Thread finished: S2 1-627
2026-10-06 09:15:37,775 INFO o.a.j.t.JMeterThread: Stopping because end time detected by thread: S2 1-298
2026-10-06 09:15:37,775 INFO o.a.j.t.JMeterThread: Thread finished: S2 1-298
2026-10-06 09:15:37,777 INFO o.a.j.t.JMeterThread: Stopping because end time detected by thread: S2 1-274
2026-10-06 09:15:37,777 INFO o.a.j.t.JMeterThread: Thread finished: S2 1-274
2026-10-06 09:15:37,779 INFO o.a.j.t.JMeterThread: Stopping because end time detected by thread: S2 1-609
2026-10-06 09:15:37,779 INFO o.a.j.t.JMeterThread: Thread finished: S2 1-609
2026-10-06 09:15:37,780 INFO o.a.j.t.JMeterThread: Stopping because end time detected by thread: S2 1-550
2026-10-06 09:15:37,780 INFO o.a.j.t.JMeterThread: Thread finished: S2 1-550
2026-10-06 09:15:37,780 INFO o.a.j.t.JMeterThread: Stopping because end time detected by thread: S2 1-455
2026-10-06 09:15:37,780 INFO o.a.j.t.JMeterThread: Thread finished: S2 1-455
2026-10-06 09:15:37,781 INFO o.a.j.t.JMeterThread: Stopping because end time detected by thread: S2 1-680
2026-10-06 09:15:37,781 INFO o.a.j.t.JMeterThread: Thread finished: S2 1-680
2026-10-06 09:15:37,783 INFO o.a.j.t.JMeterThread: Stopping because end time detected by thread: S2 1-197
2026-10-06 09:15:37,783 INFO o.a.j.t.JMeterThread: Thread finished: S2 1-197
2026-10-06 09:15:37,785 INFO o.a.j.t.JMeterThread: Stopping because end time detected by thread: S2 1-232
2026-10-06 09:15:37,785 INFO o.a.j.t.JMeterThread: Stopping because end time detected by thread: S2 1-801
2026-10-06 09:15:37,785 INFO o.a.j.t.JMeterThread: Thread finished: S2 1-232
2026-10-06 09:15:37,785 INFO o.a.j.t.JMeterThread: Thread finished: S2 1-801
2026-10-06 09:15:37,786 INFO o.a.j.t.JMeterThread: Stopping because end time detected by thread: S2 1-347
2026-10-06 09:15:37,786 INFO o.a.j.t.JMeterThread: Thread finished: S2 1-347
2026-10-06 09:15:37,787 INFO o.a.j.t.JMeterThread: Stopping because end time detected by thread: S2 1-100
2026-10-06 09:15:37,787 INFO o.a.j.t.JMeterThread: Thread finished: S2 1-100
2026-10-06 09:15:37,788 INFO o.a.j.t.JMeterThread: Stopping because end time detected by thread: S2 1-154
2026-10-06 09:15:37,788 INFO o.a.j.t.JMeterThread: Thread finished: S2 1-154
2026-10-06 09:15:37,790 INFO o.a.j.t.JMeterThread: Stopping because end time detected by thread: S2 1-348
2026-10-06 09:15:37,790 INFO o.a.j.t.JMeterThread: Stopping because end time detected by thread: S2 1-448
2026-10-06 09:15:37,790 INFO o.a.j.t.JMeterThread: Thread finished: S2 1-448
2026-10-06 09:15:37,790 INFO o.a.j.t.JMeterThread: Thread finished: S2 1-348
2026-10-06 09:15:37,792 INFO o.a.j.t.JMeterThread: Stopping because end time detected by thread: S2 1-21
2026-10-06 09:15:37,792 INFO o.a.j.t.JMeterThread: Thread finished: S2 1-21
2026-10-06 09:15:37,793 INFO o.a.j.t.JMeterThread: Stopping because end time detected by thread: S2 1-566
2026-10-06 09:15:37,793 INFO o.a.j.t.JMeterThread: Thread finished: S2 1-566
2026-10-06 09:15:37,795 INFO o.a.j.t.JMeterThread: Stopping because end time detected by thread: S2 1-557
2026-10-06 09:15:37,795 INFO o.a.j.t.JMeterThread: Thread finished: S2 1-557
2026-10-06 09:15:37,797 INFO o.a.j.t.JMeterThread: Stopping because end time detected by thread: S2 1-700
2026-10-06 09:15:37,797 INFO o.a.j.t.JMeterThread: Thread finished: S2 1-700
2026-10-06 09:15:37,798 INFO o.a.j.t.JMeterThread: Stopping because end time detected by thread: S2 1-678
2026-10-06 09:15:37,798 INFO o.a.j.t.JMeterThread: Thread finished: S2 1-678
2026-10-06 09:15:37,799 INFO o.a.j.t.JMeterThread: Stopping because end time detected by thread: S2 1-237
2026-10-06 09:15:37,799 INFO o.a.j.t.JMeterThread: Thread finished: S2 1-237
2026-10-06 09:15:37,801 INFO o.a.j.t.JMeterThread: Stopping because end time detected by thread: S2 1-205
2026-10-06 09:15:37,801 INFO o.a.j.t.JMeterThread: Thread finished: S2 1-205
2026-10-06 09:15:37,802 INFO o.a.j.t.JMeterThread: Stopping because end time detected by thread: S2 1-86
2026-10-06 09:15:37,802 INFO o.a.j.t.JMeterThread: Stopping because end time detected by thread: S2 1-337
2026-10-06 09:15:37,802 INFO o.a.j.t.JMeterThread: Thread finished: S2 1-86
2026-10-06 09:15:37,802 INFO o.a.j.t.JMeterThread: Thread finished: S2 1-337
2026-10-06 09:15:37,803 INFO o.a.j.t.JMeterThread: Stopping because end time detected by thread: S2 1-727
2026-10-06 09:15:37,803 INFO o.a.j.t.JMeterThread: Thread finished: S2 1-727
2026-10-06 09:15:37,804 INFO o.a.j.t.JMeterThread: Stopping because end time detected by thread: S2 1-499
2026-10-06 09:15:37,804 INFO o.a.j.t.JMeterThread: Thread finished: S2 1-499
2026-10-06 09:15:37,805 INFO o.a.j.t.JMeterThread: Stopping because end time detected by thread: S2 1-284
2026-10-06 09:15:37,806 INFO o.a.j.t.JMeterThread: Thread finished: S2 1-284
2026-10-06 09:15:37,807 INFO o.a.j.t.JMeterThread: Stopping because end time detected by thread: S2 1-44
2026-10-06 09:15:37,807 INFO o.a.j.t.JMeterThread: Thread finished: S2 1-44
2026-10-06 09:15:37,808 INFO o.a.j.t.JMeterThread: Stopping because end time detected by thread: S2 1-758
2026-10-06 09:15:37,808 INFO o.a.j.t.JMeterThread: Thread finished: S2 1-758
2026-10-06 09:15:37,809 INFO o.a.j.t.JMeterThread: Stopping because end time detected by thread: S2 1-15
2026-10-06 09:15:37,809 INFO o.a.j.t.JMeterThread: Thread finished: S2 1-15
2026-10-06 09:15:37,811 INFO o.a.j.t.JMeterThread: Stopping because end time detected by thread: S2 1-380
2026-10-06 09:15:37,811 INFO o.a.j.t.JMeterThread: Thread finished: S2 1-380
2026-10-06 09:15:37,811 INFO o.a.j.t.JMeterThread: Stopping because end time detected by thread: S2 1-131
2026-10-06 09:15:37,811 INFO o.a.j.t.JMeterThread: Thread finished: S2 1-131
2026-10-06 09:15:37,812 INFO o.a.j.t.JMeterThread: Stopping because end time detected by thread: S2 1-377
2026-10-06 09:15:37,812 INFO o.a.j.t.JMeterThread: Thread finished: S2 1-377
2026-10-06 09:15:37,814 INFO o.a.j.t.JMeterThread: Stopping because end time detected by thread: S2 1-230
2026-10-06 09:15:37,814 INFO o.a.j.t.JMeterThread: Thread finished: S2 1-230
2026-10-06 09:15:37,815 INFO o.a.j.t.JMeterThread: Stopping because end time detected by thread: S2 1-390
2026-10-06 09:15:37,815 INFO o.a.j.t.JMeterThread: Stopping because end time detected by thread: S2 1-600
2026-10-06 09:15:37,816 INFO o.a.j.t.JMeterThread: Thread finished: S2 1-390
2026-10-06 09:15:37,816 INFO o.a.j.t.JMeterThread: Thread finished: S2 1-600
2026-10-06 09:15:37,817 INFO o.a.j.t.JMeterThread: Stopping because end time detected by thread: S2 1-33
2026-10-06 09:15:37,817 INFO o.a.j.t.JMeterThread: Thread finished: S2 1-33
2026-10-06 09:15:37,820 INFO o.a.j.t.JMeterThread: Stopping because end time detected by thread: S2 1-510
2026-10-06 09:15:37,820 INFO o.a.j.t.JMeterThread: Thread finished: S2 1-510
2026-10-06 09:15:37,821 INFO o.a.j.t.JMeterThread: Stopping because end time detected by thread: S2 1-1
2026-10-06 09:15:37,821 INFO o.a.j.t.JMeterThread: Thread finished: S2 1-1
2026-10-06 09:15:37,821 INFO o.a.j.t.JMeterThread: Stopping because end time detected by thread: S2 1-880
2026-10-06 09:15:37,822 INFO o.a.j.t.JMeterThread: Thread finished: S2 1-880
2026-10-06 09:15:37,825 INFO o.a.j.t.JMeterThread: Stopping because end time detected by thread: S2 1-813
2026-10-06 09:15:37,825 INFO o.a.j.t.JMeterThread: Thread finished: S2 1-813
2026-10-06 09:15:37,826 INFO o.a.j.t.JMeterThread: Stopping because end time detected by thread: S2 1-523
2026-10-06 09:15:37,826 INFO o.a.j.t.JMeterThread: Thread finished: S2 1-523
2026-10-06 09:15:37,826 INFO o.a.j.t.JMeterThread: Stopping because end time detected by thread: S2 1-673
2026-10-06 09:15:37,826 INFO o.a.j.t.JMeterThread: Thread finished: S2 1-673
2026-10-06 09:15:37,828 INFO o.a.j.t.JMeterThread: Stopping because end time detected by thread: S2 1-136
2026-10-06 09:15:37,829 INFO o.a.j.t.JMeterThread: Thread finished: S2 1-136
2026-10-06 09:15:37,829 INFO o.a.j.t.JMeterThread: Stopping because end time detected by thread: S2 1-645
2026-10-06 09:15:37,829 INFO o.a.j.t.JMeterThread: Thread finished: S2 1-645
2026-10-06 09:15:37,831 INFO o.a.j.t.JMeterThread: Stopping because end time detected by thread: S2 1-313
2026-10-06 09:15:37,831 INFO o.a.j.t.JMeterThread: Stopping because end time detected by thread: S2 1-40
2026-10-06 09:15:37,831 INFO o.a.j.t.JMeterThread: Thread finished: S2 1-313
2026-10-06 09:15:37,831 INFO o.a.j.t.JMeterThread: Thread finished: S2 1-40
2026-10-06 09:15:37,832 INFO o.a.j.t.JMeterThread: Stopping because end time detected by thread: S2 1-263
2026-10-06 09:15:37,832 INFO o.a.j.t.JMeterThread: Thread finished: S2 1-263
2026-10-06 09:15:37,833 INFO o.a.j.t.JMeterThread: Stopping because end time detected by thread: S2 1-423
2026-10-06 09:15:37,833 INFO o.a.j.t.JMeterThread: Thread finished: S2 1-423
2026-10-06 09:15:37,835 INFO o.a.j.t.JMeterThread: Stopping because end time detected by thread: S2 1-264
2026-10-06 09:15:37,835 INFO o.a.j.t.JMeterThread: Stopping because end time detected by thread: S2 1-460
2026-10-06 09:15:37,835 INFO o.a.j.t.JMeterThread: Thread finished: S2 1-264
2026-10-06 09:15:37,835 INFO o.a.j.t.JMeterThread: Thread finished: S2 1-460
2026-10-06 09:15:37,836 INFO o.a.j.t.JMeterThread: Stopping because end time detected by thread: S2 1-595
2026-10-06 09:15:37,836 INFO o.a.j.t.JMeterThread: Thread finished: S2 1-595
2026-10-06 09:15:37,838 INFO o.a.j.t.JMeterThread: Stopping because end time detected by thread: S2 1-916
2026-10-06 09:15:37,838 INFO o.a.j.t.JMeterThread: Thread finished: S2 1-916
2026-10-06 09:15:37,839 INFO o.a.j.t.JMeterThread: Stopping because end time detected by thread: S2 1-373
2026-10-06 09:15:37,839 INFO o.a.j.t.JMeterThread: Thread finished: S2 1-373
2026-10-06 09:15:37,840 INFO o.a.j.t.JMeterThread: Stopping because end time detected by thread: S2 1-641
2026-10-06 09:15:37,840 INFO o.a.j.t.JMeterThread: Thread finished: S2 1-641
2026-10-06 09:15:37,842 INFO o.a.j.t.JMeterThread: Stopping because end time detected by thread: S2 1-806
2026-10-06 09:15:37,842 INFO o.a.j.t.JMeterThread: Thread finished: S2 1-806
2026-10-06 09:15:37,843 INFO o.a.j.t.JMeterThread: Stopping because end time detected by thread: S2 1-819
2026-10-06 09:15:37,843 INFO o.a.j.t.JMeterThread: Stopping because end time detected by thread: S2 1-764
2026-10-06 09:15:37,843 INFO o.a.j.t.JMeterThread: Thread finished: S2 1-819
2026-10-06 09:15:37,843 INFO o.a.j.t.JMeterThread: Thread finished: S2 1-764
2026-10-06 09:15:37,846 INFO o.a.j.t.JMeterThread: Stopping because end time detected by thread: S2 1-314
2026-10-06 09:15:37,846 INFO o.a.j.t.JMeterThread: Thread finished: S2 1-314
2026-10-06 09:15:37,847 INFO o.a.j.t.JMeterThread: Stopping because end time detected by thread: S2 1-709
2026-10-06 09:15:37,848 INFO o.a.j.t.JMeterThread: Thread finished: S2 1-709
2026-10-06 09:15:37,849 INFO o.a.j.t.JMeterThread: Stopping because end time detected by thread: S2 1-267
2026-10-06 09:15:37,849 INFO o.a.j.t.JMeterThread: Thread finished: S2 1-267
2026-10-06 09:15:37,850 INFO o.a.j.t.JMeterThread: Stopping because end time detected by thread: S2 1-53
2026-10-06 09:15:37,850 INFO o.a.j.t.JMeterThread: Stopping because end time detected by thread: S2 1-396
2026-10-06 09:15:37,850 INFO o.a.j.t.JMeterThread: Thread finished: S2 1-53
2026-10-06 09:15:37,850 INFO o.a.j.t.JMeterThread: Thread finished: S2 1-396
2026-10-06 09:15:37,851 INFO o.a.j.t.JMeterThread: Stopping because end time detected by thread: S2 1-954
2026-10-06 09:15:37,852 INFO o.a.j.t.JMeterThread: Thread finished: S2 1-954
2026-10-06 09:15:37,853 INFO o.a.j.t.JMeterThread: Stopping because end time detected by thread: S2 1-372
2026-10-06 09:15:37,853 INFO o.a.j.t.JMeterThread: Thread finished: S2 1-372
2026-10-06 09:15:37,855 INFO o.a.j.t.JMeterThread: Stopping because end time detected by thread: S2 1-907
2026-10-06 09:15:37,855 INFO o.a.j.t.JMeterThread: Thread finished: S2 1-907
2026-10-06 09:15:37,856 INFO o.a.j.t.JMeterThread: Stopping because end time detected by thread: S2 1-846
2026-10-06 09:15:37,856 INFO o.a.j.t.JMeterThread: Stopping because end time detected by thread: S2 1-27
2026-10-06 09:15:37,856 INFO o.a.j.t.JMeterThread: Thread finished: S2 1-846
2026-10-06 09:15:37,856 INFO o.a.j.t.JMeterThread: Thread finished: S2 1-27
2026-10-06 09:15:37,857 INFO o.a.j.t.JMeterThread: Stopping because end time detected by thread: S2 1-691
2026-10-06 09:15:37,857 INFO o.a.j.t.JMeterThread: Thread finished: S2 1-691
2026-10-06 09:15:37,859 INFO o.a.j.t.JMeterThread: Stopping because end time detected by thread: S2 1-706
2026-10-06 09:15:37,859 INFO o.a.j.t.JMeterThread: Thread finished: S2 1-706
2026-10-06 09:15:37,860 INFO o.a.j.t.JMeterThread: Stopping because end time detected by thread: S2 1-559
2026-10-06 09:15:37,860 INFO o.a.j.t.JMeterThread: Thread finished: S2 1-559
2026-10-06 09:15:37,863 INFO o.a.j.t.JMeterThread: Stopping because end time detected by thread: S2 1-968
2026-10-06 09:15:37,863 INFO o.a.j.t.JMeterThread: Thread finished: S2 1-968
2026-10-06 09:15:37,864 INFO o.a.j.t.JMeterThread: Stopping because end time detected by thread: S2 1-835
2026-10-06 09:15:37,864 INFO o.a.j.t.JMeterThread: Stopping because end time detected by thread: S2 1-850
2026-10-06 09:15:37,864 INFO o.a.j.t.JMeterThread: Thread finished: S2 1-835
2026-10-06 09:15:37,864 INFO o.a.j.t.JMeterThread: Thread finished: S2 1-850
2026-10-06 09:15:37,865 INFO o.a.j.t.JMeterThread: Stopping because end time detected by thread: S2 1-750
2026-10-06 09:15:37,865 INFO o.a.j.t.JMeterThread: Thread finished: S2 1-750
2026-10-06 09:15:37,867 INFO o.a.j.t.JMeterThread: Stopping because end time detected by thread: S2 1-286
2026-10-06 09:15:37,867 INFO o.a.j.t.JMeterThread: Thread finished: S2 1-286
2026-10-06 09:15:37,869 INFO o.a.j.t.JMeterThread: Stopping because end time detected by thread: S2 1-82
2026-10-06 09:15:37,869 INFO o.a.j.t.JMeterThread: Thread finished: S2 1-82
2026-10-06 09:15:37,870 INFO o.a.j.t.JMeterThread: Stopping because end time detected by thread: S2 1-790
2026-10-06 09:15:37,870 INFO o.a.j.t.JMeterThread: Stopping because end time detected by thread: S2 1-216
2026-10-06 09:15:37,870 INFO o.a.j.t.JMeterThread: Thread finished: S2 1-790
2026-10-06 09:15:37,870 INFO o.a.j.t.JMeterThread: Thread finished: S2 1-216
2026-10-06 09:15:37,871 INFO o.a.j.t.JMeterThread: Stopping because end time detected by thread: S2 1-139
2026-10-06 09:15:37,871 INFO o.a.j.t.JMeterThread: Thread finished: S2 1-139
2026-10-06 09:15:37,873 INFO o.a.j.t.JMeterThread: Stopping because end time detected by thread: S2 1-231
2026-10-06 09:15:37,873 INFO o.a.j.t.JMeterThread: Thread finished: S2 1-231
2026-10-06 09:15:37,874 INFO o.a.j.t.JMeterThread: Stopping because end time detected by thread: S2 1-387
2026-10-06 09:15:37,874 INFO o.a.j.t.JMeterThread: Stopping because end time detected by thread: S2 1-343
2026-10-06 09:15:37,874 INFO o.a.j.t.JMeterThread: Thread finished: S2 1-387
2026-10-06 09:15:37,874 INFO o.a.j.t.JMeterThread: Thread finished: S2 1-343
2026-10-06 09:15:37,875 INFO o.a.j.t.JMeterThread: Stopping because end time detected by thread: S2 1-693
2026-10-06 09:15:37,875 INFO o.a.j.t.JMeterThread: Thread finished: S2 1-693
2026-10-06 09:15:37,877 INFO o.a.j.t.JMeterThread: Stopping because end time detected by thread: S2 1-993
2026-10-06 09:15:37,877 INFO o.a.j.t.JMeterThread: Thread finished: S2 1-993
2026-10-06 09:15:37,878 INFO o.a.j.t.JMeterThread: Stopping because end time detected by thread: S2 1-242
2026-10-06 09:15:37,878 INFO o.a.j.t.JMeterThread: Thread finished: S2 1-242
2026-10-06 09:15:37,880 INFO o.a.j.t.JMeterThread: Stopping because end time detected by thread: S2 1-129
2026-10-06 09:15:37,880 INFO o.a.j.t.JMeterThread: Stopping because end time detected by thread: S2 1-371
2026-10-06 09:15:37,880 INFO o.a.j.t.JMeterThread: Thread finished: S2 1-129
2026-10-06 09:15:37,880 INFO o.a.j.t.JMeterThread: Thread finished: S2 1-371
2026-10-06 09:15:37,881 INFO o.a.j.t.JMeterThread: Stopping because end time detected by thread: S2 1-253
2026-10-06 09:15:37,881 INFO o.a.j.t.JMeterThread: Thread finished: S2 1-253
2026-10-06 09:15:37,882 INFO o.a.j.t.JMeterThread: Stopping because end time detected by thread: S2 1-465
2026-10-06 09:15:37,882 INFO o.a.j.t.JMeterThread: Thread finished: S2 1-465
2026-10-06 09:15:37,883 INFO o.a.j.t.JMeterThread: Stopping because end time detected by thread: S2 1-346
2026-10-06 09:15:37,883 INFO o.a.j.t.JMeterThread: Thread finished: S2 1-346
2026-10-06 09:15:37,885 INFO o.a.j.t.JMeterThread: Stopping because end time detected by thread: S2 1-989
2026-10-06 09:15:37,885 INFO o.a.j.t.JMeterThread: Thread finished: S2 1-989
2026-10-06 09:15:37,886 INFO o.a.j.t.JMeterThread: Stopping because end time detected by thread: S2 1-352
2026-10-06 09:15:37,886 INFO o.a.j.t.JMeterThread: Thread finished: S2 1-352
2026-10-06 09:15:37,887 INFO o.a.j.t.JMeterThread: Stopping because end time detected by thread: S2 1-745
2026-10-06 09:15:37,887 INFO o.a.j.t.JMeterThread: Thread finished: S2 1-745
2026-10-06 09:15:37,889 INFO o.a.j.t.JMeterThread: Stopping because end time detected by thread: S2 1-873
2026-10-06 09:15:37,889 INFO o.a.j.t.JMeterThread: Thread finished: S2 1-873
2026-10-06 09:15:37,890 INFO o.a.j.t.JMeterThread: Stopping because end time detected by thread: S2 1-444
2026-10-06 09:15:37,890 INFO o.a.j.t.JMeterThread: Thread finished: S2 1-444
2026-10-06 09:15:37,891 INFO o.a.j.t.JMeterThread: Stopping because end time detected by thread: S2 1-281
2026-10-06 09:15:37,891 INFO o.a.j.t.JMeterThread: Thread finished: S2 1-281
2026-10-06 09:15:37,893 INFO o.a.j.t.JMeterThread: Stopping because end time detected by thread: S2 1-155
2026-10-06 09:15:37,893 INFO o.a.j.t.JMeterThread: Thread finished: S2 1-155
2026-10-06 09:15:37,894 INFO o.a.j.t.JMeterThread: Stopping because end time detected by thread: S2 1-430
2026-10-06 09:15:37,894 INFO o.a.j.t.JMeterThread: Thread finished: S2 1-430
2026-10-06 09:15:37,896 INFO o.a.j.t.JMeterThread: Stopping because end time detected by thread: S2 1-122
2026-10-06 09:15:37,896 INFO o.a.j.t.JMeterThread: Stopping because end time detected by thread: S2 1-534
2026-10-06 09:15:37,896 INFO o.a.j.t.JMeterThread: Thread finished: S2 1-534
2026-10-06 09:15:37,896 INFO o.a.j.t.JMeterThread: Thread finished: S2 1-122
2026-10-06 09:15:37,898 INFO o.a.j.t.JMeterThread: Stopping because end time detected by thread: S2 1-996
2026-10-06 09:15:37,898 INFO o.a.j.t.JMeterThread: Thread finished: S2 1-996
2026-10-06 09:15:37,899 INFO o.a.j.t.JMeterThread: Stopping because end time detected by thread: S2 1-825
2026-10-06 09:15:37,899 INFO o.a.j.t.JMeterThread: Thread finished: S2 1-825
2026-10-06 09:15:37,900 INFO o.a.j.t.JMeterThread: Stopping because end time detected by thread: S2 1-836
2026-10-06 09:15:37,900 INFO o.a.j.t.JMeterThread: Thread finished: S2 1-836
2026-10-06 09:15:37,900 INFO o.a.j.t.JMeterThread: Stopping because end time detected by thread: S2 1-875
2026-10-06 09:15:37,900 INFO o.a.j.t.JMeterThread: Thread finished: S2 1-875
2026-10-06 09:15:37,902 INFO o.a.j.t.JMeterThread: Stopping because end time detected by thread: S2 1-717
2026-10-06 09:15:37,902 INFO o.a.j.t.JMeterThread: Thread finished: S2 1-717
2026-10-06 09:15:37,903 INFO o.a.j.t.JMeterThread: Stopping because end time detected by thread: S2 1-962
2026-10-06 09:15:37,903 INFO o.a.j.t.JMeterThread: Thread finished: S2 1-962
2026-10-06 09:15:37,905 INFO o.a.j.t.JMeterThread: Stopping because end time detected by thread: S2 1-958
2026-10-06 09:15:37,905 INFO o.a.j.t.JMeterThread: Stopping because end time detected by thread: S2 1-906
2026-10-06 09:15:37,905 INFO o.a.j.t.JMeterThread: Thread finished: S2 1-906
2026-10-06 09:15:37,905 INFO o.a.j.t.JMeterThread: Thread finished: S2 1-958
2026-10-06 09:15:37,906 INFO o.a.j.t.JMeterThread: Stopping because end time detected by thread: S2 1-710
2026-10-06 09:15:37,906 INFO o.a.j.t.JMeterThread: Thread finished: S2 1-710
2026-10-06 09:15:37,907 INFO o.a.j.t.JMeterThread: Stopping because end time detected by thread: S2 1-174
2026-10-06 09:15:37,907 INFO o.a.j.t.JMeterThread: Thread finished: S2 1-174
2026-10-06 09:15:37,909 INFO o.a.j.t.JMeterThread: Stopping because end time detected by thread: S2 1-953
2026-10-06 09:15:37,909 INFO o.a.j.t.JMeterThread: Thread finished: S2 1-953
2026-10-06 09:15:37,910 INFO o.a.j.t.JMeterThread: Stopping because end time detected by thread: S2 1-141
2026-10-06 09:15:37,910 INFO o.a.j.t.JMeterThread: Thread finished: S2 1-141
2026-10-06 09:15:37,911 INFO o.a.j.t.JMeterThread: Stopping because end time detected by thread: S2 1-403
2026-10-06 09:15:37,911 INFO o.a.j.t.JMeterThread: Thread finished: S2 1-403
2026-10-06 09:15:37,911 INFO o.a.j.t.JMeterThread: Stopping because end time detected by thread: S2 1-315
2026-10-06 09:15:37,912 INFO o.a.j.t.JMeterThread: Thread finished: S2 1-315
2026-10-06 09:15:37,913 INFO o.a.j.t.JMeterThread: Stopping because end time detected by thread: S2 1-584
2026-10-06 09:15:37,913 INFO o.a.j.t.JMeterThread: Thread finished: S2 1-584
2026-10-06 09:15:37,914 INFO o.a.j.t.JMeterThread: Stopping because end time detected by thread: S2 1-563
2026-10-06 09:15:37,914 INFO o.a.j.t.JMeterThread: Thread finished: S2 1-563
2026-10-06 09:15:37,916 INFO o.a.j.t.JMeterThread: Stopping because end time detected by thread: S2 1-577
2026-10-06 09:15:37,916 INFO o.a.j.t.JMeterThread: Thread finished: S2 1-577
2026-10-06 09:15:37,916 INFO o.a.j.t.JMeterThread: Stopping because end time detected by thread: S2 1-462
2026-10-06 09:15:37,916 INFO o.a.j.t.JMeterThread: Thread finished: S2 1-462
2026-10-06 09:15:37,917 INFO o.a.j.t.JMeterThread: Stopping because end time detected by thread: S2 1-533
2026-10-06 09:15:37,917 INFO o.a.j.t.JMeterThread: Thread finished: S2 1-533
2026-10-06 09:15:37,919 INFO o.a.j.t.JMeterThread: Stopping because end time detected by thread: S2 1-890
2026-10-06 09:15:37,919 INFO o.a.j.t.JMeterThread: Thread finished: S2 1-890
2026-10-06 09:15:37,921 INFO o.a.j.t.JMeterThread: Stopping because end time detected by thread: S2 1-877
2026-10-06 09:15:37,921 INFO o.a.j.t.JMeterThread: Thread finished: S2 1-877
2026-10-06 09:15:37,922 INFO o.a.j.t.JMeterThread: Stopping because end time detected by thread: S2 1-429
2026-10-06 09:15:37,922 INFO o.a.j.t.JMeterThread: Thread finished: S2 1-429
2026-10-06 09:15:37,923 INFO o.a.j.t.JMeterThread: Stopping because end time detected by thread: S2 1-393
2026-10-06 09:15:37,923 INFO o.a.j.t.JMeterThread: Thread finished: S2 1-393
2026-10-06 09:15:37,925 INFO o.a.j.t.JMeterThread: Stopping because end time detected by thread: S2 1-574
2026-10-06 09:15:37,925 INFO o.a.j.t.JMeterThread: Thread finished: S2 1-574
2026-10-06 09:15:37,926 INFO o.a.j.t.JMeterThread: Stopping because end time detected by thread: S2 1-917
2026-10-06 09:15:37,926 INFO o.a.j.t.JMeterThread: Thread finished: S2 1-917
2026-10-06 09:15:37,926 INFO o.a.j.t.JMeterThread: Stopping because end time detected by thread: S2 1-434
2026-10-06 09:15:37,926 INFO o.a.j.t.JMeterThread: Thread finished: S2 1-434
2026-10-06 09:15:37,927 INFO o.a.j.t.JMeterThread: Stopping because end time detected by thread: S2 1-37
2026-10-06 09:15:37,928 INFO o.a.j.t.JMeterThread: Thread finished: S2 1-37
2026-10-06 09:15:37,929 INFO o.a.j.t.JMeterThread: Stopping because end time detected by thread: S2 1-558
2026-10-06 09:15:37,930 INFO o.a.j.t.JMeterThread: Thread finished: S2 1-558
2026-10-06 09:15:37,930 INFO o.a.j.t.JMeterThread: Stopping because end time detected by thread: S2 1-120
2026-10-06 09:15:37,930 INFO o.a.j.t.JMeterThread: Thread finished: S2 1-120
2026-10-06 09:15:37,932 INFO o.a.j.t.JMeterThread: Stopping because end time detected by thread: S2 1-837
2026-10-06 09:15:37,932 INFO o.a.j.t.JMeterThread: Thread finished: S2 1-837
2026-10-06 09:15:37,933 INFO o.a.j.t.JMeterThread: Stopping because end time detected by thread: S2 1-276
2026-10-06 09:15:37,933 INFO o.a.j.t.JMeterThread: Thread finished: S2 1-276
2026-10-06 09:15:37,934 INFO o.a.j.t.JMeterThread: Stopping because end time detected by thread: S2 1-759
2026-10-06 09:15:37,935 INFO o.a.j.t.JMeterThread: Thread finished: S2 1-759
2026-10-06 09:15:37,936 INFO o.a.j.t.JMeterThread: Stopping because end time detected by thread: S2 1-266
2026-10-06 09:15:37,936 INFO o.a.j.t.JMeterThread: Thread finished: S2 1-266
2026-10-06 09:15:37,937 INFO o.a.j.t.JMeterThread: Stopping because end time detected by thread: S2 1-18
2026-10-06 09:15:37,937 INFO o.a.j.t.JMeterThread: Thread finished: S2 1-18
2026-10-06 09:15:37,939 INFO o.a.j.t.JMeterThread: Stopping because end time detected by thread: S2 1-918
2026-10-06 09:15:37,939 INFO o.a.j.t.JMeterThread: Thread finished: S2 1-918
2026-10-06 09:15:37,939 INFO o.a.j.t.JMeterThread: Stopping because end time detected by thread: S2 1-278
2026-10-06 09:15:37,939 INFO o.a.j.t.JMeterThread: Stopping because end time detected by thread: S2 1-847
2026-10-06 09:15:37,939 INFO o.a.j.t.JMeterThread: Thread finished: S2 1-278
2026-10-06 09:15:37,939 INFO o.a.j.t.JMeterThread: Thread finished: S2 1-847
2026-10-06 09:15:37,941 INFO o.a.j.t.JMeterThread: Stopping because end time detected by thread: S2 1-146
2026-10-06 09:15:37,941 INFO o.a.j.t.JMeterThread: Thread finished: S2 1-146
2026-10-06 09:15:37,943 INFO o.a.j.t.JMeterThread: Stopping because end time detected by thread: S2 1-786
2026-10-06 09:15:37,943 INFO o.a.j.t.JMeterThread: Thread finished: S2 1-786
2026-10-06 09:15:37,944 INFO o.a.j.t.JMeterThread: Stopping because end time detected by thread: S2 1-936
2026-10-06 09:15:37,944 INFO o.a.j.t.JMeterThread: Stopping because end time detected by thread: S2 1-361
2026-10-06 09:15:37,944 INFO o.a.j.t.JMeterThread: Thread finished: S2 1-936
2026-10-06 09:15:37,944 INFO o.a.j.t.JMeterThread: Thread finished: S2 1-361
2026-10-06 09:15:37,946 INFO o.a.j.t.JMeterThread: Stopping because end time detected by thread: S2 1-768
2026-10-06 09:15:37,946 INFO o.a.j.t.JMeterThread: Thread finished: S2 1-768
2026-10-06 09:15:37,947 INFO o.a.j.t.JMeterThread: Stopping because end time detected by thread: S2 1-52
2026-10-06 09:15:37,947 INFO o.a.j.t.JMeterThread: Thread finished: S2 1-52
2026-10-06 09:15:37,948 INFO o.a.j.t.JMeterThread: Stopping because end time detected by thread: S2 1-300
2026-10-06 09:15:37,948 INFO o.a.j.t.JMeterThread: Thread finished: S2 1-300
2026-10-06 09:15:37,950 INFO o.a.j.t.JMeterThread: Stopping because end time detected by thread: S2 1-572
2026-10-06 09:15:37,950 INFO o.a.j.t.JMeterThread: Thread finished: S2 1-572
2026-10-06 09:15:37,951 INFO o.a.j.t.JMeterThread: Stopping because end time detected by thread: S2 1-94
2026-10-06 09:15:37,951 INFO o.a.j.t.JMeterThread: Stopping because end time detected by thread: S2 1-857
2026-10-06 09:15:37,951 INFO o.a.j.t.JMeterThread: Thread finished: S2 1-94
2026-10-06 09:15:37,951 INFO o.a.j.t.JMeterThread: Thread finished: S2 1-857
2026-10-06 09:15:37,952 INFO o.a.j.t.JMeterThread: Stopping because end time detected by thread: S2 1-807
2026-10-06 09:15:37,952 INFO o.a.j.t.JMeterThread: Thread finished: S2 1-807
2026-10-06 09:15:37,954 INFO o.a.j.t.JMeterThread: Stopping because end time detected by thread: S2 1-844
2026-10-06 09:15:37,954 INFO o.a.j.t.JMeterThread: Thread finished: S2 1-844
2026-10-06 09:15:37,955 INFO o.a.j.t.JMeterThread: Stopping because end time detected by thread: S2 1-39
2026-10-06 09:15:37,955 INFO o.a.j.t.JMeterThread: Thread finished: S2 1-39
2026-10-06 09:15:37,956 INFO o.a.j.t.JMeterThread: Stopping because end time detected by thread: S2 1-772
2026-10-06 09:15:37,956 INFO o.a.j.t.JMeterThread: Stopping because end time detected by thread: S2 1-443
2026-10-06 09:15:37,957 INFO o.a.j.t.JMeterThread: Thread finished: S2 1-772
2026-10-06 09:15:37,957 INFO o.a.j.t.JMeterThread: Thread finished: S2 1-443
2026-10-06 09:15:37,958 INFO o.a.j.t.JMeterThread: Stopping because end time detected by thread: S2 1-112
2026-10-06 09:15:37,958 INFO o.a.j.t.JMeterThread: Thread finished: S2 1-112
2026-10-06 09:15:37,960 INFO o.a.j.t.JMeterThread: Stopping because end time detected by thread: S2 1-135
2026-10-06 09:15:37,960 INFO o.a.j.t.JMeterThread: Thread finished: S2 1-135
2026-10-06 09:15:37,961 INFO o.a.j.t.JMeterThread: Stopping because end time detected by thread: S2 1-570
2026-10-06 09:15:37,961 INFO o.a.j.t.JMeterThread: Stopping because end time detected by thread: S2 1-468
2026-10-06 09:15:37,961 INFO o.a.j.t.JMeterThread: Thread finished: S2 1-570
2026-10-06 09:15:37,961 INFO o.a.j.t.JMeterThread: Thread finished: S2 1-468
2026-10-06 09:15:37,962 INFO o.a.j.t.JMeterThread: Stopping because end time detected by thread: S2 1-760
2026-10-06 09:15:37,962 INFO o.a.j.t.JMeterThread: Thread finished: S2 1-760
2026-10-06 09:15:37,964 INFO o.a.j.t.JMeterThread: Stopping because end time detected by thread: S2 1-175
2026-10-06 09:15:37,964 INFO o.a.j.t.JMeterThread: Thread finished: S2 1-175
2026-10-06 09:15:37,966 INFO o.a.j.t.JMeterThread: Stopping because end time detected by thread: S2 1-930
2026-10-06 09:15:37,966 INFO o.a.j.t.JMeterThread: Stopping because end time detected by thread: S2 1-684
2026-10-06 09:15:37,966 INFO o.a.j.t.JMeterThread: Thread finished: S2 1-930
2026-10-06 09:15:37,966 INFO o.a.j.t.JMeterThread: Thread finished: S2 1-684
2026-10-06 09:15:37,967 INFO o.a.j.t.JMeterThread: Stopping because end time detected by thread: S2 1-2
2026-10-06 09:15:37,967 INFO o.a.j.t.JMeterThread: Thread finished: S2 1-2
2026-10-06 09:15:37,969 INFO o.a.j.t.JMeterThread: Stopping because end time detected by thread: S2 1-821
2026-10-06 09:15:37,969 INFO o.a.j.t.JMeterThread: Thread finished: S2 1-821
2026-10-06 09:15:37,970 INFO o.a.j.t.JMeterThread: Stopping because end time detected by thread: S2 1-296
2026-10-06 09:15:37,970 INFO o.a.j.t.JMeterThread: Thread finished: S2 1-296
2026-10-06 09:15:37,971 INFO o.a.j.t.JMeterThread: Stopping because end time detected by thread: S2 1-587
2026-10-06 09:15:37,971 INFO o.a.j.t.JMeterThread: Thread finished: S2 1-587
2026-10-06 09:15:37,972 INFO o.a.j.t.JMeterThread: Stopping because end time detected by thread: S2 1-38
2026-10-06 09:15:37,972 INFO o.a.j.t.JMeterThread: Thread finished: S2 1-38
2026-10-06 09:15:37,974 INFO o.a.j.t.JMeterThread: Stopping because end time detected by thread: S2 1-660
2026-10-06 09:15:37,974 INFO o.a.j.t.JMeterThread: Thread finished: S2 1-660
2026-10-06 09:15:37,976 INFO o.a.j.t.JMeterThread: Stopping because end time detected by thread: S2 1-285
2026-10-06 09:15:37,976 INFO o.a.j.t.JMeterThread: Thread finished: S2 1-285
2026-10-06 09:15:37,977 INFO o.a.j.t.JMeterThread: Stopping because end time detected by thread: S2 1-914
2026-10-06 09:15:37,977 INFO o.a.j.t.JMeterThread: Thread finished: S2 1-914
2026-10-06 09:15:37,977 INFO o.a.j.t.JMeterThread: Stopping because end time detected by thread: S2 1-79
2026-10-06 09:15:37,977 INFO o.a.j.t.JMeterThread: Thread finished: S2 1-79
2026-10-06 09:15:37,979 INFO o.a.j.t.JMeterThread: Stopping because end time detected by thread: S2 1-472
2026-10-06 09:15:37,979 INFO o.a.j.t.JMeterThread: Thread finished: S2 1-472
2026-10-06 09:15:37,980 INFO o.a.j.t.JMeterThread: Stopping because end time detected by thread: S2 1-920
2026-10-06 09:15:37,980 INFO o.a.j.t.JMeterThread: Thread finished: S2 1-920
2026-10-06 09:15:37,981 INFO o.a.j.t.JMeterThread: Stopping because end time detected by thread: S2 1-178
2026-10-06 09:15:37,982 INFO o.a.j.t.JMeterThread: Thread finished: S2 1-178
2026-10-06 09:15:37,982 INFO o.a.j.t.JMeterThread: Stopping because end time detected by thread: S2 1-204
2026-10-06 09:15:37,982 INFO o.a.j.t.JMeterThread: Thread finished: S2 1-204
2026-10-06 09:15:37,985 INFO o.a.j.t.JMeterThread: Stopping because end time detected by thread: S2 1-598
2026-10-06 09:15:37,985 INFO o.a.j.t.JMeterThread: Thread finished: S2 1-598
2026-10-06 09:15:37,986 INFO o.a.j.t.JMeterThread: Stopping because end time detected by thread: S2 1-817
2026-10-06 09:15:37,986 INFO o.a.j.t.JMeterThread: Thread finished: S2 1-817
2026-10-06 09:15:37,986 INFO o.a.j.t.JMeterThread: Stopping because end time detected by thread: S2 1-500
2026-10-06 09:15:37,986 INFO o.a.j.t.JMeterThread: Thread finished: S2 1-500
2026-10-06 09:15:37,986 INFO o.a.j.t.JMeterThread: Stopping because end time detected by thread: S2 1-302
2026-10-06 09:15:37,986 INFO o.a.j.t.JMeterThread: Thread finished: S2 1-302
2026-10-06 09:15:37,989 INFO o.a.j.t.JMeterThread: Stopping because end time detected by thread: S2 1-514
2026-10-06 09:15:37,989 INFO o.a.j.t.JMeterThread: Thread finished: S2 1-514
2026-10-06 09:15:37,990 INFO o.a.j.t.JMeterThread: Stopping because end time detected by thread: S2 1-391
2026-10-06 09:15:37,990 INFO o.a.j.t.JMeterThread: Stopping because end time detected by thread: S2 1-316
2026-10-06 09:15:37,991 INFO o.a.j.t.JMeterThread: Thread finished: S2 1-391
2026-10-06 09:15:37,991 INFO o.a.j.t.JMeterThread: Thread finished: S2 1-316
2026-10-06 09:15:37,992 INFO o.a.j.t.JMeterThread: Stopping because end time detected by thread: S2 1-123
2026-10-06 09:15:37,992 INFO o.a.j.t.JMeterThread: Thread finished: S2 1-123
2026-10-06 09:15:37,993 INFO o.a.j.t.JMeterThread: Stopping because end time detected by thread: S2 1-66
2026-10-06 09:15:37,993 INFO o.a.j.t.JMeterThread: Thread finished: S2 1-66
2026-10-06 09:15:37,995 INFO o.a.j.t.JMeterThread: Stopping because end time detected by thread: S2 1-549
2026-10-06 09:15:37,995 INFO o.a.j.t.JMeterThread: Thread finished: S2 1-549
2026-10-06 09:15:37,996 INFO o.a.j.t.JMeterThread: Stopping because end time detected by thread: S2 1-167
2026-10-06 09:15:37,996 INFO o.a.j.t.JMeterThread: Stopping because end time detected by thread: S2 1-233
2026-10-06 09:15:37,996 INFO o.a.j.t.JMeterThread: Thread finished: S2 1-167
2026-10-06 09:15:37,997 INFO o.a.j.t.JMeterThread: Thread finished: S2 1-233
2026-10-06 09:15:37,998 INFO o.a.j.t.JMeterThread: Stopping because end time detected by thread: S2 1-246
2026-10-06 09:15:37,998 INFO o.a.j.t.JMeterThread: Thread finished: S2 1-246
2026-10-06 09:15:37,999 INFO o.a.j.t.JMeterThread: Stopping because end time detected by thread: S2 1-96
2026-10-06 09:15:37,999 INFO o.a.j.t.JMeterThread: Thread finished: S2 1-96
2026-10-06 09:15:38,000 INFO o.a.j.t.JMeterThread: Stopping because end time detected by thread: S2 1-774
2026-10-06 09:15:38,001 INFO o.a.j.t.JMeterThread: Thread finished: S2 1-774
2026-10-06 09:15:38,002 INFO o.a.j.t.JMeterThread: Stopping because end time detected by thread: S2 1-227
2026-10-06 09:15:38,002 INFO o.a.j.t.JMeterThread: Thread finished: S2 1-227
2026-10-06 09:15:38,003 INFO o.a.j.t.JMeterThread: Stopping because end time detected by thread: S2 1-591
2026-10-06 09:15:38,003 INFO o.a.j.t.JMeterThread: Thread finished: S2 1-591
2026-10-06 09:15:38,004 INFO o.a.j.t.JMeterThread: Stopping because end time detected by thread: S2 1-340
2026-10-06 09:15:38,004 INFO o.a.j.t.JMeterThread: Stopping because end time detected by thread: S2 1-378
2026-10-06 09:15:38,004 INFO o.a.j.t.JMeterThread: Thread finished: S2 1-340
2026-10-06 09:15:38,005 INFO o.a.j.t.JMeterThread: Thread finished: S2 1-378
2026-10-06 09:15:38,006 INFO o.a.j.t.JMeterThread: Stopping because end time detected by thread: S2 1-512
2026-10-06 09:15:38,006 INFO o.a.j.t.JMeterThread: Thread finished: S2 1-512
2026-10-06 09:15:38,007 INFO o.a.j.t.JMeterThread: Stopping because end time detected by thread: S2 1-211
2026-10-06 09:15:38,008 INFO o.a.j.t.JMeterThread: Thread finished: S2 1-211
2026-10-06 09:15:38,009 INFO o.a.j.t.JMeterThread: Stopping because end time detected by thread: S2 1-476
2026-10-06 09:15:38,010 INFO o.a.j.t.JMeterThread: Stopping because end time detected by thread: S2 1-225
2026-10-06 09:15:38,010 INFO o.a.j.t.JMeterThread: Thread finished: S2 1-476
2026-10-06 09:15:38,010 INFO o.a.j.t.JMeterThread: Thread finished: S2 1-225
2026-10-06 09:15:38,011 INFO o.a.j.t.JMeterThread: Stopping because end time detected by thread: S2 1-840
2026-10-06 09:15:38,011 INFO o.a.j.t.JMeterThread: Thread finished: S2 1-840
2026-10-06 09:15:38,012 INFO o.a.j.t.JMeterThread: Stopping because end time detected by thread: S2 1-720
2026-10-06 09:15:38,012 INFO o.a.j.t.JMeterThread: Thread finished: S2 1-720
2026-10-06 09:15:38,014 INFO o.a.j.t.JMeterThread: Stopping because end time detected by thread: S2 1-736
2026-10-06 09:15:38,014 INFO o.a.j.t.JMeterThread: Thread finished: S2 1-736
2026-10-06 09:15:38,015 INFO o.a.j.t.JMeterThread: Stopping because end time detected by thread: S2 1-350
2026-10-06 09:15:38,015 INFO o.a.j.t.JMeterThread: Thread finished: S2 1-350
2026-10-06 09:15:38,015 INFO o.a.j.t.JMeterThread: Stopping because end time detected by thread: S2 1-68
2026-10-06 09:15:38,015 INFO o.a.j.t.JMeterThread: Thread finished: S2 1-68
2026-10-06 09:15:38,016 INFO o.a.j.t.JMeterThread: Stopping because end time detected by thread: S2 1-88
2026-10-06 09:15:38,017 INFO o.a.j.t.JMeterThread: Thread finished: S2 1-88
2026-10-06 09:15:38,017 INFO o.a.j.t.JMeterThread: Stopping because end time detected by thread: S2 1-368
2026-10-06 09:15:38,018 INFO o.a.j.t.JMeterThread: Thread finished: S2 1-368
2026-10-06 09:15:38,019 INFO o.a.j.t.JMeterThread: Stopping because end time detected by thread: S2 1-130
2026-10-06 09:15:38,019 INFO o.a.j.t.JMeterThread: Thread finished: S2 1-130
2026-10-06 09:15:38,020 INFO o.a.j.t.JMeterThread: Stopping because end time detected by thread: S2 1-63
2026-10-06 09:15:38,020 INFO o.a.j.t.JMeterThread: Thread finished: S2 1-63
2026-10-06 09:15:38,023 INFO o.a.j.t.JMeterThread: Stopping because end time detected by thread: S2 1-279
2026-10-06 09:15:38,023 INFO o.a.j.t.JMeterThread: Thread finished: S2 1-279
2026-10-06 09:15:38,024 INFO o.a.j.t.JMeterThread: Stopping because end time detected by thread: S2 1-382
2026-10-06 09:15:38,024 INFO o.a.j.t.JMeterThread: Thread finished: S2 1-382
2026-10-06 09:15:38,024 INFO o.a.j.t.JMeterThread: Stopping because end time detected by thread: S2 1-626
2026-10-06 09:15:38,024 INFO o.a.j.t.JMeterThread: Thread finished: S2 1-626
2026-10-06 09:15:38,025 INFO o.a.j.t.JMeterThread: Stopping because end time detected by thread: S2 1-519
2026-10-06 09:15:38,025 INFO o.a.j.t.JMeterThread: Thread finished: S2 1-519
2026-10-06 09:15:38,027 INFO o.a.j.t.JMeterThread: Stopping because end time detected by thread: S2 1-290
2026-10-06 09:15:38,027 INFO o.a.j.t.JMeterThread: Thread finished: S2 1-290
2026-10-06 09:15:38,029 INFO o.a.j.t.JMeterThread: Stopping because end time detected by thread: S2 1-597
2026-10-06 09:15:38,029 INFO o.a.j.t.JMeterThread: Stopping because end time detected by thread: S2 1-652
2026-10-06 09:15:38,030 INFO o.a.j.t.JMeterThread: Thread finished: S2 1-597
2026-10-06 09:15:38,030 INFO o.a.j.t.JMeterThread: Thread finished: S2 1-652
2026-10-06 09:15:38,032 INFO o.a.j.t.JMeterThread: Stopping because end time detected by thread: S2 1-295
2026-10-06 09:15:38,032 INFO o.a.j.t.JMeterThread: Thread finished: S2 1-295
2026-10-06 09:15:38,033 INFO o.a.j.t.JMeterThread: Stopping because end time detected by thread: S2 1-265
2026-10-06 09:15:38,033 INFO o.a.j.t.JMeterThread: Thread finished: S2 1-265
2026-10-06 09:15:38,034 INFO o.a.j.t.JMeterThread: Stopping because end time detected by thread: S2 1-924
2026-10-06 09:15:38,034 INFO o.a.j.t.JMeterThread: Stopping because end time detected by thread: S2 1-480
2026-10-06 09:15:38,034 INFO o.a.j.t.JMeterThread: Thread finished: S2 1-924
2026-10-06 09:15:38,034 INFO o.a.j.t.JMeterThread: Thread finished: S2 1-480
2026-10-06 09:15:38,037 INFO o.a.j.t.JMeterThread: Stopping because end time detected by thread: S2 1-433
2026-10-06 09:15:38,037 INFO o.a.j.t.JMeterThread: Thread finished: S2 1-433
2026-10-06 09:15:38,037 INFO o.a.j.t.JMeterThread: Stopping because end time detected by thread: S2 1-14
2026-10-06 09:15:38,037 INFO o.a.j.t.JMeterThread: Thread finished: S2 1-14
2026-10-06 09:15:38,039 INFO o.a.j.t.JMeterThread: Stopping because end time detected by thread: S2 1-54
2026-10-06 09:15:38,039 INFO o.a.j.t.JMeterThread: Stopping because end time detected by thread: S2 1-184
2026-10-06 09:15:38,039 INFO o.a.j.t.JMeterThread: Thread finished: S2 1-184
2026-10-06 09:15:38,039 INFO o.a.j.t.JMeterThread: Thread finished: S2 1-54
2026-10-06 09:15:38,041 INFO o.a.j.t.JMeterThread: Stopping because end time detected by thread: S2 1-959
2026-10-06 09:15:38,042 INFO o.a.j.t.JMeterThread: Thread finished: S2 1-959
2026-10-06 09:15:38,043 INFO o.a.j.t.JMeterThread: Stopping because end time detected by thread: S2 1-241
2026-10-06 09:15:38,043 INFO o.a.j.t.JMeterThread: Stopping because end time detected by thread: S2 1-623
2026-10-06 09:15:38,043 INFO o.a.j.t.JMeterThread: Thread finished: S2 1-241
2026-10-06 09:15:38,043 INFO o.a.j.t.JMeterThread: Stopping because end time detected by thread: S2 1-834
2026-10-06 09:15:38,043 INFO o.a.j.t.JMeterThread: Thread finished: S2 1-623
2026-10-06 09:15:38,043 INFO o.a.j.t.JMeterThread: Thread finished: S2 1-834
2026-10-06 09:15:38,046 INFO o.a.j.t.JMeterThread: Stopping because end time detected by thread: S2 1-972
2026-10-06 09:15:38,046 INFO o.a.j.t.JMeterThread: Thread finished: S2 1-972
2026-10-06 09:15:38,047 INFO o.a.j.t.JMeterThread: Stopping because end time detected by thread: S2 1-84
2026-10-06 09:15:38,047 INFO o.a.j.t.JMeterThread: Stopping because end time detected by thread: S2 1-289
2026-10-06 09:15:38,047 INFO o.a.j.t.JMeterThread: Stopping because end time detected by thread: S2 1-397
2026-10-06 09:15:38,047 INFO o.a.j.t.JMeterThread: Thread finished: S2 1-289
2026-10-06 09:15:38,047 INFO o.a.j.t.JMeterThread: Thread finished: S2 1-397
2026-10-06 09:15:38,047 INFO o.a.j.t.JMeterThread: Thread finished: S2 1-84
2026-10-06 09:15:38,050 INFO o.a.j.t.JMeterThread: Stopping because end time detected by thread: S2 1-781
2026-10-06 09:15:38,051 INFO o.a.j.t.JMeterThread: Thread finished: S2 1-781
2026-10-06 09:15:38,052 INFO o.a.j.t.JMeterThread: Stopping because end time detected by thread: S2 1-363
2026-10-06 09:15:38,052 INFO o.a.j.t.JMeterThread: Thread finished: S2 1-363
2026-10-06 09:15:38,052 INFO o.a.j.t.JMeterThread: Stopping because end time detected by thread: S2 1-560
2026-10-06 09:15:38,052 INFO o.a.j.t.JMeterThread: Thread finished: S2 1-560
2026-10-06 09:15:38,053 INFO o.a.j.t.JMeterThread: Stopping because end time detected by thread: S2 1-538
2026-10-06 09:15:38,054 INFO o.a.j.t.JMeterThread: Thread finished: S2 1-538
2026-10-06 09:15:38,055 INFO o.a.j.t.JMeterThread: Stopping because end time detected by thread: S2 1-212
2026-10-06 09:15:38,055 INFO o.a.j.t.JMeterThread: Thread finished: S2 1-212
2026-10-06 09:15:38,057 INFO o.a.j.t.JMeterThread: Stopping because end time detected by thread: S2 1-631
2026-10-06 09:15:38,057 INFO o.a.j.t.JMeterThread: Thread finished: S2 1-631
2026-10-06 09:15:38,057 INFO o.a.j.t.JMeterThread: Stopping because end time detected by thread: S2 1-55
2026-10-06 09:15:38,057 INFO o.a.j.t.JMeterThread: Thread finished: S2 1-55
2026-10-06 09:15:38,059 INFO o.a.j.t.JMeterThread: Stopping because end time detected by thread: S2 1-414
2026-10-06 09:15:38,059 INFO o.a.j.t.JMeterThread: Thread finished: S2 1-414
2026-10-06 09:15:38,060 INFO o.a.j.t.JMeterThread: Stopping because end time detected by thread: S2 1-714
2026-10-06 09:15:38,060 INFO o.a.j.t.JMeterThread: Thread finished: S2 1-714
2026-10-06 09:15:38,062 INFO o.a.j.t.JMeterThread: Stopping because end time detected by thread: S2 1-715
2026-10-06 09:15:38,062 INFO o.a.j.t.JMeterThread: Stopping because end time detected by thread: S2 1-530
2026-10-06 09:15:38,062 INFO o.a.j.t.JMeterThread: Thread finished: S2 1-715
2026-10-06 09:15:38,062 INFO o.a.j.t.JMeterThread: Thread finished: S2 1-530
2026-10-06 09:15:38,064 INFO o.a.j.t.JMeterThread: Stopping because end time detected by thread: S2 1-865
2026-10-06 09:15:38,064 INFO o.a.j.t.JMeterThread: Thread finished: S2 1-865
2026-10-06 09:15:38,065 INFO o.a.j.t.JMeterThread: Stopping because end time detected by thread: S2 1-787
2026-10-06 09:15:38,065 INFO o.a.j.t.JMeterThread: Thread finished: S2 1-787
2026-10-06 09:15:38,066 INFO o.a.j.t.JMeterThread: Stopping because end time detected by thread: S2 1-695
2026-10-06 09:15:38,066 INFO o.a.j.t.JMeterThread: Stopping because end time detected by thread: S2 1-321
2026-10-06 09:15:38,066 INFO o.a.j.t.JMeterThread: Thread finished: S2 1-695
2026-10-06 09:15:38,066 INFO o.a.j.t.JMeterThread: Thread finished: S2 1-321
2026-10-06 09:15:38,069 INFO o.a.j.t.JMeterThread: Stopping because end time detected by thread: S2 1-961
2026-10-06 09:15:38,069 INFO o.a.j.t.JMeterThread: Thread finished: S2 1-961
2026-10-06 09:15:38,070 INFO o.a.j.t.JMeterThread: Stopping because end time detected by thread: S2 1-763
2026-10-06 09:15:38,070 INFO o.a.j.t.JMeterThread: Thread finished: S2 1-763
2026-10-06 09:15:38,071 INFO o.a.j.t.JMeterThread: Stopping because end time detected by thread: S2 1-475
2026-10-06 09:15:38,071 INFO o.a.j.t.JMeterThread: Stopping because end time detected by thread: S2 1-618
2026-10-06 09:15:38,071 INFO o.a.j.t.JMeterThread: Thread finished: S2 1-475
2026-10-06 09:15:38,071 INFO o.a.j.t.JMeterThread: Thread finished: S2 1-618
2026-10-06 09:15:38,073 INFO o.a.j.t.JMeterThread: Stopping because end time detected by thread: S2 1-843
2026-10-06 09:15:38,073 INFO o.a.j.t.JMeterThread: Thread finished: S2 1-843
2026-10-06 09:15:38,074 INFO o.a.j.t.JMeterThread: Stopping because end time detected by thread: S2 1-878
2026-10-06 09:15:38,074 INFO o.a.j.t.JMeterThread: Thread finished: S2 1-878
2026-10-06 09:15:38,076 INFO o.a.j.t.JMeterThread: Stopping because end time detected by thread: S2 1-366
2026-10-06 09:15:38,076 INFO o.a.j.t.JMeterThread: Thread finished: S2 1-366
2026-10-06 09:15:38,077 INFO o.a.j.t.JMeterThread: Stopping because end time detected by thread: S2 1-202
2026-10-06 09:15:38,077 INFO o.a.j.t.JMeterThread: Stopping because end time detected by thread: S2 1-81
2026-10-06 09:15:38,077 INFO o.a.j.t.JMeterThread: Thread finished: S2 1-202
2026-10-06 09:15:38,077 INFO o.a.j.t.JMeterThread: Thread finished: S2 1-81
2026-10-06 09:15:38,079 INFO o.a.j.t.JMeterThread: Stopping because end time detected by thread: S2 1-828
2026-10-06 09:15:38,079 INFO o.a.j.t.JMeterThread: Thread finished: S2 1-828
2026-10-06 09:15:38,080 INFO o.a.j.t.JMeterThread: Stopping because end time detected by thread: S2 1-9
2026-10-06 09:15:38,080 INFO o.a.j.t.JMeterThread: Thread finished: S2 1-9
2026-10-06 09:15:38,082 INFO o.a.j.t.JMeterThread: Stopping because end time detected by thread: S2 1-895
2026-10-06 09:15:38,082 INFO o.a.j.t.JMeterThread: Thread finished: S2 1-895
2026-10-06 09:15:38,083 INFO o.a.j.t.JMeterThread: Stopping because end time detected by thread: S2 1-46
2026-10-06 09:15:38,083 INFO o.a.j.t.JMeterThread: Thread finished: S2 1-46
2026-10-06 09:15:38,084 INFO o.a.j.t.JMeterThread: Stopping because end time detected by thread: S2 1-106
2026-10-06 09:15:38,084 INFO o.a.j.t.JMeterThread: Thread finished: S2 1-106
2026-10-06 09:15:38,085 INFO o.a.j.t.JMeterThread: Stopping because end time detected by thread: S2 1-765
2026-10-06 09:15:38,085 INFO o.a.j.t.JMeterThread: Thread finished: S2 1-765
2026-10-06 09:15:38,087 INFO o.a.j.t.JMeterThread: Stopping because end time detected by thread: S2 1-752
2026-10-06 09:15:38,087 INFO o.a.j.t.JMeterThread: Thread finished: S2 1-752
2026-10-06 09:15:38,088 INFO o.a.j.t.JMeterThread: Stopping because end time detected by thread: S2 1-105
2026-10-06 09:15:38,088 INFO o.a.j.t.JMeterThread: Thread finished: S2 1-105
2026-10-06 09:15:38,089 INFO o.a.j.t.JMeterThread: Stopping because end time detected by thread: S2 1-431
2026-10-06 09:15:38,090 INFO o.a.j.t.JMeterThread: Thread finished: S2 1-431
2026-10-06 09:15:38,090 INFO o.a.j.t.JMeterThread: Stopping because end time detected by thread: S2 1-713
2026-10-06 09:15:38,090 INFO o.a.j.t.JMeterThread: Thread finished: S2 1-713
2026-10-06 09:15:38,091 INFO o.a.j.t.JMeterThread: Stopping because end time detected by thread: S2 1-383
2026-10-06 09:15:38,091 INFO o.a.j.t.JMeterThread: Thread finished: S2 1-383
2026-10-06 09:15:38,092 INFO o.a.j.t.JMeterThread: Stopping because end time detected by thread: S2 1-672
2026-10-06 09:15:38,092 INFO o.a.j.t.JMeterThread: Thread finished: S2 1-672
2026-10-06 09:15:38,094 INFO o.a.j.t.JMeterThread: Stopping because end time detected by thread: S2 1-829
2026-10-06 09:15:38,094 INFO o.a.j.t.JMeterThread: Thread finished: S2 1-829
2026-10-06 09:15:38,095 INFO o.a.j.t.JMeterThread: Stopping because end time detected by thread: S2 1-773
2026-10-06 09:15:38,095 INFO o.a.j.t.JMeterThread: Stopping because end time detected by thread: S2 1-128
2026-10-06 09:15:38,095 INFO o.a.j.t.JMeterThread: Thread finished: S2 1-773
2026-10-06 09:15:38,095 INFO o.a.j.t.JMeterThread: Thread finished: S2 1-128
2026-10-06 09:15:38,097 INFO o.a.j.t.JMeterThread: Stopping because end time detected by thread: S2 1-793
2026-10-06 09:15:38,097 INFO o.a.j.t.JMeterThread: Thread finished: S2 1-793
2026-10-06 09:15:38,098 INFO o.a.j.t.JMeterThread: Stopping because end time detected by thread: S2 1-864
2026-10-06 09:15:38,098 INFO o.a.j.t.JMeterThread: Thread finished: S2 1-864
2026-10-06 09:15:38,099 INFO o.a.j.t.JMeterThread: Stopping because end time detected by thread: S2 1-324
2026-10-06 09:15:38,099 INFO o.a.j.t.JMeterThread: Thread finished: S2 1-324
2026-10-06 09:15:38,101 INFO o.a.j.t.JMeterThread: Stopping because end time detected by thread: S2 1-158
2026-10-06 09:15:38,101 INFO o.a.j.t.JMeterThread: Thread finished: S2 1-158
2026-10-06 09:15:38,102 INFO o.a.j.t.JMeterThread: Stopping because end time detected by thread: S2 1-537
2026-10-06 09:15:38,102 INFO o.a.j.t.JMeterThread: Thread finished: S2 1-537
2026-10-06 09:15:38,103 INFO o.a.j.t.JMeterThread: Stopping because end time detected by thread: S2 1-379
2026-10-06 09:15:38,103 INFO o.a.j.t.JMeterThread: Thread finished: S2 1-379
2026-10-06 09:15:38,105 INFO o.a.j.t.JMeterThread: Stopping because end time detected by thread: S2 1-569
2026-10-06 09:15:38,105 INFO o.a.j.t.JMeterThread: Thread finished: S2 1-569
2026-10-06 09:15:38,106 INFO o.a.j.t.JMeterThread: Stopping because end time detected by thread: S2 1-974
2026-10-06 09:15:38,106 INFO o.a.j.t.JMeterThread: Thread finished: S2 1-974
2026-10-06 09:15:38,107 INFO o.a.j.t.JMeterThread: Stopping because end time detected by thread: S2 1-921
2026-10-06 09:15:38,107 INFO o.a.j.t.JMeterThread: Thread finished: S2 1-921
2026-10-06 09:15:38,109 INFO o.a.j.t.JMeterThread: Stopping because end time detected by thread: S2 1-779
2026-10-06 09:15:38,109 INFO o.a.j.t.JMeterThread: Thread finished: S2 1-779
2026-10-06 09:15:38,110 INFO o.a.j.t.JMeterThread: Stopping because end time detected by thread: S2 1-117
2026-10-06 09:15:38,110 INFO o.a.j.t.JMeterThread: Thread finished: S2 1-117
2026-10-06 09:15:38,111 INFO o.a.j.t.JMeterThread: Stopping because end time detected by thread: S2 1-520
2026-10-06 09:15:38,111 INFO o.a.j.t.JMeterThread: Thread finished: S2 1-520
2026-10-06 09:15:38,111 INFO o.a.j.t.JMeterThread: Stopping because end time detected by thread: S2 1-874
2026-10-06 09:15:38,111 INFO o.a.j.t.JMeterThread: Thread finished: S2 1-874
2026-10-06 09:15:38,113 INFO o.a.j.t.JMeterThread: Stopping because end time detected by thread: S2 1-811
2026-10-06 09:15:38,113 INFO o.a.j.t.JMeterThread: Thread finished: S2 1-811
2026-10-06 09:15:38,114 INFO o.a.j.t.JMeterThread: Stopping because end time detected by thread: S2 1-625
2026-10-06 09:15:38,114 INFO o.a.j.t.JMeterThread: Stopping because end time detected by thread: S2 1-908
2026-10-06 09:15:38,114 INFO o.a.j.t.JMeterThread: Thread finished: S2 1-625
2026-10-06 09:15:38,114 INFO o.a.j.t.JMeterThread: Thread finished: S2 1-908
2026-10-06 09:15:38,115 INFO o.a.j.t.JMeterThread: Stopping because end time detected by thread: S2 1-947
2026-10-06 09:15:38,116 INFO o.a.j.t.JMeterThread: Thread finished: S2 1-947
2026-10-06 09:15:38,117 INFO o.a.j.t.JMeterThread: Stopping because end time detected by thread: S2 1-134
2026-10-06 09:15:38,117 INFO o.a.j.t.JMeterThread: Thread finished: S2 1-134
2026-10-06 09:15:38,118 INFO o.a.j.t.JMeterThread: Stopping because end time detected by thread: S2 1-848
2026-10-06 09:15:38,118 INFO o.a.j.t.JMeterThread: Stopping because end time detected by thread: S2 1-342
2026-10-06 09:15:38,118 INFO o.a.j.t.JMeterThread: Thread finished: S2 1-848
2026-10-06 09:15:38,119 INFO o.a.j.t.JMeterThread: Thread finished: S2 1-342
2026-10-06 09:15:38,121 INFO o.a.j.t.JMeterThread: Stopping because end time detected by thread: S2 1-362
2026-10-06 09:15:38,121 INFO o.a.j.t.JMeterThread: Thread finished: S2 1-362
2026-10-06 09:15:38,122 INFO o.a.j.t.JMeterThread: Stopping because end time detected by thread: S2 1-386
2026-10-06 09:15:38,122 INFO o.a.j.t.JMeterThread: Thread finished: S2 1-386
2026-10-06 09:15:38,124 INFO o.a.j.t.JMeterThread: Stopping because end time detected by thread: S2 1-970
2026-10-06 09:15:38,124 INFO o.a.j.t.JMeterThread: Thread finished: S2 1-970
2026-10-06 09:15:38,124 INFO o.a.j.t.JMeterThread: Stopping because end time detected by thread: S2 1-291
2026-10-06 09:15:38,124 INFO o.a.j.t.JMeterThread: Thread finished: S2 1-291
2026-10-06 09:15:38,126 INFO o.a.j.t.JMeterThread: Stopping because end time detected by thread: S2 1-922
2026-10-06 09:15:38,126 INFO o.a.j.t.JMeterThread: Thread finished: S2 1-922
2026-10-06 09:15:38,127 INFO o.a.j.t.JMeterThread: Stopping because end time detected by thread: S2 1-491
2026-10-06 09:15:38,127 INFO o.a.j.t.JMeterThread: Thread finished: S2 1-491
2026-10-06 09:15:38,129 INFO o.a.j.t.JMeterThread: Stopping because end time detected by thread: S2 1-437
2026-10-06 09:15:38,129 INFO o.a.j.t.JMeterThread: Thread finished: S2 1-437
2026-10-06 09:15:38,130 INFO o.a.j.t.JMeterThread: Stopping because end time detected by thread: S2 1-505
2026-10-06 09:15:38,130 INFO o.a.j.t.JMeterThread: Thread finished: S2 1-505
2026-10-06 09:15:38,131 INFO o.a.j.t.JMeterThread: Stopping because end time detected by thread: S2 1-707
2026-10-06 09:15:38,131 INFO o.a.j.t.JMeterThread: Thread finished: S2 1-707
2026-10-06 09:15:38,131 INFO o.a.j.t.JMeterThread: Stopping because end time detected by thread: S2 1-912
2026-10-06 09:15:38,131 INFO o.a.j.t.JMeterThread: Thread finished: S2 1-912
2026-10-06 09:15:38,134 INFO o.a.j.t.JMeterThread: Stopping because end time detected by thread: S2 1-852
2026-10-06 09:15:38,134 INFO o.a.j.t.JMeterThread: Thread finished: S2 1-852
2026-10-06 09:15:38,135 INFO o.a.j.t.JMeterThread: Stopping because end time detected by thread: S2 1-601
2026-10-06 09:15:38,135 INFO o.a.j.t.JMeterThread: Thread finished: S2 1-601
2026-10-06 09:15:38,137 INFO o.a.j.t.JMeterThread: Stopping because end time detected by thread: S2 1-32
2026-10-06 09:15:38,137 INFO o.a.j.t.JMeterThread: Stopping because end time detected by thread: S2 1-904
2026-10-06 09:15:38,137 INFO o.a.j.t.JMeterThread: Thread finished: S2 1-32
2026-10-06 09:15:38,137 INFO o.a.j.t.JMeterThread: Thread finished: S2 1-904
2026-10-06 09:15:38,138 INFO o.a.j.t.JMeterThread: Stopping because end time detected by thread: S2 1-929
2026-10-06 09:15:38,138 INFO o.a.j.t.JMeterThread: Thread finished: S2 1-929
2026-10-06 09:15:38,140 INFO o.a.j.t.JMeterThread: Stopping because end time detected by thread: S2 1-145
2026-10-06 09:15:38,140 INFO o.a.j.t.JMeterThread: Thread finished: S2 1-145
2026-10-06 09:15:38,142 INFO o.a.j.t.JMeterThread: Stopping because end time detected by thread: S2 1-441
2026-10-06 09:15:38,142 INFO o.a.j.t.JMeterThread: Thread finished: S2 1-441
2026-10-06 09:15:38,143 INFO o.a.j.t.JMeterThread: Stopping because end time detected by thread: S2 1-64
2026-10-06 09:15:38,143 INFO o.a.j.t.JMeterThread: Stopping because end time detected by thread: S2 1-556
2026-10-06 09:15:38,143 INFO o.a.j.t.JMeterThread: Thread finished: S2 1-64
2026-10-06 09:15:38,143 INFO o.a.j.t.JMeterThread: Thread finished: S2 1-556
2026-10-06 09:15:38,145 INFO o.a.j.t.JMeterThread: Stopping because end time detected by thread: S2 1-85
2026-10-06 09:15:38,145 INFO o.a.j.t.JMeterThread: Thread finished: S2 1-85
2026-10-06 09:15:38,146 INFO o.a.j.t.JMeterThread: Stopping because end time detected by thread: S2 1-504
2026-10-06 09:15:38,146 INFO o.a.j.t.JMeterThread: Thread finished: S2 1-504
2026-10-06 09:15:38,148 INFO o.a.j.t.JMeterThread: Stopping because end time detected by thread: S2 1-689
2026-10-06 09:15:38,148 INFO o.a.j.t.JMeterThread: Stopping because end time detected by thread: S2 1-833
2026-10-06 09:15:38,148 INFO o.a.j.t.JMeterThread: Thread finished: S2 1-689
2026-10-06 09:15:38,148 INFO o.a.j.t.JMeterThread: Thread finished: S2 1-833
2026-10-06 09:15:38,149 INFO o.a.j.t.JMeterThread: Stopping because end time detected by thread: S2 1-979
2026-10-06 09:15:38,149 INFO o.a.j.t.JMeterThread: Thread finished: S2 1-979
2026-10-06 09:15:38,151 INFO o.a.j.t.JMeterThread: Stopping because end time detected by thread: S2 1-473
2026-10-06 09:15:38,151 INFO o.a.j.t.JMeterThread: Thread finished: S2 1-473
2026-10-06 09:15:38,152 INFO o.a.j.t.JMeterThread: Stopping because end time detected by thread: S2 1-590
2026-10-06 09:15:38,152 INFO o.a.j.t.JMeterThread: Stopping because end time detected by thread: S2 1-292
2026-10-06 09:15:38,152 INFO o.a.j.t.JMeterThread: Thread finished: S2 1-590
2026-10-06 09:15:38,152 INFO o.a.j.t.JMeterThread: Thread finished: S2 1-292
2026-10-06 09:15:38,153 INFO o.a.j.t.JMeterThread: Stopping because end time detected by thread: S2 1-643
2026-10-06 09:15:38,153 INFO o.a.j.t.JMeterThread: Thread finished: S2 1-643
2026-10-06 09:15:38,155 INFO o.a.j.t.JMeterThread: Stopping because end time detected by thread: S2 1-575
2026-10-06 09:15:38,155 INFO o.a.j.t.JMeterThread: Thread finished: S2 1-575
2026-10-06 09:15:38,156 INFO o.a.j.t.JMeterThread: Stopping because end time detected by thread: S2 1-681
2026-10-06 09:15:38,156 INFO o.a.j.t.JMeterThread: Thread finished: S2 1-681
2026-10-06 09:15:38,158 INFO o.a.j.t.JMeterThread: Stopping because end time detected by thread: S2 1-229
2026-10-06 09:15:38,158 INFO o.a.j.t.JMeterThread: Stopping because end time detected by thread: S2 1-795
2026-10-06 09:15:38,158 INFO o.a.j.t.JMeterThread: Thread finished: S2 1-229
2026-10-06 09:15:38,158 INFO o.a.j.t.JMeterThread: Thread finished: S2 1-795
2026-10-06 09:15:38,159 INFO o.a.j.t.JMeterThread: Stopping because end time detected by thread: S2 1-254
2026-10-06 09:15:38,159 INFO o.a.j.t.JMeterThread: Thread finished: S2 1-254
2026-10-06 09:15:38,161 INFO o.a.j.t.JMeterThread: Stopping because end time detected by thread: S2 1-612
2026-10-06 09:15:38,161 INFO o.a.j.t.JMeterThread: Thread finished: S2 1-612
2026-10-06 09:15:38,163 INFO o.a.j.t.JMeterThread: Stopping because end time detected by thread: S2 1-3
2026-10-06 09:15:38,163 INFO o.a.j.t.JMeterThread: Stopping because end time detected by thread: S2 1-317
2026-10-06 09:15:38,163 INFO o.a.j.t.JMeterThread: Thread finished: S2 1-317
2026-10-06 09:15:38,163 INFO o.a.j.t.JMeterThread: Thread finished: S2 1-3
2026-10-06 09:15:38,165 INFO o.a.j.t.JMeterThread: Stopping because end time detected by thread: S2 1-467
2026-10-06 09:15:38,165 INFO o.a.j.t.JMeterThread: Thread finished: S2 1-467
2026-10-06 09:15:38,167 INFO o.a.j.t.JMeterThread: Stopping because end time detected by thread: S2 1-607
2026-10-06 09:15:38,167 INFO o.a.j.t.JMeterThread: Thread finished: S2 1-607
2026-10-06 09:15:38,167 INFO o.a.j.t.JMeterThread: Stopping because end time detected by thread: S2 1-742
2026-10-06 09:15:38,167 INFO o.a.j.t.JMeterThread: Stopping because end time detected by thread: S2 1-637
2026-10-06 09:15:38,168 INFO o.a.j.t.JMeterThread: Thread finished: S2 1-742
2026-10-06 09:15:38,168 INFO o.a.j.t.JMeterThread: Thread finished: S2 1-637
2026-10-06 09:15:38,169 INFO o.a.j.t.JMeterThread: Stopping because end time detected by thread: S2 1-594
2026-10-06 09:15:38,169 INFO o.a.j.t.JMeterThread: Thread finished: S2 1-594
2026-10-06 09:15:38,170 INFO o.a.j.t.JMeterThread: Stopping because end time detected by thread: S2 1-60
2026-10-06 09:15:38,171 INFO o.a.j.t.JMeterThread: Thread finished: S2 1-60
2026-10-06 09:15:38,172 INFO o.a.j.t.JMeterThread: Stopping because end time detected by thread: S2 1-671
2026-10-06 09:15:38,172 INFO o.a.j.t.JMeterThread: Thread finished: S2 1-671
2026-10-06 09:15:38,173 INFO o.a.j.t.JMeterThread: Stopping because end time detected by thread: S2 1-333
2026-10-06 09:15:38,173 INFO o.a.j.t.JMeterThread: Thread finished: S2 1-333
2026-10-06 09:15:38,174 INFO o.a.j.t.JMeterThread: Stopping because end time detected by thread: S2 1-580
2026-10-06 09:15:38,174 INFO o.a.j.t.JMeterThread: Thread finished: S2 1-580
2026-10-06 09:15:38,175 INFO o.a.j.t.JMeterThread: Stopping because end time detected by thread: S2 1-182
2026-10-06 09:15:38,175 INFO o.a.j.t.JMeterThread: Stopping because end time detected by thread: S2 1-731
2026-10-06 09:15:38,175 INFO o.a.j.t.JMeterThread: Thread finished: S2 1-731
2026-10-06 09:15:38,175 INFO o.a.j.t.JMeterThread: Thread finished: S2 1-182
2026-10-06 09:15:38,177 INFO o.a.j.t.JMeterThread: Stopping because end time detected by thread: S2 1-173
2026-10-06 09:15:38,177 INFO o.a.j.t.JMeterThread: Thread finished: S2 1-173
2026-10-06 09:15:38,178 INFO o.a.j.t.JMeterThread: Stopping because end time detected by thread: S2 1-449
2026-10-06 09:15:38,178 INFO o.a.j.t.JMeterThread: Thread finished: S2 1-449
2026-10-06 09:15:38,179 INFO o.a.j.t.JMeterThread: Stopping because end time detected by thread: S2 1-200
2026-10-06 09:15:38,180 INFO o.a.j.t.JMeterThread: Thread finished: S2 1-200
2026-10-06 09:15:38,181 INFO o.a.j.t.JMeterThread: Stopping because end time detected by thread: S2 1-307
2026-10-06 09:15:38,182 INFO o.a.j.t.JMeterThread: Thread finished: S2 1-307
2026-10-06 09:15:38,182 INFO o.a.j.t.JMeterThread: Stopping because end time detected by thread: S2 1-206
2026-10-06 09:15:38,182 INFO o.a.j.t.JMeterThread: Thread finished: S2 1-206
2026-10-06 09:15:38,183 INFO o.a.j.t.JMeterThread: Stopping because end time detected by thread: S2 1-275
2026-10-06 09:15:38,183 INFO o.a.j.t.JMeterThread: Thread finished: S2 1-275
2026-10-06 09:15:38,184 INFO o.a.j.t.JMeterThread: Stopping because end time detected by thread: S2 1-951
2026-10-06 09:15:38,184 INFO o.a.j.t.JMeterThread: Thread finished: S2 1-951
2026-10-06 09:15:38,185 INFO o.a.j.t.JMeterThread: Stopping because end time detected by thread: S2 1-243
2026-10-06 09:15:38,185 INFO o.a.j.t.JMeterThread: Thread finished: S2 1-243
2026-10-06 09:15:38,187 INFO o.a.j.t.JMeterThread: Stopping because end time detected by thread: S2 1-871
2026-10-06 09:15:38,187 INFO o.a.j.t.JMeterThread: Thread finished: S2 1-871
2026-10-06 09:15:38,188 INFO o.a.j.t.JMeterThread: Stopping because end time detected by thread: S2 1-185
2026-10-06 09:15:38,188 INFO o.a.j.t.JMeterThread: Thread finished: S2 1-185
2026-10-06 09:15:38,190 INFO o.a.j.t.JMeterThread: Stopping because end time detected by thread: S2 1-406
2026-10-06 09:15:38,190 INFO o.a.j.t.JMeterThread: Stopping because end time detected by thread: S2 1-746
2026-10-06 09:15:38,190 INFO o.a.j.t.JMeterThread: Thread finished: S2 1-406
2026-10-06 09:15:38,190 INFO o.a.j.t.JMeterThread: Thread finished: S2 1-746
2026-10-06 09:15:38,191 INFO o.a.j.t.JMeterThread: Stopping because end time detected by thread: S2 1-360
2026-10-06 09:15:38,191 INFO o.a.j.t.JMeterThread: Thread finished: S2 1-360
2026-10-06 09:15:38,193 INFO o.a.j.t.JMeterThread: Stopping because end time detected by thread: S2 1-517
2026-10-06 09:15:38,193 INFO o.a.j.t.JMeterThread: Thread finished: S2 1-517
2026-10-06 09:15:38,194 INFO o.a.j.t.JMeterThread: Stopping because end time detected by thread: S2 1-384
2026-10-06 09:15:38,194 INFO o.a.j.t.JMeterThread: Thread finished: S2 1-384
2026-10-06 09:15:38,196 INFO o.a.j.t.JMeterThread: Stopping because end time detected by thread: S2 1-515
2026-10-06 09:15:38,196 INFO o.a.j.t.JMeterThread: Stopping because end time detected by thread: S2 1-545
2026-10-06 09:15:38,196 INFO o.a.j.t.JMeterThread: Thread finished: S2 1-515
2026-10-06 09:15:38,196 INFO o.a.j.t.JMeterThread: Thread finished: S2 1-545
2026-10-06 09:15:38,197 INFO o.a.j.t.JMeterThread: Stopping because end time detected by thread: S2 1-940
2026-10-06 09:15:38,197 INFO o.a.j.t.JMeterThread: Thread finished: S2 1-940
2026-10-06 09:15:38,199 INFO o.a.j.t.JMeterThread: Stopping because end time detected by thread: S2 1-404
2026-10-06 09:15:38,199 INFO o.a.j.t.JMeterThread: Thread finished: S2 1-404
2026-10-06 09:15:38,200 INFO o.a.j.t.JMeterThread: Stopping because end time detected by thread: S2 1-399
2026-10-06 09:15:38,200 INFO o.a.j.t.JMeterThread: Thread finished: S2 1-399
2026-10-06 09:15:38,201 INFO o.a.j.t.JMeterThread: Stopping because end time detected by thread: S2 1-638
2026-10-06 09:15:38,201 INFO o.a.j.t.JMeterThread: Thread finished: S2 1-638
2026-10-06 09:15:38,203 INFO o.a.j.t.JMeterThread: Stopping because end time detected by thread: S2 1-867
2026-10-06 09:15:38,203 INFO o.a.j.t.JMeterThread: Thread finished: S2 1-867
2026-10-06 09:15:38,204 INFO o.a.j.t.JMeterThread: Stopping because end time detected by thread: S2 1-722
2026-10-06 09:15:38,204 INFO o.a.j.t.JMeterThread: Thread finished: S2 1-722
2026-10-06 09:15:38,205 INFO o.a.j.t.JMeterThread: Stopping because end time detected by thread: S2 1-432
2026-10-06 09:15:38,205 INFO o.a.j.t.JMeterThread: Thread finished: S2 1-432
2026-10-06 09:15:38,205 INFO o.a.j.t.JMeterThread: Stopping because end time detected by thread: S2 1-451
2026-10-06 09:15:38,205 INFO o.a.j.t.JMeterThread: Thread finished: S2 1-451
2026-10-06 09:15:38,206 INFO o.a.j.t.JMeterThread: Stopping because end time detected by thread: S2 1-757
2026-10-06 09:15:38,206 INFO o.a.j.t.JMeterThread: Thread finished: S2 1-757
2026-10-06 09:15:38,208 INFO o.a.j.t.JMeterThread: Stopping because end time detected by thread: S2 1-662
2026-10-06 09:15:38,208 INFO o.a.j.t.JMeterThread: Thread finished: S2 1-662
2026-10-06 09:15:38,209 INFO o.a.j.t.JMeterThread: Stopping because end time detected by thread: S2 1-830
2026-10-06 09:15:38,209 INFO o.a.j.t.JMeterThread: Thread finished: S2 1-830
2026-10-06 09:15:38,210 INFO o.a.j.t.JMeterThread: Stopping because end time detected by thread: S2 1-19
2026-10-06 09:15:38,210 INFO o.a.j.t.JMeterThread: Stopping because end time detected by thread: S2 1-142
2026-10-06 09:15:38,210 INFO o.a.j.t.JMeterThread: Thread finished: S2 1-19
2026-10-06 09:15:38,210 INFO o.a.j.t.JMeterThread: Thread finished: S2 1-142
2026-10-06 09:15:38,212 INFO o.a.j.t.JMeterThread: Stopping because end time detected by thread: S2 1-886
2026-10-06 09:15:38,212 INFO o.a.j.t.JMeterThread: Thread finished: S2 1-886
2026-10-06 09:15:38,213 INFO o.a.j.t.JMeterThread: Stopping because end time detected by thread: S2 1-203
2026-10-06 09:15:38,213 INFO o.a.j.t.JMeterThread: Thread finished: S2 1-203
2026-10-06 09:15:38,215 INFO o.a.j.t.JMeterThread: Stopping because end time detected by thread: S2 1-903
2026-10-06 09:15:38,215 INFO o.a.j.t.JMeterThread: Stopping because end time detected by thread: S2 1-640
2026-10-06 09:15:38,215 INFO o.a.j.t.JMeterThread: Thread finished: S2 1-903
2026-10-06 09:15:38,215 INFO o.a.j.t.JMeterThread: Thread finished: S2 1-640
2026-10-06 09:15:38,216 INFO o.a.j.t.JMeterThread: Stopping because end time detected by thread: S2 1-646
2026-10-06 09:15:38,216 INFO o.a.j.t.JMeterThread: Thread finished: S2 1-646
2026-10-06 09:15:38,217 INFO o.a.j.t.JMeterThread: Stopping because end time detected by thread: S2 1-838
2026-10-06 09:15:38,218 INFO o.a.j.t.JMeterThread: Thread finished: S2 1-838
2026-10-06 09:15:38,219 INFO o.a.j.t.JMeterThread: Stopping because end time detected by thread: S2 1-928
2026-10-06 09:15:38,219 INFO o.a.j.t.JMeterThread: Thread finished: S2 1-928
2026-10-06 09:15:38,221 INFO o.a.j.t.JMeterThread: Stopping because end time detected by thread: S2 1-585
2026-10-06 09:15:38,221 INFO o.a.j.t.JMeterThread: Stopping because end time detected by thread: S2 1-109
2026-10-06 09:15:38,221 INFO o.a.j.t.JMeterThread: Thread finished: S2 1-585
2026-10-06 09:15:38,221 INFO o.a.j.t.JMeterThread: Thread finished: S2 1-109
2026-10-06 09:15:38,222 INFO o.a.j.t.JMeterThread: Stopping because end time detected by thread: S2 1-942
2026-10-06 09:15:38,222 INFO o.a.j.t.JMeterThread: Thread finished: S2 1-942
2026-10-06 09:15:38,224 INFO o.a.j.t.JMeterThread: Stopping because end time detected by thread: S2 1-771
2026-10-06 09:15:38,224 INFO o.a.j.t.JMeterThread: Thread finished: S2 1-771
2026-10-06 09:15:38,225 INFO o.a.j.t.JMeterThread: Stopping because end time detected by thread: S2 1-116
2026-10-06 09:15:38,225 INFO o.a.j.t.JMeterThread: Stopping because end time detected by thread: S2 1-744
2026-10-06 09:15:38,225 INFO o.a.j.t.JMeterThread: Thread finished: S2 1-116
2026-10-06 09:15:38,225 INFO o.a.j.t.JMeterThread: Thread finished: S2 1-744
2026-10-06 09:15:38,226 INFO o.a.j.t.JMeterThread: Stopping because end time detected by thread: S2 1-704
2026-10-06 09:15:38,226 INFO o.a.j.t.JMeterThread: Thread finished: S2 1-704
2026-10-06 09:15:38,228 INFO o.a.j.t.JMeterThread: Stopping because end time detected by thread: S2 1-62
2026-10-06 09:15:38,228 INFO o.a.j.t.JMeterThread: Thread finished: S2 1-62
2026-10-06 09:15:38,229 INFO o.a.j.t.JMeterThread: Stopping because end time detected by thread: S2 1-61
2026-10-06 09:15:38,229 INFO o.a.j.t.JMeterThread: Thread finished: S2 1-61
2026-10-06 09:15:38,231 INFO o.a.j.t.JMeterThread: Stopping because end time detected by thread: S2 1-322
2026-10-06 09:15:38,231 INFO o.a.j.t.JMeterThread: Thread finished: S2 1-322
2026-10-06 09:15:38,231 INFO o.a.j.t.JMeterThread: Stopping because end time detected by thread: S2 1-236
2026-10-06 09:15:38,231 INFO o.a.j.t.JMeterThread: Thread finished: S2 1-236
2026-10-06 09:15:38,232 INFO o.a.j.t.JMeterThread: Stopping because end time detected by thread: S2 1-262
2026-10-06 09:15:38,232 INFO o.a.j.t.JMeterThread: Thread finished: S2 1-262
2026-10-06 09:15:38,233 INFO o.a.j.t.JMeterThread: Stopping because end time detected by thread: S2 1-628
2026-10-06 09:15:38,233 INFO o.a.j.t.JMeterThread: Thread finished: S2 1-628
2026-10-06 09:15:38,235 INFO o.a.j.t.JMeterThread: Stopping because end time detected by thread: S2 1-788
2026-10-06 09:15:38,235 INFO o.a.j.t.JMeterThread: Thread finished: S2 1-788
2026-10-06 09:15:38,236 INFO o.a.j.t.JMeterThread: Stopping because end time detected by thread: S2 1-223
2026-10-06 09:15:38,236 INFO o.a.j.t.JMeterThread: Thread finished: S2 1-223
2026-10-06 09:15:38,237 INFO o.a.j.t.JMeterThread: Stopping because end time detected by thread: S2 1-77
2026-10-06 09:15:38,237 INFO o.a.j.t.JMeterThread: Thread finished: S2 1-77
2026-10-06 09:15:38,238 INFO o.a.j.t.JMeterThread: Stopping because end time detected by thread: S2 1-481
2026-10-06 09:15:38,238 INFO o.a.j.t.JMeterThread: Thread finished: S2 1-481
2026-10-06 09:15:38,239 INFO o.a.j.t.JMeterThread: Stopping because end time detected by thread: S2 1-358
2026-10-06 09:15:38,239 INFO o.a.j.t.JMeterThread: Thread finished: S2 1-358
2026-10-06 09:15:38,241 INFO o.a.j.t.JMeterThread: Stopping because end time detected by thread: S2 1-682
2026-10-06 09:15:38,241 INFO o.a.j.t.JMeterThread: Thread finished: S2 1-682
2026-10-06 09:15:38,242 INFO o.a.j.t.JMeterThread: Stopping because end time detected by thread: S2 1-797
2026-10-06 09:15:38,242 INFO o.a.j.t.JMeterThread: Thread finished: S2 1-797
2026-10-06 09:15:38,242 INFO o.a.j.t.JMeterThread: Stopping because end time detected by thread: S2 1-987
2026-10-06 09:15:38,242 INFO o.a.j.t.JMeterThread: Thread finished: S2 1-987
2026-10-06 09:15:38,244 INFO o.a.j.t.JMeterThread: Stopping because end time detected by thread: S2 1-280
2026-10-06 09:15:38,244 INFO o.a.j.t.JMeterThread: Thread finished: S2 1-280
2026-10-06 09:15:38,245 INFO o.a.j.t.JMeterThread: Stopping because end time detected by thread: S2 1-5
2026-10-06 09:15:38,245 INFO o.a.j.t.JMeterThread: Thread finished: S2 1-5
2026-10-06 09:15:38,247 INFO o.a.j.t.JMeterThread: Stopping because end time detected by thread: S2 1-941
2026-10-06 09:15:38,247 INFO o.a.j.t.JMeterThread: Thread finished: S2 1-941
2026-10-06 09:15:38,247 INFO o.a.j.t.JMeterThread: Stopping because end time detected by thread: S2 1-1000
2026-10-06 09:15:38,247 INFO o.a.j.t.JMeterThread: Thread finished: S2 1-1000
2026-10-06 09:15:38,248 INFO o.a.j.t.JMeterThread: Stopping because end time detected by thread: S2 1-809
2026-10-06 09:15:38,248 INFO o.a.j.t.JMeterThread: Thread finished: S2 1-809
2026-10-06 09:15:38,250 INFO o.a.j.t.JMeterThread: Stopping because end time detected by thread: S2 1-336
2026-10-06 09:15:38,250 INFO o.a.j.t.JMeterThread: Thread finished: S2 1-336
2026-10-06 09:15:38,251 INFO o.a.j.t.JMeterThread: Stopping because end time detected by thread: S2 1-761
2026-10-06 09:15:38,251 INFO o.a.j.t.JMeterThread: Thread finished: S2 1-761
2026-10-06 09:15:38,253 INFO o.a.j.t.JMeterThread: Stopping because end time detected by thread: S2 1-675
2026-10-06 09:15:38,253 INFO o.a.j.t.JMeterThread: Stopping because end time detected by thread: S2 1-140
2026-10-06 09:15:38,253 INFO o.a.j.t.JMeterThread: Thread finished: S2 1-675
2026-10-06 09:15:38,253 INFO o.a.j.t.JMeterThread: Thread finished: S2 1-140
2026-10-06 09:15:38,254 INFO o.a.j.t.JMeterThread: Stopping because end time detected by thread: S2 1-766
2026-10-06 09:15:38,254 INFO o.a.j.t.JMeterThread: Thread finished: S2 1-766
2026-10-06 09:15:38,257 INFO o.a.j.t.JMeterThread: Stopping because end time detected by thread: S2 1-71
2026-10-06 09:15:38,257 INFO o.a.j.t.JMeterThread: Thread finished: S2 1-71
2026-10-06 09:15:38,258 INFO o.a.j.t.JMeterThread: Stopping because end time detected by thread: S2 1-351
2026-10-06 09:15:38,258 INFO o.a.j.t.JMeterThread: Stopping because end time detected by thread: S2 1-610
2026-10-06 09:15:38,258 INFO o.a.j.t.JMeterThread: Thread finished: S2 1-351
2026-10-06 09:15:38,258 INFO o.a.j.t.JMeterThread: Thread finished: S2 1-610
2026-10-06 09:15:38,261 INFO o.a.j.t.JMeterThread: Stopping because end time detected by thread: S2 1-971
2026-10-06 09:15:38,261 INFO o.a.j.t.JMeterThread: Thread finished: S2 1-971
2026-10-06 09:15:38,262 INFO o.a.j.t.JMeterThread: Stopping because end time detected by thread: S2 1-741
2026-10-06 09:15:38,262 INFO o.a.j.t.JMeterThread: Thread finished: S2 1-741
2026-10-06 09:15:38,263 INFO o.a.j.t.JMeterThread: Stopping because end time detected by thread: S2 1-51
2026-10-06 09:15:38,263 INFO o.a.j.t.JMeterThread: Thread finished: S2 1-51
2026-10-06 09:15:38,263 INFO o.a.j.t.JMeterThread: Stopping because end time detected by thread: S2 1-194
2026-10-06 09:15:38,263 INFO o.a.j.t.JMeterThread: Thread finished: S2 1-194
2026-10-06 09:15:38,265 INFO o.a.j.t.JMeterThread: Stopping because end time detected by thread: S2 1-251
2026-10-06 09:15:38,265 INFO o.a.j.t.JMeterThread: Thread finished: S2 1-251
2026-10-06 09:15:38,267 INFO o.a.j.t.JMeterThread: Stopping because end time detected by thread: S2 1-841
2026-10-06 09:15:38,267 INFO o.a.j.t.JMeterThread: Thread finished: S2 1-841
2026-10-06 09:15:38,269 INFO o.a.j.t.JMeterThread: Stopping because end time detected by thread: S2 1-409
2026-10-06 09:15:38,269 INFO o.a.j.t.JMeterThread: Stopping because end time detected by thread: S2 1-716
2026-10-06 09:15:38,269 INFO o.a.j.t.JMeterThread: Thread finished: S2 1-409
2026-10-06 09:15:38,269 INFO o.a.j.t.JMeterThread: Thread finished: S2 1-716
2026-10-06 09:15:38,270 INFO o.a.j.t.JMeterThread: Stopping because end time detected by thread: S2 1-133
2026-10-06 09:15:38,270 INFO o.a.j.t.JMeterThread: Thread finished: S2 1-133
2026-10-06 09:15:38,271 INFO o.a.j.t.JMeterThread: Stopping because end time detected by thread: S2 1-80
2026-10-06 09:15:38,271 INFO o.a.j.t.JMeterThread: Thread finished: S2 1-80
2026-10-06 09:15:38,273 INFO o.a.j.t.JMeterThread: Stopping because end time detected by thread: S2 1-726
2026-10-06 09:15:38,273 INFO o.a.j.t.JMeterThread: Thread finished: S2 1-726
2026-10-06 09:15:38,274 INFO o.a.j.t.JMeterThread: Stopping because end time detected by thread: S2 1-686
2026-10-06 09:15:38,274 INFO o.a.j.t.JMeterThread: Stopping because end time detected by thread: S2 1-751
2026-10-06 09:15:38,274 INFO o.a.j.t.JMeterThread: Thread finished: S2 1-686
2026-10-06 09:15:38,274 INFO o.a.j.t.JMeterThread: Thread finished: S2 1-751
2026-10-06 09:15:38,276 INFO o.a.j.t.JMeterThread: Stopping because end time detected by thread: S2 1-446
2026-10-06 09:15:38,276 INFO o.a.j.t.JMeterThread: Thread finished: S2 1-446
2026-10-06 09:15:38,277 INFO o.a.j.t.JMeterThread: Stopping because end time detected by thread: S2 1-208
2026-10-06 09:15:38,277 INFO o.a.j.t.JMeterThread: Thread finished: S2 1-208
2026-10-06 09:15:38,278 INFO o.a.j.t.JMeterThread: Stopping because end time detected by thread: S2 1-349
2026-10-06 09:15:38,278 INFO o.a.j.t.JMeterThread: Thread finished: S2 1-349
2026-10-06 09:15:38,279 INFO o.a.j.t.JMeterThread: Stopping because end time detected by thread: S2 1-739
2026-10-06 09:15:38,279 INFO o.a.j.t.JMeterThread: Thread finished: S2 1-739
2026-10-06 09:15:38,279 INFO o.a.j.t.JMeterThread: Stopping because end time detected by thread: S2 1-849
2026-10-06 09:15:38,279 INFO o.a.j.t.JMeterThread: Thread finished: S2 1-849
2026-10-06 09:15:38,281 INFO o.a.j.t.JMeterThread: Stopping because end time detected by thread: S2 1-115
2026-10-06 09:15:38,281 INFO o.a.j.t.JMeterThread: Thread finished: S2 1-115
2026-10-06 09:15:38,282 INFO o.a.j.t.JMeterThread: Stopping because end time detected by thread: S2 1-147
2026-10-06 09:15:38,282 INFO o.a.j.t.JMeterThread: Thread finished: S2 1-147
2026-10-06 09:15:38,284 INFO o.a.j.t.JMeterThread: Stopping because end time detected by thread: S2 1-359
2026-10-06 09:15:38,284 INFO o.a.j.t.JMeterThread: Thread finished: S2 1-359
2026-10-06 09:15:38,285 INFO o.a.j.t.JMeterThread: Stopping because end time detected by thread: S2 1-453
2026-10-06 09:15:38,285 INFO o.a.j.t.JMeterThread: Stopping because end time detected by thread: S2 1-17
2026-10-06 09:15:38,285 INFO o.a.j.t.JMeterThread: Thread finished: S2 1-453
2026-10-06 09:15:38,285 INFO o.a.j.t.JMeterThread: Thread finished: S2 1-17
2026-10-06 09:15:38,286 INFO o.a.j.t.JMeterThread: Stopping because end time detected by thread: S2 1-101
2026-10-06 09:15:38,286 INFO o.a.j.t.JMeterThread: Thread finished: S2 1-101
2026-10-06 09:15:38,288 INFO o.a.j.t.JMeterThread: Stopping because end time detected by thread: S2 1-497
2026-10-06 09:15:38,288 INFO o.a.j.t.JMeterThread: Thread finished: S2 1-497
2026-10-06 09:15:38,289 INFO o.a.j.t.JMeterThread: Stopping because end time detected by thread: S2 1-192
2026-10-06 09:15:38,289 INFO o.a.j.t.JMeterThread: Stopping because end time detected by thread: S2 1-412
2026-10-06 09:15:38,289 INFO o.a.j.t.JMeterThread: Thread finished: S2 1-192
2026-10-06 09:15:38,289 INFO o.a.j.t.JMeterThread: Thread finished: S2 1-412
2026-10-06 09:15:38,291 INFO o.a.j.t.JMeterThread: Stopping because end time detected by thread: S2 1-866
2026-10-06 09:15:38,291 INFO o.a.j.t.JMeterThread: Thread finished: S2 1-866
2026-10-06 09:15:38,292 INFO o.a.j.t.JMeterThread: Stopping because end time detected by thread: S2 1-483
2026-10-06 09:15:38,292 INFO o.a.j.t.JMeterThread: Thread finished: S2 1-483
2026-10-06 09:15:38,293 INFO o.a.j.t.JMeterThread: Stopping because end time detected by thread: S2 1-405
2026-10-06 09:15:38,293 INFO o.a.j.t.JMeterThread: Thread finished: S2 1-405
2026-10-06 09:15:38,293 INFO o.a.j.t.JMeterThread: Stopping because end time detected by thread: S2 1-822
2026-10-06 09:15:38,293 INFO o.a.j.t.JMeterThread: Thread finished: S2 1-822
2026-10-06 09:15:38,295 INFO o.a.j.t.JMeterThread: Stopping because end time detected by thread: S2 1-221
2026-10-06 09:15:38,295 INFO o.a.j.t.JMeterThread: Thread finished: S2 1-221
2026-10-06 09:15:38,296 INFO o.a.j.t.JMeterThread: Stopping because end time detected by thread: S2 1-522
2026-10-06 09:15:38,296 INFO o.a.j.t.JMeterThread: Thread finished: S2 1-522
2026-10-06 09:15:38,298 INFO o.a.j.t.JMeterThread: Stopping because end time detected by thread: S2 1-323
2026-10-06 09:15:38,298 INFO o.a.j.t.JMeterThread: Stopping because end time detected by thread: S2 1-395
2026-10-06 09:15:38,298 INFO o.a.j.t.JMeterThread: Thread finished: S2 1-323
2026-10-06 09:15:38,298 INFO o.a.j.t.JMeterThread: Thread finished: S2 1-395
2026-10-06 09:15:38,299 INFO o.a.j.t.JMeterThread: Stopping because end time detected by thread: S2 1-7
2026-10-06 09:15:38,299 INFO o.a.j.t.JMeterThread: Thread finished: S2 1-7
2026-10-06 09:15:38,300 INFO o.a.j.t.JMeterThread: Stopping because end time detected by thread: S2 1-603
2026-10-06 09:15:38,300 INFO o.a.j.t.JMeterThread: Thread finished: S2 1-603
2026-10-06 09:15:38,302 INFO o.a.j.t.JMeterThread: Stopping because end time detected by thread: S2 1-876
2026-10-06 09:15:38,302 INFO o.a.j.t.JMeterThread: Thread finished: S2 1-876
2026-10-06 09:15:38,303 INFO o.a.j.t.JMeterThread: Stopping because end time detected by thread: S2 1-778
2026-10-06 09:15:38,303 INFO o.a.j.t.JMeterThread: Thread finished: S2 1-778
2026-10-06 09:15:38,305 INFO o.a.j.t.JMeterThread: Stopping because end time detected by thread: S2 1-762
2026-10-06 09:15:38,305 INFO o.a.j.t.JMeterThread: Thread finished: S2 1-762
2026-10-06 09:15:38,305 INFO o.a.j.t.JMeterThread: Stopping because end time detected by thread: S2 1-984
2026-10-06 09:15:38,305 INFO o.a.j.t.JMeterThread: Thread finished: S2 1-984
2026-10-06 09:15:38,306 INFO o.a.j.t.JMeterThread: Stopping because end time detected by thread: S2 1-582
2026-10-06 09:15:38,306 INFO o.a.j.t.JMeterThread: Thread finished: S2 1-582
2026-10-06 09:15:38,308 INFO o.a.j.t.JMeterThread: Stopping because end time detected by thread: S2 1-679
2026-10-06 09:15:38,308 INFO o.a.j.t.JMeterThread: Thread finished: S2 1-679
2026-10-06 09:15:38,309 INFO o.a.j.t.JMeterThread: Stopping because end time detected by thread: S2 1-418
2026-10-06 09:15:38,310 INFO o.a.j.t.JMeterThread: Thread finished: S2 1-418
2026-10-06 09:15:38,311 INFO o.a.j.t.JMeterThread: Stopping because end time detected by thread: S2 1-42
2026-10-06 09:15:38,311 INFO o.a.j.t.JMeterThread: Thread finished: S2 1-42
2026-10-06 09:15:38,312 INFO o.a.j.t.JMeterThread: Stopping because end time detected by thread: S2 1-90
2026-10-06 09:15:38,313 INFO o.a.j.t.JMeterThread: Stopping because end time detected by thread: S2 1-59
2026-10-06 09:15:38,313 INFO o.a.j.t.JMeterThread: Thread finished: S2 1-90
2026-10-06 09:15:38,313 INFO o.a.j.t.JMeterThread: Thread finished: S2 1-59
2026-10-06 09:15:38,313 INFO o.a.j.t.JMeterThread: Stopping because end time detected by thread: S2 1-482
2026-10-06 09:15:38,314 INFO o.a.j.t.JMeterThread: Thread finished: S2 1-482
2026-10-06 09:15:38,316 INFO o.a.j.t.JMeterThread: Stopping because end time detected by thread: S2 1-450
2026-10-06 09:15:38,316 INFO o.a.j.t.JMeterThread: Thread finished: S2 1-450
2026-10-06 09:15:38,317 INFO o.a.j.t.JMeterThread: Stopping because end time detected by thread: S2 1-617
2026-10-06 09:15:38,317 INFO o.a.j.t.JMeterThread: Thread finished: S2 1-617
2026-10-06 09:15:38,317 INFO o.a.j.t.JMeterThread: Stopping because end time detected by thread: S2 1-469
2026-10-06 09:15:38,317 INFO o.a.j.t.JMeterThread: Thread finished: S2 1-469
2026-10-06 09:15:38,318 INFO o.a.j.t.JMeterThread: Stopping because end time detected by thread: S2 1-69
2026-10-06 09:15:38,318 INFO o.a.j.t.JMeterThread: Thread finished: S2 1-69
2026-10-06 09:15:38,320 INFO o.a.j.t.JMeterThread: Stopping because end time detected by thread: S2 1-327
2026-10-06 09:15:38,320 INFO o.a.j.t.JMeterThread: Thread finished: S2 1-327
2026-10-06 09:15:38,321 INFO o.a.j.t.JMeterThread: Stopping because end time detected by thread: S2 1-991
2026-10-06 09:15:38,321 INFO o.a.j.t.JMeterThread: Stopping because end time detected by thread: S2 1-780
2026-10-06 09:15:38,321 INFO o.a.j.t.JMeterThread: Thread finished: S2 1-991
2026-10-06 09:15:38,321 INFO o.a.j.t.JMeterThread: Thread finished: S2 1-780
2026-10-06 09:15:38,322 INFO o.a.j.t.JMeterThread: Stopping because end time detected by thread: S2 1-50
2026-10-06 09:15:38,322 INFO o.a.j.t.JMeterThread: Thread finished: S2 1-50
2026-10-06 09:15:38,324 INFO o.a.j.t.JMeterThread: Stopping because end time detected by thread: S2 1-367
2026-10-06 09:15:38,324 INFO o.a.j.t.JMeterThread: Thread finished: S2 1-367
2026-10-06 09:15:38,325 INFO o.a.j.t.JMeterThread: Stopping because end time detected by thread: S2 1-905
2026-10-06 09:15:38,325 INFO o.a.j.t.JMeterThread: Thread finished: S2 1-905
2026-10-06 09:15:38,326 INFO o.a.j.t.JMeterThread: Stopping because end time detected by thread: S2 1-832
2026-10-06 09:15:38,326 INFO o.a.j.t.JMeterThread: Thread finished: S2 1-832
2026-10-06 09:15:38,328 INFO o.a.j.t.JMeterThread: Stopping because end time detected by thread: S2 1-306
2026-10-06 09:15:38,328 INFO o.a.j.t.JMeterThread: Thread finished: S2 1-306
2026-10-06 09:15:38,329 INFO o.a.j.t.JMeterThread: Stopping because end time detected by thread: S2 1-721
2026-10-06 09:15:38,329 INFO o.a.j.t.JMeterThread: Thread finished: S2 1-721
2026-10-06 09:15:38,330 INFO o.a.j.t.JMeterThread: Stopping because end time detected by thread: S2 1-729
2026-10-06 09:15:38,330 INFO o.a.j.t.JMeterThread: Thread finished: S2 1-729
2026-10-06 09:15:38,331 INFO o.a.j.t.JMeterThread: Stopping because end time detected by thread: S2 1-669
2026-10-06 09:15:38,331 INFO o.a.j.t.JMeterThread: Thread finished: S2 1-669
2026-10-06 09:15:38,332 INFO o.a.j.t.JMeterThread: Stopping because end time detected by thread: S2 1-152
2026-10-06 09:15:38,332 INFO o.a.j.t.JMeterThread: Thread finished: S2 1-152
2026-10-06 09:15:38,334 INFO o.a.j.t.JMeterThread: Stopping because end time detected by thread: S2 1-620
2026-10-06 09:15:38,334 INFO o.a.j.t.JMeterThread: Stopping because end time detected by thread: S2 1-944
2026-10-06 09:15:38,334 INFO o.a.j.t.JMeterThread: Thread finished: S2 1-620
2026-10-06 09:15:38,334 INFO o.a.j.t.JMeterThread: Thread finished: S2 1-944
2026-10-06 09:15:38,335 INFO o.a.j.t.JMeterThread: Stopping because end time detected by thread: S2 1-89
2026-10-06 09:15:38,335 INFO o.a.j.t.JMeterThread: Thread finished: S2 1-89
2026-10-06 09:15:38,336 INFO o.a.j.t.JMeterThread: Stopping because end time detected by thread: S2 1-935
2026-10-06 09:15:38,336 INFO o.a.j.t.JMeterThread: Thread finished: S2 1-935
2026-10-06 09:15:38,337 INFO o.a.j.t.JMeterThread: Stopping because end time detected by thread: S2 1-592
2026-10-06 09:15:38,337 INFO o.a.j.t.JMeterThread: Thread finished: S2 1-592
2026-10-06 09:15:38,337 INFO o.a.j.t.JMeterThread: Stopping because end time detected by thread: S2 1-151
2026-10-06 09:15:38,337 INFO o.a.j.t.JMeterThread: Thread finished: S2 1-151
2026-10-06 09:15:38,338 INFO o.a.j.t.JMeterThread: Stopping because end time detected by thread: S2 1-589
2026-10-06 09:15:38,338 INFO o.a.j.t.JMeterThread: Thread finished: S2 1-589
2026-10-06 09:15:38,340 INFO o.a.j.t.JMeterThread: Stopping because end time detected by thread: S2 1-810
2026-10-06 09:15:38,340 INFO o.a.j.t.JMeterThread: Thread finished: S2 1-810
2026-10-06 09:15:38,341 INFO o.a.j.t.JMeterThread: Stopping because end time detected by thread: S2 1-649
2026-10-06 09:15:38,341 INFO o.a.j.t.JMeterThread: Thread finished: S2 1-649
2026-10-06 09:15:38,342 INFO o.a.j.t.JMeterThread: Stopping because end time detected by thread: S2 1-952
2026-10-06 09:15:38,342 INFO o.a.j.t.JMeterThread: Stopping because end time detected by thread: S2 1-8
2026-10-06 09:15:38,342 INFO o.a.j.t.JMeterThread: Thread finished: S2 1-8
2026-10-06 09:15:38,342 INFO o.a.j.t.JMeterThread: Thread finished: S2 1-952
2026-10-06 09:15:38,344 INFO o.a.j.t.JMeterThread: Stopping because end time detected by thread: S2 1-945
2026-10-06 09:15:38,344 INFO o.a.j.t.JMeterThread: Thread finished: S2 1-945
2026-10-06 09:15:38,345 INFO o.a.j.t.JMeterThread: Stopping because end time detected by thread: S2 1-474
2026-10-06 09:15:38,345 INFO o.a.j.t.JMeterThread: Thread finished: S2 1-474
2026-10-06 09:15:38,346 INFO o.a.j.t.JMeterThread: Stopping because end time detected by thread: S2 1-785
2026-10-06 09:15:38,346 INFO o.a.j.t.JMeterThread: Stopping because end time detected by thread: S2 1-639
2026-10-06 09:15:38,346 INFO o.a.j.t.JMeterThread: Thread finished: S2 1-785
2026-10-06 09:15:38,346 INFO o.a.j.t.JMeterThread: Thread finished: S2 1-639
2026-10-06 09:15:38,347 INFO o.a.j.t.JMeterThread: Stopping because end time detected by thread: S2 1-552
2026-10-06 09:15:38,347 INFO o.a.j.t.JMeterThread: Thread finished: S2 1-552
2026-10-06 09:15:38,349 INFO o.a.j.t.JMeterThread: Stopping because end time detected by thread: S2 1-802
2026-10-06 09:15:38,349 INFO o.a.j.t.JMeterThread: Thread finished: S2 1-802
2026-10-06 09:15:38,350 INFO o.a.j.t.JMeterThread: Stopping because end time detected by thread: S2 1-776
2026-10-06 09:15:38,350 INFO o.a.j.t.JMeterThread: Thread finished: S2 1-776
2026-10-06 09:15:38,350 INFO o.a.j.t.JMeterThread: Stopping because end time detected by thread: S2 1-301
2026-10-06 09:15:38,350 INFO o.a.j.t.JMeterThread: Thread finished: S2 1-301
2026-10-06 09:15:38,351 INFO o.a.j.t.JMeterThread: Stopping because end time detected by thread: S2 1-297
2026-10-06 09:15:38,351 INFO o.a.j.t.JMeterThread: Thread finished: S2 1-297
2026-10-06 09:15:38,352 INFO o.a.j.t.JMeterThread: Stopping because end time detected by thread: S2 1-815
2026-10-06 09:15:38,352 INFO o.a.j.t.JMeterThread: Thread finished: S2 1-815
2026-10-06 09:15:38,354 INFO o.a.j.t.JMeterThread: Stopping because end time detected by thread: S2 1-988
2026-10-06 09:15:38,354 INFO o.a.j.t.JMeterThread: Thread finished: S2 1-988
2026-10-06 09:15:38,354 INFO o.a.j.t.JMeterThread: Stopping because end time detected by thread: S2 1-516
2026-10-06 09:15:38,354 INFO o.a.j.t.JMeterThread: Thread finished: S2 1-516
2026-10-06 09:15:38,355 INFO o.a.j.t.JMeterThread: Stopping because end time detected by thread: S2 1-376
2026-10-06 09:15:38,355 INFO o.a.j.t.JMeterThread: Thread finished: S2 1-376
2026-10-06 09:15:38,356 INFO o.a.j.t.JMeterThread: Stopping because end time detected by thread: S2 1-701
2026-10-06 09:15:38,356 INFO o.a.j.t.JMeterThread: Thread finished: S2 1-701
2026-10-06 09:15:38,357 INFO o.a.j.t.JMeterThread: Stopping because end time detected by thread: S2 1-479
2026-10-06 09:15:38,357 INFO o.a.j.t.JMeterThread: Stopping because end time detected by thread: S2 1-310
2026-10-06 09:15:38,357 INFO o.a.j.t.JMeterThread: Thread finished: S2 1-479
2026-10-06 09:15:38,357 INFO o.a.j.t.JMeterThread: Thread finished: S2 1-310
2026-10-06 09:15:38,359 INFO o.a.j.t.JMeterThread: Stopping because end time detected by thread: S2 1-23
2026-10-06 09:15:38,359 INFO o.a.j.t.JMeterThread: Thread finished: S2 1-23
2026-10-06 09:15:38,360 INFO o.a.j.t.JMeterThread: Stopping because end time detected by thread: S2 1-162
2026-10-06 09:15:38,360 INFO o.a.j.t.JMeterThread: Thread finished: S2 1-162
2026-10-06 09:15:38,361 INFO o.a.j.t.JMeterThread: Stopping because end time detected by thread: S2 1-629
2026-10-06 09:15:38,361 INFO o.a.j.t.JMeterThread: Thread finished: S2 1-629
2026-10-06 09:15:38,361 INFO o.a.j.t.JMeterThread: Stopping because end time detected by thread: S2 1-157
2026-10-06 09:15:38,361 INFO o.a.j.t.JMeterThread: Thread finished: S2 1-157
2026-10-06 09:15:38,362 INFO o.a.j.t.JMeterThread: Stopping because end time detected by thread: S2 1-661
2026-10-06 09:15:38,362 INFO o.a.j.t.JMeterThread: Thread finished: S2 1-661
2026-10-06 09:15:38,363 INFO o.a.j.t.JMeterThread: Stopping because end time detected by thread: S2 1-10
2026-10-06 09:15:38,363 INFO o.a.j.t.JMeterThread: Thread finished: S2 1-10
2026-10-06 09:15:38,365 INFO o.a.j.t.JMeterThread: Stopping because end time detected by thread: S2 1-335
2026-10-06 09:15:38,365 INFO o.a.j.t.JMeterThread: Stopping because end time detected by thread: S2 1-685
2026-10-06 09:15:38,365 INFO o.a.j.t.JMeterThread: Thread finished: S2 1-335
2026-10-06 09:15:38,365 INFO o.a.j.t.JMeterThread: Thread finished: S2 1-685
2026-10-06 09:15:38,366 INFO o.a.j.t.JMeterThread: Stopping because end time detected by thread: S2 1-839
2026-10-06 09:15:38,366 INFO o.a.j.t.JMeterThread: Thread finished: S2 1-839
2026-10-06 09:15:38,367 INFO o.a.j.t.JMeterThread: Stopping because end time detected by thread: S2 1-697
2026-10-06 09:15:38,367 INFO o.a.j.t.JMeterThread: Thread finished: S2 1-697
2026-10-06 09:15:38,368 INFO o.a.j.t.JMeterThread: Stopping because end time detected by thread: S2 1-868
2026-10-06 09:15:38,368 INFO o.a.j.t.JMeterThread: Stopping because end time detected by thread: S2 1-76
2026-10-06 09:15:38,368 INFO o.a.j.t.JMeterThread: Thread finished: S2 1-868
2026-10-06 09:15:38,368 INFO o.a.j.t.JMeterThread: Thread finished: S2 1-76
2026-10-06 09:15:38,369 INFO o.a.j.t.JMeterThread: Stopping because end time detected by thread: S2 1-705
2026-10-06 09:15:38,369 INFO o.a.j.t.JMeterThread: Thread finished: S2 1-705
2026-10-06 09:15:38,371 INFO o.a.j.t.JMeterThread: Stopping because end time detected by thread: S2 1-235
2026-10-06 09:15:38,371 INFO o.a.j.t.JMeterThread: Thread finished: S2 1-235
2026-10-06 09:15:38,372 INFO o.a.j.t.JMeterThread: Stopping because end time detected by thread: S2 1-329
2026-10-06 09:15:38,372 INFO o.a.j.t.JMeterThread: Thread finished: S2 1-329
2026-10-06 09:15:38,372 INFO o.a.j.t.JMeterThread: Stopping because end time detected by thread: S2 1-535
2026-10-06 09:15:38,372 INFO o.a.j.t.JMeterThread: Thread finished: S2 1-535
2026-10-06 09:15:38,373 INFO o.a.j.t.JMeterThread: Stopping because end time detected by thread: S2 1-424
2026-10-06 09:15:38,373 INFO o.a.j.t.JMeterThread: Thread finished: S2 1-424
2026-10-06 09:15:38,375 INFO o.a.j.t.JMeterThread: Stopping because end time detected by thread: S2 1-331
2026-10-06 09:15:38,375 INFO o.a.j.t.JMeterThread: Thread finished: S2 1-331
2026-10-06 09:15:38,376 INFO o.a.j.t.JMeterThread: Stopping because end time detected by thread: S2 1-651
2026-10-06 09:15:38,376 INFO o.a.j.t.JMeterThread: Stopping because end time detected by thread: S2 1-542
2026-10-06 09:15:38,376 INFO o.a.j.t.JMeterThread: Thread finished: S2 1-651
2026-10-06 09:15:38,376 INFO o.a.j.t.JMeterThread: Thread finished: S2 1-542
2026-10-06 09:15:38,377 INFO o.a.j.t.JMeterThread: Stopping because end time detected by thread: S2 1-176
2026-10-06 09:15:38,377 INFO o.a.j.t.JMeterThread: Thread finished: S2 1-176
2026-10-06 09:15:38,379 INFO o.a.j.t.JMeterThread: Stopping because end time detected by thread: S2 1-159
2026-10-06 09:15:38,379 INFO o.a.j.t.JMeterThread: Thread finished: S2 1-159
2026-10-06 09:15:38,380 INFO o.a.j.t.JMeterThread: Stopping because end time detected by thread: S2 1-526
2026-10-06 09:15:38,380 INFO o.a.j.t.JMeterThread: Thread finished: S2 1-526
2026-10-06 09:15:38,380 INFO o.a.j.t.JMeterThread: Stopping because end time detected by thread: S2 1-196
2026-10-06 09:15:38,380 INFO o.a.j.t.JMeterThread: Thread finished: S2 1-196
2026-10-06 09:15:38,381 INFO o.a.j.t.JMeterThread: Stopping because end time detected by thread: S2 1-170
2026-10-06 09:15:38,381 INFO o.a.j.t.JMeterThread: Thread finished: S2 1-170
2026-10-06 09:15:38,382 INFO o.a.j.t.JMeterThread: Stopping because end time detected by thread: S2 1-723
2026-10-06 09:15:38,382 INFO o.a.j.t.JMeterThread: Thread finished: S2 1-723
2026-10-06 09:15:38,383 INFO o.a.j.t.JMeterThread: Stopping because end time detected by thread: S2 1-956
2026-10-06 09:15:38,383 INFO o.a.j.t.JMeterThread: Thread finished: S2 1-956
2026-10-06 09:15:38,384 INFO o.a.j.t.JMeterThread: Stopping because end time detected by thread: S2 1-74
2026-10-06 09:15:38,385 INFO o.a.j.t.JMeterThread: Thread finished: S2 1-74
2026-10-06 09:15:38,385 INFO o.a.j.t.JMeterThread: Stopping because end time detected by thread: S2 1-277
2026-10-06 09:15:38,385 INFO o.a.j.t.JMeterThread: Thread finished: S2 1-277
2026-10-06 09:15:38,386 INFO o.a.j.t.JMeterThread: Stopping because end time detected by thread: S2 1-853
2026-10-06 09:15:38,386 INFO o.a.j.t.JMeterThread: Thread finished: S2 1-853
2026-10-06 09:15:38,387 INFO o.a.j.t.JMeterThread: Stopping because end time detected by thread: S2 1-56
2026-10-06 09:15:38,387 INFO o.a.j.t.JMeterThread: Thread finished: S2 1-56
2026-10-06 09:15:38,389 INFO o.a.j.t.JMeterThread: Stopping because end time detected by thread: S2 1-602
2026-10-06 09:15:38,389 INFO o.a.j.t.JMeterThread: Stopping because end time detected by thread: S2 1-893
2026-10-06 09:15:38,389 INFO o.a.j.t.JMeterThread: Thread finished: S2 1-602
2026-10-06 09:15:38,389 INFO o.a.j.t.JMeterThread: Thread finished: S2 1-893
2026-10-06 09:15:38,390 INFO o.a.j.t.JMeterThread: Stopping because end time detected by thread: S2 1-571
2026-10-06 09:15:38,390 INFO o.a.j.t.JMeterThread: Thread finished: S2 1-571
2026-10-06 09:15:38,391 INFO o.a.j.t.JMeterThread: Stopping because end time detected by thread: S2 1-546
2026-10-06 09:15:38,391 INFO o.a.j.t.JMeterThread: Thread finished: S2 1-546
2026-10-06 09:15:38,392 INFO o.a.j.t.JMeterThread: Stopping because end time detected by thread: S2 1-214
2026-10-06 09:15:38,392 INFO o.a.j.t.JMeterThread: Stopping because end time detected by thread: S2 1-511
2026-10-06 09:15:38,392 INFO o.a.j.t.JMeterThread: Thread finished: S2 1-214
2026-10-06 09:15:38,392 INFO o.a.j.t.JMeterThread: Thread finished: S2 1-511
2026-10-06 09:15:38,394 INFO o.a.j.t.JMeterThread: Stopping because end time detected by thread: S2 1-435
2026-10-06 09:15:38,394 INFO o.a.j.t.JMeterThread: Thread finished: S2 1-435
2026-10-06 09:15:38,395 INFO o.a.j.t.JMeterThread: Stopping because end time detected by thread: S2 1-417
2026-10-06 09:15:38,395 INFO o.a.j.t.JMeterThread: Thread finished: S2 1-417
2026-10-06 09:15:38,396 INFO o.a.j.t.JMeterThread: Stopping because end time detected by thread: S2 1-708
2026-10-06 09:15:38,396 INFO o.a.j.t.JMeterThread: Stopping because end time detected by thread: S2 1-509
2026-10-06 09:15:38,396 INFO o.a.j.t.JMeterThread: Thread finished: S2 1-708
2026-10-06 09:15:38,396 INFO o.a.j.t.JMeterThread: Thread finished: S2 1-509
2026-10-06 09:15:38,397 INFO o.a.j.t.JMeterThread: Stopping because end time detected by thread: S2 1-615
2026-10-06 09:15:38,397 INFO o.a.j.t.JMeterThread: Thread finished: S2 1-615
2026-10-06 09:15:38,399 INFO o.a.j.t.JMeterThread: Stopping because end time detected by thread: S2 1-73
2026-10-06 09:15:38,399 INFO o.a.j.t.JMeterThread: Thread finished: S2 1-73
2026-10-06 09:15:38,400 INFO o.a.j.t.JMeterThread: Stopping because end time detected by thread: S2 1-355
2026-10-06 09:15:38,400 INFO o.a.j.t.JMeterThread: Thread finished: S2 1-355
2026-10-06 09:15:38,400 INFO o.a.j.t.JMeterThread: Stopping because end time detected by thread: S2 1-981
2026-10-06 09:15:38,400 INFO o.a.j.t.JMeterThread: Thread finished: S2 1-981
2026-10-06 09:15:38,401 INFO o.a.j.t.JMeterThread: Stopping because end time detected by thread: S2 1-581
2026-10-06 09:15:38,401 INFO o.a.j.t.JMeterThread: Thread finished: S2 1-581
2026-10-06 09:15:38,402 INFO o.a.j.t.JMeterThread: Stopping because end time detected by thread: S2 1-909
2026-10-06 09:15:38,402 INFO o.a.j.t.JMeterThread: Thread finished: S2 1-909
2026-10-06 09:15:38,403 INFO o.a.j.t.JMeterThread: Stopping because end time detected by thread: S2 1-293
2026-10-06 09:15:38,403 INFO o.a.j.t.JMeterThread: Stopping because end time detected by thread: S2 1-188
2026-10-06 09:15:38,403 INFO o.a.j.t.JMeterThread: Thread finished: S2 1-293
2026-10-06 09:15:38,403 INFO o.a.j.t.JMeterThread: Thread finished: S2 1-188
2026-10-06 09:15:38,405 INFO o.a.j.t.JMeterThread: Stopping because end time detected by thread: S2 1-732
2026-10-06 09:15:38,405 INFO o.a.j.t.JMeterThread: Thread finished: S2 1-732
2026-10-06 09:15:38,406 INFO o.a.j.t.JMeterThread: Stopping because end time detected by thread: S2 1-666
2026-10-06 09:15:38,406 INFO o.a.j.t.JMeterThread: Thread finished: S2 1-666
2026-10-06 09:15:38,407 INFO o.a.j.t.JMeterThread: Stopping because end time detected by thread: S2 1-95
2026-10-06 09:15:38,407 INFO o.a.j.t.JMeterThread: Stopping because end time detected by thread: S2 1-121
2026-10-06 09:15:38,407 INFO o.a.j.t.JMeterThread: Thread finished: S2 1-95
2026-10-06 09:15:38,407 INFO o.a.j.t.JMeterThread: Thread finished: S2 1-121
2026-10-06 09:15:38,408 INFO o.a.j.t.JMeterThread: Stopping because end time detected by thread: S2 1-454
2026-10-06 09:15:38,408 INFO o.a.j.t.JMeterThread: Thread finished: S2 1-454
2026-10-06 09:15:38,409 INFO o.a.j.t.JMeterThread: Stopping because end time detected by thread: S2 1-189
2026-10-06 09:15:38,409 INFO o.a.j.t.JMeterThread: Thread finished: S2 1-189
2026-10-06 09:15:38,411 INFO o.a.j.t.JMeterThread: Stopping because end time detected by thread: S2 1-894
2026-10-06 09:15:38,411 INFO o.a.j.t.JMeterThread: Stopping because end time detected by thread: S2 1-782
2026-10-06 09:15:38,411 INFO o.a.j.t.JMeterThread: Thread finished: S2 1-894
2026-10-06 09:15:38,411 INFO o.a.j.t.JMeterThread: Thread finished: S2 1-782
2026-10-06 09:15:38,412 INFO o.a.j.t.JMeterThread: Stopping because end time detected by thread: S2 1-911
2026-10-06 09:15:38,412 INFO o.a.j.t.JMeterThread: Thread finished: S2 1-911
2026-10-06 09:15:38,413 INFO o.a.j.t.JMeterThread: Stopping because end time detected by thread: S2 1-249
2026-10-06 09:15:38,413 INFO o.a.j.t.JMeterThread: Thread finished: S2 1-249
2026-10-06 09:15:38,415 INFO o.a.j.t.JMeterThread: Stopping because end time detected by thread: S2 1-181
2026-10-06 09:15:38,415 INFO o.a.j.t.JMeterThread: Stopping because end time detected by thread: S2 1-578
2026-10-06 09:15:38,415 INFO o.a.j.t.JMeterThread: Thread finished: S2 1-181
2026-10-06 09:15:38,415 INFO o.a.j.t.JMeterThread: Thread finished: S2 1-578
2026-10-06 09:15:38,416 INFO o.a.j.t.JMeterThread: Stopping because end time detected by thread: S2 1-688
2026-10-06 09:15:38,416 INFO o.a.j.t.JMeterThread: Thread finished: S2 1-688
2026-10-06 09:15:38,418 INFO o.a.j.t.JMeterThread: Stopping because end time detected by thread: S2 1-394
2026-10-06 09:15:38,418 INFO o.a.j.t.JMeterThread: Thread finished: S2 1-394
2026-10-06 09:15:38,419 INFO o.a.j.t.JMeterThread: Stopping because end time detected by thread: S2 1-13
2026-10-06 09:15:38,419 INFO o.a.j.t.JMeterThread: Stopping because end time detected by thread: S2 1-860
2026-10-06 09:15:38,419 INFO o.a.j.t.JMeterThread: Thread finished: S2 1-13
2026-10-06 09:15:38,419 INFO o.a.j.t.JMeterThread: Thread finished: S2 1-860
2026-10-06 09:15:38,420 INFO o.a.j.t.JMeterThread: Stopping because end time detected by thread: S2 1-65
2026-10-06 09:15:38,420 INFO o.a.j.t.JMeterThread: Thread finished: S2 1-65
2026-10-06 09:15:38,421 INFO o.a.j.t.JMeterThread: Stopping because end time detected by thread: S2 1-210
2026-10-06 09:15:38,421 INFO o.a.j.t.JMeterThread: Thread finished: S2 1-210
2026-10-06 09:15:38,422 INFO o.a.j.t.JMeterThread: Stopping because end time detected by thread: S2 1-897
2026-10-06 09:15:38,422 INFO o.a.j.t.JMeterThread: Thread finished: S2 1-897
2026-10-06 09:15:38,422 INFO o.a.j.t.JMeterThread: Stopping because end time detected by thread: S2 1-655
2026-10-06 09:15:38,422 INFO o.a.j.t.JMeterThread: Thread finished: S2 1-655
2026-10-06 09:15:38,424 INFO o.a.j.t.JMeterThread: Stopping because end time detected by thread: S2 1-172
2026-10-06 09:15:38,424 INFO o.a.j.t.JMeterThread: Thread finished: S2 1-172
2026-10-06 09:15:38,425 INFO o.a.j.t.JMeterThread: Stopping because end time detected by thread: S2 1-565
2026-10-06 09:15:38,425 INFO o.a.j.t.JMeterThread: Thread finished: S2 1-565
2026-10-06 09:15:38,426 INFO o.a.j.t.JMeterThread: Stopping because end time detected by thread: S2 1-58
2026-10-06 09:15:38,426 INFO o.a.j.t.JMeterThread: Stopping because end time detected by thread: S2 1-670
2026-10-06 09:15:38,426 INFO o.a.j.t.JMeterThread: Thread finished: S2 1-58
2026-10-06 09:15:38,426 INFO o.a.j.t.JMeterThread: Thread finished: S2 1-670
2026-10-06 09:15:38,427 INFO o.a.j.t.JMeterThread: Stopping because end time detected by thread: S2 1-855
2026-10-06 09:15:38,427 INFO o.a.j.t.JMeterThread: Thread finished: S2 1-855
2026-10-06 09:15:38,428 INFO o.a.j.t.JMeterThread: Stopping because end time detected by thread: S2 1-879
2026-10-06 09:15:38,428 INFO o.a.j.t.JMeterThread: Thread finished: S2 1-879
2026-10-06 09:15:38,430 INFO o.a.j.t.JMeterThread: Stopping because end time detected by thread: S2 1-963
2026-10-06 09:15:38,430 INFO o.a.j.t.JMeterThread: Stopping because end time detected by thread: S2 1-654
2026-10-06 09:15:38,430 INFO o.a.j.t.JMeterThread: Thread finished: S2 1-963
2026-10-06 09:15:38,430 INFO o.a.j.t.JMeterThread: Thread finished: S2 1-654
2026-10-06 09:15:38,431 INFO o.a.j.t.JMeterThread: Stopping because end time detected by thread: S2 1-964
2026-10-06 09:15:38,431 INFO o.a.j.t.JMeterThread: Thread finished: S2 1-964
2026-10-06 09:15:38,432 INFO o.a.j.t.JMeterThread: Stopping because end time detected by thread: S2 1-712
2026-10-06 09:15:38,432 INFO o.a.j.t.JMeterThread: Thread finished: S2 1-712
2026-10-06 09:15:38,433 INFO o.a.j.t.JMeterThread: Stopping because end time detected by thread: S2 1-506
2026-10-06 09:15:38,433 INFO o.a.j.t.JMeterThread: Thread finished: S2 1-506
2026-10-06 09:15:38,435 INFO o.a.j.t.JMeterThread: Stopping because end time detected by thread: S2 1-438
2026-10-06 09:15:38,435 INFO o.a.j.t.JMeterThread: Thread finished: S2 1-438
2026-10-06 09:15:38,435 INFO o.a.j.t.JMeterThread: Stopping because end time detected by thread: S2 1-425
2026-10-06 09:15:38,435 INFO o.a.j.t.JMeterThread: Thread finished: S2 1-425
2026-10-06 09:15:38,436 INFO o.a.j.t.JMeterThread: Stopping because end time detected by thread: S2 1-110
2026-10-06 09:15:38,436 INFO o.a.j.t.JMeterThread: Thread finished: S2 1-110
2026-10-06 09:15:38,437 INFO o.a.j.t.JMeterThread: Stopping because end time detected by thread: S2 1-540
2026-10-06 09:15:38,437 INFO o.a.j.t.JMeterThread: Thread finished: S2 1-540
2026-10-06 09:15:38,438 INFO o.a.j.t.JMeterThread: Stopping because end time detected by thread: S2 1-457
2026-10-06 09:15:38,438 INFO o.a.j.t.JMeterThread: Stopping because end time detected by thread: S2 1-711
2026-10-06 09:15:38,438 INFO o.a.j.t.JMeterThread: Thread finished: S2 1-457
2026-10-06 09:15:38,438 INFO o.a.j.t.JMeterThread: Thread finished: S2 1-711
2026-10-06 09:15:38,439 INFO o.a.j.t.JMeterThread: Stopping because end time detected by thread: S2 1-733
2026-10-06 09:15:38,439 INFO o.a.j.t.JMeterThread: Thread finished: S2 1-733
2026-10-06 09:15:38,441 INFO o.a.j.t.JMeterThread: Stopping because end time detected by thread: S2 1-724
2026-10-06 09:15:38,441 INFO o.a.j.t.JMeterThread: Thread finished: S2 1-724
2026-10-06 09:15:38,442 INFO o.a.j.t.JMeterThread: Stopping because end time detected by thread: S2 1-692
2026-10-06 09:15:38,442 INFO o.a.j.t.JMeterThread: Thread finished: S2 1-692
2026-10-06 09:15:38,442 INFO o.a.j.t.JMeterThread: Stopping because end time detected by thread: S2 1-622
2026-10-06 09:15:38,442 INFO o.a.j.t.JMeterThread: Thread finished: S2 1-622
2026-10-06 09:15:38,443 INFO o.a.j.t.JMeterThread: Stopping because end time detected by thread: S2 1-224
2026-10-06 09:15:38,443 INFO o.a.j.t.JMeterThread: Thread finished: S2 1-224
2026-10-06 09:15:38,444 INFO o.a.j.t.JMeterThread: Stopping because end time detected by thread: S2 1-48
2026-10-06 09:15:38,444 INFO o.a.j.t.JMeterThread: Thread finished: S2 1-48
2026-10-06 09:15:38,446 INFO o.a.j.t.JMeterThread: Stopping because end time detected by thread: S2 1-392
2026-10-06 09:15:38,446 INFO o.a.j.t.JMeterThread: Thread finished: S2 1-392
2026-10-06 09:15:38,447 INFO o.a.j.t.JMeterThread: Stopping because end time detected by thread: S2 1-496
2026-10-06 09:15:38,447 INFO o.a.j.t.JMeterThread: Thread finished: S2 1-496
2026-10-06 09:15:38,447 INFO o.a.j.t.JMeterThread: Stopping because end time detected by thread: S2 1-422
2026-10-06 09:15:38,447 INFO o.a.j.t.JMeterThread: Thread finished: S2 1-422
2026-10-06 09:15:38,448 INFO o.a.j.t.JMeterThread: Stopping because end time detected by thread: S2 1-960
2026-10-06 09:15:38,448 INFO o.a.j.t.JMeterThread: Thread finished: S2 1-960
2026-10-06 09:15:38,449 INFO o.a.j.t.JMeterThread: Stopping because end time detected by thread: S2 1-524
2026-10-06 09:15:38,449 INFO o.a.j.t.JMeterThread: Thread finished: S2 1-524
2026-10-06 09:15:38,451 INFO o.a.j.t.JMeterThread: Stopping because end time detected by thread: S2 1-487
2026-10-06 09:15:38,451 INFO o.a.j.t.JMeterThread: Thread finished: S2 1-487
2026-10-06 09:15:38,451 INFO o.a.j.t.JMeterThread: Stopping because end time detected by thread: S2 1-207
2026-10-06 09:15:38,451 INFO o.a.j.t.JMeterThread: Thread finished: S2 1-207
2026-10-06 09:15:38,452 INFO o.a.j.t.JMeterThread: Stopping because end time detected by thread: S2 1-531
2026-10-06 09:15:38,452 INFO o.a.j.t.JMeterThread: Thread finished: S2 1-531
2026-10-06 09:15:38,453 INFO o.a.j.t.JMeterThread: Stopping because end time detected by thread: S2 1-256
2026-10-06 09:15:38,453 INFO o.a.j.t.JMeterThread: Thread finished: S2 1-256
2026-10-06 09:15:38,454 INFO o.a.j.t.JMeterThread: Stopping because end time detected by thread: S2 1-561
2026-10-06 09:15:38,454 INFO o.a.j.t.JMeterThread: Stopping because end time detected by thread: S2 1-792
2026-10-06 09:15:38,454 INFO o.a.j.t.JMeterThread: Thread finished: S2 1-561
2026-10-06 09:15:38,455 INFO o.a.j.t.JMeterThread: Thread finished: S2 1-792
2026-10-06 09:15:38,456 INFO o.a.j.t.JMeterThread: Stopping because end time detected by thread: S2 1-992
2026-10-06 09:15:38,456 INFO o.a.j.t.JMeterThread: Thread finished: S2 1-992
2026-10-06 09:15:38,457 INFO o.a.j.t.JMeterThread: Stopping because end time detected by thread: S2 1-320
2026-10-06 09:15:38,457 INFO o.a.j.t.JMeterThread: Thread finished: S2 1-320
2026-10-06 09:15:38,459 INFO o.a.j.t.JMeterThread: Stopping because end time detected by thread: S2 1-648
2026-10-06 09:15:38,459 INFO o.a.j.t.JMeterThread: Thread finished: S2 1-648
2026-10-06 09:15:38,459 INFO o.a.j.t.JMeterThread: Stopping because end time detected by thread: S2 1-576
2026-10-06 09:15:38,459 INFO o.a.j.t.JMeterThread: Thread finished: S2 1-576
2026-10-06 09:15:38,460 INFO o.a.j.t.JMeterThread: Stopping because end time detected by thread: S2 1-57
2026-10-06 09:15:38,460 INFO o.a.j.t.JMeterThread: Thread finished: S2 1-57
2026-10-06 09:15:38,461 INFO o.a.j.t.JMeterThread: Stopping because end time detected by thread: S2 1-674
2026-10-06 09:15:38,461 INFO o.a.j.t.JMeterThread: Thread finished: S2 1-674
2026-10-06 09:15:38,462 INFO o.a.j.t.JMeterThread: Stopping because end time detected by thread: S2 1-949
2026-10-06 09:15:38,462 INFO o.a.j.t.JMeterThread: Thread finished: S2 1-949
2026-10-06 09:15:38,462 INFO o.a.j.t.JMeterThread: Stopping because end time detected by thread: S2 1-209
2026-10-06 09:15:38,462 INFO o.a.j.t.JMeterThread: Thread finished: S2 1-209
2026-10-06 09:15:38,464 INFO o.a.j.t.JMeterThread: Stopping because end time detected by thread: S2 1-489
2026-10-06 09:15:38,464 INFO o.a.j.t.JMeterThread: Thread finished: S2 1-489
2026-10-06 09:15:38,465 INFO o.a.j.t.JMeterThread: Stopping because end time detected by thread: S2 1-103
2026-10-06 09:15:38,465 INFO o.a.j.t.JMeterThread: Thread finished: S2 1-103
2026-10-06 09:15:38,466 INFO o.a.j.t.JMeterThread: Stopping because end time detected by thread: S2 1-885
2026-10-06 09:15:38,466 INFO o.a.j.t.JMeterThread: Stopping because end time detected by thread: S2 1-144
2026-10-06 09:15:38,466 INFO o.a.j.t.JMeterThread: Thread finished: S2 1-885
2026-10-06 09:15:38,466 INFO o.a.j.t.JMeterThread: Thread finished: S2 1-144
2026-10-06 09:15:38,467 INFO o.a.j.t.JMeterThread: Stopping because end time detected by thread: S2 1-83
2026-10-06 09:15:38,467 INFO o.a.j.t.JMeterThread: Thread finished: S2 1-83
2026-10-06 09:15:38,468 INFO o.a.j.t.JMeterThread: Stopping because end time detected by thread: S2 1-548
2026-10-06 09:15:38,468 INFO o.a.j.t.JMeterThread: Thread finished: S2 1-548
2026-10-06 09:15:38,469 INFO o.a.j.t.JMeterThread: Stopping because end time detected by thread: S2 1-667
2026-10-06 09:15:38,470 INFO o.a.j.t.JMeterThread: Thread finished: S2 1-667
2026-10-06 09:15:38,470 INFO o.a.j.t.JMeterThread: Stopping because end time detected by thread: S2 1-978
2026-10-06 09:15:38,470 INFO o.a.j.t.JMeterThread: Thread finished: S2 1-978
2026-10-06 09:15:38,471 INFO o.a.j.t.JMeterThread: Stopping because end time detected by thread: S2 1-892
2026-10-06 09:15:38,471 INFO o.a.j.t.JMeterThread: Thread finished: S2 1-892
2026-10-06 09:15:38,472 INFO o.a.j.t.JMeterThread: Stopping because end time detected by thread: S2 1-826
2026-10-06 09:15:38,472 INFO o.a.j.t.JMeterThread: Thread finished: S2 1-826
2026-10-06 09:15:38,473 INFO o.a.j.t.JMeterThread: Stopping because end time detected by thread: S2 1-932
2026-10-06 09:15:38,473 INFO o.a.j.t.JMeterThread: Stopping because end time detected by thread: S2 1-965
2026-10-06 09:15:38,473 INFO o.a.j.t.JMeterThread: Thread finished: S2 1-932
2026-10-06 09:15:38,473 INFO o.a.j.t.JMeterThread: Thread finished: S2 1-965
2026-10-06 09:15:38,475 INFO o.a.j.t.JMeterThread: Stopping because end time detected by thread: S2 1-222
2026-10-06 09:15:38,475 INFO o.a.j.t.JMeterThread: Thread finished: S2 1-222
2026-10-06 09:15:38,476 INFO o.a.j.t.JMeterThread: Stopping because end time detected by thread: S2 1-728
2026-10-06 09:15:38,476 INFO o.a.j.t.JMeterThread: Thread finished: S2 1-728
2026-10-06 09:15:38,478 INFO o.a.j.t.JMeterThread: Stopping because end time detected by thread: S2 1-273
2026-10-06 09:15:38,478 INFO o.a.j.t.JMeterThread: Stopping because end time detected by thread: S2 1-332
2026-10-06 09:15:38,478 INFO o.a.j.t.JMeterThread: Thread finished: S2 1-273
2026-10-06 09:15:38,478 INFO o.a.j.t.JMeterThread: Thread finished: S2 1-332
2026-10-06 09:15:38,479 INFO o.a.j.t.JMeterThread: Stopping because end time detected by thread: S2 1-791
2026-10-06 09:15:38,479 INFO o.a.j.t.JMeterThread: Thread finished: S2 1-791
2026-10-06 09:15:38,480 INFO o.a.j.t.JMeterThread: Stopping because end time detected by thread: S2 1-562
2026-10-06 09:15:38,480 INFO o.a.j.t.JMeterThread: Thread finished: S2 1-562
2026-10-06 09:15:38,481 INFO o.a.j.t.JMeterThread: Stopping because end time detected by thread: S2 1-201
2026-10-06 09:15:38,481 INFO o.a.j.t.JMeterThread: Stopping because end time detected by thread: S2 1-219
2026-10-06 09:15:38,481 INFO o.a.j.t.JMeterThread: Thread finished: S2 1-201
2026-10-06 09:15:38,481 INFO o.a.j.t.JMeterThread: Thread finished: S2 1-219
2026-10-06 09:15:38,482 INFO o.a.j.t.JMeterThread: Stopping because end time detected by thread: S2 1-925
2026-10-06 09:15:38,482 INFO o.a.j.t.JMeterThread: Thread finished: S2 1-925
2026-10-06 09:15:38,484 INFO o.a.j.t.JMeterThread: Stopping because end time detected by thread: S2 1-354
2026-10-06 09:15:38,484 INFO o.a.j.t.JMeterThread: Thread finished: S2 1-354
2026-10-06 09:15:38,485 INFO o.a.j.t.JMeterThread: Stopping because end time detected by thread: S2 1-931
2026-10-06 09:15:38,485 INFO o.a.j.t.JMeterThread: Stopping because end time detected by thread: S2 1-304
2026-10-06 09:15:38,485 INFO o.a.j.t.JMeterThread: Thread finished: S2 1-931
2026-10-06 09:15:38,485 INFO o.a.j.t.JMeterThread: Thread finished: S2 1-304
2026-10-06 09:15:38,486 INFO o.a.j.t.JMeterThread: Stopping because end time detected by thread: S2 1-861
2026-10-06 09:15:38,487 INFO o.a.j.t.JMeterThread: Thread finished: S2 1-861
2026-10-06 09:15:38,488 INFO o.a.j.t.JMeterThread: Stopping because end time detected by thread: S2 1-213
2026-10-06 09:15:38,488 INFO o.a.j.t.JMeterThread: Thread finished: S2 1-213
2026-10-06 09:15:38,489 INFO o.a.j.t.JMeterThread: Stopping because end time detected by thread: S2 1-777
2026-10-06 09:15:38,489 INFO o.a.j.t.JMeterThread: Thread finished: S2 1-777
2026-10-06 09:15:38,489 INFO o.a.j.t.JMeterThread: Stopping because end time detected by thread: S2 1-138
2026-10-06 09:15:38,489 INFO o.a.j.t.JMeterThread: Thread finished: S2 1-138
2026-10-06 09:15:38,490 INFO o.a.j.t.JMeterThread: Stopping because end time detected by thread: S2 1-983
2026-10-06 09:15:38,490 INFO o.a.j.t.JMeterThread: Thread finished: S2 1-983
2026-10-06 09:15:38,492 INFO o.a.j.t.JMeterThread: Stopping because end time detected by thread: S2 1-156
2026-10-06 09:15:38,492 INFO o.a.j.t.JMeterThread: Thread finished: S2 1-156
2026-10-06 09:15:38,493 INFO o.a.j.t.JMeterThread: Stopping because end time detected by thread: S2 1-616
2026-10-06 09:15:38,493 INFO o.a.j.t.JMeterThread: Thread finished: S2 1-616
2026-10-06 09:15:38,494 INFO o.a.j.t.JMeterThread: Stopping because end time detected by thread: S2 1-114
2026-10-06 09:15:38,494 INFO o.a.j.t.JMeterThread: Thread finished: S2 1-114
2026-10-06 09:15:38,494 INFO o.a.j.t.JMeterThread: Stopping because end time detected by thread: S2 1-238
2026-10-06 09:15:38,494 INFO o.a.j.t.JMeterThread: Thread finished: S2 1-238
2026-10-06 09:15:38,496 INFO o.a.j.t.JMeterThread: Stopping because end time detected by thread: S2 1-447
2026-10-06 09:15:38,496 INFO o.a.j.t.JMeterThread: Thread finished: S2 1-447
2026-10-06 09:15:38,497 INFO o.a.j.t.JMeterThread: Stopping because end time detected by thread: S2 1-851
2026-10-06 09:15:38,497 INFO o.a.j.t.JMeterThread: Thread finished: S2 1-851
2026-10-06 09:15:38,498 INFO o.a.j.t.JMeterThread: Stopping because end time detected by thread: S2 1-220
2026-10-06 09:15:38,498 INFO o.a.j.t.JMeterThread: Stopping because end time detected by thread: S2 1-252
2026-10-06 09:15:38,498 INFO o.a.j.t.JMeterThread: Thread finished: S2 1-220
2026-10-06 09:15:38,498 INFO o.a.j.t.JMeterThread: Thread finished: S2 1-252
2026-10-06 09:15:38,499 INFO o.a.j.t.JMeterThread: Stopping because end time detected by thread: S2 1-486
2026-10-06 09:15:38,499 INFO o.a.j.t.JMeterThread: Thread finished: S2 1-486
2026-10-06 09:15:38,501 INFO o.a.j.t.JMeterThread: Stopping because end time detected by thread: S2 1-630
2026-10-06 09:15:38,501 INFO o.a.j.t.JMeterThread: Thread finished: S2 1-630
2026-10-06 09:15:38,502 INFO o.a.j.t.JMeterThread: Stopping because end time detected by thread: S2 1-488
2026-10-06 09:15:38,502 INFO o.a.j.t.JMeterThread: Stopping because end time detected by thread: S2 1-99
2026-10-06 09:15:38,502 INFO o.a.j.t.JMeterThread: Thread finished: S2 1-488
2026-10-06 09:15:38,502 INFO o.a.j.t.JMeterThread: Thread finished: S2 1-99
2026-10-06 09:15:38,503 INFO o.a.j.t.JMeterThread: Stopping because end time detected by thread: S2 1-665
2026-10-06 09:15:38,503 INFO o.a.j.t.JMeterThread: Thread finished: S2 1-665
2026-10-06 09:15:38,505 INFO o.a.j.t.JMeterThread: Stopping because end time detected by thread: S2 1-950
2026-10-06 09:15:38,505 INFO o.a.j.t.JMeterThread: Thread finished: S2 1-950
2026-10-06 09:15:38,506 INFO o.a.j.t.JMeterThread: Stopping because end time detected by thread: S2 1-283
2026-10-06 09:15:38,506 INFO o.a.j.t.JMeterThread: Stopping because end time detected by thread: S2 1-271
2026-10-06 09:15:38,506 INFO o.a.j.t.JMeterThread: Thread finished: S2 1-283
2026-10-06 09:15:38,506 INFO o.a.j.t.JMeterThread: Thread finished: S2 1-271
2026-10-06 09:15:38,507 INFO o.a.j.t.JMeterThread: Stopping because end time detected by thread: S2 1-485
2026-10-06 09:15:38,507 INFO o.a.j.t.JMeterThread: Thread finished: S2 1-485
2026-10-06 09:15:38,508 INFO o.a.j.t.JMeterThread: Stopping because end time detected by thread: S2 1-579
2026-10-06 09:15:38,508 INFO o.a.j.t.JMeterThread: Thread finished: S2 1-579
2026-10-06 09:15:38,509 INFO o.a.j.t.JMeterThread: Stopping because end time detected by thread: S2 1-734
2026-10-06 09:15:38,509 INFO o.a.j.t.JMeterThread: Thread finished: S2 1-734
2026-10-06 09:15:38,509 INFO o.a.j.t.JMeterThread: Stopping because end time detected by thread: S2 1-539
2026-10-06 09:15:38,509 INFO o.a.j.t.JMeterThread: Thread finished: S2 1-539
2026-10-06 09:15:38,511 INFO o.a.j.t.JMeterThread: Stopping because end time detected by thread: S2 1-199
2026-10-06 09:15:38,511 INFO o.a.j.t.JMeterThread: Thread finished: S2 1-199
2026-10-06 09:15:38,512 INFO o.a.j.t.JMeterThread: Stopping because end time detected by thread: S2 1-111
2026-10-06 09:15:38,512 INFO o.a.j.t.JMeterThread: Thread finished: S2 1-111
2026-10-06 09:15:38,513 INFO o.a.j.t.JMeterThread: Stopping because end time detected by thread: S2 1-507
2026-10-06 09:15:38,513 INFO o.a.j.t.JMeterThread: Stopping because end time detected by thread: S2 1-593
2026-10-06 09:15:38,513 INFO o.a.j.t.JMeterThread: Thread finished: S2 1-507
2026-10-06 09:15:38,513 INFO o.a.j.t.JMeterThread: Thread finished: S2 1-593
2026-10-06 09:15:38,514 INFO o.a.j.t.JMeterThread: Stopping because end time detected by thread: S2 1-753
2026-10-06 09:15:38,514 INFO o.a.j.t.JMeterThread: Thread finished: S2 1-753
2026-10-06 09:15:38,516 INFO o.a.j.t.JMeterThread: Stopping because end time detected by thread: S2 1-270
2026-10-06 09:15:38,516 INFO o.a.j.t.JMeterThread: Thread finished: S2 1-270
2026-10-06 09:15:38,517 INFO o.a.j.t.JMeterThread: Stopping because end time detected by thread: S2 1-168
2026-10-06 09:15:38,517 INFO o.a.j.t.JMeterThread: Stopping because end time detected by thread: S2 1-536
2026-10-06 09:15:38,517 INFO o.a.j.t.JMeterThread: Thread finished: S2 1-168
2026-10-06 09:15:38,517 INFO o.a.j.t.JMeterThread: Thread finished: S2 1-536
2026-10-06 09:15:38,518 INFO o.a.j.t.JMeterThread: Stopping because end time detected by thread: S2 1-436
2026-10-06 09:15:38,518 INFO o.a.j.t.JMeterThread: Thread finished: S2 1-436
2026-10-06 09:15:38,519 INFO o.a.j.t.JMeterThread: Stopping because end time detected by thread: S2 1-891
2026-10-06 09:15:38,519 INFO o.a.j.t.JMeterThread: Thread finished: S2 1-891
2026-10-06 09:15:38,521 INFO o.a.j.t.JMeterThread: Stopping because end time detected by thread: S2 1-364
2026-10-06 09:15:38,521 INFO o.a.j.t.JMeterThread: Stopping because end time detected by thread: S2 1-407
2026-10-06 09:15:38,521 INFO o.a.j.t.JMeterThread: Thread finished: S2 1-364
2026-10-06 09:15:38,521 INFO o.a.j.t.JMeterThread: Thread finished: S2 1-407
2026-10-06 09:15:38,522 INFO o.a.j.t.JMeterThread: Stopping because end time detected by thread: S2 1-445
2026-10-06 09:15:38,522 INFO o.a.j.t.JMeterThread: Thread finished: S2 1-445
2026-10-06 09:15:38,523 INFO o.a.j.t.JMeterThread: Stopping because end time detected by thread: S2 1-882
2026-10-06 09:15:38,523 INFO o.a.j.t.JMeterThread: Thread finished: S2 1-882
2026-10-06 09:15:38,524 INFO o.a.j.t.JMeterThread: Stopping because end time detected by thread: S2 1-863
2026-10-06 09:15:38,524 INFO o.a.j.t.JMeterThread: Thread finished: S2 1-863
2026-10-06 09:15:38,524 INFO o.a.j.t.JMeterThread: Stopping because end time detected by thread: S2 1-124
2026-10-06 09:15:38,524 INFO o.a.j.t.JMeterThread: Thread finished: S2 1-124
2026-10-06 09:15:38,525 INFO o.a.j.t.JMeterThread: Stopping because end time detected by thread: S2 1-915
2026-10-06 09:15:38,525 INFO o.a.j.t.JMeterThread: Thread finished: S2 1-915
2026-10-06 09:15:38,527 INFO o.a.j.t.JMeterThread: Stopping because end time detected by thread: S2 1-948
2026-10-06 09:15:38,527 INFO o.a.j.t.JMeterThread: Thread finished: S2 1-948
2026-10-06 09:15:38,528 INFO o.a.j.t.JMeterThread: Stopping because end time detected by thread: S2 1-494
2026-10-06 09:15:38,528 INFO o.a.j.t.JMeterThread: Stopping because end time detected by thread: S2 1-408
2026-10-06 09:15:38,528 INFO o.a.j.t.JMeterThread: Thread finished: S2 1-494
2026-10-06 09:15:38,528 INFO o.a.j.t.JMeterThread: Thread finished: S2 1-408
2026-10-06 09:15:38,529 INFO o.a.j.t.JMeterThread: Stopping because end time detected by thread: S2 1-913
2026-10-06 09:15:38,529 INFO o.a.j.t.JMeterThread: Thread finished: S2 1-913
2026-10-06 09:15:38,530 INFO o.a.j.t.JMeterThread: Stopping because end time detected by thread: S2 1-440
2026-10-06 09:15:38,530 INFO o.a.j.t.JMeterThread: Thread finished: S2 1-440
2026-10-06 09:15:38,531 INFO o.a.j.t.JMeterThread: Stopping because end time detected by thread: S2 1-883
2026-10-06 09:15:38,531 INFO o.a.j.t.JMeterThread: Thread finished: S2 1-883
2026-10-06 09:15:38,533 INFO o.a.j.t.JMeterThread: Stopping because end time detected by thread: S2 1-226
2026-10-06 09:15:38,533 INFO o.a.j.t.JMeterThread: Stopping because end time detected by thread: S2 1-737
2026-10-06 09:15:38,533 INFO o.a.j.t.JMeterThread: Thread finished: S2 1-226
2026-10-06 09:15:38,533 INFO o.a.j.t.JMeterThread: Thread finished: S2 1-737
2026-10-06 09:15:38,534 INFO o.a.j.t.JMeterThread: Stopping because end time detected by thread: S2 1-461
2026-10-06 09:15:38,534 INFO o.a.j.t.JMeterThread: Thread finished: S2 1-461
2026-10-06 09:15:38,535 INFO o.a.j.t.JMeterThread: Stopping because end time detected by thread: S2 1-990
2026-10-06 09:15:38,535 INFO o.a.j.t.JMeterThread: Thread finished: S2 1-990
2026-10-06 09:15:38,536 INFO o.a.j.t.JMeterThread: Stopping because end time detected by thread: S2 1-859
2026-10-06 09:15:38,536 INFO o.a.j.t.JMeterThread: Thread finished: S2 1-859
2026-10-06 09:15:38,536 INFO o.a.j.t.JMeterThread: Stopping because end time detected by thread: S2 1-621
2026-10-06 09:15:38,536 INFO o.a.j.t.JMeterThread: Thread finished: S2 1-621
2026-10-06 09:15:38,537 INFO o.a.j.t.JMeterThread: Stopping because end time detected by thread: S2 1-977
2026-10-06 09:15:38,537 INFO o.a.j.t.JMeterThread: Thread finished: S2 1-977
2026-10-06 09:15:38,539 INFO o.a.j.t.JMeterThread: Stopping because end time detected by thread: S2 1-583
2026-10-06 09:15:38,539 INFO o.a.j.t.JMeterThread: Thread finished: S2 1-583
2026-10-06 09:15:38,540 INFO o.a.j.t.JMeterThread: Stopping because end time detected by thread: S2 1-490
2026-10-06 09:15:38,540 INFO o.a.j.t.JMeterThread: Stopping because end time detected by thread: S2 1-428
2026-10-06 09:15:38,540 INFO o.a.j.t.JMeterThread: Thread finished: S2 1-490
2026-10-06 09:15:38,540 INFO o.a.j.t.JMeterThread: Thread finished: S2 1-428
2026-10-06 09:15:38,541 INFO o.a.j.t.JMeterThread: Stopping because end time detected by thread: S2 1-756
2026-10-06 09:15:38,541 INFO o.a.j.t.JMeterThread: Thread finished: S2 1-756
2026-10-06 09:15:38,542 INFO o.a.j.t.JMeterThread: Stopping because end time detected by thread: S2 1-255
2026-10-06 09:15:38,542 INFO o.a.j.t.JMeterThread: Thread finished: S2 1-255
2026-10-06 09:15:38,543 INFO o.a.j.t.JMeterThread: Stopping because end time detected by thread: S2 1-767
2026-10-06 09:15:38,543 INFO o.a.j.t.JMeterThread: Thread finished: S2 1-767
2026-10-06 09:15:38,543 INFO o.a.j.t.JMeterThread: Stopping because end time detected by thread: S2 1-858
2026-10-06 09:15:38,543 INFO o.a.j.t.JMeterThread: Thread finished: S2 1-858
2026-10-06 09:15:38,545 INFO o.a.j.t.JMeterThread: Stopping because end time detected by thread: S2 1-659
2026-10-06 09:15:38,545 INFO o.a.j.t.JMeterThread: Thread finished: S2 1-659
2026-10-06 09:15:38,546 INFO o.a.j.t.JMeterThread: Stopping because end time detected by thread: S2 1-573
2026-10-06 09:15:38,546 INFO o.a.j.t.JMeterThread: Thread finished: S2 1-573
2026-10-06 09:15:38,547 INFO o.a.j.t.JMeterThread: Stopping because end time detected by thread: S2 1-258
2026-10-06 09:15:38,547 INFO o.a.j.t.JMeterThread: Stopping because end time detected by thread: S2 1-657
2026-10-06 09:15:38,547 INFO o.a.j.t.JMeterThread: Thread finished: S2 1-258
2026-10-06 09:15:38,547 INFO o.a.j.t.JMeterThread: Thread finished: S2 1-657
2026-10-06 09:15:38,548 INFO o.a.j.t.JMeterThread: Stopping because end time detected by thread: S2 1-148
2026-10-06 09:15:38,548 INFO o.a.j.t.JMeterThread: Thread finished: S2 1-148
2026-10-06 09:15:38,549 INFO o.a.j.t.JMeterThread: Stopping because end time detected by thread: S2 1-653
2026-10-06 09:15:38,550 INFO o.a.j.t.JMeterThread: Thread finished: S2 1-653
2026-10-06 09:15:38,551 INFO o.a.j.t.JMeterThread: Stopping because end time detected by thread: S2 1-369
2026-10-06 09:15:38,551 INFO o.a.j.t.JMeterThread: Thread finished: S2 1-369
2026-10-06 09:15:38,552 INFO o.a.j.t.JMeterThread: Stopping because end time detected by thread: S2 1-634
2026-10-06 09:15:38,552 INFO o.a.j.t.JMeterThread: Stopping because end time detected by thread: S2 1-900
2026-10-06 09:15:38,552 INFO o.a.j.t.JMeterThread: Thread finished: S2 1-634
2026-10-06 09:15:38,552 INFO o.a.j.t.JMeterThread: Thread finished: S2 1-900
2026-10-06 09:15:38,554 INFO o.a.j.t.JMeterThread: Stopping because end time detected by thread: S2 1-677
2026-10-06 09:15:38,554 INFO o.a.j.t.JMeterThread: Thread finished: S2 1-677
2026-10-06 09:15:38,555 INFO o.a.j.t.JMeterThread: Stopping because end time detected by thread: S2 1-541
2026-10-06 09:15:38,555 INFO o.a.j.t.JMeterThread: Stopping because end time detected by thread: S2 1-198
2026-10-06 09:15:38,555 INFO o.a.j.t.JMeterThread: Thread finished: S2 1-541
2026-10-06 09:15:38,555 INFO o.a.j.t.JMeterThread: Thread finished: S2 1-198
2026-10-06 09:15:38,556 INFO o.a.j.t.JMeterThread: Stopping because end time detected by thread: S2 1-179
2026-10-06 09:15:38,556 INFO o.a.j.t.JMeterThread: Thread finished: S2 1-179
2026-10-06 09:15:38,558 INFO o.a.j.t.JMeterThread: Stopping because end time detected by thread: S2 1-725
2026-10-06 09:15:38,558 INFO o.a.j.t.JMeterThread: Thread finished: S2 1-725
2026-10-06 09:15:38,559 INFO o.a.j.t.JMeterThread: Stopping because end time detected by thread: S2 1-245
2026-10-06 09:15:38,559 INFO o.a.j.t.JMeterThread: Stopping because end time detected by thread: S2 1-969
2026-10-06 09:15:38,559 INFO o.a.j.t.JMeterThread: Thread finished: S2 1-245
2026-10-06 09:15:38,559 INFO o.a.j.t.JMeterThread: Thread finished: S2 1-969
2026-10-06 09:15:38,560 INFO o.a.j.t.JMeterThread: Stopping because end time detected by thread: S2 1-644
2026-10-06 09:15:38,560 INFO o.a.j.t.JMeterThread: Thread finished: S2 1-644
2026-10-06 09:15:38,561 INFO o.a.j.t.JMeterThread: Stopping because end time detected by thread: S2 1-975
2026-10-06 09:15:38,561 INFO o.a.j.t.JMeterThread: Thread finished: S2 1-975
2026-10-06 09:15:38,563 INFO o.a.j.t.JMeterThread: Stopping because end time detected by thread: S2 1-749
2026-10-06 09:15:38,563 INFO o.a.j.t.JMeterThread: Stopping because end time detected by thread: S2 1-676
2026-10-06 09:15:38,563 INFO o.a.j.t.JMeterThread: Thread finished: S2 1-749
2026-10-06 09:15:38,563 INFO o.a.j.t.JMeterThread: Thread finished: S2 1-676
2026-10-06 09:15:38,564 INFO o.a.j.t.JMeterThread: Stopping because end time detected by thread: S2 1-769
2026-10-06 09:15:38,564 INFO o.a.j.t.JMeterThread: Thread finished: S2 1-769
2026-10-06 09:15:38,565 INFO o.a.j.t.JMeterThread: Stopping because end time detected by thread: S2 1-635
2026-10-06 09:15:38,565 INFO o.a.j.t.JMeterThread: Thread finished: S2 1-635
2026-10-06 09:15:38,566 INFO o.a.j.t.JMeterThread: Stopping because end time detected by thread: S2 1-796
2026-10-06 09:15:38,566 INFO o.a.j.t.JMeterThread: Stopping because end time detected by thread: S2 1-495
2026-10-06 09:15:38,566 INFO o.a.j.t.JMeterThread: Thread finished: S2 1-796
2026-10-06 09:15:38,566 INFO o.a.j.t.JMeterThread: Thread finished: S2 1-495
2026-10-06 09:15:38,568 INFO o.a.j.t.JMeterThread: Stopping because end time detected by thread: S2 1-599
2026-10-06 09:15:38,568 INFO o.a.j.t.JMeterThread: Thread finished: S2 1-599
2026-10-06 09:15:38,569 INFO o.a.j.t.JMeterThread: Stopping because end time detected by thread: S2 1-901
2026-10-06 09:15:38,569 INFO o.a.j.t.JMeterThread: Thread finished: S2 1-901
2026-10-06 09:15:38,570 INFO o.a.j.t.JMeterThread: Stopping because end time detected by thread: S2 1-163
2026-10-06 09:15:38,570 INFO o.a.j.t.JMeterThread: Thread finished: S2 1-163
2026-10-06 09:15:38,570 INFO o.a.j.t.JMeterThread: Stopping because end time detected by thread: S2 1-311
2026-10-06 09:15:38,570 INFO o.a.j.t.JMeterThread: Thread finished: S2 1-311
2026-10-06 09:15:38,571 INFO o.a.j.t.JMeterThread: Stopping because end time detected by thread: S2 1-411
2026-10-06 09:15:38,571 INFO o.a.j.t.JMeterThread: Thread finished: S2 1-411
2026-10-06 09:15:38,573 INFO o.a.j.t.JMeterThread: Stopping because end time detected by thread: S2 1-318
2026-10-06 09:15:38,573 INFO o.a.j.t.JMeterThread: Thread finished: S2 1-318
2026-10-06 09:15:38,574 INFO o.a.j.t.JMeterThread: Stopping because end time detected by thread: S2 1-611
2026-10-06 09:15:38,574 INFO o.a.j.t.JMeterThread: Thread finished: S2 1-611
2026-10-06 09:15:38,574 INFO o.a.j.t.JMeterThread: Stopping because end time detected by thread: S2 1-375
2026-10-06 09:15:38,574 INFO o.a.j.t.JMeterThread: Thread finished: S2 1-375
2026-10-06 09:15:38,575 INFO o.a.j.t.JMeterThread: Stopping because end time detected by thread: S2 1-937
2026-10-06 09:15:38,575 INFO o.a.j.t.JMeterThread: Thread finished: S2 1-937
2026-10-06 09:15:38,576 INFO o.a.j.t.JMeterThread: Stopping because end time detected by thread: S2 1-870
2026-10-06 09:15:38,576 INFO o.a.j.t.JMeterThread: Thread finished: S2 1-870
2026-10-06 09:15:38,578 INFO o.a.j.t.JMeterThread: Stopping because end time detected by thread: S2 1-683
2026-10-06 09:15:38,578 INFO o.a.j.t.JMeterThread: Thread finished: S2 1-683
2026-10-06 09:15:38,579 INFO o.a.j.t.JMeterThread: Stopping because end time detected by thread: S2 1-939
2026-10-06 09:15:38,579 INFO o.a.j.t.JMeterThread: Thread finished: S2 1-939
2026-10-06 09:15:38,579 INFO o.a.j.t.JMeterThread: Stopping because end time detected by thread: S2 1-543
2026-10-06 09:15:38,579 INFO o.a.j.t.JMeterThread: Thread finished: S2 1-543
2026-10-06 09:15:38,580 INFO o.a.j.t.JMeterThread: Stopping because end time detected by thread: S2 1-624
2026-10-06 09:15:38,580 INFO o.a.j.t.JMeterThread: Thread finished: S2 1-624
2026-10-06 09:15:38,581 INFO o.a.j.t.JMeterThread: Stopping because end time detected by thread: S2 1-388
2026-10-06 09:15:38,581 INFO o.a.j.t.JMeterThread: Thread finished: S2 1-388
2026-10-06 09:15:38,582 INFO o.a.j.t.JMeterThread: Stopping because end time detected by thread: S2 1-357
2026-10-06 09:15:38,582 INFO o.a.j.t.JMeterThread: Stopping because end time detected by thread: S2 1-687
2026-10-06 09:15:38,582 INFO o.a.j.t.JMeterThread: Thread finished: S2 1-357
2026-10-06 09:15:38,583 INFO o.a.j.t.JMeterThread: Thread finished: S2 1-687
2026-10-06 09:15:38,584 INFO o.a.j.t.JMeterThread: Stopping because end time detected by thread: S2 1-303
2026-10-06 09:15:38,584 INFO o.a.j.t.JMeterThread: Thread finished: S2 1-303
2026-10-06 09:15:38,585 INFO o.a.j.t.JMeterThread: Stopping because end time detected by thread: S2 1-820
2026-10-06 09:15:38,585 INFO o.a.j.t.JMeterThread: Thread finished: S2 1-820
2026-10-06 09:15:38,586 INFO o.a.j.t.JMeterThread: Stopping because end time detected by thread: S2 1-967
2026-10-06 09:15:38,586 INFO o.a.j.t.JMeterThread: Stopping because end time detected by thread: S2 1-902
2026-10-06 09:15:38,586 INFO o.a.j.t.JMeterThread: Thread finished: S2 1-967
2026-10-06 09:15:38,586 INFO o.a.j.t.JMeterThread: Thread finished: S2 1-902
2026-10-06 09:15:38,587 INFO o.a.j.t.JMeterThread: Stopping because end time detected by thread: S2 1-247
2026-10-06 09:15:38,587 INFO o.a.j.t.JMeterThread: Thread finished: S2 1-247
2026-10-06 09:15:38,589 INFO o.a.j.t.JMeterThread: Stopping because end time detected by thread: S2 1-513
2026-10-06 09:15:38,589 INFO o.a.j.t.JMeterThread: Thread finished: S2 1-513
2026-10-06 09:15:38,590 INFO o.a.j.t.JMeterThread: Stopping because end time detected by thread: S2 1-614
2026-10-06 09:15:38,590 INFO o.a.j.t.JMeterThread: Stopping because end time detected by thread: S2 1-464
2026-10-06 09:15:38,590 INFO o.a.j.t.JMeterThread: Thread finished: S2 1-614
2026-10-06 09:15:38,590 INFO o.a.j.t.JMeterThread: Thread finished: S2 1-464
2026-10-06 09:15:38,591 INFO o.a.j.t.JMeterThread: Stopping because end time detected by thread: S2 1-410
2026-10-06 09:15:38,591 INFO o.a.j.t.JMeterThread: Thread finished: S2 1-410
2026-10-06 09:15:38,592 INFO o.a.j.t.JMeterThread: Stopping because end time detected by thread: S2 1-957
2026-10-06 09:15:38,592 INFO o.a.j.t.JMeterThread: Thread finished: S2 1-957
2026-10-06 09:15:38,594 INFO o.a.j.t.JMeterThread: Stopping because end time detected by thread: S2 1-345
2026-10-06 09:15:38,594 INFO o.a.j.t.JMeterThread: Stopping because end time detected by thread: S2 1-798
2026-10-06 09:15:38,594 INFO o.a.j.t.JMeterThread: Thread finished: S2 1-345
2026-10-06 09:15:38,594 INFO o.a.j.t.JMeterThread: Thread finished: S2 1-798
2026-10-06 09:15:38,595 INFO o.a.j.t.JMeterThread: Stopping because end time detected by thread: S2 1-402
2026-10-06 09:15:38,595 INFO o.a.j.t.JMeterThread: Thread finished: S2 1-402
2026-10-06 09:15:38,596 INFO o.a.j.t.JMeterThread: Stopping because end time detected by thread: S2 1-338
2026-10-06 09:15:38,596 INFO o.a.j.t.JMeterThread: Thread finished: S2 1-338
2026-10-06 09:15:38,597 INFO o.a.j.t.JMeterThread: Stopping because end time detected by thread: S2 1-938
2026-10-06 09:15:38,597 INFO o.a.j.t.JMeterThread: Stopping because end time detected by thread: S2 1-775
2026-10-06 09:15:38,597 INFO o.a.j.t.JMeterThread: Thread finished: S2 1-938
2026-10-06 09:15:38,598 INFO o.a.j.t.JMeterThread: Thread finished: S2 1-775
2026-10-06 09:15:38,598 INFO o.a.j.t.JMeterThread: Stopping because end time detected by thread: S2 1-498
2026-10-06 09:15:38,599 INFO o.a.j.t.JMeterThread: Thread finished: S2 1-498
2026-10-06 09:15:38,600 INFO o.a.j.t.JMeterThread: Stopping because end time detected by thread: S2 1-228
2026-10-06 09:15:38,600 INFO o.a.j.t.JMeterThread: Thread finished: S2 1-228
2026-10-06 09:15:38,601 INFO o.a.j.t.JMeterThread: Stopping because end time detected by thread: S2 1-647
2026-10-06 09:15:38,601 INFO o.a.j.t.JMeterThread: Stopping because end time detected by thread: S2 1-442
2026-10-06 09:15:38,601 INFO o.a.j.t.JMeterThread: Thread finished: S2 1-647
2026-10-06 09:15:38,601 INFO o.a.j.t.JMeterThread: Thread finished: S2 1-442
2026-10-06 09:15:38,603 INFO o.a.j.t.JMeterThread: Stopping because end time detected by thread: S2 1-532
2026-10-06 09:15:38,603 INFO o.a.j.t.JMeterThread: Thread finished: S2 1-532
2026-10-06 09:15:38,604 INFO o.a.j.t.JMeterThread: Stopping because end time detected by thread: S2 1-586
2026-10-06 09:15:38,604 INFO o.a.j.t.JMeterThread: Thread finished: S2 1-586
2026-10-06 09:15:38,606 INFO o.a.j.t.JMeterThread: Stopping because end time detected by thread: S2 1-884
2026-10-06 09:15:38,606 INFO o.a.j.t.JMeterThread: Stopping because end time detected by thread: S2 1-458
2026-10-06 09:15:38,606 INFO o.a.j.t.JMeterThread: Thread finished: S2 1-884
2026-10-06 09:15:38,606 INFO o.a.j.t.JMeterThread: Thread finished: S2 1-458
2026-10-06 09:15:38,607 INFO o.a.j.t.JMeterThread: Stopping because end time detected by thread: S2 1-420
2026-10-06 09:15:38,607 INFO o.a.j.t.JMeterThread: Thread finished: S2 1-420
2026-10-06 09:15:38,608 INFO o.a.j.t.JMeterThread: Stopping because end time detected by thread: S2 1-818
2026-10-06 09:15:38,608 INFO o.a.j.t.JMeterThread: Thread finished: S2 1-818
2026-10-06 09:15:38,610 INFO o.a.j.t.JMeterThread: Stopping because end time detected by thread: S2 1-413
2026-10-06 09:15:38,610 INFO o.a.j.t.JMeterThread: Stopping because end time detected by thread: S2 1-872
2026-10-06 09:15:38,610 INFO o.a.j.t.JMeterThread: Thread finished: S2 1-413
2026-10-06 09:15:38,610 INFO o.a.j.t.JMeterThread: Thread finished: S2 1-872
2026-10-06 09:15:38,611 INFO o.a.j.t.JMeterThread: Stopping because end time detected by thread: S2 1-370
2026-10-06 09:15:38,611 INFO o.a.j.t.JMeterThread: Thread finished: S2 1-370
2026-10-06 09:15:38,612 INFO o.a.j.t.JMeterThread: Stopping because end time detected by thread: S2 1-305
2026-10-06 09:15:38,612 INFO o.a.j.t.JMeterThread: Thread finished: S2 1-305
2026-10-06 09:15:38,613 INFO o.a.j.t.JMeterThread: Stopping because end time detected by thread: S2 1-719
2026-10-06 09:15:38,613 INFO o.a.j.t.JMeterThread: Thread finished: S2 1-719
2026-10-06 09:15:38,614 INFO o.a.j.t.JMeterThread: Stopping because end time detected by thread: S2 1-427
2026-10-06 09:15:38,614 INFO o.a.j.t.JMeterThread: Thread finished: S2 1-427
2026-10-06 09:15:38,614 INFO o.a.j.t.JMeterThread: Stopping because end time detected by thread: S2 1-484
2026-10-06 09:15:38,615 INFO o.a.j.t.JMeterThread: Thread finished: S2 1-484
2026-10-06 09:15:38,616 INFO o.a.j.t.JMeterThread: Stopping because end time detected by thread: S2 1-463
2026-10-06 09:15:38,616 INFO o.a.j.t.JMeterThread: Thread finished: S2 1-463
2026-10-06 09:15:38,617 INFO o.a.j.t.JMeterThread: Stopping because end time detected by thread: S2 1-816
2026-10-06 09:15:38,617 INFO o.a.j.t.JMeterThread: Thread finished: S2 1-816
2026-10-06 09:15:38,618 INFO o.a.j.t.JMeterThread: Stopping because end time detected by thread: S2 1-735
2026-10-06 09:15:38,618 INFO o.a.j.t.JMeterThread: Stopping because end time detected by thread: S2 1-466
2026-10-06 09:15:38,618 INFO o.a.j.t.JMeterThread: Thread finished: S2 1-735
2026-10-06 09:15:38,618 INFO o.a.j.t.JMeterThread: Thread finished: S2 1-466
2026-10-06 09:15:38,619 INFO o.a.j.t.JMeterThread: Stopping because end time detected by thread: S2 1-827
2026-10-06 09:15:38,619 INFO o.a.j.t.JMeterThread: Thread finished: S2 1-827
2026-10-06 09:15:38,621 INFO o.a.j.t.JMeterThread: Stopping because end time detected by thread: S2 1-668
2026-10-06 09:15:38,621 INFO o.a.j.t.JMeterThread: Thread finished: S2 1-668
2026-10-06 09:15:38,622 INFO o.a.j.t.JMeterThread: Stopping because end time detected by thread: S2 1-842
2026-10-06 09:15:38,622 INFO o.a.j.t.JMeterThread: Thread finished: S2 1-842
2026-10-06 09:15:38,622 INFO o.a.j.t.JMeterThread: Stopping because end time detected by thread: S2 1-606
2026-10-06 09:15:38,622 INFO o.a.j.t.JMeterThread: Thread finished: S2 1-606
2026-10-06 09:15:38,624 INFO o.a.j.t.JMeterThread: Stopping because end time detected by thread: S2 1-588
2026-10-06 09:15:38,624 INFO o.a.j.t.JMeterThread: Thread finished: S2 1-588
2026-10-06 09:15:38,625 INFO o.a.j.t.JMeterThread: Stopping because end time detected by thread: S2 1-784
2026-10-06 09:15:38,625 INFO o.a.j.t.JMeterThread: Thread finished: S2 1-784
2026-10-06 09:15:38,626 INFO o.a.j.t.JMeterThread: Stopping because end time detected by thread: S2 1-730
2026-10-06 09:15:38,626 INFO o.a.j.t.JMeterThread: Stopping because end time detected by thread: S2 1-933
2026-10-06 09:15:38,626 INFO o.a.j.t.JMeterThread: Thread finished: S2 1-730
2026-10-06 09:15:38,626 INFO o.a.j.t.JMeterThread: Thread finished: S2 1-933
2026-10-06 09:15:38,627 INFO o.a.j.t.JMeterThread: Stopping because end time detected by thread: S2 1-326
2026-10-06 09:15:38,628 INFO o.a.j.t.JMeterThread: Thread finished: S2 1-326
2026-10-06 09:15:38,629 INFO o.a.j.t.JMeterThread: Stopping because end time detected by thread: S2 1-824
2026-10-06 09:15:38,629 INFO o.a.j.t.JMeterThread: Thread finished: S2 1-824
2026-10-06 09:15:38,630 INFO o.a.j.t.JMeterThread: Stopping because end time detected by thread: S2 1-896
2026-10-06 09:15:38,630 INFO o.a.j.t.JMeterThread: Thread finished: S2 1-896
2026-10-06 09:15:38,632 INFO o.a.j.t.JMeterThread: Stopping because end time detected by thread: S2 1-636
2026-10-06 09:15:38,632 INFO o.a.j.t.JMeterThread: Thread finished: S2 1-636
2026-10-06 09:15:38,632 INFO o.a.j.t.JMeterThread: Stopping because end time detected by thread: S2 1-478
2026-10-06 09:15:38,632 INFO o.a.j.t.JMeterThread: Thread finished: S2 1-478
2026-10-06 09:15:38,633 INFO o.a.j.t.JMeterThread: Stopping because end time detected by thread: S2 1-551
2026-10-06 09:15:38,633 INFO o.a.j.t.JMeterThread: Thread finished: S2 1-551
2026-10-06 09:15:38,634 INFO o.a.j.t.JMeterThread: Stopping because end time detected by thread: S2 1-544
2026-10-06 09:15:38,634 INFO o.a.j.t.JMeterThread: Thread finished: S2 1-544
2026-10-06 09:15:38,635 INFO o.a.j.t.JMeterThread: Stopping because end time detected by thread: S2 1-248
2026-10-06 09:15:38,635 INFO o.a.j.t.JMeterThread: Thread finished: S2 1-248
2026-10-06 09:15:38,636 INFO o.a.j.t.JMeterThread: Stopping because end time detected by thread: S2 1-525
2026-10-06 09:15:38,636 INFO o.a.j.t.JMeterThread: Stopping because end time detected by thread: S2 1-553
2026-10-06 09:15:38,636 INFO o.a.j.t.JMeterThread: Thread finished: S2 1-525
2026-10-06 09:15:38,636 INFO o.a.j.t.JMeterThread: Thread finished: S2 1-553
2026-10-06 09:15:38,638 INFO o.a.j.t.JMeterThread: Stopping because end time detected by thread: S2 1-997
2026-10-06 09:15:38,638 INFO o.a.j.t.JMeterThread: Thread finished: S2 1-997
2026-10-06 09:15:38,639 INFO o.a.j.t.JMeterThread: Stopping because end time detected by thread: S2 1-398
2026-10-06 09:15:38,639 INFO o.a.j.t.JMeterThread: Thread finished: S2 1-398
2026-10-06 09:15:38,640 INFO o.a.j.t.JMeterThread: Stopping because end time detected by thread: S2 1-365
2026-10-06 09:15:38,640 INFO o.a.j.t.JMeterThread: Thread finished: S2 1-365
2026-10-06 09:15:38,640 INFO o.a.j.t.JMeterThread: Stopping because end time detected by thread: S2 1-529
2026-10-06 09:15:38,640 INFO o.a.j.t.JMeterThread: Thread finished: S2 1-529
2026-10-06 09:15:38,641 INFO o.a.j.t.JMeterThread: Stopping because end time detected by thread: S2 1-596
2026-10-06 09:15:38,641 INFO o.a.j.t.JMeterThread: Thread finished: S2 1-596
2026-10-06 09:15:38,643 INFO o.a.j.t.JMeterThread: Stopping because end time detected by thread: S2 1-492
2026-10-06 09:15:38,643 INFO o.a.j.t.JMeterThread: Thread finished: S2 1-492
2026-10-06 09:15:38,644 INFO o.a.j.t.JMeterThread: Stopping because end time detected by thread: S2 1-664
2026-10-06 09:15:38,644 INFO o.a.j.t.JMeterThread: Stopping because end time detected by thread: S2 1-419
2026-10-06 09:15:38,644 INFO o.a.j.t.JMeterThread: Thread finished: S2 1-664
2026-10-06 09:15:38,644 INFO o.a.j.t.JMeterThread: Thread finished: S2 1-419
2026-10-06 09:15:38,646 INFO o.a.j.t.JMeterThread: Stopping because end time detected by thread: S2 1-663
2026-10-06 09:15:38,646 INFO o.a.j.t.JMeterThread: Thread finished: S2 1-663
2026-10-06 09:15:38,647 INFO o.a.j.t.JMeterThread: Stopping because end time detected by thread: S2 1-805
2026-10-06 09:15:38,647 INFO o.a.j.t.JMeterThread: Thread finished: S2 1-805
2026-10-06 09:15:38,648 INFO o.a.j.t.JMeterThread: Stopping because end time detected by thread: S2 1-770
2026-10-06 09:15:38,648 INFO o.a.j.t.JMeterThread: Thread finished: S2 1-770
2026-10-06 09:15:38,648 INFO o.a.j.t.JMeterThread: Stopping because end time detected by thread: S2 1-887
2026-10-06 09:15:38,648 INFO o.a.j.t.JMeterThread: Thread finished: S2 1-887
2026-10-06 09:15:38,649 INFO o.a.j.t.JMeterThread: Stopping because end time detected by thread: S2 1-980
2026-10-06 09:15:38,649 INFO o.a.j.t.JMeterThread: Thread finished: S2 1-980
2026-10-06 09:15:38,651 INFO o.a.j.t.JMeterThread: Stopping because end time detected by thread: S2 1-888
2026-10-06 09:15:38,651 INFO o.a.j.t.JMeterThread: Thread finished: S2 1-888
2026-10-06 09:15:38,652 INFO o.a.j.t.JMeterThread: Stopping because end time detected by thread: S2 1-718
2026-10-06 09:15:38,652 INFO o.a.j.t.JMeterThread: Thread finished: S2 1-718
2026-10-06 09:15:38,652 INFO o.a.j.t.JMeterThread: Stopping because end time detected by thread: S2 1-789
2026-10-06 09:15:38,652 INFO o.a.j.t.JMeterThread: Thread finished: S2 1-789
2026-10-06 09:15:38,654 INFO o.a.j.t.JMeterThread: Stopping because end time detected by thread: S2 1-982
2026-10-06 09:15:38,654 INFO o.a.j.t.JMeterThread: Thread finished: S2 1-982
2026-10-06 09:15:38,655 INFO o.a.j.t.JMeterThread: Stopping because end time detected by thread: S2 1-658
2026-10-06 09:15:38,655 INFO o.a.j.t.JMeterThread: Thread finished: S2 1-658
2026-10-06 09:15:38,656 INFO o.a.j.t.JMeterThread: Stopping because end time detected by thread: S2 1-439
2026-10-06 09:15:38,656 INFO o.a.j.t.JMeterThread: Stopping because end time detected by thread: S2 1-986
2026-10-06 09:15:38,656 INFO o.a.j.t.JMeterThread: Thread finished: S2 1-439
2026-10-06 09:15:38,656 INFO o.a.j.t.JMeterThread: Thread finished: S2 1-986
2026-10-06 09:15:38,657 INFO o.a.j.t.JMeterThread: Stopping because end time detected by thread: S2 1-554
2026-10-06 09:15:38,657 INFO o.a.j.t.JMeterThread: Thread finished: S2 1-554
2026-10-06 09:15:38,658 INFO o.a.j.t.JMeterThread: Stopping because end time detected by thread: S2 1-899
2026-10-06 09:15:38,659 INFO o.a.j.t.JMeterThread: Thread finished: S2 1-899
2026-10-06 09:15:38,660 INFO o.a.j.t.JMeterThread: Stopping because end time detected by thread: S2 1-738
2026-10-06 09:15:38,660 INFO o.a.j.t.JMeterThread: Thread finished: S2 1-738
2026-10-06 09:15:38,660 INFO o.a.j.t.JMeterThread: Stopping because end time detected by thread: S2 1-934
2026-10-06 09:15:38,660 INFO o.a.j.t.JMeterThread: Thread finished: S2 1-934
2026-10-06 09:15:38,661 INFO o.a.j.t.JMeterThread: Stopping because end time detected by thread: S2 1-926
2026-10-06 09:15:38,661 INFO o.a.j.t.JMeterThread: Thread finished: S2 1-926
2026-10-06 09:15:38,662 INFO o.a.j.t.JMeterThread: Stopping because end time detected by thread: S2 1-518
2026-10-06 09:15:38,662 INFO o.a.j.t.JMeterThread: Thread finished: S2 1-518
2026-10-06 09:15:38,663 INFO o.a.j.t.JMeterThread: Stopping because end time detected by thread: S2 1-650
2026-10-06 09:15:38,663 INFO o.a.j.t.JMeterThread: Thread finished: S2 1-650
2026-10-06 09:15:38,663 INFO o.a.j.t.JMeterThread: Stopping because end time detected by thread: S2 1-656
2026-10-06 09:15:38,663 INFO o.a.j.t.JMeterThread: Thread finished: S2 1-656
2026-10-06 09:15:38,665 INFO o.a.j.t.JMeterThread: Stopping because end time detected by thread: S2 1-799
2026-10-06 09:15:38,665 INFO o.a.j.t.JMeterThread: Thread finished: S2 1-799
2026-10-06 09:15:38,666 INFO o.a.j.t.JMeterThread: Stopping because end time detected by thread: S2 1-381
2026-10-06 09:15:38,666 INFO o.a.j.t.JMeterThread: Thread finished: S2 1-381
2026-10-06 09:15:38,667 INFO o.a.j.t.JMeterThread: Stopping because end time detected by thread: S2 1-862
2026-10-06 09:15:38,667 INFO o.a.j.t.JMeterThread: Stopping because end time detected by thread: S2 1-493
2026-10-06 09:15:38,667 INFO o.a.j.t.JMeterThread: Thread finished: S2 1-862
2026-10-06 09:15:38,667 INFO o.a.j.t.JMeterThread: Thread finished: S2 1-493
2026-10-06 09:15:38,668 INFO o.a.j.t.JMeterThread: Stopping because end time detected by thread: S2 1-754
2026-10-06 09:15:38,669 INFO o.a.j.t.JMeterThread: Thread finished: S2 1-754
2026-10-06 09:15:38,670 INFO o.a.j.t.JMeterThread: Stopping because end time detected by thread: S2 1-881
2026-10-06 09:15:38,670 INFO o.a.j.t.JMeterThread: Thread finished: S2 1-881
2026-10-06 09:15:38,671 INFO o.a.j.t.JMeterThread: Stopping because end time detected by thread: S2 1-567
2026-10-06 09:15:38,671 INFO o.a.j.t.JMeterThread: Thread finished: S2 1-567
2026-10-06 09:15:38,671 INFO o.a.j.t.JMeterThread: Stopping because end time detected by thread: S2 1-831
2026-10-06 09:15:38,671 INFO o.a.j.t.JMeterThread: Thread finished: S2 1-831
2026-10-06 09:15:38,672 INFO o.a.j.t.JMeterThread: Stopping because end time detected by thread: S2 1-854
2026-10-06 09:15:38,672 INFO o.a.j.t.JMeterThread: Thread finished: S2 1-854
2026-10-06 09:15:38,673 INFO o.a.j.t.JMeterThread: Stopping because end time detected by thread: S2 1-973
2026-10-06 09:15:38,673 INFO o.a.j.t.JMeterThread: Thread finished: S2 1-973
2026-10-06 09:15:38,674 INFO o.a.j.t.JMeterThread: Stopping because end time detected by thread: S2 1-869
2026-10-06 09:15:38,674 INFO o.a.j.t.JMeterThread: Stopping because end time detected by thread: S2 1-699
2026-10-06 09:15:38,674 INFO o.a.j.t.JMeterThread: Thread finished: S2 1-869
2026-10-06 09:15:38,674 INFO o.a.j.t.JMeterThread: Thread finished: S2 1-699
2026-10-06 09:15:38,676 INFO o.a.j.t.JMeterThread: Stopping because end time detected by thread: S2 1-747
2026-10-06 09:15:38,676 INFO o.a.j.t.JMeterThread: Thread finished: S2 1-747
2026-10-06 09:15:38,677 INFO o.a.j.t.JMeterThread: Stopping because end time detected by thread: S2 1-608
2026-10-06 09:15:38,677 INFO o.a.j.t.JMeterThread: Thread finished: S2 1-608
2026-10-06 09:15:38,678 INFO o.a.j.t.JMeterThread: Stopping because end time detected by thread: S2 1-814
2026-10-06 09:15:38,678 INFO o.a.j.t.JMeterThread: Thread finished: S2 1-814
2026-10-06 09:15:38,678 INFO o.a.j.t.JMeterThread: Stopping because end time detected by thread: S2 1-808
2026-10-06 09:15:38,678 INFO o.a.j.t.JMeterThread: Thread finished: S2 1-808
2026-10-06 09:15:38,679 INFO o.a.j.t.JMeterThread: Stopping because end time detected by thread: S2 1-823
2026-10-06 09:15:38,680 INFO o.a.j.t.JMeterThread: Thread finished: S2 1-823
2026-10-06 09:15:38,681 INFO o.a.j.t.JMeterThread: Stopping because end time detected by thread: S2 1-794
2026-10-06 09:15:38,681 INFO o.a.j.t.JMeterThread: Thread finished: S2 1-794
2026-10-06 09:15:38,682 INFO o.a.j.t.JMeterThread: Stopping because end time detected by thread: S2 1-804
2026-10-06 09:15:38,682 INFO o.a.j.t.JMeterThread: Stopping because end time detected by thread: S2 1-919
2026-10-06 09:15:38,683 INFO o.a.j.t.JMeterThread: Thread finished: S2 1-804
2026-10-06 09:15:38,683 INFO o.a.j.t.JMeterThread: Thread finished: S2 1-919
2026-10-06 09:15:38,683 INFO o.a.j.t.JMeterThread: Stopping because end time detected by thread: S2 1-966
2026-10-06 09:15:38,683 INFO o.a.j.t.JMeterThread: Thread finished: S2 1-966
2026-10-06 09:15:38,685 INFO o.a.j.t.JMeterThread: Stopping because end time detected by thread: S2 1-401
2026-10-06 09:15:38,685 INFO o.a.j.t.JMeterThread: Thread finished: S2 1-401
2026-10-06 09:15:38,686 INFO o.a.j.t.JMeterThread: Stopping because end time detected by thread: S2 1-547
2026-10-06 09:15:38,686 INFO o.a.j.t.JMeterThread: Thread finished: S2 1-547
2026-10-06 09:15:38,687 INFO o.a.j.t.JMeterThread: Stopping because end time detected by thread: S2 1-800
2026-10-06 09:15:38,687 INFO o.a.j.t.JMeterThread: Stopping because end time detected by thread: S2 1-755
2026-10-06 09:15:38,687 INFO o.a.j.t.JMeterThread: Thread finished: S2 1-755
2026-10-06 09:15:38,687 INFO o.a.j.t.JMeterThread: Thread finished: S2 1-800
2026-10-06 09:15:38,688 INFO o.a.j.t.JMeterThread: Stopping because end time detected by thread: S2 1-783
2026-10-06 09:15:38,688 INFO o.a.j.t.JMeterThread: Thread finished: S2 1-783
2026-10-06 09:15:38,690 INFO o.a.j.t.JMeterThread: Stopping because end time detected by thread: S2 1-568
2026-10-06 09:15:38,690 INFO o.a.j.t.JMeterThread: Thread finished: S2 1-568
2026-10-06 09:15:38,691 INFO o.a.j.t.JMeterThread: Stopping because end time detected by thread: S2 1-999
2026-10-06 09:15:38,691 INFO o.a.j.t.JMeterThread: Thread finished: S2 1-999
2026-10-06 09:15:38,691 INFO o.a.j.t.JMeterThread: Stopping because end time detected by thread: S2 1-898
2026-10-06 09:15:38,691 INFO o.a.j.t.JMeterThread: Thread finished: S2 1-898
2026-10-06 09:15:38,692 INFO o.a.j.t.JMeterThread: Stopping because end time detected by thread: S2 1-632
2026-10-06 09:15:38,692 INFO o.a.j.t.JMeterThread: Thread finished: S2 1-632
2026-10-06 09:15:38,694 INFO o.a.j.t.JMeterThread: Stopping because end time detected by thread: S2 1-690
2026-10-06 09:15:38,694 INFO o.a.j.t.JMeterThread: Thread finished: S2 1-690
2026-10-06 09:15:38,695 INFO o.a.j.t.JMeterThread: Stopping because end time detected by thread: S2 1-812
2026-10-06 09:15:38,695 INFO o.a.j.t.JMeterThread: Thread finished: S2 1-812
2026-10-06 09:15:38,696 INFO o.a.j.t.JMeterThread: Stopping because end time detected by thread: S2 1-642
2026-10-06 09:15:38,696 INFO o.a.j.t.JMeterThread: Thread finished: S2 1-642
2026-10-06 09:15:38,697 INFO o.a.j.t.JMeterThread: Stopping because end time detected by thread: S2 1-743
2026-10-06 09:15:38,698 INFO o.a.j.t.JMeterThread: Thread finished: S2 1-743
2026-10-06 09:15:38,699 INFO o.a.j.t.JMeterThread: Stopping because end time detected by thread: S2 1-994
2026-10-06 09:15:38,699 INFO o.a.j.t.JMeterThread: Thread finished: S2 1-994
2026-10-06 09:15:38,700 INFO o.a.j.t.JMeterThread: Stopping because end time detected by thread: S2 1-470
2026-10-06 09:15:38,700 INFO o.a.j.t.JMeterThread: Thread finished: S2 1-470
2026-10-06 09:15:38,701 INFO o.a.j.t.JMeterThread: Stopping because end time detected by thread: S2 1-740
2026-10-06 09:15:38,701 INFO o.a.j.t.JMeterThread: Thread finished: S2 1-740
2026-10-06 09:15:38,703 INFO o.a.j.t.JMeterThread: Stopping because end time detected by thread: S2 1-696
2026-10-06 09:15:38,703 INFO o.a.j.t.JMeterThread: Thread finished: S2 1-696
2026-10-06 09:15:38,705 INFO o.a.j.t.JMeterThread: Stopping because end time detected by thread: S2 1-910
2026-10-06 09:15:38,705 INFO o.a.j.t.JMeterThread: Thread finished: S2 1-910
2026-10-06 09:15:38,706 INFO o.a.j.t.JMeterThread: Stopping because end time detected by thread: S2 1-995
2026-10-06 09:15:38,706 INFO o.a.j.t.JMeterThread: Thread finished: S2 1-995
2026-10-06 09:15:38,707 INFO o.a.j.t.JMeterThread: Stopping because end time detected by thread: S2 1-943
2026-10-06 09:15:38,707 INFO o.a.j.t.JMeterThread: Thread finished: S2 1-943
2026-10-06 09:15:38,710 INFO o.a.j.t.JMeterThread: Stopping because end time detected by thread: S2 1-605
2026-10-06 09:15:38,710 INFO o.a.j.t.JMeterThread: Thread finished: S2 1-605
2026-10-06 09:15:38,711 INFO o.a.j.t.JMeterThread: Stopping because end time detected by thread: S2 1-845
2026-10-06 09:15:38,711 INFO o.a.j.t.JMeterThread: Thread finished: S2 1-845
2026-10-06 09:15:38,713 INFO o.a.j.t.JMeterThread: Stopping because end time detected by thread: S2 1-521
2026-10-06 09:15:38,713 INFO o.a.j.t.JMeterThread: Thread finished: S2 1-521
2026-10-06 09:15:38,714 INFO o.a.j.t.JMeterThread: Stopping because end time detected by thread: S2 1-946
2026-10-06 09:15:38,714 INFO o.a.j.t.JMeterThread: Thread finished: S2 1-946
2026-10-06 09:15:38,716 INFO o.a.j.t.JMeterThread: Stopping because end time detected by thread: S2 1-856
2026-10-06 09:15:38,716 INFO o.a.j.t.JMeterThread: Thread finished: S2 1-856
2026-10-06 09:15:38,719 INFO o.a.j.t.JMeterThread: Stopping because end time detected by thread: S2 1-955
2026-10-06 09:15:38,719 INFO o.a.j.t.JMeterThread: Thread finished: S2 1-955
2026-10-06 09:15:38,722 INFO o.a.j.t.JMeterThread: Stopping because end time detected by thread: S2 1-985
2026-10-06 09:15:38,722 INFO o.a.j.t.JMeterThread: Thread finished: S2 1-985
2026-10-06 09:15:38,726 INFO o.a.j.t.JMeterThread: Stopping because end time detected by thread: S2 1-927
2026-10-06 09:15:38,726 INFO o.a.j.t.JMeterThread: Thread finished: S2 1-927
2026-10-06 09:15:38,730 INFO o.a.j.t.JMeterThread: Stopping because end time detected by thread: S2 1-803
2026-10-06 09:15:38,730 INFO o.a.j.t.JMeterThread: Thread finished: S2 1-803
2026-10-06 09:15:38,734 INFO o.a.j.t.JMeterThread: Stopping because end time detected by thread: S2 1-889
2026-10-06 09:15:38,734 INFO o.a.j.t.JMeterThread: Thread finished: S2 1-889
2026-10-06 09:15:38,737 INFO o.a.j.t.JMeterThread: Stopping because end time detected by thread: S2 1-976
2026-10-06 09:15:38,737 INFO o.a.j.t.JMeterThread: Thread finished: S2 1-976
2026-10-06 09:15:38,740 INFO o.a.j.t.JMeterThread: Stopping because end time detected by thread: S2 1-923
2026-10-06 09:15:38,740 INFO o.a.j.t.JMeterThread: Thread finished: S2 1-923
2026-10-06 09:15:38,743 INFO o.a.j.t.JMeterThread: Stopping because end time detected by thread: S2 1-998
2026-10-06 09:15:38,743 INFO o.a.j.t.JMeterThread: Thread finished: S2 1-998
2026-10-06 09:15:38,744 INFO o.a.j.e.StandardJMeterEngine: Notifying test listeners of end of test
2026-10-06 09:15:38,744 INFO o.a.j.s.FileServer: Close: /tests/data/available_menu_items.csv
2026-10-06 09:15:38,746 INFO o.a.j.r.Summariser: summary +  10220 in 00:00:09 = 1168.7/s Avg:  1010 Min:   854 Max:  1130 Err:     0 (0.00%) Active: 0 Started: 1000 Finished: 1000
2026-10-06 09:15:38,746 INFO o.a.j.r.Summariser: summary =  63131 in 00:01:01 = 1043.3/s Avg:   936 Min:     6 Max:  1141 Err:     0 (0.00%)
