2026-10-06 09:13:31,450 INFO o.a.j.u.JMeterUtils: Setting Locale to en_EN
2026-10-06 09:13:31,471 INFO o.a.j.JMeter: Loading user properties from: /opt/jmeter/bin/user.properties
2026-10-06 09:13:31,471 INFO o.a.j.JMeter: Loading system properties from: /opt/jmeter/bin/system.properties
2026-10-06 09:13:31,471 INFO o.a.j.JMeter: Loading additional properties from: /tests/run.properties
2026-10-06 09:13:31,471 INFO o.a.j.JMeter: Loading additional properties from: /tests/data/ranges.properties
2026-10-06 09:13:31,471 INFO o.a.j.JMeter: Setting JMeter property: host=nestjs-nginx
2026-10-06 09:13:31,472 INFO o.a.j.JMeter: Setting JMeter property: port=80
2026-10-06 09:13:31,472 INFO o.a.j.JMeter: Setting JMeter property: rampup=10
2026-10-06 09:13:31,472 INFO o.a.j.JMeter: Setting JMeter property: endpoint=EP7
2026-10-06 09:13:31,472 INFO o.a.j.JMeter: Setting JMeter property: users=1000
2026-10-06 09:13:31,472 INFO o.a.j.JMeter: Setting JMeter property: duration=60
2026-10-06 09:13:31,476 INFO o.a.j.JMeter: Copyright (c) 1998-2024 The Apache Software Foundation
2026-10-06 09:13:31,476 INFO o.a.j.JMeter: Version 5.6.3
2026-10-06 09:13:31,476 INFO o.a.j.JMeter: java.version=21.0.12.1
2026-10-06 09:13:31,476 INFO o.a.j.JMeter: java.vm.name=OpenJDK 64-Bit Server VM
2026-10-06 09:13:31,476 INFO o.a.j.JMeter: os.name=Linux
2026-10-06 09:13:31,477 INFO o.a.j.JMeter: os.arch=amd64
2026-10-06 09:13:31,477 INFO o.a.j.JMeter: os.version=6.6.87.2-microsoft-standard-WSL2
2026-10-06 09:13:31,477 INFO o.a.j.JMeter: file.encoding=UTF-8
2026-10-06 09:13:31,477 INFO o.a.j.JMeter: java.awt.headless=true
2026-10-06 09:13:31,477 INFO o.a.j.JMeter: Max memory     =4294967296
2026-10-06 09:13:31,477 INFO o.a.j.JMeter: Available Processors =12
2026-10-06 09:13:31,485 INFO o.a.j.JMeter: Default Locale=English (EN)
2026-10-06 09:13:31,485 INFO o.a.j.JMeter: JMeter  Locale=English (EN)
2026-10-06 09:13:31,485 INFO o.a.j.JMeter: JMeterHome=/opt/jmeter
2026-10-06 09:13:31,485 INFO o.a.j.JMeter: user.dir  =/tests
2026-10-06 09:13:31,485 INFO o.a.j.JMeter: PWD       =/tests
2026-10-06 09:13:31,486 INFO o.a.j.JMeter: IP: 172.19.0.5 Name: d5230fb61363 FullName: d5230fb61363
2026-10-06 09:13:31,496 INFO o.a.j.s.FileServer: Default base='/tests'
2026-10-06 09:13:31,497 INFO o.a.j.s.FileServer: Set new base='/tests'
2026-10-06 09:13:31,644 INFO o.a.j.s.SaveService: Testplan (JMX) version: 2.2. Testlog (JTL) version: 2.2
2026-10-06 09:13:31,666 INFO o.a.j.s.SaveService: Using SaveService properties version 5.0
2026-10-06 09:13:31,669 INFO o.a.j.s.SaveService: Using SaveService properties file encoding UTF-8
2026-10-06 09:13:31,672 INFO o.a.j.s.SaveService: Loading file: /tests/s2.jmx
2026-10-06 09:13:31,716 INFO o.a.j.p.h.s.HTTPSamplerBase: Parser for text/html is org.apache.jmeter.protocol.http.parser.LagartoBasedHtmlParser
2026-10-06 09:13:31,716 INFO o.a.j.p.h.s.HTTPSamplerBase: Parser for application/xhtml+xml is org.apache.jmeter.protocol.http.parser.LagartoBasedHtmlParser
2026-10-06 09:13:31,716 INFO o.a.j.p.h.s.HTTPSamplerBase: Parser for application/xml is org.apache.jmeter.protocol.http.parser.LagartoBasedHtmlParser
2026-10-06 09:13:31,716 INFO o.a.j.p.h.s.HTTPSamplerBase: Parser for text/xml is org.apache.jmeter.protocol.http.parser.LagartoBasedHtmlParser
2026-10-06 09:13:31,716 INFO o.a.j.p.h.s.HTTPSamplerBase: Parser for text/vnd.wap.wml is org.apache.jmeter.protocol.http.parser.RegexpHTMLParser
2026-10-06 09:13:31,716 INFO o.a.j.p.h.s.HTTPSamplerBase: Parser for text/css is org.apache.jmeter.protocol.http.parser.CssParser
2026-10-06 09:13:31,758 INFO o.a.j.JMeter: Creating summariser <summary>
2026-10-06 09:13:31,773 INFO o.a.j.e.StandardJMeterEngine: Running the test!
2026-10-06 09:13:31,774 INFO o.a.j.s.SampleEvent: List of sample_variables: []
2026-10-06 09:13:31,774 INFO o.a.j.s.SampleEvent: List of sample_variables: []
2026-10-06 09:13:31,777 INFO o.a.j.e.u.CompoundVariable: Note: Function class names must contain the string: '.functions.'
2026-10-06 09:13:31,777 INFO o.a.j.e.u.CompoundVariable: Note: Function class names must not contain the string: '.gui.'
2026-10-06 09:13:31,975 INFO o.a.j.JMeter: Running test (1791278011975)
2026-10-06 09:13:31,976 INFO o.a.j.e.StandardJMeterEngine: Starting setUp thread groups
2026-10-06 09:13:31,976 INFO o.a.j.e.StandardJMeterEngine: Starting setUp ThreadGroup: 1 : setUp - login 
2026-10-06 09:13:31,977 INFO o.a.j.e.StandardJMeterEngine: Starting 1 threads for group setUp - login.
2026-10-06 09:13:31,977 INFO o.a.j.e.StandardJMeterEngine: Test will stop abruptly on error
2026-10-06 09:13:31,977 INFO o.a.j.t.ThreadGroup: Starting thread group... number=1 threads=1 ramp-up=1 delayedStart=false
2026-10-06 09:13:31,980 INFO o.a.j.t.ThreadGroup: Started thread group number 1
2026-10-06 09:13:31,980 INFO o.a.j.e.StandardJMeterEngine: Waiting for all setup thread groups to exit
2026-10-06 09:13:31,981 INFO o.a.j.t.JMeterThread: Thread started: setUp - login 1-1
2026-10-06 09:13:31,992 INFO o.a.j.p.h.s.HTTPHCAbstractImpl: Local host = d5230fb61363
2026-10-06 09:13:31,996 INFO o.a.j.p.h.s.HTTPHC4Impl: HTTP request retry count = 0
2026-10-06 09:13:31,997 INFO o.a.j.s.SampleResult: Note: Sample TimeStamps are START times
2026-10-06 09:13:31,997 INFO o.a.j.s.SampleResult: sampleresult.default.encoding is set to UTF-8
2026-10-06 09:13:31,997 INFO o.a.j.s.SampleResult: sampleresult.useNanoTime=true
2026-10-06 09:13:31,997 INFO o.a.j.s.SampleResult: sampleresult.nanoThreadSleep=5000
2026-10-06 09:13:32,728 INFO o.a.j.r.Summariser: summary +      1 in 00:00:01 =    1.3/s Avg:   297 Min:   297 Max:   297 Err:     0 (0.00%) Active: 1 Started: 1 Finished: 0
2026-10-06 09:13:32,728 INFO o.a.j.t.JMeterThread: Thread is done: setUp - login 1-1
2026-10-06 09:13:32,729 INFO o.a.j.t.JMeterThread: Thread finished: setUp - login 1-1
2026-10-06 09:13:32,730 INFO o.a.j.e.StandardJMeterEngine: All Setup Threads have ended
2026-10-06 09:13:32,752 INFO o.a.j.e.StandardJMeterEngine: Starting ThreadGroup: 1 : S2
2026-10-06 09:13:32,753 INFO o.a.j.e.StandardJMeterEngine: Starting 1000 threads for group S2.
2026-10-06 09:13:32,753 INFO o.a.j.e.StandardJMeterEngine: Thread will continue on error
2026-10-06 09:13:32,753 INFO o.a.j.t.ThreadGroup: Starting thread group... number=1 threads=1000 ramp-up=10 delayedStart=false
2026-10-06 09:13:32,764 INFO o.a.j.t.JMeterThread: Thread started: S2 1-1
2026-10-06 09:13:32,765 INFO o.a.j.s.FileServer: Stored: /tests/data/available_menu_items.csv
2026-10-06 09:13:32,772 INFO o.a.j.t.JMeterThread: Thread started: S2 1-2
2026-10-06 09:13:32,782 INFO o.a.j.t.JMeterThread: Thread started: S2 1-3
2026-10-06 09:13:32,791 INFO o.a.j.t.JMeterThread: Thread started: S2 1-4
2026-10-06 09:13:32,800 INFO o.a.j.t.JMeterThread: Thread started: S2 1-5
2026-10-06 09:13:32,809 INFO o.a.j.t.JMeterThread: Thread started: S2 1-6
2026-10-06 09:13:32,818 INFO o.a.j.t.JMeterThread: Thread started: S2 1-7
2026-10-06 09:13:32,827 INFO o.a.j.t.JMeterThread: Thread started: S2 1-8
2026-10-06 09:13:32,837 INFO o.a.j.t.JMeterThread: Thread started: S2 1-9
2026-10-06 09:13:32,848 INFO o.a.j.t.JMeterThread: Thread started: S2 1-10
2026-10-06 09:13:32,855 INFO o.a.j.t.JMeterThread: Thread started: S2 1-11
2026-10-06 09:13:32,868 INFO o.a.j.t.JMeterThread: Thread started: S2 1-12
2026-10-06 09:13:32,875 INFO o.a.j.t.JMeterThread: Thread started: S2 1-13
2026-10-06 09:13:32,887 INFO o.a.j.t.JMeterThread: Thread started: S2 1-14
2026-10-06 09:13:32,895 INFO o.a.j.t.JMeterThread: Thread started: S2 1-15
2026-10-06 09:13:32,905 INFO o.a.j.t.JMeterThread: Thread started: S2 1-16
2026-10-06 09:13:32,915 INFO o.a.j.t.JMeterThread: Thread started: S2 1-17
2026-10-06 09:13:32,925 INFO o.a.j.t.JMeterThread: Thread started: S2 1-18
2026-10-06 09:13:32,935 INFO o.a.j.t.JMeterThread: Thread started: S2 1-19
2026-10-06 09:13:32,945 INFO o.a.j.t.JMeterThread: Thread started: S2 1-20
2026-10-06 09:13:32,955 INFO o.a.j.t.JMeterThread: Thread started: S2 1-21
2026-10-06 09:13:32,964 INFO o.a.j.t.JMeterThread: Thread started: S2 1-22
2026-10-06 09:13:32,974 INFO o.a.j.t.JMeterThread: Thread started: S2 1-23
2026-10-06 09:13:32,985 INFO o.a.j.t.JMeterThread: Thread started: S2 1-24
2026-10-06 09:13:32,995 INFO o.a.j.t.JMeterThread: Thread started: S2 1-25
2026-10-06 09:13:33,004 INFO o.a.j.t.JMeterThread: Thread started: S2 1-26
2026-10-06 09:13:33,015 INFO o.a.j.t.JMeterThread: Thread started: S2 1-27
2026-10-06 09:13:33,026 INFO o.a.j.t.JMeterThread: Thread started: S2 1-28
2026-10-06 09:13:33,034 INFO o.a.j.t.JMeterThread: Thread started: S2 1-29
2026-10-06 09:13:33,045 INFO o.a.j.t.JMeterThread: Thread started: S2 1-30
2026-10-06 09:13:33,054 INFO o.a.j.t.JMeterThread: Thread started: S2 1-31
2026-10-06 09:13:33,065 INFO o.a.j.t.JMeterThread: Thread started: S2 1-32
2026-10-06 09:13:33,075 INFO o.a.j.t.JMeterThread: Thread started: S2 1-33
2026-10-06 09:13:33,085 INFO o.a.j.t.JMeterThread: Thread started: S2 1-34
2026-10-06 09:13:33,094 INFO o.a.j.t.JMeterThread: Thread started: S2 1-35
2026-10-06 09:13:33,104 INFO o.a.j.t.JMeterThread: Thread started: S2 1-36
2026-10-06 09:13:33,114 INFO o.a.j.t.JMeterThread: Thread started: S2 1-37
2026-10-06 09:13:33,124 INFO o.a.j.t.JMeterThread: Thread started: S2 1-38
2026-10-06 09:13:33,134 INFO o.a.j.t.JMeterThread: Thread started: S2 1-39
2026-10-06 09:13:33,144 INFO o.a.j.t.JMeterThread: Thread started: S2 1-40
2026-10-06 09:13:33,154 INFO o.a.j.t.JMeterThread: Thread started: S2 1-41
2026-10-06 09:13:33,164 INFO o.a.j.t.JMeterThread: Thread started: S2 1-42
2026-10-06 09:13:33,174 INFO o.a.j.t.JMeterThread: Thread started: S2 1-43
2026-10-06 09:13:33,185 INFO o.a.j.t.JMeterThread: Thread started: S2 1-44
2026-10-06 09:13:33,194 INFO o.a.j.t.JMeterThread: Thread started: S2 1-45
2026-10-06 09:13:33,204 INFO o.a.j.t.JMeterThread: Thread started: S2 1-46
2026-10-06 09:13:33,214 INFO o.a.j.t.JMeterThread: Thread started: S2 1-47
2026-10-06 09:13:33,224 INFO o.a.j.t.JMeterThread: Thread started: S2 1-48
2026-10-06 09:13:33,234 INFO o.a.j.t.JMeterThread: Thread started: S2 1-49
2026-10-06 09:13:33,240 INFO o.a.j.t.ThreadGroup: Started thread group number 1
2026-10-06 09:13:33,240 INFO o.a.j.e.StandardJMeterEngine: All thread groups have been started
2026-10-06 09:13:33,244 INFO o.a.j.t.JMeterThread: Thread started: S2 1-50
2026-10-06 09:13:33,255 INFO o.a.j.t.JMeterThread: Thread started: S2 1-51
2026-10-06 09:13:33,264 INFO o.a.j.t.JMeterThread: Thread started: S2 1-52
2026-10-06 09:13:33,275 INFO o.a.j.t.JMeterThread: Thread started: S2 1-53
2026-10-06 09:13:33,284 INFO o.a.j.t.JMeterThread: Thread started: S2 1-54
2026-10-06 09:13:33,294 INFO o.a.j.t.JMeterThread: Thread started: S2 1-55
2026-10-06 09:13:33,304 INFO o.a.j.t.JMeterThread: Thread started: S2 1-56
2026-10-06 09:13:33,314 INFO o.a.j.t.JMeterThread: Thread started: S2 1-57
2026-10-06 09:13:33,324 INFO o.a.j.t.JMeterThread: Thread started: S2 1-58
2026-10-06 09:13:33,334 INFO o.a.j.t.JMeterThread: Thread started: S2 1-59
2026-10-06 09:13:33,344 INFO o.a.j.t.JMeterThread: Thread started: S2 1-60
2026-10-06 09:13:33,368 INFO o.a.j.t.JMeterThread: Thread started: S2 1-61
2026-10-06 09:13:33,372 INFO o.a.j.t.JMeterThread: Thread started: S2 1-62
2026-10-06 09:13:33,374 INFO o.a.j.t.JMeterThread: Thread started: S2 1-63
2026-10-06 09:13:33,384 INFO o.a.j.t.JMeterThread: Thread started: S2 1-64
2026-10-06 09:13:33,394 INFO o.a.j.t.JMeterThread: Thread started: S2 1-65
2026-10-06 09:13:33,404 INFO o.a.j.t.JMeterThread: Thread started: S2 1-66
2026-10-06 09:13:33,414 INFO o.a.j.t.JMeterThread: Thread started: S2 1-67
2026-10-06 09:13:33,424 INFO o.a.j.t.JMeterThread: Thread started: S2 1-68
2026-10-06 09:13:33,435 INFO o.a.j.t.JMeterThread: Thread started: S2 1-69
2026-10-06 09:13:33,444 INFO o.a.j.t.JMeterThread: Thread started: S2 1-70
2026-10-06 09:13:33,455 INFO o.a.j.t.JMeterThread: Thread started: S2 1-71
2026-10-06 09:13:33,464 INFO o.a.j.t.JMeterThread: Thread started: S2 1-72
2026-10-06 09:13:33,475 INFO o.a.j.t.JMeterThread: Thread started: S2 1-73
2026-10-06 09:13:33,484 INFO o.a.j.t.JMeterThread: Thread started: S2 1-74
2026-10-06 09:13:33,495 INFO o.a.j.t.JMeterThread: Thread started: S2 1-75
2026-10-06 09:13:33,504 INFO o.a.j.t.JMeterThread: Thread started: S2 1-76
2026-10-06 09:13:33,515 INFO o.a.j.t.JMeterThread: Thread started: S2 1-77
2026-10-06 09:13:33,524 INFO o.a.j.t.JMeterThread: Thread started: S2 1-78
2026-10-06 09:13:33,534 INFO o.a.j.t.JMeterThread: Thread started: S2 1-79
2026-10-06 09:13:33,544 INFO o.a.j.t.JMeterThread: Thread started: S2 1-80
2026-10-06 09:13:33,554 INFO o.a.j.t.JMeterThread: Thread started: S2 1-81
2026-10-06 09:13:33,564 INFO o.a.j.t.JMeterThread: Thread started: S2 1-82
2026-10-06 09:13:33,575 INFO o.a.j.t.JMeterThread: Thread started: S2 1-83
2026-10-06 09:13:33,584 INFO o.a.j.t.JMeterThread: Thread started: S2 1-84
2026-10-06 09:13:33,594 INFO o.a.j.t.JMeterThread: Thread started: S2 1-85
2026-10-06 09:13:33,604 INFO o.a.j.t.JMeterThread: Thread started: S2 1-86
2026-10-06 09:13:33,615 INFO o.a.j.t.JMeterThread: Thread started: S2 1-87
2026-10-06 09:13:33,624 INFO o.a.j.t.JMeterThread: Thread started: S2 1-88
2026-10-06 09:13:33,635 INFO o.a.j.t.JMeterThread: Thread started: S2 1-89
2026-10-06 09:13:33,645 INFO o.a.j.t.JMeterThread: Thread started: S2 1-90
2026-10-06 09:13:33,654 INFO o.a.j.t.JMeterThread: Thread started: S2 1-91
2026-10-06 09:13:33,664 INFO o.a.j.t.JMeterThread: Thread started: S2 1-92
2026-10-06 09:13:33,674 INFO o.a.j.t.JMeterThread: Thread started: S2 1-93
2026-10-06 09:13:33,685 INFO o.a.j.t.JMeterThread: Thread started: S2 1-94
2026-10-06 09:13:33,694 INFO o.a.j.t.JMeterThread: Thread started: S2 1-95
2026-10-06 09:13:33,704 INFO o.a.j.t.JMeterThread: Thread started: S2 1-96
2026-10-06 09:13:33,714 INFO o.a.j.t.JMeterThread: Thread started: S2 1-97
2026-10-06 09:13:33,724 INFO o.a.j.t.JMeterThread: Thread started: S2 1-98
2026-10-06 09:13:33,734 INFO o.a.j.t.JMeterThread: Thread started: S2 1-99
2026-10-06 09:13:33,744 INFO o.a.j.t.JMeterThread: Thread started: S2 1-100
2026-10-06 09:13:33,755 INFO o.a.j.t.JMeterThread: Thread started: S2 1-101
2026-10-06 09:13:33,764 INFO o.a.j.t.JMeterThread: Thread started: S2 1-102
2026-10-06 09:13:33,774 INFO o.a.j.t.JMeterThread: Thread started: S2 1-103
2026-10-06 09:13:33,784 INFO o.a.j.t.JMeterThread: Thread started: S2 1-104
2026-10-06 09:13:33,794 INFO o.a.j.t.JMeterThread: Thread started: S2 1-105
2026-10-06 09:13:33,804 INFO o.a.j.t.JMeterThread: Thread started: S2 1-106
2026-10-06 09:13:33,814 INFO o.a.j.t.JMeterThread: Thread started: S2 1-107
2026-10-06 09:13:33,824 INFO o.a.j.t.JMeterThread: Thread started: S2 1-108
2026-10-06 09:13:33,835 INFO o.a.j.t.JMeterThread: Thread started: S2 1-109
2026-10-06 09:13:33,844 INFO o.a.j.t.JMeterThread: Thread started: S2 1-110
2026-10-06 09:13:33,855 INFO o.a.j.t.JMeterThread: Thread started: S2 1-111
2026-10-06 09:13:33,864 INFO o.a.j.t.JMeterThread: Thread started: S2 1-112
2026-10-06 09:13:33,875 INFO o.a.j.t.JMeterThread: Thread started: S2 1-113
2026-10-06 09:13:33,884 INFO o.a.j.t.JMeterThread: Thread started: S2 1-114
2026-10-06 09:13:33,895 INFO o.a.j.t.JMeterThread: Thread started: S2 1-115
2026-10-06 09:13:33,904 INFO o.a.j.t.JMeterThread: Thread started: S2 1-116
2026-10-06 09:13:33,915 INFO o.a.j.t.JMeterThread: Thread started: S2 1-117
2026-10-06 09:13:33,924 INFO o.a.j.t.JMeterThread: Thread started: S2 1-118
2026-10-06 09:13:33,935 INFO o.a.j.t.JMeterThread: Thread started: S2 1-119
2026-10-06 09:13:33,945 INFO o.a.j.t.JMeterThread: Thread started: S2 1-120
2026-10-06 09:13:33,954 INFO o.a.j.t.JMeterThread: Thread started: S2 1-121
2026-10-06 09:13:33,964 INFO o.a.j.t.JMeterThread: Thread started: S2 1-122
2026-10-06 09:13:33,975 INFO o.a.j.t.JMeterThread: Thread started: S2 1-123
2026-10-06 09:13:33,984 INFO o.a.j.t.JMeterThread: Thread started: S2 1-124
2026-10-06 09:13:33,994 INFO o.a.j.t.JMeterThread: Thread started: S2 1-125
2026-10-06 09:13:34,005 INFO o.a.j.t.JMeterThread: Thread started: S2 1-126
2026-10-06 09:13:34,014 INFO o.a.j.t.JMeterThread: Thread started: S2 1-127
2026-10-06 09:13:34,025 INFO o.a.j.t.JMeterThread: Thread started: S2 1-128
2026-10-06 09:13:34,035 INFO o.a.j.t.JMeterThread: Thread started: S2 1-129
2026-10-06 09:13:34,044 INFO o.a.j.t.JMeterThread: Thread started: S2 1-130
2026-10-06 09:13:34,055 INFO o.a.j.t.JMeterThread: Thread started: S2 1-131
2026-10-06 09:13:34,066 INFO o.a.j.t.JMeterThread: Thread started: S2 1-132
2026-10-06 09:13:34,075 INFO o.a.j.t.JMeterThread: Thread started: S2 1-133
2026-10-06 09:13:34,086 INFO o.a.j.t.JMeterThread: Thread started: S2 1-134
2026-10-06 09:13:34,094 INFO o.a.j.t.JMeterThread: Thread started: S2 1-135
2026-10-06 09:13:34,104 INFO o.a.j.t.JMeterThread: Thread started: S2 1-136
2026-10-06 09:13:34,115 INFO o.a.j.t.JMeterThread: Thread started: S2 1-137
2026-10-06 09:13:34,124 INFO o.a.j.t.JMeterThread: Thread started: S2 1-138
2026-10-06 09:13:34,135 INFO o.a.j.t.JMeterThread: Thread started: S2 1-139
2026-10-06 09:13:34,143 INFO o.a.j.t.JMeterThread: Thread started: S2 1-140
2026-10-06 09:13:34,155 INFO o.a.j.t.JMeterThread: Thread started: S2 1-141
2026-10-06 09:13:34,164 INFO o.a.j.t.JMeterThread: Thread started: S2 1-142
2026-10-06 09:13:34,174 INFO o.a.j.t.JMeterThread: Thread started: S2 1-143
2026-10-06 09:13:34,185 INFO o.a.j.t.JMeterThread: Thread started: S2 1-144
2026-10-06 09:13:34,194 INFO o.a.j.t.JMeterThread: Thread started: S2 1-145
2026-10-06 09:13:34,204 INFO o.a.j.t.JMeterThread: Thread started: S2 1-146
2026-10-06 09:13:34,214 INFO o.a.j.t.JMeterThread: Thread started: S2 1-147
2026-10-06 09:13:34,225 INFO o.a.j.t.JMeterThread: Thread started: S2 1-148
2026-10-06 09:13:34,234 INFO o.a.j.t.JMeterThread: Thread started: S2 1-149
2026-10-06 09:13:34,245 INFO o.a.j.t.JMeterThread: Thread started: S2 1-150
2026-10-06 09:13:34,256 INFO o.a.j.t.JMeterThread: Thread started: S2 1-151
2026-10-06 09:13:34,264 INFO o.a.j.t.JMeterThread: Thread started: S2 1-152
2026-10-06 09:13:34,274 INFO o.a.j.t.JMeterThread: Thread started: S2 1-153
2026-10-06 09:13:34,283 INFO o.a.j.t.JMeterThread: Thread started: S2 1-154
2026-10-06 09:13:34,294 INFO o.a.j.t.JMeterThread: Thread started: S2 1-155
2026-10-06 09:13:34,303 INFO o.a.j.t.JMeterThread: Thread started: S2 1-156
2026-10-06 09:13:34,314 INFO o.a.j.t.JMeterThread: Thread started: S2 1-157
2026-10-06 09:13:34,324 INFO o.a.j.t.JMeterThread: Thread started: S2 1-158
2026-10-06 09:13:34,333 INFO o.a.j.t.JMeterThread: Thread started: S2 1-159
2026-10-06 09:13:34,345 INFO o.a.j.t.JMeterThread: Thread started: S2 1-160
2026-10-06 09:13:34,354 INFO o.a.j.t.JMeterThread: Thread started: S2 1-161
2026-10-06 09:13:34,364 INFO o.a.j.t.JMeterThread: Thread started: S2 1-162
2026-10-06 09:13:34,375 INFO o.a.j.t.JMeterThread: Thread started: S2 1-163
2026-10-06 09:13:34,384 INFO o.a.j.t.JMeterThread: Thread started: S2 1-164
2026-10-06 09:13:34,395 INFO o.a.j.t.JMeterThread: Thread started: S2 1-165
2026-10-06 09:13:34,404 INFO o.a.j.t.JMeterThread: Thread started: S2 1-166
2026-10-06 09:13:34,415 INFO o.a.j.t.JMeterThread: Thread started: S2 1-167
2026-10-06 09:13:34,423 INFO o.a.j.t.JMeterThread: Thread started: S2 1-168
2026-10-06 09:13:34,434 INFO o.a.j.t.JMeterThread: Thread started: S2 1-169
2026-10-06 09:13:34,444 INFO o.a.j.t.JMeterThread: Thread started: S2 1-170
2026-10-06 09:13:34,454 INFO o.a.j.t.JMeterThread: Thread started: S2 1-171
2026-10-06 09:13:34,464 INFO o.a.j.t.JMeterThread: Thread started: S2 1-172
2026-10-06 09:13:34,473 INFO o.a.j.t.JMeterThread: Thread started: S2 1-173
2026-10-06 09:13:34,484 INFO o.a.j.t.JMeterThread: Thread started: S2 1-174
2026-10-06 09:13:34,494 INFO o.a.j.t.JMeterThread: Thread started: S2 1-175
2026-10-06 09:13:34,504 INFO o.a.j.t.JMeterThread: Thread started: S2 1-176
2026-10-06 09:13:34,514 INFO o.a.j.t.JMeterThread: Thread started: S2 1-177
2026-10-06 09:13:34,524 INFO o.a.j.t.JMeterThread: Thread started: S2 1-178
2026-10-06 09:13:34,534 INFO o.a.j.t.JMeterThread: Thread started: S2 1-179
2026-10-06 09:13:34,545 INFO o.a.j.t.JMeterThread: Thread started: S2 1-180
2026-10-06 09:13:34,554 INFO o.a.j.t.JMeterThread: Thread started: S2 1-181
2026-10-06 09:13:34,565 INFO o.a.j.t.JMeterThread: Thread started: S2 1-182
2026-10-06 09:13:34,576 INFO o.a.j.t.JMeterThread: Thread started: S2 1-183
2026-10-06 09:13:34,585 INFO o.a.j.t.JMeterThread: Thread started: S2 1-184
2026-10-06 09:13:34,594 INFO o.a.j.t.JMeterThread: Thread started: S2 1-185
2026-10-06 09:13:34,604 INFO o.a.j.t.JMeterThread: Thread started: S2 1-186
2026-10-06 09:13:34,614 INFO o.a.j.t.JMeterThread: Thread started: S2 1-187
2026-10-06 09:13:34,624 INFO o.a.j.t.JMeterThread: Thread started: S2 1-188
2026-10-06 09:13:34,634 INFO o.a.j.t.JMeterThread: Thread started: S2 1-189
2026-10-06 09:13:34,644 INFO o.a.j.t.JMeterThread: Thread started: S2 1-190
2026-10-06 09:13:34,656 INFO o.a.j.t.JMeterThread: Thread started: S2 1-191
2026-10-06 09:13:34,664 INFO o.a.j.t.JMeterThread: Thread started: S2 1-192
2026-10-06 09:13:34,674 INFO o.a.j.t.JMeterThread: Thread started: S2 1-193
2026-10-06 09:13:34,684 INFO o.a.j.t.JMeterThread: Thread started: S2 1-194
2026-10-06 09:13:34,694 INFO o.a.j.t.JMeterThread: Thread started: S2 1-195
2026-10-06 09:13:34,703 INFO o.a.j.t.JMeterThread: Thread started: S2 1-196
2026-10-06 09:13:34,714 INFO o.a.j.t.JMeterThread: Thread started: S2 1-197
2026-10-06 09:13:34,725 INFO o.a.j.t.JMeterThread: Thread started: S2 1-198
2026-10-06 09:13:34,741 INFO o.a.j.t.JMeterThread: Thread started: S2 1-199
2026-10-06 09:13:34,751 INFO o.a.j.t.JMeterThread: Thread started: S2 1-200
2026-10-06 09:13:34,760 INFO o.a.j.t.JMeterThread: Thread started: S2 1-201
2026-10-06 09:13:34,765 INFO o.a.j.t.JMeterThread: Thread started: S2 1-202
2026-10-06 09:13:34,773 INFO o.a.j.t.JMeterThread: Thread started: S2 1-203
2026-10-06 09:13:34,784 INFO o.a.j.t.JMeterThread: Thread started: S2 1-204
2026-10-06 09:13:34,794 INFO o.a.j.t.JMeterThread: Thread started: S2 1-205
2026-10-06 09:13:34,804 INFO o.a.j.t.JMeterThread: Thread started: S2 1-206
2026-10-06 09:13:34,813 INFO o.a.j.t.JMeterThread: Thread started: S2 1-207
2026-10-06 09:13:34,825 INFO o.a.j.t.JMeterThread: Thread started: S2 1-208
2026-10-06 09:13:34,835 INFO o.a.j.t.JMeterThread: Thread started: S2 1-209
2026-10-06 09:13:34,845 INFO o.a.j.t.JMeterThread: Thread started: S2 1-210
2026-10-06 09:13:34,855 INFO o.a.j.t.JMeterThread: Thread started: S2 1-211
2026-10-06 09:13:34,864 INFO o.a.j.t.JMeterThread: Thread started: S2 1-212
2026-10-06 09:13:34,875 INFO o.a.j.t.JMeterThread: Thread started: S2 1-213
2026-10-06 09:13:34,884 INFO o.a.j.t.JMeterThread: Thread started: S2 1-214
2026-10-06 09:13:34,895 INFO o.a.j.t.JMeterThread: Thread started: S2 1-215
2026-10-06 09:13:34,904 INFO o.a.j.t.JMeterThread: Thread started: S2 1-216
2026-10-06 09:13:34,915 INFO o.a.j.t.JMeterThread: Thread started: S2 1-217
2026-10-06 09:13:34,924 INFO o.a.j.t.JMeterThread: Thread started: S2 1-218
2026-10-06 09:13:34,935 INFO o.a.j.t.JMeterThread: Thread started: S2 1-219
2026-10-06 09:13:34,943 INFO o.a.j.t.JMeterThread: Thread started: S2 1-220
2026-10-06 09:13:34,954 INFO o.a.j.t.JMeterThread: Thread started: S2 1-221
2026-10-06 09:13:34,963 INFO o.a.j.t.JMeterThread: Thread started: S2 1-222
2026-10-06 09:13:34,974 INFO o.a.j.t.JMeterThread: Thread started: S2 1-223
2026-10-06 09:13:34,984 INFO o.a.j.t.JMeterThread: Thread started: S2 1-224
2026-10-06 09:13:34,994 INFO o.a.j.t.JMeterThread: Thread started: S2 1-225
2026-10-06 09:13:35,004 INFO o.a.j.t.JMeterThread: Thread started: S2 1-226
2026-10-06 09:13:35,015 INFO o.a.j.t.JMeterThread: Thread started: S2 1-227
2026-10-06 09:13:35,024 INFO o.a.j.t.JMeterThread: Thread started: S2 1-228
2026-10-06 09:13:35,035 INFO o.a.j.t.JMeterThread: Thread started: S2 1-229
2026-10-06 09:13:35,043 INFO o.a.j.t.JMeterThread: Thread started: S2 1-230
2026-10-06 09:13:35,054 INFO o.a.j.t.JMeterThread: Thread started: S2 1-231
2026-10-06 09:13:35,064 INFO o.a.j.t.JMeterThread: Thread started: S2 1-232
2026-10-06 09:13:35,074 INFO o.a.j.t.JMeterThread: Thread started: S2 1-233
2026-10-06 09:13:35,084 INFO o.a.j.t.JMeterThread: Thread started: S2 1-234
2026-10-06 09:13:35,093 INFO o.a.j.t.JMeterThread: Thread started: S2 1-235
2026-10-06 09:13:35,104 INFO o.a.j.t.JMeterThread: Thread started: S2 1-236
2026-10-06 09:13:35,114 INFO o.a.j.t.JMeterThread: Thread started: S2 1-237
2026-10-06 09:13:35,125 INFO o.a.j.t.JMeterThread: Thread started: S2 1-238
2026-10-06 09:13:35,133 INFO o.a.j.t.JMeterThread: Thread started: S2 1-239
2026-10-06 09:13:35,145 INFO o.a.j.t.JMeterThread: Thread started: S2 1-240
2026-10-06 09:13:35,155 INFO o.a.j.t.JMeterThread: Thread started: S2 1-241
2026-10-06 09:13:35,164 INFO o.a.j.t.JMeterThread: Thread started: S2 1-242
2026-10-06 09:13:35,175 INFO o.a.j.t.JMeterThread: Thread started: S2 1-243
2026-10-06 09:13:35,183 INFO o.a.j.t.JMeterThread: Thread started: S2 1-244
2026-10-06 09:13:35,196 INFO o.a.j.t.JMeterThread: Thread started: S2 1-245
2026-10-06 09:13:35,205 INFO o.a.j.t.JMeterThread: Thread started: S2 1-246
2026-10-06 09:13:35,214 INFO o.a.j.t.JMeterThread: Thread started: S2 1-247
2026-10-06 09:13:35,223 INFO o.a.j.t.JMeterThread: Thread started: S2 1-248
2026-10-06 09:13:35,234 INFO o.a.j.t.JMeterThread: Thread started: S2 1-249
2026-10-06 09:13:35,246 INFO o.a.j.t.JMeterThread: Thread started: S2 1-250
2026-10-06 09:13:35,253 INFO o.a.j.t.JMeterThread: Thread started: S2 1-251
2026-10-06 09:13:35,265 INFO o.a.j.t.JMeterThread: Thread started: S2 1-252
2026-10-06 09:13:35,273 INFO o.a.j.t.JMeterThread: Thread started: S2 1-253
2026-10-06 09:13:35,284 INFO o.a.j.t.JMeterThread: Thread started: S2 1-254
2026-10-06 09:13:35,294 INFO o.a.j.t.JMeterThread: Thread started: S2 1-255
2026-10-06 09:13:35,304 INFO o.a.j.t.JMeterThread: Thread started: S2 1-256
2026-10-06 09:13:35,314 INFO o.a.j.t.JMeterThread: Thread started: S2 1-257
2026-10-06 09:13:35,326 INFO o.a.j.t.JMeterThread: Thread started: S2 1-258
2026-10-06 09:13:35,335 INFO o.a.j.t.JMeterThread: Thread started: S2 1-259
2026-10-06 09:13:35,344 INFO o.a.j.t.JMeterThread: Thread started: S2 1-260
2026-10-06 09:13:35,355 INFO o.a.j.t.JMeterThread: Thread started: S2 1-261
2026-10-06 09:13:35,364 INFO o.a.j.t.JMeterThread: Thread started: S2 1-262
2026-10-06 09:13:35,374 INFO o.a.j.t.JMeterThread: Thread started: S2 1-263
2026-10-06 09:13:35,384 INFO o.a.j.t.JMeterThread: Thread started: S2 1-264
2026-10-06 09:13:35,393 INFO o.a.j.t.JMeterThread: Thread started: S2 1-265
2026-10-06 09:13:35,404 INFO o.a.j.t.JMeterThread: Thread started: S2 1-266
2026-10-06 09:13:35,413 INFO o.a.j.t.JMeterThread: Thread started: S2 1-267
2026-10-06 09:13:35,424 INFO o.a.j.t.JMeterThread: Thread started: S2 1-268
2026-10-06 09:13:35,434 INFO o.a.j.t.JMeterThread: Thread started: S2 1-269
2026-10-06 09:13:35,443 INFO o.a.j.t.JMeterThread: Thread started: S2 1-270
2026-10-06 09:13:35,454 INFO o.a.j.t.JMeterThread: Thread started: S2 1-271
2026-10-06 09:13:35,463 INFO o.a.j.t.JMeterThread: Thread started: S2 1-272
2026-10-06 09:13:35,475 INFO o.a.j.t.JMeterThread: Thread started: S2 1-273
2026-10-06 09:13:35,484 INFO o.a.j.t.JMeterThread: Thread started: S2 1-274
2026-10-06 09:13:35,494 INFO o.a.j.t.JMeterThread: Thread started: S2 1-275
2026-10-06 09:13:35,504 INFO o.a.j.t.JMeterThread: Thread started: S2 1-276
2026-10-06 09:13:35,514 INFO o.a.j.t.JMeterThread: Thread started: S2 1-277
2026-10-06 09:13:35,524 INFO o.a.j.t.JMeterThread: Thread started: S2 1-278
2026-10-06 09:13:35,534 INFO o.a.j.t.JMeterThread: Thread started: S2 1-279
2026-10-06 09:13:35,544 INFO o.a.j.t.JMeterThread: Thread started: S2 1-280
2026-10-06 09:13:35,555 INFO o.a.j.t.JMeterThread: Thread started: S2 1-281
2026-10-06 09:13:35,564 INFO o.a.j.t.JMeterThread: Thread started: S2 1-282
2026-10-06 09:13:35,580 INFO o.a.j.t.JMeterThread: Thread started: S2 1-283
2026-10-06 09:13:35,585 INFO o.a.j.t.JMeterThread: Thread started: S2 1-284
2026-10-06 09:13:35,595 INFO o.a.j.t.JMeterThread: Thread started: S2 1-285
2026-10-06 09:13:35,605 INFO o.a.j.t.JMeterThread: Thread started: S2 1-286
2026-10-06 09:13:35,613 INFO o.a.j.t.JMeterThread: Thread started: S2 1-287
2026-10-06 09:13:35,624 INFO o.a.j.t.JMeterThread: Thread started: S2 1-288
2026-10-06 09:13:35,633 INFO o.a.j.t.JMeterThread: Thread started: S2 1-289
2026-10-06 09:13:35,644 INFO o.a.j.t.JMeterThread: Thread started: S2 1-290
2026-10-06 09:13:35,655 INFO o.a.j.t.JMeterThread: Thread started: S2 1-291
2026-10-06 09:13:35,663 INFO o.a.j.t.JMeterThread: Thread started: S2 1-292
2026-10-06 09:13:35,674 INFO o.a.j.t.JMeterThread: Thread started: S2 1-293
2026-10-06 09:13:35,684 INFO o.a.j.t.JMeterThread: Thread started: S2 1-294
2026-10-06 09:13:35,694 INFO o.a.j.t.JMeterThread: Thread started: S2 1-295
2026-10-06 09:13:35,704 INFO o.a.j.t.JMeterThread: Thread started: S2 1-296
2026-10-06 09:13:35,714 INFO o.a.j.t.JMeterThread: Thread started: S2 1-297
2026-10-06 09:13:35,724 INFO o.a.j.t.JMeterThread: Thread started: S2 1-298
2026-10-06 09:13:35,734 INFO o.a.j.t.JMeterThread: Thread started: S2 1-299
2026-10-06 09:13:35,744 INFO o.a.j.t.JMeterThread: Thread started: S2 1-300
2026-10-06 09:13:35,753 INFO o.a.j.t.JMeterThread: Thread started: S2 1-301
2026-10-06 09:13:35,764 INFO o.a.j.t.JMeterThread: Thread started: S2 1-302
2026-10-06 09:13:35,774 INFO o.a.j.t.JMeterThread: Thread started: S2 1-303
2026-10-06 09:13:35,784 INFO o.a.j.t.JMeterThread: Thread started: S2 1-304
2026-10-06 09:13:35,794 INFO o.a.j.t.JMeterThread: Thread started: S2 1-305
2026-10-06 09:13:35,804 INFO o.a.j.t.JMeterThread: Thread started: S2 1-306
2026-10-06 09:13:35,814 INFO o.a.j.t.JMeterThread: Thread started: S2 1-307
2026-10-06 09:13:35,825 INFO o.a.j.t.JMeterThread: Thread started: S2 1-308
2026-10-06 09:13:35,834 INFO o.a.j.t.JMeterThread: Thread started: S2 1-309
2026-10-06 09:13:35,844 INFO o.a.j.t.JMeterThread: Thread started: S2 1-310
2026-10-06 09:13:35,853 INFO o.a.j.t.JMeterThread: Thread started: S2 1-311
2026-10-06 09:13:35,864 INFO o.a.j.t.JMeterThread: Thread started: S2 1-312
2026-10-06 09:13:35,875 INFO o.a.j.t.JMeterThread: Thread started: S2 1-313
2026-10-06 09:13:35,884 INFO o.a.j.t.JMeterThread: Thread started: S2 1-314
2026-10-06 09:13:35,894 INFO o.a.j.t.JMeterThread: Thread started: S2 1-315
2026-10-06 09:13:35,906 INFO o.a.j.t.JMeterThread: Thread started: S2 1-316
2026-10-06 09:13:35,913 INFO o.a.j.t.JMeterThread: Thread started: S2 1-317
2026-10-06 09:13:35,924 INFO o.a.j.t.JMeterThread: Thread started: S2 1-318
2026-10-06 09:13:35,935 INFO o.a.j.t.JMeterThread: Thread started: S2 1-319
2026-10-06 09:13:35,944 INFO o.a.j.t.JMeterThread: Thread started: S2 1-320
2026-10-06 09:13:35,954 INFO o.a.j.t.JMeterThread: Thread started: S2 1-321
2026-10-06 09:13:35,965 INFO o.a.j.t.JMeterThread: Thread started: S2 1-322
2026-10-06 09:13:35,975 INFO o.a.j.t.JMeterThread: Thread started: S2 1-323
2026-10-06 09:13:35,983 INFO o.a.j.t.JMeterThread: Thread started: S2 1-324
2026-10-06 09:13:35,995 INFO o.a.j.t.JMeterThread: Thread started: S2 1-325
2026-10-06 09:13:36,003 INFO o.a.j.t.JMeterThread: Thread started: S2 1-326
2026-10-06 09:13:36,015 INFO o.a.j.t.JMeterThread: Thread started: S2 1-327
2026-10-06 09:13:36,023 INFO o.a.j.t.JMeterThread: Thread started: S2 1-328
2026-10-06 09:13:36,034 INFO o.a.j.t.JMeterThread: Thread started: S2 1-329
2026-10-06 09:13:36,044 INFO o.a.j.t.JMeterThread: Thread started: S2 1-330
2026-10-06 09:13:36,054 INFO o.a.j.t.JMeterThread: Thread started: S2 1-331
2026-10-06 09:13:36,064 INFO o.a.j.t.JMeterThread: Thread started: S2 1-332
2026-10-06 09:13:36,073 INFO o.a.j.t.JMeterThread: Thread started: S2 1-333
2026-10-06 09:13:36,084 INFO o.a.j.t.JMeterThread: Thread started: S2 1-334
2026-10-06 09:13:36,095 INFO o.a.j.t.JMeterThread: Thread started: S2 1-335
2026-10-06 09:13:36,104 INFO o.a.j.t.JMeterThread: Thread started: S2 1-336
2026-10-06 09:13:36,114 INFO o.a.j.t.JMeterThread: Thread started: S2 1-337
2026-10-06 09:13:36,124 INFO o.a.j.t.JMeterThread: Thread started: S2 1-338
2026-10-06 09:13:36,134 INFO o.a.j.t.JMeterThread: Thread started: S2 1-339
2026-10-06 09:13:36,145 INFO o.a.j.t.JMeterThread: Thread started: S2 1-340
2026-10-06 09:13:36,154 INFO o.a.j.t.JMeterThread: Thread started: S2 1-341
2026-10-06 09:13:36,164 INFO o.a.j.t.JMeterThread: Thread started: S2 1-342
2026-10-06 09:13:36,173 INFO o.a.j.t.JMeterThread: Thread started: S2 1-343
2026-10-06 09:13:36,185 INFO o.a.j.t.JMeterThread: Thread started: S2 1-344
2026-10-06 09:13:36,193 INFO o.a.j.t.JMeterThread: Thread started: S2 1-345
2026-10-06 09:13:36,204 INFO o.a.j.t.JMeterThread: Thread started: S2 1-346
2026-10-06 09:13:36,214 INFO o.a.j.t.JMeterThread: Thread started: S2 1-347
2026-10-06 09:13:36,224 INFO o.a.j.t.JMeterThread: Thread started: S2 1-348
2026-10-06 09:13:36,235 INFO o.a.j.t.JMeterThread: Thread started: S2 1-349
2026-10-06 09:13:36,245 INFO o.a.j.t.JMeterThread: Thread started: S2 1-350
2026-10-06 09:13:36,255 INFO o.a.j.t.JMeterThread: Thread started: S2 1-351
2026-10-06 09:13:36,264 INFO o.a.j.t.JMeterThread: Thread started: S2 1-352
2026-10-06 09:13:36,274 INFO o.a.j.t.JMeterThread: Thread started: S2 1-353
2026-10-06 09:13:36,284 INFO o.a.j.t.JMeterThread: Thread started: S2 1-354
2026-10-06 09:13:36,293 INFO o.a.j.t.JMeterThread: Thread started: S2 1-355
2026-10-06 09:13:36,304 INFO o.a.j.t.JMeterThread: Thread started: S2 1-356
2026-10-06 09:13:36,315 INFO o.a.j.t.JMeterThread: Thread started: S2 1-357
2026-10-06 09:13:36,324 INFO o.a.j.t.JMeterThread: Thread started: S2 1-358
2026-10-06 09:13:36,335 INFO o.a.j.t.JMeterThread: Thread started: S2 1-359
2026-10-06 09:13:36,343 INFO o.a.j.t.JMeterThread: Thread started: S2 1-360
2026-10-06 09:13:36,355 INFO o.a.j.t.JMeterThread: Thread started: S2 1-361
2026-10-06 09:13:36,363 INFO o.a.j.t.JMeterThread: Thread started: S2 1-362
2026-10-06 09:13:36,374 INFO o.a.j.t.JMeterThread: Thread started: S2 1-363
2026-10-06 09:13:36,384 INFO o.a.j.t.JMeterThread: Thread started: S2 1-364
2026-10-06 09:13:36,393 INFO o.a.j.t.JMeterThread: Thread started: S2 1-365
2026-10-06 09:13:36,404 INFO o.a.j.t.JMeterThread: Thread started: S2 1-366
2026-10-06 09:13:36,416 INFO o.a.j.t.JMeterThread: Thread started: S2 1-367
2026-10-06 09:13:36,423 INFO o.a.j.t.JMeterThread: Thread started: S2 1-368
2026-10-06 09:13:36,435 INFO o.a.j.t.JMeterThread: Thread started: S2 1-369
2026-10-06 09:13:36,444 INFO o.a.j.t.JMeterThread: Thread started: S2 1-370
2026-10-06 09:13:36,453 INFO o.a.j.t.JMeterThread: Thread started: S2 1-371
2026-10-06 09:13:36,465 INFO o.a.j.t.JMeterThread: Thread started: S2 1-372
2026-10-06 09:13:36,474 INFO o.a.j.t.JMeterThread: Thread started: S2 1-373
2026-10-06 09:13:36,484 INFO o.a.j.t.JMeterThread: Thread started: S2 1-374
2026-10-06 09:13:36,495 INFO o.a.j.t.JMeterThread: Thread started: S2 1-375
2026-10-06 09:13:36,503 INFO o.a.j.t.JMeterThread: Thread started: S2 1-376
2026-10-06 09:13:36,514 INFO o.a.j.t.JMeterThread: Thread started: S2 1-377
2026-10-06 09:13:36,523 INFO o.a.j.t.JMeterThread: Thread started: S2 1-378
2026-10-06 09:13:36,535 INFO o.a.j.t.JMeterThread: Thread started: S2 1-379
2026-10-06 09:13:36,544 INFO o.a.j.t.JMeterThread: Thread started: S2 1-380
2026-10-06 09:13:36,555 INFO o.a.j.t.JMeterThread: Thread started: S2 1-381
2026-10-06 09:13:36,564 INFO o.a.j.t.JMeterThread: Thread started: S2 1-382
2026-10-06 09:13:36,575 INFO o.a.j.t.JMeterThread: Thread started: S2 1-383
2026-10-06 09:13:36,584 INFO o.a.j.t.JMeterThread: Thread started: S2 1-384
2026-10-06 09:13:36,594 INFO o.a.j.t.JMeterThread: Thread started: S2 1-385
2026-10-06 09:13:36,603 INFO o.a.j.t.JMeterThread: Thread started: S2 1-386
2026-10-06 09:13:36,614 INFO o.a.j.t.JMeterThread: Thread started: S2 1-387
2026-10-06 09:13:36,625 INFO o.a.j.t.JMeterThread: Thread started: S2 1-388
2026-10-06 09:13:36,634 INFO o.a.j.t.JMeterThread: Thread started: S2 1-389
2026-10-06 09:13:36,643 INFO o.a.j.t.JMeterThread: Thread started: S2 1-390
2026-10-06 09:13:36,654 INFO o.a.j.t.JMeterThread: Thread started: S2 1-391
2026-10-06 09:13:36,665 INFO o.a.j.t.JMeterThread: Thread started: S2 1-392
2026-10-06 09:13:36,674 INFO o.a.j.t.JMeterThread: Thread started: S2 1-393
2026-10-06 09:13:36,683 INFO o.a.j.t.JMeterThread: Thread started: S2 1-394
2026-10-06 09:13:36,695 INFO o.a.j.t.JMeterThread: Thread started: S2 1-395
2026-10-06 09:13:36,703 INFO o.a.j.t.JMeterThread: Thread started: S2 1-396
2026-10-06 09:13:36,714 INFO o.a.j.t.JMeterThread: Thread started: S2 1-397
2026-10-06 09:13:36,725 INFO o.a.j.t.JMeterThread: Thread started: S2 1-398
2026-10-06 09:13:36,734 INFO o.a.j.t.JMeterThread: Thread started: S2 1-399
2026-10-06 09:13:36,745 INFO o.a.j.t.JMeterThread: Thread started: S2 1-400
2026-10-06 09:13:36,754 INFO o.a.j.t.JMeterThread: Thread started: S2 1-401
2026-10-06 09:13:36,764 INFO o.a.j.t.JMeterThread: Thread started: S2 1-402
2026-10-06 09:13:36,773 INFO o.a.j.t.JMeterThread: Thread started: S2 1-403
2026-10-06 09:13:36,784 INFO o.a.j.t.JMeterThread: Thread started: S2 1-404
2026-10-06 09:13:36,794 INFO o.a.j.t.JMeterThread: Thread started: S2 1-405
2026-10-06 09:13:36,803 INFO o.a.j.t.JMeterThread: Thread started: S2 1-406
2026-10-06 09:13:36,814 INFO o.a.j.t.JMeterThread: Thread started: S2 1-407
2026-10-06 09:13:36,824 INFO o.a.j.t.JMeterThread: Thread started: S2 1-408
2026-10-06 09:13:36,835 INFO o.a.j.t.JMeterThread: Thread started: S2 1-409
2026-10-06 09:13:36,844 INFO o.a.j.t.JMeterThread: Thread started: S2 1-410
2026-10-06 09:13:36,855 INFO o.a.j.t.JMeterThread: Thread started: S2 1-411
2026-10-06 09:13:36,864 INFO o.a.j.t.JMeterThread: Thread started: S2 1-412
2026-10-06 09:13:36,874 INFO o.a.j.t.JMeterThread: Thread started: S2 1-413
2026-10-06 09:13:36,884 INFO o.a.j.t.JMeterThread: Thread started: S2 1-414
2026-10-06 09:13:36,893 INFO o.a.j.t.JMeterThread: Thread started: S2 1-415
2026-10-06 09:13:36,905 INFO o.a.j.t.JMeterThread: Thread started: S2 1-416
2026-10-06 09:13:36,913 INFO o.a.j.t.JMeterThread: Thread started: S2 1-417
2026-10-06 09:13:36,925 INFO o.a.j.t.JMeterThread: Thread started: S2 1-418
2026-10-06 09:13:36,934 INFO o.a.j.t.JMeterThread: Thread started: S2 1-419
2026-10-06 09:13:36,943 INFO o.a.j.t.JMeterThread: Thread started: S2 1-420
2026-10-06 09:13:36,955 INFO o.a.j.t.JMeterThread: Thread started: S2 1-421
2026-10-06 09:13:36,964 INFO o.a.j.t.JMeterThread: Thread started: S2 1-422
2026-10-06 09:13:36,974 INFO o.a.j.t.JMeterThread: Thread started: S2 1-423
2026-10-06 09:13:36,983 INFO o.a.j.t.JMeterThread: Thread started: S2 1-424
2026-10-06 09:13:36,995 INFO o.a.j.t.JMeterThread: Thread started: S2 1-425
2026-10-06 09:13:37,004 INFO o.a.j.t.JMeterThread: Thread started: S2 1-426
2026-10-06 09:13:37,014 INFO o.a.j.t.JMeterThread: Thread started: S2 1-427
2026-10-06 09:13:37,025 INFO o.a.j.t.JMeterThread: Thread started: S2 1-428
2026-10-06 09:13:37,034 INFO o.a.j.t.JMeterThread: Thread started: S2 1-429
2026-10-06 09:13:37,044 INFO o.a.j.t.JMeterThread: Thread started: S2 1-430
2026-10-06 09:13:37,055 INFO o.a.j.t.JMeterThread: Thread started: S2 1-431
2026-10-06 09:13:37,063 INFO o.a.j.t.JMeterThread: Thread started: S2 1-432
2026-10-06 09:13:37,074 INFO o.a.j.t.JMeterThread: Thread started: S2 1-433
2026-10-06 09:13:37,084 INFO o.a.j.t.JMeterThread: Thread started: S2 1-434
2026-10-06 09:13:37,093 INFO o.a.j.t.JMeterThread: Thread started: S2 1-435
2026-10-06 09:13:37,105 INFO o.a.j.t.JMeterThread: Thread started: S2 1-436
2026-10-06 09:13:37,113 INFO o.a.j.t.JMeterThread: Thread started: S2 1-437
2026-10-06 09:13:37,124 INFO o.a.j.t.JMeterThread: Thread started: S2 1-438
2026-10-06 09:13:37,134 INFO o.a.j.t.JMeterThread: Thread started: S2 1-439
2026-10-06 09:13:37,143 INFO o.a.j.t.JMeterThread: Thread started: S2 1-440
2026-10-06 09:13:37,154 INFO o.a.j.t.JMeterThread: Thread started: S2 1-441
2026-10-06 09:13:37,165 INFO o.a.j.t.JMeterThread: Thread started: S2 1-442
2026-10-06 09:13:37,173 INFO o.a.j.t.JMeterThread: Thread started: S2 1-443
2026-10-06 09:13:37,184 INFO o.a.j.t.JMeterThread: Thread started: S2 1-444
2026-10-06 09:13:37,195 INFO o.a.j.t.JMeterThread: Thread started: S2 1-445
2026-10-06 09:13:37,203 INFO o.a.j.t.JMeterThread: Thread started: S2 1-446
2026-10-06 09:13:37,214 INFO o.a.j.t.JMeterThread: Thread started: S2 1-447
2026-10-06 09:13:37,225 INFO o.a.j.t.JMeterThread: Thread started: S2 1-448
2026-10-06 09:13:37,233 INFO o.a.j.t.JMeterThread: Thread started: S2 1-449
2026-10-06 09:13:37,244 INFO o.a.j.t.JMeterThread: Thread started: S2 1-450
2026-10-06 09:13:37,253 INFO o.a.j.t.JMeterThread: Thread started: S2 1-451
2026-10-06 09:13:37,264 INFO o.a.j.t.JMeterThread: Thread started: S2 1-452
2026-10-06 09:13:37,274 INFO o.a.j.t.JMeterThread: Thread started: S2 1-453
2026-10-06 09:13:37,284 INFO o.a.j.t.JMeterThread: Thread started: S2 1-454
2026-10-06 09:13:37,295 INFO o.a.j.t.JMeterThread: Thread started: S2 1-455
2026-10-06 09:13:37,305 INFO o.a.j.t.JMeterThread: Thread started: S2 1-456
2026-10-06 09:13:37,314 INFO o.a.j.t.JMeterThread: Thread started: S2 1-457
2026-10-06 09:13:37,324 INFO o.a.j.t.JMeterThread: Thread started: S2 1-458
2026-10-06 09:13:37,335 INFO o.a.j.t.JMeterThread: Thread started: S2 1-459
2026-10-06 09:13:37,343 INFO o.a.j.t.JMeterThread: Thread started: S2 1-460
2026-10-06 09:13:37,355 INFO o.a.j.t.JMeterThread: Thread started: S2 1-461
2026-10-06 09:13:37,365 INFO o.a.j.t.JMeterThread: Thread started: S2 1-462
2026-10-06 09:13:37,373 INFO o.a.j.t.JMeterThread: Thread started: S2 1-463
2026-10-06 09:13:37,384 INFO o.a.j.t.JMeterThread: Thread started: S2 1-464
2026-10-06 09:13:37,393 INFO o.a.j.t.JMeterThread: Thread started: S2 1-465
2026-10-06 09:13:37,404 INFO o.a.j.t.JMeterThread: Thread started: S2 1-466
2026-10-06 09:13:37,414 INFO o.a.j.t.JMeterThread: Thread started: S2 1-467
2026-10-06 09:13:37,423 INFO o.a.j.t.JMeterThread: Thread started: S2 1-468
2026-10-06 09:13:37,434 INFO o.a.j.t.JMeterThread: Thread started: S2 1-469
2026-10-06 09:13:37,446 INFO o.a.j.t.JMeterThread: Thread started: S2 1-470
2026-10-06 09:13:37,455 INFO o.a.j.t.JMeterThread: Thread started: S2 1-471
2026-10-06 09:13:37,463 INFO o.a.j.t.JMeterThread: Thread started: S2 1-472
2026-10-06 09:13:37,474 INFO o.a.j.t.JMeterThread: Thread started: S2 1-473
2026-10-06 09:13:37,485 INFO o.a.j.t.JMeterThread: Thread started: S2 1-474
2026-10-06 09:13:37,495 INFO o.a.j.t.JMeterThread: Thread started: S2 1-475
2026-10-06 09:13:37,505 INFO o.a.j.t.JMeterThread: Thread started: S2 1-476
2026-10-06 09:13:37,514 INFO o.a.j.t.JMeterThread: Thread started: S2 1-477
2026-10-06 09:13:37,523 INFO o.a.j.t.JMeterThread: Thread started: S2 1-478
2026-10-06 09:13:37,534 INFO o.a.j.t.JMeterThread: Thread started: S2 1-479
2026-10-06 09:13:37,544 INFO o.a.j.t.JMeterThread: Thread started: S2 1-480
2026-10-06 09:13:37,553 INFO o.a.j.t.JMeterThread: Thread started: S2 1-481
2026-10-06 09:13:37,564 INFO o.a.j.t.JMeterThread: Thread started: S2 1-482
2026-10-06 09:13:37,574 INFO o.a.j.t.JMeterThread: Thread started: S2 1-483
2026-10-06 09:13:37,584 INFO o.a.j.t.JMeterThread: Thread started: S2 1-484
2026-10-06 09:13:37,594 INFO o.a.j.t.JMeterThread: Thread started: S2 1-485
2026-10-06 09:13:37,604 INFO o.a.j.t.JMeterThread: Thread started: S2 1-486
2026-10-06 09:13:37,615 INFO o.a.j.t.JMeterThread: Thread started: S2 1-487
2026-10-06 09:13:37,624 INFO o.a.j.t.JMeterThread: Thread started: S2 1-488
2026-10-06 09:13:37,634 INFO o.a.j.t.JMeterThread: Thread started: S2 1-489
2026-10-06 09:13:37,644 INFO o.a.j.t.JMeterThread: Thread started: S2 1-490
2026-10-06 09:13:37,653 INFO o.a.j.t.JMeterThread: Thread started: S2 1-491
2026-10-06 09:13:37,664 INFO o.a.j.t.JMeterThread: Thread started: S2 1-492
2026-10-06 09:13:37,674 INFO o.a.j.t.JMeterThread: Thread started: S2 1-493
2026-10-06 09:13:37,684 INFO o.a.j.t.JMeterThread: Thread started: S2 1-494
2026-10-06 09:13:37,694 INFO o.a.j.t.JMeterThread: Thread started: S2 1-495
2026-10-06 09:13:37,704 INFO o.a.j.t.JMeterThread: Thread started: S2 1-496
2026-10-06 09:13:37,714 INFO o.a.j.t.JMeterThread: Thread started: S2 1-497
2026-10-06 09:13:37,725 INFO o.a.j.t.JMeterThread: Thread started: S2 1-498
2026-10-06 09:13:37,734 INFO o.a.j.t.JMeterThread: Thread started: S2 1-499
2026-10-06 09:13:37,744 INFO o.a.j.t.JMeterThread: Thread started: S2 1-500
2026-10-06 09:13:37,753 INFO o.a.j.t.JMeterThread: Thread started: S2 1-501
2026-10-06 09:13:37,764 INFO o.a.j.t.JMeterThread: Thread started: S2 1-502
2026-10-06 09:13:37,774 INFO o.a.j.t.JMeterThread: Thread started: S2 1-503
2026-10-06 09:13:37,784 INFO o.a.j.t.JMeterThread: Thread started: S2 1-504
2026-10-06 09:13:37,794 INFO o.a.j.t.JMeterThread: Thread started: S2 1-505
2026-10-06 09:13:37,804 INFO o.a.j.t.JMeterThread: Thread started: S2 1-506
2026-10-06 09:13:37,813 INFO o.a.j.t.JMeterThread: Thread started: S2 1-507
2026-10-06 09:13:37,824 INFO o.a.j.t.JMeterThread: Thread started: S2 1-508
2026-10-06 09:13:37,833 INFO o.a.j.t.JMeterThread: Thread started: S2 1-509
2026-10-06 09:13:37,843 INFO o.a.j.t.JMeterThread: Thread started: S2 1-510
2026-10-06 09:13:37,855 INFO o.a.j.t.JMeterThread: Thread started: S2 1-511
2026-10-06 09:13:37,863 INFO o.a.j.t.JMeterThread: Thread started: S2 1-512
2026-10-06 09:13:37,874 INFO o.a.j.t.JMeterThread: Thread started: S2 1-513
2026-10-06 09:13:37,884 INFO o.a.j.t.JMeterThread: Thread started: S2 1-514
2026-10-06 09:13:37,893 INFO o.a.j.t.JMeterThread: Thread started: S2 1-515
2026-10-06 09:13:37,904 INFO o.a.j.t.JMeterThread: Thread started: S2 1-516
2026-10-06 09:13:37,914 INFO o.a.j.t.JMeterThread: Thread started: S2 1-517
2026-10-06 09:13:37,925 INFO o.a.j.t.JMeterThread: Thread started: S2 1-518
2026-10-06 09:13:37,934 INFO o.a.j.t.JMeterThread: Thread started: S2 1-519
2026-10-06 09:13:37,943 INFO o.a.j.t.JMeterThread: Thread started: S2 1-520
2026-10-06 09:13:37,954 INFO o.a.j.t.JMeterThread: Thread started: S2 1-521
2026-10-06 09:13:37,963 INFO o.a.j.t.JMeterThread: Thread started: S2 1-522
2026-10-06 09:13:37,974 INFO o.a.j.t.JMeterThread: Thread started: S2 1-523
2026-10-06 09:13:37,986 INFO o.a.j.t.JMeterThread: Thread started: S2 1-524
2026-10-06 09:13:37,993 INFO o.a.j.t.JMeterThread: Thread started: S2 1-525
2026-10-06 09:13:38,005 INFO o.a.j.t.JMeterThread: Thread started: S2 1-526
2026-10-06 09:13:38,014 INFO o.a.j.t.JMeterThread: Thread started: S2 1-527
2026-10-06 09:13:38,025 INFO o.a.j.t.JMeterThread: Thread started: S2 1-528
2026-10-06 09:13:38,034 INFO o.a.j.t.JMeterThread: Thread started: S2 1-529
2026-10-06 09:13:38,044 INFO o.a.j.t.JMeterThread: Thread started: S2 1-530
2026-10-06 09:13:38,054 INFO o.a.j.t.JMeterThread: Thread started: S2 1-531
2026-10-06 09:13:38,064 INFO o.a.j.t.JMeterThread: Thread started: S2 1-532
2026-10-06 09:13:38,074 INFO o.a.j.t.JMeterThread: Thread started: S2 1-533
2026-10-06 09:13:38,084 INFO o.a.j.t.JMeterThread: Thread started: S2 1-534
2026-10-06 09:13:38,093 INFO o.a.j.t.JMeterThread: Thread started: S2 1-535
2026-10-06 09:13:38,103 INFO o.a.j.t.JMeterThread: Thread started: S2 1-536
2026-10-06 09:13:38,114 INFO o.a.j.t.JMeterThread: Thread started: S2 1-537
2026-10-06 09:13:38,134 INFO o.a.j.t.JMeterThread: Thread started: S2 1-538
2026-10-06 09:13:38,135 INFO o.a.j.t.JMeterThread: Thread started: S2 1-539
2026-10-06 09:13:38,143 INFO o.a.j.t.JMeterThread: Thread started: S2 1-540
2026-10-06 09:13:38,154 INFO o.a.j.t.JMeterThread: Thread started: S2 1-541
2026-10-06 09:13:38,164 INFO o.a.j.t.JMeterThread: Thread started: S2 1-542
2026-10-06 09:13:38,175 INFO o.a.j.t.JMeterThread: Thread started: S2 1-543
2026-10-06 09:13:38,184 INFO o.a.j.t.JMeterThread: Thread started: S2 1-544
2026-10-06 09:13:38,193 INFO o.a.j.t.JMeterThread: Thread started: S2 1-545
2026-10-06 09:13:38,205 INFO o.a.j.t.JMeterThread: Thread started: S2 1-546
2026-10-06 09:13:38,214 INFO o.a.j.t.JMeterThread: Thread started: S2 1-547
2026-10-06 09:13:38,224 INFO o.a.j.t.JMeterThread: Thread started: S2 1-548
2026-10-06 09:13:38,234 INFO o.a.j.t.JMeterThread: Thread started: S2 1-549
2026-10-06 09:13:38,243 INFO o.a.j.t.JMeterThread: Thread started: S2 1-550
2026-10-06 09:13:38,253 INFO o.a.j.t.JMeterThread: Thread started: S2 1-551
2026-10-06 09:13:38,265 INFO o.a.j.t.JMeterThread: Thread started: S2 1-552
2026-10-06 09:13:38,274 INFO o.a.j.t.JMeterThread: Thread started: S2 1-553
2026-10-06 09:13:38,284 INFO o.a.j.t.JMeterThread: Thread started: S2 1-554
2026-10-06 09:13:38,294 INFO o.a.j.t.JMeterThread: Thread started: S2 1-555
2026-10-06 09:13:38,303 INFO o.a.j.t.JMeterThread: Thread started: S2 1-556
2026-10-06 09:13:38,315 INFO o.a.j.t.JMeterThread: Thread started: S2 1-557
2026-10-06 09:13:38,324 INFO o.a.j.t.JMeterThread: Thread started: S2 1-558
2026-10-06 09:13:38,334 INFO o.a.j.t.JMeterThread: Thread started: S2 1-559
2026-10-06 09:13:38,344 INFO o.a.j.t.JMeterThread: Thread started: S2 1-560
2026-10-06 09:13:38,353 INFO o.a.j.t.JMeterThread: Thread started: S2 1-561
2026-10-06 09:13:38,364 INFO o.a.j.t.JMeterThread: Thread started: S2 1-562
2026-10-06 09:13:38,375 INFO o.a.j.t.JMeterThread: Thread started: S2 1-563
2026-10-06 09:13:38,384 INFO o.a.j.t.JMeterThread: Thread started: S2 1-564
2026-10-06 09:13:38,395 INFO o.a.j.t.JMeterThread: Thread started: S2 1-565
2026-10-06 09:13:38,404 INFO o.a.j.t.JMeterThread: Thread started: S2 1-566
2026-10-06 09:13:38,413 INFO o.a.j.t.JMeterThread: Thread started: S2 1-567
2026-10-06 09:13:38,424 INFO o.a.j.t.JMeterThread: Thread started: S2 1-568
2026-10-06 09:13:38,434 INFO o.a.j.t.JMeterThread: Thread started: S2 1-569
2026-10-06 09:13:38,444 INFO o.a.j.t.JMeterThread: Thread started: S2 1-570
2026-10-06 09:13:38,454 INFO o.a.j.t.JMeterThread: Thread started: S2 1-571
2026-10-06 09:13:38,463 INFO o.a.j.t.JMeterThread: Thread started: S2 1-572
2026-10-06 09:13:38,475 INFO o.a.j.t.JMeterThread: Thread started: S2 1-573
2026-10-06 09:13:38,484 INFO o.a.j.t.JMeterThread: Thread started: S2 1-574
2026-10-06 09:13:38,494 INFO o.a.j.t.JMeterThread: Thread started: S2 1-575
2026-10-06 09:13:38,504 INFO o.a.j.t.JMeterThread: Thread started: S2 1-576
2026-10-06 09:13:38,516 INFO o.a.j.t.JMeterThread: Thread started: S2 1-577
2026-10-06 09:13:38,524 INFO o.a.j.t.JMeterThread: Thread started: S2 1-578
2026-10-06 09:13:38,534 INFO o.a.j.t.JMeterThread: Thread started: S2 1-579
2026-10-06 09:13:38,544 INFO o.a.j.t.JMeterThread: Thread started: S2 1-580
2026-10-06 09:13:38,553 INFO o.a.j.t.JMeterThread: Thread started: S2 1-581
2026-10-06 09:13:38,564 INFO o.a.j.t.JMeterThread: Thread started: S2 1-582
2026-10-06 09:13:38,574 INFO o.a.j.t.JMeterThread: Thread started: S2 1-583
2026-10-06 09:13:38,584 INFO o.a.j.t.JMeterThread: Thread started: S2 1-584
2026-10-06 09:13:38,594 INFO o.a.j.t.JMeterThread: Thread started: S2 1-585
2026-10-06 09:13:38,606 INFO o.a.j.t.JMeterThread: Thread started: S2 1-586
2026-10-06 09:13:38,615 INFO o.a.j.t.JMeterThread: Thread started: S2 1-587
2026-10-06 09:13:38,623 INFO o.a.j.t.JMeterThread: Thread started: S2 1-588
2026-10-06 09:13:38,635 INFO o.a.j.t.JMeterThread: Thread started: S2 1-589
2026-10-06 09:13:38,643 INFO o.a.j.t.JMeterThread: Thread started: S2 1-590
2026-10-06 09:13:38,654 INFO o.a.j.t.JMeterThread: Thread started: S2 1-591
2026-10-06 09:13:38,664 INFO o.a.j.t.JMeterThread: Thread started: S2 1-592
2026-10-06 09:13:38,675 INFO o.a.j.t.JMeterThread: Thread started: S2 1-593
2026-10-06 09:13:38,684 INFO o.a.j.t.JMeterThread: Thread started: S2 1-594
2026-10-06 09:13:38,694 INFO o.a.j.t.JMeterThread: Thread started: S2 1-595
2026-10-06 09:13:38,705 INFO o.a.j.t.JMeterThread: Thread started: S2 1-596
2026-10-06 09:13:38,713 INFO o.a.j.t.JMeterThread: Thread started: S2 1-597
2026-10-06 09:13:38,723 INFO o.a.j.t.JMeterThread: Thread started: S2 1-598
2026-10-06 09:13:38,735 INFO o.a.j.t.JMeterThread: Thread started: S2 1-599
2026-10-06 09:13:38,744 INFO o.a.j.t.JMeterThread: Thread started: S2 1-600
2026-10-06 09:13:38,754 INFO o.a.j.t.JMeterThread: Thread started: S2 1-601
2026-10-06 09:13:38,764 INFO o.a.j.t.JMeterThread: Thread started: S2 1-602
2026-10-06 09:13:38,773 INFO o.a.j.t.JMeterThread: Thread started: S2 1-603
2026-10-06 09:13:38,785 INFO o.a.j.t.JMeterThread: Thread started: S2 1-604
2026-10-06 09:13:38,795 INFO o.a.j.t.JMeterThread: Thread started: S2 1-605
2026-10-06 09:13:38,805 INFO o.a.j.t.JMeterThread: Thread started: S2 1-606
2026-10-06 09:13:38,814 INFO o.a.j.t.JMeterThread: Thread started: S2 1-607
2026-10-06 09:13:38,824 INFO o.a.j.t.JMeterThread: Thread started: S2 1-608
2026-10-06 09:13:38,834 INFO o.a.j.t.JMeterThread: Thread started: S2 1-609
2026-10-06 09:13:38,844 INFO o.a.j.t.JMeterThread: Thread started: S2 1-610
2026-10-06 09:13:38,854 INFO o.a.j.t.JMeterThread: Thread started: S2 1-611
2026-10-06 09:13:38,864 INFO o.a.j.t.JMeterThread: Thread started: S2 1-612
2026-10-06 09:13:38,874 INFO o.a.j.t.JMeterThread: Thread started: S2 1-613
2026-10-06 09:13:38,884 INFO o.a.j.t.JMeterThread: Thread started: S2 1-614
2026-10-06 09:13:38,894 INFO o.a.j.t.JMeterThread: Thread started: S2 1-615
2026-10-06 09:13:38,903 INFO o.a.j.t.JMeterThread: Thread started: S2 1-616
2026-10-06 09:13:38,914 INFO o.a.j.t.JMeterThread: Thread started: S2 1-617
2026-10-06 09:13:38,923 INFO o.a.j.t.JMeterThread: Thread started: S2 1-618
2026-10-06 09:13:38,933 INFO o.a.j.t.JMeterThread: Thread started: S2 1-619
2026-10-06 09:13:38,944 INFO o.a.j.t.JMeterThread: Thread started: S2 1-620
2026-10-06 09:13:38,953 INFO o.a.j.t.JMeterThread: Thread started: S2 1-621
2026-10-06 09:13:38,965 INFO o.a.j.t.JMeterThread: Thread started: S2 1-622
2026-10-06 09:13:38,974 INFO o.a.j.t.JMeterThread: Thread started: S2 1-623
2026-10-06 09:13:38,984 INFO o.a.j.t.JMeterThread: Thread started: S2 1-624
2026-10-06 09:13:38,994 INFO o.a.j.t.JMeterThread: Thread started: S2 1-625
2026-10-06 09:13:39,004 INFO o.a.j.t.JMeterThread: Thread started: S2 1-626
2026-10-06 09:13:39,014 INFO o.a.j.t.JMeterThread: Thread started: S2 1-627
2026-10-06 09:13:39,024 INFO o.a.j.t.JMeterThread: Thread started: S2 1-628
2026-10-06 09:13:39,035 INFO o.a.j.t.JMeterThread: Thread started: S2 1-629
2026-10-06 09:13:39,044 INFO o.a.j.t.JMeterThread: Thread started: S2 1-630
2026-10-06 09:13:39,054 INFO o.a.j.t.JMeterThread: Thread started: S2 1-631
2026-10-06 09:13:39,064 INFO o.a.j.t.JMeterThread: Thread started: S2 1-632
2026-10-06 09:13:39,074 INFO o.a.j.t.JMeterThread: Thread started: S2 1-633
2026-10-06 09:13:39,084 INFO o.a.j.t.JMeterThread: Thread started: S2 1-634
2026-10-06 09:13:39,094 INFO o.a.j.t.JMeterThread: Thread started: S2 1-635
2026-10-06 09:13:39,104 INFO o.a.j.t.JMeterThread: Thread started: S2 1-636
2026-10-06 09:13:39,113 INFO o.a.j.t.JMeterThread: Thread started: S2 1-637
2026-10-06 09:13:39,125 INFO o.a.j.t.JMeterThread: Thread started: S2 1-638
2026-10-06 09:13:39,134 INFO o.a.j.t.JMeterThread: Thread started: S2 1-639
2026-10-06 09:13:39,144 INFO o.a.j.t.JMeterThread: Thread started: S2 1-640
2026-10-06 09:13:39,154 INFO o.a.j.t.JMeterThread: Thread started: S2 1-641
2026-10-06 09:13:39,163 INFO o.a.j.t.JMeterThread: Thread started: S2 1-642
2026-10-06 09:13:39,174 INFO o.a.j.t.JMeterThread: Thread started: S2 1-643
2026-10-06 09:13:39,184 INFO o.a.j.t.JMeterThread: Thread started: S2 1-644
2026-10-06 09:13:39,193 INFO o.a.j.t.JMeterThread: Thread started: S2 1-645
2026-10-06 09:13:39,205 INFO o.a.j.t.JMeterThread: Thread started: S2 1-646
2026-10-06 09:13:39,215 INFO o.a.j.t.JMeterThread: Thread started: S2 1-647
2026-10-06 09:13:39,224 INFO o.a.j.t.JMeterThread: Thread started: S2 1-648
2026-10-06 09:13:39,234 INFO o.a.j.t.JMeterThread: Thread started: S2 1-649
2026-10-06 09:13:39,244 INFO o.a.j.t.JMeterThread: Thread started: S2 1-650
2026-10-06 09:13:39,253 INFO o.a.j.t.JMeterThread: Thread started: S2 1-651
2026-10-06 09:13:39,264 INFO o.a.j.t.JMeterThread: Thread started: S2 1-652
2026-10-06 09:13:39,273 INFO o.a.j.t.JMeterThread: Thread started: S2 1-653
2026-10-06 09:13:39,283 INFO o.a.j.t.JMeterThread: Thread started: S2 1-654
2026-10-06 09:13:39,295 INFO o.a.j.t.JMeterThread: Thread started: S2 1-655
2026-10-06 09:13:39,304 INFO o.a.j.t.JMeterThread: Thread started: S2 1-656
2026-10-06 09:13:39,314 INFO o.a.j.t.JMeterThread: Thread started: S2 1-657
2026-10-06 09:13:39,323 INFO o.a.j.t.JMeterThread: Thread started: S2 1-658
2026-10-06 09:13:39,334 INFO o.a.j.t.JMeterThread: Thread started: S2 1-659
2026-10-06 09:13:39,344 INFO o.a.j.t.JMeterThread: Thread started: S2 1-660
2026-10-06 09:13:39,354 INFO o.a.j.t.JMeterThread: Thread started: S2 1-661
2026-10-06 09:13:39,364 INFO o.a.j.t.JMeterThread: Thread started: S2 1-662
2026-10-06 09:13:39,374 INFO o.a.j.t.JMeterThread: Thread started: S2 1-663
2026-10-06 09:13:39,385 INFO o.a.j.t.JMeterThread: Thread started: S2 1-664
2026-10-06 09:13:39,394 INFO o.a.j.t.JMeterThread: Thread started: S2 1-665
2026-10-06 09:13:39,404 INFO o.a.j.t.JMeterThread: Thread started: S2 1-666
2026-10-06 09:13:39,416 INFO o.a.j.t.JMeterThread: Thread started: S2 1-667
2026-10-06 09:13:39,425 INFO o.a.j.t.JMeterThread: Thread started: S2 1-668
2026-10-06 09:13:39,434 INFO o.a.j.t.JMeterThread: Thread started: S2 1-669
2026-10-06 09:13:39,443 INFO o.a.j.t.JMeterThread: Thread started: S2 1-670
2026-10-06 09:13:39,454 INFO o.a.j.t.JMeterThread: Thread started: S2 1-671
2026-10-06 09:13:39,463 INFO o.a.j.t.JMeterThread: Thread started: S2 1-672
2026-10-06 09:13:39,474 INFO o.a.j.t.JMeterThread: Thread started: S2 1-673
2026-10-06 09:13:39,484 INFO o.a.j.t.JMeterThread: Thread started: S2 1-674
2026-10-06 09:13:39,493 INFO o.a.j.t.JMeterThread: Thread started: S2 1-675
2026-10-06 09:13:39,503 INFO o.a.j.t.JMeterThread: Thread started: S2 1-676
2026-10-06 09:13:39,514 INFO o.a.j.t.JMeterThread: Thread started: S2 1-677
2026-10-06 09:13:39,523 INFO o.a.j.t.JMeterThread: Thread started: S2 1-678
2026-10-06 09:13:39,535 INFO o.a.j.t.JMeterThread: Thread started: S2 1-679
2026-10-06 09:13:39,544 INFO o.a.j.t.JMeterThread: Thread started: S2 1-680
2026-10-06 09:13:39,553 INFO o.a.j.t.JMeterThread: Thread started: S2 1-681
2026-10-06 09:13:39,564 INFO o.a.j.t.JMeterThread: Thread started: S2 1-682
2026-10-06 09:13:39,573 INFO o.a.j.t.JMeterThread: Thread started: S2 1-683
2026-10-06 09:13:39,584 INFO o.a.j.t.JMeterThread: Thread started: S2 1-684
2026-10-06 09:13:39,594 INFO o.a.j.t.JMeterThread: Thread started: S2 1-685
2026-10-06 09:13:39,604 INFO o.a.j.t.JMeterThread: Thread started: S2 1-686
2026-10-06 09:13:39,614 INFO o.a.j.t.JMeterThread: Thread started: S2 1-687
2026-10-06 09:13:39,625 INFO o.a.j.t.JMeterThread: Thread started: S2 1-688
2026-10-06 09:13:39,634 INFO o.a.j.t.JMeterThread: Thread started: S2 1-689
2026-10-06 09:13:39,643 INFO o.a.j.t.JMeterThread: Thread started: S2 1-690
2026-10-06 09:13:39,654 INFO o.a.j.t.JMeterThread: Thread started: S2 1-691
2026-10-06 09:13:39,663 INFO o.a.j.t.JMeterThread: Thread started: S2 1-692
2026-10-06 09:13:39,673 INFO o.a.j.t.JMeterThread: Thread started: S2 1-693
2026-10-06 09:13:39,684 INFO o.a.j.t.JMeterThread: Thread started: S2 1-694
2026-10-06 09:13:39,695 INFO o.a.j.t.JMeterThread: Thread started: S2 1-695
2026-10-06 09:13:39,704 INFO o.a.j.t.JMeterThread: Thread started: S2 1-696
2026-10-06 09:13:39,714 INFO o.a.j.t.JMeterThread: Thread started: S2 1-697
2026-10-06 09:13:39,724 INFO o.a.j.t.JMeterThread: Thread started: S2 1-698
2026-10-06 09:13:39,734 INFO o.a.j.t.JMeterThread: Thread started: S2 1-699
2026-10-06 09:13:39,744 INFO o.a.j.t.JMeterThread: Thread started: S2 1-700
2026-10-06 09:13:39,753 INFO o.a.j.t.JMeterThread: Thread started: S2 1-701
2026-10-06 09:13:39,764 INFO o.a.j.t.JMeterThread: Thread started: S2 1-702
2026-10-06 09:13:39,774 INFO o.a.j.t.JMeterThread: Thread started: S2 1-703
2026-10-06 09:13:39,783 INFO o.a.j.t.JMeterThread: Thread started: S2 1-704
2026-10-06 09:13:39,793 INFO o.a.j.t.JMeterThread: Thread started: S2 1-705
2026-10-06 09:13:39,804 INFO o.a.j.t.JMeterThread: Thread started: S2 1-706
2026-10-06 09:13:39,814 INFO o.a.j.t.JMeterThread: Thread started: S2 1-707
2026-10-06 09:13:39,823 INFO o.a.j.t.JMeterThread: Thread started: S2 1-708
2026-10-06 09:13:39,833 INFO o.a.j.t.JMeterThread: Thread started: S2 1-709
2026-10-06 09:13:39,844 INFO o.a.j.t.JMeterThread: Thread started: S2 1-710
2026-10-06 09:13:39,853 INFO o.a.j.t.JMeterThread: Thread started: S2 1-711
2026-10-06 09:13:39,863 INFO o.a.j.t.JMeterThread: Thread started: S2 1-712
2026-10-06 09:13:39,874 INFO o.a.j.t.JMeterThread: Thread started: S2 1-713
2026-10-06 09:13:39,883 INFO o.a.j.t.JMeterThread: Thread started: S2 1-714
2026-10-06 09:13:39,893 INFO o.a.j.t.JMeterThread: Thread started: S2 1-715
2026-10-06 09:13:39,904 INFO o.a.j.t.JMeterThread: Thread started: S2 1-716
2026-10-06 09:13:39,913 INFO o.a.j.t.JMeterThread: Thread started: S2 1-717
2026-10-06 09:13:39,923 INFO o.a.j.t.JMeterThread: Thread started: S2 1-718
2026-10-06 09:13:39,934 INFO o.a.j.t.JMeterThread: Thread started: S2 1-719
2026-10-06 09:13:39,943 INFO o.a.j.t.JMeterThread: Thread started: S2 1-720
2026-10-06 09:13:39,953 INFO o.a.j.t.JMeterThread: Thread started: S2 1-721
2026-10-06 09:13:39,966 INFO o.a.j.t.JMeterThread: Thread started: S2 1-722
2026-10-06 09:13:39,973 INFO o.a.j.t.JMeterThread: Thread started: S2 1-723
2026-10-06 09:13:39,986 INFO o.a.j.t.JMeterThread: Thread started: S2 1-724
2026-10-06 09:13:39,994 INFO o.a.j.t.JMeterThread: Thread started: S2 1-725
2026-10-06 09:13:40,004 INFO o.a.j.t.JMeterThread: Thread started: S2 1-726
2026-10-06 09:13:40,013 INFO o.a.j.t.JMeterThread: Thread started: S2 1-727
2026-10-06 09:13:40,024 INFO o.a.j.t.JMeterThread: Thread started: S2 1-728
2026-10-06 09:13:40,034 INFO o.a.j.t.JMeterThread: Thread started: S2 1-729
2026-10-06 09:13:40,043 INFO o.a.j.t.JMeterThread: Thread started: S2 1-730
2026-10-06 09:13:40,054 INFO o.a.j.t.JMeterThread: Thread started: S2 1-731
2026-10-06 09:13:40,063 INFO o.a.j.t.JMeterThread: Thread started: S2 1-732
2026-10-06 09:13:40,073 INFO o.a.j.t.JMeterThread: Thread started: S2 1-733
2026-10-06 09:13:40,085 INFO o.a.j.t.JMeterThread: Thread started: S2 1-734
2026-10-06 09:13:40,093 INFO o.a.j.t.JMeterThread: Thread started: S2 1-735
2026-10-06 09:13:40,104 INFO o.a.j.t.JMeterThread: Thread started: S2 1-736
2026-10-06 09:13:40,114 INFO o.a.j.t.JMeterThread: Thread started: S2 1-737
2026-10-06 09:13:40,123 INFO o.a.j.t.JMeterThread: Thread started: S2 1-738
2026-10-06 09:13:40,134 INFO o.a.j.t.JMeterThread: Thread started: S2 1-739
2026-10-06 09:13:40,143 INFO o.a.j.t.JMeterThread: Thread started: S2 1-740
2026-10-06 09:13:40,154 INFO o.a.j.t.JMeterThread: Thread started: S2 1-741
2026-10-06 09:13:40,164 INFO o.a.j.t.JMeterThread: Thread started: S2 1-742
2026-10-06 09:13:40,174 INFO o.a.j.t.JMeterThread: Thread started: S2 1-743
2026-10-06 09:13:40,184 INFO o.a.j.t.JMeterThread: Thread started: S2 1-744
2026-10-06 09:13:40,194 INFO o.a.j.t.JMeterThread: Thread started: S2 1-745
2026-10-06 09:13:40,204 INFO o.a.j.t.JMeterThread: Thread started: S2 1-746
2026-10-06 09:13:40,213 INFO o.a.j.t.JMeterThread: Thread started: S2 1-747
2026-10-06 09:13:40,224 INFO o.a.j.t.JMeterThread: Thread started: S2 1-748
2026-10-06 09:13:40,234 INFO o.a.j.t.JMeterThread: Thread started: S2 1-749
2026-10-06 09:13:40,244 INFO o.a.j.t.JMeterThread: Thread started: S2 1-750
2026-10-06 09:13:40,254 INFO o.a.j.t.JMeterThread: Thread started: S2 1-751
2026-10-06 09:13:40,264 INFO o.a.j.t.JMeterThread: Thread started: S2 1-752
2026-10-06 09:13:40,274 INFO o.a.j.t.JMeterThread: Thread started: S2 1-753
2026-10-06 09:13:40,284 INFO o.a.j.t.JMeterThread: Thread started: S2 1-754
2026-10-06 09:13:40,294 INFO o.a.j.t.JMeterThread: Thread started: S2 1-755
2026-10-06 09:13:40,304 INFO o.a.j.t.JMeterThread: Thread started: S2 1-756
2026-10-06 09:13:40,314 INFO o.a.j.t.JMeterThread: Thread started: S2 1-757
2026-10-06 09:13:40,323 INFO o.a.j.t.JMeterThread: Thread started: S2 1-758
2026-10-06 09:13:40,333 INFO o.a.j.t.JMeterThread: Thread started: S2 1-759
2026-10-06 09:13:40,344 INFO o.a.j.t.JMeterThread: Thread started: S2 1-760
2026-10-06 09:13:40,354 INFO o.a.j.t.JMeterThread: Thread started: S2 1-761
2026-10-06 09:13:40,363 INFO o.a.j.t.JMeterThread: Thread started: S2 1-762
2026-10-06 09:13:40,375 INFO o.a.j.t.JMeterThread: Thread started: S2 1-763
2026-10-06 09:13:40,384 INFO o.a.j.t.JMeterThread: Thread started: S2 1-764
2026-10-06 09:13:40,393 INFO o.a.j.t.JMeterThread: Thread started: S2 1-765
2026-10-06 09:13:40,404 INFO o.a.j.t.JMeterThread: Thread started: S2 1-766
2026-10-06 09:13:40,414 INFO o.a.j.t.JMeterThread: Thread started: S2 1-767
2026-10-06 09:13:40,423 INFO o.a.j.t.JMeterThread: Thread started: S2 1-768
2026-10-06 09:13:40,434 INFO o.a.j.t.JMeterThread: Thread started: S2 1-769
2026-10-06 09:13:40,444 INFO o.a.j.t.JMeterThread: Thread started: S2 1-770
2026-10-06 09:13:40,454 INFO o.a.j.t.JMeterThread: Thread started: S2 1-771
2026-10-06 09:13:40,464 INFO o.a.j.t.JMeterThread: Thread started: S2 1-772
2026-10-06 09:13:40,474 INFO o.a.j.t.JMeterThread: Thread started: S2 1-773
2026-10-06 09:13:40,483 INFO o.a.j.t.JMeterThread: Thread started: S2 1-774
2026-10-06 09:13:40,494 INFO o.a.j.t.JMeterThread: Thread started: S2 1-775
2026-10-06 09:13:40,507 INFO o.a.j.t.JMeterThread: Thread started: S2 1-776
2026-10-06 09:13:40,513 INFO o.a.j.t.JMeterThread: Thread started: S2 1-777
2026-10-06 09:13:40,524 INFO o.a.j.t.JMeterThread: Thread started: S2 1-778
2026-10-06 09:13:40,533 INFO o.a.j.t.JMeterThread: Thread started: S2 1-779
2026-10-06 09:13:40,544 INFO o.a.j.t.JMeterThread: Thread started: S2 1-780
2026-10-06 09:13:40,553 INFO o.a.j.t.JMeterThread: Thread started: S2 1-781
2026-10-06 09:13:40,564 INFO o.a.j.t.JMeterThread: Thread started: S2 1-782
2026-10-06 09:13:40,574 INFO o.a.j.t.JMeterThread: Thread started: S2 1-783
2026-10-06 09:13:40,584 INFO o.a.j.t.JMeterThread: Thread started: S2 1-784
2026-10-06 09:13:40,595 INFO o.a.j.t.JMeterThread: Thread started: S2 1-785
2026-10-06 09:13:40,603 INFO o.a.j.t.JMeterThread: Thread started: S2 1-786
2026-10-06 09:13:40,615 INFO o.a.j.t.JMeterThread: Thread started: S2 1-787
2026-10-06 09:13:40,623 INFO o.a.j.t.JMeterThread: Thread started: S2 1-788
2026-10-06 09:13:40,633 INFO o.a.j.t.JMeterThread: Thread started: S2 1-789
2026-10-06 09:13:40,644 INFO o.a.j.t.JMeterThread: Thread started: S2 1-790
2026-10-06 09:13:40,653 INFO o.a.j.t.JMeterThread: Thread started: S2 1-791
2026-10-06 09:13:40,663 INFO o.a.j.t.JMeterThread: Thread started: S2 1-792
2026-10-06 09:13:40,674 INFO o.a.j.t.JMeterThread: Thread started: S2 1-793
2026-10-06 09:13:40,685 INFO o.a.j.t.JMeterThread: Thread started: S2 1-794
2026-10-06 09:13:40,694 INFO o.a.j.t.JMeterThread: Thread started: S2 1-795
2026-10-06 09:13:40,704 INFO o.a.j.t.JMeterThread: Thread started: S2 1-796
2026-10-06 09:13:40,714 INFO o.a.j.t.JMeterThread: Thread started: S2 1-797
2026-10-06 09:13:40,724 INFO o.a.j.t.JMeterThread: Thread started: S2 1-798
2026-10-06 09:13:40,733 INFO o.a.j.t.JMeterThread: Thread started: S2 1-799
2026-10-06 09:13:40,744 INFO o.a.j.t.JMeterThread: Thread started: S2 1-800
2026-10-06 09:13:40,756 INFO o.a.j.t.JMeterThread: Thread started: S2 1-801
2026-10-06 09:13:40,764 INFO o.a.j.t.JMeterThread: Thread started: S2 1-802
2026-10-06 09:13:40,775 INFO o.a.j.t.JMeterThread: Thread started: S2 1-803
2026-10-06 09:13:40,785 INFO o.a.j.t.JMeterThread: Thread started: S2 1-804
2026-10-06 09:13:40,793 INFO o.a.j.t.JMeterThread: Thread started: S2 1-805
2026-10-06 09:13:40,804 INFO o.a.j.t.JMeterThread: Thread started: S2 1-806
2026-10-06 09:13:40,814 INFO o.a.j.t.JMeterThread: Thread started: S2 1-807
2026-10-06 09:13:40,823 INFO o.a.j.t.JMeterThread: Thread started: S2 1-808
2026-10-06 09:13:40,834 INFO o.a.j.t.JMeterThread: Thread started: S2 1-809
2026-10-06 09:13:40,844 INFO o.a.j.t.JMeterThread: Thread started: S2 1-810
2026-10-06 09:13:40,854 INFO o.a.j.t.JMeterThread: Thread started: S2 1-811
2026-10-06 09:13:40,864 INFO o.a.j.t.JMeterThread: Thread started: S2 1-812
2026-10-06 09:13:40,874 INFO o.a.j.t.JMeterThread: Thread started: S2 1-813
2026-10-06 09:13:40,883 INFO o.a.j.t.JMeterThread: Thread started: S2 1-814
2026-10-06 09:13:40,894 INFO o.a.j.t.JMeterThread: Thread started: S2 1-815
2026-10-06 09:13:40,904 INFO o.a.j.t.JMeterThread: Thread started: S2 1-816
2026-10-06 09:13:40,915 INFO o.a.j.t.JMeterThread: Thread started: S2 1-817
2026-10-06 09:13:40,924 INFO o.a.j.t.JMeterThread: Thread started: S2 1-818
2026-10-06 09:13:40,934 INFO o.a.j.t.JMeterThread: Thread started: S2 1-819
2026-10-06 09:13:40,943 INFO o.a.j.t.JMeterThread: Thread started: S2 1-820
2026-10-06 09:13:40,954 INFO o.a.j.t.JMeterThread: Thread started: S2 1-821
2026-10-06 09:13:40,963 INFO o.a.j.t.JMeterThread: Thread started: S2 1-822
2026-10-06 09:13:40,973 INFO o.a.j.t.JMeterThread: Thread started: S2 1-823
2026-10-06 09:13:40,984 INFO o.a.j.t.JMeterThread: Thread started: S2 1-824
2026-10-06 09:13:40,994 INFO o.a.j.t.JMeterThread: Thread started: S2 1-825
2026-10-06 09:13:41,004 INFO o.a.j.t.JMeterThread: Thread started: S2 1-826
2026-10-06 09:13:41,015 INFO o.a.j.t.JMeterThread: Thread started: S2 1-827
2026-10-06 09:13:41,024 INFO o.a.j.t.JMeterThread: Thread started: S2 1-828
2026-10-06 09:13:41,033 INFO o.a.j.t.JMeterThread: Thread started: S2 1-829
2026-10-06 09:13:41,044 INFO o.a.j.t.JMeterThread: Thread started: S2 1-830
2026-10-06 09:13:41,053 INFO o.a.j.t.JMeterThread: Thread started: S2 1-831
2026-10-06 09:13:41,064 INFO o.a.j.t.JMeterThread: Thread started: S2 1-832
2026-10-06 09:13:41,074 INFO o.a.j.t.JMeterThread: Thread started: S2 1-833
2026-10-06 09:13:41,087 INFO o.a.j.t.JMeterThread: Thread started: S2 1-834
2026-10-06 09:13:41,094 INFO o.a.j.t.JMeterThread: Thread started: S2 1-835
2026-10-06 09:13:41,103 INFO o.a.j.t.JMeterThread: Thread started: S2 1-836
2026-10-06 09:13:41,114 INFO o.a.j.t.JMeterThread: Thread started: S2 1-837
2026-10-06 09:13:41,124 INFO o.a.j.t.JMeterThread: Thread started: S2 1-838
2026-10-06 09:13:41,134 INFO o.a.j.t.JMeterThread: Thread started: S2 1-839
2026-10-06 09:13:41,143 INFO o.a.j.t.JMeterThread: Thread started: S2 1-840
2026-10-06 09:13:41,153 INFO o.a.j.t.JMeterThread: Thread started: S2 1-841
2026-10-06 09:13:41,164 INFO o.a.j.t.JMeterThread: Thread started: S2 1-842
2026-10-06 09:13:41,174 INFO o.a.j.t.JMeterThread: Thread started: S2 1-843
2026-10-06 09:13:41,184 INFO o.a.j.t.JMeterThread: Thread started: S2 1-844
2026-10-06 09:13:41,194 INFO o.a.j.t.JMeterThread: Thread started: S2 1-845
2026-10-06 09:13:41,204 INFO o.a.j.t.JMeterThread: Thread started: S2 1-846
2026-10-06 09:13:41,213 INFO o.a.j.t.JMeterThread: Thread started: S2 1-847
2026-10-06 09:13:41,223 INFO o.a.j.t.JMeterThread: Thread started: S2 1-848
2026-10-06 09:13:41,234 INFO o.a.j.t.JMeterThread: Thread started: S2 1-849
2026-10-06 09:13:41,244 INFO o.a.j.t.JMeterThread: Thread started: S2 1-850
2026-10-06 09:13:41,253 INFO o.a.j.t.JMeterThread: Thread started: S2 1-851
2026-10-06 09:13:41,264 INFO o.a.j.t.JMeterThread: Thread started: S2 1-852
2026-10-06 09:13:41,273 INFO o.a.j.t.JMeterThread: Thread started: S2 1-853
2026-10-06 09:13:41,284 INFO o.a.j.t.JMeterThread: Thread started: S2 1-854
2026-10-06 09:13:41,294 INFO o.a.j.t.JMeterThread: Thread started: S2 1-855
2026-10-06 09:13:41,303 INFO o.a.j.t.JMeterThread: Thread started: S2 1-856
2026-10-06 09:13:41,313 INFO o.a.j.t.JMeterThread: Thread started: S2 1-857
2026-10-06 09:13:41,324 INFO o.a.j.t.JMeterThread: Thread started: S2 1-858
2026-10-06 09:13:41,333 INFO o.a.j.t.JMeterThread: Thread started: S2 1-859
2026-10-06 09:13:41,344 INFO o.a.j.t.JMeterThread: Thread started: S2 1-860
2026-10-06 09:13:41,355 INFO o.a.j.t.JMeterThread: Thread started: S2 1-861
2026-10-06 09:13:41,364 INFO o.a.j.t.JMeterThread: Thread started: S2 1-862
2026-10-06 09:13:41,373 INFO o.a.j.t.JMeterThread: Thread started: S2 1-863
2026-10-06 09:13:41,384 INFO o.a.j.t.JMeterThread: Thread started: S2 1-864
2026-10-06 09:13:41,394 INFO o.a.j.t.JMeterThread: Thread started: S2 1-865
2026-10-06 09:13:41,403 INFO o.a.j.t.JMeterThread: Thread started: S2 1-866
2026-10-06 09:13:41,414 INFO o.a.j.t.JMeterThread: Thread started: S2 1-867
2026-10-06 09:13:41,424 INFO o.a.j.t.JMeterThread: Thread started: S2 1-868
2026-10-06 09:13:41,433 INFO o.a.j.t.JMeterThread: Thread started: S2 1-869
2026-10-06 09:13:41,444 INFO o.a.j.t.JMeterThread: Thread started: S2 1-870
2026-10-06 09:13:41,454 INFO o.a.j.t.JMeterThread: Thread started: S2 1-871
2026-10-06 09:13:41,464 INFO o.a.j.t.JMeterThread: Thread started: S2 1-872
2026-10-06 09:13:41,473 INFO o.a.j.t.JMeterThread: Thread started: S2 1-873
2026-10-06 09:13:41,484 INFO o.a.j.t.JMeterThread: Thread started: S2 1-874
2026-10-06 09:13:41,494 INFO o.a.j.t.JMeterThread: Thread started: S2 1-875
2026-10-06 09:13:41,504 INFO o.a.j.t.JMeterThread: Thread started: S2 1-876
2026-10-06 09:13:41,513 INFO o.a.j.t.JMeterThread: Thread started: S2 1-877
2026-10-06 09:13:41,524 INFO o.a.j.t.JMeterThread: Thread started: S2 1-878
2026-10-06 09:13:41,533 INFO o.a.j.t.JMeterThread: Thread started: S2 1-879
2026-10-06 09:13:41,544 INFO o.a.j.t.JMeterThread: Thread started: S2 1-880
2026-10-06 09:13:41,554 INFO o.a.j.t.JMeterThread: Thread started: S2 1-881
2026-10-06 09:13:41,564 INFO o.a.j.t.JMeterThread: Thread started: S2 1-882
2026-10-06 09:13:41,573 INFO o.a.j.t.JMeterThread: Thread started: S2 1-883
2026-10-06 09:13:41,584 INFO o.a.j.t.JMeterThread: Thread started: S2 1-884
2026-10-06 09:13:41,594 INFO o.a.j.t.JMeterThread: Thread started: S2 1-885
2026-10-06 09:13:41,605 INFO o.a.j.t.JMeterThread: Thread started: S2 1-886
2026-10-06 09:13:41,614 INFO o.a.j.t.JMeterThread: Thread started: S2 1-887
2026-10-06 09:13:41,624 INFO o.a.j.t.JMeterThread: Thread started: S2 1-888
2026-10-06 09:13:41,635 INFO o.a.j.t.JMeterThread: Thread started: S2 1-889
2026-10-06 09:13:41,644 INFO o.a.j.t.JMeterThread: Thread started: S2 1-890
2026-10-06 09:13:41,654 INFO o.a.j.t.JMeterThread: Thread started: S2 1-891
2026-10-06 09:13:41,664 INFO o.a.j.t.JMeterThread: Thread started: S2 1-892
2026-10-06 09:13:41,674 INFO o.a.j.t.JMeterThread: Thread started: S2 1-893
2026-10-06 09:13:41,684 INFO o.a.j.t.JMeterThread: Thread started: S2 1-894
2026-10-06 09:13:41,694 INFO o.a.j.t.JMeterThread: Thread started: S2 1-895
2026-10-06 09:13:41,704 INFO o.a.j.t.JMeterThread: Thread started: S2 1-896
2026-10-06 09:13:41,714 INFO o.a.j.t.JMeterThread: Thread started: S2 1-897
2026-10-06 09:13:41,724 INFO o.a.j.t.JMeterThread: Thread started: S2 1-898
2026-10-06 09:13:41,734 INFO o.a.j.t.JMeterThread: Thread started: S2 1-899
2026-10-06 09:13:41,744 INFO o.a.j.t.JMeterThread: Thread started: S2 1-900
2026-10-06 09:13:41,753 INFO o.a.j.t.JMeterThread: Thread started: S2 1-901
2026-10-06 09:13:41,764 INFO o.a.j.t.JMeterThread: Thread started: S2 1-902
2026-10-06 09:13:41,774 INFO o.a.j.t.JMeterThread: Thread started: S2 1-903
2026-10-06 09:13:41,784 INFO o.a.j.t.JMeterThread: Thread started: S2 1-904
2026-10-06 09:13:41,794 INFO o.a.j.t.JMeterThread: Thread started: S2 1-905
2026-10-06 09:13:41,804 INFO o.a.j.t.JMeterThread: Thread started: S2 1-906
2026-10-06 09:13:41,814 INFO o.a.j.t.JMeterThread: Thread started: S2 1-907
2026-10-06 09:13:41,824 INFO o.a.j.t.JMeterThread: Thread started: S2 1-908
2026-10-06 09:13:41,833 INFO o.a.j.t.JMeterThread: Thread started: S2 1-909
2026-10-06 09:13:41,844 INFO o.a.j.t.JMeterThread: Thread started: S2 1-910
2026-10-06 09:13:41,853 INFO o.a.j.t.JMeterThread: Thread started: S2 1-911
2026-10-06 09:13:41,864 INFO o.a.j.t.JMeterThread: Thread started: S2 1-912
2026-10-06 09:13:41,874 INFO o.a.j.t.JMeterThread: Thread started: S2 1-913
2026-10-06 09:13:41,884 INFO o.a.j.t.JMeterThread: Thread started: S2 1-914
2026-10-06 09:13:41,893 INFO o.a.j.t.JMeterThread: Thread started: S2 1-915
2026-10-06 09:13:41,904 INFO o.a.j.t.JMeterThread: Thread started: S2 1-916
2026-10-06 09:13:41,913 INFO o.a.j.t.JMeterThread: Thread started: S2 1-917
2026-10-06 09:13:41,923 INFO o.a.j.t.JMeterThread: Thread started: S2 1-918
2026-10-06 09:13:41,935 INFO o.a.j.t.JMeterThread: Thread started: S2 1-919
2026-10-06 09:13:41,944 INFO o.a.j.t.JMeterThread: Thread started: S2 1-920
2026-10-06 09:13:41,955 INFO o.a.j.t.JMeterThread: Thread started: S2 1-921
2026-10-06 09:13:41,964 INFO o.a.j.t.JMeterThread: Thread started: S2 1-922
2026-10-06 09:13:41,973 INFO o.a.j.t.JMeterThread: Thread started: S2 1-923
2026-10-06 09:13:41,984 INFO o.a.j.t.JMeterThread: Thread started: S2 1-924
2026-10-06 09:13:41,994 INFO o.a.j.t.JMeterThread: Thread started: S2 1-925
2026-10-06 09:13:42,004 INFO o.a.j.t.JMeterThread: Thread started: S2 1-926
2026-10-06 09:13:42,014 INFO o.a.j.t.JMeterThread: Thread started: S2 1-927
2026-10-06 09:13:42,023 INFO o.a.j.t.JMeterThread: Thread started: S2 1-928
2026-10-06 09:13:42,033 INFO o.a.j.t.JMeterThread: Thread started: S2 1-929
2026-10-06 09:13:42,044 INFO o.a.j.t.JMeterThread: Thread started: S2 1-930
2026-10-06 09:13:42,053 INFO o.a.j.t.JMeterThread: Thread started: S2 1-931
2026-10-06 09:13:42,065 INFO o.a.j.t.JMeterThread: Thread started: S2 1-932
2026-10-06 09:13:42,075 INFO o.a.j.t.JMeterThread: Thread started: S2 1-933
2026-10-06 09:13:42,085 INFO o.a.j.t.JMeterThread: Thread started: S2 1-934
2026-10-06 09:13:42,094 INFO o.a.j.t.JMeterThread: Thread started: S2 1-935
2026-10-06 09:13:42,104 INFO o.a.j.t.JMeterThread: Thread started: S2 1-936
2026-10-06 09:13:42,113 INFO o.a.j.t.JMeterThread: Thread started: S2 1-937
2026-10-06 09:13:42,125 INFO o.a.j.t.JMeterThread: Thread started: S2 1-938
2026-10-06 09:13:42,133 INFO o.a.j.t.JMeterThread: Thread started: S2 1-939
2026-10-06 09:13:42,144 INFO o.a.j.t.JMeterThread: Thread started: S2 1-940
2026-10-06 09:13:42,155 INFO o.a.j.t.JMeterThread: Thread started: S2 1-941
2026-10-06 09:13:42,163 INFO o.a.j.t.JMeterThread: Thread started: S2 1-942
2026-10-06 09:13:42,174 INFO o.a.j.t.JMeterThread: Thread started: S2 1-943
2026-10-06 09:13:42,184 INFO o.a.j.t.JMeterThread: Thread started: S2 1-944
2026-10-06 09:13:42,193 INFO o.a.j.t.JMeterThread: Thread started: S2 1-945
2026-10-06 09:13:42,204 INFO o.a.j.t.JMeterThread: Thread started: S2 1-946
2026-10-06 09:13:42,214 INFO o.a.j.t.JMeterThread: Thread started: S2 1-947
2026-10-06 09:13:42,225 INFO o.a.j.t.JMeterThread: Thread started: S2 1-948
2026-10-06 09:13:42,234 INFO o.a.j.t.JMeterThread: Thread started: S2 1-949
2026-10-06 09:13:42,243 INFO o.a.j.t.JMeterThread: Thread started: S2 1-950
2026-10-06 09:13:42,254 INFO o.a.j.t.JMeterThread: Thread started: S2 1-951
2026-10-06 09:13:42,264 INFO o.a.j.t.JMeterThread: Thread started: S2 1-952
2026-10-06 09:13:42,274 INFO o.a.j.t.JMeterThread: Thread started: S2 1-953
2026-10-06 09:13:42,284 INFO o.a.j.t.JMeterThread: Thread started: S2 1-954
2026-10-06 09:13:42,293 INFO o.a.j.t.JMeterThread: Thread started: S2 1-955
2026-10-06 09:13:42,304 INFO o.a.j.t.JMeterThread: Thread started: S2 1-956
2026-10-06 09:13:42,313 INFO o.a.j.t.JMeterThread: Thread started: S2 1-957
2026-10-06 09:13:42,324 INFO o.a.j.t.JMeterThread: Thread started: S2 1-958
2026-10-06 09:13:42,335 INFO o.a.j.t.JMeterThread: Thread started: S2 1-959
2026-10-06 09:13:42,344 INFO o.a.j.t.JMeterThread: Thread started: S2 1-960
2026-10-06 09:13:42,353 INFO o.a.j.t.JMeterThread: Thread started: S2 1-961
2026-10-06 09:13:42,365 INFO o.a.j.t.JMeterThread: Thread started: S2 1-962
2026-10-06 09:13:42,374 INFO o.a.j.t.JMeterThread: Thread started: S2 1-963
2026-10-06 09:13:42,384 INFO o.a.j.t.JMeterThread: Thread started: S2 1-964
2026-10-06 09:13:42,394 INFO o.a.j.t.JMeterThread: Thread started: S2 1-965
2026-10-06 09:13:42,405 INFO o.a.j.t.JMeterThread: Thread started: S2 1-966
2026-10-06 09:13:42,413 INFO o.a.j.t.JMeterThread: Thread started: S2 1-967
2026-10-06 09:13:42,423 INFO o.a.j.t.JMeterThread: Thread started: S2 1-968
2026-10-06 09:13:42,434 INFO o.a.j.t.JMeterThread: Thread started: S2 1-969
2026-10-06 09:13:42,444 INFO o.a.j.t.JMeterThread: Thread started: S2 1-970
2026-10-06 09:13:42,453 INFO o.a.j.t.JMeterThread: Thread started: S2 1-971
2026-10-06 09:13:42,464 INFO o.a.j.t.JMeterThread: Thread started: S2 1-972
2026-10-06 09:13:42,474 INFO o.a.j.t.JMeterThread: Thread started: S2 1-973
2026-10-06 09:13:42,483 INFO o.a.j.t.JMeterThread: Thread started: S2 1-974
2026-10-06 09:13:42,494 INFO o.a.j.t.JMeterThread: Thread started: S2 1-975
2026-10-06 09:13:42,503 INFO o.a.j.t.JMeterThread: Thread started: S2 1-976
2026-10-06 09:13:42,514 INFO o.a.j.t.JMeterThread: Thread started: S2 1-977
2026-10-06 09:13:42,524 INFO o.a.j.t.JMeterThread: Thread started: S2 1-978
2026-10-06 09:13:42,533 INFO o.a.j.t.JMeterThread: Thread started: S2 1-979
2026-10-06 09:13:42,543 INFO o.a.j.t.JMeterThread: Thread started: S2 1-980
2026-10-06 09:13:42,554 INFO o.a.j.t.JMeterThread: Thread started: S2 1-981
2026-10-06 09:13:42,563 INFO o.a.j.t.JMeterThread: Thread started: S2 1-982
2026-10-06 09:13:42,574 INFO o.a.j.t.JMeterThread: Thread started: S2 1-983
2026-10-06 09:13:42,584 INFO o.a.j.t.JMeterThread: Thread started: S2 1-984
2026-10-06 09:13:42,593 INFO o.a.j.t.JMeterThread: Thread started: S2 1-985
2026-10-06 09:13:42,603 INFO o.a.j.t.JMeterThread: Thread started: S2 1-986
2026-10-06 09:13:42,615 INFO o.a.j.t.JMeterThread: Thread started: S2 1-987
2026-10-06 09:13:42,625 INFO o.a.j.t.JMeterThread: Thread started: S2 1-988
2026-10-06 09:13:42,634 INFO o.a.j.t.JMeterThread: Thread started: S2 1-989
2026-10-06 09:13:42,644 INFO o.a.j.t.JMeterThread: Thread started: S2 1-990
2026-10-06 09:13:42,654 INFO o.a.j.t.JMeterThread: Thread started: S2 1-991
2026-10-06 09:13:42,663 INFO o.a.j.t.JMeterThread: Thread started: S2 1-992
2026-10-06 09:13:42,674 INFO o.a.j.t.JMeterThread: Thread started: S2 1-993
2026-10-06 09:13:42,684 INFO o.a.j.t.JMeterThread: Thread started: S2 1-994
2026-10-06 09:13:42,693 INFO o.a.j.t.JMeterThread: Thread started: S2 1-995
2026-10-06 09:13:42,704 INFO o.a.j.t.JMeterThread: Thread started: S2 1-996
2026-10-06 09:13:42,713 INFO o.a.j.t.JMeterThread: Thread started: S2 1-997
2026-10-06 09:13:42,723 INFO o.a.j.t.JMeterThread: Thread started: S2 1-998
2026-10-06 09:13:42,734 INFO o.a.j.t.JMeterThread: Thread started: S2 1-999
2026-10-06 09:13:42,744 INFO o.a.j.t.JMeterThread: Thread started: S2 1-1000
2026-10-06 09:14:00,000 INFO o.a.j.r.Summariser: summary +  25437 in 00:00:27 =  932.7/s Avg:   913 Min:    14 Max:  1198 Err:     0 (0.00%) Active: 1000 Started: 1000 Finished: 0
2026-10-06 09:14:00,001 INFO o.a.j.r.Summariser: summary =  25438 in 00:00:28 =  907.7/s Avg:   913 Min:    14 Max:  1198 Err:     0 (0.00%)
2026-10-06 09:14:30,000 INFO o.a.j.r.Summariser: summary +  30371 in 00:00:30 = 1012.4/s Avg:  1042 Min:   983 Max:  1404 Err:     0 (0.00%) Active: 1000 Started: 1000 Finished: 0
2026-10-06 09:14:30,000 INFO o.a.j.r.Summariser: summary =  55809 in 00:00:58 =  961.8/s Avg:   983 Min:    14 Max:  1404 Err:     0 (0.00%)
2026-10-06 09:14:32,764 INFO o.a.j.t.JMeterThread: Stopping because end time detected by thread: S2 1-11
2026-10-06 09:14:32,764 INFO o.a.j.t.JMeterThread: Thread finished: S2 1-11
2026-10-06 09:14:32,779 INFO o.a.j.t.JMeterThread: Stopping because end time detected by thread: S2 1-9
2026-10-06 09:14:32,780 INFO o.a.j.t.JMeterThread: Thread finished: S2 1-9
2026-10-06 09:14:32,785 INFO o.a.j.t.JMeterThread: Stopping because end time detected by thread: S2 1-33
2026-10-06 09:14:32,785 INFO o.a.j.t.JMeterThread: Thread finished: S2 1-33
2026-10-06 09:14:32,793 INFO o.a.j.t.JMeterThread: Stopping because end time detected by thread: S2 1-30
2026-10-06 09:14:32,793 INFO o.a.j.t.JMeterThread: Thread finished: S2 1-30
2026-10-06 09:14:32,827 INFO o.a.j.t.JMeterThread: Stopping because end time detected by thread: S2 1-43
2026-10-06 09:14:32,827 INFO o.a.j.t.JMeterThread: Thread finished: S2 1-43
2026-10-06 09:14:32,840 INFO o.a.j.t.JMeterThread: Stopping because end time detected by thread: S2 1-3
2026-10-06 09:14:32,840 INFO o.a.j.t.JMeterThread: Thread finished: S2 1-3
2026-10-06 09:14:32,846 INFO o.a.j.t.JMeterThread: Stopping because end time detected by thread: S2 1-36
2026-10-06 09:14:32,846 INFO o.a.j.t.JMeterThread: Thread finished: S2 1-36
2026-10-06 09:14:32,850 INFO o.a.j.t.JMeterThread: Stopping because end time detected by thread: S2 1-41
2026-10-06 09:14:32,850 INFO o.a.j.t.JMeterThread: Thread finished: S2 1-41
2026-10-06 09:14:32,857 INFO o.a.j.t.JMeterThread: Stopping because end time detected by thread: S2 1-155
2026-10-06 09:14:32,858 INFO o.a.j.t.JMeterThread: Thread finished: S2 1-155
2026-10-06 09:14:32,862 INFO o.a.j.t.JMeterThread: Stopping because end time detected by thread: S2 1-81
2026-10-06 09:14:32,862 INFO o.a.j.t.JMeterThread: Thread finished: S2 1-81
2026-10-06 09:14:32,869 INFO o.a.j.t.JMeterThread: Stopping because end time detected by thread: S2 1-117
2026-10-06 09:14:32,869 INFO o.a.j.t.JMeterThread: Thread finished: S2 1-117
2026-10-06 09:14:32,870 INFO o.a.j.t.JMeterThread: Stopping because end time detected by thread: S2 1-179
2026-10-06 09:14:32,870 INFO o.a.j.t.JMeterThread: Thread finished: S2 1-179
2026-10-06 09:14:32,872 INFO o.a.j.t.JMeterThread: Stopping because end time detected by thread: S2 1-19
2026-10-06 09:14:32,872 INFO o.a.j.t.JMeterThread: Thread finished: S2 1-19
2026-10-06 09:14:32,874 INFO o.a.j.t.JMeterThread: Stopping because end time detected by thread: S2 1-79
2026-10-06 09:14:32,875 INFO o.a.j.t.JMeterThread: Thread finished: S2 1-79
2026-10-06 09:14:32,882 INFO o.a.j.t.JMeterThread: Stopping because end time detected by thread: S2 1-189
2026-10-06 09:14:32,883 INFO o.a.j.t.JMeterThread: Thread finished: S2 1-189
2026-10-06 09:14:32,895 INFO o.a.j.t.JMeterThread: Stopping because end time detected by thread: S2 1-106
2026-10-06 09:14:32,895 INFO o.a.j.t.JMeterThread: Thread finished: S2 1-106
2026-10-06 09:14:32,896 INFO o.a.j.t.JMeterThread: Stopping because end time detected by thread: S2 1-158
2026-10-06 09:14:32,896 INFO o.a.j.t.JMeterThread: Thread finished: S2 1-158
2026-10-06 09:14:32,900 INFO o.a.j.t.JMeterThread: Stopping because end time detected by thread: S2 1-24
2026-10-06 09:14:32,900 INFO o.a.j.t.JMeterThread: Thread finished: S2 1-24
2026-10-06 09:14:32,903 INFO o.a.j.t.JMeterThread: Stopping because end time detected by thread: S2 1-109
2026-10-06 09:14:32,904 INFO o.a.j.t.JMeterThread: Thread finished: S2 1-109
2026-10-06 09:14:32,909 INFO o.a.j.t.JMeterThread: Stopping because end time detected by thread: S2 1-44
2026-10-06 09:14:32,909 INFO o.a.j.t.JMeterThread: Thread finished: S2 1-44
2026-10-06 09:14:32,911 INFO o.a.j.t.JMeterThread: Stopping because end time detected by thread: S2 1-132
2026-10-06 09:14:32,911 INFO o.a.j.t.JMeterThread: Thread finished: S2 1-132
2026-10-06 09:14:32,913 INFO o.a.j.t.JMeterThread: Stopping because end time detected by thread: S2 1-234
2026-10-06 09:14:32,913 INFO o.a.j.t.JMeterThread: Thread finished: S2 1-234
2026-10-06 09:14:32,918 INFO o.a.j.t.JMeterThread: Stopping because end time detected by thread: S2 1-35
2026-10-06 09:14:32,918 INFO o.a.j.t.JMeterThread: Thread finished: S2 1-35
2026-10-06 09:14:32,925 INFO o.a.j.t.JMeterThread: Stopping because end time detected by thread: S2 1-67
2026-10-06 09:14:32,926 INFO o.a.j.t.JMeterThread: Thread finished: S2 1-67
2026-10-06 09:14:32,928 INFO o.a.j.t.JMeterThread: Stopping because end time detected by thread: S2 1-263
2026-10-06 09:14:32,928 INFO o.a.j.t.JMeterThread: Thread finished: S2 1-263
2026-10-06 09:14:32,932 INFO o.a.j.t.JMeterThread: Stopping because end time detected by thread: S2 1-225
2026-10-06 09:14:32,932 INFO o.a.j.t.JMeterThread: Thread finished: S2 1-225
2026-10-06 09:14:32,933 INFO o.a.j.t.JMeterThread: Stopping because end time detected by thread: S2 1-257
2026-10-06 09:14:32,933 INFO o.a.j.t.JMeterThread: Thread finished: S2 1-257
2026-10-06 09:14:32,937 INFO o.a.j.t.JMeterThread: Stopping because end time detected by thread: S2 1-281
2026-10-06 09:14:32,937 INFO o.a.j.t.JMeterThread: Thread finished: S2 1-281
2026-10-06 09:14:32,951 INFO o.a.j.t.JMeterThread: Stopping because end time detected by thread: S2 1-267
2026-10-06 09:14:32,951 INFO o.a.j.t.JMeterThread: Thread finished: S2 1-267
2026-10-06 09:14:32,952 INFO o.a.j.t.JMeterThread: Stopping because end time detected by thread: S2 1-237
2026-10-06 09:14:32,952 INFO o.a.j.t.JMeterThread: Thread finished: S2 1-237
2026-10-06 09:14:32,953 INFO o.a.j.t.JMeterThread: Stopping because end time detected by thread: S2 1-277
2026-10-06 09:14:32,953 INFO o.a.j.t.JMeterThread: Stopping because end time detected by thread: S2 1-180
2026-10-06 09:14:32,953 INFO o.a.j.t.JMeterThread: Thread finished: S2 1-277
2026-10-06 09:14:32,953 INFO o.a.j.t.JMeterThread: Thread finished: S2 1-180
2026-10-06 09:14:32,957 INFO o.a.j.t.JMeterThread: Stopping because end time detected by thread: S2 1-200
2026-10-06 09:14:32,958 INFO o.a.j.t.JMeterThread: Thread finished: S2 1-200
2026-10-06 09:14:32,962 INFO o.a.j.t.JMeterThread: Stopping because end time detected by thread: S2 1-15
2026-10-06 09:14:32,962 INFO o.a.j.t.JMeterThread: Thread finished: S2 1-15
2026-10-06 09:14:32,963 INFO o.a.j.t.JMeterThread: Stopping because end time detected by thread: S2 1-164
2026-10-06 09:14:32,963 INFO o.a.j.t.JMeterThread: Thread finished: S2 1-164
2026-10-06 09:14:32,965 INFO o.a.j.t.JMeterThread: Stopping because end time detected by thread: S2 1-89
2026-10-06 09:14:32,965 INFO o.a.j.t.JMeterThread: Thread finished: S2 1-89
2026-10-06 09:14:32,973 INFO o.a.j.t.JMeterThread: Stopping because end time detected by thread: S2 1-26
2026-10-06 09:14:32,973 INFO o.a.j.t.JMeterThread: Thread finished: S2 1-26
2026-10-06 09:14:32,974 INFO o.a.j.t.JMeterThread: Stopping because end time detected by thread: S2 1-264
2026-10-06 09:14:32,975 INFO o.a.j.t.JMeterThread: Thread finished: S2 1-264
2026-10-06 09:14:32,976 INFO o.a.j.t.JMeterThread: Stopping because end time detected by thread: S2 1-86
2026-10-06 09:14:32,976 INFO o.a.j.t.JMeterThread: Stopping because end time detected by thread: S2 1-249
2026-10-06 09:14:32,976 INFO o.a.j.t.JMeterThread: Thread finished: S2 1-86
2026-10-06 09:14:32,976 INFO o.a.j.t.JMeterThread: Thread finished: S2 1-249
2026-10-06 09:14:32,980 INFO o.a.j.t.JMeterThread: Stopping because end time detected by thread: S2 1-97
2026-10-06 09:14:32,980 INFO o.a.j.t.JMeterThread: Thread finished: S2 1-97
2026-10-06 09:14:32,980 INFO o.a.j.t.JMeterThread: Stopping because end time detected by thread: S2 1-148
2026-10-06 09:14:32,980 INFO o.a.j.t.JMeterThread: Thread finished: S2 1-148
2026-10-06 09:14:32,983 INFO o.a.j.t.JMeterThread: Stopping because end time detected by thread: S2 1-159
2026-10-06 09:14:32,983 INFO o.a.j.t.JMeterThread: Thread finished: S2 1-159
2026-10-06 09:14:32,984 INFO o.a.j.t.JMeterThread: Stopping because end time detected by thread: S2 1-2
2026-10-06 09:14:32,984 INFO o.a.j.t.JMeterThread: Thread finished: S2 1-2
2026-10-06 09:14:32,991 INFO o.a.j.t.JMeterThread: Stopping because end time detected by thread: S2 1-87
2026-10-06 09:14:32,991 INFO o.a.j.t.JMeterThread: Thread finished: S2 1-87
2026-10-06 09:14:32,993 INFO o.a.j.t.JMeterThread: Stopping because end time detected by thread: S2 1-208
2026-10-06 09:14:32,993 INFO o.a.j.t.JMeterThread: Thread finished: S2 1-208
2026-10-06 09:14:32,995 INFO o.a.j.t.JMeterThread: Stopping because end time detected by thread: S2 1-194
2026-10-06 09:14:32,996 INFO o.a.j.t.JMeterThread: Thread finished: S2 1-194
2026-10-06 09:14:32,997 INFO o.a.j.t.JMeterThread: Stopping because end time detected by thread: S2 1-107
2026-10-06 09:14:32,997 INFO o.a.j.t.JMeterThread: Thread finished: S2 1-107
2026-10-06 09:14:32,999 INFO o.a.j.t.JMeterThread: Stopping because end time detected by thread: S2 1-113
2026-10-06 09:14:32,999 INFO o.a.j.t.JMeterThread: Thread finished: S2 1-113
2026-10-06 09:14:33,005 INFO o.a.j.t.JMeterThread: Stopping because end time detected by thread: S2 1-406
2026-10-06 09:14:33,005 INFO o.a.j.t.JMeterThread: Thread finished: S2 1-406
2026-10-06 09:14:33,006 INFO o.a.j.t.JMeterThread: Stopping because end time detected by thread: S2 1-51
2026-10-06 09:14:33,006 INFO o.a.j.t.JMeterThread: Stopping because end time detected by thread: S2 1-207
2026-10-06 09:14:33,006 INFO o.a.j.t.JMeterThread: Thread finished: S2 1-51
2026-10-06 09:14:33,006 INFO o.a.j.t.JMeterThread: Thread finished: S2 1-207
2026-10-06 09:14:33,009 INFO o.a.j.t.JMeterThread: Stopping because end time detected by thread: S2 1-414
2026-10-06 09:14:33,009 INFO o.a.j.t.JMeterThread: Thread finished: S2 1-414
2026-10-06 09:14:33,010 INFO o.a.j.t.JMeterThread: Stopping because end time detected by thread: S2 1-433
2026-10-06 09:14:33,010 INFO o.a.j.t.JMeterThread: Thread finished: S2 1-433
2026-10-06 09:14:33,010 INFO o.a.j.t.JMeterThread: Stopping because end time detected by thread: S2 1-291
2026-10-06 09:14:33,010 INFO o.a.j.t.JMeterThread: Thread finished: S2 1-291
2026-10-06 09:14:33,020 INFO o.a.j.t.JMeterThread: Stopping because end time detected by thread: S2 1-429
2026-10-06 09:14:33,020 INFO o.a.j.t.JMeterThread: Thread finished: S2 1-429
2026-10-06 09:14:33,021 INFO o.a.j.t.JMeterThread: Stopping because end time detected by thread: S2 1-52
2026-10-06 09:14:33,022 INFO o.a.j.t.JMeterThread: Thread finished: S2 1-52
2026-10-06 09:14:33,027 INFO o.a.j.t.JMeterThread: Stopping because end time detected by thread: S2 1-324
2026-10-06 09:14:33,027 INFO o.a.j.t.JMeterThread: Thread finished: S2 1-324
2026-10-06 09:14:33,028 INFO o.a.j.t.JMeterThread: Stopping because end time detected by thread: S2 1-49
2026-10-06 09:14:33,028 INFO o.a.j.t.JMeterThread: Thread finished: S2 1-49
2026-10-06 09:14:33,031 INFO o.a.j.t.JMeterThread: Stopping because end time detected by thread: S2 1-282
2026-10-06 09:14:33,031 INFO o.a.j.t.JMeterThread: Thread finished: S2 1-282
2026-10-06 09:14:33,038 INFO o.a.j.t.JMeterThread: Stopping because end time detected by thread: S2 1-362
2026-10-06 09:14:33,038 INFO o.a.j.t.JMeterThread: Thread finished: S2 1-362
2026-10-06 09:14:33,041 INFO o.a.j.t.JMeterThread: Stopping because end time detected by thread: S2 1-228
2026-10-06 09:14:33,041 INFO o.a.j.t.JMeterThread: Thread finished: S2 1-228
2026-10-06 09:14:33,045 INFO o.a.j.t.JMeterThread: Stopping because end time detected by thread: S2 1-402
2026-10-06 09:14:33,045 INFO o.a.j.t.JMeterThread: Thread finished: S2 1-402
2026-10-06 09:14:33,048 INFO o.a.j.t.JMeterThread: Stopping because end time detected by thread: S2 1-303
2026-10-06 09:14:33,049 INFO o.a.j.t.JMeterThread: Thread finished: S2 1-303
2026-10-06 09:14:33,053 INFO o.a.j.t.JMeterThread: Stopping because end time detected by thread: S2 1-110
2026-10-06 09:14:33,053 INFO o.a.j.t.JMeterThread: Thread finished: S2 1-110
2026-10-06 09:14:33,054 INFO o.a.j.t.JMeterThread: Stopping because end time detected by thread: S2 1-335
2026-10-06 09:14:33,054 INFO o.a.j.t.JMeterThread: Thread finished: S2 1-335
2026-10-06 09:14:33,055 INFO o.a.j.t.JMeterThread: Stopping because end time detected by thread: S2 1-236
2026-10-06 09:14:33,055 INFO o.a.j.t.JMeterThread: Thread finished: S2 1-236
2026-10-06 09:14:33,057 INFO o.a.j.t.JMeterThread: Stopping because end time detected by thread: S2 1-193
2026-10-06 09:14:33,057 INFO o.a.j.t.JMeterThread: Thread finished: S2 1-193
2026-10-06 09:14:33,058 INFO o.a.j.t.JMeterThread: Stopping because end time detected by thread: S2 1-14
2026-10-06 09:14:33,058 INFO o.a.j.t.JMeterThread: Thread finished: S2 1-14
2026-10-06 09:14:33,063 INFO o.a.j.t.JMeterThread: Stopping because end time detected by thread: S2 1-317
2026-10-06 09:14:33,063 INFO o.a.j.t.JMeterThread: Thread finished: S2 1-317
2026-10-06 09:14:33,065 INFO o.a.j.t.JMeterThread: Stopping because end time detected by thread: S2 1-162
2026-10-06 09:14:33,065 INFO o.a.j.t.JMeterThread: Thread finished: S2 1-162
2026-10-06 09:14:33,071 INFO o.a.j.t.JMeterThread: Stopping because end time detected by thread: S2 1-187
2026-10-06 09:14:33,071 INFO o.a.j.t.JMeterThread: Thread finished: S2 1-187
2026-10-06 09:14:33,072 INFO o.a.j.t.JMeterThread: Stopping because end time detected by thread: S2 1-62
2026-10-06 09:14:33,072 INFO o.a.j.t.JMeterThread: Thread finished: S2 1-62
2026-10-06 09:14:33,073 INFO o.a.j.t.JMeterThread: Stopping because end time detected by thread: S2 1-381
2026-10-06 09:14:33,073 INFO o.a.j.t.JMeterThread: Thread finished: S2 1-381
2026-10-06 09:14:33,074 INFO o.a.j.t.JMeterThread: Stopping because end time detected by thread: S2 1-261
2026-10-06 09:14:33,075 INFO o.a.j.t.JMeterThread: Thread finished: S2 1-261
2026-10-06 09:14:33,076 INFO o.a.j.t.JMeterThread: Stopping because end time detected by thread: S2 1-224
2026-10-06 09:14:33,076 INFO o.a.j.t.JMeterThread: Thread finished: S2 1-224
2026-10-06 09:14:33,078 INFO o.a.j.t.JMeterThread: Stopping because end time detected by thread: S2 1-28
2026-10-06 09:14:33,078 INFO o.a.j.t.JMeterThread: Thread finished: S2 1-28
2026-10-06 09:14:33,081 INFO o.a.j.t.JMeterThread: Stopping because end time detected by thread: S2 1-339
2026-10-06 09:14:33,081 INFO o.a.j.t.JMeterThread: Thread finished: S2 1-339
2026-10-06 09:14:33,083 INFO o.a.j.t.JMeterThread: Stopping because end time detected by thread: S2 1-572
2026-10-06 09:14:33,083 INFO o.a.j.t.JMeterThread: Thread finished: S2 1-572
2026-10-06 09:14:33,087 INFO o.a.j.t.JMeterThread: Stopping because end time detected by thread: S2 1-201
2026-10-06 09:14:33,087 INFO o.a.j.t.JMeterThread: Thread finished: S2 1-201
2026-10-06 09:14:33,089 INFO o.a.j.t.JMeterThread: Stopping because end time detected by thread: S2 1-45
2026-10-06 09:14:33,089 INFO o.a.j.t.JMeterThread: Stopping because end time detected by thread: S2 1-595
2026-10-06 09:14:33,089 INFO o.a.j.t.JMeterThread: Thread finished: S2 1-595
2026-10-06 09:14:33,089 INFO o.a.j.t.JMeterThread: Thread finished: S2 1-45
2026-10-06 09:14:33,091 INFO o.a.j.t.JMeterThread: Stopping because end time detected by thread: S2 1-285
2026-10-06 09:14:33,092 INFO o.a.j.t.JMeterThread: Thread finished: S2 1-285
2026-10-06 09:14:33,092 INFO o.a.j.t.JMeterThread: Stopping because end time detected by thread: S2 1-134
2026-10-06 09:14:33,093 INFO o.a.j.t.JMeterThread: Thread finished: S2 1-134
2026-10-06 09:14:33,097 INFO o.a.j.t.JMeterThread: Stopping because end time detected by thread: S2 1-128
2026-10-06 09:14:33,097 INFO o.a.j.t.JMeterThread: Thread finished: S2 1-128
2026-10-06 09:14:33,098 INFO o.a.j.t.JMeterThread: Stopping because end time detected by thread: S2 1-111
2026-10-06 09:14:33,098 INFO o.a.j.t.JMeterThread: Thread finished: S2 1-111
2026-10-06 09:14:33,099 INFO o.a.j.t.JMeterThread: Stopping because end time detected by thread: S2 1-596
2026-10-06 09:14:33,099 INFO o.a.j.t.JMeterThread: Thread finished: S2 1-596
2026-10-06 09:14:33,101 INFO o.a.j.t.JMeterThread: Stopping because end time detected by thread: S2 1-145
2026-10-06 09:14:33,101 INFO o.a.j.t.JMeterThread: Stopping because end time detected by thread: S2 1-300
2026-10-06 09:14:33,101 INFO o.a.j.t.JMeterThread: Thread finished: S2 1-145
2026-10-06 09:14:33,101 INFO o.a.j.t.JMeterThread: Thread finished: S2 1-300
2026-10-06 09:14:33,102 INFO o.a.j.t.JMeterThread: Stopping because end time detected by thread: S2 1-293
2026-10-06 09:14:33,102 INFO o.a.j.t.JMeterThread: Thread finished: S2 1-293
2026-10-06 09:14:33,106 INFO o.a.j.t.JMeterThread: Stopping because end time detected by thread: S2 1-286
2026-10-06 09:14:33,106 INFO o.a.j.t.JMeterThread: Thread finished: S2 1-286
2026-10-06 09:14:33,107 INFO o.a.j.t.JMeterThread: Stopping because end time detected by thread: S2 1-348
2026-10-06 09:14:33,107 INFO o.a.j.t.JMeterThread: Thread finished: S2 1-348
2026-10-06 09:14:33,109 INFO o.a.j.t.JMeterThread: Stopping because end time detected by thread: S2 1-95
2026-10-06 09:14:33,109 INFO o.a.j.t.JMeterThread: Thread finished: S2 1-95
2026-10-06 09:14:33,110 INFO o.a.j.t.JMeterThread: Stopping because end time detected by thread: S2 1-522
2026-10-06 09:14:33,110 INFO o.a.j.t.JMeterThread: Thread finished: S2 1-522
2026-10-06 09:14:33,114 INFO o.a.j.t.JMeterThread: Stopping because end time detected by thread: S2 1-613
2026-10-06 09:14:33,114 INFO o.a.j.t.JMeterThread: Thread finished: S2 1-613
2026-10-06 09:14:33,117 INFO o.a.j.t.JMeterThread: Stopping because end time detected by thread: S2 1-84
2026-10-06 09:14:33,117 INFO o.a.j.t.JMeterThread: Thread finished: S2 1-84
2026-10-06 09:14:33,118 INFO o.a.j.t.JMeterThread: Stopping because end time detected by thread: S2 1-361
2026-10-06 09:14:33,118 INFO o.a.j.t.JMeterThread: Stopping because end time detected by thread: S2 1-458
2026-10-06 09:14:33,118 INFO o.a.j.t.JMeterThread: Thread finished: S2 1-361
2026-10-06 09:14:33,118 INFO o.a.j.t.JMeterThread: Thread finished: S2 1-458
2026-10-06 09:14:33,119 INFO o.a.j.t.JMeterThread: Stopping because end time detected by thread: S2 1-256
2026-10-06 09:14:33,120 INFO o.a.j.t.JMeterThread: Thread finished: S2 1-256
2026-10-06 09:14:33,122 INFO o.a.j.t.JMeterThread: Stopping because end time detected by thread: S2 1-5
2026-10-06 09:14:33,122 INFO o.a.j.t.JMeterThread: Stopping because end time detected by thread: S2 1-376
2026-10-06 09:14:33,123 INFO o.a.j.t.JMeterThread: Thread finished: S2 1-376
2026-10-06 09:14:33,123 INFO o.a.j.t.JMeterThread: Thread finished: S2 1-5
2026-10-06 09:14:33,126 INFO o.a.j.t.JMeterThread: Stopping because end time detected by thread: S2 1-656
2026-10-06 09:14:33,126 INFO o.a.j.t.JMeterThread: Thread finished: S2 1-656
2026-10-06 09:14:33,127 INFO o.a.j.t.JMeterThread: Stopping because end time detected by thread: S2 1-337
2026-10-06 09:14:33,127 INFO o.a.j.t.JMeterThread: Stopping because end time detected by thread: S2 1-483
2026-10-06 09:14:33,127 INFO o.a.j.t.JMeterThread: Thread finished: S2 1-337
2026-10-06 09:14:33,127 INFO o.a.j.t.JMeterThread: Thread finished: S2 1-483
2026-10-06 09:14:33,130 INFO o.a.j.t.JMeterThread: Stopping because end time detected by thread: S2 1-309
2026-10-06 09:14:33,130 INFO o.a.j.t.JMeterThread: Thread finished: S2 1-309
2026-10-06 09:14:33,131 INFO o.a.j.t.JMeterThread: Stopping because end time detected by thread: S2 1-221
2026-10-06 09:14:33,131 INFO o.a.j.t.JMeterThread: Thread finished: S2 1-221
2026-10-06 09:14:33,133 INFO o.a.j.t.JMeterThread: Stopping because end time detected by thread: S2 1-112
2026-10-06 09:14:33,133 INFO o.a.j.t.JMeterThread: Thread finished: S2 1-112
2026-10-06 09:14:33,134 INFO o.a.j.t.JMeterThread: Stopping because end time detected by thread: S2 1-410
2026-10-06 09:14:33,134 INFO o.a.j.t.JMeterThread: Stopping because end time detected by thread: S2 1-465
2026-10-06 09:14:33,134 INFO o.a.j.t.JMeterThread: Thread finished: S2 1-410
2026-10-06 09:14:33,134 INFO o.a.j.t.JMeterThread: Thread finished: S2 1-465
2026-10-06 09:14:33,137 INFO o.a.j.t.JMeterThread: Stopping because end time detected by thread: S2 1-307
2026-10-06 09:14:33,137 INFO o.a.j.t.JMeterThread: Thread finished: S2 1-307
2026-10-06 09:14:33,139 INFO o.a.j.t.JMeterThread: Stopping because end time detected by thread: S2 1-593
2026-10-06 09:14:33,139 INFO o.a.j.t.JMeterThread: Thread finished: S2 1-593
2026-10-06 09:14:33,144 INFO o.a.j.t.JMeterThread: Stopping because end time detected by thread: S2 1-470
2026-10-06 09:14:33,144 INFO o.a.j.t.JMeterThread: Stopping because end time detected by thread: S2 1-322
2026-10-06 09:14:33,144 INFO o.a.j.t.JMeterThread: Thread finished: S2 1-470
2026-10-06 09:14:33,144 INFO o.a.j.t.JMeterThread: Thread finished: S2 1-322
2026-10-06 09:14:33,145 INFO o.a.j.t.JMeterThread: Stopping because end time detected by thread: S2 1-640
2026-10-06 09:14:33,146 INFO o.a.j.t.JMeterThread: Thread finished: S2 1-640
2026-10-06 09:14:33,147 INFO o.a.j.t.JMeterThread: Stopping because end time detected by thread: S2 1-240
2026-10-06 09:14:33,147 INFO o.a.j.t.JMeterThread: Thread finished: S2 1-240
2026-10-06 09:14:33,148 INFO o.a.j.t.JMeterThread: Stopping because end time detected by thread: S2 1-121
2026-10-06 09:14:33,148 INFO o.a.j.t.JMeterThread: Thread finished: S2 1-121
2026-10-06 09:14:33,149 INFO o.a.j.t.JMeterThread: Stopping because end time detected by thread: S2 1-685
2026-10-06 09:14:33,149 INFO o.a.j.t.JMeterThread: Thread finished: S2 1-685
2026-10-06 09:14:33,153 INFO o.a.j.t.JMeterThread: Stopping because end time detected by thread: S2 1-491
2026-10-06 09:14:33,153 INFO o.a.j.t.JMeterThread: Thread finished: S2 1-491
2026-10-06 09:14:33,155 INFO o.a.j.t.JMeterThread: Stopping because end time detected by thread: S2 1-380
2026-10-06 09:14:33,155 INFO o.a.j.t.JMeterThread: Thread finished: S2 1-380
2026-10-06 09:14:33,158 INFO o.a.j.t.JMeterThread: Stopping because end time detected by thread: S2 1-647
2026-10-06 09:14:33,158 INFO o.a.j.t.JMeterThread: Stopping because end time detected by thread: S2 1-521
2026-10-06 09:14:33,158 INFO o.a.j.t.JMeterThread: Thread finished: S2 1-647
2026-10-06 09:14:33,158 INFO o.a.j.t.JMeterThread: Thread finished: S2 1-521
2026-10-06 09:14:33,159 INFO o.a.j.t.JMeterThread: Stopping because end time detected by thread: S2 1-681
2026-10-06 09:14:33,159 INFO o.a.j.t.JMeterThread: Thread finished: S2 1-681
2026-10-06 09:14:33,161 INFO o.a.j.t.JMeterThread: Stopping because end time detected by thread: S2 1-396
2026-10-06 09:14:33,161 INFO o.a.j.t.JMeterThread: Thread finished: S2 1-396
2026-10-06 09:14:33,163 INFO o.a.j.t.JMeterThread: Stopping because end time detected by thread: S2 1-409
2026-10-06 09:14:33,163 INFO o.a.j.t.JMeterThread: Stopping because end time detected by thread: S2 1-341
2026-10-06 09:14:33,163 INFO o.a.j.t.JMeterThread: Thread finished: S2 1-341
2026-10-06 09:14:33,163 INFO o.a.j.t.JMeterThread: Thread finished: S2 1-409
2026-10-06 09:14:33,164 INFO o.a.j.t.JMeterThread: Stopping because end time detected by thread: S2 1-712
2026-10-06 09:14:33,164 INFO o.a.j.t.JMeterThread: Thread finished: S2 1-712
2026-10-06 09:14:33,165 INFO o.a.j.t.JMeterThread: Stopping because end time detected by thread: S2 1-689
2026-10-06 09:14:33,165 INFO o.a.j.t.JMeterThread: Thread finished: S2 1-689
2026-10-06 09:14:33,167 INFO o.a.j.t.JMeterThread: Stopping because end time detected by thread: S2 1-418
2026-10-06 09:14:33,167 INFO o.a.j.t.JMeterThread: Thread finished: S2 1-418
2026-10-06 09:14:33,169 INFO o.a.j.t.JMeterThread: Stopping because end time detected by thread: S2 1-639
2026-10-06 09:14:33,169 INFO o.a.j.t.JMeterThread: Thread finished: S2 1-639
2026-10-06 09:14:33,169 INFO o.a.j.t.JMeterThread: Stopping because end time detected by thread: S2 1-378
2026-10-06 09:14:33,170 INFO o.a.j.t.JMeterThread: Thread finished: S2 1-378
2026-10-06 09:14:33,174 INFO o.a.j.t.JMeterThread: Stopping because end time detected by thread: S2 1-814
2026-10-06 09:14:33,174 INFO o.a.j.t.JMeterThread: Stopping because end time detected by thread: S2 1-751
2026-10-06 09:14:33,174 INFO o.a.j.t.JMeterThread: Thread finished: S2 1-751
2026-10-06 09:14:33,174 INFO o.a.j.t.JMeterThread: Thread finished: S2 1-814
2026-10-06 09:14:33,179 INFO o.a.j.t.JMeterThread: Stopping because end time detected by thread: S2 1-120
2026-10-06 09:14:33,179 INFO o.a.j.t.JMeterThread: Stopping because end time detected by thread: S2 1-290
2026-10-06 09:14:33,179 INFO o.a.j.t.JMeterThread: Thread finished: S2 1-290
2026-10-06 09:14:33,179 INFO o.a.j.t.JMeterThread: Thread finished: S2 1-120
2026-10-06 09:14:33,183 INFO o.a.j.t.JMeterThread: Stopping because end time detected by thread: S2 1-757
2026-10-06 09:14:33,183 INFO o.a.j.t.JMeterThread: Stopping because end time detected by thread: S2 1-806
2026-10-06 09:14:33,183 INFO o.a.j.t.JMeterThread: Thread finished: S2 1-757
2026-10-06 09:14:33,183 INFO o.a.j.t.JMeterThread: Thread finished: S2 1-806
2026-10-06 09:14:33,184 INFO o.a.j.t.JMeterThread: Stopping because end time detected by thread: S2 1-325
2026-10-06 09:14:33,184 INFO o.a.j.t.JMeterThread: Thread finished: S2 1-325
2026-10-06 09:14:33,186 INFO o.a.j.t.JMeterThread: Stopping because end time detected by thread: S2 1-31
2026-10-06 09:14:33,186 INFO o.a.j.t.JMeterThread: Thread finished: S2 1-31
2026-10-06 09:14:33,188 INFO o.a.j.t.JMeterThread: Stopping because end time detected by thread: S2 1-163
2026-10-06 09:14:33,188 INFO o.a.j.t.JMeterThread: Thread finished: S2 1-163
2026-10-06 09:14:33,189 INFO o.a.j.t.JMeterThread: Stopping because end time detected by thread: S2 1-382
2026-10-06 09:14:33,189 INFO o.a.j.t.JMeterThread: Thread finished: S2 1-382
2026-10-06 09:14:33,191 INFO o.a.j.t.JMeterThread: Stopping because end time detected by thread: S2 1-718
2026-10-06 09:14:33,191 INFO o.a.j.t.JMeterThread: Thread finished: S2 1-718
2026-10-06 09:14:33,193 INFO o.a.j.t.JMeterThread: Stopping because end time detected by thread: S2 1-126
2026-10-06 09:14:33,193 INFO o.a.j.t.JMeterThread: Thread finished: S2 1-126
2026-10-06 09:14:33,194 INFO o.a.j.t.JMeterThread: Stopping because end time detected by thread: S2 1-135
2026-10-06 09:14:33,194 INFO o.a.j.t.JMeterThread: Thread finished: S2 1-135
2026-10-06 09:14:33,196 INFO o.a.j.t.JMeterThread: Stopping because end time detected by thread: S2 1-289
2026-10-06 09:14:33,196 INFO o.a.j.t.JMeterThread: Thread finished: S2 1-289
2026-10-06 09:14:33,197 INFO o.a.j.t.JMeterThread: Stopping because end time detected by thread: S2 1-306
2026-10-06 09:14:33,197 INFO o.a.j.t.JMeterThread: Thread finished: S2 1-306
2026-10-06 09:14:33,198 INFO o.a.j.t.JMeterThread: Stopping because end time detected by thread: S2 1-827
2026-10-06 09:14:33,198 INFO o.a.j.t.JMeterThread: Thread finished: S2 1-827
2026-10-06 09:14:33,201 INFO o.a.j.t.JMeterThread: Stopping because end time detected by thread: S2 1-72
2026-10-06 09:14:33,201 INFO o.a.j.t.JMeterThread: Thread finished: S2 1-72
2026-10-06 09:14:33,202 INFO o.a.j.t.JMeterThread: Stopping because end time detected by thread: S2 1-730
2026-10-06 09:14:33,202 INFO o.a.j.t.JMeterThread: Thread finished: S2 1-730
2026-10-06 09:14:33,204 INFO o.a.j.t.JMeterThread: Stopping because end time detected by thread: S2 1-800
2026-10-06 09:14:33,204 INFO o.a.j.t.JMeterThread: Thread finished: S2 1-800
2026-10-06 09:14:33,205 INFO o.a.j.t.JMeterThread: Stopping because end time detected by thread: S2 1-889
2026-10-06 09:14:33,205 INFO o.a.j.t.JMeterThread: Thread finished: S2 1-889
2026-10-06 09:14:33,207 INFO o.a.j.t.JMeterThread: Stopping because end time detected by thread: S2 1-347
2026-10-06 09:14:33,207 INFO o.a.j.t.JMeterThread: Thread finished: S2 1-347
2026-10-06 09:14:33,208 INFO o.a.j.t.JMeterThread: Stopping because end time detected by thread: S2 1-769
2026-10-06 09:14:33,208 INFO o.a.j.t.JMeterThread: Thread finished: S2 1-769
2026-10-06 09:14:33,210 INFO o.a.j.t.JMeterThread: Stopping because end time detected by thread: S2 1-60
2026-10-06 09:14:33,210 INFO o.a.j.t.JMeterThread: Thread finished: S2 1-60
2026-10-06 09:14:33,212 INFO o.a.j.t.JMeterThread: Stopping because end time detected by thread: S2 1-38
2026-10-06 09:14:33,212 INFO o.a.j.t.JMeterThread: Stopping because end time detected by thread: S2 1-253
2026-10-06 09:14:33,212 INFO o.a.j.t.JMeterThread: Thread finished: S2 1-38
2026-10-06 09:14:33,212 INFO o.a.j.t.JMeterThread: Thread finished: S2 1-253
2026-10-06 09:14:33,214 INFO o.a.j.t.JMeterThread: Stopping because end time detected by thread: S2 1-734
2026-10-06 09:14:33,214 INFO o.a.j.t.JMeterThread: Thread finished: S2 1-734
2026-10-06 09:14:33,215 INFO o.a.j.t.JMeterThread: Stopping because end time detected by thread: S2 1-133
2026-10-06 09:14:33,215 INFO o.a.j.t.JMeterThread: Thread finished: S2 1-133
2026-10-06 09:14:33,216 INFO o.a.j.t.JMeterThread: Stopping because end time detected by thread: S2 1-714
2026-10-06 09:14:33,217 INFO o.a.j.t.JMeterThread: Thread finished: S2 1-714
2026-10-06 09:14:33,218 INFO o.a.j.t.JMeterThread: Stopping because end time detected by thread: S2 1-436
2026-10-06 09:14:33,218 INFO o.a.j.t.JMeterThread: Thread finished: S2 1-436
2026-10-06 09:14:33,219 INFO o.a.j.t.JMeterThread: Stopping because end time detected by thread: S2 1-796
2026-10-06 09:14:33,219 INFO o.a.j.t.JMeterThread: Stopping because end time detected by thread: S2 1-666
2026-10-06 09:14:33,219 INFO o.a.j.t.JMeterThread: Thread finished: S2 1-796
2026-10-06 09:14:33,219 INFO o.a.j.t.JMeterThread: Thread finished: S2 1-666
2026-10-06 09:14:33,220 INFO o.a.j.t.JMeterThread: Stopping because end time detected by thread: S2 1-829
2026-10-06 09:14:33,220 INFO o.a.j.t.JMeterThread: Thread finished: S2 1-829
2026-10-06 09:14:33,222 INFO o.a.j.t.JMeterThread: Stopping because end time detected by thread: S2 1-197
2026-10-06 09:14:33,222 INFO o.a.j.t.JMeterThread: Thread finished: S2 1-197
2026-10-06 09:14:33,224 INFO o.a.j.t.JMeterThread: Stopping because end time detected by thread: S2 1-655
2026-10-06 09:14:33,224 INFO o.a.j.t.JMeterThread: Stopping because end time detected by thread: S2 1-646
2026-10-06 09:14:33,224 INFO o.a.j.t.JMeterThread: Thread finished: S2 1-655
2026-10-06 09:14:33,224 INFO o.a.j.t.JMeterThread: Thread finished: S2 1-646
2026-10-06 09:14:33,225 INFO o.a.j.t.JMeterThread: Stopping because end time detected by thread: S2 1-602
2026-10-06 09:14:33,225 INFO o.a.j.t.JMeterThread: Thread finished: S2 1-602
2026-10-06 09:14:33,227 INFO o.a.j.t.JMeterThread: Stopping because end time detected by thread: S2 1-488
2026-10-06 09:14:33,227 INFO o.a.j.t.JMeterThread: Thread finished: S2 1-488
2026-10-06 09:14:33,228 INFO o.a.j.t.JMeterThread: Stopping because end time detected by thread: S2 1-957
2026-10-06 09:14:33,228 INFO o.a.j.t.JMeterThread: Thread finished: S2 1-957
2026-10-06 09:14:33,230 INFO o.a.j.t.JMeterThread: Stopping because end time detected by thread: S2 1-839
2026-10-06 09:14:33,230 INFO o.a.j.t.JMeterThread: Thread finished: S2 1-839
2026-10-06 09:14:33,231 INFO o.a.j.t.JMeterThread: Stopping because end time detected by thread: S2 1-71
2026-10-06 09:14:33,231 INFO o.a.j.t.JMeterThread: Stopping because end time detected by thread: S2 1-466
2026-10-06 09:14:33,231 INFO o.a.j.t.JMeterThread: Thread finished: S2 1-71
2026-10-06 09:14:33,231 INFO o.a.j.t.JMeterThread: Thread finished: S2 1-466
2026-10-06 09:14:33,232 INFO o.a.j.t.JMeterThread: Stopping because end time detected by thread: S2 1-950
2026-10-06 09:14:33,232 INFO o.a.j.t.JMeterThread: Thread finished: S2 1-950
2026-10-06 09:14:33,233 INFO o.a.j.t.JMeterThread: Stopping because end time detected by thread: S2 1-968
2026-10-06 09:14:33,233 INFO o.a.j.t.JMeterThread: Thread finished: S2 1-968
2026-10-06 09:14:33,235 INFO o.a.j.t.JMeterThread: Stopping because end time detected by thread: S2 1-956
2026-10-06 09:14:33,235 INFO o.a.j.t.JMeterThread: Thread finished: S2 1-956
2026-10-06 09:14:33,237 INFO o.a.j.t.JMeterThread: Stopping because end time detected by thread: S2 1-992
2026-10-06 09:14:33,237 INFO o.a.j.t.JMeterThread: Thread finished: S2 1-992
2026-10-06 09:14:33,237 INFO o.a.j.t.JMeterThread: Stopping because end time detected by thread: S2 1-232
2026-10-06 09:14:33,237 INFO o.a.j.t.JMeterThread: Thread finished: S2 1-232
2026-10-06 09:14:33,238 INFO o.a.j.t.JMeterThread: Stopping because end time detected by thread: S2 1-584
2026-10-06 09:14:33,238 INFO o.a.j.t.JMeterThread: Thread finished: S2 1-584
2026-10-06 09:14:33,240 INFO o.a.j.t.JMeterThread: Stopping because end time detected by thread: S2 1-413
2026-10-06 09:14:33,240 INFO o.a.j.t.JMeterThread: Thread finished: S2 1-413
2026-10-06 09:14:33,241 INFO o.a.j.t.JMeterThread: Stopping because end time detected by thread: S2 1-304
2026-10-06 09:14:33,241 INFO o.a.j.t.JMeterThread: Thread finished: S2 1-304
2026-10-06 09:14:33,242 INFO o.a.j.t.JMeterThread: Stopping because end time detected by thread: S2 1-18
2026-10-06 09:14:33,242 INFO o.a.j.t.JMeterThread: Thread finished: S2 1-18
2026-10-06 09:14:33,244 INFO o.a.j.t.JMeterThread: Stopping because end time detected by thread: S2 1-977
2026-10-06 09:14:33,244 INFO o.a.j.t.JMeterThread: Thread finished: S2 1-977
2026-10-06 09:14:33,245 INFO o.a.j.t.JMeterThread: Stopping because end time detected by thread: S2 1-518
2026-10-06 09:14:33,245 INFO o.a.j.t.JMeterThread: Thread finished: S2 1-518
2026-10-06 09:14:33,247 INFO o.a.j.t.JMeterThread: Stopping because end time detected by thread: S2 1-316
2026-10-06 09:14:33,247 INFO o.a.j.t.JMeterThread: Thread finished: S2 1-316
2026-10-06 09:14:33,248 INFO o.a.j.t.JMeterThread: Stopping because end time detected by thread: S2 1-182
2026-10-06 09:14:33,248 INFO o.a.j.t.JMeterThread: Stopping because end time detected by thread: S2 1-373
2026-10-06 09:14:33,248 INFO o.a.j.t.JMeterThread: Thread finished: S2 1-182
2026-10-06 09:14:33,248 INFO o.a.j.t.JMeterThread: Thread finished: S2 1-373
2026-10-06 09:14:33,249 INFO o.a.j.t.JMeterThread: Stopping because end time detected by thread: S2 1-424
2026-10-06 09:14:33,249 INFO o.a.j.t.JMeterThread: Thread finished: S2 1-424
2026-10-06 09:14:33,251 INFO o.a.j.t.JMeterThread: Stopping because end time detected by thread: S2 1-561
2026-10-06 09:14:33,251 INFO o.a.j.t.JMeterThread: Thread finished: S2 1-561
2026-10-06 09:14:33,253 INFO o.a.j.t.JMeterThread: Stopping because end time detected by thread: S2 1-57
2026-10-06 09:14:33,253 INFO o.a.j.t.JMeterThread: Stopping because end time detected by thread: S2 1-892
2026-10-06 09:14:33,253 INFO o.a.j.t.JMeterThread: Thread finished: S2 1-57
2026-10-06 09:14:33,253 INFO o.a.j.t.JMeterThread: Thread finished: S2 1-892
2026-10-06 09:14:33,254 INFO o.a.j.t.JMeterThread: Stopping because end time detected by thread: S2 1-419
2026-10-06 09:14:33,254 INFO o.a.j.t.JMeterThread: Thread finished: S2 1-419
2026-10-06 09:14:33,255 INFO o.a.j.t.JMeterThread: Stopping because end time detected by thread: S2 1-88
2026-10-06 09:14:33,255 INFO o.a.j.t.JMeterThread: Thread finished: S2 1-88
2026-10-06 09:14:33,257 INFO o.a.j.t.JMeterThread: Stopping because end time detected by thread: S2 1-464
2026-10-06 09:14:33,258 INFO o.a.j.t.JMeterThread: Thread finished: S2 1-464
2026-10-06 09:14:33,259 INFO o.a.j.t.JMeterThread: Stopping because end time detected by thread: S2 1-270
2026-10-06 09:14:33,259 INFO o.a.j.t.JMeterThread: Thread finished: S2 1-270
2026-10-06 09:14:33,260 INFO o.a.j.t.JMeterThread: Stopping because end time detected by thread: S2 1-99
2026-10-06 09:14:33,260 INFO o.a.j.t.JMeterThread: Stopping because end time detected by thread: S2 1-377
2026-10-06 09:14:33,260 INFO o.a.j.t.JMeterThread: Thread finished: S2 1-377
2026-10-06 09:14:33,260 INFO o.a.j.t.JMeterThread: Thread finished: S2 1-99
2026-10-06 09:14:33,262 INFO o.a.j.t.JMeterThread: Stopping because end time detected by thread: S2 1-312
2026-10-06 09:14:33,262 INFO o.a.j.t.JMeterThread: Thread finished: S2 1-312
2026-10-06 09:14:33,263 INFO o.a.j.t.JMeterThread: Stopping because end time detected by thread: S2 1-539
2026-10-06 09:14:33,263 INFO o.a.j.t.JMeterThread: Thread finished: S2 1-539
2026-10-06 09:14:33,264 INFO o.a.j.t.JMeterThread: Stopping because end time detected by thread: S2 1-908
2026-10-06 09:14:33,264 INFO o.a.j.t.JMeterThread: Stopping because end time detected by thread: S2 1-202
2026-10-06 09:14:33,264 INFO o.a.j.t.JMeterThread: Thread finished: S2 1-908
2026-10-06 09:14:33,264 INFO o.a.j.t.JMeterThread: Thread finished: S2 1-202
2026-10-06 09:14:33,265 INFO o.a.j.t.JMeterThread: Stopping because end time detected by thread: S2 1-601
2026-10-06 09:14:33,265 INFO o.a.j.t.JMeterThread: Thread finished: S2 1-601
2026-10-06 09:14:33,267 INFO o.a.j.t.JMeterThread: Stopping because end time detected by thread: S2 1-576
2026-10-06 09:14:33,267 INFO o.a.j.t.JMeterThread: Thread finished: S2 1-576
2026-10-06 09:14:33,268 INFO o.a.j.t.JMeterThread: Stopping because end time detected by thread: S2 1-740
2026-10-06 09:14:33,268 INFO o.a.j.t.JMeterThread: Stopping because end time detected by thread: S2 1-990
2026-10-06 09:14:33,268 INFO o.a.j.t.JMeterThread: Thread finished: S2 1-740
2026-10-06 09:14:33,268 INFO o.a.j.t.JMeterThread: Thread finished: S2 1-990
2026-10-06 09:14:33,270 INFO o.a.j.t.JMeterThread: Stopping because end time detected by thread: S2 1-108
2026-10-06 09:14:33,270 INFO o.a.j.t.JMeterThread: Thread finished: S2 1-108
2026-10-06 09:14:33,271 INFO o.a.j.t.JMeterThread: Stopping because end time detected by thread: S2 1-724
2026-10-06 09:14:33,271 INFO o.a.j.t.JMeterThread: Thread finished: S2 1-724
2026-10-06 09:14:33,272 INFO o.a.j.t.JMeterThread: Stopping because end time detected by thread: S2 1-901
2026-10-06 09:14:33,272 INFO o.a.j.t.JMeterThread: Thread finished: S2 1-901
2026-10-06 09:14:33,273 INFO o.a.j.t.JMeterThread: Stopping because end time detected by thread: S2 1-594
2026-10-06 09:14:33,273 INFO o.a.j.t.JMeterThread: Thread finished: S2 1-594
2026-10-06 09:14:33,274 INFO o.a.j.t.JMeterThread: Stopping because end time detected by thread: S2 1-516
2026-10-06 09:14:33,274 INFO o.a.j.t.JMeterThread: Thread finished: S2 1-516
2026-10-06 09:14:33,274 INFO o.a.j.t.JMeterThread: Stopping because end time detected by thread: S2 1-738
2026-10-06 09:14:33,274 INFO o.a.j.t.JMeterThread: Thread finished: S2 1-738
2026-10-06 09:14:33,276 INFO o.a.j.t.JMeterThread: Stopping because end time detected by thread: S2 1-258
2026-10-06 09:14:33,276 INFO o.a.j.t.JMeterThread: Thread finished: S2 1-258
2026-10-06 09:14:33,277 INFO o.a.j.t.JMeterThread: Stopping because end time detected by thread: S2 1-493
2026-10-06 09:14:33,277 INFO o.a.j.t.JMeterThread: Thread finished: S2 1-493
2026-10-06 09:14:33,278 INFO o.a.j.t.JMeterThread: Stopping because end time detected by thread: S2 1-605
2026-10-06 09:14:33,278 INFO o.a.j.t.JMeterThread: Thread finished: S2 1-605
2026-10-06 09:14:33,280 INFO o.a.j.t.JMeterThread: Stopping because end time detected by thread: S2 1-644
2026-10-06 09:14:33,280 INFO o.a.j.t.JMeterThread: Stopping because end time detected by thread: S2 1-297
2026-10-06 09:14:33,280 INFO o.a.j.t.JMeterThread: Thread finished: S2 1-644
2026-10-06 09:14:33,280 INFO o.a.j.t.JMeterThread: Thread finished: S2 1-297
2026-10-06 09:14:33,281 INFO o.a.j.t.JMeterThread: Stopping because end time detected by thread: S2 1-478
2026-10-06 09:14:33,282 INFO o.a.j.t.JMeterThread: Thread finished: S2 1-478
2026-10-06 09:14:33,283 INFO o.a.j.t.JMeterThread: Stopping because end time detected by thread: S2 1-137
2026-10-06 09:14:33,283 INFO o.a.j.t.JMeterThread: Thread finished: S2 1-137
2026-10-06 09:14:33,284 INFO o.a.j.t.JMeterThread: Stopping because end time detected by thread: S2 1-973
2026-10-06 09:14:33,284 INFO o.a.j.t.JMeterThread: Thread finished: S2 1-973
2026-10-06 09:14:33,285 INFO o.a.j.t.JMeterThread: Stopping because end time detected by thread: S2 1-369
2026-10-06 09:14:33,285 INFO o.a.j.t.JMeterThread: Thread finished: S2 1-369
2026-10-06 09:14:33,287 INFO o.a.j.t.JMeterThread: Stopping because end time detected by thread: S2 1-56
2026-10-06 09:14:33,287 INFO o.a.j.t.JMeterThread: Thread finished: S2 1-56
2026-10-06 09:14:33,288 INFO o.a.j.t.JMeterThread: Stopping because end time detected by thread: S2 1-902
2026-10-06 09:14:33,288 INFO o.a.j.t.JMeterThread: Thread finished: S2 1-902
2026-10-06 09:14:33,289 INFO o.a.j.t.JMeterThread: Stopping because end time detected by thread: S2 1-664
2026-10-06 09:14:33,289 INFO o.a.j.t.JMeterThread: Thread finished: S2 1-664
2026-10-06 09:14:33,290 INFO o.a.j.t.JMeterThread: Stopping because end time detected by thread: S2 1-17
2026-10-06 09:14:33,290 INFO o.a.j.t.JMeterThread: Thread finished: S2 1-17
2026-10-06 09:14:33,292 INFO o.a.j.t.JMeterThread: Stopping because end time detected by thread: S2 1-315
2026-10-06 09:14:33,292 INFO o.a.j.t.JMeterThread: Thread finished: S2 1-315
2026-10-06 09:14:33,293 INFO o.a.j.t.JMeterThread: Stopping because end time detected by thread: S2 1-440
2026-10-06 09:14:33,293 INFO o.a.j.t.JMeterThread: Stopping because end time detected by thread: S2 1-835
2026-10-06 09:14:33,293 INFO o.a.j.t.JMeterThread: Thread finished: S2 1-440
2026-10-06 09:14:33,293 INFO o.a.j.t.JMeterThread: Thread finished: S2 1-835
2026-10-06 09:14:33,294 INFO o.a.j.t.JMeterThread: Stopping because end time detected by thread: S2 1-445
2026-10-06 09:14:33,294 INFO o.a.j.t.JMeterThread: Thread finished: S2 1-445
2026-10-06 09:14:33,296 INFO o.a.j.t.JMeterThread: Stopping because end time detected by thread: S2 1-625
2026-10-06 09:14:33,296 INFO o.a.j.t.JMeterThread: Thread finished: S2 1-625
2026-10-06 09:14:33,297 INFO o.a.j.t.JMeterThread: Stopping because end time detected by thread: S2 1-665
2026-10-06 09:14:33,297 INFO o.a.j.t.JMeterThread: Thread finished: S2 1-665
2026-10-06 09:14:33,298 INFO o.a.j.t.JMeterThread: Stopping because end time detected by thread: S2 1-949
2026-10-06 09:14:33,298 INFO o.a.j.t.JMeterThread: Stopping because end time detected by thread: S2 1-752
2026-10-06 09:14:33,298 INFO o.a.j.t.JMeterThread: Thread finished: S2 1-949
2026-10-06 09:14:33,298 INFO o.a.j.t.JMeterThread: Thread finished: S2 1-752
2026-10-06 09:14:33,300 INFO o.a.j.t.JMeterThread: Stopping because end time detected by thread: S2 1-32
2026-10-06 09:14:33,300 INFO o.a.j.t.JMeterThread: Thread finished: S2 1-32
2026-10-06 09:14:33,301 INFO o.a.j.t.JMeterThread: Stopping because end time detected by thread: S2 1-176
2026-10-06 09:14:33,301 INFO o.a.j.t.JMeterThread: Thread finished: S2 1-176
2026-10-06 09:14:33,303 INFO o.a.j.t.JMeterThread: Stopping because end time detected by thread: S2 1-235
2026-10-06 09:14:33,303 INFO o.a.j.t.JMeterThread: Thread finished: S2 1-235
2026-10-06 09:14:33,305 INFO o.a.j.t.JMeterThread: Stopping because end time detected by thread: S2 1-169
2026-10-06 09:14:33,305 INFO o.a.j.t.JMeterThread: Thread finished: S2 1-169
2026-10-06 09:14:33,306 INFO o.a.j.t.JMeterThread: Stopping because end time detected by thread: S2 1-391
2026-10-06 09:14:33,306 INFO o.a.j.t.JMeterThread: Stopping because end time detected by thread: S2 1-294
2026-10-06 09:14:33,306 INFO o.a.j.t.JMeterThread: Thread finished: S2 1-391
2026-10-06 09:14:33,306 INFO o.a.j.t.JMeterThread: Thread finished: S2 1-294
2026-10-06 09:14:33,307 INFO o.a.j.t.JMeterThread: Stopping because end time detected by thread: S2 1-764
2026-10-06 09:14:33,307 INFO o.a.j.t.JMeterThread: Thread finished: S2 1-764
2026-10-06 09:14:33,309 INFO o.a.j.t.JMeterThread: Stopping because end time detected by thread: S2 1-667
2026-10-06 09:14:33,309 INFO o.a.j.t.JMeterThread: Thread finished: S2 1-667
2026-10-06 09:14:33,310 INFO o.a.j.t.JMeterThread: Stopping because end time detected by thread: S2 1-1
2026-10-06 09:14:33,310 INFO o.a.j.t.JMeterThread: Stopping because end time detected by thread: S2 1-229
2026-10-06 09:14:33,310 INFO o.a.j.t.JMeterThread: Thread finished: S2 1-1
2026-10-06 09:14:33,310 INFO o.a.j.t.JMeterThread: Thread finished: S2 1-229
2026-10-06 09:14:33,312 INFO o.a.j.t.JMeterThread: Stopping because end time detected by thread: S2 1-329
2026-10-06 09:14:33,312 INFO o.a.j.t.JMeterThread: Thread finished: S2 1-329
2026-10-06 09:14:33,313 INFO o.a.j.t.JMeterThread: Stopping because end time detected by thread: S2 1-333
2026-10-06 09:14:33,313 INFO o.a.j.t.JMeterThread: Thread finished: S2 1-333
2026-10-06 09:14:33,315 INFO o.a.j.t.JMeterThread: Stopping because end time detected by thread: S2 1-351
2026-10-06 09:14:33,315 INFO o.a.j.t.JMeterThread: Thread finished: S2 1-351
2026-10-06 09:14:33,316 INFO o.a.j.t.JMeterThread: Stopping because end time detected by thread: S2 1-599
2026-10-06 09:14:33,316 INFO o.a.j.t.JMeterThread: Thread finished: S2 1-599
2026-10-06 09:14:33,317 INFO o.a.j.t.JMeterThread: Stopping because end time detected by thread: S2 1-912
2026-10-06 09:14:33,317 INFO o.a.j.t.JMeterThread: Thread finished: S2 1-912
2026-10-06 09:14:33,319 INFO o.a.j.t.JMeterThread: Stopping because end time detected by thread: S2 1-66
2026-10-06 09:14:33,319 INFO o.a.j.t.JMeterThread: Thread finished: S2 1-66
2026-10-06 09:14:33,320 INFO o.a.j.t.JMeterThread: Stopping because end time detected by thread: S2 1-372
2026-10-06 09:14:33,320 INFO o.a.j.t.JMeterThread: Thread finished: S2 1-372
2026-10-06 09:14:33,322 INFO o.a.j.t.JMeterThread: Stopping because end time detected by thread: S2 1-355
2026-10-06 09:14:33,322 INFO o.a.j.t.JMeterThread: Thread finished: S2 1-355
2026-10-06 09:14:33,324 INFO o.a.j.t.JMeterThread: Stopping because end time detected by thread: S2 1-936
2026-10-06 09:14:33,324 INFO o.a.j.t.JMeterThread: Stopping because end time detected by thread: S2 1-726
2026-10-06 09:14:33,324 INFO o.a.j.t.JMeterThread: Thread finished: S2 1-936
2026-10-06 09:14:33,324 INFO o.a.j.t.JMeterThread: Thread finished: S2 1-726
2026-10-06 09:14:33,325 INFO o.a.j.t.JMeterThread: Stopping because end time detected by thread: S2 1-979
2026-10-06 09:14:33,325 INFO o.a.j.t.JMeterThread: Thread finished: S2 1-979
2026-10-06 09:14:33,326 INFO o.a.j.t.JMeterThread: Stopping because end time detected by thread: S2 1-425
2026-10-06 09:14:33,326 INFO o.a.j.t.JMeterThread: Thread finished: S2 1-425
2026-10-06 09:14:33,328 INFO o.a.j.t.JMeterThread: Stopping because end time detected by thread: S2 1-948
2026-10-06 09:14:33,328 INFO o.a.j.t.JMeterThread: Thread finished: S2 1-948
2026-10-06 09:14:33,329 INFO o.a.j.t.JMeterThread: Stopping because end time detected by thread: S2 1-904
2026-10-06 09:14:33,330 INFO o.a.j.t.JMeterThread: Thread finished: S2 1-904
2026-10-06 09:14:33,331 INFO o.a.j.t.JMeterThread: Stopping because end time detected by thread: S2 1-855
2026-10-06 09:14:33,331 INFO o.a.j.t.JMeterThread: Stopping because end time detected by thread: S2 1-94
2026-10-06 09:14:33,331 INFO o.a.j.t.JMeterThread: Thread finished: S2 1-855
2026-10-06 09:14:33,331 INFO o.a.j.t.JMeterThread: Thread finished: S2 1-94
2026-10-06 09:14:33,332 INFO o.a.j.t.JMeterThread: Stopping because end time detected by thread: S2 1-330
2026-10-06 09:14:33,333 INFO o.a.j.t.JMeterThread: Thread finished: S2 1-330
2026-10-06 09:14:33,334 INFO o.a.j.t.JMeterThread: Stopping because end time detected by thread: S2 1-657
2026-10-06 09:14:33,334 INFO o.a.j.t.JMeterThread: Thread finished: S2 1-657
2026-10-06 09:14:33,335 INFO o.a.j.t.JMeterThread: Stopping because end time detected by thread: S2 1-400
2026-10-06 09:14:33,336 INFO o.a.j.t.JMeterThread: Thread finished: S2 1-400
2026-10-06 09:14:33,337 INFO o.a.j.t.JMeterThread: Stopping because end time detected by thread: S2 1-808
2026-10-06 09:14:33,337 INFO o.a.j.t.JMeterThread: Thread finished: S2 1-808
2026-10-06 09:14:33,337 INFO o.a.j.t.JMeterThread: Stopping because end time detected by thread: S2 1-607
2026-10-06 09:14:33,337 INFO o.a.j.t.JMeterThread: Thread finished: S2 1-607
2026-10-06 09:14:33,338 INFO o.a.j.t.JMeterThread: Stopping because end time detected by thread: S2 1-142
2026-10-06 09:14:33,338 INFO o.a.j.t.JMeterThread: Thread finished: S2 1-142
2026-10-06 09:14:33,340 INFO o.a.j.t.JMeterThread: Stopping because end time detected by thread: S2 1-701
2026-10-06 09:14:33,340 INFO o.a.j.t.JMeterThread: Thread finished: S2 1-701
2026-10-06 09:14:33,342 INFO o.a.j.t.JMeterThread: Stopping because end time detected by thread: S2 1-611
2026-10-06 09:14:33,342 INFO o.a.j.t.JMeterThread: Thread finished: S2 1-611
2026-10-06 09:14:33,344 INFO o.a.j.t.JMeterThread: Stopping because end time detected by thread: S2 1-900
2026-10-06 09:14:33,344 INFO o.a.j.t.JMeterThread: Stopping because end time detected by thread: S2 1-565
2026-10-06 09:14:33,344 INFO o.a.j.t.JMeterThread: Thread finished: S2 1-900
2026-10-06 09:14:33,344 INFO o.a.j.t.JMeterThread: Thread finished: S2 1-565
2026-10-06 09:14:33,345 INFO o.a.j.t.JMeterThread: Stopping because end time detected by thread: S2 1-520
2026-10-06 09:14:33,345 INFO o.a.j.t.JMeterThread: Thread finished: S2 1-520
2026-10-06 09:14:33,347 INFO o.a.j.t.JMeterThread: Stopping because end time detected by thread: S2 1-118
2026-10-06 09:14:33,347 INFO o.a.j.t.JMeterThread: Thread finished: S2 1-118
2026-10-06 09:14:33,348 INFO o.a.j.t.JMeterThread: Stopping because end time detected by thread: S2 1-663
2026-10-06 09:14:33,348 INFO o.a.j.t.JMeterThread: Thread finished: S2 1-663
2026-10-06 09:14:33,349 INFO o.a.j.t.JMeterThread: Stopping because end time detected by thread: S2 1-487
2026-10-06 09:14:33,349 INFO o.a.j.t.JMeterThread: Thread finished: S2 1-487
2026-10-06 09:14:33,351 INFO o.a.j.t.JMeterThread: Stopping because end time detected by thread: S2 1-830
2026-10-06 09:14:33,351 INFO o.a.j.t.JMeterThread: Thread finished: S2 1-830
2026-10-06 09:14:33,352 INFO o.a.j.t.JMeterThread: Stopping because end time detected by thread: S2 1-271
2026-10-06 09:14:33,352 INFO o.a.j.t.JMeterThread: Stopping because end time detected by thread: S2 1-138
2026-10-06 09:14:33,353 INFO o.a.j.t.JMeterThread: Thread finished: S2 1-138
2026-10-06 09:14:33,353 INFO o.a.j.t.JMeterThread: Thread finished: S2 1-271
2026-10-06 09:14:33,354 INFO o.a.j.t.JMeterThread: Stopping because end time detected by thread: S2 1-449
2026-10-06 09:14:33,354 INFO o.a.j.t.JMeterThread: Thread finished: S2 1-449
2026-10-06 09:14:33,356 INFO o.a.j.t.JMeterThread: Stopping because end time detected by thread: S2 1-687
2026-10-06 09:14:33,356 INFO o.a.j.t.JMeterThread: Thread finished: S2 1-687
2026-10-06 09:14:33,357 INFO o.a.j.t.JMeterThread: Stopping because end time detected by thread: S2 1-668
2026-10-06 09:14:33,357 INFO o.a.j.t.JMeterThread: Thread finished: S2 1-668
2026-10-06 09:14:33,359 INFO o.a.j.t.JMeterThread: Stopping because end time detected by thread: S2 1-580
2026-10-06 09:14:33,359 INFO o.a.j.t.JMeterThread: Thread finished: S2 1-580
2026-10-06 09:14:33,359 INFO o.a.j.t.JMeterThread: Stopping because end time detected by thread: S2 1-404
2026-10-06 09:14:33,359 INFO o.a.j.t.JMeterThread: Thread finished: S2 1-404
2026-10-06 09:14:33,360 INFO o.a.j.t.JMeterThread: Stopping because end time detected by thread: S2 1-392
2026-10-06 09:14:33,360 INFO o.a.j.t.JMeterThread: Thread finished: S2 1-392
2026-10-06 09:14:33,362 INFO o.a.j.t.JMeterThread: Stopping because end time detected by thread: S2 1-435
2026-10-06 09:14:33,362 INFO o.a.j.t.JMeterThread: Thread finished: S2 1-435
2026-10-06 09:14:33,363 INFO o.a.j.t.JMeterThread: Stopping because end time detected by thread: S2 1-648
2026-10-06 09:14:33,363 INFO o.a.j.t.JMeterThread: Thread finished: S2 1-648
2026-10-06 09:14:33,364 INFO o.a.j.t.JMeterThread: Stopping because end time detected by thread: S2 1-242
2026-10-06 09:14:33,364 INFO o.a.j.t.JMeterThread: Thread finished: S2 1-242
2026-10-06 09:14:33,365 INFO o.a.j.t.JMeterThread: Stopping because end time detected by thread: S2 1-352
2026-10-06 09:14:33,365 INFO o.a.j.t.JMeterThread: Thread finished: S2 1-352
2026-10-06 09:14:33,367 INFO o.a.j.t.JMeterThread: Stopping because end time detected by thread: S2 1-603
2026-10-06 09:14:33,367 INFO o.a.j.t.JMeterThread: Thread finished: S2 1-603
2026-10-06 09:14:33,368 INFO o.a.j.t.JMeterThread: Stopping because end time detected by thread: S2 1-946
2026-10-06 09:14:33,368 INFO o.a.j.t.JMeterThread: Thread finished: S2 1-946
2026-10-06 09:14:33,370 INFO o.a.j.t.JMeterThread: Stopping because end time detected by thread: S2 1-683
2026-10-06 09:14:33,370 INFO o.a.j.t.JMeterThread: Thread finished: S2 1-683
2026-10-06 09:14:33,370 INFO o.a.j.t.JMeterThread: Stopping because end time detected by thread: S2 1-136
2026-10-06 09:14:33,370 INFO o.a.j.t.JMeterThread: Thread finished: S2 1-136
2026-10-06 09:14:33,371 INFO o.a.j.t.JMeterThread: Stopping because end time detected by thread: S2 1-336
2026-10-06 09:14:33,371 INFO o.a.j.t.JMeterThread: Thread finished: S2 1-336
2026-10-06 09:14:33,373 INFO o.a.j.t.JMeterThread: Stopping because end time detected by thread: S2 1-507
2026-10-06 09:14:33,373 INFO o.a.j.t.JMeterThread: Thread finished: S2 1-507
2026-10-06 09:14:33,374 INFO o.a.j.t.JMeterThread: Stopping because end time detected by thread: S2 1-284
2026-10-06 09:14:33,374 INFO o.a.j.t.JMeterThread: Stopping because end time detected by thread: S2 1-824
2026-10-06 09:14:33,374 INFO o.a.j.t.JMeterThread: Thread finished: S2 1-284
2026-10-06 09:14:33,374 INFO o.a.j.t.JMeterThread: Thread finished: S2 1-824
2026-10-06 09:14:33,375 INFO o.a.j.t.JMeterThread: Stopping because end time detected by thread: S2 1-767
2026-10-06 09:14:33,376 INFO o.a.j.t.JMeterThread: Thread finished: S2 1-767
2026-10-06 09:14:33,377 INFO o.a.j.t.JMeterThread: Stopping because end time detected by thread: S2 1-77
2026-10-06 09:14:33,377 INFO o.a.j.t.JMeterThread: Thread finished: S2 1-77
2026-10-06 09:14:33,378 INFO o.a.j.t.JMeterThread: Stopping because end time detected by thread: S2 1-779
2026-10-06 09:14:33,378 INFO o.a.j.t.JMeterThread: Stopping because end time detected by thread: S2 1-42
2026-10-06 09:14:33,378 INFO o.a.j.t.JMeterThread: Thread finished: S2 1-779
2026-10-06 09:14:33,378 INFO o.a.j.t.JMeterThread: Thread finished: S2 1-42
2026-10-06 09:14:33,380 INFO o.a.j.t.JMeterThread: Stopping because end time detected by thread: S2 1-964
2026-10-06 09:14:33,380 INFO o.a.j.t.JMeterThread: Thread finished: S2 1-964
2026-10-06 09:14:33,381 INFO o.a.j.t.JMeterThread: Stopping because end time detected by thread: S2 1-29
2026-10-06 09:14:33,381 INFO o.a.j.t.JMeterThread: Thread finished: S2 1-29
2026-10-06 09:14:33,382 INFO o.a.j.t.JMeterThread: Stopping because end time detected by thread: S2 1-841
2026-10-06 09:14:33,382 INFO o.a.j.t.JMeterThread: Stopping because end time detected by thread: S2 1-4
2026-10-06 09:14:33,382 INFO o.a.j.t.JMeterThread: Thread finished: S2 1-841
2026-10-06 09:14:33,382 INFO o.a.j.t.JMeterThread: Thread finished: S2 1-4
2026-10-06 09:14:33,383 INFO o.a.j.t.JMeterThread: Stopping because end time detected by thread: S2 1-543
2026-10-06 09:14:33,384 INFO o.a.j.t.JMeterThread: Thread finished: S2 1-543
2026-10-06 09:14:33,385 INFO o.a.j.t.JMeterThread: Stopping because end time detected by thread: S2 1-274
2026-10-06 09:14:33,385 INFO o.a.j.t.JMeterThread: Thread finished: S2 1-274
2026-10-06 09:14:33,386 INFO o.a.j.t.JMeterThread: Stopping because end time detected by thread: S2 1-421
2026-10-06 09:14:33,386 INFO o.a.j.t.JMeterThread: Thread finished: S2 1-421
2026-10-06 09:14:33,388 INFO o.a.j.t.JMeterThread: Stopping because end time detected by thread: S2 1-188
2026-10-06 09:14:33,388 INFO o.a.j.t.JMeterThread: Thread finished: S2 1-188
2026-10-06 09:14:33,389 INFO o.a.j.t.JMeterThread: Stopping because end time detected by thread: S2 1-101
2026-10-06 09:14:33,389 INFO o.a.j.t.JMeterThread: Thread finished: S2 1-101
2026-10-06 09:14:33,390 INFO o.a.j.t.JMeterThread: Stopping because end time detected by thread: S2 1-123
2026-10-06 09:14:33,391 INFO o.a.j.t.JMeterThread: Thread finished: S2 1-123
2026-10-06 09:14:33,392 INFO o.a.j.t.JMeterThread: Stopping because end time detected by thread: S2 1-40
2026-10-06 09:14:33,392 INFO o.a.j.t.JMeterThread: Thread finished: S2 1-40
2026-10-06 09:14:33,393 INFO o.a.j.t.JMeterThread: Stopping because end time detected by thread: S2 1-502
2026-10-06 09:14:33,393 INFO o.a.j.t.JMeterThread: Thread finished: S2 1-502
2026-10-06 09:14:33,394 INFO o.a.j.t.JMeterThread: Stopping because end time detected by thread: S2 1-231
2026-10-06 09:14:33,394 INFO o.a.j.t.JMeterThread: Thread finished: S2 1-231
2026-10-06 09:14:33,395 INFO o.a.j.t.JMeterThread: Stopping because end time detected by thread: S2 1-947
2026-10-06 09:14:33,395 INFO o.a.j.t.JMeterThread: Thread finished: S2 1-947
2026-10-06 09:14:33,397 INFO o.a.j.t.JMeterThread: Stopping because end time detected by thread: S2 1-318
2026-10-06 09:14:33,397 INFO o.a.j.t.JMeterThread: Thread finished: S2 1-318
2026-10-06 09:14:33,398 INFO o.a.j.t.JMeterThread: Stopping because end time detected by thread: S2 1-211
2026-10-06 09:14:33,398 INFO o.a.j.t.JMeterThread: Thread finished: S2 1-211
2026-10-06 09:14:33,398 INFO o.a.j.t.JMeterThread: Stopping because end time detected by thread: S2 1-447
2026-10-06 09:14:33,398 INFO o.a.j.t.JMeterThread: Thread finished: S2 1-447
2026-10-06 09:14:33,399 INFO o.a.j.t.JMeterThread: Stopping because end time detected by thread: S2 1-540
2026-10-06 09:14:33,399 INFO o.a.j.t.JMeterThread: Thread finished: S2 1-540
2026-10-06 09:14:33,401 INFO o.a.j.t.JMeterThread: Stopping because end time detected by thread: S2 1-615
2026-10-06 09:14:33,401 INFO o.a.j.t.JMeterThread: Thread finished: S2 1-615
2026-10-06 09:14:33,402 INFO o.a.j.t.JMeterThread: Stopping because end time detected by thread: S2 1-173
2026-10-06 09:14:33,402 INFO o.a.j.t.JMeterThread: Thread finished: S2 1-173
2026-10-06 09:14:33,404 INFO o.a.j.t.JMeterThread: Stopping because end time detected by thread: S2 1-535
2026-10-06 09:14:33,404 INFO o.a.j.t.JMeterThread: Stopping because end time detected by thread: S2 1-696
2026-10-06 09:14:33,404 INFO o.a.j.t.JMeterThread: Thread finished: S2 1-535
2026-10-06 09:14:33,404 INFO o.a.j.t.JMeterThread: Thread finished: S2 1-696
2026-10-06 09:14:33,405 INFO o.a.j.t.JMeterThread: Stopping because end time detected by thread: S2 1-21
2026-10-06 09:14:33,405 INFO o.a.j.t.JMeterThread: Thread finished: S2 1-21
2026-10-06 09:14:33,407 INFO o.a.j.t.JMeterThread: Stopping because end time detected by thread: S2 1-662
2026-10-06 09:14:33,407 INFO o.a.j.t.JMeterThread: Thread finished: S2 1-662
2026-10-06 09:14:33,409 INFO o.a.j.t.JMeterThread: Stopping because end time detected by thread: S2 1-961
2026-10-06 09:14:33,409 INFO o.a.j.t.JMeterThread: Stopping because end time detected by thread: S2 1-812
2026-10-06 09:14:33,409 INFO o.a.j.t.JMeterThread: Thread finished: S2 1-961
2026-10-06 09:14:33,409 INFO o.a.j.t.JMeterThread: Thread finished: S2 1-812
2026-10-06 09:14:33,410 INFO o.a.j.t.JMeterThread: Stopping because end time detected by thread: S2 1-967
2026-10-06 09:14:33,410 INFO o.a.j.t.JMeterThread: Thread finished: S2 1-967
2026-10-06 09:14:33,411 INFO o.a.j.t.JMeterThread: Stopping because end time detected by thread: S2 1-54
2026-10-06 09:14:33,412 INFO o.a.j.t.JMeterThread: Thread finished: S2 1-54
2026-10-06 09:14:33,414 INFO o.a.j.t.JMeterThread: Stopping because end time detected by thread: S2 1-828
2026-10-06 09:14:33,414 INFO o.a.j.t.JMeterThread: Thread finished: S2 1-828
2026-10-06 09:14:33,415 INFO o.a.j.t.JMeterThread: Stopping because end time detected by thread: S2 1-305
2026-10-06 09:14:33,415 INFO o.a.j.t.JMeterThread: Thread finished: S2 1-305
2026-10-06 09:14:33,415 INFO o.a.j.t.JMeterThread: Stopping because end time detected by thread: S2 1-183
2026-10-06 09:14:33,415 INFO o.a.j.t.JMeterThread: Thread finished: S2 1-183
2026-10-06 09:14:33,416 INFO o.a.j.t.JMeterThread: Stopping because end time detected by thread: S2 1-74
2026-10-06 09:14:33,416 INFO o.a.j.t.JMeterThread: Thread finished: S2 1-74
2026-10-06 09:14:33,418 INFO o.a.j.t.JMeterThread: Stopping because end time detected by thread: S2 1-319
2026-10-06 09:14:33,418 INFO o.a.j.t.JMeterThread: Thread finished: S2 1-319
2026-10-06 09:14:33,419 INFO o.a.j.t.JMeterThread: Stopping because end time detected by thread: S2 1-279
2026-10-06 09:14:33,419 INFO o.a.j.t.JMeterThread: Stopping because end time detected by thread: S2 1-301
2026-10-06 09:14:33,419 INFO o.a.j.t.JMeterThread: Thread finished: S2 1-279
2026-10-06 09:14:33,419 INFO o.a.j.t.JMeterThread: Thread finished: S2 1-301
2026-10-06 09:14:33,421 INFO o.a.j.t.JMeterThread: Stopping because end time detected by thread: S2 1-959
2026-10-06 09:14:33,421 INFO o.a.j.t.JMeterThread: Thread finished: S2 1-959
2026-10-06 09:14:33,422 INFO o.a.j.t.JMeterThread: Stopping because end time detected by thread: S2 1-10
2026-10-06 09:14:33,422 INFO o.a.j.t.JMeterThread: Thread finished: S2 1-10
2026-10-06 09:14:33,423 INFO o.a.j.t.JMeterThread: Stopping because end time detected by thread: S2 1-538
2026-10-06 09:14:33,423 INFO o.a.j.t.JMeterThread: Thread finished: S2 1-538
2026-10-06 09:14:33,424 INFO o.a.j.t.JMeterThread: Stopping because end time detected by thread: S2 1-346
2026-10-06 09:14:33,424 INFO o.a.j.t.JMeterThread: Thread finished: S2 1-346
2026-10-06 09:14:33,425 INFO o.a.j.t.JMeterThread: Stopping because end time detected by thread: S2 1-340
2026-10-06 09:14:33,425 INFO o.a.j.t.JMeterThread: Thread finished: S2 1-340
2026-10-06 09:14:33,427 INFO o.a.j.t.JMeterThread: Stopping because end time detected by thread: S2 1-878
2026-10-06 09:14:33,427 INFO o.a.j.t.JMeterThread: Thread finished: S2 1-878
2026-10-06 09:14:33,428 INFO o.a.j.t.JMeterThread: Stopping because end time detected by thread: S2 1-909
2026-10-06 09:14:33,428 INFO o.a.j.t.JMeterThread: Stopping because end time detected by thread: S2 1-955
2026-10-06 09:14:33,429 INFO o.a.j.t.JMeterThread: Thread finished: S2 1-909
2026-10-06 09:14:33,429 INFO o.a.j.t.JMeterThread: Thread finished: S2 1-955
2026-10-06 09:14:33,430 INFO o.a.j.t.JMeterThread: Stopping because end time detected by thread: S2 1-78
2026-10-06 09:14:33,430 INFO o.a.j.t.JMeterThread: Thread finished: S2 1-78
2026-10-06 09:14:33,431 INFO o.a.j.t.JMeterThread: Stopping because end time detected by thread: S2 1-834
2026-10-06 09:14:33,431 INFO o.a.j.t.JMeterThread: Thread finished: S2 1-834
2026-10-06 09:14:33,433 INFO o.a.j.t.JMeterThread: Stopping because end time detected by thread: S2 1-614
2026-10-06 09:14:33,433 INFO o.a.j.t.JMeterThread: Thread finished: S2 1-614
2026-10-06 09:14:33,434 INFO o.a.j.t.JMeterThread: Stopping because end time detected by thread: S2 1-728
2026-10-06 09:14:33,434 INFO o.a.j.t.JMeterThread: Thread finished: S2 1-728
2026-10-06 09:14:33,434 INFO o.a.j.t.JMeterThread: Stopping because end time detected by thread: S2 1-472
2026-10-06 09:14:33,434 INFO o.a.j.t.JMeterThread: Thread finished: S2 1-472
2026-10-06 09:14:33,436 INFO o.a.j.t.JMeterThread: Stopping because end time detected by thread: S2 1-252
2026-10-06 09:14:33,436 INFO o.a.j.t.JMeterThread: Thread finished: S2 1-252
2026-10-06 09:14:33,438 INFO o.a.j.t.JMeterThread: Stopping because end time detected by thread: S2 1-174
2026-10-06 09:14:33,438 INFO o.a.j.t.JMeterThread: Thread finished: S2 1-174
2026-10-06 09:14:33,439 INFO o.a.j.t.JMeterThread: Stopping because end time detected by thread: S2 1-951
2026-10-06 09:14:33,439 INFO o.a.j.t.JMeterThread: Stopping because end time detected by thread: S2 1-531
2026-10-06 09:14:33,439 INFO o.a.j.t.JMeterThread: Thread finished: S2 1-951
2026-10-06 09:14:33,439 INFO o.a.j.t.JMeterThread: Thread finished: S2 1-531
2026-10-06 09:14:33,440 INFO o.a.j.t.JMeterThread: Stopping because end time detected by thread: S2 1-178
2026-10-06 09:14:33,440 INFO o.a.j.t.JMeterThread: Thread finished: S2 1-178
2026-10-06 09:14:33,442 INFO o.a.j.t.JMeterThread: Stopping because end time detected by thread: S2 1-278
2026-10-06 09:14:33,442 INFO o.a.j.t.JMeterThread: Thread finished: S2 1-278
2026-10-06 09:14:33,443 INFO o.a.j.t.JMeterThread: Stopping because end time detected by thread: S2 1-177
2026-10-06 09:14:33,443 INFO o.a.j.t.JMeterThread: Stopping because end time detected by thread: S2 1-569
2026-10-06 09:14:33,443 INFO o.a.j.t.JMeterThread: Thread finished: S2 1-177
2026-10-06 09:14:33,443 INFO o.a.j.t.JMeterThread: Thread finished: S2 1-569
2026-10-06 09:14:33,444 INFO o.a.j.t.JMeterThread: Stopping because end time detected by thread: S2 1-969
2026-10-06 09:14:33,445 INFO o.a.j.t.JMeterThread: Thread finished: S2 1-969
2026-10-06 09:14:33,446 INFO o.a.j.t.JMeterThread: Stopping because end time detected by thread: S2 1-499
2026-10-06 09:14:33,446 INFO o.a.j.t.JMeterThread: Thread finished: S2 1-499
2026-10-06 09:14:33,448 INFO o.a.j.t.JMeterThread: Stopping because end time detected by thread: S2 1-984
2026-10-06 09:14:33,448 INFO o.a.j.t.JMeterThread: Stopping because end time detected by thread: S2 1-913
2026-10-06 09:14:33,448 INFO o.a.j.t.JMeterThread: Thread finished: S2 1-984
2026-10-06 09:14:33,448 INFO o.a.j.t.JMeterThread: Thread finished: S2 1-913
2026-10-06 09:14:33,449 INFO o.a.j.t.JMeterThread: Stopping because end time detected by thread: S2 1-513
2026-10-06 09:14:33,449 INFO o.a.j.t.JMeterThread: Thread finished: S2 1-513
2026-10-06 09:14:33,451 INFO o.a.j.t.JMeterThread: Stopping because end time detected by thread: S2 1-737
2026-10-06 09:14:33,451 INFO o.a.j.t.JMeterThread: Thread finished: S2 1-737
2026-10-06 09:14:33,452 INFO o.a.j.t.JMeterThread: Stopping because end time detected by thread: S2 1-526
2026-10-06 09:14:33,452 INFO o.a.j.t.JMeterThread: Thread finished: S2 1-526
2026-10-06 09:14:33,452 INFO o.a.j.t.JMeterThread: Stopping because end time detected by thread: S2 1-65
2026-10-06 09:14:33,452 INFO o.a.j.t.JMeterThread: Thread finished: S2 1-65
2026-10-06 09:14:33,453 INFO o.a.j.t.JMeterThread: Stopping because end time detected by thread: S2 1-338
2026-10-06 09:14:33,453 INFO o.a.j.t.JMeterThread: Thread finished: S2 1-338
2026-10-06 09:14:33,455 INFO o.a.j.t.JMeterThread: Stopping because end time detected by thread: S2 1-965
2026-10-06 09:14:33,455 INFO o.a.j.t.JMeterThread: Thread finished: S2 1-965
2026-10-06 09:14:33,456 INFO o.a.j.t.JMeterThread: Stopping because end time detected by thread: S2 1-533
2026-10-06 09:14:33,456 INFO o.a.j.t.JMeterThread: Thread finished: S2 1-533
2026-10-06 09:14:33,457 INFO o.a.j.t.JMeterThread: Stopping because end time detected by thread: S2 1-37
2026-10-06 09:14:33,458 INFO o.a.j.t.JMeterThread: Thread finished: S2 1-37
2026-10-06 09:14:33,459 INFO o.a.j.t.JMeterThread: Stopping because end time detected by thread: S2 1-250
2026-10-06 09:14:33,459 INFO o.a.j.t.JMeterThread: Stopping because end time detected by thread: S2 1-226
2026-10-06 09:14:33,459 INFO o.a.j.t.JMeterThread: Thread finished: S2 1-250
2026-10-06 09:14:33,459 INFO o.a.j.t.JMeterThread: Thread finished: S2 1-226
2026-10-06 09:14:33,460 INFO o.a.j.t.JMeterThread: Stopping because end time detected by thread: S2 1-821
2026-10-06 09:14:33,460 INFO o.a.j.t.JMeterThread: Thread finished: S2 1-821
2026-10-06 09:14:33,462 INFO o.a.j.t.JMeterThread: Stopping because end time detected by thread: S2 1-592
2026-10-06 09:14:33,462 INFO o.a.j.t.JMeterThread: Thread finished: S2 1-592
2026-10-06 09:14:33,464 INFO o.a.j.t.JMeterThread: Stopping because end time detected by thread: S2 1-191
2026-10-06 09:14:33,464 INFO o.a.j.t.JMeterThread: Stopping because end time detected by thread: S2 1-6
2026-10-06 09:14:33,464 INFO o.a.j.t.JMeterThread: Thread finished: S2 1-191
2026-10-06 09:14:33,464 INFO o.a.j.t.JMeterThread: Thread finished: S2 1-6
2026-10-06 09:14:33,465 INFO o.a.j.t.JMeterThread: Stopping because end time detected by thread: S2 1-468
2026-10-06 09:14:33,465 INFO o.a.j.t.JMeterThread: Thread finished: S2 1-468
2026-10-06 09:14:33,466 INFO o.a.j.t.JMeterThread: Stopping because end time detected by thread: S2 1-388
2026-10-06 09:14:33,466 INFO o.a.j.t.JMeterThread: Thread finished: S2 1-388
2026-10-06 09:14:33,468 INFO o.a.j.t.JMeterThread: Stopping because end time detected by thread: S2 1-999
2026-10-06 09:14:33,468 INFO o.a.j.t.JMeterThread: Thread finished: S2 1-999
2026-10-06 09:14:33,470 INFO o.a.j.t.JMeterThread: Stopping because end time detected by thread: S2 1-345
2026-10-06 09:14:33,470 INFO o.a.j.t.JMeterThread: Thread finished: S2 1-345
2026-10-06 09:14:33,470 INFO o.a.j.t.JMeterThread: Stopping because end time detected by thread: S2 1-702
2026-10-06 09:14:33,470 INFO o.a.j.t.JMeterThread: Thread finished: S2 1-702
2026-10-06 09:14:33,471 INFO o.a.j.t.JMeterThread: Stopping because end time detected by thread: S2 1-617
2026-10-06 09:14:33,471 INFO o.a.j.t.JMeterThread: Thread finished: S2 1-617
2026-10-06 09:14:33,472 INFO o.a.j.t.JMeterThread: Stopping because end time detected by thread: S2 1-692
2026-10-06 09:14:33,472 INFO o.a.j.t.JMeterThread: Thread finished: S2 1-692
2026-10-06 09:14:33,474 INFO o.a.j.t.JMeterThread: Stopping because end time detected by thread: S2 1-192
2026-10-06 09:14:33,474 INFO o.a.j.t.JMeterThread: Thread finished: S2 1-192
2026-10-06 09:14:33,475 INFO o.a.j.t.JMeterThread: Stopping because end time detected by thread: S2 1-494
2026-10-06 09:14:33,475 INFO o.a.j.t.JMeterThread: Stopping because end time detected by thread: S2 1-697
2026-10-06 09:14:33,475 INFO o.a.j.t.JMeterThread: Thread finished: S2 1-494
2026-10-06 09:14:33,475 INFO o.a.j.t.JMeterThread: Thread finished: S2 1-697
2026-10-06 09:14:33,476 INFO o.a.j.t.JMeterThread: Stopping because end time detected by thread: S2 1-619
2026-10-06 09:14:33,476 INFO o.a.j.t.JMeterThread: Thread finished: S2 1-619
2026-10-06 09:14:33,478 INFO o.a.j.t.JMeterThread: Stopping because end time detected by thread: S2 1-295
2026-10-06 09:14:33,478 INFO o.a.j.t.JMeterThread: Thread finished: S2 1-295
2026-10-06 09:14:33,479 INFO o.a.j.t.JMeterThread: Stopping because end time detected by thread: S2 1-658
2026-10-06 09:14:33,479 INFO o.a.j.t.JMeterThread: Thread finished: S2 1-658
2026-10-06 09:14:33,481 INFO o.a.j.t.JMeterThread: Stopping because end time detected by thread: S2 1-8
2026-10-06 09:14:33,481 INFO o.a.j.t.JMeterThread: Stopping because end time detected by thread: S2 1-220
2026-10-06 09:14:33,481 INFO o.a.j.t.JMeterThread: Thread finished: S2 1-8
2026-10-06 09:14:33,481 INFO o.a.j.t.JMeterThread: Thread finished: S2 1-220
2026-10-06 09:14:33,482 INFO o.a.j.t.JMeterThread: Stopping because end time detected by thread: S2 1-423
2026-10-06 09:14:33,482 INFO o.a.j.t.JMeterThread: Thread finished: S2 1-423
2026-10-06 09:14:33,484 INFO o.a.j.t.JMeterThread: Stopping because end time detected by thread: S2 1-994
2026-10-06 09:14:33,484 INFO o.a.j.t.JMeterThread: Thread finished: S2 1-994
2026-10-06 09:14:33,485 INFO o.a.j.t.JMeterThread: Stopping because end time detected by thread: S2 1-678
2026-10-06 09:14:33,485 INFO o.a.j.t.JMeterThread: Thread finished: S2 1-678
2026-10-06 09:14:33,486 INFO o.a.j.t.JMeterThread: Stopping because end time detected by thread: S2 1-818
2026-10-06 09:14:33,486 INFO o.a.j.t.JMeterThread: Thread finished: S2 1-818
2026-10-06 09:14:33,486 INFO o.a.j.t.JMeterThread: Stopping because end time detected by thread: S2 1-988
2026-10-06 09:14:33,486 INFO o.a.j.t.JMeterThread: Thread finished: S2 1-988
2026-10-06 09:14:33,487 INFO o.a.j.t.JMeterThread: Stopping because end time detected by thread: S2 1-736
2026-10-06 09:14:33,488 INFO o.a.j.t.JMeterThread: Thread finished: S2 1-736
2026-10-06 09:14:33,489 INFO o.a.j.t.JMeterThread: Stopping because end time detected by thread: S2 1-131
2026-10-06 09:14:33,489 INFO o.a.j.t.JMeterThread: Thread finished: S2 1-131
2026-10-06 09:14:33,490 INFO o.a.j.t.JMeterThread: Stopping because end time detected by thread: S2 1-745
2026-10-06 09:14:33,490 INFO o.a.j.t.JMeterThread: Stopping because end time detected by thread: S2 1-762
2026-10-06 09:14:33,490 INFO o.a.j.t.JMeterThread: Thread finished: S2 1-745
2026-10-06 09:14:33,490 INFO o.a.j.t.JMeterThread: Thread finished: S2 1-762
2026-10-06 09:14:33,492 INFO o.a.j.t.JMeterThread: Stopping because end time detected by thread: S2 1-489
2026-10-06 09:14:33,492 INFO o.a.j.t.JMeterThread: Thread finished: S2 1-489
2026-10-06 09:14:33,493 INFO o.a.j.t.JMeterThread: Stopping because end time detected by thread: S2 1-598
2026-10-06 09:14:33,493 INFO o.a.j.t.JMeterThread: Thread finished: S2 1-598
2026-10-06 09:14:33,494 INFO o.a.j.t.JMeterThread: Stopping because end time detected by thread: S2 1-92
2026-10-06 09:14:33,494 INFO o.a.j.t.JMeterThread: Stopping because end time detected by thread: S2 1-262
2026-10-06 09:14:33,494 INFO o.a.j.t.JMeterThread: Thread finished: S2 1-92
2026-10-06 09:14:33,494 INFO o.a.j.t.JMeterThread: Thread finished: S2 1-262
2026-10-06 09:14:33,496 INFO o.a.j.t.JMeterThread: Stopping because end time detected by thread: S2 1-343
2026-10-06 09:14:33,496 INFO o.a.j.t.JMeterThread: Thread finished: S2 1-343
2026-10-06 09:14:33,497 INFO o.a.j.t.JMeterThread: Stopping because end time detected by thread: S2 1-441
2026-10-06 09:14:33,497 INFO o.a.j.t.JMeterThread: Thread finished: S2 1-441
2026-10-06 09:14:33,498 INFO o.a.j.t.JMeterThread: Stopping because end time detected by thread: S2 1-147
2026-10-06 09:14:33,498 INFO o.a.j.t.JMeterThread: Stopping because end time detected by thread: S2 1-255
2026-10-06 09:14:33,498 INFO o.a.j.t.JMeterThread: Thread finished: S2 1-147
2026-10-06 09:14:33,498 INFO o.a.j.t.JMeterThread: Thread finished: S2 1-255
2026-10-06 09:14:33,499 INFO o.a.j.t.JMeterThread: Stopping because end time detected by thread: S2 1-474
2026-10-06 09:14:33,499 INFO o.a.j.t.JMeterThread: Thread finished: S2 1-474
2026-10-06 09:14:33,501 INFO o.a.j.t.JMeterThread: Stopping because end time detected by thread: S2 1-364
2026-10-06 09:14:33,501 INFO o.a.j.t.JMeterThread: Thread finished: S2 1-364
2026-10-06 09:14:33,502 INFO o.a.j.t.JMeterThread: Stopping because end time detected by thread: S2 1-273
2026-10-06 09:14:33,502 INFO o.a.j.t.JMeterThread: Stopping because end time detected by thread: S2 1-530
2026-10-06 09:14:33,502 INFO o.a.j.t.JMeterThread: Thread finished: S2 1-273
2026-10-06 09:14:33,502 INFO o.a.j.t.JMeterThread: Thread finished: S2 1-530
2026-10-06 09:14:33,503 INFO o.a.j.t.JMeterThread: Stopping because end time detected by thread: S2 1-439
2026-10-06 09:14:33,504 INFO o.a.j.t.JMeterThread: Thread finished: S2 1-439
2026-10-06 09:14:33,505 INFO o.a.j.t.JMeterThread: Stopping because end time detected by thread: S2 1-320
2026-10-06 09:14:33,505 INFO o.a.j.t.JMeterThread: Thread finished: S2 1-320
2026-10-06 09:14:33,506 INFO o.a.j.t.JMeterThread: Stopping because end time detected by thread: S2 1-659
2026-10-06 09:14:33,506 INFO o.a.j.t.JMeterThread: Stopping because end time detected by thread: S2 1-588
2026-10-06 09:14:33,506 INFO o.a.j.t.JMeterThread: Thread finished: S2 1-659
2026-10-06 09:14:33,506 INFO o.a.j.t.JMeterThread: Thread finished: S2 1-588
2026-10-06 09:14:33,507 INFO o.a.j.t.JMeterThread: Stopping because end time detected by thread: S2 1-495
2026-10-06 09:14:33,507 INFO o.a.j.t.JMeterThread: Thread finished: S2 1-495
2026-10-06 09:14:33,509 INFO o.a.j.t.JMeterThread: Stopping because end time detected by thread: S2 1-775
2026-10-06 09:14:33,509 INFO o.a.j.t.JMeterThread: Thread finished: S2 1-775
2026-10-06 09:14:33,510 INFO o.a.j.t.JMeterThread: Stopping because end time detected by thread: S2 1-280
2026-10-06 09:14:33,510 INFO o.a.j.t.JMeterThread: Stopping because end time detected by thread: S2 1-963
2026-10-06 09:14:33,510 INFO o.a.j.t.JMeterThread: Thread finished: S2 1-280
2026-10-06 09:14:33,510 INFO o.a.j.t.JMeterThread: Thread finished: S2 1-963
2026-10-06 09:14:33,511 INFO o.a.j.t.JMeterThread: Stopping because end time detected by thread: S2 1-389
2026-10-06 09:14:33,511 INFO o.a.j.t.JMeterThread: Thread finished: S2 1-389
2026-10-06 09:14:33,512 INFO o.a.j.t.JMeterThread: Stopping because end time detected by thread: S2 1-486
2026-10-06 09:14:33,512 INFO o.a.j.t.JMeterThread: Thread finished: S2 1-486
2026-10-06 09:14:33,514 INFO o.a.j.t.JMeterThread: Stopping because end time detected by thread: S2 1-50
2026-10-06 09:14:33,514 INFO o.a.j.t.JMeterThread: Stopping because end time detected by thread: S2 1-438
2026-10-06 09:14:33,514 INFO o.a.j.t.JMeterThread: Thread finished: S2 1-50
2026-10-06 09:14:33,514 INFO o.a.j.t.JMeterThread: Thread finished: S2 1-438
2026-10-06 09:14:33,515 INFO o.a.j.t.JMeterThread: Stopping because end time detected by thread: S2 1-826
2026-10-06 09:14:33,515 INFO o.a.j.t.JMeterThread: Thread finished: S2 1-826
2026-10-06 09:14:33,516 INFO o.a.j.t.JMeterThread: Stopping because end time detected by thread: S2 1-693
2026-10-06 09:14:33,516 INFO o.a.j.t.JMeterThread: Thread finished: S2 1-693
2026-10-06 09:14:33,517 INFO o.a.j.t.JMeterThread: Stopping because end time detected by thread: S2 1-310
2026-10-06 09:14:33,517 INFO o.a.j.t.JMeterThread: Thread finished: S2 1-310
2026-10-06 09:14:33,517 INFO o.a.j.t.JMeterThread: Stopping because end time detected by thread: S2 1-777
2026-10-06 09:14:33,517 INFO o.a.j.t.JMeterThread: Thread finished: S2 1-777
2026-10-06 09:14:33,518 INFO o.a.j.t.JMeterThread: Stopping because end time detected by thread: S2 1-744
2026-10-06 09:14:33,519 INFO o.a.j.t.JMeterThread: Thread finished: S2 1-744
2026-10-06 09:14:33,520 INFO o.a.j.t.JMeterThread: Stopping because end time detected by thread: S2 1-863
2026-10-06 09:14:33,520 INFO o.a.j.t.JMeterThread: Thread finished: S2 1-863
2026-10-06 09:14:33,521 INFO o.a.j.t.JMeterThread: Stopping because end time detected by thread: S2 1-549
2026-10-06 09:14:33,521 INFO o.a.j.t.JMeterThread: Stopping because end time detected by thread: S2 1-759
2026-10-06 09:14:33,521 INFO o.a.j.t.JMeterThread: Thread finished: S2 1-549
2026-10-06 09:14:33,521 INFO o.a.j.t.JMeterThread: Thread finished: S2 1-759
2026-10-06 09:14:33,522 INFO o.a.j.t.JMeterThread: Stopping because end time detected by thread: S2 1-12
2026-10-06 09:14:33,522 INFO o.a.j.t.JMeterThread: Thread finished: S2 1-12
2026-10-06 09:14:33,524 INFO o.a.j.t.JMeterThread: Stopping because end time detected by thread: S2 1-437
2026-10-06 09:14:33,524 INFO o.a.j.t.JMeterThread: Thread finished: S2 1-437
2026-10-06 09:14:33,525 INFO o.a.j.t.JMeterThread: Stopping because end time detected by thread: S2 1-130
2026-10-06 09:14:33,525 INFO o.a.j.t.JMeterThread: Stopping because end time detected by thread: S2 1-559
2026-10-06 09:14:33,525 INFO o.a.j.t.JMeterThread: Thread finished: S2 1-130
2026-10-06 09:14:33,525 INFO o.a.j.t.JMeterThread: Thread finished: S2 1-559
2026-10-06 09:14:33,526 INFO o.a.j.t.JMeterThread: Stopping because end time detected by thread: S2 1-22
2026-10-06 09:14:33,526 INFO o.a.j.t.JMeterThread: Thread finished: S2 1-22
2026-10-06 09:14:33,527 INFO o.a.j.t.JMeterThread: Stopping because end time detected by thread: S2 1-504
2026-10-06 09:14:33,527 INFO o.a.j.t.JMeterThread: Thread finished: S2 1-504
2026-10-06 09:14:33,528 INFO o.a.j.t.JMeterThread: Stopping because end time detected by thread: S2 1-609
2026-10-06 09:14:33,529 INFO o.a.j.t.JMeterThread: Stopping because end time detected by thread: S2 1-146
2026-10-06 09:14:33,529 INFO o.a.j.t.JMeterThread: Thread finished: S2 1-609
2026-10-06 09:14:33,529 INFO o.a.j.t.JMeterThread: Thread finished: S2 1-146
2026-10-06 09:14:33,530 INFO o.a.j.t.JMeterThread: Stopping because end time detected by thread: S2 1-981
2026-10-06 09:14:33,530 INFO o.a.j.t.JMeterThread: Thread finished: S2 1-981
2026-10-06 09:14:33,531 INFO o.a.j.t.JMeterThread: Stopping because end time detected by thread: S2 1-548
2026-10-06 09:14:33,531 INFO o.a.j.t.JMeterThread: Thread finished: S2 1-548
2026-10-06 09:14:33,532 INFO o.a.j.t.JMeterThread: Stopping because end time detected by thread: S2 1-152
2026-10-06 09:14:33,532 INFO o.a.j.t.JMeterThread: Thread finished: S2 1-152
2026-10-06 09:14:33,534 INFO o.a.j.t.JMeterThread: Stopping because end time detected by thread: S2 1-387
2026-10-06 09:14:33,534 INFO o.a.j.t.JMeterThread: Stopping because end time detected by thread: S2 1-461
2026-10-06 09:14:33,534 INFO o.a.j.t.JMeterThread: Thread finished: S2 1-387
2026-10-06 09:14:33,534 INFO o.a.j.t.JMeterThread: Thread finished: S2 1-461
2026-10-06 09:14:33,535 INFO o.a.j.t.JMeterThread: Stopping because end time detected by thread: S2 1-673
2026-10-06 09:14:33,535 INFO o.a.j.t.JMeterThread: Thread finished: S2 1-673
2026-10-06 09:14:33,536 INFO o.a.j.t.JMeterThread: Stopping because end time detected by thread: S2 1-266
2026-10-06 09:14:33,536 INFO o.a.j.t.JMeterThread: Thread finished: S2 1-266
2026-10-06 09:14:33,537 INFO o.a.j.t.JMeterThread: Stopping because end time detected by thread: S2 1-127
2026-10-06 09:14:33,537 INFO o.a.j.t.JMeterThread: Stopping because end time detected by thread: S2 1-547
2026-10-06 09:14:33,537 INFO o.a.j.t.JMeterThread: Thread finished: S2 1-127
2026-10-06 09:14:33,537 INFO o.a.j.t.JMeterThread: Thread finished: S2 1-547
2026-10-06 09:14:33,538 INFO o.a.j.t.JMeterThread: Stopping because end time detected by thread: S2 1-629
2026-10-06 09:14:33,538 INFO o.a.j.t.JMeterThread: Thread finished: S2 1-629
2026-10-06 09:14:33,540 INFO o.a.j.t.JMeterThread: Stopping because end time detected by thread: S2 1-534
2026-10-06 09:14:33,540 INFO o.a.j.t.JMeterThread: Thread finished: S2 1-534
2026-10-06 09:14:33,541 INFO o.a.j.t.JMeterThread: Stopping because end time detected by thread: S2 1-153
2026-10-06 09:14:33,541 INFO o.a.j.t.JMeterThread: Thread finished: S2 1-153
2026-10-06 09:14:33,541 INFO o.a.j.t.JMeterThread: Stopping because end time detected by thread: S2 1-156
2026-10-06 09:14:33,541 INFO o.a.j.t.JMeterThread: Thread finished: S2 1-156
2026-10-06 09:14:33,542 INFO o.a.j.t.JMeterThread: Stopping because end time detected by thread: S2 1-832
2026-10-06 09:14:33,542 INFO o.a.j.t.JMeterThread: Thread finished: S2 1-832
2026-10-06 09:14:33,543 INFO o.a.j.t.JMeterThread: Stopping because end time detected by thread: S2 1-660
2026-10-06 09:14:33,543 INFO o.a.j.t.JMeterThread: Thread finished: S2 1-660
2026-10-06 09:14:33,545 INFO o.a.j.t.JMeterThread: Stopping because end time detected by thread: S2 1-215
2026-10-06 09:14:33,545 INFO o.a.j.t.JMeterThread: Stopping because end time detected by thread: S2 1-412
2026-10-06 09:14:33,545 INFO o.a.j.t.JMeterThread: Thread finished: S2 1-215
2026-10-06 09:14:33,545 INFO o.a.j.t.JMeterThread: Thread finished: S2 1-412
2026-10-06 09:14:33,546 INFO o.a.j.t.JMeterThread: Stopping because end time detected by thread: S2 1-457
2026-10-06 09:14:33,546 INFO o.a.j.t.JMeterThread: Thread finished: S2 1-457
2026-10-06 09:14:33,547 INFO o.a.j.t.JMeterThread: Stopping because end time detected by thread: S2 1-763
2026-10-06 09:14:33,547 INFO o.a.j.t.JMeterThread: Thread finished: S2 1-763
2026-10-06 09:14:33,548 INFO o.a.j.t.JMeterThread: Stopping because end time detected by thread: S2 1-334
2026-10-06 09:14:33,548 INFO o.a.j.t.JMeterThread: Stopping because end time detected by thread: S2 1-746
2026-10-06 09:14:33,549 INFO o.a.j.t.JMeterThread: Thread finished: S2 1-334
2026-10-06 09:14:33,549 INFO o.a.j.t.JMeterThread: Thread finished: S2 1-746
2026-10-06 09:14:33,550 INFO o.a.j.t.JMeterThread: Stopping because end time detected by thread: S2 1-793
2026-10-06 09:14:33,550 INFO o.a.j.t.JMeterThread: Thread finished: S2 1-793
2026-10-06 09:14:33,551 INFO o.a.j.t.JMeterThread: Stopping because end time detected by thread: S2 1-985
2026-10-06 09:14:33,551 INFO o.a.j.t.JMeterThread: Thread finished: S2 1-985
2026-10-06 09:14:33,552 INFO o.a.j.t.JMeterThread: Stopping because end time detected by thread: S2 1-233
2026-10-06 09:14:33,552 INFO o.a.j.t.JMeterThread: Stopping because end time detected by thread: S2 1-831
2026-10-06 09:14:33,552 INFO o.a.j.t.JMeterThread: Thread finished: S2 1-233
2026-10-06 09:14:33,552 INFO o.a.j.t.JMeterThread: Thread finished: S2 1-831
2026-10-06 09:14:33,553 INFO o.a.j.t.JMeterThread: Stopping because end time detected by thread: S2 1-783
2026-10-06 09:14:33,554 INFO o.a.j.t.JMeterThread: Thread finished: S2 1-783
2026-10-06 09:14:33,555 INFO o.a.j.t.JMeterThread: Stopping because end time detected by thread: S2 1-857
2026-10-06 09:14:33,555 INFO o.a.j.t.JMeterThread: Thread finished: S2 1-857
2026-10-06 09:14:33,556 INFO o.a.j.t.JMeterThread: Stopping because end time detected by thread: S2 1-443
2026-10-06 09:14:33,556 INFO o.a.j.t.JMeterThread: Stopping because end time detected by thread: S2 1-713
2026-10-06 09:14:33,556 INFO o.a.j.t.JMeterThread: Thread finished: S2 1-443
2026-10-06 09:14:33,556 INFO o.a.j.t.JMeterThread: Thread finished: S2 1-713
2026-10-06 09:14:33,558 INFO o.a.j.t.JMeterThread: Stopping because end time detected by thread: S2 1-76
2026-10-06 09:14:33,558 INFO o.a.j.t.JMeterThread: Thread finished: S2 1-76
2026-10-06 09:14:33,559 INFO o.a.j.t.JMeterThread: Stopping because end time detected by thread: S2 1-64
2026-10-06 09:14:33,559 INFO o.a.j.t.JMeterThread: Thread finished: S2 1-64
2026-10-06 09:14:33,560 INFO o.a.j.t.JMeterThread: Stopping because end time detected by thread: S2 1-641
2026-10-06 09:14:33,560 INFO o.a.j.t.JMeterThread: Stopping because end time detected by thread: S2 1-674
2026-10-06 09:14:33,560 INFO o.a.j.t.JMeterThread: Thread finished: S2 1-641
2026-10-06 09:14:33,560 INFO o.a.j.t.JMeterThread: Thread finished: S2 1-674
2026-10-06 09:14:33,562 INFO o.a.j.t.JMeterThread: Stopping because end time detected by thread: S2 1-679
2026-10-06 09:14:33,562 INFO o.a.j.t.JMeterThread: Thread finished: S2 1-679
2026-10-06 09:14:33,563 INFO o.a.j.t.JMeterThread: Stopping because end time detected by thread: S2 1-213
2026-10-06 09:14:33,563 INFO o.a.j.t.JMeterThread: Thread finished: S2 1-213
2026-10-06 09:14:33,564 INFO o.a.j.t.JMeterThread: Stopping because end time detected by thread: S2 1-536
2026-10-06 09:14:33,564 INFO o.a.j.t.JMeterThread: Stopping because end time detected by thread: S2 1-765
2026-10-06 09:14:33,564 INFO o.a.j.t.JMeterThread: Thread finished: S2 1-536
2026-10-06 09:14:33,564 INFO o.a.j.t.JMeterThread: Thread finished: S2 1-765
2026-10-06 09:14:33,565 INFO o.a.j.t.JMeterThread: Stopping because end time detected by thread: S2 1-363
2026-10-06 09:14:33,565 INFO o.a.j.t.JMeterThread: Thread finished: S2 1-363
2026-10-06 09:14:33,567 INFO o.a.j.t.JMeterThread: Stopping because end time detected by thread: S2 1-922
2026-10-06 09:14:33,567 INFO o.a.j.t.JMeterThread: Thread finished: S2 1-922
2026-10-06 09:14:33,569 INFO o.a.j.t.JMeterThread: Stopping because end time detected by thread: S2 1-851
2026-10-06 09:14:33,569 INFO o.a.j.t.JMeterThread: Stopping because end time detected by thread: S2 1-672
2026-10-06 09:14:33,569 INFO o.a.j.t.JMeterThread: Thread finished: S2 1-851
2026-10-06 09:14:33,569 INFO o.a.j.t.JMeterThread: Thread finished: S2 1-672
2026-10-06 09:14:33,570 INFO o.a.j.t.JMeterThread: Stopping because end time detected by thread: S2 1-403
2026-10-06 09:14:33,570 INFO o.a.j.t.JMeterThread: Thread finished: S2 1-403
2026-10-06 09:14:33,571 INFO o.a.j.t.JMeterThread: Stopping because end time detected by thread: S2 1-399
2026-10-06 09:14:33,571 INFO o.a.j.t.JMeterThread: Thread finished: S2 1-399
2026-10-06 09:14:33,573 INFO o.a.j.t.JMeterThread: Stopping because end time detected by thread: S2 1-328
2026-10-06 09:14:33,573 INFO o.a.j.t.JMeterThread: Thread finished: S2 1-328
2026-10-06 09:14:33,574 INFO o.a.j.t.JMeterThread: Stopping because end time detected by thread: S2 1-699
2026-10-06 09:14:33,574 INFO o.a.j.t.JMeterThread: Stopping because end time detected by thread: S2 1-997
2026-10-06 09:14:33,574 INFO o.a.j.t.JMeterThread: Thread finished: S2 1-699
2026-10-06 09:14:33,574 INFO o.a.j.t.JMeterThread: Thread finished: S2 1-997
2026-10-06 09:14:33,575 INFO o.a.j.t.JMeterThread: Stopping because end time detected by thread: S2 1-993
2026-10-06 09:14:33,575 INFO o.a.j.t.JMeterThread: Thread finished: S2 1-993
2026-10-06 09:14:33,577 INFO o.a.j.t.JMeterThread: Stopping because end time detected by thread: S2 1-709
2026-10-06 09:14:33,577 INFO o.a.j.t.JMeterThread: Thread finished: S2 1-709
2026-10-06 09:14:33,578 INFO o.a.j.t.JMeterThread: Stopping because end time detected by thread: S2 1-485
2026-10-06 09:14:33,578 INFO o.a.j.t.JMeterThread: Stopping because end time detected by thread: S2 1-860
2026-10-06 09:14:33,578 INFO o.a.j.t.JMeterThread: Thread finished: S2 1-860
2026-10-06 09:14:33,578 INFO o.a.j.t.JMeterThread: Thread finished: S2 1-485
2026-10-06 09:14:33,580 INFO o.a.j.t.JMeterThread: Stopping because end time detected by thread: S2 1-61
2026-10-06 09:14:33,580 INFO o.a.j.t.JMeterThread: Thread finished: S2 1-61
2026-10-06 09:14:33,581 INFO o.a.j.t.JMeterThread: Stopping because end time detected by thread: S2 1-551
2026-10-06 09:14:33,581 INFO o.a.j.t.JMeterThread: Thread finished: S2 1-551
2026-10-06 09:14:33,582 INFO o.a.j.t.JMeterThread: Stopping because end time detected by thread: S2 1-748
2026-10-06 09:14:33,582 INFO o.a.j.t.JMeterThread: Thread finished: S2 1-748
2026-10-06 09:14:33,584 INFO o.a.j.t.JMeterThread: Stopping because end time detected by thread: S2 1-511
2026-10-06 09:14:33,584 INFO o.a.j.t.JMeterThread: Thread finished: S2 1-511
2026-10-06 09:14:33,585 INFO o.a.j.t.JMeterThread: Stopping because end time detected by thread: S2 1-604
2026-10-06 09:14:33,585 INFO o.a.j.t.JMeterThread: Stopping because end time detected by thread: S2 1-847
2026-10-06 09:14:33,585 INFO o.a.j.t.JMeterThread: Thread finished: S2 1-604
2026-10-06 09:14:33,585 INFO o.a.j.t.JMeterThread: Thread finished: S2 1-847
2026-10-06 09:14:33,586 INFO o.a.j.t.JMeterThread: Stopping because end time detected by thread: S2 1-554
2026-10-06 09:14:33,586 INFO o.a.j.t.JMeterThread: Thread finished: S2 1-554
2026-10-06 09:14:33,588 INFO o.a.j.t.JMeterThread: Stopping because end time detected by thread: S2 1-46
2026-10-06 09:14:33,588 INFO o.a.j.t.JMeterThread: Thread finished: S2 1-46
2026-10-06 09:14:33,589 INFO o.a.j.t.JMeterThread: Stopping because end time detected by thread: S2 1-247
2026-10-06 09:14:33,589 INFO o.a.j.t.JMeterThread: Stopping because end time detected by thread: S2 1-265
2026-10-06 09:14:33,589 INFO o.a.j.t.JMeterThread: Thread finished: S2 1-247
2026-10-06 09:14:33,589 INFO o.a.j.t.JMeterThread: Thread finished: S2 1-265
2026-10-06 09:14:33,590 INFO o.a.j.t.JMeterThread: Stopping because end time detected by thread: S2 1-206
2026-10-06 09:14:33,591 INFO o.a.j.t.JMeterThread: Thread finished: S2 1-206
2026-10-06 09:14:33,592 INFO o.a.j.t.JMeterThread: Stopping because end time detected by thread: S2 1-85
2026-10-06 09:14:33,592 INFO o.a.j.t.JMeterThread: Thread finished: S2 1-85
2026-10-06 09:14:33,593 INFO o.a.j.t.JMeterThread: Stopping because end time detected by thread: S2 1-577
2026-10-06 09:14:33,593 INFO o.a.j.t.JMeterThread: Stopping because end time detected by thread: S2 1-150
2026-10-06 09:14:33,593 INFO o.a.j.t.JMeterThread: Thread finished: S2 1-577
2026-10-06 09:14:33,593 INFO o.a.j.t.JMeterThread: Thread finished: S2 1-150
2026-10-06 09:14:33,594 INFO o.a.j.t.JMeterThread: Stopping because end time detected by thread: S2 1-383
2026-10-06 09:14:33,594 INFO o.a.j.t.JMeterThread: Thread finished: S2 1-383
2026-10-06 09:14:33,595 INFO o.a.j.t.JMeterThread: Stopping because end time detected by thread: S2 1-622
2026-10-06 09:14:33,595 INFO o.a.j.t.JMeterThread: Thread finished: S2 1-622
2026-10-06 09:14:33,597 INFO o.a.j.t.JMeterThread: Stopping because end time detected by thread: S2 1-842
2026-10-06 09:14:33,597 INFO o.a.j.t.JMeterThread: Stopping because end time detected by thread: S2 1-90
2026-10-06 09:14:33,597 INFO o.a.j.t.JMeterThread: Thread finished: S2 1-842
2026-10-06 09:14:33,597 INFO o.a.j.t.JMeterThread: Thread finished: S2 1-90
2026-10-06 09:14:33,598 INFO o.a.j.t.JMeterThread: Stopping because end time detected by thread: S2 1-209
2026-10-06 09:14:33,598 INFO o.a.j.t.JMeterThread: Thread finished: S2 1-209
2026-10-06 09:14:33,599 INFO o.a.j.t.JMeterThread: Stopping because end time detected by thread: S2 1-781
2026-10-06 09:14:33,599 INFO o.a.j.t.JMeterThread: Thread finished: S2 1-781
2026-10-06 09:14:33,600 INFO o.a.j.t.JMeterThread: Stopping because end time detected by thread: S2 1-707
2026-10-06 09:14:33,600 INFO o.a.j.t.JMeterThread: Stopping because end time detected by thread: S2 1-532
2026-10-06 09:14:33,600 INFO o.a.j.t.JMeterThread: Thread finished: S2 1-707
2026-10-06 09:14:33,601 INFO o.a.j.t.JMeterThread: Thread finished: S2 1-532
2026-10-06 09:14:33,609 INFO o.a.j.t.JMeterThread: Stopping because end time detected by thread: S2 1-287
2026-10-06 09:14:33,609 INFO o.a.j.t.JMeterThread: Stopping because end time detected by thread: S2 1-70
2026-10-06 09:14:33,609 INFO o.a.j.t.JMeterThread: Stopping because end time detected by thread: S2 1-871
2026-10-06 09:14:33,609 INFO o.a.j.t.JMeterThread: Stopping because end time detected by thread: S2 1-682
2026-10-06 09:14:33,609 INFO o.a.j.t.JMeterThread: Thread finished: S2 1-682
2026-10-06 09:14:33,609 INFO o.a.j.t.JMeterThread: Thread finished: S2 1-70
2026-10-06 09:14:33,609 INFO o.a.j.t.JMeterThread: Thread finished: S2 1-871
2026-10-06 09:14:33,609 INFO o.a.j.t.JMeterThread: Thread finished: S2 1-287
2026-10-06 09:14:33,609 INFO o.a.j.t.JMeterThread: Stopping because end time detected by thread: S2 1-451
2026-10-06 09:14:33,609 INFO o.a.j.t.JMeterThread: Thread finished: S2 1-451
2026-10-06 09:14:33,611 INFO o.a.j.t.JMeterThread: Stopping because end time detected by thread: S2 1-125
2026-10-06 09:14:33,611 INFO o.a.j.t.JMeterThread: Thread finished: S2 1-125
2026-10-06 09:14:33,611 INFO o.a.j.t.JMeterThread: Stopping because end time detected by thread: S2 1-124
2026-10-06 09:14:33,611 INFO o.a.j.t.JMeterThread: Thread finished: S2 1-124
2026-10-06 09:14:33,612 INFO o.a.j.t.JMeterThread: Stopping because end time detected by thread: S2 1-190
2026-10-06 09:14:33,612 INFO o.a.j.t.JMeterThread: Thread finished: S2 1-190
2026-10-06 09:14:33,614 INFO o.a.j.t.JMeterThread: Stopping because end time detected by thread: S2 1-434
2026-10-06 09:14:33,614 INFO o.a.j.t.JMeterThread: Thread finished: S2 1-434
2026-10-06 09:14:33,615 INFO o.a.j.t.JMeterThread: Stopping because end time detected by thread: S2 1-195
2026-10-06 09:14:33,615 INFO o.a.j.t.JMeterThread: Stopping because end time detected by thread: S2 1-645
2026-10-06 09:14:33,615 INFO o.a.j.t.JMeterThread: Thread finished: S2 1-195
2026-10-06 09:14:33,615 INFO o.a.j.t.JMeterThread: Thread finished: S2 1-645
2026-10-06 09:14:33,616 INFO o.a.j.t.JMeterThread: Stopping because end time detected by thread: S2 1-283
2026-10-06 09:14:33,616 INFO o.a.j.t.JMeterThread: Thread finished: S2 1-283
2026-10-06 09:14:33,617 INFO o.a.j.t.JMeterThread: Stopping because end time detected by thread: S2 1-69
2026-10-06 09:14:33,618 INFO o.a.j.t.JMeterThread: Thread finished: S2 1-69
2026-10-06 09:14:33,619 INFO o.a.j.t.JMeterThread: Stopping because end time detected by thread: S2 1-455
2026-10-06 09:14:33,619 INFO o.a.j.t.JMeterThread: Stopping because end time detected by thread: S2 1-571
2026-10-06 09:14:33,619 INFO o.a.j.t.JMeterThread: Thread finished: S2 1-455
2026-10-06 09:14:33,619 INFO o.a.j.t.JMeterThread: Thread finished: S2 1-571
2026-10-06 09:14:33,620 INFO o.a.j.t.JMeterThread: Stopping because end time detected by thread: S2 1-105
2026-10-06 09:14:33,620 INFO o.a.j.t.JMeterThread: Thread finished: S2 1-105
2026-10-06 09:14:33,621 INFO o.a.j.t.JMeterThread: Stopping because end time detected by thread: S2 1-360
2026-10-06 09:14:33,621 INFO o.a.j.t.JMeterThread: Thread finished: S2 1-360
2026-10-06 09:14:33,622 INFO o.a.j.t.JMeterThread: Stopping because end time detected by thread: S2 1-509
2026-10-06 09:14:33,622 INFO o.a.j.t.JMeterThread: Thread finished: S2 1-509
2026-10-06 09:14:33,622 INFO o.a.j.t.JMeterThread: Stopping because end time detected by thread: S2 1-157
2026-10-06 09:14:33,623 INFO o.a.j.t.JMeterThread: Thread finished: S2 1-157
2026-10-06 09:14:33,624 INFO o.a.j.t.JMeterThread: Stopping because end time detected by thread: S2 1-553
2026-10-06 09:14:33,624 INFO o.a.j.t.JMeterThread: Thread finished: S2 1-553
2026-10-06 09:14:33,625 INFO o.a.j.t.JMeterThread: Stopping because end time detected by thread: S2 1-408
2026-10-06 09:14:33,625 INFO o.a.j.t.JMeterThread: Thread finished: S2 1-408
2026-10-06 09:14:33,626 INFO o.a.j.t.JMeterThread: Stopping because end time detected by thread: S2 1-222
2026-10-06 09:14:33,626 INFO o.a.j.t.JMeterThread: Stopping because end time detected by thread: S2 1-564
2026-10-06 09:14:33,626 INFO o.a.j.t.JMeterThread: Thread finished: S2 1-564
2026-10-06 09:14:33,626 INFO o.a.j.t.JMeterThread: Thread finished: S2 1-222
2026-10-06 09:14:33,627 INFO o.a.j.t.JMeterThread: Stopping because end time detected by thread: S2 1-272
2026-10-06 09:14:33,627 INFO o.a.j.t.JMeterThread: Thread finished: S2 1-272
2026-10-06 09:14:33,629 INFO o.a.j.t.JMeterThread: Stopping because end time detected by thread: S2 1-93
2026-10-06 09:14:33,629 INFO o.a.j.t.JMeterThread: Thread finished: S2 1-93
2026-10-06 09:14:33,630 INFO o.a.j.t.JMeterThread: Stopping because end time detected by thread: S2 1-750
2026-10-06 09:14:33,630 INFO o.a.j.t.JMeterThread: Thread finished: S2 1-750
2026-10-06 09:14:33,630 INFO o.a.j.t.JMeterThread: Stopping because end time detected by thread: S2 1-616
2026-10-06 09:14:33,630 INFO o.a.j.t.JMeterThread: Thread finished: S2 1-616
2026-10-06 09:14:33,631 INFO o.a.j.t.JMeterThread: Stopping because end time detected by thread: S2 1-983
2026-10-06 09:14:33,631 INFO o.a.j.t.JMeterThread: Thread finished: S2 1-983
2026-10-06 09:14:33,633 INFO o.a.j.t.JMeterThread: Stopping because end time detected by thread: S2 1-978
2026-10-06 09:14:33,633 INFO o.a.j.t.JMeterThread: Thread finished: S2 1-978
2026-10-06 09:14:33,634 INFO o.a.j.t.JMeterThread: Stopping because end time detected by thread: S2 1-331
2026-10-06 09:14:33,634 INFO o.a.j.t.JMeterThread: Stopping because end time detected by thread: S2 1-210
2026-10-06 09:14:33,634 INFO o.a.j.t.JMeterThread: Thread finished: S2 1-331
2026-10-06 09:14:33,634 INFO o.a.j.t.JMeterThread: Thread finished: S2 1-210
2026-10-06 09:14:33,636 INFO o.a.j.t.JMeterThread: Stopping because end time detected by thread: S2 1-975
2026-10-06 09:14:33,636 INFO o.a.j.t.JMeterThread: Thread finished: S2 1-975
2026-10-06 09:14:33,637 INFO o.a.j.t.JMeterThread: Stopping because end time detected by thread: S2 1-170
2026-10-06 09:14:33,637 INFO o.a.j.t.JMeterThread: Thread finished: S2 1-170
2026-10-06 09:14:33,638 INFO o.a.j.t.JMeterThread: Stopping because end time detected by thread: S2 1-327
2026-10-06 09:14:33,638 INFO o.a.j.t.JMeterThread: Stopping because end time detected by thread: S2 1-717
2026-10-06 09:14:33,638 INFO o.a.j.t.JMeterThread: Thread finished: S2 1-327
2026-10-06 09:14:33,638 INFO o.a.j.t.JMeterThread: Thread finished: S2 1-717
2026-10-06 09:14:33,640 INFO o.a.j.t.JMeterThread: Stopping because end time detected by thread: S2 1-560
2026-10-06 09:14:33,640 INFO o.a.j.t.JMeterThread: Thread finished: S2 1-560
2026-10-06 09:14:33,641 INFO o.a.j.t.JMeterThread: Stopping because end time detected by thread: S2 1-431
2026-10-06 09:14:33,641 INFO o.a.j.t.JMeterThread: Thread finished: S2 1-431
2026-10-06 09:14:33,642 INFO o.a.j.t.JMeterThread: Stopping because end time detected by thread: S2 1-407
2026-10-06 09:14:33,642 INFO o.a.j.t.JMeterThread: Stopping because end time detected by thread: S2 1-416
2026-10-06 09:14:33,642 INFO o.a.j.t.JMeterThread: Thread finished: S2 1-407
2026-10-06 09:14:33,642 INFO o.a.j.t.JMeterThread: Thread finished: S2 1-416
2026-10-06 09:14:33,643 INFO o.a.j.t.JMeterThread: Stopping because end time detected by thread: S2 1-914
2026-10-06 09:14:33,643 INFO o.a.j.t.JMeterThread: Thread finished: S2 1-914
2026-10-06 09:14:33,644 INFO o.a.j.t.JMeterThread: Stopping because end time detected by thread: S2 1-104
2026-10-06 09:14:33,644 INFO o.a.j.t.JMeterThread: Thread finished: S2 1-104
2026-10-06 09:14:33,646 INFO o.a.j.t.JMeterThread: Stopping because end time detected by thread: S2 1-875
2026-10-06 09:14:33,646 INFO o.a.j.t.JMeterThread: Stopping because end time detected by thread: S2 1-48
2026-10-06 09:14:33,646 INFO o.a.j.t.JMeterThread: Thread finished: S2 1-875
2026-10-06 09:14:33,646 INFO o.a.j.t.JMeterThread: Thread finished: S2 1-48
2026-10-06 09:14:33,647 INFO o.a.j.t.JMeterThread: Stopping because end time detected by thread: S2 1-671
2026-10-06 09:14:33,647 INFO o.a.j.t.JMeterThread: Thread finished: S2 1-671
2026-10-06 09:14:33,648 INFO o.a.j.t.JMeterThread: Stopping because end time detected by thread: S2 1-838
2026-10-06 09:14:33,648 INFO o.a.j.t.JMeterThread: Thread finished: S2 1-838
2026-10-06 09:14:33,649 INFO o.a.j.t.JMeterThread: Stopping because end time detected by thread: S2 1-25
2026-10-06 09:14:33,650 INFO o.a.j.t.JMeterThread: Thread finished: S2 1-25
2026-10-06 09:14:33,650 INFO o.a.j.t.JMeterThread: Stopping because end time detected by thread: S2 1-214
2026-10-06 09:14:33,650 INFO o.a.j.t.JMeterThread: Thread finished: S2 1-214
2026-10-06 09:14:33,651 INFO o.a.j.t.JMeterThread: Stopping because end time detected by thread: S2 1-140
2026-10-06 09:14:33,651 INFO o.a.j.t.JMeterThread: Thread finished: S2 1-140
2026-10-06 09:14:33,653 INFO o.a.j.t.JMeterThread: Stopping because end time detected by thread: S2 1-143
2026-10-06 09:14:33,653 INFO o.a.j.t.JMeterThread: Thread finished: S2 1-143
2026-10-06 09:14:33,654 INFO o.a.j.t.JMeterThread: Stopping because end time detected by thread: S2 1-63
2026-10-06 09:14:33,654 INFO o.a.j.t.JMeterThread: Thread finished: S2 1-63
2026-10-06 09:14:33,654 INFO o.a.j.t.JMeterThread: Stopping because end time detected by thread: S2 1-563
2026-10-06 09:14:33,654 INFO o.a.j.t.JMeterThread: Thread finished: S2 1-563
2026-10-06 09:14:33,656 INFO o.a.j.t.JMeterThread: Stopping because end time detected by thread: S2 1-251
2026-10-06 09:14:33,656 INFO o.a.j.t.JMeterThread: Thread finished: S2 1-251
2026-10-06 09:14:33,657 INFO o.a.j.t.JMeterThread: Stopping because end time detected by thread: S2 1-484
2026-10-06 09:14:33,657 INFO o.a.j.t.JMeterThread: Thread finished: S2 1-484
2026-10-06 09:14:33,658 INFO o.a.j.t.JMeterThread: Stopping because end time detected by thread: S2 1-244
2026-10-06 09:14:33,658 INFO o.a.j.t.JMeterThread: Thread finished: S2 1-244
2026-10-06 09:14:33,659 INFO o.a.j.t.JMeterThread: Stopping because end time detected by thread: S2 1-621
2026-10-06 09:14:33,659 INFO o.a.j.t.JMeterThread: Thread finished: S2 1-621
2026-10-06 09:14:33,659 INFO o.a.j.t.JMeterThread: Stopping because end time detected by thread: S2 1-845
2026-10-06 09:14:33,659 INFO o.a.j.t.JMeterThread: Thread finished: S2 1-845
2026-10-06 09:14:33,661 INFO o.a.j.t.JMeterThread: Stopping because end time detected by thread: S2 1-797
2026-10-06 09:14:33,661 INFO o.a.j.t.JMeterThread: Thread finished: S2 1-797
2026-10-06 09:14:33,662 INFO o.a.j.t.JMeterThread: Stopping because end time detected by thread: S2 1-704
2026-10-06 09:14:33,662 INFO o.a.j.t.JMeterThread: Thread finished: S2 1-704
2026-10-06 09:14:33,663 INFO o.a.j.t.JMeterThread: Stopping because end time detected by thread: S2 1-550
2026-10-06 09:14:33,663 INFO o.a.j.t.JMeterThread: Stopping because end time detected by thread: S2 1-302
2026-10-06 09:14:33,663 INFO o.a.j.t.JMeterThread: Thread finished: S2 1-302
2026-10-06 09:14:33,663 INFO o.a.j.t.JMeterThread: Thread finished: S2 1-550
2026-10-06 09:14:33,665 INFO o.a.j.t.JMeterThread: Stopping because end time detected by thread: S2 1-849
2026-10-06 09:14:33,665 INFO o.a.j.t.JMeterThread: Thread finished: S2 1-849
2026-10-06 09:14:33,666 INFO o.a.j.t.JMeterThread: Stopping because end time detected by thread: S2 1-711
2026-10-06 09:14:33,666 INFO o.a.j.t.JMeterThread: Thread finished: S2 1-711
2026-10-06 09:14:33,667 INFO o.a.j.t.JMeterThread: Stopping because end time detected by thread: S2 1-879
2026-10-06 09:14:33,667 INFO o.a.j.t.JMeterThread: Stopping because end time detected by thread: S2 1-172
2026-10-06 09:14:33,667 INFO o.a.j.t.JMeterThread: Thread finished: S2 1-879
2026-10-06 09:14:33,667 INFO o.a.j.t.JMeterThread: Thread finished: S2 1-172
2026-10-06 09:14:33,669 INFO o.a.j.t.JMeterThread: Stopping because end time detected by thread: S2 1-168
2026-10-06 09:14:33,669 INFO o.a.j.t.JMeterThread: Thread finished: S2 1-168
2026-10-06 09:14:33,670 INFO o.a.j.t.JMeterThread: Stopping because end time detected by thread: S2 1-370
2026-10-06 09:14:33,670 INFO o.a.j.t.JMeterThread: Thread finished: S2 1-370
2026-10-06 09:14:33,671 INFO o.a.j.t.JMeterThread: Stopping because end time detected by thread: S2 1-919
2026-10-06 09:14:33,671 INFO o.a.j.t.JMeterThread: Thread finished: S2 1-919
2026-10-06 09:14:33,672 INFO o.a.j.t.JMeterThread: Stopping because end time detected by thread: S2 1-395
2026-10-06 09:14:33,672 INFO o.a.j.t.JMeterThread: Stopping because end time detected by thread: S2 1-706
2026-10-06 09:14:33,672 INFO o.a.j.t.JMeterThread: Thread finished: S2 1-395
2026-10-06 09:14:33,672 INFO o.a.j.t.JMeterThread: Thread finished: S2 1-706
2026-10-06 09:14:33,674 INFO o.a.j.t.JMeterThread: Stopping because end time detected by thread: S2 1-23
2026-10-06 09:14:33,674 INFO o.a.j.t.JMeterThread: Thread finished: S2 1-23
2026-10-06 09:14:33,675 INFO o.a.j.t.JMeterThread: Stopping because end time detected by thread: S2 1-344
2026-10-06 09:14:33,675 INFO o.a.j.t.JMeterThread: Thread finished: S2 1-344
2026-10-06 09:14:33,676 INFO o.a.j.t.JMeterThread: Stopping because end time detected by thread: S2 1-600
2026-10-06 09:14:33,676 INFO o.a.j.t.JMeterThread: Stopping because end time detected by thread: S2 1-926
2026-10-06 09:14:33,676 INFO o.a.j.t.JMeterThread: Thread finished: S2 1-600
2026-10-06 09:14:33,676 INFO o.a.j.t.JMeterThread: Thread finished: S2 1-926
2026-10-06 09:14:33,678 INFO o.a.j.t.JMeterThread: Stopping because end time detected by thread: S2 1-103
2026-10-06 09:14:33,678 INFO o.a.j.t.JMeterThread: Thread finished: S2 1-103
2026-10-06 09:14:33,679 INFO o.a.j.t.JMeterThread: Stopping because end time detected by thread: S2 1-245
2026-10-06 09:14:33,679 INFO o.a.j.t.JMeterThread: Thread finished: S2 1-245
2026-10-06 09:14:33,680 INFO o.a.j.t.JMeterThread: Stopping because end time detected by thread: S2 1-288
2026-10-06 09:14:33,680 INFO o.a.j.t.JMeterThread: Thread finished: S2 1-288
2026-10-06 09:14:33,680 INFO o.a.j.t.JMeterThread: Stopping because end time detected by thread: S2 1-866
2026-10-06 09:14:33,680 INFO o.a.j.t.JMeterThread: Thread finished: S2 1-866
2026-10-06 09:14:33,681 INFO o.a.j.t.JMeterThread: Stopping because end time detected by thread: S2 1-497
2026-10-06 09:14:33,681 INFO o.a.j.t.JMeterThread: Thread finished: S2 1-497
2026-10-06 09:14:33,683 INFO o.a.j.t.JMeterThread: Stopping because end time detected by thread: S2 1-635
2026-10-06 09:14:33,683 INFO o.a.j.t.JMeterThread: Thread finished: S2 1-635
2026-10-06 09:14:33,684 INFO o.a.j.t.JMeterThread: Stopping because end time detected by thread: S2 1-980
2026-10-06 09:14:33,684 INFO o.a.j.t.JMeterThread: Thread finished: S2 1-980
2026-10-06 09:14:33,685 INFO o.a.j.t.JMeterThread: Stopping because end time detected by thread: S2 1-998
2026-10-06 09:14:33,685 INFO o.a.j.t.JMeterThread: Stopping because end time detected by thread: S2 1-754
2026-10-06 09:14:33,685 INFO o.a.j.t.JMeterThread: Thread finished: S2 1-998
2026-10-06 09:14:33,685 INFO o.a.j.t.JMeterThread: Thread finished: S2 1-754
2026-10-06 09:14:33,686 INFO o.a.j.t.JMeterThread: Stopping because end time detected by thread: S2 1-122
2026-10-06 09:14:33,686 INFO o.a.j.t.JMeterThread: Thread finished: S2 1-122
2026-10-06 09:14:33,687 INFO o.a.j.t.JMeterThread: Stopping because end time detected by thread: S2 1-321
2026-10-06 09:14:33,688 INFO o.a.j.t.JMeterThread: Thread finished: S2 1-321
2026-10-06 09:14:33,689 INFO o.a.j.t.JMeterThread: Stopping because end time detected by thread: S2 1-581
2026-10-06 09:14:33,689 INFO o.a.j.t.JMeterThread: Thread finished: S2 1-581
2026-10-06 09:14:33,690 INFO o.a.j.t.JMeterThread: Stopping because end time detected by thread: S2 1-844
2026-10-06 09:14:33,690 INFO o.a.j.t.JMeterThread: Stopping because end time detected by thread: S2 1-53
2026-10-06 09:14:33,690 INFO o.a.j.t.JMeterThread: Thread finished: S2 1-844
2026-10-06 09:14:33,690 INFO o.a.j.t.JMeterThread: Thread finished: S2 1-53
2026-10-06 09:14:33,691 INFO o.a.j.t.JMeterThread: Stopping because end time detected by thread: S2 1-205
2026-10-06 09:14:33,691 INFO o.a.j.t.JMeterThread: Thread finished: S2 1-205
2026-10-06 09:14:33,692 INFO o.a.j.t.JMeterThread: Stopping because end time detected by thread: S2 1-13
2026-10-06 09:14:33,692 INFO o.a.j.t.JMeterThread: Thread finished: S2 1-13
2026-10-06 09:14:33,694 INFO o.a.j.t.JMeterThread: Stopping because end time detected by thread: S2 1-80
2026-10-06 09:14:33,694 INFO o.a.j.t.JMeterThread: Stopping because end time detected by thread: S2 1-918
2026-10-06 09:14:33,694 INFO o.a.j.t.JMeterThread: Thread finished: S2 1-80
2026-10-06 09:14:33,694 INFO o.a.j.t.JMeterThread: Thread finished: S2 1-918
2026-10-06 09:14:33,695 INFO o.a.j.t.JMeterThread: Stopping because end time detected by thread: S2 1-59
2026-10-06 09:14:33,695 INFO o.a.j.t.JMeterThread: Thread finished: S2 1-59
2026-10-06 09:14:33,697 INFO o.a.j.t.JMeterThread: Stopping because end time detected by thread: S2 1-915
2026-10-06 09:14:33,697 INFO o.a.j.t.JMeterThread: Thread finished: S2 1-915
2026-10-06 09:14:33,698 INFO o.a.j.t.JMeterThread: Stopping because end time detected by thread: S2 1-791
2026-10-06 09:14:33,698 INFO o.a.j.t.JMeterThread: Stopping because end time detected by thread: S2 1-75
2026-10-06 09:14:33,698 INFO o.a.j.t.JMeterThread: Thread finished: S2 1-791
2026-10-06 09:14:33,698 INFO o.a.j.t.JMeterThread: Thread finished: S2 1-75
2026-10-06 09:14:33,699 INFO o.a.j.t.JMeterThread: Stopping because end time detected by thread: S2 1-867
2026-10-06 09:14:33,699 INFO o.a.j.t.JMeterThread: Thread finished: S2 1-867
2026-10-06 09:14:33,700 INFO o.a.j.t.JMeterThread: Stopping because end time detected by thread: S2 1-700
2026-10-06 09:14:33,700 INFO o.a.j.t.JMeterThread: Thread finished: S2 1-700
2026-10-06 09:14:33,701 INFO o.a.j.t.JMeterThread: Stopping because end time detected by thread: S2 1-102
2026-10-06 09:14:33,701 INFO o.a.j.t.JMeterThread: Thread finished: S2 1-102
2026-10-06 09:14:33,702 INFO o.a.j.t.JMeterThread: Stopping because end time detected by thread: S2 1-562
2026-10-06 09:14:33,702 INFO o.a.j.t.JMeterThread: Thread finished: S2 1-562
2026-10-06 09:14:33,703 INFO o.a.j.t.JMeterThread: Stopping because end time detected by thread: S2 1-862
2026-10-06 09:14:33,703 INFO o.a.j.t.JMeterThread: Thread finished: S2 1-862
2026-10-06 09:14:33,704 INFO o.a.j.t.JMeterThread: Stopping because end time detected by thread: S2 1-469
2026-10-06 09:14:33,704 INFO o.a.j.t.JMeterThread: Thread finished: S2 1-469
2026-10-06 09:14:33,705 INFO o.a.j.t.JMeterThread: Stopping because end time detected by thread: S2 1-430
2026-10-06 09:14:33,705 INFO o.a.j.t.JMeterThread: Stopping because end time detected by thread: S2 1-519
2026-10-06 09:14:33,705 INFO o.a.j.t.JMeterThread: Thread finished: S2 1-430
2026-10-06 09:14:33,705 INFO o.a.j.t.JMeterThread: Thread finished: S2 1-519
2026-10-06 09:14:33,706 INFO o.a.j.t.JMeterThread: Stopping because end time detected by thread: S2 1-761
2026-10-06 09:14:33,706 INFO o.a.j.t.JMeterThread: Thread finished: S2 1-761
2026-10-06 09:14:33,708 INFO o.a.j.t.JMeterThread: Stopping because end time detected by thread: S2 1-260
2026-10-06 09:14:33,708 INFO o.a.j.t.JMeterThread: Thread finished: S2 1-260
2026-10-06 09:14:33,709 INFO o.a.j.t.JMeterThread: Stopping because end time detected by thread: S2 1-374
2026-10-06 09:14:33,709 INFO o.a.j.t.JMeterThread: Stopping because end time detected by thread: S2 1-385
2026-10-06 09:14:33,709 INFO o.a.j.t.JMeterThread: Thread finished: S2 1-374
2026-10-06 09:14:33,709 INFO o.a.j.t.JMeterThread: Thread finished: S2 1-385
2026-10-06 09:14:33,710 INFO o.a.j.t.JMeterThread: Stopping because end time detected by thread: S2 1-238
2026-10-06 09:14:33,710 INFO o.a.j.t.JMeterThread: Thread finished: S2 1-238
2026-10-06 09:14:33,711 INFO o.a.j.t.JMeterThread: Stopping because end time detected by thread: S2 1-503
2026-10-06 09:14:33,711 INFO o.a.j.t.JMeterThread: Thread finished: S2 1-503
2026-10-06 09:14:33,713 INFO o.a.j.t.JMeterThread: Stopping because end time detected by thread: S2 1-606
2026-10-06 09:14:33,713 INFO o.a.j.t.JMeterThread: Stopping because end time detected by thread: S2 1-570
2026-10-06 09:14:33,713 INFO o.a.j.t.JMeterThread: Thread finished: S2 1-606
2026-10-06 09:14:33,713 INFO o.a.j.t.JMeterThread: Thread finished: S2 1-570
2026-10-06 09:14:33,714 INFO o.a.j.t.JMeterThread: Stopping because end time detected by thread: S2 1-789
2026-10-06 09:14:33,714 INFO o.a.j.t.JMeterThread: Thread finished: S2 1-789
2026-10-06 09:14:33,715 INFO o.a.j.t.JMeterThread: Stopping because end time detected by thread: S2 1-938
2026-10-06 09:14:33,715 INFO o.a.j.t.JMeterThread: Thread finished: S2 1-938
2026-10-06 09:14:33,716 INFO o.a.j.t.JMeterThread: Stopping because end time detected by thread: S2 1-217
2026-10-06 09:14:33,717 INFO o.a.j.t.JMeterThread: Stopping because end time detected by thread: S2 1-794
2026-10-06 09:14:33,717 INFO o.a.j.t.JMeterThread: Thread finished: S2 1-217
2026-10-06 09:14:33,717 INFO o.a.j.t.JMeterThread: Thread finished: S2 1-794
2026-10-06 09:14:33,718 INFO o.a.j.t.JMeterThread: Stopping because end time detected by thread: S2 1-930
2026-10-06 09:14:33,718 INFO o.a.j.t.JMeterThread: Thread finished: S2 1-930
2026-10-06 09:14:33,719 INFO o.a.j.t.JMeterThread: Stopping because end time detected by thread: S2 1-686
2026-10-06 09:14:33,719 INFO o.a.j.t.JMeterThread: Thread finished: S2 1-686
2026-10-06 09:14:33,720 INFO o.a.j.t.JMeterThread: Stopping because end time detected by thread: S2 1-691
2026-10-06 09:14:33,720 INFO o.a.j.t.JMeterThread: Stopping because end time detected by thread: S2 1-870
2026-10-06 09:14:33,721 INFO o.a.j.t.JMeterThread: Thread finished: S2 1-691
2026-10-06 09:14:33,721 INFO o.a.j.t.JMeterThread: Thread finished: S2 1-870
2026-10-06 09:14:33,722 INFO o.a.j.t.JMeterThread: Stopping because end time detected by thread: S2 1-555
2026-10-06 09:14:33,722 INFO o.a.j.t.JMeterThread: Thread finished: S2 1-555
2026-10-06 09:14:33,723 INFO o.a.j.t.JMeterThread: Stopping because end time detected by thread: S2 1-129
2026-10-06 09:14:33,723 INFO o.a.j.t.JMeterThread: Thread finished: S2 1-129
2026-10-06 09:14:33,725 INFO o.a.j.t.JMeterThread: Stopping because end time detected by thread: S2 1-356
2026-10-06 09:14:33,725 INFO o.a.j.t.JMeterThread: Thread finished: S2 1-356
2026-10-06 09:14:33,725 INFO o.a.j.t.JMeterThread: Stopping because end time detected by thread: S2 1-506
2026-10-06 09:14:33,725 INFO o.a.j.t.JMeterThread: Thread finished: S2 1-506
2026-10-06 09:14:33,726 INFO o.a.j.t.JMeterThread: Stopping because end time detected by thread: S2 1-873
2026-10-06 09:14:33,726 INFO o.a.j.t.JMeterThread: Thread finished: S2 1-873
2026-10-06 09:14:33,727 INFO o.a.j.t.JMeterThread: Stopping because end time detected by thread: S2 1-515
2026-10-06 09:14:33,727 INFO o.a.j.t.JMeterThread: Thread finished: S2 1-515
2026-10-06 09:14:33,728 INFO o.a.j.t.JMeterThread: Stopping because end time detected by thread: S2 1-181
2026-10-06 09:14:33,728 INFO o.a.j.t.JMeterThread: Thread finished: S2 1-181
2026-10-06 09:14:33,728 INFO o.a.j.t.JMeterThread: Stopping because end time detected by thread: S2 1-184
2026-10-06 09:14:33,728 INFO o.a.j.t.JMeterThread: Thread finished: S2 1-184
2026-10-06 09:14:33,730 INFO o.a.j.t.JMeterThread: Stopping because end time detected by thread: S2 1-165
2026-10-06 09:14:33,730 INFO o.a.j.t.JMeterThread: Thread finished: S2 1-165
2026-10-06 09:14:33,731 INFO o.a.j.t.JMeterThread: Stopping because end time detected by thread: S2 1-804
2026-10-06 09:14:33,731 INFO o.a.j.t.JMeterThread: Thread finished: S2 1-804
2026-10-06 09:14:33,733 INFO o.a.j.t.JMeterThread: Stopping because end time detected by thread: S2 1-527
2026-10-06 09:14:33,733 INFO o.a.j.t.JMeterThread: Stopping because end time detected by thread: S2 1-677
2026-10-06 09:14:33,733 INFO o.a.j.t.JMeterThread: Thread finished: S2 1-527
2026-10-06 09:14:33,733 INFO o.a.j.t.JMeterThread: Thread finished: S2 1-677
2026-10-06 09:14:33,734 INFO o.a.j.t.JMeterThread: Stopping because end time detected by thread: S2 1-269
2026-10-06 09:14:33,734 INFO o.a.j.t.JMeterThread: Thread finished: S2 1-269
2026-10-06 09:14:33,735 INFO o.a.j.t.JMeterThread: Stopping because end time detected by thread: S2 1-525
2026-10-06 09:14:33,735 INFO o.a.j.t.JMeterThread: Thread finished: S2 1-525
2026-10-06 09:14:33,737 INFO o.a.j.t.JMeterThread: Stopping because end time detected by thread: S2 1-813
2026-10-06 09:14:33,737 INFO o.a.j.t.JMeterThread: Stopping because end time detected by thread: S2 1-758
2026-10-06 09:14:33,737 INFO o.a.j.t.JMeterThread: Thread finished: S2 1-813
2026-10-06 09:14:33,737 INFO o.a.j.t.JMeterThread: Thread finished: S2 1-758
2026-10-06 09:14:33,738 INFO o.a.j.t.JMeterThread: Stopping because end time detected by thread: S2 1-432
2026-10-06 09:14:33,738 INFO o.a.j.t.JMeterThread: Thread finished: S2 1-432
2026-10-06 09:14:33,739 INFO o.a.j.t.JMeterThread: Stopping because end time detected by thread: S2 1-795
2026-10-06 09:14:33,739 INFO o.a.j.t.JMeterThread: Thread finished: S2 1-795
2026-10-06 09:14:33,740 INFO o.a.j.t.JMeterThread: Stopping because end time detected by thread: S2 1-846
2026-10-06 09:14:33,740 INFO o.a.j.t.JMeterThread: Stopping because end time detected by thread: S2 1-943
2026-10-06 09:14:33,740 INFO o.a.j.t.JMeterThread: Thread finished: S2 1-846
2026-10-06 09:14:33,740 INFO o.a.j.t.JMeterThread: Thread finished: S2 1-943
2026-10-06 09:14:33,746 INFO o.a.j.t.JMeterThread: Stopping because end time detected by thread: S2 1-852
2026-10-06 09:14:33,746 INFO o.a.j.t.JMeterThread: Thread finished: S2 1-852
2026-10-06 09:14:33,748 INFO o.a.j.t.JMeterThread: Stopping because end time detected by thread: S2 1-778
2026-10-06 09:14:33,748 INFO o.a.j.t.JMeterThread: Stopping because end time detected by thread: S2 1-848
2026-10-06 09:14:33,748 INFO o.a.j.t.JMeterThread: Stopping because end time detected by thread: S2 1-898
2026-10-06 09:14:33,748 INFO o.a.j.t.JMeterThread: Thread finished: S2 1-778
2026-10-06 09:14:33,748 INFO o.a.j.t.JMeterThread: Thread finished: S2 1-898
2026-10-06 09:14:33,748 INFO o.a.j.t.JMeterThread: Thread finished: S2 1-848
2026-10-06 09:14:33,750 INFO o.a.j.t.JMeterThread: Stopping because end time detected by thread: S2 1-39
2026-10-06 09:14:33,750 INFO o.a.j.t.JMeterThread: Thread finished: S2 1-39
2026-10-06 09:14:33,751 INFO o.a.j.t.JMeterThread: Stopping because end time detected by thread: S2 1-768
2026-10-06 09:14:33,751 INFO o.a.j.t.JMeterThread: Stopping because end time detected by thread: S2 1-546
2026-10-06 09:14:33,751 INFO o.a.j.t.JMeterThread: Thread finished: S2 1-768
2026-10-06 09:14:33,751 INFO o.a.j.t.JMeterThread: Stopping because end time detected by thread: S2 1-462
2026-10-06 09:14:33,751 INFO o.a.j.t.JMeterThread: Thread finished: S2 1-546
2026-10-06 09:14:33,751 INFO o.a.j.t.JMeterThread: Thread finished: S2 1-462
2026-10-06 09:14:33,753 INFO o.a.j.t.JMeterThread: Stopping because end time detected by thread: S2 1-676
2026-10-06 09:14:33,753 INFO o.a.j.t.JMeterThread: Thread finished: S2 1-676
2026-10-06 09:14:33,755 INFO o.a.j.t.JMeterThread: Stopping because end time detected by thread: S2 1-368
2026-10-06 09:14:33,755 INFO o.a.j.t.JMeterThread: Thread finished: S2 1-368
2026-10-06 09:14:33,756 INFO o.a.j.t.JMeterThread: Stopping because end time detected by thread: S2 1-7
2026-10-06 09:14:33,756 INFO o.a.j.t.JMeterThread: Stopping because end time detected by thread: S2 1-171
2026-10-06 09:14:33,756 INFO o.a.j.t.JMeterThread: Thread finished: S2 1-7
2026-10-06 09:14:33,756 INFO o.a.j.t.JMeterThread: Thread finished: S2 1-171
2026-10-06 09:14:33,757 INFO o.a.j.t.JMeterThread: Stopping because end time detected by thread: S2 1-680
2026-10-06 09:14:33,757 INFO o.a.j.t.JMeterThread: Thread finished: S2 1-680
2026-10-06 09:14:33,758 INFO o.a.j.t.JMeterThread: Stopping because end time detected by thread: S2 1-342
2026-10-06 09:14:33,758 INFO o.a.j.t.JMeterThread: Thread finished: S2 1-342
2026-10-06 09:14:33,760 INFO o.a.j.t.JMeterThread: Stopping because end time detected by thread: S2 1-259
2026-10-06 09:14:33,760 INFO o.a.j.t.JMeterThread: Thread finished: S2 1-259
2026-10-06 09:14:33,760 INFO o.a.j.t.JMeterThread: Stopping because end time detected by thread: S2 1-987
2026-10-06 09:14:33,760 INFO o.a.j.t.JMeterThread: Thread finished: S2 1-987
2026-10-06 09:14:33,761 INFO o.a.j.t.JMeterThread: Stopping because end time detected by thread: S2 1-212
2026-10-06 09:14:33,761 INFO o.a.j.t.JMeterThread: Thread finished: S2 1-212
2026-10-06 09:14:33,762 INFO o.a.j.t.JMeterThread: Stopping because end time detected by thread: S2 1-989
2026-10-06 09:14:33,762 INFO o.a.j.t.JMeterThread: Thread finished: S2 1-989
2026-10-06 09:14:33,763 INFO o.a.j.t.JMeterThread: Stopping because end time detected by thread: S2 1-886
2026-10-06 09:14:33,763 INFO o.a.j.t.JMeterThread: Stopping because end time detected by thread: S2 1-853
2026-10-06 09:14:33,763 INFO o.a.j.t.JMeterThread: Thread finished: S2 1-886
2026-10-06 09:14:33,763 INFO o.a.j.t.JMeterThread: Thread finished: S2 1-853
2026-10-06 09:14:33,765 INFO o.a.j.t.JMeterThread: Stopping because end time detected by thread: S2 1-144
2026-10-06 09:14:33,765 INFO o.a.j.t.JMeterThread: Thread finished: S2 1-144
2026-10-06 09:14:33,766 INFO o.a.j.t.JMeterThread: Stopping because end time detected by thread: S2 1-154
2026-10-06 09:14:33,766 INFO o.a.j.t.JMeterThread: Thread finished: S2 1-154
2026-10-06 09:14:33,768 INFO o.a.j.t.JMeterThread: Stopping because end time detected by thread: S2 1-694
2026-10-06 09:14:33,768 INFO o.a.j.t.JMeterThread: Stopping because end time detected by thread: S2 1-715
2026-10-06 09:14:33,768 INFO o.a.j.t.JMeterThread: Thread finished: S2 1-694
2026-10-06 09:14:33,768 INFO o.a.j.t.JMeterThread: Thread finished: S2 1-715
2026-10-06 09:14:33,769 INFO o.a.j.t.JMeterThread: Stopping because end time detected by thread: S2 1-756
2026-10-06 09:14:33,769 INFO o.a.j.t.JMeterThread: Thread finished: S2 1-756
2026-10-06 09:14:33,771 INFO o.a.j.t.JMeterThread: Stopping because end time detected by thread: S2 1-16
2026-10-06 09:14:33,771 INFO o.a.j.t.JMeterThread: Thread finished: S2 1-16
2026-10-06 09:14:33,772 INFO o.a.j.t.JMeterThread: Stopping because end time detected by thread: S2 1-773
2026-10-06 09:14:33,772 INFO o.a.j.t.JMeterThread: Stopping because end time detected by thread: S2 1-96
2026-10-06 09:14:33,772 INFO o.a.j.t.JMeterThread: Thread finished: S2 1-773
2026-10-06 09:14:33,772 INFO o.a.j.t.JMeterThread: Thread finished: S2 1-96
2026-10-06 09:14:33,773 INFO o.a.j.t.JMeterThread: Stopping because end time detected by thread: S2 1-47
2026-10-06 09:14:33,773 INFO o.a.j.t.JMeterThread: Thread finished: S2 1-47
2026-10-06 09:14:33,774 INFO o.a.j.t.JMeterThread: Stopping because end time detected by thread: S2 1-332
2026-10-06 09:14:33,774 INFO o.a.j.t.JMeterThread: Thread finished: S2 1-332
2026-10-06 09:14:33,776 INFO o.a.j.t.JMeterThread: Stopping because end time detected by thread: S2 1-73
2026-10-06 09:14:33,776 INFO o.a.j.t.JMeterThread: Stopping because end time detected by thread: S2 1-610
2026-10-06 09:14:33,776 INFO o.a.j.t.JMeterThread: Thread finished: S2 1-73
2026-10-06 09:14:33,776 INFO o.a.j.t.JMeterThread: Thread finished: S2 1-610
2026-10-06 09:14:33,777 INFO o.a.j.t.JMeterThread: Stopping because end time detected by thread: S2 1-995
2026-10-06 09:14:33,777 INFO o.a.j.t.JMeterThread: Thread finished: S2 1-995
2026-10-06 09:14:33,778 INFO o.a.j.t.JMeterThread: Stopping because end time detected by thread: S2 1-415
2026-10-06 09:14:33,778 INFO o.a.j.t.JMeterThread: Thread finished: S2 1-415
2026-10-06 09:14:33,780 INFO o.a.j.t.JMeterThread: Stopping because end time detected by thread: S2 1-575
2026-10-06 09:14:33,781 INFO o.a.j.t.JMeterThread: Stopping because end time detected by thread: S2 1-166
2026-10-06 09:14:33,781 INFO o.a.j.t.JMeterThread: Thread finished: S2 1-575
2026-10-06 09:14:33,781 INFO o.a.j.t.JMeterThread: Thread finished: S2 1-166
2026-10-06 09:14:33,782 INFO o.a.j.t.JMeterThread: Stopping because end time detected by thread: S2 1-684
2026-10-06 09:14:33,782 INFO o.a.j.t.JMeterThread: Thread finished: S2 1-684
2026-10-06 09:14:33,783 INFO o.a.j.t.JMeterThread: Stopping because end time detected by thread: S2 1-817
2026-10-06 09:14:33,783 INFO o.a.j.t.JMeterThread: Thread finished: S2 1-817
2026-10-06 09:14:33,784 INFO o.a.j.t.JMeterThread: Stopping because end time detected by thread: S2 1-450
2026-10-06 09:14:33,784 INFO o.a.j.t.JMeterThread: Thread finished: S2 1-450
2026-10-06 09:14:33,784 INFO o.a.j.t.JMeterThread: Stopping because end time detected by thread: S2 1-850
2026-10-06 09:14:33,784 INFO o.a.j.t.JMeterThread: Thread finished: S2 1-850
2026-10-06 09:14:33,786 INFO o.a.j.t.JMeterThread: Stopping because end time detected by thread: S2 1-544
2026-10-06 09:14:33,786 INFO o.a.j.t.JMeterThread: Thread finished: S2 1-544
2026-10-06 09:14:33,787 INFO o.a.j.t.JMeterThread: Stopping because end time detected by thread: S2 1-175
2026-10-06 09:14:33,787 INFO o.a.j.t.JMeterThread: Thread finished: S2 1-175
2026-10-06 09:14:33,788 INFO o.a.j.t.JMeterThread: Stopping because end time detected by thread: S2 1-923
2026-10-06 09:14:33,788 INFO o.a.j.t.JMeterThread: Thread finished: S2 1-923
2026-10-06 09:14:33,789 INFO o.a.j.t.JMeterThread: Stopping because end time detected by thread: S2 1-459
2026-10-06 09:14:33,789 INFO o.a.j.t.JMeterThread: Stopping because end time detected by thread: S2 1-770
2026-10-06 09:14:33,789 INFO o.a.j.t.JMeterThread: Thread finished: S2 1-459
2026-10-06 09:14:33,789 INFO o.a.j.t.JMeterThread: Thread finished: S2 1-770
2026-10-06 09:14:33,790 INFO o.a.j.t.JMeterThread: Stopping because end time detected by thread: S2 1-733
2026-10-06 09:14:33,790 INFO o.a.j.t.JMeterThread: Thread finished: S2 1-733
2026-10-06 09:14:33,792 INFO o.a.j.t.JMeterThread: Stopping because end time detected by thread: S2 1-501
2026-10-06 09:14:33,792 INFO o.a.j.t.JMeterThread: Thread finished: S2 1-501
2026-10-06 09:14:33,793 INFO o.a.j.t.JMeterThread: Stopping because end time detected by thread: S2 1-463
2026-10-06 09:14:33,793 INFO o.a.j.t.JMeterThread: Thread finished: S2 1-463
2026-10-06 09:14:33,793 INFO o.a.j.t.JMeterThread: Stopping because end time detected by thread: S2 1-941
2026-10-06 09:14:33,793 INFO o.a.j.t.JMeterThread: Thread finished: S2 1-941
2026-10-06 09:14:33,794 INFO o.a.j.t.JMeterThread: Stopping because end time detected by thread: S2 1-296
2026-10-06 09:14:33,794 INFO o.a.j.t.JMeterThread: Thread finished: S2 1-296
2026-10-06 09:14:33,795 INFO o.a.j.t.JMeterThread: Stopping because end time detected by thread: S2 1-618
2026-10-06 09:14:33,795 INFO o.a.j.t.JMeterThread: Thread finished: S2 1-618
2026-10-06 09:14:33,796 INFO o.a.j.t.JMeterThread: Stopping because end time detected by thread: S2 1-390
2026-10-06 09:14:33,796 INFO o.a.j.t.JMeterThread: Stopping because end time detected by thread: S2 1-608
2026-10-06 09:14:33,796 INFO o.a.j.t.JMeterThread: Thread finished: S2 1-390
2026-10-06 09:14:33,797 INFO o.a.j.t.JMeterThread: Thread finished: S2 1-608
2026-10-06 09:14:33,798 INFO o.a.j.t.JMeterThread: Stopping because end time detected by thread: S2 1-397
2026-10-06 09:14:33,798 INFO o.a.j.t.JMeterThread: Thread finished: S2 1-397
2026-10-06 09:14:33,799 INFO o.a.j.t.JMeterThread: Stopping because end time detected by thread: S2 1-771
2026-10-06 09:14:33,799 INFO o.a.j.t.JMeterThread: Thread finished: S2 1-771
2026-10-06 09:14:33,801 INFO o.a.j.t.JMeterThread: Stopping because end time detected by thread: S2 1-505
2026-10-06 09:14:33,801 INFO o.a.j.t.JMeterThread: Stopping because end time detected by thread: S2 1-91
2026-10-06 09:14:33,801 INFO o.a.j.t.JMeterThread: Thread finished: S2 1-505
2026-10-06 09:14:33,801 INFO o.a.j.t.JMeterThread: Thread finished: S2 1-91
2026-10-06 09:14:33,802 INFO o.a.j.t.JMeterThread: Stopping because end time detected by thread: S2 1-719
2026-10-06 09:14:33,802 INFO o.a.j.t.JMeterThread: Thread finished: S2 1-719
2026-10-06 09:14:33,803 INFO o.a.j.t.JMeterThread: Stopping because end time detected by thread: S2 1-219
2026-10-06 09:14:33,803 INFO o.a.j.t.JMeterThread: Thread finished: S2 1-219
2026-10-06 09:14:33,804 INFO o.a.j.t.JMeterThread: Stopping because end time detected by thread: S2 1-517
2026-10-06 09:14:33,804 INFO o.a.j.t.JMeterThread: Stopping because end time detected by thread: S2 1-991
2026-10-06 09:14:33,804 INFO o.a.j.t.JMeterThread: Thread finished: S2 1-517
2026-10-06 09:14:33,805 INFO o.a.j.t.JMeterThread: Thread finished: S2 1-991
2026-10-06 09:14:33,806 INFO o.a.j.t.JMeterThread: Stopping because end time detected by thread: S2 1-68
2026-10-06 09:14:33,806 INFO o.a.j.t.JMeterThread: Thread finished: S2 1-68
2026-10-06 09:14:33,807 INFO o.a.j.t.JMeterThread: Stopping because end time detected by thread: S2 1-308
2026-10-06 09:14:33,807 INFO o.a.j.t.JMeterThread: Thread finished: S2 1-308
2026-10-06 09:14:33,808 INFO o.a.j.t.JMeterThread: Stopping because end time detected by thread: S2 1-514
2026-10-06 09:14:33,808 INFO o.a.j.t.JMeterThread: Thread finished: S2 1-514
2026-10-06 09:14:33,808 INFO o.a.j.t.JMeterThread: Stopping because end time detected by thread: S2 1-799
2026-10-06 09:14:33,808 INFO o.a.j.t.JMeterThread: Thread finished: S2 1-799
2026-10-06 09:14:33,809 INFO o.a.j.t.JMeterThread: Stopping because end time detected by thread: S2 1-652
2026-10-06 09:14:33,809 INFO o.a.j.t.JMeterThread: Thread finished: S2 1-652
2026-10-06 09:14:33,811 INFO o.a.j.t.JMeterThread: Stopping because end time detected by thread: S2 1-27
2026-10-06 09:14:33,811 INFO o.a.j.t.JMeterThread: Thread finished: S2 1-27
2026-10-06 09:14:33,813 INFO o.a.j.t.JMeterThread: Stopping because end time detected by thread: S2 1-98
2026-10-06 09:14:33,813 INFO o.a.j.t.JMeterThread: Stopping because end time detected by thread: S2 1-34
2026-10-06 09:14:33,813 INFO o.a.j.t.JMeterThread: Thread finished: S2 1-98
2026-10-06 09:14:33,813 INFO o.a.j.t.JMeterThread: Thread finished: S2 1-34
2026-10-06 09:14:33,814 INFO o.a.j.t.JMeterThread: Stopping because end time detected by thread: S2 1-230
2026-10-06 09:14:33,814 INFO o.a.j.t.JMeterThread: Thread finished: S2 1-230
2026-10-06 09:14:33,815 INFO o.a.j.t.JMeterThread: Stopping because end time detected by thread: S2 1-359
2026-10-06 09:14:33,815 INFO o.a.j.t.JMeterThread: Thread finished: S2 1-359
2026-10-06 09:14:33,816 INFO o.a.j.t.JMeterThread: Stopping because end time detected by thread: S2 1-927
2026-10-06 09:14:33,816 INFO o.a.j.t.JMeterThread: Stopping because end time detected by thread: S2 1-760
2026-10-06 09:14:33,816 INFO o.a.j.t.JMeterThread: Thread finished: S2 1-927
2026-10-06 09:14:33,816 INFO o.a.j.t.JMeterThread: Thread finished: S2 1-760
2026-10-06 09:14:33,818 INFO o.a.j.t.JMeterThread: Stopping because end time detected by thread: S2 1-100
2026-10-06 09:14:33,818 INFO o.a.j.t.JMeterThread: Thread finished: S2 1-100
2026-10-06 09:14:33,819 INFO o.a.j.t.JMeterThread: Stopping because end time detected by thread: S2 1-275
2026-10-06 09:14:33,819 INFO o.a.j.t.JMeterThread: Thread finished: S2 1-275
2026-10-06 09:14:33,820 INFO o.a.j.t.JMeterThread: Stopping because end time detected by thread: S2 1-856
2026-10-06 09:14:33,820 INFO o.a.j.t.JMeterThread: Thread finished: S2 1-856
2026-10-06 09:14:33,820 INFO o.a.j.t.JMeterThread: Stopping because end time detected by thread: S2 1-649
2026-10-06 09:14:33,820 INFO o.a.j.t.JMeterThread: Thread finished: S2 1-649
2026-10-06 09:14:33,821 INFO o.a.j.t.JMeterThread: Stopping because end time detected by thread: S2 1-386
2026-10-06 09:14:33,821 INFO o.a.j.t.JMeterThread: Thread finished: S2 1-386
2026-10-06 09:14:33,823 INFO o.a.j.t.JMeterThread: Stopping because end time detected by thread: S2 1-854
2026-10-06 09:14:33,823 INFO o.a.j.t.JMeterThread: Thread finished: S2 1-854
2026-10-06 09:14:33,824 INFO o.a.j.t.JMeterThread: Stopping because end time detected by thread: S2 1-910
2026-10-06 09:14:33,824 INFO o.a.j.t.JMeterThread: Thread finished: S2 1-910
2026-10-06 09:14:33,824 INFO o.a.j.t.JMeterThread: Stopping because end time detected by thread: S2 1-785
2026-10-06 09:14:33,824 INFO o.a.j.t.JMeterThread: Thread finished: S2 1-785
2026-10-06 09:14:33,825 INFO o.a.j.t.JMeterThread: Stopping because end time detected by thread: S2 1-917
2026-10-06 09:14:33,825 INFO o.a.j.t.JMeterThread: Thread finished: S2 1-917
2026-10-06 09:14:33,826 INFO o.a.j.t.JMeterThread: Stopping because end time detected by thread: S2 1-574
2026-10-06 09:14:33,826 INFO o.a.j.t.JMeterThread: Thread finished: S2 1-574
2026-10-06 09:14:33,828 INFO o.a.j.t.JMeterThread: Stopping because end time detected by thread: S2 1-371
2026-10-06 09:14:33,828 INFO o.a.j.t.JMeterThread: Thread finished: S2 1-371
2026-10-06 09:14:33,828 INFO o.a.j.t.JMeterThread: Stopping because end time detected by thread: S2 1-1000
2026-10-06 09:14:33,828 INFO o.a.j.t.JMeterThread: Thread finished: S2 1-1000
2026-10-06 09:14:33,829 INFO o.a.j.t.JMeterThread: Stopping because end time detected by thread: S2 1-55
2026-10-06 09:14:33,829 INFO o.a.j.t.JMeterThread: Thread finished: S2 1-55
2026-10-06 09:14:33,830 INFO o.a.j.t.JMeterThread: Stopping because end time detected by thread: S2 1-688
2026-10-06 09:14:33,831 INFO o.a.j.t.JMeterThread: Thread finished: S2 1-688
2026-10-06 09:14:33,832 INFO o.a.j.t.JMeterThread: Stopping because end time detected by thread: S2 1-643
2026-10-06 09:14:33,832 INFO o.a.j.t.JMeterThread: Stopping because end time detected by thread: S2 1-473
2026-10-06 09:14:33,832 INFO o.a.j.t.JMeterThread: Thread finished: S2 1-643
2026-10-06 09:14:33,832 INFO o.a.j.t.JMeterThread: Thread finished: S2 1-473
2026-10-06 09:14:33,833 INFO o.a.j.t.JMeterThread: Stopping because end time detected by thread: S2 1-20
2026-10-06 09:14:33,833 INFO o.a.j.t.JMeterThread: Thread finished: S2 1-20
2026-10-06 09:14:33,834 INFO o.a.j.t.JMeterThread: Stopping because end time detected by thread: S2 1-349
2026-10-06 09:14:33,834 INFO o.a.j.t.JMeterThread: Thread finished: S2 1-349
2026-10-06 09:14:33,836 INFO o.a.j.t.JMeterThread: Stopping because end time detected by thread: S2 1-623
2026-10-06 09:14:33,836 INFO o.a.j.t.JMeterThread: Stopping because end time detected by thread: S2 1-196
2026-10-06 09:14:33,836 INFO o.a.j.t.JMeterThread: Thread finished: S2 1-623
2026-10-06 09:14:33,836 INFO o.a.j.t.JMeterThread: Thread finished: S2 1-196
2026-10-06 09:14:33,837 INFO o.a.j.t.JMeterThread: Stopping because end time detected by thread: S2 1-921
2026-10-06 09:14:33,837 INFO o.a.j.t.JMeterThread: Thread finished: S2 1-921
2026-10-06 09:14:33,838 INFO o.a.j.t.JMeterThread: Stopping because end time detected by thread: S2 1-612
2026-10-06 09:14:33,838 INFO o.a.j.t.JMeterThread: Thread finished: S2 1-612
2026-10-06 09:14:33,839 INFO o.a.j.t.JMeterThread: Stopping because end time detected by thread: S2 1-243
2026-10-06 09:14:33,839 INFO o.a.j.t.JMeterThread: Thread finished: S2 1-243
2026-10-06 09:14:33,839 INFO o.a.j.t.JMeterThread: Stopping because end time detected by thread: S2 1-803
2026-10-06 09:14:33,839 INFO o.a.j.t.JMeterThread: Thread finished: S2 1-803
2026-10-06 09:14:33,841 INFO o.a.j.t.JMeterThread: Stopping because end time detected by thread: S2 1-453
2026-10-06 09:14:33,841 INFO o.a.j.t.JMeterThread: Thread finished: S2 1-453
2026-10-06 09:14:33,842 INFO o.a.j.t.JMeterThread: Stopping because end time detected by thread: S2 1-115
2026-10-06 09:14:33,842 INFO o.a.j.t.JMeterThread: Thread finished: S2 1-115
2026-10-06 09:14:33,843 INFO o.a.j.t.JMeterThread: Stopping because end time detected by thread: S2 1-895
2026-10-06 09:14:33,843 INFO o.a.j.t.JMeterThread: Stopping because end time detected by thread: S2 1-223
2026-10-06 09:14:33,843 INFO o.a.j.t.JMeterThread: Thread finished: S2 1-895
2026-10-06 09:14:33,843 INFO o.a.j.t.JMeterThread: Thread finished: S2 1-223
2026-10-06 09:14:33,844 INFO o.a.j.t.JMeterThread: Stopping because end time detected by thread: S2 1-393
2026-10-06 09:14:33,844 INFO o.a.j.t.JMeterThread: Thread finished: S2 1-393
2026-10-06 09:14:33,846 INFO o.a.j.t.JMeterThread: Stopping because end time detected by thread: S2 1-411
2026-10-06 09:14:33,846 INFO o.a.j.t.JMeterThread: Thread finished: S2 1-411
2026-10-06 09:14:33,847 INFO o.a.j.t.JMeterThread: Stopping because end time detected by thread: S2 1-721
2026-10-06 09:14:33,847 INFO o.a.j.t.JMeterThread: Stopping because end time detected by thread: S2 1-776
2026-10-06 09:14:33,847 INFO o.a.j.t.JMeterThread: Thread finished: S2 1-721
2026-10-06 09:14:33,847 INFO o.a.j.t.JMeterThread: Thread finished: S2 1-776
2026-10-06 09:14:33,848 INFO o.a.j.t.JMeterThread: Stopping because end time detected by thread: S2 1-883
2026-10-06 09:14:33,848 INFO o.a.j.t.JMeterThread: Thread finished: S2 1-883
2026-10-06 09:14:33,850 INFO o.a.j.t.JMeterThread: Stopping because end time detected by thread: S2 1-114
2026-10-06 09:14:33,850 INFO o.a.j.t.JMeterThread: Thread finished: S2 1-114
2026-10-06 09:14:33,851 INFO o.a.j.t.JMeterThread: Stopping because end time detected by thread: S2 1-887
2026-10-06 09:14:33,851 INFO o.a.j.t.JMeterThread: Thread finished: S2 1-887
2026-10-06 09:14:33,851 INFO o.a.j.t.JMeterThread: Stopping because end time detected by thread: S2 1-167
2026-10-06 09:14:33,851 INFO o.a.j.t.JMeterThread: Thread finished: S2 1-167
2026-10-06 09:14:33,852 INFO o.a.j.t.JMeterThread: Stopping because end time detected by thread: S2 1-661
2026-10-06 09:14:33,852 INFO o.a.j.t.JMeterThread: Thread finished: S2 1-661
2026-10-06 09:14:33,854 INFO o.a.j.t.JMeterThread: Stopping because end time detected by thread: S2 1-241
2026-10-06 09:14:33,854 INFO o.a.j.t.JMeterThread: Thread finished: S2 1-241
2026-10-06 09:14:33,855 INFO o.a.j.t.JMeterThread: Stopping because end time detected by thread: S2 1-690
2026-10-06 09:14:33,855 INFO o.a.j.t.JMeterThread: Stopping because end time detected by thread: S2 1-732
2026-10-06 09:14:33,855 INFO o.a.j.t.JMeterThread: Thread finished: S2 1-690
2026-10-06 09:14:33,855 INFO o.a.j.t.JMeterThread: Thread finished: S2 1-732
2026-10-06 09:14:33,856 INFO o.a.j.t.JMeterThread: Stopping because end time detected by thread: S2 1-881
2026-10-06 09:14:33,856 INFO o.a.j.t.JMeterThread: Thread finished: S2 1-881
2026-10-06 09:14:33,857 INFO o.a.j.t.JMeterThread: Stopping because end time detected by thread: S2 1-216
2026-10-06 09:14:33,857 INFO o.a.j.t.JMeterThread: Thread finished: S2 1-216
2026-10-06 09:14:33,859 INFO o.a.j.t.JMeterThread: Stopping because end time detected by thread: S2 1-725
2026-10-06 09:14:33,859 INFO o.a.j.t.JMeterThread: Stopping because end time detected by thread: S2 1-82
2026-10-06 09:14:33,859 INFO o.a.j.t.JMeterThread: Thread finished: S2 1-725
2026-10-06 09:14:33,859 INFO o.a.j.t.JMeterThread: Thread finished: S2 1-82
2026-10-06 09:14:33,860 INFO o.a.j.t.JMeterThread: Stopping because end time detected by thread: S2 1-454
2026-10-06 09:14:33,860 INFO o.a.j.t.JMeterThread: Thread finished: S2 1-454
2026-10-06 09:14:33,861 INFO o.a.j.t.JMeterThread: Stopping because end time detected by thread: S2 1-442
2026-10-06 09:14:33,861 INFO o.a.j.t.JMeterThread: Thread finished: S2 1-442
2026-10-06 09:14:33,862 INFO o.a.j.t.JMeterThread: Stopping because end time detected by thread: S2 1-766
2026-10-06 09:14:33,862 INFO o.a.j.t.JMeterThread: Stopping because end time detected by thread: S2 1-552
2026-10-06 09:14:33,862 INFO o.a.j.t.JMeterThread: Thread finished: S2 1-766
2026-10-06 09:14:33,862 INFO o.a.j.t.JMeterThread: Thread finished: S2 1-552
2026-10-06 09:14:33,864 INFO o.a.j.t.JMeterThread: Stopping because end time detected by thread: S2 1-276
2026-10-06 09:14:33,864 INFO o.a.j.t.JMeterThread: Thread finished: S2 1-276
2026-10-06 09:14:33,865 INFO o.a.j.t.JMeterThread: Stopping because end time detected by thread: S2 1-58
2026-10-06 09:14:33,865 INFO o.a.j.t.JMeterThread: Thread finished: S2 1-58
2026-10-06 09:14:33,866 INFO o.a.j.t.JMeterThread: Stopping because end time detected by thread: S2 1-141
2026-10-06 09:14:33,866 INFO o.a.j.t.JMeterThread: Thread finished: S2 1-141
2026-10-06 09:14:33,866 INFO o.a.j.t.JMeterThread: Stopping because end time detected by thread: S2 1-151
2026-10-06 09:14:33,866 INFO o.a.j.t.JMeterThread: Thread finished: S2 1-151
2026-10-06 09:14:33,867 INFO o.a.j.t.JMeterThread: Stopping because end time detected by thread: S2 1-945
2026-10-06 09:14:33,867 INFO o.a.j.t.JMeterThread: Thread finished: S2 1-945
2026-10-06 09:14:33,869 INFO o.a.j.t.JMeterThread: Stopping because end time detected by thread: S2 1-858
2026-10-06 09:14:33,869 INFO o.a.j.t.JMeterThread: Thread finished: S2 1-858
2026-10-06 09:14:33,870 INFO o.a.j.t.JMeterThread: Stopping because end time detected by thread: S2 1-417
2026-10-06 09:14:33,870 INFO o.a.j.t.JMeterThread: Thread finished: S2 1-417
2026-10-06 09:14:33,870 INFO o.a.j.t.JMeterThread: Stopping because end time detected by thread: S2 1-460
2026-10-06 09:14:33,870 INFO o.a.j.t.JMeterThread: Thread finished: S2 1-460
2026-10-06 09:14:33,871 INFO o.a.j.t.JMeterThread: Stopping because end time detected by thread: S2 1-624
2026-10-06 09:14:33,871 INFO o.a.j.t.JMeterThread: Thread finished: S2 1-624
2026-10-06 09:14:33,873 INFO o.a.j.t.JMeterThread: Stopping because end time detected by thread: S2 1-185
2026-10-06 09:14:33,873 INFO o.a.j.t.JMeterThread: Thread finished: S2 1-185
2026-10-06 09:14:33,874 INFO o.a.j.t.JMeterThread: Stopping because end time detected by thread: S2 1-523
2026-10-06 09:14:33,874 INFO o.a.j.t.JMeterThread: Stopping because end time detected by thread: S2 1-83
2026-10-06 09:14:33,874 INFO o.a.j.t.JMeterThread: Thread finished: S2 1-523
2026-10-06 09:14:33,874 INFO o.a.j.t.JMeterThread: Thread finished: S2 1-83
2026-10-06 09:14:33,875 INFO o.a.j.t.JMeterThread: Stopping because end time detected by thread: S2 1-353
2026-10-06 09:14:33,875 INFO o.a.j.t.JMeterThread: Thread finished: S2 1-353
2026-10-06 09:14:33,876 INFO o.a.j.t.JMeterThread: Stopping because end time detected by thread: S2 1-557
2026-10-06 09:14:33,876 INFO o.a.j.t.JMeterThread: Thread finished: S2 1-557
2026-10-06 09:14:33,878 INFO o.a.j.t.JMeterThread: Stopping because end time detected by thread: S2 1-899
2026-10-06 09:14:33,878 INFO o.a.j.t.JMeterThread: Thread finished: S2 1-899
2026-10-06 09:14:33,878 INFO o.a.j.t.JMeterThread: Stopping because end time detected by thread: S2 1-119
2026-10-06 09:14:33,878 INFO o.a.j.t.JMeterThread: Thread finished: S2 1-119
2026-10-06 09:14:33,879 INFO o.a.j.t.JMeterThread: Stopping because end time detected by thread: S2 1-631
2026-10-06 09:14:33,879 INFO o.a.j.t.JMeterThread: Thread finished: S2 1-631
2026-10-06 09:14:33,880 INFO o.a.j.t.JMeterThread: Stopping because end time detected by thread: S2 1-996
2026-10-06 09:14:33,880 INFO o.a.j.t.JMeterThread: Thread finished: S2 1-996
2026-10-06 09:14:33,881 INFO o.a.j.t.JMeterThread: Stopping because end time detected by thread: S2 1-218
2026-10-06 09:14:33,881 INFO o.a.j.t.JMeterThread: Thread finished: S2 1-218
2026-10-06 09:14:33,881 INFO o.a.j.t.JMeterThread: Stopping because end time detected by thread: S2 1-227
2026-10-06 09:14:33,881 INFO o.a.j.t.JMeterThread: Thread finished: S2 1-227
2026-10-06 09:14:33,882 INFO o.a.j.t.JMeterThread: Stopping because end time detected by thread: S2 1-741
2026-10-06 09:14:33,882 INFO o.a.j.t.JMeterThread: Thread finished: S2 1-741
2026-10-06 09:14:33,884 INFO o.a.j.t.JMeterThread: Stopping because end time detected by thread: S2 1-490
2026-10-06 09:14:33,884 INFO o.a.j.t.JMeterThread: Thread finished: S2 1-490
2026-10-06 09:14:33,885 INFO o.a.j.t.JMeterThread: Stopping because end time detected by thread: S2 1-357
2026-10-06 09:14:33,885 INFO o.a.j.t.JMeterThread: Thread finished: S2 1-357
2026-10-06 09:14:33,885 INFO o.a.j.t.JMeterThread: Stopping because end time detected by thread: S2 1-444
2026-10-06 09:14:33,885 INFO o.a.j.t.JMeterThread: Thread finished: S2 1-444
2026-10-06 09:14:33,886 INFO o.a.j.t.JMeterThread: Stopping because end time detected by thread: S2 1-198
2026-10-06 09:14:33,886 INFO o.a.j.t.JMeterThread: Thread finished: S2 1-198
2026-10-06 09:14:33,887 INFO o.a.j.t.JMeterThread: Stopping because end time detected by thread: S2 1-573
2026-10-06 09:14:33,887 INFO o.a.j.t.JMeterThread: Thread finished: S2 1-573
2026-10-06 09:14:33,889 INFO o.a.j.t.JMeterThread: Stopping because end time detected by thread: S2 1-924
2026-10-06 09:14:33,889 INFO o.a.j.t.JMeterThread: Stopping because end time detected by thread: S2 1-772
2026-10-06 09:14:33,889 INFO o.a.j.t.JMeterThread: Thread finished: S2 1-924
2026-10-06 09:14:33,889 INFO o.a.j.t.JMeterThread: Thread finished: S2 1-772
2026-10-06 09:14:33,890 INFO o.a.j.t.JMeterThread: Stopping because end time detected by thread: S2 1-481
2026-10-06 09:14:33,890 INFO o.a.j.t.JMeterThread: Thread finished: S2 1-481
2026-10-06 09:14:33,891 INFO o.a.j.t.JMeterThread: Stopping because end time detected by thread: S2 1-248
2026-10-06 09:14:33,891 INFO o.a.j.t.JMeterThread: Thread finished: S2 1-248
2026-10-06 09:14:33,892 INFO o.a.j.t.JMeterThread: Stopping because end time detected by thread: S2 1-116
2026-10-06 09:14:33,892 INFO o.a.j.t.JMeterThread: Stopping because end time detected by thread: S2 1-825
2026-10-06 09:14:33,892 INFO o.a.j.t.JMeterThread: Thread finished: S2 1-116
2026-10-06 09:14:33,892 INFO o.a.j.t.JMeterThread: Thread finished: S2 1-825
2026-10-06 09:14:33,894 INFO o.a.j.t.JMeterThread: Stopping because end time detected by thread: S2 1-204
2026-10-06 09:14:33,894 INFO o.a.j.t.JMeterThread: Thread finished: S2 1-204
2026-10-06 09:14:33,895 INFO o.a.j.t.JMeterThread: Stopping because end time detected by thread: S2 1-861
2026-10-06 09:14:33,895 INFO o.a.j.t.JMeterThread: Thread finished: S2 1-861
2026-10-06 09:14:33,896 INFO o.a.j.t.JMeterThread: Stopping because end time detected by thread: S2 1-186
2026-10-06 09:14:33,896 INFO o.a.j.t.JMeterThread: Thread finished: S2 1-186
2026-10-06 09:14:33,896 INFO o.a.j.t.JMeterThread: Stopping because end time detected by thread: S2 1-582
2026-10-06 09:14:33,896 INFO o.a.j.t.JMeterThread: Thread finished: S2 1-582
2026-10-06 09:14:33,897 INFO o.a.j.t.JMeterThread: Stopping because end time detected by thread: S2 1-859
2026-10-06 09:14:33,897 INFO o.a.j.t.JMeterThread: Thread finished: S2 1-859
2026-10-06 09:14:33,899 INFO o.a.j.t.JMeterThread: Stopping because end time detected by thread: S2 1-774
2026-10-06 09:14:33,899 INFO o.a.j.t.JMeterThread: Thread finished: S2 1-774
2026-10-06 09:14:33,900 INFO o.a.j.t.JMeterThread: Stopping because end time detected by thread: S2 1-350
2026-10-06 09:14:33,900 INFO o.a.j.t.JMeterThread: Stopping because end time detected by thread: S2 1-585
2026-10-06 09:14:33,900 INFO o.a.j.t.JMeterThread: Thread finished: S2 1-350
2026-10-06 09:14:33,900 INFO o.a.j.t.JMeterThread: Thread finished: S2 1-585
2026-10-06 09:14:33,901 INFO o.a.j.t.JMeterThread: Stopping because end time detected by thread: S2 1-452
2026-10-06 09:14:33,901 INFO o.a.j.t.JMeterThread: Thread finished: S2 1-452
2026-10-06 09:14:33,902 INFO o.a.j.t.JMeterThread: Stopping because end time detected by thread: S2 1-787
2026-10-06 09:14:33,902 INFO o.a.j.t.JMeterThread: Thread finished: S2 1-787
2026-10-06 09:14:33,904 INFO o.a.j.t.JMeterThread: Stopping because end time detected by thread: S2 1-311
2026-10-06 09:14:33,904 INFO o.a.j.t.JMeterThread: Stopping because end time detected by thread: S2 1-802
2026-10-06 09:14:33,904 INFO o.a.j.t.JMeterThread: Thread finished: S2 1-311
2026-10-06 09:14:33,904 INFO o.a.j.t.JMeterThread: Thread finished: S2 1-802
2026-10-06 09:14:33,905 INFO o.a.j.t.JMeterThread: Stopping because end time detected by thread: S2 1-239
2026-10-06 09:14:33,905 INFO o.a.j.t.JMeterThread: Thread finished: S2 1-239
2026-10-06 09:14:33,906 INFO o.a.j.t.JMeterThread: Stopping because end time detected by thread: S2 1-161
2026-10-06 09:14:33,906 INFO o.a.j.t.JMeterThread: Thread finished: S2 1-161
2026-10-06 09:14:33,907 INFO o.a.j.t.JMeterThread: Stopping because end time detected by thread: S2 1-809
2026-10-06 09:14:33,907 INFO o.a.j.t.JMeterThread: Stopping because end time detected by thread: S2 1-882
2026-10-06 09:14:33,907 INFO o.a.j.t.JMeterThread: Thread finished: S2 1-809
2026-10-06 09:14:33,907 INFO o.a.j.t.JMeterThread: Thread finished: S2 1-882
2026-10-06 09:14:33,909 INFO o.a.j.t.JMeterThread: Stopping because end time detected by thread: S2 1-139
2026-10-06 09:14:33,909 INFO o.a.j.t.JMeterThread: Thread finished: S2 1-139
2026-10-06 09:14:33,910 INFO o.a.j.t.JMeterThread: Stopping because end time detected by thread: S2 1-298
2026-10-06 09:14:33,910 INFO o.a.j.t.JMeterThread: Thread finished: S2 1-298
2026-10-06 09:14:33,911 INFO o.a.j.t.JMeterThread: Stopping because end time detected by thread: S2 1-394
2026-10-06 09:14:33,911 INFO o.a.j.t.JMeterThread: Thread finished: S2 1-394
2026-10-06 09:14:33,911 INFO o.a.j.t.JMeterThread: Stopping because end time detected by thread: S2 1-727
2026-10-06 09:14:33,912 INFO o.a.j.t.JMeterThread: Thread finished: S2 1-727
2026-10-06 09:14:33,913 INFO o.a.j.t.JMeterThread: Stopping because end time detected by thread: S2 1-149
2026-10-06 09:14:33,913 INFO o.a.j.t.JMeterThread: Thread finished: S2 1-149
2026-10-06 09:14:33,914 INFO o.a.j.t.JMeterThread: Stopping because end time detected by thread: S2 1-578
2026-10-06 09:14:33,914 INFO o.a.j.t.JMeterThread: Thread finished: S2 1-578
2026-10-06 09:14:33,915 INFO o.a.j.t.JMeterThread: Stopping because end time detected by thread: S2 1-512
2026-10-06 09:14:33,915 INFO o.a.j.t.JMeterThread: Stopping because end time detected by thread: S2 1-498
2026-10-06 09:14:33,915 INFO o.a.j.t.JMeterThread: Thread finished: S2 1-512
2026-10-06 09:14:33,915 INFO o.a.j.t.JMeterThread: Thread finished: S2 1-498
2026-10-06 09:14:33,916 INFO o.a.j.t.JMeterThread: Stopping because end time detected by thread: S2 1-398
2026-10-06 09:14:33,916 INFO o.a.j.t.JMeterThread: Thread finished: S2 1-398
2026-10-06 09:14:33,918 INFO o.a.j.t.JMeterThread: Stopping because end time detected by thread: S2 1-160
2026-10-06 09:14:33,918 INFO o.a.j.t.JMeterThread: Thread finished: S2 1-160
2026-10-06 09:14:33,919 INFO o.a.j.t.JMeterThread: Stopping because end time detected by thread: S2 1-365
2026-10-06 09:14:33,919 INFO o.a.j.t.JMeterThread: Thread finished: S2 1-365
2026-10-06 09:14:33,919 INFO o.a.j.t.JMeterThread: Stopping because end time detected by thread: S2 1-476
2026-10-06 09:14:33,919 INFO o.a.j.t.JMeterThread: Thread finished: S2 1-476
2026-10-06 09:14:33,920 INFO o.a.j.t.JMeterThread: Stopping because end time detected by thread: S2 1-384
2026-10-06 09:14:33,920 INFO o.a.j.t.JMeterThread: Thread finished: S2 1-384
2026-10-06 09:14:33,921 INFO o.a.j.t.JMeterThread: Stopping because end time detected by thread: S2 1-633
2026-10-06 09:14:33,921 INFO o.a.j.t.JMeterThread: Thread finished: S2 1-633
2026-10-06 09:14:33,922 INFO o.a.j.t.JMeterThread: Stopping because end time detected by thread: S2 1-903
2026-10-06 09:14:33,922 INFO o.a.j.t.JMeterThread: Stopping because end time detected by thread: S2 1-375
2026-10-06 09:14:33,923 INFO o.a.j.t.JMeterThread: Thread finished: S2 1-903
2026-10-06 09:14:33,923 INFO o.a.j.t.JMeterThread: Thread finished: S2 1-375
2026-10-06 09:14:33,924 INFO o.a.j.t.JMeterThread: Stopping because end time detected by thread: S2 1-579
2026-10-06 09:14:33,924 INFO o.a.j.t.JMeterThread: Thread finished: S2 1-579
2026-10-06 09:14:33,926 INFO o.a.j.t.JMeterThread: Stopping because end time detected by thread: S2 1-299
2026-10-06 09:14:33,926 INFO o.a.j.t.JMeterThread: Thread finished: S2 1-299
2026-10-06 09:14:33,927 INFO o.a.j.t.JMeterThread: Stopping because end time detected by thread: S2 1-199
2026-10-06 09:14:33,927 INFO o.a.j.t.JMeterThread: Thread finished: S2 1-199
2026-10-06 09:14:33,927 INFO o.a.j.t.JMeterThread: Stopping because end time detected by thread: S2 1-427
2026-10-06 09:14:33,927 INFO o.a.j.t.JMeterThread: Thread finished: S2 1-427
2026-10-06 09:14:33,928 INFO o.a.j.t.JMeterThread: Stopping because end time detected by thread: S2 1-747
2026-10-06 09:14:33,928 INFO o.a.j.t.JMeterThread: Thread finished: S2 1-747
2026-10-06 09:14:33,930 INFO o.a.j.t.JMeterThread: Stopping because end time detected by thread: S2 1-314
2026-10-06 09:14:33,930 INFO o.a.j.t.JMeterThread: Thread finished: S2 1-314
2026-10-06 09:14:33,931 INFO o.a.j.t.JMeterThread: Stopping because end time detected by thread: S2 1-906
2026-10-06 09:14:33,931 INFO o.a.j.t.JMeterThread: Stopping because end time detected by thread: S2 1-292
2026-10-06 09:14:33,931 INFO o.a.j.t.JMeterThread: Thread finished: S2 1-906
2026-10-06 09:14:33,931 INFO o.a.j.t.JMeterThread: Thread finished: S2 1-292
2026-10-06 09:14:33,932 INFO o.a.j.t.JMeterThread: Stopping because end time detected by thread: S2 1-823
2026-10-06 09:14:33,932 INFO o.a.j.t.JMeterThread: Thread finished: S2 1-823
2026-10-06 09:14:33,933 INFO o.a.j.t.JMeterThread: Stopping because end time detected by thread: S2 1-865
2026-10-06 09:14:33,933 INFO o.a.j.t.JMeterThread: Thread finished: S2 1-865
2026-10-06 09:14:33,934 INFO o.a.j.t.JMeterThread: Stopping because end time detected by thread: S2 1-695
2026-10-06 09:14:33,934 INFO o.a.j.t.JMeterThread: Stopping because end time detected by thread: S2 1-716
2026-10-06 09:14:33,934 INFO o.a.j.t.JMeterThread: Thread finished: S2 1-695
2026-10-06 09:14:33,935 INFO o.a.j.t.JMeterThread: Thread finished: S2 1-716
2026-10-06 09:14:33,936 INFO o.a.j.t.JMeterThread: Stopping because end time detected by thread: S2 1-496
2026-10-06 09:14:33,936 INFO o.a.j.t.JMeterThread: Thread finished: S2 1-496
2026-10-06 09:14:33,938 INFO o.a.j.t.JMeterThread: Stopping because end time detected by thread: S2 1-558
2026-10-06 09:14:33,938 INFO o.a.j.t.JMeterThread: Thread finished: S2 1-558
2026-10-06 09:14:33,939 INFO o.a.j.t.JMeterThread: Stopping because end time detected by thread: S2 1-568
2026-10-06 09:14:33,939 INFO o.a.j.t.JMeterThread: Thread finished: S2 1-568
2026-10-06 09:14:33,939 INFO o.a.j.t.JMeterThread: Stopping because end time detected by thread: S2 1-805
2026-10-06 09:14:33,939 INFO o.a.j.t.JMeterThread: Thread finished: S2 1-805
2026-10-06 09:14:33,940 INFO o.a.j.t.JMeterThread: Stopping because end time detected by thread: S2 1-541
2026-10-06 09:14:33,940 INFO o.a.j.t.JMeterThread: Thread finished: S2 1-541
2026-10-06 09:14:33,942 INFO o.a.j.t.JMeterThread: Stopping because end time detected by thread: S2 1-723
2026-10-06 09:14:33,942 INFO o.a.j.t.JMeterThread: Thread finished: S2 1-723
2026-10-06 09:14:33,943 INFO o.a.j.t.JMeterThread: Stopping because end time detected by thread: S2 1-448
2026-10-06 09:14:33,943 INFO o.a.j.t.JMeterThread: Thread finished: S2 1-448
2026-10-06 09:14:33,943 INFO o.a.j.t.JMeterThread: Stopping because end time detected by thread: S2 1-556
2026-10-06 09:14:33,943 INFO o.a.j.t.JMeterThread: Thread finished: S2 1-556
2026-10-06 09:14:33,944 INFO o.a.j.t.JMeterThread: Stopping because end time detected by thread: S2 1-669
2026-10-06 09:14:33,944 INFO o.a.j.t.JMeterThread: Thread finished: S2 1-669
2026-10-06 09:14:33,946 INFO o.a.j.t.JMeterThread: Stopping because end time detected by thread: S2 1-246
2026-10-06 09:14:33,946 INFO o.a.j.t.JMeterThread: Thread finished: S2 1-246
2026-10-06 09:14:33,947 INFO o.a.j.t.JMeterThread: Stopping because end time detected by thread: S2 1-471
2026-10-06 09:14:33,947 INFO o.a.j.t.JMeterThread: Stopping because end time detected by thread: S2 1-782
2026-10-06 09:14:33,947 INFO o.a.j.t.JMeterThread: Thread finished: S2 1-471
2026-10-06 09:14:33,947 INFO o.a.j.t.JMeterThread: Thread finished: S2 1-782
2026-10-06 09:14:33,948 INFO o.a.j.t.JMeterThread: Stopping because end time detected by thread: S2 1-254
2026-10-06 09:14:33,948 INFO o.a.j.t.JMeterThread: Thread finished: S2 1-254
2026-10-06 09:14:33,950 INFO o.a.j.t.JMeterThread: Stopping because end time detected by thread: S2 1-651
2026-10-06 09:14:33,950 INFO o.a.j.t.JMeterThread: Thread finished: S2 1-651
2026-10-06 09:14:33,951 INFO o.a.j.t.JMeterThread: Stopping because end time detected by thread: S2 1-627
2026-10-06 09:14:33,951 INFO o.a.j.t.JMeterThread: Thread finished: S2 1-627
2026-10-06 09:14:33,951 INFO o.a.j.t.JMeterThread: Stopping because end time detected by thread: S2 1-524
2026-10-06 09:14:33,951 INFO o.a.j.t.JMeterThread: Thread finished: S2 1-524
2026-10-06 09:14:33,953 INFO o.a.j.t.JMeterThread: Stopping because end time detected by thread: S2 1-477
2026-10-06 09:14:33,953 INFO o.a.j.t.JMeterThread: Thread finished: S2 1-477
2026-10-06 09:14:33,954 INFO o.a.j.t.JMeterThread: Stopping because end time detected by thread: S2 1-620
2026-10-06 09:14:33,954 INFO o.a.j.t.JMeterThread: Thread finished: S2 1-620
2026-10-06 09:14:33,956 INFO o.a.j.t.JMeterThread: Stopping because end time detected by thread: S2 1-720
2026-10-06 09:14:33,956 INFO o.a.j.t.JMeterThread: Stopping because end time detected by thread: S2 1-587
2026-10-06 09:14:33,956 INFO o.a.j.t.JMeterThread: Thread finished: S2 1-720
2026-10-06 09:14:33,956 INFO o.a.j.t.JMeterThread: Thread finished: S2 1-587
2026-10-06 09:14:33,957 INFO o.a.j.t.JMeterThread: Stopping because end time detected by thread: S2 1-422
2026-10-06 09:14:33,957 INFO o.a.j.t.JMeterThread: Thread finished: S2 1-422
2026-10-06 09:14:33,959 INFO o.a.j.t.JMeterThread: Stopping because end time detected by thread: S2 1-203
2026-10-06 09:14:33,959 INFO o.a.j.t.JMeterThread: Thread finished: S2 1-203
2026-10-06 09:14:33,961 INFO o.a.j.t.JMeterThread: Stopping because end time detected by thread: S2 1-313
2026-10-06 09:14:33,961 INFO o.a.j.t.JMeterThread: Stopping because end time detected by thread: S2 1-934
2026-10-06 09:14:33,961 INFO o.a.j.t.JMeterThread: Thread finished: S2 1-313
2026-10-06 09:14:33,961 INFO o.a.j.t.JMeterThread: Thread finished: S2 1-934
2026-10-06 09:14:33,962 INFO o.a.j.t.JMeterThread: Stopping because end time detected by thread: S2 1-268
2026-10-06 09:14:33,962 INFO o.a.j.t.JMeterThread: Thread finished: S2 1-268
2026-10-06 09:14:33,963 INFO o.a.j.t.JMeterThread: Stopping because end time detected by thread: S2 1-801
2026-10-06 09:14:33,963 INFO o.a.j.t.JMeterThread: Thread finished: S2 1-801
2026-10-06 09:14:33,965 INFO o.a.j.t.JMeterThread: Stopping because end time detected by thread: S2 1-366
2026-10-06 09:14:33,965 INFO o.a.j.t.JMeterThread: Thread finished: S2 1-366
2026-10-06 09:14:33,965 INFO o.a.j.t.JMeterThread: Stopping because end time detected by thread: S2 1-405
2026-10-06 09:14:33,965 INFO o.a.j.t.JMeterThread: Thread finished: S2 1-405
2026-10-06 09:14:33,966 INFO o.a.j.t.JMeterThread: Stopping because end time detected by thread: S2 1-942
2026-10-06 09:14:33,966 INFO o.a.j.t.JMeterThread: Thread finished: S2 1-942
2026-10-06 09:14:33,968 INFO o.a.j.t.JMeterThread: Stopping because end time detected by thread: S2 1-868
2026-10-06 09:14:33,968 INFO o.a.j.t.JMeterThread: Thread finished: S2 1-868
2026-10-06 09:14:33,969 INFO o.a.j.t.JMeterThread: Stopping because end time detected by thread: S2 1-446
2026-10-06 09:14:33,969 INFO o.a.j.t.JMeterThread: Thread finished: S2 1-446
2026-10-06 09:14:33,970 INFO o.a.j.t.JMeterThread: Stopping because end time detected by thread: S2 1-864
2026-10-06 09:14:33,970 INFO o.a.j.t.JMeterThread: Thread finished: S2 1-864
2026-10-06 09:14:33,970 INFO o.a.j.t.JMeterThread: Stopping because end time detected by thread: S2 1-815
2026-10-06 09:14:33,971 INFO o.a.j.t.JMeterThread: Thread finished: S2 1-815
2026-10-06 09:14:33,972 INFO o.a.j.t.JMeterThread: Stopping because end time detected by thread: S2 1-888
2026-10-06 09:14:33,972 INFO o.a.j.t.JMeterThread: Thread finished: S2 1-888
2026-10-06 09:14:33,973 INFO o.a.j.t.JMeterThread: Stopping because end time detected by thread: S2 1-475
2026-10-06 09:14:33,974 INFO o.a.j.t.JMeterThread: Thread finished: S2 1-475
2026-10-06 09:14:33,975 INFO o.a.j.t.JMeterThread: Stopping because end time detected by thread: S2 1-937
2026-10-06 09:14:33,975 INFO o.a.j.t.JMeterThread: Stopping because end time detected by thread: S2 1-326
2026-10-06 09:14:33,975 INFO o.a.j.t.JMeterThread: Thread finished: S2 1-937
2026-10-06 09:14:33,975 INFO o.a.j.t.JMeterThread: Thread finished: S2 1-326
2026-10-06 09:14:33,976 INFO o.a.j.t.JMeterThread: Stopping because end time detected by thread: S2 1-367
2026-10-06 09:14:33,976 INFO o.a.j.t.JMeterThread: Thread finished: S2 1-367
2026-10-06 09:14:33,979 INFO o.a.j.t.JMeterThread: Stopping because end time detected by thread: S2 1-636
2026-10-06 09:14:33,979 INFO o.a.j.t.JMeterThread: Thread finished: S2 1-636
2026-10-06 09:14:33,980 INFO o.a.j.t.JMeterThread: Stopping because end time detected by thread: S2 1-653
2026-10-06 09:14:33,980 INFO o.a.j.t.JMeterThread: Stopping because end time detected by thread: S2 1-545
2026-10-06 09:14:33,980 INFO o.a.j.t.JMeterThread: Thread finished: S2 1-653
2026-10-06 09:14:33,980 INFO o.a.j.t.JMeterThread: Thread finished: S2 1-545
2026-10-06 09:14:33,981 INFO o.a.j.t.JMeterThread: Stopping because end time detected by thread: S2 1-323
2026-10-06 09:14:33,981 INFO o.a.j.t.JMeterThread: Thread finished: S2 1-323
2026-10-06 09:14:33,983 INFO o.a.j.t.JMeterThread: Stopping because end time detected by thread: S2 1-703
2026-10-06 09:14:33,983 INFO o.a.j.t.JMeterThread: Thread finished: S2 1-703
2026-10-06 09:14:33,984 INFO o.a.j.t.JMeterThread: Stopping because end time detected by thread: S2 1-586
2026-10-06 09:14:33,984 INFO o.a.j.t.JMeterThread: Thread finished: S2 1-586
2026-10-06 09:14:33,984 INFO o.a.j.t.JMeterThread: Stopping because end time detected by thread: S2 1-790
2026-10-06 09:14:33,984 INFO o.a.j.t.JMeterThread: Thread finished: S2 1-790
2026-10-06 09:14:33,985 INFO o.a.j.t.JMeterThread: Stopping because end time detected by thread: S2 1-784
2026-10-06 09:14:33,985 INFO o.a.j.t.JMeterThread: Thread finished: S2 1-784
2026-10-06 09:14:33,987 INFO o.a.j.t.JMeterThread: Stopping because end time detected by thread: S2 1-467
2026-10-06 09:14:33,987 INFO o.a.j.t.JMeterThread: Thread finished: S2 1-467
2026-10-06 09:14:33,988 INFO o.a.j.t.JMeterThread: Stopping because end time detected by thread: S2 1-420
2026-10-06 09:14:33,988 INFO o.a.j.t.JMeterThread: Stopping because end time detected by thread: S2 1-722
2026-10-06 09:14:33,988 INFO o.a.j.t.JMeterThread: Thread finished: S2 1-420
2026-10-06 09:14:33,988 INFO o.a.j.t.JMeterThread: Thread finished: S2 1-722
2026-10-06 09:14:33,990 INFO o.a.j.t.JMeterThread: Stopping because end time detected by thread: S2 1-626
2026-10-06 09:14:33,990 INFO o.a.j.t.JMeterThread: Thread finished: S2 1-626
2026-10-06 09:14:33,991 INFO o.a.j.t.JMeterThread: Stopping because end time detected by thread: S2 1-500
2026-10-06 09:14:33,991 INFO o.a.j.t.JMeterThread: Thread finished: S2 1-500
2026-10-06 09:14:33,992 INFO o.a.j.t.JMeterThread: Stopping because end time detected by thread: S2 1-869
2026-10-06 09:14:33,992 INFO o.a.j.t.JMeterThread: Thread finished: S2 1-869
2026-10-06 09:14:33,992 INFO o.a.j.t.JMeterThread: Stopping because end time detected by thread: S2 1-940
2026-10-06 09:14:33,992 INFO o.a.j.t.JMeterThread: Thread finished: S2 1-940
2026-10-06 09:14:33,993 INFO o.a.j.t.JMeterThread: Stopping because end time detected by thread: S2 1-816
2026-10-06 09:14:33,993 INFO o.a.j.t.JMeterThread: Thread finished: S2 1-816
2026-10-06 09:14:33,994 INFO o.a.j.t.JMeterThread: Stopping because end time detected by thread: S2 1-354
2026-10-06 09:14:33,994 INFO o.a.j.t.JMeterThread: Thread finished: S2 1-354
2026-10-06 09:14:33,996 INFO o.a.j.t.JMeterThread: Stopping because end time detected by thread: S2 1-905
2026-10-06 09:14:33,996 INFO o.a.j.t.JMeterThread: Stopping because end time detected by thread: S2 1-675
2026-10-06 09:14:33,996 INFO o.a.j.t.JMeterThread: Thread finished: S2 1-905
2026-10-06 09:14:33,996 INFO o.a.j.t.JMeterThread: Thread finished: S2 1-675
2026-10-06 09:14:33,997 INFO o.a.j.t.JMeterThread: Stopping because end time detected by thread: S2 1-358
2026-10-06 09:14:33,998 INFO o.a.j.t.JMeterThread: Thread finished: S2 1-358
2026-10-06 09:14:33,999 INFO o.a.j.t.JMeterThread: Stopping because end time detected by thread: S2 1-630
2026-10-06 09:14:33,999 INFO o.a.j.t.JMeterThread: Thread finished: S2 1-630
2026-10-06 09:14:34,001 INFO o.a.j.t.JMeterThread: Stopping because end time detected by thread: S2 1-583
2026-10-06 09:14:34,001 INFO o.a.j.t.JMeterThread: Thread finished: S2 1-583
2026-10-06 09:14:34,002 INFO o.a.j.t.JMeterThread: Stopping because end time detected by thread: S2 1-884
2026-10-06 09:14:34,002 INFO o.a.j.t.JMeterThread: Stopping because end time detected by thread: S2 1-379
2026-10-06 09:14:34,002 INFO o.a.j.t.JMeterThread: Thread finished: S2 1-884
2026-10-06 09:14:34,002 INFO o.a.j.t.JMeterThread: Thread finished: S2 1-379
2026-10-06 09:14:34,003 INFO o.a.j.t.JMeterThread: Stopping because end time detected by thread: S2 1-788
2026-10-06 09:14:34,003 INFO o.a.j.t.JMeterThread: Thread finished: S2 1-788
2026-10-06 09:14:34,004 INFO o.a.j.t.JMeterThread: Stopping because end time detected by thread: S2 1-428
2026-10-06 09:14:34,004 INFO o.a.j.t.JMeterThread: Thread finished: S2 1-428
2026-10-06 09:14:34,005 INFO o.a.j.t.JMeterThread: Stopping because end time detected by thread: S2 1-708
2026-10-06 09:14:34,005 INFO o.a.j.t.JMeterThread: Thread finished: S2 1-708
2026-10-06 09:14:34,006 INFO o.a.j.t.JMeterThread: Stopping because end time detected by thread: S2 1-811
2026-10-06 09:14:34,006 INFO o.a.j.t.JMeterThread: Thread finished: S2 1-811
2026-10-06 09:14:34,007 INFO o.a.j.t.JMeterThread: Stopping because end time detected by thread: S2 1-705
2026-10-06 09:14:34,007 INFO o.a.j.t.JMeterThread: Thread finished: S2 1-705
2026-10-06 09:14:34,008 INFO o.a.j.t.JMeterThread: Stopping because end time detected by thread: S2 1-482
2026-10-06 09:14:34,008 INFO o.a.j.t.JMeterThread: Thread finished: S2 1-482
2026-10-06 09:14:34,009 INFO o.a.j.t.JMeterThread: Stopping because end time detected by thread: S2 1-966
2026-10-06 09:14:34,009 INFO o.a.j.t.JMeterThread: Thread finished: S2 1-966
2026-10-06 09:14:34,009 INFO o.a.j.t.JMeterThread: Stopping because end time detected by thread: S2 1-510
2026-10-06 09:14:34,009 INFO o.a.j.t.JMeterThread: Thread finished: S2 1-510
2026-10-06 09:14:34,011 INFO o.a.j.t.JMeterThread: Stopping because end time detected by thread: S2 1-480
2026-10-06 09:14:34,011 INFO o.a.j.t.JMeterThread: Thread finished: S2 1-480
2026-10-06 09:14:34,012 INFO o.a.j.t.JMeterThread: Stopping because end time detected by thread: S2 1-742
2026-10-06 09:14:34,012 INFO o.a.j.t.JMeterThread: Thread finished: S2 1-742
2026-10-06 09:14:34,014 INFO o.a.j.t.JMeterThread: Stopping because end time detected by thread: S2 1-597
2026-10-06 09:14:34,014 INFO o.a.j.t.JMeterThread: Thread finished: S2 1-597
2026-10-06 09:14:34,014 INFO o.a.j.t.JMeterThread: Stopping because end time detected by thread: S2 1-786
2026-10-06 09:14:34,014 INFO o.a.j.t.JMeterThread: Thread finished: S2 1-786
2026-10-06 09:14:34,015 INFO o.a.j.t.JMeterThread: Stopping because end time detected by thread: S2 1-401
2026-10-06 09:14:34,015 INFO o.a.j.t.JMeterThread: Thread finished: S2 1-401
2026-10-06 09:14:34,016 INFO o.a.j.t.JMeterThread: Stopping because end time detected by thread: S2 1-939
2026-10-06 09:14:34,016 INFO o.a.j.t.JMeterThread: Thread finished: S2 1-939
2026-10-06 09:14:34,017 INFO o.a.j.t.JMeterThread: Stopping because end time detected by thread: S2 1-528
2026-10-06 09:14:34,017 INFO o.a.j.t.JMeterThread: Stopping because end time detected by thread: S2 1-780
2026-10-06 09:14:34,017 INFO o.a.j.t.JMeterThread: Thread finished: S2 1-528
2026-10-06 09:14:34,017 INFO o.a.j.t.JMeterThread: Thread finished: S2 1-780
2026-10-06 09:14:34,018 INFO o.a.j.t.JMeterThread: Stopping because end time detected by thread: S2 1-642
2026-10-06 09:14:34,018 INFO o.a.j.t.JMeterThread: Thread finished: S2 1-642
2026-10-06 09:14:34,020 INFO o.a.j.t.JMeterThread: Stopping because end time detected by thread: S2 1-650
2026-10-06 09:14:34,020 INFO o.a.j.t.JMeterThread: Thread finished: S2 1-650
2026-10-06 09:14:34,021 INFO o.a.j.t.JMeterThread: Stopping because end time detected by thread: S2 1-698
2026-10-06 09:14:34,021 INFO o.a.j.t.JMeterThread: Stopping because end time detected by thread: S2 1-820
2026-10-06 09:14:34,021 INFO o.a.j.t.JMeterThread: Thread finished: S2 1-698
2026-10-06 09:14:34,021 INFO o.a.j.t.JMeterThread: Thread finished: S2 1-820
2026-10-06 09:14:34,022 INFO o.a.j.t.JMeterThread: Stopping because end time detected by thread: S2 1-735
2026-10-06 09:14:34,022 INFO o.a.j.t.JMeterThread: Thread finished: S2 1-735
2026-10-06 09:14:34,023 INFO o.a.j.t.JMeterThread: Stopping because end time detected by thread: S2 1-739
2026-10-06 09:14:34,023 INFO o.a.j.t.JMeterThread: Thread finished: S2 1-739
2026-10-06 09:14:34,025 INFO o.a.j.t.JMeterThread: Stopping because end time detected by thread: S2 1-874
2026-10-06 09:14:34,025 INFO o.a.j.t.JMeterThread: Thread finished: S2 1-874
2026-10-06 09:14:34,026 INFO o.a.j.t.JMeterThread: Stopping because end time detected by thread: S2 1-632
2026-10-06 09:14:34,026 INFO o.a.j.t.JMeterThread: Stopping because end time detected by thread: S2 1-542
2026-10-06 09:14:34,026 INFO o.a.j.t.JMeterThread: Thread finished: S2 1-632
2026-10-06 09:14:34,026 INFO o.a.j.t.JMeterThread: Thread finished: S2 1-542
2026-10-06 09:14:34,027 INFO o.a.j.t.JMeterThread: Stopping because end time detected by thread: S2 1-492
2026-10-06 09:14:34,027 INFO o.a.j.t.JMeterThread: Thread finished: S2 1-492
2026-10-06 09:14:34,028 INFO o.a.j.t.JMeterThread: Stopping because end time detected by thread: S2 1-426
2026-10-06 09:14:34,028 INFO o.a.j.t.JMeterThread: Thread finished: S2 1-426
2026-10-06 09:14:34,030 INFO o.a.j.t.JMeterThread: Stopping because end time detected by thread: S2 1-479
2026-10-06 09:14:34,030 INFO o.a.j.t.JMeterThread: Stopping because end time detected by thread: S2 1-877
2026-10-06 09:14:34,030 INFO o.a.j.t.JMeterThread: Thread finished: S2 1-479
2026-10-06 09:14:34,030 INFO o.a.j.t.JMeterThread: Thread finished: S2 1-877
2026-10-06 09:14:34,031 INFO o.a.j.t.JMeterThread: Stopping because end time detected by thread: S2 1-591
2026-10-06 09:14:34,031 INFO o.a.j.t.JMeterThread: Thread finished: S2 1-591
2026-10-06 09:14:34,032 INFO o.a.j.t.JMeterThread: Stopping because end time detected by thread: S2 1-566
2026-10-06 09:14:34,032 INFO o.a.j.t.JMeterThread: Thread finished: S2 1-566
2026-10-06 09:14:34,033 INFO o.a.j.t.JMeterThread: Stopping because end time detected by thread: S2 1-911
2026-10-06 09:14:34,034 INFO o.a.j.t.JMeterThread: Stopping because end time detected by thread: S2 1-872
2026-10-06 09:14:34,034 INFO o.a.j.t.JMeterThread: Thread finished: S2 1-911
2026-10-06 09:14:34,034 INFO o.a.j.t.JMeterThread: Thread finished: S2 1-872
2026-10-06 09:14:34,035 INFO o.a.j.t.JMeterThread: Stopping because end time detected by thread: S2 1-819
2026-10-06 09:14:34,035 INFO o.a.j.t.JMeterThread: Thread finished: S2 1-819
2026-10-06 09:14:34,036 INFO o.a.j.t.JMeterThread: Stopping because end time detected by thread: S2 1-916
2026-10-06 09:14:34,036 INFO o.a.j.t.JMeterThread: Thread finished: S2 1-916
2026-10-06 09:14:34,037 INFO o.a.j.t.JMeterThread: Stopping because end time detected by thread: S2 1-894
2026-10-06 09:14:34,037 INFO o.a.j.t.JMeterThread: Thread finished: S2 1-894
2026-10-06 09:14:34,037 INFO o.a.j.t.JMeterThread: Stopping because end time detected by thread: S2 1-952
2026-10-06 09:14:34,037 INFO o.a.j.t.JMeterThread: Thread finished: S2 1-952
2026-10-06 09:14:34,039 INFO o.a.j.t.JMeterThread: Stopping because end time detected by thread: S2 1-654
2026-10-06 09:14:34,039 INFO o.a.j.t.JMeterThread: Thread finished: S2 1-654
2026-10-06 09:14:34,040 INFO o.a.j.t.JMeterThread: Stopping because end time detected by thread: S2 1-529
2026-10-06 09:14:34,040 INFO o.a.j.t.JMeterThread: Thread finished: S2 1-529
2026-10-06 09:14:34,041 INFO o.a.j.t.JMeterThread: Stopping because end time detected by thread: S2 1-628
2026-10-06 09:14:34,041 INFO o.a.j.t.JMeterThread: Thread finished: S2 1-628
2026-10-06 09:14:34,042 INFO o.a.j.t.JMeterThread: Stopping because end time detected by thread: S2 1-590
2026-10-06 09:14:34,042 INFO o.a.j.t.JMeterThread: Thread finished: S2 1-590
2026-10-06 09:14:34,043 INFO o.a.j.t.JMeterThread: Stopping because end time detected by thread: S2 1-986
2026-10-06 09:14:34,043 INFO o.a.j.t.JMeterThread: Thread finished: S2 1-986
2026-10-06 09:14:34,044 INFO o.a.j.t.JMeterThread: Stopping because end time detected by thread: S2 1-634
2026-10-06 09:14:34,044 INFO o.a.j.t.JMeterThread: Thread finished: S2 1-634
2026-10-06 09:14:34,045 INFO o.a.j.t.JMeterThread: Stopping because end time detected by thread: S2 1-567
2026-10-06 09:14:34,045 INFO o.a.j.t.JMeterThread: Thread finished: S2 1-567
2026-10-06 09:14:34,046 INFO o.a.j.t.JMeterThread: Stopping because end time detected by thread: S2 1-970
2026-10-06 09:14:34,046 INFO o.a.j.t.JMeterThread: Stopping because end time detected by thread: S2 1-840
2026-10-06 09:14:34,047 INFO o.a.j.t.JMeterThread: Thread finished: S2 1-970
2026-10-06 09:14:34,047 INFO o.a.j.t.JMeterThread: Thread finished: S2 1-840
2026-10-06 09:14:34,048 INFO o.a.j.t.JMeterThread: Stopping because end time detected by thread: S2 1-456
2026-10-06 09:14:34,048 INFO o.a.j.t.JMeterThread: Thread finished: S2 1-456
2026-10-06 09:14:34,049 INFO o.a.j.t.JMeterThread: Stopping because end time detected by thread: S2 1-931
2026-10-06 09:14:34,049 INFO o.a.j.t.JMeterThread: Thread finished: S2 1-931
2026-10-06 09:14:34,050 INFO o.a.j.t.JMeterThread: Stopping because end time detected by thread: S2 1-753
2026-10-06 09:14:34,050 INFO o.a.j.t.JMeterThread: Thread finished: S2 1-753
2026-10-06 09:14:34,052 INFO o.a.j.t.JMeterThread: Stopping because end time detected by thread: S2 1-890
2026-10-06 09:14:34,052 INFO o.a.j.t.JMeterThread: Thread finished: S2 1-890
2026-10-06 09:14:34,053 INFO o.a.j.t.JMeterThread: Stopping because end time detected by thread: S2 1-954
2026-10-06 09:14:34,053 INFO o.a.j.t.JMeterThread: Stopping because end time detected by thread: S2 1-589
2026-10-06 09:14:34,053 INFO o.a.j.t.JMeterThread: Thread finished: S2 1-954
2026-10-06 09:14:34,053 INFO o.a.j.t.JMeterThread: Thread finished: S2 1-589
2026-10-06 09:14:34,054 INFO o.a.j.t.JMeterThread: Stopping because end time detected by thread: S2 1-670
2026-10-06 09:14:34,054 INFO o.a.j.t.JMeterThread: Thread finished: S2 1-670
2026-10-06 09:14:34,056 INFO o.a.j.t.JMeterThread: Stopping because end time detected by thread: S2 1-743
2026-10-06 09:14:34,056 INFO o.a.j.t.JMeterThread: Thread finished: S2 1-743
2026-10-06 09:14:34,057 INFO o.a.j.t.JMeterThread: Stopping because end time detected by thread: S2 1-880
2026-10-06 09:14:34,057 INFO o.a.j.t.JMeterThread: Stopping because end time detected by thread: S2 1-876
2026-10-06 09:14:34,057 INFO o.a.j.t.JMeterThread: Thread finished: S2 1-880
2026-10-06 09:14:34,057 INFO o.a.j.t.JMeterThread: Thread finished: S2 1-876
2026-10-06 09:14:34,058 INFO o.a.j.t.JMeterThread: Stopping because end time detected by thread: S2 1-960
2026-10-06 09:14:34,058 INFO o.a.j.t.JMeterThread: Thread finished: S2 1-960
2026-10-06 09:14:34,060 INFO o.a.j.t.JMeterThread: Stopping because end time detected by thread: S2 1-638
2026-10-06 09:14:34,060 INFO o.a.j.t.JMeterThread: Thread finished: S2 1-638
2026-10-06 09:14:34,061 INFO o.a.j.t.JMeterThread: Stopping because end time detected by thread: S2 1-637
2026-10-06 09:14:34,061 INFO o.a.j.t.JMeterThread: Thread finished: S2 1-637
2026-10-06 09:14:34,061 INFO o.a.j.t.JMeterThread: Stopping because end time detected by thread: S2 1-729
2026-10-06 09:14:34,061 INFO o.a.j.t.JMeterThread: Thread finished: S2 1-729
2026-10-06 09:14:34,062 INFO o.a.j.t.JMeterThread: Stopping because end time detected by thread: S2 1-836
2026-10-06 09:14:34,062 INFO o.a.j.t.JMeterThread: Thread finished: S2 1-836
2026-10-06 09:14:34,064 INFO o.a.j.t.JMeterThread: Stopping because end time detected by thread: S2 1-982
2026-10-06 09:14:34,064 INFO o.a.j.t.JMeterThread: Thread finished: S2 1-982
2026-10-06 09:14:34,065 INFO o.a.j.t.JMeterThread: Stopping because end time detected by thread: S2 1-920
2026-10-06 09:14:34,065 INFO o.a.j.t.JMeterThread: Stopping because end time detected by thread: S2 1-907
2026-10-06 09:14:34,065 INFO o.a.j.t.JMeterThread: Thread finished: S2 1-920
2026-10-06 09:14:34,065 INFO o.a.j.t.JMeterThread: Thread finished: S2 1-907
2026-10-06 09:14:34,066 INFO o.a.j.t.JMeterThread: Stopping because end time detected by thread: S2 1-810
2026-10-06 09:14:34,066 INFO o.a.j.t.JMeterThread: Thread finished: S2 1-810
2026-10-06 09:14:34,067 INFO o.a.j.t.JMeterThread: Stopping because end time detected by thread: S2 1-731
2026-10-06 09:14:34,068 INFO o.a.j.t.JMeterThread: Thread finished: S2 1-731
2026-10-06 09:14:34,069 INFO o.a.j.t.JMeterThread: Stopping because end time detected by thread: S2 1-822
2026-10-06 09:14:34,069 INFO o.a.j.t.JMeterThread: Thread finished: S2 1-822
2026-10-06 09:14:34,069 INFO o.a.j.t.JMeterThread: Stopping because end time detected by thread: S2 1-508
2026-10-06 09:14:34,069 INFO o.a.j.t.JMeterThread: Thread finished: S2 1-508
2026-10-06 09:14:34,070 INFO o.a.j.t.JMeterThread: Stopping because end time detected by thread: S2 1-843
2026-10-06 09:14:34,070 INFO o.a.j.t.JMeterThread: Thread finished: S2 1-843
2026-10-06 09:14:34,071 INFO o.a.j.t.JMeterThread: Stopping because end time detected by thread: S2 1-755
2026-10-06 09:14:34,071 INFO o.a.j.t.JMeterThread: Thread finished: S2 1-755
2026-10-06 09:14:34,073 INFO o.a.j.t.JMeterThread: Stopping because end time detected by thread: S2 1-710
2026-10-06 09:14:34,073 INFO o.a.j.t.JMeterThread: Thread finished: S2 1-710
2026-10-06 09:14:34,073 INFO o.a.j.t.JMeterThread: Stopping because end time detected by thread: S2 1-891
2026-10-06 09:14:34,073 INFO o.a.j.t.JMeterThread: Thread finished: S2 1-891
2026-10-06 09:14:34,074 INFO o.a.j.t.JMeterThread: Stopping because end time detected by thread: S2 1-953
2026-10-06 09:14:34,074 INFO o.a.j.t.JMeterThread: Thread finished: S2 1-953
2026-10-06 09:14:34,075 INFO o.a.j.t.JMeterThread: Stopping because end time detected by thread: S2 1-976
2026-10-06 09:14:34,075 INFO o.a.j.t.JMeterThread: Thread finished: S2 1-976
2026-10-06 09:14:34,076 INFO o.a.j.t.JMeterThread: Stopping because end time detected by thread: S2 1-807
2026-10-06 09:14:34,076 INFO o.a.j.t.JMeterThread: Stopping because end time detected by thread: S2 1-537
2026-10-06 09:14:34,076 INFO o.a.j.t.JMeterThread: Thread finished: S2 1-807
2026-10-06 09:14:34,076 INFO o.a.j.t.JMeterThread: Thread finished: S2 1-537
2026-10-06 09:14:34,078 INFO o.a.j.t.JMeterThread: Stopping because end time detected by thread: S2 1-928
2026-10-06 09:14:34,078 INFO o.a.j.t.JMeterThread: Thread finished: S2 1-928
2026-10-06 09:14:34,079 INFO o.a.j.t.JMeterThread: Stopping because end time detected by thread: S2 1-972
2026-10-06 09:14:34,079 INFO o.a.j.t.JMeterThread: Thread finished: S2 1-972
2026-10-06 09:14:34,080 INFO o.a.j.t.JMeterThread: Stopping because end time detected by thread: S2 1-962
2026-10-06 09:14:34,080 INFO o.a.j.t.JMeterThread: Stopping because end time detected by thread: S2 1-749
2026-10-06 09:14:34,080 INFO o.a.j.t.JMeterThread: Thread finished: S2 1-962
2026-10-06 09:14:34,080 INFO o.a.j.t.JMeterThread: Thread finished: S2 1-749
2026-10-06 09:14:34,082 INFO o.a.j.t.JMeterThread: Stopping because end time detected by thread: S2 1-932
2026-10-06 09:14:34,082 INFO o.a.j.t.JMeterThread: Thread finished: S2 1-932
2026-10-06 09:14:34,084 INFO o.a.j.t.JMeterThread: Stopping because end time detected by thread: S2 1-885
2026-10-06 09:14:34,084 INFO o.a.j.t.JMeterThread: Thread finished: S2 1-885
2026-10-06 09:14:34,085 INFO o.a.j.t.JMeterThread: Stopping because end time detected by thread: S2 1-897
2026-10-06 09:14:34,085 INFO o.a.j.t.JMeterThread: Thread finished: S2 1-897
2026-10-06 09:14:34,087 INFO o.a.j.t.JMeterThread: Stopping because end time detected by thread: S2 1-798
2026-10-06 09:14:34,087 INFO o.a.j.t.JMeterThread: Thread finished: S2 1-798
2026-10-06 09:14:34,088 INFO o.a.j.t.JMeterThread: Stopping because end time detected by thread: S2 1-925
2026-10-06 09:14:34,088 INFO o.a.j.t.JMeterThread: Thread finished: S2 1-925
2026-10-06 09:14:34,090 INFO o.a.j.t.JMeterThread: Stopping because end time detected by thread: S2 1-935
2026-10-06 09:14:34,090 INFO o.a.j.t.JMeterThread: Thread finished: S2 1-935
2026-10-06 09:14:34,092 INFO o.a.j.t.JMeterThread: Stopping because end time detected by thread: S2 1-837
2026-10-06 09:14:34,092 INFO o.a.j.t.JMeterThread: Thread finished: S2 1-837
2026-10-06 09:14:34,094 INFO o.a.j.t.JMeterThread: Stopping because end time detected by thread: S2 1-833
2026-10-06 09:14:34,094 INFO o.a.j.t.JMeterThread: Thread finished: S2 1-833
2026-10-06 09:14:34,095 INFO o.a.j.t.JMeterThread: Stopping because end time detected by thread: S2 1-971
2026-10-06 09:14:34,096 INFO o.a.j.t.JMeterThread: Thread finished: S2 1-971
2026-10-06 09:14:34,098 INFO o.a.j.t.JMeterThread: Stopping because end time detected by thread: S2 1-792
2026-10-06 09:14:34,098 INFO o.a.j.t.JMeterThread: Thread finished: S2 1-792
2026-10-06 09:14:34,101 INFO o.a.j.t.JMeterThread: Stopping because end time detected by thread: S2 1-944
2026-10-06 09:14:34,101 INFO o.a.j.t.JMeterThread: Thread finished: S2 1-944
2026-10-06 09:14:34,104 INFO o.a.j.t.JMeterThread: Stopping because end time detected by thread: S2 1-929
2026-10-06 09:14:34,104 INFO o.a.j.t.JMeterThread: Thread finished: S2 1-929
2026-10-06 09:14:34,108 INFO o.a.j.t.JMeterThread: Stopping because end time detected by thread: S2 1-893
2026-10-06 09:14:34,108 INFO o.a.j.t.JMeterThread: Thread finished: S2 1-893
2026-10-06 09:14:34,113 INFO o.a.j.t.JMeterThread: Stopping because end time detected by thread: S2 1-974
2026-10-06 09:14:34,113 INFO o.a.j.t.JMeterThread: Thread finished: S2 1-974
2026-10-06 09:14:34,116 INFO o.a.j.t.JMeterThread: Stopping because end time detected by thread: S2 1-958
2026-10-06 09:14:34,117 INFO o.a.j.t.JMeterThread: Thread finished: S2 1-958
2026-10-06 09:14:34,120 INFO o.a.j.t.JMeterThread: Stopping because end time detected by thread: S2 1-896
2026-10-06 09:14:34,120 INFO o.a.j.t.JMeterThread: Thread finished: S2 1-896
2026-10-06 09:14:34,123 INFO o.a.j.t.JMeterThread: Stopping because end time detected by thread: S2 1-933
2026-10-06 09:14:34,123 INFO o.a.j.t.JMeterThread: Thread finished: S2 1-933
2026-10-06 09:14:34,124 INFO o.a.j.e.StandardJMeterEngine: Notifying test listeners of end of test
2026-10-06 09:14:34,124 INFO o.a.j.s.FileServer: Close: /tests/data/available_menu_items.csv
2026-10-06 09:14:34,126 INFO o.a.j.r.Summariser: summary +   3999 in 00:00:04 =  969.2/s Avg:  1018 Min:   871 Max:  1088 Err:     0 (0.00%) Active: 0 Started: 1000 Finished: 1000
2026-10-06 09:14:34,127 INFO o.a.j.r.Summariser: summary =  59808 in 00:01:02 =  962.3/s Avg:   986 Min:    14 Max:  1404 Err:     0 (0.00%)
