2026-10-06 08:16:15,268 INFO o.a.j.u.JMeterUtils: Setting Locale to en_EN
2026-10-06 08:16:15,290 INFO o.a.j.JMeter: Loading user properties from: /opt/jmeter/bin/user.properties
2026-10-06 08:16:15,290 INFO o.a.j.JMeter: Loading system properties from: /opt/jmeter/bin/system.properties
2026-10-06 08:16:15,290 INFO o.a.j.JMeter: Loading additional properties from: /tests/run.properties
2026-10-06 08:16:15,291 INFO o.a.j.JMeter: Loading additional properties from: /tests/data/ranges.properties
2026-10-06 08:16:15,291 INFO o.a.j.JMeter: Setting JMeter property: host=laravel-nginx
2026-10-06 08:16:15,291 INFO o.a.j.JMeter: Setting JMeter property: port=80
2026-10-06 08:16:15,291 INFO o.a.j.JMeter: Setting JMeter property: rampup=10
2026-10-06 08:16:15,291 INFO o.a.j.JMeter: Setting JMeter property: endpoint=EP3
2026-10-06 08:16:15,291 INFO o.a.j.JMeter: Setting JMeter property: users=500
2026-10-06 08:16:15,291 INFO o.a.j.JMeter: Setting JMeter property: duration=60
2026-10-06 08:16:15,296 INFO o.a.j.JMeter: Copyright (c) 1998-2024 The Apache Software Foundation
2026-10-06 08:16:15,297 INFO o.a.j.JMeter: Version 5.6.3
2026-10-06 08:16:15,297 INFO o.a.j.JMeter: java.version=21.0.12.1
2026-10-06 08:16:15,297 INFO o.a.j.JMeter: java.vm.name=OpenJDK 64-Bit Server VM
2026-10-06 08:16:15,297 INFO o.a.j.JMeter: os.name=Linux
2026-10-06 08:16:15,297 INFO o.a.j.JMeter: os.arch=amd64
2026-10-06 08:16:15,297 INFO o.a.j.JMeter: os.version=6.6.87.2-microsoft-standard-WSL2
2026-10-06 08:16:15,297 INFO o.a.j.JMeter: file.encoding=UTF-8
2026-10-06 08:16:15,297 INFO o.a.j.JMeter: java.awt.headless=true
2026-10-06 08:16:15,297 INFO o.a.j.JMeter: Max memory     =4294967296
2026-10-06 08:16:15,298 INFO o.a.j.JMeter: Available Processors =12
2026-10-06 08:16:15,305 INFO o.a.j.JMeter: Default Locale=English (EN)
2026-10-06 08:16:15,305 INFO o.a.j.JMeter: JMeter  Locale=English (EN)
2026-10-06 08:16:15,305 INFO o.a.j.JMeter: JMeterHome=/opt/jmeter
2026-10-06 08:16:15,305 INFO o.a.j.JMeter: user.dir  =/tests
2026-10-06 08:16:15,305 INFO o.a.j.JMeter: PWD       =/tests
2026-10-06 08:16:15,306 INFO o.a.j.JMeter: IP: 172.19.0.5 Name: 99515ad7ff51 FullName: 99515ad7ff51
2026-10-06 08:16:15,316 INFO o.a.j.s.FileServer: Default base='/tests'
2026-10-06 08:16:15,317 INFO o.a.j.s.FileServer: Set new base='/tests'
2026-10-06 08:16:15,488 INFO o.a.j.s.SaveService: Testplan (JMX) version: 2.2. Testlog (JTL) version: 2.2
2026-10-06 08:16:15,511 INFO o.a.j.s.SaveService: Using SaveService properties version 5.0
2026-10-06 08:16:15,514 INFO o.a.j.s.SaveService: Using SaveService properties file encoding UTF-8
2026-10-06 08:16:15,518 INFO o.a.j.s.SaveService: Loading file: /tests/s2.jmx
2026-10-06 08:16:15,570 INFO o.a.j.p.h.s.HTTPSamplerBase: Parser for text/html is org.apache.jmeter.protocol.http.parser.LagartoBasedHtmlParser
2026-10-06 08:16:15,570 INFO o.a.j.p.h.s.HTTPSamplerBase: Parser for application/xhtml+xml is org.apache.jmeter.protocol.http.parser.LagartoBasedHtmlParser
2026-10-06 08:16:15,570 INFO o.a.j.p.h.s.HTTPSamplerBase: Parser for application/xml is org.apache.jmeter.protocol.http.parser.LagartoBasedHtmlParser
2026-10-06 08:16:15,570 INFO o.a.j.p.h.s.HTTPSamplerBase: Parser for text/xml is org.apache.jmeter.protocol.http.parser.LagartoBasedHtmlParser
2026-10-06 08:16:15,570 INFO o.a.j.p.h.s.HTTPSamplerBase: Parser for text/vnd.wap.wml is org.apache.jmeter.protocol.http.parser.RegexpHTMLParser
2026-10-06 08:16:15,570 INFO o.a.j.p.h.s.HTTPSamplerBase: Parser for text/css is org.apache.jmeter.protocol.http.parser.CssParser
2026-10-06 08:16:15,616 INFO o.a.j.JMeter: Creating summariser <summary>
2026-10-06 08:16:15,632 INFO o.a.j.e.StandardJMeterEngine: Running the test!
2026-10-06 08:16:15,633 INFO o.a.j.s.SampleEvent: List of sample_variables: []
2026-10-06 08:16:15,633 INFO o.a.j.s.SampleEvent: List of sample_variables: []
2026-10-06 08:16:15,636 INFO o.a.j.e.u.CompoundVariable: Note: Function class names must contain the string: '.functions.'
2026-10-06 08:16:15,636 INFO o.a.j.e.u.CompoundVariable: Note: Function class names must not contain the string: '.gui.'
2026-10-06 08:16:15,887 INFO o.a.j.JMeter: Running test (1791274575887)
2026-10-06 08:16:15,889 INFO o.a.j.e.StandardJMeterEngine: Starting setUp thread groups
2026-10-06 08:16:15,889 INFO o.a.j.e.StandardJMeterEngine: Starting setUp ThreadGroup: 1 : setUp - login 
2026-10-06 08:16:15,889 INFO o.a.j.e.StandardJMeterEngine: Starting 1 threads for group setUp - login.
2026-10-06 08:16:15,890 INFO o.a.j.e.StandardJMeterEngine: Test will stop abruptly on error
2026-10-06 08:16:15,890 INFO o.a.j.t.ThreadGroup: Starting thread group... number=1 threads=1 ramp-up=1 delayedStart=false
2026-10-06 08:16:15,893 INFO o.a.j.t.ThreadGroup: Started thread group number 1
2026-10-06 08:16:15,893 INFO o.a.j.e.StandardJMeterEngine: Waiting for all setup thread groups to exit
2026-10-06 08:16:15,895 INFO o.a.j.t.JMeterThread: Thread started: setUp - login 1-1
2026-10-06 08:16:15,909 INFO o.a.j.p.h.s.HTTPHCAbstractImpl: Local host = 99515ad7ff51
2026-10-06 08:16:15,914 INFO o.a.j.p.h.s.HTTPHC4Impl: HTTP request retry count = 0
2026-10-06 08:16:15,915 INFO o.a.j.s.SampleResult: Note: Sample TimeStamps are START times
2026-10-06 08:16:15,916 INFO o.a.j.s.SampleResult: sampleresult.default.encoding is set to UTF-8
2026-10-06 08:16:15,916 INFO o.a.j.s.SampleResult: sampleresult.useNanoTime=true
2026-10-06 08:16:15,916 INFO o.a.j.s.SampleResult: sampleresult.nanoThreadSleep=5000
2026-10-06 08:16:16,693 INFO o.a.j.t.JMeterThread: Thread is done: setUp - login 1-1
2026-10-06 08:16:16,694 INFO o.a.j.t.JMeterThread: Thread finished: setUp - login 1-1
2026-10-06 08:16:16,695 INFO o.a.j.e.StandardJMeterEngine: All Setup Threads have ended
2026-10-06 08:16:16,725 INFO o.a.j.e.StandardJMeterEngine: Starting ThreadGroup: 1 : S2
2026-10-06 08:16:16,725 INFO o.a.j.e.StandardJMeterEngine: Starting 500 threads for group S2.
2026-10-06 08:16:16,725 INFO o.a.j.e.StandardJMeterEngine: Thread will continue on error
2026-10-06 08:16:16,726 INFO o.a.j.t.ThreadGroup: Starting thread group... number=1 threads=500 ramp-up=10 delayedStart=false
2026-10-06 08:16:16,740 INFO o.a.j.t.JMeterThread: Thread started: S2 1-1
2026-10-06 08:16:16,740 INFO o.a.j.s.FileServer: Stored: /tests/data/available_menu_items.csv
2026-10-06 08:16:16,758 INFO o.a.j.t.JMeterThread: Thread started: S2 1-2
2026-10-06 08:16:16,778 INFO o.a.j.t.JMeterThread: Thread started: S2 1-3
2026-10-06 08:16:16,796 INFO o.a.j.t.JMeterThread: Thread started: S2 1-4
2026-10-06 08:16:16,815 INFO o.a.j.t.JMeterThread: Thread started: S2 1-5
2026-10-06 08:16:16,834 INFO o.a.j.t.JMeterThread: Thread started: S2 1-6
2026-10-06 08:16:16,851 INFO o.a.j.t.JMeterThread: Thread started: S2 1-7
2026-10-06 08:16:16,874 INFO o.a.j.t.JMeterThread: Thread started: S2 1-8
2026-10-06 08:16:16,891 INFO o.a.j.t.JMeterThread: Thread started: S2 1-9
2026-10-06 08:16:16,911 INFO o.a.j.t.JMeterThread: Thread started: S2 1-10
2026-10-06 08:16:16,928 INFO o.a.j.t.JMeterThread: Thread started: S2 1-11
2026-10-06 08:16:16,948 INFO o.a.j.t.JMeterThread: Thread started: S2 1-12
2026-10-06 08:16:16,968 INFO o.a.j.t.JMeterThread: Thread started: S2 1-13
2026-10-06 08:16:16,988 INFO o.a.j.t.JMeterThread: Thread started: S2 1-14
2026-10-06 08:16:17,004 INFO o.a.j.t.ThreadGroup: Started thread group number 1
2026-10-06 08:16:17,005 INFO o.a.j.e.StandardJMeterEngine: All thread groups have been started
2026-10-06 08:16:17,010 INFO o.a.j.t.JMeterThread: Thread started: S2 1-15
2026-10-06 08:16:17,030 INFO o.a.j.t.JMeterThread: Thread started: S2 1-16
2026-10-06 08:16:17,048 INFO o.a.j.t.JMeterThread: Thread started: S2 1-17
2026-10-06 08:16:17,068 INFO o.a.j.t.JMeterThread: Thread started: S2 1-18
2026-10-06 08:16:17,088 INFO o.a.j.t.JMeterThread: Thread started: S2 1-19
2026-10-06 08:16:17,108 INFO o.a.j.t.JMeterThread: Thread started: S2 1-20
2026-10-06 08:16:17,128 INFO o.a.j.t.JMeterThread: Thread started: S2 1-21
2026-10-06 08:16:17,147 INFO o.a.j.t.JMeterThread: Thread started: S2 1-22
2026-10-06 08:16:17,168 INFO o.a.j.t.JMeterThread: Thread started: S2 1-23
2026-10-06 08:16:17,187 INFO o.a.j.t.JMeterThread: Thread started: S2 1-24
2026-10-06 08:16:17,207 INFO o.a.j.t.JMeterThread: Thread started: S2 1-25
2026-10-06 08:16:17,227 INFO o.a.j.t.JMeterThread: Thread started: S2 1-26
2026-10-06 08:16:17,247 INFO o.a.j.t.JMeterThread: Thread started: S2 1-27
2026-10-06 08:16:17,267 INFO o.a.j.t.JMeterThread: Thread started: S2 1-28
2026-10-06 08:16:17,288 INFO o.a.j.t.JMeterThread: Thread started: S2 1-29
2026-10-06 08:16:17,308 INFO o.a.j.t.JMeterThread: Thread started: S2 1-30
2026-10-06 08:16:17,327 INFO o.a.j.t.JMeterThread: Thread started: S2 1-31
2026-10-06 08:16:17,347 INFO o.a.j.t.JMeterThread: Thread started: S2 1-32
2026-10-06 08:16:17,367 INFO o.a.j.t.JMeterThread: Thread started: S2 1-33
2026-10-06 08:16:17,387 INFO o.a.j.t.JMeterThread: Thread started: S2 1-34
2026-10-06 08:16:17,407 INFO o.a.j.t.JMeterThread: Thread started: S2 1-35
2026-10-06 08:16:17,427 INFO o.a.j.t.JMeterThread: Thread started: S2 1-36
2026-10-06 08:16:17,448 INFO o.a.j.t.JMeterThread: Thread started: S2 1-37
2026-10-06 08:16:17,468 INFO o.a.j.t.JMeterThread: Thread started: S2 1-38
2026-10-06 08:16:17,488 INFO o.a.j.t.JMeterThread: Thread started: S2 1-39
2026-10-06 08:16:17,508 INFO o.a.j.t.JMeterThread: Thread started: S2 1-40
2026-10-06 08:16:17,528 INFO o.a.j.t.JMeterThread: Thread started: S2 1-41
2026-10-06 08:16:17,548 INFO o.a.j.t.JMeterThread: Thread started: S2 1-42
2026-10-06 08:16:17,568 INFO o.a.j.t.JMeterThread: Thread started: S2 1-43
2026-10-06 08:16:17,587 INFO o.a.j.t.JMeterThread: Thread started: S2 1-44
2026-10-06 08:16:17,608 INFO o.a.j.t.JMeterThread: Thread started: S2 1-45
2026-10-06 08:16:17,627 INFO o.a.j.t.JMeterThread: Thread started: S2 1-46
2026-10-06 08:16:17,648 INFO o.a.j.t.JMeterThread: Thread started: S2 1-47
2026-10-06 08:16:17,667 INFO o.a.j.t.JMeterThread: Thread started: S2 1-48
2026-10-06 08:16:17,687 INFO o.a.j.t.JMeterThread: Thread started: S2 1-49
2026-10-06 08:16:17,708 INFO o.a.j.t.JMeterThread: Thread started: S2 1-50
2026-10-06 08:16:17,729 INFO o.a.j.t.JMeterThread: Thread started: S2 1-51
2026-10-06 08:16:17,747 INFO o.a.j.t.JMeterThread: Thread started: S2 1-52
2026-10-06 08:16:17,768 INFO o.a.j.t.JMeterThread: Thread started: S2 1-53
2026-10-06 08:16:17,788 INFO o.a.j.t.JMeterThread: Thread started: S2 1-54
2026-10-06 08:16:17,807 INFO o.a.j.t.JMeterThread: Thread started: S2 1-55
2026-10-06 08:16:17,828 INFO o.a.j.t.JMeterThread: Thread started: S2 1-56
2026-10-06 08:16:17,847 INFO o.a.j.t.JMeterThread: Thread started: S2 1-57
2026-10-06 08:16:17,868 INFO o.a.j.t.JMeterThread: Thread started: S2 1-58
2026-10-06 08:16:17,887 INFO o.a.j.t.JMeterThread: Thread started: S2 1-59
2026-10-06 08:16:17,907 INFO o.a.j.t.JMeterThread: Thread started: S2 1-60
2026-10-06 08:16:17,928 INFO o.a.j.t.JMeterThread: Thread started: S2 1-61
2026-10-06 08:16:17,948 INFO o.a.j.t.JMeterThread: Thread started: S2 1-62
2026-10-06 08:16:17,968 INFO o.a.j.t.JMeterThread: Thread started: S2 1-63
2026-10-06 08:16:17,987 INFO o.a.j.t.JMeterThread: Thread started: S2 1-64
2026-10-06 08:16:18,007 INFO o.a.j.t.JMeterThread: Thread started: S2 1-65
2026-10-06 08:16:18,026 INFO o.a.j.t.JMeterThread: Thread started: S2 1-66
2026-10-06 08:16:18,047 INFO o.a.j.t.JMeterThread: Thread started: S2 1-67
2026-10-06 08:16:18,067 INFO o.a.j.t.JMeterThread: Thread started: S2 1-68
2026-10-06 08:16:18,088 INFO o.a.j.t.JMeterThread: Thread started: S2 1-69
2026-10-06 08:16:18,107 INFO o.a.j.t.JMeterThread: Thread started: S2 1-70
2026-10-06 08:16:18,128 INFO o.a.j.t.JMeterThread: Thread started: S2 1-71
2026-10-06 08:16:18,148 INFO o.a.j.t.JMeterThread: Thread started: S2 1-72
2026-10-06 08:16:18,168 INFO o.a.j.t.JMeterThread: Thread started: S2 1-73
2026-10-06 08:16:18,188 INFO o.a.j.t.JMeterThread: Thread started: S2 1-74
2026-10-06 08:16:18,207 INFO o.a.j.t.JMeterThread: Thread started: S2 1-75
2026-10-06 08:16:18,227 INFO o.a.j.t.JMeterThread: Thread started: S2 1-76
2026-10-06 08:16:18,247 INFO o.a.j.t.JMeterThread: Thread started: S2 1-77
2026-10-06 08:16:18,267 INFO o.a.j.t.JMeterThread: Thread started: S2 1-78
2026-10-06 08:16:18,287 INFO o.a.j.t.JMeterThread: Thread started: S2 1-79
2026-10-06 08:16:18,307 INFO o.a.j.t.JMeterThread: Thread started: S2 1-80
2026-10-06 08:16:18,328 INFO o.a.j.t.JMeterThread: Thread started: S2 1-81
2026-10-06 08:16:18,348 INFO o.a.j.t.JMeterThread: Thread started: S2 1-82
2026-10-06 08:16:18,368 INFO o.a.j.t.JMeterThread: Thread started: S2 1-83
2026-10-06 08:16:18,387 INFO o.a.j.t.JMeterThread: Thread started: S2 1-84
2026-10-06 08:16:18,408 INFO o.a.j.t.JMeterThread: Thread started: S2 1-85
2026-10-06 08:16:18,428 INFO o.a.j.t.JMeterThread: Thread started: S2 1-86
2026-10-06 08:16:18,447 INFO o.a.j.t.JMeterThread: Thread started: S2 1-87
2026-10-06 08:16:18,467 INFO o.a.j.t.JMeterThread: Thread started: S2 1-88
2026-10-06 08:16:18,488 INFO o.a.j.t.JMeterThread: Thread started: S2 1-89
2026-10-06 08:16:18,507 INFO o.a.j.t.JMeterThread: Thread started: S2 1-90
2026-10-06 08:16:18,527 INFO o.a.j.t.JMeterThread: Thread started: S2 1-91
2026-10-06 08:16:18,547 INFO o.a.j.t.JMeterThread: Thread started: S2 1-92
2026-10-06 08:16:18,569 INFO o.a.j.t.JMeterThread: Thread started: S2 1-93
2026-10-06 08:16:18,587 INFO o.a.j.t.JMeterThread: Thread started: S2 1-94
2026-10-06 08:16:18,607 INFO o.a.j.t.JMeterThread: Thread started: S2 1-95
2026-10-06 08:16:18,628 INFO o.a.j.t.JMeterThread: Thread started: S2 1-96
2026-10-06 08:16:18,648 INFO o.a.j.t.JMeterThread: Thread started: S2 1-97
2026-10-06 08:16:18,667 INFO o.a.j.t.JMeterThread: Thread started: S2 1-98
2026-10-06 08:16:18,688 INFO o.a.j.t.JMeterThread: Thread started: S2 1-99
2026-10-06 08:16:18,708 INFO o.a.j.t.JMeterThread: Thread started: S2 1-100
2026-10-06 08:16:18,727 INFO o.a.j.t.JMeterThread: Thread started: S2 1-101
2026-10-06 08:16:18,748 INFO o.a.j.t.JMeterThread: Thread started: S2 1-102
2026-10-06 08:16:18,767 INFO o.a.j.t.JMeterThread: Thread started: S2 1-103
2026-10-06 08:16:18,788 INFO o.a.j.t.JMeterThread: Thread started: S2 1-104
2026-10-06 08:16:18,807 INFO o.a.j.t.JMeterThread: Thread started: S2 1-105
2026-10-06 08:16:18,827 INFO o.a.j.t.JMeterThread: Thread started: S2 1-106
2026-10-06 08:16:18,848 INFO o.a.j.t.JMeterThread: Thread started: S2 1-107
2026-10-06 08:16:18,866 INFO o.a.j.t.JMeterThread: Thread started: S2 1-108
2026-10-06 08:16:18,888 INFO o.a.j.t.JMeterThread: Thread started: S2 1-109
2026-10-06 08:16:18,907 INFO o.a.j.t.JMeterThread: Thread started: S2 1-110
2026-10-06 08:16:18,928 INFO o.a.j.t.JMeterThread: Thread started: S2 1-111
2026-10-06 08:16:18,947 INFO o.a.j.t.JMeterThread: Thread started: S2 1-112
2026-10-06 08:16:18,968 INFO o.a.j.t.JMeterThread: Thread started: S2 1-113
2026-10-06 08:16:18,987 INFO o.a.j.t.JMeterThread: Thread started: S2 1-114
2026-10-06 08:16:19,007 INFO o.a.j.t.JMeterThread: Thread started: S2 1-115
2026-10-06 08:16:19,027 INFO o.a.j.t.JMeterThread: Thread started: S2 1-116
2026-10-06 08:16:19,046 INFO o.a.j.t.JMeterThread: Thread started: S2 1-117
2026-10-06 08:16:19,067 INFO o.a.j.t.JMeterThread: Thread started: S2 1-118
2026-10-06 08:16:19,087 INFO o.a.j.t.JMeterThread: Thread started: S2 1-119
2026-10-06 08:16:19,108 INFO o.a.j.t.JMeterThread: Thread started: S2 1-120
2026-10-06 08:16:19,127 INFO o.a.j.t.JMeterThread: Thread started: S2 1-121
2026-10-06 08:16:19,147 INFO o.a.j.t.JMeterThread: Thread started: S2 1-122
2026-10-06 08:16:19,168 INFO o.a.j.t.JMeterThread: Thread started: S2 1-123
2026-10-06 08:16:19,187 INFO o.a.j.t.JMeterThread: Thread started: S2 1-124
2026-10-06 08:16:19,208 INFO o.a.j.t.JMeterThread: Thread started: S2 1-125
2026-10-06 08:16:19,229 INFO o.a.j.t.JMeterThread: Thread started: S2 1-126
2026-10-06 08:16:19,246 INFO o.a.j.t.JMeterThread: Thread started: S2 1-127
2026-10-06 08:16:19,267 INFO o.a.j.t.JMeterThread: Thread started: S2 1-128
2026-10-06 08:16:19,287 INFO o.a.j.t.JMeterThread: Thread started: S2 1-129
2026-10-06 08:16:19,307 INFO o.a.j.t.JMeterThread: Thread started: S2 1-130
2026-10-06 08:16:19,327 INFO o.a.j.t.JMeterThread: Thread started: S2 1-131
2026-10-06 08:16:19,347 INFO o.a.j.t.JMeterThread: Thread started: S2 1-132
2026-10-06 08:16:19,368 INFO o.a.j.t.JMeterThread: Thread started: S2 1-133
2026-10-06 08:16:19,387 INFO o.a.j.t.JMeterThread: Thread started: S2 1-134
2026-10-06 08:16:19,409 INFO o.a.j.t.JMeterThread: Thread started: S2 1-135
2026-10-06 08:16:19,427 INFO o.a.j.t.JMeterThread: Thread started: S2 1-136
2026-10-06 08:16:19,447 INFO o.a.j.t.JMeterThread: Thread started: S2 1-137
2026-10-06 08:16:19,468 INFO o.a.j.t.JMeterThread: Thread started: S2 1-138
2026-10-06 08:16:19,486 INFO o.a.j.t.JMeterThread: Thread started: S2 1-139
2026-10-06 08:16:19,507 INFO o.a.j.t.JMeterThread: Thread started: S2 1-140
2026-10-06 08:16:19,526 INFO o.a.j.t.JMeterThread: Thread started: S2 1-141
2026-10-06 08:16:19,547 INFO o.a.j.t.JMeterThread: Thread started: S2 1-142
2026-10-06 08:16:19,568 INFO o.a.j.t.JMeterThread: Thread started: S2 1-143
2026-10-06 08:16:19,587 INFO o.a.j.t.JMeterThread: Thread started: S2 1-144
2026-10-06 08:16:19,608 INFO o.a.j.t.JMeterThread: Thread started: S2 1-145
2026-10-06 08:16:19,626 INFO o.a.j.t.JMeterThread: Thread started: S2 1-146
2026-10-06 08:16:19,647 INFO o.a.j.t.JMeterThread: Thread started: S2 1-147
2026-10-06 08:16:19,667 INFO o.a.j.t.JMeterThread: Thread started: S2 1-148
2026-10-06 08:16:19,687 INFO o.a.j.t.JMeterThread: Thread started: S2 1-149
2026-10-06 08:16:19,706 INFO o.a.j.t.JMeterThread: Thread started: S2 1-150
2026-10-06 08:16:19,730 INFO o.a.j.t.JMeterThread: Thread started: S2 1-151
2026-10-06 08:16:19,747 INFO o.a.j.t.JMeterThread: Thread started: S2 1-152
2026-10-06 08:16:19,767 INFO o.a.j.t.JMeterThread: Thread started: S2 1-153
2026-10-06 08:16:19,787 INFO o.a.j.t.JMeterThread: Thread started: S2 1-154
2026-10-06 08:16:19,807 INFO o.a.j.t.JMeterThread: Thread started: S2 1-155
2026-10-06 08:16:19,827 INFO o.a.j.t.JMeterThread: Thread started: S2 1-156
2026-10-06 08:16:19,848 INFO o.a.j.t.JMeterThread: Thread started: S2 1-157
2026-10-06 08:16:19,867 INFO o.a.j.t.JMeterThread: Thread started: S2 1-158
2026-10-06 08:16:19,887 INFO o.a.j.t.JMeterThread: Thread started: S2 1-159
2026-10-06 08:16:19,907 INFO o.a.j.t.JMeterThread: Thread started: S2 1-160
2026-10-06 08:16:19,928 INFO o.a.j.t.JMeterThread: Thread started: S2 1-161
2026-10-06 08:16:19,948 INFO o.a.j.t.JMeterThread: Thread started: S2 1-162
2026-10-06 08:16:19,966 INFO o.a.j.t.JMeterThread: Thread started: S2 1-163
2026-10-06 08:16:19,987 INFO o.a.j.t.JMeterThread: Thread started: S2 1-164
2026-10-06 08:16:20,006 INFO o.a.j.t.JMeterThread: Thread started: S2 1-165
2026-10-06 08:16:20,029 INFO o.a.j.t.JMeterThread: Thread started: S2 1-166
2026-10-06 08:16:20,048 INFO o.a.j.t.JMeterThread: Thread started: S2 1-167
2026-10-06 08:16:20,067 INFO o.a.j.t.JMeterThread: Thread started: S2 1-168
2026-10-06 08:16:20,087 INFO o.a.j.t.JMeterThread: Thread started: S2 1-169
2026-10-06 08:16:20,107 INFO o.a.j.t.JMeterThread: Thread started: S2 1-170
2026-10-06 08:16:20,127 INFO o.a.j.t.JMeterThread: Thread started: S2 1-171
2026-10-06 08:16:20,147 INFO o.a.j.t.JMeterThread: Thread started: S2 1-172
2026-10-06 08:16:20,167 INFO o.a.j.t.JMeterThread: Thread started: S2 1-173
2026-10-06 08:16:20,187 INFO o.a.j.t.JMeterThread: Thread started: S2 1-174
2026-10-06 08:16:20,208 INFO o.a.j.t.JMeterThread: Thread started: S2 1-175
2026-10-06 08:16:20,228 INFO o.a.j.t.JMeterThread: Thread started: S2 1-176
2026-10-06 08:16:20,247 INFO o.a.j.t.JMeterThread: Thread started: S2 1-177
2026-10-06 08:16:20,268 INFO o.a.j.t.JMeterThread: Thread started: S2 1-178
2026-10-06 08:16:20,287 INFO o.a.j.t.JMeterThread: Thread started: S2 1-179
2026-10-06 08:16:20,308 INFO o.a.j.t.JMeterThread: Thread started: S2 1-180
2026-10-06 08:16:20,328 INFO o.a.j.t.JMeterThread: Thread started: S2 1-181
2026-10-06 08:16:20,348 INFO o.a.j.t.JMeterThread: Thread started: S2 1-182
2026-10-06 08:16:20,367 INFO o.a.j.t.JMeterThread: Thread started: S2 1-183
2026-10-06 08:16:20,387 INFO o.a.j.t.JMeterThread: Thread started: S2 1-184
2026-10-06 08:16:20,407 INFO o.a.j.t.JMeterThread: Thread started: S2 1-185
2026-10-06 08:16:20,427 INFO o.a.j.t.JMeterThread: Thread started: S2 1-186
2026-10-06 08:16:20,446 INFO o.a.j.t.JMeterThread: Thread started: S2 1-187
2026-10-06 08:16:20,468 INFO o.a.j.t.JMeterThread: Thread started: S2 1-188
2026-10-06 08:16:20,486 INFO o.a.j.t.JMeterThread: Thread started: S2 1-189
2026-10-06 08:16:20,508 INFO o.a.j.t.JMeterThread: Thread started: S2 1-190
2026-10-06 08:16:20,526 INFO o.a.j.t.JMeterThread: Thread started: S2 1-191
2026-10-06 08:16:20,548 INFO o.a.j.t.JMeterThread: Thread started: S2 1-192
2026-10-06 08:16:20,567 INFO o.a.j.t.JMeterThread: Thread started: S2 1-193
2026-10-06 08:16:20,588 INFO o.a.j.t.JMeterThread: Thread started: S2 1-194
2026-10-06 08:16:20,606 INFO o.a.j.t.JMeterThread: Thread started: S2 1-195
2026-10-06 08:16:20,627 INFO o.a.j.t.JMeterThread: Thread started: S2 1-196
2026-10-06 08:16:20,647 INFO o.a.j.t.JMeterThread: Thread started: S2 1-197
2026-10-06 08:16:20,680 INFO o.a.j.t.JMeterThread: Thread started: S2 1-198
2026-10-06 08:16:20,687 INFO o.a.j.t.JMeterThread: Thread started: S2 1-199
2026-10-06 08:16:20,707 INFO o.a.j.t.JMeterThread: Thread started: S2 1-200
2026-10-06 08:16:20,737 INFO o.a.j.t.JMeterThread: Thread started: S2 1-201
2026-10-06 08:16:20,758 INFO o.a.j.t.JMeterThread: Thread started: S2 1-202
2026-10-06 08:16:20,767 INFO o.a.j.t.JMeterThread: Thread started: S2 1-203
2026-10-06 08:16:20,787 INFO o.a.j.t.JMeterThread: Thread started: S2 1-204
2026-10-06 08:16:20,806 INFO o.a.j.t.JMeterThread: Thread started: S2 1-205
2026-10-06 08:16:20,828 INFO o.a.j.t.JMeterThread: Thread started: S2 1-206
2026-10-06 08:16:20,846 INFO o.a.j.t.JMeterThread: Thread started: S2 1-207
2026-10-06 08:16:20,867 INFO o.a.j.t.JMeterThread: Thread started: S2 1-208
2026-10-06 08:16:20,887 INFO o.a.j.t.JMeterThread: Thread started: S2 1-209
2026-10-06 08:16:20,907 INFO o.a.j.t.JMeterThread: Thread started: S2 1-210
2026-10-06 08:16:20,926 INFO o.a.j.t.JMeterThread: Thread started: S2 1-211
2026-10-06 08:16:20,948 INFO o.a.j.t.JMeterThread: Thread started: S2 1-212
2026-10-06 08:16:20,966 INFO o.a.j.t.JMeterThread: Thread started: S2 1-213
2026-10-06 08:16:20,987 INFO o.a.j.t.JMeterThread: Thread started: S2 1-214
2026-10-06 08:16:21,007 INFO o.a.j.t.JMeterThread: Thread started: S2 1-215
2026-10-06 08:16:21,027 INFO o.a.j.t.JMeterThread: Thread started: S2 1-216
2026-10-06 08:16:21,048 INFO o.a.j.t.JMeterThread: Thread started: S2 1-217
2026-10-06 08:16:21,066 INFO o.a.j.t.JMeterThread: Thread started: S2 1-218
2026-10-06 08:16:21,088 INFO o.a.j.t.JMeterThread: Thread started: S2 1-219
2026-10-06 08:16:21,107 INFO o.a.j.t.JMeterThread: Thread started: S2 1-220
2026-10-06 08:16:21,127 INFO o.a.j.t.JMeterThread: Thread started: S2 1-221
2026-10-06 08:16:21,147 INFO o.a.j.t.JMeterThread: Thread started: S2 1-222
2026-10-06 08:16:21,166 INFO o.a.j.t.JMeterThread: Thread started: S2 1-223
2026-10-06 08:16:21,188 INFO o.a.j.t.JMeterThread: Thread started: S2 1-224
2026-10-06 08:16:21,206 INFO o.a.j.t.JMeterThread: Thread started: S2 1-225
2026-10-06 08:16:21,228 INFO o.a.j.t.JMeterThread: Thread started: S2 1-226
2026-10-06 08:16:21,248 INFO o.a.j.t.JMeterThread: Thread started: S2 1-227
2026-10-06 08:16:21,268 INFO o.a.j.t.JMeterThread: Thread started: S2 1-228
2026-10-06 08:16:21,288 INFO o.a.j.t.JMeterThread: Thread started: S2 1-229
2026-10-06 08:16:21,307 INFO o.a.j.t.JMeterThread: Thread started: S2 1-230
2026-10-06 08:16:21,328 INFO o.a.j.t.JMeterThread: Thread started: S2 1-231
2026-10-06 08:16:21,348 INFO o.a.j.t.JMeterThread: Thread started: S2 1-232
2026-10-06 08:16:21,367 INFO o.a.j.t.JMeterThread: Thread started: S2 1-233
2026-10-06 08:16:21,388 INFO o.a.j.t.JMeterThread: Thread started: S2 1-234
2026-10-06 08:16:21,409 INFO o.a.j.t.JMeterThread: Thread started: S2 1-235
2026-10-06 08:16:21,429 INFO o.a.j.t.JMeterThread: Thread started: S2 1-236
2026-10-06 08:16:21,448 INFO o.a.j.t.JMeterThread: Thread started: S2 1-237
2026-10-06 08:16:21,469 INFO o.a.j.t.JMeterThread: Thread started: S2 1-238
2026-10-06 08:16:21,488 INFO o.a.j.t.JMeterThread: Thread started: S2 1-239
2026-10-06 08:16:21,507 INFO o.a.j.t.JMeterThread: Thread started: S2 1-240
2026-10-06 08:16:21,528 INFO o.a.j.t.JMeterThread: Thread started: S2 1-241
2026-10-06 08:16:21,547 INFO o.a.j.t.JMeterThread: Thread started: S2 1-242
2026-10-06 08:16:21,567 INFO o.a.j.t.JMeterThread: Thread started: S2 1-243
2026-10-06 08:16:21,587 INFO o.a.j.t.JMeterThread: Thread started: S2 1-244
2026-10-06 08:16:21,607 INFO o.a.j.t.JMeterThread: Thread started: S2 1-245
2026-10-06 08:16:21,627 INFO o.a.j.t.JMeterThread: Thread started: S2 1-246
2026-10-06 08:16:21,647 INFO o.a.j.t.JMeterThread: Thread started: S2 1-247
2026-10-06 08:16:21,668 INFO o.a.j.t.JMeterThread: Thread started: S2 1-248
2026-10-06 08:16:21,687 INFO o.a.j.t.JMeterThread: Thread started: S2 1-249
2026-10-06 08:16:21,708 INFO o.a.j.t.JMeterThread: Thread started: S2 1-250
2026-10-06 08:16:21,727 INFO o.a.j.t.JMeterThread: Thread started: S2 1-251
2026-10-06 08:16:21,746 INFO o.a.j.t.JMeterThread: Thread started: S2 1-252
2026-10-06 08:16:21,768 INFO o.a.j.t.JMeterThread: Thread started: S2 1-253
2026-10-06 08:16:21,788 INFO o.a.j.t.JMeterThread: Thread started: S2 1-254
2026-10-06 08:16:21,808 INFO o.a.j.t.JMeterThread: Thread started: S2 1-255
2026-10-06 08:16:21,827 INFO o.a.j.t.JMeterThread: Thread started: S2 1-256
2026-10-06 08:16:21,847 INFO o.a.j.t.JMeterThread: Thread started: S2 1-257
2026-10-06 08:16:21,867 INFO o.a.j.t.JMeterThread: Thread started: S2 1-258
2026-10-06 08:16:21,887 INFO o.a.j.t.JMeterThread: Thread started: S2 1-259
2026-10-06 08:16:21,907 INFO o.a.j.t.JMeterThread: Thread started: S2 1-260
2026-10-06 08:16:21,927 INFO o.a.j.t.JMeterThread: Thread started: S2 1-261
2026-10-06 08:16:21,948 INFO o.a.j.t.JMeterThread: Thread started: S2 1-262
2026-10-06 08:16:21,966 INFO o.a.j.t.JMeterThread: Thread started: S2 1-263
2026-10-06 08:16:21,986 INFO o.a.j.t.JMeterThread: Thread started: S2 1-264
2026-10-06 08:16:22,007 INFO o.a.j.t.JMeterThread: Thread started: S2 1-265
2026-10-06 08:16:22,027 INFO o.a.j.t.JMeterThread: Thread started: S2 1-266
2026-10-06 08:16:22,049 INFO o.a.j.t.JMeterThread: Thread started: S2 1-267
2026-10-06 08:16:22,067 INFO o.a.j.t.JMeterThread: Thread started: S2 1-268
2026-10-06 08:16:22,087 INFO o.a.j.t.JMeterThread: Thread started: S2 1-269
2026-10-06 08:16:22,107 INFO o.a.j.t.JMeterThread: Thread started: S2 1-270
2026-10-06 08:16:22,127 INFO o.a.j.t.JMeterThread: Thread started: S2 1-271
2026-10-06 08:16:22,147 INFO o.a.j.t.JMeterThread: Thread started: S2 1-272
2026-10-06 08:16:22,166 INFO o.a.j.t.JMeterThread: Thread started: S2 1-273
2026-10-06 08:16:22,187 INFO o.a.j.t.JMeterThread: Thread started: S2 1-274
2026-10-06 08:16:22,206 INFO o.a.j.t.JMeterThread: Thread started: S2 1-275
2026-10-06 08:16:22,228 INFO o.a.j.t.JMeterThread: Thread started: S2 1-276
2026-10-06 08:16:22,249 INFO o.a.j.t.JMeterThread: Thread started: S2 1-277
2026-10-06 08:16:22,267 INFO o.a.j.t.JMeterThread: Thread started: S2 1-278
2026-10-06 08:16:22,286 INFO o.a.j.t.JMeterThread: Thread started: S2 1-279
2026-10-06 08:16:22,307 INFO o.a.j.t.JMeterThread: Thread started: S2 1-280
2026-10-06 08:16:22,326 INFO o.a.j.t.JMeterThread: Thread started: S2 1-281
2026-10-06 08:16:22,348 INFO o.a.j.t.JMeterThread: Thread started: S2 1-282
2026-10-06 08:16:22,366 INFO o.a.j.t.JMeterThread: Thread started: S2 1-283
2026-10-06 08:16:22,387 INFO o.a.j.t.JMeterThread: Thread started: S2 1-284
2026-10-06 08:16:22,407 INFO o.a.j.t.JMeterThread: Thread started: S2 1-285
2026-10-06 08:16:22,427 INFO o.a.j.t.JMeterThread: Thread started: S2 1-286
2026-10-06 08:16:22,447 INFO o.a.j.t.JMeterThread: Thread started: S2 1-287
2026-10-06 08:16:22,467 INFO o.a.j.t.JMeterThread: Thread started: S2 1-288
2026-10-06 08:16:22,487 INFO o.a.j.t.JMeterThread: Thread started: S2 1-289
2026-10-06 08:16:22,507 INFO o.a.j.t.JMeterThread: Thread started: S2 1-290
2026-10-06 08:16:22,528 INFO o.a.j.t.JMeterThread: Thread started: S2 1-291
2026-10-06 08:16:22,547 INFO o.a.j.t.JMeterThread: Thread started: S2 1-292
2026-10-06 08:16:22,567 INFO o.a.j.t.JMeterThread: Thread started: S2 1-293
2026-10-06 08:16:22,588 INFO o.a.j.t.JMeterThread: Thread started: S2 1-294
2026-10-06 08:16:22,606 INFO o.a.j.t.JMeterThread: Thread started: S2 1-295
2026-10-06 08:16:22,627 INFO o.a.j.t.JMeterThread: Thread started: S2 1-296
2026-10-06 08:16:22,647 INFO o.a.j.t.JMeterThread: Thread started: S2 1-297
2026-10-06 08:16:22,668 INFO o.a.j.t.JMeterThread: Thread started: S2 1-298
2026-10-06 08:16:22,687 INFO o.a.j.t.JMeterThread: Thread started: S2 1-299
2026-10-06 08:16:22,707 INFO o.a.j.t.JMeterThread: Thread started: S2 1-300
2026-10-06 08:16:22,728 INFO o.a.j.t.JMeterThread: Thread started: S2 1-301
2026-10-06 08:16:22,747 INFO o.a.j.t.JMeterThread: Thread started: S2 1-302
2026-10-06 08:16:22,767 INFO o.a.j.t.JMeterThread: Thread started: S2 1-303
2026-10-06 08:16:22,786 INFO o.a.j.t.JMeterThread: Thread started: S2 1-304
2026-10-06 08:16:22,807 INFO o.a.j.t.JMeterThread: Thread started: S2 1-305
2026-10-06 08:16:22,827 INFO o.a.j.t.JMeterThread: Thread started: S2 1-306
2026-10-06 08:16:22,846 INFO o.a.j.t.JMeterThread: Thread started: S2 1-307
2026-10-06 08:16:22,867 INFO o.a.j.t.JMeterThread: Thread started: S2 1-308
2026-10-06 08:16:22,886 INFO o.a.j.t.JMeterThread: Thread started: S2 1-309
2026-10-06 08:16:22,906 INFO o.a.j.t.JMeterThread: Thread started: S2 1-310
2026-10-06 08:16:22,929 INFO o.a.j.t.JMeterThread: Thread started: S2 1-311
2026-10-06 08:16:22,947 INFO o.a.j.t.JMeterThread: Thread started: S2 1-312
2026-10-06 08:16:22,966 INFO o.a.j.t.JMeterThread: Thread started: S2 1-313
2026-10-06 08:16:22,988 INFO o.a.j.t.JMeterThread: Thread started: S2 1-314
2026-10-06 08:16:23,008 INFO o.a.j.t.JMeterThread: Thread started: S2 1-315
2026-10-06 08:16:23,027 INFO o.a.j.t.JMeterThread: Thread started: S2 1-316
2026-10-06 08:16:23,047 INFO o.a.j.t.JMeterThread: Thread started: S2 1-317
2026-10-06 08:16:23,066 INFO o.a.j.t.JMeterThread: Thread started: S2 1-318
2026-10-06 08:16:23,088 INFO o.a.j.t.JMeterThread: Thread started: S2 1-319
2026-10-06 08:16:23,107 INFO o.a.j.t.JMeterThread: Thread started: S2 1-320
2026-10-06 08:16:23,126 INFO o.a.j.t.JMeterThread: Thread started: S2 1-321
2026-10-06 08:16:23,147 INFO o.a.j.t.JMeterThread: Thread started: S2 1-322
2026-10-06 08:16:23,166 INFO o.a.j.t.JMeterThread: Thread started: S2 1-323
2026-10-06 08:16:23,187 INFO o.a.j.t.JMeterThread: Thread started: S2 1-324
2026-10-06 08:16:23,207 INFO o.a.j.t.JMeterThread: Thread started: S2 1-325
2026-10-06 08:16:23,226 INFO o.a.j.t.JMeterThread: Thread started: S2 1-326
2026-10-06 08:16:23,247 INFO o.a.j.t.JMeterThread: Thread started: S2 1-327
2026-10-06 08:16:23,266 INFO o.a.j.t.JMeterThread: Thread started: S2 1-328
2026-10-06 08:16:23,288 INFO o.a.j.t.JMeterThread: Thread started: S2 1-329
2026-10-06 08:16:23,307 INFO o.a.j.t.JMeterThread: Thread started: S2 1-330
2026-10-06 08:16:23,327 INFO o.a.j.t.JMeterThread: Thread started: S2 1-331
2026-10-06 08:16:23,347 INFO o.a.j.t.JMeterThread: Thread started: S2 1-332
2026-10-06 08:16:23,367 INFO o.a.j.t.JMeterThread: Thread started: S2 1-333
2026-10-06 08:16:23,387 INFO o.a.j.t.JMeterThread: Thread started: S2 1-334
2026-10-06 08:16:23,406 INFO o.a.j.t.JMeterThread: Thread started: S2 1-335
2026-10-06 08:16:23,428 INFO o.a.j.t.JMeterThread: Thread started: S2 1-336
2026-10-06 08:16:23,448 INFO o.a.j.t.JMeterThread: Thread started: S2 1-337
2026-10-06 08:16:23,466 INFO o.a.j.t.JMeterThread: Thread started: S2 1-338
2026-10-06 08:16:23,489 INFO o.a.j.t.JMeterThread: Thread started: S2 1-339
2026-10-06 08:16:23,507 INFO o.a.j.t.JMeterThread: Thread started: S2 1-340
2026-10-06 08:16:23,528 INFO o.a.j.t.JMeterThread: Thread started: S2 1-341
2026-10-06 08:16:23,547 INFO o.a.j.t.JMeterThread: Thread started: S2 1-342
2026-10-06 08:16:23,567 INFO o.a.j.t.JMeterThread: Thread started: S2 1-343
2026-10-06 08:16:23,587 INFO o.a.j.t.JMeterThread: Thread started: S2 1-344
2026-10-06 08:16:23,607 INFO o.a.j.t.JMeterThread: Thread started: S2 1-345
2026-10-06 08:16:23,626 INFO o.a.j.t.JMeterThread: Thread started: S2 1-346
2026-10-06 08:16:23,647 INFO o.a.j.t.JMeterThread: Thread started: S2 1-347
2026-10-06 08:16:23,667 INFO o.a.j.t.JMeterThread: Thread started: S2 1-348
2026-10-06 08:16:23,686 INFO o.a.j.t.JMeterThread: Thread started: S2 1-349
2026-10-06 08:16:23,707 INFO o.a.j.t.JMeterThread: Thread started: S2 1-350
2026-10-06 08:16:23,728 INFO o.a.j.t.JMeterThread: Thread started: S2 1-351
2026-10-06 08:16:23,746 INFO o.a.j.t.JMeterThread: Thread started: S2 1-352
2026-10-06 08:16:23,767 INFO o.a.j.t.JMeterThread: Thread started: S2 1-353
2026-10-06 08:16:23,787 INFO o.a.j.t.JMeterThread: Thread started: S2 1-354
2026-10-06 08:16:23,807 INFO o.a.j.t.JMeterThread: Thread started: S2 1-355
2026-10-06 08:16:23,827 INFO o.a.j.t.JMeterThread: Thread started: S2 1-356
2026-10-06 08:16:23,846 INFO o.a.j.t.JMeterThread: Thread started: S2 1-357
2026-10-06 08:16:23,868 INFO o.a.j.t.JMeterThread: Thread started: S2 1-358
2026-10-06 08:16:23,887 INFO o.a.j.t.JMeterThread: Thread started: S2 1-359
2026-10-06 08:16:23,906 INFO o.a.j.t.JMeterThread: Thread started: S2 1-360
2026-10-06 08:16:23,927 INFO o.a.j.t.JMeterThread: Thread started: S2 1-361
2026-10-06 08:16:23,947 INFO o.a.j.t.JMeterThread: Thread started: S2 1-362
2026-10-06 08:16:23,967 INFO o.a.j.t.JMeterThread: Thread started: S2 1-363
2026-10-06 08:16:23,987 INFO o.a.j.t.JMeterThread: Thread started: S2 1-364
2026-10-06 08:16:24,007 INFO o.a.j.t.JMeterThread: Thread started: S2 1-365
2026-10-06 08:16:24,027 INFO o.a.j.t.JMeterThread: Thread started: S2 1-366
2026-10-06 08:16:24,047 INFO o.a.j.t.JMeterThread: Thread started: S2 1-367
2026-10-06 08:16:24,066 INFO o.a.j.t.JMeterThread: Thread started: S2 1-368
2026-10-06 08:16:24,087 INFO o.a.j.t.JMeterThread: Thread started: S2 1-369
2026-10-06 08:16:24,107 INFO o.a.j.t.JMeterThread: Thread started: S2 1-370
2026-10-06 08:16:24,127 INFO o.a.j.t.JMeterThread: Thread started: S2 1-371
2026-10-06 08:16:24,147 INFO o.a.j.t.JMeterThread: Thread started: S2 1-372
2026-10-06 08:16:24,166 INFO o.a.j.t.JMeterThread: Thread started: S2 1-373
2026-10-06 08:16:24,187 INFO o.a.j.t.JMeterThread: Thread started: S2 1-374
2026-10-06 08:16:24,208 INFO o.a.j.t.JMeterThread: Thread started: S2 1-375
2026-10-06 08:16:24,228 INFO o.a.j.t.JMeterThread: Thread started: S2 1-376
2026-10-06 08:16:24,247 INFO o.a.j.t.JMeterThread: Thread started: S2 1-377
2026-10-06 08:16:24,267 INFO o.a.j.t.JMeterThread: Thread started: S2 1-378
2026-10-06 08:16:24,289 INFO o.a.j.t.JMeterThread: Thread started: S2 1-379
2026-10-06 08:16:24,307 INFO o.a.j.t.JMeterThread: Thread started: S2 1-380
2026-10-06 08:16:24,327 INFO o.a.j.t.JMeterThread: Thread started: S2 1-381
2026-10-06 08:16:24,347 INFO o.a.j.t.JMeterThread: Thread started: S2 1-382
2026-10-06 08:16:24,367 INFO o.a.j.t.JMeterThread: Thread started: S2 1-383
2026-10-06 08:16:24,388 INFO o.a.j.t.JMeterThread: Thread started: S2 1-384
2026-10-06 08:16:24,408 INFO o.a.j.t.JMeterThread: Thread started: S2 1-385
2026-10-06 08:16:24,427 INFO o.a.j.t.JMeterThread: Thread started: S2 1-386
2026-10-06 08:16:24,448 INFO o.a.j.t.JMeterThread: Thread started: S2 1-387
2026-10-06 08:16:24,466 INFO o.a.j.t.JMeterThread: Thread started: S2 1-388
2026-10-06 08:16:24,487 INFO o.a.j.t.JMeterThread: Thread started: S2 1-389
2026-10-06 08:16:24,508 INFO o.a.j.t.JMeterThread: Thread started: S2 1-390
2026-10-06 08:16:24,526 INFO o.a.j.t.JMeterThread: Thread started: S2 1-391
2026-10-06 08:16:24,547 INFO o.a.j.t.JMeterThread: Thread started: S2 1-392
2026-10-06 08:16:24,566 INFO o.a.j.t.JMeterThread: Thread started: S2 1-393
2026-10-06 08:16:24,587 INFO o.a.j.t.JMeterThread: Thread started: S2 1-394
2026-10-06 08:16:24,607 INFO o.a.j.t.JMeterThread: Thread started: S2 1-395
2026-10-06 08:16:24,627 INFO o.a.j.t.JMeterThread: Thread started: S2 1-396
2026-10-06 08:16:24,647 INFO o.a.j.t.JMeterThread: Thread started: S2 1-397
2026-10-06 08:16:24,667 INFO o.a.j.t.JMeterThread: Thread started: S2 1-398
2026-10-06 08:16:24,687 INFO o.a.j.t.JMeterThread: Thread started: S2 1-399
2026-10-06 08:16:24,707 INFO o.a.j.t.JMeterThread: Thread started: S2 1-400
2026-10-06 08:16:24,726 INFO o.a.j.t.JMeterThread: Thread started: S2 1-401
2026-10-06 08:16:24,748 INFO o.a.j.t.JMeterThread: Thread started: S2 1-402
2026-10-06 08:16:24,767 INFO o.a.j.t.JMeterThread: Thread started: S2 1-403
2026-10-06 08:16:24,787 INFO o.a.j.t.JMeterThread: Thread started: S2 1-404
2026-10-06 08:16:24,807 INFO o.a.j.t.JMeterThread: Thread started: S2 1-405
2026-10-06 08:16:24,827 INFO o.a.j.t.JMeterThread: Thread started: S2 1-406
2026-10-06 08:16:24,848 INFO o.a.j.t.JMeterThread: Thread started: S2 1-407
2026-10-06 08:16:24,867 INFO o.a.j.t.JMeterThread: Thread started: S2 1-408
2026-10-06 08:16:24,886 INFO o.a.j.t.JMeterThread: Thread started: S2 1-409
2026-10-06 08:16:24,907 INFO o.a.j.t.JMeterThread: Thread started: S2 1-410
2026-10-06 08:16:24,927 INFO o.a.j.t.JMeterThread: Thread started: S2 1-411
2026-10-06 08:16:24,947 INFO o.a.j.t.JMeterThread: Thread started: S2 1-412
2026-10-06 08:16:24,967 INFO o.a.j.t.JMeterThread: Thread started: S2 1-413
2026-10-06 08:16:24,988 INFO o.a.j.t.JMeterThread: Thread started: S2 1-414
2026-10-06 08:16:25,007 INFO o.a.j.t.JMeterThread: Thread started: S2 1-415
2026-10-06 08:16:25,027 INFO o.a.j.t.JMeterThread: Thread started: S2 1-416
2026-10-06 08:16:25,048 INFO o.a.j.t.JMeterThread: Thread started: S2 1-417
2026-10-06 08:16:25,066 INFO o.a.j.t.JMeterThread: Thread started: S2 1-418
2026-10-06 08:16:25,087 INFO o.a.j.t.JMeterThread: Thread started: S2 1-419
2026-10-06 08:16:25,108 INFO o.a.j.t.JMeterThread: Thread started: S2 1-420
2026-10-06 08:16:25,126 INFO o.a.j.t.JMeterThread: Thread started: S2 1-421
2026-10-06 08:16:25,147 INFO o.a.j.t.JMeterThread: Thread started: S2 1-422
2026-10-06 08:16:25,168 INFO o.a.j.t.JMeterThread: Thread started: S2 1-423
2026-10-06 08:16:25,186 INFO o.a.j.t.JMeterThread: Thread started: S2 1-424
2026-10-06 08:16:25,207 INFO o.a.j.t.JMeterThread: Thread started: S2 1-425
2026-10-06 08:16:25,226 INFO o.a.j.t.JMeterThread: Thread started: S2 1-426
2026-10-06 08:16:25,247 INFO o.a.j.t.JMeterThread: Thread started: S2 1-427
2026-10-06 08:16:25,267 INFO o.a.j.t.JMeterThread: Thread started: S2 1-428
2026-10-06 08:16:25,290 INFO o.a.j.t.JMeterThread: Thread started: S2 1-429
2026-10-06 08:16:25,306 INFO o.a.j.t.JMeterThread: Thread started: S2 1-430
2026-10-06 08:16:25,328 INFO o.a.j.t.JMeterThread: Thread started: S2 1-431
2026-10-06 08:16:25,347 INFO o.a.j.t.JMeterThread: Thread started: S2 1-432
2026-10-06 08:16:25,367 INFO o.a.j.t.JMeterThread: Thread started: S2 1-433
2026-10-06 08:16:25,387 INFO o.a.j.t.JMeterThread: Thread started: S2 1-434
2026-10-06 08:16:25,407 INFO o.a.j.t.JMeterThread: Thread started: S2 1-435
2026-10-06 08:16:25,427 INFO o.a.j.t.JMeterThread: Thread started: S2 1-436
2026-10-06 08:16:25,446 INFO o.a.j.t.JMeterThread: Thread started: S2 1-437
2026-10-06 08:16:25,467 INFO o.a.j.t.JMeterThread: Thread started: S2 1-438
2026-10-06 08:16:25,486 INFO o.a.j.t.JMeterThread: Thread started: S2 1-439
2026-10-06 08:16:25,507 INFO o.a.j.t.JMeterThread: Thread started: S2 1-440
2026-10-06 08:16:25,528 INFO o.a.j.t.JMeterThread: Thread started: S2 1-441
2026-10-06 08:16:25,547 INFO o.a.j.t.JMeterThread: Thread started: S2 1-442
2026-10-06 08:16:25,567 INFO o.a.j.t.JMeterThread: Thread started: S2 1-443
2026-10-06 08:16:25,586 INFO o.a.j.t.JMeterThread: Thread started: S2 1-444
2026-10-06 08:16:25,607 INFO o.a.j.t.JMeterThread: Thread started: S2 1-445
2026-10-06 08:16:25,626 INFO o.a.j.t.JMeterThread: Thread started: S2 1-446
2026-10-06 08:16:25,647 INFO o.a.j.t.JMeterThread: Thread started: S2 1-447
2026-10-06 08:16:25,667 INFO o.a.j.t.JMeterThread: Thread started: S2 1-448
2026-10-06 08:16:25,686 INFO o.a.j.t.JMeterThread: Thread started: S2 1-449
2026-10-06 08:16:25,707 INFO o.a.j.t.JMeterThread: Thread started: S2 1-450
2026-10-06 08:16:25,726 INFO o.a.j.t.JMeterThread: Thread started: S2 1-451
2026-10-06 08:16:25,747 INFO o.a.j.t.JMeterThread: Thread started: S2 1-452
2026-10-06 08:16:25,768 INFO o.a.j.t.JMeterThread: Thread started: S2 1-453
2026-10-06 08:16:25,786 INFO o.a.j.t.JMeterThread: Thread started: S2 1-454
2026-10-06 08:16:25,808 INFO o.a.j.t.JMeterThread: Thread started: S2 1-455
2026-10-06 08:16:25,826 INFO o.a.j.t.JMeterThread: Thread started: S2 1-456
2026-10-06 08:16:25,847 INFO o.a.j.t.JMeterThread: Thread started: S2 1-457
2026-10-06 08:16:25,867 INFO o.a.j.t.JMeterThread: Thread started: S2 1-458
2026-10-06 08:16:25,888 INFO o.a.j.t.JMeterThread: Thread started: S2 1-459
2026-10-06 08:16:25,907 INFO o.a.j.t.JMeterThread: Thread started: S2 1-460
2026-10-06 08:16:25,926 INFO o.a.j.t.JMeterThread: Thread started: S2 1-461
2026-10-06 08:16:25,947 INFO o.a.j.t.JMeterThread: Thread started: S2 1-462
2026-10-06 08:16:25,967 INFO o.a.j.t.JMeterThread: Thread started: S2 1-463
2026-10-06 08:16:25,987 INFO o.a.j.t.JMeterThread: Thread started: S2 1-464
2026-10-06 08:16:26,007 INFO o.a.j.t.JMeterThread: Thread started: S2 1-465
2026-10-06 08:16:26,027 INFO o.a.j.t.JMeterThread: Thread started: S2 1-466
2026-10-06 08:16:26,047 INFO o.a.j.t.JMeterThread: Thread started: S2 1-467
2026-10-06 08:16:26,067 INFO o.a.j.t.JMeterThread: Thread started: S2 1-468
2026-10-06 08:16:26,087 INFO o.a.j.t.JMeterThread: Thread started: S2 1-469
2026-10-06 08:16:26,107 INFO o.a.j.t.JMeterThread: Thread started: S2 1-470
2026-10-06 08:16:26,127 INFO o.a.j.t.JMeterThread: Thread started: S2 1-471
2026-10-06 08:16:26,148 INFO o.a.j.t.JMeterThread: Thread started: S2 1-472
2026-10-06 08:16:26,167 INFO o.a.j.t.JMeterThread: Thread started: S2 1-473
2026-10-06 08:16:26,186 INFO o.a.j.t.JMeterThread: Thread started: S2 1-474
2026-10-06 08:16:26,206 INFO o.a.j.t.JMeterThread: Thread started: S2 1-475
2026-10-06 08:16:26,227 INFO o.a.j.t.JMeterThread: Thread started: S2 1-476
2026-10-06 08:16:26,246 INFO o.a.j.t.JMeterThread: Thread started: S2 1-477
2026-10-06 08:16:26,266 INFO o.a.j.t.JMeterThread: Thread started: S2 1-478
2026-10-06 08:16:26,287 INFO o.a.j.t.JMeterThread: Thread started: S2 1-479
2026-10-06 08:16:26,306 INFO o.a.j.t.JMeterThread: Thread started: S2 1-480
2026-10-06 08:16:26,327 INFO o.a.j.t.JMeterThread: Thread started: S2 1-481
2026-10-06 08:16:26,348 INFO o.a.j.t.JMeterThread: Thread started: S2 1-482
2026-10-06 08:16:26,366 INFO o.a.j.t.JMeterThread: Thread started: S2 1-483
2026-10-06 08:16:26,387 INFO o.a.j.t.JMeterThread: Thread started: S2 1-484
2026-10-06 08:16:26,408 INFO o.a.j.t.JMeterThread: Thread started: S2 1-485
2026-10-06 08:16:26,426 INFO o.a.j.t.JMeterThread: Thread started: S2 1-486
2026-10-06 08:16:26,448 INFO o.a.j.t.JMeterThread: Thread started: S2 1-487
2026-10-06 08:16:26,467 INFO o.a.j.t.JMeterThread: Thread started: S2 1-488
2026-10-06 08:16:26,486 INFO o.a.j.t.JMeterThread: Thread started: S2 1-489
2026-10-06 08:16:26,508 INFO o.a.j.t.JMeterThread: Thread started: S2 1-490
2026-10-06 08:16:26,527 INFO o.a.j.t.JMeterThread: Thread started: S2 1-491
2026-10-06 08:16:26,547 INFO o.a.j.t.JMeterThread: Thread started: S2 1-492
2026-10-06 08:16:26,566 INFO o.a.j.t.JMeterThread: Thread started: S2 1-493
2026-10-06 08:16:26,587 INFO o.a.j.t.JMeterThread: Thread started: S2 1-494
2026-10-06 08:16:26,608 INFO o.a.j.t.JMeterThread: Thread started: S2 1-495
2026-10-06 08:16:26,627 INFO o.a.j.t.JMeterThread: Thread started: S2 1-496
2026-10-06 08:16:26,647 INFO o.a.j.t.JMeterThread: Thread started: S2 1-497
2026-10-06 08:16:26,667 INFO o.a.j.t.JMeterThread: Thread started: S2 1-498
2026-10-06 08:16:26,687 INFO o.a.j.t.JMeterThread: Thread started: S2 1-499
2026-10-06 08:16:26,707 INFO o.a.j.t.JMeterThread: Thread started: S2 1-500
2026-10-06 08:16:30,004 INFO o.a.j.r.Summariser: summary +   1413 in 00:00:14 =  100.1/s Avg:  2191 Min:    41 Max:  3997 Err:     0 (0.00%) Active: 500 Started: 500 Finished: 0
2026-10-06 08:17:00,008 INFO o.a.j.r.Summariser: summary +   3839 in 00:00:30 =  127.9/s Avg:  4316 Min:  3909 Max:  4798 Err:     0 (0.00%) Active: 500 Started: 500 Finished: 0
2026-10-06 08:17:00,008 INFO o.a.j.r.Summariser: summary =   5252 in 00:00:44 =  119.0/s Avg:  3744 Min:    41 Max:  4798 Err:     0 (0.00%)
2026-10-06 08:17:16,801 INFO o.a.j.t.JMeterThread: Stopping because end time detected by thread: S2 1-33
2026-10-06 08:17:16,801 INFO o.a.j.t.JMeterThread: Thread finished: S2 1-33
2026-10-06 08:17:16,831 INFO o.a.j.t.JMeterThread: Stopping because end time detected by thread: S2 1-74
2026-10-06 08:17:16,831 INFO o.a.j.t.JMeterThread: Thread finished: S2 1-74
2026-10-06 08:17:16,869 INFO o.a.j.t.JMeterThread: Stopping because end time detected by thread: S2 1-165
2026-10-06 08:17:16,870 INFO o.a.j.t.JMeterThread: Thread finished: S2 1-165
2026-10-06 08:17:16,884 INFO o.a.j.t.JMeterThread: Stopping because end time detected by thread: S2 1-1
2026-10-06 08:17:16,884 INFO o.a.j.t.JMeterThread: Thread finished: S2 1-1
2026-10-06 08:17:16,888 INFO o.a.j.t.JMeterThread: Stopping because end time detected by thread: S2 1-168
2026-10-06 08:17:16,888 INFO o.a.j.t.JMeterThread: Thread finished: S2 1-168
2026-10-06 08:17:16,919 INFO o.a.j.t.JMeterThread: Stopping because end time detected by thread: S2 1-113
2026-10-06 08:17:16,919 INFO o.a.j.t.JMeterThread: Thread finished: S2 1-113
2026-10-06 08:17:16,927 INFO o.a.j.t.JMeterThread: Stopping because end time detected by thread: S2 1-114
2026-10-06 08:17:16,927 INFO o.a.j.t.JMeterThread: Thread finished: S2 1-114
2026-10-06 08:17:16,928 INFO o.a.j.t.JMeterThread: Stopping because end time detected by thread: S2 1-249
2026-10-06 08:17:16,928 INFO o.a.j.t.JMeterThread: Thread finished: S2 1-249
2026-10-06 08:17:16,948 INFO o.a.j.t.JMeterThread: Stopping because end time detected by thread: S2 1-248
2026-10-06 08:17:16,949 INFO o.a.j.t.JMeterThread: Thread finished: S2 1-248
2026-10-06 08:17:16,956 INFO o.a.j.t.JMeterThread: Stopping because end time detected by thread: S2 1-251
2026-10-06 08:17:16,956 INFO o.a.j.t.JMeterThread: Thread finished: S2 1-251
2026-10-06 08:17:16,963 INFO o.a.j.t.JMeterThread: Stopping because end time detected by thread: S2 1-115
2026-10-06 08:17:16,963 INFO o.a.j.t.JMeterThread: Thread finished: S2 1-115
2026-10-06 08:17:16,972 INFO o.a.j.t.JMeterThread: Stopping because end time detected by thread: S2 1-14
2026-10-06 08:17:16,972 INFO o.a.j.t.JMeterThread: Thread finished: S2 1-14
2026-10-06 08:17:16,972 INFO o.a.j.t.JMeterThread: Stopping because end time detected by thread: S2 1-167
2026-10-06 08:17:16,972 INFO o.a.j.t.JMeterThread: Thread finished: S2 1-167
2026-10-06 08:17:16,996 INFO o.a.j.t.JMeterThread: Stopping because end time detected by thread: S2 1-370
2026-10-06 08:17:16,996 INFO o.a.j.t.JMeterThread: Thread finished: S2 1-370
2026-10-06 08:17:17,001 INFO o.a.j.t.JMeterThread: Stopping because end time detected by thread: S2 1-170
2026-10-06 08:17:17,001 INFO o.a.j.t.JMeterThread: Thread finished: S2 1-170
2026-10-06 08:17:17,003 INFO o.a.j.t.JMeterThread: Stopping because end time detected by thread: S2 1-250
2026-10-06 08:17:17,003 INFO o.a.j.t.JMeterThread: Thread finished: S2 1-250
2026-10-06 08:17:17,009 INFO o.a.j.t.JMeterThread: Stopping because end time detected by thread: S2 1-371
2026-10-06 08:17:17,010 INFO o.a.j.t.JMeterThread: Thread finished: S2 1-371
2026-10-06 08:17:17,028 INFO o.a.j.t.JMeterThread: Stopping because end time detected by thread: S2 1-373
2026-10-06 08:17:17,028 INFO o.a.j.t.JMeterThread: Thread finished: S2 1-373
2026-10-06 08:17:17,041 INFO o.a.j.t.JMeterThread: Stopping because end time detected by thread: S2 1-375
2026-10-06 08:17:17,041 INFO o.a.j.t.JMeterThread: Thread finished: S2 1-375
2026-10-06 08:17:17,044 INFO o.a.j.t.JMeterThread: Stopping because end time detected by thread: S2 1-372
2026-10-06 08:17:17,044 INFO o.a.j.t.JMeterThread: Thread finished: S2 1-372
2026-10-06 08:17:17,047 INFO o.a.j.t.JMeterThread: Stopping because end time detected by thread: S2 1-75
2026-10-06 08:17:17,047 INFO o.a.j.t.JMeterThread: Thread finished: S2 1-75
2026-10-06 08:17:17,057 INFO o.a.j.t.JMeterThread: Stopping because end time detected by thread: S2 1-169
2026-10-06 08:17:17,057 INFO o.a.j.t.JMeterThread: Thread finished: S2 1-169
2026-10-06 08:17:17,066 INFO o.a.j.t.JMeterThread: Stopping because end time detected by thread: S2 1-22
2026-10-06 08:17:17,066 INFO o.a.j.t.JMeterThread: Thread finished: S2 1-22
2026-10-06 08:17:17,078 INFO o.a.j.t.JMeterThread: Stopping because end time detected by thread: S2 1-252
2026-10-06 08:17:17,078 INFO o.a.j.t.JMeterThread: Thread finished: S2 1-252
2026-10-06 08:17:17,092 INFO o.a.j.t.JMeterThread: Stopping because end time detected by thread: S2 1-171
2026-10-06 08:17:17,093 INFO o.a.j.t.JMeterThread: Thread finished: S2 1-171
2026-10-06 08:17:17,094 INFO o.a.j.t.JMeterThread: Stopping because end time detected by thread: S2 1-76
2026-10-06 08:17:17,094 INFO o.a.j.t.JMeterThread: Thread finished: S2 1-76
2026-10-06 08:17:17,097 INFO o.a.j.t.JMeterThread: Stopping because end time detected by thread: S2 1-49
2026-10-06 08:17:17,097 INFO o.a.j.t.JMeterThread: Thread finished: S2 1-49
2026-10-06 08:17:17,116 INFO o.a.j.t.JMeterThread: Stopping because end time detected by thread: S2 1-253
2026-10-06 08:17:17,117 INFO o.a.j.t.JMeterThread: Thread finished: S2 1-253
2026-10-06 08:17:17,121 INFO o.a.j.t.JMeterThread: Stopping because end time detected by thread: S2 1-256
2026-10-06 08:17:17,121 INFO o.a.j.t.JMeterThread: Thread finished: S2 1-256
2026-10-06 08:17:17,128 INFO o.a.j.t.JMeterThread: Stopping because end time detected by thread: S2 1-374
2026-10-06 08:17:17,128 INFO o.a.j.t.JMeterThread: Thread finished: S2 1-374
2026-10-06 08:17:17,145 INFO o.a.j.t.JMeterThread: Stopping because end time detected by thread: S2 1-376
2026-10-06 08:17:17,145 INFO o.a.j.t.JMeterThread: Thread finished: S2 1-376
2026-10-06 08:17:17,146 INFO o.a.j.t.JMeterThread: Stopping because end time detected by thread: S2 1-117
2026-10-06 08:17:17,146 INFO o.a.j.t.JMeterThread: Thread finished: S2 1-117
2026-10-06 08:17:17,165 INFO o.a.j.t.JMeterThread: Stopping because end time detected by thread: S2 1-254
2026-10-06 08:17:17,165 INFO o.a.j.t.JMeterThread: Stopping because end time detected by thread: S2 1-255
2026-10-06 08:17:17,165 INFO o.a.j.t.JMeterThread: Thread finished: S2 1-254
2026-10-06 08:17:17,166 INFO o.a.j.t.JMeterThread: Thread finished: S2 1-255
2026-10-06 08:17:17,182 INFO o.a.j.t.JMeterThread: Stopping because end time detected by thread: S2 1-50
2026-10-06 08:17:17,182 INFO o.a.j.t.JMeterThread: Stopping because end time detected by thread: S2 1-116
2026-10-06 08:17:17,183 INFO o.a.j.t.JMeterThread: Thread finished: S2 1-50
2026-10-06 08:17:17,183 INFO o.a.j.t.JMeterThread: Thread finished: S2 1-116
2026-10-06 08:17:17,203 INFO o.a.j.t.JMeterThread: Stopping because end time detected by thread: S2 1-23
2026-10-06 08:17:17,203 INFO o.a.j.t.JMeterThread: Thread finished: S2 1-23
2026-10-06 08:17:17,204 INFO o.a.j.t.JMeterThread: Stopping because end time detected by thread: S2 1-378
2026-10-06 08:17:17,204 INFO o.a.j.t.JMeterThread: Thread finished: S2 1-378
2026-10-06 08:17:17,223 INFO o.a.j.t.JMeterThread: Stopping because end time detected by thread: S2 1-380
2026-10-06 08:17:17,223 INFO o.a.j.t.JMeterThread: Thread finished: S2 1-380
2026-10-06 08:17:17,228 INFO o.a.j.t.JMeterThread: Stopping because end time detected by thread: S2 1-77
2026-10-06 08:17:17,228 INFO o.a.j.t.JMeterThread: Thread finished: S2 1-77
2026-10-06 08:17:17,235 INFO o.a.j.t.JMeterThread: Stopping because end time detected by thread: S2 1-118
2026-10-06 08:17:17,235 INFO o.a.j.t.JMeterThread: Thread finished: S2 1-118
2026-10-06 08:17:17,250 INFO o.a.j.t.JMeterThread: Stopping because end time detected by thread: S2 1-377
2026-10-06 08:17:17,250 INFO o.a.j.t.JMeterThread: Thread finished: S2 1-377
2026-10-06 08:17:17,250 INFO o.a.j.t.JMeterThread: Stopping because end time detected by thread: S2 1-381
2026-10-06 08:17:17,250 INFO o.a.j.t.JMeterThread: Thread finished: S2 1-381
2026-10-06 08:17:17,261 INFO o.a.j.t.JMeterThread: Stopping because end time detected by thread: S2 1-260
2026-10-06 08:17:17,261 INFO o.a.j.t.JMeterThread: Stopping because end time detected by thread: S2 1-258
2026-10-06 08:17:17,261 INFO o.a.j.t.JMeterThread: Thread finished: S2 1-260
2026-10-06 08:17:17,261 INFO o.a.j.t.JMeterThread: Thread finished: S2 1-258
2026-10-06 08:17:17,289 INFO o.a.j.t.JMeterThread: Stopping because end time detected by thread: S2 1-173
2026-10-06 08:17:17,289 INFO o.a.j.t.JMeterThread: Thread finished: S2 1-173
2026-10-06 08:17:17,293 INFO o.a.j.t.JMeterThread: Stopping because end time detected by thread: S2 1-257
2026-10-06 08:17:17,293 INFO o.a.j.t.JMeterThread: Thread finished: S2 1-257
2026-10-06 08:17:17,305 INFO o.a.j.t.JMeterThread: Stopping because end time detected by thread: S2 1-15
2026-10-06 08:17:17,305 INFO o.a.j.t.JMeterThread: Thread finished: S2 1-15
2026-10-06 08:17:17,307 INFO o.a.j.t.JMeterThread: Stopping because end time detected by thread: S2 1-259
2026-10-06 08:17:17,307 INFO o.a.j.t.JMeterThread: Thread finished: S2 1-259
2026-10-06 08:17:17,318 INFO o.a.j.t.JMeterThread: Stopping because end time detected by thread: S2 1-379
2026-10-06 08:17:17,318 INFO o.a.j.t.JMeterThread: Thread finished: S2 1-379
2026-10-06 08:17:17,336 INFO o.a.j.t.JMeterThread: Stopping because end time detected by thread: S2 1-172
2026-10-06 08:17:17,337 INFO o.a.j.t.JMeterThread: Thread finished: S2 1-172
2026-10-06 08:17:17,347 INFO o.a.j.t.JMeterThread: Stopping because end time detected by thread: S2 1-383
2026-10-06 08:17:17,348 INFO o.a.j.t.JMeterThread: Stopping because end time detected by thread: S2 1-24
2026-10-06 08:17:17,348 INFO o.a.j.t.JMeterThread: Thread finished: S2 1-383
2026-10-06 08:17:17,348 INFO o.a.j.t.JMeterThread: Thread finished: S2 1-24
2026-10-06 08:17:17,351 INFO o.a.j.t.JMeterThread: Stopping because end time detected by thread: S2 1-382
2026-10-06 08:17:17,351 INFO o.a.j.t.JMeterThread: Thread finished: S2 1-382
2026-10-06 08:17:17,389 INFO o.a.j.t.JMeterThread: Stopping because end time detected by thread: S2 1-384
2026-10-06 08:17:17,389 INFO o.a.j.t.JMeterThread: Thread finished: S2 1-384
2026-10-06 08:17:17,401 INFO o.a.j.t.JMeterThread: Stopping because end time detected by thread: S2 1-78
2026-10-06 08:17:17,401 INFO o.a.j.t.JMeterThread: Thread finished: S2 1-78
2026-10-06 08:17:17,412 INFO o.a.j.t.JMeterThread: Stopping because end time detected by thread: S2 1-79
2026-10-06 08:17:17,412 INFO o.a.j.t.JMeterThread: Thread finished: S2 1-79
2026-10-06 08:17:17,418 INFO o.a.j.t.JMeterThread: Stopping because end time detected by thread: S2 1-35
2026-10-06 08:17:17,418 INFO o.a.j.t.JMeterThread: Thread finished: S2 1-35
2026-10-06 08:17:17,435 INFO o.a.j.t.JMeterThread: Stopping because end time detected by thread: S2 1-262
2026-10-06 08:17:17,435 INFO o.a.j.t.JMeterThread: Thread finished: S2 1-262
2026-10-06 08:17:17,449 INFO o.a.j.t.JMeterThread: Stopping because end time detected by thread: S2 1-261
2026-10-06 08:17:17,449 INFO o.a.j.t.JMeterThread: Thread finished: S2 1-261
2026-10-06 08:17:17,453 INFO o.a.j.t.JMeterThread: Stopping because end time detected by thread: S2 1-385
2026-10-06 08:17:17,453 INFO o.a.j.t.JMeterThread: Thread finished: S2 1-385
2026-10-06 08:17:17,466 INFO o.a.j.t.JMeterThread: Stopping because end time detected by thread: S2 1-120
2026-10-06 08:17:17,466 INFO o.a.j.t.JMeterThread: Thread finished: S2 1-120
2026-10-06 08:17:17,490 INFO o.a.j.t.JMeterThread: Stopping because end time detected by thread: S2 1-80
2026-10-06 08:17:17,490 INFO o.a.j.t.JMeterThread: Thread finished: S2 1-80
2026-10-06 08:17:17,493 INFO o.a.j.t.JMeterThread: Stopping because end time detected by thread: S2 1-174
2026-10-06 08:17:17,493 INFO o.a.j.t.JMeterThread: Thread finished: S2 1-174
2026-10-06 08:17:17,508 INFO o.a.j.t.JMeterThread: Stopping because end time detected by thread: S2 1-51
2026-10-06 08:17:17,508 INFO o.a.j.t.JMeterThread: Thread finished: S2 1-51
2026-10-06 08:17:17,513 INFO o.a.j.t.JMeterThread: Stopping because end time detected by thread: S2 1-390
2026-10-06 08:17:17,513 INFO o.a.j.t.JMeterThread: Thread finished: S2 1-390
2026-10-06 08:17:17,536 INFO o.a.j.t.JMeterThread: Stopping because end time detected by thread: S2 1-389
2026-10-06 08:17:17,537 INFO o.a.j.t.JMeterThread: Thread finished: S2 1-389
2026-10-06 08:17:17,543 INFO o.a.j.t.JMeterThread: Stopping because end time detected by thread: S2 1-175
2026-10-06 08:17:17,543 INFO o.a.j.t.JMeterThread: Thread finished: S2 1-175
2026-10-06 08:17:17,562 INFO o.a.j.t.JMeterThread: Stopping because end time detected by thread: S2 1-263
2026-10-06 08:17:17,563 INFO o.a.j.t.JMeterThread: Thread finished: S2 1-263
2026-10-06 08:17:17,563 INFO o.a.j.t.JMeterThread: Stopping because end time detected by thread: S2 1-119
2026-10-06 08:17:17,563 INFO o.a.j.t.JMeterThread: Thread finished: S2 1-119
2026-10-06 08:17:17,571 INFO o.a.j.t.JMeterThread: Stopping because end time detected by thread: S2 1-265
2026-10-06 08:17:17,571 INFO o.a.j.t.JMeterThread: Thread finished: S2 1-265
2026-10-06 08:17:17,577 INFO o.a.j.t.JMeterThread: Stopping because end time detected by thread: S2 1-388
2026-10-06 08:17:17,578 INFO o.a.j.t.JMeterThread: Thread finished: S2 1-388
2026-10-06 08:17:17,585 INFO o.a.j.t.JMeterThread: Stopping because end time detected by thread: S2 1-264
2026-10-06 08:17:17,585 INFO o.a.j.t.JMeterThread: Thread finished: S2 1-264
2026-10-06 08:17:17,594 INFO o.a.j.t.JMeterThread: Stopping because end time detected by thread: S2 1-387
2026-10-06 08:17:17,594 INFO o.a.j.t.JMeterThread: Thread finished: S2 1-387
2026-10-06 08:17:17,600 INFO o.a.j.t.JMeterThread: Stopping because end time detected by thread: S2 1-386
2026-10-06 08:17:17,600 INFO o.a.j.t.JMeterThread: Thread finished: S2 1-386
2026-10-06 08:17:17,602 INFO o.a.j.t.JMeterThread: Stopping because end time detected by thread: S2 1-10
2026-10-06 08:17:17,602 INFO o.a.j.t.JMeterThread: Thread finished: S2 1-10
2026-10-06 08:17:17,605 INFO o.a.j.t.JMeterThread: Stopping because end time detected by thread: S2 1-176
2026-10-06 08:17:17,605 INFO o.a.j.t.JMeterThread: Thread finished: S2 1-176
2026-10-06 08:17:17,631 INFO o.a.j.t.JMeterThread: Stopping because end time detected by thread: S2 1-266
2026-10-06 08:17:17,632 INFO o.a.j.t.JMeterThread: Thread finished: S2 1-266
2026-10-06 08:17:17,633 INFO o.a.j.t.JMeterThread: Stopping because end time detected by thread: S2 1-392
2026-10-06 08:17:17,633 INFO o.a.j.t.JMeterThread: Thread finished: S2 1-392
2026-10-06 08:17:17,636 INFO o.a.j.t.JMeterThread: Stopping because end time detected by thread: S2 1-34
2026-10-06 08:17:17,636 INFO o.a.j.t.JMeterThread: Thread finished: S2 1-34
2026-10-06 08:17:17,646 INFO o.a.j.t.JMeterThread: Stopping because end time detected by thread: S2 1-122
2026-10-06 08:17:17,647 INFO o.a.j.t.JMeterThread: Thread finished: S2 1-122
2026-10-06 08:17:17,662 INFO o.a.j.t.JMeterThread: Stopping because end time detected by thread: S2 1-391
2026-10-06 08:17:17,663 INFO o.a.j.t.JMeterThread: Thread finished: S2 1-391
2026-10-06 08:17:17,666 INFO o.a.j.t.JMeterThread: Stopping because end time detected by thread: S2 1-123
2026-10-06 08:17:17,666 INFO o.a.j.t.JMeterThread: Thread finished: S2 1-123
2026-10-06 08:17:17,680 INFO o.a.j.t.JMeterThread: Stopping because end time detected by thread: S2 1-177
2026-10-06 08:17:17,680 INFO o.a.j.t.JMeterThread: Thread finished: S2 1-177
2026-10-06 08:17:17,684 INFO o.a.j.t.JMeterThread: Stopping because end time detected by thread: S2 1-178
2026-10-06 08:17:17,684 INFO o.a.j.t.JMeterThread: Thread finished: S2 1-178
2026-10-06 08:17:17,700 INFO o.a.j.t.JMeterThread: Stopping because end time detected by thread: S2 1-394
2026-10-06 08:17:17,700 INFO o.a.j.t.JMeterThread: Thread finished: S2 1-394
2026-10-06 08:17:17,706 INFO o.a.j.t.JMeterThread: Stopping because end time detected by thread: S2 1-393
2026-10-06 08:17:17,706 INFO o.a.j.t.JMeterThread: Thread finished: S2 1-393
2026-10-06 08:17:17,710 INFO o.a.j.t.JMeterThread: Stopping because end time detected by thread: S2 1-180
2026-10-06 08:17:17,710 INFO o.a.j.t.JMeterThread: Thread finished: S2 1-180
2026-10-06 08:17:17,731 INFO o.a.j.t.JMeterThread: Stopping because end time detected by thread: S2 1-121
2026-10-06 08:17:17,731 INFO o.a.j.t.JMeterThread: Thread finished: S2 1-121
2026-10-06 08:17:17,732 INFO o.a.j.t.JMeterThread: Stopping because end time detected by thread: S2 1-397
2026-10-06 08:17:17,733 INFO o.a.j.t.JMeterThread: Thread finished: S2 1-397
2026-10-06 08:17:17,752 INFO o.a.j.t.JMeterThread: Stopping because end time detected by thread: S2 1-268
2026-10-06 08:17:17,752 INFO o.a.j.t.JMeterThread: Thread finished: S2 1-268
2026-10-06 08:17:17,753 INFO o.a.j.t.JMeterThread: Stopping because end time detected by thread: S2 1-398
2026-10-06 08:17:17,753 INFO o.a.j.t.JMeterThread: Thread finished: S2 1-398
2026-10-06 08:17:17,760 INFO o.a.j.t.JMeterThread: Stopping because end time detected by thread: S2 1-124
2026-10-06 08:17:17,760 INFO o.a.j.t.JMeterThread: Thread finished: S2 1-124
2026-10-06 08:17:17,768 INFO o.a.j.t.JMeterThread: Stopping because end time detected by thread: S2 1-267
2026-10-06 08:17:17,769 INFO o.a.j.t.JMeterThread: Thread finished: S2 1-267
2026-10-06 08:17:17,789 INFO o.a.j.t.JMeterThread: Stopping because end time detected by thread: S2 1-52
2026-10-06 08:17:17,789 INFO o.a.j.t.JMeterThread: Thread finished: S2 1-52
2026-10-06 08:17:17,798 INFO o.a.j.t.JMeterThread: Stopping because end time detected by thread: S2 1-269
2026-10-06 08:17:17,798 INFO o.a.j.t.JMeterThread: Thread finished: S2 1-269
2026-10-06 08:17:17,800 INFO o.a.j.t.JMeterThread: Stopping because end time detected by thread: S2 1-53
2026-10-06 08:17:17,801 INFO o.a.j.t.JMeterThread: Thread finished: S2 1-53
2026-10-06 08:17:17,817 INFO o.a.j.t.JMeterThread: Stopping because end time detected by thread: S2 1-395
2026-10-06 08:17:17,818 INFO o.a.j.t.JMeterThread: Thread finished: S2 1-395
2026-10-06 08:17:17,829 INFO o.a.j.t.JMeterThread: Stopping because end time detected by thread: S2 1-399
2026-10-06 08:17:17,829 INFO o.a.j.t.JMeterThread: Thread finished: S2 1-399
2026-10-06 08:17:17,835 INFO o.a.j.t.JMeterThread: Stopping because end time detected by thread: S2 1-179
2026-10-06 08:17:17,836 INFO o.a.j.t.JMeterThread: Thread finished: S2 1-179
2026-10-06 08:17:17,840 INFO o.a.j.t.JMeterThread: Stopping because end time detected by thread: S2 1-402
2026-10-06 08:17:17,840 INFO o.a.j.t.JMeterThread: Thread finished: S2 1-402
2026-10-06 08:17:17,843 INFO o.a.j.t.JMeterThread: Stopping because end time detected by thread: S2 1-401
2026-10-06 08:17:17,843 INFO o.a.j.t.JMeterThread: Thread finished: S2 1-401
2026-10-06 08:17:17,853 INFO o.a.j.t.JMeterThread: Stopping because end time detected by thread: S2 1-270
2026-10-06 08:17:17,853 INFO o.a.j.t.JMeterThread: Thread finished: S2 1-270
2026-10-06 08:17:17,857 INFO o.a.j.t.JMeterThread: Stopping because end time detected by thread: S2 1-400
2026-10-06 08:17:17,857 INFO o.a.j.t.JMeterThread: Thread finished: S2 1-400
2026-10-06 08:17:17,874 INFO o.a.j.t.JMeterThread: Stopping because end time detected by thread: S2 1-273
2026-10-06 08:17:17,874 INFO o.a.j.t.JMeterThread: Thread finished: S2 1-273
2026-10-06 08:17:17,874 INFO o.a.j.t.JMeterThread: Stopping because end time detected by thread: S2 1-396
2026-10-06 08:17:17,874 INFO o.a.j.t.JMeterThread: Thread finished: S2 1-396
2026-10-06 08:17:17,889 INFO o.a.j.t.JMeterThread: Stopping because end time detected by thread: S2 1-181
2026-10-06 08:17:17,890 INFO o.a.j.t.JMeterThread: Thread finished: S2 1-181
2026-10-06 08:17:17,890 INFO o.a.j.t.JMeterThread: Stopping because end time detected by thread: S2 1-81
2026-10-06 08:17:17,890 INFO o.a.j.t.JMeterThread: Thread finished: S2 1-81
2026-10-06 08:17:17,893 INFO o.a.j.t.JMeterThread: Stopping because end time detected by thread: S2 1-403
2026-10-06 08:17:17,893 INFO o.a.j.t.JMeterThread: Thread finished: S2 1-403
2026-10-06 08:17:17,899 INFO o.a.j.t.JMeterThread: Stopping because end time detected by thread: S2 1-271
2026-10-06 08:17:17,899 INFO o.a.j.t.JMeterThread: Thread finished: S2 1-271
2026-10-06 08:17:17,915 INFO o.a.j.t.JMeterThread: Stopping because end time detected by thread: S2 1-82
2026-10-06 08:17:17,915 INFO o.a.j.t.JMeterThread: Thread finished: S2 1-82
2026-10-06 08:17:17,918 INFO o.a.j.t.JMeterThread: Stopping because end time detected by thread: S2 1-404
2026-10-06 08:17:17,918 INFO o.a.j.t.JMeterThread: Thread finished: S2 1-404
2026-10-06 08:17:17,928 INFO o.a.j.t.JMeterThread: Stopping because end time detected by thread: S2 1-54
2026-10-06 08:17:17,928 INFO o.a.j.t.JMeterThread: Thread finished: S2 1-54
2026-10-06 08:17:17,934 INFO o.a.j.t.JMeterThread: Stopping because end time detected by thread: S2 1-83
2026-10-06 08:17:17,934 INFO o.a.j.t.JMeterThread: Thread finished: S2 1-83
2026-10-06 08:17:17,940 INFO o.a.j.t.JMeterThread: Stopping because end time detected by thread: S2 1-274
2026-10-06 08:17:17,940 INFO o.a.j.t.JMeterThread: Thread finished: S2 1-274
2026-10-06 08:17:17,954 INFO o.a.j.t.JMeterThread: Stopping because end time detected by thread: S2 1-4
2026-10-06 08:17:17,955 INFO o.a.j.t.JMeterThread: Thread finished: S2 1-4
2026-10-06 08:17:17,961 INFO o.a.j.t.JMeterThread: Stopping because end time detected by thread: S2 1-405
2026-10-06 08:17:17,962 INFO o.a.j.t.JMeterThread: Thread finished: S2 1-405
2026-10-06 08:17:17,967 INFO o.a.j.t.JMeterThread: Stopping because end time detected by thread: S2 1-182
2026-10-06 08:17:17,967 INFO o.a.j.t.JMeterThread: Thread finished: S2 1-182
2026-10-06 08:17:17,970 INFO o.a.j.t.JMeterThread: Stopping because end time detected by thread: S2 1-272
2026-10-06 08:17:17,970 INFO o.a.j.t.JMeterThread: Thread finished: S2 1-272
2026-10-06 08:17:17,986 INFO o.a.j.t.JMeterThread: Stopping because end time detected by thread: S2 1-25
2026-10-06 08:17:17,986 INFO o.a.j.t.JMeterThread: Thread finished: S2 1-25
2026-10-06 08:17:17,993 INFO o.a.j.t.JMeterThread: Stopping because end time detected by thread: S2 1-85
2026-10-06 08:17:17,993 INFO o.a.j.t.JMeterThread: Thread finished: S2 1-85
2026-10-06 08:17:17,998 INFO o.a.j.t.JMeterThread: Stopping because end time detected by thread: S2 1-406
2026-10-06 08:17:17,998 INFO o.a.j.t.JMeterThread: Thread finished: S2 1-406
2026-10-06 08:17:17,999 INFO o.a.j.t.JMeterThread: Stopping because end time detected by thread: S2 1-276
2026-10-06 08:17:17,999 INFO o.a.j.t.JMeterThread: Thread finished: S2 1-276
2026-10-06 08:17:18,012 INFO o.a.j.t.JMeterThread: Stopping because end time detected by thread: S2 1-407
2026-10-06 08:17:18,012 INFO o.a.j.t.JMeterThread: Thread finished: S2 1-407
2026-10-06 08:17:18,029 INFO o.a.j.t.JMeterThread: Stopping because end time detected by thread: S2 1-125
2026-10-06 08:17:18,029 INFO o.a.j.t.JMeterThread: Thread finished: S2 1-125
2026-10-06 08:17:18,035 INFO o.a.j.t.JMeterThread: Stopping because end time detected by thread: S2 1-184
2026-10-06 08:17:18,035 INFO o.a.j.t.JMeterThread: Thread finished: S2 1-184
2026-10-06 08:17:18,036 INFO o.a.j.t.JMeterThread: Stopping because end time detected by thread: S2 1-408
2026-10-06 08:17:18,036 INFO o.a.j.t.JMeterThread: Thread finished: S2 1-408
2026-10-06 08:17:18,047 INFO o.a.j.t.JMeterThread: Stopping because end time detected by thread: S2 1-409
2026-10-06 08:17:18,047 INFO o.a.j.t.JMeterThread: Thread finished: S2 1-409
2026-10-06 08:17:18,055 INFO o.a.j.t.JMeterThread: Stopping because end time detected by thread: S2 1-277
2026-10-06 08:17:18,055 INFO o.a.j.t.JMeterThread: Thread finished: S2 1-277
2026-10-06 08:17:18,060 INFO o.a.j.t.JMeterThread: Stopping because end time detected by thread: S2 1-275
2026-10-06 08:17:18,060 INFO o.a.j.t.JMeterThread: Thread finished: S2 1-275
2026-10-06 08:17:18,064 INFO o.a.j.t.JMeterThread: Stopping because end time detected by thread: S2 1-183
2026-10-06 08:17:18,064 INFO o.a.j.t.JMeterThread: Thread finished: S2 1-183
2026-10-06 08:17:18,071 INFO o.a.j.t.JMeterThread: Stopping because end time detected by thread: S2 1-278
2026-10-06 08:17:18,071 INFO o.a.j.t.JMeterThread: Thread finished: S2 1-278
2026-10-06 08:17:18,086 INFO o.a.j.t.JMeterThread: Stopping because end time detected by thread: S2 1-36
2026-10-06 08:17:18,086 INFO o.a.j.t.JMeterThread: Thread finished: S2 1-36
2026-10-06 08:17:18,098 INFO o.a.j.t.JMeterThread: Stopping because end time detected by thread: S2 1-410
2026-10-06 08:17:18,098 INFO o.a.j.t.JMeterThread: Thread finished: S2 1-410
2026-10-06 08:17:18,099 INFO o.a.j.t.JMeterThread: Stopping because end time detected by thread: S2 1-126
2026-10-06 08:17:18,099 INFO o.a.j.t.JMeterThread: Thread finished: S2 1-126
2026-10-06 08:17:18,100 INFO o.a.j.t.JMeterThread: Stopping because end time detected by thread: S2 1-411
2026-10-06 08:17:18,100 INFO o.a.j.t.JMeterThread: Thread finished: S2 1-411
2026-10-06 08:17:18,123 INFO o.a.j.t.JMeterThread: Stopping because end time detected by thread: S2 1-37
2026-10-06 08:17:18,123 INFO o.a.j.t.JMeterThread: Thread finished: S2 1-37
2026-10-06 08:17:18,124 INFO o.a.j.t.JMeterThread: Stopping because end time detected by thread: S2 1-185
2026-10-06 08:17:18,124 INFO o.a.j.t.JMeterThread: Thread finished: S2 1-185
2026-10-06 08:17:18,126 INFO o.a.j.t.JMeterThread: Stopping because end time detected by thread: S2 1-84
2026-10-06 08:17:18,126 INFO o.a.j.t.JMeterThread: Thread finished: S2 1-84
2026-10-06 08:17:18,128 INFO o.a.j.t.JMeterThread: Stopping because end time detected by thread: S2 1-412
2026-10-06 08:17:18,129 INFO o.a.j.t.JMeterThread: Thread finished: S2 1-412
2026-10-06 08:17:18,150 INFO o.a.j.t.JMeterThread: Stopping because end time detected by thread: S2 1-280
2026-10-06 08:17:18,151 INFO o.a.j.t.JMeterThread: Thread finished: S2 1-280
2026-10-06 08:17:18,160 INFO o.a.j.t.JMeterThread: Stopping because end time detected by thread: S2 1-279
2026-10-06 08:17:18,160 INFO o.a.j.t.JMeterThread: Thread finished: S2 1-279
2026-10-06 08:17:18,168 INFO o.a.j.t.JMeterThread: Stopping because end time detected by thread: S2 1-86
2026-10-06 08:17:18,168 INFO o.a.j.t.JMeterThread: Thread finished: S2 1-86
2026-10-06 08:17:18,173 INFO o.a.j.t.JMeterThread: Stopping because end time detected by thread: S2 1-55
2026-10-06 08:17:18,173 INFO o.a.j.t.JMeterThread: Thread finished: S2 1-55
2026-10-06 08:17:18,176 INFO o.a.j.t.JMeterThread: Stopping because end time detected by thread: S2 1-413
2026-10-06 08:17:18,176 INFO o.a.j.t.JMeterThread: Thread finished: S2 1-413
2026-10-06 08:17:18,185 INFO o.a.j.t.JMeterThread: Stopping because end time detected by thread: S2 1-186
2026-10-06 08:17:18,185 INFO o.a.j.t.JMeterThread: Thread finished: S2 1-186
2026-10-06 08:17:18,204 INFO o.a.j.t.JMeterThread: Stopping because end time detected by thread: S2 1-415
2026-10-06 08:17:18,204 INFO o.a.j.t.JMeterThread: Thread finished: S2 1-415
2026-10-06 08:17:18,207 INFO o.a.j.t.JMeterThread: Stopping because end time detected by thread: S2 1-127
2026-10-06 08:17:18,207 INFO o.a.j.t.JMeterThread: Thread finished: S2 1-127
2026-10-06 08:17:18,219 INFO o.a.j.t.JMeterThread: Stopping because end time detected by thread: S2 1-38
2026-10-06 08:17:18,219 INFO o.a.j.t.JMeterThread: Thread finished: S2 1-38
2026-10-06 08:17:18,253 INFO o.a.j.t.JMeterThread: Stopping because end time detected by thread: S2 1-129
2026-10-06 08:17:18,253 INFO o.a.j.t.JMeterThread: Thread finished: S2 1-129
2026-10-06 08:17:18,253 INFO o.a.j.t.JMeterThread: Stopping because end time detected by thread: S2 1-26
2026-10-06 08:17:18,253 INFO o.a.j.t.JMeterThread: Thread finished: S2 1-26
2026-10-06 08:17:18,255 INFO o.a.j.t.JMeterThread: Stopping because end time detected by thread: S2 1-281
2026-10-06 08:17:18,255 INFO o.a.j.t.JMeterThread: Thread finished: S2 1-281
2026-10-06 08:17:18,284 INFO o.a.j.t.JMeterThread: Stopping because end time detected by thread: S2 1-187
2026-10-06 08:17:18,284 INFO o.a.j.t.JMeterThread: Thread finished: S2 1-187
2026-10-06 08:17:18,295 INFO o.a.j.t.JMeterThread: Stopping because end time detected by thread: S2 1-283
2026-10-06 08:17:18,295 INFO o.a.j.t.JMeterThread: Thread finished: S2 1-283
2026-10-06 08:17:18,296 INFO o.a.j.t.JMeterThread: Stopping because end time detected by thread: S2 1-414
2026-10-06 08:17:18,296 INFO o.a.j.t.JMeterThread: Thread finished: S2 1-414
2026-10-06 08:17:18,303 INFO o.a.j.t.JMeterThread: Stopping because end time detected by thread: S2 1-416
2026-10-06 08:17:18,303 INFO o.a.j.t.JMeterThread: Thread finished: S2 1-416
2026-10-06 08:17:18,320 INFO o.a.j.t.JMeterThread: Stopping because end time detected by thread: S2 1-419
2026-10-06 08:17:18,320 INFO o.a.j.t.JMeterThread: Thread finished: S2 1-419
2026-10-06 08:17:18,320 INFO o.a.j.t.JMeterThread: Stopping because end time detected by thread: S2 1-421
2026-10-06 08:17:18,320 INFO o.a.j.t.JMeterThread: Thread finished: S2 1-421
2026-10-06 08:17:18,343 INFO o.a.j.t.JMeterThread: Stopping because end time detected by thread: S2 1-128
2026-10-06 08:17:18,343 INFO o.a.j.t.JMeterThread: Thread finished: S2 1-128
2026-10-06 08:17:18,352 INFO o.a.j.t.JMeterThread: Stopping because end time detected by thread: S2 1-418
2026-10-06 08:17:18,352 INFO o.a.j.t.JMeterThread: Thread finished: S2 1-418
2026-10-06 08:17:18,369 INFO o.a.j.t.JMeterThread: Stopping because end time detected by thread: S2 1-282
2026-10-06 08:17:18,369 INFO o.a.j.t.JMeterThread: Thread finished: S2 1-282
2026-10-06 08:17:18,372 INFO o.a.j.t.JMeterThread: Stopping because end time detected by thread: S2 1-417
2026-10-06 08:17:18,372 INFO o.a.j.t.JMeterThread: Thread finished: S2 1-417
2026-10-06 08:17:18,373 INFO o.a.j.t.JMeterThread: Stopping because end time detected by thread: S2 1-16
2026-10-06 08:17:18,373 INFO o.a.j.t.JMeterThread: Thread finished: S2 1-16
2026-10-06 08:17:18,385 INFO o.a.j.t.JMeterThread: Stopping because end time detected by thread: S2 1-56
2026-10-06 08:17:18,385 INFO o.a.j.t.JMeterThread: Thread finished: S2 1-56
2026-10-06 08:17:18,393 INFO o.a.j.t.JMeterThread: Stopping because end time detected by thread: S2 1-420
2026-10-06 08:17:18,393 INFO o.a.j.t.JMeterThread: Thread finished: S2 1-420
2026-10-06 08:17:18,408 INFO o.a.j.t.JMeterThread: Stopping because end time detected by thread: S2 1-284
2026-10-06 08:17:18,408 INFO o.a.j.t.JMeterThread: Thread finished: S2 1-284
2026-10-06 08:17:18,410 INFO o.a.j.t.JMeterThread: Stopping because end time detected by thread: S2 1-189
2026-10-06 08:17:18,411 INFO o.a.j.t.JMeterThread: Thread finished: S2 1-189
2026-10-06 08:17:18,416 INFO o.a.j.t.JMeterThread: Stopping because end time detected by thread: S2 1-286
2026-10-06 08:17:18,416 INFO o.a.j.t.JMeterThread: Thread finished: S2 1-286
2026-10-06 08:17:18,424 INFO o.a.j.t.JMeterThread: Stopping because end time detected by thread: S2 1-6
2026-10-06 08:17:18,424 INFO o.a.j.t.JMeterThread: Thread finished: S2 1-6
2026-10-06 08:17:18,438 INFO o.a.j.t.JMeterThread: Stopping because end time detected by thread: S2 1-188
2026-10-06 08:17:18,438 INFO o.a.j.t.JMeterThread: Thread finished: S2 1-188
2026-10-06 08:17:18,457 INFO o.a.j.t.JMeterThread: Stopping because end time detected by thread: S2 1-287
2026-10-06 08:17:18,457 INFO o.a.j.t.JMeterThread: Thread finished: S2 1-287
2026-10-06 08:17:18,462 INFO o.a.j.t.JMeterThread: Stopping because end time detected by thread: S2 1-88
2026-10-06 08:17:18,462 INFO o.a.j.t.JMeterThread: Thread finished: S2 1-88
2026-10-06 08:17:18,462 INFO o.a.j.t.JMeterThread: Stopping because end time detected by thread: S2 1-190
2026-10-06 08:17:18,462 INFO o.a.j.t.JMeterThread: Thread finished: S2 1-190
2026-10-06 08:17:18,490 INFO o.a.j.t.JMeterThread: Stopping because end time detected by thread: S2 1-130
2026-10-06 08:17:18,490 INFO o.a.j.t.JMeterThread: Thread finished: S2 1-130
2026-10-06 08:17:18,494 INFO o.a.j.t.JMeterThread: Stopping because end time detected by thread: S2 1-285
2026-10-06 08:17:18,494 INFO o.a.j.t.JMeterThread: Thread finished: S2 1-285
2026-10-06 08:17:18,502 INFO o.a.j.t.JMeterThread: Stopping because end time detected by thread: S2 1-87
2026-10-06 08:17:18,502 INFO o.a.j.t.JMeterThread: Thread finished: S2 1-87
2026-10-06 08:17:18,502 INFO o.a.j.t.JMeterThread: Stopping because end time detected by thread: S2 1-422
2026-10-06 08:17:18,502 INFO o.a.j.t.JMeterThread: Thread finished: S2 1-422
2026-10-06 08:17:18,519 INFO o.a.j.t.JMeterThread: Stopping because end time detected by thread: S2 1-131
2026-10-06 08:17:18,520 INFO o.a.j.t.JMeterThread: Thread finished: S2 1-131
2026-10-06 08:17:18,520 INFO o.a.j.t.JMeterThread: Stopping because end time detected by thread: S2 1-423
2026-10-06 08:17:18,520 INFO o.a.j.t.JMeterThread: Thread finished: S2 1-423
2026-10-06 08:17:18,522 INFO o.a.j.t.JMeterThread: Stopping because end time detected by thread: S2 1-90
2026-10-06 08:17:18,522 INFO o.a.j.t.JMeterThread: Thread finished: S2 1-90
2026-10-06 08:17:18,546 INFO o.a.j.t.JMeterThread: Stopping because end time detected by thread: S2 1-192
2026-10-06 08:17:18,546 INFO o.a.j.t.JMeterThread: Thread finished: S2 1-192
2026-10-06 08:17:18,551 INFO o.a.j.t.JMeterThread: Stopping because end time detected by thread: S2 1-425
2026-10-06 08:17:18,552 INFO o.a.j.t.JMeterThread: Thread finished: S2 1-425
2026-10-06 08:17:18,559 INFO o.a.j.t.JMeterThread: Stopping because end time detected by thread: S2 1-11
2026-10-06 08:17:18,559 INFO o.a.j.t.JMeterThread: Thread finished: S2 1-11
2026-10-06 08:17:18,561 INFO o.a.j.t.JMeterThread: Stopping because end time detected by thread: S2 1-288
2026-10-06 08:17:18,561 INFO o.a.j.t.JMeterThread: Thread finished: S2 1-288
2026-10-06 08:17:18,581 INFO o.a.j.t.JMeterThread: Stopping because end time detected by thread: S2 1-429
2026-10-06 08:17:18,581 INFO o.a.j.t.JMeterThread: Thread finished: S2 1-429
2026-10-06 08:17:18,586 INFO o.a.j.t.JMeterThread: Stopping because end time detected by thread: S2 1-424
2026-10-06 08:17:18,586 INFO o.a.j.t.JMeterThread: Thread finished: S2 1-424
2026-10-06 08:17:18,590 INFO o.a.j.t.JMeterThread: Stopping because end time detected by thread: S2 1-191
2026-10-06 08:17:18,591 INFO o.a.j.t.JMeterThread: Thread finished: S2 1-191
2026-10-06 08:17:18,599 INFO o.a.j.t.JMeterThread: Stopping because end time detected by thread: S2 1-291
2026-10-06 08:17:18,599 INFO o.a.j.t.JMeterThread: Thread finished: S2 1-291
2026-10-06 08:17:18,612 INFO o.a.j.t.JMeterThread: Stopping because end time detected by thread: S2 1-427
2026-10-06 08:17:18,612 INFO o.a.j.t.JMeterThread: Thread finished: S2 1-427
2026-10-06 08:17:18,619 INFO o.a.j.t.JMeterThread: Stopping because end time detected by thread: S2 1-426
2026-10-06 08:17:18,619 INFO o.a.j.t.JMeterThread: Thread finished: S2 1-426
2026-10-06 08:17:18,630 INFO o.a.j.t.JMeterThread: Stopping because end time detected by thread: S2 1-293
2026-10-06 08:17:18,630 INFO o.a.j.t.JMeterThread: Thread finished: S2 1-293
2026-10-06 08:17:18,631 INFO o.a.j.t.JMeterThread: Stopping because end time detected by thread: S2 1-132
2026-10-06 08:17:18,631 INFO o.a.j.t.JMeterThread: Thread finished: S2 1-132
2026-10-06 08:17:18,631 INFO o.a.j.t.JMeterThread: Stopping because end time detected by thread: S2 1-289
2026-10-06 08:17:18,631 INFO o.a.j.t.JMeterThread: Thread finished: S2 1-289
2026-10-06 08:17:18,652 INFO o.a.j.t.JMeterThread: Stopping because end time detected by thread: S2 1-428
2026-10-06 08:17:18,652 INFO o.a.j.t.JMeterThread: Thread finished: S2 1-428
2026-10-06 08:17:18,658 INFO o.a.j.t.JMeterThread: Stopping because end time detected by thread: S2 1-292
2026-10-06 08:17:18,658 INFO o.a.j.t.JMeterThread: Thread finished: S2 1-292
2026-10-06 08:17:18,667 INFO o.a.j.t.JMeterThread: Stopping because end time detected by thread: S2 1-290
2026-10-06 08:17:18,667 INFO o.a.j.t.JMeterThread: Thread finished: S2 1-290
2026-10-06 08:17:18,677 INFO o.a.j.t.JMeterThread: Stopping because end time detected by thread: S2 1-430
2026-10-06 08:17:18,677 INFO o.a.j.t.JMeterThread: Thread finished: S2 1-430
2026-10-06 08:17:18,682 INFO o.a.j.t.JMeterThread: Stopping because end time detected by thread: S2 1-27
2026-10-06 08:17:18,682 INFO o.a.j.t.JMeterThread: Thread finished: S2 1-27
2026-10-06 08:17:18,685 INFO o.a.j.t.JMeterThread: Stopping because end time detected by thread: S2 1-58
2026-10-06 08:17:18,685 INFO o.a.j.t.JMeterThread: Thread finished: S2 1-58
2026-10-06 08:17:18,707 INFO o.a.j.t.JMeterThread: Stopping because end time detected by thread: S2 1-39
2026-10-06 08:17:18,707 INFO o.a.j.t.JMeterThread: Thread finished: S2 1-39
2026-10-06 08:17:18,709 INFO o.a.j.t.JMeterThread: Stopping because end time detected by thread: S2 1-294
2026-10-06 08:17:18,709 INFO o.a.j.t.JMeterThread: Thread finished: S2 1-294
2026-10-06 08:17:18,713 INFO o.a.j.t.JMeterThread: Stopping because end time detected by thread: S2 1-89
2026-10-06 08:17:18,713 INFO o.a.j.t.JMeterThread: Thread finished: S2 1-89
2026-10-06 08:17:18,713 INFO o.a.j.t.JMeterThread: Stopping because end time detected by thread: S2 1-57
2026-10-06 08:17:18,713 INFO o.a.j.t.JMeterThread: Thread finished: S2 1-57
2026-10-06 08:17:18,726 INFO o.a.j.t.JMeterThread: Stopping because end time detected by thread: S2 1-431
2026-10-06 08:17:18,726 INFO o.a.j.t.JMeterThread: Thread finished: S2 1-431
2026-10-06 08:17:18,730 INFO o.a.j.t.JMeterThread: Stopping because end time detected by thread: S2 1-195
2026-10-06 08:17:18,730 INFO o.a.j.t.JMeterThread: Thread finished: S2 1-195
2026-10-06 08:17:18,748 INFO o.a.j.t.JMeterThread: Stopping because end time detected by thread: S2 1-432
2026-10-06 08:17:18,748 INFO o.a.j.t.JMeterThread: Thread finished: S2 1-432
2026-10-06 08:17:18,753 INFO o.a.j.t.JMeterThread: Stopping because end time detected by thread: S2 1-193
2026-10-06 08:17:18,753 INFO o.a.j.t.JMeterThread: Thread finished: S2 1-193
2026-10-06 08:17:18,755 INFO o.a.j.t.JMeterThread: Stopping because end time detected by thread: S2 1-194
2026-10-06 08:17:18,755 INFO o.a.j.t.JMeterThread: Thread finished: S2 1-194
2026-10-06 08:17:18,774 INFO o.a.j.t.JMeterThread: Stopping because end time detected by thread: S2 1-134
2026-10-06 08:17:18,775 INFO o.a.j.t.JMeterThread: Thread finished: S2 1-134
2026-10-06 08:17:18,780 INFO o.a.j.t.JMeterThread: Stopping because end time detected by thread: S2 1-296
2026-10-06 08:17:18,780 INFO o.a.j.t.JMeterThread: Thread finished: S2 1-296
2026-10-06 08:17:18,786 INFO o.a.j.t.JMeterThread: Stopping because end time detected by thread: S2 1-433
2026-10-06 08:17:18,786 INFO o.a.j.t.JMeterThread: Thread finished: S2 1-433
2026-10-06 08:17:18,795 INFO o.a.j.t.JMeterThread: Stopping because end time detected by thread: S2 1-295
2026-10-06 08:17:18,795 INFO o.a.j.t.JMeterThread: Thread finished: S2 1-295
2026-10-06 08:17:18,801 INFO o.a.j.t.JMeterThread: Stopping because end time detected by thread: S2 1-297
2026-10-06 08:17:18,802 INFO o.a.j.t.JMeterThread: Thread finished: S2 1-297
2026-10-06 08:17:18,806 INFO o.a.j.t.JMeterThread: Stopping because end time detected by thread: S2 1-133
2026-10-06 08:17:18,807 INFO o.a.j.t.JMeterThread: Thread finished: S2 1-133
2026-10-06 08:17:18,814 INFO o.a.j.t.JMeterThread: Stopping because end time detected by thread: S2 1-196
2026-10-06 08:17:18,814 INFO o.a.j.t.JMeterThread: Thread finished: S2 1-196
2026-10-06 08:17:18,829 INFO o.a.j.t.JMeterThread: Stopping because end time detected by thread: S2 1-434
2026-10-06 08:17:18,829 INFO o.a.j.t.JMeterThread: Thread finished: S2 1-434
2026-10-06 08:17:18,833 INFO o.a.j.t.JMeterThread: Stopping because end time detected by thread: S2 1-435
2026-10-06 08:17:18,833 INFO o.a.j.t.JMeterThread: Thread finished: S2 1-435
2026-10-06 08:17:18,846 INFO o.a.j.t.JMeterThread: Stopping because end time detected by thread: S2 1-298
2026-10-06 08:17:18,846 INFO o.a.j.t.JMeterThread: Thread finished: S2 1-298
2026-10-06 08:17:18,847 INFO o.a.j.t.JMeterThread: Stopping because end time detected by thread: S2 1-437
2026-10-06 08:17:18,847 INFO o.a.j.t.JMeterThread: Thread finished: S2 1-437
2026-10-06 08:17:18,858 INFO o.a.j.t.JMeterThread: Stopping because end time detected by thread: S2 1-439
2026-10-06 08:17:18,858 INFO o.a.j.t.JMeterThread: Thread finished: S2 1-439
2026-10-06 08:17:18,874 INFO o.a.j.t.JMeterThread: Stopping because end time detected by thread: S2 1-91
2026-10-06 08:17:18,874 INFO o.a.j.t.JMeterThread: Thread finished: S2 1-91
2026-10-06 08:17:18,875 INFO o.a.j.t.JMeterThread: Stopping because end time detected by thread: S2 1-197
2026-10-06 08:17:18,875 INFO o.a.j.t.JMeterThread: Thread finished: S2 1-197
2026-10-06 08:17:18,893 INFO o.a.j.t.JMeterThread: Stopping because end time detected by thread: S2 1-436
2026-10-06 08:17:18,893 INFO o.a.j.t.JMeterThread: Thread finished: S2 1-436
2026-10-06 08:17:18,896 INFO o.a.j.t.JMeterThread: Stopping because end time detected by thread: S2 1-299
2026-10-06 08:17:18,896 INFO o.a.j.t.JMeterThread: Thread finished: S2 1-299
2026-10-06 08:17:18,915 INFO o.a.j.t.JMeterThread: Stopping because end time detected by thread: S2 1-301
2026-10-06 08:17:18,915 INFO o.a.j.t.JMeterThread: Thread finished: S2 1-301
2026-10-06 08:17:18,918 INFO o.a.j.t.JMeterThread: Stopping because end time detected by thread: S2 1-438
2026-10-06 08:17:18,918 INFO o.a.j.t.JMeterThread: Thread finished: S2 1-438
2026-10-06 08:17:18,931 INFO o.a.j.t.JMeterThread: Stopping because end time detected by thread: S2 1-198
2026-10-06 08:17:18,931 INFO o.a.j.t.JMeterThread: Thread finished: S2 1-198
2026-10-06 08:17:18,936 INFO o.a.j.t.JMeterThread: Stopping because end time detected by thread: S2 1-92
2026-10-06 08:17:18,936 INFO o.a.j.t.JMeterThread: Thread finished: S2 1-92
2026-10-06 08:17:18,944 INFO o.a.j.t.JMeterThread: Stopping because end time detected by thread: S2 1-440
2026-10-06 08:17:18,944 INFO o.a.j.t.JMeterThread: Thread finished: S2 1-440
2026-10-06 08:17:18,962 INFO o.a.j.t.JMeterThread: Stopping because end time detected by thread: S2 1-300
2026-10-06 08:17:18,962 INFO o.a.j.t.JMeterThread: Thread finished: S2 1-300
2026-10-06 08:17:18,970 INFO o.a.j.t.JMeterThread: Stopping because end time detected by thread: S2 1-40
2026-10-06 08:17:18,971 INFO o.a.j.t.JMeterThread: Thread finished: S2 1-40
2026-10-06 08:17:18,972 INFO o.a.j.t.JMeterThread: Stopping because end time detected by thread: S2 1-302
2026-10-06 08:17:18,972 INFO o.a.j.t.JMeterThread: Thread finished: S2 1-302
2026-10-06 08:17:18,977 INFO o.a.j.t.JMeterThread: Stopping because end time detected by thread: S2 1-135
2026-10-06 08:17:18,977 INFO o.a.j.t.JMeterThread: Thread finished: S2 1-135
2026-10-06 08:17:19,005 INFO o.a.j.t.JMeterThread: Stopping because end time detected by thread: S2 1-441
2026-10-06 08:17:19,005 INFO o.a.j.t.JMeterThread: Thread finished: S2 1-441
2026-10-06 08:17:19,009 INFO o.a.j.t.JMeterThread: Stopping because end time detected by thread: S2 1-199
2026-10-06 08:17:19,009 INFO o.a.j.t.JMeterThread: Thread finished: S2 1-199
2026-10-06 08:17:19,009 INFO o.a.j.t.JMeterThread: Stopping because end time detected by thread: S2 1-18
2026-10-06 08:17:19,010 INFO o.a.j.t.JMeterThread: Thread finished: S2 1-18
2026-10-06 08:17:19,013 INFO o.a.j.t.JMeterThread: Stopping because end time detected by thread: S2 1-137
2026-10-06 08:17:19,013 INFO o.a.j.t.JMeterThread: Thread finished: S2 1-137
2026-10-06 08:17:19,050 INFO o.a.j.t.JMeterThread: Stopping because end time detected by thread: S2 1-442
2026-10-06 08:17:19,050 INFO o.a.j.t.JMeterThread: Thread finished: S2 1-442
2026-10-06 08:17:19,051 INFO o.a.j.t.JMeterThread: Stopping because end time detected by thread: S2 1-17
2026-10-06 08:17:19,051 INFO o.a.j.t.JMeterThread: Thread finished: S2 1-17
2026-10-06 08:17:19,056 INFO o.a.j.t.JMeterThread: Stopping because end time detected by thread: S2 1-59
2026-10-06 08:17:19,056 INFO o.a.j.t.JMeterThread: Thread finished: S2 1-59
2026-10-06 08:17:19,058 INFO o.a.j.t.JMeterThread: Stopping because end time detected by thread: S2 1-443
2026-10-06 08:17:19,058 INFO o.a.j.t.JMeterThread: Thread finished: S2 1-443
2026-10-06 08:17:19,074 INFO o.a.j.t.JMeterThread: Stopping because end time detected by thread: S2 1-304
2026-10-06 08:17:19,074 INFO o.a.j.t.JMeterThread: Thread finished: S2 1-304
2026-10-06 08:17:19,079 INFO o.a.j.t.JMeterThread: Stopping because end time detected by thread: S2 1-303
2026-10-06 08:17:19,079 INFO o.a.j.t.JMeterThread: Thread finished: S2 1-303
2026-10-06 08:17:19,085 INFO o.a.j.t.JMeterThread: Stopping because end time detected by thread: S2 1-60
2026-10-06 08:17:19,085 INFO o.a.j.t.JMeterThread: Thread finished: S2 1-60
2026-10-06 08:17:19,096 INFO o.a.j.t.JMeterThread: Stopping because end time detected by thread: S2 1-200
2026-10-06 08:17:19,096 INFO o.a.j.t.JMeterThread: Thread finished: S2 1-200
2026-10-06 08:17:19,103 INFO o.a.j.t.JMeterThread: Stopping because end time detected by thread: S2 1-136
2026-10-06 08:17:19,103 INFO o.a.j.t.JMeterThread: Thread finished: S2 1-136
2026-10-06 08:17:19,106 INFO o.a.j.t.JMeterThread: Stopping because end time detected by thread: S2 1-201
2026-10-06 08:17:19,106 INFO o.a.j.t.JMeterThread: Thread finished: S2 1-201
2026-10-06 08:17:19,110 INFO o.a.j.t.JMeterThread: Stopping because end time detected by thread: S2 1-138
2026-10-06 08:17:19,111 INFO o.a.j.t.JMeterThread: Thread finished: S2 1-138
2026-10-06 08:17:19,124 INFO o.a.j.t.JMeterThread: Stopping because end time detected by thread: S2 1-446
2026-10-06 08:17:19,124 INFO o.a.j.t.JMeterThread: Thread finished: S2 1-446
2026-10-06 08:17:19,131 INFO o.a.j.t.JMeterThread: Stopping because end time detected by thread: S2 1-305
2026-10-06 08:17:19,131 INFO o.a.j.t.JMeterThread: Thread finished: S2 1-305
2026-10-06 08:17:19,133 INFO o.a.j.t.JMeterThread: Stopping because end time detected by thread: S2 1-307
2026-10-06 08:17:19,133 INFO o.a.j.t.JMeterThread: Thread finished: S2 1-307
2026-10-06 08:17:19,154 INFO o.a.j.t.JMeterThread: Stopping because end time detected by thread: S2 1-444
2026-10-06 08:17:19,154 INFO o.a.j.t.JMeterThread: Thread finished: S2 1-444
2026-10-06 08:17:19,168 INFO o.a.j.t.JMeterThread: Stopping because end time detected by thread: S2 1-448
2026-10-06 08:17:19,168 INFO o.a.j.t.JMeterThread: Thread finished: S2 1-448
2026-10-06 08:17:19,169 INFO o.a.j.t.JMeterThread: Stopping because end time detected by thread: S2 1-445
2026-10-06 08:17:19,169 INFO o.a.j.t.JMeterThread: Thread finished: S2 1-445
2026-10-06 08:17:19,179 INFO o.a.j.t.JMeterThread: Stopping because end time detected by thread: S2 1-447
2026-10-06 08:17:19,179 INFO o.a.j.t.JMeterThread: Thread finished: S2 1-447
2026-10-06 08:17:19,185 INFO o.a.j.t.JMeterThread: Stopping because end time detected by thread: S2 1-449
2026-10-06 08:17:19,185 INFO o.a.j.t.JMeterThread: Thread finished: S2 1-449
2026-10-06 08:17:19,193 INFO o.a.j.t.JMeterThread: Stopping because end time detected by thread: S2 1-93
2026-10-06 08:17:19,194 INFO o.a.j.t.JMeterThread: Thread finished: S2 1-93
2026-10-06 08:17:19,195 INFO o.a.j.t.JMeterThread: Stopping because end time detected by thread: S2 1-306
2026-10-06 08:17:19,195 INFO o.a.j.t.JMeterThread: Thread finished: S2 1-306
2026-10-06 08:17:19,215 INFO o.a.j.t.JMeterThread: Stopping because end time detected by thread: S2 1-96
2026-10-06 08:17:19,215 INFO o.a.j.t.JMeterThread: Thread finished: S2 1-96
2026-10-06 08:17:19,218 INFO o.a.j.t.JMeterThread: Stopping because end time detected by thread: S2 1-28
2026-10-06 08:17:19,218 INFO o.a.j.t.JMeterThread: Thread finished: S2 1-28
2026-10-06 08:17:19,223 INFO o.a.j.t.JMeterThread: Stopping because end time detected by thread: S2 1-94
2026-10-06 08:17:19,223 INFO o.a.j.t.JMeterThread: Thread finished: S2 1-94
2026-10-06 08:17:19,241 INFO o.a.j.t.JMeterThread: Stopping because end time detected by thread: S2 1-139
2026-10-06 08:17:19,241 INFO o.a.j.t.JMeterThread: Thread finished: S2 1-139
2026-10-06 08:17:19,242 INFO o.a.j.t.JMeterThread: Stopping because end time detected by thread: S2 1-308
2026-10-06 08:17:19,242 INFO o.a.j.t.JMeterThread: Thread finished: S2 1-308
2026-10-06 08:17:19,256 INFO o.a.j.t.JMeterThread: Stopping because end time detected by thread: S2 1-204
2026-10-06 08:17:19,257 INFO o.a.j.t.JMeterThread: Thread finished: S2 1-204
2026-10-06 08:17:19,267 INFO o.a.j.t.JMeterThread: Stopping because end time detected by thread: S2 1-450
2026-10-06 08:17:19,267 INFO o.a.j.t.JMeterThread: Thread finished: S2 1-450
2026-10-06 08:17:19,271 INFO o.a.j.t.JMeterThread: Stopping because end time detected by thread: S2 1-7
2026-10-06 08:17:19,271 INFO o.a.j.t.JMeterThread: Thread finished: S2 1-7
2026-10-06 08:17:19,280 INFO o.a.j.t.JMeterThread: Stopping because end time detected by thread: S2 1-202
2026-10-06 08:17:19,280 INFO o.a.j.t.JMeterThread: Thread finished: S2 1-202
2026-10-06 08:17:19,287 INFO o.a.j.t.JMeterThread: Stopping because end time detected by thread: S2 1-451
2026-10-06 08:17:19,287 INFO o.a.j.t.JMeterThread: Thread finished: S2 1-451
2026-10-06 08:17:19,293 INFO o.a.j.t.JMeterThread: Stopping because end time detected by thread: S2 1-205
2026-10-06 08:17:19,293 INFO o.a.j.t.JMeterThread: Thread finished: S2 1-205
2026-10-06 08:17:19,297 INFO o.a.j.t.JMeterThread: Stopping because end time detected by thread: S2 1-311
2026-10-06 08:17:19,297 INFO o.a.j.t.JMeterThread: Thread finished: S2 1-311
2026-10-06 08:17:19,308 INFO o.a.j.t.JMeterThread: Stopping because end time detected by thread: S2 1-309
2026-10-06 08:17:19,308 INFO o.a.j.t.JMeterThread: Thread finished: S2 1-309
2026-10-06 08:17:19,315 INFO o.a.j.t.JMeterThread: Stopping because end time detected by thread: S2 1-203
2026-10-06 08:17:19,315 INFO o.a.j.t.JMeterThread: Thread finished: S2 1-203
2026-10-06 08:17:19,321 INFO o.a.j.t.JMeterThread: Stopping because end time detected by thread: S2 1-41
2026-10-06 08:17:19,321 INFO o.a.j.t.JMeterThread: Thread finished: S2 1-41
2026-10-06 08:17:19,325 INFO o.a.j.t.JMeterThread: Stopping because end time detected by thread: S2 1-310
2026-10-06 08:17:19,325 INFO o.a.j.t.JMeterThread: Thread finished: S2 1-310
2026-10-06 08:17:19,334 INFO o.a.j.t.JMeterThread: Stopping because end time detected by thread: S2 1-454
2026-10-06 08:17:19,334 INFO o.a.j.t.JMeterThread: Thread finished: S2 1-454
2026-10-06 08:17:19,358 INFO o.a.j.t.JMeterThread: Stopping because end time detected by thread: S2 1-452
2026-10-06 08:17:19,358 INFO o.a.j.t.JMeterThread: Thread finished: S2 1-452
2026-10-06 08:17:19,359 INFO o.a.j.t.JMeterThread: Stopping because end time detected by thread: S2 1-8
2026-10-06 08:17:19,359 INFO o.a.j.t.JMeterThread: Thread finished: S2 1-8
2026-10-06 08:17:19,365 INFO o.a.j.t.JMeterThread: Stopping because end time detected by thread: S2 1-312
2026-10-06 08:17:19,365 INFO o.a.j.t.JMeterThread: Thread finished: S2 1-312
2026-10-06 08:17:19,368 INFO o.a.j.t.JMeterThread: Stopping because end time detected by thread: S2 1-207
2026-10-06 08:17:19,368 INFO o.a.j.t.JMeterThread: Thread finished: S2 1-207
2026-10-06 08:17:19,387 INFO o.a.j.t.JMeterThread: Stopping because end time detected by thread: S2 1-453
2026-10-06 08:17:19,388 INFO o.a.j.t.JMeterThread: Thread finished: S2 1-453
2026-10-06 08:17:19,398 INFO o.a.j.t.JMeterThread: Stopping because end time detected by thread: S2 1-458
2026-10-06 08:17:19,398 INFO o.a.j.t.JMeterThread: Thread finished: S2 1-458
2026-10-06 08:17:19,401 INFO o.a.j.t.JMeterThread: Stopping because end time detected by thread: S2 1-140
2026-10-06 08:17:19,401 INFO o.a.j.t.JMeterThread: Thread finished: S2 1-140
2026-10-06 08:17:19,408 INFO o.a.j.t.JMeterThread: Stopping because end time detected by thread: S2 1-456
2026-10-06 08:17:19,409 INFO o.a.j.t.JMeterThread: Thread finished: S2 1-456
2026-10-06 08:17:19,418 INFO o.a.j.t.JMeterThread: Stopping because end time detected by thread: S2 1-62
2026-10-06 08:17:19,419 INFO o.a.j.t.JMeterThread: Thread finished: S2 1-62
2026-10-06 08:17:19,422 INFO o.a.j.t.JMeterThread: Stopping because end time detected by thread: S2 1-61
2026-10-06 08:17:19,423 INFO o.a.j.t.JMeterThread: Thread finished: S2 1-61
2026-10-06 08:17:19,430 INFO o.a.j.t.JMeterThread: Stopping because end time detected by thread: S2 1-313
2026-10-06 08:17:19,430 INFO o.a.j.t.JMeterThread: Thread finished: S2 1-313
2026-10-06 08:17:19,436 INFO o.a.j.t.JMeterThread: Stopping because end time detected by thread: S2 1-95
2026-10-06 08:17:19,436 INFO o.a.j.t.JMeterThread: Thread finished: S2 1-95
2026-10-06 08:17:19,444 INFO o.a.j.t.JMeterThread: Stopping because end time detected by thread: S2 1-141
2026-10-06 08:17:19,444 INFO o.a.j.t.JMeterThread: Thread finished: S2 1-141
2026-10-06 08:17:19,447 INFO o.a.j.t.JMeterThread: Stopping because end time detected by thread: S2 1-455
2026-10-06 08:17:19,447 INFO o.a.j.t.JMeterThread: Thread finished: S2 1-455
2026-10-06 08:17:19,448 INFO o.a.j.t.JMeterThread: Stopping because end time detected by thread: S2 1-206
2026-10-06 08:17:19,448 INFO o.a.j.t.JMeterThread: Thread finished: S2 1-206
2026-10-06 08:17:19,454 INFO o.a.j.t.JMeterThread: Stopping because end time detected by thread: S2 1-208
2026-10-06 08:17:19,454 INFO o.a.j.t.JMeterThread: Thread finished: S2 1-208
2026-10-06 08:17:19,462 INFO o.a.j.t.JMeterThread: Stopping because end time detected by thread: S2 1-459
2026-10-06 08:17:19,462 INFO o.a.j.t.JMeterThread: Thread finished: S2 1-459
2026-10-06 08:17:19,480 INFO o.a.j.t.JMeterThread: Stopping because end time detected by thread: S2 1-5
2026-10-06 08:17:19,480 INFO o.a.j.t.JMeterThread: Thread finished: S2 1-5
2026-10-06 08:17:19,483 INFO o.a.j.t.JMeterThread: Stopping because end time detected by thread: S2 1-142
2026-10-06 08:17:19,483 INFO o.a.j.t.JMeterThread: Thread finished: S2 1-142
2026-10-06 08:17:19,491 INFO o.a.j.t.JMeterThread: Stopping because end time detected by thread: S2 1-457
2026-10-06 08:17:19,491 INFO o.a.j.t.JMeterThread: Thread finished: S2 1-457
2026-10-06 08:17:19,508 INFO o.a.j.t.JMeterThread: Stopping because end time detected by thread: S2 1-209
2026-10-06 08:17:19,508 INFO o.a.j.t.JMeterThread: Thread finished: S2 1-209
2026-10-06 08:17:19,515 INFO o.a.j.t.JMeterThread: Stopping because end time detected by thread: S2 1-460
2026-10-06 08:17:19,515 INFO o.a.j.t.JMeterThread: Thread finished: S2 1-460
2026-10-06 08:17:19,525 INFO o.a.j.t.JMeterThread: Stopping because end time detected by thread: S2 1-314
2026-10-06 08:17:19,525 INFO o.a.j.t.JMeterThread: Thread finished: S2 1-314
2026-10-06 08:17:19,537 INFO o.a.j.t.JMeterThread: Stopping because end time detected by thread: S2 1-97
2026-10-06 08:17:19,537 INFO o.a.j.t.JMeterThread: Thread finished: S2 1-97
2026-10-06 08:17:19,546 INFO o.a.j.t.JMeterThread: Stopping because end time detected by thread: S2 1-29
2026-10-06 08:17:19,547 INFO o.a.j.t.JMeterThread: Thread finished: S2 1-29
2026-10-06 08:17:19,552 INFO o.a.j.t.JMeterThread: Stopping because end time detected by thread: S2 1-462
2026-10-06 08:17:19,552 INFO o.a.j.t.JMeterThread: Thread finished: S2 1-462
2026-10-06 08:17:19,559 INFO o.a.j.t.JMeterThread: Stopping because end time detected by thread: S2 1-461
2026-10-06 08:17:19,559 INFO o.a.j.t.JMeterThread: Thread finished: S2 1-461
2026-10-06 08:17:19,562 INFO o.a.j.t.JMeterThread: Stopping because end time detected by thread: S2 1-144
2026-10-06 08:17:19,562 INFO o.a.j.t.JMeterThread: Thread finished: S2 1-144
2026-10-06 08:17:19,575 INFO o.a.j.t.JMeterThread: Stopping because end time detected by thread: S2 1-210
2026-10-06 08:17:19,575 INFO o.a.j.t.JMeterThread: Thread finished: S2 1-210
2026-10-06 08:17:19,597 INFO o.a.j.t.JMeterThread: Stopping because end time detected by thread: S2 1-212
2026-10-06 08:17:19,597 INFO o.a.j.t.JMeterThread: Thread finished: S2 1-212
2026-10-06 08:17:19,601 INFO o.a.j.t.JMeterThread: Stopping because end time detected by thread: S2 1-315
2026-10-06 08:17:19,601 INFO o.a.j.t.JMeterThread: Thread finished: S2 1-315
2026-10-06 08:17:19,608 INFO o.a.j.t.JMeterThread: Stopping because end time detected by thread: S2 1-143
2026-10-06 08:17:19,608 INFO o.a.j.t.JMeterThread: Thread finished: S2 1-143
2026-10-06 08:17:19,618 INFO o.a.j.t.JMeterThread: Stopping because end time detected by thread: S2 1-211
2026-10-06 08:17:19,618 INFO o.a.j.t.JMeterThread: Stopping because end time detected by thread: S2 1-463
2026-10-06 08:17:19,618 INFO o.a.j.t.JMeterThread: Thread finished: S2 1-211
2026-10-06 08:17:19,618 INFO o.a.j.t.JMeterThread: Thread finished: S2 1-463
2026-10-06 08:17:19,621 INFO o.a.j.t.JMeterThread: Stopping because end time detected by thread: S2 1-64
2026-10-06 08:17:19,621 INFO o.a.j.t.JMeterThread: Thread finished: S2 1-64
2026-10-06 08:17:19,629 INFO o.a.j.t.JMeterThread: Stopping because end time detected by thread: S2 1-98
2026-10-06 08:17:19,629 INFO o.a.j.t.JMeterThread: Thread finished: S2 1-98
2026-10-06 08:17:19,649 INFO o.a.j.t.JMeterThread: Stopping because end time detected by thread: S2 1-464
2026-10-06 08:17:19,649 INFO o.a.j.t.JMeterThread: Thread finished: S2 1-464
2026-10-06 08:17:19,656 INFO o.a.j.t.JMeterThread: Stopping because end time detected by thread: S2 1-465
2026-10-06 08:17:19,656 INFO o.a.j.t.JMeterThread: Thread finished: S2 1-465
2026-10-06 08:17:19,661 INFO o.a.j.t.JMeterThread: Stopping because end time detected by thread: S2 1-316
2026-10-06 08:17:19,661 INFO o.a.j.t.JMeterThread: Thread finished: S2 1-316
2026-10-06 08:17:19,665 INFO o.a.j.t.JMeterThread: Stopping because end time detected by thread: S2 1-63
2026-10-06 08:17:19,665 INFO o.a.j.t.JMeterThread: Thread finished: S2 1-63
2026-10-06 08:17:19,669 INFO o.a.j.t.JMeterThread: Stopping because end time detected by thread: S2 1-318
2026-10-06 08:17:19,669 INFO o.a.j.t.JMeterThread: Thread finished: S2 1-318
2026-10-06 08:17:19,693 INFO o.a.j.t.JMeterThread: Stopping because end time detected by thread: S2 1-466
2026-10-06 08:17:19,693 INFO o.a.j.t.JMeterThread: Thread finished: S2 1-466
2026-10-06 08:17:19,694 INFO o.a.j.t.JMeterThread: Stopping because end time detected by thread: S2 1-213
2026-10-06 08:17:19,695 INFO o.a.j.t.JMeterThread: Thread finished: S2 1-213
2026-10-06 08:17:19,704 INFO o.a.j.t.JMeterThread: Stopping because end time detected by thread: S2 1-467
2026-10-06 08:17:19,704 INFO o.a.j.t.JMeterThread: Thread finished: S2 1-467
2026-10-06 08:17:19,705 INFO o.a.j.t.JMeterThread: Stopping because end time detected by thread: S2 1-145
2026-10-06 08:17:19,705 INFO o.a.j.t.JMeterThread: Thread finished: S2 1-145
2026-10-06 08:17:19,714 INFO o.a.j.t.JMeterThread: Stopping because end time detected by thread: S2 1-42
2026-10-06 08:17:19,714 INFO o.a.j.t.JMeterThread: Thread finished: S2 1-42
2026-10-06 08:17:19,719 INFO o.a.j.t.JMeterThread: Stopping because end time detected by thread: S2 1-19
2026-10-06 08:17:19,719 INFO o.a.j.t.JMeterThread: Thread finished: S2 1-19
2026-10-06 08:17:19,723 INFO o.a.j.t.JMeterThread: Stopping because end time detected by thread: S2 1-317
2026-10-06 08:17:19,723 INFO o.a.j.t.JMeterThread: Thread finished: S2 1-317
2026-10-06 08:17:19,735 INFO o.a.j.t.JMeterThread: Stopping because end time detected by thread: S2 1-469
2026-10-06 08:17:19,735 INFO o.a.j.t.JMeterThread: Thread finished: S2 1-469
2026-10-06 08:17:19,745 INFO o.a.j.t.JMeterThread: Stopping because end time detected by thread: S2 1-319
2026-10-06 08:17:19,745 INFO o.a.j.t.JMeterThread: Thread finished: S2 1-319
2026-10-06 08:17:19,757 INFO o.a.j.t.JMeterThread: Stopping because end time detected by thread: S2 1-320
2026-10-06 08:17:19,757 INFO o.a.j.t.JMeterThread: Thread finished: S2 1-320
2026-10-06 08:17:19,762 INFO o.a.j.t.JMeterThread: Stopping because end time detected by thread: S2 1-468
2026-10-06 08:17:19,762 INFO o.a.j.t.JMeterThread: Thread finished: S2 1-468
2026-10-06 08:17:19,770 INFO o.a.j.t.JMeterThread: Stopping because end time detected by thread: S2 1-12
2026-10-06 08:17:19,770 INFO o.a.j.t.JMeterThread: Thread finished: S2 1-12
2026-10-06 08:17:19,772 INFO o.a.j.t.JMeterThread: Stopping because end time detected by thread: S2 1-65
2026-10-06 08:17:19,772 INFO o.a.j.t.JMeterThread: Thread finished: S2 1-65
2026-10-06 08:17:19,790 INFO o.a.j.t.JMeterThread: Stopping because end time detected by thread: S2 1-214
2026-10-06 08:17:19,790 INFO o.a.j.t.JMeterThread: Thread finished: S2 1-214
2026-10-06 08:17:19,796 INFO o.a.j.t.JMeterThread: Stopping because end time detected by thread: S2 1-322
2026-10-06 08:17:19,797 INFO o.a.j.t.JMeterThread: Thread finished: S2 1-322
2026-10-06 08:17:19,798 INFO o.a.j.t.JMeterThread: Stopping because end time detected by thread: S2 1-470
2026-10-06 08:17:19,798 INFO o.a.j.t.JMeterThread: Thread finished: S2 1-470
2026-10-06 08:17:19,805 INFO o.a.j.t.JMeterThread: Stopping because end time detected by thread: S2 1-321
2026-10-06 08:17:19,805 INFO o.a.j.t.JMeterThread: Thread finished: S2 1-321
2026-10-06 08:17:19,823 INFO o.a.j.t.JMeterThread: Stopping because end time detected by thread: S2 1-146
2026-10-06 08:17:19,823 INFO o.a.j.t.JMeterThread: Thread finished: S2 1-146
2026-10-06 08:17:19,828 INFO o.a.j.t.JMeterThread: Stopping because end time detected by thread: S2 1-471
2026-10-06 08:17:19,828 INFO o.a.j.t.JMeterThread: Thread finished: S2 1-471
2026-10-06 08:17:19,828 INFO o.a.j.t.JMeterThread: Stopping because end time detected by thread: S2 1-472
2026-10-06 08:17:19,828 INFO o.a.j.t.JMeterThread: Thread finished: S2 1-472
2026-10-06 08:17:19,835 INFO o.a.j.t.JMeterThread: Stopping because end time detected by thread: S2 1-323
2026-10-06 08:17:19,835 INFO o.a.j.t.JMeterThread: Thread finished: S2 1-323
2026-10-06 08:17:19,847 INFO o.a.j.t.JMeterThread: Stopping because end time detected by thread: S2 1-473
2026-10-06 08:17:19,848 INFO o.a.j.t.JMeterThread: Thread finished: S2 1-473
2026-10-06 08:17:19,855 INFO o.a.j.t.JMeterThread: Stopping because end time detected by thread: S2 1-147
2026-10-06 08:17:19,855 INFO o.a.j.t.JMeterThread: Thread finished: S2 1-147
2026-10-06 08:17:19,863 INFO o.a.j.t.JMeterThread: Stopping because end time detected by thread: S2 1-215
2026-10-06 08:17:19,863 INFO o.a.j.t.JMeterThread: Thread finished: S2 1-215
2026-10-06 08:17:19,871 INFO o.a.j.t.JMeterThread: Stopping because end time detected by thread: S2 1-99
2026-10-06 08:17:19,871 INFO o.a.j.t.JMeterThread: Thread finished: S2 1-99
2026-10-06 08:17:19,878 INFO o.a.j.t.JMeterThread: Stopping because end time detected by thread: S2 1-325
2026-10-06 08:17:19,878 INFO o.a.j.t.JMeterThread: Thread finished: S2 1-325
2026-10-06 08:17:19,882 INFO o.a.j.t.JMeterThread: Stopping because end time detected by thread: S2 1-476
2026-10-06 08:17:19,882 INFO o.a.j.t.JMeterThread: Thread finished: S2 1-476
2026-10-06 08:17:19,886 INFO o.a.j.t.JMeterThread: Stopping because end time detected by thread: S2 1-9
2026-10-06 08:17:19,886 INFO o.a.j.t.JMeterThread: Thread finished: S2 1-9
2026-10-06 08:17:19,912 INFO o.a.j.t.JMeterThread: Stopping because end time detected by thread: S2 1-216
2026-10-06 08:17:19,912 INFO o.a.j.t.JMeterThread: Thread finished: S2 1-216
2026-10-06 08:17:19,916 INFO o.a.j.t.JMeterThread: Stopping because end time detected by thread: S2 1-324
2026-10-06 08:17:19,916 INFO o.a.j.t.JMeterThread: Thread finished: S2 1-324
2026-10-06 08:17:19,918 INFO o.a.j.t.JMeterThread: Stopping because end time detected by thread: S2 1-326
2026-10-06 08:17:19,918 INFO o.a.j.t.JMeterThread: Thread finished: S2 1-326
2026-10-06 08:17:19,927 INFO o.a.j.t.JMeterThread: Stopping because end time detected by thread: S2 1-474
2026-10-06 08:17:19,927 INFO o.a.j.t.JMeterThread: Thread finished: S2 1-474
2026-10-06 08:17:19,948 INFO o.a.j.t.JMeterThread: Stopping because end time detected by thread: S2 1-477
2026-10-06 08:17:19,948 INFO o.a.j.t.JMeterThread: Thread finished: S2 1-477
2026-10-06 08:17:19,956 INFO o.a.j.t.JMeterThread: Stopping because end time detected by thread: S2 1-30
2026-10-06 08:17:19,956 INFO o.a.j.t.JMeterThread: Thread finished: S2 1-30
2026-10-06 08:17:19,960 INFO o.a.j.t.JMeterThread: Stopping because end time detected by thread: S2 1-475
2026-10-06 08:17:19,960 INFO o.a.j.t.JMeterThread: Thread finished: S2 1-475
2026-10-06 08:17:19,965 INFO o.a.j.t.JMeterThread: Stopping because end time detected by thread: S2 1-327
2026-10-06 08:17:19,965 INFO o.a.j.t.JMeterThread: Thread finished: S2 1-327
2026-10-06 08:17:19,977 INFO o.a.j.t.JMeterThread: Stopping because end time detected by thread: S2 1-100
2026-10-06 08:17:19,977 INFO o.a.j.t.JMeterThread: Thread finished: S2 1-100
2026-10-06 08:17:19,988 INFO o.a.j.t.JMeterThread: Stopping because end time detected by thread: S2 1-328
2026-10-06 08:17:19,988 INFO o.a.j.t.JMeterThread: Thread finished: S2 1-328
2026-10-06 08:17:20,003 INFO o.a.j.t.JMeterThread: Stopping because end time detected by thread: S2 1-148
2026-10-06 08:17:20,003 INFO o.a.j.t.JMeterThread: Thread finished: S2 1-148
2026-10-06 08:17:20,013 INFO o.a.j.t.JMeterThread: Stopping because end time detected by thread: S2 1-217
2026-10-06 08:17:20,013 INFO o.a.j.t.JMeterThread: Thread finished: S2 1-217
2026-10-06 08:17:20,013 INFO o.a.j.t.JMeterThread: Stopping because end time detected by thread: S2 1-479
2026-10-06 08:17:20,013 INFO o.a.j.t.JMeterThread: Thread finished: S2 1-479
2026-10-06 08:17:20,014 INFO o.a.j.t.JMeterThread: Stopping because end time detected by thread: S2 1-43
2026-10-06 08:17:20,014 INFO o.a.j.t.JMeterThread: Thread finished: S2 1-43
2026-10-06 08:17:20,044 INFO o.a.j.t.JMeterThread: Stopping because end time detected by thread: S2 1-478
2026-10-06 08:17:20,044 INFO o.a.j.t.JMeterThread: Thread finished: S2 1-478
2026-10-06 08:17:20,048 INFO o.a.j.t.JMeterThread: Stopping because end time detected by thread: S2 1-329
2026-10-06 08:17:20,048 INFO o.a.j.t.JMeterThread: Thread finished: S2 1-329
2026-10-06 08:17:20,057 INFO o.a.j.t.JMeterThread: Stopping because end time detected by thread: S2 1-149
2026-10-06 08:17:20,057 INFO o.a.j.t.JMeterThread: Thread finished: S2 1-149
2026-10-06 08:17:20,057 INFO o.a.j.t.JMeterThread: Stopping because end time detected by thread: S2 1-44
2026-10-06 08:17:20,057 INFO o.a.j.t.JMeterThread: Thread finished: S2 1-44
2026-10-06 08:17:20,077 INFO o.a.j.t.JMeterThread: Stopping because end time detected by thread: S2 1-331
2026-10-06 08:17:20,077 INFO o.a.j.t.JMeterThread: Stopping because end time detected by thread: S2 1-480
2026-10-06 08:17:20,077 INFO o.a.j.t.JMeterThread: Thread finished: S2 1-331
2026-10-06 08:17:20,077 INFO o.a.j.t.JMeterThread: Thread finished: S2 1-480
2026-10-06 08:17:20,084 INFO o.a.j.t.JMeterThread: Stopping because end time detected by thread: S2 1-101
2026-10-06 08:17:20,084 INFO o.a.j.t.JMeterThread: Thread finished: S2 1-101
2026-10-06 08:17:20,090 INFO o.a.j.t.JMeterThread: Stopping because end time detected by thread: S2 1-330
2026-10-06 08:17:20,090 INFO o.a.j.t.JMeterThread: Thread finished: S2 1-330
2026-10-06 08:17:20,118 INFO o.a.j.t.JMeterThread: Stopping because end time detected by thread: S2 1-332
2026-10-06 08:17:20,118 INFO o.a.j.t.JMeterThread: Stopping because end time detected by thread: S2 1-221
2026-10-06 08:17:20,118 INFO o.a.j.t.JMeterThread: Thread finished: S2 1-332
2026-10-06 08:17:20,118 INFO o.a.j.t.JMeterThread: Thread finished: S2 1-221
2026-10-06 08:17:20,122 INFO o.a.j.t.JMeterThread: Stopping because end time detected by thread: S2 1-218
2026-10-06 08:17:20,122 INFO o.a.j.t.JMeterThread: Thread finished: S2 1-218
2026-10-06 08:17:20,129 INFO o.a.j.t.JMeterThread: Stopping because end time detected by thread: S2 1-103
2026-10-06 08:17:20,129 INFO o.a.j.t.JMeterThread: Thread finished: S2 1-103
2026-10-06 08:17:20,146 INFO o.a.j.t.JMeterThread: Stopping because end time detected by thread: S2 1-481
2026-10-06 08:17:20,147 INFO o.a.j.t.JMeterThread: Thread finished: S2 1-481
2026-10-06 08:17:20,163 INFO o.a.j.t.JMeterThread: Stopping because end time detected by thread: S2 1-482
2026-10-06 08:17:20,163 INFO o.a.j.t.JMeterThread: Thread finished: S2 1-482
2026-10-06 08:17:20,164 INFO o.a.j.t.JMeterThread: Stopping because end time detected by thread: S2 1-150
2026-10-06 08:17:20,164 INFO o.a.j.t.JMeterThread: Thread finished: S2 1-150
2026-10-06 08:17:20,170 INFO o.a.j.t.JMeterThread: Stopping because end time detected by thread: S2 1-102
2026-10-06 08:17:20,170 INFO o.a.j.t.JMeterThread: Thread finished: S2 1-102
2026-10-06 08:17:20,183 INFO o.a.j.t.JMeterThread: Stopping because end time detected by thread: S2 1-219
2026-10-06 08:17:20,183 INFO o.a.j.t.JMeterThread: Thread finished: S2 1-219
2026-10-06 08:17:20,190 INFO o.a.j.t.JMeterThread: Stopping because end time detected by thread: S2 1-67
2026-10-06 08:17:20,190 INFO o.a.j.t.JMeterThread: Thread finished: S2 1-67
2026-10-06 08:17:20,211 INFO o.a.j.t.JMeterThread: Stopping because end time detected by thread: S2 1-484
2026-10-06 08:17:20,211 INFO o.a.j.t.JMeterThread: Thread finished: S2 1-484
2026-10-06 08:17:20,219 INFO o.a.j.t.JMeterThread: Stopping because end time detected by thread: S2 1-151
2026-10-06 08:17:20,219 INFO o.a.j.t.JMeterThread: Thread finished: S2 1-151
2026-10-06 08:17:20,224 INFO o.a.j.t.JMeterThread: Stopping because end time detected by thread: S2 1-335
2026-10-06 08:17:20,224 INFO o.a.j.t.JMeterThread: Thread finished: S2 1-335
2026-10-06 08:17:20,226 INFO o.a.j.t.JMeterThread: Stopping because end time detected by thread: S2 1-333
2026-10-06 08:17:20,226 INFO o.a.j.t.JMeterThread: Thread finished: S2 1-333
2026-10-06 08:17:20,245 INFO o.a.j.t.JMeterThread: Stopping because end time detected by thread: S2 1-220
2026-10-06 08:17:20,245 INFO o.a.j.t.JMeterThread: Thread finished: S2 1-220
2026-10-06 08:17:20,258 INFO o.a.j.t.JMeterThread: Stopping because end time detected by thread: S2 1-20
2026-10-06 08:17:20,258 INFO o.a.j.t.JMeterThread: Thread finished: S2 1-20
2026-10-06 08:17:20,258 INFO o.a.j.t.JMeterThread: Stopping because end time detected by thread: S2 1-222
2026-10-06 08:17:20,258 INFO o.a.j.t.JMeterThread: Thread finished: S2 1-222
2026-10-06 08:17:20,261 INFO o.a.j.t.JMeterThread: Stopping because end time detected by thread: S2 1-223
2026-10-06 08:17:20,261 INFO o.a.j.t.JMeterThread: Thread finished: S2 1-223
2026-10-06 08:17:20,292 INFO o.a.j.t.JMeterThread: Stopping because end time detected by thread: S2 1-488
2026-10-06 08:17:20,292 INFO o.a.j.t.JMeterThread: Thread finished: S2 1-488
2026-10-06 08:17:20,300 INFO o.a.j.t.JMeterThread: Stopping because end time detected by thread: S2 1-485
2026-10-06 08:17:20,300 INFO o.a.j.t.JMeterThread: Thread finished: S2 1-485
2026-10-06 08:17:20,304 INFO o.a.j.t.JMeterThread: Stopping because end time detected by thread: S2 1-334
2026-10-06 08:17:20,304 INFO o.a.j.t.JMeterThread: Thread finished: S2 1-334
2026-10-06 08:17:20,304 INFO o.a.j.t.JMeterThread: Stopping because end time detected by thread: S2 1-489
2026-10-06 08:17:20,304 INFO o.a.j.t.JMeterThread: Thread finished: S2 1-489
2026-10-06 08:17:20,327 INFO o.a.j.t.JMeterThread: Stopping because end time detected by thread: S2 1-483
2026-10-06 08:17:20,327 INFO o.a.j.t.JMeterThread: Thread finished: S2 1-483
2026-10-06 08:17:20,330 INFO o.a.j.t.JMeterThread: Stopping because end time detected by thread: S2 1-490
2026-10-06 08:17:20,330 INFO o.a.j.t.JMeterThread: Thread finished: S2 1-490
2026-10-06 08:17:20,337 INFO o.a.j.t.JMeterThread: Stopping because end time detected by thread: S2 1-66
2026-10-06 08:17:20,337 INFO o.a.j.t.JMeterThread: Thread finished: S2 1-66
2026-10-06 08:17:20,341 INFO o.a.j.t.JMeterThread: Stopping because end time detected by thread: S2 1-336
2026-10-06 08:17:20,341 INFO o.a.j.t.JMeterThread: Thread finished: S2 1-336
2026-10-06 08:17:20,356 INFO o.a.j.t.JMeterThread: Stopping because end time detected by thread: S2 1-486
2026-10-06 08:17:20,356 INFO o.a.j.t.JMeterThread: Thread finished: S2 1-486
2026-10-06 08:17:20,358 INFO o.a.j.t.JMeterThread: Stopping because end time detected by thread: S2 1-337
2026-10-06 08:17:20,358 INFO o.a.j.t.JMeterThread: Thread finished: S2 1-337
2026-10-06 08:17:20,366 INFO o.a.j.t.JMeterThread: Stopping because end time detected by thread: S2 1-104
2026-10-06 08:17:20,366 INFO o.a.j.t.JMeterThread: Thread finished: S2 1-104
2026-10-06 08:17:20,369 INFO o.a.j.t.JMeterThread: Stopping because end time detected by thread: S2 1-487
2026-10-06 08:17:20,369 INFO o.a.j.t.JMeterThread: Thread finished: S2 1-487
2026-10-06 08:17:20,399 INFO o.a.j.t.JMeterThread: Stopping because end time detected by thread: S2 1-492
2026-10-06 08:17:20,399 INFO o.a.j.t.JMeterThread: Stopping because end time detected by thread: S2 1-491
2026-10-06 08:17:20,399 INFO o.a.j.t.JMeterThread: Thread finished: S2 1-492
2026-10-06 08:17:20,399 INFO o.a.j.t.JMeterThread: Thread finished: S2 1-491
2026-10-06 08:17:20,405 INFO o.a.j.t.JMeterThread: Stopping because end time detected by thread: S2 1-105
2026-10-06 08:17:20,405 INFO o.a.j.t.JMeterThread: Thread finished: S2 1-105
2026-10-06 08:17:20,408 INFO o.a.j.t.JMeterThread: Stopping because end time detected by thread: S2 1-21
2026-10-06 08:17:20,408 INFO o.a.j.t.JMeterThread: Thread finished: S2 1-21
2026-10-06 08:17:20,420 INFO o.a.j.t.JMeterThread: Stopping because end time detected by thread: S2 1-152
2026-10-06 08:17:20,420 INFO o.a.j.t.JMeterThread: Thread finished: S2 1-152
2026-10-06 08:17:20,437 INFO o.a.j.t.JMeterThread: Stopping because end time detected by thread: S2 1-224
2026-10-06 08:17:20,437 INFO o.a.j.t.JMeterThread: Thread finished: S2 1-224
2026-10-06 08:17:20,440 INFO o.a.j.t.JMeterThread: Stopping because end time detected by thread: S2 1-68
2026-10-06 08:17:20,441 INFO o.a.j.t.JMeterThread: Thread finished: S2 1-68
2026-10-06 08:17:20,441 INFO o.a.j.t.JMeterThread: Stopping because end time detected by thread: S2 1-226
2026-10-06 08:17:20,441 INFO o.a.j.t.JMeterThread: Thread finished: S2 1-226
2026-10-06 08:17:20,467 INFO o.a.j.t.JMeterThread: Stopping because end time detected by thread: S2 1-494
2026-10-06 08:17:20,467 INFO o.a.j.t.JMeterThread: Thread finished: S2 1-494
2026-10-06 08:17:20,471 INFO o.a.j.t.JMeterThread: Stopping because end time detected by thread: S2 1-338
2026-10-06 08:17:20,471 INFO o.a.j.t.JMeterThread: Thread finished: S2 1-338
2026-10-06 08:17:20,472 INFO o.a.j.t.JMeterThread: Stopping because end time detected by thread: S2 1-340
2026-10-06 08:17:20,472 INFO o.a.j.t.JMeterThread: Thread finished: S2 1-340
2026-10-06 08:17:20,480 INFO o.a.j.t.JMeterThread: Stopping because end time detected by thread: S2 1-493
2026-10-06 08:17:20,480 INFO o.a.j.t.JMeterThread: Thread finished: S2 1-493
2026-10-06 08:17:20,495 INFO o.a.j.t.JMeterThread: Stopping because end time detected by thread: S2 1-339
2026-10-06 08:17:20,495 INFO o.a.j.t.JMeterThread: Thread finished: S2 1-339
2026-10-06 08:17:20,496 INFO o.a.j.t.JMeterThread: Stopping because end time detected by thread: S2 1-225
2026-10-06 08:17:20,496 INFO o.a.j.t.JMeterThread: Thread finished: S2 1-225
2026-10-06 08:17:20,502 INFO o.a.j.t.JMeterThread: Stopping because end time detected by thread: S2 1-45
2026-10-06 08:17:20,503 INFO o.a.j.t.JMeterThread: Thread finished: S2 1-45
2026-10-06 08:17:20,520 INFO o.a.j.t.JMeterThread: Stopping because end time detected by thread: S2 1-153
2026-10-06 08:17:20,520 INFO o.a.j.t.JMeterThread: Thread finished: S2 1-153
2026-10-06 08:17:20,525 INFO o.a.j.t.JMeterThread: Stopping because end time detected by thread: S2 1-495
2026-10-06 08:17:20,525 INFO o.a.j.t.JMeterThread: Thread finished: S2 1-495
2026-10-06 08:17:20,531 INFO o.a.j.t.JMeterThread: Stopping because end time detected by thread: S2 1-496
2026-10-06 08:17:20,531 INFO o.a.j.t.JMeterThread: Thread finished: S2 1-496
2026-10-06 08:17:20,534 INFO o.a.j.t.JMeterThread: Stopping because end time detected by thread: S2 1-31
2026-10-06 08:17:20,534 INFO o.a.j.t.JMeterThread: Thread finished: S2 1-31
2026-10-06 08:17:20,541 INFO o.a.j.t.JMeterThread: Stopping because end time detected by thread: S2 1-343
2026-10-06 08:17:20,541 INFO o.a.j.t.JMeterThread: Thread finished: S2 1-343
2026-10-06 08:17:20,563 INFO o.a.j.t.JMeterThread: Stopping because end time detected by thread: S2 1-13
2026-10-06 08:17:20,563 INFO o.a.j.t.JMeterThread: Thread finished: S2 1-13
2026-10-06 08:17:20,565 INFO o.a.j.t.JMeterThread: Stopping because end time detected by thread: S2 1-341
2026-10-06 08:17:20,565 INFO o.a.j.t.JMeterThread: Thread finished: S2 1-341
2026-10-06 08:17:20,570 INFO o.a.j.t.JMeterThread: Stopping because end time detected by thread: S2 1-342
2026-10-06 08:17:20,570 INFO o.a.j.t.JMeterThread: Thread finished: S2 1-342
2026-10-06 08:17:20,578 INFO o.a.j.t.JMeterThread: Stopping because end time detected by thread: S2 1-497
2026-10-06 08:17:20,578 INFO o.a.j.t.JMeterThread: Thread finished: S2 1-497
2026-10-06 08:17:20,604 INFO o.a.j.t.JMeterThread: Stopping because end time detected by thread: S2 1-499
2026-10-06 08:17:20,605 INFO o.a.j.t.JMeterThread: Thread finished: S2 1-499
2026-10-06 08:17:20,605 INFO o.a.j.t.JMeterThread: Stopping because end time detected by thread: S2 1-500
2026-10-06 08:17:20,605 INFO o.a.j.t.JMeterThread: Thread finished: S2 1-500
2026-10-06 08:17:20,605 INFO o.a.j.t.JMeterThread: Stopping because end time detected by thread: S2 1-230
2026-10-06 08:17:20,605 INFO o.a.j.t.JMeterThread: Thread finished: S2 1-230
2026-10-06 08:17:20,613 INFO o.a.j.t.JMeterThread: Stopping because end time detected by thread: S2 1-227
2026-10-06 08:17:20,613 INFO o.a.j.t.JMeterThread: Thread finished: S2 1-227
2026-10-06 08:17:20,633 INFO o.a.j.t.JMeterThread: Stopping because end time detected by thread: S2 1-2
2026-10-06 08:17:20,633 INFO o.a.j.t.JMeterThread: Thread finished: S2 1-2
2026-10-06 08:17:20,644 INFO o.a.j.t.JMeterThread: Stopping because end time detected by thread: S2 1-344
2026-10-06 08:17:20,644 INFO o.a.j.t.JMeterThread: Thread finished: S2 1-344
2026-10-06 08:17:20,652 INFO o.a.j.t.JMeterThread: Stopping because end time detected by thread: S2 1-69
2026-10-06 08:17:20,652 INFO o.a.j.t.JMeterThread: Thread finished: S2 1-69
2026-10-06 08:17:20,655 INFO o.a.j.t.JMeterThread: Stopping because end time detected by thread: S2 1-345
2026-10-06 08:17:20,655 INFO o.a.j.t.JMeterThread: Thread finished: S2 1-345
2026-10-06 08:17:20,663 INFO o.a.j.t.JMeterThread: Stopping because end time detected by thread: S2 1-232
2026-10-06 08:17:20,663 INFO o.a.j.t.JMeterThread: Thread finished: S2 1-232
2026-10-06 08:17:20,687 INFO o.a.j.t.JMeterThread: Stopping because end time detected by thread: S2 1-229
2026-10-06 08:17:20,687 INFO o.a.j.t.JMeterThread: Thread finished: S2 1-229
2026-10-06 08:17:20,688 INFO o.a.j.t.JMeterThread: Stopping because end time detected by thread: S2 1-346
2026-10-06 08:17:20,688 INFO o.a.j.t.JMeterThread: Thread finished: S2 1-346
2026-10-06 08:17:20,692 INFO o.a.j.t.JMeterThread: Stopping because end time detected by thread: S2 1-228
2026-10-06 08:17:20,692 INFO o.a.j.t.JMeterThread: Thread finished: S2 1-228
2026-10-06 08:17:20,694 INFO o.a.j.t.JMeterThread: Stopping because end time detected by thread: S2 1-498
2026-10-06 08:17:20,694 INFO o.a.j.t.JMeterThread: Thread finished: S2 1-498
2026-10-06 08:17:20,715 INFO o.a.j.t.JMeterThread: Stopping because end time detected by thread: S2 1-156
2026-10-06 08:17:20,715 INFO o.a.j.t.JMeterThread: Thread finished: S2 1-156
2026-10-06 08:17:20,719 INFO o.a.j.t.JMeterThread: Stopping because end time detected by thread: S2 1-154
2026-10-06 08:17:20,719 INFO o.a.j.t.JMeterThread: Thread finished: S2 1-154
2026-10-06 08:17:20,726 INFO o.a.j.t.JMeterThread: Stopping because end time detected by thread: S2 1-347
2026-10-06 08:17:20,726 INFO o.a.j.t.JMeterThread: Thread finished: S2 1-347
2026-10-06 08:17:20,726 INFO o.a.j.t.JMeterThread: Stopping because end time detected by thread: S2 1-155
2026-10-06 08:17:20,726 INFO o.a.j.t.JMeterThread: Thread finished: S2 1-155
2026-10-06 08:17:20,746 INFO o.a.j.t.JMeterThread: Stopping because end time detected by thread: S2 1-3
2026-10-06 08:17:20,747 INFO o.a.j.t.JMeterThread: Thread finished: S2 1-3
2026-10-06 08:17:20,758 INFO o.a.j.t.JMeterThread: Stopping because end time detected by thread: S2 1-348
2026-10-06 08:17:20,758 INFO o.a.j.t.JMeterThread: Thread finished: S2 1-348
2026-10-06 08:17:20,758 INFO o.a.j.t.JMeterThread: Stopping because end time detected by thread: S2 1-157
2026-10-06 08:17:20,758 INFO o.a.j.t.JMeterThread: Thread finished: S2 1-157
2026-10-06 08:17:20,759 INFO o.a.j.t.JMeterThread: Stopping because end time detected by thread: S2 1-107
2026-10-06 08:17:20,759 INFO o.a.j.t.JMeterThread: Thread finished: S2 1-107
2026-10-06 08:17:20,788 INFO o.a.j.t.JMeterThread: Stopping because end time detected by thread: S2 1-349
2026-10-06 08:17:20,788 INFO o.a.j.t.JMeterThread: Thread finished: S2 1-349
2026-10-06 08:17:20,789 INFO o.a.j.t.JMeterThread: Stopping because end time detected by thread: S2 1-106
2026-10-06 08:17:20,789 INFO o.a.j.t.JMeterThread: Thread finished: S2 1-106
2026-10-06 08:17:20,791 INFO o.a.j.t.JMeterThread: Stopping because end time detected by thread: S2 1-235
2026-10-06 08:17:20,792 INFO o.a.j.t.JMeterThread: Thread finished: S2 1-235
2026-10-06 08:17:20,797 INFO o.a.j.t.JMeterThread: Stopping because end time detected by thread: S2 1-231
2026-10-06 08:17:20,797 INFO o.a.j.t.JMeterThread: Thread finished: S2 1-231
2026-10-06 08:17:20,819 INFO o.a.j.t.JMeterThread: Stopping because end time detected by thread: S2 1-352
2026-10-06 08:17:20,820 INFO o.a.j.t.JMeterThread: Thread finished: S2 1-352
2026-10-06 08:17:20,822 INFO o.a.j.t.JMeterThread: Stopping because end time detected by thread: S2 1-233
2026-10-06 08:17:20,822 INFO o.a.j.t.JMeterThread: Thread finished: S2 1-233
2026-10-06 08:17:20,824 INFO o.a.j.t.JMeterThread: Stopping because end time detected by thread: S2 1-351
2026-10-06 08:17:20,824 INFO o.a.j.t.JMeterThread: Thread finished: S2 1-351
2026-10-06 08:17:20,836 INFO o.a.j.t.JMeterThread: Stopping because end time detected by thread: S2 1-350
2026-10-06 08:17:20,836 INFO o.a.j.t.JMeterThread: Thread finished: S2 1-350
2026-10-06 08:17:20,855 INFO o.a.j.t.JMeterThread: Stopping because end time detected by thread: S2 1-236
2026-10-06 08:17:20,855 INFO o.a.j.t.JMeterThread: Thread finished: S2 1-236
2026-10-06 08:17:20,862 INFO o.a.j.t.JMeterThread: Stopping because end time detected by thread: S2 1-32
2026-10-06 08:17:20,862 INFO o.a.j.t.JMeterThread: Thread finished: S2 1-32
2026-10-06 08:17:20,863 INFO o.a.j.t.JMeterThread: Stopping because end time detected by thread: S2 1-70
2026-10-06 08:17:20,864 INFO o.a.j.t.JMeterThread: Thread finished: S2 1-70
2026-10-06 08:17:20,877 INFO o.a.j.t.JMeterThread: Stopping because end time detected by thread: S2 1-159
2026-10-06 08:17:20,877 INFO o.a.j.t.JMeterThread: Thread finished: S2 1-159
2026-10-06 08:17:20,880 INFO o.a.j.t.JMeterThread: Stopping because end time detected by thread: S2 1-108
2026-10-06 08:17:20,880 INFO o.a.j.t.JMeterThread: Thread finished: S2 1-108
2026-10-06 08:17:20,890 INFO o.a.j.t.JMeterThread: Stopping because end time detected by thread: S2 1-354
2026-10-06 08:17:20,891 INFO o.a.j.t.JMeterThread: Thread finished: S2 1-354
2026-10-06 08:17:20,901 INFO o.a.j.t.JMeterThread: Stopping because end time detected by thread: S2 1-234
2026-10-06 08:17:20,901 INFO o.a.j.t.JMeterThread: Thread finished: S2 1-234
2026-10-06 08:17:20,903 INFO o.a.j.t.JMeterThread: Stopping because end time detected by thread: S2 1-161
2026-10-06 08:17:20,903 INFO o.a.j.t.JMeterThread: Thread finished: S2 1-161
2026-10-06 08:17:20,917 INFO o.a.j.t.JMeterThread: Stopping because end time detected by thread: S2 1-353
2026-10-06 08:17:20,917 INFO o.a.j.t.JMeterThread: Thread finished: S2 1-353
2026-10-06 08:17:20,926 INFO o.a.j.t.JMeterThread: Stopping because end time detected by thread: S2 1-158
2026-10-06 08:17:20,926 INFO o.a.j.t.JMeterThread: Thread finished: S2 1-158
2026-10-06 08:17:20,931 INFO o.a.j.t.JMeterThread: Stopping because end time detected by thread: S2 1-109
2026-10-06 08:17:20,931 INFO o.a.j.t.JMeterThread: Thread finished: S2 1-109
2026-10-06 08:17:20,935 INFO o.a.j.t.JMeterThread: Stopping because end time detected by thread: S2 1-356
2026-10-06 08:17:20,935 INFO o.a.j.t.JMeterThread: Thread finished: S2 1-356
2026-10-06 08:17:20,956 INFO o.a.j.t.JMeterThread: Stopping because end time detected by thread: S2 1-238
2026-10-06 08:17:20,956 INFO o.a.j.t.JMeterThread: Thread finished: S2 1-238
2026-10-06 08:17:20,961 INFO o.a.j.t.JMeterThread: Stopping because end time detected by thread: S2 1-358
2026-10-06 08:17:20,961 INFO o.a.j.t.JMeterThread: Thread finished: S2 1-358
2026-10-06 08:17:20,964 INFO o.a.j.t.JMeterThread: Stopping because end time detected by thread: S2 1-355
2026-10-06 08:17:20,964 INFO o.a.j.t.JMeterThread: Thread finished: S2 1-355
2026-10-06 08:17:20,966 INFO o.a.j.t.JMeterThread: Stopping because end time detected by thread: S2 1-71
2026-10-06 08:17:20,966 INFO o.a.j.t.JMeterThread: Thread finished: S2 1-71
2026-10-06 08:17:20,980 INFO o.a.j.t.JMeterThread: Stopping because end time detected by thread: S2 1-46
2026-10-06 08:17:20,980 INFO o.a.j.t.JMeterThread: Thread finished: S2 1-46
2026-10-06 08:17:20,983 INFO o.a.j.t.JMeterThread: Stopping because end time detected by thread: S2 1-357
2026-10-06 08:17:20,983 INFO o.a.j.t.JMeterThread: Thread finished: S2 1-357
2026-10-06 08:17:21,009 INFO o.a.j.t.JMeterThread: Stopping because end time detected by thread: S2 1-240
2026-10-06 08:17:21,009 INFO o.a.j.t.JMeterThread: Thread finished: S2 1-240
2026-10-06 08:17:21,010 INFO o.a.j.t.JMeterThread: Stopping because end time detected by thread: S2 1-160
2026-10-06 08:17:21,010 INFO o.a.j.t.JMeterThread: Thread finished: S2 1-160
2026-10-06 08:17:21,021 INFO o.a.j.t.JMeterThread: Stopping because end time detected by thread: S2 1-239
2026-10-06 08:17:21,021 INFO o.a.j.t.JMeterThread: Thread finished: S2 1-239
2026-10-06 08:17:21,028 INFO o.a.j.t.JMeterThread: Stopping because end time detected by thread: S2 1-72
2026-10-06 08:17:21,028 INFO o.a.j.t.JMeterThread: Thread finished: S2 1-72
2026-10-06 08:17:21,034 INFO o.a.j.t.JMeterThread: Stopping because end time detected by thread: S2 1-237
2026-10-06 08:17:21,034 INFO o.a.j.t.JMeterThread: Thread finished: S2 1-237
2026-10-06 08:17:21,046 INFO o.a.j.t.JMeterThread: Stopping because end time detected by thread: S2 1-162
2026-10-06 08:17:21,046 INFO o.a.j.t.JMeterThread: Thread finished: S2 1-162
2026-10-06 08:17:21,059 INFO o.a.j.t.JMeterThread: Stopping because end time detected by thread: S2 1-48
2026-10-06 08:17:21,059 INFO o.a.j.t.JMeterThread: Thread finished: S2 1-48
2026-10-06 08:17:21,066 INFO o.a.j.t.JMeterThread: Stopping because end time detected by thread: S2 1-47
2026-10-06 08:17:21,066 INFO o.a.j.t.JMeterThread: Thread finished: S2 1-47
2026-10-06 08:17:21,074 INFO o.a.j.t.JMeterThread: Stopping because end time detected by thread: S2 1-359
2026-10-06 08:17:21,074 INFO o.a.j.t.JMeterThread: Thread finished: S2 1-359
2026-10-06 08:17:21,086 INFO o.a.j.t.JMeterThread: Stopping because end time detected by thread: S2 1-111
2026-10-06 08:17:21,086 INFO o.a.j.t.JMeterThread: Thread finished: S2 1-111
2026-10-06 08:17:21,092 INFO o.a.j.t.JMeterThread: Stopping because end time detected by thread: S2 1-241
2026-10-06 08:17:21,092 INFO o.a.j.t.JMeterThread: Thread finished: S2 1-241
2026-10-06 08:17:21,110 INFO o.a.j.t.JMeterThread: Stopping because end time detected by thread: S2 1-243
2026-10-06 08:17:21,110 INFO o.a.j.t.JMeterThread: Thread finished: S2 1-243
2026-10-06 08:17:21,111 INFO o.a.j.t.JMeterThread: Stopping because end time detected by thread: S2 1-360
2026-10-06 08:17:21,111 INFO o.a.j.t.JMeterThread: Stopping because end time detected by thread: S2 1-73
2026-10-06 08:17:21,111 INFO o.a.j.t.JMeterThread: Thread finished: S2 1-360
2026-10-06 08:17:21,111 INFO o.a.j.t.JMeterThread: Thread finished: S2 1-73
2026-10-06 08:17:21,123 INFO o.a.j.t.JMeterThread: Stopping because end time detected by thread: S2 1-362
2026-10-06 08:17:21,123 INFO o.a.j.t.JMeterThread: Thread finished: S2 1-362
2026-10-06 08:17:21,132 INFO o.a.j.t.JMeterThread: Stopping because end time detected by thread: S2 1-112
2026-10-06 08:17:21,132 INFO o.a.j.t.JMeterThread: Thread finished: S2 1-112
2026-10-06 08:17:21,146 INFO o.a.j.t.JMeterThread: Stopping because end time detected by thread: S2 1-242
2026-10-06 08:17:21,146 INFO o.a.j.t.JMeterThread: Thread finished: S2 1-242
2026-10-06 08:17:21,156 INFO o.a.j.t.JMeterThread: Stopping because end time detected by thread: S2 1-363
2026-10-06 08:17:21,156 INFO o.a.j.t.JMeterThread: Thread finished: S2 1-363
2026-10-06 08:17:21,157 INFO o.a.j.t.JMeterThread: Stopping because end time detected by thread: S2 1-361
2026-10-06 08:17:21,157 INFO o.a.j.t.JMeterThread: Thread finished: S2 1-361
2026-10-06 08:17:21,161 INFO o.a.j.t.JMeterThread: Stopping because end time detected by thread: S2 1-110
2026-10-06 08:17:21,161 INFO o.a.j.t.JMeterThread: Thread finished: S2 1-110
2026-10-06 08:17:21,193 INFO o.a.j.t.JMeterThread: Stopping because end time detected by thread: S2 1-365
2026-10-06 08:17:21,194 INFO o.a.j.t.JMeterThread: Thread finished: S2 1-365
2026-10-06 08:17:21,196 INFO o.a.j.t.JMeterThread: Stopping because end time detected by thread: S2 1-366
2026-10-06 08:17:21,196 INFO o.a.j.t.JMeterThread: Stopping because end time detected by thread: S2 1-163
2026-10-06 08:17:21,196 INFO o.a.j.t.JMeterThread: Thread finished: S2 1-366
2026-10-06 08:17:21,196 INFO o.a.j.t.JMeterThread: Thread finished: S2 1-163
2026-10-06 08:17:21,203 INFO o.a.j.t.JMeterThread: Stopping because end time detected by thread: S2 1-247
2026-10-06 08:17:21,203 INFO o.a.j.t.JMeterThread: Thread finished: S2 1-247
2026-10-06 08:17:21,224 INFO o.a.j.t.JMeterThread: Stopping because end time detected by thread: S2 1-364
2026-10-06 08:17:21,224 INFO o.a.j.t.JMeterThread: Thread finished: S2 1-364
2026-10-06 08:17:21,235 INFO o.a.j.t.JMeterThread: Stopping because end time detected by thread: S2 1-244
2026-10-06 08:17:21,235 INFO o.a.j.t.JMeterThread: Thread finished: S2 1-244
2026-10-06 08:17:21,240 INFO o.a.j.t.JMeterThread: Stopping because end time detected by thread: S2 1-166
2026-10-06 08:17:21,240 INFO o.a.j.t.JMeterThread: Thread finished: S2 1-166
2026-10-06 08:17:21,241 INFO o.a.j.t.JMeterThread: Stopping because end time detected by thread: S2 1-164
2026-10-06 08:17:21,241 INFO o.a.j.t.JMeterThread: Thread finished: S2 1-164
2026-10-06 08:17:21,254 INFO o.a.j.t.JMeterThread: Stopping because end time detected by thread: S2 1-245
2026-10-06 08:17:21,254 INFO o.a.j.t.JMeterThread: Thread finished: S2 1-245
2026-10-06 08:17:21,258 INFO o.a.j.t.JMeterThread: Stopping because end time detected by thread: S2 1-367
2026-10-06 08:17:21,258 INFO o.a.j.t.JMeterThread: Thread finished: S2 1-367
2026-10-06 08:17:21,266 INFO o.a.j.t.JMeterThread: Stopping because end time detected by thread: S2 1-246
2026-10-06 08:17:21,267 INFO o.a.j.t.JMeterThread: Thread finished: S2 1-246
2026-10-06 08:17:21,282 INFO o.a.j.t.JMeterThread: Stopping because end time detected by thread: S2 1-368
2026-10-06 08:17:21,282 INFO o.a.j.t.JMeterThread: Thread finished: S2 1-368
2026-10-06 08:17:21,295 INFO o.a.j.t.JMeterThread: Stopping because end time detected by thread: S2 1-369
2026-10-06 08:17:21,295 INFO o.a.j.t.JMeterThread: Thread finished: S2 1-369
2026-10-06 08:17:21,295 INFO o.a.j.e.StandardJMeterEngine: Notifying test listeners of end of test
2026-10-06 08:17:21,295 INFO o.a.j.s.FileServer: Close: /tests/data/available_menu_items.csv
2026-10-06 08:17:21,299 INFO o.a.j.r.Summariser: summary +   2346 in 00:00:21 =  110.2/s Avg:  4538 Min:  4230 Max:  4835 Err:     0 (0.00%) Active: 0 Started: 500 Finished: 500
2026-10-06 08:17:21,299 INFO o.a.j.r.Summariser: summary =   7598 in 00:01:05 =  116.2/s Avg:  3990 Min:    41 Max:  4835 Err:     0 (0.00%)
