2026-10-06 08:15:05,024 INFO o.a.j.u.JMeterUtils: Setting Locale to en_EN
2026-10-06 08:15:05,044 INFO o.a.j.JMeter: Loading user properties from: /opt/jmeter/bin/user.properties
2026-10-06 08:15:05,045 INFO o.a.j.JMeter: Loading system properties from: /opt/jmeter/bin/system.properties
2026-10-06 08:15:05,045 INFO o.a.j.JMeter: Loading additional properties from: /tests/run.properties
2026-10-06 08:15:05,045 INFO o.a.j.JMeter: Loading additional properties from: /tests/data/ranges.properties
2026-10-06 08:15:05,046 INFO o.a.j.JMeter: Setting JMeter property: host=laravel-nginx
2026-10-06 08:15:05,046 INFO o.a.j.JMeter: Setting JMeter property: port=80
2026-10-06 08:15:05,046 INFO o.a.j.JMeter: Setting JMeter property: rampup=10
2026-10-06 08:15:05,046 INFO o.a.j.JMeter: Setting JMeter property: endpoint=EP3
2026-10-06 08:15:05,046 INFO o.a.j.JMeter: Setting JMeter property: users=500
2026-10-06 08:15:05,046 INFO o.a.j.JMeter: Setting JMeter property: duration=60
2026-10-06 08:15:05,051 INFO o.a.j.JMeter: Copyright (c) 1998-2024 The Apache Software Foundation
2026-10-06 08:15:05,051 INFO o.a.j.JMeter: Version 5.6.3
2026-10-06 08:15:05,051 INFO o.a.j.JMeter: java.version=21.0.12.1
2026-10-06 08:15:05,051 INFO o.a.j.JMeter: java.vm.name=OpenJDK 64-Bit Server VM
2026-10-06 08:15:05,051 INFO o.a.j.JMeter: os.name=Linux
2026-10-06 08:15:05,051 INFO o.a.j.JMeter: os.arch=amd64
2026-10-06 08:15:05,052 INFO o.a.j.JMeter: os.version=6.6.87.2-microsoft-standard-WSL2
2026-10-06 08:15:05,052 INFO o.a.j.JMeter: file.encoding=UTF-8
2026-10-06 08:15:05,052 INFO o.a.j.JMeter: java.awt.headless=true
2026-10-06 08:15:05,052 INFO o.a.j.JMeter: Max memory     =4294967296
2026-10-06 08:15:05,052 INFO o.a.j.JMeter: Available Processors =12
2026-10-06 08:15:05,059 INFO o.a.j.JMeter: Default Locale=English (EN)
2026-10-06 08:15:05,059 INFO o.a.j.JMeter: JMeter  Locale=English (EN)
2026-10-06 08:15:05,059 INFO o.a.j.JMeter: JMeterHome=/opt/jmeter
2026-10-06 08:15:05,059 INFO o.a.j.JMeter: user.dir  =/tests
2026-10-06 08:15:05,060 INFO o.a.j.JMeter: PWD       =/tests
2026-10-06 08:15:05,060 INFO o.a.j.JMeter: IP: 172.19.0.5 Name: b06b4cf5d511 FullName: b06b4cf5d511
2026-10-06 08:15:05,069 INFO o.a.j.s.FileServer: Default base='/tests'
2026-10-06 08:15:05,070 INFO o.a.j.s.FileServer: Set new base='/tests'
2026-10-06 08:15:05,222 INFO o.a.j.s.SaveService: Testplan (JMX) version: 2.2. Testlog (JTL) version: 2.2
2026-10-06 08:15:05,246 INFO o.a.j.s.SaveService: Using SaveService properties version 5.0
2026-10-06 08:15:05,249 INFO o.a.j.s.SaveService: Using SaveService properties file encoding UTF-8
2026-10-06 08:15:05,253 INFO o.a.j.s.SaveService: Loading file: /tests/s2.jmx
2026-10-06 08:15:05,298 INFO o.a.j.p.h.s.HTTPSamplerBase: Parser for text/html is org.apache.jmeter.protocol.http.parser.LagartoBasedHtmlParser
2026-10-06 08:15:05,299 INFO o.a.j.p.h.s.HTTPSamplerBase: Parser for application/xhtml+xml is org.apache.jmeter.protocol.http.parser.LagartoBasedHtmlParser
2026-10-06 08:15:05,299 INFO o.a.j.p.h.s.HTTPSamplerBase: Parser for application/xml is org.apache.jmeter.protocol.http.parser.LagartoBasedHtmlParser
2026-10-06 08:15:05,299 INFO o.a.j.p.h.s.HTTPSamplerBase: Parser for text/xml is org.apache.jmeter.protocol.http.parser.LagartoBasedHtmlParser
2026-10-06 08:15:05,299 INFO o.a.j.p.h.s.HTTPSamplerBase: Parser for text/vnd.wap.wml is org.apache.jmeter.protocol.http.parser.RegexpHTMLParser
2026-10-06 08:15:05,299 INFO o.a.j.p.h.s.HTTPSamplerBase: Parser for text/css is org.apache.jmeter.protocol.http.parser.CssParser
2026-10-06 08:15:05,344 INFO o.a.j.JMeter: Creating summariser <summary>
2026-10-06 08:15:05,358 INFO o.a.j.e.StandardJMeterEngine: Running the test!
2026-10-06 08:15:05,359 INFO o.a.j.s.SampleEvent: List of sample_variables: []
2026-10-06 08:15:05,359 INFO o.a.j.s.SampleEvent: List of sample_variables: []
2026-10-06 08:15:05,362 INFO o.a.j.e.u.CompoundVariable: Note: Function class names must contain the string: '.functions.'
2026-10-06 08:15:05,362 INFO o.a.j.e.u.CompoundVariable: Note: Function class names must not contain the string: '.gui.'
2026-10-06 08:15:05,567 INFO o.a.j.JMeter: Running test (1791274505567)
2026-10-06 08:15:05,568 INFO o.a.j.e.StandardJMeterEngine: Starting setUp thread groups
2026-10-06 08:15:05,569 INFO o.a.j.e.StandardJMeterEngine: Starting setUp ThreadGroup: 1 : setUp - login 
2026-10-06 08:15:05,569 INFO o.a.j.e.StandardJMeterEngine: Starting 1 threads for group setUp - login.
2026-10-06 08:15:05,569 INFO o.a.j.e.StandardJMeterEngine: Test will stop abruptly on error
2026-10-06 08:15:05,569 INFO o.a.j.t.ThreadGroup: Starting thread group... number=1 threads=1 ramp-up=1 delayedStart=false
2026-10-06 08:15:05,572 INFO o.a.j.t.ThreadGroup: Started thread group number 1
2026-10-06 08:15:05,572 INFO o.a.j.e.StandardJMeterEngine: Waiting for all setup thread groups to exit
2026-10-06 08:15:05,573 INFO o.a.j.t.JMeterThread: Thread started: setUp - login 1-1
2026-10-06 08:15:05,584 INFO o.a.j.p.h.s.HTTPHCAbstractImpl: Local host = b06b4cf5d511
2026-10-06 08:15:05,588 INFO o.a.j.p.h.s.HTTPHC4Impl: HTTP request retry count = 0
2026-10-06 08:15:05,590 INFO o.a.j.s.SampleResult: Note: Sample TimeStamps are START times
2026-10-06 08:15:05,590 INFO o.a.j.s.SampleResult: sampleresult.default.encoding is set to UTF-8
2026-10-06 08:15:05,590 INFO o.a.j.s.SampleResult: sampleresult.useNanoTime=true
2026-10-06 08:15:05,590 INFO o.a.j.s.SampleResult: sampleresult.nanoThreadSleep=5000
2026-10-06 08:15:06,424 INFO o.a.j.t.JMeterThread: Thread is done: setUp - login 1-1
2026-10-06 08:15:06,424 INFO o.a.j.t.JMeterThread: Thread finished: setUp - login 1-1
2026-10-06 08:15:06,426 INFO o.a.j.e.StandardJMeterEngine: All Setup Threads have ended
2026-10-06 08:15:06,449 INFO o.a.j.e.StandardJMeterEngine: Starting ThreadGroup: 1 : S2
2026-10-06 08:15:06,450 INFO o.a.j.e.StandardJMeterEngine: Starting 500 threads for group S2.
2026-10-06 08:15:06,450 INFO o.a.j.e.StandardJMeterEngine: Thread will continue on error
2026-10-06 08:15:06,450 INFO o.a.j.t.ThreadGroup: Starting thread group... number=1 threads=500 ramp-up=10 delayedStart=false
2026-10-06 08:15:06,461 INFO o.a.j.t.JMeterThread: Thread started: S2 1-1
2026-10-06 08:15:06,462 INFO o.a.j.s.FileServer: Stored: /tests/data/available_menu_items.csv
2026-10-06 08:15:06,480 INFO o.a.j.t.JMeterThread: Thread started: S2 1-2
2026-10-06 08:15:06,499 INFO o.a.j.t.JMeterThread: Thread started: S2 1-3
2026-10-06 08:15:06,518 INFO o.a.j.t.JMeterThread: Thread started: S2 1-4
2026-10-06 08:15:06,537 INFO o.a.j.t.JMeterThread: Thread started: S2 1-5
2026-10-06 08:15:06,556 INFO o.a.j.t.JMeterThread: Thread started: S2 1-6
2026-10-06 08:15:06,575 INFO o.a.j.t.JMeterThread: Thread started: S2 1-7
2026-10-06 08:15:06,594 INFO o.a.j.t.JMeterThread: Thread started: S2 1-8
2026-10-06 08:15:06,614 INFO o.a.j.t.JMeterThread: Thread started: S2 1-9
2026-10-06 08:15:06,632 INFO o.a.j.t.JMeterThread: Thread started: S2 1-10
2026-10-06 08:15:06,652 INFO o.a.j.t.JMeterThread: Thread started: S2 1-11
2026-10-06 08:15:06,672 INFO o.a.j.t.JMeterThread: Thread started: S2 1-12
2026-10-06 08:15:06,691 INFO o.a.j.t.JMeterThread: Thread started: S2 1-13
2026-10-06 08:15:06,712 INFO o.a.j.t.JMeterThread: Thread started: S2 1-14
2026-10-06 08:15:06,732 INFO o.a.j.t.JMeterThread: Thread started: S2 1-15
2026-10-06 08:15:06,735 INFO o.a.j.t.ThreadGroup: Started thread group number 1
2026-10-06 08:15:06,736 INFO o.a.j.e.StandardJMeterEngine: All thread groups have been started
2026-10-06 08:15:06,751 INFO o.a.j.t.JMeterThread: Thread started: S2 1-16
2026-10-06 08:15:06,771 INFO o.a.j.t.JMeterThread: Thread started: S2 1-17
2026-10-06 08:15:06,792 INFO o.a.j.t.JMeterThread: Thread started: S2 1-18
2026-10-06 08:15:06,813 INFO o.a.j.t.JMeterThread: Thread started: S2 1-19
2026-10-06 08:15:06,831 INFO o.a.j.t.JMeterThread: Thread started: S2 1-20
2026-10-06 08:15:06,851 INFO o.a.j.t.JMeterThread: Thread started: S2 1-21
2026-10-06 08:15:06,872 INFO o.a.j.t.JMeterThread: Thread started: S2 1-22
2026-10-06 08:15:06,891 INFO o.a.j.t.JMeterThread: Thread started: S2 1-23
2026-10-06 08:15:06,911 INFO o.a.j.t.JMeterThread: Thread started: S2 1-24
2026-10-06 08:15:06,932 INFO o.a.j.t.JMeterThread: Thread started: S2 1-25
2026-10-06 08:15:06,951 INFO o.a.j.t.JMeterThread: Thread started: S2 1-26
2026-10-06 08:15:06,972 INFO o.a.j.t.JMeterThread: Thread started: S2 1-27
2026-10-06 08:15:06,991 INFO o.a.j.t.JMeterThread: Thread started: S2 1-28
2026-10-06 08:15:07,012 INFO o.a.j.t.JMeterThread: Thread started: S2 1-29
2026-10-06 08:15:07,032 INFO o.a.j.t.JMeterThread: Thread started: S2 1-30
2026-10-06 08:15:07,052 INFO o.a.j.t.JMeterThread: Thread started: S2 1-31
2026-10-06 08:15:07,071 INFO o.a.j.t.JMeterThread: Thread started: S2 1-32
2026-10-06 08:15:07,091 INFO o.a.j.t.JMeterThread: Thread started: S2 1-33
2026-10-06 08:15:07,112 INFO o.a.j.t.JMeterThread: Thread started: S2 1-34
2026-10-06 08:15:07,131 INFO o.a.j.t.JMeterThread: Thread started: S2 1-35
2026-10-06 08:15:07,152 INFO o.a.j.t.JMeterThread: Thread started: S2 1-36
2026-10-06 08:15:07,171 INFO o.a.j.t.JMeterThread: Thread started: S2 1-37
2026-10-06 08:15:07,191 INFO o.a.j.t.JMeterThread: Thread started: S2 1-38
2026-10-06 08:15:07,212 INFO o.a.j.t.JMeterThread: Thread started: S2 1-39
2026-10-06 08:15:07,231 INFO o.a.j.t.JMeterThread: Thread started: S2 1-40
2026-10-06 08:15:07,253 INFO o.a.j.t.JMeterThread: Thread started: S2 1-41
2026-10-06 08:15:07,272 INFO o.a.j.t.JMeterThread: Thread started: S2 1-42
2026-10-06 08:15:07,291 INFO o.a.j.t.JMeterThread: Thread started: S2 1-43
2026-10-06 08:15:07,311 INFO o.a.j.t.JMeterThread: Thread started: S2 1-44
2026-10-06 08:15:07,331 INFO o.a.j.t.JMeterThread: Thread started: S2 1-45
2026-10-06 08:15:07,352 INFO o.a.j.t.JMeterThread: Thread started: S2 1-46
2026-10-06 08:15:07,371 INFO o.a.j.t.JMeterThread: Thread started: S2 1-47
2026-10-06 08:15:07,392 INFO o.a.j.t.JMeterThread: Thread started: S2 1-48
2026-10-06 08:15:07,412 INFO o.a.j.t.JMeterThread: Thread started: S2 1-49
2026-10-06 08:15:07,432 INFO o.a.j.t.JMeterThread: Thread started: S2 1-50
2026-10-06 08:15:07,451 INFO o.a.j.t.JMeterThread: Thread started: S2 1-51
2026-10-06 08:15:07,472 INFO o.a.j.t.JMeterThread: Thread started: S2 1-52
2026-10-06 08:15:07,491 INFO o.a.j.t.JMeterThread: Thread started: S2 1-53
2026-10-06 08:15:07,511 INFO o.a.j.t.JMeterThread: Thread started: S2 1-54
2026-10-06 08:15:07,531 INFO o.a.j.t.JMeterThread: Thread started: S2 1-55
2026-10-06 08:15:07,551 INFO o.a.j.t.JMeterThread: Thread started: S2 1-56
2026-10-06 08:15:07,571 INFO o.a.j.t.JMeterThread: Thread started: S2 1-57
2026-10-06 08:15:07,593 INFO o.a.j.t.JMeterThread: Thread started: S2 1-58
2026-10-06 08:15:07,611 INFO o.a.j.t.JMeterThread: Thread started: S2 1-59
2026-10-06 08:15:07,632 INFO o.a.j.t.JMeterThread: Thread started: S2 1-60
2026-10-06 08:15:07,652 INFO o.a.j.t.JMeterThread: Thread started: S2 1-61
2026-10-06 08:15:07,671 INFO o.a.j.t.JMeterThread: Thread started: S2 1-62
2026-10-06 08:15:07,691 INFO o.a.j.t.JMeterThread: Thread started: S2 1-63
2026-10-06 08:15:07,712 INFO o.a.j.t.JMeterThread: Thread started: S2 1-64
2026-10-06 08:15:07,731 INFO o.a.j.t.JMeterThread: Thread started: S2 1-65
2026-10-06 08:15:07,751 INFO o.a.j.t.JMeterThread: Thread started: S2 1-66
2026-10-06 08:15:07,772 INFO o.a.j.t.JMeterThread: Thread started: S2 1-67
2026-10-06 08:15:07,791 INFO o.a.j.t.JMeterThread: Thread started: S2 1-68
2026-10-06 08:15:07,812 INFO o.a.j.t.JMeterThread: Thread started: S2 1-69
2026-10-06 08:15:07,832 INFO o.a.j.t.JMeterThread: Thread started: S2 1-70
2026-10-06 08:15:07,851 INFO o.a.j.t.JMeterThread: Thread started: S2 1-71
2026-10-06 08:15:07,871 INFO o.a.j.t.JMeterThread: Thread started: S2 1-72
2026-10-06 08:15:07,891 INFO o.a.j.t.JMeterThread: Thread started: S2 1-73
2026-10-06 08:15:07,912 INFO o.a.j.t.JMeterThread: Thread started: S2 1-74
2026-10-06 08:15:07,931 INFO o.a.j.t.JMeterThread: Thread started: S2 1-75
2026-10-06 08:15:07,951 INFO o.a.j.t.JMeterThread: Thread started: S2 1-76
2026-10-06 08:15:07,971 INFO o.a.j.t.JMeterThread: Thread started: S2 1-77
2026-10-06 08:15:07,991 INFO o.a.j.t.JMeterThread: Thread started: S2 1-78
2026-10-06 08:15:08,011 INFO o.a.j.t.JMeterThread: Thread started: S2 1-79
2026-10-06 08:15:08,030 INFO o.a.j.t.JMeterThread: Thread started: S2 1-80
2026-10-06 08:15:08,051 INFO o.a.j.t.JMeterThread: Thread started: S2 1-81
2026-10-06 08:15:08,071 INFO o.a.j.t.JMeterThread: Thread started: S2 1-82
2026-10-06 08:15:08,091 INFO o.a.j.t.JMeterThread: Thread started: S2 1-83
2026-10-06 08:15:08,111 INFO o.a.j.t.JMeterThread: Thread started: S2 1-84
2026-10-06 08:15:08,131 INFO o.a.j.t.JMeterThread: Thread started: S2 1-85
2026-10-06 08:15:08,151 INFO o.a.j.t.JMeterThread: Thread started: S2 1-86
2026-10-06 08:15:08,171 INFO o.a.j.t.JMeterThread: Thread started: S2 1-87
2026-10-06 08:15:08,191 INFO o.a.j.t.JMeterThread: Thread started: S2 1-88
2026-10-06 08:15:08,212 INFO o.a.j.t.JMeterThread: Thread started: S2 1-89
2026-10-06 08:15:08,231 INFO o.a.j.t.JMeterThread: Thread started: S2 1-90
2026-10-06 08:15:08,250 INFO o.a.j.t.JMeterThread: Thread started: S2 1-91
2026-10-06 08:15:08,272 INFO o.a.j.t.JMeterThread: Thread started: S2 1-92
2026-10-06 08:15:08,291 INFO o.a.j.t.JMeterThread: Thread started: S2 1-93
2026-10-06 08:15:08,312 INFO o.a.j.t.JMeterThread: Thread started: S2 1-94
2026-10-06 08:15:08,331 INFO o.a.j.t.JMeterThread: Thread started: S2 1-95
2026-10-06 08:15:08,353 INFO o.a.j.t.JMeterThread: Thread started: S2 1-96
2026-10-06 08:15:08,371 INFO o.a.j.t.JMeterThread: Thread started: S2 1-97
2026-10-06 08:15:08,391 INFO o.a.j.t.JMeterThread: Thread started: S2 1-98
2026-10-06 08:15:08,411 INFO o.a.j.t.JMeterThread: Thread started: S2 1-99
2026-10-06 08:15:08,432 INFO o.a.j.t.JMeterThread: Thread started: S2 1-100
2026-10-06 08:15:08,451 INFO o.a.j.t.JMeterThread: Thread started: S2 1-101
2026-10-06 08:15:08,471 INFO o.a.j.t.JMeterThread: Thread started: S2 1-102
2026-10-06 08:15:08,491 INFO o.a.j.t.JMeterThread: Thread started: S2 1-103
2026-10-06 08:15:08,510 INFO o.a.j.t.JMeterThread: Thread started: S2 1-104
2026-10-06 08:15:08,532 INFO o.a.j.t.JMeterThread: Thread started: S2 1-105
2026-10-06 08:15:08,551 INFO o.a.j.t.JMeterThread: Thread started: S2 1-106
2026-10-06 08:15:08,571 INFO o.a.j.t.JMeterThread: Thread started: S2 1-107
2026-10-06 08:15:08,591 INFO o.a.j.t.JMeterThread: Thread started: S2 1-108
2026-10-06 08:15:08,611 INFO o.a.j.t.JMeterThread: Thread started: S2 1-109
2026-10-06 08:15:08,631 INFO o.a.j.t.JMeterThread: Thread started: S2 1-110
2026-10-06 08:15:08,650 INFO o.a.j.t.JMeterThread: Thread started: S2 1-111
2026-10-06 08:15:08,671 INFO o.a.j.t.JMeterThread: Thread started: S2 1-112
2026-10-06 08:15:08,690 INFO o.a.j.t.JMeterThread: Thread started: S2 1-113
2026-10-06 08:15:08,711 INFO o.a.j.t.JMeterThread: Thread started: S2 1-114
2026-10-06 08:15:08,731 INFO o.a.j.t.JMeterThread: Thread started: S2 1-115
2026-10-06 08:15:08,752 INFO o.a.j.t.JMeterThread: Thread started: S2 1-116
2026-10-06 08:15:08,771 INFO o.a.j.t.JMeterThread: Thread started: S2 1-117
2026-10-06 08:15:08,790 INFO o.a.j.t.JMeterThread: Thread started: S2 1-118
2026-10-06 08:15:08,812 INFO o.a.j.t.JMeterThread: Thread started: S2 1-119
2026-10-06 08:15:08,830 INFO o.a.j.t.JMeterThread: Thread started: S2 1-120
2026-10-06 08:15:08,851 INFO o.a.j.t.JMeterThread: Thread started: S2 1-121
2026-10-06 08:15:08,871 INFO o.a.j.t.JMeterThread: Thread started: S2 1-122
2026-10-06 08:15:08,891 INFO o.a.j.t.JMeterThread: Thread started: S2 1-123
2026-10-06 08:15:08,912 INFO o.a.j.t.JMeterThread: Thread started: S2 1-124
2026-10-06 08:15:08,931 INFO o.a.j.t.JMeterThread: Thread started: S2 1-125
2026-10-06 08:15:08,952 INFO o.a.j.t.JMeterThread: Thread started: S2 1-126
2026-10-06 08:15:08,970 INFO o.a.j.t.JMeterThread: Thread started: S2 1-127
2026-10-06 08:15:08,992 INFO o.a.j.t.JMeterThread: Thread started: S2 1-128
2026-10-06 08:15:09,013 INFO o.a.j.t.JMeterThread: Thread started: S2 1-129
2026-10-06 08:15:09,031 INFO o.a.j.t.JMeterThread: Thread started: S2 1-130
2026-10-06 08:15:09,052 INFO o.a.j.t.JMeterThread: Thread started: S2 1-131
2026-10-06 08:15:09,072 INFO o.a.j.t.JMeterThread: Thread started: S2 1-132
2026-10-06 08:15:09,094 INFO o.a.j.t.JMeterThread: Thread started: S2 1-133
2026-10-06 08:15:09,112 INFO o.a.j.t.JMeterThread: Thread started: S2 1-134
2026-10-06 08:15:09,131 INFO o.a.j.t.JMeterThread: Thread started: S2 1-135
2026-10-06 08:15:09,154 INFO o.a.j.t.JMeterThread: Thread started: S2 1-136
2026-10-06 08:15:09,171 INFO o.a.j.t.JMeterThread: Thread started: S2 1-137
2026-10-06 08:15:09,192 INFO o.a.j.t.JMeterThread: Thread started: S2 1-138
2026-10-06 08:15:09,212 INFO o.a.j.t.JMeterThread: Thread started: S2 1-139
2026-10-06 08:15:09,231 INFO o.a.j.t.JMeterThread: Thread started: S2 1-140
2026-10-06 08:15:09,251 INFO o.a.j.t.JMeterThread: Thread started: S2 1-141
2026-10-06 08:15:09,270 INFO o.a.j.t.JMeterThread: Thread started: S2 1-142
2026-10-06 08:15:09,291 INFO o.a.j.t.JMeterThread: Thread started: S2 1-143
2026-10-06 08:15:09,311 INFO o.a.j.t.JMeterThread: Thread started: S2 1-144
2026-10-06 08:15:09,331 INFO o.a.j.t.JMeterThread: Thread started: S2 1-145
2026-10-06 08:15:09,351 INFO o.a.j.t.JMeterThread: Thread started: S2 1-146
2026-10-06 08:15:09,371 INFO o.a.j.t.JMeterThread: Thread started: S2 1-147
2026-10-06 08:15:09,392 INFO o.a.j.t.JMeterThread: Thread started: S2 1-148
2026-10-06 08:15:09,412 INFO o.a.j.t.JMeterThread: Thread started: S2 1-149
2026-10-06 08:15:09,431 INFO o.a.j.t.JMeterThread: Thread started: S2 1-150
2026-10-06 08:15:09,452 INFO o.a.j.t.JMeterThread: Thread started: S2 1-151
2026-10-06 08:15:09,471 INFO o.a.j.t.JMeterThread: Thread started: S2 1-152
2026-10-06 08:15:09,492 INFO o.a.j.t.JMeterThread: Thread started: S2 1-153
2026-10-06 08:15:09,511 INFO o.a.j.t.JMeterThread: Thread started: S2 1-154
2026-10-06 08:15:09,531 INFO o.a.j.t.JMeterThread: Thread started: S2 1-155
2026-10-06 08:15:09,551 INFO o.a.j.t.JMeterThread: Thread started: S2 1-156
2026-10-06 08:15:09,572 INFO o.a.j.t.JMeterThread: Thread started: S2 1-157
2026-10-06 08:15:09,592 INFO o.a.j.t.JMeterThread: Thread started: S2 1-158
2026-10-06 08:15:09,611 INFO o.a.j.t.JMeterThread: Thread started: S2 1-159
2026-10-06 08:15:09,631 INFO o.a.j.t.JMeterThread: Thread started: S2 1-160
2026-10-06 08:15:09,651 INFO o.a.j.t.JMeterThread: Thread started: S2 1-161
2026-10-06 08:15:09,671 INFO o.a.j.t.JMeterThread: Thread started: S2 1-162
2026-10-06 08:15:09,691 INFO o.a.j.t.JMeterThread: Thread started: S2 1-163
2026-10-06 08:15:09,711 INFO o.a.j.t.JMeterThread: Thread started: S2 1-164
2026-10-06 08:15:09,731 INFO o.a.j.t.JMeterThread: Thread started: S2 1-165
2026-10-06 08:15:09,751 INFO o.a.j.t.JMeterThread: Thread started: S2 1-166
2026-10-06 08:15:09,771 INFO o.a.j.t.JMeterThread: Thread started: S2 1-167
2026-10-06 08:15:09,790 INFO o.a.j.t.JMeterThread: Thread started: S2 1-168
2026-10-06 08:15:09,811 INFO o.a.j.t.JMeterThread: Thread started: S2 1-169
2026-10-06 08:15:09,830 INFO o.a.j.t.JMeterThread: Thread started: S2 1-170
2026-10-06 08:15:09,852 INFO o.a.j.t.JMeterThread: Thread started: S2 1-171
2026-10-06 08:15:09,872 INFO o.a.j.t.JMeterThread: Thread started: S2 1-172
2026-10-06 08:15:09,892 INFO o.a.j.t.JMeterThread: Thread started: S2 1-173
2026-10-06 08:15:09,912 INFO o.a.j.t.JMeterThread: Thread started: S2 1-174
2026-10-06 08:15:09,931 INFO o.a.j.t.JMeterThread: Thread started: S2 1-175
2026-10-06 08:15:09,952 INFO o.a.j.t.JMeterThread: Thread started: S2 1-176
2026-10-06 08:15:09,970 INFO o.a.j.t.JMeterThread: Thread started: S2 1-177
2026-10-06 08:15:09,991 INFO o.a.j.t.JMeterThread: Thread started: S2 1-178
2026-10-06 08:15:10,010 INFO o.a.j.t.JMeterThread: Thread started: S2 1-179
2026-10-06 08:15:10,031 INFO o.a.j.t.JMeterThread: Thread started: S2 1-180
2026-10-06 08:15:10,050 INFO o.a.j.t.JMeterThread: Thread started: S2 1-181
2026-10-06 08:15:10,072 INFO o.a.j.t.JMeterThread: Thread started: S2 1-182
2026-10-06 08:15:10,091 INFO o.a.j.t.JMeterThread: Thread started: S2 1-183
2026-10-06 08:15:10,112 INFO o.a.j.t.JMeterThread: Thread started: S2 1-184
2026-10-06 08:15:10,130 INFO o.a.j.t.JMeterThread: Thread started: S2 1-185
2026-10-06 08:15:10,151 INFO o.a.j.t.JMeterThread: Thread started: S2 1-186
2026-10-06 08:15:10,170 INFO o.a.j.t.JMeterThread: Thread started: S2 1-187
2026-10-06 08:15:10,191 INFO o.a.j.t.JMeterThread: Thread started: S2 1-188
2026-10-06 08:15:10,212 INFO o.a.j.t.JMeterThread: Thread started: S2 1-189
2026-10-06 08:15:10,231 INFO o.a.j.t.JMeterThread: Thread started: S2 1-190
2026-10-06 08:15:10,251 INFO o.a.j.t.JMeterThread: Thread started: S2 1-191
2026-10-06 08:15:10,272 INFO o.a.j.t.JMeterThread: Thread started: S2 1-192
2026-10-06 08:15:10,290 INFO o.a.j.t.JMeterThread: Thread started: S2 1-193
2026-10-06 08:15:10,312 INFO o.a.j.t.JMeterThread: Thread started: S2 1-194
2026-10-06 08:15:10,332 INFO o.a.j.t.JMeterThread: Thread started: S2 1-195
2026-10-06 08:15:10,351 INFO o.a.j.t.JMeterThread: Thread started: S2 1-196
2026-10-06 08:15:10,380 INFO o.a.j.t.JMeterThread: Thread started: S2 1-197
2026-10-06 08:15:10,392 INFO o.a.j.t.JMeterThread: Thread started: S2 1-198
2026-10-06 08:15:10,412 INFO o.a.j.t.JMeterThread: Thread started: S2 1-199
2026-10-06 08:15:10,432 INFO o.a.j.t.JMeterThread: Thread started: S2 1-200
2026-10-06 08:15:10,456 INFO o.a.j.t.JMeterThread: Thread started: S2 1-201
2026-10-06 08:15:10,477 INFO o.a.j.t.JMeterThread: Thread started: S2 1-202
2026-10-06 08:15:10,491 INFO o.a.j.t.JMeterThread: Thread started: S2 1-203
2026-10-06 08:15:10,510 INFO o.a.j.t.JMeterThread: Thread started: S2 1-204
2026-10-06 08:15:10,532 INFO o.a.j.t.JMeterThread: Thread started: S2 1-205
2026-10-06 08:15:10,550 INFO o.a.j.t.JMeterThread: Thread started: S2 1-206
2026-10-06 08:15:10,572 INFO o.a.j.t.JMeterThread: Thread started: S2 1-207
2026-10-06 08:15:10,591 INFO o.a.j.t.JMeterThread: Thread started: S2 1-208
2026-10-06 08:15:10,611 INFO o.a.j.t.JMeterThread: Thread started: S2 1-209
2026-10-06 08:15:10,632 INFO o.a.j.t.JMeterThread: Thread started: S2 1-210
2026-10-06 08:15:10,652 INFO o.a.j.t.JMeterThread: Thread started: S2 1-211
2026-10-06 08:15:10,672 INFO o.a.j.t.JMeterThread: Thread started: S2 1-212
2026-10-06 08:15:10,691 INFO o.a.j.t.JMeterThread: Thread started: S2 1-213
2026-10-06 08:15:10,712 INFO o.a.j.t.JMeterThread: Thread started: S2 1-214
2026-10-06 08:15:10,731 INFO o.a.j.t.JMeterThread: Thread started: S2 1-215
2026-10-06 08:15:10,751 INFO o.a.j.t.JMeterThread: Thread started: S2 1-216
2026-10-06 08:15:10,772 INFO o.a.j.t.JMeterThread: Thread started: S2 1-217
2026-10-06 08:15:10,790 INFO o.a.j.t.JMeterThread: Thread started: S2 1-218
2026-10-06 08:15:10,812 INFO o.a.j.t.JMeterThread: Thread started: S2 1-219
2026-10-06 08:15:10,830 INFO o.a.j.t.JMeterThread: Thread started: S2 1-220
2026-10-06 08:15:10,852 INFO o.a.j.t.JMeterThread: Thread started: S2 1-221
2026-10-06 08:15:10,870 INFO o.a.j.t.JMeterThread: Thread started: S2 1-222
2026-10-06 08:15:10,892 INFO o.a.j.t.JMeterThread: Thread started: S2 1-223
2026-10-06 08:15:10,910 INFO o.a.j.t.JMeterThread: Thread started: S2 1-224
2026-10-06 08:15:10,931 INFO o.a.j.t.JMeterThread: Thread started: S2 1-225
2026-10-06 08:15:10,951 INFO o.a.j.t.JMeterThread: Thread started: S2 1-226
2026-10-06 08:15:10,971 INFO o.a.j.t.JMeterThread: Thread started: S2 1-227
2026-10-06 08:15:10,990 INFO o.a.j.t.JMeterThread: Thread started: S2 1-228
2026-10-06 08:15:11,012 INFO o.a.j.t.JMeterThread: Thread started: S2 1-229
2026-10-06 08:15:11,031 INFO o.a.j.t.JMeterThread: Thread started: S2 1-230
2026-10-06 08:15:11,051 INFO o.a.j.t.JMeterThread: Thread started: S2 1-231
2026-10-06 08:15:11,072 INFO o.a.j.t.JMeterThread: Thread started: S2 1-232
2026-10-06 08:15:11,090 INFO o.a.j.t.JMeterThread: Thread started: S2 1-233
2026-10-06 08:15:11,112 INFO o.a.j.t.JMeterThread: Thread started: S2 1-234
2026-10-06 08:15:11,131 INFO o.a.j.t.JMeterThread: Thread started: S2 1-235
2026-10-06 08:15:11,150 INFO o.a.j.t.JMeterThread: Thread started: S2 1-236
2026-10-06 08:15:11,172 INFO o.a.j.t.JMeterThread: Thread started: S2 1-237
2026-10-06 08:15:11,190 INFO o.a.j.t.JMeterThread: Thread started: S2 1-238
2026-10-06 08:15:11,211 INFO o.a.j.t.JMeterThread: Thread started: S2 1-239
2026-10-06 08:15:11,231 INFO o.a.j.t.JMeterThread: Thread started: S2 1-240
2026-10-06 08:15:11,250 INFO o.a.j.t.JMeterThread: Thread started: S2 1-241
2026-10-06 08:15:11,272 INFO o.a.j.t.JMeterThread: Thread started: S2 1-242
2026-10-06 08:15:11,292 INFO o.a.j.t.JMeterThread: Thread started: S2 1-243
2026-10-06 08:15:11,311 INFO o.a.j.t.JMeterThread: Thread started: S2 1-244
2026-10-06 08:15:11,331 INFO o.a.j.t.JMeterThread: Thread started: S2 1-245
2026-10-06 08:15:11,351 INFO o.a.j.t.JMeterThread: Thread started: S2 1-246
2026-10-06 08:15:11,372 INFO o.a.j.t.JMeterThread: Thread started: S2 1-247
2026-10-06 08:15:11,391 INFO o.a.j.t.JMeterThread: Thread started: S2 1-248
2026-10-06 08:15:11,410 INFO o.a.j.t.JMeterThread: Thread started: S2 1-249
2026-10-06 08:15:11,432 INFO o.a.j.t.JMeterThread: Thread started: S2 1-250
2026-10-06 08:15:11,451 INFO o.a.j.t.JMeterThread: Thread started: S2 1-251
2026-10-06 08:15:11,471 INFO o.a.j.t.JMeterThread: Thread started: S2 1-252
2026-10-06 08:15:11,491 INFO o.a.j.t.JMeterThread: Thread started: S2 1-253
2026-10-06 08:15:11,511 INFO o.a.j.t.JMeterThread: Thread started: S2 1-254
2026-10-06 08:15:11,531 INFO o.a.j.t.JMeterThread: Thread started: S2 1-255
2026-10-06 08:15:11,552 INFO o.a.j.t.JMeterThread: Thread started: S2 1-256
2026-10-06 08:15:11,571 INFO o.a.j.t.JMeterThread: Thread started: S2 1-257
2026-10-06 08:15:11,591 INFO o.a.j.t.JMeterThread: Thread started: S2 1-258
2026-10-06 08:15:11,612 INFO o.a.j.t.JMeterThread: Thread started: S2 1-259
2026-10-06 08:15:11,632 INFO o.a.j.t.JMeterThread: Thread started: S2 1-260
2026-10-06 08:15:11,650 INFO o.a.j.t.JMeterThread: Thread started: S2 1-261
2026-10-06 08:15:11,671 INFO o.a.j.t.JMeterThread: Thread started: S2 1-262
2026-10-06 08:15:11,692 INFO o.a.j.t.JMeterThread: Thread started: S2 1-263
2026-10-06 08:15:11,711 INFO o.a.j.t.JMeterThread: Thread started: S2 1-264
2026-10-06 08:15:11,730 INFO o.a.j.t.JMeterThread: Thread started: S2 1-265
2026-10-06 08:15:11,751 INFO o.a.j.t.JMeterThread: Thread started: S2 1-266
2026-10-06 08:15:11,770 INFO o.a.j.t.JMeterThread: Thread started: S2 1-267
2026-10-06 08:15:11,791 INFO o.a.j.t.JMeterThread: Thread started: S2 1-268
2026-10-06 08:15:11,810 INFO o.a.j.t.JMeterThread: Thread started: S2 1-269
2026-10-06 08:15:11,832 INFO o.a.j.t.JMeterThread: Thread started: S2 1-270
2026-10-06 08:15:11,851 INFO o.a.j.t.JMeterThread: Thread started: S2 1-271
2026-10-06 08:15:11,870 INFO o.a.j.t.JMeterThread: Thread started: S2 1-272
2026-10-06 08:15:11,892 INFO o.a.j.t.JMeterThread: Thread started: S2 1-273
2026-10-06 08:15:11,910 INFO o.a.j.t.JMeterThread: Thread started: S2 1-274
2026-10-06 08:15:11,932 INFO o.a.j.t.JMeterThread: Thread started: S2 1-275
2026-10-06 08:15:11,951 INFO o.a.j.t.JMeterThread: Thread started: S2 1-276
2026-10-06 08:15:11,970 INFO o.a.j.t.JMeterThread: Thread started: S2 1-277
2026-10-06 08:15:11,992 INFO o.a.j.t.JMeterThread: Thread started: S2 1-278
2026-10-06 08:15:12,010 INFO o.a.j.t.JMeterThread: Thread started: S2 1-279
2026-10-06 08:15:12,031 INFO o.a.j.t.JMeterThread: Thread started: S2 1-280
2026-10-06 08:15:12,050 INFO o.a.j.t.JMeterThread: Thread started: S2 1-281
2026-10-06 08:15:12,071 INFO o.a.j.t.JMeterThread: Thread started: S2 1-282
2026-10-06 08:15:12,090 INFO o.a.j.t.JMeterThread: Thread started: S2 1-283
2026-10-06 08:15:12,112 INFO o.a.j.t.JMeterThread: Thread started: S2 1-284
2026-10-06 08:15:12,132 INFO o.a.j.t.JMeterThread: Thread started: S2 1-285
2026-10-06 08:15:12,151 INFO o.a.j.t.JMeterThread: Thread started: S2 1-286
2026-10-06 08:15:12,170 INFO o.a.j.t.JMeterThread: Thread started: S2 1-287
2026-10-06 08:15:12,192 INFO o.a.j.t.JMeterThread: Thread started: S2 1-288
2026-10-06 08:15:12,211 INFO o.a.j.t.JMeterThread: Thread started: S2 1-289
2026-10-06 08:15:12,232 INFO o.a.j.t.JMeterThread: Thread started: S2 1-290
2026-10-06 08:15:12,253 INFO o.a.j.t.JMeterThread: Thread started: S2 1-291
2026-10-06 08:15:12,271 INFO o.a.j.t.JMeterThread: Thread started: S2 1-292
2026-10-06 08:15:12,291 INFO o.a.j.t.JMeterThread: Thread started: S2 1-293
2026-10-06 08:15:12,311 INFO o.a.j.t.JMeterThread: Thread started: S2 1-294
2026-10-06 08:15:12,331 INFO o.a.j.t.JMeterThread: Thread started: S2 1-295
2026-10-06 08:15:12,352 INFO o.a.j.t.JMeterThread: Thread started: S2 1-296
2026-10-06 08:15:12,371 INFO o.a.j.t.JMeterThread: Thread started: S2 1-297
2026-10-06 08:15:12,392 INFO o.a.j.t.JMeterThread: Thread started: S2 1-298
2026-10-06 08:15:12,411 INFO o.a.j.t.JMeterThread: Thread started: S2 1-299
2026-10-06 08:15:12,431 INFO o.a.j.t.JMeterThread: Thread started: S2 1-300
2026-10-06 08:15:12,451 INFO o.a.j.t.JMeterThread: Thread started: S2 1-301
2026-10-06 08:15:12,470 INFO o.a.j.t.JMeterThread: Thread started: S2 1-302
2026-10-06 08:15:12,491 INFO o.a.j.t.JMeterThread: Thread started: S2 1-303
2026-10-06 08:15:12,510 INFO o.a.j.t.JMeterThread: Thread started: S2 1-304
2026-10-06 08:15:12,531 INFO o.a.j.t.JMeterThread: Thread started: S2 1-305
2026-10-06 08:15:12,550 INFO o.a.j.t.JMeterThread: Thread started: S2 1-306
2026-10-06 08:15:12,571 INFO o.a.j.t.JMeterThread: Thread started: S2 1-307
2026-10-06 08:15:12,590 INFO o.a.j.t.JMeterThread: Thread started: S2 1-308
2026-10-06 08:15:12,612 INFO o.a.j.t.JMeterThread: Thread started: S2 1-309
2026-10-06 08:15:12,631 INFO o.a.j.t.JMeterThread: Thread started: S2 1-310
2026-10-06 08:15:12,651 INFO o.a.j.t.JMeterThread: Thread started: S2 1-311
2026-10-06 08:15:12,670 INFO o.a.j.t.JMeterThread: Thread started: S2 1-312
2026-10-06 08:15:12,691 INFO o.a.j.t.JMeterThread: Thread started: S2 1-313
2026-10-06 08:15:12,712 INFO o.a.j.t.JMeterThread: Thread started: S2 1-314
2026-10-06 08:15:12,731 INFO o.a.j.t.JMeterThread: Thread started: S2 1-315
2026-10-06 08:15:12,751 INFO o.a.j.t.JMeterThread: Thread started: S2 1-316
2026-10-06 08:15:12,772 INFO o.a.j.t.JMeterThread: Thread started: S2 1-317
2026-10-06 08:15:12,791 INFO o.a.j.t.JMeterThread: Thread started: S2 1-318
2026-10-06 08:15:12,810 INFO o.a.j.t.JMeterThread: Thread started: S2 1-319
2026-10-06 08:15:12,831 INFO o.a.j.t.JMeterThread: Thread started: S2 1-320
2026-10-06 08:15:12,851 INFO o.a.j.t.JMeterThread: Thread started: S2 1-321
2026-10-06 08:15:12,870 INFO o.a.j.t.JMeterThread: Thread started: S2 1-322
2026-10-06 08:15:12,892 INFO o.a.j.t.JMeterThread: Thread started: S2 1-323
2026-10-06 08:15:12,911 INFO o.a.j.t.JMeterThread: Thread started: S2 1-324
2026-10-06 08:15:12,931 INFO o.a.j.t.JMeterThread: Thread started: S2 1-325
2026-10-06 08:15:12,951 INFO o.a.j.t.JMeterThread: Thread started: S2 1-326
2026-10-06 08:15:12,972 INFO o.a.j.t.JMeterThread: Thread started: S2 1-327
2026-10-06 08:15:12,992 INFO o.a.j.t.JMeterThread: Thread started: S2 1-328
2026-10-06 08:15:13,012 INFO o.a.j.t.JMeterThread: Thread started: S2 1-329
2026-10-06 08:15:13,031 INFO o.a.j.t.JMeterThread: Thread started: S2 1-330
2026-10-06 08:15:13,052 INFO o.a.j.t.JMeterThread: Thread started: S2 1-331
2026-10-06 08:15:13,071 INFO o.a.j.t.JMeterThread: Thread started: S2 1-332
2026-10-06 08:15:13,090 INFO o.a.j.t.JMeterThread: Thread started: S2 1-333
2026-10-06 08:15:13,112 INFO o.a.j.t.JMeterThread: Thread started: S2 1-334
2026-10-06 08:15:13,131 INFO o.a.j.t.JMeterThread: Thread started: S2 1-335
2026-10-06 08:15:13,152 INFO o.a.j.t.JMeterThread: Thread started: S2 1-336
2026-10-06 08:15:13,171 INFO o.a.j.t.JMeterThread: Thread started: S2 1-337
2026-10-06 08:15:13,191 INFO o.a.j.t.JMeterThread: Thread started: S2 1-338
2026-10-06 08:15:13,211 INFO o.a.j.t.JMeterThread: Thread started: S2 1-339
2026-10-06 08:15:13,231 INFO o.a.j.t.JMeterThread: Thread started: S2 1-340
2026-10-06 08:15:13,251 INFO o.a.j.t.JMeterThread: Thread started: S2 1-341
2026-10-06 08:15:13,270 INFO o.a.j.t.JMeterThread: Thread started: S2 1-342
2026-10-06 08:15:13,291 INFO o.a.j.t.JMeterThread: Thread started: S2 1-343
2026-10-06 08:15:13,311 INFO o.a.j.t.JMeterThread: Thread started: S2 1-344
2026-10-06 08:15:13,331 INFO o.a.j.t.JMeterThread: Thread started: S2 1-345
2026-10-06 08:15:13,351 INFO o.a.j.t.JMeterThread: Thread started: S2 1-346
2026-10-06 08:15:13,371 INFO o.a.j.t.JMeterThread: Thread started: S2 1-347
2026-10-06 08:15:13,392 INFO o.a.j.t.JMeterThread: Thread started: S2 1-348
2026-10-06 08:15:13,411 INFO o.a.j.t.JMeterThread: Thread started: S2 1-349
2026-10-06 08:15:13,431 INFO o.a.j.t.JMeterThread: Thread started: S2 1-350
2026-10-06 08:15:13,450 INFO o.a.j.t.JMeterThread: Thread started: S2 1-351
2026-10-06 08:15:13,472 INFO o.a.j.t.JMeterThread: Thread started: S2 1-352
2026-10-06 08:15:13,491 INFO o.a.j.t.JMeterThread: Thread started: S2 1-353
2026-10-06 08:15:13,512 INFO o.a.j.t.JMeterThread: Thread started: S2 1-354
2026-10-06 08:15:13,531 INFO o.a.j.t.JMeterThread: Thread started: S2 1-355
2026-10-06 08:15:13,550 INFO o.a.j.t.JMeterThread: Thread started: S2 1-356
2026-10-06 08:15:13,572 INFO o.a.j.t.JMeterThread: Thread started: S2 1-357
2026-10-06 08:15:13,591 INFO o.a.j.t.JMeterThread: Thread started: S2 1-358
2026-10-06 08:15:13,612 INFO o.a.j.t.JMeterThread: Thread started: S2 1-359
2026-10-06 08:15:13,632 INFO o.a.j.t.JMeterThread: Thread started: S2 1-360
2026-10-06 08:15:13,651 INFO o.a.j.t.JMeterThread: Thread started: S2 1-361
2026-10-06 08:15:13,670 INFO o.a.j.t.JMeterThread: Thread started: S2 1-362
2026-10-06 08:15:13,692 INFO o.a.j.t.JMeterThread: Thread started: S2 1-363
2026-10-06 08:15:13,711 INFO o.a.j.t.JMeterThread: Thread started: S2 1-364
2026-10-06 08:15:13,731 INFO o.a.j.t.JMeterThread: Thread started: S2 1-365
2026-10-06 08:15:13,752 INFO o.a.j.t.JMeterThread: Thread started: S2 1-366
2026-10-06 08:15:13,770 INFO o.a.j.t.JMeterThread: Thread started: S2 1-367
2026-10-06 08:15:13,791 INFO o.a.j.t.JMeterThread: Thread started: S2 1-368
2026-10-06 08:15:13,811 INFO o.a.j.t.JMeterThread: Thread started: S2 1-369
2026-10-06 08:15:13,831 INFO o.a.j.t.JMeterThread: Thread started: S2 1-370
2026-10-06 08:15:13,851 INFO o.a.j.t.JMeterThread: Thread started: S2 1-371
2026-10-06 08:15:13,870 INFO o.a.j.t.JMeterThread: Thread started: S2 1-372
2026-10-06 08:15:13,891 INFO o.a.j.t.JMeterThread: Thread started: S2 1-373
2026-10-06 08:15:13,910 INFO o.a.j.t.JMeterThread: Thread started: S2 1-374
2026-10-06 08:15:13,932 INFO o.a.j.t.JMeterThread: Thread started: S2 1-375
2026-10-06 08:15:13,951 INFO o.a.j.t.JMeterThread: Thread started: S2 1-376
2026-10-06 08:15:13,971 INFO o.a.j.t.JMeterThread: Thread started: S2 1-377
2026-10-06 08:15:13,991 INFO o.a.j.t.JMeterThread: Thread started: S2 1-378
2026-10-06 08:15:14,012 INFO o.a.j.t.JMeterThread: Thread started: S2 1-379
2026-10-06 08:15:14,032 INFO o.a.j.t.JMeterThread: Thread started: S2 1-380
2026-10-06 08:15:14,052 INFO o.a.j.t.JMeterThread: Thread started: S2 1-381
2026-10-06 08:15:14,071 INFO o.a.j.t.JMeterThread: Thread started: S2 1-382
2026-10-06 08:15:14,090 INFO o.a.j.t.JMeterThread: Thread started: S2 1-383
2026-10-06 08:15:14,111 INFO o.a.j.t.JMeterThread: Thread started: S2 1-384
2026-10-06 08:15:14,131 INFO o.a.j.t.JMeterThread: Thread started: S2 1-385
2026-10-06 08:15:14,152 INFO o.a.j.t.JMeterThread: Thread started: S2 1-386
2026-10-06 08:15:14,170 INFO o.a.j.t.JMeterThread: Thread started: S2 1-387
2026-10-06 08:15:14,191 INFO o.a.j.t.JMeterThread: Thread started: S2 1-388
2026-10-06 08:15:14,212 INFO o.a.j.t.JMeterThread: Thread started: S2 1-389
2026-10-06 08:15:14,232 INFO o.a.j.t.JMeterThread: Thread started: S2 1-390
2026-10-06 08:15:14,251 INFO o.a.j.t.JMeterThread: Thread started: S2 1-391
2026-10-06 08:15:14,271 INFO o.a.j.t.JMeterThread: Thread started: S2 1-392
2026-10-06 08:15:14,292 INFO o.a.j.t.JMeterThread: Thread started: S2 1-393
2026-10-06 08:15:14,311 INFO o.a.j.t.JMeterThread: Thread started: S2 1-394
2026-10-06 08:15:14,331 INFO o.a.j.t.JMeterThread: Thread started: S2 1-395
2026-10-06 08:15:14,350 INFO o.a.j.t.JMeterThread: Thread started: S2 1-396
2026-10-06 08:15:14,371 INFO o.a.j.t.JMeterThread: Thread started: S2 1-397
2026-10-06 08:15:14,391 INFO o.a.j.t.JMeterThread: Thread started: S2 1-398
2026-10-06 08:15:14,411 INFO o.a.j.t.JMeterThread: Thread started: S2 1-399
2026-10-06 08:15:14,431 INFO o.a.j.t.JMeterThread: Thread started: S2 1-400
2026-10-06 08:15:14,451 INFO o.a.j.t.JMeterThread: Thread started: S2 1-401
2026-10-06 08:15:14,472 INFO o.a.j.t.JMeterThread: Thread started: S2 1-402
2026-10-06 08:15:14,492 INFO o.a.j.t.JMeterThread: Thread started: S2 1-403
2026-10-06 08:15:14,513 INFO o.a.j.t.JMeterThread: Thread started: S2 1-404
2026-10-06 08:15:14,531 INFO o.a.j.t.JMeterThread: Thread started: S2 1-405
2026-10-06 08:15:14,550 INFO o.a.j.t.JMeterThread: Thread started: S2 1-406
2026-10-06 08:15:14,571 INFO o.a.j.t.JMeterThread: Thread started: S2 1-407
2026-10-06 08:15:14,590 INFO o.a.j.t.JMeterThread: Thread started: S2 1-408
2026-10-06 08:15:14,612 INFO o.a.j.t.JMeterThread: Thread started: S2 1-409
2026-10-06 08:15:14,632 INFO o.a.j.t.JMeterThread: Thread started: S2 1-410
2026-10-06 08:15:14,652 INFO o.a.j.t.JMeterThread: Thread started: S2 1-411
2026-10-06 08:15:14,671 INFO o.a.j.t.JMeterThread: Thread started: S2 1-412
2026-10-06 08:15:14,691 INFO o.a.j.t.JMeterThread: Thread started: S2 1-413
2026-10-06 08:15:14,712 INFO o.a.j.t.JMeterThread: Thread started: S2 1-414
2026-10-06 08:15:14,732 INFO o.a.j.t.JMeterThread: Thread started: S2 1-415
2026-10-06 08:15:14,751 INFO o.a.j.t.JMeterThread: Thread started: S2 1-416
2026-10-06 08:15:14,772 INFO o.a.j.t.JMeterThread: Thread started: S2 1-417
2026-10-06 08:15:14,791 INFO o.a.j.t.JMeterThread: Thread started: S2 1-418
2026-10-06 08:15:14,811 INFO o.a.j.t.JMeterThread: Thread started: S2 1-419
2026-10-06 08:15:14,831 INFO o.a.j.t.JMeterThread: Thread started: S2 1-420
2026-10-06 08:15:14,852 INFO o.a.j.t.JMeterThread: Thread started: S2 1-421
2026-10-06 08:15:14,872 INFO o.a.j.t.JMeterThread: Thread started: S2 1-422
2026-10-06 08:15:14,890 INFO o.a.j.t.JMeterThread: Thread started: S2 1-423
2026-10-06 08:15:14,912 INFO o.a.j.t.JMeterThread: Thread started: S2 1-424
2026-10-06 08:15:14,931 INFO o.a.j.t.JMeterThread: Thread started: S2 1-425
2026-10-06 08:15:14,952 INFO o.a.j.t.JMeterThread: Thread started: S2 1-426
2026-10-06 08:15:14,971 INFO o.a.j.t.JMeterThread: Thread started: S2 1-427
2026-10-06 08:15:14,992 INFO o.a.j.t.JMeterThread: Thread started: S2 1-428
2026-10-06 08:15:15,011 INFO o.a.j.t.JMeterThread: Thread started: S2 1-429
2026-10-06 08:15:15,031 INFO o.a.j.t.JMeterThread: Thread started: S2 1-430
2026-10-06 08:15:15,051 INFO o.a.j.t.JMeterThread: Thread started: S2 1-431
2026-10-06 08:15:15,072 INFO o.a.j.t.JMeterThread: Thread started: S2 1-432
2026-10-06 08:15:15,091 INFO o.a.j.t.JMeterThread: Thread started: S2 1-433
2026-10-06 08:15:15,112 INFO o.a.j.t.JMeterThread: Thread started: S2 1-434
2026-10-06 08:15:15,131 INFO o.a.j.t.JMeterThread: Thread started: S2 1-435
2026-10-06 08:15:15,152 INFO o.a.j.t.JMeterThread: Thread started: S2 1-436
2026-10-06 08:15:15,172 INFO o.a.j.t.JMeterThread: Thread started: S2 1-437
2026-10-06 08:15:15,193 INFO o.a.j.t.JMeterThread: Thread started: S2 1-438
2026-10-06 08:15:15,211 INFO o.a.j.t.JMeterThread: Thread started: S2 1-439
2026-10-06 08:15:15,232 INFO o.a.j.t.JMeterThread: Thread started: S2 1-440
2026-10-06 08:15:15,251 INFO o.a.j.t.JMeterThread: Thread started: S2 1-441
2026-10-06 08:15:15,270 INFO o.a.j.t.JMeterThread: Thread started: S2 1-442
2026-10-06 08:15:15,291 INFO o.a.j.t.JMeterThread: Thread started: S2 1-443
2026-10-06 08:15:15,310 INFO o.a.j.t.JMeterThread: Thread started: S2 1-444
2026-10-06 08:15:15,331 INFO o.a.j.t.JMeterThread: Thread started: S2 1-445
2026-10-06 08:15:15,351 INFO o.a.j.t.JMeterThread: Thread started: S2 1-446
2026-10-06 08:15:15,371 INFO o.a.j.t.JMeterThread: Thread started: S2 1-447
2026-10-06 08:15:15,390 INFO o.a.j.t.JMeterThread: Thread started: S2 1-448
2026-10-06 08:15:15,411 INFO o.a.j.t.JMeterThread: Thread started: S2 1-449
2026-10-06 08:15:15,431 INFO o.a.j.t.JMeterThread: Thread started: S2 1-450
2026-10-06 08:15:15,451 INFO o.a.j.t.JMeterThread: Thread started: S2 1-451
2026-10-06 08:15:15,472 INFO o.a.j.t.JMeterThread: Thread started: S2 1-452
2026-10-06 08:15:15,493 INFO o.a.j.t.JMeterThread: Thread started: S2 1-453
2026-10-06 08:15:15,511 INFO o.a.j.t.JMeterThread: Thread started: S2 1-454
2026-10-06 08:15:15,532 INFO o.a.j.t.JMeterThread: Thread started: S2 1-455
2026-10-06 08:15:15,552 INFO o.a.j.t.JMeterThread: Thread started: S2 1-456
2026-10-06 08:15:15,571 INFO o.a.j.t.JMeterThread: Thread started: S2 1-457
2026-10-06 08:15:15,591 INFO o.a.j.t.JMeterThread: Thread started: S2 1-458
2026-10-06 08:15:15,612 INFO o.a.j.t.JMeterThread: Thread started: S2 1-459
2026-10-06 08:15:15,633 INFO o.a.j.t.JMeterThread: Thread started: S2 1-460
2026-10-06 08:15:15,651 INFO o.a.j.t.JMeterThread: Thread started: S2 1-461
2026-10-06 08:15:15,671 INFO o.a.j.t.JMeterThread: Thread started: S2 1-462
2026-10-06 08:15:15,691 INFO o.a.j.t.JMeterThread: Thread started: S2 1-463
2026-10-06 08:15:15,711 INFO o.a.j.t.JMeterThread: Thread started: S2 1-464
2026-10-06 08:15:15,731 INFO o.a.j.t.JMeterThread: Thread started: S2 1-465
2026-10-06 08:15:15,751 INFO o.a.j.t.JMeterThread: Thread started: S2 1-466
2026-10-06 08:15:15,770 INFO o.a.j.t.JMeterThread: Thread started: S2 1-467
2026-10-06 08:15:15,791 INFO o.a.j.t.JMeterThread: Thread started: S2 1-468
2026-10-06 08:15:15,812 INFO o.a.j.t.JMeterThread: Thread started: S2 1-469
2026-10-06 08:15:15,831 INFO o.a.j.t.JMeterThread: Thread started: S2 1-470
2026-10-06 08:15:15,851 INFO o.a.j.t.JMeterThread: Thread started: S2 1-471
2026-10-06 08:15:15,871 INFO o.a.j.t.JMeterThread: Thread started: S2 1-472
2026-10-06 08:15:15,892 INFO o.a.j.t.JMeterThread: Thread started: S2 1-473
2026-10-06 08:15:15,912 INFO o.a.j.t.JMeterThread: Thread started: S2 1-474
2026-10-06 08:15:15,931 INFO o.a.j.t.JMeterThread: Thread started: S2 1-475
2026-10-06 08:15:15,953 INFO o.a.j.t.JMeterThread: Thread started: S2 1-476
2026-10-06 08:15:15,971 INFO o.a.j.t.JMeterThread: Thread started: S2 1-477
2026-10-06 08:15:15,991 INFO o.a.j.t.JMeterThread: Thread started: S2 1-478
2026-10-06 08:15:16,011 INFO o.a.j.t.JMeterThread: Thread started: S2 1-479
2026-10-06 08:15:16,031 INFO o.a.j.t.JMeterThread: Thread started: S2 1-480
2026-10-06 08:15:16,051 INFO o.a.j.t.JMeterThread: Thread started: S2 1-481
2026-10-06 08:15:16,072 INFO o.a.j.t.JMeterThread: Thread started: S2 1-482
2026-10-06 08:15:16,090 INFO o.a.j.t.JMeterThread: Thread started: S2 1-483
2026-10-06 08:15:16,112 INFO o.a.j.t.JMeterThread: Thread started: S2 1-484
2026-10-06 08:15:16,131 INFO o.a.j.t.JMeterThread: Thread started: S2 1-485
2026-10-06 08:15:16,152 INFO o.a.j.t.JMeterThread: Thread started: S2 1-486
2026-10-06 08:15:16,172 INFO o.a.j.t.JMeterThread: Thread started: S2 1-487
2026-10-06 08:15:16,191 INFO o.a.j.t.JMeterThread: Thread started: S2 1-488
2026-10-06 08:15:16,212 INFO o.a.j.t.JMeterThread: Thread started: S2 1-489
2026-10-06 08:15:16,232 INFO o.a.j.t.JMeterThread: Thread started: S2 1-490
2026-10-06 08:15:16,251 INFO o.a.j.t.JMeterThread: Thread started: S2 1-491
2026-10-06 08:15:16,270 INFO o.a.j.t.JMeterThread: Thread started: S2 1-492
2026-10-06 08:15:16,291 INFO o.a.j.t.JMeterThread: Thread started: S2 1-493
2026-10-06 08:15:16,311 INFO o.a.j.t.JMeterThread: Thread started: S2 1-494
2026-10-06 08:15:16,332 INFO o.a.j.t.JMeterThread: Thread started: S2 1-495
2026-10-06 08:15:16,352 INFO o.a.j.t.JMeterThread: Thread started: S2 1-496
2026-10-06 08:15:16,370 INFO o.a.j.t.JMeterThread: Thread started: S2 1-497
2026-10-06 08:15:16,392 INFO o.a.j.t.JMeterThread: Thread started: S2 1-498
2026-10-06 08:15:16,411 INFO o.a.j.t.JMeterThread: Thread started: S2 1-499
2026-10-06 08:15:16,432 INFO o.a.j.t.JMeterThread: Thread started: S2 1-500
2026-10-06 08:15:30,007 INFO o.a.j.r.Summariser: summary +   2518 in 00:00:24 =  103.0/s Avg:  3223 Min:    95 Max:  4905 Err:     0 (0.00%) Active: 500 Started: 500 Finished: 0
2026-10-06 08:16:00,002 INFO o.a.j.r.Summariser: summary +   3562 in 00:00:30 =  118.7/s Avg:  4487 Min:  4059 Max:  5238 Err:     0 (0.00%) Active: 500 Started: 500 Finished: 0
2026-10-06 08:16:00,002 INFO o.a.j.r.Summariser: summary =   6080 in 00:00:54 =  111.7/s Avg:  3964 Min:    95 Max:  5238 Err:     0 (0.00%)
2026-10-06 08:16:06,502 INFO o.a.j.t.JMeterThread: Stopping because end time detected by thread: S2 1-34
2026-10-06 08:16:06,502 INFO o.a.j.t.JMeterThread: Thread finished: S2 1-34
2026-10-06 08:16:06,526 INFO o.a.j.t.JMeterThread: Stopping because end time detected by thread: S2 1-36
2026-10-06 08:16:06,526 INFO o.a.j.t.JMeterThread: Thread finished: S2 1-36
2026-10-06 08:16:06,547 INFO o.a.j.t.JMeterThread: Stopping because end time detected by thread: S2 1-81
2026-10-06 08:16:06,547 INFO o.a.j.t.JMeterThread: Thread finished: S2 1-81
2026-10-06 08:16:06,588 INFO o.a.j.t.JMeterThread: Stopping because end time detected by thread: S2 1-24
2026-10-06 08:16:06,588 INFO o.a.j.t.JMeterThread: Thread finished: S2 1-24
2026-10-06 08:16:06,609 INFO o.a.j.t.JMeterThread: Stopping because end time detected by thread: S2 1-233
2026-10-06 08:16:06,609 INFO o.a.j.t.JMeterThread: Thread finished: S2 1-233
2026-10-06 08:16:06,637 INFO o.a.j.t.JMeterThread: Stopping because end time detected by thread: S2 1-53
2026-10-06 08:16:06,637 INFO o.a.j.t.JMeterThread: Thread finished: S2 1-53
2026-10-06 08:16:06,663 INFO o.a.j.t.JMeterThread: Stopping because end time detected by thread: S2 1-331
2026-10-06 08:16:06,663 INFO o.a.j.t.JMeterThread: Thread finished: S2 1-331
2026-10-06 08:16:06,666 INFO o.a.j.t.JMeterThread: Stopping because end time detected by thread: S2 1-334
2026-10-06 08:16:06,666 INFO o.a.j.t.JMeterThread: Thread finished: S2 1-334
2026-10-06 08:16:06,668 INFO o.a.j.t.JMeterThread: Stopping because end time detected by thread: S2 1-35
2026-10-06 08:16:06,668 INFO o.a.j.t.JMeterThread: Thread finished: S2 1-35
2026-10-06 08:16:06,672 INFO o.a.j.t.JMeterThread: Stopping because end time detected by thread: S2 1-112
2026-10-06 08:16:06,672 INFO o.a.j.t.JMeterThread: Thread finished: S2 1-112
2026-10-06 08:16:06,690 INFO o.a.j.t.JMeterThread: Stopping because end time detected by thread: S2 1-333
2026-10-06 08:16:06,691 INFO o.a.j.t.JMeterThread: Thread finished: S2 1-333
2026-10-06 08:16:06,708 INFO o.a.j.t.JMeterThread: Stopping because end time detected by thread: S2 1-234
2026-10-06 08:16:06,709 INFO o.a.j.t.JMeterThread: Thread finished: S2 1-234
2026-10-06 08:16:06,724 INFO o.a.j.t.JMeterThread: Stopping because end time detected by thread: S2 1-83
2026-10-06 08:16:06,724 INFO o.a.j.t.JMeterThread: Thread finished: S2 1-83
2026-10-06 08:16:06,730 INFO o.a.j.t.JMeterThread: Stopping because end time detected by thread: S2 1-161
2026-10-06 08:16:06,730 INFO o.a.j.t.JMeterThread: Thread finished: S2 1-161
2026-10-06 08:16:06,732 INFO o.a.j.t.JMeterThread: Stopping because end time detected by thread: S2 1-163
2026-10-06 08:16:06,732 INFO o.a.j.t.JMeterThread: Thread finished: S2 1-163
2026-10-06 08:16:06,733 INFO o.a.j.t.JMeterThread: Stopping because end time detected by thread: S2 1-23
2026-10-06 08:16:06,734 INFO o.a.j.t.JMeterThread: Thread finished: S2 1-23
2026-10-06 08:16:06,754 INFO o.a.j.t.JMeterThread: Stopping because end time detected by thread: S2 1-235
2026-10-06 08:16:06,754 INFO o.a.j.t.JMeterThread: Thread finished: S2 1-235
2026-10-06 08:16:06,761 INFO o.a.j.t.JMeterThread: Stopping because end time detected by thread: S2 1-82
2026-10-06 08:16:06,761 INFO o.a.j.t.JMeterThread: Thread finished: S2 1-82
2026-10-06 08:16:06,764 INFO o.a.j.t.JMeterThread: Stopping because end time detected by thread: S2 1-494
2026-10-06 08:16:06,765 INFO o.a.j.t.JMeterThread: Thread finished: S2 1-494
2026-10-06 08:16:06,775 INFO o.a.j.t.JMeterThread: Stopping because end time detected by thread: S2 1-114
2026-10-06 08:16:06,775 INFO o.a.j.t.JMeterThread: Thread finished: S2 1-114
2026-10-06 08:16:06,776 INFO o.a.j.t.JMeterThread: Stopping because end time detected by thread: S2 1-337
2026-10-06 08:16:06,777 INFO o.a.j.t.JMeterThread: Thread finished: S2 1-337
2026-10-06 08:16:06,785 INFO o.a.j.t.JMeterThread: Stopping because end time detected by thread: S2 1-335
2026-10-06 08:16:06,785 INFO o.a.j.t.JMeterThread: Thread finished: S2 1-335
2026-10-06 08:16:06,789 INFO o.a.j.t.JMeterThread: Stopping because end time detected by thread: S2 1-336
2026-10-06 08:16:06,789 INFO o.a.j.t.JMeterThread: Thread finished: S2 1-336
2026-10-06 08:16:06,812 INFO o.a.j.t.JMeterThread: Stopping because end time detected by thread: S2 1-162
2026-10-06 08:16:06,812 INFO o.a.j.t.JMeterThread: Stopping because end time detected by thread: S2 1-496
2026-10-06 08:16:06,812 INFO o.a.j.t.JMeterThread: Thread finished: S2 1-162
2026-10-06 08:16:06,812 INFO o.a.j.t.JMeterThread: Thread finished: S2 1-496
2026-10-06 08:16:06,815 INFO o.a.j.t.JMeterThread: Stopping because end time detected by thread: S2 1-493
2026-10-06 08:16:06,815 INFO o.a.j.t.JMeterThread: Thread finished: S2 1-493
2026-10-06 08:16:06,821 INFO o.a.j.t.JMeterThread: Stopping because end time detected by thread: S2 1-236
2026-10-06 08:16:06,822 INFO o.a.j.t.JMeterThread: Thread finished: S2 1-236
2026-10-06 08:16:06,845 INFO o.a.j.t.JMeterThread: Stopping because end time detected by thread: S2 1-338
2026-10-06 08:16:06,845 INFO o.a.j.t.JMeterThread: Thread finished: S2 1-338
2026-10-06 08:16:06,847 INFO o.a.j.t.JMeterThread: Stopping because end time detected by thread: S2 1-495
2026-10-06 08:16:06,847 INFO o.a.j.t.JMeterThread: Thread finished: S2 1-495
2026-10-06 08:16:06,851 INFO o.a.j.t.JMeterThread: Stopping because end time detected by thread: S2 1-237
2026-10-06 08:16:06,851 INFO o.a.j.t.JMeterThread: Thread finished: S2 1-237
2026-10-06 08:16:06,852 INFO o.a.j.t.JMeterThread: Stopping because end time detected by thread: S2 1-339
2026-10-06 08:16:06,852 INFO o.a.j.t.JMeterThread: Thread finished: S2 1-339
2026-10-06 08:16:06,867 INFO o.a.j.t.JMeterThread: Stopping because end time detected by thread: S2 1-113
2026-10-06 08:16:06,868 INFO o.a.j.t.JMeterThread: Thread finished: S2 1-113
2026-10-06 08:16:06,868 INFO o.a.j.t.JMeterThread: Stopping because end time detected by thread: S2 1-25
2026-10-06 08:16:06,868 INFO o.a.j.t.JMeterThread: Thread finished: S2 1-25
2026-10-06 08:16:06,873 INFO o.a.j.t.JMeterThread: Stopping because end time detected by thread: S2 1-498
2026-10-06 08:16:06,873 INFO o.a.j.t.JMeterThread: Thread finished: S2 1-498
2026-10-06 08:16:06,893 INFO o.a.j.t.JMeterThread: Stopping because end time detected by thread: S2 1-500
2026-10-06 08:16:06,893 INFO o.a.j.t.JMeterThread: Thread finished: S2 1-500
2026-10-06 08:16:06,897 INFO o.a.j.t.JMeterThread: Stopping because end time detected by thread: S2 1-497
2026-10-06 08:16:06,897 INFO o.a.j.t.JMeterThread: Thread finished: S2 1-497
2026-10-06 08:16:06,898 INFO o.a.j.t.JMeterThread: Stopping because end time detected by thread: S2 1-340
2026-10-06 08:16:06,898 INFO o.a.j.t.JMeterThread: Thread finished: S2 1-340
2026-10-06 08:16:06,906 INFO o.a.j.t.JMeterThread: Stopping because end time detected by thread: S2 1-238
2026-10-06 08:16:06,906 INFO o.a.j.t.JMeterThread: Thread finished: S2 1-238
2026-10-06 08:16:06,929 INFO o.a.j.t.JMeterThread: Stopping because end time detected by thread: S2 1-164
2026-10-06 08:16:06,929 INFO o.a.j.t.JMeterThread: Thread finished: S2 1-164
2026-10-06 08:16:06,930 INFO o.a.j.t.JMeterThread: Stopping because end time detected by thread: S2 1-499
2026-10-06 08:16:06,930 INFO o.a.j.t.JMeterThread: Thread finished: S2 1-499
2026-10-06 08:16:06,935 INFO o.a.j.t.JMeterThread: Stopping because end time detected by thread: S2 1-342
2026-10-06 08:16:06,935 INFO o.a.j.t.JMeterThread: Thread finished: S2 1-342
2026-10-06 08:16:06,944 INFO o.a.j.t.JMeterThread: Stopping because end time detected by thread: S2 1-341
2026-10-06 08:16:06,944 INFO o.a.j.t.JMeterThread: Thread finished: S2 1-341
2026-10-06 08:16:06,960 INFO o.a.j.t.JMeterThread: Stopping because end time detected by thread: S2 1-240
2026-10-06 08:16:06,961 INFO o.a.j.t.JMeterThread: Thread finished: S2 1-240
2026-10-06 08:16:06,965 INFO o.a.j.t.JMeterThread: Stopping because end time detected by thread: S2 1-115
2026-10-06 08:16:06,965 INFO o.a.j.t.JMeterThread: Thread finished: S2 1-115
2026-10-06 08:16:06,972 INFO o.a.j.t.JMeterThread: Stopping because end time detected by thread: S2 1-54
2026-10-06 08:16:06,972 INFO o.a.j.t.JMeterThread: Thread finished: S2 1-54
2026-10-06 08:16:06,982 INFO o.a.j.t.JMeterThread: Stopping because end time detected by thread: S2 1-14
2026-10-06 08:16:06,983 INFO o.a.j.t.JMeterThread: Stopping because end time detected by thread: S2 1-165
2026-10-06 08:16:06,983 INFO o.a.j.t.JMeterThread: Thread finished: S2 1-14
2026-10-06 08:16:06,983 INFO o.a.j.t.JMeterThread: Thread finished: S2 1-165
2026-10-06 08:16:06,997 INFO o.a.j.t.JMeterThread: Stopping because end time detected by thread: S2 1-345
2026-10-06 08:16:06,997 INFO o.a.j.t.JMeterThread: Thread finished: S2 1-345
2026-10-06 08:16:07,013 INFO o.a.j.t.JMeterThread: Stopping because end time detected by thread: S2 1-343
2026-10-06 08:16:07,014 INFO o.a.j.t.JMeterThread: Thread finished: S2 1-343
2026-10-06 08:16:07,027 INFO o.a.j.t.JMeterThread: Stopping because end time detected by thread: S2 1-241
2026-10-06 08:16:07,027 INFO o.a.j.t.JMeterThread: Thread finished: S2 1-241
2026-10-06 08:16:07,027 INFO o.a.j.t.JMeterThread: Stopping because end time detected by thread: S2 1-239
2026-10-06 08:16:07,027 INFO o.a.j.t.JMeterThread: Thread finished: S2 1-239
2026-10-06 08:16:07,043 INFO o.a.j.t.JMeterThread: Stopping because end time detected by thread: S2 1-116
2026-10-06 08:16:07,043 INFO o.a.j.t.JMeterThread: Thread finished: S2 1-116
2026-10-06 08:16:07,055 INFO o.a.j.t.JMeterThread: Stopping because end time detected by thread: S2 1-117
2026-10-06 08:16:07,056 INFO o.a.j.t.JMeterThread: Thread finished: S2 1-117
2026-10-06 08:16:07,061 INFO o.a.j.t.JMeterThread: Stopping because end time detected by thread: S2 1-166
2026-10-06 08:16:07,061 INFO o.a.j.t.JMeterThread: Thread finished: S2 1-166
2026-10-06 08:16:07,069 INFO o.a.j.t.JMeterThread: Stopping because end time detected by thread: S2 1-168
2026-10-06 08:16:07,069 INFO o.a.j.t.JMeterThread: Thread finished: S2 1-168
2026-10-06 08:16:07,072 INFO o.a.j.t.JMeterThread: Stopping because end time detected by thread: S2 1-344
2026-10-06 08:16:07,073 INFO o.a.j.t.JMeterThread: Thread finished: S2 1-344
2026-10-06 08:16:07,087 INFO o.a.j.t.JMeterThread: Stopping because end time detected by thread: S2 1-57
2026-10-06 08:16:07,087 INFO o.a.j.t.JMeterThread: Thread finished: S2 1-57
2026-10-06 08:16:07,092 INFO o.a.j.t.JMeterThread: Stopping because end time detected by thread: S2 1-167
2026-10-06 08:16:07,092 INFO o.a.j.t.JMeterThread: Thread finished: S2 1-167
2026-10-06 08:16:07,093 INFO o.a.j.t.JMeterThread: Stopping because end time detected by thread: S2 1-84
2026-10-06 08:16:07,093 INFO o.a.j.t.JMeterThread: Thread finished: S2 1-84
2026-10-06 08:16:07,104 INFO o.a.j.t.JMeterThread: Stopping because end time detected by thread: S2 1-242
2026-10-06 08:16:07,104 INFO o.a.j.t.JMeterThread: Thread finished: S2 1-242
2026-10-06 08:16:07,115 INFO o.a.j.t.JMeterThread: Stopping because end time detected by thread: S2 1-55
2026-10-06 08:16:07,115 INFO o.a.j.t.JMeterThread: Thread finished: S2 1-55
2026-10-06 08:16:07,128 INFO o.a.j.t.JMeterThread: Stopping because end time detected by thread: S2 1-2
2026-10-06 08:16:07,128 INFO o.a.j.t.JMeterThread: Thread finished: S2 1-2
2026-10-06 08:16:07,130 INFO o.a.j.t.JMeterThread: Stopping because end time detected by thread: S2 1-346
2026-10-06 08:16:07,130 INFO o.a.j.t.JMeterThread: Thread finished: S2 1-346
2026-10-06 08:16:07,137 INFO o.a.j.t.JMeterThread: Stopping because end time detected by thread: S2 1-56
2026-10-06 08:16:07,137 INFO o.a.j.t.JMeterThread: Thread finished: S2 1-56
2026-10-06 08:16:07,148 INFO o.a.j.t.JMeterThread: Stopping because end time detected by thread: S2 1-170
2026-10-06 08:16:07,148 INFO o.a.j.t.JMeterThread: Thread finished: S2 1-170
2026-10-06 08:16:07,151 INFO o.a.j.t.JMeterThread: Stopping because end time detected by thread: S2 1-243
2026-10-06 08:16:07,151 INFO o.a.j.t.JMeterThread: Thread finished: S2 1-243
2026-10-06 08:16:07,161 INFO o.a.j.t.JMeterThread: Stopping because end time detected by thread: S2 1-38
2026-10-06 08:16:07,161 INFO o.a.j.t.JMeterThread: Thread finished: S2 1-38
2026-10-06 08:16:07,172 INFO o.a.j.t.JMeterThread: Stopping because end time detected by thread: S2 1-348
2026-10-06 08:16:07,172 INFO o.a.j.t.JMeterThread: Thread finished: S2 1-348
2026-10-06 08:16:07,180 INFO o.a.j.t.JMeterThread: Stopping because end time detected by thread: S2 1-244
2026-10-06 08:16:07,180 INFO o.a.j.t.JMeterThread: Thread finished: S2 1-244
2026-10-06 08:16:07,185 INFO o.a.j.t.JMeterThread: Stopping because end time detected by thread: S2 1-349
2026-10-06 08:16:07,185 INFO o.a.j.t.JMeterThread: Thread finished: S2 1-349
2026-10-06 08:16:07,193 INFO o.a.j.t.JMeterThread: Stopping because end time detected by thread: S2 1-85
2026-10-06 08:16:07,193 INFO o.a.j.t.JMeterThread: Thread finished: S2 1-85
2026-10-06 08:16:07,197 INFO o.a.j.t.JMeterThread: Stopping because end time detected by thread: S2 1-347
2026-10-06 08:16:07,197 INFO o.a.j.t.JMeterThread: Thread finished: S2 1-347
2026-10-06 08:16:07,221 INFO o.a.j.t.JMeterThread: Stopping because end time detected by thread: S2 1-169
2026-10-06 08:16:07,221 INFO o.a.j.t.JMeterThread: Thread finished: S2 1-169
2026-10-06 08:16:07,222 INFO o.a.j.t.JMeterThread: Stopping because end time detected by thread: S2 1-352
2026-10-06 08:16:07,222 INFO o.a.j.t.JMeterThread: Thread finished: S2 1-352
2026-10-06 08:16:07,224 INFO o.a.j.t.JMeterThread: Stopping because end time detected by thread: S2 1-351
2026-10-06 08:16:07,224 INFO o.a.j.t.JMeterThread: Thread finished: S2 1-351
2026-10-06 08:16:07,239 INFO o.a.j.t.JMeterThread: Stopping because end time detected by thread: S2 1-350
2026-10-06 08:16:07,239 INFO o.a.j.t.JMeterThread: Thread finished: S2 1-350
2026-10-06 08:16:07,250 INFO o.a.j.t.JMeterThread: Stopping because end time detected by thread: S2 1-171
2026-10-06 08:16:07,250 INFO o.a.j.t.JMeterThread: Thread finished: S2 1-171
2026-10-06 08:16:07,256 INFO o.a.j.t.JMeterThread: Stopping because end time detected by thread: S2 1-245
2026-10-06 08:16:07,256 INFO o.a.j.t.JMeterThread: Thread finished: S2 1-245
2026-10-06 08:16:07,256 INFO o.a.j.t.JMeterThread: Stopping because end time detected by thread: S2 1-246
2026-10-06 08:16:07,256 INFO o.a.j.t.JMeterThread: Thread finished: S2 1-246
2026-10-06 08:16:07,271 INFO o.a.j.t.JMeterThread: Stopping because end time detected by thread: S2 1-118
2026-10-06 08:16:07,272 INFO o.a.j.t.JMeterThread: Thread finished: S2 1-118
2026-10-06 08:16:07,277 INFO o.a.j.t.JMeterThread: Stopping because end time detected by thread: S2 1-119
2026-10-06 08:16:07,277 INFO o.a.j.t.JMeterThread: Thread finished: S2 1-119
2026-10-06 08:16:07,288 INFO o.a.j.t.JMeterThread: Stopping because end time detected by thread: S2 1-37
2026-10-06 08:16:07,288 INFO o.a.j.t.JMeterThread: Thread finished: S2 1-37
2026-10-06 08:16:07,289 INFO o.a.j.t.JMeterThread: Stopping because end time detected by thread: S2 1-58
2026-10-06 08:16:07,289 INFO o.a.j.t.JMeterThread: Thread finished: S2 1-58
2026-10-06 08:16:07,301 INFO o.a.j.t.JMeterThread: Stopping because end time detected by thread: S2 1-247
2026-10-06 08:16:07,301 INFO o.a.j.t.JMeterThread: Thread finished: S2 1-247
2026-10-06 08:16:07,313 INFO o.a.j.t.JMeterThread: Stopping because end time detected by thread: S2 1-354
2026-10-06 08:16:07,313 INFO o.a.j.t.JMeterThread: Thread finished: S2 1-354
2026-10-06 08:16:07,328 INFO o.a.j.t.JMeterThread: Stopping because end time detected by thread: S2 1-356
2026-10-06 08:16:07,328 INFO o.a.j.t.JMeterThread: Thread finished: S2 1-356
2026-10-06 08:16:07,339 INFO o.a.j.t.JMeterThread: Stopping because end time detected by thread: S2 1-172
2026-10-06 08:16:07,339 INFO o.a.j.t.JMeterThread: Thread finished: S2 1-172
2026-10-06 08:16:07,340 INFO o.a.j.t.JMeterThread: Stopping because end time detected by thread: S2 1-86
2026-10-06 08:16:07,340 INFO o.a.j.t.JMeterThread: Thread finished: S2 1-86
2026-10-06 08:16:07,341 INFO o.a.j.t.JMeterThread: Stopping because end time detected by thread: S2 1-120
2026-10-06 08:16:07,341 INFO o.a.j.t.JMeterThread: Thread finished: S2 1-120
2026-10-06 08:16:07,370 INFO o.a.j.t.JMeterThread: Stopping because end time detected by thread: S2 1-248
2026-10-06 08:16:07,370 INFO o.a.j.t.JMeterThread: Stopping because end time detected by thread: S2 1-249
2026-10-06 08:16:07,370 INFO o.a.j.t.JMeterThread: Thread finished: S2 1-248
2026-10-06 08:16:07,370 INFO o.a.j.t.JMeterThread: Thread finished: S2 1-249
2026-10-06 08:16:07,371 INFO o.a.j.t.JMeterThread: Stopping because end time detected by thread: S2 1-355
2026-10-06 08:16:07,371 INFO o.a.j.t.JMeterThread: Thread finished: S2 1-355
2026-10-06 08:16:07,376 INFO o.a.j.t.JMeterThread: Stopping because end time detected by thread: S2 1-174
2026-10-06 08:16:07,376 INFO o.a.j.t.JMeterThread: Thread finished: S2 1-174
2026-10-06 08:16:07,388 INFO o.a.j.t.JMeterThread: Stopping because end time detected by thread: S2 1-121
2026-10-06 08:16:07,388 INFO o.a.j.t.JMeterThread: Thread finished: S2 1-121
2026-10-06 08:16:07,395 INFO o.a.j.t.JMeterThread: Stopping because end time detected by thread: S2 1-353
2026-10-06 08:16:07,396 INFO o.a.j.t.JMeterThread: Thread finished: S2 1-353
2026-10-06 08:16:07,400 INFO o.a.j.t.JMeterThread: Stopping because end time detected by thread: S2 1-4
2026-10-06 08:16:07,400 INFO o.a.j.t.JMeterThread: Thread finished: S2 1-4
2026-10-06 08:16:07,420 INFO o.a.j.t.JMeterThread: Stopping because end time detected by thread: S2 1-87
2026-10-06 08:16:07,420 INFO o.a.j.t.JMeterThread: Thread finished: S2 1-87
2026-10-06 08:16:07,420 INFO o.a.j.t.JMeterThread: Stopping because end time detected by thread: S2 1-1
2026-10-06 08:16:07,420 INFO o.a.j.t.JMeterThread: Thread finished: S2 1-1
2026-10-06 08:16:07,435 INFO o.a.j.t.JMeterThread: Stopping because end time detected by thread: S2 1-173
2026-10-06 08:16:07,435 INFO o.a.j.t.JMeterThread: Thread finished: S2 1-173
2026-10-06 08:16:07,438 INFO o.a.j.t.JMeterThread: Stopping because end time detected by thread: S2 1-175
2026-10-06 08:16:07,438 INFO o.a.j.t.JMeterThread: Thread finished: S2 1-175
2026-10-06 08:16:07,445 INFO o.a.j.t.JMeterThread: Stopping because end time detected by thread: S2 1-358
2026-10-06 08:16:07,445 INFO o.a.j.t.JMeterThread: Thread finished: S2 1-358
2026-10-06 08:16:07,465 INFO o.a.j.t.JMeterThread: Stopping because end time detected by thread: S2 1-252
2026-10-06 08:16:07,465 INFO o.a.j.t.JMeterThread: Thread finished: S2 1-252
2026-10-06 08:16:07,475 INFO o.a.j.t.JMeterThread: Stopping because end time detected by thread: S2 1-357
2026-10-06 08:16:07,475 INFO o.a.j.t.JMeterThread: Thread finished: S2 1-357
2026-10-06 08:16:07,476 INFO o.a.j.t.JMeterThread: Stopping because end time detected by thread: S2 1-250
2026-10-06 08:16:07,476 INFO o.a.j.t.JMeterThread: Thread finished: S2 1-250
2026-10-06 08:16:07,482 INFO o.a.j.t.JMeterThread: Stopping because end time detected by thread: S2 1-122
2026-10-06 08:16:07,483 INFO o.a.j.t.JMeterThread: Thread finished: S2 1-122
2026-10-06 08:16:07,498 INFO o.a.j.t.JMeterThread: Stopping because end time detected by thread: S2 1-363
2026-10-06 08:16:07,498 INFO o.a.j.t.JMeterThread: Thread finished: S2 1-363
2026-10-06 08:16:07,515 INFO o.a.j.t.JMeterThread: Stopping because end time detected by thread: S2 1-26
2026-10-06 08:16:07,515 INFO o.a.j.t.JMeterThread: Thread finished: S2 1-26
2026-10-06 08:16:07,519 INFO o.a.j.t.JMeterThread: Stopping because end time detected by thread: S2 1-59
2026-10-06 08:16:07,519 INFO o.a.j.t.JMeterThread: Thread finished: S2 1-59
2026-10-06 08:16:07,520 INFO o.a.j.t.JMeterThread: Stopping because end time detected by thread: S2 1-359
2026-10-06 08:16:07,521 INFO o.a.j.t.JMeterThread: Thread finished: S2 1-359
2026-10-06 08:16:07,540 INFO o.a.j.t.JMeterThread: Stopping because end time detected by thread: S2 1-361
2026-10-06 08:16:07,540 INFO o.a.j.t.JMeterThread: Thread finished: S2 1-361
2026-10-06 08:16:07,541 INFO o.a.j.t.JMeterThread: Stopping because end time detected by thread: S2 1-360
2026-10-06 08:16:07,541 INFO o.a.j.t.JMeterThread: Thread finished: S2 1-360
2026-10-06 08:16:07,552 INFO o.a.j.t.JMeterThread: Stopping because end time detected by thread: S2 1-362
2026-10-06 08:16:07,552 INFO o.a.j.t.JMeterThread: Thread finished: S2 1-362
2026-10-06 08:16:07,567 INFO o.a.j.t.JMeterThread: Stopping because end time detected by thread: S2 1-176
2026-10-06 08:16:07,567 INFO o.a.j.t.JMeterThread: Thread finished: S2 1-176
2026-10-06 08:16:07,580 INFO o.a.j.t.JMeterThread: Stopping because end time detected by thread: S2 1-251
2026-10-06 08:16:07,580 INFO o.a.j.t.JMeterThread: Thread finished: S2 1-251
2026-10-06 08:16:07,586 INFO o.a.j.t.JMeterThread: Stopping because end time detected by thread: S2 1-253
2026-10-06 08:16:07,586 INFO o.a.j.t.JMeterThread: Thread finished: S2 1-253
2026-10-06 08:16:07,609 INFO o.a.j.t.JMeterThread: Stopping because end time detected by thread: S2 1-256
2026-10-06 08:16:07,610 INFO o.a.j.t.JMeterThread: Thread finished: S2 1-256
2026-10-06 08:16:07,618 INFO o.a.j.t.JMeterThread: Stopping because end time detected by thread: S2 1-19
2026-10-06 08:16:07,618 INFO o.a.j.t.JMeterThread: Thread finished: S2 1-19
2026-10-06 08:16:07,621 INFO o.a.j.t.JMeterThread: Stopping because end time detected by thread: S2 1-123
2026-10-06 08:16:07,621 INFO o.a.j.t.JMeterThread: Thread finished: S2 1-123
2026-10-06 08:16:07,635 INFO o.a.j.t.JMeterThread: Stopping because end time detected by thread: S2 1-364
2026-10-06 08:16:07,635 INFO o.a.j.t.JMeterThread: Thread finished: S2 1-364
2026-10-06 08:16:07,639 INFO o.a.j.t.JMeterThread: Stopping because end time detected by thread: S2 1-9
2026-10-06 08:16:07,639 INFO o.a.j.t.JMeterThread: Thread finished: S2 1-9
2026-10-06 08:16:07,640 INFO o.a.j.t.JMeterThread: Stopping because end time detected by thread: S2 1-254
2026-10-06 08:16:07,641 INFO o.a.j.t.JMeterThread: Thread finished: S2 1-254
2026-10-06 08:16:07,657 INFO o.a.j.t.JMeterThread: Stopping because end time detected by thread: S2 1-257
2026-10-06 08:16:07,657 INFO o.a.j.t.JMeterThread: Thread finished: S2 1-257
2026-10-06 08:16:07,661 INFO o.a.j.t.JMeterThread: Stopping because end time detected by thread: S2 1-178
2026-10-06 08:16:07,661 INFO o.a.j.t.JMeterThread: Thread finished: S2 1-178
2026-10-06 08:16:07,673 INFO o.a.j.t.JMeterThread: Stopping because end time detected by thread: S2 1-365
2026-10-06 08:16:07,673 INFO o.a.j.t.JMeterThread: Thread finished: S2 1-365
2026-10-06 08:16:07,684 INFO o.a.j.t.JMeterThread: Stopping because end time detected by thread: S2 1-39
2026-10-06 08:16:07,684 INFO o.a.j.t.JMeterThread: Thread finished: S2 1-39
2026-10-06 08:16:07,698 INFO o.a.j.t.JMeterThread: Stopping because end time detected by thread: S2 1-177
2026-10-06 08:16:07,698 INFO o.a.j.t.JMeterThread: Thread finished: S2 1-177
2026-10-06 08:16:07,716 INFO o.a.j.t.JMeterThread: Stopping because end time detected by thread: S2 1-369
2026-10-06 08:16:07,717 INFO o.a.j.t.JMeterThread: Thread finished: S2 1-369
2026-10-06 08:16:07,747 INFO o.a.j.t.JMeterThread: Stopping because end time detected by thread: S2 1-366
2026-10-06 08:16:07,748 INFO o.a.j.t.JMeterThread: Thread finished: S2 1-366
2026-10-06 08:16:07,753 INFO o.a.j.t.JMeterThread: Stopping because end time detected by thread: S2 1-367
2026-10-06 08:16:07,753 INFO o.a.j.t.JMeterThread: Thread finished: S2 1-367
2026-10-06 08:16:07,794 INFO o.a.j.t.JMeterThread: Stopping because end time detected by thread: S2 1-370
2026-10-06 08:16:07,794 INFO o.a.j.t.JMeterThread: Thread finished: S2 1-370
2026-10-06 08:16:07,798 INFO o.a.j.t.JMeterThread: Stopping because end time detected by thread: S2 1-124
2026-10-06 08:16:07,798 INFO o.a.j.t.JMeterThread: Thread finished: S2 1-124
2026-10-06 08:16:07,849 INFO o.a.j.t.JMeterThread: Stopping because end time detected by thread: S2 1-255
2026-10-06 08:16:07,849 INFO o.a.j.t.JMeterThread: Stopping because end time detected by thread: S2 1-60
2026-10-06 08:16:07,849 INFO o.a.j.t.JMeterThread: Thread finished: S2 1-60
2026-10-06 08:16:07,849 INFO o.a.j.t.JMeterThread: Thread finished: S2 1-255
2026-10-06 08:16:07,852 INFO o.a.j.t.JMeterThread: Stopping because end time detected by thread: S2 1-88
2026-10-06 08:16:07,852 INFO o.a.j.t.JMeterThread: Thread finished: S2 1-88
2026-10-06 08:16:07,854 INFO o.a.j.t.JMeterThread: Stopping because end time detected by thread: S2 1-258
2026-10-06 08:16:07,854 INFO o.a.j.t.JMeterThread: Thread finished: S2 1-258
2026-10-06 08:16:07,882 INFO o.a.j.t.JMeterThread: Stopping because end time detected by thread: S2 1-179
2026-10-06 08:16:07,882 INFO o.a.j.t.JMeterThread: Thread finished: S2 1-179
2026-10-06 08:16:07,898 INFO o.a.j.t.JMeterThread: Stopping because end time detected by thread: S2 1-89
2026-10-06 08:16:07,898 INFO o.a.j.t.JMeterThread: Thread finished: S2 1-89
2026-10-06 08:16:07,910 INFO o.a.j.t.JMeterThread: Stopping because end time detected by thread: S2 1-368
2026-10-06 08:16:07,911 INFO o.a.j.t.JMeterThread: Thread finished: S2 1-368
2026-10-06 08:16:07,911 INFO o.a.j.t.JMeterThread: Stopping because end time detected by thread: S2 1-127
2026-10-06 08:16:07,911 INFO o.a.j.t.JMeterThread: Thread finished: S2 1-127
2026-10-06 08:16:07,935 INFO o.a.j.t.JMeterThread: Stopping because end time detected by thread: S2 1-125
2026-10-06 08:16:07,936 INFO o.a.j.t.JMeterThread: Thread finished: S2 1-125
2026-10-06 08:16:07,943 INFO o.a.j.t.JMeterThread: Stopping because end time detected by thread: S2 1-40
2026-10-06 08:16:07,943 INFO o.a.j.t.JMeterThread: Thread finished: S2 1-40
2026-10-06 08:16:07,960 INFO o.a.j.t.JMeterThread: Stopping because end time detected by thread: S2 1-260
2026-10-06 08:16:07,960 INFO o.a.j.t.JMeterThread: Thread finished: S2 1-260
2026-10-06 08:16:07,980 INFO o.a.j.t.JMeterThread: Stopping because end time detected by thread: S2 1-371
2026-10-06 08:16:07,980 INFO o.a.j.t.JMeterThread: Thread finished: S2 1-371
2026-10-06 08:16:07,981 INFO o.a.j.t.JMeterThread: Stopping because end time detected by thread: S2 1-180
2026-10-06 08:16:07,981 INFO o.a.j.t.JMeterThread: Thread finished: S2 1-180
2026-10-06 08:16:07,989 INFO o.a.j.t.JMeterThread: Stopping because end time detected by thread: S2 1-126
2026-10-06 08:16:07,989 INFO o.a.j.t.JMeterThread: Stopping because end time detected by thread: S2 1-259
2026-10-06 08:16:07,989 INFO o.a.j.t.JMeterThread: Thread finished: S2 1-126
2026-10-06 08:16:07,989 INFO o.a.j.t.JMeterThread: Thread finished: S2 1-259
2026-10-06 08:16:08,015 INFO o.a.j.t.JMeterThread: Stopping because end time detected by thread: S2 1-372
2026-10-06 08:16:08,016 INFO o.a.j.t.JMeterThread: Thread finished: S2 1-372
2026-10-06 08:16:08,017 INFO o.a.j.t.JMeterThread: Stopping because end time detected by thread: S2 1-90
2026-10-06 08:16:08,017 INFO o.a.j.t.JMeterThread: Thread finished: S2 1-90
2026-10-06 08:16:08,020 INFO o.a.j.t.JMeterThread: Stopping because end time detected by thread: S2 1-374
2026-10-06 08:16:08,020 INFO o.a.j.t.JMeterThread: Thread finished: S2 1-374
2026-10-06 08:16:08,035 INFO o.a.j.t.JMeterThread: Stopping because end time detected by thread: S2 1-262
2026-10-06 08:16:08,035 INFO o.a.j.t.JMeterThread: Thread finished: S2 1-262
2026-10-06 08:16:08,035 INFO o.a.j.t.JMeterThread: Stopping because end time detected by thread: S2 1-261
2026-10-06 08:16:08,035 INFO o.a.j.t.JMeterThread: Thread finished: S2 1-261
2026-10-06 08:16:08,058 INFO o.a.j.t.JMeterThread: Stopping because end time detected by thread: S2 1-181
2026-10-06 08:16:08,058 INFO o.a.j.t.JMeterThread: Thread finished: S2 1-181
2026-10-06 08:16:08,063 INFO o.a.j.t.JMeterThread: Stopping because end time detected by thread: S2 1-378
2026-10-06 08:16:08,063 INFO o.a.j.t.JMeterThread: Thread finished: S2 1-378
2026-10-06 08:16:08,065 INFO o.a.j.t.JMeterThread: Stopping because end time detected by thread: S2 1-373
2026-10-06 08:16:08,065 INFO o.a.j.t.JMeterThread: Thread finished: S2 1-373
2026-10-06 08:16:08,069 INFO o.a.j.t.JMeterThread: Stopping because end time detected by thread: S2 1-375
2026-10-06 08:16:08,069 INFO o.a.j.t.JMeterThread: Thread finished: S2 1-375
2026-10-06 08:16:08,082 INFO o.a.j.t.JMeterThread: Stopping because end time detected by thread: S2 1-17
2026-10-06 08:16:08,082 INFO o.a.j.t.JMeterThread: Thread finished: S2 1-17
2026-10-06 08:16:08,086 INFO o.a.j.t.JMeterThread: Stopping because end time detected by thread: S2 1-182
2026-10-06 08:16:08,086 INFO o.a.j.t.JMeterThread: Thread finished: S2 1-182
2026-10-06 08:16:08,090 INFO o.a.j.t.JMeterThread: Stopping because end time detected by thread: S2 1-376
2026-10-06 08:16:08,090 INFO o.a.j.t.JMeterThread: Thread finished: S2 1-376
2026-10-06 08:16:08,109 INFO o.a.j.t.JMeterThread: Stopping because end time detected by thread: S2 1-10
2026-10-06 08:16:08,109 INFO o.a.j.t.JMeterThread: Thread finished: S2 1-10
2026-10-06 08:16:08,112 INFO o.a.j.t.JMeterThread: Stopping because end time detected by thread: S2 1-377
2026-10-06 08:16:08,113 INFO o.a.j.t.JMeterThread: Thread finished: S2 1-377
2026-10-06 08:16:08,132 INFO o.a.j.t.JMeterThread: Stopping because end time detected by thread: S2 1-91
2026-10-06 08:16:08,132 INFO o.a.j.t.JMeterThread: Stopping because end time detected by thread: S2 1-61
2026-10-06 08:16:08,132 INFO o.a.j.t.JMeterThread: Thread finished: S2 1-91
2026-10-06 08:16:08,133 INFO o.a.j.t.JMeterThread: Thread finished: S2 1-61
2026-10-06 08:16:08,149 INFO o.a.j.t.JMeterThread: Stopping because end time detected by thread: S2 1-183
2026-10-06 08:16:08,149 INFO o.a.j.t.JMeterThread: Thread finished: S2 1-183
2026-10-06 08:16:08,150 INFO o.a.j.t.JMeterThread: Stopping because end time detected by thread: S2 1-184
2026-10-06 08:16:08,150 INFO o.a.j.t.JMeterThread: Thread finished: S2 1-184
2026-10-06 08:16:08,164 INFO o.a.j.t.JMeterThread: Stopping because end time detected by thread: S2 1-264
2026-10-06 08:16:08,164 INFO o.a.j.t.JMeterThread: Thread finished: S2 1-264
2026-10-06 08:16:08,167 INFO o.a.j.t.JMeterThread: Stopping because end time detected by thread: S2 1-263
2026-10-06 08:16:08,167 INFO o.a.j.t.JMeterThread: Thread finished: S2 1-263
2026-10-06 08:16:08,178 INFO o.a.j.t.JMeterThread: Stopping because end time detected by thread: S2 1-379
2026-10-06 08:16:08,179 INFO o.a.j.t.JMeterThread: Thread finished: S2 1-379
2026-10-06 08:16:08,192 INFO o.a.j.t.JMeterThread: Stopping because end time detected by thread: S2 1-62
2026-10-06 08:16:08,192 INFO o.a.j.t.JMeterThread: Thread finished: S2 1-62
2026-10-06 08:16:08,196 INFO o.a.j.t.JMeterThread: Stopping because end time detected by thread: S2 1-382
2026-10-06 08:16:08,196 INFO o.a.j.t.JMeterThread: Thread finished: S2 1-382
2026-10-06 08:16:08,201 INFO o.a.j.t.JMeterThread: Stopping because end time detected by thread: S2 1-381
2026-10-06 08:16:08,201 INFO o.a.j.t.JMeterThread: Thread finished: S2 1-381
2026-10-06 08:16:08,205 INFO o.a.j.t.JMeterThread: Stopping because end time detected by thread: S2 1-92
2026-10-06 08:16:08,205 INFO o.a.j.t.JMeterThread: Thread finished: S2 1-92
2026-10-06 08:16:08,212 INFO o.a.j.t.JMeterThread: Stopping because end time detected by thread: S2 1-128
2026-10-06 08:16:08,212 INFO o.a.j.t.JMeterThread: Thread finished: S2 1-128
2026-10-06 08:16:08,237 INFO o.a.j.t.JMeterThread: Stopping because end time detected by thread: S2 1-266
2026-10-06 08:16:08,237 INFO o.a.j.t.JMeterThread: Thread finished: S2 1-266
2026-10-06 08:16:08,244 INFO o.a.j.t.JMeterThread: Stopping because end time detected by thread: S2 1-185
2026-10-06 08:16:08,244 INFO o.a.j.t.JMeterThread: Thread finished: S2 1-185
2026-10-06 08:16:08,249 INFO o.a.j.t.JMeterThread: Stopping because end time detected by thread: S2 1-265
2026-10-06 08:16:08,249 INFO o.a.j.t.JMeterThread: Thread finished: S2 1-265
2026-10-06 08:16:08,260 INFO o.a.j.t.JMeterThread: Stopping because end time detected by thread: S2 1-380
2026-10-06 08:16:08,260 INFO o.a.j.t.JMeterThread: Thread finished: S2 1-380
2026-10-06 08:16:08,279 INFO o.a.j.t.JMeterThread: Stopping because end time detected by thread: S2 1-129
2026-10-06 08:16:08,280 INFO o.a.j.t.JMeterThread: Thread finished: S2 1-129
2026-10-06 08:16:08,285 INFO o.a.j.t.JMeterThread: Stopping because end time detected by thread: S2 1-186
2026-10-06 08:16:08,286 INFO o.a.j.t.JMeterThread: Thread finished: S2 1-186
2026-10-06 08:16:08,295 INFO o.a.j.t.JMeterThread: Stopping because end time detected by thread: S2 1-27
2026-10-06 08:16:08,295 INFO o.a.j.t.JMeterThread: Thread finished: S2 1-27
2026-10-06 08:16:08,322 INFO o.a.j.t.JMeterThread: Stopping because end time detected by thread: S2 1-385
2026-10-06 08:16:08,322 INFO o.a.j.t.JMeterThread: Thread finished: S2 1-385
2026-10-06 08:16:08,322 INFO o.a.j.t.JMeterThread: Stopping because end time detected by thread: S2 1-63
2026-10-06 08:16:08,322 INFO o.a.j.t.JMeterThread: Thread finished: S2 1-63
2026-10-06 08:16:08,333 INFO o.a.j.t.JMeterThread: Stopping because end time detected by thread: S2 1-383
2026-10-06 08:16:08,333 INFO o.a.j.t.JMeterThread: Thread finished: S2 1-383
2026-10-06 08:16:08,337 INFO o.a.j.t.JMeterThread: Stopping because end time detected by thread: S2 1-384
2026-10-06 08:16:08,337 INFO o.a.j.t.JMeterThread: Thread finished: S2 1-384
2026-10-06 08:16:08,350 INFO o.a.j.t.JMeterThread: Stopping because end time detected by thread: S2 1-28
2026-10-06 08:16:08,350 INFO o.a.j.t.JMeterThread: Thread finished: S2 1-28
2026-10-06 08:16:08,369 INFO o.a.j.t.JMeterThread: Stopping because end time detected by thread: S2 1-268
2026-10-06 08:16:08,369 INFO o.a.j.t.JMeterThread: Thread finished: S2 1-268
2026-10-06 08:16:08,374 INFO o.a.j.t.JMeterThread: Stopping because end time detected by thread: S2 1-267
2026-10-06 08:16:08,374 INFO o.a.j.t.JMeterThread: Thread finished: S2 1-267
2026-10-06 08:16:08,377 INFO o.a.j.t.JMeterThread: Stopping because end time detected by thread: S2 1-387
2026-10-06 08:16:08,377 INFO o.a.j.t.JMeterThread: Thread finished: S2 1-387
2026-10-06 08:16:08,389 INFO o.a.j.t.JMeterThread: Stopping because end time detected by thread: S2 1-386
2026-10-06 08:16:08,389 INFO o.a.j.t.JMeterThread: Thread finished: S2 1-386
2026-10-06 08:16:08,403 INFO o.a.j.t.JMeterThread: Stopping because end time detected by thread: S2 1-270
2026-10-06 08:16:08,403 INFO o.a.j.t.JMeterThread: Thread finished: S2 1-270
2026-10-06 08:16:08,414 INFO o.a.j.t.JMeterThread: Stopping because end time detected by thread: S2 1-130
2026-10-06 08:16:08,414 INFO o.a.j.t.JMeterThread: Stopping because end time detected by thread: S2 1-187
2026-10-06 08:16:08,415 INFO o.a.j.t.JMeterThread: Thread finished: S2 1-130
2026-10-06 08:16:08,415 INFO o.a.j.t.JMeterThread: Thread finished: S2 1-187
2026-10-06 08:16:08,426 INFO o.a.j.t.JMeterThread: Stopping because end time detected by thread: S2 1-188
2026-10-06 08:16:08,426 INFO o.a.j.t.JMeterThread: Thread finished: S2 1-188
2026-10-06 08:16:08,438 INFO o.a.j.t.JMeterThread: Stopping because end time detected by thread: S2 1-41
2026-10-06 08:16:08,438 INFO o.a.j.t.JMeterThread: Thread finished: S2 1-41
2026-10-06 08:16:08,461 INFO o.a.j.t.JMeterThread: Stopping because end time detected by thread: S2 1-93
2026-10-06 08:16:08,461 INFO o.a.j.t.JMeterThread: Thread finished: S2 1-93
2026-10-06 08:16:08,463 INFO o.a.j.t.JMeterThread: Stopping because end time detected by thread: S2 1-64
2026-10-06 08:16:08,463 INFO o.a.j.t.JMeterThread: Thread finished: S2 1-64
2026-10-06 08:16:08,465 INFO o.a.j.t.JMeterThread: Stopping because end time detected by thread: S2 1-269
2026-10-06 08:16:08,465 INFO o.a.j.t.JMeterThread: Thread finished: S2 1-269
2026-10-06 08:16:08,484 INFO o.a.j.t.JMeterThread: Stopping because end time detected by thread: S2 1-131
2026-10-06 08:16:08,484 INFO o.a.j.t.JMeterThread: Thread finished: S2 1-131
2026-10-06 08:16:08,491 INFO o.a.j.t.JMeterThread: Stopping because end time detected by thread: S2 1-271
2026-10-06 08:16:08,491 INFO o.a.j.t.JMeterThread: Thread finished: S2 1-271
2026-10-06 08:16:08,497 INFO o.a.j.t.JMeterThread: Stopping because end time detected by thread: S2 1-389
2026-10-06 08:16:08,497 INFO o.a.j.t.JMeterThread: Thread finished: S2 1-389
2026-10-06 08:16:08,511 INFO o.a.j.t.JMeterThread: Stopping because end time detected by thread: S2 1-390
2026-10-06 08:16:08,511 INFO o.a.j.t.JMeterThread: Thread finished: S2 1-390
2026-10-06 08:16:08,519 INFO o.a.j.t.JMeterThread: Stopping because end time detected by thread: S2 1-391
2026-10-06 08:16:08,519 INFO o.a.j.t.JMeterThread: Thread finished: S2 1-391
2026-10-06 08:16:08,520 INFO o.a.j.t.JMeterThread: Stopping because end time detected by thread: S2 1-388
2026-10-06 08:16:08,520 INFO o.a.j.t.JMeterThread: Thread finished: S2 1-388
2026-10-06 08:16:08,541 INFO o.a.j.t.JMeterThread: Stopping because end time detected by thread: S2 1-189
2026-10-06 08:16:08,541 INFO o.a.j.t.JMeterThread: Thread finished: S2 1-189
2026-10-06 08:16:08,549 INFO o.a.j.t.JMeterThread: Stopping because end time detected by thread: S2 1-42
2026-10-06 08:16:08,549 INFO o.a.j.t.JMeterThread: Thread finished: S2 1-42
2026-10-06 08:16:08,558 INFO o.a.j.t.JMeterThread: Stopping because end time detected by thread: S2 1-43
2026-10-06 08:16:08,558 INFO o.a.j.t.JMeterThread: Thread finished: S2 1-43
2026-10-06 08:16:08,575 INFO o.a.j.t.JMeterThread: Stopping because end time detected by thread: S2 1-190
2026-10-06 08:16:08,575 INFO o.a.j.t.JMeterThread: Thread finished: S2 1-190
2026-10-06 08:16:08,580 INFO o.a.j.t.JMeterThread: Stopping because end time detected by thread: S2 1-392
2026-10-06 08:16:08,580 INFO o.a.j.t.JMeterThread: Thread finished: S2 1-392
2026-10-06 08:16:08,583 INFO o.a.j.t.JMeterThread: Stopping because end time detected by thread: S2 1-95
2026-10-06 08:16:08,583 INFO o.a.j.t.JMeterThread: Thread finished: S2 1-95
2026-10-06 08:16:08,590 INFO o.a.j.t.JMeterThread: Stopping because end time detected by thread: S2 1-393
2026-10-06 08:16:08,591 INFO o.a.j.t.JMeterThread: Thread finished: S2 1-393
2026-10-06 08:16:08,608 INFO o.a.j.t.JMeterThread: Stopping because end time detected by thread: S2 1-94
2026-10-06 08:16:08,608 INFO o.a.j.t.JMeterThread: Thread finished: S2 1-94
2026-10-06 08:16:08,614 INFO o.a.j.t.JMeterThread: Stopping because end time detected by thread: S2 1-395
2026-10-06 08:16:08,614 INFO o.a.j.t.JMeterThread: Thread finished: S2 1-395
2026-10-06 08:16:08,625 INFO o.a.j.t.JMeterThread: Stopping because end time detected by thread: S2 1-272
2026-10-06 08:16:08,625 INFO o.a.j.t.JMeterThread: Thread finished: S2 1-272
2026-10-06 08:16:08,625 INFO o.a.j.t.JMeterThread: Stopping because end time detected by thread: S2 1-191
2026-10-06 08:16:08,625 INFO o.a.j.t.JMeterThread: Thread finished: S2 1-191
2026-10-06 08:16:08,641 INFO o.a.j.t.JMeterThread: Stopping because end time detected by thread: S2 1-192
2026-10-06 08:16:08,641 INFO o.a.j.t.JMeterThread: Thread finished: S2 1-192
2026-10-06 08:16:08,643 INFO o.a.j.t.JMeterThread: Stopping because end time detected by thread: S2 1-274
2026-10-06 08:16:08,643 INFO o.a.j.t.JMeterThread: Thread finished: S2 1-274
2026-10-06 08:16:08,652 INFO o.a.j.t.JMeterThread: Stopping because end time detected by thread: S2 1-20
2026-10-06 08:16:08,652 INFO o.a.j.t.JMeterThread: Thread finished: S2 1-20
2026-10-06 08:16:08,656 INFO o.a.j.t.JMeterThread: Stopping because end time detected by thread: S2 1-132
2026-10-06 08:16:08,656 INFO o.a.j.t.JMeterThread: Thread finished: S2 1-132
2026-10-06 08:16:08,665 INFO o.a.j.t.JMeterThread: Stopping because end time detected by thread: S2 1-394
2026-10-06 08:16:08,665 INFO o.a.j.t.JMeterThread: Thread finished: S2 1-394
2026-10-06 08:16:08,680 INFO o.a.j.t.JMeterThread: Stopping because end time detected by thread: S2 1-273
2026-10-06 08:16:08,680 INFO o.a.j.t.JMeterThread: Thread finished: S2 1-273
2026-10-06 08:16:08,692 INFO o.a.j.t.JMeterThread: Stopping because end time detected by thread: S2 1-193
2026-10-06 08:16:08,693 INFO o.a.j.t.JMeterThread: Thread finished: S2 1-193
2026-10-06 08:16:08,693 INFO o.a.j.t.JMeterThread: Stopping because end time detected by thread: S2 1-275
2026-10-06 08:16:08,693 INFO o.a.j.t.JMeterThread: Thread finished: S2 1-275
2026-10-06 08:16:08,694 INFO o.a.j.t.JMeterThread: Stopping because end time detected by thread: S2 1-397
2026-10-06 08:16:08,694 INFO o.a.j.t.JMeterThread: Thread finished: S2 1-397
2026-10-06 08:16:08,711 INFO o.a.j.t.JMeterThread: Stopping because end time detected by thread: S2 1-194
2026-10-06 08:16:08,712 INFO o.a.j.t.JMeterThread: Thread finished: S2 1-194
2026-10-06 08:16:08,716 INFO o.a.j.t.JMeterThread: Stopping because end time detected by thread: S2 1-276
2026-10-06 08:16:08,716 INFO o.a.j.t.JMeterThread: Thread finished: S2 1-276
2026-10-06 08:16:08,727 INFO o.a.j.t.JMeterThread: Stopping because end time detected by thread: S2 1-65
2026-10-06 08:16:08,727 INFO o.a.j.t.JMeterThread: Thread finished: S2 1-65
2026-10-06 08:16:08,729 INFO o.a.j.t.JMeterThread: Stopping because end time detected by thread: S2 1-396
2026-10-06 08:16:08,729 INFO o.a.j.t.JMeterThread: Thread finished: S2 1-396
2026-10-06 08:16:08,736 INFO o.a.j.t.JMeterThread: Stopping because end time detected by thread: S2 1-277
2026-10-06 08:16:08,736 INFO o.a.j.t.JMeterThread: Thread finished: S2 1-277
2026-10-06 08:16:08,745 INFO o.a.j.t.JMeterThread: Stopping because end time detected by thread: S2 1-399
2026-10-06 08:16:08,745 INFO o.a.j.t.JMeterThread: Thread finished: S2 1-399
2026-10-06 08:16:08,747 INFO o.a.j.t.JMeterThread: Stopping because end time detected by thread: S2 1-133
2026-10-06 08:16:08,747 INFO o.a.j.t.JMeterThread: Thread finished: S2 1-133
2026-10-06 08:16:08,747 INFO o.a.j.t.JMeterThread: Stopping because end time detected by thread: S2 1-398
2026-10-06 08:16:08,747 INFO o.a.j.t.JMeterThread: Thread finished: S2 1-398
2026-10-06 08:16:08,766 INFO o.a.j.t.JMeterThread: Stopping because end time detected by thread: S2 1-134
2026-10-06 08:16:08,766 INFO o.a.j.t.JMeterThread: Thread finished: S2 1-134
2026-10-06 08:16:08,779 INFO o.a.j.t.JMeterThread: Stopping because end time detected by thread: S2 1-44
2026-10-06 08:16:08,779 INFO o.a.j.t.JMeterThread: Thread finished: S2 1-44
2026-10-06 08:16:08,780 INFO o.a.j.t.JMeterThread: Stopping because end time detected by thread: S2 1-278
2026-10-06 08:16:08,780 INFO o.a.j.t.JMeterThread: Thread finished: S2 1-278
2026-10-06 08:16:08,783 INFO o.a.j.t.JMeterThread: Stopping because end time detected by thread: S2 1-18
2026-10-06 08:16:08,783 INFO o.a.j.t.JMeterThread: Thread finished: S2 1-18
2026-10-06 08:16:08,803 INFO o.a.j.t.JMeterThread: Stopping because end time detected by thread: S2 1-135
2026-10-06 08:16:08,803 INFO o.a.j.t.JMeterThread: Thread finished: S2 1-135
2026-10-06 08:16:08,804 INFO o.a.j.t.JMeterThread: Stopping because end time detected by thread: S2 1-195
2026-10-06 08:16:08,804 INFO o.a.j.t.JMeterThread: Thread finished: S2 1-195
2026-10-06 08:16:08,808 INFO o.a.j.t.JMeterThread: Stopping because end time detected by thread: S2 1-96
2026-10-06 08:16:08,809 INFO o.a.j.t.JMeterThread: Thread finished: S2 1-96
2026-10-06 08:16:08,824 INFO o.a.j.t.JMeterThread: Stopping because end time detected by thread: S2 1-401
2026-10-06 08:16:08,824 INFO o.a.j.t.JMeterThread: Thread finished: S2 1-401
2026-10-06 08:16:08,835 INFO o.a.j.t.JMeterThread: Stopping because end time detected by thread: S2 1-279
2026-10-06 08:16:08,835 INFO o.a.j.t.JMeterThread: Thread finished: S2 1-279
2026-10-06 08:16:08,843 INFO o.a.j.t.JMeterThread: Stopping because end time detected by thread: S2 1-67
2026-10-06 08:16:08,843 INFO o.a.j.t.JMeterThread: Thread finished: S2 1-67
2026-10-06 08:16:08,846 INFO o.a.j.t.JMeterThread: Stopping because end time detected by thread: S2 1-400
2026-10-06 08:16:08,846 INFO o.a.j.t.JMeterThread: Thread finished: S2 1-400
2026-10-06 08:16:08,879 INFO o.a.j.t.JMeterThread: Stopping because end time detected by thread: S2 1-402
2026-10-06 08:16:08,879 INFO o.a.j.t.JMeterThread: Thread finished: S2 1-402
2026-10-06 08:16:08,883 INFO o.a.j.t.JMeterThread: Stopping because end time detected by thread: S2 1-405
2026-10-06 08:16:08,883 INFO o.a.j.t.JMeterThread: Thread finished: S2 1-405
2026-10-06 08:16:08,890 INFO o.a.j.t.JMeterThread: Stopping because end time detected by thread: S2 1-136
2026-10-06 08:16:08,890 INFO o.a.j.t.JMeterThread: Thread finished: S2 1-136
2026-10-06 08:16:08,898 INFO o.a.j.t.JMeterThread: Stopping because end time detected by thread: S2 1-404
2026-10-06 08:16:08,898 INFO o.a.j.t.JMeterThread: Thread finished: S2 1-404
2026-10-06 08:16:08,907 INFO o.a.j.t.JMeterThread: Stopping because end time detected by thread: S2 1-281
2026-10-06 08:16:08,907 INFO o.a.j.t.JMeterThread: Thread finished: S2 1-281
2026-10-06 08:16:08,926 INFO o.a.j.t.JMeterThread: Stopping because end time detected by thread: S2 1-197
2026-10-06 08:16:08,926 INFO o.a.j.t.JMeterThread: Stopping because end time detected by thread: S2 1-280
2026-10-06 08:16:08,926 INFO o.a.j.t.JMeterThread: Thread finished: S2 1-280
2026-10-06 08:16:08,926 INFO o.a.j.t.JMeterThread: Thread finished: S2 1-197
2026-10-06 08:16:08,927 INFO o.a.j.t.JMeterThread: Stopping because end time detected by thread: S2 1-403
2026-10-06 08:16:08,927 INFO o.a.j.t.JMeterThread: Thread finished: S2 1-403
2026-10-06 08:16:08,946 INFO o.a.j.t.JMeterThread: Stopping because end time detected by thread: S2 1-196
2026-10-06 08:16:08,946 INFO o.a.j.t.JMeterThread: Thread finished: S2 1-196
2026-10-06 08:16:08,955 INFO o.a.j.t.JMeterThread: Stopping because end time detected by thread: S2 1-97
2026-10-06 08:16:08,955 INFO o.a.j.t.JMeterThread: Thread finished: S2 1-97
2026-10-06 08:16:08,957 INFO o.a.j.t.JMeterThread: Stopping because end time detected by thread: S2 1-406
2026-10-06 08:16:08,957 INFO o.a.j.t.JMeterThread: Thread finished: S2 1-406
2026-10-06 08:16:08,963 INFO o.a.j.t.JMeterThread: Stopping because end time detected by thread: S2 1-283
2026-10-06 08:16:08,963 INFO o.a.j.t.JMeterThread: Thread finished: S2 1-283
2026-10-06 08:16:08,969 INFO o.a.j.t.JMeterThread: Stopping because end time detected by thread: S2 1-66
2026-10-06 08:16:08,969 INFO o.a.j.t.JMeterThread: Thread finished: S2 1-66
2026-10-06 08:16:09,003 INFO o.a.j.t.JMeterThread: Stopping because end time detected by thread: S2 1-408
2026-10-06 08:16:09,003 INFO o.a.j.t.JMeterThread: Thread finished: S2 1-408
2026-10-06 08:16:09,006 INFO o.a.j.t.JMeterThread: Stopping because end time detected by thread: S2 1-198
2026-10-06 08:16:09,006 INFO o.a.j.t.JMeterThread: Thread finished: S2 1-198
2026-10-06 08:16:09,008 INFO o.a.j.t.JMeterThread: Stopping because end time detected by thread: S2 1-407
2026-10-06 08:16:09,008 INFO o.a.j.t.JMeterThread: Thread finished: S2 1-407
2026-10-06 08:16:09,012 INFO o.a.j.t.JMeterThread: Stopping because end time detected by thread: S2 1-282
2026-10-06 08:16:09,012 INFO o.a.j.t.JMeterThread: Thread finished: S2 1-282
2026-10-06 08:16:09,041 INFO o.a.j.t.JMeterThread: Stopping because end time detected by thread: S2 1-137
2026-10-06 08:16:09,042 INFO o.a.j.t.JMeterThread: Thread finished: S2 1-137
2026-10-06 08:16:09,042 INFO o.a.j.t.JMeterThread: Stopping because end time detected by thread: S2 1-200
2026-10-06 08:16:09,042 INFO o.a.j.t.JMeterThread: Thread finished: S2 1-200
2026-10-06 08:16:09,058 INFO o.a.j.t.JMeterThread: Stopping because end time detected by thread: S2 1-12
2026-10-06 08:16:09,058 INFO o.a.j.t.JMeterThread: Thread finished: S2 1-12
2026-10-06 08:16:09,071 INFO o.a.j.t.JMeterThread: Stopping because end time detected by thread: S2 1-199
2026-10-06 08:16:09,071 INFO o.a.j.t.JMeterThread: Thread finished: S2 1-199
2026-10-06 08:16:09,075 INFO o.a.j.t.JMeterThread: Stopping because end time detected by thread: S2 1-68
2026-10-06 08:16:09,075 INFO o.a.j.t.JMeterThread: Thread finished: S2 1-68
2026-10-06 08:16:09,095 INFO o.a.j.t.JMeterThread: Stopping because end time detected by thread: S2 1-286
2026-10-06 08:16:09,095 INFO o.a.j.t.JMeterThread: Thread finished: S2 1-286
2026-10-06 08:16:09,105 INFO o.a.j.t.JMeterThread: Stopping because end time detected by thread: S2 1-411
2026-10-06 08:16:09,105 INFO o.a.j.t.JMeterThread: Thread finished: S2 1-411
2026-10-06 08:16:09,122 INFO o.a.j.t.JMeterThread: Stopping because end time detected by thread: S2 1-284
2026-10-06 08:16:09,123 INFO o.a.j.t.JMeterThread: Thread finished: S2 1-284
2026-10-06 08:16:09,127 INFO o.a.j.t.JMeterThread: Stopping because end time detected by thread: S2 1-409
2026-10-06 08:16:09,127 INFO o.a.j.t.JMeterThread: Thread finished: S2 1-409
2026-10-06 08:16:09,137 INFO o.a.j.t.JMeterThread: Stopping because end time detected by thread: S2 1-138
2026-10-06 08:16:09,137 INFO o.a.j.t.JMeterThread: Thread finished: S2 1-138
2026-10-06 08:16:09,150 INFO o.a.j.t.JMeterThread: Stopping because end time detected by thread: S2 1-70
2026-10-06 08:16:09,150 INFO o.a.j.t.JMeterThread: Thread finished: S2 1-70
2026-10-06 08:16:09,162 INFO o.a.j.t.JMeterThread: Stopping because end time detected by thread: S2 1-45
2026-10-06 08:16:09,162 INFO o.a.j.t.JMeterThread: Thread finished: S2 1-45
2026-10-06 08:16:09,176 INFO o.a.j.t.JMeterThread: Stopping because end time detected by thread: S2 1-285
2026-10-06 08:16:09,176 INFO o.a.j.t.JMeterThread: Thread finished: S2 1-285
2026-10-06 08:16:09,188 INFO o.a.j.t.JMeterThread: Stopping because end time detected by thread: S2 1-410
2026-10-06 08:16:09,188 INFO o.a.j.t.JMeterThread: Stopping because end time detected by thread: S2 1-30
2026-10-06 08:16:09,188 INFO o.a.j.t.JMeterThread: Thread finished: S2 1-410
2026-10-06 08:16:09,188 INFO o.a.j.t.JMeterThread: Thread finished: S2 1-30
2026-10-06 08:16:09,202 INFO o.a.j.t.JMeterThread: Stopping because end time detected by thread: S2 1-412
2026-10-06 08:16:09,202 INFO o.a.j.t.JMeterThread: Thread finished: S2 1-412
2026-10-06 08:16:09,206 INFO o.a.j.t.JMeterThread: Stopping because end time detected by thread: S2 1-201
2026-10-06 08:16:09,206 INFO o.a.j.t.JMeterThread: Thread finished: S2 1-201
2026-10-06 08:16:09,224 INFO o.a.j.t.JMeterThread: Stopping because end time detected by thread: S2 1-287
2026-10-06 08:16:09,224 INFO o.a.j.t.JMeterThread: Thread finished: S2 1-287
2026-10-06 08:16:09,241 INFO o.a.j.t.JMeterThread: Stopping because end time detected by thread: S2 1-288
2026-10-06 08:16:09,241 INFO o.a.j.t.JMeterThread: Thread finished: S2 1-288
2026-10-06 08:16:09,242 INFO o.a.j.t.JMeterThread: Stopping because end time detected by thread: S2 1-414
2026-10-06 08:16:09,242 INFO o.a.j.t.JMeterThread: Thread finished: S2 1-414
2026-10-06 08:16:09,248 INFO o.a.j.t.JMeterThread: Stopping because end time detected by thread: S2 1-98
2026-10-06 08:16:09,248 INFO o.a.j.t.JMeterThread: Thread finished: S2 1-98
2026-10-06 08:16:09,256 INFO o.a.j.t.JMeterThread: Stopping because end time detected by thread: S2 1-139
2026-10-06 08:16:09,256 INFO o.a.j.t.JMeterThread: Thread finished: S2 1-139
2026-10-06 08:16:09,277 INFO o.a.j.t.JMeterThread: Stopping because end time detected by thread: S2 1-413
2026-10-06 08:16:09,277 INFO o.a.j.t.JMeterThread: Stopping because end time detected by thread: S2 1-291
2026-10-06 08:16:09,278 INFO o.a.j.t.JMeterThread: Thread finished: S2 1-413
2026-10-06 08:16:09,278 INFO o.a.j.t.JMeterThread: Thread finished: S2 1-291
2026-10-06 08:16:09,291 INFO o.a.j.t.JMeterThread: Stopping because end time detected by thread: S2 1-69
2026-10-06 08:16:09,291 INFO o.a.j.t.JMeterThread: Thread finished: S2 1-69
2026-10-06 08:16:09,301 INFO o.a.j.t.JMeterThread: Stopping because end time detected by thread: S2 1-202
2026-10-06 08:16:09,302 INFO o.a.j.t.JMeterThread: Thread finished: S2 1-202
2026-10-06 08:16:09,310 INFO o.a.j.t.JMeterThread: Stopping because end time detected by thread: S2 1-140
2026-10-06 08:16:09,310 INFO o.a.j.t.JMeterThread: Thread finished: S2 1-140
2026-10-06 08:16:09,314 INFO o.a.j.t.JMeterThread: Stopping because end time detected by thread: S2 1-29
2026-10-06 08:16:09,314 INFO o.a.j.t.JMeterThread: Thread finished: S2 1-29
2026-10-06 08:16:09,317 INFO o.a.j.t.JMeterThread: Stopping because end time detected by thread: S2 1-415
2026-10-06 08:16:09,317 INFO o.a.j.t.JMeterThread: Thread finished: S2 1-415
2026-10-06 08:16:09,338 INFO o.a.j.t.JMeterThread: Stopping because end time detected by thread: S2 1-206
2026-10-06 08:16:09,339 INFO o.a.j.t.JMeterThread: Thread finished: S2 1-206
2026-10-06 08:16:09,339 INFO o.a.j.t.JMeterThread: Stopping because end time detected by thread: S2 1-417
2026-10-06 08:16:09,339 INFO o.a.j.t.JMeterThread: Thread finished: S2 1-417
2026-10-06 08:16:09,357 INFO o.a.j.t.JMeterThread: Stopping because end time detected by thread: S2 1-203
2026-10-06 08:16:09,357 INFO o.a.j.t.JMeterThread: Thread finished: S2 1-203
2026-10-06 08:16:09,363 INFO o.a.j.t.JMeterThread: Stopping because end time detected by thread: S2 1-416
2026-10-06 08:16:09,364 INFO o.a.j.t.JMeterThread: Thread finished: S2 1-416
2026-10-06 08:16:09,374 INFO o.a.j.t.JMeterThread: Stopping because end time detected by thread: S2 1-421
2026-10-06 08:16:09,375 INFO o.a.j.t.JMeterThread: Thread finished: S2 1-421
2026-10-06 08:16:09,391 INFO o.a.j.t.JMeterThread: Stopping because end time detected by thread: S2 1-420
2026-10-06 08:16:09,391 INFO o.a.j.t.JMeterThread: Thread finished: S2 1-420
2026-10-06 08:16:09,396 INFO o.a.j.t.JMeterThread: Stopping because end time detected by thread: S2 1-418
2026-10-06 08:16:09,397 INFO o.a.j.t.JMeterThread: Thread finished: S2 1-418
2026-10-06 08:16:09,403 INFO o.a.j.t.JMeterThread: Stopping because end time detected by thread: S2 1-289
2026-10-06 08:16:09,403 INFO o.a.j.t.JMeterThread: Thread finished: S2 1-289
2026-10-06 08:16:09,413 INFO o.a.j.t.JMeterThread: Stopping because end time detected by thread: S2 1-99
2026-10-06 08:16:09,413 INFO o.a.j.t.JMeterThread: Thread finished: S2 1-99
2026-10-06 08:16:09,438 INFO o.a.j.t.JMeterThread: Stopping because end time detected by thread: S2 1-290
2026-10-06 08:16:09,438 INFO o.a.j.t.JMeterThread: Thread finished: S2 1-290
2026-10-06 08:16:09,444 INFO o.a.j.t.JMeterThread: Stopping because end time detected by thread: S2 1-204
2026-10-06 08:16:09,444 INFO o.a.j.t.JMeterThread: Thread finished: S2 1-204
2026-10-06 08:16:09,444 INFO o.a.j.t.JMeterThread: Stopping because end time detected by thread: S2 1-419
2026-10-06 08:16:09,444 INFO o.a.j.t.JMeterThread: Thread finished: S2 1-419
2026-10-06 08:16:09,453 INFO o.a.j.t.JMeterThread: Stopping because end time detected by thread: S2 1-292
2026-10-06 08:16:09,453 INFO o.a.j.t.JMeterThread: Thread finished: S2 1-292
2026-10-06 08:16:09,472 INFO o.a.j.t.JMeterThread: Stopping because end time detected by thread: S2 1-293
2026-10-06 08:16:09,472 INFO o.a.j.t.JMeterThread: Thread finished: S2 1-293
2026-10-06 08:16:09,478 INFO o.a.j.t.JMeterThread: Stopping because end time detected by thread: S2 1-205
2026-10-06 08:16:09,478 INFO o.a.j.t.JMeterThread: Thread finished: S2 1-205
2026-10-06 08:16:09,481 INFO o.a.j.t.JMeterThread: Stopping because end time detected by thread: S2 1-3
2026-10-06 08:16:09,481 INFO o.a.j.t.JMeterThread: Thread finished: S2 1-3
2026-10-06 08:16:09,488 INFO o.a.j.t.JMeterThread: Stopping because end time detected by thread: S2 1-422
2026-10-06 08:16:09,488 INFO o.a.j.t.JMeterThread: Thread finished: S2 1-422
2026-10-06 08:16:09,521 INFO o.a.j.t.JMeterThread: Stopping because end time detected by thread: S2 1-141
2026-10-06 08:16:09,521 INFO o.a.j.t.JMeterThread: Thread finished: S2 1-141
2026-10-06 08:16:09,538 INFO o.a.j.t.JMeterThread: Stopping because end time detected by thread: S2 1-13
2026-10-06 08:16:09,538 INFO o.a.j.t.JMeterThread: Thread finished: S2 1-13
2026-10-06 08:16:09,540 INFO o.a.j.t.JMeterThread: Stopping because end time detected by thread: S2 1-71
2026-10-06 08:16:09,540 INFO o.a.j.t.JMeterThread: Thread finished: S2 1-71
2026-10-06 08:16:09,540 INFO o.a.j.t.JMeterThread: Stopping because end time detected by thread: S2 1-100
2026-10-06 08:16:09,541 INFO o.a.j.t.JMeterThread: Thread finished: S2 1-100
2026-10-06 08:16:09,549 INFO o.a.j.t.JMeterThread: Stopping because end time detected by thread: S2 1-295
2026-10-06 08:16:09,549 INFO o.a.j.t.JMeterThread: Thread finished: S2 1-295
2026-10-06 08:16:09,598 INFO o.a.j.t.JMeterThread: Stopping because end time detected by thread: S2 1-208
2026-10-06 08:16:09,598 INFO o.a.j.t.JMeterThread: Thread finished: S2 1-208
2026-10-06 08:16:09,604 INFO o.a.j.t.JMeterThread: Stopping because end time detected by thread: S2 1-424
2026-10-06 08:16:09,604 INFO o.a.j.t.JMeterThread: Thread finished: S2 1-424
2026-10-06 08:16:09,614 INFO o.a.j.t.JMeterThread: Stopping because end time detected by thread: S2 1-207
2026-10-06 08:16:09,614 INFO o.a.j.t.JMeterThread: Stopping because end time detected by thread: S2 1-426
2026-10-06 08:16:09,614 INFO o.a.j.t.JMeterThread: Thread finished: S2 1-426
2026-10-06 08:16:09,614 INFO o.a.j.t.JMeterThread: Thread finished: S2 1-207
2026-10-06 08:16:09,647 INFO o.a.j.t.JMeterThread: Stopping because end time detected by thread: S2 1-142
2026-10-06 08:16:09,647 INFO o.a.j.t.JMeterThread: Thread finished: S2 1-142
2026-10-06 08:16:09,655 INFO o.a.j.t.JMeterThread: Stopping because end time detected by thread: S2 1-423
2026-10-06 08:16:09,655 INFO o.a.j.t.JMeterThread: Thread finished: S2 1-423
2026-10-06 08:16:09,658 INFO o.a.j.t.JMeterThread: Stopping because end time detected by thread: S2 1-294
2026-10-06 08:16:09,658 INFO o.a.j.t.JMeterThread: Thread finished: S2 1-294
2026-10-06 08:16:09,666 INFO o.a.j.t.JMeterThread: Stopping because end time detected by thread: S2 1-425
2026-10-06 08:16:09,666 INFO o.a.j.t.JMeterThread: Thread finished: S2 1-425
2026-10-06 08:16:09,701 INFO o.a.j.t.JMeterThread: Stopping because end time detected by thread: S2 1-430
2026-10-06 08:16:09,701 INFO o.a.j.t.JMeterThread: Thread finished: S2 1-430
2026-10-06 08:16:09,702 INFO o.a.j.t.JMeterThread: Stopping because end time detected by thread: S2 1-46
2026-10-06 08:16:09,702 INFO o.a.j.t.JMeterThread: Thread finished: S2 1-46
2026-10-06 08:16:09,711 INFO o.a.j.t.JMeterThread: Stopping because end time detected by thread: S2 1-209
2026-10-06 08:16:09,711 INFO o.a.j.t.JMeterThread: Thread finished: S2 1-209
2026-10-06 08:16:09,713 INFO o.a.j.t.JMeterThread: Stopping because end time detected by thread: S2 1-143
2026-10-06 08:16:09,713 INFO o.a.j.t.JMeterThread: Thread finished: S2 1-143
2026-10-06 08:16:09,724 INFO o.a.j.t.JMeterThread: Stopping because end time detected by thread: S2 1-297
2026-10-06 08:16:09,725 INFO o.a.j.t.JMeterThread: Thread finished: S2 1-297
2026-10-06 08:16:09,745 INFO o.a.j.t.JMeterThread: Stopping because end time detected by thread: S2 1-428
2026-10-06 08:16:09,745 INFO o.a.j.t.JMeterThread: Thread finished: S2 1-428
2026-10-06 08:16:09,754 INFO o.a.j.t.JMeterThread: Stopping because end time detected by thread: S2 1-296
2026-10-06 08:16:09,754 INFO o.a.j.t.JMeterThread: Thread finished: S2 1-296
2026-10-06 08:16:09,756 INFO o.a.j.t.JMeterThread: Stopping because end time detected by thread: S2 1-144
2026-10-06 08:16:09,756 INFO o.a.j.t.JMeterThread: Thread finished: S2 1-144
2026-10-06 08:16:09,773 INFO o.a.j.t.JMeterThread: Stopping because end time detected by thread: S2 1-427
2026-10-06 08:16:09,773 INFO o.a.j.t.JMeterThread: Thread finished: S2 1-427
2026-10-06 08:16:09,791 INFO o.a.j.t.JMeterThread: Stopping because end time detected by thread: S2 1-210
2026-10-06 08:16:09,791 INFO o.a.j.t.JMeterThread: Stopping because end time detected by thread: S2 1-101
2026-10-06 08:16:09,791 INFO o.a.j.t.JMeterThread: Thread finished: S2 1-210
2026-10-06 08:16:09,791 INFO o.a.j.t.JMeterThread: Thread finished: S2 1-101
2026-10-06 08:16:09,793 INFO o.a.j.t.JMeterThread: Stopping because end time detected by thread: S2 1-432
2026-10-06 08:16:09,793 INFO o.a.j.t.JMeterThread: Thread finished: S2 1-432
2026-10-06 08:16:09,796 INFO o.a.j.t.JMeterThread: Stopping because end time detected by thread: S2 1-298
2026-10-06 08:16:09,796 INFO o.a.j.t.JMeterThread: Thread finished: S2 1-298
2026-10-06 08:16:09,815 INFO o.a.j.t.JMeterThread: Stopping because end time detected by thread: S2 1-299
2026-10-06 08:16:09,815 INFO o.a.j.t.JMeterThread: Thread finished: S2 1-299
2026-10-06 08:16:09,819 INFO o.a.j.t.JMeterThread: Stopping because end time detected by thread: S2 1-429
2026-10-06 08:16:09,819 INFO o.a.j.t.JMeterThread: Thread finished: S2 1-429
2026-10-06 08:16:09,833 INFO o.a.j.t.JMeterThread: Stopping because end time detected by thread: S2 1-72
2026-10-06 08:16:09,833 INFO o.a.j.t.JMeterThread: Thread finished: S2 1-72
2026-10-06 08:16:09,835 INFO o.a.j.t.JMeterThread: Stopping because end time detected by thread: S2 1-47
2026-10-06 08:16:09,835 INFO o.a.j.t.JMeterThread: Thread finished: S2 1-47
2026-10-06 08:16:09,840 INFO o.a.j.t.JMeterThread: Stopping because end time detected by thread: S2 1-431
2026-10-06 08:16:09,840 INFO o.a.j.t.JMeterThread: Thread finished: S2 1-431
2026-10-06 08:16:09,855 INFO o.a.j.t.JMeterThread: Stopping because end time detected by thread: S2 1-145
2026-10-06 08:16:09,856 INFO o.a.j.t.JMeterThread: Thread finished: S2 1-145
2026-10-06 08:16:09,861 INFO o.a.j.t.JMeterThread: Stopping because end time detected by thread: S2 1-211
2026-10-06 08:16:09,861 INFO o.a.j.t.JMeterThread: Thread finished: S2 1-211
2026-10-06 08:16:09,869 INFO o.a.j.t.JMeterThread: Stopping because end time detected by thread: S2 1-73
2026-10-06 08:16:09,870 INFO o.a.j.t.JMeterThread: Thread finished: S2 1-73
2026-10-06 08:16:09,881 INFO o.a.j.t.JMeterThread: Stopping because end time detected by thread: S2 1-300
2026-10-06 08:16:09,881 INFO o.a.j.t.JMeterThread: Stopping because end time detected by thread: S2 1-212
2026-10-06 08:16:09,881 INFO o.a.j.t.JMeterThread: Thread finished: S2 1-300
2026-10-06 08:16:09,881 INFO o.a.j.t.JMeterThread: Thread finished: S2 1-212
2026-10-06 08:16:09,896 INFO o.a.j.t.JMeterThread: Stopping because end time detected by thread: S2 1-435
2026-10-06 08:16:09,896 INFO o.a.j.t.JMeterThread: Thread finished: S2 1-435
2026-10-06 08:16:09,914 INFO o.a.j.t.JMeterThread: Stopping because end time detected by thread: S2 1-102
2026-10-06 08:16:09,914 INFO o.a.j.t.JMeterThread: Thread finished: S2 1-102
2026-10-06 08:16:09,915 INFO o.a.j.t.JMeterThread: Stopping because end time detected by thread: S2 1-433
2026-10-06 08:16:09,915 INFO o.a.j.t.JMeterThread: Thread finished: S2 1-433
2026-10-06 08:16:09,924 INFO o.a.j.t.JMeterThread: Stopping because end time detected by thread: S2 1-434
2026-10-06 08:16:09,924 INFO o.a.j.t.JMeterThread: Thread finished: S2 1-434
2026-10-06 08:16:09,925 INFO o.a.j.t.JMeterThread: Stopping because end time detected by thread: S2 1-11
2026-10-06 08:16:09,925 INFO o.a.j.t.JMeterThread: Thread finished: S2 1-11
2026-10-06 08:16:09,937 INFO o.a.j.t.JMeterThread: Stopping because end time detected by thread: S2 1-437
2026-10-06 08:16:09,937 INFO o.a.j.t.JMeterThread: Thread finished: S2 1-437
2026-10-06 08:16:09,937 INFO o.a.j.t.JMeterThread: Stopping because end time detected by thread: S2 1-436
2026-10-06 08:16:09,937 INFO o.a.j.t.JMeterThread: Thread finished: S2 1-436
2026-10-06 08:16:09,956 INFO o.a.j.t.JMeterThread: Stopping because end time detected by thread: S2 1-103
2026-10-06 08:16:09,956 INFO o.a.j.t.JMeterThread: Thread finished: S2 1-103
2026-10-06 08:16:09,956 INFO o.a.j.t.JMeterThread: Stopping because end time detected by thread: S2 1-440
2026-10-06 08:16:09,956 INFO o.a.j.t.JMeterThread: Thread finished: S2 1-440
2026-10-06 08:16:09,969 INFO o.a.j.t.JMeterThread: Stopping because end time detected by thread: S2 1-301
2026-10-06 08:16:09,969 INFO o.a.j.t.JMeterThread: Thread finished: S2 1-301
2026-10-06 08:16:09,985 INFO o.a.j.t.JMeterThread: Stopping because end time detected by thread: S2 1-304
2026-10-06 08:16:09,985 INFO o.a.j.t.JMeterThread: Thread finished: S2 1-304
2026-10-06 08:16:09,987 INFO o.a.j.t.JMeterThread: Stopping because end time detected by thread: S2 1-146
2026-10-06 08:16:09,987 INFO o.a.j.t.JMeterThread: Thread finished: S2 1-146
2026-10-06 08:16:10,002 INFO o.a.j.t.JMeterThread: Stopping because end time detected by thread: S2 1-438
2026-10-06 08:16:10,002 INFO o.a.j.t.JMeterThread: Thread finished: S2 1-438
2026-10-06 08:16:10,009 INFO o.a.j.t.JMeterThread: Stopping because end time detected by thread: S2 1-302
2026-10-06 08:16:10,009 INFO o.a.j.t.JMeterThread: Thread finished: S2 1-302
2026-10-06 08:16:10,022 INFO o.a.j.t.JMeterThread: Stopping because end time detected by thread: S2 1-21
2026-10-06 08:16:10,022 INFO o.a.j.t.JMeterThread: Thread finished: S2 1-21
2026-10-06 08:16:10,037 INFO o.a.j.t.JMeterThread: Stopping because end time detected by thread: S2 1-213
2026-10-06 08:16:10,037 INFO o.a.j.t.JMeterThread: Thread finished: S2 1-213
2026-10-06 08:16:10,043 INFO o.a.j.t.JMeterThread: Stopping because end time detected by thread: S2 1-147
2026-10-06 08:16:10,043 INFO o.a.j.t.JMeterThread: Stopping because end time detected by thread: S2 1-439
2026-10-06 08:16:10,044 INFO o.a.j.t.JMeterThread: Thread finished: S2 1-439
2026-10-06 08:16:10,044 INFO o.a.j.t.JMeterThread: Thread finished: S2 1-147
2026-10-06 08:16:10,048 INFO o.a.j.t.JMeterThread: Stopping because end time detected by thread: S2 1-303
2026-10-06 08:16:10,048 INFO o.a.j.t.JMeterThread: Thread finished: S2 1-303
2026-10-06 08:16:10,068 INFO o.a.j.t.JMeterThread: Stopping because end time detected by thread: S2 1-148
2026-10-06 08:16:10,069 INFO o.a.j.t.JMeterThread: Thread finished: S2 1-148
2026-10-06 08:16:10,069 INFO o.a.j.t.JMeterThread: Stopping because end time detected by thread: S2 1-31
2026-10-06 08:16:10,069 INFO o.a.j.t.JMeterThread: Thread finished: S2 1-31
2026-10-06 08:16:10,083 INFO o.a.j.t.JMeterThread: Stopping because end time detected by thread: S2 1-7
2026-10-06 08:16:10,084 INFO o.a.j.t.JMeterThread: Thread finished: S2 1-7
2026-10-06 08:16:10,095 INFO o.a.j.t.JMeterThread: Stopping because end time detected by thread: S2 1-215
2026-10-06 08:16:10,095 INFO o.a.j.t.JMeterThread: Thread finished: S2 1-215
2026-10-06 08:16:10,102 INFO o.a.j.t.JMeterThread: Stopping because end time detected by thread: S2 1-48
2026-10-06 08:16:10,102 INFO o.a.j.t.JMeterThread: Thread finished: S2 1-48
2026-10-06 08:16:10,110 INFO o.a.j.t.JMeterThread: Stopping because end time detected by thread: S2 1-214
2026-10-06 08:16:10,110 INFO o.a.j.t.JMeterThread: Thread finished: S2 1-214
2026-10-06 08:16:10,114 INFO o.a.j.t.JMeterThread: Stopping because end time detected by thread: S2 1-305
2026-10-06 08:16:10,114 INFO o.a.j.t.JMeterThread: Thread finished: S2 1-305
2026-10-06 08:16:10,127 INFO o.a.j.t.JMeterThread: Stopping because end time detected by thread: S2 1-443
2026-10-06 08:16:10,127 INFO o.a.j.t.JMeterThread: Thread finished: S2 1-443
2026-10-06 08:16:10,131 INFO o.a.j.t.JMeterThread: Stopping because end time detected by thread: S2 1-306
2026-10-06 08:16:10,131 INFO o.a.j.t.JMeterThread: Thread finished: S2 1-306
2026-10-06 08:16:10,138 INFO o.a.j.t.JMeterThread: Stopping because end time detected by thread: S2 1-216
2026-10-06 08:16:10,138 INFO o.a.j.t.JMeterThread: Thread finished: S2 1-216
2026-10-06 08:16:10,153 INFO o.a.j.t.JMeterThread: Stopping because end time detected by thread: S2 1-444
2026-10-06 08:16:10,154 INFO o.a.j.t.JMeterThread: Thread finished: S2 1-444
2026-10-06 08:16:10,175 INFO o.a.j.t.JMeterThread: Stopping because end time detected by thread: S2 1-441
2026-10-06 08:16:10,175 INFO o.a.j.t.JMeterThread: Thread finished: S2 1-441
2026-10-06 08:16:10,177 INFO o.a.j.t.JMeterThread: Stopping because end time detected by thread: S2 1-74
2026-10-06 08:16:10,177 INFO o.a.j.t.JMeterThread: Thread finished: S2 1-74
2026-10-06 08:16:10,184 INFO o.a.j.t.JMeterThread: Stopping because end time detected by thread: S2 1-442
2026-10-06 08:16:10,184 INFO o.a.j.t.JMeterThread: Thread finished: S2 1-442
2026-10-06 08:16:10,203 INFO o.a.j.t.JMeterThread: Stopping because end time detected by thread: S2 1-445
2026-10-06 08:16:10,203 INFO o.a.j.t.JMeterThread: Thread finished: S2 1-445
2026-10-06 08:16:10,205 INFO o.a.j.t.JMeterThread: Stopping because end time detected by thread: S2 1-149
2026-10-06 08:16:10,206 INFO o.a.j.t.JMeterThread: Thread finished: S2 1-149
2026-10-06 08:16:10,207 INFO o.a.j.t.JMeterThread: Stopping because end time detected by thread: S2 1-307
2026-10-06 08:16:10,207 INFO o.a.j.t.JMeterThread: Thread finished: S2 1-307
2026-10-06 08:16:10,219 INFO o.a.j.t.JMeterThread: Stopping because end time detected by thread: S2 1-308
2026-10-06 08:16:10,219 INFO o.a.j.t.JMeterThread: Thread finished: S2 1-308
2026-10-06 08:16:10,227 INFO o.a.j.t.JMeterThread: Stopping because end time detected by thread: S2 1-104
2026-10-06 08:16:10,227 INFO o.a.j.t.JMeterThread: Thread finished: S2 1-104
2026-10-06 08:16:10,238 INFO o.a.j.t.JMeterThread: Stopping because end time detected by thread: S2 1-310
2026-10-06 08:16:10,238 INFO o.a.j.t.JMeterThread: Thread finished: S2 1-310
2026-10-06 08:16:10,242 INFO o.a.j.t.JMeterThread: Stopping because end time detected by thread: S2 1-217
2026-10-06 08:16:10,243 INFO o.a.j.t.JMeterThread: Thread finished: S2 1-217
2026-10-06 08:16:10,263 INFO o.a.j.t.JMeterThread: Stopping because end time detected by thread: S2 1-75
2026-10-06 08:16:10,263 INFO o.a.j.t.JMeterThread: Thread finished: S2 1-75
2026-10-06 08:16:10,279 INFO o.a.j.t.JMeterThread: Stopping because end time detected by thread: S2 1-309
2026-10-06 08:16:10,279 INFO o.a.j.t.JMeterThread: Thread finished: S2 1-309
2026-10-06 08:16:10,283 INFO o.a.j.t.JMeterThread: Stopping because end time detected by thread: S2 1-447
2026-10-06 08:16:10,283 INFO o.a.j.t.JMeterThread: Thread finished: S2 1-447
2026-10-06 08:16:10,287 INFO o.a.j.t.JMeterThread: Stopping because end time detected by thread: S2 1-446
2026-10-06 08:16:10,287 INFO o.a.j.t.JMeterThread: Thread finished: S2 1-446
2026-10-06 08:16:10,318 INFO o.a.j.t.JMeterThread: Stopping because end time detected by thread: S2 1-106
2026-10-06 08:16:10,318 INFO o.a.j.t.JMeterThread: Thread finished: S2 1-106
2026-10-06 08:16:10,333 INFO o.a.j.t.JMeterThread: Stopping because end time detected by thread: S2 1-76
2026-10-06 08:16:10,333 INFO o.a.j.t.JMeterThread: Thread finished: S2 1-76
2026-10-06 08:16:10,335 INFO o.a.j.t.JMeterThread: Stopping because end time detected by thread: S2 1-32
2026-10-06 08:16:10,335 INFO o.a.j.t.JMeterThread: Thread finished: S2 1-32
2026-10-06 08:16:10,347 INFO o.a.j.t.JMeterThread: Stopping because end time detected by thread: S2 1-218
2026-10-06 08:16:10,347 INFO o.a.j.t.JMeterThread: Thread finished: S2 1-218
2026-10-06 08:16:10,350 INFO o.a.j.t.JMeterThread: Stopping because end time detected by thread: S2 1-312
2026-10-06 08:16:10,350 INFO o.a.j.t.JMeterThread: Thread finished: S2 1-312
2026-10-06 08:16:10,369 INFO o.a.j.t.JMeterThread: Stopping because end time detected by thread: S2 1-448
2026-10-06 08:16:10,370 INFO o.a.j.t.JMeterThread: Thread finished: S2 1-448
2026-10-06 08:16:10,381 INFO o.a.j.t.JMeterThread: Stopping because end time detected by thread: S2 1-450
2026-10-06 08:16:10,382 INFO o.a.j.t.JMeterThread: Thread finished: S2 1-450
2026-10-06 08:16:10,382 INFO o.a.j.t.JMeterThread: Stopping because end time detected by thread: S2 1-8
2026-10-06 08:16:10,382 INFO o.a.j.t.JMeterThread: Thread finished: S2 1-8
2026-10-06 08:16:10,404 INFO o.a.j.t.JMeterThread: Stopping because end time detected by thread: S2 1-219
2026-10-06 08:16:10,404 INFO o.a.j.t.JMeterThread: Thread finished: S2 1-219
2026-10-06 08:16:10,420 INFO o.a.j.t.JMeterThread: Stopping because end time detected by thread: S2 1-453
2026-10-06 08:16:10,420 INFO o.a.j.t.JMeterThread: Thread finished: S2 1-453
2026-10-06 08:16:10,435 INFO o.a.j.t.JMeterThread: Stopping because end time detected by thread: S2 1-449
2026-10-06 08:16:10,436 INFO o.a.j.t.JMeterThread: Thread finished: S2 1-449
2026-10-06 08:16:10,442 INFO o.a.j.t.JMeterThread: Stopping because end time detected by thread: S2 1-451
2026-10-06 08:16:10,442 INFO o.a.j.t.JMeterThread: Thread finished: S2 1-451
2026-10-06 08:16:10,458 INFO o.a.j.t.JMeterThread: Stopping because end time detected by thread: S2 1-150
2026-10-06 08:16:10,458 INFO o.a.j.t.JMeterThread: Thread finished: S2 1-150
2026-10-06 08:16:10,458 INFO o.a.j.t.JMeterThread: Stopping because end time detected by thread: S2 1-220
2026-10-06 08:16:10,459 INFO o.a.j.t.JMeterThread: Thread finished: S2 1-220
2026-10-06 08:16:10,464 INFO o.a.j.t.JMeterThread: Stopping because end time detected by thread: S2 1-311
2026-10-06 08:16:10,464 INFO o.a.j.t.JMeterThread: Thread finished: S2 1-311
2026-10-06 08:16:10,492 INFO o.a.j.t.JMeterThread: Stopping because end time detected by thread: S2 1-50
2026-10-06 08:16:10,492 INFO o.a.j.t.JMeterThread: Thread finished: S2 1-50
2026-10-06 08:16:10,500 INFO o.a.j.t.JMeterThread: Stopping because end time detected by thread: S2 1-313
2026-10-06 08:16:10,500 INFO o.a.j.t.JMeterThread: Thread finished: S2 1-313
2026-10-06 08:16:10,509 INFO o.a.j.t.JMeterThread: Stopping because end time detected by thread: S2 1-452
2026-10-06 08:16:10,509 INFO o.a.j.t.JMeterThread: Thread finished: S2 1-452
2026-10-06 08:16:10,511 INFO o.a.j.t.JMeterThread: Stopping because end time detected by thread: S2 1-105
2026-10-06 08:16:10,511 INFO o.a.j.t.JMeterThread: Thread finished: S2 1-105
2026-10-06 08:16:10,542 INFO o.a.j.t.JMeterThread: Stopping because end time detected by thread: S2 1-151
2026-10-06 08:16:10,542 INFO o.a.j.t.JMeterThread: Stopping because end time detected by thread: S2 1-22
2026-10-06 08:16:10,542 INFO o.a.j.t.JMeterThread: Thread finished: S2 1-151
2026-10-06 08:16:10,542 INFO o.a.j.t.JMeterThread: Thread finished: S2 1-22
2026-10-06 08:16:10,557 INFO o.a.j.t.JMeterThread: Stopping because end time detected by thread: S2 1-315
2026-10-06 08:16:10,557 INFO o.a.j.t.JMeterThread: Thread finished: S2 1-315
2026-10-06 08:16:10,564 INFO o.a.j.t.JMeterThread: Stopping because end time detected by thread: S2 1-49
2026-10-06 08:16:10,565 INFO o.a.j.t.JMeterThread: Thread finished: S2 1-49
2026-10-06 08:16:10,594 INFO o.a.j.t.JMeterThread: Stopping because end time detected by thread: S2 1-454
2026-10-06 08:16:10,594 INFO o.a.j.t.JMeterThread: Thread finished: S2 1-454
2026-10-06 08:16:10,604 INFO o.a.j.t.JMeterThread: Stopping because end time detected by thread: S2 1-317
2026-10-06 08:16:10,604 INFO o.a.j.t.JMeterThread: Thread finished: S2 1-317
2026-10-06 08:16:10,609 INFO o.a.j.t.JMeterThread: Stopping because end time detected by thread: S2 1-77
2026-10-06 08:16:10,609 INFO o.a.j.t.JMeterThread: Thread finished: S2 1-77
2026-10-06 08:16:10,629 INFO o.a.j.t.JMeterThread: Stopping because end time detected by thread: S2 1-316
2026-10-06 08:16:10,629 INFO o.a.j.t.JMeterThread: Thread finished: S2 1-316
2026-10-06 08:16:10,652 INFO o.a.j.t.JMeterThread: Stopping because end time detected by thread: S2 1-456
2026-10-06 08:16:10,652 INFO o.a.j.t.JMeterThread: Thread finished: S2 1-456
2026-10-06 08:16:10,654 INFO o.a.j.t.JMeterThread: Stopping because end time detected by thread: S2 1-455
2026-10-06 08:16:10,654 INFO o.a.j.t.JMeterThread: Thread finished: S2 1-455
2026-10-06 08:16:10,674 INFO o.a.j.t.JMeterThread: Stopping because end time detected by thread: S2 1-314
2026-10-06 08:16:10,674 INFO o.a.j.t.JMeterThread: Thread finished: S2 1-314
2026-10-06 08:16:10,688 INFO o.a.j.t.JMeterThread: Stopping because end time detected by thread: S2 1-153
2026-10-06 08:16:10,688 INFO o.a.j.t.JMeterThread: Stopping because end time detected by thread: S2 1-152
2026-10-06 08:16:10,688 INFO o.a.j.t.JMeterThread: Thread finished: S2 1-152
2026-10-06 08:16:10,688 INFO o.a.j.t.JMeterThread: Thread finished: S2 1-153
2026-10-06 08:16:10,708 INFO o.a.j.t.JMeterThread: Stopping because end time detected by thread: S2 1-221
2026-10-06 08:16:10,708 INFO o.a.j.t.JMeterThread: Thread finished: S2 1-221
2026-10-06 08:16:10,724 INFO o.a.j.t.JMeterThread: Stopping because end time detected by thread: S2 1-222
2026-10-06 08:16:10,725 INFO o.a.j.t.JMeterThread: Thread finished: S2 1-222
2026-10-06 08:16:10,747 INFO o.a.j.t.JMeterThread: Stopping because end time detected by thread: S2 1-318
2026-10-06 08:16:10,747 INFO o.a.j.t.JMeterThread: Thread finished: S2 1-318
2026-10-06 08:16:10,748 INFO o.a.j.t.JMeterThread: Stopping because end time detected by thread: S2 1-223
2026-10-06 08:16:10,748 INFO o.a.j.t.JMeterThread: Thread finished: S2 1-223
2026-10-06 08:16:10,758 INFO o.a.j.t.JMeterThread: Stopping because end time detected by thread: S2 1-457
2026-10-06 08:16:10,758 INFO o.a.j.t.JMeterThread: Thread finished: S2 1-457
2026-10-06 08:16:10,796 INFO o.a.j.t.JMeterThread: Stopping because end time detected by thread: S2 1-51
2026-10-06 08:16:10,796 INFO o.a.j.t.JMeterThread: Thread finished: S2 1-51
2026-10-06 08:16:10,814 INFO o.a.j.t.JMeterThread: Stopping because end time detected by thread: S2 1-461
2026-10-06 08:16:10,814 INFO o.a.j.t.JMeterThread: Thread finished: S2 1-461
2026-10-06 08:16:10,816 INFO o.a.j.t.JMeterThread: Stopping because end time detected by thread: S2 1-5
2026-10-06 08:16:10,816 INFO o.a.j.t.JMeterThread: Thread finished: S2 1-5
2026-10-06 08:16:10,828 INFO o.a.j.t.JMeterThread: Stopping because end time detected by thread: S2 1-458
2026-10-06 08:16:10,828 INFO o.a.j.t.JMeterThread: Thread finished: S2 1-458
2026-10-06 08:16:10,838 INFO o.a.j.t.JMeterThread: Stopping because end time detected by thread: S2 1-460
2026-10-06 08:16:10,838 INFO o.a.j.t.JMeterThread: Thread finished: S2 1-460
2026-10-06 08:16:10,852 INFO o.a.j.t.JMeterThread: Stopping because end time detected by thread: S2 1-224
2026-10-06 08:16:10,852 INFO o.a.j.t.JMeterThread: Thread finished: S2 1-224
2026-10-06 08:16:10,862 INFO o.a.j.t.JMeterThread: Stopping because end time detected by thread: S2 1-154
2026-10-06 08:16:10,862 INFO o.a.j.t.JMeterThread: Thread finished: S2 1-154
2026-10-06 08:16:10,875 INFO o.a.j.t.JMeterThread: Stopping because end time detected by thread: S2 1-78
2026-10-06 08:16:10,875 INFO o.a.j.t.JMeterThread: Thread finished: S2 1-78
2026-10-06 08:16:10,891 INFO o.a.j.t.JMeterThread: Stopping because end time detected by thread: S2 1-107
2026-10-06 08:16:10,892 INFO o.a.j.t.JMeterThread: Thread finished: S2 1-107
2026-10-06 08:16:10,894 INFO o.a.j.t.JMeterThread: Stopping because end time detected by thread: S2 1-459
2026-10-06 08:16:10,895 INFO o.a.j.t.JMeterThread: Thread finished: S2 1-459
2026-10-06 08:16:10,914 INFO o.a.j.t.JMeterThread: Stopping because end time detected by thread: S2 1-108
2026-10-06 08:16:10,914 INFO o.a.j.t.JMeterThread: Thread finished: S2 1-108
2026-10-06 08:16:10,917 INFO o.a.j.t.JMeterThread: Stopping because end time detected by thread: S2 1-463
2026-10-06 08:16:10,917 INFO o.a.j.t.JMeterThread: Thread finished: S2 1-463
2026-10-06 08:16:10,926 INFO o.a.j.t.JMeterThread: Stopping because end time detected by thread: S2 1-462
2026-10-06 08:16:10,926 INFO o.a.j.t.JMeterThread: Thread finished: S2 1-462
2026-10-06 08:16:10,928 INFO o.a.j.t.JMeterThread: Stopping because end time detected by thread: S2 1-33
2026-10-06 08:16:10,928 INFO o.a.j.t.JMeterThread: Thread finished: S2 1-33
2026-10-06 08:16:10,966 INFO o.a.j.t.JMeterThread: Stopping because end time detected by thread: S2 1-322
2026-10-06 08:16:10,966 INFO o.a.j.t.JMeterThread: Thread finished: S2 1-322
2026-10-06 08:16:10,967 INFO o.a.j.t.JMeterThread: Stopping because end time detected by thread: S2 1-321
2026-10-06 08:16:10,967 INFO o.a.j.t.JMeterThread: Thread finished: S2 1-321
2026-10-06 08:16:10,968 INFO o.a.j.t.JMeterThread: Stopping because end time detected by thread: S2 1-226
2026-10-06 08:16:10,968 INFO o.a.j.t.JMeterThread: Stopping because end time detected by thread: S2 1-319
2026-10-06 08:16:10,968 INFO o.a.j.t.JMeterThread: Thread finished: S2 1-226
2026-10-06 08:16:10,968 INFO o.a.j.t.JMeterThread: Thread finished: S2 1-319
2026-10-06 08:16:10,985 INFO o.a.j.t.JMeterThread: Stopping because end time detected by thread: S2 1-467
2026-10-06 08:16:10,986 INFO o.a.j.t.JMeterThread: Thread finished: S2 1-467
2026-10-06 08:16:10,997 INFO o.a.j.t.JMeterThread: Stopping because end time detected by thread: S2 1-155
2026-10-06 08:16:10,997 INFO o.a.j.t.JMeterThread: Thread finished: S2 1-155
2026-10-06 08:16:11,002 INFO o.a.j.t.JMeterThread: Stopping because end time detected by thread: S2 1-109
2026-10-06 08:16:11,002 INFO o.a.j.t.JMeterThread: Thread finished: S2 1-109
2026-10-06 08:16:11,019 INFO o.a.j.t.JMeterThread: Stopping because end time detected by thread: S2 1-464
2026-10-06 08:16:11,019 INFO o.a.j.t.JMeterThread: Thread finished: S2 1-464
2026-10-06 08:16:11,039 INFO o.a.j.t.JMeterThread: Stopping because end time detected by thread: S2 1-465
2026-10-06 08:16:11,039 INFO o.a.j.t.JMeterThread: Thread finished: S2 1-465
2026-10-06 08:16:11,052 INFO o.a.j.t.JMeterThread: Stopping because end time detected by thread: S2 1-320
2026-10-06 08:16:11,052 INFO o.a.j.t.JMeterThread: Thread finished: S2 1-320
2026-10-06 08:16:11,065 INFO o.a.j.t.JMeterThread: Stopping because end time detected by thread: S2 1-225
2026-10-06 08:16:11,065 INFO o.a.j.t.JMeterThread: Thread finished: S2 1-225
2026-10-06 08:16:11,084 INFO o.a.j.t.JMeterThread: Stopping because end time detected by thread: S2 1-227
2026-10-06 08:16:11,084 INFO o.a.j.t.JMeterThread: Thread finished: S2 1-227
2026-10-06 08:16:11,087 INFO o.a.j.t.JMeterThread: Stopping because end time detected by thread: S2 1-466
2026-10-06 08:16:11,088 INFO o.a.j.t.JMeterThread: Thread finished: S2 1-466
2026-10-06 08:16:11,096 INFO o.a.j.t.JMeterThread: Stopping because end time detected by thread: S2 1-6
2026-10-06 08:16:11,096 INFO o.a.j.t.JMeterThread: Thread finished: S2 1-6
2026-10-06 08:16:11,110 INFO o.a.j.t.JMeterThread: Stopping because end time detected by thread: S2 1-15
2026-10-06 08:16:11,110 INFO o.a.j.t.JMeterThread: Thread finished: S2 1-15
2026-10-06 08:16:11,111 INFO o.a.j.t.JMeterThread: Stopping because end time detected by thread: S2 1-323
2026-10-06 08:16:11,112 INFO o.a.j.t.JMeterThread: Thread finished: S2 1-323
2026-10-06 08:16:11,130 INFO o.a.j.t.JMeterThread: Stopping because end time detected by thread: S2 1-468
2026-10-06 08:16:11,130 INFO o.a.j.t.JMeterThread: Thread finished: S2 1-468
2026-10-06 08:16:11,131 INFO o.a.j.t.JMeterThread: Stopping because end time detected by thread: S2 1-16
2026-10-06 08:16:11,131 INFO o.a.j.t.JMeterThread: Thread finished: S2 1-16
2026-10-06 08:16:11,135 INFO o.a.j.t.JMeterThread: Stopping because end time detected by thread: S2 1-469
2026-10-06 08:16:11,135 INFO o.a.j.t.JMeterThread: Thread finished: S2 1-469
2026-10-06 08:16:11,141 INFO o.a.j.t.JMeterThread: Stopping because end time detected by thread: S2 1-228
2026-10-06 08:16:11,141 INFO o.a.j.t.JMeterThread: Thread finished: S2 1-228
2026-10-06 08:16:11,173 INFO o.a.j.t.JMeterThread: Stopping because end time detected by thread: S2 1-470
2026-10-06 08:16:11,173 INFO o.a.j.t.JMeterThread: Thread finished: S2 1-470
2026-10-06 08:16:11,177 INFO o.a.j.t.JMeterThread: Stopping because end time detected by thread: S2 1-324
2026-10-06 08:16:11,177 INFO o.a.j.t.JMeterThread: Thread finished: S2 1-324
2026-10-06 08:16:11,179 INFO o.a.j.t.JMeterThread: Stopping because end time detected by thread: S2 1-156
2026-10-06 08:16:11,179 INFO o.a.j.t.JMeterThread: Thread finished: S2 1-156
2026-10-06 08:16:11,184 INFO o.a.j.t.JMeterThread: Stopping because end time detected by thread: S2 1-79
2026-10-06 08:16:11,184 INFO o.a.j.t.JMeterThread: Thread finished: S2 1-79
2026-10-06 08:16:11,198 INFO o.a.j.t.JMeterThread: Stopping because end time detected by thread: S2 1-325
2026-10-06 08:16:11,198 INFO o.a.j.t.JMeterThread: Thread finished: S2 1-325
2026-10-06 08:16:11,215 INFO o.a.j.t.JMeterThread: Stopping because end time detected by thread: S2 1-471
2026-10-06 08:16:11,215 INFO o.a.j.t.JMeterThread: Thread finished: S2 1-471
2026-10-06 08:16:11,216 INFO o.a.j.t.JMeterThread: Stopping because end time detected by thread: S2 1-229
2026-10-06 08:16:11,216 INFO o.a.j.t.JMeterThread: Thread finished: S2 1-229
2026-10-06 08:16:11,224 INFO o.a.j.t.JMeterThread: Stopping because end time detected by thread: S2 1-157
2026-10-06 08:16:11,224 INFO o.a.j.t.JMeterThread: Thread finished: S2 1-157
2026-10-06 08:16:11,227 INFO o.a.j.t.JMeterThread: Stopping because end time detected by thread: S2 1-327
2026-10-06 08:16:11,227 INFO o.a.j.t.JMeterThread: Thread finished: S2 1-327
2026-10-06 08:16:11,247 INFO o.a.j.t.JMeterThread: Stopping because end time detected by thread: S2 1-52
2026-10-06 08:16:11,247 INFO o.a.j.t.JMeterThread: Thread finished: S2 1-52
2026-10-06 08:16:11,251 INFO o.a.j.t.JMeterThread: Stopping because end time detected by thread: S2 1-474
2026-10-06 08:16:11,251 INFO o.a.j.t.JMeterThread: Thread finished: S2 1-474
2026-10-06 08:16:11,270 INFO o.a.j.t.JMeterThread: Stopping because end time detected by thread: S2 1-158
2026-10-06 08:16:11,270 INFO o.a.j.t.JMeterThread: Thread finished: S2 1-158
2026-10-06 08:16:11,286 INFO o.a.j.t.JMeterThread: Stopping because end time detected by thread: S2 1-80
2026-10-06 08:16:11,287 INFO o.a.j.t.JMeterThread: Thread finished: S2 1-80
2026-10-06 08:16:11,290 INFO o.a.j.t.JMeterThread: Stopping because end time detected by thread: S2 1-475
2026-10-06 08:16:11,290 INFO o.a.j.t.JMeterThread: Thread finished: S2 1-475
2026-10-06 08:16:11,308 INFO o.a.j.t.JMeterThread: Stopping because end time detected by thread: S2 1-472
2026-10-06 08:16:11,308 INFO o.a.j.t.JMeterThread: Thread finished: S2 1-472
2026-10-06 08:16:11,313 INFO o.a.j.t.JMeterThread: Stopping because end time detected by thread: S2 1-111
2026-10-06 08:16:11,313 INFO o.a.j.t.JMeterThread: Thread finished: S2 1-111
2026-10-06 08:16:11,331 INFO o.a.j.t.JMeterThread: Stopping because end time detected by thread: S2 1-110
2026-10-06 08:16:11,331 INFO o.a.j.t.JMeterThread: Thread finished: S2 1-110
2026-10-06 08:16:11,338 INFO o.a.j.t.JMeterThread: Stopping because end time detected by thread: S2 1-473
2026-10-06 08:16:11,338 INFO o.a.j.t.JMeterThread: Thread finished: S2 1-473
2026-10-06 08:16:11,341 INFO o.a.j.t.JMeterThread: Stopping because end time detected by thread: S2 1-326
2026-10-06 08:16:11,341 INFO o.a.j.t.JMeterThread: Thread finished: S2 1-326
2026-10-06 08:16:11,350 INFO o.a.j.t.JMeterThread: Stopping because end time detected by thread: S2 1-160
2026-10-06 08:16:11,350 INFO o.a.j.t.JMeterThread: Thread finished: S2 1-160
2026-10-06 08:16:11,362 INFO o.a.j.t.JMeterThread: Stopping because end time detected by thread: S2 1-476
2026-10-06 08:16:11,363 INFO o.a.j.t.JMeterThread: Thread finished: S2 1-476
2026-10-06 08:16:11,376 INFO o.a.j.t.JMeterThread: Stopping because end time detected by thread: S2 1-481
2026-10-06 08:16:11,376 INFO o.a.j.t.JMeterThread: Stopping because end time detected by thread: S2 1-480
2026-10-06 08:16:11,376 INFO o.a.j.t.JMeterThread: Thread finished: S2 1-481
2026-10-06 08:16:11,376 INFO o.a.j.t.JMeterThread: Thread finished: S2 1-480
2026-10-06 08:16:11,392 INFO o.a.j.t.JMeterThread: Stopping because end time detected by thread: S2 1-482
2026-10-06 08:16:11,392 INFO o.a.j.t.JMeterThread: Thread finished: S2 1-482
2026-10-06 08:16:11,410 INFO o.a.j.t.JMeterThread: Stopping because end time detected by thread: S2 1-479
2026-10-06 08:16:11,410 INFO o.a.j.t.JMeterThread: Thread finished: S2 1-479
2026-10-06 08:16:11,412 INFO o.a.j.t.JMeterThread: Stopping because end time detected by thread: S2 1-328
2026-10-06 08:16:11,412 INFO o.a.j.t.JMeterThread: Thread finished: S2 1-328
2026-10-06 08:16:11,421 INFO o.a.j.t.JMeterThread: Stopping because end time detected by thread: S2 1-230
2026-10-06 08:16:11,421 INFO o.a.j.t.JMeterThread: Thread finished: S2 1-230
2026-10-06 08:16:11,432 INFO o.a.j.t.JMeterThread: Stopping because end time detected by thread: S2 1-477
2026-10-06 08:16:11,432 INFO o.a.j.t.JMeterThread: Stopping because end time detected by thread: S2 1-485
2026-10-06 08:16:11,432 INFO o.a.j.t.JMeterThread: Thread finished: S2 1-485
2026-10-06 08:16:11,432 INFO o.a.j.t.JMeterThread: Thread finished: S2 1-477
2026-10-06 08:16:11,444 INFO o.a.j.t.JMeterThread: Stopping because end time detected by thread: S2 1-478
2026-10-06 08:16:11,444 INFO o.a.j.t.JMeterThread: Thread finished: S2 1-478
2026-10-06 08:16:11,454 INFO o.a.j.t.JMeterThread: Stopping because end time detected by thread: S2 1-329
2026-10-06 08:16:11,455 INFO o.a.j.t.JMeterThread: Thread finished: S2 1-329
2026-10-06 08:16:11,464 INFO o.a.j.t.JMeterThread: Stopping because end time detected by thread: S2 1-159
2026-10-06 08:16:11,464 INFO o.a.j.t.JMeterThread: Thread finished: S2 1-159
2026-10-06 08:16:11,483 INFO o.a.j.t.JMeterThread: Stopping because end time detected by thread: S2 1-232
2026-10-06 08:16:11,483 INFO o.a.j.t.JMeterThread: Thread finished: S2 1-232
2026-10-06 08:16:11,486 INFO o.a.j.t.JMeterThread: Stopping because end time detected by thread: S2 1-231
2026-10-06 08:16:11,487 INFO o.a.j.t.JMeterThread: Thread finished: S2 1-231
2026-10-06 08:16:11,497 INFO o.a.j.t.JMeterThread: Stopping because end time detected by thread: S2 1-483
2026-10-06 08:16:11,497 INFO o.a.j.t.JMeterThread: Thread finished: S2 1-483
2026-10-06 08:16:11,510 INFO o.a.j.t.JMeterThread: Stopping because end time detected by thread: S2 1-486
2026-10-06 08:16:11,510 INFO o.a.j.t.JMeterThread: Thread finished: S2 1-486
2026-10-06 08:16:11,513 INFO o.a.j.t.JMeterThread: Stopping because end time detected by thread: S2 1-332
2026-10-06 08:16:11,513 INFO o.a.j.t.JMeterThread: Thread finished: S2 1-332
2026-10-06 08:16:11,514 INFO o.a.j.t.JMeterThread: Stopping because end time detected by thread: S2 1-487
2026-10-06 08:16:11,515 INFO o.a.j.t.JMeterThread: Thread finished: S2 1-487
2026-10-06 08:16:11,535 INFO o.a.j.t.JMeterThread: Stopping because end time detected by thread: S2 1-330
2026-10-06 08:16:11,535 INFO o.a.j.t.JMeterThread: Thread finished: S2 1-330
2026-10-06 08:16:11,537 INFO o.a.j.t.JMeterThread: Stopping because end time detected by thread: S2 1-488
2026-10-06 08:16:11,537 INFO o.a.j.t.JMeterThread: Thread finished: S2 1-488
2026-10-06 08:16:11,546 INFO o.a.j.t.JMeterThread: Stopping because end time detected by thread: S2 1-489
2026-10-06 08:16:11,546 INFO o.a.j.t.JMeterThread: Thread finished: S2 1-489
2026-10-06 08:16:11,551 INFO o.a.j.t.JMeterThread: Stopping because end time detected by thread: S2 1-491
2026-10-06 08:16:11,551 INFO o.a.j.t.JMeterThread: Thread finished: S2 1-491
2026-10-06 08:16:11,559 INFO o.a.j.t.JMeterThread: Stopping because end time detected by thread: S2 1-484
2026-10-06 08:16:11,559 INFO o.a.j.t.JMeterThread: Thread finished: S2 1-484
2026-10-06 08:16:11,583 INFO o.a.j.t.JMeterThread: Stopping because end time detected by thread: S2 1-492
2026-10-06 08:16:11,583 INFO o.a.j.t.JMeterThread: Thread finished: S2 1-492
2026-10-06 08:16:11,596 INFO o.a.j.t.JMeterThread: Stopping because end time detected by thread: S2 1-490
2026-10-06 08:16:11,596 INFO o.a.j.t.JMeterThread: Thread finished: S2 1-490
2026-10-06 08:16:11,596 INFO o.a.j.e.StandardJMeterEngine: Notifying test listeners of end of test
2026-10-06 08:16:11,597 INFO o.a.j.s.FileServer: Close: /tests/data/available_menu_items.csv
2026-10-06 08:16:11,599 INFO o.a.j.r.Summariser: summary +   1457 in 00:00:12 =  125.6/s Avg:  4302 Min:  3920 Max:  4991 Err:     0 (0.00%) Active: 0 Started: 500 Finished: 500
2026-10-06 08:16:11,600 INFO o.a.j.r.Summariser: summary =   7537 in 00:01:06 =  114.1/s Avg:  4029 Min:    95 Max:  5238 Err:     0 (0.00%)
