2026-10-06 09:07:32,080 INFO o.a.j.u.JMeterUtils: Setting Locale to en_EN
2026-10-06 09:07:32,099 INFO o.a.j.JMeter: Loading user properties from: /opt/jmeter/bin/user.properties
2026-10-06 09:07:32,100 INFO o.a.j.JMeter: Loading system properties from: /opt/jmeter/bin/system.properties
2026-10-06 09:07:32,100 INFO o.a.j.JMeter: Loading additional properties from: /tests/run.properties
2026-10-06 09:07:32,100 INFO o.a.j.JMeter: Loading additional properties from: /tests/data/ranges.properties
2026-10-06 09:07:32,100 INFO o.a.j.JMeter: Setting JMeter property: host=nestjs-nginx
2026-10-06 09:07:32,100 INFO o.a.j.JMeter: Setting JMeter property: port=80
2026-10-06 09:07:32,100 INFO o.a.j.JMeter: Setting JMeter property: rampup=10
2026-10-06 09:07:32,100 INFO o.a.j.JMeter: Setting JMeter property: endpoint=EP3
2026-10-06 09:07:32,100 INFO o.a.j.JMeter: Setting JMeter property: users=1000
2026-10-06 09:07:32,100 INFO o.a.j.JMeter: Setting JMeter property: duration=60
2026-10-06 09:07:32,105 INFO o.a.j.JMeter: Copyright (c) 1998-2024 The Apache Software Foundation
2026-10-06 09:07:32,105 INFO o.a.j.JMeter: Version 5.6.3
2026-10-06 09:07:32,105 INFO o.a.j.JMeter: java.version=21.0.12.1
2026-10-06 09:07:32,105 INFO o.a.j.JMeter: java.vm.name=OpenJDK 64-Bit Server VM
2026-10-06 09:07:32,105 INFO o.a.j.JMeter: os.name=Linux
2026-10-06 09:07:32,105 INFO o.a.j.JMeter: os.arch=amd64
2026-10-06 09:07:32,105 INFO o.a.j.JMeter: os.version=6.6.87.2-microsoft-standard-WSL2
2026-10-06 09:07:32,105 INFO o.a.j.JMeter: file.encoding=UTF-8
2026-10-06 09:07:32,105 INFO o.a.j.JMeter: java.awt.headless=true
2026-10-06 09:07:32,105 INFO o.a.j.JMeter: Max memory     =4294967296
2026-10-06 09:07:32,105 INFO o.a.j.JMeter: Available Processors =12
2026-10-06 09:07:32,112 INFO o.a.j.JMeter: Default Locale=English (EN)
2026-10-06 09:07:32,112 INFO o.a.j.JMeter: JMeter  Locale=English (EN)
2026-10-06 09:07:32,112 INFO o.a.j.JMeter: JMeterHome=/opt/jmeter
2026-10-06 09:07:32,112 INFO o.a.j.JMeter: user.dir  =/tests
2026-10-06 09:07:32,112 INFO o.a.j.JMeter: PWD       =/tests
2026-10-06 09:07:32,113 INFO o.a.j.JMeter: IP: 172.19.0.5 Name: 28180cb7a17c FullName: 28180cb7a17c
2026-10-06 09:07:32,122 INFO o.a.j.s.FileServer: Default base='/tests'
2026-10-06 09:07:32,123 INFO o.a.j.s.FileServer: Set new base='/tests'
2026-10-06 09:07:32,271 INFO o.a.j.s.SaveService: Testplan (JMX) version: 2.2. Testlog (JTL) version: 2.2
2026-10-06 09:07:32,292 INFO o.a.j.s.SaveService: Using SaveService properties version 5.0
2026-10-06 09:07:32,295 INFO o.a.j.s.SaveService: Using SaveService properties file encoding UTF-8
2026-10-06 09:07:32,299 INFO o.a.j.s.SaveService: Loading file: /tests/s2.jmx
2026-10-06 09:07:32,343 INFO o.a.j.p.h.s.HTTPSamplerBase: Parser for text/html is org.apache.jmeter.protocol.http.parser.LagartoBasedHtmlParser
2026-10-06 09:07:32,343 INFO o.a.j.p.h.s.HTTPSamplerBase: Parser for application/xhtml+xml is org.apache.jmeter.protocol.http.parser.LagartoBasedHtmlParser
2026-10-06 09:07:32,343 INFO o.a.j.p.h.s.HTTPSamplerBase: Parser for application/xml is org.apache.jmeter.protocol.http.parser.LagartoBasedHtmlParser
2026-10-06 09:07:32,343 INFO o.a.j.p.h.s.HTTPSamplerBase: Parser for text/xml is org.apache.jmeter.protocol.http.parser.LagartoBasedHtmlParser
2026-10-06 09:07:32,343 INFO o.a.j.p.h.s.HTTPSamplerBase: Parser for text/vnd.wap.wml is org.apache.jmeter.protocol.http.parser.RegexpHTMLParser
2026-10-06 09:07:32,343 INFO o.a.j.p.h.s.HTTPSamplerBase: Parser for text/css is org.apache.jmeter.protocol.http.parser.CssParser
2026-10-06 09:07:32,387 INFO o.a.j.JMeter: Creating summariser <summary>
2026-10-06 09:07:32,400 INFO o.a.j.e.StandardJMeterEngine: Running the test!
2026-10-06 09:07:32,401 INFO o.a.j.s.SampleEvent: List of sample_variables: []
2026-10-06 09:07:32,401 INFO o.a.j.s.SampleEvent: List of sample_variables: []
2026-10-06 09:07:32,405 INFO o.a.j.e.u.CompoundVariable: Note: Function class names must contain the string: '.functions.'
2026-10-06 09:07:32,405 INFO o.a.j.e.u.CompoundVariable: Note: Function class names must not contain the string: '.gui.'
2026-10-06 09:07:32,608 INFO o.a.j.JMeter: Running test (1791277652608)
2026-10-06 09:07:32,609 INFO o.a.j.e.StandardJMeterEngine: Starting setUp thread groups
2026-10-06 09:07:32,609 INFO o.a.j.e.StandardJMeterEngine: Starting setUp ThreadGroup: 1 : setUp - login 
2026-10-06 09:07:32,609 INFO o.a.j.e.StandardJMeterEngine: Starting 1 threads for group setUp - login.
2026-10-06 09:07:32,609 INFO o.a.j.e.StandardJMeterEngine: Test will stop abruptly on error
2026-10-06 09:07:32,609 INFO o.a.j.t.ThreadGroup: Starting thread group... number=1 threads=1 ramp-up=1 delayedStart=false
2026-10-06 09:07:32,612 INFO o.a.j.t.ThreadGroup: Started thread group number 1
2026-10-06 09:07:32,612 INFO o.a.j.e.StandardJMeterEngine: Waiting for all setup thread groups to exit
2026-10-06 09:07:32,613 INFO o.a.j.t.JMeterThread: Thread started: setUp - login 1-1
2026-10-06 09:07:32,624 INFO o.a.j.p.h.s.HTTPHCAbstractImpl: Local host = 28180cb7a17c
2026-10-06 09:07:32,628 INFO o.a.j.p.h.s.HTTPHC4Impl: HTTP request retry count = 0
2026-10-06 09:07:32,629 INFO o.a.j.s.SampleResult: Note: Sample TimeStamps are START times
2026-10-06 09:07:32,629 INFO o.a.j.s.SampleResult: sampleresult.default.encoding is set to UTF-8
2026-10-06 09:07:32,629 INFO o.a.j.s.SampleResult: sampleresult.useNanoTime=true
2026-10-06 09:07:32,629 INFO o.a.j.s.SampleResult: sampleresult.nanoThreadSleep=5000
2026-10-06 09:07:31,694 INFO o.a.j.r.Summariser: summary +      1 in 00:00:00 = ******/s Avg:   276 Min:   276 Max:   276 Err:     0 (0.00%) Active: 1 Started: 1 Finished: 0
2026-10-06 09:07:31,695 INFO o.a.j.t.JMeterThread: Thread is done: setUp - login 1-1
2026-10-06 09:07:31,695 INFO o.a.j.t.JMeterThread: Thread finished: setUp - login 1-1
2026-10-06 09:07:31,696 INFO o.a.j.e.StandardJMeterEngine: All Setup Threads have ended
2026-10-06 09:07:31,719 INFO o.a.j.e.StandardJMeterEngine: Starting ThreadGroup: 1 : S2
2026-10-06 09:07:31,719 INFO o.a.j.e.StandardJMeterEngine: Starting 1000 threads for group S2.
2026-10-06 09:07:31,719 INFO o.a.j.e.StandardJMeterEngine: Thread will continue on error
2026-10-06 09:07:31,719 INFO o.a.j.t.ThreadGroup: Starting thread group... number=1 threads=1000 ramp-up=10 delayedStart=false
2026-10-06 09:07:31,731 INFO o.a.j.t.JMeterThread: Thread started: S2 1-1
2026-10-06 09:07:31,731 INFO o.a.j.s.FileServer: Stored: /tests/data/available_menu_items.csv
2026-10-06 09:07:31,739 INFO o.a.j.t.JMeterThread: Thread started: S2 1-2
2026-10-06 09:07:31,747 INFO o.a.j.t.JMeterThread: Thread started: S2 1-3
2026-10-06 09:07:31,757 INFO o.a.j.t.JMeterThread: Thread started: S2 1-4
2026-10-06 09:07:31,765 INFO o.a.j.t.JMeterThread: Thread started: S2 1-5
2026-10-06 09:07:31,775 INFO o.a.j.t.JMeterThread: Thread started: S2 1-6
2026-10-06 09:07:31,785 INFO o.a.j.t.JMeterThread: Thread started: S2 1-7
2026-10-06 09:07:31,794 INFO o.a.j.t.JMeterThread: Thread started: S2 1-8
2026-10-06 09:07:31,801 INFO o.a.j.t.JMeterThread: Thread started: S2 1-9
2026-10-06 09:07:31,811 INFO o.a.j.t.JMeterThread: Thread started: S2 1-10
2026-10-06 09:07:31,823 INFO o.a.j.t.JMeterThread: Thread started: S2 1-11
2026-10-06 09:07:31,831 INFO o.a.j.t.JMeterThread: Thread started: S2 1-12
2026-10-06 09:07:31,843 INFO o.a.j.t.JMeterThread: Thread started: S2 1-13
2026-10-06 09:07:31,854 INFO o.a.j.t.JMeterThread: Thread started: S2 1-14
2026-10-06 09:07:31,860 INFO o.a.j.t.JMeterThread: Thread started: S2 1-15
2026-10-06 09:07:31,872 INFO o.a.j.t.JMeterThread: Thread started: S2 1-16
2026-10-06 09:07:31,883 INFO o.a.j.t.JMeterThread: Thread started: S2 1-17
2026-10-06 09:07:31,892 INFO o.a.j.t.JMeterThread: Thread started: S2 1-18
2026-10-06 09:07:31,901 INFO o.a.j.t.JMeterThread: Thread started: S2 1-19
2026-10-06 09:07:31,910 INFO o.a.j.t.JMeterThread: Thread started: S2 1-20
2026-10-06 09:07:31,922 INFO o.a.j.t.JMeterThread: Thread started: S2 1-21
2026-10-06 09:07:31,931 INFO o.a.j.t.JMeterThread: Thread started: S2 1-22
2026-10-06 09:07:31,941 INFO o.a.j.t.JMeterThread: Thread started: S2 1-23
2026-10-06 09:07:31,951 INFO o.a.j.t.JMeterThread: Thread started: S2 1-24
2026-10-06 09:07:31,960 INFO o.a.j.t.JMeterThread: Thread started: S2 1-25
2026-10-06 09:07:31,970 INFO o.a.j.t.JMeterThread: Thread started: S2 1-26
2026-10-06 09:07:31,981 INFO o.a.j.t.JMeterThread: Thread started: S2 1-27
2026-10-06 09:07:31,990 INFO o.a.j.t.JMeterThread: Thread started: S2 1-28
2026-10-06 09:07:32,000 INFO o.a.j.t.JMeterThread: Thread started: S2 1-29
2026-10-06 09:07:32,011 INFO o.a.j.t.JMeterThread: Thread started: S2 1-30
2026-10-06 09:07:32,022 INFO o.a.j.t.JMeterThread: Thread started: S2 1-31
2026-10-06 09:07:32,030 INFO o.a.j.t.JMeterThread: Thread started: S2 1-32
2026-10-06 09:07:32,043 INFO o.a.j.t.JMeterThread: Thread started: S2 1-33
2026-10-06 09:07:32,051 INFO o.a.j.t.JMeterThread: Thread started: S2 1-34
2026-10-06 09:07:32,063 INFO o.a.j.t.JMeterThread: Thread started: S2 1-35
2026-10-06 09:07:32,070 INFO o.a.j.t.JMeterThread: Thread started: S2 1-36
2026-10-06 09:07:32,081 INFO o.a.j.t.JMeterThread: Thread started: S2 1-37
2026-10-06 09:07:32,090 INFO o.a.j.t.JMeterThread: Thread started: S2 1-38
2026-10-06 09:07:32,101 INFO o.a.j.t.JMeterThread: Thread started: S2 1-39
2026-10-06 09:07:32,111 INFO o.a.j.t.JMeterThread: Thread started: S2 1-40
2026-10-06 09:07:32,120 INFO o.a.j.t.JMeterThread: Thread started: S2 1-41
2026-10-06 09:07:32,131 INFO o.a.j.t.JMeterThread: Thread started: S2 1-42
2026-10-06 09:07:32,140 INFO o.a.j.t.JMeterThread: Thread started: S2 1-43
2026-10-06 09:07:32,150 INFO o.a.j.t.JMeterThread: Thread started: S2 1-44
2026-10-06 09:07:32,160 INFO o.a.j.t.JMeterThread: Thread started: S2 1-45
2026-10-06 09:07:32,171 INFO o.a.j.t.JMeterThread: Thread started: S2 1-46
2026-10-06 09:07:32,180 INFO o.a.j.t.JMeterThread: Thread started: S2 1-47
2026-10-06 09:07:32,190 INFO o.a.j.t.JMeterThread: Thread started: S2 1-48
2026-10-06 09:07:32,200 INFO o.a.j.t.JMeterThread: Thread started: S2 1-49
2026-10-06 09:07:32,210 INFO o.a.j.t.JMeterThread: Thread started: S2 1-50
2026-10-06 09:07:32,220 INFO o.a.j.t.JMeterThread: Thread started: S2 1-51
2026-10-06 09:07:32,230 INFO o.a.j.t.JMeterThread: Thread started: S2 1-52
2026-10-06 09:07:32,240 INFO o.a.j.t.JMeterThread: Thread started: S2 1-53
2026-10-06 09:07:32,251 INFO o.a.j.t.JMeterThread: Thread started: S2 1-54
2026-10-06 09:07:32,255 INFO o.a.j.t.ThreadGroup: Started thread group number 1
2026-10-06 09:07:32,255 INFO o.a.j.e.StandardJMeterEngine: All thread groups have been started
2026-10-06 09:07:32,260 INFO o.a.j.t.JMeterThread: Thread started: S2 1-55
2026-10-06 09:07:32,270 INFO o.a.j.t.JMeterThread: Thread started: S2 1-56
2026-10-06 09:07:32,281 INFO o.a.j.t.JMeterThread: Thread started: S2 1-57
2026-10-06 09:07:32,290 INFO o.a.j.t.JMeterThread: Thread started: S2 1-58
2026-10-06 09:07:32,300 INFO o.a.j.t.JMeterThread: Thread started: S2 1-59
2026-10-06 09:07:32,310 INFO o.a.j.t.JMeterThread: Thread started: S2 1-60
2026-10-06 09:07:32,320 INFO o.a.j.t.JMeterThread: Thread started: S2 1-61
2026-10-06 09:07:32,331 INFO o.a.j.t.JMeterThread: Thread started: S2 1-62
2026-10-06 09:07:32,340 INFO o.a.j.t.JMeterThread: Thread started: S2 1-63
2026-10-06 09:07:32,350 INFO o.a.j.t.JMeterThread: Thread started: S2 1-64
2026-10-06 09:07:32,360 INFO o.a.j.t.JMeterThread: Thread started: S2 1-65
2026-10-06 09:07:32,371 INFO o.a.j.t.JMeterThread: Thread started: S2 1-66
2026-10-06 09:07:32,380 INFO o.a.j.t.JMeterThread: Thread started: S2 1-67
2026-10-06 09:07:32,390 INFO o.a.j.t.JMeterThread: Thread started: S2 1-68
2026-10-06 09:07:32,400 INFO o.a.j.t.JMeterThread: Thread started: S2 1-69
2026-10-06 09:07:32,410 INFO o.a.j.t.JMeterThread: Thread started: S2 1-70
2026-10-06 09:07:32,420 INFO o.a.j.t.JMeterThread: Thread started: S2 1-71
2026-10-06 09:07:32,431 INFO o.a.j.t.JMeterThread: Thread started: S2 1-72
2026-10-06 09:07:32,440 INFO o.a.j.t.JMeterThread: Thread started: S2 1-73
2026-10-06 09:07:32,450 INFO o.a.j.t.JMeterThread: Thread started: S2 1-74
2026-10-06 09:07:32,460 INFO o.a.j.t.JMeterThread: Thread started: S2 1-75
2026-10-06 09:07:32,471 INFO o.a.j.t.JMeterThread: Thread started: S2 1-76
2026-10-06 09:07:32,480 INFO o.a.j.t.JMeterThread: Thread started: S2 1-77
2026-10-06 09:07:32,490 INFO o.a.j.t.JMeterThread: Thread started: S2 1-78
2026-10-06 09:07:32,520 INFO o.a.j.t.JMeterThread: Thread started: S2 1-79
2026-10-06 09:07:32,520 INFO o.a.j.t.JMeterThread: Thread started: S2 1-80
2026-10-06 09:07:32,520 INFO o.a.j.t.JMeterThread: Thread started: S2 1-81
2026-10-06 09:07:32,530 INFO o.a.j.t.JMeterThread: Thread started: S2 1-82
2026-10-06 09:07:32,540 INFO o.a.j.t.JMeterThread: Thread started: S2 1-83
2026-10-06 09:07:32,550 INFO o.a.j.t.JMeterThread: Thread started: S2 1-84
2026-10-06 09:07:32,560 INFO o.a.j.t.JMeterThread: Thread started: S2 1-85
2026-10-06 09:07:32,570 INFO o.a.j.t.JMeterThread: Thread started: S2 1-86
2026-10-06 09:07:32,581 INFO o.a.j.t.JMeterThread: Thread started: S2 1-87
2026-10-06 09:07:32,590 INFO o.a.j.t.JMeterThread: Thread started: S2 1-88
2026-10-06 09:07:32,601 INFO o.a.j.t.JMeterThread: Thread started: S2 1-89
2026-10-06 09:07:32,610 INFO o.a.j.t.JMeterThread: Thread started: S2 1-90
2026-10-06 09:07:32,620 INFO o.a.j.t.JMeterThread: Thread started: S2 1-91
2026-10-06 09:07:32,630 INFO o.a.j.t.JMeterThread: Thread started: S2 1-92
2026-10-06 09:07:32,640 INFO o.a.j.t.JMeterThread: Thread started: S2 1-93
2026-10-06 09:07:32,650 INFO o.a.j.t.JMeterThread: Thread started: S2 1-94
2026-10-06 09:07:32,660 INFO o.a.j.t.JMeterThread: Thread started: S2 1-95
2026-10-06 09:07:32,671 INFO o.a.j.t.JMeterThread: Thread started: S2 1-96
2026-10-06 09:07:32,680 INFO o.a.j.t.JMeterThread: Thread started: S2 1-97
2026-10-06 09:07:32,691 INFO o.a.j.t.JMeterThread: Thread started: S2 1-98
2026-10-06 09:07:32,700 INFO o.a.j.t.JMeterThread: Thread started: S2 1-99
2026-10-06 09:07:32,710 INFO o.a.j.t.JMeterThread: Thread started: S2 1-100
2026-10-06 09:07:32,720 INFO o.a.j.t.JMeterThread: Thread started: S2 1-101
2026-10-06 09:07:32,730 INFO o.a.j.t.JMeterThread: Thread started: S2 1-102
2026-10-06 09:07:32,740 INFO o.a.j.t.JMeterThread: Thread started: S2 1-103
2026-10-06 09:07:32,750 INFO o.a.j.t.JMeterThread: Thread started: S2 1-104
2026-10-06 09:07:32,760 INFO o.a.j.t.JMeterThread: Thread started: S2 1-105
2026-10-06 09:07:32,770 INFO o.a.j.t.JMeterThread: Thread started: S2 1-106
2026-10-06 09:07:32,780 INFO o.a.j.t.JMeterThread: Thread started: S2 1-107
2026-10-06 09:07:32,790 INFO o.a.j.t.JMeterThread: Thread started: S2 1-108
2026-10-06 09:07:32,801 INFO o.a.j.t.JMeterThread: Thread started: S2 1-109
2026-10-06 09:07:32,810 INFO o.a.j.t.JMeterThread: Thread started: S2 1-110
2026-10-06 09:07:32,821 INFO o.a.j.t.JMeterThread: Thread started: S2 1-111
2026-10-06 09:07:32,830 INFO o.a.j.t.JMeterThread: Thread started: S2 1-112
2026-10-06 09:07:32,839 INFO o.a.j.t.JMeterThread: Thread started: S2 1-113
2026-10-06 09:07:32,850 INFO o.a.j.t.JMeterThread: Thread started: S2 1-114
2026-10-06 09:07:32,859 INFO o.a.j.t.JMeterThread: Thread started: S2 1-115
2026-10-06 09:07:32,870 INFO o.a.j.t.JMeterThread: Thread started: S2 1-116
2026-10-06 09:07:32,879 INFO o.a.j.t.JMeterThread: Thread started: S2 1-117
2026-10-06 09:07:32,890 INFO o.a.j.t.JMeterThread: Thread started: S2 1-118
2026-10-06 09:07:32,899 INFO o.a.j.t.JMeterThread: Thread started: S2 1-119
2026-10-06 09:07:32,911 INFO o.a.j.t.JMeterThread: Thread started: S2 1-120
2026-10-06 09:07:32,919 INFO o.a.j.t.JMeterThread: Thread started: S2 1-121
2026-10-06 09:07:32,931 INFO o.a.j.t.JMeterThread: Thread started: S2 1-122
2026-10-06 09:07:32,940 INFO o.a.j.t.JMeterThread: Thread started: S2 1-123
2026-10-06 09:07:32,950 INFO o.a.j.t.JMeterThread: Thread started: S2 1-124
2026-10-06 09:07:32,960 INFO o.a.j.t.JMeterThread: Thread started: S2 1-125
2026-10-06 09:07:32,971 INFO o.a.j.t.JMeterThread: Thread started: S2 1-126
2026-10-06 09:07:32,980 INFO o.a.j.t.JMeterThread: Thread started: S2 1-127
2026-10-06 09:07:32,989 INFO o.a.j.t.JMeterThread: Thread started: S2 1-128
2026-10-06 09:07:33,000 INFO o.a.j.t.JMeterThread: Thread started: S2 1-129
2026-10-06 09:07:33,009 INFO o.a.j.t.JMeterThread: Thread started: S2 1-130
2026-10-06 09:07:33,021 INFO o.a.j.t.JMeterThread: Thread started: S2 1-131
2026-10-06 09:07:33,030 INFO o.a.j.t.JMeterThread: Thread started: S2 1-132
2026-10-06 09:07:33,043 INFO o.a.j.t.JMeterThread: Thread started: S2 1-133
2026-10-06 09:07:33,053 INFO o.a.j.t.JMeterThread: Thread started: S2 1-134
2026-10-06 09:07:33,060 INFO o.a.j.t.JMeterThread: Thread started: S2 1-135
2026-10-06 09:07:33,071 INFO o.a.j.t.JMeterThread: Thread started: S2 1-136
2026-10-06 09:07:33,080 INFO o.a.j.t.JMeterThread: Thread started: S2 1-137
2026-10-06 09:07:33,090 INFO o.a.j.t.JMeterThread: Thread started: S2 1-138
2026-10-06 09:07:33,100 INFO o.a.j.t.JMeterThread: Thread started: S2 1-139
2026-10-06 09:07:33,111 INFO o.a.j.t.JMeterThread: Thread started: S2 1-140
2026-10-06 09:07:33,119 INFO o.a.j.t.JMeterThread: Thread started: S2 1-141
2026-10-06 09:07:33,130 INFO o.a.j.t.JMeterThread: Thread started: S2 1-142
2026-10-06 09:07:33,140 INFO o.a.j.t.JMeterThread: Thread started: S2 1-143
2026-10-06 09:07:33,150 INFO o.a.j.t.JMeterThread: Thread started: S2 1-144
2026-10-06 09:07:33,160 INFO o.a.j.t.JMeterThread: Thread started: S2 1-145
2026-10-06 09:07:33,170 INFO o.a.j.t.JMeterThread: Thread started: S2 1-146
2026-10-06 09:07:33,180 INFO o.a.j.t.JMeterThread: Thread started: S2 1-147
2026-10-06 09:07:33,191 INFO o.a.j.t.JMeterThread: Thread started: S2 1-148
2026-10-06 09:07:33,199 INFO o.a.j.t.JMeterThread: Thread started: S2 1-149
2026-10-06 09:07:33,210 INFO o.a.j.t.JMeterThread: Thread started: S2 1-150
2026-10-06 09:07:33,219 INFO o.a.j.t.JMeterThread: Thread started: S2 1-151
2026-10-06 09:07:33,231 INFO o.a.j.t.JMeterThread: Thread started: S2 1-152
2026-10-06 09:07:33,240 INFO o.a.j.t.JMeterThread: Thread started: S2 1-153
2026-10-06 09:07:33,251 INFO o.a.j.t.JMeterThread: Thread started: S2 1-154
2026-10-06 09:07:33,260 INFO o.a.j.t.JMeterThread: Thread started: S2 1-155
2026-10-06 09:07:33,271 INFO o.a.j.t.JMeterThread: Thread started: S2 1-156
2026-10-06 09:07:33,280 INFO o.a.j.t.JMeterThread: Thread started: S2 1-157
2026-10-06 09:07:33,291 INFO o.a.j.t.JMeterThread: Thread started: S2 1-158
2026-10-06 09:07:33,300 INFO o.a.j.t.JMeterThread: Thread started: S2 1-159
2026-10-06 09:07:33,311 INFO o.a.j.t.JMeterThread: Thread started: S2 1-160
2026-10-06 09:07:33,320 INFO o.a.j.t.JMeterThread: Thread started: S2 1-161
2026-10-06 09:07:33,331 INFO o.a.j.t.JMeterThread: Thread started: S2 1-162
2026-10-06 09:07:33,341 INFO o.a.j.t.JMeterThread: Thread started: S2 1-163
2026-10-06 09:07:33,349 INFO o.a.j.t.JMeterThread: Thread started: S2 1-164
2026-10-06 09:07:33,360 INFO o.a.j.t.JMeterThread: Thread started: S2 1-165
2026-10-06 09:07:33,370 INFO o.a.j.t.JMeterThread: Thread started: S2 1-166
2026-10-06 09:07:33,380 INFO o.a.j.t.JMeterThread: Thread started: S2 1-167
2026-10-06 09:07:33,389 INFO o.a.j.t.JMeterThread: Thread started: S2 1-168
2026-10-06 09:07:33,400 INFO o.a.j.t.JMeterThread: Thread started: S2 1-169
2026-10-06 09:07:33,410 INFO o.a.j.t.JMeterThread: Thread started: S2 1-170
2026-10-06 09:07:33,420 INFO o.a.j.t.JMeterThread: Thread started: S2 1-171
2026-10-06 09:07:33,430 INFO o.a.j.t.JMeterThread: Thread started: S2 1-172
2026-10-06 09:07:33,440 INFO o.a.j.t.JMeterThread: Thread started: S2 1-173
2026-10-06 09:07:33,450 INFO o.a.j.t.JMeterThread: Thread started: S2 1-174
2026-10-06 09:07:33,461 INFO o.a.j.t.JMeterThread: Thread started: S2 1-175
2026-10-06 09:07:33,470 INFO o.a.j.t.JMeterThread: Thread started: S2 1-176
2026-10-06 09:07:33,481 INFO o.a.j.t.JMeterThread: Thread started: S2 1-177
2026-10-06 09:07:33,491 INFO o.a.j.t.JMeterThread: Thread started: S2 1-178
2026-10-06 09:07:33,500 INFO o.a.j.t.JMeterThread: Thread started: S2 1-179
2026-10-06 09:07:33,511 INFO o.a.j.t.JMeterThread: Thread started: S2 1-180
2026-10-06 09:07:33,519 INFO o.a.j.t.JMeterThread: Thread started: S2 1-181
2026-10-06 09:07:33,530 INFO o.a.j.t.JMeterThread: Thread started: S2 1-182
2026-10-06 09:07:33,539 INFO o.a.j.t.JMeterThread: Thread started: S2 1-183
2026-10-06 09:07:33,551 INFO o.a.j.t.JMeterThread: Thread started: S2 1-184
2026-10-06 09:07:33,560 INFO o.a.j.t.JMeterThread: Thread started: S2 1-185
2026-10-06 09:07:33,571 INFO o.a.j.t.JMeterThread: Thread started: S2 1-186
2026-10-06 09:07:33,580 INFO o.a.j.t.JMeterThread: Thread started: S2 1-187
2026-10-06 09:07:33,591 INFO o.a.j.t.JMeterThread: Thread started: S2 1-188
2026-10-06 09:07:33,600 INFO o.a.j.t.JMeterThread: Thread started: S2 1-189
2026-10-06 09:07:33,610 INFO o.a.j.t.JMeterThread: Thread started: S2 1-190
2026-10-06 09:07:33,621 INFO o.a.j.t.JMeterThread: Thread started: S2 1-191
2026-10-06 09:07:33,631 INFO o.a.j.t.JMeterThread: Thread started: S2 1-192
2026-10-06 09:07:33,641 INFO o.a.j.t.JMeterThread: Thread started: S2 1-193
2026-10-06 09:07:33,650 INFO o.a.j.t.JMeterThread: Thread started: S2 1-194
2026-10-06 09:07:33,660 INFO o.a.j.t.JMeterThread: Thread started: S2 1-195
2026-10-06 09:07:33,670 INFO o.a.j.t.JMeterThread: Thread started: S2 1-196
2026-10-06 09:07:33,679 INFO o.a.j.t.JMeterThread: Thread started: S2 1-197
2026-10-06 09:07:33,690 INFO o.a.j.t.JMeterThread: Thread started: S2 1-198
2026-10-06 09:07:33,700 INFO o.a.j.t.JMeterThread: Thread started: S2 1-199
2026-10-06 09:07:33,710 INFO o.a.j.t.JMeterThread: Thread started: S2 1-200
2026-10-06 09:07:33,728 INFO o.a.j.t.JMeterThread: Thread started: S2 1-201
2026-10-06 09:07:33,737 INFO o.a.j.t.JMeterThread: Thread started: S2 1-202
2026-10-06 09:07:33,742 INFO o.a.j.t.JMeterThread: Thread started: S2 1-203
2026-10-06 09:07:33,750 INFO o.a.j.t.JMeterThread: Thread started: S2 1-204
2026-10-06 09:07:33,761 INFO o.a.j.t.JMeterThread: Thread started: S2 1-205
2026-10-06 09:07:33,770 INFO o.a.j.t.JMeterThread: Thread started: S2 1-206
2026-10-06 09:07:33,780 INFO o.a.j.t.JMeterThread: Thread started: S2 1-207
2026-10-06 09:07:33,790 INFO o.a.j.t.JMeterThread: Thread started: S2 1-208
2026-10-06 09:07:33,800 INFO o.a.j.t.JMeterThread: Thread started: S2 1-209
2026-10-06 09:07:33,810 INFO o.a.j.t.JMeterThread: Thread started: S2 1-210
2026-10-06 09:07:33,819 INFO o.a.j.t.JMeterThread: Thread started: S2 1-211
2026-10-06 09:07:33,832 INFO o.a.j.t.JMeterThread: Thread started: S2 1-212
2026-10-06 09:07:33,843 INFO o.a.j.t.JMeterThread: Thread started: S2 1-213
2026-10-06 09:07:33,851 INFO o.a.j.t.JMeterThread: Thread started: S2 1-214
2026-10-06 09:07:33,861 INFO o.a.j.t.JMeterThread: Thread started: S2 1-215
2026-10-06 09:07:33,875 INFO o.a.j.t.JMeterThread: Thread started: S2 1-216
2026-10-06 09:07:33,882 INFO o.a.j.t.JMeterThread: Thread started: S2 1-217
2026-10-06 09:07:33,895 INFO o.a.j.t.JMeterThread: Thread started: S2 1-218
2026-10-06 09:07:33,902 INFO o.a.j.t.JMeterThread: Thread started: S2 1-219
2026-10-06 09:07:33,910 INFO o.a.j.t.JMeterThread: Thread started: S2 1-220
2026-10-06 09:07:33,931 INFO o.a.j.t.JMeterThread: Thread started: S2 1-221
2026-10-06 09:07:33,934 INFO o.a.j.t.JMeterThread: Thread started: S2 1-222
2026-10-06 09:07:33,945 INFO o.a.j.t.JMeterThread: Thread started: S2 1-223
2026-10-06 09:07:33,951 INFO o.a.j.t.JMeterThread: Thread started: S2 1-224
2026-10-06 09:07:33,966 INFO o.a.j.t.JMeterThread: Thread started: S2 1-225
2026-10-06 09:07:33,971 INFO o.a.j.t.JMeterThread: Thread started: S2 1-226
2026-10-06 09:07:33,981 INFO o.a.j.t.JMeterThread: Thread started: S2 1-227
2026-10-06 09:07:33,990 INFO o.a.j.t.JMeterThread: Thread started: S2 1-228
2026-10-06 09:07:34,000 INFO o.a.j.t.JMeterThread: Thread started: S2 1-229
2026-10-06 09:07:34,011 INFO o.a.j.t.JMeterThread: Thread started: S2 1-230
2026-10-06 09:07:34,019 INFO o.a.j.t.JMeterThread: Thread started: S2 1-231
2026-10-06 09:07:34,033 INFO o.a.j.t.JMeterThread: Thread started: S2 1-232
2026-10-06 09:07:34,041 INFO o.a.j.t.JMeterThread: Thread started: S2 1-233
2026-10-06 09:07:34,049 INFO o.a.j.t.JMeterThread: Thread started: S2 1-234
2026-10-06 09:07:34,060 INFO o.a.j.t.JMeterThread: Thread started: S2 1-235
2026-10-06 09:07:34,071 INFO o.a.j.t.JMeterThread: Thread started: S2 1-236
2026-10-06 09:07:34,080 INFO o.a.j.t.JMeterThread: Thread started: S2 1-237
2026-10-06 09:07:34,089 INFO o.a.j.t.JMeterThread: Thread started: S2 1-238
2026-10-06 09:07:34,102 INFO o.a.j.t.JMeterThread: Thread started: S2 1-239
2026-10-06 09:07:34,110 INFO o.a.j.t.JMeterThread: Thread started: S2 1-240
2026-10-06 09:07:34,120 INFO o.a.j.t.JMeterThread: Thread started: S2 1-241
2026-10-06 09:07:34,131 INFO o.a.j.t.JMeterThread: Thread started: S2 1-242
2026-10-06 09:07:34,141 INFO o.a.j.t.JMeterThread: Thread started: S2 1-243
2026-10-06 09:07:34,150 INFO o.a.j.t.JMeterThread: Thread started: S2 1-244
2026-10-06 09:07:34,161 INFO o.a.j.t.JMeterThread: Thread started: S2 1-245
2026-10-06 09:07:34,170 INFO o.a.j.t.JMeterThread: Thread started: S2 1-246
2026-10-06 09:07:34,180 INFO o.a.j.t.JMeterThread: Thread started: S2 1-247
2026-10-06 09:07:34,190 INFO o.a.j.t.JMeterThread: Thread started: S2 1-248
2026-10-06 09:07:34,201 INFO o.a.j.t.JMeterThread: Thread started: S2 1-249
2026-10-06 09:07:34,210 INFO o.a.j.t.JMeterThread: Thread started: S2 1-250
2026-10-06 09:07:34,220 INFO o.a.j.t.JMeterThread: Thread started: S2 1-251
2026-10-06 09:07:34,231 INFO o.a.j.t.JMeterThread: Thread started: S2 1-252
2026-10-06 09:07:34,239 INFO o.a.j.t.JMeterThread: Thread started: S2 1-253
2026-10-06 09:07:34,251 INFO o.a.j.t.JMeterThread: Thread started: S2 1-254
2026-10-06 09:07:34,260 INFO o.a.j.t.JMeterThread: Thread started: S2 1-255
2026-10-06 09:07:34,271 INFO o.a.j.t.JMeterThread: Thread started: S2 1-256
2026-10-06 09:07:34,279 INFO o.a.j.t.JMeterThread: Thread started: S2 1-257
2026-10-06 09:07:34,290 INFO o.a.j.t.JMeterThread: Thread started: S2 1-258
2026-10-06 09:07:34,299 INFO o.a.j.t.JMeterThread: Thread started: S2 1-259
2026-10-06 09:07:34,310 INFO o.a.j.t.JMeterThread: Thread started: S2 1-260
2026-10-06 09:07:34,320 INFO o.a.j.t.JMeterThread: Thread started: S2 1-261
2026-10-06 09:07:34,330 INFO o.a.j.t.JMeterThread: Thread started: S2 1-262
2026-10-06 09:07:34,341 INFO o.a.j.t.JMeterThread: Thread started: S2 1-263
2026-10-06 09:07:34,351 INFO o.a.j.t.JMeterThread: Thread started: S2 1-264
2026-10-06 09:07:34,360 INFO o.a.j.t.JMeterThread: Thread started: S2 1-265
2026-10-06 09:07:34,369 INFO o.a.j.t.JMeterThread: Thread started: S2 1-266
2026-10-06 09:07:34,381 INFO o.a.j.t.JMeterThread: Thread started: S2 1-267
2026-10-06 09:07:34,391 INFO o.a.j.t.JMeterThread: Thread started: S2 1-268
2026-10-06 09:07:34,401 INFO o.a.j.t.JMeterThread: Thread started: S2 1-269
2026-10-06 09:07:34,410 INFO o.a.j.t.JMeterThread: Thread started: S2 1-270
2026-10-06 09:07:34,421 INFO o.a.j.t.JMeterThread: Thread started: S2 1-271
2026-10-06 09:07:34,430 INFO o.a.j.t.JMeterThread: Thread started: S2 1-272
2026-10-06 09:07:34,441 INFO o.a.j.t.JMeterThread: Thread started: S2 1-273
2026-10-06 09:07:34,450 INFO o.a.j.t.JMeterThread: Thread started: S2 1-274
2026-10-06 09:07:34,459 INFO o.a.j.t.JMeterThread: Thread started: S2 1-275
2026-10-06 09:07:34,471 INFO o.a.j.t.JMeterThread: Thread started: S2 1-276
2026-10-06 09:07:34,481 INFO o.a.j.t.JMeterThread: Thread started: S2 1-277
2026-10-06 09:07:34,489 INFO o.a.j.t.JMeterThread: Thread started: S2 1-278
2026-10-06 09:07:34,501 INFO o.a.j.t.JMeterThread: Thread started: S2 1-279
2026-10-06 09:07:34,510 INFO o.a.j.t.JMeterThread: Thread started: S2 1-280
2026-10-06 09:07:34,520 INFO o.a.j.t.JMeterThread: Thread started: S2 1-281
2026-10-06 09:07:34,529 INFO o.a.j.t.JMeterThread: Thread started: S2 1-282
2026-10-06 09:07:34,540 INFO o.a.j.t.JMeterThread: Thread started: S2 1-283
2026-10-06 09:07:34,551 INFO o.a.j.t.JMeterThread: Thread started: S2 1-284
2026-10-06 09:07:34,559 INFO o.a.j.t.JMeterThread: Thread started: S2 1-285
2026-10-06 09:07:34,570 INFO o.a.j.t.JMeterThread: Thread started: S2 1-286
2026-10-06 09:07:34,581 INFO o.a.j.t.JMeterThread: Thread started: S2 1-287
2026-10-06 09:07:34,589 INFO o.a.j.t.JMeterThread: Thread started: S2 1-288
2026-10-06 09:07:34,600 INFO o.a.j.t.JMeterThread: Thread started: S2 1-289
2026-10-06 09:07:34,610 INFO o.a.j.t.JMeterThread: Thread started: S2 1-290
2026-10-06 09:07:34,620 INFO o.a.j.t.JMeterThread: Thread started: S2 1-291
2026-10-06 09:07:34,631 INFO o.a.j.t.JMeterThread: Thread started: S2 1-292
2026-10-06 09:07:34,640 INFO o.a.j.t.JMeterThread: Thread started: S2 1-293
2026-10-06 09:07:34,649 INFO o.a.j.t.JMeterThread: Thread started: S2 1-294
2026-10-06 09:07:34,661 INFO o.a.j.t.JMeterThread: Thread started: S2 1-295
2026-10-06 09:07:34,669 INFO o.a.j.t.JMeterThread: Thread started: S2 1-296
2026-10-06 09:07:34,680 INFO o.a.j.t.JMeterThread: Thread started: S2 1-297
2026-10-06 09:07:34,691 INFO o.a.j.t.JMeterThread: Thread started: S2 1-298
2026-10-06 09:07:34,700 INFO o.a.j.t.JMeterThread: Thread started: S2 1-299
2026-10-06 09:07:34,711 INFO o.a.j.t.JMeterThread: Thread started: S2 1-300
2026-10-06 09:07:34,719 INFO o.a.j.t.JMeterThread: Thread started: S2 1-301
2026-10-06 09:07:34,731 INFO o.a.j.t.JMeterThread: Thread started: S2 1-302
2026-10-06 09:07:34,739 INFO o.a.j.t.JMeterThread: Thread started: S2 1-303
2026-10-06 09:07:34,750 INFO o.a.j.t.JMeterThread: Thread started: S2 1-304
2026-10-06 09:07:34,760 INFO o.a.j.t.JMeterThread: Thread started: S2 1-305
2026-10-06 09:07:34,770 INFO o.a.j.t.JMeterThread: Thread started: S2 1-306
2026-10-06 09:07:34,781 INFO o.a.j.t.JMeterThread: Thread started: S2 1-307
2026-10-06 09:07:34,789 INFO o.a.j.t.JMeterThread: Thread started: S2 1-308
2026-10-06 09:07:34,801 INFO o.a.j.t.JMeterThread: Thread started: S2 1-309
2026-10-06 09:07:34,810 INFO o.a.j.t.JMeterThread: Thread started: S2 1-310
2026-10-06 09:07:34,820 INFO o.a.j.t.JMeterThread: Thread started: S2 1-311
2026-10-06 09:07:34,831 INFO o.a.j.t.JMeterThread: Thread started: S2 1-312
2026-10-06 09:07:34,841 INFO o.a.j.t.JMeterThread: Thread started: S2 1-313
2026-10-06 09:07:34,851 INFO o.a.j.t.JMeterThread: Thread started: S2 1-314
2026-10-06 09:07:34,859 INFO o.a.j.t.JMeterThread: Thread started: S2 1-315
2026-10-06 09:07:34,870 INFO o.a.j.t.JMeterThread: Thread started: S2 1-316
2026-10-06 09:07:34,881 INFO o.a.j.t.JMeterThread: Thread started: S2 1-317
2026-10-06 09:07:34,890 INFO o.a.j.t.JMeterThread: Thread started: S2 1-318
2026-10-06 09:07:34,900 INFO o.a.j.t.JMeterThread: Thread started: S2 1-319
2026-10-06 09:07:34,909 INFO o.a.j.t.JMeterThread: Thread started: S2 1-320
2026-10-06 09:07:34,921 INFO o.a.j.t.JMeterThread: Thread started: S2 1-321
2026-10-06 09:07:34,929 INFO o.a.j.t.JMeterThread: Thread started: S2 1-322
2026-10-06 09:07:34,940 INFO o.a.j.t.JMeterThread: Thread started: S2 1-323
2026-10-06 09:07:34,950 INFO o.a.j.t.JMeterThread: Thread started: S2 1-324
2026-10-06 09:07:34,959 INFO o.a.j.t.JMeterThread: Thread started: S2 1-325
2026-10-06 09:07:34,970 INFO o.a.j.t.JMeterThread: Thread started: S2 1-326
2026-10-06 09:07:34,979 INFO o.a.j.t.JMeterThread: Thread started: S2 1-327
2026-10-06 09:07:34,990 INFO o.a.j.t.JMeterThread: Thread started: S2 1-328
2026-10-06 09:07:35,000 INFO o.a.j.t.JMeterThread: Thread started: S2 1-329
2026-10-06 09:07:35,009 INFO o.a.j.t.JMeterThread: Thread started: S2 1-330
2026-10-06 09:07:35,021 INFO o.a.j.t.JMeterThread: Thread started: S2 1-331
2026-10-06 09:07:35,029 INFO o.a.j.t.JMeterThread: Thread started: S2 1-332
2026-10-06 09:07:35,040 INFO o.a.j.t.JMeterThread: Thread started: S2 1-333
2026-10-06 09:07:35,050 INFO o.a.j.t.JMeterThread: Thread started: S2 1-334
2026-10-06 09:07:35,060 INFO o.a.j.t.JMeterThread: Thread started: S2 1-335
2026-10-06 09:07:35,071 INFO o.a.j.t.JMeterThread: Thread started: S2 1-336
2026-10-06 09:07:35,081 INFO o.a.j.t.JMeterThread: Thread started: S2 1-337
2026-10-06 09:07:35,090 INFO o.a.j.t.JMeterThread: Thread started: S2 1-338
2026-10-06 09:07:35,100 INFO o.a.j.t.JMeterThread: Thread started: S2 1-339
2026-10-06 09:07:35,111 INFO o.a.j.t.JMeterThread: Thread started: S2 1-340
2026-10-06 09:07:35,119 INFO o.a.j.t.JMeterThread: Thread started: S2 1-341
2026-10-06 09:07:35,131 INFO o.a.j.t.JMeterThread: Thread started: S2 1-342
2026-10-06 09:07:35,139 INFO o.a.j.t.JMeterThread: Thread started: S2 1-343
2026-10-06 09:07:35,151 INFO o.a.j.t.JMeterThread: Thread started: S2 1-344
2026-10-06 09:07:35,159 INFO o.a.j.t.JMeterThread: Thread started: S2 1-345
2026-10-06 09:07:35,171 INFO o.a.j.t.JMeterThread: Thread started: S2 1-346
2026-10-06 09:07:35,179 INFO o.a.j.t.JMeterThread: Thread started: S2 1-347
2026-10-06 09:07:35,190 INFO o.a.j.t.JMeterThread: Thread started: S2 1-348
2026-10-06 09:07:35,201 INFO o.a.j.t.JMeterThread: Thread started: S2 1-349
2026-10-06 09:07:35,209 INFO o.a.j.t.JMeterThread: Thread started: S2 1-350
2026-10-06 09:07:35,220 INFO o.a.j.t.JMeterThread: Thread started: S2 1-351
2026-10-06 09:07:35,230 INFO o.a.j.t.JMeterThread: Thread started: S2 1-352
2026-10-06 09:07:35,240 INFO o.a.j.t.JMeterThread: Thread started: S2 1-353
2026-10-06 09:07:35,251 INFO o.a.j.t.JMeterThread: Thread started: S2 1-354
2026-10-06 09:07:35,259 INFO o.a.j.t.JMeterThread: Thread started: S2 1-355
2026-10-06 09:07:35,270 INFO o.a.j.t.JMeterThread: Thread started: S2 1-356
2026-10-06 09:07:35,281 INFO o.a.j.t.JMeterThread: Thread started: S2 1-357
2026-10-06 09:07:35,289 INFO o.a.j.t.JMeterThread: Thread started: S2 1-358
2026-10-06 09:07:35,301 INFO o.a.j.t.JMeterThread: Thread started: S2 1-359
2026-10-06 09:07:35,309 INFO o.a.j.t.JMeterThread: Thread started: S2 1-360
2026-10-06 09:07:35,321 INFO o.a.j.t.JMeterThread: Thread started: S2 1-361
2026-10-06 09:07:35,331 INFO o.a.j.t.JMeterThread: Thread started: S2 1-362
2026-10-06 09:07:35,340 INFO o.a.j.t.JMeterThread: Thread started: S2 1-363
2026-10-06 09:07:35,351 INFO o.a.j.t.JMeterThread: Thread started: S2 1-364
2026-10-06 09:07:35,359 INFO o.a.j.t.JMeterThread: Thread started: S2 1-365
2026-10-06 09:07:35,370 INFO o.a.j.t.JMeterThread: Thread started: S2 1-366
2026-10-06 09:07:35,380 INFO o.a.j.t.JMeterThread: Thread started: S2 1-367
2026-10-06 09:07:35,390 INFO o.a.j.t.JMeterThread: Thread started: S2 1-368
2026-10-06 09:07:35,400 INFO o.a.j.t.JMeterThread: Thread started: S2 1-369
2026-10-06 09:07:35,410 INFO o.a.j.t.JMeterThread: Thread started: S2 1-370
2026-10-06 09:07:35,421 INFO o.a.j.t.JMeterThread: Thread started: S2 1-371
2026-10-06 09:07:35,429 INFO o.a.j.t.JMeterThread: Thread started: S2 1-372
2026-10-06 09:07:35,440 INFO o.a.j.t.JMeterThread: Thread started: S2 1-373
2026-10-06 09:07:35,451 INFO o.a.j.t.JMeterThread: Thread started: S2 1-374
2026-10-06 09:07:35,460 INFO o.a.j.t.JMeterThread: Thread started: S2 1-375
2026-10-06 09:07:35,471 INFO o.a.j.t.JMeterThread: Thread started: S2 1-376
2026-10-06 09:07:35,481 INFO o.a.j.t.JMeterThread: Thread started: S2 1-377
2026-10-06 09:07:35,489 INFO o.a.j.t.JMeterThread: Thread started: S2 1-378
2026-10-06 09:07:35,501 INFO o.a.j.t.JMeterThread: Thread started: S2 1-379
2026-10-06 09:07:35,515 INFO o.a.j.t.JMeterThread: Thread started: S2 1-380
2026-10-06 09:07:35,520 INFO o.a.j.t.JMeterThread: Thread started: S2 1-381
2026-10-06 09:07:35,531 INFO o.a.j.t.JMeterThread: Thread started: S2 1-382
2026-10-06 09:07:35,541 INFO o.a.j.t.JMeterThread: Thread started: S2 1-383
2026-10-06 09:07:35,550 INFO o.a.j.t.JMeterThread: Thread started: S2 1-384
2026-10-06 09:07:35,561 INFO o.a.j.t.JMeterThread: Thread started: S2 1-385
2026-10-06 09:07:35,570 INFO o.a.j.t.JMeterThread: Thread started: S2 1-386
2026-10-06 09:07:35,581 INFO o.a.j.t.JMeterThread: Thread started: S2 1-387
2026-10-06 09:07:35,589 INFO o.a.j.t.JMeterThread: Thread started: S2 1-388
2026-10-06 09:07:35,601 INFO o.a.j.t.JMeterThread: Thread started: S2 1-389
2026-10-06 09:07:35,610 INFO o.a.j.t.JMeterThread: Thread started: S2 1-390
2026-10-06 09:07:35,621 INFO o.a.j.t.JMeterThread: Thread started: S2 1-391
2026-10-06 09:07:35,629 INFO o.a.j.t.JMeterThread: Thread started: S2 1-392
2026-10-06 09:07:35,640 INFO o.a.j.t.JMeterThread: Thread started: S2 1-393
2026-10-06 09:07:35,649 INFO o.a.j.t.JMeterThread: Thread started: S2 1-394
2026-10-06 09:07:35,660 INFO o.a.j.t.JMeterThread: Thread started: S2 1-395
2026-10-06 09:07:35,671 INFO o.a.j.t.JMeterThread: Thread started: S2 1-396
2026-10-06 09:07:35,679 INFO o.a.j.t.JMeterThread: Thread started: S2 1-397
2026-10-06 09:07:35,690 INFO o.a.j.t.JMeterThread: Thread started: S2 1-398
2026-10-06 09:07:35,699 INFO o.a.j.t.JMeterThread: Thread started: S2 1-399
2026-10-06 09:07:35,711 INFO o.a.j.t.JMeterThread: Thread started: S2 1-400
2026-10-06 09:07:35,719 INFO o.a.j.t.JMeterThread: Thread started: S2 1-401
2026-10-06 09:07:35,730 INFO o.a.j.t.JMeterThread: Thread started: S2 1-402
2026-10-06 09:07:35,741 INFO o.a.j.t.JMeterThread: Thread started: S2 1-403
2026-10-06 09:07:35,749 INFO o.a.j.t.JMeterThread: Thread started: S2 1-404
2026-10-06 09:07:35,760 INFO o.a.j.t.JMeterThread: Thread started: S2 1-405
2026-10-06 09:07:35,771 INFO o.a.j.t.JMeterThread: Thread started: S2 1-406
2026-10-06 09:07:35,779 INFO o.a.j.t.JMeterThread: Thread started: S2 1-407
2026-10-06 09:07:35,790 INFO o.a.j.t.JMeterThread: Thread started: S2 1-408
2026-10-06 09:07:35,799 INFO o.a.j.t.JMeterThread: Thread started: S2 1-409
2026-10-06 09:07:35,811 INFO o.a.j.t.JMeterThread: Thread started: S2 1-410
2026-10-06 09:07:35,820 INFO o.a.j.t.JMeterThread: Thread started: S2 1-411
2026-10-06 09:07:35,830 INFO o.a.j.t.JMeterThread: Thread started: S2 1-412
2026-10-06 09:07:35,840 INFO o.a.j.t.JMeterThread: Thread started: S2 1-413
2026-10-06 09:07:35,851 INFO o.a.j.t.JMeterThread: Thread started: S2 1-414
2026-10-06 09:07:35,860 INFO o.a.j.t.JMeterThread: Thread started: S2 1-415
2026-10-06 09:07:35,870 INFO o.a.j.t.JMeterThread: Thread started: S2 1-416
2026-10-06 09:07:35,880 INFO o.a.j.t.JMeterThread: Thread started: S2 1-417
2026-10-06 09:07:35,889 INFO o.a.j.t.JMeterThread: Thread started: S2 1-418
2026-10-06 09:07:35,900 INFO o.a.j.t.JMeterThread: Thread started: S2 1-419
2026-10-06 09:07:35,909 INFO o.a.j.t.JMeterThread: Thread started: S2 1-420
2026-10-06 09:07:35,920 INFO o.a.j.t.JMeterThread: Thread started: S2 1-421
2026-10-06 09:07:35,931 INFO o.a.j.t.JMeterThread: Thread started: S2 1-422
2026-10-06 09:07:35,939 INFO o.a.j.t.JMeterThread: Thread started: S2 1-423
2026-10-06 09:07:35,951 INFO o.a.j.t.JMeterThread: Thread started: S2 1-424
2026-10-06 09:07:35,959 INFO o.a.j.t.JMeterThread: Thread started: S2 1-425
2026-10-06 09:07:35,970 INFO o.a.j.t.JMeterThread: Thread started: S2 1-426
2026-10-06 09:07:35,981 INFO o.a.j.t.JMeterThread: Thread started: S2 1-427
2026-10-06 09:07:35,989 INFO o.a.j.t.JMeterThread: Thread started: S2 1-428
2026-10-06 09:07:36,001 INFO o.a.j.t.JMeterThread: Thread started: S2 1-429
2026-10-06 09:07:36,010 INFO o.a.j.t.JMeterThread: Thread started: S2 1-430
2026-10-06 09:07:36,020 INFO o.a.j.t.JMeterThread: Thread started: S2 1-431
2026-10-06 09:07:36,030 INFO o.a.j.t.JMeterThread: Thread started: S2 1-432
2026-10-06 09:07:36,040 INFO o.a.j.t.JMeterThread: Thread started: S2 1-433
2026-10-06 09:07:36,050 INFO o.a.j.t.JMeterThread: Thread started: S2 1-434
2026-10-06 09:07:36,059 INFO o.a.j.t.JMeterThread: Thread started: S2 1-435
2026-10-06 09:07:36,070 INFO o.a.j.t.JMeterThread: Thread started: S2 1-436
2026-10-06 09:07:36,079 INFO o.a.j.t.JMeterThread: Thread started: S2 1-437
2026-10-06 09:07:36,091 INFO o.a.j.t.JMeterThread: Thread started: S2 1-438
2026-10-06 09:07:36,100 INFO o.a.j.t.JMeterThread: Thread started: S2 1-439
2026-10-06 09:07:36,110 INFO o.a.j.t.JMeterThread: Thread started: S2 1-440
2026-10-06 09:07:36,120 INFO o.a.j.t.JMeterThread: Thread started: S2 1-441
2026-10-06 09:07:36,129 INFO o.a.j.t.JMeterThread: Thread started: S2 1-442
2026-10-06 09:07:36,141 INFO o.a.j.t.JMeterThread: Thread started: S2 1-443
2026-10-06 09:07:36,149 INFO o.a.j.t.JMeterThread: Thread started: S2 1-444
2026-10-06 09:07:36,160 INFO o.a.j.t.JMeterThread: Thread started: S2 1-445
2026-10-06 09:07:36,170 INFO o.a.j.t.JMeterThread: Thread started: S2 1-446
2026-10-06 09:07:36,179 INFO o.a.j.t.JMeterThread: Thread started: S2 1-447
2026-10-06 09:07:36,190 INFO o.a.j.t.JMeterThread: Thread started: S2 1-448
2026-10-06 09:07:36,200 INFO o.a.j.t.JMeterThread: Thread started: S2 1-449
2026-10-06 09:07:36,209 INFO o.a.j.t.JMeterThread: Thread started: S2 1-450
2026-10-06 09:07:36,220 INFO o.a.j.t.JMeterThread: Thread started: S2 1-451
2026-10-06 09:07:36,230 INFO o.a.j.t.JMeterThread: Thread started: S2 1-452
2026-10-06 09:07:36,240 INFO o.a.j.t.JMeterThread: Thread started: S2 1-453
2026-10-06 09:07:36,251 INFO o.a.j.t.JMeterThread: Thread started: S2 1-454
2026-10-06 09:07:36,259 INFO o.a.j.t.JMeterThread: Thread started: S2 1-455
2026-10-06 09:07:36,271 INFO o.a.j.t.JMeterThread: Thread started: S2 1-456
2026-10-06 09:07:36,280 INFO o.a.j.t.JMeterThread: Thread started: S2 1-457
2026-10-06 09:07:36,289 INFO o.a.j.t.JMeterThread: Thread started: S2 1-458
2026-10-06 09:07:36,300 INFO o.a.j.t.JMeterThread: Thread started: S2 1-459
2026-10-06 09:07:36,310 INFO o.a.j.t.JMeterThread: Thread started: S2 1-460
2026-10-06 09:07:36,321 INFO o.a.j.t.JMeterThread: Thread started: S2 1-461
2026-10-06 09:07:36,329 INFO o.a.j.t.JMeterThread: Thread started: S2 1-462
2026-10-06 09:07:36,339 INFO o.a.j.t.JMeterThread: Thread started: S2 1-463
2026-10-06 09:07:36,350 INFO o.a.j.t.JMeterThread: Thread started: S2 1-464
2026-10-06 09:07:36,361 INFO o.a.j.t.JMeterThread: Thread started: S2 1-465
2026-10-06 09:07:36,370 INFO o.a.j.t.JMeterThread: Thread started: S2 1-466
2026-10-06 09:07:36,379 INFO o.a.j.t.JMeterThread: Thread started: S2 1-467
2026-10-06 09:07:36,391 INFO o.a.j.t.JMeterThread: Thread started: S2 1-468
2026-10-06 09:07:36,399 INFO o.a.j.t.JMeterThread: Thread started: S2 1-469
2026-10-06 09:07:36,410 INFO o.a.j.t.JMeterThread: Thread started: S2 1-470
2026-10-06 09:07:36,421 INFO o.a.j.t.JMeterThread: Thread started: S2 1-471
2026-10-06 09:07:36,429 INFO o.a.j.t.JMeterThread: Thread started: S2 1-472
2026-10-06 09:07:36,440 INFO o.a.j.t.JMeterThread: Thread started: S2 1-473
2026-10-06 09:07:36,450 INFO o.a.j.t.JMeterThread: Thread started: S2 1-474
2026-10-06 09:07:36,459 INFO o.a.j.t.JMeterThread: Thread started: S2 1-475
2026-10-06 09:07:36,471 INFO o.a.j.t.JMeterThread: Thread started: S2 1-476
2026-10-06 09:07:36,480 INFO o.a.j.t.JMeterThread: Thread started: S2 1-477
2026-10-06 09:07:36,489 INFO o.a.j.t.JMeterThread: Thread started: S2 1-478
2026-10-06 09:07:36,500 INFO o.a.j.t.JMeterThread: Thread started: S2 1-479
2026-10-06 09:07:36,511 INFO o.a.j.t.JMeterThread: Thread started: S2 1-480
2026-10-06 09:07:36,521 INFO o.a.j.t.JMeterThread: Thread started: S2 1-481
2026-10-06 09:07:36,535 INFO o.a.j.t.JMeterThread: Thread started: S2 1-482
2026-10-06 09:07:36,540 INFO o.a.j.t.JMeterThread: Thread started: S2 1-483
2026-10-06 09:07:36,550 INFO o.a.j.t.JMeterThread: Thread started: S2 1-484
2026-10-06 09:07:36,561 INFO o.a.j.t.JMeterThread: Thread started: S2 1-485
2026-10-06 09:07:36,569 INFO o.a.j.t.JMeterThread: Thread started: S2 1-486
2026-10-06 09:07:36,581 INFO o.a.j.t.JMeterThread: Thread started: S2 1-487
2026-10-06 09:07:36,590 INFO o.a.j.t.JMeterThread: Thread started: S2 1-488
2026-10-06 09:07:36,600 INFO o.a.j.t.JMeterThread: Thread started: S2 1-489
2026-10-06 09:07:36,610 INFO o.a.j.t.JMeterThread: Thread started: S2 1-490
2026-10-06 09:07:36,619 INFO o.a.j.t.JMeterThread: Thread started: S2 1-491
2026-10-06 09:07:36,631 INFO o.a.j.t.JMeterThread: Thread started: S2 1-492
2026-10-06 09:07:36,640 INFO o.a.j.t.JMeterThread: Thread started: S2 1-493
2026-10-06 09:07:36,649 INFO o.a.j.t.JMeterThread: Thread started: S2 1-494
2026-10-06 09:07:36,660 INFO o.a.j.t.JMeterThread: Thread started: S2 1-495
2026-10-06 09:07:36,669 INFO o.a.j.t.JMeterThread: Thread started: S2 1-496
2026-10-06 09:07:36,681 INFO o.a.j.t.JMeterThread: Thread started: S2 1-497
2026-10-06 09:07:36,689 INFO o.a.j.t.JMeterThread: Thread started: S2 1-498
2026-10-06 09:07:36,700 INFO o.a.j.t.JMeterThread: Thread started: S2 1-499
2026-10-06 09:07:36,711 INFO o.a.j.t.JMeterThread: Thread started: S2 1-500
2026-10-06 09:07:36,719 INFO o.a.j.t.JMeterThread: Thread started: S2 1-501
2026-10-06 09:07:36,731 INFO o.a.j.t.JMeterThread: Thread started: S2 1-502
2026-10-06 09:07:36,741 INFO o.a.j.t.JMeterThread: Thread started: S2 1-503
2026-10-06 09:07:36,749 INFO o.a.j.t.JMeterThread: Thread started: S2 1-504
2026-10-06 09:07:36,761 INFO o.a.j.t.JMeterThread: Thread started: S2 1-505
2026-10-06 09:07:36,770 INFO o.a.j.t.JMeterThread: Thread started: S2 1-506
2026-10-06 09:07:36,781 INFO o.a.j.t.JMeterThread: Thread started: S2 1-507
2026-10-06 09:07:36,790 INFO o.a.j.t.JMeterThread: Thread started: S2 1-508
2026-10-06 09:07:36,799 INFO o.a.j.t.JMeterThread: Thread started: S2 1-509
2026-10-06 09:07:36,811 INFO o.a.j.t.JMeterThread: Thread started: S2 1-510
2026-10-06 09:07:36,819 INFO o.a.j.t.JMeterThread: Thread started: S2 1-511
2026-10-06 09:07:36,830 INFO o.a.j.t.JMeterThread: Thread started: S2 1-512
2026-10-06 09:07:36,839 INFO o.a.j.t.JMeterThread: Thread started: S2 1-513
2026-10-06 09:07:36,851 INFO o.a.j.t.JMeterThread: Thread started: S2 1-514
2026-10-06 09:07:36,860 INFO o.a.j.t.JMeterThread: Thread started: S2 1-515
2026-10-06 09:07:36,869 INFO o.a.j.t.JMeterThread: Thread started: S2 1-516
2026-10-06 09:07:36,881 INFO o.a.j.t.JMeterThread: Thread started: S2 1-517
2026-10-06 09:07:36,889 INFO o.a.j.t.JMeterThread: Thread started: S2 1-518
2026-10-06 09:07:36,900 INFO o.a.j.t.JMeterThread: Thread started: S2 1-519
2026-10-06 09:07:36,911 INFO o.a.j.t.JMeterThread: Thread started: S2 1-520
2026-10-06 09:07:36,919 INFO o.a.j.t.JMeterThread: Thread started: S2 1-521
2026-10-06 09:07:36,931 INFO o.a.j.t.JMeterThread: Thread started: S2 1-522
2026-10-06 09:07:36,940 INFO o.a.j.t.JMeterThread: Thread started: S2 1-523
2026-10-06 09:07:36,951 INFO o.a.j.t.JMeterThread: Thread started: S2 1-524
2026-10-06 09:07:36,960 INFO o.a.j.t.JMeterThread: Thread started: S2 1-525
2026-10-06 09:07:36,971 INFO o.a.j.t.JMeterThread: Thread started: S2 1-526
2026-10-06 09:07:36,993 INFO o.a.j.t.JMeterThread: Thread started: S2 1-527
2026-10-06 09:07:36,993 INFO o.a.j.t.JMeterThread: Thread started: S2 1-528
2026-10-06 09:07:37,001 INFO o.a.j.t.JMeterThread: Thread started: S2 1-529
2026-10-06 09:07:37,009 INFO o.a.j.t.JMeterThread: Thread started: S2 1-530
2026-10-06 09:07:37,021 INFO o.a.j.t.JMeterThread: Thread started: S2 1-531
2026-10-06 09:07:37,031 INFO o.a.j.t.JMeterThread: Thread started: S2 1-532
2026-10-06 09:07:37,039 INFO o.a.j.t.JMeterThread: Thread started: S2 1-533
2026-10-06 09:07:37,050 INFO o.a.j.t.JMeterThread: Thread started: S2 1-534
2026-10-06 09:07:37,059 INFO o.a.j.t.JMeterThread: Thread started: S2 1-535
2026-10-06 09:07:37,070 INFO o.a.j.t.JMeterThread: Thread started: S2 1-536
2026-10-06 09:07:37,080 INFO o.a.j.t.JMeterThread: Thread started: S2 1-537
2026-10-06 09:07:37,089 INFO o.a.j.t.JMeterThread: Thread started: S2 1-538
2026-10-06 09:07:37,101 INFO o.a.j.t.JMeterThread: Thread started: S2 1-539
2026-10-06 09:07:37,110 INFO o.a.j.t.JMeterThread: Thread started: S2 1-540
2026-10-06 09:07:37,119 INFO o.a.j.t.JMeterThread: Thread started: S2 1-541
2026-10-06 09:07:37,130 INFO o.a.j.t.JMeterThread: Thread started: S2 1-542
2026-10-06 09:07:37,139 INFO o.a.j.t.JMeterThread: Thread started: S2 1-543
2026-10-06 09:07:37,150 INFO o.a.j.t.JMeterThread: Thread started: S2 1-544
2026-10-06 09:07:37,164 INFO o.a.j.t.JMeterThread: Thread started: S2 1-545
2026-10-06 09:07:37,171 INFO o.a.j.t.JMeterThread: Thread started: S2 1-546
2026-10-06 09:07:37,181 INFO o.a.j.t.JMeterThread: Thread started: S2 1-547
2026-10-06 09:07:37,190 INFO o.a.j.t.JMeterThread: Thread started: S2 1-548
2026-10-06 09:07:37,199 INFO o.a.j.t.JMeterThread: Thread started: S2 1-549
2026-10-06 09:07:37,211 INFO o.a.j.t.JMeterThread: Thread started: S2 1-550
2026-10-06 09:07:37,220 INFO o.a.j.t.JMeterThread: Thread started: S2 1-551
2026-10-06 09:07:37,229 INFO o.a.j.t.JMeterThread: Thread started: S2 1-552
2026-10-06 09:07:37,241 INFO o.a.j.t.JMeterThread: Thread started: S2 1-553
2026-10-06 09:07:37,249 INFO o.a.j.t.JMeterThread: Thread started: S2 1-554
2026-10-06 09:07:37,260 INFO o.a.j.t.JMeterThread: Thread started: S2 1-555
2026-10-06 09:07:37,270 INFO o.a.j.t.JMeterThread: Thread started: S2 1-556
2026-10-06 09:07:37,279 INFO o.a.j.t.JMeterThread: Thread started: S2 1-557
2026-10-06 09:07:37,291 INFO o.a.j.t.JMeterThread: Thread started: S2 1-558
2026-10-06 09:07:37,299 INFO o.a.j.t.JMeterThread: Thread started: S2 1-559
2026-10-06 09:07:37,311 INFO o.a.j.t.JMeterThread: Thread started: S2 1-560
2026-10-06 09:07:37,320 INFO o.a.j.t.JMeterThread: Thread started: S2 1-561
2026-10-06 09:07:37,331 INFO o.a.j.t.JMeterThread: Thread started: S2 1-562
2026-10-06 09:07:37,343 INFO o.a.j.t.JMeterThread: Thread started: S2 1-563
2026-10-06 09:07:37,350 INFO o.a.j.t.JMeterThread: Thread started: S2 1-564
2026-10-06 09:07:37,360 INFO o.a.j.t.JMeterThread: Thread started: S2 1-565
2026-10-06 09:07:37,371 INFO o.a.j.t.JMeterThread: Thread started: S2 1-566
2026-10-06 09:07:37,379 INFO o.a.j.t.JMeterThread: Thread started: S2 1-567
2026-10-06 09:07:37,389 INFO o.a.j.t.JMeterThread: Thread started: S2 1-568
2026-10-06 09:07:37,400 INFO o.a.j.t.JMeterThread: Thread started: S2 1-569
2026-10-06 09:07:37,410 INFO o.a.j.t.JMeterThread: Thread started: S2 1-570
2026-10-06 09:07:37,420 INFO o.a.j.t.JMeterThread: Thread started: S2 1-571
2026-10-06 09:07:37,430 INFO o.a.j.t.JMeterThread: Thread started: S2 1-572
2026-10-06 09:07:37,439 INFO o.a.j.t.JMeterThread: Thread started: S2 1-573
2026-10-06 09:07:37,451 INFO o.a.j.t.JMeterThread: Thread started: S2 1-574
2026-10-06 09:07:37,459 INFO o.a.j.t.JMeterThread: Thread started: S2 1-575
2026-10-06 09:07:37,471 INFO o.a.j.t.JMeterThread: Thread started: S2 1-576
2026-10-06 09:07:37,480 INFO o.a.j.t.JMeterThread: Thread started: S2 1-577
2026-10-06 09:07:37,489 INFO o.a.j.t.JMeterThread: Thread started: S2 1-578
2026-10-06 09:07:37,500 INFO o.a.j.t.JMeterThread: Thread started: S2 1-579
2026-10-06 09:07:37,511 INFO o.a.j.t.JMeterThread: Thread started: S2 1-580
2026-10-06 09:07:37,520 INFO o.a.j.t.JMeterThread: Thread started: S2 1-581
2026-10-06 09:07:37,530 INFO o.a.j.t.JMeterThread: Thread started: S2 1-582
2026-10-06 09:07:37,540 INFO o.a.j.t.JMeterThread: Thread started: S2 1-583
2026-10-06 09:07:37,551 INFO o.a.j.t.JMeterThread: Thread started: S2 1-584
2026-10-06 09:07:37,560 INFO o.a.j.t.JMeterThread: Thread started: S2 1-585
2026-10-06 09:07:37,570 INFO o.a.j.t.JMeterThread: Thread started: S2 1-586
2026-10-06 09:07:37,580 INFO o.a.j.t.JMeterThread: Thread started: S2 1-587
2026-10-06 09:07:37,591 INFO o.a.j.t.JMeterThread: Thread started: S2 1-588
2026-10-06 09:07:37,599 INFO o.a.j.t.JMeterThread: Thread started: S2 1-589
2026-10-06 09:07:37,610 INFO o.a.j.t.JMeterThread: Thread started: S2 1-590
2026-10-06 09:07:37,621 INFO o.a.j.t.JMeterThread: Thread started: S2 1-591
2026-10-06 09:07:37,629 INFO o.a.j.t.JMeterThread: Thread started: S2 1-592
2026-10-06 09:07:37,641 INFO o.a.j.t.JMeterThread: Thread started: S2 1-593
2026-10-06 09:07:37,649 INFO o.a.j.t.JMeterThread: Thread started: S2 1-594
2026-10-06 09:07:37,660 INFO o.a.j.t.JMeterThread: Thread started: S2 1-595
2026-10-06 09:07:37,670 INFO o.a.j.t.JMeterThread: Thread started: S2 1-596
2026-10-06 09:07:37,680 INFO o.a.j.t.JMeterThread: Thread started: S2 1-597
2026-10-06 09:07:37,691 INFO o.a.j.t.JMeterThread: Thread started: S2 1-598
2026-10-06 09:07:37,699 INFO o.a.j.t.JMeterThread: Thread started: S2 1-599
2026-10-06 09:07:37,709 INFO o.a.j.t.JMeterThread: Thread started: S2 1-600
2026-10-06 09:07:37,721 INFO o.a.j.t.JMeterThread: Thread started: S2 1-601
2026-10-06 09:07:37,729 INFO o.a.j.t.JMeterThread: Thread started: S2 1-602
2026-10-06 09:07:37,740 INFO o.a.j.t.JMeterThread: Thread started: S2 1-603
2026-10-06 09:07:37,750 INFO o.a.j.t.JMeterThread: Thread started: S2 1-604
2026-10-06 09:07:37,760 INFO o.a.j.t.JMeterThread: Thread started: S2 1-605
2026-10-06 09:07:37,770 INFO o.a.j.t.JMeterThread: Thread started: S2 1-606
2026-10-06 09:07:37,781 INFO o.a.j.t.JMeterThread: Thread started: S2 1-607
2026-10-06 09:07:37,789 INFO o.a.j.t.JMeterThread: Thread started: S2 1-608
2026-10-06 09:07:37,800 INFO o.a.j.t.JMeterThread: Thread started: S2 1-609
2026-10-06 09:07:37,811 INFO o.a.j.t.JMeterThread: Thread started: S2 1-610
2026-10-06 09:07:37,819 INFO o.a.j.t.JMeterThread: Thread started: S2 1-611
2026-10-06 09:07:37,830 INFO o.a.j.t.JMeterThread: Thread started: S2 1-612
2026-10-06 09:07:37,839 INFO o.a.j.t.JMeterThread: Thread started: S2 1-613
2026-10-06 09:07:37,850 INFO o.a.j.t.JMeterThread: Thread started: S2 1-614
2026-10-06 09:07:37,859 INFO o.a.j.t.JMeterThread: Thread started: S2 1-615
2026-10-06 09:07:37,870 INFO o.a.j.t.JMeterThread: Thread started: S2 1-616
2026-10-06 09:07:37,880 INFO o.a.j.t.JMeterThread: Thread started: S2 1-617
2026-10-06 09:07:37,889 INFO o.a.j.t.JMeterThread: Thread started: S2 1-618
2026-10-06 09:07:37,901 INFO o.a.j.t.JMeterThread: Thread started: S2 1-619
2026-10-06 09:07:37,909 INFO o.a.j.t.JMeterThread: Thread started: S2 1-620
2026-10-06 09:07:37,919 INFO o.a.j.t.JMeterThread: Thread started: S2 1-621
2026-10-06 09:07:37,931 INFO o.a.j.t.JMeterThread: Thread started: S2 1-622
2026-10-06 09:07:37,939 INFO o.a.j.t.JMeterThread: Thread started: S2 1-623
2026-10-06 09:07:37,951 INFO o.a.j.t.JMeterThread: Thread started: S2 1-624
2026-10-06 09:07:37,961 INFO o.a.j.t.JMeterThread: Thread started: S2 1-625
2026-10-06 09:07:37,970 INFO o.a.j.t.JMeterThread: Thread started: S2 1-626
2026-10-06 09:07:37,980 INFO o.a.j.t.JMeterThread: Thread started: S2 1-627
2026-10-06 09:07:37,990 INFO o.a.j.t.JMeterThread: Thread started: S2 1-628
2026-10-06 09:07:37,999 INFO o.a.j.t.JMeterThread: Thread started: S2 1-629
2026-10-06 09:07:38,010 INFO o.a.j.t.JMeterThread: Thread started: S2 1-630
2026-10-06 09:07:38,019 INFO o.a.j.t.JMeterThread: Thread started: S2 1-631
2026-10-06 09:07:38,030 INFO o.a.j.t.JMeterThread: Thread started: S2 1-632
2026-10-06 09:07:38,039 INFO o.a.j.t.JMeterThread: Thread started: S2 1-633
2026-10-06 09:07:38,051 INFO o.a.j.t.JMeterThread: Thread started: S2 1-634
2026-10-06 09:07:38,059 INFO o.a.j.t.JMeterThread: Thread started: S2 1-635
2026-10-06 09:07:38,071 INFO o.a.j.t.JMeterThread: Thread started: S2 1-636
2026-10-06 09:07:38,080 INFO o.a.j.t.JMeterThread: Thread started: S2 1-637
2026-10-06 09:07:38,089 INFO o.a.j.t.JMeterThread: Thread started: S2 1-638
2026-10-06 09:07:38,100 INFO o.a.j.t.JMeterThread: Thread started: S2 1-639
2026-10-06 09:07:38,110 INFO o.a.j.t.JMeterThread: Thread started: S2 1-640
2026-10-06 09:07:38,120 INFO o.a.j.t.JMeterThread: Thread started: S2 1-641
2026-10-06 09:07:38,130 INFO o.a.j.t.JMeterThread: Thread started: S2 1-642
2026-10-06 09:07:38,139 INFO o.a.j.t.JMeterThread: Thread started: S2 1-643
2026-10-06 09:07:38,151 INFO o.a.j.t.JMeterThread: Thread started: S2 1-644
2026-10-06 09:07:38,160 INFO o.a.j.t.JMeterThread: Thread started: S2 1-645
2026-10-06 09:07:38,169 INFO o.a.j.t.JMeterThread: Thread started: S2 1-646
2026-10-06 09:07:38,180 INFO o.a.j.t.JMeterThread: Thread started: S2 1-647
2026-10-06 09:07:38,191 INFO o.a.j.t.JMeterThread: Thread started: S2 1-648
2026-10-06 09:07:38,200 INFO o.a.j.t.JMeterThread: Thread started: S2 1-649
2026-10-06 09:07:38,209 INFO o.a.j.t.JMeterThread: Thread started: S2 1-650
2026-10-06 09:07:38,220 INFO o.a.j.t.JMeterThread: Thread started: S2 1-651
2026-10-06 09:07:38,230 INFO o.a.j.t.JMeterThread: Thread started: S2 1-652
2026-10-06 09:07:38,239 INFO o.a.j.t.JMeterThread: Thread started: S2 1-653
2026-10-06 09:07:38,251 INFO o.a.j.t.JMeterThread: Thread started: S2 1-654
2026-10-06 09:07:38,263 INFO o.a.j.t.JMeterThread: Thread started: S2 1-655
2026-10-06 09:07:38,269 INFO o.a.j.t.JMeterThread: Thread started: S2 1-656
2026-10-06 09:07:38,280 INFO o.a.j.t.JMeterThread: Thread started: S2 1-657
2026-10-06 09:07:38,291 INFO o.a.j.t.JMeterThread: Thread started: S2 1-658
2026-10-06 09:07:38,301 INFO o.a.j.t.JMeterThread: Thread started: S2 1-659
2026-10-06 09:07:38,309 INFO o.a.j.t.JMeterThread: Thread started: S2 1-660
2026-10-06 09:07:38,319 INFO o.a.j.t.JMeterThread: Thread started: S2 1-661
2026-10-06 09:07:38,330 INFO o.a.j.t.JMeterThread: Thread started: S2 1-662
2026-10-06 09:07:38,339 INFO o.a.j.t.JMeterThread: Thread started: S2 1-663
2026-10-06 09:07:38,351 INFO o.a.j.t.JMeterThread: Thread started: S2 1-664
2026-10-06 09:07:38,360 INFO o.a.j.t.JMeterThread: Thread started: S2 1-665
2026-10-06 09:07:38,369 INFO o.a.j.t.JMeterThread: Thread started: S2 1-666
2026-10-06 09:07:38,380 INFO o.a.j.t.JMeterThread: Thread started: S2 1-667
2026-10-06 09:07:38,389 INFO o.a.j.t.JMeterThread: Thread started: S2 1-668
2026-10-06 09:07:38,400 INFO o.a.j.t.JMeterThread: Thread started: S2 1-669
2026-10-06 09:07:38,410 INFO o.a.j.t.JMeterThread: Thread started: S2 1-670
2026-10-06 09:07:38,419 INFO o.a.j.t.JMeterThread: Thread started: S2 1-671
2026-10-06 09:07:38,429 INFO o.a.j.t.JMeterThread: Thread started: S2 1-672
2026-10-06 09:07:38,441 INFO o.a.j.t.JMeterThread: Thread started: S2 1-673
2026-10-06 09:07:38,449 INFO o.a.j.t.JMeterThread: Thread started: S2 1-674
2026-10-06 09:07:38,459 INFO o.a.j.t.JMeterThread: Thread started: S2 1-675
2026-10-06 09:07:38,471 INFO o.a.j.t.JMeterThread: Thread started: S2 1-676
2026-10-06 09:07:38,479 INFO o.a.j.t.JMeterThread: Thread started: S2 1-677
2026-10-06 09:07:38,491 INFO o.a.j.t.JMeterThread: Thread started: S2 1-678
2026-10-06 09:07:38,500 INFO o.a.j.t.JMeterThread: Thread started: S2 1-679
2026-10-06 09:07:38,510 INFO o.a.j.t.JMeterThread: Thread started: S2 1-680
2026-10-06 09:07:38,521 INFO o.a.j.t.JMeterThread: Thread started: S2 1-681
2026-10-06 09:07:38,529 INFO o.a.j.t.JMeterThread: Thread started: S2 1-682
2026-10-06 09:07:38,541 INFO o.a.j.t.JMeterThread: Thread started: S2 1-683
2026-10-06 09:07:38,550 INFO o.a.j.t.JMeterThread: Thread started: S2 1-684
2026-10-06 09:07:38,559 INFO o.a.j.t.JMeterThread: Thread started: S2 1-685
2026-10-06 09:07:38,571 INFO o.a.j.t.JMeterThread: Thread started: S2 1-686
2026-10-06 09:07:38,580 INFO o.a.j.t.JMeterThread: Thread started: S2 1-687
2026-10-06 09:07:38,589 INFO o.a.j.t.JMeterThread: Thread started: S2 1-688
2026-10-06 09:07:38,600 INFO o.a.j.t.JMeterThread: Thread started: S2 1-689
2026-10-06 09:07:38,610 INFO o.a.j.t.JMeterThread: Thread started: S2 1-690
2026-10-06 09:07:38,620 INFO o.a.j.t.JMeterThread: Thread started: S2 1-691
2026-10-06 09:07:38,630 INFO o.a.j.t.JMeterThread: Thread started: S2 1-692
2026-10-06 09:07:38,640 INFO o.a.j.t.JMeterThread: Thread started: S2 1-693
2026-10-06 09:07:38,651 INFO o.a.j.t.JMeterThread: Thread started: S2 1-694
2026-10-06 09:07:38,660 INFO o.a.j.t.JMeterThread: Thread started: S2 1-695
2026-10-06 09:07:38,670 INFO o.a.j.t.JMeterThread: Thread started: S2 1-696
2026-10-06 09:07:38,680 INFO o.a.j.t.JMeterThread: Thread started: S2 1-697
2026-10-06 09:07:38,691 INFO o.a.j.t.JMeterThread: Thread started: S2 1-698
2026-10-06 09:07:38,700 INFO o.a.j.t.JMeterThread: Thread started: S2 1-699
2026-10-06 09:07:38,710 INFO o.a.j.t.JMeterThread: Thread started: S2 1-700
2026-10-06 09:07:38,719 INFO o.a.j.t.JMeterThread: Thread started: S2 1-701
2026-10-06 09:07:38,731 INFO o.a.j.t.JMeterThread: Thread started: S2 1-702
2026-10-06 09:07:38,740 INFO o.a.j.t.JMeterThread: Thread started: S2 1-703
2026-10-06 09:07:38,751 INFO o.a.j.t.JMeterThread: Thread started: S2 1-704
2026-10-06 09:07:38,762 INFO o.a.j.t.JMeterThread: Thread started: S2 1-705
2026-10-06 09:07:38,770 INFO o.a.j.t.JMeterThread: Thread started: S2 1-706
2026-10-06 09:07:38,787 INFO o.a.j.t.JMeterThread: Thread started: S2 1-707
2026-10-06 09:07:38,789 INFO o.a.j.t.JMeterThread: Thread started: S2 1-708
2026-10-06 09:07:38,800 INFO o.a.j.t.JMeterThread: Thread started: S2 1-709
2026-10-06 09:07:38,810 INFO o.a.j.t.JMeterThread: Thread started: S2 1-710
2026-10-06 09:07:38,820 INFO o.a.j.t.JMeterThread: Thread started: S2 1-711
2026-10-06 09:07:38,830 INFO o.a.j.t.JMeterThread: Thread started: S2 1-712
2026-10-06 09:07:38,840 INFO o.a.j.t.JMeterThread: Thread started: S2 1-713
2026-10-06 09:07:38,850 INFO o.a.j.t.JMeterThread: Thread started: S2 1-714
2026-10-06 09:07:38,860 INFO o.a.j.t.JMeterThread: Thread started: S2 1-715
2026-10-06 09:07:38,872 INFO o.a.j.t.JMeterThread: Thread started: S2 1-716
2026-10-06 09:07:38,881 INFO o.a.j.t.JMeterThread: Thread started: S2 1-717
2026-10-06 09:07:38,891 INFO o.a.j.t.JMeterThread: Thread started: S2 1-718
2026-10-06 09:07:38,900 INFO o.a.j.t.JMeterThread: Thread started: S2 1-719
2026-10-06 09:07:38,910 INFO o.a.j.t.JMeterThread: Thread started: S2 1-720
2026-10-06 09:07:38,922 INFO o.a.j.t.JMeterThread: Thread started: S2 1-721
2026-10-06 09:07:38,930 INFO o.a.j.t.JMeterThread: Thread started: S2 1-722
2026-10-06 09:07:38,940 INFO o.a.j.t.JMeterThread: Thread started: S2 1-723
2026-10-06 09:07:38,951 INFO o.a.j.t.JMeterThread: Thread started: S2 1-724
2026-10-06 09:07:38,960 INFO o.a.j.t.JMeterThread: Thread started: S2 1-725
2026-10-06 09:07:38,971 INFO o.a.j.t.JMeterThread: Thread started: S2 1-726
2026-10-06 09:07:38,981 INFO o.a.j.t.JMeterThread: Thread started: S2 1-727
2026-10-06 09:07:38,991 INFO o.a.j.t.JMeterThread: Thread started: S2 1-728
2026-10-06 09:07:39,000 INFO o.a.j.t.JMeterThread: Thread started: S2 1-729
2026-10-06 09:07:39,009 INFO o.a.j.t.JMeterThread: Thread started: S2 1-730
2026-10-06 09:07:39,019 INFO o.a.j.t.JMeterThread: Thread started: S2 1-731
2026-10-06 09:07:39,030 INFO o.a.j.t.JMeterThread: Thread started: S2 1-732
2026-10-06 09:07:39,039 INFO o.a.j.t.JMeterThread: Thread started: S2 1-733
2026-10-06 09:07:39,049 INFO o.a.j.t.JMeterThread: Thread started: S2 1-734
2026-10-06 09:07:39,060 INFO o.a.j.t.JMeterThread: Thread started: S2 1-735
2026-10-06 09:07:39,071 INFO o.a.j.t.JMeterThread: Thread started: S2 1-736
2026-10-06 09:07:39,080 INFO o.a.j.t.JMeterThread: Thread started: S2 1-737
2026-10-06 09:07:39,091 INFO o.a.j.t.JMeterThread: Thread started: S2 1-738
2026-10-06 09:07:39,101 INFO o.a.j.t.JMeterThread: Thread started: S2 1-739
2026-10-06 09:07:39,110 INFO o.a.j.t.JMeterThread: Thread started: S2 1-740
2026-10-06 09:07:39,119 INFO o.a.j.t.JMeterThread: Thread started: S2 1-741
2026-10-06 09:07:39,131 INFO o.a.j.t.JMeterThread: Thread started: S2 1-742
2026-10-06 09:07:39,140 INFO o.a.j.t.JMeterThread: Thread started: S2 1-743
2026-10-06 09:07:39,149 INFO o.a.j.t.JMeterThread: Thread started: S2 1-744
2026-10-06 09:07:39,160 INFO o.a.j.t.JMeterThread: Thread started: S2 1-745
2026-10-06 09:07:39,170 INFO o.a.j.t.JMeterThread: Thread started: S2 1-746
2026-10-06 09:07:39,179 INFO o.a.j.t.JMeterThread: Thread started: S2 1-747
2026-10-06 09:07:39,190 INFO o.a.j.t.JMeterThread: Thread started: S2 1-748
2026-10-06 09:07:39,199 INFO o.a.j.t.JMeterThread: Thread started: S2 1-749
2026-10-06 09:07:39,210 INFO o.a.j.t.JMeterThread: Thread started: S2 1-750
2026-10-06 09:07:39,220 INFO o.a.j.t.JMeterThread: Thread started: S2 1-751
2026-10-06 09:07:39,229 INFO o.a.j.t.JMeterThread: Thread started: S2 1-752
2026-10-06 09:07:39,241 INFO o.a.j.t.JMeterThread: Thread started: S2 1-753
2026-10-06 09:07:39,250 INFO o.a.j.t.JMeterThread: Thread started: S2 1-754
2026-10-06 09:07:39,259 INFO o.a.j.t.JMeterThread: Thread started: S2 1-755
2026-10-06 09:07:39,270 INFO o.a.j.t.JMeterThread: Thread started: S2 1-756
2026-10-06 09:07:39,281 INFO o.a.j.t.JMeterThread: Thread started: S2 1-757
2026-10-06 09:07:39,290 INFO o.a.j.t.JMeterThread: Thread started: S2 1-758
2026-10-06 09:07:39,302 INFO o.a.j.t.JMeterThread: Thread started: S2 1-759
2026-10-06 09:07:39,311 INFO o.a.j.t.JMeterThread: Thread started: S2 1-760
2026-10-06 09:07:39,320 INFO o.a.j.t.JMeterThread: Thread started: S2 1-761
2026-10-06 09:07:39,330 INFO o.a.j.t.JMeterThread: Thread started: S2 1-762
2026-10-06 09:07:39,340 INFO o.a.j.t.JMeterThread: Thread started: S2 1-763
2026-10-06 09:07:39,351 INFO o.a.j.t.JMeterThread: Thread started: S2 1-764
2026-10-06 09:07:39,359 INFO o.a.j.t.JMeterThread: Thread started: S2 1-765
2026-10-06 09:07:39,371 INFO o.a.j.t.JMeterThread: Thread started: S2 1-766
2026-10-06 09:07:39,380 INFO o.a.j.t.JMeterThread: Thread started: S2 1-767
2026-10-06 09:07:39,391 INFO o.a.j.t.JMeterThread: Thread started: S2 1-768
2026-10-06 09:07:39,400 INFO o.a.j.t.JMeterThread: Thread started: S2 1-769
2026-10-06 09:07:39,409 INFO o.a.j.t.JMeterThread: Thread started: S2 1-770
2026-10-06 09:07:39,420 INFO o.a.j.t.JMeterThread: Thread started: S2 1-771
2026-10-06 09:07:39,431 INFO o.a.j.t.JMeterThread: Thread started: S2 1-772
2026-10-06 09:07:39,440 INFO o.a.j.t.JMeterThread: Thread started: S2 1-773
2026-10-06 09:07:39,450 INFO o.a.j.t.JMeterThread: Thread started: S2 1-774
2026-10-06 09:07:39,459 INFO o.a.j.t.JMeterThread: Thread started: S2 1-775
2026-10-06 09:07:39,470 INFO o.a.j.t.JMeterThread: Thread started: S2 1-776
2026-10-06 09:07:39,479 INFO o.a.j.t.JMeterThread: Thread started: S2 1-777
2026-10-06 09:07:39,490 INFO o.a.j.t.JMeterThread: Thread started: S2 1-778
2026-10-06 09:07:39,500 INFO o.a.j.t.JMeterThread: Thread started: S2 1-779
2026-10-06 09:07:39,510 INFO o.a.j.t.JMeterThread: Thread started: S2 1-780
2026-10-06 09:07:39,520 INFO o.a.j.t.JMeterThread: Thread started: S2 1-781
2026-10-06 09:07:39,530 INFO o.a.j.t.JMeterThread: Thread started: S2 1-782
2026-10-06 09:07:39,539 INFO o.a.j.t.JMeterThread: Thread started: S2 1-783
2026-10-06 09:07:39,550 INFO o.a.j.t.JMeterThread: Thread started: S2 1-784
2026-10-06 09:07:39,560 INFO o.a.j.t.JMeterThread: Thread started: S2 1-785
2026-10-06 09:07:39,570 INFO o.a.j.t.JMeterThread: Thread started: S2 1-786
2026-10-06 09:07:39,580 INFO o.a.j.t.JMeterThread: Thread started: S2 1-787
2026-10-06 09:07:39,590 INFO o.a.j.t.JMeterThread: Thread started: S2 1-788
2026-10-06 09:07:39,600 INFO o.a.j.t.JMeterThread: Thread started: S2 1-789
2026-10-06 09:07:39,610 INFO o.a.j.t.JMeterThread: Thread started: S2 1-790
2026-10-06 09:07:39,620 INFO o.a.j.t.JMeterThread: Thread started: S2 1-791
2026-10-06 09:07:39,630 INFO o.a.j.t.JMeterThread: Thread started: S2 1-792
2026-10-06 09:07:39,641 INFO o.a.j.t.JMeterThread: Thread started: S2 1-793
2026-10-06 09:07:39,650 INFO o.a.j.t.JMeterThread: Thread started: S2 1-794
2026-10-06 09:07:39,659 INFO o.a.j.t.JMeterThread: Thread started: S2 1-795
2026-10-06 09:07:39,671 INFO o.a.j.t.JMeterThread: Thread started: S2 1-796
2026-10-06 09:07:39,680 INFO o.a.j.t.JMeterThread: Thread started: S2 1-797
2026-10-06 09:07:39,689 INFO o.a.j.t.JMeterThread: Thread started: S2 1-798
2026-10-06 09:07:39,700 INFO o.a.j.t.JMeterThread: Thread started: S2 1-799
2026-10-06 09:07:39,710 INFO o.a.j.t.JMeterThread: Thread started: S2 1-800
2026-10-06 09:07:39,719 INFO o.a.j.t.JMeterThread: Thread started: S2 1-801
2026-10-06 09:07:39,730 INFO o.a.j.t.JMeterThread: Thread started: S2 1-802
2026-10-06 09:07:39,740 INFO o.a.j.t.JMeterThread: Thread started: S2 1-803
2026-10-06 09:07:39,750 INFO o.a.j.t.JMeterThread: Thread started: S2 1-804
2026-10-06 09:07:39,761 INFO o.a.j.t.JMeterThread: Thread started: S2 1-805
2026-10-06 09:07:39,770 INFO o.a.j.t.JMeterThread: Thread started: S2 1-806
2026-10-06 09:07:39,779 INFO o.a.j.t.JMeterThread: Thread started: S2 1-807
2026-10-06 09:07:39,790 INFO o.a.j.t.JMeterThread: Thread started: S2 1-808
2026-10-06 09:07:39,801 INFO o.a.j.t.JMeterThread: Thread started: S2 1-809
2026-10-06 09:07:39,810 INFO o.a.j.t.JMeterThread: Thread started: S2 1-810
2026-10-06 09:07:39,820 INFO o.a.j.t.JMeterThread: Thread started: S2 1-811
2026-10-06 09:07:39,830 INFO o.a.j.t.JMeterThread: Thread started: S2 1-812
2026-10-06 09:07:39,840 INFO o.a.j.t.JMeterThread: Thread started: S2 1-813
2026-10-06 09:07:39,850 INFO o.a.j.t.JMeterThread: Thread started: S2 1-814
2026-10-06 09:07:39,860 INFO o.a.j.t.JMeterThread: Thread started: S2 1-815
2026-10-06 09:07:39,870 INFO o.a.j.t.JMeterThread: Thread started: S2 1-816
2026-10-06 09:07:39,880 INFO o.a.j.t.JMeterThread: Thread started: S2 1-817
2026-10-06 09:07:39,890 INFO o.a.j.t.JMeterThread: Thread started: S2 1-818
2026-10-06 09:07:39,899 INFO o.a.j.t.JMeterThread: Thread started: S2 1-819
2026-10-06 09:07:39,910 INFO o.a.j.t.JMeterThread: Thread started: S2 1-820
2026-10-06 09:07:39,920 INFO o.a.j.t.JMeterThread: Thread started: S2 1-821
2026-10-06 09:07:39,929 INFO o.a.j.t.JMeterThread: Thread started: S2 1-822
2026-10-06 09:07:39,940 INFO o.a.j.t.JMeterThread: Thread started: S2 1-823
2026-10-06 09:07:39,950 INFO o.a.j.t.JMeterThread: Thread started: S2 1-824
2026-10-06 09:07:39,959 INFO o.a.j.t.JMeterThread: Thread started: S2 1-825
2026-10-06 09:07:39,969 INFO o.a.j.t.JMeterThread: Thread started: S2 1-826
2026-10-06 09:07:39,980 INFO o.a.j.t.JMeterThread: Thread started: S2 1-827
2026-10-06 09:07:39,990 INFO o.a.j.t.JMeterThread: Thread started: S2 1-828
2026-10-06 09:07:40,000 INFO o.a.j.t.JMeterThread: Thread started: S2 1-829
2026-10-06 09:07:40,011 INFO o.a.j.t.JMeterThread: Thread started: S2 1-830
2026-10-06 09:07:40,020 INFO o.a.j.t.JMeterThread: Thread started: S2 1-831
2026-10-06 09:07:40,030 INFO o.a.j.t.JMeterThread: Thread started: S2 1-832
2026-10-06 09:07:40,040 INFO o.a.j.t.JMeterThread: Thread started: S2 1-833
2026-10-06 09:07:40,050 INFO o.a.j.t.JMeterThread: Thread started: S2 1-834
2026-10-06 09:07:40,060 INFO o.a.j.t.JMeterThread: Thread started: S2 1-835
2026-10-06 09:07:40,073 INFO o.a.j.t.JMeterThread: Thread started: S2 1-836
2026-10-06 09:07:40,081 INFO o.a.j.t.JMeterThread: Thread started: S2 1-837
2026-10-06 09:07:40,090 INFO o.a.j.t.JMeterThread: Thread started: S2 1-838
2026-10-06 09:07:40,100 INFO o.a.j.t.JMeterThread: Thread started: S2 1-839
2026-10-06 09:07:40,111 INFO o.a.j.t.JMeterThread: Thread started: S2 1-840
2026-10-06 09:07:40,119 INFO o.a.j.t.JMeterThread: Thread started: S2 1-841
2026-10-06 09:07:40,130 INFO o.a.j.t.JMeterThread: Thread started: S2 1-842
2026-10-06 09:07:40,141 INFO o.a.j.t.JMeterThread: Thread started: S2 1-843
2026-10-06 09:07:40,150 INFO o.a.j.t.JMeterThread: Thread started: S2 1-844
2026-10-06 09:07:40,160 INFO o.a.j.t.JMeterThread: Thread started: S2 1-845
2026-10-06 09:07:40,170 INFO o.a.j.t.JMeterThread: Thread started: S2 1-846
2026-10-06 09:07:40,179 INFO o.a.j.t.JMeterThread: Thread started: S2 1-847
2026-10-06 09:07:40,190 INFO o.a.j.t.JMeterThread: Thread started: S2 1-848
2026-10-06 09:07:40,200 INFO o.a.j.t.JMeterThread: Thread started: S2 1-849
2026-10-06 09:07:40,209 INFO o.a.j.t.JMeterThread: Thread started: S2 1-850
2026-10-06 09:07:40,219 INFO o.a.j.t.JMeterThread: Thread started: S2 1-851
2026-10-06 09:07:40,230 INFO o.a.j.t.JMeterThread: Thread started: S2 1-852
2026-10-06 09:07:40,240 INFO o.a.j.t.JMeterThread: Thread started: S2 1-853
2026-10-06 09:07:40,249 INFO o.a.j.t.JMeterThread: Thread started: S2 1-854
2026-10-06 09:07:40,260 INFO o.a.j.t.JMeterThread: Thread started: S2 1-855
2026-10-06 09:07:40,270 INFO o.a.j.t.JMeterThread: Thread started: S2 1-856
2026-10-06 09:07:40,279 INFO o.a.j.t.JMeterThread: Thread started: S2 1-857
2026-10-06 09:07:40,290 INFO o.a.j.t.JMeterThread: Thread started: S2 1-858
2026-10-06 09:07:40,301 INFO o.a.j.t.JMeterThread: Thread started: S2 1-859
2026-10-06 09:07:40,309 INFO o.a.j.t.JMeterThread: Thread started: S2 1-860
2026-10-06 09:07:40,320 INFO o.a.j.t.JMeterThread: Thread started: S2 1-861
2026-10-06 09:07:40,330 INFO o.a.j.t.JMeterThread: Thread started: S2 1-862
2026-10-06 09:07:40,340 INFO o.a.j.t.JMeterThread: Thread started: S2 1-863
2026-10-06 09:07:40,349 INFO o.a.j.t.JMeterThread: Thread started: S2 1-864
2026-10-06 09:07:40,360 INFO o.a.j.t.JMeterThread: Thread started: S2 1-865
2026-10-06 09:07:40,369 INFO o.a.j.t.JMeterThread: Thread started: S2 1-866
2026-10-06 09:07:40,383 INFO o.a.j.t.JMeterThread: Thread started: S2 1-867
2026-10-06 09:07:40,391 INFO o.a.j.t.JMeterThread: Thread started: S2 1-868
2026-10-06 09:07:40,401 INFO o.a.j.t.JMeterThread: Thread started: S2 1-869
2026-10-06 09:07:40,410 INFO o.a.j.t.JMeterThread: Thread started: S2 1-870
2026-10-06 09:07:40,421 INFO o.a.j.t.JMeterThread: Thread started: S2 1-871
2026-10-06 09:07:40,430 INFO o.a.j.t.JMeterThread: Thread started: S2 1-872
2026-10-06 09:07:40,439 INFO o.a.j.t.JMeterThread: Thread started: S2 1-873
2026-10-06 09:07:40,450 INFO o.a.j.t.JMeterThread: Thread started: S2 1-874
2026-10-06 09:07:40,460 INFO o.a.j.t.JMeterThread: Thread started: S2 1-875
2026-10-06 09:07:40,473 INFO o.a.j.t.JMeterThread: Thread started: S2 1-876
2026-10-06 09:07:40,480 INFO o.a.j.t.JMeterThread: Thread started: S2 1-877
2026-10-06 09:07:40,490 INFO o.a.j.t.JMeterThread: Thread started: S2 1-878
2026-10-06 09:07:40,500 INFO o.a.j.t.JMeterThread: Thread started: S2 1-879
2026-10-06 09:07:40,510 INFO o.a.j.t.JMeterThread: Thread started: S2 1-880
2026-10-06 09:07:40,520 INFO o.a.j.t.JMeterThread: Thread started: S2 1-881
2026-10-06 09:07:40,529 INFO o.a.j.t.JMeterThread: Thread started: S2 1-882
2026-10-06 09:07:40,539 INFO o.a.j.t.JMeterThread: Thread started: S2 1-883
2026-10-06 09:07:40,551 INFO o.a.j.t.JMeterThread: Thread started: S2 1-884
2026-10-06 09:07:40,560 INFO o.a.j.t.JMeterThread: Thread started: S2 1-885
2026-10-06 09:07:40,570 INFO o.a.j.t.JMeterThread: Thread started: S2 1-886
2026-10-06 09:07:40,580 INFO o.a.j.t.JMeterThread: Thread started: S2 1-887
2026-10-06 09:07:40,590 INFO o.a.j.t.JMeterThread: Thread started: S2 1-888
2026-10-06 09:07:40,599 INFO o.a.j.t.JMeterThread: Thread started: S2 1-889
2026-10-06 09:07:40,609 INFO o.a.j.t.JMeterThread: Thread started: S2 1-890
2026-10-06 09:07:40,620 INFO o.a.j.t.JMeterThread: Thread started: S2 1-891
2026-10-06 09:07:40,629 INFO o.a.j.t.JMeterThread: Thread started: S2 1-892
2026-10-06 09:07:40,639 INFO o.a.j.t.JMeterThread: Thread started: S2 1-893
2026-10-06 09:07:40,651 INFO o.a.j.t.JMeterThread: Thread started: S2 1-894
2026-10-06 09:07:40,662 INFO o.a.j.t.JMeterThread: Thread started: S2 1-895
2026-10-06 09:07:40,669 INFO o.a.j.t.JMeterThread: Thread started: S2 1-896
2026-10-06 09:07:40,681 INFO o.a.j.t.JMeterThread: Thread started: S2 1-897
2026-10-06 09:07:40,689 INFO o.a.j.t.JMeterThread: Thread started: S2 1-898
2026-10-06 09:07:40,700 INFO o.a.j.t.JMeterThread: Thread started: S2 1-899
2026-10-06 09:07:40,710 INFO o.a.j.t.JMeterThread: Thread started: S2 1-900
2026-10-06 09:07:40,719 INFO o.a.j.t.JMeterThread: Thread started: S2 1-901
2026-10-06 09:07:40,730 INFO o.a.j.t.JMeterThread: Thread started: S2 1-902
2026-10-06 09:07:40,741 INFO o.a.j.t.JMeterThread: Thread started: S2 1-903
2026-10-06 09:07:40,750 INFO o.a.j.t.JMeterThread: Thread started: S2 1-904
2026-10-06 09:07:40,760 INFO o.a.j.t.JMeterThread: Thread started: S2 1-905
2026-10-06 09:07:40,770 INFO o.a.j.t.JMeterThread: Thread started: S2 1-906
2026-10-06 09:07:40,780 INFO o.a.j.t.JMeterThread: Thread started: S2 1-907
2026-10-06 09:07:40,789 INFO o.a.j.t.JMeterThread: Thread started: S2 1-908
2026-10-06 09:07:40,799 INFO o.a.j.t.JMeterThread: Thread started: S2 1-909
2026-10-06 09:07:40,810 INFO o.a.j.t.JMeterThread: Thread started: S2 1-910
2026-10-06 09:07:40,819 INFO o.a.j.t.JMeterThread: Thread started: S2 1-911
2026-10-06 09:07:40,830 INFO o.a.j.t.JMeterThread: Thread started: S2 1-912
2026-10-06 09:07:40,840 INFO o.a.j.t.JMeterThread: Thread started: S2 1-913
2026-10-06 09:07:40,851 INFO o.a.j.t.JMeterThread: Thread started: S2 1-914
2026-10-06 09:07:40,860 INFO o.a.j.t.JMeterThread: Thread started: S2 1-915
2026-10-06 09:07:40,869 INFO o.a.j.t.JMeterThread: Thread started: S2 1-916
2026-10-06 09:07:40,880 INFO o.a.j.t.JMeterThread: Thread started: S2 1-917
2026-10-06 09:07:40,889 INFO o.a.j.t.JMeterThread: Thread started: S2 1-918
2026-10-06 09:07:40,900 INFO o.a.j.t.JMeterThread: Thread started: S2 1-919
2026-10-06 09:07:40,911 INFO o.a.j.t.JMeterThread: Thread started: S2 1-920
2026-10-06 09:07:40,921 INFO o.a.j.t.JMeterThread: Thread started: S2 1-921
2026-10-06 09:07:40,929 INFO o.a.j.t.JMeterThread: Thread started: S2 1-922
2026-10-06 09:07:40,940 INFO o.a.j.t.JMeterThread: Thread started: S2 1-923
2026-10-06 09:07:40,950 INFO o.a.j.t.JMeterThread: Thread started: S2 1-924
2026-10-06 09:07:40,960 INFO o.a.j.t.JMeterThread: Thread started: S2 1-925
2026-10-06 09:07:40,970 INFO o.a.j.t.JMeterThread: Thread started: S2 1-926
2026-10-06 09:07:40,980 INFO o.a.j.t.JMeterThread: Thread started: S2 1-927
2026-10-06 09:07:40,990 INFO o.a.j.t.JMeterThread: Thread started: S2 1-928
2026-10-06 09:07:41,001 INFO o.a.j.t.JMeterThread: Thread started: S2 1-929
2026-10-06 09:07:41,009 INFO o.a.j.t.JMeterThread: Thread started: S2 1-930
2026-10-06 09:07:41,020 INFO o.a.j.t.JMeterThread: Thread started: S2 1-931
2026-10-06 09:07:41,031 INFO o.a.j.t.JMeterThread: Thread started: S2 1-932
2026-10-06 09:07:41,040 INFO o.a.j.t.JMeterThread: Thread started: S2 1-933
2026-10-06 09:07:41,050 INFO o.a.j.t.JMeterThread: Thread started: S2 1-934
2026-10-06 09:07:41,060 INFO o.a.j.t.JMeterThread: Thread started: S2 1-935
2026-10-06 09:07:41,070 INFO o.a.j.t.JMeterThread: Thread started: S2 1-936
2026-10-06 09:07:41,081 INFO o.a.j.t.JMeterThread: Thread started: S2 1-937
2026-10-06 09:07:41,091 INFO o.a.j.t.JMeterThread: Thread started: S2 1-938
2026-10-06 09:07:41,100 INFO o.a.j.t.JMeterThread: Thread started: S2 1-939
2026-10-06 09:07:41,110 INFO o.a.j.t.JMeterThread: Thread started: S2 1-940
2026-10-06 09:07:41,120 INFO o.a.j.t.JMeterThread: Thread started: S2 1-941
2026-10-06 09:07:41,131 INFO o.a.j.t.JMeterThread: Thread started: S2 1-942
2026-10-06 09:07:41,140 INFO o.a.j.t.JMeterThread: Thread started: S2 1-943
2026-10-06 09:07:41,151 INFO o.a.j.t.JMeterThread: Thread started: S2 1-944
2026-10-06 09:07:41,159 INFO o.a.j.t.JMeterThread: Thread started: S2 1-945
2026-10-06 09:07:41,171 INFO o.a.j.t.JMeterThread: Thread started: S2 1-946
2026-10-06 09:07:41,181 INFO o.a.j.t.JMeterThread: Thread started: S2 1-947
2026-10-06 09:07:41,191 INFO o.a.j.t.JMeterThread: Thread started: S2 1-948
2026-10-06 09:07:41,200 INFO o.a.j.t.JMeterThread: Thread started: S2 1-949
2026-10-06 09:07:41,210 INFO o.a.j.t.JMeterThread: Thread started: S2 1-950
2026-10-06 09:07:41,221 INFO o.a.j.t.JMeterThread: Thread started: S2 1-951
2026-10-06 09:07:41,229 INFO o.a.j.t.JMeterThread: Thread started: S2 1-952
2026-10-06 09:07:41,240 INFO o.a.j.t.JMeterThread: Thread started: S2 1-953
2026-10-06 09:07:41,250 INFO o.a.j.t.JMeterThread: Thread started: S2 1-954
2026-10-06 09:07:41,261 INFO o.a.j.t.JMeterThread: Thread started: S2 1-955
2026-10-06 09:07:41,271 INFO o.a.j.t.JMeterThread: Thread started: S2 1-956
2026-10-06 09:07:41,281 INFO o.a.j.t.JMeterThread: Thread started: S2 1-957
2026-10-06 09:07:41,290 INFO o.a.j.t.JMeterThread: Thread started: S2 1-958
2026-10-06 09:07:41,301 INFO o.a.j.t.JMeterThread: Thread started: S2 1-959
2026-10-06 09:07:41,309 INFO o.a.j.t.JMeterThread: Thread started: S2 1-960
2026-10-06 09:07:41,320 INFO o.a.j.t.JMeterThread: Thread started: S2 1-961
2026-10-06 09:07:41,331 INFO o.a.j.t.JMeterThread: Thread started: S2 1-962
2026-10-06 09:07:41,339 INFO o.a.j.t.JMeterThread: Thread started: S2 1-963
2026-10-06 09:07:41,360 INFO o.a.j.t.JMeterThread: Thread started: S2 1-964
2026-10-06 09:07:41,361 INFO o.a.j.t.JMeterThread: Thread started: S2 1-965
2026-10-06 09:07:41,369 INFO o.a.j.t.JMeterThread: Thread started: S2 1-966
2026-10-06 09:07:41,381 INFO o.a.j.t.JMeterThread: Thread started: S2 1-967
2026-10-06 09:07:41,391 INFO o.a.j.t.JMeterThread: Thread started: S2 1-968
2026-10-06 09:07:41,399 INFO o.a.j.t.JMeterThread: Thread started: S2 1-969
2026-10-06 09:07:41,410 INFO o.a.j.t.JMeterThread: Thread started: S2 1-970
2026-10-06 09:07:41,420 INFO o.a.j.t.JMeterThread: Thread started: S2 1-971
2026-10-06 09:07:41,429 INFO o.a.j.t.JMeterThread: Thread started: S2 1-972
2026-10-06 09:07:41,439 INFO o.a.j.t.JMeterThread: Thread started: S2 1-973
2026-10-06 09:07:41,450 INFO o.a.j.t.JMeterThread: Thread started: S2 1-974
2026-10-06 09:07:41,459 INFO o.a.j.t.JMeterThread: Thread started: S2 1-975
2026-10-06 09:07:41,469 INFO o.a.j.t.JMeterThread: Thread started: S2 1-976
2026-10-06 09:07:41,481 INFO o.a.j.t.JMeterThread: Thread started: S2 1-977
2026-10-06 09:07:41,489 INFO o.a.j.t.JMeterThread: Thread started: S2 1-978
2026-10-06 09:07:41,500 INFO o.a.j.t.JMeterThread: Thread started: S2 1-979
2026-10-06 09:07:41,510 INFO o.a.j.t.JMeterThread: Thread started: S2 1-980
2026-10-06 09:07:41,520 INFO o.a.j.t.JMeterThread: Thread started: S2 1-981
2026-10-06 09:07:41,531 INFO o.a.j.t.JMeterThread: Thread started: S2 1-982
2026-10-06 09:07:41,540 INFO o.a.j.t.JMeterThread: Thread started: S2 1-983
2026-10-06 09:07:41,550 INFO o.a.j.t.JMeterThread: Thread started: S2 1-984
2026-10-06 09:07:41,560 INFO o.a.j.t.JMeterThread: Thread started: S2 1-985
2026-10-06 09:07:41,569 INFO o.a.j.t.JMeterThread: Thread started: S2 1-986
2026-10-06 09:07:41,579 INFO o.a.j.t.JMeterThread: Thread started: S2 1-987
2026-10-06 09:07:41,590 INFO o.a.j.t.JMeterThread: Thread started: S2 1-988
2026-10-06 09:07:41,599 INFO o.a.j.t.JMeterThread: Thread started: S2 1-989
2026-10-06 09:07:41,610 INFO o.a.j.t.JMeterThread: Thread started: S2 1-990
2026-10-06 09:07:41,620 INFO o.a.j.t.JMeterThread: Thread started: S2 1-991
2026-10-06 09:07:41,630 INFO o.a.j.t.JMeterThread: Thread started: S2 1-992
2026-10-06 09:07:41,640 INFO o.a.j.t.JMeterThread: Thread started: S2 1-993
2026-10-06 09:07:41,651 INFO o.a.j.t.JMeterThread: Thread started: S2 1-994
2026-10-06 09:07:41,660 INFO o.a.j.t.JMeterThread: Thread started: S2 1-995
2026-10-06 09:07:41,670 INFO o.a.j.t.JMeterThread: Thread started: S2 1-996
2026-10-06 09:07:41,680 INFO o.a.j.t.JMeterThread: Thread started: S2 1-997
2026-10-06 09:07:41,690 INFO o.a.j.t.JMeterThread: Thread started: S2 1-998
2026-10-06 09:07:41,699 INFO o.a.j.t.JMeterThread: Thread started: S2 1-999
2026-10-06 09:07:41,709 INFO o.a.j.t.JMeterThread: Thread started: S2 1-1000
2026-10-06 09:08:00,007 INFO o.a.j.r.Summariser: summary +   5323 in 00:00:28 =  188.0/s Avg:  3891 Min:    12 Max:  5732 Err:     0 (0.00%) Active: 1000 Started: 1000 Finished: 0
2026-10-06 09:08:00,007 INFO o.a.j.r.Summariser: summary =   5324 in 00:00:27 =  194.3/s Avg:  3890 Min:    12 Max:  5732 Err:     0 (0.00%)
2026-10-06 09:08:30,002 INFO o.a.j.r.Summariser: summary +   6223 in 00:00:30 =  207.5/s Avg:  5106 Min:  4639 Max:  5571 Err:     0 (0.00%) Active: 1000 Started: 1000 Finished: 0
2026-10-06 09:08:30,002 INFO o.a.j.r.Summariser: summary =  11547 in 00:00:57 =  201.2/s Avg:  4546 Min:    12 Max:  5732 Err:     0 (0.00%)
2026-10-06 09:08:31,811 INFO o.a.j.t.JMeterThread: Stopping because end time detected by thread: S2 1-131
2026-10-06 09:08:31,811 INFO o.a.j.t.JMeterThread: Thread finished: S2 1-131
2026-10-06 09:08:31,829 INFO o.a.j.t.JMeterThread: Stopping because end time detected by thread: S2 1-34
2026-10-06 09:08:31,830 INFO o.a.j.t.JMeterThread: Thread finished: S2 1-34
2026-10-06 09:08:31,833 INFO o.a.j.t.JMeterThread: Stopping because end time detected by thread: S2 1-124
2026-10-06 09:08:31,833 INFO o.a.j.t.JMeterThread: Thread finished: S2 1-124
2026-10-06 09:08:31,833 INFO o.a.j.t.JMeterThread: Stopping because end time detected by thread: S2 1-122
2026-10-06 09:08:31,834 INFO o.a.j.t.JMeterThread: Thread finished: S2 1-122
2026-10-06 09:08:31,878 INFO o.a.j.t.JMeterThread: Stopping because end time detected by thread: S2 1-72
2026-10-06 09:08:31,878 INFO o.a.j.t.JMeterThread: Thread finished: S2 1-72
2026-10-06 09:08:31,893 INFO o.a.j.t.JMeterThread: Stopping because end time detected by thread: S2 1-43
2026-10-06 09:08:31,893 INFO o.a.j.t.JMeterThread: Thread finished: S2 1-43
2026-10-06 09:08:31,902 INFO o.a.j.t.JMeterThread: Stopping because end time detected by thread: S2 1-33
2026-10-06 09:08:31,902 INFO o.a.j.t.JMeterThread: Thread finished: S2 1-33
2026-10-06 09:08:31,926 INFO o.a.j.t.JMeterThread: Stopping because end time detected by thread: S2 1-215
2026-10-06 09:08:31,926 INFO o.a.j.t.JMeterThread: Thread finished: S2 1-215
2026-10-06 09:08:31,927 INFO o.a.j.t.JMeterThread: Stopping because end time detected by thread: S2 1-198
2026-10-06 09:08:31,927 INFO o.a.j.t.JMeterThread: Thread finished: S2 1-198
2026-10-06 09:08:31,944 INFO o.a.j.t.JMeterThread: Stopping because end time detected by thread: S2 1-189
2026-10-06 09:08:31,944 INFO o.a.j.t.JMeterThread: Thread finished: S2 1-189
2026-10-06 09:08:31,951 INFO o.a.j.t.JMeterThread: Stopping because end time detected by thread: S2 1-153
2026-10-06 09:08:31,951 INFO o.a.j.t.JMeterThread: Thread finished: S2 1-153
2026-10-06 09:08:31,987 INFO o.a.j.t.JMeterThread: Stopping because end time detected by thread: S2 1-331
2026-10-06 09:08:31,987 INFO o.a.j.t.JMeterThread: Thread finished: S2 1-331
2026-10-06 09:08:31,995 INFO o.a.j.t.JMeterThread: Stopping because end time detected by thread: S2 1-319
2026-10-06 09:08:31,995 INFO o.a.j.t.JMeterThread: Thread finished: S2 1-319
2026-10-06 09:08:32,003 INFO o.a.j.t.JMeterThread: Stopping because end time detected by thread: S2 1-216
2026-10-06 09:08:32,003 INFO o.a.j.t.JMeterThread: Thread finished: S2 1-216
2026-10-06 09:08:32,013 INFO o.a.j.t.JMeterThread: Stopping because end time detected by thread: S2 1-206
2026-10-06 09:08:32,013 INFO o.a.j.t.JMeterThread: Thread finished: S2 1-206
2026-10-06 09:08:32,028 INFO o.a.j.t.JMeterThread: Stopping because end time detected by thread: S2 1-490
2026-10-06 09:08:32,028 INFO o.a.j.t.JMeterThread: Thread finished: S2 1-490
2026-10-06 09:08:32,032 INFO o.a.j.t.JMeterThread: Stopping because end time detected by thread: S2 1-47
2026-10-06 09:08:32,033 INFO o.a.j.t.JMeterThread: Thread finished: S2 1-47
2026-10-06 09:08:32,035 INFO o.a.j.t.JMeterThread: Stopping because end time detected by thread: S2 1-81
2026-10-06 09:08:32,035 INFO o.a.j.t.JMeterThread: Thread finished: S2 1-81
2026-10-06 09:08:32,037 INFO o.a.j.t.JMeterThread: Stopping because end time detected by thread: S2 1-273
2026-10-06 09:08:32,037 INFO o.a.j.t.JMeterThread: Thread finished: S2 1-273
2026-10-06 09:08:32,063 INFO o.a.j.t.JMeterThread: Stopping because end time detected by thread: S2 1-45
2026-10-06 09:08:32,063 INFO o.a.j.t.JMeterThread: Thread finished: S2 1-45
2026-10-06 09:08:32,064 INFO o.a.j.t.JMeterThread: Stopping because end time detected by thread: S2 1-232
2026-10-06 09:08:32,064 INFO o.a.j.t.JMeterThread: Thread finished: S2 1-232
2026-10-06 09:08:32,070 INFO o.a.j.t.JMeterThread: Stopping because end time detected by thread: S2 1-80
2026-10-06 09:08:32,070 INFO o.a.j.t.JMeterThread: Thread finished: S2 1-80
2026-10-06 09:08:32,077 INFO o.a.j.t.JMeterThread: Stopping because end time detected by thread: S2 1-271
2026-10-06 09:08:32,077 INFO o.a.j.t.JMeterThread: Thread finished: S2 1-271
2026-10-06 09:08:32,080 INFO o.a.j.t.JMeterThread: Stopping because end time detected by thread: S2 1-123
2026-10-06 09:08:32,080 INFO o.a.j.t.JMeterThread: Thread finished: S2 1-123
2026-10-06 09:08:32,088 INFO o.a.j.t.JMeterThread: Stopping because end time detected by thread: S2 1-511
2026-10-06 09:08:32,088 INFO o.a.j.t.JMeterThread: Thread finished: S2 1-511
2026-10-06 09:08:32,089 INFO o.a.j.t.JMeterThread: Stopping because end time detected by thread: S2 1-220
2026-10-06 09:08:32,089 INFO o.a.j.t.JMeterThread: Thread finished: S2 1-220
2026-10-06 09:08:32,098 INFO o.a.j.t.JMeterThread: Stopping because end time detected by thread: S2 1-126
2026-10-06 09:08:32,099 INFO o.a.j.t.JMeterThread: Thread finished: S2 1-126
2026-10-06 09:08:32,128 INFO o.a.j.t.JMeterThread: Stopping because end time detected by thread: S2 1-93
2026-10-06 09:08:32,128 INFO o.a.j.t.JMeterThread: Thread finished: S2 1-93
2026-10-06 09:08:32,136 INFO o.a.j.t.JMeterThread: Stopping because end time detected by thread: S2 1-346
2026-10-06 09:08:32,136 INFO o.a.j.t.JMeterThread: Thread finished: S2 1-346
2026-10-06 09:08:32,143 INFO o.a.j.t.JMeterThread: Stopping because end time detected by thread: S2 1-335
2026-10-06 09:08:32,144 INFO o.a.j.t.JMeterThread: Thread finished: S2 1-335
2026-10-06 09:08:32,160 INFO o.a.j.t.JMeterThread: Stopping because end time detected by thread: S2 1-258
2026-10-06 09:08:32,160 INFO o.a.j.t.JMeterThread: Thread finished: S2 1-258
2026-10-06 09:08:32,161 INFO o.a.j.t.JMeterThread: Stopping because end time detected by thread: S2 1-494
2026-10-06 09:08:32,161 INFO o.a.j.t.JMeterThread: Thread finished: S2 1-494
2026-10-06 09:08:32,162 INFO o.a.j.t.JMeterThread: Stopping because end time detected by thread: S2 1-515
2026-10-06 09:08:32,162 INFO o.a.j.t.JMeterThread: Thread finished: S2 1-515
2026-10-06 09:08:32,176 INFO o.a.j.t.JMeterThread: Stopping because end time detected by thread: S2 1-787
2026-10-06 09:08:32,176 INFO o.a.j.t.JMeterThread: Thread finished: S2 1-787
2026-10-06 09:08:32,187 INFO o.a.j.t.JMeterThread: Stopping because end time detected by thread: S2 1-16
2026-10-06 09:08:32,187 INFO o.a.j.t.JMeterThread: Thread finished: S2 1-16
2026-10-06 09:08:32,193 INFO o.a.j.t.JMeterThread: Stopping because end time detected by thread: S2 1-791
2026-10-06 09:08:32,193 INFO o.a.j.t.JMeterThread: Thread finished: S2 1-791
2026-10-06 09:08:32,197 INFO o.a.j.t.JMeterThread: Stopping because end time detected by thread: S2 1-531
2026-10-06 09:08:32,197 INFO o.a.j.t.JMeterThread: Thread finished: S2 1-531
2026-10-06 09:08:32,197 INFO o.a.j.t.JMeterThread: Stopping because end time detected by thread: S2 1-127
2026-10-06 09:08:32,197 INFO o.a.j.t.JMeterThread: Thread finished: S2 1-127
2026-10-06 09:08:32,205 INFO o.a.j.t.JMeterThread: Stopping because end time detected by thread: S2 1-128
2026-10-06 09:08:32,206 INFO o.a.j.t.JMeterThread: Thread finished: S2 1-128
2026-10-06 09:08:32,210 INFO o.a.j.t.JMeterThread: Stopping because end time detected by thread: S2 1-219
2026-10-06 09:08:32,210 INFO o.a.j.t.JMeterThread: Thread finished: S2 1-219
2026-10-06 09:08:32,237 INFO o.a.j.t.JMeterThread: Stopping because end time detected by thread: S2 1-421
2026-10-06 09:08:32,237 INFO o.a.j.t.JMeterThread: Thread finished: S2 1-421
2026-10-06 09:08:32,241 INFO o.a.j.t.JMeterThread: Stopping because end time detected by thread: S2 1-824
2026-10-06 09:08:32,241 INFO o.a.j.t.JMeterThread: Thread finished: S2 1-824
2026-10-06 09:08:32,242 INFO o.a.j.t.JMeterThread: Stopping because end time detected by thread: S2 1-762
2026-10-06 09:08:32,242 INFO o.a.j.t.JMeterThread: Thread finished: S2 1-762
2026-10-06 09:08:32,246 INFO o.a.j.t.JMeterThread: Stopping because end time detected by thread: S2 1-519
2026-10-06 09:08:32,246 INFO o.a.j.t.JMeterThread: Thread finished: S2 1-519
2026-10-06 09:08:32,253 INFO o.a.j.t.JMeterThread: Stopping because end time detected by thread: S2 1-795
2026-10-06 09:08:32,253 INFO o.a.j.t.JMeterThread: Thread finished: S2 1-795
2026-10-06 09:08:32,265 INFO o.a.j.t.JMeterThread: Stopping because end time detected by thread: S2 1-540
2026-10-06 09:08:32,265 INFO o.a.j.t.JMeterThread: Thread finished: S2 1-540
2026-10-06 09:08:32,266 INFO o.a.j.t.JMeterThread: Stopping because end time detected by thread: S2 1-336
2026-10-06 09:08:32,266 INFO o.a.j.t.JMeterThread: Thread finished: S2 1-336
2026-10-06 09:08:32,267 INFO o.a.j.t.JMeterThread: Stopping because end time detected by thread: S2 1-202
2026-10-06 09:08:32,267 INFO o.a.j.t.JMeterThread: Thread finished: S2 1-202
2026-10-06 09:08:32,276 INFO o.a.j.t.JMeterThread: Stopping because end time detected by thread: S2 1-972
2026-10-06 09:08:32,276 INFO o.a.j.t.JMeterThread: Thread finished: S2 1-972
2026-10-06 09:08:32,279 INFO o.a.j.t.JMeterThread: Stopping because end time detected by thread: S2 1-766
2026-10-06 09:08:32,279 INFO o.a.j.t.JMeterThread: Thread finished: S2 1-766
2026-10-06 09:08:32,287 INFO o.a.j.t.JMeterThread: Stopping because end time detected by thread: S2 1-523
2026-10-06 09:08:32,287 INFO o.a.j.t.JMeterThread: Thread finished: S2 1-523
2026-10-06 09:08:32,290 INFO o.a.j.t.JMeterThread: Stopping because end time detected by thread: S2 1-507
2026-10-06 09:08:32,290 INFO o.a.j.t.JMeterThread: Thread finished: S2 1-507
2026-10-06 09:08:32,295 INFO o.a.j.t.JMeterThread: Stopping because end time detected by thread: S2 1-277
2026-10-06 09:08:32,295 INFO o.a.j.t.JMeterThread: Thread finished: S2 1-277
2026-10-06 09:08:32,296 INFO o.a.j.t.JMeterThread: Stopping because end time detected by thread: S2 1-348
2026-10-06 09:08:32,296 INFO o.a.j.t.JMeterThread: Thread finished: S2 1-348
2026-10-06 09:08:32,303 INFO o.a.j.t.JMeterThread: Stopping because end time detected by thread: S2 1-799
2026-10-06 09:08:32,303 INFO o.a.j.t.JMeterThread: Thread finished: S2 1-799
2026-10-06 09:08:32,307 INFO o.a.j.t.JMeterThread: Stopping because end time detected by thread: S2 1-649
2026-10-06 09:08:32,307 INFO o.a.j.t.JMeterThread: Thread finished: S2 1-649
2026-10-06 09:08:32,313 INFO o.a.j.t.JMeterThread: Stopping because end time detected by thread: S2 1-125
2026-10-06 09:08:32,313 INFO o.a.j.t.JMeterThread: Thread finished: S2 1-125
2026-10-06 09:08:32,325 INFO o.a.j.t.JMeterThread: Stopping because end time detected by thread: S2 1-976
2026-10-06 09:08:32,325 INFO o.a.j.t.JMeterThread: Stopping because end time detected by thread: S2 1-502
2026-10-06 09:08:32,325 INFO o.a.j.t.JMeterThread: Thread finished: S2 1-502
2026-10-06 09:08:32,325 INFO o.a.j.t.JMeterThread: Thread finished: S2 1-976
2026-10-06 09:08:32,327 INFO o.a.j.t.JMeterThread: Stopping because end time detected by thread: S2 1-76
2026-10-06 09:08:32,327 INFO o.a.j.t.JMeterThread: Thread finished: S2 1-76
2026-10-06 09:08:32,335 INFO o.a.j.t.JMeterThread: Stopping because end time detected by thread: S2 1-339
2026-10-06 09:08:32,335 INFO o.a.j.t.JMeterThread: Thread finished: S2 1-339
2026-10-06 09:08:32,338 INFO o.a.j.t.JMeterThread: Stopping because end time detected by thread: S2 1-425
2026-10-06 09:08:32,338 INFO o.a.j.t.JMeterThread: Thread finished: S2 1-425
2026-10-06 09:08:32,349 INFO o.a.j.t.JMeterThread: Stopping because end time detected by thread: S2 1-770
2026-10-06 09:08:32,349 INFO o.a.j.t.JMeterThread: Thread finished: S2 1-770
2026-10-06 09:08:32,351 INFO o.a.j.t.JMeterThread: Stopping because end time detected by thread: S2 1-828
2026-10-06 09:08:32,351 INFO o.a.j.t.JMeterThread: Stopping because end time detected by thread: S2 1-36
2026-10-06 09:08:32,351 INFO o.a.j.t.JMeterThread: Thread finished: S2 1-828
2026-10-06 09:08:32,351 INFO o.a.j.t.JMeterThread: Thread finished: S2 1-36
2026-10-06 09:08:32,360 INFO o.a.j.t.JMeterThread: Stopping because end time detected by thread: S2 1-803
2026-10-06 09:08:32,360 INFO o.a.j.t.JMeterThread: Thread finished: S2 1-803
2026-10-06 09:08:32,366 INFO o.a.j.t.JMeterThread: Stopping because end time detected by thread: S2 1-79
2026-10-06 09:08:32,366 INFO o.a.j.t.JMeterThread: Thread finished: S2 1-79
2026-10-06 09:08:32,370 INFO o.a.j.t.JMeterThread: Stopping because end time detected by thread: S2 1-134
2026-10-06 09:08:32,370 INFO o.a.j.t.JMeterThread: Thread finished: S2 1-134
2026-10-06 09:08:32,372 INFO o.a.j.t.JMeterThread: Stopping because end time detected by thread: S2 1-980
2026-10-06 09:08:32,372 INFO o.a.j.t.JMeterThread: Thread finished: S2 1-980
2026-10-06 09:08:32,384 INFO o.a.j.t.JMeterThread: Stopping because end time detected by thread: S2 1-653
2026-10-06 09:08:32,385 INFO o.a.j.t.JMeterThread: Thread finished: S2 1-653
2026-10-06 09:08:32,385 INFO o.a.j.t.JMeterThread: Stopping because end time detected by thread: S2 1-223
2026-10-06 09:08:32,385 INFO o.a.j.t.JMeterThread: Thread finished: S2 1-223
2026-10-06 09:08:32,389 INFO o.a.j.t.JMeterThread: Stopping because end time detected by thread: S2 1-544
2026-10-06 09:08:32,389 INFO o.a.j.t.JMeterThread: Thread finished: S2 1-544
2026-10-06 09:08:32,391 INFO o.a.j.t.JMeterThread: Stopping because end time detected by thread: S2 1-774
2026-10-06 09:08:32,391 INFO o.a.j.t.JMeterThread: Thread finished: S2 1-774
2026-10-06 09:08:32,392 INFO o.a.j.t.JMeterThread: Stopping because end time detected by thread: S2 1-807
2026-10-06 09:08:32,392 INFO o.a.j.t.JMeterThread: Thread finished: S2 1-807
2026-10-06 09:08:32,402 INFO o.a.j.t.JMeterThread: Stopping because end time detected by thread: S2 1-193
2026-10-06 09:08:32,402 INFO o.a.j.t.JMeterThread: Thread finished: S2 1-193
2026-10-06 09:08:32,403 INFO o.a.j.t.JMeterThread: Stopping because end time detected by thread: S2 1-343
2026-10-06 09:08:32,403 INFO o.a.j.t.JMeterThread: Thread finished: S2 1-343
2026-10-06 09:08:32,409 INFO o.a.j.t.JMeterThread: Stopping because end time detected by thread: S2 1-332
2026-10-06 09:08:32,409 INFO o.a.j.t.JMeterThread: Thread finished: S2 1-332
2026-10-06 09:08:32,413 INFO o.a.j.t.JMeterThread: Stopping because end time detected by thread: S2 1-536
2026-10-06 09:08:32,413 INFO o.a.j.t.JMeterThread: Thread finished: S2 1-536
2026-10-06 09:08:32,417 INFO o.a.j.t.JMeterThread: Stopping because end time detected by thread: S2 1-352
2026-10-06 09:08:32,417 INFO o.a.j.t.JMeterThread: Thread finished: S2 1-352
2026-10-06 09:08:32,418 INFO o.a.j.t.JMeterThread: Stopping because end time detected by thread: S2 1-506
2026-10-06 09:08:32,418 INFO o.a.j.t.JMeterThread: Thread finished: S2 1-506
2026-10-06 09:08:32,430 INFO o.a.j.t.JMeterThread: Stopping because end time detected by thread: S2 1-984
2026-10-06 09:08:32,430 INFO o.a.j.t.JMeterThread: Thread finished: S2 1-984
2026-10-06 09:08:32,439 INFO o.a.j.t.JMeterThread: Stopping because end time detected by thread: S2 1-657
2026-10-06 09:08:32,439 INFO o.a.j.t.JMeterThread: Thread finished: S2 1-657
2026-10-06 09:08:32,441 INFO o.a.j.t.JMeterThread: Stopping because end time detected by thread: S2 1-135
2026-10-06 09:08:32,441 INFO o.a.j.t.JMeterThread: Thread finished: S2 1-135
2026-10-06 09:08:32,443 INFO o.a.j.t.JMeterThread: Stopping because end time detected by thread: S2 1-778
2026-10-06 09:08:32,443 INFO o.a.j.t.JMeterThread: Thread finished: S2 1-778
2026-10-06 09:08:32,450 INFO o.a.j.t.JMeterThread: Stopping because end time detected by thread: S2 1-832
2026-10-06 09:08:32,451 INFO o.a.j.t.JMeterThread: Stopping because end time detected by thread: S2 1-988
2026-10-06 09:08:32,451 INFO o.a.j.t.JMeterThread: Thread finished: S2 1-832
2026-10-06 09:08:32,451 INFO o.a.j.t.JMeterThread: Thread finished: S2 1-988
2026-10-06 09:08:32,453 INFO o.a.j.t.JMeterThread: Stopping because end time detected by thread: S2 1-229
2026-10-06 09:08:32,453 INFO o.a.j.t.JMeterThread: Thread finished: S2 1-229
2026-10-06 09:08:32,455 INFO o.a.j.t.JMeterThread: Stopping because end time detected by thread: S2 1-811
2026-10-06 09:08:32,456 INFO o.a.j.t.JMeterThread: Thread finished: S2 1-811
2026-10-06 09:08:32,469 INFO o.a.j.t.JMeterThread: Stopping because end time detected by thread: S2 1-535
2026-10-06 09:08:32,470 INFO o.a.j.t.JMeterThread: Thread finished: S2 1-535
2026-10-06 09:08:32,478 INFO o.a.j.t.JMeterThread: Stopping because end time detected by thread: S2 1-224
2026-10-06 09:08:32,478 INFO o.a.j.t.JMeterThread: Thread finished: S2 1-224
2026-10-06 09:08:32,480 INFO o.a.j.t.JMeterThread: Stopping because end time detected by thread: S2 1-775
2026-10-06 09:08:32,480 INFO o.a.j.t.JMeterThread: Thread finished: S2 1-775
2026-10-06 09:08:32,480 INFO o.a.j.t.JMeterThread: Stopping because end time detected by thread: S2 1-281
2026-10-06 09:08:32,480 INFO o.a.j.t.JMeterThread: Thread finished: S2 1-281
2026-10-06 09:08:32,486 INFO o.a.j.t.JMeterThread: Stopping because end time detected by thread: S2 1-227
2026-10-06 09:08:32,486 INFO o.a.j.t.JMeterThread: Thread finished: S2 1-227
2026-10-06 09:08:32,497 INFO o.a.j.t.JMeterThread: Stopping because end time detected by thread: S2 1-836
2026-10-06 09:08:32,497 INFO o.a.j.t.JMeterThread: Thread finished: S2 1-836
2026-10-06 09:08:32,511 INFO o.a.j.t.JMeterThread: Stopping because end time detected by thread: S2 1-429
2026-10-06 09:08:32,511 INFO o.a.j.t.JMeterThread: Thread finished: S2 1-429
2026-10-06 09:08:32,512 INFO o.a.j.t.JMeterThread: Stopping because end time detected by thread: S2 1-779
2026-10-06 09:08:32,512 INFO o.a.j.t.JMeterThread: Thread finished: S2 1-779
2026-10-06 09:08:32,512 INFO o.a.j.t.JMeterThread: Stopping because end time detected by thread: S2 1-548
2026-10-06 09:08:32,512 INFO o.a.j.t.JMeterThread: Thread finished: S2 1-548
2026-10-06 09:08:32,515 INFO o.a.j.t.JMeterThread: Stopping because end time detected by thread: S2 1-815
2026-10-06 09:08:32,515 INFO o.a.j.t.JMeterThread: Thread finished: S2 1-815
2026-10-06 09:08:32,519 INFO o.a.j.t.JMeterThread: Stopping because end time detected by thread: S2 1-130
2026-10-06 09:08:32,519 INFO o.a.j.t.JMeterThread: Thread finished: S2 1-130
2026-10-06 09:08:32,524 INFO o.a.j.t.JMeterThread: Stopping because end time detected by thread: S2 1-992
2026-10-06 09:08:32,524 INFO o.a.j.t.JMeterThread: Thread finished: S2 1-992
2026-10-06 09:08:32,535 INFO o.a.j.t.JMeterThread: Stopping because end time detected by thread: S2 1-840
2026-10-06 09:08:32,535 INFO o.a.j.t.JMeterThread: Thread finished: S2 1-840
2026-10-06 09:08:32,535 INFO o.a.j.t.JMeterThread: Stopping because end time detected by thread: S2 1-129
2026-10-06 09:08:32,536 INFO o.a.j.t.JMeterThread: Thread finished: S2 1-129
2026-10-06 09:08:32,542 INFO o.a.j.t.JMeterThread: Stopping because end time detected by thread: S2 1-786
2026-10-06 09:08:32,542 INFO o.a.j.t.JMeterThread: Thread finished: S2 1-786
2026-10-06 09:08:32,551 INFO o.a.j.t.JMeterThread: Stopping because end time detected by thread: S2 1-345
2026-10-06 09:08:32,551 INFO o.a.j.t.JMeterThread: Thread finished: S2 1-345
2026-10-06 09:08:32,553 INFO o.a.j.t.JMeterThread: Stopping because end time detected by thread: S2 1-510
2026-10-06 09:08:32,553 INFO o.a.j.t.JMeterThread: Thread finished: S2 1-510
2026-10-06 09:08:32,555 INFO o.a.j.t.JMeterThread: Stopping because end time detected by thread: S2 1-661
2026-10-06 09:08:32,555 INFO o.a.j.t.JMeterThread: Thread finished: S2 1-661
2026-10-06 09:08:32,557 INFO o.a.j.t.JMeterThread: Stopping because end time detected by thread: S2 1-359
2026-10-06 09:08:32,557 INFO o.a.j.t.JMeterThread: Thread finished: S2 1-359
2026-10-06 09:08:32,574 INFO o.a.j.t.JMeterThread: Stopping because end time detected by thread: S2 1-539
2026-10-06 09:08:32,574 INFO o.a.j.t.JMeterThread: Thread finished: S2 1-539
2026-10-06 09:08:32,576 INFO o.a.j.t.JMeterThread: Stopping because end time detected by thread: S2 1-996
2026-10-06 09:08:32,576 INFO o.a.j.t.JMeterThread: Thread finished: S2 1-996
2026-10-06 09:08:32,578 INFO o.a.j.t.JMeterThread: Stopping because end time detected by thread: S2 1-132
2026-10-06 09:08:32,578 INFO o.a.j.t.JMeterThread: Thread finished: S2 1-132
2026-10-06 09:08:32,581 INFO o.a.j.t.JMeterThread: Stopping because end time detected by thread: S2 1-326
2026-10-06 09:08:32,581 INFO o.a.j.t.JMeterThread: Thread finished: S2 1-326
2026-10-06 09:08:32,590 INFO o.a.j.t.JMeterThread: Stopping because end time detected by thread: S2 1-433
2026-10-06 09:08:32,590 INFO o.a.j.t.JMeterThread: Thread finished: S2 1-433
2026-10-06 09:08:32,593 INFO o.a.j.t.JMeterThread: Stopping because end time detected by thread: S2 1-844
2026-10-06 09:08:32,593 INFO o.a.j.t.JMeterThread: Thread finished: S2 1-844
2026-10-06 09:08:32,599 INFO o.a.j.t.JMeterThread: Stopping because end time detected by thread: S2 1-665
2026-10-06 09:08:32,599 INFO o.a.j.t.JMeterThread: Thread finished: S2 1-665
2026-10-06 09:08:32,602 INFO o.a.j.t.JMeterThread: Stopping because end time detected by thread: S2 1-552
2026-10-06 09:08:32,602 INFO o.a.j.t.JMeterThread: Thread finished: S2 1-552
2026-10-06 09:08:32,608 INFO o.a.j.t.JMeterThread: Stopping because end time detected by thread: S2 1-637
2026-10-06 09:08:32,608 INFO o.a.j.t.JMeterThread: Thread finished: S2 1-637
2026-10-06 09:08:32,610 INFO o.a.j.t.JMeterThread: Stopping because end time detected by thread: S2 1-790
2026-10-06 09:08:32,610 INFO o.a.j.t.JMeterThread: Thread finished: S2 1-790
2026-10-06 09:08:32,613 INFO o.a.j.t.JMeterThread: Stopping because end time detected by thread: S2 1-77
2026-10-06 09:08:32,613 INFO o.a.j.t.JMeterThread: Thread finished: S2 1-77
2026-10-06 09:08:32,616 INFO o.a.j.t.JMeterThread: Stopping because end time detected by thread: S2 1-82
2026-10-06 09:08:32,616 INFO o.a.j.t.JMeterThread: Thread finished: S2 1-82
2026-10-06 09:08:32,624 INFO o.a.j.t.JMeterThread: Stopping because end time detected by thread: S2 1-197
2026-10-06 09:08:32,624 INFO o.a.j.t.JMeterThread: Thread finished: S2 1-197
2026-10-06 09:08:32,625 INFO o.a.j.t.JMeterThread: Stopping because end time detected by thread: S2 1-794
2026-10-06 09:08:32,625 INFO o.a.j.t.JMeterThread: Thread finished: S2 1-794
2026-10-06 09:08:32,633 INFO o.a.j.t.JMeterThread: Stopping because end time detected by thread: S2 1-83
2026-10-06 09:08:32,633 INFO o.a.j.t.JMeterThread: Thread finished: S2 1-83
2026-10-06 09:08:32,633 INFO o.a.j.t.JMeterThread: Stopping because end time detected by thread: S2 1-605
2026-10-06 09:08:32,633 INFO o.a.j.t.JMeterThread: Thread finished: S2 1-605
2026-10-06 09:08:32,634 INFO o.a.j.t.JMeterThread: Stopping because end time detected by thread: S2 1-848
2026-10-06 09:08:32,634 INFO o.a.j.t.JMeterThread: Thread finished: S2 1-848
2026-10-06 09:08:32,637 INFO o.a.j.t.JMeterThread: Stopping because end time detected by thread: S2 1-230
2026-10-06 09:08:32,638 INFO o.a.j.t.JMeterThread: Thread finished: S2 1-230
2026-10-06 09:08:32,643 INFO o.a.j.t.JMeterThread: Stopping because end time detected by thread: S2 1-823
2026-10-06 09:08:32,643 INFO o.a.j.t.JMeterThread: Thread finished: S2 1-823
2026-10-06 09:08:32,645 INFO o.a.j.t.JMeterThread: Stopping because end time detected by thread: S2 1-514
2026-10-06 09:08:32,645 INFO o.a.j.t.JMeterThread: Thread finished: S2 1-514
2026-10-06 09:08:32,650 INFO o.a.j.t.JMeterThread: Stopping because end time detected by thread: S2 1-556
2026-10-06 09:08:32,650 INFO o.a.j.t.JMeterThread: Thread finished: S2 1-556
2026-10-06 09:08:32,661 INFO o.a.j.t.JMeterThread: Stopping because end time detected by thread: S2 1-360
2026-10-06 09:08:32,661 INFO o.a.j.t.JMeterThread: Thread finished: S2 1-360
2026-10-06 09:08:32,664 INFO o.a.j.t.JMeterThread: Stopping because end time detected by thread: S2 1-351
2026-10-06 09:08:32,664 INFO o.a.j.t.JMeterThread: Thread finished: S2 1-351
2026-10-06 09:08:32,665 INFO o.a.j.t.JMeterThread: Stopping because end time detected by thread: S2 1-798
2026-10-06 09:08:32,665 INFO o.a.j.t.JMeterThread: Thread finished: S2 1-798
2026-10-06 09:08:32,668 INFO o.a.j.t.JMeterThread: Stopping because end time detected by thread: S2 1-669
2026-10-06 09:08:32,668 INFO o.a.j.t.JMeterThread: Thread finished: S2 1-669
2026-10-06 09:08:32,675 INFO o.a.j.t.JMeterThread: Stopping because end time detected by thread: S2 1-10
2026-10-06 09:08:32,675 INFO o.a.j.t.JMeterThread: Thread finished: S2 1-10
2026-10-06 09:08:32,681 INFO o.a.j.t.JMeterThread: Stopping because end time detected by thread: S2 1-827
2026-10-06 09:08:32,681 INFO o.a.j.t.JMeterThread: Thread finished: S2 1-827
2026-10-06 09:08:32,683 INFO o.a.j.t.JMeterThread: Stopping because end time detected by thread: S2 1-2
2026-10-06 09:08:32,683 INFO o.a.j.t.JMeterThread: Thread finished: S2 1-2
2026-10-06 09:08:32,683 INFO o.a.j.t.JMeterThread: Stopping because end time detected by thread: S2 1-330
2026-10-06 09:08:32,683 INFO o.a.j.t.JMeterThread: Thread finished: S2 1-330
2026-10-06 09:08:32,686 INFO o.a.j.t.JMeterThread: Stopping because end time detected by thread: S2 1-228
2026-10-06 09:08:32,686 INFO o.a.j.t.JMeterThread: Thread finished: S2 1-228
2026-10-06 09:08:32,693 INFO o.a.j.t.JMeterThread: Stopping because end time detected by thread: S2 1-543
2026-10-06 09:08:32,693 INFO o.a.j.t.JMeterThread: Thread finished: S2 1-543
2026-10-06 09:08:32,695 INFO o.a.j.t.JMeterThread: Stopping because end time detected by thread: S2 1-852
2026-10-06 09:08:32,695 INFO o.a.j.t.JMeterThread: Thread finished: S2 1-852
2026-10-06 09:08:32,703 INFO o.a.j.t.JMeterThread: Stopping because end time detected by thread: S2 1-28
2026-10-06 09:08:32,703 INFO o.a.j.t.JMeterThread: Thread finished: S2 1-28
2026-10-06 09:08:32,715 INFO o.a.j.t.JMeterThread: Stopping because end time detected by thread: S2 1-437
2026-10-06 09:08:32,715 INFO o.a.j.t.JMeterThread: Thread finished: S2 1-437
2026-10-06 09:08:32,715 INFO o.a.j.t.JMeterThread: Stopping because end time detected by thread: S2 1-231
2026-10-06 09:08:32,715 INFO o.a.j.t.JMeterThread: Thread finished: S2 1-231
2026-10-06 09:08:32,717 INFO o.a.j.t.JMeterThread: Stopping because end time detected by thread: S2 1-560
2026-10-06 09:08:32,717 INFO o.a.j.t.JMeterThread: Thread finished: S2 1-560
2026-10-06 09:08:32,720 INFO o.a.j.t.JMeterThread: Stopping because end time detected by thread: S2 1-802
2026-10-06 09:08:32,720 INFO o.a.j.t.JMeterThread: Thread finished: S2 1-802
2026-10-06 09:08:32,726 INFO o.a.j.t.JMeterThread: Stopping because end time detected by thread: S2 1-364
2026-10-06 09:08:32,726 INFO o.a.j.t.JMeterThread: Thread finished: S2 1-364
2026-10-06 09:08:32,732 INFO o.a.j.t.JMeterThread: Stopping because end time detected by thread: S2 1-673
2026-10-06 09:08:32,732 INFO o.a.j.t.JMeterThread: Thread finished: S2 1-673
2026-10-06 09:08:32,742 INFO o.a.j.t.JMeterThread: Stopping because end time detected by thread: S2 1-285
2026-10-06 09:08:32,743 INFO o.a.j.t.JMeterThread: Thread finished: S2 1-285
2026-10-06 09:08:32,743 INFO o.a.j.t.JMeterThread: Stopping because end time detected by thread: S2 1-818
2026-10-06 09:08:32,743 INFO o.a.j.t.JMeterThread: Thread finished: S2 1-818
2026-10-06 09:08:32,749 INFO o.a.j.t.JMeterThread: Stopping because end time detected by thread: S2 1-201
2026-10-06 09:08:32,749 INFO o.a.j.t.JMeterThread: Thread finished: S2 1-201
2026-10-06 09:08:32,750 INFO o.a.j.t.JMeterThread: Stopping because end time detected by thread: S2 1-518
2026-10-06 09:08:32,750 INFO o.a.j.t.JMeterThread: Thread finished: S2 1-518
2026-10-06 09:08:32,750 INFO o.a.j.t.JMeterThread: Stopping because end time detected by thread: S2 1-857
2026-10-06 09:08:32,750 INFO o.a.j.t.JMeterThread: Thread finished: S2 1-857
2026-10-06 09:08:32,762 INFO o.a.j.t.JMeterThread: Stopping because end time detected by thread: S2 1-26
2026-10-06 09:08:32,762 INFO o.a.j.t.JMeterThread: Thread finished: S2 1-26
2026-10-06 09:08:32,763 INFO o.a.j.t.JMeterThread: Stopping because end time detected by thread: S2 1-355
2026-10-06 09:08:32,763 INFO o.a.j.t.JMeterThread: Thread finished: S2 1-355
2026-10-06 09:08:32,763 INFO o.a.j.t.JMeterThread: Stopping because end time detected by thread: S2 1-86
2026-10-06 09:08:32,763 INFO o.a.j.t.JMeterThread: Thread finished: S2 1-86
2026-10-06 09:08:32,771 INFO o.a.j.t.JMeterThread: Stopping because end time detected by thread: S2 1-677
2026-10-06 09:08:32,771 INFO o.a.j.t.JMeterThread: Thread finished: S2 1-677
2026-10-06 09:08:32,771 INFO o.a.j.t.JMeterThread: Stopping because end time detected by thread: S2 1-806
2026-10-06 09:08:32,772 INFO o.a.j.t.JMeterThread: Thread finished: S2 1-806
2026-10-06 09:08:32,790 INFO o.a.j.t.JMeterThread: Stopping because end time detected by thread: S2 1-522
2026-10-06 09:08:32,790 INFO o.a.j.t.JMeterThread: Thread finished: S2 1-522
2026-10-06 09:08:32,791 INFO o.a.j.t.JMeterThread: Stopping because end time detected by thread: S2 1-87
2026-10-06 09:08:32,791 INFO o.a.j.t.JMeterThread: Thread finished: S2 1-87
2026-10-06 09:08:32,793 INFO o.a.j.t.JMeterThread: Stopping because end time detected by thread: S2 1-139
2026-10-06 09:08:32,794 INFO o.a.j.t.JMeterThread: Thread finished: S2 1-139
2026-10-06 09:08:32,800 INFO o.a.j.t.JMeterThread: Stopping because end time detected by thread: S2 1-446
2026-10-06 09:08:32,800 INFO o.a.j.t.JMeterThread: Thread finished: S2 1-446
2026-10-06 09:08:32,804 INFO o.a.j.t.JMeterThread: Stopping because end time detected by thread: S2 1-564
2026-10-06 09:08:32,804 INFO o.a.j.t.JMeterThread: Thread finished: S2 1-564
2026-10-06 09:08:32,806 INFO o.a.j.t.JMeterThread: Stopping because end time detected by thread: S2 1-547
2026-10-06 09:08:32,806 INFO o.a.j.t.JMeterThread: Thread finished: S2 1-547
2026-10-06 09:08:32,818 INFO o.a.j.t.JMeterThread: Stopping because end time detected by thread: S2 1-334
2026-10-06 09:08:32,818 INFO o.a.j.t.JMeterThread: Thread finished: S2 1-334
2026-10-06 09:08:32,820 INFO o.a.j.t.JMeterThread: Stopping because end time detected by thread: S2 1-136
2026-10-06 09:08:32,820 INFO o.a.j.t.JMeterThread: Thread finished: S2 1-136
2026-10-06 09:08:32,821 INFO o.a.j.t.JMeterThread: Stopping because end time detected by thread: S2 1-289
2026-10-06 09:08:32,821 INFO o.a.j.t.JMeterThread: Thread finished: S2 1-289
2026-10-06 09:08:32,829 INFO o.a.j.t.JMeterThread: Stopping because end time detected by thread: S2 1-810
2026-10-06 09:08:32,829 INFO o.a.j.t.JMeterThread: Thread finished: S2 1-810
2026-10-06 09:08:32,833 INFO o.a.j.t.JMeterThread: Stopping because end time detected by thread: S2 1-835
2026-10-06 09:08:32,833 INFO o.a.j.t.JMeterThread: Thread finished: S2 1-835
2026-10-06 09:08:32,844 INFO o.a.j.t.JMeterThread: Stopping because end time detected by thread: S2 1-681
2026-10-06 09:08:32,844 INFO o.a.j.t.JMeterThread: Thread finished: S2 1-681
2026-10-06 09:08:32,850 INFO o.a.j.t.JMeterThread: Stopping because end time detected by thread: S2 1-214
2026-10-06 09:08:32,850 INFO o.a.j.t.JMeterThread: Thread finished: S2 1-214
2026-10-06 09:08:32,850 INFO o.a.j.t.JMeterThread: Stopping because end time detected by thread: S2 1-369
2026-10-06 09:08:32,850 INFO o.a.j.t.JMeterThread: Thread finished: S2 1-369
2026-10-06 09:08:32,856 INFO o.a.j.t.JMeterThread: Stopping because end time detected by thread: S2 1-235
2026-10-06 09:08:32,856 INFO o.a.j.t.JMeterThread: Thread finished: S2 1-235
2026-10-06 09:08:32,858 INFO o.a.j.t.JMeterThread: Stopping because end time detected by thread: S2 1-864
2026-10-06 09:08:32,859 INFO o.a.j.t.JMeterThread: Thread finished: S2 1-864
2026-10-06 09:08:32,861 INFO o.a.j.t.JMeterThread: Stopping because end time detected by thread: S2 1-814
2026-10-06 09:08:32,861 INFO o.a.j.t.JMeterThread: Thread finished: S2 1-814
2026-10-06 09:08:32,863 INFO o.a.j.t.JMeterThread: Stopping because end time detected by thread: S2 1-133
2026-10-06 09:08:32,864 INFO o.a.j.t.JMeterThread: Thread finished: S2 1-133
2026-10-06 09:08:32,870 INFO o.a.j.t.JMeterThread: Stopping because end time detected by thread: S2 1-445
2026-10-06 09:08:32,870 INFO o.a.j.t.JMeterThread: Thread finished: S2 1-445
2026-10-06 09:08:32,873 INFO o.a.j.t.JMeterThread: Stopping because end time detected by thread: S2 1-526
2026-10-06 09:08:32,873 INFO o.a.j.t.JMeterThread: Thread finished: S2 1-526
2026-10-06 09:08:32,876 INFO o.a.j.t.JMeterThread: Stopping because end time detected by thread: S2 1-356
2026-10-06 09:08:32,876 INFO o.a.j.t.JMeterThread: Thread finished: S2 1-356
2026-10-06 09:08:32,889 INFO o.a.j.t.JMeterThread: Stopping because end time detected by thread: S2 1-338
2026-10-06 09:08:32,889 INFO o.a.j.t.JMeterThread: Thread finished: S2 1-338
2026-10-06 09:08:32,889 INFO o.a.j.t.JMeterThread: Stopping because end time detected by thread: S2 1-614
2026-10-06 09:08:32,889 INFO o.a.j.t.JMeterThread: Thread finished: S2 1-614
2026-10-06 09:08:32,898 INFO o.a.j.t.JMeterThread: Stopping because end time detected by thread: S2 1-839
2026-10-06 09:08:32,899 INFO o.a.j.t.JMeterThread: Thread finished: S2 1-839
2026-10-06 09:08:32,900 INFO o.a.j.t.JMeterThread: Stopping because end time detected by thread: S2 1-205
2026-10-06 09:08:32,900 INFO o.a.j.t.JMeterThread: Thread finished: S2 1-205
2026-10-06 09:08:32,911 INFO o.a.j.t.JMeterThread: Stopping because end time detected by thread: S2 1-831
2026-10-06 09:08:32,911 INFO o.a.j.t.JMeterThread: Thread finished: S2 1-831
2026-10-06 09:08:32,917 INFO o.a.j.t.JMeterThread: Stopping because end time detected by thread: S2 1-868
2026-10-06 09:08:32,917 INFO o.a.j.t.JMeterThread: Thread finished: S2 1-868
2026-10-06 09:08:32,925 INFO o.a.j.t.JMeterThread: Stopping because end time detected by thread: S2 1-551
2026-10-06 09:08:32,925 INFO o.a.j.t.JMeterThread: Thread finished: S2 1-551
2026-10-06 09:08:32,933 INFO o.a.j.t.JMeterThread: Stopping because end time detected by thread: S2 1-685
2026-10-06 09:08:32,933 INFO o.a.j.t.JMeterThread: Thread finished: S2 1-685
2026-10-06 09:08:32,936 INFO o.a.j.t.JMeterThread: Stopping because end time detected by thread: S2 1-528
2026-10-06 09:08:32,936 INFO o.a.j.t.JMeterThread: Thread finished: S2 1-528
2026-10-06 09:08:32,942 INFO o.a.j.t.JMeterThread: Stopping because end time detected by thread: S2 1-568
2026-10-06 09:08:32,942 INFO o.a.j.t.JMeterThread: Thread finished: S2 1-568
2026-10-06 09:08:32,946 INFO o.a.j.t.JMeterThread: Stopping because end time detected by thread: S2 1-843
2026-10-06 09:08:32,946 INFO o.a.j.t.JMeterThread: Thread finished: S2 1-843
2026-10-06 09:08:32,960 INFO o.a.j.t.JMeterThread: Stopping because end time detected by thread: S2 1-293
2026-10-06 09:08:32,961 INFO o.a.j.t.JMeterThread: Thread finished: S2 1-293
2026-10-06 09:08:32,961 INFO o.a.j.t.JMeterThread: Stopping because end time detected by thread: S2 1-49
2026-10-06 09:08:32,961 INFO o.a.j.t.JMeterThread: Thread finished: S2 1-49
2026-10-06 09:08:32,963 INFO o.a.j.t.JMeterThread: Stopping because end time detected by thread: S2 1-860
2026-10-06 09:08:32,963 INFO o.a.j.t.JMeterThread: Thread finished: S2 1-860
2026-10-06 09:08:32,969 INFO o.a.j.t.JMeterThread: Stopping because end time detected by thread: S2 1-822
2026-10-06 09:08:32,969 INFO o.a.j.t.JMeterThread: Thread finished: S2 1-822
2026-10-06 09:08:32,970 INFO o.a.j.t.JMeterThread: Stopping because end time detected by thread: S2 1-372
2026-10-06 09:08:32,970 INFO o.a.j.t.JMeterThread: Thread finished: S2 1-372
2026-10-06 09:08:32,972 INFO o.a.j.t.JMeterThread: Stopping because end time detected by thread: S2 1-689
2026-10-06 09:08:32,972 INFO o.a.j.t.JMeterThread: Thread finished: S2 1-689
2026-10-06 09:08:32,973 INFO o.a.j.t.JMeterThread: Stopping because end time detected by thread: S2 1-143
2026-10-06 09:08:32,973 INFO o.a.j.t.JMeterThread: Thread finished: S2 1-143
2026-10-06 09:08:32,987 INFO o.a.j.t.JMeterThread: Stopping because end time detected by thread: S2 1-872
2026-10-06 09:08:32,987 INFO o.a.j.t.JMeterThread: Thread finished: S2 1-872
2026-10-06 09:08:32,988 INFO o.a.j.t.JMeterThread: Stopping because end time detected by thread: S2 1-530
2026-10-06 09:08:32,988 INFO o.a.j.t.JMeterThread: Thread finished: S2 1-530
2026-10-06 09:08:33,001 INFO o.a.j.t.JMeterThread: Stopping because end time detected by thread: S2 1-847
2026-10-06 09:08:33,001 INFO o.a.j.t.JMeterThread: Thread finished: S2 1-847
2026-10-06 09:08:33,002 INFO o.a.j.t.JMeterThread: Stopping because end time detected by thread: S2 1-449
2026-10-06 09:08:33,002 INFO o.a.j.t.JMeterThread: Thread finished: S2 1-449
2026-10-06 09:08:33,014 INFO o.a.j.t.JMeterThread: Stopping because end time detected by thread: S2 1-555
2026-10-06 09:08:33,014 INFO o.a.j.t.JMeterThread: Thread finished: S2 1-555
2026-10-06 09:08:33,015 INFO o.a.j.t.JMeterThread: Stopping because end time detected by thread: S2 1-572
2026-10-06 09:08:33,015 INFO o.a.j.t.JMeterThread: Thread finished: S2 1-572
2026-10-06 09:08:33,016 INFO o.a.j.t.JMeterThread: Stopping because end time detected by thread: S2 1-342
2026-10-06 09:08:33,016 INFO o.a.j.t.JMeterThread: Thread finished: S2 1-342
2026-10-06 09:08:33,024 INFO o.a.j.t.JMeterThread: Stopping because end time detected by thread: S2 1-826
2026-10-06 09:08:33,025 INFO o.a.j.t.JMeterThread: Thread finished: S2 1-826
2026-10-06 09:08:33,027 INFO o.a.j.t.JMeterThread: Stopping because end time detected by thread: S2 1-363
2026-10-06 09:08:33,027 INFO o.a.j.t.JMeterThread: Thread finished: S2 1-363
2026-10-06 09:08:33,028 INFO o.a.j.t.JMeterThread: Stopping because end time detected by thread: S2 1-97
2026-10-06 09:08:33,028 INFO o.a.j.t.JMeterThread: Thread finished: S2 1-97
2026-10-06 09:08:33,038 INFO o.a.j.t.JMeterThread: Stopping because end time detected by thread: S2 1-851
2026-10-06 09:08:33,038 INFO o.a.j.t.JMeterThread: Thread finished: S2 1-851
2026-10-06 09:08:33,039 INFO o.a.j.t.JMeterThread: Stopping because end time detected by thread: S2 1-51
2026-10-06 09:08:33,039 INFO o.a.j.t.JMeterThread: Thread finished: S2 1-51
2026-10-06 09:08:33,043 INFO o.a.j.t.JMeterThread: Stopping because end time detected by thread: S2 1-140
2026-10-06 09:08:33,043 INFO o.a.j.t.JMeterThread: Thread finished: S2 1-140
2026-10-06 09:08:33,043 INFO o.a.j.t.JMeterThread: Stopping because end time detected by thread: S2 1-453
2026-10-06 09:08:33,043 INFO o.a.j.t.JMeterThread: Thread finished: S2 1-453
2026-10-06 09:08:33,056 INFO o.a.j.t.JMeterThread: Stopping because end time detected by thread: S2 1-534
2026-10-06 09:08:33,056 INFO o.a.j.t.JMeterThread: Thread finished: S2 1-534
2026-10-06 09:08:33,058 INFO o.a.j.t.JMeterThread: Stopping because end time detected by thread: S2 1-1000
2026-10-06 09:08:33,058 INFO o.a.j.t.JMeterThread: Thread finished: S2 1-1000
2026-10-06 09:08:33,065 INFO o.a.j.t.JMeterThread: Stopping because end time detected by thread: S2 1-830
2026-10-06 09:08:33,065 INFO o.a.j.t.JMeterThread: Thread finished: S2 1-830
2026-10-06 09:08:33,068 INFO o.a.j.t.JMeterThread: Stopping because end time detected by thread: S2 1-693
2026-10-06 09:08:33,068 INFO o.a.j.t.JMeterThread: Thread finished: S2 1-693
2026-10-06 09:08:33,071 INFO o.a.j.t.JMeterThread: Stopping because end time detected by thread: S2 1-89
2026-10-06 09:08:33,071 INFO o.a.j.t.JMeterThread: Thread finished: S2 1-89
2026-10-06 09:08:33,079 INFO o.a.j.t.JMeterThread: Stopping because end time detected by thread: S2 1-559
2026-10-06 09:08:33,079 INFO o.a.j.t.JMeterThread: Thread finished: S2 1-559
2026-10-06 09:08:33,082 INFO o.a.j.t.JMeterThread: Stopping because end time detected by thread: S2 1-297
2026-10-06 09:08:33,082 INFO o.a.j.t.JMeterThread: Thread finished: S2 1-297
2026-10-06 09:08:33,087 INFO o.a.j.t.JMeterThread: Stopping because end time detected by thread: S2 1-376
2026-10-06 09:08:33,087 INFO o.a.j.t.JMeterThread: Thread finished: S2 1-376
2026-10-06 09:08:33,093 INFO o.a.j.t.JMeterThread: Stopping because end time detected by thread: S2 1-218
2026-10-06 09:08:33,093 INFO o.a.j.t.JMeterThread: Thread finished: S2 1-218
2026-10-06 09:08:33,096 INFO o.a.j.t.JMeterThread: Stopping because end time detected by thread: S2 1-697
2026-10-06 09:08:33,096 INFO o.a.j.t.JMeterThread: Thread finished: S2 1-697
2026-10-06 09:08:33,106 INFO o.a.j.t.JMeterThread: Stopping because end time detected by thread: S2 1-367
2026-10-06 09:08:33,106 INFO o.a.j.t.JMeterThread: Thread finished: S2 1-367
2026-10-06 09:08:33,110 INFO o.a.j.t.JMeterThread: Stopping because end time detected by thread: S2 1-576
2026-10-06 09:08:33,110 INFO o.a.j.t.JMeterThread: Thread finished: S2 1-576
2026-10-06 09:08:33,117 INFO o.a.j.t.JMeterThread: Stopping because end time detected by thread: S2 1-58
2026-10-06 09:08:33,117 INFO o.a.j.t.JMeterThread: Thread finished: S2 1-58
2026-10-06 09:08:33,117 INFO o.a.j.t.JMeterThread: Stopping because end time detected by thread: S2 1-855
2026-10-06 09:08:33,117 INFO o.a.j.t.JMeterThread: Thread finished: S2 1-855
2026-10-06 09:08:33,118 INFO o.a.j.t.JMeterThread: Stopping because end time detected by thread: S2 1-834
2026-10-06 09:08:33,118 INFO o.a.j.t.JMeterThread: Thread finished: S2 1-834
2026-10-06 09:08:33,125 INFO o.a.j.t.JMeterThread: Stopping because end time detected by thread: S2 1-880
2026-10-06 09:08:33,125 INFO o.a.j.t.JMeterThread: Thread finished: S2 1-880
2026-10-06 09:08:33,137 INFO o.a.j.t.JMeterThread: Stopping because end time detected by thread: S2 1-37
2026-10-06 09:08:33,137 INFO o.a.j.t.JMeterThread: Thread finished: S2 1-37
2026-10-06 09:08:33,139 INFO o.a.j.t.JMeterThread: Stopping because end time detected by thread: S2 1-457
2026-10-06 09:08:33,140 INFO o.a.j.t.JMeterThread: Thread finished: S2 1-457
2026-10-06 09:08:33,145 INFO o.a.j.t.JMeterThread: Stopping because end time detected by thread: S2 1-538
2026-10-06 09:08:33,145 INFO o.a.j.t.JMeterThread: Thread finished: S2 1-538
2026-10-06 09:08:33,153 INFO o.a.j.t.JMeterThread: Stopping because end time detected by thread: S2 1-344
2026-10-06 09:08:33,153 INFO o.a.j.t.JMeterThread: Thread finished: S2 1-344
2026-10-06 09:08:33,154 INFO o.a.j.t.JMeterThread: Stopping because end time detected by thread: S2 1-236
2026-10-06 09:08:33,154 INFO o.a.j.t.JMeterThread: Thread finished: S2 1-236
2026-10-06 09:08:33,159 INFO o.a.j.t.JMeterThread: Stopping because end time detected by thread: S2 1-563
2026-10-06 09:08:33,159 INFO o.a.j.t.JMeterThread: Thread finished: S2 1-563
2026-10-06 09:08:33,165 INFO o.a.j.t.JMeterThread: Stopping because end time detected by thread: S2 1-209
2026-10-06 09:08:33,165 INFO o.a.j.t.JMeterThread: Thread finished: S2 1-209
2026-10-06 09:08:33,179 INFO o.a.j.t.JMeterThread: Stopping because end time detected by thread: S2 1-14
2026-10-06 09:08:33,179 INFO o.a.j.t.JMeterThread: Thread finished: S2 1-14
2026-10-06 09:08:33,182 INFO o.a.j.t.JMeterThread: Stopping because end time detected by thread: S2 1-52
2026-10-06 09:08:33,183 INFO o.a.j.t.JMeterThread: Thread finished: S2 1-52
2026-10-06 09:08:33,185 INFO o.a.j.t.JMeterThread: Stopping because end time detected by thread: S2 1-243
2026-10-06 09:08:33,185 INFO o.a.j.t.JMeterThread: Thread finished: S2 1-243
2026-10-06 09:08:33,187 INFO o.a.j.t.JMeterThread: Stopping because end time detected by thread: S2 1-701
2026-10-06 09:08:33,188 INFO o.a.j.t.JMeterThread: Thread finished: S2 1-701
2026-10-06 09:08:33,195 INFO o.a.j.t.JMeterThread: Stopping because end time detected by thread: S2 1-838
2026-10-06 09:08:33,195 INFO o.a.j.t.JMeterThread: Thread finished: S2 1-838
2026-10-06 09:08:33,196 INFO o.a.j.t.JMeterThread: Stopping because end time detected by thread: S2 1-461
2026-10-06 09:08:33,196 INFO o.a.j.t.JMeterThread: Thread finished: S2 1-461
2026-10-06 09:08:33,208 INFO o.a.j.t.JMeterThread: Stopping because end time detected by thread: S2 1-542
2026-10-06 09:08:33,208 INFO o.a.j.t.JMeterThread: Thread finished: S2 1-542
2026-10-06 09:08:33,208 INFO o.a.j.t.JMeterThread: Stopping because end time detected by thread: S2 1-705
2026-10-06 09:08:33,208 INFO o.a.j.t.JMeterThread: Thread finished: S2 1-705
2026-10-06 09:08:33,214 INFO o.a.j.t.JMeterThread: Stopping because end time detected by thread: S2 1-884
2026-10-06 09:08:33,214 INFO o.a.j.t.JMeterThread: Thread finished: S2 1-884
2026-10-06 09:08:33,218 INFO o.a.j.t.JMeterThread: Stopping because end time detected by thread: S2 1-859
2026-10-06 09:08:33,218 INFO o.a.j.t.JMeterThread: Thread finished: S2 1-859
2026-10-06 09:08:33,226 INFO o.a.j.t.JMeterThread: Stopping because end time detected by thread: S2 1-842
2026-10-06 09:08:33,226 INFO o.a.j.t.JMeterThread: Thread finished: S2 1-842
2026-10-06 09:08:33,233 INFO o.a.j.t.JMeterThread: Stopping because end time detected by thread: S2 1-303
2026-10-06 09:08:33,233 INFO o.a.j.t.JMeterThread: Thread finished: S2 1-303
2026-10-06 09:08:33,246 INFO o.a.j.t.JMeterThread: Stopping because end time detected by thread: S2 1-580
2026-10-06 09:08:33,247 INFO o.a.j.t.JMeterThread: Thread finished: S2 1-580
2026-10-06 09:08:33,248 INFO o.a.j.t.JMeterThread: Stopping because end time detected by thread: S2 1-6
2026-10-06 09:08:33,248 INFO o.a.j.t.JMeterThread: Thread finished: S2 1-6
2026-10-06 09:08:33,248 INFO o.a.j.t.JMeterThread: Stopping because end time detected by thread: S2 1-74
2026-10-06 09:08:33,248 INFO o.a.j.t.JMeterThread: Thread finished: S2 1-74
2026-10-06 09:08:33,250 INFO o.a.j.t.JMeterThread: Stopping because end time detected by thread: S2 1-222
2026-10-06 09:08:33,250 INFO o.a.j.t.JMeterThread: Thread finished: S2 1-222
2026-10-06 09:08:33,261 INFO o.a.j.t.JMeterThread: Stopping because end time detected by thread: S2 1-240
2026-10-06 09:08:33,261 INFO o.a.j.t.JMeterThread: Thread finished: S2 1-240
2026-10-06 09:08:33,264 INFO o.a.j.t.JMeterThread: Stopping because end time detected by thread: S2 1-709
2026-10-06 09:08:33,264 INFO o.a.j.t.JMeterThread: Thread finished: S2 1-709
2026-10-06 09:08:33,264 INFO o.a.j.t.JMeterThread: Stopping because end time detected by thread: S2 1-863
2026-10-06 09:08:33,264 INFO o.a.j.t.JMeterThread: Thread finished: S2 1-863
2026-10-06 09:08:33,271 INFO o.a.j.t.JMeterThread: Stopping because end time detected by thread: S2 1-350
2026-10-06 09:08:33,271 INFO o.a.j.t.JMeterThread: Thread finished: S2 1-350
2026-10-06 09:08:33,276 INFO o.a.j.t.JMeterThread: Stopping because end time detected by thread: S2 1-567
2026-10-06 09:08:33,276 INFO o.a.j.t.JMeterThread: Thread finished: S2 1-567
2026-10-06 09:08:33,278 INFO o.a.j.t.JMeterThread: Stopping because end time detected by thread: S2 1-888
2026-10-06 09:08:33,278 INFO o.a.j.t.JMeterThread: Thread finished: S2 1-888
2026-10-06 09:08:33,279 INFO o.a.j.t.JMeterThread: Stopping because end time detected by thread: S2 1-54
2026-10-06 09:08:33,279 INFO o.a.j.t.JMeterThread: Thread finished: S2 1-54
2026-10-06 09:08:33,286 INFO o.a.j.t.JMeterThread: Stopping because end time detected by thread: S2 1-584
2026-10-06 09:08:33,286 INFO o.a.j.t.JMeterThread: Thread finished: S2 1-584
2026-10-06 09:08:33,298 INFO o.a.j.t.JMeterThread: Stopping because end time detected by thread: S2 1-465
2026-10-06 09:08:33,298 INFO o.a.j.t.JMeterThread: Thread finished: S2 1-465
2026-10-06 09:08:33,299 INFO o.a.j.t.JMeterThread: Stopping because end time detected by thread: S2 1-371
2026-10-06 09:08:33,299 INFO o.a.j.t.JMeterThread: Thread finished: S2 1-371
2026-10-06 09:08:33,308 INFO o.a.j.t.JMeterThread: Stopping because end time detected by thread: S2 1-846
2026-10-06 09:08:33,308 INFO o.a.j.t.JMeterThread: Thread finished: S2 1-846
2026-10-06 09:08:33,312 INFO o.a.j.t.JMeterThread: Stopping because end time detected by thread: S2 1-713
2026-10-06 09:08:33,312 INFO o.a.j.t.JMeterThread: Thread finished: S2 1-713
2026-10-06 09:08:33,322 INFO o.a.j.t.JMeterThread: Stopping because end time detected by thread: S2 1-380
2026-10-06 09:08:33,322 INFO o.a.j.t.JMeterThread: Thread finished: S2 1-380
2026-10-06 09:08:33,330 INFO o.a.j.t.JMeterThread: Stopping because end time detected by thread: S2 1-867
2026-10-06 09:08:33,330 INFO o.a.j.t.JMeterThread: Thread finished: S2 1-867
2026-10-06 09:08:33,338 INFO o.a.j.t.JMeterThread: Stopping because end time detected by thread: S2 1-305
2026-10-06 09:08:33,338 INFO o.a.j.t.JMeterThread: Thread finished: S2 1-305
2026-10-06 09:08:33,342 INFO o.a.j.t.JMeterThread: Stopping because end time detected by thread: S2 1-546
2026-10-06 09:08:33,342 INFO o.a.j.t.JMeterThread: Thread finished: S2 1-546
2026-10-06 09:08:33,343 INFO o.a.j.t.JMeterThread: Stopping because end time detected by thread: S2 1-247
2026-10-06 09:08:33,343 INFO o.a.j.t.JMeterThread: Thread finished: S2 1-247
2026-10-06 09:08:33,356 INFO o.a.j.t.JMeterThread: Stopping because end time detected by thread: S2 1-137
2026-10-06 09:08:33,356 INFO o.a.j.t.JMeterThread: Stopping because end time detected by thread: S2 1-892
2026-10-06 09:08:33,356 INFO o.a.j.t.JMeterThread: Thread finished: S2 1-137
2026-10-06 09:08:33,356 INFO o.a.j.t.JMeterThread: Thread finished: S2 1-892
2026-10-06 09:08:33,365 INFO o.a.j.t.JMeterThread: Stopping because end time detected by thread: S2 1-354
2026-10-06 09:08:33,365 INFO o.a.j.t.JMeterThread: Thread finished: S2 1-354
2026-10-06 09:08:33,373 INFO o.a.j.t.JMeterThread: Stopping because end time detected by thread: S2 1-84
2026-10-06 09:08:33,374 INFO o.a.j.t.JMeterThread: Thread finished: S2 1-84
2026-10-06 09:08:33,374 INFO o.a.j.t.JMeterThread: Stopping because end time detected by thread: S2 1-871
2026-10-06 09:08:33,374 INFO o.a.j.t.JMeterThread: Thread finished: S2 1-871
2026-10-06 09:08:33,388 INFO o.a.j.t.JMeterThread: Stopping because end time detected by thread: S2 1-717
2026-10-06 09:08:33,388 INFO o.a.j.t.JMeterThread: Thread finished: S2 1-717
2026-10-06 09:08:33,390 INFO o.a.j.t.JMeterThread: Stopping because end time detected by thread: S2 1-571
2026-10-06 09:08:33,390 INFO o.a.j.t.JMeterThread: Thread finished: S2 1-571
2026-10-06 09:08:33,401 INFO o.a.j.t.JMeterThread: Stopping because end time detected by thread: S2 1-147
2026-10-06 09:08:33,401 INFO o.a.j.t.JMeterThread: Thread finished: S2 1-147
2026-10-06 09:08:33,403 INFO o.a.j.t.JMeterThread: Stopping because end time detected by thread: S2 1-244
2026-10-06 09:08:33,403 INFO o.a.j.t.JMeterThread: Thread finished: S2 1-244
2026-10-06 09:08:33,404 INFO o.a.j.t.JMeterThread: Stopping because end time detected by thread: S2 1-469
2026-10-06 09:08:33,404 INFO o.a.j.t.JMeterThread: Thread finished: S2 1-469
2026-10-06 09:08:33,405 INFO o.a.j.t.JMeterThread: Stopping because end time detected by thread: S2 1-850
2026-10-06 09:08:33,405 INFO o.a.j.t.JMeterThread: Thread finished: S2 1-850
2026-10-06 09:08:33,425 INFO o.a.j.t.JMeterThread: Stopping because end time detected by thread: S2 1-896
2026-10-06 09:08:33,425 INFO o.a.j.t.JMeterThread: Thread finished: S2 1-896
2026-10-06 09:08:33,426 INFO o.a.j.t.JMeterThread: Stopping because end time detected by thread: S2 1-226
2026-10-06 09:08:33,426 INFO o.a.j.t.JMeterThread: Thread finished: S2 1-226
2026-10-06 09:08:33,429 INFO o.a.j.t.JMeterThread: Stopping because end time detected by thread: S2 1-213
2026-10-06 09:08:33,429 INFO o.a.j.t.JMeterThread: Thread finished: S2 1-213
2026-10-06 09:08:33,431 INFO o.a.j.t.JMeterThread: Stopping because end time detected by thread: S2 1-875
2026-10-06 09:08:33,431 INFO o.a.j.t.JMeterThread: Thread finished: S2 1-875
2026-10-06 09:08:33,440 INFO o.a.j.t.JMeterThread: Stopping because end time detected by thread: S2 1-854
2026-10-06 09:08:33,440 INFO o.a.j.t.JMeterThread: Thread finished: S2 1-854
2026-10-06 09:08:33,446 INFO o.a.j.t.JMeterThread: Stopping because end time detected by thread: S2 1-88
2026-10-06 09:08:33,446 INFO o.a.j.t.JMeterThread: Thread finished: S2 1-88
2026-10-06 09:08:33,450 INFO o.a.j.t.JMeterThread: Stopping because end time detected by thread: S2 1-721
2026-10-06 09:08:33,451 INFO o.a.j.t.JMeterThread: Thread finished: S2 1-721
2026-10-06 09:08:33,455 INFO o.a.j.t.JMeterThread: Stopping because end time detected by thread: S2 1-588
2026-10-06 09:08:33,455 INFO o.a.j.t.JMeterThread: Thread finished: S2 1-588
2026-10-06 09:08:33,462 INFO o.a.j.t.JMeterThread: Stopping because end time detected by thread: S2 1-575
2026-10-06 09:08:33,462 INFO o.a.j.t.JMeterThread: Thread finished: S2 1-575
2026-10-06 09:08:33,469 INFO o.a.j.t.JMeterThread: Stopping because end time detected by thread: S2 1-550
2026-10-06 09:08:33,469 INFO o.a.j.t.JMeterThread: Thread finished: S2 1-550
2026-10-06 09:08:33,474 INFO o.a.j.t.JMeterThread: Stopping because end time detected by thread: S2 1-101
2026-10-06 09:08:33,474 INFO o.a.j.t.JMeterThread: Thread finished: S2 1-101
2026-10-06 09:08:33,482 INFO o.a.j.t.JMeterThread: Stopping because end time detected by thread: S2 1-900
2026-10-06 09:08:33,483 INFO o.a.j.t.JMeterThread: Thread finished: S2 1-900
2026-10-06 09:08:33,487 INFO o.a.j.t.JMeterThread: Stopping because end time detected by thread: S2 1-375
2026-10-06 09:08:33,487 INFO o.a.j.t.JMeterThread: Thread finished: S2 1-375
2026-10-06 09:08:33,501 INFO o.a.j.t.JMeterThread: Stopping because end time detected by thread: S2 1-473
2026-10-06 09:08:33,501 INFO o.a.j.t.JMeterThread: Thread finished: S2 1-473
2026-10-06 09:08:33,515 INFO o.a.j.t.JMeterThread: Stopping because end time detected by thread: S2 1-384
2026-10-06 09:08:33,515 INFO o.a.j.t.JMeterThread: Thread finished: S2 1-384
2026-10-06 09:08:33,520 INFO o.a.j.t.JMeterThread: Stopping because end time detected by thread: S2 1-858
2026-10-06 09:08:33,520 INFO o.a.j.t.JMeterThread: Thread finished: S2 1-858
2026-10-06 09:08:33,520 INFO o.a.j.t.JMeterThread: Stopping because end time detected by thread: S2 1-725
2026-10-06 09:08:33,520 INFO o.a.j.t.JMeterThread: Thread finished: S2 1-725
2026-10-06 09:08:33,525 INFO o.a.j.t.JMeterThread: Stopping because end time detected by thread: S2 1-879
2026-10-06 09:08:33,525 INFO o.a.j.t.JMeterThread: Thread finished: S2 1-879
2026-10-06 09:08:33,531 INFO o.a.j.t.JMeterThread: Stopping because end time detected by thread: S2 1-309
2026-10-06 09:08:33,531 INFO o.a.j.t.JMeterThread: Thread finished: S2 1-309
2026-10-06 09:08:33,546 INFO o.a.j.t.JMeterThread: Stopping because end time detected by thread: S2 1-217
2026-10-06 09:08:33,546 INFO o.a.j.t.JMeterThread: Thread finished: S2 1-217
2026-10-06 09:08:33,550 INFO o.a.j.t.JMeterThread: Stopping because end time detected by thread: S2 1-251
2026-10-06 09:08:33,550 INFO o.a.j.t.JMeterThread: Stopping because end time detected by thread: S2 1-8
2026-10-06 09:08:33,550 INFO o.a.j.t.JMeterThread: Thread finished: S2 1-8
2026-10-06 09:08:33,550 INFO o.a.j.t.JMeterThread: Thread finished: S2 1-251
2026-10-06 09:08:33,554 INFO o.a.j.t.JMeterThread: Stopping because end time detected by thread: S2 1-592
2026-10-06 09:08:33,554 INFO o.a.j.t.JMeterThread: Thread finished: S2 1-592
2026-10-06 09:08:33,557 INFO o.a.j.t.JMeterThread: Stopping because end time detected by thread: S2 1-468
2026-10-06 09:08:33,557 INFO o.a.j.t.JMeterThread: Thread finished: S2 1-468
2026-10-06 09:08:33,569 INFO o.a.j.t.JMeterThread: Stopping because end time detected by thread: S2 1-904
2026-10-06 09:08:33,569 INFO o.a.j.t.JMeterThread: Thread finished: S2 1-904
2026-10-06 09:08:33,580 INFO o.a.j.t.JMeterThread: Stopping because end time detected by thread: S2 1-358
2026-10-06 09:08:33,580 INFO o.a.j.t.JMeterThread: Thread finished: S2 1-358
2026-10-06 09:08:33,595 INFO o.a.j.t.JMeterThread: Stopping because end time detected by thread: S2 1-579
2026-10-06 09:08:33,595 INFO o.a.j.t.JMeterThread: Thread finished: S2 1-579
2026-10-06 09:08:33,605 INFO o.a.j.t.JMeterThread: Stopping because end time detected by thread: S2 1-862
2026-10-06 09:08:33,605 INFO o.a.j.t.JMeterThread: Thread finished: S2 1-862
2026-10-06 09:08:33,605 INFO o.a.j.t.JMeterThread: Stopping because end time detected by thread: S2 1-144
2026-10-06 09:08:33,605 INFO o.a.j.t.JMeterThread: Thread finished: S2 1-144
2026-10-06 09:08:33,614 INFO o.a.j.t.JMeterThread: Stopping because end time detected by thread: S2 1-729
2026-10-06 09:08:33,614 INFO o.a.j.t.JMeterThread: Thread finished: S2 1-729
2026-10-06 09:08:33,625 INFO o.a.j.t.JMeterThread: Stopping because end time detected by thread: S2 1-138
2026-10-06 09:08:33,625 INFO o.a.j.t.JMeterThread: Thread finished: S2 1-138
2026-10-06 09:08:33,634 INFO o.a.j.t.JMeterThread: Stopping because end time detected by thread: S2 1-387
2026-10-06 09:08:33,634 INFO o.a.j.t.JMeterThread: Thread finished: S2 1-387
2026-10-06 09:08:33,634 INFO o.a.j.t.JMeterThread: Stopping because end time detected by thread: S2 1-883
2026-10-06 09:08:33,635 INFO o.a.j.t.JMeterThread: Thread finished: S2 1-883
2026-10-06 09:08:33,645 INFO o.a.j.t.JMeterThread: Stopping because end time detected by thread: S2 1-379
2026-10-06 09:08:33,646 INFO o.a.j.t.JMeterThread: Thread finished: S2 1-379
2026-10-06 09:08:33,649 INFO o.a.j.t.JMeterThread: Stopping because end time detected by thread: S2 1-141
2026-10-06 09:08:33,649 INFO o.a.j.t.JMeterThread: Thread finished: S2 1-141
2026-10-06 09:08:33,657 INFO o.a.j.t.JMeterThread: Stopping because end time detected by thread: S2 1-908
2026-10-06 09:08:33,657 INFO o.a.j.t.JMeterThread: Thread finished: S2 1-908
2026-10-06 09:08:33,664 INFO o.a.j.t.JMeterThread: Stopping because end time detected by thread: S2 1-733
2026-10-06 09:08:33,664 INFO o.a.j.t.JMeterThread: Thread finished: S2 1-733
2026-10-06 09:08:33,672 INFO o.a.j.t.JMeterThread: Stopping because end time detected by thread: S2 1-554
2026-10-06 09:08:33,672 INFO o.a.j.t.JMeterThread: Thread finished: S2 1-554
2026-10-06 09:08:33,687 INFO o.a.j.t.JMeterThread: Stopping because end time detected by thread: S2 1-313
2026-10-06 09:08:33,688 INFO o.a.j.t.JMeterThread: Thread finished: S2 1-313
2026-10-06 09:08:33,695 INFO o.a.j.t.JMeterThread: Stopping because end time detected by thread: S2 1-583
2026-10-06 09:08:33,695 INFO o.a.j.t.JMeterThread: Thread finished: S2 1-583
2026-10-06 09:08:33,701 INFO o.a.j.t.JMeterThread: Stopping because end time detected by thread: S2 1-596
2026-10-06 09:08:33,701 INFO o.a.j.t.JMeterThread: Thread finished: S2 1-596
2026-10-06 09:08:33,712 INFO o.a.j.t.JMeterThread: Stopping because end time detected by thread: S2 1-362
2026-10-06 09:08:33,712 INFO o.a.j.t.JMeterThread: Thread finished: S2 1-362
2026-10-06 09:08:33,713 INFO o.a.j.t.JMeterThread: Stopping because end time detected by thread: S2 1-887
2026-10-06 09:08:33,713 INFO o.a.j.t.JMeterThread: Thread finished: S2 1-887
2026-10-06 09:08:33,715 INFO o.a.j.t.JMeterThread: Stopping because end time detected by thread: S2 1-912
2026-10-06 09:08:33,715 INFO o.a.j.t.JMeterThread: Thread finished: S2 1-912
2026-10-06 09:08:33,720 INFO o.a.j.t.JMeterThread: Stopping because end time detected by thread: S2 1-866
2026-10-06 09:08:33,720 INFO o.a.j.t.JMeterThread: Thread finished: S2 1-866
2026-10-06 09:08:33,726 INFO o.a.j.t.JMeterThread: Stopping because end time detected by thread: S2 1-481
2026-10-06 09:08:33,726 INFO o.a.j.t.JMeterThread: Thread finished: S2 1-481
2026-10-06 09:08:33,735 INFO o.a.j.t.JMeterThread: Stopping because end time detected by thread: S2 1-44
2026-10-06 09:08:33,735 INFO o.a.j.t.JMeterThread: Thread finished: S2 1-44
2026-10-06 09:08:33,748 INFO o.a.j.t.JMeterThread: Stopping because end time detected by thread: S2 1-388
2026-10-06 09:08:33,748 INFO o.a.j.t.JMeterThread: Thread finished: S2 1-388
2026-10-06 09:08:33,757 INFO o.a.j.t.JMeterThread: Stopping because end time detected by thread: S2 1-239
2026-10-06 09:08:33,757 INFO o.a.j.t.JMeterThread: Stopping because end time detected by thread: S2 1-383
2026-10-06 09:08:33,757 INFO o.a.j.t.JMeterThread: Thread finished: S2 1-239
2026-10-06 09:08:33,757 INFO o.a.j.t.JMeterThread: Thread finished: S2 1-383
2026-10-06 09:08:33,758 INFO o.a.j.t.JMeterThread: Stopping because end time detected by thread: S2 1-916
2026-10-06 09:08:33,758 INFO o.a.j.t.JMeterThread: Thread finished: S2 1-916
2026-10-06 09:08:33,762 INFO o.a.j.t.JMeterThread: Stopping because end time detected by thread: S2 1-737
2026-10-06 09:08:33,762 INFO o.a.j.t.JMeterThread: Thread finished: S2 1-737
2026-10-06 09:08:33,770 INFO o.a.j.t.JMeterThread: Stopping because end time detected by thread: S2 1-870
2026-10-06 09:08:33,770 INFO o.a.j.t.JMeterThread: Thread finished: S2 1-870
2026-10-06 09:08:33,782 INFO o.a.j.t.JMeterThread: Stopping because end time detected by thread: S2 1-891
2026-10-06 09:08:33,782 INFO o.a.j.t.JMeterThread: Thread finished: S2 1-891
2026-10-06 09:08:33,789 INFO o.a.j.t.JMeterThread: Stopping because end time detected by thread: S2 1-75
2026-10-06 09:08:33,789 INFO o.a.j.t.JMeterThread: Thread finished: S2 1-75
2026-10-06 09:08:33,791 INFO o.a.j.t.JMeterThread: Stopping because end time detected by thread: S2 1-558
2026-10-06 09:08:33,791 INFO o.a.j.t.JMeterThread: Thread finished: S2 1-558
2026-10-06 09:08:33,793 INFO o.a.j.t.JMeterThread: Stopping because end time detected by thread: S2 1-248
2026-10-06 09:08:33,793 INFO o.a.j.t.JMeterThread: Thread finished: S2 1-248
2026-10-06 09:08:33,797 INFO o.a.j.t.JMeterThread: Stopping because end time detected by thread: S2 1-317
2026-10-06 09:08:33,797 INFO o.a.j.t.JMeterThread: Thread finished: S2 1-317
2026-10-06 09:08:33,799 INFO o.a.j.t.JMeterThread: Stopping because end time detected by thread: S2 1-587
2026-10-06 09:08:33,799 INFO o.a.j.t.JMeterThread: Thread finished: S2 1-587
2026-10-06 09:08:33,804 INFO o.a.j.t.JMeterThread: Stopping because end time detected by thread: S2 1-55
2026-10-06 09:08:33,804 INFO o.a.j.t.JMeterThread: Thread finished: S2 1-55
2026-10-06 09:08:33,807 INFO o.a.j.t.JMeterThread: Stopping because end time detected by thread: S2 1-91
2026-10-06 09:08:33,807 INFO o.a.j.t.JMeterThread: Thread finished: S2 1-91
2026-10-06 09:08:33,815 INFO o.a.j.t.JMeterThread: Stopping because end time detected by thread: S2 1-741
2026-10-06 09:08:33,815 INFO o.a.j.t.JMeterThread: Thread finished: S2 1-741
2026-10-06 09:08:33,818 INFO o.a.j.t.JMeterThread: Stopping because end time detected by thread: S2 1-366
2026-10-06 09:08:33,819 INFO o.a.j.t.JMeterThread: Thread finished: S2 1-366
2026-10-06 09:08:33,827 INFO o.a.j.t.JMeterThread: Stopping because end time detected by thread: S2 1-600
2026-10-06 09:08:33,827 INFO o.a.j.t.JMeterThread: Thread finished: S2 1-600
2026-10-06 09:08:33,830 INFO o.a.j.t.JMeterThread: Stopping because end time detected by thread: S2 1-151
2026-10-06 09:08:33,830 INFO o.a.j.t.JMeterThread: Thread finished: S2 1-151
2026-10-06 09:08:33,837 INFO o.a.j.t.JMeterThread: Stopping because end time detected by thread: S2 1-485
2026-10-06 09:08:33,837 INFO o.a.j.t.JMeterThread: Thread finished: S2 1-485
2026-10-06 09:08:33,839 INFO o.a.j.t.JMeterThread: Stopping because end time detected by thread: S2 1-874
2026-10-06 09:08:33,839 INFO o.a.j.t.JMeterThread: Thread finished: S2 1-874
2026-10-06 09:08:33,843 INFO o.a.j.t.JMeterThread: Stopping because end time detected by thread: S2 1-895
2026-10-06 09:08:33,844 INFO o.a.j.t.JMeterThread: Thread finished: S2 1-895
2026-10-06 09:08:33,845 INFO o.a.j.t.JMeterThread: Stopping because end time detected by thread: S2 1-920
2026-10-06 09:08:33,845 INFO o.a.j.t.JMeterThread: Thread finished: S2 1-920
2026-10-06 09:08:33,853 INFO o.a.j.t.JMeterThread: Stopping because end time detected by thread: S2 1-392
2026-10-06 09:08:33,853 INFO o.a.j.t.JMeterThread: Thread finished: S2 1-392
2026-10-06 09:08:33,859 INFO o.a.j.t.JMeterThread: Stopping because end time detected by thread: S2 1-11
2026-10-06 09:08:33,859 INFO o.a.j.t.JMeterThread: Thread finished: S2 1-11
2026-10-06 09:08:33,862 INFO o.a.j.t.JMeterThread: Stopping because end time detected by thread: S2 1-562
2026-10-06 09:08:33,862 INFO o.a.j.t.JMeterThread: Thread finished: S2 1-562
2026-10-06 09:08:33,862 INFO o.a.j.t.JMeterThread: Stopping because end time detected by thread: S2 1-148
2026-10-06 09:08:33,863 INFO o.a.j.t.JMeterThread: Thread finished: S2 1-148
2026-10-06 09:08:33,873 INFO o.a.j.t.JMeterThread: Stopping because end time detected by thread: S2 1-3
2026-10-06 09:08:33,873 INFO o.a.j.t.JMeterThread: Thread finished: S2 1-3
2026-10-06 09:08:33,881 INFO o.a.j.t.JMeterThread: Stopping because end time detected by thread: S2 1-924
2026-10-06 09:08:33,881 INFO o.a.j.t.JMeterThread: Thread finished: S2 1-924
2026-10-06 09:08:33,881 INFO o.a.j.t.JMeterThread: Stopping because end time detected by thread: S2 1-142
2026-10-06 09:08:33,881 INFO o.a.j.t.JMeterThread: Thread finished: S2 1-142
2026-10-06 09:08:33,890 INFO o.a.j.t.JMeterThread: Stopping because end time detected by thread: S2 1-745
2026-10-06 09:08:33,890 INFO o.a.j.t.JMeterThread: Thread finished: S2 1-745
2026-10-06 09:08:33,899 INFO o.a.j.t.JMeterThread: Stopping because end time detected by thread: S2 1-604
2026-10-06 09:08:33,899 INFO o.a.j.t.JMeterThread: Thread finished: S2 1-604
2026-10-06 09:08:33,902 INFO o.a.j.t.JMeterThread: Stopping because end time detected by thread: S2 1-878
2026-10-06 09:08:33,903 INFO o.a.j.t.JMeterThread: Thread finished: S2 1-878
2026-10-06 09:08:33,904 INFO o.a.j.t.JMeterThread: Stopping because end time detected by thread: S2 1-591
2026-10-06 09:08:33,904 INFO o.a.j.t.JMeterThread: Thread finished: S2 1-591
2026-10-06 09:08:33,917 INFO o.a.j.t.JMeterThread: Stopping because end time detected by thread: S2 1-221
2026-10-06 09:08:33,918 INFO o.a.j.t.JMeterThread: Thread finished: S2 1-221
2026-10-06 09:08:33,919 INFO o.a.j.t.JMeterThread: Stopping because end time detected by thread: S2 1-899
2026-10-06 09:08:33,919 INFO o.a.j.t.JMeterThread: Thread finished: S2 1-899
2026-10-06 09:08:33,927 INFO o.a.j.t.JMeterThread: Stopping because end time detected by thread: S2 1-234
2026-10-06 09:08:33,927 INFO o.a.j.t.JMeterThread: Stopping because end time detected by thread: S2 1-928
2026-10-06 09:08:33,928 INFO o.a.j.t.JMeterThread: Thread finished: S2 1-234
2026-10-06 09:08:33,928 INFO o.a.j.t.JMeterThread: Thread finished: S2 1-928
2026-10-06 09:08:33,937 INFO o.a.j.t.JMeterThread: Stopping because end time detected by thread: S2 1-255
2026-10-06 09:08:33,938 INFO o.a.j.t.JMeterThread: Thread finished: S2 1-255
2026-10-06 09:08:33,938 INFO o.a.j.t.JMeterThread: Stopping because end time detected by thread: S2 1-396
2026-10-06 09:08:33,938 INFO o.a.j.t.JMeterThread: Thread finished: S2 1-396
2026-10-06 09:08:33,942 INFO o.a.j.t.JMeterThread: Stopping because end time detected by thread: S2 1-566
2026-10-06 09:08:33,942 INFO o.a.j.t.JMeterThread: Thread finished: S2 1-566
2026-10-06 09:08:33,945 INFO o.a.j.t.JMeterThread: Stopping because end time detected by thread: S2 1-488
2026-10-06 09:08:33,945 INFO o.a.j.t.JMeterThread: Thread finished: S2 1-488
2026-10-06 09:08:33,949 INFO o.a.j.t.JMeterThread: Stopping because end time detected by thread: S2 1-882
2026-10-06 09:08:33,950 INFO o.a.j.t.JMeterThread: Thread finished: S2 1-882
2026-10-06 09:08:33,957 INFO o.a.j.t.JMeterThread: Stopping because end time detected by thread: S2 1-95
2026-10-06 09:08:33,957 INFO o.a.j.t.JMeterThread: Thread finished: S2 1-95
2026-10-06 09:08:33,964 INFO o.a.j.t.JMeterThread: Stopping because end time detected by thread: S2 1-252
2026-10-06 09:08:33,964 INFO o.a.j.t.JMeterThread: Thread finished: S2 1-252
2026-10-06 09:08:33,969 INFO o.a.j.t.JMeterThread: Stopping because end time detected by thread: S2 1-145
2026-10-06 09:08:33,969 INFO o.a.j.t.JMeterThread: Thread finished: S2 1-145
2026-10-06 09:08:33,980 INFO o.a.j.t.JMeterThread: Stopping because end time detected by thread: S2 1-932
2026-10-06 09:08:33,980 INFO o.a.j.t.JMeterThread: Thread finished: S2 1-932
2026-10-06 09:08:33,981 INFO o.a.j.t.JMeterThread: Stopping because end time detected by thread: S2 1-370
2026-10-06 09:08:33,981 INFO o.a.j.t.JMeterThread: Thread finished: S2 1-370
2026-10-06 09:08:33,988 INFO o.a.j.t.JMeterThread: Stopping because end time detected by thread: S2 1-903
2026-10-06 09:08:33,988 INFO o.a.j.t.JMeterThread: Thread finished: S2 1-903
2026-10-06 09:08:33,992 INFO o.a.j.t.JMeterThread: Stopping because end time detected by thread: S2 1-608
2026-10-06 09:08:33,992 INFO o.a.j.t.JMeterThread: Thread finished: S2 1-608
2026-10-06 09:08:33,993 INFO o.a.j.t.JMeterThread: Stopping because end time detected by thread: S2 1-749
2026-10-06 09:08:33,993 INFO o.a.j.t.JMeterThread: Thread finished: S2 1-749
2026-10-06 09:08:33,995 INFO o.a.j.t.JMeterThread: Stopping because end time detected by thread: S2 1-886
2026-10-06 09:08:33,995 INFO o.a.j.t.JMeterThread: Thread finished: S2 1-886
2026-10-06 09:08:34,003 INFO o.a.j.t.JMeterThread: Stopping because end time detected by thread: S2 1-595
2026-10-06 09:08:34,003 INFO o.a.j.t.JMeterThread: Thread finished: S2 1-595
2026-10-06 09:08:34,008 INFO o.a.j.t.JMeterThread: Stopping because end time detected by thread: S2 1-30
2026-10-06 09:08:34,008 INFO o.a.j.t.JMeterThread: Thread finished: S2 1-30
2026-10-06 09:08:34,022 INFO o.a.j.t.JMeterThread: Stopping because end time detected by thread: S2 1-391
2026-10-06 09:08:34,022 INFO o.a.j.t.JMeterThread: Stopping because end time detected by thread: S2 1-90
2026-10-06 09:08:34,022 INFO o.a.j.t.JMeterThread: Thread finished: S2 1-391
2026-10-06 09:08:34,022 INFO o.a.j.t.JMeterThread: Thread finished: S2 1-90
2026-10-06 09:08:34,026 INFO o.a.j.t.JMeterThread: Stopping because end time detected by thread: S2 1-570
2026-10-06 09:08:34,026 INFO o.a.j.t.JMeterThread: Thread finished: S2 1-570
2026-10-06 09:08:34,028 INFO o.a.j.t.JMeterThread: Stopping because end time detected by thread: S2 1-321
2026-10-06 09:08:34,028 INFO o.a.j.t.JMeterThread: Thread finished: S2 1-321
2026-10-06 09:08:34,034 INFO o.a.j.t.JMeterThread: Stopping because end time detected by thread: S2 1-374
2026-10-06 09:08:34,034 INFO o.a.j.t.JMeterThread: Thread finished: S2 1-374
2026-10-06 09:08:34,040 INFO o.a.j.t.JMeterThread: Stopping because end time detected by thread: S2 1-753
2026-10-06 09:08:34,040 INFO o.a.j.t.JMeterThread: Thread finished: S2 1-753
2026-10-06 09:08:34,048 INFO o.a.j.t.JMeterThread: Stopping because end time detected by thread: S2 1-400
2026-10-06 09:08:34,048 INFO o.a.j.t.JMeterThread: Thread finished: S2 1-400
2026-10-06 09:08:34,053 INFO o.a.j.t.JMeterThread: Stopping because end time detected by thread: S2 1-493
2026-10-06 09:08:34,053 INFO o.a.j.t.JMeterThread: Thread finished: S2 1-493
2026-10-06 09:08:34,057 INFO o.a.j.t.JMeterThread: Stopping because end time detected by thread: S2 1-907
2026-10-06 09:08:34,057 INFO o.a.j.t.JMeterThread: Thread finished: S2 1-907
2026-10-06 09:08:34,060 INFO o.a.j.t.JMeterThread: Stopping because end time detected by thread: S2 1-890
2026-10-06 09:08:34,060 INFO o.a.j.t.JMeterThread: Thread finished: S2 1-890
2026-10-06 09:08:34,066 INFO o.a.j.t.JMeterThread: Stopping because end time detected by thread: S2 1-936
2026-10-06 09:08:34,066 INFO o.a.j.t.JMeterThread: Thread finished: S2 1-936
2026-10-06 09:08:34,067 INFO o.a.j.t.JMeterThread: Stopping because end time detected by thread: S2 1-56
2026-10-06 09:08:34,067 INFO o.a.j.t.JMeterThread: Thread finished: S2 1-56
2026-10-06 09:08:34,077 INFO o.a.j.t.JMeterThread: Stopping because end time detected by thread: S2 1-574
2026-10-06 09:08:34,077 INFO o.a.j.t.JMeterThread: Thread finished: S2 1-574
2026-10-06 09:08:34,078 INFO o.a.j.t.JMeterThread: Stopping because end time detected by thread: S2 1-155
2026-10-06 09:08:34,078 INFO o.a.j.t.JMeterThread: Thread finished: S2 1-155
2026-10-06 09:08:34,079 INFO o.a.j.t.JMeterThread: Stopping because end time detected by thread: S2 1-105
2026-10-06 09:08:34,079 INFO o.a.j.t.JMeterThread: Thread finished: S2 1-105
2026-10-06 09:08:34,085 INFO o.a.j.t.JMeterThread: Stopping because end time detected by thread: S2 1-612
2026-10-06 09:08:34,085 INFO o.a.j.t.JMeterThread: Thread finished: S2 1-612
2026-10-06 09:08:34,087 INFO o.a.j.t.JMeterThread: Stopping because end time detected by thread: S2 1-911
2026-10-06 09:08:34,087 INFO o.a.j.t.JMeterThread: Thread finished: S2 1-911
2026-10-06 09:08:34,091 INFO o.a.j.t.JMeterThread: Stopping because end time detected by thread: S2 1-757
2026-10-06 09:08:34,091 INFO o.a.j.t.JMeterThread: Thread finished: S2 1-757
2026-10-06 09:08:34,107 INFO o.a.j.t.JMeterThread: Stopping because end time detected by thread: S2 1-256
2026-10-06 09:08:34,107 INFO o.a.j.t.JMeterThread: Thread finished: S2 1-256
2026-10-06 09:08:34,109 INFO o.a.j.t.JMeterThread: Stopping because end time detected by thread: S2 1-497
2026-10-06 09:08:34,109 INFO o.a.j.t.JMeterThread: Thread finished: S2 1-497
2026-10-06 09:08:34,109 INFO o.a.j.t.JMeterThread: Stopping because end time detected by thread: S2 1-894
2026-10-06 09:08:34,109 INFO o.a.j.t.JMeterThread: Thread finished: S2 1-894
2026-10-06 09:08:34,109 INFO o.a.j.t.JMeterThread: Stopping because end time detected by thread: S2 1-599
2026-10-06 09:08:34,109 INFO o.a.j.t.JMeterThread: Thread finished: S2 1-599
2026-10-06 09:08:34,117 INFO o.a.j.t.JMeterThread: Stopping because end time detected by thread: S2 1-238
2026-10-06 09:08:34,117 INFO o.a.j.t.JMeterThread: Thread finished: S2 1-238
2026-10-06 09:08:34,129 INFO o.a.j.t.JMeterThread: Stopping because end time detected by thread: S2 1-395
2026-10-06 09:08:34,129 INFO o.a.j.t.JMeterThread: Thread finished: S2 1-395
2026-10-06 09:08:34,134 INFO o.a.j.t.JMeterThread: Stopping because end time detected by thread: S2 1-325
2026-10-06 09:08:34,134 INFO o.a.j.t.JMeterThread: Thread finished: S2 1-325
2026-10-06 09:08:34,138 INFO o.a.j.t.JMeterThread: Stopping because end time detected by thread: S2 1-915
2026-10-06 09:08:34,138 INFO o.a.j.t.JMeterThread: Thread finished: S2 1-915
2026-10-06 09:08:34,141 INFO o.a.j.t.JMeterThread: Stopping because end time detected by thread: S2 1-940
2026-10-06 09:08:34,141 INFO o.a.j.t.JMeterThread: Thread finished: S2 1-940
2026-10-06 09:08:34,147 INFO o.a.j.t.JMeterThread: Stopping because end time detected by thread: S2 1-378
2026-10-06 09:08:34,147 INFO o.a.j.t.JMeterThread: Thread finished: S2 1-378
2026-10-06 09:08:34,150 INFO o.a.j.t.JMeterThread: Stopping because end time detected by thread: S2 1-761
2026-10-06 09:08:34,150 INFO o.a.j.t.JMeterThread: Thread finished: S2 1-761
2026-10-06 09:08:34,156 INFO o.a.j.t.JMeterThread: Stopping because end time detected by thread: S2 1-404
2026-10-06 09:08:34,156 INFO o.a.j.t.JMeterThread: Thread finished: S2 1-404
2026-10-06 09:08:34,156 INFO o.a.j.t.JMeterThread: Stopping because end time detected by thread: S2 1-898
2026-10-06 09:08:34,156 INFO o.a.j.t.JMeterThread: Thread finished: S2 1-898
2026-10-06 09:08:34,157 INFO o.a.j.t.JMeterThread: Stopping because end time detected by thread: S2 1-259
2026-10-06 09:08:34,157 INFO o.a.j.t.JMeterThread: Thread finished: S2 1-259
2026-10-06 09:08:34,168 INFO o.a.j.t.JMeterThread: Stopping because end time detected by thread: S2 1-616
2026-10-06 09:08:34,168 INFO o.a.j.t.JMeterThread: Thread finished: S2 1-616
2026-10-06 09:08:34,170 INFO o.a.j.t.JMeterThread: Stopping because end time detected by thread: S2 1-225
2026-10-06 09:08:34,170 INFO o.a.j.t.JMeterThread: Thread finished: S2 1-225
2026-10-06 09:08:34,180 INFO o.a.j.t.JMeterThread: Stopping because end time detected by thread: S2 1-578
2026-10-06 09:08:34,180 INFO o.a.j.t.JMeterThread: Thread finished: S2 1-578
2026-10-06 09:08:34,180 INFO o.a.j.t.JMeterThread: Stopping because end time detected by thread: S2 1-944
2026-10-06 09:08:34,180 INFO o.a.j.t.JMeterThread: Thread finished: S2 1-944
2026-10-06 09:08:34,182 INFO o.a.j.t.JMeterThread: Stopping because end time detected by thread: S2 1-20
2026-10-06 09:08:34,182 INFO o.a.j.t.JMeterThread: Thread finished: S2 1-20
2026-10-06 09:08:34,189 INFO o.a.j.t.JMeterThread: Stopping because end time detected by thread: S2 1-919
2026-10-06 09:08:34,190 INFO o.a.j.t.JMeterThread: Thread finished: S2 1-919
2026-10-06 09:08:34,190 INFO o.a.j.t.JMeterThread: Stopping because end time detected by thread: S2 1-501
2026-10-06 09:08:34,190 INFO o.a.j.t.JMeterThread: Thread finished: S2 1-501
2026-10-06 09:08:34,197 INFO o.a.j.t.JMeterThread: Stopping because end time detected by thread: S2 1-765
2026-10-06 09:08:34,197 INFO o.a.j.t.JMeterThread: Thread finished: S2 1-765
2026-10-06 09:08:34,212 INFO o.a.j.t.JMeterThread: Stopping because end time detected by thread: S2 1-92
2026-10-06 09:08:34,212 INFO o.a.j.t.JMeterThread: Thread finished: S2 1-92
2026-10-06 09:08:34,213 INFO o.a.j.t.JMeterThread: Stopping because end time detected by thread: S2 1-146
2026-10-06 09:08:34,213 INFO o.a.j.t.JMeterThread: Thread finished: S2 1-146
2026-10-06 09:08:34,221 INFO o.a.j.t.JMeterThread: Stopping because end time detected by thread: S2 1-399
2026-10-06 09:08:34,221 INFO o.a.j.t.JMeterThread: Thread finished: S2 1-399
2026-10-06 09:08:34,223 INFO o.a.j.t.JMeterThread: Stopping because end time detected by thread: S2 1-78
2026-10-06 09:08:34,223 INFO o.a.j.t.JMeterThread: Thread finished: S2 1-78
2026-10-06 09:08:34,232 INFO o.a.j.t.JMeterThread: Stopping because end time detected by thread: S2 1-923
2026-10-06 09:08:34,232 INFO o.a.j.t.JMeterThread: Thread finished: S2 1-923
2026-10-06 09:08:34,232 INFO o.a.j.t.JMeterThread: Stopping because end time detected by thread: S2 1-620
2026-10-06 09:08:34,232 INFO o.a.j.t.JMeterThread: Thread finished: S2 1-620
2026-10-06 09:08:34,235 INFO o.a.j.t.JMeterThread: Stopping because end time detected by thread: S2 1-94
2026-10-06 09:08:34,235 INFO o.a.j.t.JMeterThread: Thread finished: S2 1-94
2026-10-06 09:08:34,248 INFO o.a.j.t.JMeterThread: Stopping because end time detected by thread: S2 1-603
2026-10-06 09:08:34,248 INFO o.a.j.t.JMeterThread: Thread finished: S2 1-603
2026-10-06 09:08:34,255 INFO o.a.j.t.JMeterThread: Stopping because end time detected by thread: S2 1-718
2026-10-06 09:08:34,255 INFO o.a.j.t.JMeterThread: Thread finished: S2 1-718
2026-10-06 09:08:34,262 INFO o.a.j.t.JMeterThread: Stopping because end time detected by thread: S2 1-902
2026-10-06 09:08:34,262 INFO o.a.j.t.JMeterThread: Thread finished: S2 1-902
2026-10-06 09:08:34,263 INFO o.a.j.t.JMeterThread: Stopping because end time detected by thread: S2 1-769
2026-10-06 09:08:34,263 INFO o.a.j.t.JMeterThread: Thread finished: S2 1-769
2026-10-06 09:08:34,276 INFO o.a.j.t.JMeterThread: Stopping because end time detected by thread: S2 1-948
2026-10-06 09:08:34,277 INFO o.a.j.t.JMeterThread: Thread finished: S2 1-948
2026-10-06 09:08:34,278 INFO o.a.j.t.JMeterThread: Stopping because end time detected by thread: S2 1-582
2026-10-06 09:08:34,278 INFO o.a.j.t.JMeterThread: Thread finished: S2 1-582
2026-10-06 09:08:34,280 INFO o.a.j.t.JMeterThread: Stopping because end time detected by thread: S2 1-927
2026-10-06 09:08:34,280 INFO o.a.j.t.JMeterThread: Thread finished: S2 1-927
2026-10-06 09:08:34,285 INFO o.a.j.t.JMeterThread: Stopping because end time detected by thread: S2 1-906
2026-10-06 09:08:34,285 INFO o.a.j.t.JMeterThread: Thread finished: S2 1-906
2026-10-06 09:08:34,287 INFO o.a.j.t.JMeterThread: Stopping because end time detected by thread: S2 1-505
2026-10-06 09:08:34,287 INFO o.a.j.t.JMeterThread: Thread finished: S2 1-505
2026-10-06 09:08:34,288 INFO o.a.j.t.JMeterThread: Stopping because end time detected by thread: S2 1-152
2026-10-06 09:08:34,288 INFO o.a.j.t.JMeterThread: Thread finished: S2 1-152
2026-10-06 09:08:34,297 INFO o.a.j.t.JMeterThread: Stopping because end time detected by thread: S2 1-35
2026-10-06 09:08:34,297 INFO o.a.j.t.JMeterThread: Thread finished: S2 1-35
2026-10-06 09:08:34,310 INFO o.a.j.t.JMeterThread: Stopping because end time detected by thread: S2 1-263
2026-10-06 09:08:34,310 INFO o.a.j.t.JMeterThread: Thread finished: S2 1-263
2026-10-06 09:08:34,313 INFO o.a.j.t.JMeterThread: Stopping because end time detected by thread: S2 1-408
2026-10-06 09:08:34,313 INFO o.a.j.t.JMeterThread: Thread finished: S2 1-408
2026-10-06 09:08:34,318 INFO o.a.j.t.JMeterThread: Stopping because end time detected by thread: S2 1-382
2026-10-06 09:08:34,318 INFO o.a.j.t.JMeterThread: Thread finished: S2 1-382
2026-10-06 09:08:34,331 INFO o.a.j.t.JMeterThread: Stopping because end time detected by thread: S2 1-773
2026-10-06 09:08:34,332 INFO o.a.j.t.JMeterThread: Thread finished: S2 1-773
2026-10-06 09:08:34,334 INFO o.a.j.t.JMeterThread: Stopping because end time detected by thread: S2 1-161
2026-10-06 09:08:34,334 INFO o.a.j.t.JMeterThread: Thread finished: S2 1-161
2026-10-06 09:08:34,342 INFO o.a.j.t.JMeterThread: Stopping because end time detected by thread: S2 1-624
2026-10-06 09:08:34,342 INFO o.a.j.t.JMeterThread: Thread finished: S2 1-624
2026-10-06 09:08:34,344 INFO o.a.j.t.JMeterThread: Stopping because end time detected by thread: S2 1-159
2026-10-06 09:08:34,344 INFO o.a.j.t.JMeterThread: Thread finished: S2 1-159
2026-10-06 09:08:34,347 INFO o.a.j.t.JMeterThread: Stopping because end time detected by thread: S2 1-149
2026-10-06 09:08:34,347 INFO o.a.j.t.JMeterThread: Thread finished: S2 1-149
2026-10-06 09:08:34,349 INFO o.a.j.t.JMeterThread: Stopping because end time detected by thread: S2 1-910
2026-10-06 09:08:34,349 INFO o.a.j.t.JMeterThread: Thread finished: S2 1-910
2026-10-06 09:08:34,349 INFO o.a.j.t.JMeterThread: Stopping because end time detected by thread: S2 1-952
2026-10-06 09:08:34,350 INFO o.a.j.t.JMeterThread: Thread finished: S2 1-952
2026-10-06 09:08:34,359 INFO o.a.j.t.JMeterThread: Stopping because end time detected by thread: S2 1-931
2026-10-06 09:08:34,359 INFO o.a.j.t.JMeterThread: Thread finished: S2 1-931
2026-10-06 09:08:34,361 INFO o.a.j.t.JMeterThread: Stopping because end time detected by thread: S2 1-509
2026-10-06 09:08:34,361 INFO o.a.j.t.JMeterThread: Thread finished: S2 1-509
2026-10-06 09:08:34,363 INFO o.a.j.t.JMeterThread: Stopping because end time detected by thread: S2 1-586
2026-10-06 09:08:34,363 INFO o.a.j.t.JMeterThread: Thread finished: S2 1-586
2026-10-06 09:08:34,372 INFO o.a.j.t.JMeterThread: Stopping because end time detected by thread: S2 1-403
2026-10-06 09:08:34,372 INFO o.a.j.t.JMeterThread: Thread finished: S2 1-403
2026-10-06 09:08:34,382 INFO o.a.j.t.JMeterThread: Stopping because end time detected by thread: S2 1-267
2026-10-06 09:08:34,382 INFO o.a.j.t.JMeterThread: Thread finished: S2 1-267
2026-10-06 09:08:34,389 INFO o.a.j.t.JMeterThread: Stopping because end time detected by thread: S2 1-914
2026-10-06 09:08:34,389 INFO o.a.j.t.JMeterThread: Thread finished: S2 1-914
2026-10-06 09:08:34,390 INFO o.a.j.t.JMeterThread: Stopping because end time detected by thread: S2 1-333
2026-10-06 09:08:34,390 INFO o.a.j.t.JMeterThread: Thread finished: S2 1-333
2026-10-06 09:08:34,402 INFO o.a.j.t.JMeterThread: Stopping because end time detected by thread: S2 1-607
2026-10-06 09:08:34,402 INFO o.a.j.t.JMeterThread: Thread finished: S2 1-607
2026-10-06 09:08:34,404 INFO o.a.j.t.JMeterThread: Stopping because end time detected by thread: S2 1-777
2026-10-06 09:08:34,404 INFO o.a.j.t.JMeterThread: Thread finished: S2 1-777
2026-10-06 09:08:34,404 INFO o.a.j.t.JMeterThread: Stopping because end time detected by thread: S2 1-242
2026-10-06 09:08:34,404 INFO o.a.j.t.JMeterThread: Thread finished: S2 1-242
2026-10-06 09:08:34,407 INFO o.a.j.t.JMeterThread: Stopping because end time detected by thread: S2 1-628
2026-10-06 09:08:34,407 INFO o.a.j.t.JMeterThread: Thread finished: S2 1-628
2026-10-06 09:08:34,414 INFO o.a.j.t.JMeterThread: Stopping because end time detected by thread: S2 1-61
2026-10-06 09:08:34,414 INFO o.a.j.t.JMeterThread: Thread finished: S2 1-61
2026-10-06 09:08:34,423 INFO o.a.j.t.JMeterThread: Stopping because end time detected by thread: S2 1-935
2026-10-06 09:08:34,423 INFO o.a.j.t.JMeterThread: Thread finished: S2 1-935
2026-10-06 09:08:34,424 INFO o.a.j.t.JMeterThread: Stopping because end time detected by thread: S2 1-956
2026-10-06 09:08:34,424 INFO o.a.j.t.JMeterThread: Thread finished: S2 1-956
2026-10-06 09:08:34,425 INFO o.a.j.t.JMeterThread: Stopping because end time detected by thread: S2 1-1
2026-10-06 09:08:34,425 INFO o.a.j.t.JMeterThread: Thread finished: S2 1-1
2026-10-06 09:08:34,432 INFO o.a.j.t.JMeterThread: Stopping because end time detected by thread: S2 1-513
2026-10-06 09:08:34,432 INFO o.a.j.t.JMeterThread: Thread finished: S2 1-513
2026-10-06 09:08:34,434 INFO o.a.j.t.JMeterThread: Stopping because end time detected by thread: S2 1-32
2026-10-06 09:08:34,434 INFO o.a.j.t.JMeterThread: Thread finished: S2 1-32
2026-10-06 09:08:34,439 INFO o.a.j.t.JMeterThread: Stopping because end time detected by thread: S2 1-48
2026-10-06 09:08:34,440 INFO o.a.j.t.JMeterThread: Thread finished: S2 1-48
2026-10-06 09:08:34,440 INFO o.a.j.t.JMeterThread: Stopping because end time detected by thread: S2 1-918
2026-10-06 09:08:34,440 INFO o.a.j.t.JMeterThread: Stopping because end time detected by thread: S2 1-781
2026-10-06 09:08:34,440 INFO o.a.j.t.JMeterThread: Thread finished: S2 1-918
2026-10-06 09:08:34,440 INFO o.a.j.t.JMeterThread: Thread finished: S2 1-781
2026-10-06 09:08:34,443 INFO o.a.j.t.JMeterThread: Stopping because end time detected by thread: S2 1-156
2026-10-06 09:08:34,443 INFO o.a.j.t.JMeterThread: Thread finished: S2 1-156
2026-10-06 09:08:34,448 INFO o.a.j.t.JMeterThread: Stopping because end time detected by thread: S2 1-163
2026-10-06 09:08:34,448 INFO o.a.j.t.JMeterThread: Thread finished: S2 1-163
2026-10-06 09:08:34,451 INFO o.a.j.t.JMeterThread: Stopping because end time detected by thread: S2 1-960
2026-10-06 09:08:34,451 INFO o.a.j.t.JMeterThread: Thread finished: S2 1-960
2026-10-06 09:08:34,455 INFO o.a.j.t.JMeterThread: Stopping because end time detected by thread: S2 1-590
2026-10-06 09:08:34,455 INFO o.a.j.t.JMeterThread: Thread finished: S2 1-590
2026-10-06 09:08:34,462 INFO o.a.j.t.JMeterThread: Stopping because end time detected by thread: S2 1-939
2026-10-06 09:08:34,462 INFO o.a.j.t.JMeterThread: Thread finished: S2 1-939
2026-10-06 09:08:34,463 INFO o.a.j.t.JMeterThread: Stopping because end time detected by thread: S2 1-109
2026-10-06 09:08:34,463 INFO o.a.j.t.JMeterThread: Thread finished: S2 1-109
2026-10-06 09:08:34,469 INFO o.a.j.t.JMeterThread: Stopping because end time detected by thread: S2 1-632
2026-10-06 09:08:34,469 INFO o.a.j.t.JMeterThread: Thread finished: S2 1-632
2026-10-06 09:08:34,475 INFO o.a.j.t.JMeterThread: Stopping because end time detected by thread: S2 1-922
2026-10-06 09:08:34,475 INFO o.a.j.t.JMeterThread: Thread finished: S2 1-922
2026-10-06 09:08:34,479 INFO o.a.j.t.JMeterThread: Stopping because end time detected by thread: S2 1-602
2026-10-06 09:08:34,479 INFO o.a.j.t.JMeterThread: Thread finished: S2 1-602
2026-10-06 09:08:34,481 INFO o.a.j.t.JMeterThread: Stopping because end time detected by thread: S2 1-337
2026-10-06 09:08:34,481 INFO o.a.j.t.JMeterThread: Thread finished: S2 1-337
2026-10-06 09:08:34,488 INFO o.a.j.t.JMeterThread: Stopping because end time detected by thread: S2 1-943
2026-10-06 09:08:34,488 INFO o.a.j.t.JMeterThread: Thread finished: S2 1-943
2026-10-06 09:08:34,500 INFO o.a.j.t.JMeterThread: Stopping because end time detected by thread: S2 1-412
2026-10-06 09:08:34,500 INFO o.a.j.t.JMeterThread: Thread finished: S2 1-412
2026-10-06 09:08:34,502 INFO o.a.j.t.JMeterThread: Stopping because end time detected by thread: S2 1-386
2026-10-06 09:08:34,502 INFO o.a.j.t.JMeterThread: Thread finished: S2 1-386
2026-10-06 09:08:34,502 INFO o.a.j.t.JMeterThread: Stopping because end time detected by thread: S2 1-785
2026-10-06 09:08:34,502 INFO o.a.j.t.JMeterThread: Thread finished: S2 1-785
2026-10-06 09:08:34,510 INFO o.a.j.t.JMeterThread: Stopping because end time detected by thread: S2 1-260
2026-10-06 09:08:34,510 INFO o.a.j.t.JMeterThread: Thread finished: S2 1-260
2026-10-06 09:08:34,528 INFO o.a.j.t.JMeterThread: Stopping because end time detected by thread: S2 1-390
2026-10-06 09:08:34,529 INFO o.a.j.t.JMeterThread: Stopping because end time detected by thread: S2 1-611
2026-10-06 09:08:34,529 INFO o.a.j.t.JMeterThread: Thread finished: S2 1-390
2026-10-06 09:08:34,529 INFO o.a.j.t.JMeterThread: Thread finished: S2 1-611
2026-10-06 09:08:34,530 INFO o.a.j.t.JMeterThread: Stopping because end time detected by thread: S2 1-517
2026-10-06 09:08:34,530 INFO o.a.j.t.JMeterThread: Thread finished: S2 1-517
2026-10-06 09:08:34,530 INFO o.a.j.t.JMeterThread: Stopping because end time detected by thread: S2 1-964
2026-10-06 09:08:34,530 INFO o.a.j.t.JMeterThread: Thread finished: S2 1-964
2026-10-06 09:08:34,545 INFO o.a.j.t.JMeterThread: Stopping because end time detected by thread: S2 1-789
2026-10-06 09:08:34,545 INFO o.a.j.t.JMeterThread: Thread finished: S2 1-789
2026-10-06 09:08:34,551 INFO o.a.j.t.JMeterThread: Stopping because end time detected by thread: S2 1-264
2026-10-06 09:08:34,551 INFO o.a.j.t.JMeterThread: Thread finished: S2 1-264
2026-10-06 09:08:34,554 INFO o.a.j.t.JMeterThread: Stopping because end time detected by thread: S2 1-947
2026-10-06 09:08:34,554 INFO o.a.j.t.JMeterThread: Thread finished: S2 1-947
2026-10-06 09:08:34,556 INFO o.a.j.t.JMeterThread: Stopping because end time detected by thread: S2 1-926
2026-10-06 09:08:34,556 INFO o.a.j.t.JMeterThread: Thread finished: S2 1-926
2026-10-06 09:08:34,556 INFO o.a.j.t.JMeterThread: Stopping because end time detected by thread: S2 1-233
2026-10-06 09:08:34,557 INFO o.a.j.t.JMeterThread: Thread finished: S2 1-233
2026-10-06 09:08:34,562 INFO o.a.j.t.JMeterThread: Stopping because end time detected by thread: S2 1-57
2026-10-06 09:08:34,562 INFO o.a.j.t.JMeterThread: Thread finished: S2 1-57
2026-10-06 09:08:34,569 INFO o.a.j.t.JMeterThread: Stopping because end time detected by thread: S2 1-99
2026-10-06 09:08:34,569 INFO o.a.j.t.JMeterThread: Thread finished: S2 1-99
2026-10-06 09:08:34,572 INFO o.a.j.t.JMeterThread: Stopping because end time detected by thread: S2 1-594
2026-10-06 09:08:34,572 INFO o.a.j.t.JMeterThread: Thread finished: S2 1-594
2026-10-06 09:08:34,572 INFO o.a.j.t.JMeterThread: Stopping because end time detected by thread: S2 1-793
2026-10-06 09:08:34,572 INFO o.a.j.t.JMeterThread: Thread finished: S2 1-793
2026-10-06 09:08:34,589 INFO o.a.j.t.JMeterThread: Stopping because end time detected by thread: S2 1-615
2026-10-06 09:08:34,589 INFO o.a.j.t.JMeterThread: Thread finished: S2 1-615
2026-10-06 09:08:34,593 INFO o.a.j.t.JMeterThread: Stopping because end time detected by thread: S2 1-969
2026-10-06 09:08:34,593 INFO o.a.j.t.JMeterThread: Thread finished: S2 1-969
2026-10-06 09:08:34,600 INFO o.a.j.t.JMeterThread: Stopping because end time detected by thread: S2 1-930
2026-10-06 09:08:34,600 INFO o.a.j.t.JMeterThread: Thread finished: S2 1-930
2026-10-06 09:08:34,601 INFO o.a.j.t.JMeterThread: Stopping because end time detected by thread: S2 1-340
2026-10-06 09:08:34,602 INFO o.a.j.t.JMeterThread: Thread finished: S2 1-340
2026-10-06 09:08:34,608 INFO o.a.j.t.JMeterThread: Stopping because end time detected by thread: S2 1-167
2026-10-06 09:08:34,608 INFO o.a.j.t.JMeterThread: Thread finished: S2 1-167
2026-10-06 09:08:34,615 INFO o.a.j.t.JMeterThread: Stopping because end time detected by thread: S2 1-636
2026-10-06 09:08:34,615 INFO o.a.j.t.JMeterThread: Thread finished: S2 1-636
2026-10-06 09:08:34,618 INFO o.a.j.t.JMeterThread: Stopping because end time detected by thread: S2 1-521
2026-10-06 09:08:34,619 INFO o.a.j.t.JMeterThread: Thread finished: S2 1-521
2026-10-06 09:08:34,624 INFO o.a.j.t.JMeterThread: Stopping because end time detected by thread: S2 1-160
2026-10-06 09:08:34,624 INFO o.a.j.t.JMeterThread: Thread finished: S2 1-160
2026-10-06 09:08:34,629 INFO o.a.j.t.JMeterThread: Stopping because end time detected by thread: S2 1-951
2026-10-06 09:08:34,629 INFO o.a.j.t.JMeterThread: Thread finished: S2 1-951
2026-10-06 09:08:34,631 INFO o.a.j.t.JMeterThread: Stopping because end time detected by thread: S2 1-246
2026-10-06 09:08:34,631 INFO o.a.j.t.JMeterThread: Thread finished: S2 1-246
2026-10-06 09:08:34,634 INFO o.a.j.t.JMeterThread: Stopping because end time detected by thread: S2 1-973
2026-10-06 09:08:34,634 INFO o.a.j.t.JMeterThread: Thread finished: S2 1-973
2026-10-06 09:08:34,639 INFO o.a.j.t.JMeterThread: Stopping because end time detected by thread: S2 1-619
2026-10-06 09:08:34,639 INFO o.a.j.t.JMeterThread: Thread finished: S2 1-619
2026-10-06 09:08:34,643 INFO o.a.j.t.JMeterThread: Stopping because end time detected by thread: S2 1-416
2026-10-06 09:08:34,644 INFO o.a.j.t.JMeterThread: Thread finished: S2 1-416
2026-10-06 09:08:34,646 INFO o.a.j.t.JMeterThread: Stopping because end time detected by thread: S2 1-12
2026-10-06 09:08:34,646 INFO o.a.j.t.JMeterThread: Thread finished: S2 1-12
2026-10-06 09:08:34,655 INFO o.a.j.t.JMeterThread: Stopping because end time detected by thread: S2 1-98
2026-10-06 09:08:34,655 INFO o.a.j.t.JMeterThread: Thread finished: S2 1-98
2026-10-06 09:08:34,656 INFO o.a.j.t.JMeterThread: Stopping because end time detected by thread: S2 1-955
2026-10-06 09:08:34,656 INFO o.a.j.t.JMeterThread: Thread finished: S2 1-955
2026-10-06 09:08:34,657 INFO o.a.j.t.JMeterThread: Stopping because end time detected by thread: S2 1-268
2026-10-06 09:08:34,657 INFO o.a.j.t.JMeterThread: Thread finished: S2 1-268
2026-10-06 09:08:34,666 INFO o.a.j.t.JMeterThread: Stopping because end time detected by thread: S2 1-341
2026-10-06 09:08:34,666 INFO o.a.j.t.JMeterThread: Thread finished: S2 1-341
2026-10-06 09:08:34,668 INFO o.a.j.t.JMeterThread: Stopping because end time detected by thread: S2 1-934
2026-10-06 09:08:34,668 INFO o.a.j.t.JMeterThread: Thread finished: S2 1-934
2026-10-06 09:08:34,681 INFO o.a.j.t.JMeterThread: Stopping because end time detected by thread: S2 1-977
2026-10-06 09:08:34,681 INFO o.a.j.t.JMeterThread: Thread finished: S2 1-977
2026-10-06 09:08:34,681 INFO o.a.j.t.JMeterThread: Stopping because end time detected by thread: S2 1-411
2026-10-06 09:08:34,681 INFO o.a.j.t.JMeterThread: Thread finished: S2 1-411
2026-10-06 09:08:34,687 INFO o.a.j.t.JMeterThread: Stopping because end time detected by thread: S2 1-801
2026-10-06 09:08:34,688 INFO o.a.j.t.JMeterThread: Thread finished: S2 1-801
2026-10-06 09:08:34,691 INFO o.a.j.t.JMeterThread: Stopping because end time detected by thread: S2 1-598
2026-10-06 09:08:34,691 INFO o.a.j.t.JMeterThread: Thread finished: S2 1-598
2026-10-06 09:08:34,700 INFO o.a.j.t.JMeterThread: Stopping because end time detected by thread: S2 1-525
2026-10-06 09:08:34,700 INFO o.a.j.t.JMeterThread: Thread finished: S2 1-525
2026-10-06 09:08:34,704 INFO o.a.j.t.JMeterThread: Stopping because end time detected by thread: S2 1-641
2026-10-06 09:08:34,704 INFO o.a.j.t.JMeterThread: Thread finished: S2 1-641
2026-10-06 09:08:34,712 INFO o.a.j.t.JMeterThread: Stopping because end time detected by thread: S2 1-640
2026-10-06 09:08:34,712 INFO o.a.j.t.JMeterThread: Thread finished: S2 1-640
2026-10-06 09:08:34,719 INFO o.a.j.t.JMeterThread: Stopping because end time detected by thread: S2 1-394
2026-10-06 09:08:34,719 INFO o.a.j.t.JMeterThread: Thread finished: S2 1-394
2026-10-06 09:08:34,725 INFO o.a.j.t.JMeterThread: Stopping because end time detected by thread: S2 1-938
2026-10-06 09:08:34,725 INFO o.a.j.t.JMeterThread: Thread finished: S2 1-938
2026-10-06 09:08:34,728 INFO o.a.j.t.JMeterThread: Stopping because end time detected by thread: S2 1-62
2026-10-06 09:08:34,728 INFO o.a.j.t.JMeterThread: Thread finished: S2 1-62
2026-10-06 09:08:34,729 INFO o.a.j.t.JMeterThread: Stopping because end time detected by thread: S2 1-959
2026-10-06 09:08:34,729 INFO o.a.j.t.JMeterThread: Thread finished: S2 1-959
2026-10-06 09:08:34,735 INFO o.a.j.t.JMeterThread: Stopping because end time detected by thread: S2 1-981
2026-10-06 09:08:34,735 INFO o.a.j.t.JMeterThread: Thread finished: S2 1-981
2026-10-06 09:08:34,749 INFO o.a.j.t.JMeterThread: Stopping because end time detected by thread: S2 1-805
2026-10-06 09:08:34,749 INFO o.a.j.t.JMeterThread: Thread finished: S2 1-805
2026-10-06 09:08:34,757 INFO o.a.j.t.JMeterThread: Stopping because end time detected by thread: S2 1-420
2026-10-06 09:08:34,757 INFO o.a.j.t.JMeterThread: Thread finished: S2 1-420
2026-10-06 09:08:34,757 INFO o.a.j.t.JMeterThread: Stopping because end time detected by thread: S2 1-154
2026-10-06 09:08:34,757 INFO o.a.j.t.JMeterThread: Thread finished: S2 1-154
2026-10-06 09:08:34,758 INFO o.a.j.t.JMeterThread: Stopping because end time detected by thread: S2 1-415
2026-10-06 09:08:34,758 INFO o.a.j.t.JMeterThread: Thread finished: S2 1-415
2026-10-06 09:08:34,773 INFO o.a.j.t.JMeterThread: Stopping because end time detected by thread: S2 1-407
2026-10-06 09:08:34,773 INFO o.a.j.t.JMeterThread: Stopping because end time detected by thread: S2 1-529
2026-10-06 09:08:34,773 INFO o.a.j.t.JMeterThread: Thread finished: S2 1-407
2026-10-06 09:08:34,773 INFO o.a.j.t.JMeterThread: Thread finished: S2 1-529
2026-10-06 09:08:34,785 INFO o.a.j.t.JMeterThread: Stopping because end time detected by thread: S2 1-644
2026-10-06 09:08:34,785 INFO o.a.j.t.JMeterThread: Thread finished: S2 1-644
2026-10-06 09:08:34,788 INFO o.a.j.t.JMeterThread: Stopping because end time detected by thread: S2 1-942
2026-10-06 09:08:34,788 INFO o.a.j.t.JMeterThread: Thread finished: S2 1-942
2026-10-06 09:08:34,790 INFO o.a.j.t.JMeterThread: Stopping because end time detected by thread: S2 1-963
2026-10-06 09:08:34,790 INFO o.a.j.t.JMeterThread: Thread finished: S2 1-963
2026-10-06 09:08:34,804 INFO o.a.j.t.JMeterThread: Stopping because end time detected by thread: S2 1-680
2026-10-06 09:08:34,804 INFO o.a.j.t.JMeterThread: Thread finished: S2 1-680
2026-10-06 09:08:34,805 INFO o.a.j.t.JMeterThread: Stopping because end time detected by thread: S2 1-96
2026-10-06 09:08:34,805 INFO o.a.j.t.JMeterThread: Stopping because end time detected by thread: S2 1-250
2026-10-06 09:08:34,805 INFO o.a.j.t.JMeterThread: Thread finished: S2 1-96
2026-10-06 09:08:34,805 INFO o.a.j.t.JMeterThread: Thread finished: S2 1-250
2026-10-06 09:08:34,812 INFO o.a.j.t.JMeterThread: Stopping because end time detected by thread: S2 1-809
2026-10-06 09:08:34,812 INFO o.a.j.t.JMeterThread: Thread finished: S2 1-809
2026-10-06 09:08:34,813 INFO o.a.j.t.JMeterThread: Stopping because end time detected by thread: S2 1-398
2026-10-06 09:08:34,813 INFO o.a.j.t.JMeterThread: Thread finished: S2 1-398
2026-10-06 09:08:34,813 INFO o.a.j.t.JMeterThread: Stopping because end time detected by thread: S2 1-623
2026-10-06 09:08:34,813 INFO o.a.j.t.JMeterThread: Thread finished: S2 1-623
2026-10-06 09:08:34,824 INFO o.a.j.t.JMeterThread: Stopping because end time detected by thread: S2 1-985
2026-10-06 09:08:34,824 INFO o.a.j.t.JMeterThread: Thread finished: S2 1-985
2026-10-06 09:08:34,825 INFO o.a.j.t.JMeterThread: Stopping because end time detected by thread: S2 1-946
2026-10-06 09:08:34,825 INFO o.a.j.t.JMeterThread: Thread finished: S2 1-946
2026-10-06 09:08:34,834 INFO o.a.j.t.JMeterThread: Stopping because end time detected by thread: S2 1-533
2026-10-06 09:08:34,834 INFO o.a.j.t.JMeterThread: Thread finished: S2 1-533
2026-10-06 09:08:34,842 INFO o.a.j.t.JMeterThread: Stopping because end time detected by thread: S2 1-967
2026-10-06 09:08:34,842 INFO o.a.j.t.JMeterThread: Thread finished: S2 1-967
2026-10-06 09:08:34,843 INFO o.a.j.t.JMeterThread: Stopping because end time detected by thread: S2 1-648
2026-10-06 09:08:34,843 INFO o.a.j.t.JMeterThread: Thread finished: S2 1-648
2026-10-06 09:08:34,849 INFO o.a.j.t.JMeterThread: Stopping because end time detected by thread: S2 1-606
2026-10-06 09:08:34,849 INFO o.a.j.t.JMeterThread: Thread finished: S2 1-606
2026-10-06 09:08:34,858 INFO o.a.j.t.JMeterThread: Stopping because end time detected by thread: S2 1-21
2026-10-06 09:08:34,858 INFO o.a.j.t.JMeterThread: Thread finished: S2 1-21
2026-10-06 09:08:34,863 INFO o.a.j.t.JMeterThread: Stopping because end time detected by thread: S2 1-347
2026-10-06 09:08:34,863 INFO o.a.j.t.JMeterThread: Thread finished: S2 1-347
2026-10-06 09:08:34,866 INFO o.a.j.t.JMeterThread: Stopping because end time detected by thread: S2 1-989
2026-10-06 09:08:34,866 INFO o.a.j.t.JMeterThread: Thread finished: S2 1-989
2026-10-06 09:08:34,868 INFO o.a.j.t.JMeterThread: Stopping because end time detected by thread: S2 1-59
2026-10-06 09:08:34,868 INFO o.a.j.t.JMeterThread: Thread finished: S2 1-59
2026-10-06 09:08:34,873 INFO o.a.j.t.JMeterThread: Stopping because end time detected by thread: S2 1-5
2026-10-06 09:08:34,873 INFO o.a.j.t.JMeterThread: Thread finished: S2 1-5
2026-10-06 09:08:34,877 INFO o.a.j.t.JMeterThread: Stopping because end time detected by thread: S2 1-9
2026-10-06 09:08:34,877 INFO o.a.j.t.JMeterThread: Thread finished: S2 1-9
2026-10-06 09:08:34,888 INFO o.a.j.t.JMeterThread: Stopping because end time detected by thread: S2 1-171
2026-10-06 09:08:34,888 INFO o.a.j.t.JMeterThread: Thread finished: S2 1-171
2026-10-06 09:08:34,888 INFO o.a.j.t.JMeterThread: Stopping because end time detected by thread: S2 1-813
2026-10-06 09:08:34,889 INFO o.a.j.t.JMeterThread: Thread finished: S2 1-813
2026-10-06 09:08:34,890 INFO o.a.j.t.JMeterThread: Stopping because end time detected by thread: S2 1-950
2026-10-06 09:08:34,890 INFO o.a.j.t.JMeterThread: Thread finished: S2 1-950
2026-10-06 09:08:34,897 INFO o.a.j.t.JMeterThread: Stopping because end time detected by thread: S2 1-431
2026-10-06 09:08:34,897 INFO o.a.j.t.JMeterThread: Thread finished: S2 1-431
2026-10-06 09:08:34,904 INFO o.a.j.t.JMeterThread: Stopping because end time detected by thread: S2 1-626
2026-10-06 09:08:34,904 INFO o.a.j.t.JMeterThread: Thread finished: S2 1-626
2026-10-06 09:08:34,910 INFO o.a.j.t.JMeterThread: Stopping because end time detected by thread: S2 1-237
2026-10-06 09:08:34,910 INFO o.a.j.t.JMeterThread: Thread finished: S2 1-237
2026-10-06 09:08:34,913 INFO o.a.j.t.JMeterThread: Stopping because end time detected by thread: S2 1-610
2026-10-06 09:08:34,913 INFO o.a.j.t.JMeterThread: Thread finished: S2 1-610
2026-10-06 09:08:34,918 INFO o.a.j.t.JMeterThread: Stopping because end time detected by thread: S2 1-975
2026-10-06 09:08:34,918 INFO o.a.j.t.JMeterThread: Thread finished: S2 1-975
2026-10-06 09:08:34,926 INFO o.a.j.t.JMeterThread: Stopping because end time detected by thread: S2 1-993
2026-10-06 09:08:34,926 INFO o.a.j.t.JMeterThread: Thread finished: S2 1-993
2026-10-06 09:08:34,927 INFO o.a.j.t.JMeterThread: Stopping because end time detected by thread: S2 1-817
2026-10-06 09:08:34,927 INFO o.a.j.t.JMeterThread: Thread finished: S2 1-817
2026-10-06 09:08:34,936 INFO o.a.j.t.JMeterThread: Stopping because end time detected by thread: S2 1-419
2026-10-06 09:08:34,936 INFO o.a.j.t.JMeterThread: Thread finished: S2 1-419
2026-10-06 09:08:34,937 INFO o.a.j.t.JMeterThread: Stopping because end time detected by thread: S2 1-954
2026-10-06 09:08:34,937 INFO o.a.j.t.JMeterThread: Thread finished: S2 1-954
2026-10-06 09:08:34,938 INFO o.a.j.t.JMeterThread: Stopping because end time detected by thread: S2 1-157
2026-10-06 09:08:34,938 INFO o.a.j.t.JMeterThread: Thread finished: S2 1-157
2026-10-06 09:08:34,953 INFO o.a.j.t.JMeterThread: Stopping because end time detected by thread: S2 1-254
2026-10-06 09:08:34,953 INFO o.a.j.t.JMeterThread: Thread finished: S2 1-254
2026-10-06 09:08:34,956 INFO o.a.j.t.JMeterThread: Stopping because end time detected by thread: S2 1-164
2026-10-06 09:08:34,956 INFO o.a.j.t.JMeterThread: Thread finished: S2 1-164
2026-10-06 09:08:34,966 INFO o.a.j.t.JMeterThread: Stopping because end time detected by thread: S2 1-275
2026-10-06 09:08:34,966 INFO o.a.j.t.JMeterThread: Thread finished: S2 1-275
2026-10-06 09:08:34,967 INFO o.a.j.t.JMeterThread: Stopping because end time detected by thread: S2 1-652
2026-10-06 09:08:34,967 INFO o.a.j.t.JMeterThread: Thread finished: S2 1-652
2026-10-06 09:08:34,969 INFO o.a.j.t.JMeterThread: Stopping because end time detected by thread: S2 1-402
2026-10-06 09:08:34,969 INFO o.a.j.t.JMeterThread: Thread finished: S2 1-402
2026-10-06 09:08:34,973 INFO o.a.j.t.JMeterThread: Stopping because end time detected by thread: S2 1-349
2026-10-06 09:08:34,973 INFO o.a.j.t.JMeterThread: Thread finished: S2 1-349
2026-10-06 09:08:34,977 INFO o.a.j.t.JMeterThread: Stopping because end time detected by thread: S2 1-997
2026-10-06 09:08:34,978 INFO o.a.j.t.JMeterThread: Thread finished: S2 1-997
2026-10-06 09:08:34,986 INFO o.a.j.t.JMeterThread: Stopping because end time detected by thread: S2 1-537
2026-10-06 09:08:34,986 INFO o.a.j.t.JMeterThread: Thread finished: S2 1-537
2026-10-06 09:08:34,994 INFO o.a.j.t.JMeterThread: Stopping because end time detected by thread: S2 1-979
2026-10-06 09:08:34,994 INFO o.a.j.t.JMeterThread: Thread finished: S2 1-979
2026-10-06 09:08:34,998 INFO o.a.j.t.JMeterThread: Stopping because end time detected by thread: S2 1-417
2026-10-06 09:08:34,998 INFO o.a.j.t.JMeterThread: Thread finished: S2 1-417
2026-10-06 09:08:34,999 INFO o.a.j.t.JMeterThread: Stopping because end time detected by thread: S2 1-821
2026-10-06 09:08:34,999 INFO o.a.j.t.JMeterThread: Thread finished: S2 1-821
2026-10-06 09:08:35,007 INFO o.a.j.t.JMeterThread: Stopping because end time detected by thread: S2 1-440
2026-10-06 09:08:35,008 INFO o.a.j.t.JMeterThread: Thread finished: S2 1-440
2026-10-06 09:08:35,009 INFO o.a.j.t.JMeterThread: Stopping because end time detected by thread: S2 1-272
2026-10-06 09:08:35,009 INFO o.a.j.t.JMeterThread: Thread finished: S2 1-272
2026-10-06 09:08:35,012 INFO o.a.j.t.JMeterThread: Stopping because end time detected by thread: S2 1-958
2026-10-06 09:08:35,012 INFO o.a.j.t.JMeterThread: Thread finished: S2 1-958
2026-10-06 09:08:35,026 INFO o.a.j.t.JMeterThread: Stopping because end time detected by thread: S2 1-24
2026-10-06 09:08:35,026 INFO o.a.j.t.JMeterThread: Thread finished: S2 1-24
2026-10-06 09:08:35,034 INFO o.a.j.t.JMeterThread: Stopping because end time detected by thread: S2 1-158
2026-10-06 09:08:35,034 INFO o.a.j.t.JMeterThread: Thread finished: S2 1-158
2026-10-06 09:08:35,035 INFO o.a.j.t.JMeterThread: Stopping because end time detected by thread: S2 1-656
2026-10-06 09:08:35,035 INFO o.a.j.t.JMeterThread: Thread finished: S2 1-656
2026-10-06 09:08:35,039 INFO o.a.j.t.JMeterThread: Stopping because end time detected by thread: S2 1-353
2026-10-06 09:08:35,039 INFO o.a.j.t.JMeterThread: Thread finished: S2 1-353
2026-10-06 09:08:35,042 INFO o.a.j.t.JMeterThread: Stopping because end time detected by thread: S2 1-50
2026-10-06 09:08:35,042 INFO o.a.j.t.JMeterThread: Thread finished: S2 1-50
2026-10-06 09:08:35,054 INFO o.a.j.t.JMeterThread: Stopping because end time detected by thread: S2 1-825
2026-10-06 09:08:35,054 INFO o.a.j.t.JMeterThread: Thread finished: S2 1-825
2026-10-06 09:08:35,061 INFO o.a.j.t.JMeterThread: Stopping because end time detected by thread: S2 1-428
2026-10-06 09:08:35,061 INFO o.a.j.t.JMeterThread: Thread finished: S2 1-428
2026-10-06 09:08:35,066 INFO o.a.j.t.JMeterThread: Stopping because end time detected by thread: S2 1-618
2026-10-06 09:08:35,066 INFO o.a.j.t.JMeterThread: Thread finished: S2 1-618
2026-10-06 09:08:35,068 INFO o.a.j.t.JMeterThread: Stopping because end time detected by thread: S2 1-541
2026-10-06 09:08:35,068 INFO o.a.j.t.JMeterThread: Thread finished: S2 1-541
2026-10-06 09:08:35,069 INFO o.a.j.t.JMeterThread: Stopping because end time detected by thread: S2 1-983
2026-10-06 09:08:35,069 INFO o.a.j.t.JMeterThread: Thread finished: S2 1-983
2026-10-06 09:08:35,086 INFO o.a.j.t.JMeterThread: Stopping because end time detected by thread: S2 1-63
2026-10-06 09:08:35,086 INFO o.a.j.t.JMeterThread: Thread finished: S2 1-63
2026-10-06 09:08:35,088 INFO o.a.j.t.JMeterThread: Stopping because end time detected by thread: S2 1-241
2026-10-06 09:08:35,088 INFO o.a.j.t.JMeterThread: Thread finished: S2 1-241
2026-10-06 09:08:35,090 INFO o.a.j.t.JMeterThread: Stopping because end time detected by thread: S2 1-104
2026-10-06 09:08:35,090 INFO o.a.j.t.JMeterThread: Thread finished: S2 1-104
2026-10-06 09:08:35,091 INFO o.a.j.t.JMeterThread: Stopping because end time detected by thread: S2 1-971
2026-10-06 09:08:35,091 INFO o.a.j.t.JMeterThread: Thread finished: S2 1-971
2026-10-06 09:08:35,103 INFO o.a.j.t.JMeterThread: Stopping because end time detected by thread: S2 1-660
2026-10-06 09:08:35,103 INFO o.a.j.t.JMeterThread: Thread finished: S2 1-660
2026-10-06 09:08:35,106 INFO o.a.j.t.JMeterThread: Stopping because end time detected by thread: S2 1-406
2026-10-06 09:08:35,106 INFO o.a.j.t.JMeterThread: Thread finished: S2 1-406
2026-10-06 09:08:35,109 INFO o.a.j.t.JMeterThread: Stopping because end time detected by thread: S2 1-829
2026-10-06 09:08:35,109 INFO o.a.j.t.JMeterThread: Thread finished: S2 1-829
2026-10-06 09:08:35,110 INFO o.a.j.t.JMeterThread: Stopping because end time detected by thread: S2 1-423
2026-10-06 09:08:35,110 INFO o.a.j.t.JMeterThread: Thread finished: S2 1-423
2026-10-06 09:08:35,118 INFO o.a.j.t.JMeterThread: Stopping because end time detected by thread: S2 1-987
2026-10-06 09:08:35,118 INFO o.a.j.t.JMeterThread: Thread finished: S2 1-987
2026-10-06 09:08:35,124 INFO o.a.j.t.JMeterThread: Stopping because end time detected by thread: S2 1-168
2026-10-06 09:08:35,124 INFO o.a.j.t.JMeterThread: Thread finished: S2 1-168
2026-10-06 09:08:35,126 INFO o.a.j.t.JMeterThread: Stopping because end time detected by thread: S2 1-962
2026-10-06 09:08:35,126 INFO o.a.j.t.JMeterThread: Thread finished: S2 1-962
2026-10-06 09:08:35,128 INFO o.a.j.t.JMeterThread: Stopping because end time detected by thread: S2 1-150
2026-10-06 09:08:35,128 INFO o.a.j.t.JMeterThread: Thread finished: S2 1-150
2026-10-06 09:08:35,130 INFO o.a.j.t.JMeterThread: Stopping because end time detected by thread: S2 1-635
2026-10-06 09:08:35,130 INFO o.a.j.t.JMeterThread: Thread finished: S2 1-635
2026-10-06 09:08:35,144 INFO o.a.j.t.JMeterThread: Stopping because end time detected by thread: S2 1-622
2026-10-06 09:08:35,144 INFO o.a.j.t.JMeterThread: Thread finished: S2 1-622
2026-10-06 09:08:35,153 INFO o.a.j.t.JMeterThread: Stopping because end time detected by thread: S2 1-833
2026-10-06 09:08:35,153 INFO o.a.j.t.JMeterThread: Thread finished: S2 1-833
2026-10-06 09:08:35,154 INFO o.a.j.t.JMeterThread: Stopping because end time detected by thread: S2 1-279
2026-10-06 09:08:35,154 INFO o.a.j.t.JMeterThread: Thread finished: S2 1-279
2026-10-06 09:08:35,156 INFO o.a.j.t.JMeterThread: Stopping because end time detected by thread: S2 1-645
2026-10-06 09:08:35,156 INFO o.a.j.t.JMeterThread: Thread finished: S2 1-645
2026-10-06 09:08:35,157 INFO o.a.j.t.JMeterThread: Stopping because end time detected by thread: S2 1-276
2026-10-06 09:08:35,157 INFO o.a.j.t.JMeterThread: Thread finished: S2 1-276
2026-10-06 09:08:35,163 INFO o.a.j.t.JMeterThread: Stopping because end time detected by thread: S2 1-627
2026-10-06 09:08:35,163 INFO o.a.j.t.JMeterThread: Thread finished: S2 1-627
2026-10-06 09:08:35,170 INFO o.a.j.t.JMeterThread: Stopping because end time detected by thread: S2 1-175
2026-10-06 09:08:35,170 INFO o.a.j.t.JMeterThread: Thread finished: S2 1-175
2026-10-06 09:08:35,175 INFO o.a.j.t.JMeterThread: Stopping because end time detected by thread: S2 1-545
2026-10-06 09:08:35,175 INFO o.a.j.t.JMeterThread: Thread finished: S2 1-545
2026-10-06 09:08:35,179 INFO o.a.j.t.JMeterThread: Stopping because end time detected by thread: S2 1-966
2026-10-06 09:08:35,179 INFO o.a.j.t.JMeterThread: Thread finished: S2 1-966
2026-10-06 09:08:35,181 INFO o.a.j.t.JMeterThread: Stopping because end time detected by thread: S2 1-664
2026-10-06 09:08:35,181 INFO o.a.j.t.JMeterThread: Thread finished: S2 1-664
2026-10-06 09:08:35,190 INFO o.a.j.t.JMeterThread: Stopping because end time detected by thread: S2 1-991
2026-10-06 09:08:35,190 INFO o.a.j.t.JMeterThread: Thread finished: S2 1-991
2026-10-06 09:08:35,196 INFO o.a.j.t.JMeterThread: Stopping because end time detected by thread: S2 1-410
2026-10-06 09:08:35,196 INFO o.a.j.t.JMeterThread: Thread finished: S2 1-410
2026-10-06 09:08:35,198 INFO o.a.j.t.JMeterThread: Stopping because end time detected by thread: S2 1-357
2026-10-06 09:08:35,198 INFO o.a.j.t.JMeterThread: Thread finished: S2 1-357
2026-10-06 09:08:35,205 INFO o.a.j.t.JMeterThread: Stopping because end time detected by thread: S2 1-639
2026-10-06 09:08:35,205 INFO o.a.j.t.JMeterThread: Thread finished: S2 1-639
2026-10-06 09:08:35,209 INFO o.a.j.t.JMeterThread: Stopping because end time detected by thread: S2 1-432
2026-10-06 09:08:35,209 INFO o.a.j.t.JMeterThread: Thread finished: S2 1-432
2026-10-06 09:08:35,212 INFO o.a.j.t.JMeterThread: Stopping because end time detected by thread: S2 1-162
2026-10-06 09:08:35,212 INFO o.a.j.t.JMeterThread: Thread finished: S2 1-162
2026-10-06 09:08:35,216 INFO o.a.j.t.JMeterThread: Stopping because end time detected by thread: S2 1-65
2026-10-06 09:08:35,216 INFO o.a.j.t.JMeterThread: Thread finished: S2 1-65
2026-10-06 09:08:35,216 INFO o.a.j.t.JMeterThread: Stopping because end time detected by thread: S2 1-837
2026-10-06 09:08:35,217 INFO o.a.j.t.JMeterThread: Thread finished: S2 1-837
2026-10-06 09:08:35,220 INFO o.a.j.t.JMeterThread: Stopping because end time detected by thread: S2 1-436
2026-10-06 09:08:35,220 INFO o.a.j.t.JMeterThread: Thread finished: S2 1-436
2026-10-06 09:08:35,220 INFO o.a.j.t.JMeterThread: Stopping because end time detected by thread: S2 1-100
2026-10-06 09:08:35,220 INFO o.a.j.t.JMeterThread: Thread finished: S2 1-100
2026-10-06 09:08:35,243 INFO o.a.j.t.JMeterThread: Stopping because end time detected by thread: S2 1-549
2026-10-06 09:08:35,243 INFO o.a.j.t.JMeterThread: Thread finished: S2 1-549
2026-10-06 09:08:35,246 INFO o.a.j.t.JMeterThread: Stopping because end time detected by thread: S2 1-970
2026-10-06 09:08:35,246 INFO o.a.j.t.JMeterThread: Thread finished: S2 1-970
2026-10-06 09:08:35,249 INFO o.a.j.t.JMeterThread: Stopping because end time detected by thread: S2 1-668
2026-10-06 09:08:35,249 INFO o.a.j.t.JMeterThread: Thread finished: S2 1-668
2026-10-06 09:08:35,252 INFO o.a.j.t.JMeterThread: Stopping because end time detected by thread: S2 1-426
2026-10-06 09:08:35,252 INFO o.a.j.t.JMeterThread: Thread finished: S2 1-426
2026-10-06 09:08:35,255 INFO o.a.j.t.JMeterThread: Stopping because end time detected by thread: S2 1-841
2026-10-06 09:08:35,255 INFO o.a.j.t.JMeterThread: Thread finished: S2 1-841
2026-10-06 09:08:35,263 INFO o.a.j.t.JMeterThread: Stopping because end time detected by thread: S2 1-995
2026-10-06 09:08:35,263 INFO o.a.j.t.JMeterThread: Thread finished: S2 1-995
2026-10-06 09:08:35,264 INFO o.a.j.t.JMeterThread: Stopping because end time detected by thread: S2 1-630
2026-10-06 09:08:35,264 INFO o.a.j.t.JMeterThread: Thread finished: S2 1-630
2026-10-06 09:08:35,276 INFO o.a.j.t.JMeterThread: Stopping because end time detected by thread: S2 1-102
2026-10-06 09:08:35,276 INFO o.a.j.t.JMeterThread: Thread finished: S2 1-102
2026-10-06 09:08:35,279 INFO o.a.j.t.JMeterThread: Stopping because end time detected by thread: S2 1-85
2026-10-06 09:08:35,279 INFO o.a.j.t.JMeterThread: Thread finished: S2 1-85
2026-10-06 09:08:35,292 INFO o.a.j.t.JMeterThread: Stopping because end time detected by thread: S2 1-245
2026-10-06 09:08:35,292 INFO o.a.j.t.JMeterThread: Thread finished: S2 1-245
2026-10-06 09:08:35,293 INFO o.a.j.t.JMeterThread: Stopping because end time detected by thread: S2 1-179
2026-10-06 09:08:35,293 INFO o.a.j.t.JMeterThread: Thread finished: S2 1-179
2026-10-06 09:08:35,294 INFO o.a.j.t.JMeterThread: Stopping because end time detected by thread: S2 1-172
2026-10-06 09:08:35,294 INFO o.a.j.t.JMeterThread: Thread finished: S2 1-172
2026-10-06 09:08:35,307 INFO o.a.j.t.JMeterThread: Stopping because end time detected by thread: S2 1-414
2026-10-06 09:08:35,307 INFO o.a.j.t.JMeterThread: Thread finished: S2 1-414
2026-10-06 09:08:35,316 INFO o.a.j.t.JMeterThread: Stopping because end time detected by thread: S2 1-553
2026-10-06 09:08:35,316 INFO o.a.j.t.JMeterThread: Thread finished: S2 1-553
2026-10-06 09:08:35,320 INFO o.a.j.t.JMeterThread: Stopping because end time detected by thread: S2 1-280
2026-10-06 09:08:35,320 INFO o.a.j.t.JMeterThread: Thread finished: S2 1-280
2026-10-06 09:08:35,320 INFO o.a.j.t.JMeterThread: Stopping because end time detected by thread: S2 1-643
2026-10-06 09:08:35,320 INFO o.a.j.t.JMeterThread: Thread finished: S2 1-643
2026-10-06 09:08:35,326 INFO o.a.j.t.JMeterThread: Stopping because end time detected by thread: S2 1-845
2026-10-06 09:08:35,326 INFO o.a.j.t.JMeterThread: Thread finished: S2 1-845
2026-10-06 09:08:35,327 INFO o.a.j.t.JMeterThread: Stopping because end time detected by thread: S2 1-672
2026-10-06 09:08:35,327 INFO o.a.j.t.JMeterThread: Thread finished: S2 1-672
2026-10-06 09:08:35,327 INFO o.a.j.t.JMeterThread: Stopping because end time detected by thread: S2 1-999
2026-10-06 09:08:35,327 INFO o.a.j.t.JMeterThread: Thread finished: S2 1-999
2026-10-06 09:08:35,332 INFO o.a.j.t.JMeterThread: Stopping because end time detected by thread: S2 1-262
2026-10-06 09:08:35,332 INFO o.a.j.t.JMeterThread: Thread finished: S2 1-262
2026-10-06 09:08:35,338 INFO o.a.j.t.JMeterThread: Stopping because end time detected by thread: S2 1-361
2026-10-06 09:08:35,338 INFO o.a.j.t.JMeterThread: Thread finished: S2 1-361
2026-10-06 09:08:35,340 INFO o.a.j.t.JMeterThread: Stopping because end time detected by thread: S2 1-974
2026-10-06 09:08:35,340 INFO o.a.j.t.JMeterThread: Thread finished: S2 1-974
2026-10-06 09:08:35,347 INFO o.a.j.t.JMeterThread: Stopping because end time detected by thread: S2 1-283
2026-10-06 09:08:35,347 INFO o.a.j.t.JMeterThread: Thread finished: S2 1-283
2026-10-06 09:08:35,349 INFO o.a.j.t.JMeterThread: Stopping because end time detected by thread: S2 1-165
2026-10-06 09:08:35,349 INFO o.a.j.t.JMeterThread: Thread finished: S2 1-165
2026-10-06 09:08:35,353 INFO o.a.j.t.JMeterThread: Stopping because end time detected by thread: S2 1-631
2026-10-06 09:08:35,353 INFO o.a.j.t.JMeterThread: Thread finished: S2 1-631
2026-10-06 09:08:35,360 INFO o.a.j.t.JMeterThread: Stopping because end time detected by thread: S2 1-634
2026-10-06 09:08:35,360 INFO o.a.j.t.JMeterThread: Thread finished: S2 1-634
2026-10-06 09:08:35,368 INFO o.a.j.t.JMeterThread: Stopping because end time detected by thread: S2 1-557
2026-10-06 09:08:35,368 INFO o.a.j.t.JMeterThread: Thread finished: S2 1-557
2026-10-06 09:08:35,370 INFO o.a.j.t.JMeterThread: Stopping because end time detected by thread: S2 1-978
2026-10-06 09:08:35,370 INFO o.a.j.t.JMeterThread: Thread finished: S2 1-978
2026-10-06 09:08:35,375 INFO o.a.j.t.JMeterThread: Stopping because end time detected by thread: S2 1-676
2026-10-06 09:08:35,375 INFO o.a.j.t.JMeterThread: Thread finished: S2 1-676
2026-10-06 09:08:35,377 INFO o.a.j.t.JMeterThread: Stopping because end time detected by thread: S2 1-647
2026-10-06 09:08:35,377 INFO o.a.j.t.JMeterThread: Thread finished: S2 1-647
2026-10-06 09:08:35,379 INFO o.a.j.t.JMeterThread: Stopping because end time detected by thread: S2 1-418
2026-10-06 09:08:35,379 INFO o.a.j.t.JMeterThread: Thread finished: S2 1-418
2026-10-06 09:08:35,387 INFO o.a.j.t.JMeterThread: Stopping because end time detected by thread: S2 1-39
2026-10-06 09:08:35,387 INFO o.a.j.t.JMeterThread: Thread finished: S2 1-39
2026-10-06 09:08:35,393 INFO o.a.j.t.JMeterThread: Stopping because end time detected by thread: S2 1-849
2026-10-06 09:08:35,393 INFO o.a.j.t.JMeterThread: Thread finished: S2 1-849
2026-10-06 09:08:35,396 INFO o.a.j.t.JMeterThread: Stopping because end time detected by thread: S2 1-166
2026-10-06 09:08:35,396 INFO o.a.j.t.JMeterThread: Thread finished: S2 1-166
2026-10-06 09:08:35,410 INFO o.a.j.t.JMeterThread: Stopping because end time detected by thread: S2 1-424
2026-10-06 09:08:35,410 INFO o.a.j.t.JMeterThread: Thread finished: S2 1-424
2026-10-06 09:08:35,412 INFO o.a.j.t.JMeterThread: Stopping because end time detected by thread: S2 1-60
2026-10-06 09:08:35,412 INFO o.a.j.t.JMeterThread: Thread finished: S2 1-60
2026-10-06 09:08:35,414 INFO o.a.j.t.JMeterThread: Stopping because end time detected by thread: S2 1-103
2026-10-06 09:08:35,414 INFO o.a.j.t.JMeterThread: Thread finished: S2 1-103
2026-10-06 09:08:35,416 INFO o.a.j.t.JMeterThread: Stopping because end time detected by thread: S2 1-365
2026-10-06 09:08:35,416 INFO o.a.j.t.JMeterThread: Thread finished: S2 1-365
2026-10-06 09:08:35,421 INFO o.a.j.t.JMeterThread: Stopping because end time detected by thread: S2 1-651
2026-10-06 09:08:35,421 INFO o.a.j.t.JMeterThread: Thread finished: S2 1-651
2026-10-06 09:08:35,426 INFO o.a.j.t.JMeterThread: Stopping because end time detected by thread: S2 1-982
2026-10-06 09:08:35,426 INFO o.a.j.t.JMeterThread: Thread finished: S2 1-982
2026-10-06 09:08:35,432 INFO o.a.j.t.JMeterThread: Stopping because end time detected by thread: S2 1-444
2026-10-06 09:08:35,432 INFO o.a.j.t.JMeterThread: Thread finished: S2 1-444
2026-10-06 09:08:35,437 INFO o.a.j.t.JMeterThread: Stopping because end time detected by thread: S2 1-22
2026-10-06 09:08:35,437 INFO o.a.j.t.JMeterThread: Thread finished: S2 1-22
2026-10-06 09:08:35,445 INFO o.a.j.t.JMeterThread: Stopping because end time detected by thread: S2 1-561
2026-10-06 09:08:35,445 INFO o.a.j.t.JMeterThread: Thread finished: S2 1-561
2026-10-06 09:08:35,451 INFO o.a.j.t.JMeterThread: Stopping because end time detected by thread: S2 1-638
2026-10-06 09:08:35,451 INFO o.a.j.t.JMeterThread: Thread finished: S2 1-638
2026-10-06 09:08:35,452 INFO o.a.j.t.JMeterThread: Stopping because end time detected by thread: S2 1-435
2026-10-06 09:08:35,452 INFO o.a.j.t.JMeterThread: Thread finished: S2 1-435
2026-10-06 09:08:35,460 INFO o.a.j.t.JMeterThread: Stopping because end time detected by thread: S2 1-422
2026-10-06 09:08:35,460 INFO o.a.j.t.JMeterThread: Thread finished: S2 1-422
2026-10-06 09:08:35,461 INFO o.a.j.t.JMeterThread: Stopping because end time detected by thread: S2 1-853
2026-10-06 09:08:35,461 INFO o.a.j.t.JMeterThread: Thread finished: S2 1-853
2026-10-06 09:08:35,465 INFO o.a.j.t.JMeterThread: Stopping because end time detected by thread: S2 1-113
2026-10-06 09:08:35,465 INFO o.a.j.t.JMeterThread: Thread finished: S2 1-113
2026-10-06 09:08:35,467 INFO o.a.j.t.JMeterThread: Stopping because end time detected by thread: S2 1-655
2026-10-06 09:08:35,467 INFO o.a.j.t.JMeterThread: Thread finished: S2 1-655
2026-10-06 09:08:35,475 INFO o.a.j.t.JMeterThread: Stopping because end time detected by thread: S2 1-284
2026-10-06 09:08:35,475 INFO o.a.j.t.JMeterThread: Thread finished: S2 1-284
2026-10-06 09:08:35,477 INFO o.a.j.t.JMeterThread: Stopping because end time detected by thread: S2 1-249
2026-10-06 09:08:35,477 INFO o.a.j.t.JMeterThread: Thread finished: S2 1-249
2026-10-06 09:08:35,484 INFO o.a.j.t.JMeterThread: Stopping because end time detected by thread: S2 1-176
2026-10-06 09:08:35,484 INFO o.a.j.t.JMeterThread: Thread finished: S2 1-176
2026-10-06 09:08:35,488 INFO o.a.j.t.JMeterThread: Stopping because end time detected by thread: S2 1-368
2026-10-06 09:08:35,488 INFO o.a.j.t.JMeterThread: Thread finished: S2 1-368
2026-10-06 09:08:35,488 INFO o.a.j.t.JMeterThread: Stopping because end time detected by thread: S2 1-986
2026-10-06 09:08:35,489 INFO o.a.j.t.JMeterThread: Thread finished: S2 1-986
2026-10-06 09:08:35,496 INFO o.a.j.t.JMeterThread: Stopping because end time detected by thread: S2 1-448
2026-10-06 09:08:35,496 INFO o.a.j.t.JMeterThread: Thread finished: S2 1-448
2026-10-06 09:08:35,499 INFO o.a.j.t.JMeterThread: Stopping because end time detected by thread: S2 1-108
2026-10-06 09:08:35,499 INFO o.a.j.t.JMeterThread: Thread finished: S2 1-108
2026-10-06 09:08:35,506 INFO o.a.j.t.JMeterThread: Stopping because end time detected by thread: S2 1-287
2026-10-06 09:08:35,506 INFO o.a.j.t.JMeterThread: Thread finished: S2 1-287
2026-10-06 09:08:35,511 INFO o.a.j.t.JMeterThread: Stopping because end time detected by thread: S2 1-642
2026-10-06 09:08:35,511 INFO o.a.j.t.JMeterThread: Thread finished: S2 1-642
2026-10-06 09:08:35,522 INFO o.a.j.t.JMeterThread: Stopping because end time detected by thread: S2 1-565
2026-10-06 09:08:35,522 INFO o.a.j.t.JMeterThread: Thread finished: S2 1-565
2026-10-06 09:08:35,525 INFO o.a.j.t.JMeterThread: Stopping because end time detected by thread: S2 1-684
2026-10-06 09:08:35,525 INFO o.a.j.t.JMeterThread: Thread finished: S2 1-684
2026-10-06 09:08:35,530 INFO o.a.j.t.JMeterThread: Stopping because end time detected by thread: S2 1-659
2026-10-06 09:08:35,530 INFO o.a.j.t.JMeterThread: Thread finished: S2 1-659
2026-10-06 09:08:35,536 INFO o.a.j.t.JMeterThread: Stopping because end time detected by thread: S2 1-170
2026-10-06 09:08:35,536 INFO o.a.j.t.JMeterThread: Thread finished: S2 1-170
2026-10-06 09:08:35,537 INFO o.a.j.t.JMeterThread: Stopping because end time detected by thread: S2 1-856
2026-10-06 09:08:35,537 INFO o.a.j.t.JMeterThread: Thread finished: S2 1-856
2026-10-06 09:08:35,538 INFO o.a.j.t.JMeterThread: Stopping because end time detected by thread: S2 1-183
2026-10-06 09:08:35,538 INFO o.a.j.t.JMeterThread: Thread finished: S2 1-183
2026-10-06 09:08:35,545 INFO o.a.j.t.JMeterThread: Stopping because end time detected by thread: S2 1-15
2026-10-06 09:08:35,545 INFO o.a.j.t.JMeterThread: Thread finished: S2 1-15
2026-10-06 09:08:35,559 INFO o.a.j.t.JMeterThread: Stopping because end time detected by thread: S2 1-990
2026-10-06 09:08:35,559 INFO o.a.j.t.JMeterThread: Thread finished: S2 1-990
2026-10-06 09:08:35,560 INFO o.a.j.t.JMeterThread: Stopping because end time detected by thread: S2 1-439
2026-10-06 09:08:35,560 INFO o.a.j.t.JMeterThread: Thread finished: S2 1-439
2026-10-06 09:08:35,563 INFO o.a.j.t.JMeterThread: Stopping because end time detected by thread: S2 1-46
2026-10-06 09:08:35,563 INFO o.a.j.t.JMeterThread: Thread finished: S2 1-46
2026-10-06 09:08:35,572 INFO o.a.j.t.JMeterThread: Stopping because end time detected by thread: S2 1-861
2026-10-06 09:08:35,572 INFO o.a.j.t.JMeterThread: Thread finished: S2 1-861
2026-10-06 09:08:35,573 INFO o.a.j.t.JMeterThread: Stopping because end time detected by thread: S2 1-663
2026-10-06 09:08:35,573 INFO o.a.j.t.JMeterThread: Thread finished: S2 1-663
2026-10-06 09:08:35,573 INFO o.a.j.t.JMeterThread: Stopping because end time detected by thread: S2 1-288
2026-10-06 09:08:35,573 INFO o.a.j.t.JMeterThread: Thread finished: S2 1-288
2026-10-06 09:08:35,580 INFO o.a.j.t.JMeterThread: Stopping because end time detected by thread: S2 1-688
2026-10-06 09:08:35,581 INFO o.a.j.t.JMeterThread: Thread finished: S2 1-688
2026-10-06 09:08:35,581 INFO o.a.j.t.JMeterThread: Stopping because end time detected by thread: S2 1-569
2026-10-06 09:08:35,581 INFO o.a.j.t.JMeterThread: Thread finished: S2 1-569
2026-10-06 09:08:35,583 INFO o.a.j.t.JMeterThread: Stopping because end time detected by thread: S2 1-266
2026-10-06 09:08:35,583 INFO o.a.j.t.JMeterThread: Thread finished: S2 1-266
2026-10-06 09:08:35,597 INFO o.a.j.t.JMeterThread: Stopping because end time detected by thread: S2 1-646
2026-10-06 09:08:35,597 INFO o.a.j.t.JMeterThread: Thread finished: S2 1-646
2026-10-06 09:08:35,600 INFO o.a.j.t.JMeterThread: Stopping because end time detected by thread: S2 1-169
2026-10-06 09:08:35,600 INFO o.a.j.t.JMeterThread: Thread finished: S2 1-169
2026-10-06 09:08:35,601 INFO o.a.j.t.JMeterThread: Stopping because end time detected by thread: S2 1-291
2026-10-06 09:08:35,601 INFO o.a.j.t.JMeterThread: Thread finished: S2 1-291
2026-10-06 09:08:35,608 INFO o.a.j.t.JMeterThread: Stopping because end time detected by thread: S2 1-452
2026-10-06 09:08:35,608 INFO o.a.j.t.JMeterThread: Thread finished: S2 1-452
2026-10-06 09:08:35,616 INFO o.a.j.t.JMeterThread: Stopping because end time detected by thread: S2 1-658
2026-10-06 09:08:35,617 INFO o.a.j.t.JMeterThread: Thread finished: S2 1-658
2026-10-06 09:08:35,619 INFO o.a.j.t.JMeterThread: Stopping because end time detected by thread: S2 1-865
2026-10-06 09:08:35,619 INFO o.a.j.t.JMeterThread: Thread finished: S2 1-865
2026-10-06 09:08:35,622 INFO o.a.j.t.JMeterThread: Stopping because end time detected by thread: S2 1-53
2026-10-06 09:08:35,622 INFO o.a.j.t.JMeterThread: Thread finished: S2 1-53
2026-10-06 09:08:35,632 INFO o.a.j.t.JMeterThread: Stopping because end time detected by thread: S2 1-994
2026-10-06 09:08:35,632 INFO o.a.j.t.JMeterThread: Thread finished: S2 1-994
2026-10-06 09:08:35,641 INFO o.a.j.t.JMeterThread: Stopping because end time detected by thread: S2 1-373
2026-10-06 09:08:35,641 INFO o.a.j.t.JMeterThread: Thread finished: S2 1-373
2026-10-06 09:08:35,641 INFO o.a.j.t.JMeterThread: Stopping because end time detected by thread: S2 1-692
2026-10-06 09:08:35,641 INFO o.a.j.t.JMeterThread: Thread finished: S2 1-692
2026-10-06 09:08:35,643 INFO o.a.j.t.JMeterThread: Stopping because end time detected by thread: S2 1-23
2026-10-06 09:08:35,643 INFO o.a.j.t.JMeterThread: Thread finished: S2 1-23
2026-10-06 09:08:35,645 INFO o.a.j.t.JMeterThread: Stopping because end time detected by thread: S2 1-427
2026-10-06 09:08:35,645 INFO o.a.j.t.JMeterThread: Thread finished: S2 1-427
2026-10-06 09:08:35,657 INFO o.a.j.t.JMeterThread: Stopping because end time detected by thread: S2 1-671
2026-10-06 09:08:35,657 INFO o.a.j.t.JMeterThread: Thread finished: S2 1-671
2026-10-06 09:08:35,666 INFO o.a.j.t.JMeterThread: Stopping because end time detected by thread: S2 1-998
2026-10-06 09:08:35,666 INFO o.a.j.t.JMeterThread: Thread finished: S2 1-998
2026-10-06 09:08:35,670 INFO o.a.j.t.JMeterThread: Stopping because end time detected by thread: S2 1-443
2026-10-06 09:08:35,670 INFO o.a.j.t.JMeterThread: Thread finished: S2 1-443
2026-10-06 09:08:35,675 INFO o.a.j.t.JMeterThread: Stopping because end time detected by thread: S2 1-573
2026-10-06 09:08:35,675 INFO o.a.j.t.JMeterThread: Thread finished: S2 1-573
2026-10-06 09:08:35,681 INFO o.a.j.t.JMeterThread: Stopping because end time detected by thread: S2 1-180
2026-10-06 09:08:35,681 INFO o.a.j.t.JMeterThread: Thread finished: S2 1-180
2026-10-06 09:08:35,701 INFO o.a.j.t.JMeterThread: Stopping because end time detected by thread: S2 1-106
2026-10-06 09:08:35,701 INFO o.a.j.t.JMeterThread: Thread finished: S2 1-106
2026-10-06 09:08:35,707 INFO o.a.j.t.JMeterThread: Stopping because end time detected by thread: S2 1-292
2026-10-06 09:08:35,707 INFO o.a.j.t.JMeterThread: Thread finished: S2 1-292
2026-10-06 09:08:35,708 INFO o.a.j.t.JMeterThread: Stopping because end time detected by thread: S2 1-4
2026-10-06 09:08:35,708 INFO o.a.j.t.JMeterThread: Thread finished: S2 1-4
2026-10-06 09:08:35,711 INFO o.a.j.t.JMeterThread: Stopping because end time detected by thread: S2 1-650
2026-10-06 09:08:35,711 INFO o.a.j.t.JMeterThread: Thread finished: S2 1-650
2026-10-06 09:08:35,715 INFO o.a.j.t.JMeterThread: Stopping because end time detected by thread: S2 1-696
2026-10-06 09:08:35,715 INFO o.a.j.t.JMeterThread: Thread finished: S2 1-696
2026-10-06 09:08:35,715 INFO o.a.j.t.JMeterThread: Stopping because end time detected by thread: S2 1-117
2026-10-06 09:08:35,715 INFO o.a.j.t.JMeterThread: Thread finished: S2 1-117
2026-10-06 09:08:35,727 INFO o.a.j.t.JMeterThread: Stopping because end time detected by thread: S2 1-675
2026-10-06 09:08:35,727 INFO o.a.j.t.JMeterThread: Thread finished: S2 1-675
2026-10-06 09:08:35,733 INFO o.a.j.t.JMeterThread: Stopping because end time detected by thread: S2 1-38
2026-10-06 09:08:35,733 INFO o.a.j.t.JMeterThread: Thread finished: S2 1-38
2026-10-06 09:08:35,738 INFO o.a.j.t.JMeterThread: Stopping because end time detected by thread: S2 1-869
2026-10-06 09:08:35,738 INFO o.a.j.t.JMeterThread: Thread finished: S2 1-869
2026-10-06 09:08:35,742 INFO o.a.j.t.JMeterThread: Stopping because end time detected by thread: S2 1-456
2026-10-06 09:08:35,742 INFO o.a.j.t.JMeterThread: Thread finished: S2 1-456
2026-10-06 09:08:35,743 INFO o.a.j.t.JMeterThread: Stopping because end time detected by thread: S2 1-447
2026-10-06 09:08:35,743 INFO o.a.j.t.JMeterThread: Thread finished: S2 1-447
2026-10-06 09:08:35,755 INFO o.a.j.t.JMeterThread: Stopping because end time detected by thread: S2 1-430
2026-10-06 09:08:35,755 INFO o.a.j.t.JMeterThread: Thread finished: S2 1-430
2026-10-06 09:08:35,759 INFO o.a.j.t.JMeterThread: Stopping because end time detected by thread: S2 1-295
2026-10-06 09:08:35,759 INFO o.a.j.t.JMeterThread: Thread finished: S2 1-295
2026-10-06 09:08:35,770 INFO o.a.j.t.JMeterThread: Stopping because end time detected by thread: S2 1-577
2026-10-06 09:08:35,770 INFO o.a.j.t.JMeterThread: Thread finished: S2 1-577
2026-10-06 09:08:35,775 INFO o.a.j.t.JMeterThread: Stopping because end time detected by thread: S2 1-107
2026-10-06 09:08:35,775 INFO o.a.j.t.JMeterThread: Thread finished: S2 1-107
2026-10-06 09:08:35,782 INFO o.a.j.t.JMeterThread: Stopping because end time detected by thread: S2 1-873
2026-10-06 09:08:35,782 INFO o.a.j.t.JMeterThread: Thread finished: S2 1-873
2026-10-06 09:08:35,788 INFO o.a.j.t.JMeterThread: Stopping because end time detected by thread: S2 1-679
2026-10-06 09:08:35,788 INFO o.a.j.t.JMeterThread: Thread finished: S2 1-679
2026-10-06 09:08:35,792 INFO o.a.j.t.JMeterThread: Stopping because end time detected by thread: S2 1-700
2026-10-06 09:08:35,792 INFO o.a.j.t.JMeterThread: Thread finished: S2 1-700
2026-10-06 09:08:35,794 INFO o.a.j.t.JMeterThread: Stopping because end time detected by thread: S2 1-654
2026-10-06 09:08:35,794 INFO o.a.j.t.JMeterThread: Thread finished: S2 1-654
2026-10-06 09:08:35,815 INFO o.a.j.t.JMeterThread: Stopping because end time detected by thread: S2 1-253
2026-10-06 09:08:35,815 INFO o.a.j.t.JMeterThread: Stopping because end time detected by thread: S2 1-270
2026-10-06 09:08:35,815 INFO o.a.j.t.JMeterThread: Thread finished: S2 1-253
2026-10-06 09:08:35,815 INFO o.a.j.t.JMeterThread: Thread finished: S2 1-270
2026-10-06 09:08:35,827 INFO o.a.j.t.JMeterThread: Stopping because end time detected by thread: S2 1-460
2026-10-06 09:08:35,827 INFO o.a.j.t.JMeterThread: Thread finished: S2 1-460
2026-10-06 09:08:35,830 INFO o.a.j.t.JMeterThread: Stopping because end time detected by thread: S2 1-187
2026-10-06 09:08:35,830 INFO o.a.j.t.JMeterThread: Thread finished: S2 1-187
2026-10-06 09:08:35,845 INFO o.a.j.t.JMeterThread: Stopping because end time detected by thread: S2 1-877
2026-10-06 09:08:35,845 INFO o.a.j.t.JMeterThread: Thread finished: S2 1-877
2026-10-06 09:08:35,849 INFO o.a.j.t.JMeterThread: Stopping because end time detected by thread: S2 1-667
2026-10-06 09:08:35,849 INFO o.a.j.t.JMeterThread: Thread finished: S2 1-667
2026-10-06 09:08:35,853 INFO o.a.j.t.JMeterThread: Stopping because end time detected by thread: S2 1-451
2026-10-06 09:08:35,853 INFO o.a.j.t.JMeterThread: Thread finished: S2 1-451
2026-10-06 09:08:35,858 INFO o.a.j.t.JMeterThread: Stopping because end time detected by thread: S2 1-704
2026-10-06 09:08:35,858 INFO o.a.j.t.JMeterThread: Thread finished: S2 1-704
2026-10-06 09:08:35,867 INFO o.a.j.t.JMeterThread: Stopping because end time detected by thread: S2 1-581
2026-10-06 09:08:35,867 INFO o.a.j.t.JMeterThread: Thread finished: S2 1-581
2026-10-06 09:08:35,869 INFO o.a.j.t.JMeterThread: Stopping because end time detected by thread: S2 1-184
2026-10-06 09:08:35,869 INFO o.a.j.t.JMeterThread: Thread finished: S2 1-184
2026-10-06 09:08:35,873 INFO o.a.j.t.JMeterThread: Stopping because end time detected by thread: S2 1-111
2026-10-06 09:08:35,873 INFO o.a.j.t.JMeterThread: Thread finished: S2 1-111
2026-10-06 09:08:35,874 INFO o.a.j.t.JMeterThread: Stopping because end time detected by thread: S2 1-174
2026-10-06 09:08:35,874 INFO o.a.j.t.JMeterThread: Thread finished: S2 1-174
2026-10-06 09:08:35,883 INFO o.a.j.t.JMeterThread: Stopping because end time detected by thread: S2 1-296
2026-10-06 09:08:35,884 INFO o.a.j.t.JMeterThread: Thread finished: S2 1-296
2026-10-06 09:08:35,892 INFO o.a.j.t.JMeterThread: Stopping because end time detected by thread: S2 1-683
2026-10-06 09:08:35,892 INFO o.a.j.t.JMeterThread: Thread finished: S2 1-683
2026-10-06 09:08:35,903 INFO o.a.j.t.JMeterThread: Stopping because end time detected by thread: S2 1-377
2026-10-06 09:08:35,903 INFO o.a.j.t.JMeterThread: Thread finished: S2 1-377
2026-10-06 09:08:35,905 INFO o.a.j.t.JMeterThread: Stopping because end time detected by thread: S2 1-434
2026-10-06 09:08:35,905 INFO o.a.j.t.JMeterThread: Thread finished: S2 1-434
2026-10-06 09:08:35,906 INFO o.a.j.t.JMeterThread: Stopping because end time detected by thread: S2 1-708
2026-10-06 09:08:35,906 INFO o.a.j.t.JMeterThread: Thread finished: S2 1-708
2026-10-06 09:08:35,913 INFO o.a.j.t.JMeterThread: Stopping because end time detected by thread: S2 1-25
2026-10-06 09:08:35,913 INFO o.a.j.t.JMeterThread: Thread finished: S2 1-25
2026-10-06 09:08:35,916 INFO o.a.j.t.JMeterThread: Stopping because end time detected by thread: S2 1-173
2026-10-06 09:08:35,916 INFO o.a.j.t.JMeterThread: Thread finished: S2 1-173
2026-10-06 09:08:35,918 INFO o.a.j.t.JMeterThread: Stopping because end time detected by thread: S2 1-662
2026-10-06 09:08:35,918 INFO o.a.j.t.JMeterThread: Thread finished: S2 1-662
2026-10-06 09:08:35,931 INFO o.a.j.t.JMeterThread: Stopping because end time detected by thread: S2 1-464
2026-10-06 09:08:35,931 INFO o.a.j.t.JMeterThread: Thread finished: S2 1-464
2026-10-06 09:08:35,933 INFO o.a.j.t.JMeterThread: Stopping because end time detected by thread: S2 1-784
2026-10-06 09:08:35,933 INFO o.a.j.t.JMeterThread: Thread finished: S2 1-784
2026-10-06 09:08:35,936 INFO o.a.j.t.JMeterThread: Stopping because end time detected by thread: S2 1-687
2026-10-06 09:08:35,936 INFO o.a.j.t.JMeterThread: Thread finished: S2 1-687
2026-10-06 09:08:35,942 INFO o.a.j.t.JMeterThread: Stopping because end time detected by thread: S2 1-455
2026-10-06 09:08:35,943 INFO o.a.j.t.JMeterThread: Thread finished: S2 1-455
2026-10-06 09:08:35,944 INFO o.a.j.t.JMeterThread: Stopping because end time detected by thread: S2 1-274
2026-10-06 09:08:35,944 INFO o.a.j.t.JMeterThread: Stopping because end time detected by thread: S2 1-881
2026-10-06 09:08:35,945 INFO o.a.j.t.JMeterThread: Thread finished: S2 1-274
2026-10-06 09:08:35,945 INFO o.a.j.t.JMeterThread: Thread finished: S2 1-881
2026-10-06 09:08:35,957 INFO o.a.j.t.JMeterThread: Stopping because end time detected by thread: S2 1-19
2026-10-06 09:08:35,957 INFO o.a.j.t.JMeterThread: Thread finished: S2 1-19
2026-10-06 09:08:35,959 INFO o.a.j.t.JMeterThread: Stopping because end time detected by thread: S2 1-712
2026-10-06 09:08:35,959 INFO o.a.j.t.JMeterThread: Thread finished: S2 1-712
2026-10-06 09:08:35,966 INFO o.a.j.t.JMeterThread: Stopping because end time detected by thread: S2 1-299
2026-10-06 09:08:35,966 INFO o.a.j.t.JMeterThread: Thread finished: S2 1-299
2026-10-06 09:08:35,971 INFO o.a.j.t.JMeterThread: Stopping because end time detected by thread: S2 1-110
2026-10-06 09:08:35,971 INFO o.a.j.t.JMeterThread: Thread finished: S2 1-110
2026-10-06 09:08:35,972 INFO o.a.j.t.JMeterThread: Stopping because end time detected by thread: S2 1-66
2026-10-06 09:08:35,972 INFO o.a.j.t.JMeterThread: Thread finished: S2 1-66
2026-10-06 09:08:35,973 INFO o.a.j.t.JMeterThread: Stopping because end time detected by thread: S2 1-885
2026-10-06 09:08:35,973 INFO o.a.j.t.JMeterThread: Thread finished: S2 1-885
2026-10-06 09:08:35,978 INFO o.a.j.t.JMeterThread: Stopping because end time detected by thread: S2 1-477
2026-10-06 09:08:35,978 INFO o.a.j.t.JMeterThread: Thread finished: S2 1-477
2026-10-06 09:08:35,979 INFO o.a.j.t.JMeterThread: Stopping because end time detected by thread: S2 1-308
2026-10-06 09:08:35,979 INFO o.a.j.t.JMeterThread: Thread finished: S2 1-308
2026-10-06 09:08:35,989 INFO o.a.j.t.JMeterThread: Stopping because end time detected by thread: S2 1-666
2026-10-06 09:08:35,989 INFO o.a.j.t.JMeterThread: Thread finished: S2 1-666
2026-10-06 09:08:35,990 INFO o.a.j.t.JMeterThread: Stopping because end time detected by thread: S2 1-68
2026-10-06 09:08:35,990 INFO o.a.j.t.JMeterThread: Thread finished: S2 1-68
2026-10-06 09:08:35,995 INFO o.a.j.t.JMeterThread: Stopping because end time detected by thread: S2 1-191
2026-10-06 09:08:35,995 INFO o.a.j.t.JMeterThread: Thread finished: S2 1-191
2026-10-06 09:08:35,995 INFO o.a.j.t.JMeterThread: Stopping because end time detected by thread: S2 1-438
2026-10-06 09:08:35,995 INFO o.a.j.t.JMeterThread: Thread finished: S2 1-438
2026-10-06 09:08:35,997 INFO o.a.j.t.JMeterThread: Stopping because end time detected by thread: S2 1-589
2026-10-06 09:08:35,997 INFO o.a.j.t.JMeterThread: Thread finished: S2 1-589
2026-10-06 09:08:36,004 INFO o.a.j.t.JMeterThread: Stopping because end time detected by thread: S2 1-716
2026-10-06 09:08:36,004 INFO o.a.j.t.JMeterThread: Thread finished: S2 1-716
2026-10-06 09:08:36,006 INFO o.a.j.t.JMeterThread: Stopping because end time detected by thread: S2 1-670
2026-10-06 09:08:36,006 INFO o.a.j.t.JMeterThread: Thread finished: S2 1-670
2026-10-06 09:08:36,015 INFO o.a.j.t.JMeterThread: Stopping because end time detected by thread: S2 1-18
2026-10-06 09:08:36,015 INFO o.a.j.t.JMeterThread: Thread finished: S2 1-18
2026-10-06 09:08:36,017 INFO o.a.j.t.JMeterThread: Stopping because end time detected by thread: S2 1-381
2026-10-06 09:08:36,017 INFO o.a.j.t.JMeterThread: Thread finished: S2 1-381
2026-10-06 09:08:36,031 INFO o.a.j.t.JMeterThread: Stopping because end time detected by thread: S2 1-178
2026-10-06 09:08:36,031 INFO o.a.j.t.JMeterThread: Thread finished: S2 1-178
2026-10-06 09:08:36,031 INFO o.a.j.t.JMeterThread: Stopping because end time detected by thread: S2 1-300
2026-10-06 09:08:36,031 INFO o.a.j.t.JMeterThread: Thread finished: S2 1-300
2026-10-06 09:08:36,033 INFO o.a.j.t.JMeterThread: Stopping because end time detected by thread: S2 1-695
2026-10-06 09:08:36,033 INFO o.a.j.t.JMeterThread: Thread finished: S2 1-695
2026-10-06 09:08:36,040 INFO o.a.j.t.JMeterThread: Stopping because end time detected by thread: S2 1-257
2026-10-06 09:08:36,041 INFO o.a.j.t.JMeterThread: Thread finished: S2 1-257
2026-10-06 09:08:36,044 INFO o.a.j.t.JMeterThread: Stopping because end time detected by thread: S2 1-720
2026-10-06 09:08:36,044 INFO o.a.j.t.JMeterThread: Thread finished: S2 1-720
2026-10-06 09:08:36,052 INFO o.a.j.t.JMeterThread: Stopping because end time detected by thread: S2 1-889
2026-10-06 09:08:36,053 INFO o.a.j.t.JMeterThread: Thread finished: S2 1-889
2026-10-06 09:08:36,058 INFO o.a.j.t.JMeterThread: Stopping because end time detected by thread: S2 1-489
2026-10-06 09:08:36,058 INFO o.a.j.t.JMeterThread: Thread finished: S2 1-489
2026-10-06 09:08:36,065 INFO o.a.j.t.JMeterThread: Stopping because end time detected by thread: S2 1-459
2026-10-06 09:08:36,065 INFO o.a.j.t.JMeterThread: Thread finished: S2 1-459
2026-10-06 09:08:36,067 INFO o.a.j.t.JMeterThread: Stopping because end time detected by thread: S2 1-593
2026-10-06 09:08:36,067 INFO o.a.j.t.JMeterThread: Thread finished: S2 1-593
2026-10-06 09:08:36,067 INFO o.a.j.t.JMeterThread: Stopping because end time detected by thread: S2 1-278
2026-10-06 09:08:36,068 INFO o.a.j.t.JMeterThread: Thread finished: S2 1-278
2026-10-06 09:08:36,073 INFO o.a.j.t.JMeterThread: Stopping because end time detected by thread: S2 1-472
2026-10-06 09:08:36,073 INFO o.a.j.t.JMeterThread: Thread finished: S2 1-472
2026-10-06 09:08:36,096 INFO o.a.j.t.JMeterThread: Stopping because end time detected by thread: S2 1-893
2026-10-06 09:08:36,096 INFO o.a.j.t.JMeterThread: Thread finished: S2 1-893
2026-10-06 09:08:36,102 INFO o.a.j.t.JMeterThread: Stopping because end time detected by thread: S2 1-442
2026-10-06 09:08:36,102 INFO o.a.j.t.JMeterThread: Thread finished: S2 1-442
2026-10-06 09:08:36,104 INFO o.a.j.t.JMeterThread: Stopping because end time detected by thread: S2 1-188
2026-10-06 09:08:36,104 INFO o.a.j.t.JMeterThread: Thread finished: S2 1-188
2026-10-06 09:08:36,106 INFO o.a.j.t.JMeterThread: Stopping because end time detected by thread: S2 1-301
2026-10-06 09:08:36,106 INFO o.a.j.t.JMeterThread: Thread finished: S2 1-301
2026-10-06 09:08:36,114 INFO o.a.j.t.JMeterThread: Stopping because end time detected by thread: S2 1-67
2026-10-06 09:08:36,114 INFO o.a.j.t.JMeterThread: Thread finished: S2 1-67
2026-10-06 09:08:36,116 INFO o.a.j.t.JMeterThread: Stopping because end time detected by thread: S2 1-385
2026-10-06 09:08:36,116 INFO o.a.j.t.JMeterThread: Thread finished: S2 1-385
2026-10-06 09:08:36,119 INFO o.a.j.t.JMeterThread: Stopping because end time detected by thread: S2 1-724
2026-10-06 09:08:36,119 INFO o.a.j.t.JMeterThread: Thread finished: S2 1-724
2026-10-06 09:08:36,125 INFO o.a.j.t.JMeterThread: Stopping because end time detected by thread: S2 1-699
2026-10-06 09:08:36,125 INFO o.a.j.t.JMeterThread: Thread finished: S2 1-699
2026-10-06 09:08:36,128 INFO o.a.j.t.JMeterThread: Stopping because end time detected by thread: S2 1-441
2026-10-06 09:08:36,128 INFO o.a.j.t.JMeterThread: Thread finished: S2 1-441
2026-10-06 09:08:36,139 INFO o.a.j.t.JMeterThread: Stopping because end time detected by thread: S2 1-678
2026-10-06 09:08:36,139 INFO o.a.j.t.JMeterThread: Thread finished: S2 1-678
2026-10-06 09:08:36,140 INFO o.a.j.t.JMeterThread: Stopping because end time detected by thread: S2 1-597
2026-10-06 09:08:36,141 INFO o.a.j.t.JMeterThread: Thread finished: S2 1-597
2026-10-06 09:08:36,148 INFO o.a.j.t.JMeterThread: Stopping because end time detected by thread: S2 1-304
2026-10-06 09:08:36,148 INFO o.a.j.t.JMeterThread: Thread finished: S2 1-304
2026-10-06 09:08:36,152 INFO o.a.j.t.JMeterThread: Stopping because end time detected by thread: S2 1-115
2026-10-06 09:08:36,152 INFO o.a.j.t.JMeterThread: Thread finished: S2 1-115
2026-10-06 09:08:36,160 INFO o.a.j.t.JMeterThread: Stopping because end time detected by thread: S2 1-29
2026-10-06 09:08:36,160 INFO o.a.j.t.JMeterThread: Thread finished: S2 1-29
2026-10-06 09:08:36,165 INFO o.a.j.t.JMeterThread: Stopping because end time detected by thread: S2 1-463
2026-10-06 09:08:36,165 INFO o.a.j.t.JMeterThread: Thread finished: S2 1-463
2026-10-06 09:08:36,169 INFO o.a.j.t.JMeterThread: Stopping because end time detected by thread: S2 1-897
2026-10-06 09:08:36,169 INFO o.a.j.t.JMeterThread: Thread finished: S2 1-897
2026-10-06 09:08:36,175 INFO o.a.j.t.JMeterThread: Stopping because end time detected by thread: S2 1-703
2026-10-06 09:08:36,175 INFO o.a.j.t.JMeterThread: Thread finished: S2 1-703
2026-10-06 09:08:36,175 INFO o.a.j.t.JMeterThread: Stopping because end time detected by thread: S2 1-112
2026-10-06 09:08:36,175 INFO o.a.j.t.JMeterThread: Thread finished: S2 1-112
2026-10-06 09:08:36,188 INFO o.a.j.t.JMeterThread: Stopping because end time detected by thread: S2 1-177
2026-10-06 09:08:36,188 INFO o.a.j.t.JMeterThread: Thread finished: S2 1-177
2026-10-06 09:08:36,189 INFO o.a.j.t.JMeterThread: Stopping because end time detected by thread: S2 1-682
2026-10-06 09:08:36,189 INFO o.a.j.t.JMeterThread: Thread finished: S2 1-682
2026-10-06 09:08:36,191 INFO o.a.j.t.JMeterThread: Stopping because end time detected by thread: S2 1-728
2026-10-06 09:08:36,192 INFO o.a.j.t.JMeterThread: Thread finished: S2 1-728
2026-10-06 09:08:36,193 INFO o.a.j.t.JMeterThread: Stopping because end time detected by thread: S2 1-307
2026-10-06 09:08:36,193 INFO o.a.j.t.JMeterThread: Thread finished: S2 1-307
2026-10-06 09:08:36,198 INFO o.a.j.t.JMeterThread: Stopping because end time detected by thread: S2 1-476
2026-10-06 09:08:36,198 INFO o.a.j.t.JMeterThread: Thread finished: S2 1-476
2026-10-06 09:08:36,204 INFO o.a.j.t.JMeterThread: Stopping because end time detected by thread: S2 1-389
2026-10-06 09:08:36,204 INFO o.a.j.t.JMeterThread: Thread finished: S2 1-389
2026-10-06 09:08:36,205 INFO o.a.j.t.JMeterThread: Stopping because end time detected by thread: S2 1-182
2026-10-06 09:08:36,205 INFO o.a.j.t.JMeterThread: Thread finished: S2 1-182
2026-10-06 09:08:36,206 INFO o.a.j.t.JMeterThread: Stopping because end time detected by thread: S2 1-192
2026-10-06 09:08:36,206 INFO o.a.j.t.JMeterThread: Thread finished: S2 1-192
2026-10-06 09:08:36,213 INFO o.a.j.t.JMeterThread: Stopping because end time detected by thread: S2 1-732
2026-10-06 09:08:36,213 INFO o.a.j.t.JMeterThread: Thread finished: S2 1-732
2026-10-06 09:08:36,213 INFO o.a.j.t.JMeterThread: Stopping because end time detected by thread: S2 1-195
2026-10-06 09:08:36,213 INFO o.a.j.t.JMeterThread: Thread finished: S2 1-195
2026-10-06 09:08:36,219 INFO o.a.j.t.JMeterThread: Stopping because end time detected by thread: S2 1-901
2026-10-06 09:08:36,219 INFO o.a.j.t.JMeterThread: Thread finished: S2 1-901
2026-10-06 09:08:36,223 INFO o.a.j.t.JMeterThread: Stopping because end time detected by thread: S2 1-480
2026-10-06 09:08:36,223 INFO o.a.j.t.JMeterThread: Thread finished: S2 1-480
2026-10-06 09:08:36,225 INFO o.a.j.t.JMeterThread: Stopping because end time detected by thread: S2 1-450
2026-10-06 09:08:36,225 INFO o.a.j.t.JMeterThread: Thread finished: S2 1-450
2026-10-06 09:08:36,229 INFO o.a.j.t.JMeterThread: Stopping because end time detected by thread: S2 1-707
2026-10-06 09:08:36,229 INFO o.a.j.t.JMeterThread: Thread finished: S2 1-707
2026-10-06 09:08:36,242 INFO o.a.j.t.JMeterThread: Stopping because end time detected by thread: S2 1-114
2026-10-06 09:08:36,242 INFO o.a.j.t.JMeterThread: Thread finished: S2 1-114
2026-10-06 09:08:36,246 INFO o.a.j.t.JMeterThread: Stopping because end time detected by thread: S2 1-601
2026-10-06 09:08:36,246 INFO o.a.j.t.JMeterThread: Thread finished: S2 1-601
2026-10-06 09:08:36,252 INFO o.a.j.t.JMeterThread: Stopping because end time detected by thread: S2 1-467
2026-10-06 09:08:36,252 INFO o.a.j.t.JMeterThread: Thread finished: S2 1-467
2026-10-06 09:08:36,257 INFO o.a.j.t.JMeterThread: Stopping because end time detected by thread: S2 1-686
2026-10-06 09:08:36,258 INFO o.a.j.t.JMeterThread: Thread finished: S2 1-686
2026-10-06 09:08:36,268 INFO o.a.j.t.JMeterThread: Stopping because end time detected by thread: S2 1-736
2026-10-06 09:08:36,268 INFO o.a.j.t.JMeterThread: Thread finished: S2 1-736
2026-10-06 09:08:36,276 INFO o.a.j.t.JMeterThread: Stopping because end time detected by thread: S2 1-121
2026-10-06 09:08:36,276 INFO o.a.j.t.JMeterThread: Thread finished: S2 1-121
2026-10-06 09:08:36,281 INFO o.a.j.t.JMeterThread: Stopping because end time detected by thread: S2 1-711
2026-10-06 09:08:36,281 INFO o.a.j.t.JMeterThread: Thread finished: S2 1-711
2026-10-06 09:08:36,284 INFO o.a.j.t.JMeterThread: Stopping because end time detected by thread: S2 1-698
2026-10-06 09:08:36,284 INFO o.a.j.t.JMeterThread: Thread finished: S2 1-698
2026-10-06 09:08:36,289 INFO o.a.j.t.JMeterThread: Stopping because end time detected by thread: S2 1-905
2026-10-06 09:08:36,289 INFO o.a.j.t.JMeterThread: Thread finished: S2 1-905
2026-10-06 09:08:36,297 INFO o.a.j.t.JMeterThread: Stopping because end time detected by thread: S2 1-69
2026-10-06 09:08:36,297 INFO o.a.j.t.JMeterThread: Thread finished: S2 1-69
2026-10-06 09:08:36,307 INFO o.a.j.t.JMeterThread: Stopping because end time detected by thread: S2 1-27
2026-10-06 09:08:36,307 INFO o.a.j.t.JMeterThread: Thread finished: S2 1-27
2026-10-06 09:08:36,310 INFO o.a.j.t.JMeterThread: Stopping because end time detected by thread: S2 1-282
2026-10-06 09:08:36,310 INFO o.a.j.t.JMeterThread: Thread finished: S2 1-282
2026-10-06 09:08:36,313 INFO o.a.j.t.JMeterThread: Stopping because end time detected by thread: S2 1-210
2026-10-06 09:08:36,313 INFO o.a.j.t.JMeterThread: Thread finished: S2 1-210
2026-10-06 09:08:36,321 INFO o.a.j.t.JMeterThread: Stopping because end time detected by thread: S2 1-690
2026-10-06 09:08:36,321 INFO o.a.j.t.JMeterThread: Thread finished: S2 1-690
2026-10-06 09:08:36,325 INFO o.a.j.t.JMeterThread: Stopping because end time detected by thread: S2 1-740
2026-10-06 09:08:36,325 INFO o.a.j.t.JMeterThread: Thread finished: S2 1-740
2026-10-06 09:08:36,328 INFO o.a.j.t.JMeterThread: Stopping because end time detected by thread: S2 1-64
2026-10-06 09:08:36,328 INFO o.a.j.t.JMeterThread: Thread finished: S2 1-64
2026-10-06 09:08:36,333 INFO o.a.j.t.JMeterThread: Stopping because end time detected by thread: S2 1-261
2026-10-06 09:08:36,333 INFO o.a.j.t.JMeterThread: Thread finished: S2 1-261
2026-10-06 09:08:36,352 INFO o.a.j.t.JMeterThread: Stopping because end time detected by thread: S2 1-40
2026-10-06 09:08:36,352 INFO o.a.j.t.JMeterThread: Thread finished: S2 1-40
2026-10-06 09:08:36,352 INFO o.a.j.t.JMeterThread: Stopping because end time detected by thread: S2 1-484
2026-10-06 09:08:36,352 INFO o.a.j.t.JMeterThread: Thread finished: S2 1-484
2026-10-06 09:08:36,355 INFO o.a.j.t.JMeterThread: Stopping because end time detected by thread: S2 1-715
2026-10-06 09:08:36,355 INFO o.a.j.t.JMeterThread: Thread finished: S2 1-715
2026-10-06 09:08:36,359 INFO o.a.j.t.JMeterThread: Stopping because end time detected by thread: S2 1-909
2026-10-06 09:08:36,359 INFO o.a.j.t.JMeterThread: Thread finished: S2 1-909
2026-10-06 09:08:36,376 INFO o.a.j.t.JMeterThread: Stopping because end time detected by thread: S2 1-454
2026-10-06 09:08:36,376 INFO o.a.j.t.JMeterThread: Thread finished: S2 1-454
2026-10-06 09:08:36,381 INFO o.a.j.t.JMeterThread: Stopping because end time detected by thread: S2 1-41
2026-10-06 09:08:36,381 INFO o.a.j.t.JMeterThread: Thread finished: S2 1-41
2026-10-06 09:08:36,384 INFO o.a.j.t.JMeterThread: Stopping because end time detected by thread: S2 1-471
2026-10-06 09:08:36,384 INFO o.a.j.t.JMeterThread: Thread finished: S2 1-471
2026-10-06 09:08:36,385 INFO o.a.j.t.JMeterThread: Stopping because end time detected by thread: S2 1-393
2026-10-06 09:08:36,385 INFO o.a.j.t.JMeterThread: Thread finished: S2 1-393
2026-10-06 09:08:36,392 INFO o.a.j.t.JMeterThread: Stopping because end time detected by thread: S2 1-312
2026-10-06 09:08:36,392 INFO o.a.j.t.JMeterThread: Thread finished: S2 1-312
2026-10-06 09:08:36,394 INFO o.a.j.t.JMeterThread: Stopping because end time detected by thread: S2 1-199
2026-10-06 09:08:36,394 INFO o.a.j.t.JMeterThread: Thread finished: S2 1-199
2026-10-06 09:08:36,398 INFO o.a.j.t.JMeterThread: Stopping because end time detected by thread: S2 1-694
2026-10-06 09:08:36,398 INFO o.a.j.t.JMeterThread: Thread finished: S2 1-694
2026-10-06 09:08:36,408 INFO o.a.j.t.JMeterThread: Stopping because end time detected by thread: S2 1-719
2026-10-06 09:08:36,408 INFO o.a.j.t.JMeterThread: Thread finished: S2 1-719
2026-10-06 09:08:36,410 INFO o.a.j.t.JMeterThread: Stopping because end time detected by thread: S2 1-744
2026-10-06 09:08:36,410 INFO o.a.j.t.JMeterThread: Thread finished: S2 1-744
2026-10-06 09:08:36,411 INFO o.a.j.t.JMeterThread: Stopping because end time detected by thread: S2 1-609
2026-10-06 09:08:36,411 INFO o.a.j.t.JMeterThread: Thread finished: S2 1-609
2026-10-06 09:08:36,419 INFO o.a.j.t.JMeterThread: Stopping because end time detected by thread: S2 1-286
2026-10-06 09:08:36,419 INFO o.a.j.t.JMeterThread: Thread finished: S2 1-286
2026-10-06 09:08:36,424 INFO o.a.j.t.JMeterThread: Stopping because end time detected by thread: S2 1-475
2026-10-06 09:08:36,424 INFO o.a.j.t.JMeterThread: Thread finished: S2 1-475
2026-10-06 09:08:36,428 INFO o.a.j.t.JMeterThread: Stopping because end time detected by thread: S2 1-913
2026-10-06 09:08:36,428 INFO o.a.j.t.JMeterThread: Thread finished: S2 1-913
2026-10-06 09:08:36,439 INFO o.a.j.t.JMeterThread: Stopping because end time detected by thread: S2 1-674
2026-10-06 09:08:36,439 INFO o.a.j.t.JMeterThread: Thread finished: S2 1-674
2026-10-06 09:08:36,439 INFO o.a.j.t.JMeterThread: Stopping because end time detected by thread: S2 1-458
2026-10-06 09:08:36,439 INFO o.a.j.t.JMeterThread: Thread finished: S2 1-458
2026-10-06 09:08:36,450 INFO o.a.j.t.JMeterThread: Stopping because end time detected by thread: S2 1-723
2026-10-06 09:08:36,450 INFO o.a.j.t.JMeterThread: Thread finished: S2 1-723
2026-10-06 09:08:36,451 INFO o.a.j.t.JMeterThread: Stopping because end time detected by thread: S2 1-181
2026-10-06 09:08:36,451 INFO o.a.j.t.JMeterThread: Thread finished: S2 1-181
2026-10-06 09:08:36,460 INFO o.a.j.t.JMeterThread: Stopping because end time detected by thread: S2 1-748
2026-10-06 09:08:36,460 INFO o.a.j.t.JMeterThread: Thread finished: S2 1-748
2026-10-06 09:08:36,467 INFO o.a.j.t.JMeterThread: Stopping because end time detected by thread: S2 1-315
2026-10-06 09:08:36,467 INFO o.a.j.t.JMeterThread: Thread finished: S2 1-315
2026-10-06 09:08:36,486 INFO o.a.j.t.JMeterThread: Stopping because end time detected by thread: S2 1-311
2026-10-06 09:08:36,486 INFO o.a.j.t.JMeterThread: Thread finished: S2 1-311
2026-10-06 09:08:36,486 INFO o.a.j.t.JMeterThread: Stopping because end time detected by thread: S2 1-196
2026-10-06 09:08:36,487 INFO o.a.j.t.JMeterThread: Thread finished: S2 1-196
2026-10-06 09:08:36,487 INFO o.a.j.t.JMeterThread: Stopping because end time detected by thread: S2 1-917
2026-10-06 09:08:36,488 INFO o.a.j.t.JMeterThread: Thread finished: S2 1-917
2026-10-06 09:08:36,494 INFO o.a.j.t.JMeterThread: Stopping because end time detected by thread: S2 1-613
2026-10-06 09:08:36,494 INFO o.a.j.t.JMeterThread: Thread finished: S2 1-613
2026-10-06 09:08:36,495 INFO o.a.j.t.JMeterThread: Stopping because end time detected by thread: S2 1-186
2026-10-06 09:08:36,495 INFO o.a.j.t.JMeterThread: Thread finished: S2 1-186
2026-10-06 09:08:36,503 INFO o.a.j.t.JMeterThread: Stopping because end time detected by thread: S2 1-727
2026-10-06 09:08:36,503 INFO o.a.j.t.JMeterThread: Thread finished: S2 1-727
2026-10-06 09:08:36,505 INFO o.a.j.t.JMeterThread: Stopping because end time detected by thread: S2 1-702
2026-10-06 09:08:36,505 INFO o.a.j.t.JMeterThread: Thread finished: S2 1-702
2026-10-06 09:08:36,510 INFO o.a.j.t.JMeterThread: Stopping because end time detected by thread: S2 1-752
2026-10-06 09:08:36,510 INFO o.a.j.t.JMeterThread: Thread finished: S2 1-752
2026-10-06 09:08:36,519 INFO o.a.j.t.JMeterThread: Stopping because end time detected by thread: S2 1-13
2026-10-06 09:08:36,519 INFO o.a.j.t.JMeterThread: Thread finished: S2 1-13
2026-10-06 09:08:36,530 INFO o.a.j.t.JMeterThread: Stopping because end time detected by thread: S2 1-200
2026-10-06 09:08:36,530 INFO o.a.j.t.JMeterThread: Thread finished: S2 1-200
2026-10-06 09:08:36,530 INFO o.a.j.t.JMeterThread: Stopping because end time detected by thread: S2 1-397
2026-10-06 09:08:36,530 INFO o.a.j.t.JMeterThread: Thread finished: S2 1-397
2026-10-06 09:08:36,535 INFO o.a.j.t.JMeterThread: Stopping because end time detected by thread: S2 1-797
2026-10-06 09:08:36,535 INFO o.a.j.t.JMeterThread: Thread finished: S2 1-797
2026-10-06 09:08:36,537 INFO o.a.j.t.JMeterThread: Stopping because end time detected by thread: S2 1-479
2026-10-06 09:08:36,537 INFO o.a.j.t.JMeterThread: Thread finished: S2 1-479
2026-10-06 09:08:36,540 INFO o.a.j.t.JMeterThread: Stopping because end time detected by thread: S2 1-921
2026-10-06 09:08:36,540 INFO o.a.j.t.JMeterThread: Thread finished: S2 1-921
2026-10-06 09:08:36,550 INFO o.a.j.t.JMeterThread: Stopping because end time detected by thread: S2 1-492
2026-10-06 09:08:36,550 INFO o.a.j.t.JMeterThread: Thread finished: S2 1-492
2026-10-06 09:08:36,560 INFO o.a.j.t.JMeterThread: Stopping because end time detected by thread: S2 1-731
2026-10-06 09:08:36,560 INFO o.a.j.t.JMeterThread: Thread finished: S2 1-731
2026-10-06 09:08:36,563 INFO o.a.j.t.JMeterThread: Stopping because end time detected by thread: S2 1-617
2026-10-06 09:08:36,563 INFO o.a.j.t.JMeterThread: Thread finished: S2 1-617
2026-10-06 09:08:36,566 INFO o.a.j.t.JMeterThread: Stopping because end time detected by thread: S2 1-116
2026-10-06 09:08:36,566 INFO o.a.j.t.JMeterThread: Thread finished: S2 1-116
2026-10-06 09:08:36,568 INFO o.a.j.t.JMeterThread: Stopping because end time detected by thread: S2 1-290
2026-10-06 09:08:36,568 INFO o.a.j.t.JMeterThread: Thread finished: S2 1-290
2026-10-06 09:08:36,577 INFO o.a.j.t.JMeterThread: Stopping because end time detected by thread: S2 1-504
2026-10-06 09:08:36,577 INFO o.a.j.t.JMeterThread: Thread finished: S2 1-504
2026-10-06 09:08:36,586 INFO o.a.j.t.JMeterThread: Stopping because end time detected by thread: S2 1-735
2026-10-06 09:08:36,586 INFO o.a.j.t.JMeterThread: Thread finished: S2 1-735
2026-10-06 09:08:36,589 INFO o.a.j.t.JMeterThread: Stopping because end time detected by thread: S2 1-706
2026-10-06 09:08:36,589 INFO o.a.j.t.JMeterThread: Thread finished: S2 1-706
2026-10-06 09:08:36,593 INFO o.a.j.t.JMeterThread: Stopping because end time detected by thread: S2 1-876
2026-10-06 09:08:36,593 INFO o.a.j.t.JMeterThread: Thread finished: S2 1-876
2026-10-06 09:08:36,593 INFO o.a.j.t.JMeterThread: Stopping because end time detected by thread: S2 1-756
2026-10-06 09:08:36,593 INFO o.a.j.t.JMeterThread: Thread finished: S2 1-756
2026-10-06 09:08:36,605 INFO o.a.j.t.JMeterThread: Stopping because end time detected by thread: S2 1-462
2026-10-06 09:08:36,605 INFO o.a.j.t.JMeterThread: Thread finished: S2 1-462
2026-10-06 09:08:36,605 INFO o.a.j.t.JMeterThread: Stopping because end time detected by thread: S2 1-691
2026-10-06 09:08:36,605 INFO o.a.j.t.JMeterThread: Thread finished: S2 1-691
2026-10-06 09:08:36,611 INFO o.a.j.t.JMeterThread: Stopping because end time detected by thread: S2 1-204
2026-10-06 09:08:36,612 INFO o.a.j.t.JMeterThread: Thread finished: S2 1-204
2026-10-06 09:08:36,619 INFO o.a.j.t.JMeterThread: Stopping because end time detected by thread: S2 1-316
2026-10-06 09:08:36,620 INFO o.a.j.t.JMeterThread: Thread finished: S2 1-316
2026-10-06 09:08:36,622 INFO o.a.j.t.JMeterThread: Stopping because end time detected by thread: S2 1-925
2026-10-06 09:08:36,622 INFO o.a.j.t.JMeterThread: Thread finished: S2 1-925
2026-10-06 09:08:36,626 INFO o.a.j.t.JMeterThread: Stopping because end time detected by thread: S2 1-710
2026-10-06 09:08:36,626 INFO o.a.j.t.JMeterThread: Thread finished: S2 1-710
2026-10-06 09:08:36,627 INFO o.a.j.t.JMeterThread: Stopping because end time detected by thread: S2 1-739
2026-10-06 09:08:36,627 INFO o.a.j.t.JMeterThread: Thread finished: S2 1-739
2026-10-06 09:08:36,643 INFO o.a.j.t.JMeterThread: Stopping because end time detected by thread: S2 1-190
2026-10-06 09:08:36,643 INFO o.a.j.t.JMeterThread: Thread finished: S2 1-190
2026-10-06 09:08:36,645 INFO o.a.j.t.JMeterThread: Stopping because end time detected by thread: S2 1-496
2026-10-06 09:08:36,645 INFO o.a.j.t.JMeterThread: Thread finished: S2 1-496
2026-10-06 09:08:36,648 INFO o.a.j.t.JMeterThread: Stopping because end time detected by thread: S2 1-483
2026-10-06 09:08:36,648 INFO o.a.j.t.JMeterThread: Thread finished: S2 1-483
2026-10-06 09:08:36,651 INFO o.a.j.t.JMeterThread: Stopping because end time detected by thread: S2 1-466
2026-10-06 09:08:36,651 INFO o.a.j.t.JMeterThread: Thread finished: S2 1-466
2026-10-06 09:08:36,652 INFO o.a.j.t.JMeterThread: Stopping because end time detected by thread: S2 1-621
2026-10-06 09:08:36,652 INFO o.a.j.t.JMeterThread: Thread finished: S2 1-621
2026-10-06 09:08:36,661 INFO o.a.j.t.JMeterThread: Stopping because end time detected by thread: S2 1-31
2026-10-06 09:08:36,661 INFO o.a.j.t.JMeterThread: Thread finished: S2 1-31
2026-10-06 09:08:36,662 INFO o.a.j.t.JMeterThread: Stopping because end time detected by thread: S2 1-760
2026-10-06 09:08:36,662 INFO o.a.j.t.JMeterThread: Thread finished: S2 1-760
2026-10-06 09:08:36,671 INFO o.a.j.t.JMeterThread: Stopping because end time detected by thread: S2 1-73
2026-10-06 09:08:36,672 INFO o.a.j.t.JMeterThread: Thread finished: S2 1-73
2026-10-06 09:08:36,678 INFO o.a.j.t.JMeterThread: Stopping because end time detected by thread: S2 1-714
2026-10-06 09:08:36,678 INFO o.a.j.t.JMeterThread: Thread finished: S2 1-714
2026-10-06 09:08:36,678 INFO o.a.j.t.JMeterThread: Stopping because end time detected by thread: S2 1-265
2026-10-06 09:08:36,678 INFO o.a.j.t.JMeterThread: Thread finished: S2 1-265
2026-10-06 09:08:36,678 INFO o.a.j.t.JMeterThread: Stopping because end time detected by thread: S2 1-70
2026-10-06 09:08:36,679 INFO o.a.j.t.JMeterThread: Thread finished: S2 1-70
2026-10-06 09:08:36,686 INFO o.a.j.t.JMeterThread: Stopping because end time detected by thread: S2 1-470
2026-10-06 09:08:36,686 INFO o.a.j.t.JMeterThread: Thread finished: S2 1-470
2026-10-06 09:08:36,692 INFO o.a.j.t.JMeterThread: Stopping because end time detected by thread: S2 1-743
2026-10-06 09:08:36,692 INFO o.a.j.t.JMeterThread: Thread finished: S2 1-743
2026-10-06 09:08:36,707 INFO o.a.j.t.JMeterThread: Stopping because end time detected by thread: S2 1-487
2026-10-06 09:08:36,707 INFO o.a.j.t.JMeterThread: Stopping because end time detected by thread: S2 1-764
2026-10-06 09:08:36,707 INFO o.a.j.t.JMeterThread: Thread finished: S2 1-487
2026-10-06 09:08:36,707 INFO o.a.j.t.JMeterThread: Thread finished: S2 1-764
2026-10-06 09:08:36,714 INFO o.a.j.t.JMeterThread: Stopping because end time detected by thread: S2 1-929
2026-10-06 09:08:36,714 INFO o.a.j.t.JMeterThread: Thread finished: S2 1-929
2026-10-06 09:08:36,716 INFO o.a.j.t.JMeterThread: Stopping because end time detected by thread: S2 1-329
2026-10-06 09:08:36,716 INFO o.a.j.t.JMeterThread: Thread finished: S2 1-329
2026-10-06 09:08:36,726 INFO o.a.j.t.JMeterThread: Stopping because end time detected by thread: S2 1-306
2026-10-06 09:08:36,726 INFO o.a.j.t.JMeterThread: Thread finished: S2 1-306
2026-10-06 09:08:36,726 INFO o.a.j.t.JMeterThread: Stopping because end time detected by thread: S2 1-185
2026-10-06 09:08:36,726 INFO o.a.j.t.JMeterThread: Thread finished: S2 1-185
2026-10-06 09:08:36,733 INFO o.a.j.t.JMeterThread: Stopping because end time detected by thread: S2 1-320
2026-10-06 09:08:36,733 INFO o.a.j.t.JMeterThread: Thread finished: S2 1-320
2026-10-06 09:08:36,740 INFO o.a.j.t.JMeterThread: Stopping because end time detected by thread: S2 1-500
2026-10-06 09:08:36,740 INFO o.a.j.t.JMeterThread: Thread finished: S2 1-500
2026-10-06 09:08:36,740 INFO o.a.j.t.JMeterThread: Stopping because end time detected by thread: S2 1-401
2026-10-06 09:08:36,740 INFO o.a.j.t.JMeterThread: Thread finished: S2 1-401
2026-10-06 09:08:36,745 INFO o.a.j.t.JMeterThread: Stopping because end time detected by thread: S2 1-294
2026-10-06 09:08:36,745 INFO o.a.j.t.JMeterThread: Thread finished: S2 1-294
2026-10-06 09:08:36,748 INFO o.a.j.t.JMeterThread: Stopping because end time detected by thread: S2 1-747
2026-10-06 09:08:36,748 INFO o.a.j.t.JMeterThread: Thread finished: S2 1-747
2026-10-06 09:08:36,756 INFO o.a.j.t.JMeterThread: Stopping because end time detected by thread: S2 1-625
2026-10-06 09:08:36,756 INFO o.a.j.t.JMeterThread: Thread finished: S2 1-625
2026-10-06 09:08:36,760 INFO o.a.j.t.JMeterThread: Stopping because end time detected by thread: S2 1-768
2026-10-06 09:08:36,760 INFO o.a.j.t.JMeterThread: Thread finished: S2 1-768
2026-10-06 09:08:36,763 INFO o.a.j.t.JMeterThread: Stopping because end time detected by thread: S2 1-120
2026-10-06 09:08:36,763 INFO o.a.j.t.JMeterThread: Thread finished: S2 1-120
2026-10-06 09:08:36,771 INFO o.a.j.t.JMeterThread: Stopping because end time detected by thread: S2 1-933
2026-10-06 09:08:36,771 INFO o.a.j.t.JMeterThread: Thread finished: S2 1-933
2026-10-06 09:08:36,771 INFO o.a.j.t.JMeterThread: Stopping because end time detected by thread: S2 1-491
2026-10-06 09:08:36,772 INFO o.a.j.t.JMeterThread: Thread finished: S2 1-491
2026-10-06 09:08:36,786 INFO o.a.j.t.JMeterThread: Stopping because end time detected by thread: S2 1-118
2026-10-06 09:08:36,786 INFO o.a.j.t.JMeterThread: Thread finished: S2 1-118
2026-10-06 09:08:36,789 INFO o.a.j.t.JMeterThread: Stopping because end time detected by thread: S2 1-318
2026-10-06 09:08:36,789 INFO o.a.j.t.JMeterThread: Thread finished: S2 1-318
2026-10-06 09:08:36,799 INFO o.a.j.t.JMeterThread: Stopping because end time detected by thread: S2 1-722
2026-10-06 09:08:36,799 INFO o.a.j.t.JMeterThread: Thread finished: S2 1-722
2026-10-06 09:08:36,802 INFO o.a.j.t.JMeterThread: Stopping because end time detected by thread: S2 1-203
2026-10-06 09:08:36,802 INFO o.a.j.t.JMeterThread: Thread finished: S2 1-203
2026-10-06 09:08:36,806 INFO o.a.j.t.JMeterThread: Stopping because end time detected by thread: S2 1-310
2026-10-06 09:08:36,806 INFO o.a.j.t.JMeterThread: Thread finished: S2 1-310
2026-10-06 09:08:36,809 INFO o.a.j.t.JMeterThread: Stopping because end time detected by thread: S2 1-772
2026-10-06 09:08:36,809 INFO o.a.j.t.JMeterThread: Thread finished: S2 1-772
2026-10-06 09:08:36,813 INFO o.a.j.t.JMeterThread: Stopping because end time detected by thread: S2 1-474
2026-10-06 09:08:36,813 INFO o.a.j.t.JMeterThread: Thread finished: S2 1-474
2026-10-06 09:08:36,818 INFO o.a.j.t.JMeterThread: Stopping because end time detected by thread: S2 1-405
2026-10-06 09:08:36,818 INFO o.a.j.t.JMeterThread: Thread finished: S2 1-405
2026-10-06 09:08:36,820 INFO o.a.j.t.JMeterThread: Stopping because end time detected by thread: S2 1-119
2026-10-06 09:08:36,820 INFO o.a.j.t.JMeterThread: Thread finished: S2 1-119
2026-10-06 09:08:36,822 INFO o.a.j.t.JMeterThread: Stopping because end time detected by thread: S2 1-751
2026-10-06 09:08:36,822 INFO o.a.j.t.JMeterThread: Thread finished: S2 1-751
2026-10-06 09:08:36,824 INFO o.a.j.t.JMeterThread: Stopping because end time detected by thread: S2 1-298
2026-10-06 09:08:36,824 INFO o.a.j.t.JMeterThread: Thread finished: S2 1-298
2026-10-06 09:08:36,837 INFO o.a.j.t.JMeterThread: Stopping because end time detected by thread: S2 1-937
2026-10-06 09:08:36,837 INFO o.a.j.t.JMeterThread: Thread finished: S2 1-937
2026-10-06 09:08:36,840 INFO o.a.j.t.JMeterThread: Stopping because end time detected by thread: S2 1-726
2026-10-06 09:08:36,840 INFO o.a.j.t.JMeterThread: Thread finished: S2 1-726
2026-10-06 09:08:36,850 INFO o.a.j.t.JMeterThread: Stopping because end time detected by thread: S2 1-42
2026-10-06 09:08:36,850 INFO o.a.j.t.JMeterThread: Thread finished: S2 1-42
2026-10-06 09:08:36,852 INFO o.a.j.t.JMeterThread: Stopping because end time detected by thread: S2 1-207
2026-10-06 09:08:36,853 INFO o.a.j.t.JMeterThread: Thread finished: S2 1-207
2026-10-06 09:08:36,855 INFO o.a.j.t.JMeterThread: Stopping because end time detected by thread: S2 1-324
2026-10-06 09:08:36,855 INFO o.a.j.t.JMeterThread: Thread finished: S2 1-324
2026-10-06 09:08:36,865 INFO o.a.j.t.JMeterThread: Stopping because end time detected by thread: S2 1-629
2026-10-06 09:08:36,865 INFO o.a.j.t.JMeterThread: Thread finished: S2 1-629
2026-10-06 09:08:36,876 INFO o.a.j.t.JMeterThread: Stopping because end time detected by thread: S2 1-17
2026-10-06 09:08:36,876 INFO o.a.j.t.JMeterThread: Thread finished: S2 1-17
2026-10-06 09:08:36,876 INFO o.a.j.t.JMeterThread: Stopping because end time detected by thread: S2 1-776
2026-10-06 09:08:36,876 INFO o.a.j.t.JMeterThread: Thread finished: S2 1-776
2026-10-06 09:08:36,882 INFO o.a.j.t.JMeterThread: Stopping because end time detected by thread: S2 1-269
2026-10-06 09:08:36,882 INFO o.a.j.t.JMeterThread: Thread finished: S2 1-269
2026-10-06 09:08:36,883 INFO o.a.j.t.JMeterThread: Stopping because end time detected by thread: S2 1-755
2026-10-06 09:08:36,883 INFO o.a.j.t.JMeterThread: Thread finished: S2 1-755
2026-10-06 09:08:36,889 INFO o.a.j.t.JMeterThread: Stopping because end time detected by thread: S2 1-730
2026-10-06 09:08:36,889 INFO o.a.j.t.JMeterThread: Thread finished: S2 1-730
2026-10-06 09:08:36,899 INFO o.a.j.t.JMeterThread: Stopping because end time detected by thread: S2 1-508
2026-10-06 09:08:36,899 INFO o.a.j.t.JMeterThread: Thread finished: S2 1-508
2026-10-06 09:08:36,906 INFO o.a.j.t.JMeterThread: Stopping because end time detected by thread: S2 1-409
2026-10-06 09:08:36,906 INFO o.a.j.t.JMeterThread: Thread finished: S2 1-409
2026-10-06 09:08:36,907 INFO o.a.j.t.JMeterThread: Stopping because end time detected by thread: S2 1-495
2026-10-06 09:08:36,907 INFO o.a.j.t.JMeterThread: Thread finished: S2 1-495
2026-10-06 09:08:36,914 INFO o.a.j.t.JMeterThread: Stopping because end time detected by thread: S2 1-478
2026-10-06 09:08:36,914 INFO o.a.j.t.JMeterThread: Thread finished: S2 1-478
2026-10-06 09:08:36,914 INFO o.a.j.t.JMeterThread: Stopping because end time detected by thread: S2 1-780
2026-10-06 09:08:36,914 INFO o.a.j.t.JMeterThread: Thread finished: S2 1-780
2026-10-06 09:08:36,922 INFO o.a.j.t.JMeterThread: Stopping because end time detected by thread: S2 1-759
2026-10-06 09:08:36,922 INFO o.a.j.t.JMeterThread: Thread finished: S2 1-759
2026-10-06 09:08:36,928 INFO o.a.j.t.JMeterThread: Stopping because end time detected by thread: S2 1-941
2026-10-06 09:08:36,928 INFO o.a.j.t.JMeterThread: Thread finished: S2 1-941
2026-10-06 09:08:36,929 INFO o.a.j.t.JMeterThread: Stopping because end time detected by thread: S2 1-734
2026-10-06 09:08:36,929 INFO o.a.j.t.JMeterThread: Thread finished: S2 1-734
2026-10-06 09:08:36,935 INFO o.a.j.t.JMeterThread: Stopping because end time detected by thread: S2 1-323
2026-10-06 09:08:36,935 INFO o.a.j.t.JMeterThread: Thread finished: S2 1-323
2026-10-06 09:08:36,938 INFO o.a.j.t.JMeterThread: Stopping because end time detected by thread: S2 1-633
2026-10-06 09:08:36,938 INFO o.a.j.t.JMeterThread: Thread finished: S2 1-633
2026-10-06 09:08:36,941 INFO o.a.j.t.JMeterThread: Stopping because end time detected by thread: S2 1-71
2026-10-06 09:08:36,941 INFO o.a.j.t.JMeterThread: Thread finished: S2 1-71
2026-10-06 09:08:36,949 INFO o.a.j.t.JMeterThread: Stopping because end time detected by thread: S2 1-194
2026-10-06 09:08:36,949 INFO o.a.j.t.JMeterThread: Thread finished: S2 1-194
2026-10-06 09:08:36,961 INFO o.a.j.t.JMeterThread: Stopping because end time detected by thread: S2 1-945
2026-10-06 09:08:36,961 INFO o.a.j.t.JMeterThread: Thread finished: S2 1-945
2026-10-06 09:08:36,963 INFO o.a.j.t.JMeterThread: Stopping because end time detected by thread: S2 1-211
2026-10-06 09:08:36,963 INFO o.a.j.t.JMeterThread: Thread finished: S2 1-211
2026-10-06 09:08:36,966 INFO o.a.j.t.JMeterThread: Stopping because end time detected by thread: S2 1-328
2026-10-06 09:08:36,967 INFO o.a.j.t.JMeterThread: Thread finished: S2 1-328
2026-10-06 09:08:36,970 INFO o.a.j.t.JMeterThread: Stopping because end time detected by thread: S2 1-738
2026-10-06 09:08:36,970 INFO o.a.j.t.JMeterThread: Thread finished: S2 1-738
2026-10-06 09:08:36,972 INFO o.a.j.t.JMeterThread: Stopping because end time detected by thread: S2 1-499
2026-10-06 09:08:36,972 INFO o.a.j.t.JMeterThread: Thread finished: S2 1-499
2026-10-06 09:08:36,973 INFO o.a.j.t.JMeterThread: Stopping because end time detected by thread: S2 1-949
2026-10-06 09:08:36,973 INFO o.a.j.t.JMeterThread: Thread finished: S2 1-949
2026-10-06 09:08:36,979 INFO o.a.j.t.JMeterThread: Stopping because end time detected by thread: S2 1-413
2026-10-06 09:08:36,979 INFO o.a.j.t.JMeterThread: Thread finished: S2 1-413
2026-10-06 09:08:36,982 INFO o.a.j.t.JMeterThread: Stopping because end time detected by thread: S2 1-763
2026-10-06 09:08:36,982 INFO o.a.j.t.JMeterThread: Thread finished: S2 1-763
2026-10-06 09:08:36,985 INFO o.a.j.t.JMeterThread: Stopping because end time detected by thread: S2 1-482
2026-10-06 09:08:36,985 INFO o.a.j.t.JMeterThread: Thread finished: S2 1-482
2026-10-06 09:08:36,989 INFO o.a.j.t.JMeterThread: Stopping because end time detected by thread: S2 1-953
2026-10-06 09:08:36,989 INFO o.a.j.t.JMeterThread: Stopping because end time detected by thread: S2 1-327
2026-10-06 09:08:36,989 INFO o.a.j.t.JMeterThread: Thread finished: S2 1-953
2026-10-06 09:08:36,989 INFO o.a.j.t.JMeterThread: Thread finished: S2 1-327
2026-10-06 09:08:36,995 INFO o.a.j.t.JMeterThread: Stopping because end time detected by thread: S2 1-208
2026-10-06 09:08:36,995 INFO o.a.j.t.JMeterThread: Thread finished: S2 1-208
2026-10-06 09:08:36,999 INFO o.a.j.t.JMeterThread: Stopping because end time detected by thread: S2 1-742
2026-10-06 09:08:36,999 INFO o.a.j.t.JMeterThread: Thread finished: S2 1-742
2026-10-06 09:08:37,019 INFO o.a.j.t.JMeterThread: Stopping because end time detected by thread: S2 1-302
2026-10-06 09:08:37,019 INFO o.a.j.t.JMeterThread: Thread finished: S2 1-302
2026-10-06 09:08:37,019 INFO o.a.j.t.JMeterThread: Stopping because end time detected by thread: S2 1-585
2026-10-06 09:08:37,019 INFO o.a.j.t.JMeterThread: Thread finished: S2 1-585
2026-10-06 09:08:37,020 INFO o.a.j.t.JMeterThread: Stopping because end time detected by thread: S2 1-314
2026-10-06 09:08:37,020 INFO o.a.j.t.JMeterThread: Thread finished: S2 1-314
2026-10-06 09:08:37,024 INFO o.a.j.t.JMeterThread: Stopping because end time detected by thread: S2 1-819
2026-10-06 09:08:37,024 INFO o.a.j.t.JMeterThread: Thread finished: S2 1-819
2026-10-06 09:08:37,031 INFO o.a.j.t.JMeterThread: Stopping because end time detected by thread: S2 1-957
2026-10-06 09:08:37,031 INFO o.a.j.t.JMeterThread: Thread finished: S2 1-957
2026-10-06 09:08:37,035 INFO o.a.j.t.JMeterThread: Stopping because end time detected by thread: S2 1-767
2026-10-06 09:08:37,035 INFO o.a.j.t.JMeterThread: Thread finished: S2 1-767
2026-10-06 09:08:37,038 INFO o.a.j.t.JMeterThread: Stopping because end time detected by thread: S2 1-512
2026-10-06 09:08:37,038 INFO o.a.j.t.JMeterThread: Thread finished: S2 1-512
2026-10-06 09:08:37,050 INFO o.a.j.t.JMeterThread: Stopping because end time detected by thread: S2 1-746
2026-10-06 09:08:37,051 INFO o.a.j.t.JMeterThread: Thread finished: S2 1-746
2026-10-06 09:08:37,054 INFO o.a.j.t.JMeterThread: Stopping because end time detected by thread: S2 1-7
2026-10-06 09:08:37,054 INFO o.a.j.t.JMeterThread: Thread finished: S2 1-7
2026-10-06 09:08:37,056 INFO o.a.j.t.JMeterThread: Stopping because end time detected by thread: S2 1-961
2026-10-06 09:08:37,056 INFO o.a.j.t.JMeterThread: Thread finished: S2 1-961
2026-10-06 09:08:37,058 INFO o.a.j.t.JMeterThread: Stopping because end time detected by thread: S2 1-486
2026-10-06 09:08:37,058 INFO o.a.j.t.JMeterThread: Thread finished: S2 1-486
2026-10-06 09:08:37,059 INFO o.a.j.t.JMeterThread: Stopping because end time detected by thread: S2 1-503
2026-10-06 09:08:37,059 INFO o.a.j.t.JMeterThread: Thread finished: S2 1-503
2026-10-06 09:08:37,063 INFO o.a.j.t.JMeterThread: Stopping because end time detected by thread: S2 1-965
2026-10-06 09:08:37,063 INFO o.a.j.t.JMeterThread: Thread finished: S2 1-965
2026-10-06 09:08:37,078 INFO o.a.j.t.JMeterThread: Stopping because end time detected by thread: S2 1-771
2026-10-06 09:08:37,078 INFO o.a.j.t.JMeterThread: Thread finished: S2 1-771
2026-10-06 09:08:37,079 INFO o.a.j.t.JMeterThread: Stopping because end time detected by thread: S2 1-750
2026-10-06 09:08:37,079 INFO o.a.j.t.JMeterThread: Thread finished: S2 1-750
2026-10-06 09:08:37,083 INFO o.a.j.t.JMeterThread: Stopping because end time detected by thread: S2 1-968
2026-10-06 09:08:37,083 INFO o.a.j.t.JMeterThread: Thread finished: S2 1-968
2026-10-06 09:08:37,083 INFO o.a.j.t.JMeterThread: Stopping because end time detected by thread: S2 1-788
2026-10-06 09:08:37,083 INFO o.a.j.t.JMeterThread: Thread finished: S2 1-788
2026-10-06 09:08:37,094 INFO o.a.j.t.JMeterThread: Stopping because end time detected by thread: S2 1-322
2026-10-06 09:08:37,094 INFO o.a.j.t.JMeterThread: Thread finished: S2 1-322
2026-10-06 09:08:37,095 INFO o.a.j.t.JMeterThread: Stopping because end time detected by thread: S2 1-754
2026-10-06 09:08:37,095 INFO o.a.j.t.JMeterThread: Thread finished: S2 1-754
2026-10-06 09:08:37,097 INFO o.a.j.t.JMeterThread: Stopping because end time detected by thread: S2 1-498
2026-10-06 09:08:37,097 INFO o.a.j.t.JMeterThread: Thread finished: S2 1-498
2026-10-06 09:08:37,104 INFO o.a.j.t.JMeterThread: Stopping because end time detected by thread: S2 1-758
2026-10-06 09:08:37,104 INFO o.a.j.t.JMeterThread: Thread finished: S2 1-758
2026-10-06 09:08:37,105 INFO o.a.j.t.JMeterThread: Stopping because end time detected by thread: S2 1-516
2026-10-06 09:08:37,105 INFO o.a.j.t.JMeterThread: Thread finished: S2 1-516
2026-10-06 09:08:37,111 INFO o.a.j.t.JMeterThread: Stopping because end time detected by thread: S2 1-792
2026-10-06 09:08:37,111 INFO o.a.j.t.JMeterThread: Thread finished: S2 1-792
2026-10-06 09:08:37,125 INFO o.a.j.t.JMeterThread: Stopping because end time detected by thread: S2 1-782
2026-10-06 09:08:37,125 INFO o.a.j.t.JMeterThread: Thread finished: S2 1-782
2026-10-06 09:08:37,139 INFO o.a.j.t.JMeterThread: Stopping because end time detected by thread: S2 1-212
2026-10-06 09:08:37,139 INFO o.a.j.t.JMeterThread: Thread finished: S2 1-212
2026-10-06 09:08:37,140 INFO o.a.j.t.JMeterThread: Stopping because end time detected by thread: S2 1-783
2026-10-06 09:08:37,140 INFO o.a.j.t.JMeterThread: Thread finished: S2 1-783
2026-10-06 09:08:37,161 INFO o.a.j.t.JMeterThread: Stopping because end time detected by thread: S2 1-520
2026-10-06 09:08:37,161 INFO o.a.j.t.JMeterThread: Thread finished: S2 1-520
2026-10-06 09:08:37,168 INFO o.a.j.t.JMeterThread: Stopping because end time detected by thread: S2 1-796
2026-10-06 09:08:37,168 INFO o.a.j.t.JMeterThread: Thread finished: S2 1-796
2026-10-06 09:08:37,191 INFO o.a.j.t.JMeterThread: Stopping because end time detected by thread: S2 1-524
2026-10-06 09:08:37,191 INFO o.a.j.t.JMeterThread: Thread finished: S2 1-524
2026-10-06 09:08:37,208 INFO o.a.j.t.JMeterThread: Stopping because end time detected by thread: S2 1-800
2026-10-06 09:08:37,208 INFO o.a.j.t.JMeterThread: Thread finished: S2 1-800
2026-10-06 09:08:37,235 INFO o.a.j.t.JMeterThread: Stopping because end time detected by thread: S2 1-804
2026-10-06 09:08:37,235 INFO o.a.j.t.JMeterThread: Thread finished: S2 1-804
2026-10-06 09:08:37,249 INFO o.a.j.t.JMeterThread: Stopping because end time detected by thread: S2 1-527
2026-10-06 09:08:37,249 INFO o.a.j.t.JMeterThread: Thread finished: S2 1-527
2026-10-06 09:08:37,263 INFO o.a.j.t.JMeterThread: Stopping because end time detected by thread: S2 1-808
2026-10-06 09:08:37,263 INFO o.a.j.t.JMeterThread: Thread finished: S2 1-808
2026-10-06 09:08:37,291 INFO o.a.j.t.JMeterThread: Stopping because end time detected by thread: S2 1-532
2026-10-06 09:08:37,291 INFO o.a.j.t.JMeterThread: Thread finished: S2 1-532
2026-10-06 09:08:37,303 INFO o.a.j.t.JMeterThread: Stopping because end time detected by thread: S2 1-812
2026-10-06 09:08:37,303 INFO o.a.j.t.JMeterThread: Thread finished: S2 1-812
2026-10-06 09:08:37,318 INFO o.a.j.t.JMeterThread: Stopping because end time detected by thread: S2 1-816
2026-10-06 09:08:37,319 INFO o.a.j.t.JMeterThread: Thread finished: S2 1-816
2026-10-06 09:08:37,340 INFO o.a.j.t.JMeterThread: Stopping because end time detected by thread: S2 1-820
2026-10-06 09:08:37,340 INFO o.a.j.t.JMeterThread: Thread finished: S2 1-820
2026-10-06 09:08:37,340 INFO o.a.j.e.StandardJMeterEngine: Notifying test listeners of end of test
2026-10-06 09:08:37,341 INFO o.a.j.s.FileServer: Close: /tests/data/available_menu_items.csv
2026-10-06 09:08:37,343 INFO o.a.j.r.Summariser: summary +   1732 in 00:00:07 =  235.9/s Avg:  5025 Min:  4619 Max:  5436 Err:     0 (0.00%) Active: 0 Started: 1000 Finished: 1000
2026-10-06 09:08:37,343 INFO o.a.j.r.Summariser: summary =  13279 in 00:01:05 =  205.1/s Avg:  4608 Min:    12 Max:  5732 Err:     0 (0.00%)
